,Androgen,EGFR,Estrogen,Hypoxia,JAK-STAT,MAPK,NFkB,PI3K,TGFb,TNFa,Trail,VEGF,WNT,p53
S_1907_004567_C-TAL,0.0010686726015798342,0.018622439993826845,0.05431755616331935,0.0011869896613678765,0.44238341961118866,8.137379658990085e-10,0.016076939572847726,0.0,0.17894991793093462,0.02727282437714451,0.03660389330838498,0.30005587154470326,0.4276450571373598,3.552713678800501e-15
S_1907_004614_C-TAL,0.0013474975860101601,0.10945791234492419,0.6808861027932984,0.005346755611684406,0.5516350256780869,5.279190862239602e-08,0.038634499064440275,4.778399897986674e-13,0.9191637108056219,0.08577223648264143,0.09621967246918084,0.33752986041769883,0.3250298268490941,1.5543122344752192e-15
S_1907_004802_C-TAL,0.0058982039667021535,0.6197029368109357,0.44894837075114014,0.00729425497543712,0.5680165473651695,5.585230056226465e-10,0.012853990845508312,1.5920598173124745e-13,0.24711854375821174,0.03661634411321746,0.17377498218831788,0.3489688406356146,0.4978429713396255,2.220446049250313e-16
S_1907_004896_C-TAL,7.515551459258418e-05,0.2635387034238763,0.01701307147369735,6.132798270552797e-06,0.6955118759945931,3.938993575758332e-09,0.007033197728517404,1.0880185641326534e-13,0.13842030302098385,0.003809525018879656,0.004141759595566619,0.35846279290737604,0.22248087645730918,5.24469356832924e-13
S_1907_005225_C-TAL,3.701408340139878e-05,0.00040662601190954994,0.01642032906911628,2.246048014242774e-08,0.538413902604995,9.018016338124824e-07,0.015424373231323063,1.2212453270876722e-14,0.008877255127825112,0.019988460628344917,0.0019281931441756939,0.3095750216407833,0.31398959018238726,0.0
S_2006_004078_C-TAL,0.00748264259096354,0.05743647131295382,0.44468490352225887,0.0020504367200508966,0.6989274855913465,2.0231943009818565e-08,0.11982682214550633,0.0,0.5279490901784185,0.2819884405821895,0.17491569005537144,0.23511923616552743,0.2895893752420944,0.0
S_2007_002809_C-TAL,0.00047348186842732787,0.2141285349740143,0.4895091569060772,0.0003685808879836383,0.6095577754440609,1.1298982149909875e-07,0.08358273362891588,1.1948642075765292e-10,0.9129098636758539,0.03032615820371709,0.07084287576404136,0.554621211167668,0.19772853486211428,2.220446049250313e-16
S_2007_002950_C-TAL,9.363469100298616e-06,0.009255530812710688,0.6797149265421782,9.65212189891762e-05,0.8412858590323378,0.0002986109029812223,0.1032592804748369,7.347011887759436e-12,0.8041926932078103,0.13752188042141933,0.01847714983480686,0.9688569550049058,0.20731785602029507,8.881784197001252e-16
S_2007_002997_C-TAL,0.00012098608444865988,0.001867606946026834,0.16176885264489593,6.459219617260814e-05,0.8359285303145065,6.167299737569465e-07,0.04058591311378157,1.3988810110276972e-13,0.032541272444025715,0.09245878961465381,0.009053256594792503,0.5199577690007775,0.5352532966144987,0.0
S_2007_003044_C-TAL,0.00023802746561307764,0.008221813547082402,0.7270279026705047,0.002398652085486175,0.9019088602777496,2.0778717413350023e-08,0.09130818570735633,3.585465258026943e-11,0.633419300049705,0.24476831431488466,0.009813282587433747,0.5563643455254632,0.319268348570269,0.0
S_2007_003091_C-TAL,0.020369132890334818,0.5092036909831572,0.20153599834789393,3.138911222744234e-05,0.33193695941793777,1.2565726237312447e-11,0.03475389029163933,1.9984014443252818e-15,0.13221156691180047,0.06773101017312166,0.3436165750162543,0.5555889560378029,0.48833743292139453,0.0
S_2007_003138_C-TAL,0.002295204300992726,0.13512200072499958,0.36489364479980324,0.002225441906281711,0.780393404381085,1.6438983507782723e-10,0.07236515422737444,0.0,0.5688399933461139,0.12919949675940123,0.11590522928695579,0.2845954734558045,0.3616774118061521,5.551115123125783e-15
S_2007_003793_C-TAL,0.00011738764029023407,0.0767551596513969,0.792487421535351,0.00046321477815380874,0.47696460964113907,5.885684450923634e-08,0.031372774128294756,1.7985612998927536e-14,0.6561901934015826,0.07661668434883961,0.03925802194197381,0.6667357271181629,0.12976906935790522,6.661338147750939e-16
S_2007_003840_C-TAL,0.008912056833217719,0.08562572061616258,0.4630540222798325,0.0019616263178154902,0.8213831536950962,1.1276722444719667e-08,0.07447230099804214,6.439293542825908e-15,0.8269024969335301,0.1965148775054617,0.055906888972621305,0.4000262697799801,0.18394348285527862,2.220446049250313e-16
S_2007_003934_C-TAL,0.0006872227350238624,0.06010539807222992,0.42390922871890546,0.00028031166395048324,0.9621961753710293,1.4430765027384496e-08,0.04663191523854637,5.595524044110789e-14,0.054084980217507406,0.08832085413886026,0.10918744561174787,0.3384945374546551,0.21164456375030105,1.1102230246251565e-15
S_2007_004028_C-TAL,0.00031224866041612565,0.08495908273841657,0.32649616515523006,0.0018193344796433308,0.5473790082465833,0.00020335900421986075,0.03202424985986396,1.9975132659055816e-12,0.8748164982467863,0.02601928369454276,0.030671870385713396,0.5150548854834673,0.5136663182466958,6.217248937900877e-15
S_2007_004216_C-TAL,0.008912056833217719,0.08562572061616258,0.4630540222798325,0.0019616263178154902,0.8213831536950962,1.1276722444719667e-08,0.07447230099804214,6.439293542825908e-15,0.8269024969335301,0.1965148775054617,0.055906888972621305,0.4000262697799801,0.18394348285527862,2.220446049250313e-16
S_2007_004263_C-TAL,0.00031224866041612565,0.08495908273841657,0.32649616515523006,0.0018193344796433308,0.5473790082465833,0.00020335900421986075,0.03202424985986396,1.9975132659055816e-12,0.8748164982467863,0.02601928369454276,0.030671870385713396,0.5150548854834673,0.5136663182466958,6.217248937900877e-15
S_2103_004019_C-TAL,3.7689026946008397e-06,0.00024173143365580074,0.7104534809396692,0.004063579966324449,0.9033238572929752,5.986674938762704e-05,0.130692128690852,3.572404549956332e-08,0.7257645690296717,0.283011483537537,0.03387963552579665,0.055978979592215206,0.24541046398023703,0.0
S_2103_004028_C-TAL,0.0020349940296842117,0.475516847729907,0.6779971900083697,0.10427023538412428,0.3078910543601303,1.991914233556713e-08,0.009774133453696932,6.146194664324867e-13,0.9630755528602841,0.013960516355214336,0.13981176690149,0.48682043945015274,0.3275301196099365,2.220446049250313e-16
S_2103_004037_C-TAL,6.979712178223352e-06,2.8464370860348254e-09,0.45481803218440575,1.1773551911176128e-07,0.36184920983598534,0.00040850738123521246,0.16773773334971342,4.475028392292302e-08,0.8907645470218972,0.4860863810774525,0.02544302783006147,0.028934711297478044,0.4430568236564645,0.0
S_2103_004046_C-TAL,5.701482378217548e-06,0.002009001774411434,0.8746263626810731,2.868335260997057e-05,0.683079842314835,8.792676924329612e-07,0.03856444594807584,5.414373394074801e-10,0.4303394055038776,0.08335508931793822,0.10459445491571429,0.6641106023792254,0.24101527619327778,0.0
S_2103_004064_C-TAL,5.887132408899376e-06,1.6851087192293335e-09,0.01977334162334743,3.4283162066994777e-06,0.6239553807733196,0.001033321956025679,0.026341781614653614,4.092648210551886e-06,0.0021539311789917637,0.06694170485607343,0.0006837245829520722,0.021992326625027703,0.20106728475924718,0.0
S_2103_004073_C-TAL,0.00024596924991659996,7.922586249708985e-06,0.37699668639163986,0.00029220656362238806,0.7204224974794315,8.9377727769957e-06,0.06083800348289681,6.830624954545783e-11,0.5135900635415436,0.21349841350721155,0.04560183188055,0.11589951161450629,0.2269923283531794,0.0
S_2103_004091_C-TAL,2.9180251563953874e-06,2.341728529531295e-06,0.3352922622111376,8.69215620813435e-07,0.5173092180264021,9.912150433555311e-06,0.024016932505958932,5.661385180655287e-07,0.12941111075678657,0.037459397171388575,0.01254769282320356,0.013902216521265442,0.33999803298720455,0.0
S_2103_004100_C-TAL,8.778104786832941e-05,0.008264770217426998,0.9117602996915131,0.002102122011725438,0.34337178762683296,2.751301324543931e-07,0.0703467897907526,8.530509632009853e-12,0.8305926816252462,0.12361502716904682,0.04422923956523417,0.8279906786188951,0.2168605296206505,6.661338147750939e-16
S_2103_004109_C-TAL,1.2253983540322366e-05,6.933226659455727e-09,0.41214150832984386,7.110783770691853e-07,0.3087498348540272,0.0004229115519025495,0.33304822617055163,3.4075259502941435e-08,0.8814870267806674,0.6423829915571924,0.0139603355188056,0.030017254088845702,0.13124247341992956,0.0
S_2103_004118_C-TAL,8.890868387645412e-05,2.3000654313598545e-05,0.9070118691563063,0.00024918897988457367,0.5640052255679571,6.316992610710948e-05,0.16765958826616933,1.9578049881285864e-06,0.9346625465463458,0.4464444024919296,0.01139568653714762,0.003551450276965351,0.22820681568145895,0.0
S_2103_004127_C-TAL,1.2494327478185241e-05,1.0361899842603606e-06,0.5367810907685793,6.305249260707413e-06,0.7338018946943865,1.4328601064317326e-05,0.0936769232991308,6.021738219175177e-09,0.81737762938794,0.269732702586557,0.015491493311242444,0.026021385884291037,0.25726682316861726,0.0
S_2103_004145_C-TAL,0.00016508144851656859,2.3064023586538696e-06,0.30155823366957546,3.912151303198108e-05,0.6021843146525407,0.00017006042578637803,0.06376982026131173,2.9836441850505935e-07,0.7216090276647047,0.1756165601627233,0.034515702379098956,0.22842141679629613,0.20547581391172698,0.0
S_2103_004154_C-TAL,1.2759819051355592e-05,1.9507601090040794e-08,0.34503716620457947,2.3656345544686985e-06,0.330688224057089,1.4786102388919531e-05,0.036687122958429796,8.089847902681413e-09,0.9114319201915264,0.11215847678598156,0.012978140237373426,0.021881081966992788,0.18787265965590372,0.0
S_2103_004163_C-TAL,8.108633920889119e-05,7.221315720395971e-05,0.6951975607671679,0.00010305807662103206,0.5623845249173338,0.0001906941125440209,0.08095893674108012,4.396540627116252e-07,0.8134227052788896,0.19841996646420856,0.024631425164724163,0.09151901613354063,0.28848113886505633,0.0
S_2103_004181_C-TAL,4.363419725561535e-05,2.192181112081748e-05,0.4798469962679035,4.494492560680463e-05,0.9063760882513505,1.4905392320407884e-06,0.04648359559892512,9.388045896230324e-13,0.8219841145376146,0.1488876075448431,0.023325997608246718,0.034614210477404095,0.33036723386786115,0.0
S_2107_023520_C-TAL,5.487142074867002e-05,1.7732443291507138e-07,0.5920189240512053,1.4280207247807652e-06,0.6442183196097568,0.0001555658863761078,0.026318456717691285,3.069115317444471e-07,0.8952520288117136,0.09455793632741027,0.00264912459099631,0.06947250415417106,0.16648396814854882,0.0
S_2107_023538_C-TAL,3.252639255779677e-05,7.660252938412881e-06,0.9739392444203929,1.3913488009942299e-05,0.7600526028349974,3.278567120013065e-07,0.06794500300703299,6.119234008394869e-09,0.8783385069557279,0.20976641696823384,0.017632622205223436,0.03247395689788335,0.23411793531647485,0.0
S_2107_023547_C-TAL,8.57778268730236e-05,5.300284136033895e-07,0.28313837861502966,1.779970313142698e-05,0.4705598892556,6.088472346288398e-07,0.02535729437490719,1.8393286893569893e-11,0.5921003029116143,0.11714759055529989,0.011202726699628851,0.031260848936310204,0.3915441726583486,0.0
S_2107_023556_C-TAL,1.6101615996078067e-07,1.6457155638249787e-09,0.7710081800748059,3.7948611490978834e-06,0.3047985401712672,0.00023462232591908716,0.0609356718541092,0.00012977590763019187,0.8652267027908711,0.2472502979297686,0.0018602671562328865,0.035703338535358675,0.29595244659268394,0.0
S_2107_023592_C-TAL,1.5737376218183385e-05,8.324355920596993e-05,0.11260731053671691,0.00037053245020679526,0.17072172895771498,0.00034587544199427,0.07913097015623949,8.711080745626987e-10,0.22817474196710696,0.025555377564487003,0.02417953702980813,0.01682075600345745,0.09799889232859749,0.0
S_2107_023610_C-TAL,1.4541362577391581e-05,5.420041772952189e-06,0.8834901453146857,2.501913594077365e-07,0.4626674182392616,5.418495687692371e-06,0.19190432632728882,9.94544446797363e-11,0.6527207663152168,0.48027036454579,0.012124498200630107,0.05254998261156363,0.18965395350606107,0.0
S_2107_023619_C-TAL,0.0002152741986689577,9.756482495237861e-07,0.6400315784647104,4.501809836021664e-07,0.9171452947705299,4.603968696281768e-06,0.0933360740876179,6.8723797763681205e-09,0.7678932129208569,0.2162332800082365,0.010199531051707789,0.05735844736828688,0.14741336791635318,0.0
S_1907_004567_CCD-IC-A,2.1827417871156385e-05,0.39272182325497296,0.00038756796758332435,0.006067962907386981,0.196217809497657,6.729505841462924e-11,0.01374665841973477,2.4424906541753444e-15,0.07836680480173652,0.045134026311423936,0.09166452715147533,0.41351506897031887,0.3471978452659652,1.9984014443252818e-15
S_1907_004614_CCD-IC-A,7.604088427060063e-05,0.3518850253173489,0.1601541037996994,0.12659483454223275,0.12750686828282332,1.787459069646502e-11,0.0056563670930969145,7.105427357601002e-15,0.762046524308301,0.016474572508546004,0.39678494872928805,0.4811728863513547,0.25995143240953,2.7301050309347374e-11
S_1907_004802_CCD-IC-A,0.00012738942325674074,0.2572498828336256,0.024032886578567947,0.013824792926870222,0.1450262418820667,3.327338404801594e-12,0.0035450834478050197,4.440892098500626e-16,0.2118620643695801,0.009608449723778056,0.2801538413902862,0.5999233634695598,0.2850238151128548,6.944538277764423e-10
S_1907_004896_CCD-IC-A,2.7987438315779656e-06,0.35657343798844954,0.00014498924782357925,2.9659504241497103e-06,0.14408516346223754,1.1640910457799691e-11,0.015965091660254505,5.196509889060508e-11,0.21246231353462286,0.01860974356369427,0.006673009527215612,0.7149429306787907,0.29395816304103106,2.0872192862952943e-14
S_1907_005225_CCD-IC-A,2.1484374383984317e-06,0.07412632397925711,0.0001665348890547147,1.1782096853707458e-07,0.31904966278554125,3.723857933124464e-08,0.028560346408759374,1.8545165403338615e-12,0.003072505195835351,0.04776498166781873,0.0032146507632353494,0.714856555718411,0.4338638577645946,2.220446049250313e-16
S_2006_004078_CCD-IC-A,0.0001150942442471603,0.3990477965661181,0.06079585459731951,0.023625787670962017,0.14149760250101262,7.758016451475669e-12,0.0037158714908012147,0.0,0.45032748003280654,0.012058497745856656,0.5071712110179754,0.47912170255410524,0.3469381370617801,1.667554982986985e-13
S_2007_002809_CCD-IC-A,0.00012464147495694355,0.5434674234878552,0.02919708024673784,0.00628460445582113,0.2443043302660879,4.3066399335600636e-09,0.016177146621230154,3.352873534367973e-14,0.27432339451592647,0.03281893186420204,0.3906183516206583,0.5383994784313759,0.34116839678301525,1.4366285938649526e-13
S_2007_002950_CCD-IC-A,1.1187189463690572e-07,0.4997188552978895,0.02947420443700266,9.883273499244893e-05,0.1371338267459068,2.8160369702767696e-07,0.014464869809344583,1.1888268147686176e-12,0.281038196818884,0.014115674673327971,0.030597837906727765,0.530279403896222,0.1468977952100059,7.549516567451064e-15
S_2007_002997_CCD-IC-A,5.907684095252108e-07,0.46651417148507757,0.04164034652741333,0.00029392221341084657,0.6742179064724667,1.4070078435679534e-11,0.06245073360455433,1.0437356756654026e-08,0.011034238248814443,0.12450957217317216,0.010127373543405094,0.9274104676822776,0.5269626347872316,2.6645352591003757e-15
S_2007_003044_CCD-IC-A,1.0657696530635974e-05,0.7079505098606313,0.0720563592472363,0.004502691399535186,0.3781551616020564,5.534970259901684e-10,0.01621837548530336,1.1102230246251565e-14,0.46089251903714956,0.03992818677206578,0.11408323051041314,0.648622149081014,0.27623379387305014,7.528755396890574e-11
S_2007_003091_CCD-IC-A,6.815228355083747e-05,0.6098697655611311,0.059353284288064856,0.04325881487162442,0.20296474195290704,2.1424333418451624e-09,0.02216554271289728,6.661338147750939e-16,0.37650247198456954,0.024343000505907764,0.2683645769871945,0.6366623062970045,0.21818034927294816,4.583267099178556e-11
S_2007_003138_CCD-IC-A,0.00015477898378390975,0.10190992070453286,0.0794085804404423,0.06889568379644806,0.13537745501505793,3.2862601528904634e-13,0.007005460536735564,1.9984014443252818e-15,0.7725071688629037,0.012621443291597867,0.7292443190804305,0.44845668687361684,0.2514455557306996,2.2251533948747237e-11
S_2007_003793_CCD-IC-A,7.357202525559714e-05,0.47715121674449645,0.07015856871849957,0.022118763070916314,0.1485481482991462,2.5328916741784724e-10,0.0032230528281200765,6.661338147750939e-16,0.6236740495907465,0.008090043452728235,0.4820380370100126,0.49510562588463136,0.2587454674496785,1.0436096431476471e-14
S_2007_003840_CCD-IC-A,2.788100794015591e-06,0.8798292754018093,0.025437791836471657,0.0049128108721594455,0.34060273355591475,4.026557087755123e-09,0.029005730796333173,0.0,0.1504383134605065,0.06756344471469466,0.3017074408283069,0.4734882740931341,0.1496857508326308,1.865174681370263e-14
S_2007_003934_CCD-IC-A,0.00010285616788707763,0.5061262043550729,0.03768870460271834,0.008763369520571995,0.2636971830165953,7.388092360116616e-10,0.00886025985555916,0.0,0.15173058411598372,0.022296455134603876,0.6221030907844725,0.5159192202276963,0.26081669133930174,1.5498713423767185e-13
S_2007_004028_CCD-IC-A,1.1319881269455934e-05,0.6400436213943723,0.025160540697382938,0.0016093591706467514,0.3342978824060516,6.347423031627386e-09,0.0116599652756193,7.549516567451064e-15,0.24625014646747667,0.02088485244273075,0.08818428087874941,0.5312215298847263,0.19986688584922874,1.6497914145929826e-13
S_2007_004216_CCD-IC-A,2.788100794015591e-06,0.8798292754018093,0.025437791836471657,0.0049128108721594455,0.34060273355591475,4.026557087755123e-09,0.029005730796333173,0.0,0.1504383134605065,0.06756344471469466,0.3017074408283069,0.4734882740931341,0.1496857508326308,1.865174681370263e-14
S_2007_004263_CCD-IC-A,1.1319881269455934e-05,0.6400436213943723,0.025160540697382938,0.0016093591706467514,0.3342978824060516,6.347423031627386e-09,0.0116599652756193,7.549516567451064e-15,0.24625014646747667,0.02088485244273075,0.08818428087874941,0.5312215298847263,0.19986688584922874,1.6497914145929826e-13
S_2103_004019_CCD-IC-A,1.9448381649578295e-06,0.13197280586243343,0.03185978378265775,0.010674882523454832,0.7780689878771383,1.3594650050130497e-07,0.021406030626569983,4.718003765447065e-12,0.40859526576940763,0.060042956641446654,0.19322959460072098,0.25816029940463014,0.3490327223516321,2.220446049250313e-16
S_2103_004028_CCD-IC-A,0.00017814268996207971,0.3624132311111108,0.050543715128934075,0.1853834634664575,0.07251654945575403,7.701087989531175e-09,0.009265396285422112,5.819789095085071e-13,0.33302460426439784,0.02917894711211999,0.19929826276903162,0.5202772101197239,0.32730546064900623,1.4432899320127035e-14
S_2103_004037_CCD-IC-A,2.449531077752809e-06,0.07609492068872048,0.0019022863869422313,0.00011189706900394114,0.6099412348703819,2.0292316249559406e-07,0.041581092856733504,2.731148640577885e-13,0.23534420221745211,0.085050845931125,0.05894527118521409,0.14198460443483052,0.24119341334276934,0.0
S_2103_004046_CCD-IC-A,2.4971649497107506e-06,0.6209396919896926,0.07352698109156464,0.007503738182771613,0.3511546167729951,6.680623454435874e-08,0.021980646944525617,1.0693668173189508e-12,0.3947064856125402,0.05327347589557996,0.16749295282109666,0.7158004307674546,0.47533770677580045,1.5543122344752192e-15
S_2103_004064_CCD-IC-A,0.0001771146577751459,0.00018426867135556968,0.00023272291857989735,9.042796949021437e-07,0.3141470891947684,1.097097090929644e-05,0.015265021386524635,1.513020710941504e-07,0.006618053515047073,0.049966939196082194,0.0011661259101942711,0.09429412793298808,0.29830888940234357,0.0
S_2103_004073_CCD-IC-A,6.081557181403241e-06,0.129405233931843,0.03848451363329475,0.0008978519613862534,0.452110215291579,1.7200069835077159e-07,0.009546220801224026,1.006750238730092e-12,0.4526446814311307,0.014842824371285257,0.1338662734558853,0.17909113853405878,0.3542614862247009,2.220446049250313e-16
S_2103_004091_CCD-IC-A,1.082608166602661e-05,0.08970963316253999,0.07644552399445836,0.0020510448410904214,0.6066907036001259,4.5398904191529255e-08,0.027607591368754347,1.8791657119265892e-10,0.08413261667259975,0.0869897086913125,0.08406407318769404,0.28898168179394546,0.21185605616127656,4.440892098500626e-16
S_2103_004100_CCD-IC-A,5.9341866586626324e-05,0.846411395009778,0.027432910255292375,0.0008296583777320787,0.38824460187917254,5.23996823709183e-08,0.014029227468111305,9.769962616701378e-15,0.2663001164506966,0.028753631801077706,0.47975435577803216,0.542712947917982,0.23255715199656968,1.1368683772161603e-13
S_2103_004109_CCD-IC-A,5.18239544833321e-07,0.11379410451522687,0.018184238396601105,0.0003929085037237545,0.8009831373709768,7.53319969737376e-07,0.06505484289930519,7.450347005999447e-10,0.31947010353083893,0.10724186896142918,0.14947259962319404,0.15112290209095236,0.29674590497446784,0.0
S_2103_004118_CCD-IC-A,1.7119982222979502e-06,0.022235396189463907,0.008913788772121345,0.0002590707104723755,0.760427042327364,1.1944211085079814e-05,0.014924873823710882,1.2227330259406699e-11,0.39488988326397,0.04044267165535964,0.04217406908944499,0.11395642837462239,0.3507528261489763,0.0
S_2103_004127_CCD-IC-A,1.6775767106569361e-06,0.09750229904088314,0.02136851092685177,0.0015857134800720818,0.8119563217354067,2.1345929046567846e-07,0.013330385295469593,5.714095863140756e-12,0.6113739939959728,0.033592041172112674,0.09529454286238503,0.23220770556942183,0.24686980738099984,0.0
S_2103_004145_CCD-IC-A,1.0297224095623392e-07,0.1093734522192189,0.052808042653787135,0.00039772232322388135,0.6444614092734664,3.5074237514365336e-08,0.022725247027533868,7.214895347829042e-12,0.36692758387779056,0.044240036600285526,0.0881204970319418,0.07005604329167325,0.20437031328969857,0.0
S_2103_004154_CCD-IC-A,3.393742307178371e-07,0.04821489648916688,0.009039825164326665,3.804022127429363e-05,0.05864211945628961,9.888162444404713e-08,0.021740141186614492,3.241851231905457e-14,0.6985074921818408,0.04941072538775915,0.057069928903962674,0.15267250754874429,0.29545931642982626,2.220446049250313e-16
S_2103_004163_CCD-IC-A,3.5932612925115848e-06,0.9250572924967484,0.03056349967600558,0.0012887841018329738,0.41629616238840406,6.519980111363566e-10,0.028187782296906994,6.572520305780927e-14,0.38852634192729174,0.03958915504063243,0.23168779918986937,0.1306345834508571,0.15590720774355904,2.7133850721838826e-13
S_2103_004181_CCD-IC-A,3.3645663308767837e-06,0.18512648452527536,0.0046849471114212005,0.00042539722588719187,0.3618162137201755,2.1400523819714579e-07,0.013248485373331231,3.552713678800501e-15,0.1346863078550582,0.027582359012965574,0.08331170542854727,0.14208059304243914,0.2510840302671198,8.770761894538737e-14
S_2107_023520_CCD-IC-A,1.5743473311680134e-06,0.24671482991101978,0.009079786209360341,1.7491412772407955e-05,0.751529754874682,3.81949367689316e-08,0.013944080090841027,1.7319479184152442e-13,0.3358078979105219,0.0177626271786,0.0999733623949739,0.149407085007788,0.23179835186016073,2.220446049250313e-16
S_2107_023538_CCD-IC-A,1.0147835177498621e-05,0.33356448359573077,0.02069179234704266,0.0016042558364739445,0.5465281496397818,6.522243412021567e-09,0.00981070602370604,1.0309531006669204e-12,0.42633505666823046,0.028051217134095863,0.16961045768127692,0.08422361454714733,0.161478459041696,8.659739592076221e-15
S_2107_023547_CCD-IC-A,1.2084384600985487e-05,0.13684423922619482,0.017511795602227043,0.00013362172521191873,0.5348503691574491,1.216765999068059e-08,0.004318730103229251,4.440892098500626e-15,0.2800326657831542,0.012120153567690917,0.5263307891190467,0.3409488617896119,0.05803172875478557,9.103828801926284e-15
S_2107_023556_CCD-IC-A,2.7278806702391023e-07,0.19138499600410874,0.029038715012663863,0.00021015378664879236,0.5079875810897221,2.775971605917249e-07,0.051956767877020305,1.6282031278791465e-09,0.33231866757550255,0.08410276087164581,0.029217917171636243,0.15430962306638962,0.37740141033491215,0.0
S_2107_023592_CCD-IC-A,1.7796742992626235e-06,0.03214085118035093,0.019742604679904296,0.00011953643469642117,0.5578310140124416,2.664655298634244e-07,0.03642401224395764,3.624878175401136e-12,0.37948238740766227,0.059090580316674135,0.037047543514848735,0.12266863422709307,0.22744301479087858,0.0
S_2107_023610_CCD-IC-A,5.13937721491331e-07,0.10243506807034009,0.012696665260866435,0.00017416782958989963,0.7664259216934921,1.0972192399094638e-07,0.04273892775024324,3.108624468950438e-14,0.32900675440513294,0.07347228206257594,0.056713268329984245,0.11912190214090845,0.16145325455549786,0.0
S_2107_023619_CCD-IC-A,1.2243335678618905e-08,0.1488013921324376,0.01539042680667646,3.266984230143599e-05,0.5899420736098164,7.403445900777683e-08,0.04097294606309099,1.1741718708435656e-12,0.15428554326384636,0.06635253137699126,0.049487713647740295,0.21898518228440467,0.19785523443381048,2.4424906541753444e-15
S_1907_004614_CNT,0.00010650067706552413,0.21350318343311114,0.054479100463451724,0.002626861068276476,0.6224937530864008,2.225768236385761e-09,0.009057450113678644,8.881784197001252e-16,0.935862966525564,0.021524569168026586,0.05991799225232186,0.6479011704677626,0.17448126835067246,6.661338147750939e-16
S_1907_004802_CNT,8.09629795872624e-07,0.7245182006159112,0.040323374150221136,6.661973696431289e-05,0.5759373870870244,5.578477901835299e-09,0.04017732220596093,1.7763568394002505e-15,0.30352788035341716,0.09683941661588369,0.13711686720411675,0.7583128933922323,0.20147001311479018,4.440892098500626e-15
S_2006_004078_CNT,0.000275004003150503,0.47182033985972893,0.009488171221383679,0.0010395846411870302,0.7893302214414761,3.659650360532396e-11,0.003638602757984666,0.0,0.3987457027725969,0.012106677941037258,0.5207484134482994,0.4453007988333666,0.18342856884894032,2.220446049250313e-15
S_2007_002809_CNT,6.213116110465045e-05,0.719046052495353,0.018488429276858787,0.0008592118968866469,0.4395200408741162,4.834854738788863e-10,0.006535084918510181,7.016609515630989e-14,0.2623140332169396,0.008166616989269349,0.541481874774778,0.4865804911624412,0.13040623106247806,1.2367884494324244e-13
S_2007_002950_CNT,5.312112039135286e-08,0.011096262345132057,0.01955192753277335,6.524026770593494e-06,0.6217429605974454,0.0008203484413285,0.09400001304140515,7.295186676969934e-11,0.022711794748318637,0.1497868945792371,0.022502851527820944,0.6075343076250395,0.3736465406203904,2.220446049250313e-16
S_2007_003044_CNT,3.97677115238082e-07,0.21424833671718302,0.024922420331442208,9.295177412216304e-07,0.9896553828568964,2.2732230120503516e-07,0.031613248685690376,5.595524044110789e-14,0.46510710469540784,0.04495638565539939,0.03254441859062984,0.4661511332110482,0.1280237811867906,4.440892098500626e-15
S_2007_003091_CNT,0.0012709167279327804,0.5162942305073894,0.06056454874303707,0.0009384642497891615,0.39430360470963,7.601926466094255e-08,0.026162264757050746,5.211386877590485e-13,0.9791556378134234,0.03836462291340048,0.2512350835508239,0.26367924903395146,0.34974296926100257,1.8027801473863292e-12
S_2007_003138_CNT,0.00016904725359667694,0.775851888504153,0.09020728997208738,0.008641092905645076,0.5161364048089443,5.422773341479115e-12,0.011319489908796943,2.220446049250313e-16,0.8912386195604491,0.021607114458872312,0.5658482981928445,0.6030216531037529,0.25988239267877455,3.191447106587475e-12
S_2007_003793_CNT,0.00025555429297585697,0.4895939936976601,0.05080218613192433,0.00012970430910064223,0.5934782858318348,3.621807298515023e-10,0.006316700043364154,2.220446049250313e-16,0.6400232858327259,0.016188683325875974,0.055386646963343944,0.6088624627746801,0.10912712536368807,0.0
S_2007_003840_CNT,2.9072210528058307e-05,0.9660041312053189,0.06221623081748562,0.03096398596563077,0.7582794949375864,2.7362112575701758e-11,0.040838300889810775,4.6629367034256575e-15,0.4881437750410311,0.059149856344997254,0.5078098796912374,0.3112884006356593,0.0900394246043541,2.220446049250313e-16
S_2007_003934_CNT,0.0009264109849160818,0.868659498644865,0.0411368824930447,0.0009648773297596946,0.9288898446438099,1.2466132570665422e-09,0.00608524812004263,8.666400930223972e-13,0.7181734917171512,0.009453956441533018,0.8072770037051542,0.8682913948250439,0.1955908693993711,2.220446049250313e-16
S_2007_004028_CNT,1.7544227040033888e-06,0.09331866127980826,0.01623990550306753,6.681244958439692e-05,0.6344908821016033,2.5601778474992898e-09,0.010091640633217436,1.0689227281091007e-12,0.10996769996633327,0.031871759912617925,0.1101407386659441,0.3632638150029115,0.2504517943427158,2.220446049250313e-16
S_2007_004216_CNT,2.9072210528058307e-05,0.9660041312053189,0.06221623081748562,0.03096398596563077,0.7582794949375864,2.7362112575701758e-11,0.040838300889810775,4.6629367034256575e-15,0.4881437750410311,0.059149856344997254,0.5078098796912374,0.3112884006356593,0.0900394246043541,2.220446049250313e-16
S_2007_004263_CNT,1.7544227040033888e-06,0.09331866127980826,0.01623990550306753,6.681244958439692e-05,0.6344908821016033,2.5601778474992898e-09,0.010091640633217436,1.0689227281091007e-12,0.10996769996633327,0.031871759912617925,0.1101407386659441,0.3632638150029115,0.2504517943427158,2.220446049250313e-16
S_2103_004019_CNT,3.5826773778779852e-06,0.022385264379174208,0.009456945235339909,0.00019520039766063313,0.7952492739579768,4.137135345416709e-08,0.013580320030506465,1.3040679647247089e-12,0.6206878091008967,0.05251968560041931,0.28309542314944647,0.3249639068154435,0.29169338057034766,0.0
S_2103_004028_CNT,0.00023656996431031807,0.9993088427378858,0.15636934620005527,0.010960369937249359,0.8704678827884433,2.566802326242623e-10,0.00778993339824452,2.5091040356528538e-14,0.9181498071916565,0.029441108711525832,0.3905412759459741,0.7848025356887853,0.3294571434086242,0.0
S_2103_004037_CNT,1.7917317274296352e-07,7.231554218556369e-06,0.008837092789735879,1.4232370171285424e-08,0.8837287811850567,4.73621188845641e-06,0.010549537994833047,2.598227366590322e-08,0.2808019270544495,0.04872554583696198,0.0413985193377262,0.02627597604642351,0.2589167580102958,0.0
S_2103_004046_CNT,5.244995195075042e-05,0.6987476235988554,0.06129867641620912,1.5193272928648582e-05,0.9722491864137306,6.21279472312608e-10,0.017876799375824648,8.555156583156531e-12,0.35252750077030126,0.029687309681234453,0.11183569896264034,0.6886002267188625,0.44398400222816603,2.220446049250313e-16
S_2103_004064_CNT,2.0003916079147643e-08,1.1614954331662375e-08,0.0003678767904935487,9.524666144677951e-08,0.4455818000564553,0.0005221142588089922,0.022194650974164842,3.080029123436745e-05,0.011549969908174473,0.0733519609504496,0.0008966043265743462,0.03831344252381319,0.11458659305817243,0.0
S_2103_004073_CNT,2.2237788568357786e-06,0.0005859952239357646,0.009428980827055122,1.7129822886374768e-05,0.7577545023373342,2.6853387482539404e-06,0.016972523634373626,1.3931078512996464e-12,0.43331296347912573,0.041719821102185195,0.1522654999603963,0.16809787353028605,0.3121176237120271,0.0
S_2103_004091_CNT,3.070737928378975e-07,2.0890687665753305e-05,0.0023240026519650847,1.1003984612401041e-08,0.7462529087397547,2.0905829467565695e-06,0.025954275501398394,1.6568764138469305e-09,0.1669251872623987,0.06746258732478583,0.00579750843084037,0.10994975457249878,0.15619931065320358,0.0
S_2103_004100_CNT,0.00011528151016704236,0.5637502110130046,0.030833318047418956,0.0001284736589057811,0.33931137908067366,9.767197739485312e-08,0.009808581934728666,1.7763568394002505e-15,0.2789063249897874,0.016575638347781974,0.23383765092621878,0.7140544333510133,0.1815605420980948,2.220446049250313e-16
S_2103_004109_CNT,3.0754772435415134e-06,5.654335806659638e-05,0.004566260566253755,8.792490557851806e-08,0.6704933364728523,8.449993589731974e-06,0.05082388439922925,6.582915323960492e-09,0.5948362983460842,0.09818419874552942,0.045594277457286614,0.13206401192547546,0.18859571132333364,0.0
S_2103_004118_CNT,2.5630625404282625e-06,9.879590101569136e-08,0.006704500181207607,5.902893209785987e-07,0.24175441206051507,0.001846661633370994,0.02923537207593574,5.5620207106699127e-08,0.6202336230591334,0.1195000266678492,0.0392923581670519,0.02972834181297923,0.21142273153646496,0.0
S_2103_004127_CNT,3.630709775048757e-07,4.403797934759979e-05,0.007063949233041766,8.811854186330237e-07,0.3250248214945881,9.28818872369952e-06,0.010078339440961814,1.3594889658463671e-09,0.670976289354078,0.04089074464016873,0.005464907656503204,0.11069672124279561,0.1298639407544231,0.0
S_2103_004145_CNT,1.2151298767193452e-07,7.262564134080662e-06,0.003292242898048192,1.0839346769042635e-06,0.5460444663400339,2.577869694020407e-05,0.009233296524515877,5.504980915560509e-09,0.47459677653146404,0.04252654133739875,0.014931051631145387,0.04213524147023495,0.27094081674968606,0.0
S_2103_004154_CNT,4.3658699566684334e-07,0.0004455011065451764,0.0052165913609385495,9.993107297212589e-08,0.6404526394438621,1.7328882129241663e-07,0.015513828976371435,3.9110936711495015e-12,0.9752377643240795,0.05143758444600266,0.030809969512632485,0.10291241818461105,0.18548994046431555,0.0
S_2103_004163_CNT,4.3373636193777543e-07,0.006090063766365006,0.010723034766158657,1.2227277521592583e-06,0.7720573875809738,5.809271621526335e-07,0.0222130385003092,3.545590487874506e-10,0.3474355293595466,0.024497693839300005,0.08237882882068126,0.06704054750814481,0.17106990491446994,0.0
S_2103_004181_CNT,4.726335938176618e-07,0.0001240106051898504,0.008071664092662356,1.454397327904644e-06,0.6777637282996349,2.648611685529545e-06,0.04000592191940244,3.128608483393691e-13,0.5934670031716696,0.07446488956238273,0.05646337001758317,0.08662600058867898,0.24817100853840546,0.0
S_2107_023520_CNT,9.946994361520467e-08,1.1303627051484355e-05,0.015286488354301353,2.0998622685119983e-07,0.3706508064842846,3.028373006452867e-05,0.016714074045643068,2.8719036260227426e-08,0.5649451885348533,0.040372580066691865,0.009680104492800101,0.0531410105553749,0.2648997219811655,0.0
S_2107_023538_CNT,1.7369810900724758e-07,1.3453833524579295e-05,0.025808745213973916,1.045283134937236e-06,0.4710431438850282,2.215514616210612e-07,0.0018834597833741196,1.8394197276450086e-10,0.8597276681612005,0.012016384724589102,0.03691974026724032,0.10291958204347518,0.08349657565049862,0.0
S_2107_023547_CNT,7.562658949300527e-06,0.0010428679582137335,0.0018222191196415327,1.3420045480661003e-05,0.5953952162630265,6.255444311431546e-07,0.03800183469945306,3.097522238704187e-13,0.04490664675609657,0.03459156642889716,0.07748122049335682,0.11088824732055191,0.07105245564575569,0.0
S_2107_023556_CNT,1.201764989744447e-07,2.4746114599238922e-05,0.08778302922864478,4.886778599555441e-07,0.32063220544735715,1.0085444444030145e-05,0.020394265565211178,1.9395497894425517e-06,0.4410638214160598,0.06763358805690167,0.009842499781309577,0.026527293567757404,0.3471679105653258,0.0
S_2107_023592_CNT,1.0883232626213157e-07,2.3459572384698646e-06,0.0012187184933234452,5.337765784929616e-10,0.5250695482892254,0.00022857801895770358,0.023771138113655388,4.937410924554797e-09,0.23055529523175444,0.05558752472123363,0.01609573903877881,0.024048999708748298,0.23693565183658505,0.0
S_2107_023610_CNT,4.9439790039684794e-09,9.934207175876786e-05,0.002261854063392077,4.4141752475468365e-09,0.40371251066351554,1.3522664753740088e-05,0.05933372517449831,1.9219070779286085e-11,0.35895824970026147,0.12146567049138568,0.03934910196100394,0.1382146395484929,0.11611245010537208,0.0
S_2107_023619_CNT,9.317268760966613e-07,0.0006308119479248031,0.014132670361197253,6.149175280079078e-08,0.814004198072066,1.9047825350337888e-06,0.028054726422821696,3.7722753809532605e-09,0.17047675353845237,0.052010582034218045,0.041793045080117386,0.28379072904777347,0.3509465295681964,0.0
S_1907_004567_DC,0.007529990586377711,0.1534234808490047,0.06864394772588356,0.3451297950497394,1.6775509928734778e-05,2.7804916038709493e-05,0.16386632267062007,7.999529169744335e-06,0.5183582630276002,0.029409068562485707,0.37216642025042956,0.9566838952000258,0.3034970332955038,3.4994229736184934e-13
S_1907_004614_DC,0.033342475042522635,0.5475302196687251,0.07654594755063271,0.26250017948621496,1.055368681335267e-08,0.1584956934281172,0.9525805290545506,1.723327769376226e-08,0.7662826092501853,0.0918076850670464,0.6274444691948542,0.7901481093705915,0.2864977078701285,8.881784197001252e-16
S_1907_004802_DC,0.158471368489987,0.06514722944901963,0.0009531796968009765,0.13642568054321536,8.871015033662388e-11,0.0003297422836057162,0.09943169972009458,5.4884319311554464e-11,0.6168732533809915,9.912048604010515e-05,0.760719905866055,0.5322390201360234,0.5780502219645882,1.8984813721090177e-13
S_1907_004896_DC,0.0025982809808289264,0.15672092941309868,0.14309019595107042,0.001144482990250717,1.293046336670045e-09,0.005551157540956586,0.752664464617121,2.673772314665257e-11,0.11817324046296362,0.07666737796061751,0.7358218472822244,0.35189871600971845,0.04561435289881177,1.2844836305703211e-11
S_1907_005225_DC,0.0002840558974033236,0.5812314197888189,0.018561563564908123,0.004369159950079471,1.408330163599203e-08,0.4253002533501036,0.3154519606941464,7.022893377950368e-11,0.02852658098521288,0.03441828797334967,0.5813995959511482,0.072415387626652,0.4479086687359477,1.1102230246251565e-15
S_2006_004078_DC,0.010277748479897042,0.03776605438293612,0.1742554721625842,0.7926309909727904,5.639932965095795e-14,0.0016732287532650325,0.029978396428490317,8.89310580731717e-09,0.9598436293261658,0.001229581445448602,0.8668748596224907,0.847685633601635,0.2690246479000109,8.881784197001252e-16
S_2007_002809_DC,0.10532905904155099,0.02533053516979411,0.2243512792755702,0.23550005299797583,0.0,0.1388351673137076,0.18367309043615831,2.103006657705464e-11,0.47480130717934466,0.0008232679053961078,0.84086035877817,0.8368766312349556,0.46138957566214645,3.4638958368304884e-14
S_2007_002950_DC,0.00423288455215487,0.15971065933335704,0.1701573063031976,0.17237602665237728,4.0678571622265736e-13,0.043191318080270324,0.709239336214452,9.480742066969583e-07,0.2532426778083421,0.004413213630905188,0.4107655576185696,0.4820525906833877,0.3026570918338225,8.881784197001252e-16
S_2007_002997_DC,0.0013478376191504715,0.47132694706858014,0.20414726596193322,0.03144136303080214,4.5646125146348027e-07,0.12983269751424964,0.7833904474354765,6.303234414417602e-07,0.8850094077651744,0.07774301316115229,0.20293341531696263,0.6223468730415949,0.19860164137979663,0.0
S_2007_003044_DC,0.0030684468175772306,0.6267590520416455,0.05380195756891415,0.20835492661969535,1.5800916131070153e-11,0.13623754045465764,0.6765552518608158,2.92328074857906e-07,0.32277251724378764,0.059037782838199604,0.33935579334870836,0.5666339222263179,0.10571872003805449,1.1677325773007396e-12
S_2007_003091_DC,0.827955402820526,0.06938923356343452,0.9357979844517643,0.07825211767568407,2.1715962361668062e-13,0.0009473175233865039,0.6901439792779418,2.34505970198029e-10,0.4102493968201848,0.0253875967854722,0.3205089925600111,0.8431110783319911,0.17627035045258688,5.995204332975845e-15
S_2007_003138_DC,0.015606905268955806,0.11232615907437071,0.09154684647137978,0.12989997465884073,5.542085679266506e-09,4.3958148963074706e-06,0.009180628811312763,3.510969293074595e-12,0.8870080672092324,0.09794207729725612,0.9366037413014814,0.078967070833172,0.2590067060352168,2.2648549702353193e-14
S_2007_003793_DC,0.07752848895139097,0.09948075179255222,0.22810952829032138,0.6839355921351196,0.0,0.015575599155927433,0.0650465168259109,9.998419656653823e-07,0.8216294476685868,0.002697310375081141,0.8539247813410991,0.5836522838403537,0.03292382155543949,1.7763568394002505e-15
S_2007_003840_DC,0.0015797086993378784,0.2861620604777442,0.12055834104120722,0.0007330093344801725,3.728616082554481e-09,0.04236173983961744,0.3374355039573389,2.1713320030869454e-10,0.5941206894416622,0.0004215140057068911,0.5755413619524861,0.9277749782420228,0.11138302474271544,0.0
S_2007_003934_DC,0.016328175616968865,0.09053861401732877,0.20559374820467569,0.0009104767066512309,5.238910574245637e-07,0.00023641478441960295,0.0050919570289365,2.3968410101105064e-07,0.33538388907923355,1.2543587684543667e-05,0.5236946493235863,0.10209252477763742,0.7046651019868293,0.0
S_2007_004028_DC,0.21080152277367548,0.04870881960419715,0.2939330039953121,0.024847090403749217,0.0,0.0428550012143496,0.7878615045460287,1.8462218531745123e-07,0.6584757399184857,0.09318966895030267,0.9946429715549345,0.6337309564183276,0.037499410080175766,0.0
S_2007_004216_DC,0.0015797086993378784,0.2861620604777442,0.12055834104120722,0.0007330093344801725,3.728616082554481e-09,0.04236173983961744,0.3374355039573389,2.1713320030869454e-10,0.5941206894416622,0.0004215140057068911,0.5755413619524861,0.9277749782420228,0.11138302474271544,0.0
S_2007_004263_DC,0.21080152277367548,0.04870881960419715,0.2939330039953121,0.024847090403749217,0.0,0.0428550012143496,0.7878615045460287,1.8462218531745123e-07,0.6584757399184857,0.09318966895030267,0.9946429715549345,0.6337309564183276,0.037499410080175766,0.0
S_2103_004019_DC,0.004671278721410266,0.3909768174473238,0.15622765274952144,0.006894672570969984,6.304956556846264e-11,0.021021300787193553,0.10428354951433483,2.3535611681779756e-08,0.7162075250317343,0.0013432265655666242,0.529827076333448,0.7038802376719828,0.3105114146559309,0.0
S_2103_004028_DC,0.0006345673274188446,0.040689952101707005,0.12675976546351397,0.11689554897283938,4.440892098500626e-16,0.0069773625243685355,0.14500346138242182,4.636741501862218e-08,0.8116711394887235,0.0009229793594927038,0.5178787448368922,0.4957334562885405,0.7162856117009433,1.354472090042691e-14
S_2103_004037_DC,0.0003333601760870941,0.31228234277124134,0.2868665995340569,0.0009993486404298313,9.232825744254214e-05,0.0029293881120624476,0.5428930327555701,1.8874457552442436e-11,0.38528178644775046,0.0978785041909469,0.22790371322490932,0.3108807097655444,0.07160088124405295,0.0
S_2103_004046_DC,0.8953190159097861,0.0013158534159063429,0.02602583833794614,0.003486524905621513,2.023895484537519e-07,0.0012422257775310808,0.39344979063477314,3.358862077362801e-10,0.9685794529182123,0.00149399768955627,0.8799420066180885,0.03669867386136594,0.5904412351931996,0.0
S_2103_004064_DC,0.2800323723731837,0.2142012862515945,0.09403762537625537,0.014509622019148294,3.9944174890838013e-05,0.0008083054630310116,0.4101580605477626,2.269285226397244e-08,0.0004116750812501735,0.23201280478831698,0.9896852650117018,0.32578777440979545,0.5798539157899569,2.042810365310288e-14
S_2103_004073_DC,0.9890795760006477,0.6898788981466417,0.6364133192890995,0.08576466361479107,0.05570298681631147,0.01954297360942525,0.15833723476880657,0.0002649121567952495,0.4409479508535723,0.011187726584091617,0.23613961763195257,0.3628264086280504,0.44444986407800235,0.0
S_2103_004091_DC,0.0033775630564800707,0.0029250625038470535,0.0035626602241594085,0.017348811858830082,0.0,0.6354982445761517,0.011349529488339671,5.479506419714397e-07,0.2320935563235631,0.9274116142042599,0.4395020033618897,0.13001435554383312,0.012057505042826877,2.220446049250313e-16
S_2103_004100_DC,0.1693797856644792,0.21522939795110752,0.04404576224190904,0.007288964572820689,1.2504873709406894e-05,0.42133470009523233,0.8890714423610495,5.381445157937037e-06,0.9396251455804234,0.022164944309286616,0.9615453970934191,0.7026458448932837,0.03833010747146037,0.0
S_2103_004109_DC,0.5512699419240388,0.042593487881825265,0.3103097912202053,0.6489699441831145,0.9421496395220399,0.0007746804751906922,0.20377067553319494,0.11879036829470935,0.0035894592738723308,0.6419113291180996,0.4093796329702952,0.3122436055286142,0.9511660619725173,0.0
S_2103_004118_DC,0.008765211888319246,0.45684871567367535,0.42960893067247286,0.47595469853512795,7.194034257196336e-10,0.06060224368669265,0.7211212027332561,0.005717314456901379,0.10055454265764796,0.001060553949648213,0.352366861033222,0.857082147027437,0.11398413530695772,1.3322676295501878e-15
S_2103_004145_DC,0.00010481539925377703,0.20680793363569716,0.6284145217325026,0.01239330741261413,9.675022272226386e-08,0.15795456195781243,0.232055774313896,1.536876769181461e-06,0.5131657207652638,0.05062721093455114,0.29834805128671515,0.3387407129695261,0.0014525650853622896,0.0
S_2103_004154_DC,2.7250082772489748e-06,0.3338777725101578,0.2861870496499277,0.00017358664558364545,0.0,0.041983688457027046,0.005057786681704313,0.11101143164227878,0.12121320251002832,0.019994798646769008,0.2695757474332401,0.09428880473276391,0.23015868196131728,0.0
S_2103_004163_DC,0.0013378863235655736,0.24483418945242152,0.051627022189949745,0.008442819027182358,4.1104897263721796e-12,0.031123034165779995,0.25949805521341274,7.675563962195042e-09,0.652960682082919,0.44476986914017713,0.16706894867243016,0.9404625707511145,0.2201991983483742,0.0
S_2103_004181_DC,7.3119637302720975e-06,0.030490272556333853,0.5446022834941877,0.010716158975373036,1.7763568394002505e-15,0.8698701637188444,0.12352998219325362,9.875622790644911e-07,0.032576720327049946,0.021129774592215655,0.3059240115428903,0.7265235061724531,0.19453112387914961,1.3578027591165664e-12
S_2107_023520_DC,0.00025037597457644445,0.21381364468501318,0.050759642543742656,0.0006317554274195558,8.134655171687655e-09,0.02391923923446515,0.5023251006232847,4.319716562228848e-08,0.3702758806715263,0.031598371152222304,0.8454500467458104,0.8267090184292578,0.32469128855349405,0.0
S_2107_023538_DC,0.001964617394975221,0.015381183821591371,0.10845204327989921,0.009436004149579125,1.6120438317557273e-13,0.6514542924900533,0.21632680068144539,8.633824766235421e-10,0.0773540549549343,0.16001952342116899,0.3068432238423051,0.8830506359014567,0.2546928940569577,1.887379141862766e-14
S_2107_023547_DC,0.6542625506991557,0.00013014657968013488,0.7788863621608928,0.008986507556508982,2.6888105075784097e-09,0.11026762967124615,0.39004956274069524,0.026839136909944328,0.2017915290551726,0.3445902550282325,0.6090934924512497,0.058315823562592684,0.12065316660970038,0.0
S_2107_023556_DC,0.0003398472249873663,0.08326337235906234,0.04869643299536319,0.0012089679368558759,4.768385686304555e-11,0.13953831497994562,0.6819883546125813,1.981807100648325e-05,0.1647984718990665,0.11799818836667186,0.10330278160345996,0.511793716969017,0.1929588653218206,0.0
S_2107_023592_DC,0.38553722114494615,0.601016370743312,0.07778308030331882,0.045531720016932065,6.910028105266974e-13,0.0007912428020888651,0.3531545065492163,0.008450356772295331,0.8195716319290522,0.10398242432411187,0.6735345997371862,0.6875009506072811,0.513295951506247,8.96860363752694e-12
S_2107_023610_DC,0.00794499718297903,0.681286887741094,0.13733751943162775,0.006319468677880247,1.2184399356129916e-06,0.29526994025504205,0.7729574051608372,0.0012341473179215967,0.5354862061521692,0.010669754209702731,0.13307267931664768,0.6520480802496835,0.16622224700309385,8.659739592076221e-15
S_2107_023619_DC,0.0592703922895641,0.012389653564503611,0.2335079780579763,0.003641382909132851,0.0008348947006984186,6.741700020462815e-08,0.5043065930918553,1.9429796017433887e-05,0.19184107563917596,0.011574253303744841,0.8972480312492681,0.830466780816437,0.960791517959664,6.439293542825908e-15
S_1907_004567_DTL,0.002131913018404763,0.015377461197679576,0.0007332323513975503,5.304996231192405e-07,0.0774285588940482,6.148998547450546e-06,0.009810869253942922,0.0,1.9597878875288188e-11,0.0037260815612270015,0.04775417854888975,0.34874776399288154,0.2587696305267069,6.661338147750939e-16
S_1907_004802_DTL,0.00029115174586524795,0.8659335873819842,0.012373175951139403,7.576542397647046e-05,0.0033861966252424214,4.686597776526469e-10,0.002408174619457304,6.661338147750939e-16,1.3352617922457455e-07,0.00020423506380429224,0.023622600260341686,0.24108039415943017,0.7380995820326541,7.704947790898586e-13
S_1907_004896_DTL,0.0007744598021486304,0.46773262668718596,0.0006101977896901811,3.480313814918645e-10,0.2864942909642998,2.0645695779641926e-06,0.008391435379145884,2.842170943040401e-14,0.0005474662226967464,0.0016770054896519948,0.023275805990175424,0.35528689722078877,0.29485246589590197,5.10702591327572e-15
S_1907_005225_DTL,0.00031520745781499215,0.00257890544094308,0.002791681269744384,8.380317551015537e-09,0.12856701634447787,0.000580022101706712,0.012111943989212781,1.2878587085651816e-14,8.762857106603406e-11,0.0025418538133787916,0.008595041508606904,0.3228521297929543,0.29033464325469605,0.0
S_2006_004078_DTL,0.0037735748372629274,0.07623622966099575,0.013075521169549686,2.3443972058778684e-05,0.02527354556851935,1.4433071751085436e-06,0.0063507725990312736,0.0,8.080842328617166e-08,0.002440450106597547,0.07992102342883967,0.22778869146742697,0.33203371257250325,0.0
S_2007_002950_DTL,0.000789108161836749,0.20639330452070737,0.06282013268057085,0.00010511815848057715,0.14784462543398003,0.00013322280866501224,0.05344272383168902,1.312017161581025e-11,0.0007326124905127074,0.001441544716122234,0.03200862256843373,0.3520646647696313,0.18083642389734034,7.327471962526033e-15
S_2007_002997_DTL,0.00014953733658362722,0.006791737803244269,0.0005772784894264582,1.8671434309780466e-07,0.09859945029839268,0.0009157658932577029,0.018116559991141257,0.0,3.1086244689504383e-15,0.004144334941789118,0.00501492864296238,0.49420777762617574,0.3763491104292167,0.0
S_2007_003044_DTL,0.39535026505682414,0.1528779870766772,0.12591652527768815,0.07883666290204205,0.04336537951920971,0.0024523183814457727,0.11155825997110336,1.9422749504949266e-05,3.7046658651895825e-07,0.19184186184560925,0.8976660549720705,0.6859890364347279,0.4357011071162282,2.531086451540432e-12
S_2007_003091_DTL,0.012372689215767396,0.007690436301162951,0.0006021396747695196,2.3431256157557812e-07,0.07689598457726698,0.003219415689859284,0.053753540929197374,1.1615153283628388e-12,6.090445925366339e-10,0.003174366394045336,0.1253219133348562,0.15607740024695804,0.07592872158121744,0.0
S_2007_003138_DTL,0.0059555844817698045,0.3706976164071134,0.010678340395585018,7.243796698030991e-06,0.009543610646121303,3.985169971798541e-10,0.0002816525045425955,1.354472090042691e-14,0.003388463191342117,6.446687255579064e-06,0.06198275749969295,0.09461764064165634,0.20879279284750862,0.0
S_2007_003793_DTL,0.0377972096766126,0.12237964333092721,0.011307884628326104,0.000687354104173421,4.657598404289587e-06,8.881784197001252e-16,0.0022475808575399547,0.0,0.46159065149623,0.008782932763398588,0.8438788128996593,0.6570895645530213,0.14074587075615486,3.931066583362508e-10
S_2007_003840_DTL,0.016677053523197483,0.1144227875254733,0.008051630284387823,0.007033018566678706,0.004204523728969178,1.6861599617890022e-05,0.004924798339369207,1.509903313490213e-14,4.040523915449512e-09,0.006313650295163731,0.0784252009158326,0.0818596050843643,0.9673575487449368,0.0
S_2007_003934_DTL,0.009112838443480653,0.9776135347092731,0.024335802526286532,0.0013981742431994348,0.07657449919595294,6.576928912593871e-08,0.0012429474058854861,6.661338147750939e-16,6.721453994451565e-05,0.00026639526931737656,0.31183476110402775,0.16444523978013104,0.10554255994877915,8.897327319346005e-13
S_2007_004216_DTL,0.016677053523197483,0.1144227875254733,0.008051630284387823,0.007033018566678706,0.004204523728969178,1.6861599617890022e-05,0.004924798339369207,1.509903313490213e-14,4.040523915449512e-09,0.006313650295163731,0.0784252009158326,0.0818596050843643,0.9673575487449368,0.0
S_2103_004019_DTL,0.0754855504733083,0.6529334132521438,0.1158451969158556,0.041986438511480095,2.539826657876887e-07,1.6330042722501048e-06,0.0067600398021996355,6.2984033544211115e-09,0.07731799208259771,3.1198399731868776e-05,0.19994164141946436,0.002632630779586531,0.16671639746423317,0.0
S_2103_004028_DTL,0.03641348337119221,0.253075807294058,0.016428932549070074,0.03897745962597843,0.0013601391793629514,2.1549577091217742e-05,0.003119718703058716,2.927746933778508e-11,0.004857630777741262,5.5137622766876504e-05,0.11470865956176302,0.2719846347883266,0.17665121850162846,3.2174263253637037e-13
S_2103_004037_DTL,0.6180915376602227,0.018358857986756405,0.2282003671227686,0.06520382741308262,5.689404503073092e-11,0.5645375904622563,0.6057324127874946,0.3458828153165596,0.8395562570369499,0.6672392393465727,0.21343710091335621,0.8752748146700338,0.6588581164200242,0.0
S_2103_004046_DTL,0.02515080609110454,0.9429838437313325,0.02176081018088305,9.9352517625384e-05,0.006352903700801216,2.206322157149998e-05,0.013818762179238053,8.200148216008785e-07,0.1265298009724498,7.547712455036049e-09,0.2904787369338928,0.9401153425960762,0.1268101882919228,4.418687638008123e-14
S_2103_004064_DTL,3.9758681821489006e-05,4.218836755276456e-06,0.000937917258114096,4.98784313407441e-07,0.1683368965568155,0.0009750511225830039,0.01475711825650361,6.497586912956876e-10,1.7339908175983965e-08,0.012680713803215227,0.002457452015393269,0.00795997116049052,0.16613353732314873,0.0
S_2103_004073_DTL,0.08489325621061017,0.9222225286903378,0.023822211048991404,0.16504847810227385,5.0508060162934854e-05,0.03389033996995083,0.1739489876593756,2.4264658282646678e-08,0.3066348262308791,0.008318206951826612,0.2572119781447064,0.15192304938429713,0.2846246783274049,2.220446049250313e-16
S_2103_004091_DTL,0.00013925197277342427,0.0001450015081285727,0.00012830710123790112,7.599670219793353e-07,0.1725939701963084,0.00013868524823479333,0.023586648004912725,9.035290293724074e-10,2.406852495084877e-11,0.038092715575070324,0.04107711554374993,0.02784871777908715,0.2636929340759351,0.0
S_2103_004100_DTL,0.020460576844920197,0.41823793465181525,0.07886913833967046,0.00808226812187085,0.0009132788066619213,2.896130379959061e-07,0.04402739031006897,3.601363651739575e-11,0.3304575108258585,0.00014827755175184087,0.2872297377861508,0.06294081995800882,0.0915724057629057,0.0
S_2103_004109_DTL,0.00010982784581048399,2.25396450206361e-05,0.0038033880418706367,5.740589557712283e-06,0.20880369996290415,1.5890610996827093e-05,0.09785561561206935,9.172440584848118e-12,0.00031148473566133816,0.07987904052578854,0.03170268084049921,0.0038972927129887758,0.09815186514902408,0.0
S_2103_004118_DTL,0.05718671745949977,0.2646817668876884,0.0782634817812713,0.09239694306040436,0.07587566640039145,0.00015646840936800466,0.008301000638821776,2.2799733534473177e-06,0.014929849995870326,1.452982815841608e-06,0.16691504793774636,0.16371489101843384,0.023182930234905585,0.0
S_2103_004127_DTL,0.012554843996230858,0.03810225381874788,0.9851079028969552,0.0006506951809039929,0.11422698307207502,0.00391662119472258,0.07879560085043535,0.10978683046293436,0.0003517735845746106,0.18816897947113032,0.03183073481369636,0.004165364514929104,0.359187018982708,0.0
S_2103_004145_DTL,0.00041935842469720264,0.029412345333871714,0.12719821754222416,6.294644961490903e-06,0.027868043747317994,3.479102129877454e-05,0.023593738779434936,1.7729775492192346e-07,0.14895028796019605,0.00029256755110163013,0.04405300460306294,2.8024784385571877e-05,0.33297018232163733,0.0
S_2103_004154_DTL,0.00012767301662242048,0.11676900151669733,0.11386816965951807,0.0024698477188611623,4.041887057137927e-05,9.99461208774921e-05,0.004118158356762658,1.6811582368214673e-05,0.0023918367537614227,0.0002600199515805368,0.009572313896939022,0.001548907749779671,0.08765356994056472,0.0
S_2103_004181_DTL,4.40978421585303e-05,8.99374824268051e-05,0.00689649581866969,1.1322760296028633e-06,0.6547591109015878,0.0003544092819063316,0.101908582487096,1.4797770342411809e-08,3.701261272381906e-05,0.009921347885075038,0.022112654162265155,0.0010770818972958285,0.1352166925167464,0.0
S_2107_023538_DTL,0.19642407414005048,0.28218561746856397,0.020587100523184798,0.0024167369062750854,0.46588495121200024,0.2421124421884262,0.2990841030641618,0.044381314262864624,0.0021315193033693003,0.29031506826043674,0.9349586050144554,0.0008112391987449286,0.06744532584127017,0.0
S_2107_023547_DTL,1.1919232796309132e-05,6.507844485525993e-07,0.015636209623682618,1.032001712975017e-07,0.42775094370706457,1.1249324151085816e-05,0.02493878425516516,1.2831618878550444e-08,0.0002103053188888815,0.007139658492630652,0.017427113409710593,0.0003117636412506286,0.13007867703664155,0.0
S_2107_023610_DTL,0.016583956840904523,0.08991975779642702,0.0019857385652652937,2.8522295636435047e-11,0.32846409961132284,0.0010521633560500732,0.3140988282866859,6.036282584886976e-12,0.015627927628243388,0.0023443642299014744,0.03695441107524955,0.0013669599768542096,0.13636598510860098,0.0
S_2107_023619_DTL,0.513835450233429,0.8311032490148311,0.10591091302797118,0.00051966482747412,0.20819901316387046,0.01622465808194229,0.14206042729672141,0.2584271456390326,0.4985176657967316,0.5827818041645991,0.08637109574987845,0.35817212213443383,0.6505869049588644,0.0
S_1907_004567_EC-DVR,9.76434770225687e-05,0.7694901319790952,0.06359252336116361,4.241891127243491e-08,0.0,1.4642789178953564e-05,0.0007476895476468126,6.2278404655558e-11,2.036060209320567e-11,5.125970881092456e-07,0.028944986957261776,0.38293765543581837,0.5341262035531704,2.220446049250313e-16
S_1907_004614_EC-DVR,5.0142442059364356e-05,0.6834762527299589,0.4222433804015937,4.279668901485678e-07,0.0,0.0011393478256482847,4.323502712733074e-06,6.034072722904682e-05,2.220446049250313e-16,4.918367935147216e-10,0.05085199755240466,0.1635569932092622,0.9782381830629228,4.842126699600158e-12
S_1907_004802_EC-DVR,0.0003425156687579811,0.9323611940696939,0.6965769542163622,0.0033571365794944352,0.0,0.0005925467639389392,8.882286820277585e-05,9.923416788293338e-07,4.2098855956851366e-08,2.7796936865609467e-06,0.009861376587341653,0.46141551511439394,0.7343619784075508,0.0
S_1907_004896_EC-DVR,2.306124676931809e-05,0.7327442103483892,0.030502775911567692,7.137601620854639e-11,0.0,0.0015157464464816695,0.011283820431070124,9.823075686199445e-11,6.217248937900877e-15,9.086277197312143e-07,0.011498484126856168,0.22243513848625662,0.958029026264203,3.774758283725532e-15
S_1907_005225_EC-DVR,2.9526232409704534e-05,0.6275774776060932,0.1726084645042738,7.158076353874776e-10,0.0,0.0004789801147155881,0.00035290113032115933,9.155638469593441e-10,0.0,1.1160884978433927e-06,0.017222329102068112,0.6650187724919034,0.8399299526164881,0.0
S_2006_004078_EC-DVR,0.001719173609981528,0.036004641409014715,0.43253232193524793,0.04714658757367074,0.0,3.273241608869881e-07,5.526612052886293e-06,1.4440946971561175e-06,1.0160809971182516e-09,1.0359687196981326e-07,0.16510870273969802,0.6454017586559506,0.34349307150285413,0.0
S_2007_002809_EC-DVR,0.010930720995953047,0.31519183909600557,0.08637159677968853,0.004812736650291027,2.09321449062827e-12,0.00113836515683996,0.0014249253739446743,1.6370398357556937e-05,4.440892098500626e-16,9.246204091395427e-05,0.02819148312186348,0.7840862244715132,0.8610629499307041,2.7355895326763857e-13
S_2007_002950_EC-DVR,2.0140613128161178e-05,0.33192233750019606,0.7636511652211821,2.2018475931417925e-10,0.0,0.0012000097932027831,0.032416359681653795,1.012568131564251e-07,0.0,0.0018269109630271174,0.006751316155004572,0.4011155476610979,0.9449569850847581,0.0
S_2007_002997_EC-DVR,2.0745001286126552e-05,0.1002745357064565,0.09805706776805789,3.776087649232096e-07,0.0,0.16146560543732535,0.0002256962646107752,1.1911127195673998e-08,1.5543122344752192e-15,6.329041446484496e-08,0.010334953247550516,0.0957692432071422,0.3587611804503097,0.0
S_2007_003044_EC-DVR,0.05774827779623859,0.5294965167016712,0.14484043315287298,6.790621849273037e-07,0.0,3.191955715298178e-07,0.006424157127613572,2.651969346345595e-07,0.0,0.002816674174889622,0.6096083733151321,0.5727925558192253,0.6425120121109913,6.920242157093526e-12
S_2007_003091_EC-DVR,0.017937525439965185,0.14081369158454637,0.8799805944034218,0.06055578348577839,0.0,0.10960569704001344,3.786197178001771e-08,3.293523231917561e-10,1.3139711541043653e-10,8.181677557672629e-12,0.31159403799795693,0.8686229384279605,0.7077737737302643,3.774758283725532e-15
S_2007_003138_EC-DVR,0.008811072133439568,0.47504203136401824,0.7375972108744557,0.0022201899539500136,0.0,3.133673278643556e-07,2.1915901371905022e-05,6.409540009855164e-09,6.838973831690964e-14,2.8415100272738414e-07,0.02238053395463835,0.38827490079447613,0.7528498692037013,0.0
S_2007_003793_EC-DVR,0.0003756193802137986,0.7224796958129276,0.9816707519833061,3.402178048172999e-07,0.0,4.264943311849123e-07,0.00011953510853568439,7.2468202549913485e-09,0.0,7.009199677776579e-06,0.20599376044958406,0.5317396969537922,0.2479081147123614,2.220446049250313e-16
S_2007_003840_EC-DVR,0.0028526032843276816,0.27259097341259353,0.5290739868791032,0.00025331884320678455,0.0,0.069116896650393,9.322462077854254e-07,0.0006492705839054036,4.589661983800397e-13,1.89539361983293e-09,0.49129662970283783,0.5643376648818603,0.9205041446756934,0.0
S_2007_003934_EC-DVR,0.00029534830076238805,0.444677301816895,0.5855269373584504,0.00014593703407328462,0.0,0.0019404405402076996,0.0007248009878697559,1.0931590854745821e-07,0.0,6.821639686460657e-07,0.17047003724308318,0.22092758692319348,0.5808863358060803,3.3306690738754696e-15
S_2007_004028_EC-DVR,0.0002716773490842872,0.8411948989707865,0.405413979688948,4.68782695366432e-05,0.0,4.700935463120004e-08,0.00044786897092596867,3.8500197963031724e-07,0.0,0.000275066770579091,0.026420442147759404,0.22119178042973386,0.5713428409784673,1.3322676295501878e-15
S_2007_004216_EC-DVR,0.0028526032843276816,0.27259097341259353,0.5290739868791032,0.00025331884320678455,0.0,0.069116896650393,9.322462077854254e-07,0.0006492705839054036,4.589661983800397e-13,1.89539361983293e-09,0.49129662970283783,0.5643376648818603,0.9205041446756934,0.0
S_2007_004263_EC-DVR,0.0002716773490842872,0.8411948989707865,0.405413979688948,4.68782695366432e-05,0.0,4.700935463120004e-08,0.00044786897092596867,3.8500197963031724e-07,0.0,0.000275066770579091,0.026420442147759404,0.22119178042973386,0.5713428409784673,1.3322676295501878e-15
S_2103_004019_EC-DVR,2.779726517121439e-05,0.7350502014798113,0.3640508997626859,0.0032988178026043258,0.0,2.3302417061277225e-05,0.00028778362913284283,9.327769531664032e-06,0.0,6.246580121160861e-06,0.4491552024905734,0.8438305129977177,0.4645431770050026,1.9984014443252818e-15
S_2103_004028_EC-DVR,0.008723682793068122,0.7001697804551532,0.37839248129549863,0.0007099862868069629,0.0,0.000173754298614881,1.0044701892475416e-07,1.558053686068206e-09,0.0,6.260987284179009e-10,0.13108408526988047,0.209089841198683,0.4948267061645155,1.0232692471134897e-09
S_2103_004037_EC-DVR,0.004054836308763576,0.00018360937352368545,0.7980309759464053,6.994033436846792e-07,0.0,0.0021574879060539676,0.006075607148142481,0.00017284135113282417,0.0,0.00014083999282710202,0.006598210044882036,0.24087607078497553,0.3130290185333937,0.0
S_2103_004046_EC-DVR,0.00024559206059393546,0.035288085239198574,0.3324789685933027,4.005194424339109e-06,0.0,0.04725151388694515,5.870876573066397e-05,0.00021866675226589471,1.7930101847696278e-12,3.153820005152852e-08,0.0016431201597484346,0.42095939110089486,0.4179442621576619,0.0
S_2103_004064_EC-DVR,5.390960275963863e-06,0.00011607175247729806,0.022905655513391743,1.4135699610839936e-07,0.0,0.0010833447052938094,0.000622016752040544,5.850796760409338e-07,5.3290705182007514e-14,5.728709218910666e-05,0.004337252599143637,0.41084526756822104,0.30977417828454024,0.0
S_2103_004073_EC-DVR,1.7282210410529686e-05,0.9754284522905945,0.2598736742665386,4.754773192061634e-06,0.0,5.327751651407198e-06,4.426953392089317e-06,0.0004161176580963488,0.0,9.597699324181974e-08,0.07168467013943669,0.7860126548485304,0.8185220617611304,0.0
S_2103_004091_EC-DVR,5.182815286719489e-05,0.022460537737620134,0.13270323947864493,1.4585747881490363e-05,0.0,0.004033843900206113,0.0021115896321721728,0.002095505208955073,0.0,4.8231089466943544e-05,0.04927479149567837,0.8122619994962197,0.9019330204204188,0.0
S_2103_004100_EC-DVR,0.00026071757509393834,0.6375370112269634,0.34275434542812255,0.00047881785719128267,0.0,0.00631409564336316,2.2527624476964547e-07,2.257624210222353e-05,0.0,1.183038111918222e-10,0.010117621950916256,0.02762466487222537,0.9188374185724903,0.0
S_2103_004109_EC-DVR,8.58186710359643e-05,0.07698170978852703,0.603140905641667,2.0762074504077077e-08,0.0,5.618590543376989e-05,0.0020530664936324605,0.0017971490061992057,0.0,0.0002300118282676511,0.1746947892118509,0.9488513526197342,0.8417497364470026,0.0
S_2103_004118_EC-DVR,0.0013157949990385553,0.1661505071421132,0.04041760150185403,0.0015083399107409523,6.661338147750939e-16,0.00019922768123548096,0.04051792994259773,0.09299552174612047,0.0,0.026645292508180818,0.009983708770659572,0.16943583533223272,0.9081933570697145,8.755218772193984e-13
S_2103_004127_EC-DVR,4.1342110455921954e-05,0.00662878604694761,0.86933991721898,9.69945182860421e-06,0.0,0.0036314190222026532,0.002858951878300875,1.1213951684352352e-05,0.0,0.00044441338016509846,0.045863497125761654,0.6126338838280803,0.6266098452577253,0.0
S_2103_004145_EC-DVR,0.0011593247118688588,0.46493732328225534,0.13018339870489726,2.3397906501188004e-08,1.3766765505351941e-14,0.00011330147123889134,0.010202512567131006,0.002514485273318101,0.0,0.0008376736811386287,0.04997523398737136,0.9422517309113867,0.923652871629367,1.7763568394002505e-15
S_2103_004154_EC-DVR,0.0002529957494825652,1.7197723022999156e-05,0.30704041708958796,9.2849376306825e-05,0.0,0.0004415042109009448,0.001807435138723168,0.20197782751105753,6.262714791205326e-10,3.8901724997986165e-05,0.00438060579043853,0.13253693323968507,0.8977442643207842,0.0
S_2103_004163_EC-DVR,0.0001413918136363712,0.028912235496475036,0.9776387465280743,0.0003206102019239765,0.0,0.0013867126512598915,3.4259661819469045e-05,0.014021924051829338,0.0,2.1261013709583665e-06,0.030423845189657017,0.8204798190325409,0.7432364596120342,0.0
S_2103_004181_EC-DVR,0.00011912376098921484,0.004809767953051214,0.9789859157184841,0.000518028342042065,0.0,0.0010335448487603927,3.098678690238721e-05,0.0002705487873764234,0.0,2.9214553389778075e-05,0.0018338178154808649,0.42286043455977174,0.980599718895214,0.0
S_2107_023520_EC-DVR,0.0009178003445904359,0.014305303782101042,0.4157820851188976,7.189167563481647e-07,0.0,0.0003045481388268545,0.00020968583075209324,0.00021685810379934445,0.0,4.0508902749980535e-06,0.004108744746743831,0.4956049707208743,0.5606446268635379,0.0
S_2107_023538_EC-DVR,0.0011934446275339017,0.0026956348141706776,0.5466976307939144,0.0006699632286397694,0.0,0.013426131998479418,0.010357894983502147,0.16329779005820422,0.0,0.006315974725212836,0.050935296678632724,0.30667172352735506,0.31167014869928744,0.0
S_2107_023547_EC-DVR,0.00016663460089505477,0.011480601843358196,0.7652920984544416,1.7350010317329634e-10,0.0,0.00016276460297381945,0.03313701240756006,3.997263381561034e-05,0.0,0.004067911907095212,0.052411782961285125,0.9505983168421035,0.9138113463532394,0.0
S_2107_023556_EC-DVR,6.912969406092095e-05,0.03672067563728176,0.49059340371164706,1.0209644574210586e-07,0.0,0.0012549627414366604,0.0012649587488160474,0.012895916227651183,0.0,5.374255935453043e-05,0.02714952389594316,0.45159862754463775,0.9592173138087459,0.0
S_2107_023592_EC-DVR,0.006822606749916638,0.03125588132843382,0.4161525567973041,9.473431217266182e-08,0.0,0.001751245325590567,0.002976393580925496,0.006923793282457291,4.6629367034256575e-15,0.0011424824086745389,0.007426429617755526,0.5284201467089149,0.4678873479819565,0.0
S_2107_023610_EC-DVR,3.7765987408899804e-05,0.00033414810028165043,0.7570445182300538,1.9734948297767119e-07,0.0,0.0066564962812099004,0.0010592149893029479,0.001369132442774923,2.220446049250313e-15,0.001402053999260744,0.03300733031689984,0.8509291820944065,0.13624524328322463,0.0
S_2107_023619_EC-DVR,5.3530386019629006e-05,0.0011854915159514867,0.7191468087782287,0.002703469234932143,0.0,0.0009469130190637998,0.06656791711841281,0.8137065889335071,2.7264857038744594e-11,0.16057106093211138,0.0033707896096561996,0.8807828755275366,0.7303077768202697,1.4654943925052066e-13
S_1907_004614_EC-GC,4.217349515833746e-05,0.7733998684023744,0.3311467203824636,0.004287371680188334,0.0,5.7639590523628215e-05,1.5133430922409374e-05,2.2648549702353193e-14,8.15880696336535e-12,4.801204989135499e-09,0.06457353570775703,0.17141850432400152,0.898904988505512,5.995204332975845e-15
S_1907_004802_EC-GC,0.0025234068686503797,0.8838729751724443,0.07511941859518756,0.0017883907590288128,0.0,0.22203662386333312,7.678753621909173e-05,0.011730753768676383,5.3618220974271935e-11,1.308151381440581e-06,0.05317772106166618,0.4272712878223859,0.5576260949435452,0.0
S_1907_004896_EC-GC,0.00010861457806998764,0.005115765859992294,0.010142084570037957,0.008012121596992605,0.0011325497378205096,0.0016805300007125545,0.051868132488430696,9.354867588839966e-05,0.00022374416520776208,0.021957212129331438,0.5314762627587704,0.5315491631581777,0.8293775056741297,0.0
S_1907_005225_EC-GC,0.2717677375074383,0.20514989874038259,0.7761721606436165,0.0009752751327896103,9.525764621542976e-10,0.4921712244398724,0.09049164956241196,9.050601259441571e-05,0.00021304809543387648,0.029119793201408006,0.12292996450209537,0.7707098812985405,0.3599938152056572,0.0
S_2006_004078_EC-GC,0.0003542666038294229,0.15658772417040545,0.02209788480046937,0.0058586052037643555,0.0,4.508460105689949e-06,0.0006642406647310306,1.5374368445009168e-12,1.3598011605608917e-12,3.7016389953237194e-11,0.22361363020880387,0.07949063211425256,0.8932674155557632,0.0
S_2007_002809_EC-GC,2.883613270387997e-06,0.7229072618000865,0.14682538091495867,0.0018000949815799583,0.0,0.0003235136800230354,0.029361611019187217,5.961157123479666e-09,0.0,1.0641334324823504e-07,0.038678326209461655,0.2824334300552289,0.9652846128255594,0.0
S_2007_002950_EC-GC,8.474914103828723e-10,0.5668549800919731,0.0698222770338428,0.002418751616371395,0.0,0.0018844715193273576,1.2161883526928818e-05,1.5647128037699076e-10,0.0,3.6060043839825084e-13,0.012173023313615694,0.36168880994806374,0.6076840755423039,0.0
S_2007_002997_EC-GC,0.04475670449157021,0.920079131723383,0.016299346126068315,5.204536450698072e-07,0.0,0.09379304025111268,0.0014649380129574396,3.058428357238796e-07,4.440892098500626e-16,6.889011747723828e-06,0.07531330941085224,0.5452961777663132,0.234700950839823,1.709743457922741e-14
S_2007_003044_EC-GC,1.4193091451675244e-05,0.579732130699449,0.7971590042618928,0.009459001743414408,0.0,0.695456232533779,0.0003155271339796428,0.11899126340732158,0.00038643486393041826,6.640957174752771e-05,0.24823194248333058,0.910706245079512,0.692738178417228,0.0
S_2007_003091_EC-GC,3.341715949289892e-06,0.88756665755899,0.08685082908659791,0.031460978063035716,0.0,5.855633415752237e-05,1.8360195586097916e-07,6.773268612647598e-10,2.2523383158556953e-10,8.808731521980917e-11,0.02728019958826744,0.1571688765696586,0.9366651229340355,0.0
S_2007_003138_EC-GC,9.152963500569378e-05,0.2812225658875236,0.27238633731564654,0.02340884445542879,0.0,0.031123970486523156,4.862296204999339e-06,5.4473719061975956e-05,4.665052788510593e-10,8.538762807930311e-09,0.3312134987702331,0.6935771364395635,0.535343566598709,4.6661563501970704e-11
S_2007_003793_EC-GC,1.724935623226287e-07,0.5395304709655058,0.022306334549691886,0.016470029468613534,0.0,0.0023594170484009247,0.0001407661547032646,3.3306690738754696e-15,0.0,1.290321002933581e-06,0.02721678892335122,0.31473077316539055,0.9382752124342004,1.1102230246251565e-15
S_2007_003840_EC-GC,0.00010558660718840152,0.9127152436086665,0.734062958499492,0.008700491309298508,0.0,0.0015682766302111961,0.0001432964029064454,7.157008319325087e-11,3.552713678800501e-15,3.854341001696682e-06,0.01053884200932309,0.11730267241103243,0.8693545230924875,0.0
S_2007_003934_EC-GC,2.0682590284870628e-07,0.662309851506909,0.06450480346239851,0.021268647168749766,0.0,0.00011783144073973517,1.3630138218090337e-07,8.275380380950992e-12,2.886579864025407e-15,1.5942802633617248e-12,0.12383710953811078,0.21772265376800437,0.7673768364478937,0.0
S_2007_004028_EC-GC,5.6807243131729024e-08,0.08070530800677034,0.13637356964688419,0.06107187621216981,0.0,0.007486920316033041,7.228307601270245e-05,1.6939560865125713e-11,1.2745360322696797e-13,9.877234719013472e-08,0.044009962386144075,0.5494713190051226,0.8111592214264318,0.0
S_2007_004216_EC-GC,0.00010558660718840152,0.9127152436086665,0.734062958499492,0.008700491309298508,0.0,0.0015682766302111961,0.0001432964029064454,7.157008319325087e-11,3.552713678800501e-15,3.854341001696682e-06,0.01053884200932309,0.11730267241103243,0.8693545230924875,0.0
S_2007_004263_EC-GC,5.6807243131729024e-08,0.08070530800677034,0.13637356964688419,0.06107187621216981,0.0,0.007486920316033041,7.228307601270245e-05,1.6939560865125713e-11,1.2745360322696797e-13,9.877234719013472e-08,0.044009962386144075,0.5494713190051226,0.8111592214264318,0.0
S_2103_004019_EC-GC,3.484975841239191e-08,0.06495206185787117,0.03241814720757641,0.004013527808901518,0.0,0.003893438045124986,4.868581698458385e-06,1.1458594184610149e-07,4.6629367034256575e-15,9.473629658529603e-09,0.03221781817296665,0.9362064013324423,0.7499883763352546,0.0
S_2103_004028_EC-GC,4.250172125352947e-07,0.23794586671090068,0.03155538967561822,0.30080527768282206,0.0,0.0003503563682965005,4.639442931386739e-06,7.599680884595728e-10,3.6204372833026355e-12,1.195400889386633e-09,0.020641474834929285,0.1317362811750611,0.7759942144667713,0.0
S_2103_004037_EC-GC,1.6178174775394183e-06,1.4228356604029102e-07,0.0522810053918461,0.0005372878869502884,0.0,0.10814096155553021,0.0006057764549027844,3.060832381929224e-05,9.948042389851253e-12,7.534650034890511e-05,0.008921699278343409,0.6534988156138879,0.914544842769331,0.0
S_2103_004046_EC-GC,3.0506178738676226e-07,0.5352946031484307,0.0836797351375782,0.0008705197564142786,0.0,0.03207440635399794,3.9501142601316985e-07,4.944522702388099e-08,5.284661597215745e-14,4.972096068200926e-10,0.08956482474310645,0.14090861866340765,0.7806310877165321,0.0
S_2103_004073_EC-GC,1.1469740046621268e-08,0.0006964725549061246,0.032336124000509336,0.0009009400526318601,0.0,0.011530675654090494,1.727327790890243e-05,1.4919031410265404e-07,8.881784197001252e-16,2.41572661208167e-07,0.031703682018674684,0.9354188976192601,0.9491943139806174,0.0
S_2103_004091_EC-GC,6.651021577930294e-08,0.0031162238815469756,0.10389524180977938,9.326422751287922e-05,0.0,0.05974265862973005,0.000783797452049706,5.9257236925347456e-05,0.0,0.00027579586152071123,0.0314549869410381,0.41093036827701046,0.6802704606664483,0.0
S_2103_004100_EC-GC,0.00020646151124781298,0.3794768460556057,0.15615705321936502,0.028458323423975695,0.0,0.0015665625529581728,0.00011188548075491411,7.373637700425206e-09,9.325873406851315e-14,1.9020026886806818e-08,0.15438780467354318,0.7482307820723417,0.9770422386798514,1.4654943925052066e-14
S_2103_004109_EC-GC,3.216925170690388e-09,0.0004598578255845531,0.08479881687065594,0.0012648784550175485,0.0,0.144755511836977,8.111442568980998e-05,2.324459731939399e-05,3.7969627442180354e-14,1.060870622460186e-07,0.0113260912976898,0.51190244578155,0.5987945685438043,0.0
S_2103_004118_EC-GC,1.2871803090064304e-07,0.004784907529809201,0.2225544154099488,0.00012041150386843391,0.0,0.023000670776712306,7.036948370675589e-06,9.790614065696701e-06,4.905711348257569e-08,3.694848556001773e-07,0.3184669825738202,0.8122465884245738,0.9520706030419464,0.0
S_2103_004127_EC-GC,2.934363207973689e-07,2.4872260576458416e-05,0.12787301249225225,0.0012515563354582593,0.0,0.08136231603795618,1.3677754133079034e-05,1.691347553123279e-07,1.1465051130699067e-11,1.583165081253668e-07,0.013152249699831753,0.5860966692068057,0.9764974287411077,0.0
S_2103_004145_EC-GC,2.5934319247689075e-07,7.510003753763428e-06,0.07963777351093615,0.0015954131864184262,0.0,0.11601577803180385,2.8310728074742997e-05,1.0612554524058737e-07,4.4919623576333834e-13,1.7148615127915434e-07,0.034023382381874745,0.28270604177987924,0.9688816614727063,0.0
S_2103_004154_EC-GC,1.2940259106475338e-06,5.09989830332902e-05,0.09146370113509361,0.00020302628130997036,0.0,0.0743943972307135,7.595849453001513e-05,0.00543925726980099,2.7366708899023706e-10,3.1308589671930065e-06,0.023764848825159612,0.4601520479435002,0.5326110970945566,0.0
S_2103_004163_EC-GC,6.35016473182759e-07,1.4987140873445881e-05,0.2439031071511477,0.0009192963070669968,0.0,0.2849649777729726,0.008891946084793823,0.00041800436737005064,2.045230651503971e-11,1.060201627289814e-05,0.029763332565821754,0.1802006140373833,0.5995281771218139,0.0
S_2103_004181_EC-GC,4.426042377048134e-08,4.708578818846121e-06,0.040973162298683086,0.010973716628507546,0.0,0.44264664361681083,1.7168065018502432e-06,3.1646334974766432e-06,4.666089736815593e-11,2.9621086472531033e-08,0.01674002995021162,0.6071193405090431,0.8069852967013667,4.218847493575595e-15
S_2107_023520_EC-GC,5.369396138599214e-06,9.788600149329696e-06,0.2848440023569243,0.0007474185255778032,0.0,0.2107911202454904,4.154995237648507e-06,9.04393042620022e-05,7.246270250504949e-11,3.0348352098030773e-07,0.05255841812095641,0.7228530168111618,0.5828261095910618,0.0
S_2107_023538_EC-GC,0.0003660966932481635,6.472860203388109e-08,0.2958948587601824,0.10083776870546624,0.0,0.13446290997798704,0.02935194265410379,0.03288562655054572,9.246419852004806e-09,0.00189201763345892,0.026390133712858477,0.30229667699544027,0.11092032073983527,7.993605777301127e-15
S_2107_023547_EC-GC,1.2649497560524026e-07,0.0009286084831463537,0.332575642201302,0.011565949481408433,0.0,0.28794756311662795,0.017719735155521166,0.0004016807126656641,4.756728855248582e-08,0.002439485894192739,0.18276947741139593,0.8956332954541706,0.664920596592367,1.9539925233402755e-14
S_2107_023556_EC-GC,5.511852085859914e-09,0.0019186537430095907,0.0858723239475574,0.0001670488848786178,0.0,0.027083438353543654,0.0002538402631142578,0.0007672107756642177,0.0,6.419875214325188e-06,0.009908044552441986,0.43046151974839875,0.90922061354483,0.0
S_2107_023592_EC-GC,5.429596749984e-08,3.1496065733271905e-06,0.1511375837804334,0.26904022335702527,0.0,0.04298356744424048,0.008751108172781352,0.15052310864207952,6.7663030733911e-10,0.0005521122960554514,0.0148091214350754,0.39968907191468683,0.18159390371070705,0.0
S_2107_023610_EC-GC,5.087306933493352e-07,7.425162973362376e-08,0.3892089825634397,0.001960703943473918,0.0,0.7132434468042559,0.0006781998769063158,3.870167723585283e-05,1.3180567748349858e-12,9.13007074920813e-06,0.010664937524116791,0.8213468522590839,0.50580208731828,0.0
S_2107_023619_EC-GC,5.605933631525062e-06,0.013829689943503753,0.25657049165714785,0.0263323669037292,0.0,0.731966838014841,0.07003027618641577,0.003710972846461491,4.4920460418040875e-07,0.002847832170896236,0.08512152922628768,0.2175865604500793,0.9944584649442931,0.0
S_1907_004567_EC-LYM,0.0735346576601148,0.9967733187663748,0.6178890541997641,0.06077273370361591,0.0,0.02147814058278752,0.03490646777879003,0.0005080020753580605,0.007048538518836578,0.0945655877266014,0.3744400574148359,0.727439083435601,0.5525232731823229,3.175237850427948e-14
S_1907_004802_EC-LYM,0.0007914725847781856,0.8983946785143389,0.21868878321900098,0.005599060908957565,0.00016399434691893866,0.01901907818824311,0.1764066415199388,5.381976395657517e-07,4.470920687671409e-06,0.10258252521122069,0.028462211372118018,0.48250179004888727,0.8847925913089423,0.0
S_1907_004896_EC-LYM,0.09129896666321846,0.4751693598456155,0.8843015301570922,3.5886238269888793e-07,3.6545476267413335e-07,0.3792943771248316,0.438844374899487,0.0003982485177793649,0.0036183916875269784,0.8988066712777023,0.7065907658245263,0.8141435773644794,0.932344867009947,1.908684321705323e-10
S_1907_005225_EC-LYM,0.00047488402185957845,0.5808217234634636,0.0720322007042109,2.0177842596780238e-07,6.273000341394663e-09,6.754829518174077e-06,0.13100841925647844,6.661338147750939e-16,2.0567027281259698e-07,0.03442792254039806,0.01206182130823863,0.6734859710320997,0.7370482403833365,0.0
S_2007_002950_EC-LYM,0.3008766986755933,0.22977632300897577,0.5864778647542521,6.136734835604507e-05,0.2180120575479485,0.11741381081541324,0.9150562162338405,3.106709622135995e-05,0.5780893698775049,0.9643103351510836,0.4136537140537646,0.551057751752976,0.9310068183431586,0.0
S_2007_002997_EC-LYM,0.7564568700355108,0.5416433589099239,0.2915922795858872,0.42613025832011164,3.8195513212269105e-06,0.4884066283400075,0.04975209968358274,0.44037344826463887,0.17871368513336705,0.12270563184825733,0.7274885002082359,0.2291567202906224,0.722723094944173,0.0
S_2007_003044_EC-LYM,1.3321691039180905e-07,0.35224149040658626,0.505814042595649,1.0369466167059471e-05,0.009168066563359334,0.026521028237662003,0.34325223315812603,2.5477441383259247e-06,0.808724477640878,0.37728447678106836,0.049870147442678814,0.511306546110474,0.5744864555698332,4.631850458736153e-13
S_2007_003934_EC-LYM,0.030477262014882767,0.1637991083945094,0.0029558258112727387,0.01714348440165092,0.05368926134954988,0.0005960842463419436,0.2573381613548873,8.881784197001252e-16,0.003451128440069118,0.08478754290420065,0.3798896716745399,0.40543856180334226,0.28455295922548673,0.0
S_2007_004028_EC-LYM,9.007203604749492e-06,0.9445004688261958,0.042207955252205887,0.06448083024466866,0.0002341367866818267,0.041140563693115695,0.21565380741228646,7.081467356728766e-06,1.1737119394172879e-05,0.17230152062470716,0.11028924705190168,0.23794869848854527,0.21276249368882905,2.220446049250313e-16
S_2007_004263_EC-LYM,9.007203604749492e-06,0.9445004688261958,0.042207955252205887,0.06448083024466866,0.0002341367866818267,0.041140563693115695,0.21565380741228646,7.081467356728766e-06,1.1737119394172879e-05,0.17230152062470716,0.11028924705190168,0.23794869848854527,0.21276249368882905,2.220446049250313e-16
S_2103_004064_EC-LYM,0.0004311909487879628,0.6354932301668763,0.10921983716315764,0.012197838115132864,0.0024573460449308637,0.01010381740321642,0.8955544365344132,0.9326583648385622,0.07718832964274114,0.8384351117640505,0.8745225401878693,0.047429668170690054,0.6688353050710389,7.685534653134596e-09
S_2103_004091_EC-LYM,0.003282091317408531,0.0012702512505378127,0.19385052919485846,0.00017135735435758193,0.0005555537849111225,0.03492296321917365,0.1175980233060756,4.646129070362548e-07,8.132678575045738e-05,0.13371063357569168,0.013633796099449036,0.7260064284948231,0.6047078657692393,0.0
S_2103_004100_EC-LYM,0.5035720099154153,0.032424322382510695,0.4804396047386996,0.6769886199737329,0.21274732062103352,0.0002997438480398795,0.837146164290685,0.039220710949845916,0.3673642238765835,0.3486293209439373,0.8992001520178563,0.8260301885027801,0.7767692243557021,1.9939605522267811e-13
S_2103_004127_EC-LYM,0.22267692954511076,0.15928700904684479,0.6779935505305701,0.011361210947161915,0.587938169690088,0.06136541239504201,0.39610439349648385,0.0730168110010545,0.02814521511064516,0.6925591795392658,0.28468511943747177,0.042790088780399804,0.706338168199339,0.0
S_2103_004163_EC-LYM,0.8682078627205971,0.01539089184020681,0.7567947062267724,0.45038212458903404,0.5399527623233915,0.5625945746947227,0.5753932427962074,0.013721199096731418,0.009581657647003583,0.7890840386702349,0.34602104581373294,0.9662787130245407,0.7284950315716681,0.0
S_2103_004181_EC-LYM,0.32022771596946775,0.639652666354213,0.6776219514396313,4.236502748167226e-06,0.00976031925974441,0.15563173234828276,0.8508253133790058,0.0024492487609795166,0.010790254990774129,0.6753868480900267,0.35230257043659474,0.9378274679279335,0.9050103350223668,2.2525958875974084e-10
S_2107_023538_EC-LYM,0.5762586870343451,0.7679692601619843,0.34649139048084665,0.005855393074703619,0.14291097494691885,0.007862941617110764,0.4497153667932654,0.013376872767137948,0.011518033848194387,0.6315876640841609,0.02533690081343365,0.3415639192850808,0.5336433936027805,0.0
S_2107_023547_EC-LYM,0.18073721304731016,0.022246899694380096,0.018697437148345264,0.0006834546771479211,0.06925776559898056,0.03123087769339139,0.627123350053939,0.0024342570743529635,0.8218510771906518,0.5561816763617262,0.6575912656612548,0.9498914148057,0.6925298740402468,0.0
S_2107_023556_EC-LYM,0.0003656551895201421,0.018505970211993628,0.2859415631409803,0.021854087182203052,0.000674757667626702,0.029516261216474993,0.031809646990780704,1.5301184469018736e-05,0.0002751294890903644,0.030233902410679026,0.026323349874498136,0.41786214281298983,0.5614187516944886,0.0
S_2107_023610_EC-LYM,0.0003513628614031372,0.03208558865270206,0.2768074692936362,1.0090582309718599e-06,0.0,0.5564346084819007,0.45528542682413753,4.693057166327286e-05,2.469998707788079e-07,0.6316183398647008,0.07477768889760883,0.46253350760834544,0.947985106762737,0.0
S_2107_023619_EC-LYM,0.2791675981266515,0.5463992516218337,0.014805376314213081,0.1302105028427225,0.3936929687527,0.0003462858557135018,0.9216146480798502,4.525093477703024e-08,0.20216224793787463,0.8470425046857524,0.24744043404652172,0.2751981326098494,0.7372322033086363,4.4437786783646516e-12
S_1907_004567_EC-PTC,1.2084298579573272e-06,0.05205943473449759,0.10632104512694873,2.3966319173673867e-07,0.0,0.05696079089278072,0.0009987250370335765,4.265652275847742e-10,1.1102230246251565e-15,7.094954040942625e-06,0.012319922374790293,0.0492349763062101,0.9145037217471228,6.661338147750939e-16
S_1907_004614_EC-PTC,5.400882338113533e-05,0.45612361995023476,0.12396757171243067,8.388060126707231e-05,0.0,0.2810190845024474,1.0836489716670172e-06,3.651279945060537e-09,0.0,1.1085505846608612e-09,0.031688008112921384,0.019654335789472288,0.7487562278763007,0.0
S_1907_004802_EC-PTC,2.796912664693174e-05,0.23096489289123223,0.23430196319286956,2.977751298871567e-07,0.0,0.02116245145448059,0.0007087561964935762,1.5023537969227618e-11,2.1703860930699648e-10,4.277186079759687e-06,0.026833198121539503,0.07719718893128302,0.7471905547370512,0.0
S_1907_004896_EC-PTC,6.847575676260931e-06,0.8425841472766744,0.1958489655573561,2.729019454861259e-09,0.0,0.21233545299614853,0.0013156139203500672,2.58970622724064e-12,1.1324274851176597e-14,3.29544957322625e-07,0.012375857374404164,0.07688215765060735,0.8205087767797865,1.4521717162097048e-13
S_1907_005225_EC-PTC,2.5727986616708165e-06,0.17443954843977427,0.14949007703565043,3.231556577887318e-09,0.0,0.08160058330800135,0.0008614639059036922,1.485305212156618e-10,1.0369483049998962e-13,1.649327666441991e-06,0.006572065619857126,0.25948199244669956,0.9889060440067721,0.0
S_2006_004078_EC-PTC,1.5655117803659024e-05,0.6651635312533877,0.813037928389889,6.363109076090723e-06,0.0,0.00919047466779066,1.8112175090401195e-05,7.894593623269941e-08,3.013145288832675e-13,1.6242412148592678e-07,0.09589871252511073,0.01821872420340731,0.9518816718859502,0.0
S_2007_002809_EC-PTC,0.1301529239116348,0.6186375729286975,0.8543354051706409,8.794204364725999e-08,1.2656542480726785e-14,9.275972389755083e-06,0.000559131947104774,5.696714998837393e-06,1.0819825035923714e-09,9.074423990007574e-08,0.5005504711490301,0.24872574527366487,0.9971924945634978,2.220446049250313e-16
S_2007_002950_EC-PTC,1.476637323527541e-08,0.04712352074033621,0.2303567477001094,0.00024868157965562965,0.0,0.06079728179093147,0.003155044004387042,2.3689084249767234e-08,8.415490526658687e-14,1.6154410681590292e-05,0.013002654551377724,0.09134905787060998,0.9658133999825869,0.0
S_2007_002997_EC-PTC,1.7555265795943242e-05,0.013951753137233736,0.07027497734758636,3.287907501814402e-09,0.0,0.35047446602172183,0.006296407589914121,5.2091664315412345e-12,6.861178292183467e-14,2.4549673308227327e-05,0.0020083585726295983,0.019335909823511743,0.8351530917759051,0.0
S_2007_003044_EC-PTC,6.859608905340764e-07,0.009029890777200622,0.6928934218309954,6.043525595522681e-07,0.0,0.3232002474805018,0.001115467053712571,2.5214852428234735e-10,0.0,3.2654311863389296e-06,0.030953445397445378,0.013876927233671621,0.690100632162441,0.0
S_2007_003091_EC-PTC,2.4991445835453874e-05,0.011561951954095484,0.03110330418431384,0.0003333386954567086,0.0,0.14059429964195735,3.655215129461098e-06,1.377669089919209e-10,0.0,2.4893676009440924e-09,0.011093435338749735,0.03389133248111764,0.8839809073379703,0.0
S_2007_003138_EC-PTC,1.8878282994849727e-05,0.13154553472946184,0.24192653907743078,6.879267541770595e-05,0.0,0.014933330418294588,2.575504683299812e-06,1.6124879209655774e-12,2.220446049250313e-16,3.1917535281422715e-10,0.009997032419535756,0.016778014308235223,0.9808197659205078,0.0
S_2007_003793_EC-PTC,2.308009346418949e-05,0.17282245159747056,0.46356596301108444,0.0017043516990733476,0.0,0.029503288962203555,1.0597051597560636e-05,4.3454129183828627e-13,0.0,3.533819858958509e-08,0.009648516447530842,0.021674119774283795,0.8526540004099776,0.0
S_2007_003840_EC-PTC,0.0002898956600598801,0.5411086171227488,0.5383040491999611,0.000382448499586463,0.0,0.0007311888957193258,4.344286240054451e-05,2.1716641818159133e-09,3.930189507173054e-14,3.4516752966951003e-07,0.04551287525914183,0.18375330934544665,0.9454830005446571,0.0
S_2007_003934_EC-PTC,2.631300166644479e-07,0.5814639204562426,0.34626448054333414,0.001403650013830804,0.0,0.10618344905026711,1.331388798098132e-06,1.8279706859303246e-08,1.5987211554602254e-14,9.791933708314104e-09,0.15068270975520748,0.2602010417646634,0.8730621823160356,0.0
S_2007_004028_EC-PTC,4.485423446665138e-06,0.06782527685542128,0.9394683210377541,1.296738671108244e-06,0.0,0.004081416666871895,0.009556530492070836,2.3918311775616985e-09,0.0,0.0002190182141097452,0.015309663082138991,0.195317005825407,0.996333013340774,0.0
S_2007_004216_EC-PTC,0.0002898956600598801,0.5411086171227488,0.5383040491999611,0.000382448499586463,0.0,0.0007311888957193258,4.344286240054451e-05,2.1716641818159133e-09,3.930189507173054e-14,3.4516752966951003e-07,0.04551287525914183,0.18375330934544665,0.9454830005446571,0.0
S_2007_004263_EC-PTC,4.485423446665138e-06,0.06782527685542128,0.9394683210377541,1.296738671108244e-06,0.0,0.004081416666871895,0.009556530492070836,2.3918311775616985e-09,0.0,0.0002190182141097452,0.015309663082138991,0.195317005825407,0.996333013340774,0.0
S_2103_004019_EC-PTC,8.100194345717071e-06,0.0006670125595815701,0.24870128342504239,2.7604269343450838e-05,0.0,0.15955517616770298,0.00043310777259608635,1.0101890203673136e-05,0.0,3.132271189931757e-05,0.14892913261112373,0.32184381858977096,0.9637030695308044,0.0
S_2103_004028_EC-PTC,5.951621422362052e-07,0.18666441407730328,0.3256330045742599,0.005638517979976054,0.0,0.018358484434943367,0.0005231433813217556,8.842158116806331e-10,2.220446049250313e-16,3.879632548553502e-06,0.031330831904429424,0.04311135889547413,0.7792913047325349,0.0
S_2103_004037_EC-PTC,5.659673396607445e-09,2.3074226247477014e-06,0.16259612762636255,5.0629488383968635e-06,0.0,0.07704782291169687,5.577118228727862e-05,3.633433507177486e-06,2.4868995751603507e-14,3.1346839781676294e-06,0.04178903353653651,0.2651852266995933,0.7325238328698269,0.0
S_2103_004046_EC-PTC,9.071507822699942e-07,0.06769996786052701,0.4051796020981073,0.0001941608586573107,0.0,0.2165393197096399,0.0001412080080620548,2.9142260826731103e-08,0.0,4.7459264518323607e-07,0.020660418817957105,0.0031809199952965717,0.6607659458852879,0.0
S_2103_004064_EC-PTC,6.73279705543095e-07,2.4151008904960136e-05,0.1296680866964368,3.771948309250206e-09,0.0,0.02507569112550101,0.008028093384371937,7.588300086736055e-06,1.8591528316846961e-10,0.002917215239796489,0.0041522136385208075,0.8117071329741119,0.7252733919563723,0.0
S_2103_004073_EC-PTC,5.8198384769170275e-06,2.5513890324679878e-05,0.07880345022244284,0.00013246673021560795,0.0,0.11127271821377183,0.00035363498951457295,1.5420090300199973e-06,0.0,2.723718272523712e-05,0.0387828475753591,0.08194747438445282,0.8701529237712311,0.0
S_2103_004091_EC-PTC,2.324316778268276e-05,2.11170253883175e-06,0.24254440252031695,5.751840170820088e-07,0.0,0.6038708589947452,0.00029831664100332667,6.799275815638772e-05,3.042011087472929e-14,1.7775577879408644e-05,0.011057048742651565,0.42370070126070836,0.9643601843556666,0.0
S_2103_004100_EC-PTC,2.905531433006203e-06,0.7986262007346427,0.642903908482725,0.00018893022950750016,0.0,0.0005886253201250469,0.004283566528950233,3.690462380134818e-09,3.1807001477091035e-11,4.0784929211667986e-08,0.18354857799433977,0.11084863051350591,0.49924496772296667,0.0
S_2103_004109_EC-PTC,2.260901776907076e-08,1.2827576220786341e-05,0.04861266045818047,4.259208881363108e-06,0.0,0.8325865046788965,0.004149006293457713,7.25798517131615e-06,3.197442310920451e-14,0.00015549786851787317,0.025134180262651906,0.4267628872438314,0.9924071716760283,0.0
S_2103_004118_EC-PTC,2.4995580594211475e-06,1.2172705585733468e-06,0.3034923060967796,1.8553404363963466e-06,0.0,0.6829449037129192,0.002895728396143049,5.9904836868796e-07,2.220446049250313e-16,0.0005933751167350731,0.03357967124881345,0.36564680331005195,0.9516323128854856,0.0
S_2103_004127_EC-PTC,3.7090579851906114e-07,2.3186820744092174e-05,0.06360172014320109,2.5381908241861595e-07,0.0,0.1757404798500548,4.491295250308447e-05,0.00012561554804357833,0.0,5.485569438690163e-07,0.024521773023546523,0.9542954668879449,0.3958710722892844,0.0
S_2103_004145_EC-PTC,1.0579758023210317e-05,4.330563130316989e-08,0.420701153411688,4.7426818090778866e-05,0.0,0.43537355891674534,0.003051575198548484,0.0029197763411501487,1.9984014443252818e-15,0.00042777946689298574,0.02262759983006668,0.4317443201307012,0.5366218411435517,0.0
S_2103_004154_EC-PTC,0.0001748389043481069,6.417044802198291e-07,0.2948818792262877,3.010803043301813e-05,0.0,0.23302374376830515,0.0018235439884690674,0.0018368937753805437,2.8623770020885786e-12,6.376763172077915e-05,0.005855222071835087,0.11620727474962411,0.9434420077927257,0.0
S_2103_004163_EC-PTC,6.096461756310845e-06,1.0649745085800078e-08,0.6941351007391978,0.0008288293266218716,0.0,0.33224371586310664,0.0028054621404791646,0.0004020230765726662,0.0,0.00011974199843378663,0.040707649286421566,0.2661270971833394,0.6077555831590513,0.0
S_2103_004181_EC-PTC,1.0139436845690852e-08,9.497707065264649e-10,0.042819965320351816,1.1673177696680526e-05,0.0,0.26036226689082254,2.7982954294625273e-05,1.444785557858097e-08,4.263256414560601e-12,3.411556092292045e-06,0.007003274912793955,0.33728700532599043,0.4970698751876703,0.0
S_2107_023520_EC-PTC,4.335546931688583e-06,6.722668421943467e-09,0.21813385789712303,1.0539076513715884e-05,0.0,0.9960077628704569,0.0020687661583171923,0.0017532748011328536,2.4424906541753444e-15,0.000980071640571012,0.005672059207599833,0.4881743350222836,0.8658799411824578,0.0
S_2107_023538_EC-PTC,6.827206746318204e-05,1.1845802116994264e-09,0.5287563027098257,3.0611025714888385e-05,0.0,0.9990494927365878,0.0031099878555886917,0.00022112770893722988,0.0,0.00033748108306586033,0.007676882769263926,0.49189303699733755,0.8770596559459125,0.0
S_2107_023547_EC-PTC,1.931469347016268e-05,2.4643017189074357e-06,0.20848817906710093,9.152098642717377e-06,0.0,0.37353721368704074,9.994954467185124e-05,1.220136468749189e-06,5.255795798575491e-13,1.4232051157581083e-06,0.012899309966504013,0.2906842004461825,0.4500583372597913,0.0
S_2107_023556_EC-PTC,3.0618486102085285e-07,2.491355197697942e-07,0.31466990699942765,0.0002174698739274561,0.0,0.8807057600973232,0.0006824413350767777,0.0008238956731527747,0.0,9.691364817543402e-06,0.0019120099915399535,0.14169483164931185,0.6254109183569252,0.0
S_2107_023592_EC-PTC,0.00017679937605707963,1.4961591077167213e-08,0.11484837468989162,0.00015094612160337917,0.0,0.6697875972358243,0.0015530456952663751,5.0899601337972555e-05,1.5687451337953462e-12,0.00019333761501849622,0.014026642012409107,0.7966094399425505,0.9214578897561672,0.0
S_2107_023610_EC-PTC,1.2332482417498625e-06,2.972913943910527e-07,0.13435153548352363,3.351385869021506e-05,0.0,0.8751724087935051,0.003753082686705822,8.115207550396519e-07,4.2943426592501055e-13,7.64518558082905e-05,0.015316705427578903,0.211323786273371,0.8428306649935915,0.0
S_2107_023619_EC-PTC,6.345400782592492e-07,0.17281091271991667,0.7357994392495404,0.0005876631228014517,0.0,0.035503193703543934,0.008592157182668814,0.00802044227059806,1.833896521019618e-05,0.005575961092970649,0.09828959605127019,0.6899510446909554,0.9558151356383995,4.75175454539567e-14
S_1907_004567_IC-B,0.0027313941127904418,0.7937026581459956,0.013677488457297216,0.007113002581748296,0.00802494714211388,3.2072122735371522e-12,0.0028800435751550335,9.636735853746359e-14,0.055971805093833815,0.008154046325081543,0.06271767919545335,0.59249389987607,0.5190321220317391,9.348077867343818e-14
S_1907_004614_IC-B,4.8642431233814065e-05,0.8336944764505907,0.02570630519713024,0.054388565140844,0.2468784704864342,3.863604991494185e-09,0.004967067431022709,4.440892098500626e-16,0.3867243149129376,0.016750231355044942,0.2032554340837489,0.6092678528054121,0.2187936634462817,2.0121659893845845e-10
S_1907_004802_IC-B,7.641517660372799e-05,0.621940311883296,0.01455839782226942,0.003562775883878988,0.34970991545528207,1.1430569824000258e-09,0.01394041825139114,1.0302869668521453e-13,0.023980340603891204,0.045684448859467874,0.1858579749171665,0.5853827490750552,0.2911167739169038,1.1599610161283636e-12
S_1907_004896_IC-B,0.9626936860810327,0.9340067188519217,0.006366404343312926,0.0029886803915948335,0.4568695582921074,0.003157518677578297,0.4244189034950119,0.0001513344612533718,0.7272686554656931,0.17323524515228872,0.2011785056672366,0.42983512429832493,0.5720532680782382,1.7708619015621707e-09
S_2006_004078_IC-B,7.520632064683674e-05,0.8212236006741334,0.015824655820815714,0.0026841399602137717,0.22691846650853398,1.369870883394242e-10,0.004528151900980992,0.0,0.09813427806984887,0.018749864207610267,0.15618457808698283,0.5961312387743027,0.35477978693335155,1.1168843627729075e-13
S_2007_002809_IC-B,0.0003358306584189119,0.568162085952771,0.008263662008501926,0.0015215596803754838,0.22180965936093,2.951349387103619e-09,0.007136749581497792,6.661338147750939e-15,0.1457746280179404,0.02236508825064254,0.34315181362306957,0.6141539034380574,0.3310211944056103,1.262323578998803e-12
S_2007_002950_IC-B,2.112134406706545e-06,0.7216681866429107,0.03836136728987194,0.0004939493288851349,0.33551859898239433,5.856124947190011e-07,0.03970994188179411,4.478545312380788e-09,0.1060546691816755,0.10758370322615352,0.0664668464098701,0.8971637407574851,0.2104428549797157,6.661338147750939e-16
S_2007_003044_IC-B,2.056279629014668e-06,0.893288625210511,0.05788799665694211,0.00022656987074354262,0.5356112395378902,6.357050219563121e-09,0.035843347901867384,2.198463633362735e-12,0.20190496802012947,0.09554137468958368,0.07077982035955599,0.7116260827327308,0.3057600337140025,7.505107646466058e-14
S_2007_003091_IC-B,3.2415424848997176e-05,0.4691975104592272,0.03129908193960662,0.006242191862064317,0.1873485962736523,1.8172683358130826e-09,0.010417466719509605,0.0,0.3747048400081803,0.03135631212868928,0.20582104998230966,0.6042744912444102,0.1349832795836079,1.1266543253896089e-12
S_2007_003138_IC-B,0.0008397717145680605,0.1777971926540063,0.03218642151885964,0.0005900650039298849,0.42840549354404023,1.1314948977769745e-11,0.0092099494778064,0.0,0.3939624556142023,0.03103133615573972,0.3461677586314358,0.5835831260619901,0.1939780107707021,8.622347280606846e-11
S_2007_003793_IC-B,0.000154385121602596,0.6810114632404414,0.04568099682686144,0.002685263989857134,0.12028446292465755,9.27457288746325e-09,0.006444566523759798,8.881784197001252e-16,0.28477270929954135,0.018454348361848893,0.401800859639069,0.5731756398813119,0.3339497523013444,1.6431300764452317e-13
S_2007_003840_IC-B,0.0006848162559915938,0.6448267609929412,0.016691198204633162,0.000440600279644654,0.37099553618303904,2.682862820790888e-10,0.036063658334171134,2.220446049250313e-16,0.006600961000086114,0.08854321454295211,0.11166956093627922,0.6669437488053007,0.3774560541952434,3.1175062531474396e-13
S_2007_003934_IC-B,7.701928998748997e-05,0.8707432209659078,0.014050820797284924,0.0005423828437540745,0.32036794571493754,9.649725463134473e-11,0.011916870305426652,1.1102230246251565e-15,0.10344871092569696,0.03867546115770826,0.34171898017025204,0.5669765568030165,0.26152094427141104,1.2712053631958042e-12
S_2007_004028_IC-B,2.5052335762332234e-05,0.36242952537750694,0.036932576533156736,0.0005702127184188388,0.2033461868626094,1.858945206656415e-07,0.0036387340671864,1.176836406102666e-14,0.2679223674811335,0.004803020208674846,0.11856833832550784,0.4999129947732608,0.30268457782097125,3.6415315207705135e-14
S_2007_004216_IC-B,0.0006848162559915938,0.6448267609929412,0.016691198204633162,0.000440600279644654,0.37099553618303904,2.682862820790888e-10,0.036063658334171134,2.220446049250313e-16,0.006600961000086114,0.08854321454295211,0.11166956093627922,0.6669437488053007,0.3774560541952434,3.1175062531474396e-13
S_2007_004263_IC-B,2.5052335762332234e-05,0.36242952537750694,0.036932576533156736,0.0005702127184188388,0.2033461868626094,1.858945206656415e-07,0.0036387340671864,1.176836406102666e-14,0.2679223674811335,0.004803020208674846,0.11856833832550784,0.4999129947732608,0.30268457782097125,3.6415315207705135e-14
S_2103_004019_IC-B,1.8235779145836517e-05,0.3488892763742013,0.06258015401455186,0.015314611917247145,0.6278680773084793,3.590354413773866e-08,0.010618018687848618,4.525047003767213e-12,0.3265148084403604,0.040488112575131296,0.33811788051112446,0.1783111141225442,0.26441211385758123,0.0
S_2103_004028_IC-B,0.0006960882294015924,0.06892433020871391,0.0997735099087802,0.05162051656695876,0.16517642171228375,6.914104844213398e-10,0.003248650549141585,1.1168843627729075e-13,0.06097752082192609,0.011074238748359555,0.5437904134874727,0.7432909383486763,0.25754099749083936,5.384581669432009e-13
S_2103_004037_IC-B,1.8505619852060562e-06,0.04949716302637808,0.0025620946063245054,2.1752771151906103e-05,0.3211085441025219,3.479387400417977e-08,0.006348756835989899,3.192845987598503e-11,0.09975389753630304,0.03432271468330006,0.07268506402282959,0.14366540711829678,0.2440963652286261,0.0
S_2103_004046_IC-B,3.172795170591769e-06,0.09271378191671853,0.003992349327603062,9.091885022627366e-09,0.13392681508938464,0.00019450270489485,0.05081664754315707,2.5033974893062805e-09,0.19358727262416298,0.14676088013257593,0.007488034539392174,0.629720307151592,0.820793100149124,5.722755602732832e-12
S_2103_004073_IC-B,1.4407846458119877e-06,0.3836628594284983,0.029255500564175252,0.0019263232489548088,0.5126918420430293,3.816459370753478e-08,0.003177060084065042,7.76512187883327e-12,0.19363231724450625,0.008764722745483233,0.18802602620441444,0.24968266088930946,0.4581432752584407,0.0
S_2103_004091_IC-B,9.74693671551563e-07,0.06157870773649066,0.003908845471568112,7.324784030426912e-06,0.5694803509654229,2.8175830557586323e-09,0.012597023750900549,6.4394605203688116e-09,0.023418633065465766,0.054837421798049846,0.043889208816317415,0.08072129537091466,0.4502857612296465,0.0
S_2103_004100_IC-B,4.054436110134674e-05,0.7588837888215321,0.008311314250439406,0.0019599072047862265,0.32396714082777267,4.166348428480404e-07,0.01057239725385073,1.021405182655144e-14,0.20633763895483237,0.030175591535921198,0.46997703839068206,0.43510616456798545,0.16484584135392044,9.9253938401489e-14
S_2103_004109_IC-B,3.707358726678933e-07,0.024194209606681172,0.007734039960441974,2.1265170039974635e-05,0.6433011273520524,3.2885965994822186e-07,0.024141406845835878,6.71331656931784e-10,0.1278658346136876,0.09104973184539422,0.02195398138977911,0.15288101053525716,0.4061811195895997,0.0
S_2103_004118_IC-B,1.2766089718674323e-07,0.004973639539987307,0.03819627571402062,0.0004905043970486744,0.9101423403268996,7.933393258996446e-06,0.03595011922168223,5.111722600759094e-09,0.2527309320515714,0.12055450335106888,0.04597064532540984,0.08151367635801532,0.4596296256067305,0.0
S_2103_004127_IC-B,9.770513049733864e-07,0.004321874944193782,0.003078177074678612,1.2326813072727205e-05,0.9350045122555797,1.6398538611461788e-06,0.006196791278197056,3.572506956928123e-09,0.29809630375005813,0.030853084982801704,0.03694677849209693,0.10760064728202834,0.49092611665353214,0.0
S_2103_004145_IC-B,2.0069934869582085e-07,0.04208524470781416,0.007684824178845195,0.00011717789303355985,0.977924224443214,3.2850941344975126e-07,0.030558730665240175,4.888941029790317e-09,0.10080439700765464,0.08480278137891051,0.02934986952123575,0.21981848001391535,0.11148774724196509,0.0
S_2103_004154_IC-B,8.093139571840879e-07,0.014152175359983588,0.009839956213430368,1.7058220080912179e-06,0.10344984665190005,8.428927200654357e-08,0.05707240914152156,1.234568003383174e-12,0.2859863802006295,0.16499448838771724,0.048845350376592434,0.13107263951046377,0.5492243307005447,0.0
S_2103_004163_IC-B,1.4367019793848357e-05,0.5853654738946852,0.03270219642093197,0.00013353058160769926,0.8975631185516191,6.299438748413877e-08,0.022792537179986416,3.97282207131866e-12,0.06965139381352548,0.046621284564026366,0.3070203615149094,0.26096637148010693,0.267451291607377,1.1102230246251565e-15
S_2103_004181_IC-B,2.3824160416463513e-05,0.8090423907838542,0.00644623754587248,2.702064428361517e-05,0.6051724104721641,2.122095832390869e-09,0.022590569308482467,0.0,0.03302488020683758,0.08135698288102144,0.1630475968977052,0.11968749787030042,0.1506197805499243,1.5400503095008844e-10
S_2107_023520_IC-B,1.6656603860631947e-06,0.17234952304430218,0.009686899938476268,7.2724624249342895e-06,0.4676363045892773,5.164122078848976e-07,0.014509673562829839,5.976996675371993e-12,0.21113116372491492,0.01813838332887374,0.10477514054145698,0.14063365284926554,0.2061113567227728,1.7763568394002505e-15
S_2107_023538_IC-B,4.5067343805715865e-06,0.0423683199996312,0.0154591596185909,0.002569318352421579,0.7201612801768176,1.8642355303910563e-07,0.015735582476407384,8.89870399589654e-11,0.2826227523470308,0.09190429681473788,0.20333125031982102,0.1475066896474071,0.22027792465377205,1.2878587085651816e-13
S_2107_023547_IC-B,9.111529443606159e-06,0.3319275239262478,0.015358019748997087,2.1286386746588448e-05,0.10728435651665214,5.105393885429521e-10,0.002537628705535422,4.374278717023117e-14,0.05085752303893032,0.010849821463269516,0.2618229188633545,0.2919493061889653,0.14871055514818377,5.150757598215705e-10
S_2107_023556_IC-B,1.2493729939500042e-07,0.1107392762685564,0.015226990847376776,4.9136962519513716e-05,0.4490501159872693,1.1139354591405137e-05,0.01346793470489982,1.4238955792222896e-08,0.28238613753932396,0.03162181919955609,0.018251956055398866,0.3014271425878261,0.3703148555056033,0.0
S_2107_023592_IC-B,3.90409993666907e-07,0.013547181184786705,0.015429430178251824,1.2899878141237053e-06,0.6922597892063824,1.6422490167755655e-06,0.01156814985537813,3.256728220435434e-12,0.16335465652923986,0.03772970977453638,0.07306012593781874,0.09668146907186381,0.2956299623944463,0.0
S_2107_023610_IC-B,5.398700753111996e-08,0.019584005289454032,0.005111547361927871,4.031248717906166e-05,0.6224136981438371,4.447631289927756e-07,0.0601660265160564,1.3322676295501878e-15,0.1930776910359362,0.12605418014403158,0.07860564664825054,0.1674403896286123,0.11313385173001445,0.0
S_2107_023619_IC-B,1.2455860010085473e-07,0.19895246288249657,0.006243518552651928,2.798596945963183e-06,0.48065019532390596,8.369836201893577e-08,0.03354950056470285,3.515032709344723e-11,0.17598583140552893,0.07234312349560823,0.04374629237511707,0.44652462452505914,0.46292428725826196,3.597122599785507e-14
S_1907_004567_M-TAL,0.0034579042050257858,0.08339274024450893,0.04151366149667668,0.0006716420018999525,0.11308530498352676,2.4789539068592603e-05,0.09886637836994305,0.0,0.0034022683080268123,0.21955598854973268,0.03240296584683211,0.3724470340016055,0.23849673063016175,1.1324274851176597e-14
S_1907_004614_M-TAL,0.02450282319277708,0.2203687082970418,0.02980447805913311,0.676118236810008,0.13488966873430774,3.328994727658241e-06,0.0028960119223586656,5.10702591327572e-15,0.8644225775820207,0.009822656202928215,0.49546841667778385,0.5695592082403185,0.16904074086667498,2.959010814151952e-11
S_1907_004802_M-TAL,0.008209993059187015,0.09497997709420636,0.28399907303106553,0.0423698271595816,0.9211262425738498,0.00013002408872409,0.0957055842527208,3.3748159822266643e-10,0.23069986442199042,0.3972693177289923,0.18513095291511483,0.5864426895051702,0.6283304230307789,5.995204332975845e-15
S_1907_004896_M-TAL,0.0005363255064623207,0.4547635205303464,0.03465670739805904,0.0029528417575759303,0.5035462747598971,6.5023511011119695e-06,0.040435605471055514,2.2937207688755734e-13,0.5706950091249667,0.13373955924750835,0.028734312467846967,0.538200283806018,0.6665617485672763,3.3855140912919524e-12
S_1907_005225_M-TAL,0.0017428913935952917,0.03267130303405952,0.03258260069896912,0.018988276715811825,0.6127524328873939,7.565971085754519e-05,0.05924354302980772,4.707345624410664e-14,0.08648060326627283,0.20555818548185179,0.04074900872258591,0.32483142392650244,0.4926874539134749,0.0
S_2006_004078_M-TAL,0.054256235172668754,0.7338136302638198,0.3208937817861959,0.03417097925012569,0.5918723727477802,1.7706024361574535e-05,0.2278059791383371,6.927791673660977e-14,0.2617098204175081,0.8198090099785924,0.45055478215379763,0.40682810719440177,0.7921747266503489,3.9968028886505635e-15
S_2007_002809_M-TAL,0.06333414836050366,0.8293105108901992,0.009891062304828502,0.4385839101914266,0.6669731937526295,0.0002751434791012919,0.13707582821352982,6.021916298948327e-11,0.9667972475627606,0.06419764399747141,0.8779560958882726,0.5957281825761107,0.25021056356486504,2.5979218776228663e-14
S_2007_002950_M-TAL,0.007281658650634348,0.5579229216100838,0.9085842351452507,0.034239441648039604,0.3924143004567804,9.169128465824627e-06,0.03134931782757899,1.7393196438675318e-08,0.764317005721936,0.005011071790803623,0.4420619669888828,0.4583101901575337,0.1810484920594555,1.4876988529977098e-14
S_2007_002997_M-TAL,0.00036932231135522464,0.008875866011769151,0.02676053315482463,0.0001831150168423168,0.826321202484207,2.6295177788959734e-05,0.08467906301059491,2.0694557179012918e-13,0.0005205026246770661,0.14601727039534662,0.004504415713251442,0.8295068197828122,0.7913782954937805,4.440892098500626e-16
S_2007_003044_M-TAL,0.003935850799635654,0.364844142843296,0.8567142734870417,0.19376066401825898,0.564947987951882,1.9163808221200895e-05,0.03930827264851677,1.9464341249886274e-10,0.679523954095703,0.2979495022229999,0.026179007212509875,0.3383962890430301,0.45695551649189925,0.0
S_2007_003091_M-TAL,0.08581765666697239,0.40745853817400257,0.4945936800262336,0.00214803839781319,0.8767241896377316,4.516427676293233e-09,0.3464993802010925,1.0773160141752669e-11,0.3704487375184131,0.29505654933770153,0.22533533343843137,0.8952776462419123,0.9981260448370013,7.704947790898586e-14
S_2007_003138_M-TAL,0.02027164798185299,0.15558705900373937,0.3332952173201984,0.026790518917348738,0.01984549679870473,2.565269696663819e-07,0.037731986458696465,2.220446049250313e-16,0.7557320003188628,0.004508284518139005,0.8868303680790959,0.5518158931800086,0.42549190865950903,9.992007221626409e-15
S_2007_003793_M-TAL,0.05175590182842171,0.5284158513443427,0.2762855406184912,0.22947557275993224,0.09748064327336325,2.7678829850330544e-07,0.0008229104651014119,5.650369061527272e-12,0.6994064386142531,0.00013531135780131542,0.6075110627699651,0.3865028703506117,0.7560334877564527,5.551115123125783e-15
S_2007_003840_M-TAL,0.007090411398493313,0.32907726991879516,0.1077564155885038,0.06509683948766765,0.0005850615011149252,3.822726357682882e-09,0.006325745845860542,2.220446049250313e-16,0.4628573436015504,0.002297699790777763,0.5186243890216,0.4008454335267333,0.038664618680871454,6.703017030318392e-09
S_2007_003934_M-TAL,0.03765704223774513,0.47762940572542245,0.28891880268854186,0.17081008022239796,0.16715059953614153,2.156903544658917e-09,0.006651698041531429,3.274980286960272e-11,0.7703686409997224,0.009310498450255222,0.38053649375610044,0.12059456926342427,0.21992567890765646,2.4424906541753444e-15
S_2007_004028_M-TAL,0.05803138748660208,0.9755197536984861,0.7030682721401997,0.020087990292100066,0.22815480061924998,0.0036034709656651565,0.14553711253501866,4.565237077258644e-13,0.9693830426019421,0.03278862121251058,0.3695876545492569,0.9027295515642773,0.9895288937625133,2.1249668691325496e-13
S_2007_004216_M-TAL,0.007090411398493313,0.32907726991879516,0.1077564155885038,0.06509683948766765,0.0005850615011149252,3.822726357682882e-09,0.006325745845860542,2.220446049250313e-16,0.4628573436015504,0.002297699790777763,0.5186243890216,0.4008454335267333,0.038664618680871454,6.703017030318392e-09
S_2007_004263_M-TAL,0.05803138748660208,0.9755197536984861,0.7030682721401997,0.020087990292100066,0.22815480061924998,0.0036034709656651565,0.14553711253501866,4.565237077258644e-13,0.9693830426019421,0.03278862121251058,0.3695876545492569,0.9027295515642773,0.9895288937625133,2.1249668691325496e-13
S_2103_004019_M-TAL,0.20435485144260124,0.16763636759061606,0.013304028487308273,0.8005820296139905,0.49450899307154095,8.840085330419356e-09,0.29153573081237183,4.831468558563756e-12,0.7934066880985453,0.16842183676521283,0.8437317611546624,0.7137155069062633,0.4024206032110038,0.0
S_2103_004028_M-TAL,0.006233453185470639,0.057903962628763184,0.12091529049063832,0.8953556170918562,0.005238034828440208,4.24609506799456e-06,0.0020243537323332284,5.204725539442734e-13,0.9632181227941867,0.0002275273785639076,0.7810945296659944,0.17718043099567193,0.4687595609916617,1.6431300764452317e-14
S_2103_004037_M-TAL,0.011563613321687871,0.5542011937654738,0.4945533152564834,6.155678573427359e-05,0.09204885821660458,1.291866308483769e-05,0.014702756238358816,0.029868127668616795,0.08488253033339022,0.005010630575877029,0.06198217013305718,0.5117336856679904,0.0381089433191959,1.3322676295501878e-14
S_2103_004046_M-TAL,0.005672690000031011,0.08221252255608569,0.2657265688493835,0.1914726578096646,0.1462401722980864,3.7514260287752066e-05,0.0009236940137138383,0.0011239072745965473,0.85775497691791,1.6260515489641136e-06,0.3625539106870359,0.30705873817743745,0.8274731946420713,0.0
S_2103_004064_M-TAL,1.8340643896497255e-05,8.517957887921312e-06,0.0013467912915723357,6.964428811429002e-07,0.10070758684314551,3.631264753689578e-05,0.005845648771056533,1.72600553849378e-08,1.0548802541476832e-05,0.009791272613813184,0.006505810628717912,0.00817875606988605,0.11595537825284685,0.0
S_2103_004073_M-TAL,0.01218061659862335,0.34033480589667264,0.2762735598850601,0.6558882040370408,0.8313141720884525,4.646189853074745e-06,0.055777227768544435,8.78924821812177e-09,0.5330226477338029,0.024049233983980622,0.4683223702638428,0.4559380900036054,0.4765760032852713,0.0
S_2103_004091_M-TAL,0.012017735857728029,0.4226706148546375,0.5560624523467288,0.00047514645697877,0.14680177287477925,0.00019909656572192347,0.06732328016369382,2.989106252071494e-06,8.632929070118145e-05,0.00035262418910919635,0.10521527276976106,0.7663709816137101,0.4065804540610436,2.220446049250313e-16
S_2103_004100_M-TAL,0.01605148156016356,0.2094357066547854,0.33580454809711124,0.02734529261375296,0.02285233610876003,1.657393111642591e-09,0.0003048953338100624,7.712674943149977e-11,0.8639650911174548,1.7024299532097942e-05,0.8591782456686703,0.39425670007759206,0.1319751519684087,6.661338147750939e-16
S_2103_004109_M-TAL,0.00151133939903203,0.35502852878733027,0.40630973975980433,0.0046355164628135714,0.5627252788421158,3.687814627006958e-07,0.00577332111802531,1.2434719920406678e-11,0.49069677451716176,0.013065628045545452,0.14527823218910907,0.01224702354115359,0.5129385376875448,0.0
S_2103_004118_M-TAL,0.12242876543848413,0.8803945726330831,0.9916018831733875,0.6963219785403898,0.4899259920020802,1.1817351688758748e-05,0.035969683000981245,1.917560415187758e-05,0.9179830010020491,0.02044706662974005,0.6485961855037288,0.2464727697156388,0.30418320752489647,0.0
S_2103_004127_M-TAL,0.07678058824079925,0.4469691478860316,0.38520259956129754,0.060622561071216996,0.12270190397042358,0.008345421570328915,0.018978547389478795,2.6607838792491734e-05,0.720515534992398,0.05379607230149097,0.7790492524812247,0.37510404739583025,0.3528859796841184,2.220446049250313e-16
S_2103_004145_M-TAL,0.021220464864723176,0.4708540674996924,0.1358734224279592,0.03271289691952517,0.4590012299556854,1.2756720346729367e-08,0.052254899978311675,3.127678116499055e-10,0.9755630478131834,0.008605534281799443,0.4669417628305925,0.13303495643965357,0.32995209694928995,0.0
S_2103_004154_M-TAL,0.03484932672280827,0.6462434571545714,0.8317120721530507,0.006863898574348104,0.011015603268826668,2.7873806818234925e-08,0.0013736362122545032,5.76070302571452e-11,0.6715866105375814,0.00027425115401835676,0.1838690221575947,0.11299054601129899,0.08422359409376967,1.4233059175694507e-13
S_2103_004163_M-TAL,0.04464882409805848,0.17773968568255172,0.8627465089374153,0.8186478016064087,0.7069009626308722,7.670589008412776e-08,0.133934875200858,1.543605771181511e-05,0.401620542588514,0.11954103113170489,0.8277772530038203,0.7855426804575287,0.32233163789795727,7.238654120556021e-14
S_2103_004181_M-TAL,0.02624577925957139,0.6099884561749513,0.8282226351497872,0.03305368500100214,0.49984694624324466,4.975596823442174e-07,0.01685735542217448,2.6173123668371545e-09,0.7889703068956164,0.001678714990228647,0.0955829381408817,0.9416651026830354,0.7262517858009869,7.771561172376096e-15
S_2107_023520_M-TAL,0.0024315100059908445,0.2366583659037529,0.24570666326064394,8.9638436834516e-05,0.7679832980439292,7.02190972035055e-10,0.051395753754057916,7.369194143791447e-11,0.696858824708884,0.02228027817968803,0.03604456623556529,0.4828987815324566,0.2767229746838462,4.440892098500626e-16
S_2107_023538_M-TAL,0.002028426251181381,0.06089934239441441,0.1690657436972769,0.06829395313409536,0.22911725556972207,1.8967501571598433e-06,0.003345724983178755,4.9411127855947257e-08,0.9530744511449756,0.006460030542847717,0.30852472229152594,0.1392562375682751,0.08186222467612736,1.2434497875801753e-14
S_2107_023547_M-TAL,0.07354030254720101,0.7528230062506345,0.2391126862766113,0.018570564611907647,0.07832413224551593,2.9120021181050504e-06,0.018615134558612745,2.1067814159891896e-11,0.4089366751403323,0.0022111806122542266,0.40219625646641677,0.10666518720147389,0.3003459554373955,2.0290302771286406e-10
S_2107_023556_M-TAL,0.0009047555767243143,0.26800525724221247,0.38951851594740305,0.0017336014549287349,0.3018439895272502,3.960085481757858e-08,0.005999118399121484,2.978399971098611e-09,0.5006425979869995,0.002788943775849262,0.10011939495062894,0.4209990678241562,0.2005082793009263,4.440892098500626e-16
S_2107_023592_M-TAL,0.06501383648958581,0.6987554225205388,0.8858674811212288,0.11471637749475216,0.08973967014461537,7.917948627422788e-06,0.16193080275093052,1.1103385655353293e-05,0.4761008206982804,0.08435485943002452,0.3538152135857342,0.9415764916251597,0.35753990282762715,2.5146551507759796e-12
S_2107_023610_M-TAL,0.00040897570915165993,0.37398975615066776,0.7716521094320792,0.00046298191098426145,0.3186173383863806,3.4756130862234613e-07,0.2684210985764153,5.114785906989994e-05,0.27735561263102326,0.3048982423298525,0.9869425953836672,0.11567050097462839,0.13824371308386296,1.5543122344752192e-15
S_2107_023619_M-TAL,0.09713880826575183,0.379639602335176,0.14008878141039105,0.004097161971668095,0.441144385456808,5.7571511284937316e-05,0.3703033512347971,5.43980349654305e-09,0.7530382304661027,0.12975271727266735,0.4038541428202058,0.14864066633515005,0.34121816090842305,0.0
S_1907_004567_Non-classical monocytes,0.06232943496331611,0.023026213338344093,0.13865597566360588,0.0010614463260871787,0.0,0.3513202599242198,0.5179508935420736,1.1978415259683572e-07,0.7460293483673222,0.0005416882198858719,0.32099740854730285,0.21023920650683348,0.24853061075392735,9.048317650695026e-13
S_1907_004614_Non-classical monocytes,0.2305892965213736,0.3924400010496141,0.16613697091714563,0.021326237271672488,0.0,0.08617922223777863,0.27823319112976774,8.500759172136441e-07,0.21616771834587478,3.668497453013231e-05,0.3755407258169925,0.7577874343434077,0.10623397025367587,4.955591492716849e-12
S_1907_004802_Non-classical monocytes,0.059255446400150236,0.05392431436379819,0.2332052716386792,0.07238333753614135,0.0,0.11151334122476753,0.8196648081168232,0.00020517143984499775,0.6136345288363136,0.00020986794204591597,0.4905910920409011,0.8443310989197919,0.1622562107415746,6.057376822354854e-13
S_1907_005225_Non-classical monocytes,0.07335435379082167,0.25740096378990507,0.12908872599472465,4.270994770294578e-06,0.0,0.7657603815233822,0.8577012671254911,7.400998505913137e-05,0.8923552393436822,8.631742710374368e-05,0.2970451165137056,0.8588196646810022,0.7378310511269521,0.0
S_2006_004078_Non-classical monocytes,0.026295549291071918,0.0028295093468140298,0.4905342343156085,0.022463365059367524,0.0,0.028421437000037963,0.7066485277141805,1.423566797331688e-06,0.5506035587311833,4.9278494904214654e-05,0.5844252971205397,0.7134119492792705,0.10044276079947845,4.6407322429331543e-14
S_2007_002809_Non-classical monocytes,0.027821343990478642,0.03619602206358308,0.20851325801208564,0.004139097790202273,0.0,0.002694982764268161,0.5884135331561438,9.177209081556725e-08,0.39913813804879883,6.261839560539606e-05,0.6760865736199788,0.6645199574805112,0.3110453211020925,0.0
S_2007_002950_Non-classical monocytes,0.03096576366240633,0.04813811880423868,0.17434158561431512,0.003020992661586286,0.0,0.125653094085177,0.05652280313971203,2.7873626955443598e-06,0.1728599028120743,0.005475992531441154,0.6279259889296476,0.6916330997414024,0.14397497481691945,1.9984014443252818e-15
S_2007_002997_Non-classical monocytes,0.038793663498538855,0.1822767395895306,0.3004663630105693,4.3220708614066794e-05,0.0,0.07628328085677216,0.5222786045363028,2.7804009413712194e-05,0.6313938092099662,9.062680964788683e-06,0.4958035397778062,0.940435741368346,0.2898236031122656,1.0436096431476471e-14
S_2007_003044_Non-classical monocytes,0.007281882412803142,0.0018381067521016092,0.22961581436595901,0.057513513232917646,0.0,0.02596049229302011,0.482785285363863,3.402605096525235e-05,0.4155497976743119,2.256426162805525e-06,0.46637119254153103,0.7716630815393213,0.1110244408563299,4.298783551348606e-13
S_2007_003091_Non-classical monocytes,0.10829381880726374,0.008261553856764081,0.06739920499568708,0.016447155726233342,0.0,0.14897072062462424,0.7179894376357177,8.262489495947101e-05,0.24267443902548513,0.001170185992742212,0.6100860497519385,0.7281576636560201,0.17550684993493748,1.7106160932200964e-10
S_2007_003138_Non-classical monocytes,0.20327244352893015,0.05231265159320597,0.10413465376331343,0.04055751979711464,0.0,0.01574045456576978,0.6573621244632846,1.6480140703212243e-06,0.45039934707618556,0.0001395556829406619,0.8352298929225368,0.9227303734262797,0.1877243593709561,6.725731083179198e-13
S_2007_003793_Non-classical monocytes,0.17057210397639988,0.013199978861231143,0.33292241890282437,0.13744835339424588,0.0,0.007541594032082211,0.09350770845139178,5.50320648273761e-06,0.6627657352334229,0.004938726370123492,0.8377192486638867,0.9502652965649627,0.20544850966135453,8.881784197001252e-16
S_2007_003840_Non-classical monocytes,0.08356819676899963,0.004994584949322034,0.3190146302144323,0.09172564448974918,0.0,0.08315870907298217,0.23850926506142445,3.488195378320569e-06,0.7583781363619626,0.00016538697135892733,0.9091171930127633,0.9798418133889037,0.19295227864993159,1.1102230246251565e-15
S_2007_003934_Non-classical monocytes,0.19519774559820924,0.0007089410034610832,0.2730524012409745,0.30710058059081025,0.0,0.14293391665971367,0.02410526426705517,1.6898464852754813e-05,0.7113780489496087,0.007290953372355302,0.6245008752951782,0.8494802215221715,0.1780216044880516,0.0
S_2007_004028_Non-classical monocytes,0.05593947748500416,0.04414564773452723,0.09813118601074566,0.0066587771443549215,0.0,0.09114599653037869,0.905034005389721,5.249183903099919e-07,0.16682020723785884,7.067134792904106e-05,0.6959476893505916,0.9324277334432562,0.16120328830040132,8.981704269217516e-13
S_2007_004216_Non-classical monocytes,0.08356819676899963,0.004994584949322034,0.3190146302144323,0.09172564448974918,0.0,0.08315870907298217,0.23850926506142445,3.488195378320569e-06,0.7583781363619626,0.00016538697135892733,0.9091171930127633,0.9798418133889037,0.19295227864993159,1.1102230246251565e-15
S_2007_004263_Non-classical monocytes,0.05593947748500416,0.04414564773452723,0.09813118601074566,0.0066587771443549215,0.0,0.09114599653037869,0.905034005389721,5.249183903099919e-07,0.16682020723785884,7.067134792904106e-05,0.6959476893505916,0.9324277334432562,0.16120328830040132,8.981704269217516e-13
S_2103_004019_Non-classical monocytes,0.06068341935249255,0.2877915238004376,0.10857557664589024,0.005071047152496844,0.0,0.044957297182797396,0.5992476254195087,0.00023568385393102353,0.14185615363268322,7.499725373305566e-05,0.9087580842650242,0.8431894970558926,0.14874820004757794,0.0
S_2103_004028_Non-classical monocytes,0.13306097226487346,0.0024296930933263017,0.23205811587491842,0.03673071779714765,0.0,0.026415931808921878,0.07651690334704275,3.3536008685608465e-06,0.3924535909228466,0.0025716673645737043,0.7628015121117437,0.8260912092438795,0.29871411065156983,5.984102102729594e-13
S_2103_004037_Non-classical monocytes,0.0969569414147946,0.7194375687724259,0.5249686957577357,0.00015969712712671225,1.142197447734361e-12,0.040532962000004114,0.19001762784681775,0.0005775344043550401,0.013838699278273303,0.020804863267931406,0.825247223463502,0.3028842693943816,0.39991512790927275,0.0
S_2103_004046_Non-classical monocytes,0.21164447302630252,0.0016813166321614226,0.2011234935487336,0.08915575796175368,0.0,0.24862165127903046,0.6862480631929979,7.78264611105417e-05,0.3754471335751113,0.00032887544018267434,0.33439686015709014,0.3641002737680419,0.2409313767023098,0.0
S_2103_004073_Non-classical monocytes,0.033289656941104306,0.7516188659321552,0.06512780254635153,0.015508633021873885,0.0,0.07773650956179012,0.8658746923368175,7.932995578441293e-06,0.12601009891266846,3.805657994715439e-05,0.3507999234472421,0.5787049599237883,0.37068771990637006,4.440892098500626e-16
S_2103_004091_Non-classical monocytes,0.17610704777499797,0.29631180084377684,0.37129483008939257,0.005839046826762617,0.0,0.5565423436247441,0.02661976702218416,0.04352090592947766,0.34070523564638755,0.09991602077728601,0.2746566087660396,0.4252423387152131,0.7936179064155104,4.440892098500626e-16
S_2103_004100_Non-classical monocytes,0.13906267342166756,0.0006196321409319694,0.33891288053127067,0.037011760444965125,0.0,0.03210483416626286,0.16697374038376012,4.380831808425967e-08,0.19467729356804742,0.006140280917048324,0.5677372515463255,0.4802468982639112,0.40591218935988804,1.7763568394002505e-15
S_2103_004109_Non-classical monocytes,0.1040935759720163,0.13231436982829625,0.20069112295937708,0.00037281560586310825,0.0,0.13303701045487126,0.5072601911294585,0.0019114390452243946,0.19149570447782205,0.0005427676865004116,0.4807689248716034,0.7120085607699258,0.2674821708947639,0.0
S_2103_004118_Non-classical monocytes,0.12210889326488195,0.6537604912891046,0.38946223679429726,0.0009095963918563932,0.0,0.8687643082955951,0.893026336808497,0.00025000577557920955,0.08440583635200305,1.177515350336833e-05,0.9014900073816743,0.6026406719355597,0.06832591637127305,0.0
S_2103_004127_Non-classical monocytes,0.005013173812910221,0.5610983218241756,0.12530688668066614,0.01960338416994367,2.5757174171303632e-14,0.2031470180193482,0.3728185617254929,5.039822986518949e-05,0.03291341262930958,0.09598734044823631,0.8056686227144985,0.5451695130148146,0.054014085651078236,2.220446049250313e-15
S_2103_004145_Non-classical monocytes,0.06955348061899747,0.3927049598562786,0.25501573990002013,0.0034131569747901658,0.0,0.4806653345892462,0.08327209274957159,8.671796685089106e-05,0.14279520707003956,0.007210757053198735,0.24239808883584923,0.8186665613575925,0.10951971601719035,0.0
S_2103_004154_Non-classical monocytes,0.11899215019537457,0.45582272658807366,0.0684347434369521,0.0034720859565753326,0.0,0.431389369321713,0.0003985704351952002,0.000699344861014195,0.418301523909856,0.27643680033339546,0.6786012028706381,0.8394350697249644,0.14330209384735904,0.0
S_2103_004163_Non-classical monocytes,0.05109796220694829,0.5219082753342925,0.4695738820928981,0.002637888289850565,0.0,0.0952319446446408,0.8953484430896084,1.4936758069294953e-05,0.382629225463222,0.00031005134070860585,0.4847255038721521,0.8530443731719841,0.3517818694298467,0.0
S_2103_004181_Non-classical monocytes,0.17531549350434528,0.02884807854660809,0.7046764036415438,0.0060054729596337175,0.0,0.05743289766760262,0.8716455158248206,1.0108679049158908e-05,0.3684871589152092,0.0005193685059317055,0.9047881622060054,0.9166873596230887,0.09766457893275216,4.685141163918161e-13
S_2107_023520_Non-classical monocytes,0.029130848293159373,0.8917555273741542,0.08529653550806171,6.596895203436759e-07,0.0,0.05035721873053278,0.8638549826423012,3.6352483210544406e-05,0.29361419011603984,0.000926899344454446,0.465324828386223,0.6869936166427006,0.6352961020411283,0.0
S_2107_023538_Non-classical monocytes,0.2107017959366011,0.2621098793445593,0.11935505870635477,0.02990252152318984,0.0,0.007760983618081196,0.8615653457994701,0.00030178641714417864,0.20830298139588344,0.0010770486846556349,0.6487393881393868,0.2615273210599047,0.24261852178358745,0.0
S_2107_023547_Non-classical monocytes,0.060362654042978914,0.744013153544465,0.17862901599348646,0.00014138160302334946,0.0,0.2703254211914907,0.9595177811296347,0.0003219126355695767,0.2291639232625613,2.64163402583506e-05,0.5370583775382065,0.4923269082850723,0.39473731474369456,1.652011860642233e-13
S_2107_023556_Non-classical monocytes,0.08183224719496485,0.9256263185405831,0.2628578199449878,0.00028206755047177623,0.0,0.9736732911101151,0.048771922261372946,0.003938859227590408,0.012079727452919409,0.011841416021387108,0.6191531703483997,0.623458275880685,0.3141072500216284,0.0
S_2107_023592_Non-classical monocytes,0.050560010730868354,0.6965119796273274,0.35770319867517175,0.00017823921825210753,0.0,0.09973786100689819,0.1328348276348117,0.002129109839100307,0.011971926707393443,0.0047284274736745235,0.09083351510336701,0.8625895493750741,0.18955814672093396,0.0
S_2107_023610_Non-classical monocytes,0.016262210281386524,0.9361801697266006,0.18631871159117197,0.00013199791998608212,0.0,0.5820135309090491,0.004074067742385168,0.0009420645919071546,0.01879025681422597,0.05797795199982603,0.40853143247574275,0.9839346254507517,0.1903847347168337,2.220446049250313e-16
S_2107_023619_Non-classical monocytes,0.5410511356321046,0.9094584266974239,0.6258864485051041,0.008565767405133595,3.0664359940146824e-13,0.47131470973023615,0.11563231630959625,0.00010157730250992536,0.06049140094274863,0.10196029854364808,0.25177247904405653,0.2682420205278999,0.8599440508090419,2.220446049250313e-16
S_1907_004567_PC,1.6166888896718135e-05,0.14017632891695375,6.989113809030556e-06,5.5509499219397185e-08,0.013402488000466173,1.4721557306529576e-12,0.0063844520951164,1.3766765505351941e-14,0.0019718172275060564,0.012444720320014646,0.003446572107385304,0.43978041752649877,0.21117570375283656,6.661338147750939e-16
S_1907_004614_PC,1.6180043038716008e-07,0.3067554784281139,0.00014438745796052643,0.00023408011934611395,0.12120943540621876,1.8638603993537117e-08,0.0045444378950982856,2.220446049250313e-16,0.26835326048755137,0.011901253184789073,0.0417852352439223,0.5313603413895698,0.2584876012954893,3.4217073618947325e-13
S_1907_004802_PC,1.42774363776077e-06,0.537389263786787,0.0005038299646131783,1.1426479168630266e-05,0.08818788632480934,1.589040010685494e-10,0.006959982718467428,3.863576125695545e-14,0.0003516052576308937,0.013220849818512459,0.02173352358652747,0.5595472819684795,0.3130372950867686,1.1324274851176597e-14
S_1907_004896_PC,3.9638219639925865e-07,0.04133120490499609,1.2199493933717775e-05,3.0274605045121916e-10,0.05494415351046289,1.537918681293604e-10,0.012535311241387959,1.8951684666035362e-10,0.1705820398875595,0.02094004065966293,0.0005344516425755952,0.4173130316802016,0.2951829547476832,0.0
S_1907_005225_PC,6.754659173102695e-06,0.01023413037632026,3.1678530033163455e-05,2.0583401649787447e-09,0.10768355374573324,3.926953207056272e-09,0.021940307411592697,7.02327085377874e-13,0.0007530806090891851,0.04880535275555786,0.0004987679289141234,0.49721367950708206,0.3248525703884808,0.0
S_2006_004078_PC,2.3009033063736695e-05,0.6170515401329546,0.0009691137454297394,0.00012600543737284475,0.16682747447146729,2.2790769271807676e-09,0.027224057650673927,0.0,0.016857748606827982,0.07158905480922151,0.055995305716808996,0.7505897968550068,0.33969045011867527,2.19824158875781e-14
S_2007_002809_PC,0.0002295395956155577,0.8868934418974384,0.0017605250056274002,0.00014929960046039525,0.37738964944730835,3.308339646679315e-08,0.023195887902193846,6.816769371198461e-14,0.024538825034605694,0.054748695364683186,0.22657663045433485,0.5765343943227266,0.32278654604832013,4.440892098500626e-15
S_2007_002950_PC,1.882952828546891e-06,0.28754207640062557,0.003359719036851505,5.557486317808724e-07,0.42634177309583565,1.9750308699606478e-07,0.021192463434120512,3.2083224965617774e-12,0.02051316900135025,0.05976107369504402,0.03319597381268613,0.8680078480660915,0.1930222926126408,2.220446049250313e-16
S_2007_002997_PC,4.216336269013965e-07,0.0052464878337805665,7.242538003993104e-06,7.736145057890553e-11,0.08336155648393473,3.8674241586988956e-10,0.018964290307827314,6.661338147750939e-16,1.5562299427784865e-05,0.05178200979366476,0.00012451150954473356,0.462871126973075,0.23116504206640043,0.0
S_2007_003044_PC,3.878290755210401e-08,0.14000777267866948,0.00226526375690983,3.249941074034979e-07,0.231367755301076,5.231325448384894e-07,0.1040742311884062,2.2293278334473143e-13,0.09481598811897118,0.17028558147997264,0.0005683264666056509,0.8949928009447516,0.4174773841075743,0.0
S_2007_003091_PC,2.8862805340423847e-05,0.44497881863253674,0.0007679641508993029,4.870330031936376e-06,0.19397759798259107,2.1562973628874715e-10,0.02497362709117623,0.0,0.0007453830085011326,0.07062591994648493,0.04057650339786156,0.4527662127973753,0.30992559449599444,4.440892098500626e-16
S_2007_003138_PC,2.3150350589196123e-05,0.963116886268863,0.00044292442977300617,1.1226482766746315e-05,0.12686353649487292,9.365730413435358e-11,0.033648619739275576,9.103828801926284e-15,0.006340953370590707,0.05874937180928774,0.0621031564123109,0.8958387266790993,0.38898532486229165,1.1102230246251565e-15
S_2007_003793_PC,3.7446338454483197e-06,0.9002458222650014,0.0003920812979705257,3.9792201789179416e-06,0.12210781312818564,1.1056378035334546e-08,0.017057663976321802,9.170442183403793e-14,0.1379526533788762,0.026863671704682623,0.047477986252114635,0.5269472579913677,0.2687528062139872,0.0
S_2007_003840_PC,0.00019914761738815123,0.49986328154792314,0.004154354857245579,7.90655046238875e-05,0.27199236771661117,1.275939176537122e-08,0.011892551056968959,2.220446049250313e-16,0.002301133458895599,0.02094451006506315,0.10239866676574105,0.14703026484972415,0.15103204424468042,1.7763568394002505e-15
S_2007_003934_PC,1.686348810880922e-05,0.6756318610579624,0.0021435966194820466,1.1436987436441726e-05,0.14928705910378226,1.950795081029355e-11,0.015625658654314645,8.881784197001252e-16,0.0010858079395690279,0.05475960600331087,0.055278618457866635,0.383642158156432,0.2621762745676033,1.7763568394002505e-15
S_2007_004028_PC,4.3201386645819184e-07,0.13097235046859002,7.142933796067119e-05,9.220525067910046e-07,0.11659838535860656,3.577560958589743e-08,0.020467980237937722,2.220446049250313e-16,0.03110389440848782,0.06286371647673228,0.009656228156712743,0.6553660153875316,0.6245750337068108,0.0
S_2007_004216_PC,0.00019914761738815123,0.49986328154792314,0.004154354857245579,7.90655046238875e-05,0.27199236771661117,1.275939176537122e-08,0.011892551056968959,2.220446049250313e-16,0.002301133458895599,0.02094451006506315,0.10239866676574105,0.14703026484972415,0.15103204424468042,1.7763568394002505e-15
S_2007_004263_PC,4.3201386645819184e-07,0.13097235046859002,7.142933796067119e-05,9.220525067910046e-07,0.11659838535860656,3.577560958589743e-08,0.020467980237937722,2.220446049250313e-16,0.03110389440848782,0.06286371647673228,0.009656228156712743,0.6553660153875316,0.6245750337068108,0.0
S_2103_004019_PC,4.778480655609485e-08,0.013229453171219152,0.0009386001036186808,0.0007003779874514837,0.6783643786429827,6.65895570683972e-07,0.021123457717230343,4.694244992720087e-11,0.206396074406348,0.11714810869950076,0.05398915388797798,0.13222992160917868,0.1855704213710443,0.0
S_2103_004028_PC,0.0004363552684243377,0.17092943489937218,0.013795845578485899,0.00015721655728229145,0.44684445941969253,2.8995095213701916e-10,0.036605214220898574,2.4447111002245947e-13,0.09015921804054083,0.0806096215952754,0.28989440324490157,0.32814669792429885,0.40515596192286996,1.2079226507921703e-13
S_2103_004037_PC,1.216271643400546e-07,3.963719637622987e-06,4.229985457260277e-05,1.0268374817101744e-08,0.49688489555965853,8.54660977500643e-06,0.036344165539962336,8.335591550334698e-09,0.042701384493633254,0.15868626459022916,0.004974292369202438,0.12582256202871367,0.12701116830048886,0.0
S_2103_004046_PC,2.7192627978678274e-05,0.8859985069726899,0.004562079456216894,6.274628034041996e-06,0.316691669485357,2.476720628585838e-08,0.1704628792105729,5.815126158381645e-12,0.13069826861632494,0.29016955882582507,0.07894825509249292,0.36047079601849674,0.3887520053980347,8.215650382226158e-15
S_2103_004064_PC,6.67366752971077e-08,8.865722866957526e-08,8.886212727654552e-05,3.2133212091167707e-08,0.24411839069701768,6.667835408702416e-06,0.014294598893802801,2.3043594654659216e-07,0.0005522147102638986,0.049644451632727904,0.0003220851812824055,0.035735752659388664,0.24875383934248263,0.0
S_2103_004073_PC,2.307318269778591e-08,1.886026069164437e-05,0.0004806094600540156,3.3435898367795147e-06,0.6529889976719163,8.193827354197047e-05,0.022620161981908415,2.3010175986826198e-09,0.11606753494254285,0.09090422885077487,0.008618885539531274,0.17895002719882291,0.400953950475881,0.0
S_2103_004091_PC,3.092382383496073e-07,4.9414040927953096e-05,6.413848568298519e-05,1.490458867436928e-10,0.39985375877514495,3.4586913333356506e-09,0.022853085211156365,1.522311543489252e-08,0.00028063679441814315,0.10647576601634112,0.0033334642643292334,0.04549960219792082,0.1802756613757137,0.0
S_2103_004100_PC,2.75927344588478e-05,0.18668292413704113,0.005496482884638443,0.00019416701957264415,0.38358965509649523,6.857841494678496e-08,0.020750058742583066,2.220446049250313e-16,0.14962692089495433,0.05071363596334777,0.2449928282139524,0.45431217075503505,0.19511488674260247,4.463096558993129e-14
S_2103_004109_PC,1.2186951448001082e-09,5.117160074341598e-06,0.00014701080974810488,9.155035396446465e-09,0.8472941122319972,9.117794345314678e-06,0.1039523294918645,1.1192966442585828e-07,0.2072551200338495,0.43811986295984395,0.005586464957705761,0.11300978598745837,0.3295309537892006,0.0
S_2103_004118_PC,9.292200453536736e-08,0.001279806392007643,1.4277372818671807e-05,3.2299140717562125e-07,0.7876372973718704,0.0017400847270045983,0.09534843059365472,1.0436095765342657e-07,0.3940240967101465,0.28227404231166253,0.038686843377610414,0.13007487663029882,0.11696776496599903,0.0
S_2103_004127_PC,1.1688059409209473e-09,1.271562891869138e-06,9.385166487718699e-05,3.17110817604771e-08,0.975594589994575,8.241412424681016e-05,0.035595063067168864,4.8637298410980634e-08,0.18827001493171425,0.09194189552343124,0.001504108222512457,0.1362744554821349,0.44544554834153915,0.0
S_2103_004145_PC,9.058913508219746e-08,9.468510720234136e-05,4.5972066097688113e-05,1.028864875429747e-05,0.8080754769369409,2.3554463710606655e-05,0.04519814370516961,8.968026787847805e-08,0.18823427664314463,0.08461358374536787,0.00293215685274828,0.11693242813888283,0.4850008403462256,0.0
S_2103_004154_PC,4.449364499059527e-08,4.88020144151502e-05,3.309588911681871e-05,1.3375274443561125e-08,0.007670095355207351,5.355382366234451e-06,0.0290771692723113,3.8272940372507946e-11,0.2289641829144229,0.11972160645751373,0.010397788977300149,0.0962430028699981,0.2865554326987212,0.0
S_2103_004163_PC,1.6565901272969086e-07,0.010250546414728001,0.0003259510650817088,2.3899495715795638e-08,0.7129950533169338,1.0988983043525025e-05,0.055899022912278884,5.2760240620841614e-11,0.2419617875020963,0.11989282676985602,0.03510322332371074,0.12793887749288646,0.46161364191888454,0.0
S_2103_004181_PC,4.7440882333660284e-08,0.000222432799988459,1.2029447767458734e-05,2.181077229934658e-08,0.3815853566253453,4.1724052812774914e-07,0.02478434555673603,5.127009927718973e-13,0.06329843747286024,0.08323448440876002,0.006613676835406812,0.06943520373668233,0.34604696756128894,0.0
S_2107_023520_PC,1.2584650121993946e-07,0.011074486392303351,3.760643951156162e-05,9.987870086547446e-09,0.3006801575654625,4.279426926157015e-07,0.010508035605562904,4.0895731245882416e-11,0.16748831371312933,0.017551791364687652,0.01397576534088385,0.0466222059360244,0.131289224440867,0.0
S_2107_023538_PC,2.1948624029377584e-08,0.0021963612719433367,3.947081903898919e-05,4.0599727935131114e-07,0.6400213757573627,2.530249676446772e-08,0.0217811124970122,2.7914559552755236e-11,0.09726089147487804,0.12258485285811038,0.017052071594023666,0.090796078155015,0.28009093665679585,0.0
S_2107_023547_PC,2.9825444336495366e-09,1.8301944939125292e-05,3.512904149793883e-06,1.966611318238165e-10,0.3438131427848772,1.523943040204756e-06,0.04238718497040317,1.0589293886198448e-09,0.009418476824550881,0.13698830587848354,0.002211754577443825,0.05216107583380425,0.14661902761034362,0.0
S_2107_023556_PC,7.899709775216479e-10,7.686232762083023e-05,0.0001703797477667912,2.530607789985595e-08,0.6390131671247694,8.02219688411654e-06,0.06505752081233918,1.632731927436737e-08,0.09237768144232095,0.060540300744360565,0.00786278888120484,0.10804174970805436,0.8157045610837894,0.0
S_2107_023592_PC,5.885828957552519e-08,0.00016271762341557583,0.00044607509648963983,1.3057475101163618e-08,0.6175991582091984,1.4809572979057606e-06,0.03695031676873106,7.571530069583332e-10,0.16130515915123378,0.1444195002083719,0.003972012103149236,0.0748209006856515,0.30322242144982847,0.0
S_2107_023610_PC,2.9580483396074442e-08,0.0009900063365726464,3.73366595867175e-05,1.0923681958985298e-08,0.9688645860487637,1.5449088539787326e-05,0.07529751036923038,4.1804337769235644e-12,0.04081965312886826,0.2053727884281582,0.011169503444530715,0.035858125197041124,0.13775707752237176,0.0
S_2107_023619_PC,8.871244505659348e-07,0.027964173718985297,0.0018105644793626752,1.579039816679284e-07,0.8094440229826976,2.1944289496644842e-08,0.07601423335670487,2.795319531401219e-12,0.012149949408569283,0.17595433092382917,0.0043937039173536085,0.12991938379426782,0.25949149224178214,0.0
S_1907_004614_PT,2.2900124955205214e-05,0.6720311824009619,0.40116624823141,0.19956519334818723,0.9259298355179575,2.3093149614794584e-10,0.005653436308276749,2.7755575615628914e-14,0.7241994649776395,0.029054193788579763,0.6318935897637907,0.965018018088134,0.3320273673796508,3.2381453074492583e-09
S_1907_004802_PT,0.00026298345601794004,0.8962680851259202,0.3505175801124374,0.28210670130020654,0.9070825867726007,4.123357211227585e-10,0.010858560142012363,1.8207657603852567e-14,0.9098134377024167,0.06241900632124353,0.4863018409481039,0.989212794109207,0.4899936775010494,3.713108487346517e-09
S_2006_004078_PT,8.393905042880512e-05,0.9448513714804929,0.3560085558447885,0.09721810022824373,0.46460093229942423,1.2088108292118704e-12,0.007447867553245668,0.0,0.7233515235767021,0.02036653482863615,0.74811632078878,0.9207306223158487,0.19669494624835782,2.7800226787277893e-08
S_2007_002809_PT,0.0001901203323420031,0.8813487691281248,0.45787541117756314,0.19901095089923193,0.8910522527185618,2.856297420805731e-10,0.013264400464019,1.1102230246251565e-14,0.7322542388435482,0.03570156718024409,0.9281300544382343,0.9891959085542235,0.5896780558478025,1.892264123171117e-12
S_2007_002950_PT,7.044990479476709e-05,0.41589647808275876,0.3064248832793002,0.047534377434245156,0.7391215081024674,7.021323744638153e-09,0.024242096365470145,4.884981308350689e-15,0.6196155590206698,0.0702697917267121,0.6817678899300366,0.8740348312736614,0.3439799183070589,1.0347278589506459e-13
S_2007_002997_PT,0.05680123220835154,0.6187154864132167,0.5912316759173804,0.055090973990839176,0.08128874453010493,5.880567963689742e-07,0.20401960650454765,2.2853274828094072e-11,0.20521978709026434,0.3051373736679497,0.6656266565829818,0.9331852621245629,0.605341564846547,3.341105170306946e-12
S_2007_003044_PT,5.918146007366509e-05,0.8434864561939568,0.3236313474794317,0.09416856795676698,0.9629223874028061,1.8311284710748055e-08,0.029758403493408192,3.723688024592775e-13,0.6182698757050673,0.07991188417560346,0.6410605357523691,0.9746669176308489,0.12167313949399672,2.794653397586444e-12
S_2007_003091_PT,0.000120877258794172,0.6686497675019183,0.39382289475034815,0.19077969655542382,0.7998090389741974,1.3694689826593276e-10,0.004155698334197044,0.0,0.9375563330614118,0.024836217835097152,0.9422419564877407,0.9548144968211565,0.18198812842289414,4.439322021099201e-09
S_2007_003138_PT,0.0005141711349010425,0.36614852368901585,0.35665443561085075,0.5353632394127894,0.8381326295111089,1.9201529255497007e-11,0.008674811125242377,8.881784197001252e-16,0.9542253137029206,0.03787473948074771,0.6328099494254118,0.8425732338562408,0.376172112227275,5.123124147132785e-11
S_2007_003793_PT,0.00012147656426875209,0.9053386805157584,0.3661803083361792,0.14845007756794648,0.5485764028544686,2.3126167647546936e-11,0.005571291254541144,0.0,0.667907050820328,0.02766578761646321,0.7135944452724585,0.9408594105654178,0.19417174430903072,5.0954795938196185e-12
S_2007_003840_PT,0.00010931134285474542,0.3223212735447718,0.518327910009758,0.08554998807344738,0.9602859742886465,4.261532682292568e-09,0.010548845771236826,1.496580637194711e-13,0.6407025166658411,0.05604106846552037,0.6968480697598314,0.8450601478316697,0.15195936070277005,2.4369395390522186e-12
S_2007_003934_PT,0.0029336465495677366,0.7531203858456199,0.9047978222514164,0.028704097676027773,0.08610257954273837,5.005773573429906e-12,0.0012018925563495042,1.5543122344752192e-15,0.19760602655412396,0.0019032742737967734,0.8879729126530478,0.9124676348010028,0.29005028191904114,2.886579864025407e-15
S_2007_004028_PT,0.0001620974478095949,0.4312746067465587,0.25522414256528414,0.08442419758819719,0.834317274912783,2.101986074087847e-08,0.026273733082400774,0.0,0.7833260175818457,0.057346030873333564,0.7842038032142695,0.9268381096178628,0.36655620928848887,1.1891176932010694e-09
S_2007_004216_PT,0.00010931134285474542,0.3223212735447718,0.518327910009758,0.08554998807344738,0.9602859742886465,4.261532682292568e-09,0.010548845771236826,1.496580637194711e-13,0.6407025166658411,0.05604106846552037,0.6968480697598314,0.8450601478316697,0.15195936070277005,2.4369395390522186e-12
S_2007_004263_PT,0.0001620974478095949,0.43127460674655893,0.25522414256528325,0.08442419758819719,0.8343172749127845,2.101986074087847e-08,0.026273733082400552,0.0,0.7833260175818455,0.05734603087333401,0.7842038032142686,0.9268381096178626,0.366556209288488,1.1891176932010694e-09
S_2103_004019_PT,0.00026320511798005874,0.46973817604964263,0.25177316741291866,0.09544828645196035,0.9147681810408692,1.7517831629731972e-10,0.01621236064835907,1.3322676295501878e-15,0.48977248480583135,0.07142991840900437,0.7223008815537351,0.9598214438919275,0.1250814977902588,1.5518697438210438e-12
S_2103_004028_PT,0.0005783638903171795,0.3096547075171876,0.2235450791799014,0.504363252545748,0.9185086963442894,3.2437785790762064e-10,0.03144727419210591,1.0880185641326534e-14,0.6302211361257959,0.08945210412878124,0.9870552470581084,0.7307733372223089,0.6331278838936751,6.0607074914287296e-12
S_2103_004037_PT,3.48572853463569e-05,0.08609573762703504,0.2996429357786885,0.008324574589993805,0.9688992585513363,3.4885194732936498e-09,0.013246059087212547,7.904787935331115e-14,0.32030947380249186,0.04180283851948419,0.5264380579361685,0.9499019503235875,0.15618519846546963,7.482903185973555e-14
S_2103_004046_PT,8.595125648103163e-06,0.2039009156476459,0.4746847090298765,0.031000187261299272,0.7704685549838666,3.568683126786709e-10,0.008469243621466171,3.915090474038152e-12,0.3499703651778503,0.026127123019273446,0.21590783152267723,0.7296431477616587,0.19490239763937156,6.439293542825908e-14
S_2103_004064_PT,0.00033004882360221366,0.17492919601147827,0.0030850381320488562,0.12106895253018846,0.9622400904981614,0.0029802287929592275,0.3908742253240962,0.0008293637654144259,0.007093291053818618,0.515381031844518,0.2859657003991096,0.2421412411954582,0.16857898908210034,4.440892098500626e-16
S_2103_004073_PT,2.8593826473244377e-05,0.3515759495273434,0.24120503009735694,0.06298620605734517,0.6862233561362585,2.0775758891034002e-10,0.010238724734909832,8.881784197001252e-16,0.4973526174923615,0.03863171891325856,0.6331470872345268,0.9156422346594231,0.11703529089001008,2.6423307986078726e-13
S_2103_004091_PT,0.0005244326010813705,0.004254827460918431,0.39525259010414926,0.21273306857194085,0.9299854654439357,7.384252938913427e-05,0.001963249201539563,4.961473466957855e-05,0.27055642329974483,0.02440632679485555,0.007558622818103489,0.5984447348328501,0.1897685609151809,0.0
S_2103_004100_PT,1.9398566458050936e-05,0.686840683935765,0.380328795723073,0.044392256204708325,0.004103603668787148,5.553973503324983e-09,0.00122712581321327,2.3092638912203256e-14,0.27490981939604175,0.0011415674743331383,0.9664443566297449,0.8242120324488638,0.09692465759692226,4.657163543697607e-12
S_2103_004109_PT,5.644628019707554e-05,0.1607941545439877,0.44890504843088275,0.01679802640381567,0.912830869225556,1.1357070395234814e-08,0.025151780469366614,1.8836932014210106e-11,0.38353522119810957,0.1063245054380233,0.5299616617045566,0.9450821743320912,0.11487092166768798,0.0
S_2103_004118_PT,4.762800704405379e-05,0.5609889692195673,0.3751884018544269,0.02609666381279463,0.9496750355816848,3.8575764804704704e-10,0.00834239543935511,5.999867269679271e-12,0.46072484288485205,0.025091152242696868,0.9595389844297517,0.20863214397673913,0.07410704967273096,1.0635936575909e-13
S_2103_004127_PT,1.0844323975023329e-05,0.1911910785287516,0.18868047377862673,0.013218590898033789,0.7663487471524206,9.209049078862108e-10,0.009122990135750797,3.597122599785507e-14,0.528540541495568,0.05864511824409324,0.9480747614618965,0.47038428490968,0.29043901743707345,4.132472142259758e-12
S_2103_004145_PT,2.5131293292846024e-05,0.11884905330960516,0.5479110243724246,0.012599679753755533,0.8597846647248204,6.031855237509376e-09,0.010189423792865915,7.391864897954292e-13,0.3834625716582605,0.02047872476712742,0.26800212473711316,0.9954242331290486,0.0774637237046969,5.839773109528323e-14
S_2103_004154_PT,0.00012928724779071032,0.45112750173119287,0.3833067030650126,0.005787855744729509,0.1662682010880241,2.75660605453254e-10,0.01203593441486217,7.749356711883593e-14,0.3461441797660365,0.0234231249569421,0.5345928669952045,0.753666120221673,0.08794323431565054,3.1374902675906924e-13
S_2103_004163_PT,3.6570876502661775e-06,0.4858568452646752,0.3144884020465164,0.005486735938395215,0.7828677228395768,2.575901714152451e-10,0.007373534303297458,9.903189379656396e-14,0.49891575703822344,0.02486848038953049,0.6725081889032434,0.5095107462444703,0.18368208180558065,3.752553823233029e-14
S_2103_004181_PT,5.623282977040844e-06,0.19111920802363525,0.15063564684929442,0.04035307070403826,0.9143019240945023,1.2481661704200064e-08,0.005989360840252589,0.0,0.5695582051206558,0.02509833729786326,0.6973300397348932,0.6571819776826446,0.1468739919250135,2.3920643243968698e-11
S_2107_023520_PT,5.8087843950449525e-06,0.048551754095674804,0.4522080728857669,1.420250568751058e-05,0.6377440559951315,6.106171346331735e-09,0.004571600035636836,1.7501555760190968e-12,0.13126895645351522,0.016782256469728418,0.4665333816161785,0.3561723799478944,0.03087445829554958,0.0
S_2107_023538_PT,6.711313025320464e-07,0.11378377849651256,0.1227065800552889,0.011167340879773446,0.8572177359187083,4.09701161885323e-10,0.0025885153377607217,1.0127454430630678e-12,0.22894411341893384,0.015463640644840071,0.6676878872623995,0.390709367358929,0.04571763001537077,1.8318679906315083e-13
S_2107_023547_PT,2.2316627743546036e-05,0.2255973042062982,0.3323162378182456,0.0027102056691763465,0.9426663514395739,5.919087442407545e-10,0.011863411273923097,5.551115123125783e-15,0.355941706882549,0.03285049480888058,0.36593991967186956,0.9035631702580207,0.16906108252903618,9.99644811372491e-13
S_2107_023556_PT,8.317208015640176e-07,0.20461695818523795,0.48319645850955495,0.003840250388050137,0.9194191174620197,1.7099297533462732e-09,0.02292766076399433,3.3237856911227937e-12,0.7087554289888105,0.0510071954964364,0.31166597319906764,0.8424361093232093,0.14485638880520035,5.773159728050814e-15
S_2107_023592_PT,7.003220039858427e-05,0.5134369909853527,0.2298914607515805,0.038702338506322764,0.6739110220861262,2.7127515789260315e-09,0.013913534900269031,3.1086244689504383e-15,0.7094109735760719,0.05243122571296088,0.8672895037791151,0.5531067580940934,0.542853193971506,8.593126210598712e-14
S_2107_023610_PT,1.2196702649180935e-05,0.0951104326026937,0.3281885405042666,0.0012656448040884172,0.8687478521152747,1.8310701843660127e-09,0.019634456603621286,0.0,0.3822851500959821,0.04741809799179353,0.3302411852171643,0.914506346177824,0.09433263276049209,5.1736392947532295e-14
S_2107_023619_PT,0.00016718092188949818,0.2317384791470758,0.5732858538073626,0.0007197918462686914,0.6791018131987456,1.861715226425531e-10,0.0021232001579700732,6.862732604417943e-12,0.42065521202839795,0.00282655621183614,0.2590672286030373,0.9801000086584324,0.10992831634380051,2.866595849582154e-12
S_1907_004567_Podocytes,0.04809420706808765,0.33534700266830253,0.02310823744407897,0.8570797999605935,0.0034566544937495447,0.10628676767407086,0.778251336562469,1.3319446885207142e-05,0.00015429903741703832,0.944906938872845,0.45896216867752004,0.0073438787901807245,0.8126244634622126,3.5793590313915047e-12
S_1907_004614_Podocytes,4.324703530844687e-07,0.543987654934988,0.26237931839715145,6.575085086835131e-06,0.01997501507142463,1.7047629530253516e-08,0.00208437213891588,1.4660428426793715e-09,0.052826691904868106,0.00799282363359044,0.05431375448905551,0.4341505771047207,0.07377296413572676,2.4225066397320916e-13
S_1907_004802_Podocytes,3.037704190012036e-05,0.4846757208538861,0.2903279336114435,1.9425783370774496e-06,0.13597191964554067,4.2868463379086563e-07,0.11784461068221397,0.039587310597720915,0.0003197204602440884,0.1446160248854509,0.0039030465753369104,0.2989399327937905,0.35522986471223805,0.0
S_2006_004078_Podocytes,1.1839059252949369e-06,0.34491910066238973,0.03126632063904733,1.6912634315913166e-05,0.026012231399031194,2.5091040356528538e-14,0.015108363147664727,7.403633262015319e-12,0.13898138651994274,0.0355678872567331,0.05552574203931471,0.14530837832125854,0.19593147312157333,1.3233858453531866e-13
S_2007_002809_Podocytes,7.187815995735036e-07,0.015925469354658217,0.12017918297765129,2.7287943384912694e-06,1.7996939494224762e-09,4.426581012850761e-08,0.001273136322207824,3.7249040557130186e-05,7.198269510655386e-05,0.0009709412373810622,0.020359824198689314,0.3060696627124757,0.07359321129395369,6.661338147750939e-16
S_2007_002950_Podocytes,0.00011898499399443097,0.552557557317666,0.5665652394880485,2.5155283567279696e-07,0.03177857076887691,7.734720585128585e-06,0.09779588666862393,2.0301071812056648e-05,0.0036952653724808826,0.024397470988947623,0.609029194217416,0.384513173699768,0.183470420486882,2.2480362926735609e-07
S_2007_003091_Podocytes,2.464711255312224e-06,0.00020996794766725557,0.30483368673896494,8.848027888141985e-08,2.159960210690315e-08,0.0018807606392456933,0.000262164248975294,9.864743353293903e-06,0.0010325766156071836,0.0010696196968769112,0.11784153885930593,0.7664303075521139,0.08451909799178692,1.2929679549245066e-10
S_2007_003138_Podocytes,0.0006097119393759787,0.6516055300436383,0.006837771435856288,3.5465965042558167e-06,0.033493706093430164,2.0724404214966796e-07,0.14313299106834787,1.1080025785759062e-13,0.0007828518565236031,0.1275857606587043,0.21341552538428044,0.3931937684734286,0.047371550730025636,6.176534839141823e-10
S_2007_003840_Podocytes,1.0805347727682602e-09,0.03178564220501512,0.5737186811993629,4.4239356844499866e-08,0.0003742793203875827,2.1238641911835998e-07,0.09052621236185687,0.0012328844823621399,0.0001444665917051946,0.0643701457679764,0.02139199210089382,0.6183991380391489,0.09966531932469436,1.1102230246251565e-15
S_2007_003934_Podocytes,0.0003084306064145004,0.5578406034298091,0.6724588185835287,0.0004457671486453041,0.0929958972237499,8.608447710445333e-06,0.004529028982375394,9.595085048652585e-05,0.4744974150811192,0.0034714680378564733,0.7873942766686748,0.6150030759841725,0.2637602762219846,1.4477308241112041e-13
S_2007_004216_Podocytes,1.0805347727682602e-09,0.03178564220501512,0.5737186811993629,4.4239356844499866e-08,0.0003742793203875827,2.1238641911835998e-07,0.09052621236185687,0.0012328844823621399,0.0001444665917051946,0.0643701457679764,0.02139199210089382,0.6183991380391489,0.09966531932469436,1.1102230246251565e-15
S_2103_004019_Podocytes,6.285725651977714e-06,0.007265107407741667,0.8950317188486301,0.0019210683249997196,0.012618620540174375,9.230424700135131e-07,0.00325831765190987,0.0002722518728528467,0.00028072719343685826,0.0035921977858028864,0.4328142062509519,0.015185098215081183,0.04398924586273778,0.0
S_2103_004037_Podocytes,1.313419488724321e-07,0.014231027404610908,0.713152879784968,8.036522558541037e-10,2.0137240763773434e-09,3.778155566180885e-11,0.00017196063427316055,5.212633180584625e-05,6.961829428586697e-05,0.00010475770742979229,0.18979333821125932,0.009831226411877392,0.11353092680468713,2.4424906541753444e-14
S_2103_004046_Podocytes,1.1918283759904114e-07,0.007426754903345989,0.12146971220452873,2.33437915464485e-06,5.892537513263463e-06,3.4656565395252414e-08,0.03272369573514977,1.2046820464739483e-05,4.752388931938967e-06,0.07750422285316017,0.022070504377239786,0.15768568880433076,0.09055854030492738,0.0
S_2103_004073_Podocytes,3.203437515253427e-11,0.19131222704275297,0.11520914680559491,1.4504209766563747e-07,0.0005460915346309214,2.4059971126533242e-08,0.0529637697430525,0.012558297815760122,1.1425634611761382e-06,0.120752872900459,0.33014734779589583,0.005412483055080797,0.21050390771883998,0.0
S_2103_004100_Podocytes,0.030941552373520587,0.03255283743226456,0.061648591343678616,0.2845477611615346,0.030444378234783187,4.783952335984942e-05,0.0025459148899398265,0.0029572508214259496,0.1791936193066621,0.0009235592116780822,0.8837412192152287,0.5749937501379656,0.041136692584112566,0.0
S_2103_004109_Podocytes,0.02080560817629773,0.20136873669915412,0.034517118455130724,0.723095059739638,0.10864593301570036,0.0002265332202526782,0.19994510053290604,0.0014838103956646975,0.35911816950675046,0.24688511628872112,0.679239025131732,0.853709301130404,0.3305284748553554,4.440892098500626e-16
S_2103_004118_Podocytes,5.317344606825536e-05,0.05721526484704498,0.015227161564778768,3.779383084112631e-05,5.380140777333509e-13,6.839044657036553e-06,0.009730962786063557,0.01720571595505138,0.010011089388165972,0.009228785543683227,0.13542549669192727,0.03890875216690515,0.25205778787274014,5.10702591327572e-15
S_2103_004127_Podocytes,6.297922523490485e-07,0.006282330701529615,0.4846238212336642,2.274865734253062e-05,0.00097507351766013,7.555287795391052e-07,0.04358254954298535,5.319795112423975e-06,7.736667346769366e-07,0.06054620406442868,0.19882534769644433,0.020759911120451946,0.04104094620753962,0.0
S_2103_004145_Podocytes,1.6213131734943431e-06,0.16584257572202676,0.081303097611237,7.255195311861584e-06,0.0008502345211827134,2.5349867467383547e-06,0.01562790985201401,0.014998656738849148,3.370995416140943e-07,0.042462178921927496,0.041141692654936834,0.18055334959958458,0.057781208033121256,0.0
S_2103_004154_Podocytes,0.026923021860569607,0.2855286418246945,0.3141913665389673,0.00028205775864686977,0.011031547116122642,8.047556399048972e-09,0.11293498652391865,0.15679940727852792,0.008011583942009848,0.03967510195469037,0.7842732967267674,0.0174851894098369,0.20460976329690772,5.331906027805644e-10
S_2107_023538_Podocytes,5.181480615679135e-07,0.9165098510390681,0.4945528854043548,0.002027359974539955,0.09281020473344492,5.123290520048229e-06,0.012626509069935343,0.6489259772958136,0.020722456650144272,0.019419584155500047,0.8559243980362996,0.7118173043920497,0.9059254126004317,1.0080825063596421e-13
S_2107_023556_Podocytes,5.7013282983575664e-11,0.004159466840285342,0.8527700198624055,2.1786362047748753e-08,0.00020543278638451845,4.31490008567792e-06,0.0471964834830203,0.3580548624374831,4.5053909891734634e-07,0.055149108071883335,0.002303684748151902,0.04621270603719174,0.09235517701480145,0.0
S_2107_023592_Podocytes,0.009446247508341221,0.012730270962167278,0.3052253972864687,0.00017111879352116333,0.00033180575757141284,1.6745718598443204e-06,0.7545273233749679,0.019868045001628643,0.15067931910334154,0.32705431068276525,0.2476966148790214,0.35834800930117017,0.38355519390979564,2.886579864025407e-15
S_2107_023610_Podocytes,9.228530990501582e-07,0.03115925470628511,0.8963073610776233,9.713005733047453e-09,0.029179602336459,2.9138822688068444e-08,0.2906553272111887,0.7759398041034227,6.863072079532628e-07,0.3250919440758995,0.06963985627770808,0.24114122009116246,0.5338379816885714,5.4072302191343624e-12
S_1907_004567_T cells,0.026854422885089546,0.17109570609870905,0.07968774016691826,0.005576003366074556,2.1128769844835915e-09,0.07169318854948648,0.17686453663420765,0.001379035222236702,0.9195251775297855,0.3548474368194443,0.3885457183013683,0.895850170410784,0.3566211140461588,2.7977620220553945e-14
S_1907_004614_T cells,0.015941222443488057,0.04783667238962197,0.13784794809371137,0.2045967903171595,6.870060076380469e-13,6.349637332347946e-05,0.00878716735135554,1.692039018452718e-05,0.7431120805578257,2.613797541139995e-05,0.9000797176964515,0.47574132124067203,0.08272816114532744,0.0
S_1907_004802_T cells,0.05755872845390608,0.7883578007091545,0.5956924454166008,0.12961282315537925,2.220446049250313e-16,0.6361269489153734,0.8141047403107244,0.00224136730858171,0.596697170858203,0.008667034361246495,0.27590104964860673,0.11179519456475462,0.582498466439838,0.0
S_1907_004896_T cells,0.15479655926785618,0.7460932290611728,0.2165242139331749,0.02474036758187048,1.0759393376247317e-10,0.03820980331479551,0.556870116423136,5.9596666934780274e-08,0.18446826250646686,0.09063103782278281,0.8605814406991028,0.7357439953298042,0.2592089612786166,2.7688096260192196e-10
S_1907_005225_T cells,0.02510593473558842,0.7082826410193237,0.10056743115444378,0.006308140625614911,0.0,0.1583395121244484,0.6007466887046724,2.197586599028689e-05,0.11775300791794874,0.051137583197892855,0.37011503992610506,0.45556313414433824,0.29942994552075897,0.0
S_2006_004078_T cells,0.15373788988201564,0.2684954127946664,0.29205075033970496,0.027260426029384943,1.7763568394002505e-14,0.025931790741243743,0.7792665943758321,1.9166623279609496e-06,0.7107416522385468,0.005263564473016125,0.4106985783357997,0.5789674918630068,0.4513552405270551,0.0
S_2007_002809_T cells,0.7368719947560962,0.02204911299269341,0.47326406056942005,0.744768212681532,5.352673859704282e-11,0.31762409011372217,0.7454001212723682,0.007553027392011691,0.975807467345108,0.07228119296870017,0.6596621989093068,0.895425206921576,0.4918956617377799,0.0
S_2007_002950_T cells,0.002197582263772979,0.8171856527989989,0.5604173538264567,0.2804143986450349,4.440892098500626e-16,0.04218756391350742,0.5328434230061165,0.0005547311008637923,0.2506374249646106,0.12307040205879605,0.5638693397556211,0.6669466114378653,0.2628435261963187,0.0
S_2007_002997_T cells,0.11481845308452532,0.08040624019949982,0.18396224096176006,0.05298864448605789,4.551914400963142e-14,0.8129635560067161,0.5432432868749948,1.3813324639455615e-05,0.5878780068940124,0.06589955790115765,0.2140653635902252,0.3529313127647953,0.4498952581161606,0.0
S_2007_003044_T cells,0.04000061402124366,0.6592066434119834,0.22133052694768085,0.14584695351991894,0.0,0.5545834178145854,0.5521520374676534,1.545207374276103e-06,0.5720505989038716,0.0944376576107191,0.5127635799561592,0.1051615832715409,0.5457454101025028,0.0
S_2007_003091_T cells,0.0995332416845005,0.2896487415166904,0.1674328510888088,0.17529978077750052,0.0,0.04455039100846747,0.13822667491008467,0.0030393106424146943,0.5298220046016189,0.24209175143490236,0.4709512650288179,0.19978491822196864,0.2413206722860941,1.9984014443252818e-15
S_2007_003138_T cells,0.010475465852215482,0.3794179161849176,0.037218476472044904,0.07398284830252355,0.0,0.005373511094563632,0.9176496866022381,1.7309694122502606e-06,0.9921601709448682,0.015602038205621893,0.4689275358023264,0.29260143252999704,0.4140825224370661,0.0
S_2007_003793_T cells,0.04386621531672441,0.25082242929664855,0.4648286693544206,0.0747813988289805,4.440892098500626e-16,0.04566909916462758,0.3649788619882979,0.00021458634744875305,0.5707549767246021,0.0011358323270074244,0.7074748842667828,0.5117591121546758,0.4661274161483333,0.0
S_2007_003840_T cells,0.12629303699512495,0.05757589531110341,0.31923912427031476,0.32059695362832286,2.1251207904526837e-08,0.00030484609168479615,0.643495183815324,0.00023454313165216512,0.9339737069965883,0.0011606686944440892,0.9023961313851245,0.18785068013969708,0.5863843840201697,0.0
S_2007_004028_T cells,0.038709146942857764,0.6481454915088292,0.11948007282070927,0.02590235020828735,0.0,0.08754783025066071,0.988667930255237,3.4165355708992706e-06,0.34182584035150154,0.009938818267351879,0.4655785501411345,0.2491593739223581,0.29835218970690325,0.0
S_2007_004216_T cells,0.12629303699512495,0.05757589531110341,0.31923912427031476,0.32059695362832286,2.1251207904526837e-08,0.00030484609168479615,0.643495183815324,0.00023454313165216512,0.9339737069965883,0.0011606686944440892,0.9023961313851245,0.18785068013969708,0.5863843840201697,0.0
S_2007_004263_T cells,0.038709146942857764,0.6481454915088292,0.11948007282070927,0.02590235020828735,0.0,0.08754783025066071,0.988667930255237,3.4165355708992706e-06,0.34182584035150154,0.009938818267351879,0.4655785501411345,0.2491593739223581,0.29835218970690325,0.0
S_2103_004019_T cells,0.05807333477395016,0.3596602469309427,0.45236421050738285,0.00038108216289400865,4.3084501299972544e-08,0.1541342435504871,0.40036529202781646,0.00012478142848548757,0.16484009443358483,0.008693841435525318,0.22504675091413606,0.36571153974755544,0.39733770171012983,0.0
S_2103_004028_T cells,0.06270840277463008,0.18831756757871587,0.38202499037550375,0.30069192337615447,0.0,0.011390796535939884,0.665646815788373,7.194910434660251e-05,0.6678759523330955,0.010119491144660486,0.574958475046855,0.15524781929172926,0.5197105390691568,0.0
S_2103_004037_T cells,0.006611044580979719,0.07801255283991915,0.35433259244242876,0.024472365534274676,7.308798011251838e-11,0.45242724340519214,0.2849300383285893,0.0004863589244574751,0.3938475876444876,0.2055999169374576,0.7586653059893964,0.2139463568279767,0.6034414232716112,0.0
S_2103_004046_T cells,0.7028947464666842,0.015656141353840525,0.4160706048921843,0.3723947594683912,1.066788779535699e-06,0.0023771733572730547,0.3177764335961335,0.005064911426755581,0.7979558134475973,0.0010126965934602605,0.17122948500078405,0.8897092179745532,0.3162118090938586,0.0
S_2103_004064_T cells,0.004729255189480197,0.30021814031700944,0.3223710873855383,0.5046852266397222,0.004766279040691046,0.9776141729693228,0.4128769074348233,0.008570945720042245,0.1654039493145949,0.152701158063568,0.7394010504953428,0.20190243289498966,0.07817783515170729,0.0
S_2103_004073_T cells,0.020123483889237015,0.21383322965158413,0.10612418177057359,0.08356448321420795,5.899725152858082e-13,0.049487114048684555,0.2893639832377122,0.00999748365503672,0.4728338137885939,0.28199367906268047,0.7720393580822447,0.10966512749695112,0.45739796049049897,0.0
S_2103_004091_T cells,0.014189002838071119,0.3932245052340375,0.12202112576407176,0.03300381009664566,1.354472090042691e-14,0.43970507944390436,0.029533936121673765,0.01335059097730551,0.34788776670702704,0.38160810561274006,0.3836850206114071,0.16834675219342143,0.7021445910981121,0.0
S_2103_004100_T cells,0.007013644728015356,0.13698830742041457,0.0037916479427511085,0.2628573672060157,3.7061465008036976e-12,0.001348258777899014,0.0031457813318307437,1.9182433419473455e-10,0.2096349742662138,0.00016326920825804336,0.7804161949528465,0.49088733292119113,0.616491555352098,0.0
S_2103_004109_T cells,4.1390508258132286e-05,0.41173903800508826,0.21348123521373719,0.025139840569744276,1.1466161353723692e-11,0.4361177438134347,0.06103941937157775,0.05262041814353147,0.004171099882299245,0.9022380002050117,0.4340985189568982,0.2009742832482977,0.8561539078033009,0.0
S_2103_004118_T cells,0.002059677496069723,0.0929222479463574,0.19188707267395078,0.020381119852707963,3.6670264602634006e-09,0.38092203373113986,0.8002699566490921,0.016537775877216054,0.7983070903790965,0.1050141425730795,0.8915679503371841,0.012726502084246638,0.9532606602174591,0.0
S_2103_004127_T cells,0.26813195008825885,0.2932016340388408,0.13047229166646757,0.01688373442140856,0.0,0.007511509475253364,0.3737768084456261,0.0006568247273506245,0.9408260258344694,0.017252164169935913,0.6940611508387318,0.5226918581671904,0.7546191946994782,0.0
S_2103_004145_T cells,0.01119285400057568,0.0010080639909162414,0.08936748780997616,0.033876954906011614,6.7390537594747e-13,0.9295702028376569,0.11716139741310361,0.006347897319958662,0.7429477543788809,0.2653993796512186,0.38095864943185376,0.24911622549886414,0.4663321151810822,0.0
S_2103_004154_T cells,0.006007928067168544,0.051237068734585334,0.11180988922818735,0.23734612705025948,0.0,0.7865858512472998,0.1831500967661357,0.0013577244160420943,0.6606487997772308,0.08553223929959364,0.749738137478285,0.10671268575087511,0.4815250427793789,0.0
S_2103_004163_T cells,0.038243668199511305,0.26337642530946703,0.1494749193734779,0.01711189276383407,2.220446049250313e-16,0.5285937681954307,0.714840521947979,2.6450462851546064e-05,0.7433078596284599,0.02278415219160279,0.6408118559283684,0.2217979386630542,0.4759175760028844,0.0
S_2103_004181_T cells,0.01957520866906748,0.1721371792877695,0.08108974860514162,0.02954084713294569,0.0,0.4911184911527875,0.19321073150149326,2.3245280974526494e-05,0.5866622161727693,0.15190551696930665,0.2951458479502289,0.24829988294953664,0.5765878494598513,0.0
S_2107_023520_T cells,0.001280532314786198,0.34062624076716963,0.10909586247979752,0.001577468608682464,4.708455847435289e-12,0.8071356723143732,0.26443894183065053,0.003495899963446014,0.14990569591794478,0.19447147287484157,0.6173931272831426,0.6653768682257624,0.7094836293114559,0.0
S_2107_023538_T cells,0.009172442394374425,0.45005034629694385,0.38945428154544093,0.01733972814247675,1.1102230246251565e-15,0.3238753441850204,0.8224970448707261,0.0005731103009893879,0.1939889514313069,0.051597699986964285,0.8270479006022922,0.11142958326611252,0.5051476061414291,0.0
S_2107_023547_T cells,0.00894663419475683,0.06940573459538935,0.0035575868739237126,0.019141990188038083,0.0,0.003775705847613775,0.4713669187725702,0.00029324836941579946,0.23713973354373818,0.23296064394266436,0.15644814050329559,0.14004792878971095,0.7166567518419229,0.0
S_2107_023556_T cells,0.0004770312617614625,0.053555887017944004,0.07814880424915627,0.001680156161732116,0.0,0.5191432704632892,0.06093348061916548,0.0035131398710142037,0.21525662492739683,0.12613210889964055,0.9469651823495737,0.41955946253812115,0.4228886696054708,0.0
S_2107_023592_T cells,0.0038207195552677486,0.022922847104402067,0.02437004760871586,0.0006274903043845814,3.0686564400639327e-13,0.009621888335298756,0.9148001233907337,0.00011476318515746264,0.4733643341613516,0.08210718878334311,0.6841488672113982,0.8910404789388198,0.669688563153017,0.0
S_2107_023610_T cells,0.009919546153624337,0.2764652661821321,0.03817342022287895,0.1618513186424868,0.0,0.24435591781744104,0.22953212067087336,0.0013232701684309234,0.5482689655520847,0.09797829354469845,0.5358416920488147,0.14664690891036503,0.8853073684616728,0.0
S_1907_004567_VSMC/P,0.00208499586744737,0.6088195451980454,0.1610543882007378,3.972396056539651e-08,8.461011891114367e-10,7.3360812411493725e-06,0.026397041409697453,2.5968227568284874e-10,0.0,0.0020598290039994804,0.033538596722616054,0.8761689681021294,0.3855326593018831,5.162714700190918e-11
S_1907_004614_VSMC/P,0.00039617296882799025,0.37478801286864316,0.12893177494760444,0.0007689306218858771,6.756149253384081e-07,3.3189843140490893e-07,0.004003155092088706,1.1997247915118692e-06,0.0,0.00034134642685024197,0.11883078355740273,0.3310064560247006,0.3498328568217721,8.881784197001252e-16
S_1907_004802_VSMC/P,0.00417847445609687,0.2872834092272907,0.68863344978962,0.0013082468693408345,0.0009049805840148917,8.855680537611654e-05,0.014840754469967798,1.4348104704353659e-08,0.0,0.007972466822139923,0.021441397466797518,0.5298485736604919,0.4891449674062569,0.0
S_1907_004896_VSMC/P,7.851732791475108e-05,0.7105233340450599,0.07296029719003894,3.348987753781785e-11,5.2206994727299616e-08,3.4704175639443946e-05,0.020139638465865195,6.616329706332635e-11,0.0,0.0001781367888626928,0.04075279934094844,0.9912891675443407,0.5423437912253877,1.680877659282487e-13
S_1907_005225_VSMC/P,0.00022184676553727023,0.3156957192217129,0.21378063719181206,4.792829022548517e-09,7.83617615240928e-12,0.00011014967381184348,0.012811713993719165,9.014965662856866e-09,0.0,0.0005900583458249287,0.020005653080462427,0.756745332077164,0.4302314495898494,0.0
S_2006_004078_VSMC/P,0.010934860584374873,0.7696083369358067,0.6943310575871471,0.0014674443531119685,1.3142419430511865e-06,6.643017174678967e-05,0.00031999780886415863,1.0769520830677948e-09,0.0,3.879656432070888e-05,0.06963825704855009,0.8242187554745803,0.44819773889892245,0.0
S_2007_002809_VSMC/P,0.00323652036270472,0.6389257545195464,0.9526047655274883,0.0003427379178775336,2.121642417307612e-09,0.0003535662310574228,0.0013477859433079775,2.2607089755766197e-07,0.0,9.136907016293883e-05,0.2189561224796126,0.6992724749767603,0.5772854532546547,0.0
S_2007_002950_VSMC/P,4.5508268903482474e-05,0.6196315977115217,0.2765137436090499,0.0003566898252949091,7.53350715143597e-10,1.2585161615952245e-05,0.039251111931264404,5.617131648705254e-07,0.0,0.008965515587308293,0.07588473305921029,0.7815268361161714,0.5838256333343494,0.0
S_2007_002997_VSMC/P,0.0004489899492075011,0.07039460086522631,0.15889013120335593,1.04133783973559e-06,6.94716040463561e-05,0.0021776377502635835,0.02004800387582173,4.738653913705093e-11,0.0,0.0035175369275335377,0.014652442779051311,0.9151661742145292,0.41210745372023183,0.0
S_2007_003044_VSMC/P,0.028084954827541697,0.6383973811879771,0.36499042361945255,0.013166306227081703,0.3697297359832068,0.0007864246410427267,0.3164444765453278,0.0027283249980278867,5.420108806220014e-13,0.20767545640841334,0.009370675476041646,0.610320407188119,0.6437809287627538,3.872457909892546e-13
S_2007_003091_VSMC/P,0.004835418050609608,0.32349271750277175,0.5403991735131706,0.00041703134517501184,2.0084350679683283e-05,0.005132008291243384,0.05309886474643344,5.1274495760367245e-09,0.0,0.017925727705827565,0.06467392243544734,0.7459727146614012,0.37200660488972215,0.0
S_2007_003138_VSMC/P,0.0006469675898457261,0.3814812775358629,0.11175236765976515,0.0001001373439581954,2.6645352591003757e-15,6.06621147758446e-07,0.0005702946678984855,3.917022262101e-11,0.0,3.22055803945176e-05,0.17840786237047923,0.7261930102442058,0.712938201496256,0.0
S_2007_003793_VSMC/P,0.0022667777439802084,0.9120874662735887,0.14689789095443828,8.642552591364705e-07,0.0005895788910192934,1.493846955025191e-07,0.019115904954380314,4.708455847435289e-12,0.0,0.020066964799136278,0.16094637404210554,0.37160714717281373,0.27491022760898987,0.0
S_2007_003840_VSMC/P,0.004713772971831398,0.9577575055352927,0.6383293289940017,0.0011701822514922355,8.691133812632756e-08,5.413423825828545e-05,0.0016842684916980044,2.432238188632141e-09,0.0,0.0008398019518127686,0.21579708972407596,0.9781079602299791,0.8392505994748742,2.220446049250313e-16
S_2007_003934_VSMC/P,0.0021225103698581105,0.34386254661388027,0.6169779191481641,0.0007379315253623897,3.453332544811616e-06,1.3408184289742664e-05,0.003112924139800688,9.63565294220814e-09,0.0,0.0006425937336622667,0.18412275143501589,0.5296503910655794,0.7766131828385667,0.0
S_2007_004028_VSMC/P,0.36697869970036145,0.04986751331164907,0.5815667013263193,0.11768704361998017,0.018427210761601698,1.8116368987186604e-06,0.05388125288590717,5.155979434512403e-07,0.0,0.05259728072779524,0.4218492412710071,0.18091637434499575,0.7527500316787648,2.4424906541753444e-15
S_2007_004216_VSMC/P,0.004713772971831398,0.9577575055352927,0.6383293289940017,0.0011701822514922355,8.691133812632756e-08,5.413423825828545e-05,0.0016842684916980044,2.432238188632141e-09,0.0,0.0008398019518127686,0.21579708972407596,0.9781079602299791,0.8392505994748742,2.220446049250313e-16
S_2007_004263_VSMC/P,0.36697869970036145,0.04986751331164907,0.5815667013263193,0.11768704361998017,0.018427210761601698,1.8116368987186604e-06,0.05388125288590717,5.155979434512403e-07,0.0,0.05259728072779524,0.4218492412710071,0.18091637434499575,0.7527500316787648,2.4424906541753444e-15
S_2103_004019_VSMC/P,0.0003507722131894653,0.3721633035268661,0.34413716646906956,0.0005760332798738776,2.852261093977404e-08,0.00018080836306255677,0.0010475126019611203,0.00010232019330280728,0.0,0.00021952054720930647,0.07934082571374135,0.15497111148190368,0.931422689804017,0.0
S_2103_004028_VSMC/P,0.041956245210029275,0.6050750828690328,0.9175794449080774,0.03135536268190897,5.518500172385643e-07,1.2879103582719154e-05,0.0016426448709003783,3.1251446319657816e-08,0.0,0.0003138197461722836,0.2544940814702674,0.6722461065970569,0.9736611699240152,0.0
S_2103_004037_VSMC/P,1.1717879716766078e-05,0.0005850903320145928,0.5132835928978237,1.5739801579650603e-05,3.3460086356518204e-05,0.01793262093691128,0.006646810269326231,0.00043267998471319125,0.0,0.0015985496012211886,0.03692493155060972,0.08211917731180396,0.9728804502232329,0.0
S_2103_004046_VSMC/P,1.4256019809089082e-07,0.508274930190213,0.09582124516030222,0.0008045448959941304,0.0,0.01067030694092752,0.0001574140223470355,2.537382938871957e-06,0.0,4.897424695116115e-06,0.013403813103188833,0.8257642791389732,0.7055942285320751,0.0
S_2103_004064_VSMC/P,3.0508437670162536e-05,0.0024622054037120034,0.007878513377703289,2.3476095623031767e-07,3.250177904590146e-11,0.0012010492451364208,0.02064986925570067,7.3556781343686595e-06,1.1102230246251565e-15,0.006008419796158959,0.006205032155492285,0.19285929670301027,0.2741034748781297,0.0
S_2103_004073_VSMC/P,5.00464965136338e-05,0.07898911040489942,0.3593533992037199,0.0004237218794409525,1.9328572964383284e-08,5.046615952397637e-05,0.001675124300908326,4.061525912257835e-05,0.0,0.0013128058823399513,0.07736800253482312,0.1827593642580898,0.4231852950549839,0.0
S_2103_004091_VSMC/P,3.327329377533772e-05,0.07188581617030798,0.39231383999824576,4.919913711676216e-05,6.549909503661411e-10,0.0002708067119148172,0.0013559334698409753,0.00460223079882649,0.0,0.0013386077079191594,0.025801892205372656,0.0368311371140404,0.9932700680248923,0.0
S_2103_004100_VSMC/P,0.013992971743291172,0.7401966791957757,0.8200869208106911,0.005352622807524687,1.9595436384634013e-12,0.002256879877049922,0.0011259726931129865,1.3099950317840836e-06,0.0,3.045354028974323e-05,0.3346847974716147,0.8355534091969841,0.5220506499962931,0.0
S_2103_004109_VSMC/P,4.15738091086304e-06,0.018515048089729813,0.3739514865940412,6.6843573494068664e-06,2.6248003770490413e-10,0.013496932424084562,0.0012644166093631615,0.003213032299341112,0.0,8.816972598379991e-05,0.037020014552367364,0.09798108977842257,0.7477609009856092,0.0
S_2103_004118_VSMC/P,0.07309921436220712,0.07788892813165438,0.543241617194512,0.0025681261965051494,0.0009202616482679726,0.0002339525718981772,0.024019002316177485,0.0011597792422575193,1.7763568394002505e-15,0.06036630136113841,0.11079808483330722,0.17914529699974557,0.2806486010394713,0.0
S_2103_004127_VSMC/P,0.0004981003926314287,0.015708348019525475,0.3657398916512675,0.00010116301076568135,7.5335484299721145e-06,0.00833687237200098,0.0036226031762569555,0.0003827026442007053,0.0,0.0011452000224230208,0.04710618352855667,0.15443549835403791,0.6971786634608179,0.0
S_2103_004145_VSMC/P,5.282321575705851e-07,0.04932292959135465,0.31214952437802523,7.244196642330891e-06,0.01083989564274912,7.045891364398926e-05,0.04107166772027604,0.004876826100894904,0.0,0.013988979209559549,0.13154583726796543,0.20930254310038365,0.9387647810077537,0.0
S_2103_004154_VSMC/P,1.3958484008647076e-06,0.06672422383732202,0.05146109145415512,1.0711495145976357e-05,0.0,0.0005858376077489957,0.0024673593117479076,0.0005009135180815694,0.0,0.004173655961333456,0.017079292527731216,0.027000603608657192,0.6015116769745847,0.0
S_2103_004163_VSMC/P,0.000722333006115683,0.08482266019162177,0.6879788033997025,0.0001355815359105339,0.0016441428058737717,0.0011198059889792056,0.005817952203793775,0.0023333460337104928,0.0,0.00184498598459637,0.040848383566982616,0.15502479652124146,0.4862614089986299,0.0
S_2103_004181_VSMC/P,5.0351741368803715e-05,0.0010811204203331481,0.613498122414009,2.89533494022276e-05,0.0006844573154005662,0.0008542736567609399,0.018530167495623306,0.00010741078014242511,0.0,0.011645461189435435,0.043196405858379805,0.05410011039168272,0.6068715187519582,0.0
S_2107_023520_VSMC/P,3.565215769318897e-05,0.013521397384392397,0.5924137238363201,8.790122268975686e-05,0.00010651130192695923,0.004067463208621724,0.010222479200728829,0.0004835330031782714,0.0,0.002488657085297552,0.050323568314854183,0.0661367315113679,0.5779020939057582,0.0
S_2107_023538_VSMC/P,0.0036049682750782797,0.005192740790197492,0.48024859462269776,5.819236206838774e-05,0.0006004630172693481,1.1698184238628784e-05,0.0016422747124200665,0.00010112070825751829,0.0,0.0019514947103105307,0.13050900709530788,0.21106995091049185,0.6170289571261474,0.0
S_2107_023547_VSMC/P,0.007161715822064263,0.11222366340442536,0.29921996733051204,3.3659281015729903e-06,0.0012955596060946206,0.00023402160664676153,0.005460825659993063,6.140728923575978e-06,0.0,0.002341868483212828,0.029419104884520042,0.2036260997766126,0.5228347691417592,0.0
S_2107_023556_VSMC/P,4.787209313183993e-06,0.06603971666808262,0.727948000045366,1.627044366836472e-05,8.656762002390295e-05,0.0022823988928000194,0.011924178225638293,0.024841729224470477,0.0,0.004185450655562306,0.019766268044383972,0.11480184596253995,0.9905329114820152,0.0
S_2107_023592_VSMC/P,0.003690700401091984,0.0049741987606140015,0.38510399516527993,0.0007020145939784506,0.08979894925310505,0.1313693317190716,0.16063862933695439,0.0008513124446143383,0.0,0.08870700241053053,0.09552621430873165,0.11559760263636876,0.8432535390905678,0.0
S_2107_023610_VSMC/P,1.4330411708618485e-05,0.0046486138084436135,0.326547518669015,1.8594642448022114e-06,7.195406159787865e-08,0.00285130225580299,0.00825648182783989,0.0036982147295725465,0.0,0.0031622096069872097,0.011092742841483094,0.2684204328720301,0.7169555646330243,0.0
S_2107_023619_VSMC/P,0.002528513784950226,0.7495874774196924,0.14829199521377,1.6149660209130445e-06,7.660557671895774e-05,1.588131278129623e-05,0.006820503723790283,0.04925064839162374,0.0,0.0026018731006318685,0.07881969638098973,0.058388429361245775,0.6209117135575724,0.0
S_1907_004567_aPT,5.193952355986298e-06,0.20742873790274508,2.190626713449717e-05,3.485995077889825e-05,0.025537193794440194,7.449084682420448e-09,0.0004526478611490692,9.370282327836321e-14,0.0006252988952299976,5.199791337506809e-07,0.02603370095038393,0.019006770641001314,0.3084344073442986,2.220446049250313e-16
S_1907_004614_aPT,0.0070072775333736015,0.4007444262773632,0.0953666293641724,0.011323492828311021,9.496928845775798e-06,5.831868690187036e-07,0.0004095516584334824,0.0,8.074034350591397e-05,7.488243214393009e-07,0.20045482551888383,0.11361052903446245,0.2030544046147129,1.9761969838327786e-14
S_1907_004802_aPT,0.007512264028835203,0.7568982542021379,0.13469634740652658,0.0052611418240144925,5.4336107543795364e-05,1.9012509344662476e-09,0.0005108416684644901,0.0,0.0026274663180636537,1.4135811605475723e-05,0.3657631521535225,0.292030644135556,0.2244882351180133,9.103828801926284e-15
S_1907_004896_aPT,0.017733420607385586,0.00047373816551798953,0.05990717713684646,8.831784916729646e-07,8.984830917935227e-06,5.365152766501069e-11,0.1032124056077639,7.716494110354688e-11,0.0009131142725773422,0.00022386829775222772,0.020652292592994392,0.3828476224796111,0.14418428573570896,1.1371054986497597e-08
S_1907_005225_aPT,0.006913068970536118,0.15304487733384842,0.019028957031868687,4.4661609499563326e-07,0.019545228365067446,7.582973902864332e-05,0.0018316100233954913,4.440892098500626e-14,3.358411941656314e-06,6.040582567479191e-08,0.014828789820008792,0.4412705340086802,0.38428348470462304,0.0
S_2006_004078_aPT,0.017619865100289234,0.7450821622342345,0.169548436497456,0.009610992750176406,5.456624011523914e-06,2.1527848392821625e-09,1.7671197073187983e-05,0.0,9.72037457915853e-05,4.031625544520523e-08,0.3202271932821392,0.20222004713536168,0.27268704622901363,1.3322676295501878e-15
S_2007_002809_aPT,0.018717494941771218,0.5082569550954181,0.46234471373871044,0.015689127083792,1.1127616880823865e-05,1.9539319913164377e-06,0.0002673896112408425,4.218847493575595e-15,2.7178786938808486e-06,3.434033821747562e-07,0.32163990552787913,0.2882007634413668,0.17115690001679051,0.0
S_2007_002950_aPT,0.0005188893839938036,0.20899270008772475,0.21740198679614098,0.0025442290844164273,0.0009612395849865063,1.9441749889992366e-06,0.012329762813151568,9.103828801926284e-15,0.00020497007858399918,4.6663487851539287e-07,0.1366763228575183,0.3239518283894307,0.08054325102206517,0.0
S_2007_002997_aPT,1.664431254910781e-05,0.06978672026440713,0.001217768078157544,0.012939129383670034,1.8090241761914427e-05,2.059845350510514e-06,0.012206078818474797,5.130340596792848e-12,0.00044576906414883766,6.838389188246197e-09,0.013059206345807928,0.12089784083530164,0.11678579267712585,5.398392843858346e-11
S_2007_003044_aPT,4.8371766839361285e-05,0.9919501640535549,0.024307353558534972,0.0020857917926135894,0.00013521244469472116,4.493420302509321e-09,0.003748724198536113,5.773159728050814e-15,0.002123910571614207,3.3176643809973427e-07,0.045403519814498416,0.3134067880480931,0.19294842404024037,8.881784197001252e-16
S_2007_003091_aPT,0.014792434652593611,0.7426229135137477,0.004851514648533062,0.001278647890043949,0.0015968548078908462,1.8514056954188618e-10,0.004033438230959252,4.440892098500626e-16,0.12380212334261254,1.3267016376605767e-06,0.1816138374326599,0.13319143598978478,0.0918573931222062,7.993605777301127e-15
S_2007_003138_aPT,0.005160171060792695,0.6446544917098276,0.09187307112690335,0.021077738445426597,1.2900736554577463e-06,3.862472319760002e-08,0.0007085679440723691,4.440892098500626e-16,0.0005756238760474819,2.6514124229493063e-11,0.14604539466460142,0.44070246543783353,0.12168693403548869,4.884981308350689e-14
S_2007_003793_aPT,0.001005110553107258,0.9888664006989065,0.18401041290719,0.012495016704837658,1.533602760894759e-05,4.539050468821415e-09,0.00010995460403884216,0.0,0.00046117349230345717,3.678799176398684e-07,0.2522692126110342,0.32507503695564055,0.15603803783564452,4.440892098500626e-16
S_2007_003840_aPT,0.0017550532388748152,0.9901628961268492,0.26793077759832706,0.010311051900863122,1.953232671603189e-06,4.416214927083217e-06,0.00010930719043811266,3.494982081519993e-13,0.0015000495340051767,3.93476362603451e-11,0.10224668908501311,0.25306131319261205,0.26990088473794205,0.0
S_2007_003934_aPT,0.005020697769055227,0.7473514001249753,0.045817494023072225,0.00030805560592206405,0.0020075409609126016,1.876405697487371e-10,0.0012630292143454014,6.661338147750939e-16,0.0016368869249436813,1.254669848771428e-05,0.2945360370358878,0.12165184883918112,0.11153132615315164,8.855138844410249e-13
S_2007_004028_aPT,0.0022932341884527307,0.7164356051352065,0.07488514059034079,0.0013666981503459574,1.0586525452715989e-05,1.6477985154139674e-07,0.00015970245652741077,0.0,0.00029947333357571715,7.734401630266063e-08,0.17487035617756508,0.43302829997185377,0.16229025281752585,2.220446049250313e-16
S_2007_004216_aPT,0.0017550532388748152,0.9901628961268492,0.26793077759832706,0.010311051900863122,1.953232671603189e-06,4.416214927083217e-06,0.00010930719043811266,3.494982081519993e-13,0.0015000495340051767,3.93476362603451e-11,0.10224668908501311,0.25306131319261205,0.26990088473794205,0.0
S_2007_004263_aPT,0.0022932341884527307,0.7164356051352065,0.07488514059034079,0.0013666981503459574,1.0586525452715989e-05,1.6477985154139674e-07,0.00015970245652741077,0.0,0.00029947333357571715,7.734401630266063e-08,0.17487035617756508,0.43302829997185377,0.16229025281752585,2.220446049250313e-16
S_2103_004019_aPT,0.0007451396808197952,0.11422970535001009,0.0915066558452633,0.0018154767898750368,1.5801039872531675e-05,4.020522255121506e-07,0.0011137431159400357,9.092726571680032e-13,0.00855712155658539,1.9685803365199206e-07,0.19336067255247036,0.0028648765127654574,0.08998911872790405,0.0
S_2103_004028_aPT,0.00387929073922777,0.5639060600414889,0.04407237832584854,0.06191819879945637,7.147197924317616e-05,4.046376123056916e-08,0.001846394955341557,2.220446049250313e-16,0.04103946949859183,4.2848641124138e-07,0.24779114351513742,0.4221747823758242,0.14419121807347124,2.4424906541753444e-15
S_2103_004037_aPT,0.00016045033912659434,7.557613411957043e-05,0.036552485945222646,6.63621367813505e-06,0.007102476511356093,3.3160515345409536e-05,0.0054204846012304575,1.9725658884084396e-09,0.00014225025932557145,1.4882974231911206e-05,0.038796627950176577,6.168997761757389e-05,0.07161006280318305,0.0
S_2103_004046_aPT,0.007832412172576353,0.14919267330934027,0.2480508499528402,0.00463613440913524,4.8611545126364675e-05,0.00012776857440566225,0.0020336454623048894,3.0511149162748552e-12,5.2251300614258867e-05,9.9663264307992e-08,0.06270833766751505,0.2665978265641451,0.33918302694803315,0.0
S_2103_004064_aPT,2.256820905865986e-05,0.003216001255929024,0.07292148889400352,9.999775367752761e-07,0.17713839958463895,1.470985846463435e-07,0.008908855835345175,2.717634561832938e-09,0.004114068402284454,0.0040204236324274945,0.010722533900840547,0.00243375212330621,0.09882791544084935,0.0
S_2103_004073_aPT,0.00015678659669582373,0.00557887633598475,0.05041138091980191,0.001177277842839164,0.0027339962344223867,1.396246574136839e-06,0.00035724259168246064,8.277156737790392e-12,0.0007171066609694687,3.0362768921321504e-07,0.10918784284197636,0.00432849007099656,0.07513785008879115,0.0
S_2103_004091_aPT,9.50371063495048e-05,0.06887586587365901,0.23778366848265575,9.265392146184936e-06,2.370734025092247e-05,5.317867357579331e-07,0.0024802660951803723,6.322755652377055e-08,0.00017809788775813296,7.87665654922165e-08,0.04375439129951286,0.0018682670148724156,0.03633115334493642,0.0
S_2103_004100_aPT,0.0060658332967775674,0.5111714096917193,0.41758864353519587,0.008372964905989155,6.240356953401971e-07,1.0056761333254727e-05,0.0026180327946745408,4.1522341120980855e-14,0.00031638698287461686,3.493142664012794e-09,0.3385444051230202,0.11208393202024713,0.44123714811962245,0.0
S_2103_004109_aPT,1.4488663421907688e-05,0.00034867217560319297,0.3594554000244261,5.989796470906583e-05,0.00815543041994471,3.082476515725574e-05,0.025306888586278165,5.219012999546635e-09,0.001967575619364892,4.315741147165042e-05,0.12928949882145413,0.0008140442954565064,0.11548486980647854,0.0
S_2103_004118_aPT,0.00020558964699146642,0.021254256378913094,0.2586351464721557,0.0011433840951056151,0.00201709477119949,2.5292684213695793e-06,0.009020019158037185,4.973947920206001e-10,0.004938829646407683,8.296478107849836e-06,0.10727157524292408,0.00015987105170678362,0.030500407533730955,0.0
S_2103_004127_aPT,0.00034430520920647467,0.00018530279444672892,0.03498167565103527,5.8626194860078584e-05,0.016516346612637456,0.00011359751277284502,0.0035737754310427583,4.259095298664306e-10,0.00969188074779792,8.815222588309801e-05,0.07843314398634305,0.00049343944075253,0.0780438691958627,0.0
S_2103_004145_aPT,9.422704008477112e-05,0.0036064388287084803,0.03170833755123614,7.573836977736725e-05,0.005748630351485762,3.1393670263391016e-05,0.025357438991874037,1.1246796827180106e-09,0.039944473263064495,0.0002318873368150065,0.10906952537976311,0.0008985237077896446,0.03267902834394154,0.0
S_2103_004154_aPT,0.0002351207377455644,0.0007217804253989435,0.11081209634110412,0.00010148727752490316,0.0,5.901785478101829e-07,0.0005676461526358256,2.1033663699654426e-10,0.02331552239049084,1.4645754096154207e-06,0.06052804210078366,0.000614515444726349,0.05977056363032429,0.0
S_2103_004163_aPT,0.0003466069442308317,0.027455262569699768,0.035275155898583765,0.0008620941589645437,0.0011478623961826973,1.7873347981867127e-05,0.007446100392792365,2.921662911603562e-11,0.01239487885109325,1.20385362925024e-05,0.11863332650740932,0.0013412674526445123,0.06197995726228833,0.0
S_2103_004181_aPT,2.167627993232557e-05,0.006070823670318415,0.05324886986550448,8.468516783288749e-05,0.0006190669786205749,4.984985164679934e-05,0.028283336121787572,4.907851902657967e-12,0.000508739086036325,3.607003216110627e-07,0.10356798064698247,0.0005849445185097668,0.06670336560804935,0.0
S_2107_023520_aPT,0.000115326984354569,0.000766603188523618,0.24105279499084453,8.20151142022496e-06,0.01783225820806722,2.0472616061972815e-05,0.007678321916341879,3.6325276120408034e-10,0.0006083471122957373,6.363474843151806e-05,0.052746933316103695,0.0002588697390426553,0.10743313663911236,0.0
S_2107_023538_aPT,0.0010316686270255282,0.004307053366291447,0.06824680395806282,0.0005747028494309525,0.004186836238553315,7.484935844015439e-06,0.00409304678516742,2.971223267422829e-11,0.01691999613317674,2.035945730227695e-06,0.15567113215650052,0.0008272370636210891,0.11739859317757517,0.0
S_2107_023547_aPT,1.34503521356244e-05,0.0002785402764802214,0.11173149208821864,8.904670633524958e-06,0.02543230294998966,2.218775498219472e-06,0.015524621765851343,3.0442492970905732e-09,0.016326727863513968,7.13754172536607e-05,0.046473059686602536,0.0013863933978381926,0.0343440208029584,0.0
S_2107_023556_aPT,0.00012123223801996375,0.016853864103423266,0.17788011919829994,6.957497273063495e-05,0.000261876214076473,2.410246877126987e-05,0.020808097596664688,6.769236504666765e-09,0.001331263295508922,3.0252458367741042e-05,0.017907918942006384,0.0014217940753655789,0.0663990407121624,0.0
S_2107_023592_aPT,3.714926065878643e-05,0.0005856948079421276,0.04416624425168636,1.4634206156438623e-05,0.007211350417846152,9.570753843224367e-06,0.005938258701787769,1.7208456881689926e-13,0.001989062747743242,1.6409083631652166e-05,0.060298846747583346,0.000678662268392527,0.03600496708068879,0.0
S_2107_023610_aPT,0.00017519356035466949,0.00029187858938817257,0.08106156181283097,1.2319860864806742e-06,0.002112456515749983,2.184293414875249e-05,0.011265880870241496,3.127498260369066e-12,0.00019873140486614815,2.24624061351264e-05,0.05276256766343401,0.00010830486566471009,0.05765553831833259,0.0
S_2107_023619_aPT,0.00017063654622084812,0.0016652945571171696,0.12770667309216632,4.204470965385454e-06,8.240351318700156e-05,5.7094662865964096e-05,0.0015676417680572374,3.558657812874344e-10,1.199963269171711e-05,8.548048244572115e-06,0.04565595759329799,0.005898353465250805,0.1865023658767908,0.0
