Name,Term,ES,NES,NOM p-val,FDR q-val,FWER p-val,Tag %,Gene %,Lead_genes,cell_type
prerank,Reactome_2022__Transcriptional Regulation Of Pluripotent Stem Cells R-HSA-452723,-0.778973110981521,-1.5784250722792654,0.05714285714285714,0.9392525166814518,0.637,7/30,3.77%,EPAS1;FOXP1;PBX1;HIF3A;SMAD4;GATA6;STAT3,EC-PTC
prerank,Reactome_2022__Gastrulation R-HSA-9758941,-0.915990673931787,-1.5230164377127782,0.049019607843137254,0.9701083812242064,0.86,7/17,5.33%,CTNNB1;SMAD3;SMAD4;TP63;TCF7;BMP4;SMAD2,EC-PTC
prerank,Reactome_2022__Digestion And Absorption R-HSA-8963743,-0.7578996857589556,-1.4414093210581929,0.11842105263157894,1.0,0.986,8/27,20.38%,PIR;MGAM;NPC1L1;GUCA2A;SLC2A2;AMY2B;PMEL;CEL,EC-PTC
prerank,Reactome_2022__Digestion R-HSA-8935690,-0.7741557314943248,-1.4018553909713123,0.10638297872340426,1.0,0.996,6/22,20.38%,PIR;MGAM;GUCA2A;AMY2B;PMEL;CEL,EC-PTC
prerank,Reactome_2022__Beta Defensins R-HSA-1461957,0.9847498693298069,1.397804905879935,0.001,0.001,0.001,1/34,0.91%,DEFB1,EC-PTC
prerank,Reactome_2022__Transcriptional Regulation Of Testis Differentiation R-HSA-9690406,-0.8240157567584636,-1.3957749696170372,0.07936507936507936,1.0,0.997,3/13,5.44%,ZFPM2;PTGDS;SOX9,EC-PTC
prerank,Reactome_2022__Defensins R-HSA-1461973,0.9771713241864372,1.3886479674994212,0.001,0.001,0.001,1/41,0.91%,DEFB1,EC-PTC
prerank,Reactome_2022__Peptide Chain Elongation R-HSA-156902,0.957392778718196,1.3790108105201222,0.001,0.0020602415853240405,0.005,73/86,2.22%,RPL41;RPL8;RPL19;RPS12;RPLP1;RPS13;RPS15A;RPL11;RPS15;RPS9;RPS25;RPL3;RPS23;RPL37A;FAU;RPL18;RPS8;RPS27A;RPL32;RPS10;RPL28;RPS3;RPL29;RPS4X;RPL14;RPL30;RPSA;RPL36AL;RPL15;RPL26;RPS14;RPL5;RPL35A;RPS6;RPL34;RPL7A;RPL12;RPL18A;RPL37;RPS27;RPL36A;RPL10A;RPL35;RPS3A;EEF1A1;RPS7;RPS19;RPL36;RPS16;RPL6;UBA52;RPL23A;RPL22;RPS2;RPS4Y1;RPS29;RPL9;RPL27;RPS5;RPS28;RPLP0;RPS21;RPS24;RPL13A;RPL39;RPL38;RPL21;RPS11;RSL24D1;RPL4;RPL27A;RPL7;RPL26L1,EC-PTC
prerank,Reactome_2022__Selenocysteine Synthesis R-HSA-2408557,0.955941123070367,1.3783627832727632,0.001,0.0015451811889930303,0.005,72/89,2.22%,RPL41;RPL8;RPL19;RPS12;RPLP1;RPS13;RPS15A;RPL11;RPS15;RPS9;RPS25;RPL3;RPS23;RPL37A;FAU;RPL18;RPS8;RPS27A;RPL32;RPS10;RPL28;RPS3;RPL29;RPS4X;RPL14;RPL30;RPSA;RPL36AL;RPL15;RPL26;RPS14;RPL5;RPL35A;RPS6;RPL34;RPL7A;RPL12;RPL18A;RPL37;RPS27;RPL36A;RPL10A;RPL35;RPS3A;RPS7;RPS19;RPL36;RPS16;RPL6;UBA52;RPL23A;RPL22;RPS2;RPS4Y1;RPS29;RPL9;RPL27;RPS5;RPS28;RPLP0;RPS21;RPS24;RPL13A;RPL39;RPL38;RPL21;RPS11;RSL24D1;RPL4;RPL27A;RPL7;RPL26L1,EC-PTC
prerank,Reactome_2022__Viral mRNA Translation R-HSA-192823,0.9560137674572119,1.377406497418078,0.001,0.0014421691097268282,0.006,72/90,2.22%,RPL41;RPL8;RPL19;RPS12;RPLP1;RPS13;RPS15A;RPL11;RPS15;RPS9;RPS25;RPL3;RPS23;RPL37A;FAU;RPL18;RPS8;RPS27A;RPL32;RPS10;RPL28;RPS3;RPL29;RPS4X;RPL14;RPL30;RPSA;RPL36AL;RPL15;RPL26;RPS14;RPL5;RPL35A;RPS6;RPL34;RPL7A;RPL12;RPL18A;RPL37;RPS27;RPL36A;RPL10A;RPL35;RPS3A;RPS7;RPS19;RPL36;RPS16;RPL6;UBA52;RPL23A;RPL22;RPS2;RPS4Y1;RPS29;RPL9;RPL27;RPS5;RPS28;RPLP0;RPS21;RPS24;RPL13A;RPL39;RPL38;RPL21;RPS11;RSL24D1;RPL4;RPL27A;RPL7;RPL26L1,EC-PTC
prerank,Reactome_2022__Eukaryotic Translation Elongation R-HSA-156842,0.9558336342886234,1.375777054943369,0.001,0.0012018075914390237,0.006,78/90,3.10%,RPL41;RPL8;RPL19;RPS12;RPLP1;RPS13;RPS15A;RPL11;RPS15;RPS9;RPS25;RPL3;RPS23;RPL37A;FAU;RPL18;RPS8;RPS27A;RPL32;RPS10;RPL28;RPS3;RPL29;RPS4X;RPL14;RPL30;RPSA;RPL36AL;RPL15;RPL26;RPS14;RPL5;RPL35A;RPS6;RPL34;RPL7A;RPL12;RPL18A;RPL37;RPS27;RPL36A;RPL10A;RPL35;RPS3A;EEF1A1;RPS7;RPS19;RPL36;RPS16;RPL6;UBA52;RPL23A;RPL22;RPS2;RPS4Y1;RPS29;EEF1G;RPL9;RPL27;RPS5;RPS28;RPLP0;RPS21;EEF1B2;RPS24;RPL13A;RPL39;RPL38;RPL21;RPS11;RSL24D1;RPL4;RPL27A;RPL7;RPL26L1;EEF1D;RPS27L;RPL22L1,EC-PTC
prerank,Reactome_2022__Formation Of A Pool Of Free 40S Subunits R-HSA-72689,0.9504637947752551,1.374162019339391,0.001,0.0011772809058994518,0.007,79/98,3.10%,RPL41;RPL8;RPL19;RPS12;RPLP1;RPS13;RPS15A;RPL11;RPS15;RPS9;RPS25;RPL3;RPS23;RPL37A;FAU;RPL18;RPS8;RPS27A;RPL32;RPS10;RPL28;RPS3;RPL29;RPS4X;RPL14;RPL30;RPSA;RPL36AL;RPL15;RPL26;RPS14;RPL5;RPL35A;RPS6;RPL34;RPL7A;RPL12;RPL18A;RPL37;RPS27;EIF3K;RPL36A;RPL10A;RPL35;RPS3A;RPS7;RPS19;RPL36;RPS16;RPL6;UBA52;RPL23A;RPL22;RPS2;RPS4Y1;RPS29;RPL9;RPL27;RPS5;RPS28;RPLP0;RPS21;RPS24;RPL13A;EIF3I;RPL39;EIF3G;RPL38;RPL21;RPS11;RSL24D1;RPL4;RPL27A;RPL7;RPL26L1;EIF3A;RPS27L;EIF3D;RPL22L1,EC-PTC
prerank,Reactome_2022__Selenoamino Acid Metabolism R-HSA-2408522,0.9474960178707934,1.373719589617751,0.001,0.0010301207926620203,0.007,72/104,2.22%,RPL41;RPL8;RPL19;RPS12;RPLP1;RPS13;RPS15A;RPL11;RPS15;RPS9;RPS25;RPL3;RPS23;RPL37A;FAU;RPL18;RPS8;RPS27A;RPL32;RPS10;RPL28;RPS3;RPL29;RPS4X;RPL14;RPL30;RPSA;RPL36AL;RPL15;RPL26;RPS14;RPL5;RPL35A;RPS6;RPL34;RPL7A;RPL12;RPL18A;RPL37;RPS27;RPL36A;RPL10A;RPL35;RPS3A;RPS7;RPS19;RPL36;RPS16;RPL6;UBA52;RPL23A;RPL22;RPS2;RPS4Y1;RPS29;RPL9;RPL27;RPS5;RPS28;RPLP0;RPS21;RPS24;RPL13A;RPL39;RPL38;RPL21;RPS11;RSL24D1;RPL4;RPL27A;RPL7;RPL26L1,EC-PTC
prerank,Reactome_2022__Eukaryotic Translation Termination R-HSA-72764,0.953090347812301,1.3733390078157373,0.001,0.0011445786585133559,0.009,73/90,2.22%,RPL41;RPL8;RPL19;RPS12;RPLP1;RPS13;RPS15A;RPL11;RPS15;RPS9;RPS25;RPL3;RPS23;RPL37A;FAU;RPL18;RPS8;RPS27A;RPL32;RPS10;RPL28;RPS3;RPL29;RPS4X;RPL14;RPL30;RPSA;RPL36AL;RPL15;RPL26;RPS14;RPL5;RPL35A;RPS6;RPL34;RPL7A;RPL12;RPL18A;RPL37;RPS27;RPL36A;RPL10A;RPL35;RPS3A;RPS7;RPS19;RPL36;TRMT112;RPS16;RPL6;UBA52;RPL23A;RPL22;RPS2;RPS4Y1;RPS29;RPL9;RPL27;RPS5;RPS28;RPLP0;RPS21;RPS24;RPL13A;RPL39;RPL38;RPL21;RPS11;RSL24D1;RPL4;RPL27A;RPL7;RPL26L1,EC-PTC
prerank,Reactome_2022__Nonsense Mediated Decay (NMD) Independent Of Exon Junction Complex (EJC) R-HSA-975956,0.9517301401527977,1.3676131530642663,0.001,0.0021632536645902426,0.019,84/92,4.84%,RPL41;RPL8;RPL19;RPS12;RPLP1;RPS13;RPS15A;RPL11;RPS15;RPS9;RPS25;RPL3;RPS23;RPL37A;FAU;RPL18;RPS8;RPS27A;RPL32;RPS10;RPL28;RPS3;RPL29;RPS4X;RPL14;RPL30;RPSA;RPL36AL;RPL15;RPL26;RPS14;RPL5;RPL35A;RPS6;RPL34;RPL7A;RPL12;RPL18A;RPL37;RPS27;RPL36A;RPL10A;RPL35;RPS3A;RPS7;RPS19;RPL36;RPS16;RPL6;UBA52;RPL23A;RPL22;RPS2;RPS4Y1;RPS29;RPL9;RPL27;RPS5;RPS28;RPLP0;RPS21;RPS24;RPL13A;RPL39;RPL38;RPL21;RPS11;RSL24D1;RPL4;RPL27A;RPL7;RPL26L1;RPS27L;RPL22L1;GSPT1;MRPL13;RPS17;RPLP2;PABPC1;NCBP2;RPL31;UPF1;RPL23;ETF1,EC-PTC
prerank,Reactome_2022__Response Of EIF2AK4 (GCN2) To Amino Acid Deficiency R-HSA-9633012,0.9488046136361421,1.3665722575757575,0.001,0.00206024158532404,0.02,74/98,2.22%,RPL41;RPL8;RPL19;RPS12;RPLP1;RPS13;RPS15A;RPL11;RPS15;RPS9;RPS25;RPL3;RPS23;RPL37A;FAU;RPL18;RPS8;RPS27A;RPL32;RPS10;RPL28;RPS3;RPL29;RPS4X;RPL14;RPL30;RPSA;RPL36AL;RPL15;RPL26;RPS14;RPL5;RPL35A;RPS6;RPL34;RPL7A;RPL12;RPL18A;RPL37;RPS27;RPL36A;RPL10A;RPL35;RPS3A;RPS7;RPS19;RPL36;RPS16;RPL6;UBA52;RPL23A;EIF2S2;RPL22;RPS2;RPS4Y1;RPS29;RPL9;RPL27;RPS5;RPS28;RPLP0;RPS21;RPS24;RPL13A;ATF4;RPL39;RPL38;RPL21;RPS11;RSL24D1;RPL4;RPL27A;RPL7;RPL26L1,EC-PTC
prerank,Reactome_2022__SRP-dependent Cotranslational Protein Targeting To Membrane R-HSA-1799339,0.9439785654758934,1.3662725433762348,0.001,0.001974398185935539,0.021,94/108,4.82%,RPL41;RPL8;RPL19;RPS12;RPLP1;RPS13;RPS15A;RPL11;RPS15;RPS9;RPS25;RPL3;RPS23;RPL37A;FAU;RPL18;RPS8;RPS27A;RPL32;RPS10;RPL28;RPS3;RPL29;SSR4;RPS4X;RPL14;RPL30;RPSA;RPL36AL;RPL15;RPL26;RPS14;RPL5;RPL35A;RPS6;RPL34;RPL7A;RPL12;RPL18A;SEC61B;RPL37;RPS27;RPL36A;RPL10A;RPL35;RPS3A;RPS7;SRP14;RPS19;RPL36;RPS16;RPL6;UBA52;RPL23A;RPL22;RPN2;RPS2;RPS4Y1;RPS29;RPL9;RPL27;RPS5;RPS28;RPLP0;RPS21;SSR2;SEC11C;RPS24;RPL13A;RPL39;SEC61A1;RPL38;RPL21;RPS11;RSL24D1;RPL4;RPL27A;RPL7;SEC11A;RPL26L1;SSR3;SPCS1;RPS27L;RPN1;RPL22L1;SEC61G;SPCS2;MRPL13;RPS17;SPCS3;RPLP2;RPL31;SSR1;RPL23,EC-PTC
prerank,Reactome_2022__GTP Hydrolysis And Joining Of 60S Ribosomal Subunit R-HSA-72706,0.9434525417976479,1.3634024387263022,0.001,0.002694162073116053,0.028,84/109,3.10%,RPL41;RPL8;RPL19;RPS12;RPLP1;RPS13;RPS15A;RPL11;RPS15;RPS9;RPS25;RPL3;RPS23;RPL37A;FAU;RPL18;RPS8;RPS27A;RPL32;RPS10;RPL28;RPS3;RPL29;RPS4X;RPL14;RPL30;RPSA;RPL36AL;RPL15;RPL26;RPS14;RPL5;RPL35A;RPS6;RPL34;RPL7A;RPL12;RPL18A;RPL37;RPS27;EIF3K;RPL36A;RPL10A;RPL35;RPS3A;RPS7;RPS19;RPL36;RPS16;RPL6;UBA52;RPL23A;EIF2S2;RPL22;RPS2;RPS4Y1;RPS29;RPL9;RPL27;RPS5;RPS28;RPLP0;RPS21;RPS24;RPL13A;EIF3I;RPL39;EIF4A1;EIF3G;RPL38;RPL21;RPS11;EIF4H;EIF5;RSL24D1;RPL4;RPL27A;RPL7;RPL26L1;EIF3A;EIF4A2;RPS27L;EIF3D;RPL22L1,EC-PTC
prerank,Reactome_2022__SARS-CoV-2 Modulates Host Translation Machinery R-HSA-9754678,0.9558479463076761,1.360881535340703,0.001,0.00397332305741065,0.046,37/47,3.86%,RPS12;RPS13;RPS15A;RPS15;RPS9;RPS25;RPS23;FAU;RPS8;RPS27A;RPS10;RPS3;RPS4X;RPSA;RPS14;RPS6;RPS27;RPS3A;SNRPG;RPS7;RPS19;RPS16;RPS2;RPS4Y1;RPS29;RPS5;RPS28;RPS21;RPS24;SNRPD2;SNRPE;RPS11;SNRPB;SNRPD3;RPS27L;SNRPF;RPS17,EC-PTC
prerank,Reactome_2022__L13a-mediated Translational Silencing Of Ceruloplasmin Expression R-HSA-156827,0.9425051902262389,1.3605964717829295,0.001,0.0038457842926048753,0.048,83/108,3.10%,RPL41;RPL8;RPL19;RPS12;RPLP1;RPS13;RPS15A;RPL11;RPS15;RPS9;RPS25;RPL3;RPS23;RPL37A;FAU;RPL18;RPS8;RPS27A;RPL32;RPS10;RPL28;RPS3;RPL29;RPS4X;RPL14;RPL30;RPSA;RPL36AL;RPL15;RPL26;RPS14;RPL5;RPL35A;RPS6;RPL34;RPL7A;RPL12;RPL18A;RPL37;RPS27;EIF3K;RPL36A;RPL10A;RPL35;RPS3A;RPS7;RPS19;RPL36;RPS16;RPL6;UBA52;RPL23A;EIF2S2;RPL22;RPS2;RPS4Y1;RPS29;RPL9;RPL27;RPS5;RPS28;RPLP0;RPS21;RPS24;RPL13A;EIF3I;RPL39;EIF4A1;EIF3G;RPL38;RPL21;RPS11;EIF4H;RSL24D1;RPL4;RPL27A;RPL7;RPL26L1;EIF3A;EIF4A2;RPS27L;EIF3D;RPL22L1,EC-PTC
prerank,Reactome_2022__Cellular Response To Starvation R-HSA-9711097,0.9313057800877579,1.3539887211617192,0.001,0.007790288494506528,0.098,97/152,4.97%,RPL41;RPL8;RPL19;RPS12;RPLP1;RPS13;RPS15A;RPL11;RPS15;RPS9;RPS25;RPL3;RPS23;RPL37A;FAU;RPL18;RPS8;RPS27A;RPL32;RPS10;RPL28;RPS3;RPL29;RPS4X;RPL14;RPL30;RPSA;RPL36AL;RPL15;RPL26;ATP6V1G1;RPS14;RPL5;RPL35A;RPS6;RPL34;RPL7A;RPL12;RPL18A;ATP6V0B;RPL37;RPS27;RPL36A;RPL10A;RPL35;RPS3A;RPS7;ATP6V0E1;RPS19;RPL36;ATP6V0C;RPS16;RPL6;UBA52;RPL23A;EIF2S2;RPL22;RPS2;RPS4Y1;RPS29;RPL9;RPL27;RPS5;RPS28;RPLP0;RPS21;RRAGA;RPS24;RPL13A;ATF4;RPL39;RPL38;RPL21;RPS11;LAMTOR1;RSL24D1;RPL4;RPL27A;LAMTOR5;RPL7;LAMTOR4;LAMTOR2;RPL26L1;RPS27L;RPL22L1;RHEB;ATP6V0D1;ATP6V1F;MRPL13;DDIT3;RPS17;RPLP2;ATP6V1A;RPL31;CEBPG;RPL23;EIF2S1,EC-PTC
prerank,Reactome_2022__Cap-dependent Translation Initiation R-HSA-72737,0.936241157404306,1.3537142496758328,0.001,0.0074532269116134395,0.099,84/116,3.10%,RPL41;RPL8;RPL19;RPS12;RPLP1;RPS13;RPS15A;RPL11;RPS15;RPS9;RPS25;RPL3;RPS23;RPL37A;FAU;RPL18;RPS8;RPS27A;RPL32;RPS10;RPL28;RPS3;RPL29;RPS4X;RPL14;RPL30;RPSA;RPL36AL;RPL15;RPL26;RPS14;RPL5;RPL35A;RPS6;RPL34;RPL7A;RPL12;RPL18A;RPL37;RPS27;EIF3K;RPL36A;RPL10A;RPL35;RPS3A;RPS7;RPS19;RPL36;RPS16;RPL6;UBA52;RPL23A;EIF2S2;RPL22;RPS2;RPS4Y1;RPS29;RPL9;RPL27;RPS5;RPS28;RPLP0;RPS21;RPS24;RPL13A;EIF3I;RPL39;EIF4A1;EIF3G;RPL38;RPL21;RPS11;EIF4H;EIF5;RSL24D1;RPL4;RPL27A;RPL7;RPL26L1;EIF3A;EIF4A2;RPS27L;EIF3D;RPL22L1,EC-PTC
prerank,Reactome_2022__Influenza Viral RNA Transcription And Replication R-HSA-168273,0.9306053878259711,1.353351747477436,0.001,0.00726807448155981,0.1,87/137,4.22%,RPL41;RPL8;RPL19;RPS12;RPLP1;RPS13;RPS15A;RPL11;RPS15;RPS9;RPS25;RPL3;RPS23;RPL37A;FAU;RPL18;RPS8;RPS27A;RPL32;RPS10;RPL28;RPS3;RPL29;RPS4X;RPL14;RPL30;RPSA;RPL36AL;RPL15;RPL26;RPS14;RPL5;RPL35A;RPS6;RPL34;RPL7A;RPL12;RPL18A;RPL37;RPS27;RPL36A;RPL10A;RPL35;RPS3A;RPS7;RPS19;RPL36;RPS16;RPL6;UBA52;RPL23A;RPL22;RPS2;RPS4Y1;RPS29;POLR2J;RPL9;RPL27;RPS5;RPS28;RPLP0;RPS21;POLR2L;RPS24;POLR2F;RPL13A;POLR2K;POLR2H;RPL39;RPL38;RPL21;RPS11;RSL24D1;RPL4;RPL27A;RPL7;HSP90AA1;RPL26L1;POLR2C;RPS27L;POLR2I;RPL22L1;MRPL13;RPS17;POM121C;IPO5;RPLP2,EC-PTC
prerank,Reactome_2022__Influenza Infection R-HSA-168255,0.9267575367285996,1.3532777827579363,0.001,0.006939761129512558,0.1,102/157,4.96%,RPL41;RPL8;RPL19;RPS12;RPLP1;RPS13;RPS15A;RPL11;RPS15;RPS9;RPS25;RPL3;RPS23;RPL37A;FAU;RPL18;RPS8;RPS27A;RPL32;RPS10;RPL28;RPS3;RPL29;RPS4X;RPL14;RPL30;RPSA;RPL36AL;RPL15;RPL26;RPS14;CLTA;RPL5;RPL35A;RPS6;RPL34;RPL7A;RPL12;RPL18A;RPL37;RPS27;RPL36A;RPL10A;RPL35;RPS3A;RPS7;RPS19;RPL36;RPS16;RPL6;UBA52;RPL23A;RPL22;RAN;SLC25A6;RPS2;RPS4Y1;RPS29;HSPA1A;POLR2J;RPL9;RPL27;RPS5;EIF2AK2;RPS28;RPLP0;RPS21;POLR2L;RPS24;ISG15;POLR2F;RPL13A;POLR2K;POLR2H;RPL39;RPL38;RPL21;RPS11;RSL24D1;RPL4;RPL27A;RPL7;HSP90AA1;RPL26L1;POLR2C;TGFB1;RPS27L;POLR2I;RPL22L1;MRPL13;CALR;KPNB1;RPS17;POM121C;IPO5;RPLP2;RPL31;CLTC;RPL23;POLR2E;CANX;KPNA1,EC-PTC
prerank,Reactome_2022__Nonsense Mediated Decay (NMD) Enhanced By Exon Junction Complex (EJC) R-HSA-975957,0.9372486195158173,1.3500980705112569,0.001,0.009425605252857485,0.142,87/112,4.94%,RPL41;RPL8;RPL19;RPS12;RPLP1;RPS13;RPS15A;RPL11;RPS15;RPS9;RPS25;RPL3;RPS23;RPL37A;FAU;RPL18;RPS8;RPS27A;RPL32;RPS10;RPL28;RPS3;RPL29;RPS4X;RPL14;RPL30;RPSA;RPL36AL;RPL15;RPL26;RPS14;RPL5;RPL35A;RPS6;RPL34;RPL7A;RPL12;RPL18A;RPL37;RPS27;RPL36A;RPL10A;RPL35;RPS3A;RPS7;RPS19;RPL36;RPS16;RPL6;UBA52;RPL23A;RPL22;RPS2;RPS4Y1;RPS29;RPL9;RPL27;RPS5;RPS28;RPLP0;RPS21;RPS24;RPL13A;RPL39;RPL38;RPL21;RPS11;RSL24D1;RPL4;RBM8A;RPL27A;RPL7;RPL26L1;RPS27L;RPL22L1;GSPT1;MRPL13;RPS17;RPLP2;PABPC1;NCBP2;MAGOH;RPL31;UPF1;RPL23;ETF1;PPP2R1A,EC-PTC
prerank,"Reactome_2022__Respiratory Electron Transport, ATP Synthesis By Chemiosmotic Coupling, Heat Production By Uncoupling Proteins R-HSA-163200",0.9282904051410751,1.3477931186777554,0.001,0.011184168606044792,0.172,74/112,4.32%,COX7C;COX6C;COX5B;NDUFB4;NDUFA1;COX6A1;NDUFA13;ATP5MG;COX7B;ATP5F1E;ATP5MC3;NDUFB9;COX6B1;COX4I1;UQCR10;UQCRB;NDUFB2;ATP5F1D;UQCR11;NDUFB11;NDUFS6;ATP5PF;CCNI;UQCRFS1;ATP5MF;UQCRH;NDUFB10;CYCS;NDUFA8;COX5A;COX14;ATP5MC2;NDUFA3;NDUFB3;NDUFA6;NDUFA11;NDUFS8;ATP5ME;ATP5PD;NDUFB8;UQCRQ;NDUFV2;NDUFC2;NDUFAF3;NDUFA12;ATP5MC1;COX8A;NDUFA5;ATP5PO;NDUFB7;COX20;TMEM126B;SURF1;NDUFAB1;NDUFC1;NDUFA7;NDUFS3;ATP5F1B;SDHD;ETFB;ATP5F1A;NDUFS5;TIMMDC1;NDUFA2;NDUFS2;NDUFV1;NDUFB6;ATP5F1C;COX7A2L;NDUFB1;NDUFB5;SDHB;UQCRC1;SDHA,EC-PTC
prerank,Reactome_2022__Respiratory Electron Transport R-HSA-611105,0.9250206588629556,1.3436907975306194,0.001,0.016060519631048768,0.244,60/90,4.32%,COX7C;COX6C;COX5B;NDUFB4;NDUFA1;COX6A1;NDUFA13;COX7B;NDUFB9;COX6B1;COX4I1;UQCR10;UQCRB;NDUFB2;UQCR11;NDUFB11;NDUFS6;CCNI;UQCRFS1;UQCRH;NDUFB10;CYCS;NDUFA8;COX5A;COX14;NDUFA3;NDUFB3;NDUFA6;NDUFA11;NDUFS8;NDUFB8;UQCRQ;NDUFV2;NDUFC2;NDUFAF3;NDUFA12;COX8A;NDUFA5;NDUFB7;COX20;TMEM126B;SURF1;NDUFAB1;NDUFC1;NDUFA7;NDUFS3;SDHD;ETFB;NDUFS5;TIMMDC1;NDUFA2;NDUFS2;NDUFV1;NDUFB6;COX7A2L;NDUFB1;NDUFB5;SDHB;UQCRC1;SDHA,EC-PTC
prerank,"Reactome_2022__Formation Of Ternary Complex, And Subsequently, 43S Complex R-HSA-72695",0.9422971749367792,1.3409497869105094,0.001,0.01997538580553309,0.299,36/50,2.93%,RPS12;RPS13;RPS15A;RPS15;RPS9;RPS25;RPS23;FAU;RPS8;RPS27A;RPS10;RPS3;RPS4X;RPSA;RPS14;RPS6;RPS27;EIF3K;RPS3A;RPS7;RPS19;RPS16;EIF2S2;RPS2;RPS4Y1;RPS29;RPS5;RPS28;RPS21;RPS24;EIF3I;EIF3G;RPS11;EIF3A;RPS27L;EIF3D,EC-PTC
prerank,Reactome_2022__Ribosomal Scanning And Start Codon Recognition R-HSA-72702,0.9370859530898354,1.3401363373756765,0.001,0.020645337552934656,0.319,40/57,2.93%,RPS12;RPS13;RPS15A;RPS15;RPS9;RPS25;RPS23;FAU;RPS8;RPS27A;RPS10;RPS3;RPS4X;RPSA;RPS14;RPS6;RPS27;EIF3K;RPS3A;RPS7;RPS19;RPS16;EIF2S2;RPS2;RPS4Y1;RPS29;RPS5;RPS28;RPS21;RPS24;EIF3I;EIF4A1;EIF3G;RPS11;EIF4H;EIF5;EIF3A;EIF4A2;RPS27L;EIF3D,EC-PTC
prerank,Reactome_2022__Regulation Of Expression Of SLITs And ROBOs R-HSA-9010553,0.9201578400779461,1.3387504210696184,0.001,0.02245663328003204,0.347,117/167,5.12%,RPL41;RPL8;RPL19;RPS12;RPLP1;RPS13;UBB;RPS15A;RPL11;RPS15;RPS9;RPS25;RPL3;RPS23;RPL37A;FAU;RPL18;RPS8;RPS27A;RPL32;RPS10;RPL28;RPS3;RPL29;RPS4X;RPL14;RPL30;RPSA;RPL36AL;RPL15;RPL26;RPS14;RPL5;RPL35A;PSMB6;RPS6;RPL34;RPL7A;ELOB;RPL12;RPL18A;RPL37;RPS27;PSMB3;RPL36A;RPL10A;PSME2;RPL35;RPS3A;RPS7;PSMB1;RPS19;RPL36;RPS16;RPL6;UBA52;RPL23A;RPL22;RPS2;RPS4Y1;RPS29;PSMB5;RPL9;RPL27;RPS5;RPS28;RPLP0;RPS21;PSMA4;PSME1;RPS24;PSMA6;RPL13A;PSMB8;PSMB2;RPL39;PSMB9;RPL38;RPL21;RPS11;ELOC;RBX1;PSMA2;RSL24D1;RPL4;RBM8A;RPL27A;PSMA7;RPL7;PSMD8;RPL26L1;PSMC5;PSMC6;PSMD9;PSMA3;PSMA5;PSMC4;RPS27L;PSMB7;RPL22L1;PSMC3;PSMA1;GSPT1;PSMD2;MRPL13;RPS17;PSMD13;RPLP2;PABPC1;PSMD7;NCBP2;MAGOH;RPL31;RPL23;ETF1;UBC;PSMB10,EC-PTC
prerank,Reactome_2022__Signaling By ROBO Receptors R-HSA-376176,0.9123569524405535,1.3335425197478221,0.001,0.03300348539567164,0.458,124/208,5.12%,RPL41;RPL8;RPL19;RNASE1;RPS12;RPLP1;RPS13;UBB;RPS15A;RPL11;RPS15;RPS9;RPS25;PFN1;RPL3;RPS23;RPL37A;FAU;RPL18;RPS8;RPS27A;RPL32;RPS10;RPL28;RPS3;RPL29;RPS4X;RPL14;RPL30;RPSA;RPL36AL;RPL15;RPL26;RPS14;RPL5;RPL35A;PSMB6;RPS6;RPL34;RPL7A;ELOB;RPL12;RPL18A;RPL37;RPS27;PSMB3;RPL36A;RPL10A;PSME2;RPL35;RPS3A;RPS7;PSMB1;RPS19;RPL36;RPS16;RPL6;UBA52;RPL23A;RPL22;RPS2;RPS4Y1;RPS29;PSMB5;VASP;RPL9;RPL27;RPS5;RPS28;RPLP0;RPS21;PSMA4;PSME1;RPS24;PSMA6;RPL13A;PSMB8;PSMB2;RPL39;PSMB9;RPL38;RPL21;RPS11;ELOC;RBX1;PSMA2;RSL24D1;RPL4;RBM8A;RPL27A;PSMA7;RPL7;PSMD8;RPL26L1;PSMC5;PSMC6;PSMD9;PSMA3;PSMA5;PSMC4;RPS27L;PSMB7;RPL22L1;PSMC3;PSMA1;RHOA;GSPT1;PSMD2;MRPL13;RPS17;CAP1;PSMD13;RPLP2;PABPC1;PSMD7;NCBP2;CDC42;MAGOH;RPL31;RPL23;ETF1;UBC;PSMB10;PKN1,EC-PTC
prerank,Reactome_2022__Translation Initiation Complex Formation R-HSA-72649,0.9318300302872488,1.3327491195647254,0.001,0.03349800207249089,0.477,39/57,2.93%,RPS12;RPS13;RPS15A;RPS15;RPS9;RPS25;RPS23;FAU;RPS8;RPS27A;RPS10;RPS3;RPS4X;RPSA;RPS14;RPS6;RPS27;EIF3K;RPS3A;RPS7;RPS19;RPS16;EIF2S2;RPS2;RPS4Y1;RPS29;RPS5;RPS28;RPS21;RPS24;EIF3I;EIF4A1;EIF3G;RPS11;EIF4H;EIF3A;EIF4A2;RPS27L;EIF3D,EC-PTC
prerank,"Reactome_2022__mRNA Activation Upon Binding Of Cap-Binding Complex And eIFs, Subsequent Binding To 43S R-HSA-72662",0.9309204825945858,1.3321192193553026,0.001,0.03395719612953731,0.493,39/58,2.93%,RPS12;RPS13;RPS15A;RPS15;RPS9;RPS25;RPS23;FAU;RPS8;RPS27A;RPS10;RPS3;RPS4X;RPSA;RPS14;RPS6;RPS27;EIF3K;RPS3A;RPS7;RPS19;RPS16;EIF2S2;RPS2;RPS4Y1;RPS29;RPS5;RPS28;RPS21;RPS24;EIF3I;EIF4A1;EIF3G;RPS11;EIF4H;EIF3A;EIF4A2;RPS27L;EIF3D,EC-PTC
prerank,Reactome_2022__Complex I Biogenesis R-HSA-6799198,0.9262778043345469,1.3294645779818446,0.001040582726326743,0.039038025901226216,0.55,34/51,3.73%,NDUFB4;NDUFA1;NDUFA13;NDUFB9;NDUFB2;NDUFB11;NDUFS6;NDUFB10;NDUFA8;NDUFA3;NDUFB3;NDUFA6;NDUFA11;NDUFS8;NDUFB8;NDUFV2;NDUFC2;NDUFAF3;NDUFA12;NDUFA5;NDUFB7;TMEM126B;NDUFAB1;NDUFC1;NDUFA7;NDUFS3;NDUFS5;TIMMDC1;NDUFA2;NDUFS2;NDUFV1;NDUFB6;NDUFB1;NDUFB5,EC-PTC
prerank,Reactome_2022__Citric Acid (TCA) Cycle And Respiratory Electron Transport R-HSA-1428517,0.9073367299429735,1.3290501901856422,0.001,0.03900724068213516,0.56,90/163,5.16%,COX7C;COX6C;COX5B;NDUFB4;NDUFA1;COX6A1;NDUFA13;ATP5MG;COX7B;ATP5F1E;ATP5MC3;NDUFB9;COX6B1;COX4I1;UQCR10;UQCRB;NDUFB2;ATP5F1D;LDHA;UQCR11;NDUFB11;NDUFS6;LDHB;BSG;ATP5PF;CCNI;UQCRFS1;ATP5MF;UQCRH;NDUFB10;CYCS;NDUFA8;COX5A;COX14;ATP5MC2;NDUFA3;NDUFB3;NDUFA6;MPC2;NDUFA11;NDUFS8;ATP5ME;ATP5PD;NDUFB8;UQCRQ;NDUFV2;NDUFC2;NDUFAF3;NDUFA12;ATP5MC1;COX8A;NDUFA5;ATP5PO;NDUFB7;COX20;TMEM126B;SURF1;NDUFAB1;NDUFC1;NDUFA7;NDUFS3;MDH2;VDAC1;HAGH;ATP5F1B;SDHD;ETFB;ATP5F1A;NDUFS5;TIMMDC1;MPC1;PDHB;NDUFA2;NDUFS2;NDUFV1;NDUFB6;ATP5F1C;COX7A2L;NDUFB1;NDUFB5;SDHB;UQCRC1;SDHA;IDH2;SUCLG1;NNT;IDH3B;ACO2;UQCRC2;GLO1,EC-PTC
prerank,Reactome_2022__Translation R-HSA-72766,0.901817453815292,1.3223927983149466,0.001,0.058949493102658845,0.72,161/263,5.76%,MRPS6;RPL41;RPL8;RPL19;RPS12;RPLP1;RPS13;RPS15A;RPL11;RPS15;RPS9;RPS25;RPL3;RPS23;RPL37A;FAU;RPL18;RPS8;RPS27A;RPL32;RPS10;RPL28;RPS3;RPL29;SSR4;RPS4X;RPL14;RPL30;RPSA;RPL36AL;RPL15;RPL26;RPS14;RPL5;RPL35A;RPS6;RPL34;RPL7A;RPL12;RPL18A;MRPL33;SEC61B;RPL37;RPS27;EIF3K;RPL36A;RPL10A;RPL35;RPS3A;EEF1A1;RPS7;SRP14;RPS19;AURKAIP1;RPL36;TRMT112;RPS16;RPL6;UBA52;RPL23A;EIF2S2;RPL22;RPN2;MRPL54;RPS2;RPS4Y1;RPS29;GADD45GIP1;MRPL51;EEF1G;RPL9;RPL27;RPS5;RPS28;RPLP0;RPS21;MRPS18C;EEF1B2;SSR2;SEC11C;RPS24;MRPL20;RPL13A;EIF3I;MRPS24;RPL39;EIF4A1;SEC61A1;EIF3G;RPL38;RPL21;RPS11;MRPS34;EIF4H;TUFM;MRPL34;MRPL17;EIF5;MRPL57;RSL24D1;RPL4;MRPL14;MRPL52;MRPL40;RPL27A;RPL7;MRPS15;SEC11A;MRPS21;RPL26L1;MRPL41;SSR3;EIF3A;EIF4A2;CHCHD1;EEF1D;MRPL16;MRPS26;SPCS1;RPS27L;MRPL42;EIF3D;RPN1;MRPS11;MRPS36;MRPL36;RPL22L1;SEC61G;MRPL4;SPCS2;GSPT1;MRPS18B;MRPL13;MRPL18;MRPL55;RPS17;SPCS3;RPLP2;PABPC1;MRPL49;MRPL47;MRPS23;MRPL38;MRPL21;RPL31;MTIF3;SSR1;RPL23;ETF1;EIF2S1;EIF3E;MRPS10;MRPS2;TRAM1;MRPS16;EIF4E;MRPS5;MRPL35;SRPRA;PPA1;EEF2,EC-PTC
prerank,Reactome_2022__Major Pathway Of rRNA Processing In Nucleolus And Cytosol R-HSA-6791226,0.9085866187329255,1.3216829198320956,0.001,0.059231945578066166,0.734,82/179,4.22%,RPL41;RPL8;RPL19;RPS12;RPLP1;RPS13;RPS15A;RPL11;RPS15;RPS9;RPS25;RPL3;RPS23;RPL37A;FAU;RPL18;RPS8;RPS27A;RPL32;RPS10;RPL28;RPS3;RPL29;RPS4X;RPL14;RPL30;RPSA;RPL36AL;RPL15;RPL26;RPS14;RPL5;RPL35A;RPS6;RPL34;RPL7A;RPL12;RPL18A;RPL37;RPS27;RPL36A;SNU13;RPL10A;RPL35;RPS3A;RPS7;RPS19;RPL36;RPS16;RPL6;UBA52;RPL23A;RPL22;RPS2;RPS4Y1;RPS29;RPL9;RPL27;RPS5;RPS28;RPLP0;RPS21;RPS24;RPL13A;RPL39;RPL38;RPL21;RPS11;RSL24D1;RPL4;RPL27A;RPL7;RPL26L1;RPP21;C1D;RPS27L;RPL22L1;BUD23;MRPL13;RPS17;EXOSC6;RPLP2,EC-PTC
prerank,Reactome_2022__rRNA Processing In Nucleus And Cytosol R-HSA-8868773,0.9072022456923029,1.3204241143798137,0.001,0.062462778973233414,0.76,86/189,4.22%,RPL41;RPL8;RPL19;RPS12;RPLP1;RPS13;RPS15A;RPL11;RPS15;RPS9;RPS25;RPL3;RPS23;RPL37A;FAU;RPL18;RPS8;RPS27A;RPL32;RPS10;RPL28;RPS3;RPL29;RPS4X;RPL14;RPL30;RPSA;RPL36AL;RPL15;RPL26;RPS14;RPL5;RPL35A;RPS6;RPL34;RPL7A;RPL12;RPL18A;RPL37;RPS27;RPL36A;SNU13;RPL10A;RPL35;RPS3A;RPS7;RPS19;RPL36;TRMT112;RPS16;RPL6;UBA52;RPL23A;RPL22;RPS2;RPS4Y1;RPS29;RPL9;RPL27;RPS5;RPS28;RPLP0;RPS21;NOP10;RPS24;RPL13A;RPL39;RPL38;RPL21;RPS11;RSL24D1;RPL4;RPL27A;RPL7;RPL26L1;RPP21;C1D;RPS27L;RPL22L1;TSR3;BUD23;NHP2;MRPL13;RPS17;EXOSC6;RPLP2,EC-PTC
prerank,Reactome_2022__rRNA Processing R-HSA-72312,0.9000347924622503,1.3103611307742056,0.001,0.10901101799993966,0.905,86/199,4.22%,RPL41;RPL8;RPL19;RPS12;RPLP1;RPS13;RPS15A;RPL11;RPS15;RPS9;RPS25;RPL3;RPS23;RPL37A;FAU;RPL18;RPS8;RPS27A;RPL32;RPS10;RPL28;RPS3;RPL29;RPS4X;RPL14;RPL30;RPSA;RPL36AL;RPL15;RPL26;RPS14;RPL5;RPL35A;RPS6;RPL34;RPL7A;RPL12;RPL18A;RPL37;RPS27;RPL36A;SNU13;RPL10A;RPL35;RPS3A;RPS7;RPS19;RPL36;TRMT112;RPS16;RPL6;UBA52;RPL23A;RPL22;RPS2;RPS4Y1;RPS29;RPL9;RPL27;RPS5;RPS28;RPLP0;RPS21;NOP10;RPS24;RPL13A;RPL39;RPL38;RPL21;RPS11;RSL24D1;RPL4;RPL27A;RPL7;RPL26L1;RPP21;C1D;RPS27L;RPL22L1;TSR3;BUD23;NHP2;MRPL13;RPS17;EXOSC6;RPLP2,EC-PTC
prerank,MSigDB_Hallmark_2020__Oxidative Phosphorylation,0.8953836010722667,1.3101094158002442,0.001,0.006092360180333861,0.006,135/200,6.53%,ATP1B1;NDUFA4;COX7C;COX6C;COX5B;COX7A2;NDUFB4;NDUFA1;COX6A1;ATP5MG;COX7B;ATP5F1E;ATP5MC3;COX6B1;GPX4;COX4I1;UQCR10;UQCRB;NDUFB2;ATP6V1G1;ATP5F1D;LDHA;UQCR11;NDUFS6;LDHB;ATP6V0B;ATP5PF;COX17;UQCRFS1;ATP6V0E1;ATP5MF;UQCRH;CYCS;NDUFA8;ATP6V0C;SLC25A5;COX5A;VDAC2;ATP5MC2;NDUFA3;SLC25A6;NDUFB3;CYB5A;NDUFA6;NDUFS8;ATP5ME;MGST3;ATP5PD;NDUFB8;UQCRQ;NDUFV2;NDUFC2;ISCU;POLR2F;ATP5MC1;COX8A;FDX1;NDUFA5;ATP5PO;NDUFB7;MRPL34;SLC25A4;CYC1;SURF1;NDUFAB1;NDUFC1;NDUFA7;NDUFS3;MDH2;VDAC1;ATP5F1B;SDHD;ETFB;ATP5F1A;CYB5R3;TIMM13;MRPS15;PRDX3;TIMM8B;MRPS12;MPC1;PDHB;NDUFA2;GPI;ACAT1;TOMM22;NDUFS2;ECH1;NDUFV1;MRPS11;NDUFB6;PHB2;DECR1;ATP5F1C;ECHS1;COX7A2L;ATP6V1F;VDAC3;COX11;NDUFB1;ACAA1;NDUFB5;SLC25A3;ATP6AP1;HSPA9;SDHB;UQCRC1;SDHA;IDH2;ACADVL;SUCLG1;HADHA;NNT;IDH3B;TIMM10;ACO2;HSD17B10;UQCRC2;MTX2;ATP6V1C1;BAX;HADHB;MDH1;GRPEL1;MRPL35;ECI1;IDH3G;SLC25A11;NQO2;IDH1;NDUFS4;ACAA2;PMPCA;ATP5PB;AFG3L2,EC-PTC
prerank,Reactome_2022__Metabolism Of Amino Acids And Derivatives R-HSA-71291,0.8900615605049162,1.3074986133298019,0.001,0.12214289398706811,0.925,128/354,5.36%,RPL41;RPL8;RPL19;RPS12;RPLP1;RPS13;RPS15A;RPL11;RPS15;RPS9;RPS25;RPL3;RPS23;RPL37A;FAU;RPL18;RPS8;RPS27A;RPL32;RPS10;RPL28;RPS3;OAZ1;RPL29;RPS4X;RPL14;RPL30;RPSA;RPL36AL;RPL15;RPL26;RPS14;RPL5;RPL35A;PSMB6;RPS6;RPL34;RPL7A;RPL12;RPL18A;RPL37;RPS27;PSMB3;RPL36A;RPL10A;PSME2;RPL35;RPS3A;RPS7;PSMB1;RPS19;RPL36;RPS16;RPL6;UBA52;RPL23A;RPL22;RPS2;RPS4Y1;RPS29;PSMB5;RPL9;RPL27;RPS5;RPS28;RPLP0;RPS21;PSMA4;PSME1;RPS24;PSMA6;RPL13A;PSMB8;PSMB2;RPL39;PSMB9;RPL38;RPL21;RPS11;SLC3A2;PSMA2;RSL24D1;RPL4;ASRGL1;NDUFAB1;RPL27A;PSMA7;RPL7;PSMD8;RPL26L1;PSMC5;PSMC6;PSMD9;PSMA3;PDHB;PSMA5;PSMC4;SLC44A1;RPS27L;PSMB7;SBDS;RPL22L1;SERINC3;ECHS1;PSMC3;PSMA1;TINAGL1;TSTD1;PSMD2;CKB;MRPL13;TXN2;RPS17;OAZ2;PSMD13;RPLP2;PSMD7;RPL31;TXNRD1;SERINC1;APIP;RPL23;HSD17B10;SEPHS2;PSMB10;PCBD1;PPM1K;MPST,EC-PTC
prerank,Reactome_2022__Formation Of ATP By Chemiosmotic Coupling R-HSA-163210,0.9559234690668514,1.3063677482021205,0.009070294784580499,0.1260467247687833,0.933,14/16,3.13%,ATP5MG;ATP5F1E;ATP5MC3;ATP5F1D;ATP5PF;ATP5MF;ATP5MC2;ATP5ME;ATP5PD;ATP5MC1;ATP5PO;ATP5F1B;ATP5F1A;ATP5F1C,EC-PTC
prerank,Reactome_2022__Metabolism Of Angiotensinogen To Angiotensins R-HSA-2022377,0.9471263192856919,1.3059305000446184,0.0045351473922902496,0.12528496126970515,0.935,4/18,3.80%,CTSD;AOPEP;ATP6AP2;CTSZ,EC-PTC
prerank,Reactome_2022__PCP/CE Pathway R-HSA-4086400,0.8917735117537566,1.2909586925756353,0.001,0.23833742129169688,0.994,49/88,6.52%,RNASE1;UBB;PFN1;RPS27A;CLTA;PSMB6;PSMB3;PSME2;PSMB1;UBA52;PSMB5;AP2M1;PSMA4;PSME1;PSMA6;PSMB8;PSMB2;PSMB9;PSMA2;AP2S1;PSMA7;PSMD8;PSMC5;PSMC6;PSMD9;PSMA3;PSMA5;PSMC4;PSMB7;PSMC3;PSMA1;FZD6;RHOA;NCOA3;PSMD2;PSMD13;PSMD7;CLTC;UBC;PSMB10;DVL3;DAAM1;CLTB;RYK;PSMD6;SEM1;FZD8;PSMD14;PSMD3,EC-PTC
prerank,Reactome_2022__FGFRL1 Modulation Of FGFR1 Signaling R-HSA-5658623,-0.7674511604455155,-1.2893722826827483,0.14728682170542637,1.0,1.0,3/13,5.15%,SPRED1;SPRED2;FGF18,EC-PTC
prerank,Reactome_2022__Vif-mediated Degradation Of APOBEC3G R-HSA-180585,0.899185283199337,1.2841619328496106,0.0031023784901758012,0.30002928420122793,0.999,39/53,7.06%,UBB;RPS27A;PSMB6;ELOB;PSMB3;PSME2;PSMB1;UBA52;PSMB5;PSMA4;PSME1;PSMA6;PSMB8;PSMB2;PSMB9;ELOC;RBX1;PSMA2;PSMA7;PSMD8;PSMC5;PSMC6;PSMD9;PSMA3;PSMA5;PSMC4;PSMB7;PSMC3;PSMA1;PSMD2;PSMD13;PSMD7;UBC;PSMB10;PSMD6;SEM1;PSMD14;PSMD3;PSMC2,EC-PTC
prerank,Reactome_2022__Hh Mutants Are Degraded By ERAD R-HSA-5362768,0.8963854671540982,1.282533521659868,0.0010235414534288639,0.30854693042209164,0.999,42/55,7.60%,UBB;RPS27A;PSMB6;PSMB3;PSME2;PSMB1;UBA52;PSMB5;PSMA4;PSME1;PSMA6;PSMB8;PSMB2;PSMB9;PSMA2;VCP;PSMA7;PSMD8;PSMC5;PSMC6;PSMD9;PSMA3;PSMA5;PSMC4;PSMB7;PSMC3;PSMA1;PSMD2;PSMD13;PSMD7;DERL2;UBC;PSMB10;SYVN1;PSMD6;SEM1;OS9;PSMD14;PSMD3;ERLEC1;PSMC2;PSMD12,EC-PTC
prerank,Reactome_2022__Hh Mutants Abrogate Ligand Secretion R-HSA-5387390,0.8958999437485765,1.2811019011475402,0.0020491803278688526,0.31685008088440825,1.0,42/58,7.60%,UBB;RPS27A;PSMB6;PSMB3;PSME2;PSMB1;UBA52;PSMB5;PSMA4;PSME1;PSMA6;PSMB8;PSMB2;PSMB9;PSMA2;VCP;PSMA7;PSMD8;PSMC5;PSMC6;PSMD9;PSMA3;PSMA5;PSMC4;PSMB7;PSMC3;PSMA1;PSMD2;PSMD13;PSMD7;DERL2;UBC;PSMB10;SYVN1;PSMD6;SEM1;OS9;PSMD14;PSMD3;ERLEC1;PSMC2;PSMD12,EC-PTC
prerank,Reactome_2022__Translesion Synthesis By POLK R-HSA-5655862,0.9234265514218657,1.2809234039137734,0.03724604966139955,0.31102289932731136,1.0,6/17,4.96%,UBB;RPS27A;UBA52;RPA3;PCNA;UBC,EC-PTC
prerank,Reactome_2022__Ubiquitin Mediated Degradation Of Phosphorylated Cdc25A R-HSA-69601,0.898609080922536,1.280903388931548,0.0031023784901758012,0.3040293716203186,1.0,37/51,7.60%,UBB;RPS27A;PSMB6;PSMB3;PSME2;PSMB1;UBA52;PSMB5;PSMA4;PSME1;PSMA6;PSMB8;PSMB2;PSMB9;PSMA2;PSMA7;PSMD8;PSMC5;PSMC6;PSMD9;PSMA3;PSMA5;PSMC4;PSMB7;PSMC3;PSMA1;PSMD2;PSMD13;PSMD7;UBC;PSMB10;PSMD6;SEM1;PSMD14;PSMD3;PSMC2;PSMD12,EC-PTC
prerank,Reactome_2022__Degradation Of DVL R-HSA-4641258,0.8947368516750261,1.280212626381158,0.003067484662576687,0.304564577085005,1.0,39/55,7.60%,UBB;RPS27A;PSMB6;PSMB3;PSME2;PSMB1;UBA52;PSMB5;PSMA4;PSME1;PSMA6;PSMB8;PSMB2;PSMB9;RBX1;PSMA2;PSMA7;PSMD8;PSMC5;PSMC6;PSMD9;PSMA3;PSMA5;PSMC4;PSMB7;PSMC3;PSMA1;PSMD2;PSMD13;PSMD7;UBC;PSMB10;DVL3;PSMD6;SEM1;PSMD14;PSMD3;PSMC2;PSMD12,EC-PTC
prerank,Reactome_2022__Regulation Of Activated PAK-2p34 By Proteasome Mediated Degradation R-HSA-211733,0.8979283941992974,1.278242951015662,0.004140786749482402,0.31796395133501026,1.0,37/49,7.60%,UBB;RPS27A;PSMB6;PSMB3;PSME2;PSMB1;UBA52;PSMB5;PSMA4;PSME1;PSMA6;PSMB8;PSMB2;PSMB9;PSMA2;PSMA7;PSMD8;PSMC5;PSMC6;PSMD9;PSMA3;PSMA5;PSMC4;PSMB7;PSMC3;PSMA1;PSMD2;PSMD13;PSMD7;UBC;PSMB10;PSMD6;SEM1;PSMD14;PSMD3;PSMC2;PSMD12,EC-PTC
prerank,Reactome_2022__Hedgehog Ligand Biogenesis R-HSA-5358346,0.8928487439321444,1.2781578430715876,0.0010214504596527069,0.3117459033619127,1.0,43/64,7.60%,UBB;RPS27A;PSMB6;PSMB3;PSME2;PSMB1;UBA52;PSMB5;PSMA4;PSME1;PSMA6;PSMB8;PSMB2;PSMB9;PSMA2;VCP;PSMA7;PSMD8;PSMC5;PSMC6;P4HB;PSMD9;PSMA3;PSMA5;PSMC4;PSMB7;PSMC3;PSMA1;PSMD2;PSMD13;PSMD7;DERL2;UBC;PSMB10;SYVN1;PSMD6;SEM1;OS9;PSMD14;PSMD3;ERLEC1;PSMC2;PSMD12,EC-PTC
prerank,Reactome_2022__Ubiquitin-dependent Degradation Of Cyclin D R-HSA-75815,0.8964072396451337,1.2773719836012467,0.004123711340206186,0.3133758956059907,1.0,38/51,7.60%,UBB;RPS27A;PSMB6;PSMB3;PSME2;PSMB1;UBA52;PSMB5;PSMA4;PSME1;PSMA6;PSMB8;PSMB2;PSMB9;PSMA2;PSMA7;PSMD8;PSMC5;PSMC6;PSMD9;PSMA3;PSMA5;PSMC4;PSMB7;PSMC3;PSMA1;CDK4;PSMD2;PSMD13;PSMD7;UBC;PSMB10;PSMD6;SEM1;PSMD14;PSMD3;PSMC2;PSMD12,EC-PTC
prerank,Reactome_2022__Translesion Synthesis By REV1 R-HSA-110312,0.9251431474515789,1.275938982189667,0.03416856492027335,0.32139768731055035,1.0,6/16,4.96%,UBB;RPS27A;UBA52;RPA3;PCNA;UBC,EC-PTC
prerank,Reactome_2022__Degradation Of GLI1 By Proteasome R-HSA-5610780,0.8879582225057393,1.2747890630420693,0.006134969325153374,0.3274943205732439,1.0,39/59,7.60%,UBB;RPS27A;PSMB6;PSMB3;PSME2;PSMB1;UBA52;SKP1;PSMB5;PSMA4;PSME1;PSMA6;PSMB8;PSMB2;PSMB9;RBX1;PSMA2;PSMA7;PSMD8;PSMC5;PSMC6;PSMD9;PSMA3;PSMA5;PSMC4;PSMB7;PSMC3;PSMA1;PSMD2;PSMD13;PSMD7;UBC;PSMB10;PSMD6;SEM1;PSMD14;PSMD3;PSMC2;PSMD12,EC-PTC
prerank,Reactome_2022__Regulation Of Apoptosis R-HSA-169911,0.8910840933245789,1.2741498310233563,0.00411522633744856,0.3278668458884678,1.0,37/52,7.60%,UBB;RPS27A;PSMB6;PSMB3;PSME2;PSMB1;UBA52;PSMB5;PSMA4;PSME1;PSMA6;PSMB8;PSMB2;PSMB9;PSMA2;PSMA7;PSMD8;PSMC5;PSMC6;PSMD9;PSMA3;PSMA5;PSMC4;PSMB7;PSMC3;PSMA1;PSMD2;PSMD13;PSMD7;UBC;PSMB10;PSMD6;SEM1;PSMD14;PSMD3;PSMC2;PSMD12,EC-PTC
prerank,Reactome_2022__Regulation Of RUNX3 Expression And Activity R-HSA-8941858,0.8932840091987043,1.2740743345475005,0.003083247687564234,0.3220642360587434,1.0,39/54,7.60%,UBB;RPS27A;PSMB6;PSMB3;PSME2;PSMB1;UBA52;PSMB5;PSMA4;PSME1;PSMA6;PSMB8;PSMB2;PSMB9;PSMA2;PSMA7;PSMD8;TGFB1;PSMC5;PSMC6;PSMD9;PSMA3;PSMA5;PSMC4;PSMB7;PSMC3;PSMA1;PSMD2;PSMD13;PSMD7;UBC;PSMB10;PSMD6;SEM1;PSMD14;EP300;PSMD3;PSMC2;PSMD12,EC-PTC
prerank,Reactome_2022__Orc1 Removal From Chromatin R-HSA-68949,0.8818022641022617,1.2739549650412085,0.0030643513789581204,0.3171187240179542,1.0,39/69,7.06%,UBB;RPS27A;PSMB6;PSMB3;PSME2;PSMB1;UBA52;SKP1;PSMB5;PSMA4;PSME1;PSMA6;PSMB8;PSMB2;PSMB9;RBX1;PSMA2;PSMA7;PSMD8;PSMC5;PSMC6;PSMD9;PSMA3;PSMA5;PSMC4;PSMB7;PSMC3;PSMA1;PSMD2;MCM7;PSMD13;PSMD7;UBC;PSMB10;PSMD6;SEM1;PSMD14;PSMD3;PSMC2,EC-PTC
prerank,Reactome_2022__SCF(Skp2)-mediated Degradation Of P27/P21 R-HSA-187577,0.8916720950915797,1.2732325743646036,0.0041109969167523125,0.3181518350015964,1.0,40/59,7.60%,UBB;RPS27A;PSMB6;PSMB3;PSME2;PSMB1;UBA52;SKP1;PSMB5;PSMA4;PSME1;PSMA6;PSMB8;PSMB2;PSMB9;PSMA2;PSMA7;PSMD8;PSMC5;PSMC6;PSMD9;PSMA3;PSMA5;PSMC4;PSMB7;PSMC3;PSMA1;CDK4;PSMD2;PSMD13;PSMD7;UBC;PSMB10;PSMD6;SEM1;CKS1B;PSMD14;PSMD3;PSMC2;PSMD12,EC-PTC
prerank,Reactome_2022__Chaperone Mediated Autophagy R-HSA-9613829,0.9199913417575102,1.2726284584547076,0.024608501118568233,0.3183836301764652,1.0,10/20,4.96%,RNASE1;UBB;RPS27A;PARK7;EEF1A1;UBA52;HSP90AA1;PLIN2;HSPA8;UBC,EC-PTC
prerank,Reactome_2022__IRAK2 Mediated Activation Of TAK1 Complex Upon TLR7/8 Or 9 Stimulation R-HSA-975163,0.9351267133936034,1.2724962098702435,0.04009163802978236,0.31381225238276633,1.0,7/14,4.96%,UBB;RPS27A;UBA52;TLR4;NDUFA2;LY96;UBC,EC-PTC
prerank,Reactome_2022__Regulation Of Ornithine Decarboxylase (ODC) R-HSA-350562,0.8906397897185594,1.2724082957695846,0.006179196704428424,0.3092753729826169,1.0,35/50,7.60%,OAZ1;PSMB6;PSMB3;PSME2;PSMB1;PSMB5;PSMA4;PSME1;PSMA6;PSMB8;PSMB2;PSMB9;PSMA2;PSMA7;PSMD8;PSMC5;PSMC6;PSMD9;PSMA3;PSMA5;PSMC4;PSMB7;PSMC3;PSMA1;PSMD2;OAZ2;PSMD13;PSMD7;PSMB10;PSMD6;SEM1;PSMD14;PSMD3;PSMC2;PSMD12,EC-PTC
prerank,Reactome_2022__Autodegradation Of E3 Ubiquitin Ligase COP1 R-HSA-349425,0.891227040208423,1.2716711813370007,0.004136504653567736,0.310735033491768,1.0,42/51,9.36%,UBB;RPS27A;PSMB6;PSMB3;PSME2;PSMB1;UBA52;PSMB5;PSMA4;PSME1;PSMA6;PSMB8;PSMB2;PSMB9;PSMA2;PSMA7;PSMD8;PSMC5;PSMC6;PSMD9;PSMA3;PSMA5;PSMC4;PSMB7;PSMC3;PSMA1;PSMD2;PSMD13;PSMD7;UBC;CARD16;PSMB10;PSMD6;SEM1;PSMD14;PSMD3;PSMC2;PSMD12;PSMD11;TP53;PSMD10;ATM,EC-PTC
prerank,Reactome_2022__Basigin Interactions R-HSA-210991,0.9128074858448688,1.2716698417181242,0.010810810810810811,0.30537753291432373,1.0,7/25,3.25%,ATP1B1;ATP1B3;PPIA;BSG;SLC3A2;CAV1;DEAF1,EC-PTC
prerank,Reactome_2022__Binding And Uptake Of Ligands By Scavenger Receptors R-HSA-2173782,0.8879770902298826,1.2716550469205854,0.01072961373390558,0.3003587795960124,1.0,12/40,7.83%,FTH1;FTL;COL3A1;SPARC;HSP90AA1;C1D;DLC1;APOL1;CALR;COL4A2;STAB1;CD36,EC-PTC
prerank,"Reactome_2022__Synthesis, Secretion, And Deacylation Of Ghrelin R-HSA-422085",0.9201025917548831,1.2716420751780724,0.015590200445434299,0.2954386433354674,1.0,5/19,4.19%,SEC11C;SEC11A;SPCS1;SPCS2;SPCS3,EC-PTC
prerank,Reactome_2022__Scavenging Of Heme From Plasma R-HSA-2168880,0.943109039074211,1.2710212405962618,0.03579952267303103,0.2964045926689144,1.0,3/11,3.69%,C1D;DLC1;APOL1,EC-PTC
prerank,Reactome_2022__IKK Complex Recruitment Mediated By RIP1 R-HSA-937041,0.9120016684489706,1.27080313420706,0.03165938864628821,0.29350135165120306,1.0,13/22,5.45%,UBB;RPS27A;UBA52;UBE2D2;UBE2D3;TLR4;NDUFA2;IKBKB;LY96;UBE2N;UBE2V1;UBC;BIRC2,EC-PTC
prerank,Reactome_2022__ER-Phagosome Pathway R-HSA-1236974,0.8775873575449071,1.270575171396941,0.001,0.2908374371282437,1.0,55/89,7.83%,UBB;RPS27A;PSMB6;SEC61B;PSMB3;PSME2;PSMB1;UBA52;PSMB5;VAMP8;PSMA4;PSME1;PSMA6;PSMB8;PSMB2;PSMB9;SEC61A1;PSMA2;PSMA7;PSMD8;B2M;TLR4;PSMC5;PSMC6;PDIA3;PSMD9;PSMA3;NDUFA2;PSMA5;PSMC4;PSMB7;IKBKB;PSMC3;SEC61G;PSMA1;TAPBP;HLA-C;PSMD2;SEC22B;LY96;CALR;PSMD13;PSMD7;UBC;PSMB10;VAMP3;PSMD6;SEM1;HMGB1;PSMD14;PSMD3;PSMC2;HLA-E;PSMD12;CD36,EC-PTC
prerank,Reactome_2022__Degradation Of GLI2 By Proteasome R-HSA-5610783,0.8861637096123122,1.2704503298521004,0.004106776180698152,0.2875002749770157,1.0,39/59,7.60%,UBB;RPS27A;PSMB6;PSMB3;PSME2;PSMB1;UBA52;SKP1;PSMB5;PSMA4;PSME1;PSMA6;PSMB8;PSMB2;PSMB9;RBX1;PSMA2;PSMA7;PSMD8;PSMC5;PSMC6;PSMD9;PSMA3;PSMA5;PSMC4;PSMB7;PSMC3;PSMA1;PSMD2;PSMD13;PSMD7;UBC;PSMB10;PSMD6;SEM1;PSMD14;PSMD3;PSMC2;PSMD12,EC-PTC
prerank,Reactome_2022__Regulation Of Necroptotic Cell Death R-HSA-5675482,0.9037978603712027,1.2697615892401108,0.018027571580063628,0.2891311344819369,1.0,12/29,5.62%,SDCBP;UBB;RPS27A;CDC37;UBA52;TNFSF10;HSP90AA1;STUB1;TANK;UBC;BIRC2;FLOT1,EC-PTC
prerank,Reactome_2022__TRAF6-mediated Induction Of TAK1 Complex Within TLR4 Complex R-HSA-937072,0.9335488995308688,1.2697511454846773,0.03640500568828214,0.28481279128025067,1.0,7/15,4.96%,UBB;RPS27A;UBA52;TLR4;NDUFA2;LY96;UBC,EC-PTC
prerank,Reactome_2022__GLI3 Is Processed To GLI3R By Proteasome R-HSA-5610785,0.8855857851739639,1.2696732738350154,0.0041109969167523125,0.28126910120834325,1.0,39/59,7.60%,UBB;RPS27A;PSMB6;PSMB3;PSME2;PSMB1;UBA52;SKP1;PSMB5;PSMA4;PSME1;PSMA6;PSMB8;PSMB2;PSMB9;RBX1;PSMA2;PSMA7;PSMD8;PSMC5;PSMC6;PSMD9;PSMA3;PSMA5;PSMC4;PSMB7;PSMC3;PSMA1;PSMD2;PSMD13;PSMD7;UBC;PSMB10;PSMD6;SEM1;PSMD14;PSMD3;PSMC2;PSMD12,EC-PTC
prerank,Reactome_2022__AUF1 (hnRNP D0) Binds And Destabilizes mRNA R-HSA-450408,0.8921191652217435,1.2694482038012067,0.004119464469618949,0.2791324371410351,1.0,40/54,7.06%,UBB;RPS27A;PSMB6;PSMB3;PSME2;PSMB1;UBA52;HSPA1A;PSMB5;HSPB1;PSMA4;PSME1;PSMA6;PSMB8;PSMB2;PSMB9;PSMA2;PSMA7;PSMD8;PSMC5;PSMC6;PSMD9;PSMA3;PSMA5;PSMC4;PSMB7;PSMC3;PSMA1;PSMD2;HSPA8;PSMD13;PABPC1;PSMD7;UBC;PSMB10;PSMD6;SEM1;PSMD14;PSMD3;PSMC2,EC-PTC
prerank,Reactome_2022__FBXL7 Down-Regulates AURKA During Mitotic Entry And In Early Mitosis R-HSA-8854050,0.8888745404114783,1.2687741430785404,0.0062047569803516025,0.2805212999147733,1.0,39/54,7.60%,UBB;RPS27A;PSMB6;PSMB3;PSME2;PSMB1;UBA52;SKP1;PSMB5;PSMA4;PSME1;PSMA6;PSMB8;PSMB2;PSMB9;RBX1;PSMA2;PSMA7;PSMD8;PSMC5;PSMC6;PSMD9;PSMA3;PSMA5;PSMC4;PSMB7;PSMC3;PSMA1;PSMD2;PSMD13;PSMD7;UBC;PSMB10;PSMD6;SEM1;PSMD14;PSMD3;PSMC2;PSMD12,EC-PTC
prerank,Reactome_2022__Defective CFTR Causes Cystic Fibrosis R-HSA-5678895,0.8865540080902367,1.268625161645662,0.0030581039755351682,0.27773528171300443,1.0,49/60,9.99%,UBB;RPS27A;PSMB6;PSMB3;PSME2;PSMB1;UBA52;PSMB5;PSMA4;PSME1;PSMA6;PSMB8;PSMB2;PSMB9;PSMA2;VCP;PSMA7;PSMD8;PSMC5;PSMC6;PSMD9;PSMA3;PSMA5;PSMC4;PSMB7;PSMC3;PSMA1;PSMD2;PSMD13;PSMD7;DERL2;RNF5;UBC;PSMB10;DERL1;PSMD6;SEM1;OS9;PSMD14;PSMD3;ERLEC1;PSMC2;PSMD12;ERLIN2;PSMD11;PSMD10;SEL1L;ERLIN1;PSMC1,EC-PTC
prerank,MSigDB_Hallmark_2020__Myc Targets V1,0.8689733808758259,1.2684709191764107,0.001,0.02893871085658584,0.053,148/196,10.98%,RPL18;RPS10;RPS3;RPL14;LDHA;PPIA;RPS6;RPL34;ERH;PSMB3;SNRPG;RPL6;COX5A;NPM1;EIF2S2;RPL22;RAN;RPS2;RPS5;SET;RPLP0;STARD7;PSMA4;LSM7;EEF1B2;RACK1;ODC1;PSMA6;SNRPD2;PSMB2;EIF4A1;HSPE1;EIF4H;TUFM;PSMA2;CYC1;ILF2;BUB3;YWHAQ;NDUFAB1;CBX3;SSB;ACP1;EIF4G2;CNBP;PSMA7;VDAC1;PPM1G;PCBP1;CCT5;PRDX4;PSMD8;CCT3;RANBP1;PSMC6;YWHAE;SNRPD1;PRDX3;SNRPD3;XRCC6;TRIM28;SERBP1;DEK;PSMC4;C1QBP;EIF3D;PHB2;HDGF;APEX1;SRM;PSMA1;CDK4;HSPD1;HNRNPA1;GSPT1;MRPS18B;VDAC3;VBP1;NHP2;PGK1;KPNB1;MCM7;SLC25A3;UBE2L3;LSM2;PCNA;HDAC2;PABPC1;PSMD7;NCBP2;TARDBP;SNRPB2;TCP1;ETF1;CANX;PHB;SSBP1;EIF2S1;DHX15;CCT7;GLO1;EIF4E;PA2G4;RSL1D1;XPO1;SRSF2;HNRNPA3;PTGES3;PWP1;RAD23B;PSMD14;MRPL9;SNRPA1;PSMD3;TXNL4A;DUT;DDX21;CLNS1A;HNRNPR;SF3A1;NME1;UBE2E1;UBA2;CCT4;IFRD1;EXOSC7;ABCE1;NOP56;TOMM70;AP3S1;SYNCRIP;KPNA2;SRSF1;SRPK1;POLD2;PRPS2;MCM6;HPRT1;NAP1L1;TRA2B;RNPS1;HSP90AB1;GOT2;POLE3;SRSF7;COPS5;CCT2;HNRNPA2B1,EC-PTC
prerank,Reactome_2022__Vpu Mediated Degradation Of CD4 R-HSA-180534,0.890263556295685,1.268059902822789,0.007246376811594203,0.27830671894144887,1.0,38/51,7.60%,UBB;RPS27A;PSMB6;PSMB3;PSME2;PSMB1;UBA52;SKP1;PSMB5;PSMA4;PSME1;PSMA6;PSMB8;PSMB2;PSMB9;PSMA2;PSMA7;PSMD8;PSMC5;PSMC6;PSMD9;PSMA3;PSMA5;PSMC4;PSMB7;PSMC3;PSMA1;PSMD2;PSMD13;PSMD7;UBC;PSMB10;PSMD6;SEM1;PSMD14;PSMD3;PSMC2;PSMD12,EC-PTC
prerank,Reactome_2022__Metabolism Of Polyamines R-HSA-351202,0.8822076414919233,1.2678867937376908,0.005154639175257732,0.2758005350020245,1.0,35/58,7.60%,OAZ1;PSMB6;PSMB3;PSME2;PSMB1;PSMB5;PSMA4;PSME1;PSMA6;PSMB8;PSMB2;PSMB9;PSMA2;PSMA7;PSMD8;PSMC5;PSMC6;PSMD9;PSMA3;PSMA5;PSMC4;PSMB7;PSMC3;PSMA1;PSMD2;OAZ2;PSMD13;PSMD7;PSMB10;PSMD6;SEM1;PSMD14;PSMD3;PSMC2;PSMD12,EC-PTC
prerank,Reactome_2022__Scavenging By Class A Receptors R-HSA-3000480,0.9091421791204287,1.2678077477206713,0.02905027932960894,0.2727138964244685,1.0,5/19,5.96%,FTH1;FTL;COL3A1;CALR;COL4A2,EC-PTC
prerank,Reactome_2022__Translesion Synthesis By POLH R-HSA-110320,0.9102102485569521,1.2678002258973593,0.03888888888888889,0.2690981762560745,1.0,9/19,6.13%,UBB;RPS27A;UBA52;VCP;UFD1;RPA3;PCNA;UBC;RCHY1,EC-PTC
prerank,Reactome_2022__Role Of GTSE1 In G2/M Progression After G2 Checkpoint R-HSA-8852276,0.8847960702202753,1.2672779032564483,0.0020597322348094747,0.26936971980916724,1.0,39/59,7.60%,UBB;RPS27A;PSMB6;PSMB3;PSME2;PSMB1;UBA52;PSMB5;PSMA4;PSME1;PSMA6;PSMB8;PSMB2;PSMB9;PSMA2;PSMA7;PSMD8;HSP90AA1;PSMC5;PSMC6;PSMD9;PSMA3;PSMA5;PSMC4;PSMB7;PSMC3;PSMA1;PSMD2;PSMD13;PSMD7;UBC;PSMB10;PSMD6;MAPRE1;SEM1;PSMD14;PSMD3;PSMC2;PSMD12,EC-PTC
prerank,Reactome_2022__TNFR2 Non-Canonical NF-kB Pathway R-HSA-5668541,0.8756127995270485,1.2664916680087532,0.0010193679918450561,0.27195188926277336,1.0,47/100,7.84%,UBB;RPS27A;PSMB6;TNFSF12;PSMB3;PSME2;PSMB1;TNFRSF11B;UBA52;SKP1;PSMB5;PSMA4;PSME1;PSMA6;PSMB8;PSMB2;PSMB9;PSMA2;PSMA7;UBE2M;PSMD8;PSMC5;PSMC6;PSMD9;PSMA3;PSMA5;PSMC4;PSMB7;PSMC3;PSMA1;TANK;PSMD2;PSMD13;PSMD7;UBC;PSMB10;BIRC2;PSMD6;SEM1;PSMD14;PSMD3;TNFRSF12A;PSMC2;LTBR;CD40;PSMD12;TNFSF13,EC-PTC
prerank,Reactome_2022__ABC Transporter Disorders R-HSA-5619084,0.8808456545401248,1.2664545627917239,0.002028397565922921,0.2686340976188749,1.0,51/77,9.99%,UBB;RPS27A;PSMB6;PSMB3;PSME2;PSMB1;UBA52;PSMB5;PSMA4;PSME1;PSMA6;PSMB8;PSMB2;PSMB9;PSMA2;VCP;PSMA7;PSMD8;PSMC5;PSMC6;PSMD9;PSMA3;PSMA5;PSMC4;PSMB7;PSMC3;PSMA1;PSMD2;PSMD13;PSMD7;DERL2;RNF5;UBC;PSMB10;DERL1;LMBRD1;PSMD6;SEM1;OS9;PSMD14;ABCD4;PSMD3;ERLEC1;PSMC2;PSMD12;ERLIN2;PSMD11;PSMD10;SEL1L;ERLIN1;PSMC1,EC-PTC
prerank,Reactome_2022__Late Endosomal Microautophagy R-HSA-9615710,0.9047585788376252,1.266223814982595,0.011752136752136752,0.26701259212872724,1.0,15/30,5.62%,RNASE1;UBB;RPS27A;PARK7;UBA52;CHMP2A;VPS28;TSG101;PLIN2;CHMP4B;HSPA8;UBC;CHMP2B;CHMP4C;MVB12A,EC-PTC
prerank,Reactome_2022__SCF-beta-TrCP Mediated Degradation Of Emi1 R-HSA-174113,0.8862455303148377,1.266004828519332,0.005165289256198347,0.2652104658475042,1.0,38/54,7.60%,UBB;RPS27A;PSMB6;PSMB3;PSME2;PSMB1;UBA52;SKP1;PSMB5;PSMA4;PSME1;PSMA6;PSMB8;PSMB2;PSMB9;PSMA2;PSMA7;PSMD8;PSMC5;PSMC6;PSMD9;PSMA3;PSMA5;PSMC4;PSMB7;PSMC3;PSMA1;PSMD2;PSMD13;PSMD7;UBC;PSMB10;PSMD6;SEM1;PSMD14;PSMD3;PSMC2;PSMD12,EC-PTC
prerank,Reactome_2022__Stabilization Of P53 R-HSA-69541,0.8888022554421223,1.265413081791869,0.0030959752321981426,0.2668656678490046,1.0,42/56,9.36%,UBB;RPS27A;PSMB6;PSMB3;PSME2;PSMB1;UBA52;PSMB5;PSMA4;PSME1;PSMA6;PSMB8;PSMB2;PSMB9;PSMA2;PSMA7;PSMD8;PSMC5;PSMC6;PSMD9;PSMA3;PSMA5;PSMC4;PSMB7;PSMC3;PSMA1;PSMD2;PSMD13;PSMD7;UBC;CARD16;PSMB10;PSMD6;SEM1;PSMD14;PSMD3;PSMC2;PSMD12;PSMD11;TP53;PSMD10;ATM,EC-PTC
prerank,Reactome_2022__Antigen processing-Cross Presentation R-HSA-1236975,0.8745755694532262,1.264587464482127,0.001,0.26957370916119555,1.0,63/104,9.11%,UBB;RPS27A;PSMB6;SEC61B;PSMB3;PSME2;PSMB1;UBA52;PSMB5;VAMP8;PSMA4;PSME1;CTSL;PSMA6;PSMB8;PSMB2;PSMB9;SEC61A1;ITGAV;PSMA2;PSMA7;PSMD8;B2M;TLR4;PSMC5;PSMC6;PDIA3;PSMD9;PSMA3;NDUFA2;PSMA5;PSMC4;PSMB7;IKBKB;PSMC3;SEC61G;PSMA1;TAPBP;HLA-C;PSMD2;SEC22B;LY96;CALR;PSMD13;PSMD7;UBC;PSMB10;VAMP3;LNPEP;PSMD6;SEM1;HMGB1;PSMD14;ITGB5;PSMD3;PSMC2;HLA-E;PSMD12;CD36;IKBKG;PSMD11;CYBA;PSMD10,EC-PTC
prerank,Reactome_2022__GSK3B And BTRC:CUL1-mediated-degradation Of NFE2L2 R-HSA-9762114,0.8879027992286517,1.2636196919034055,0.007261410788381743,0.27330863372140135,1.0,39/51,7.60%,UBB;RPS27A;PSMB6;PSMB3;PSME2;PSMB1;UBA52;SKP1;PSMB5;PSMA4;PSME1;PSMA6;PSMB8;PSMB2;PSMB9;RBX1;PSMA2;PSMA7;PSMD8;PSMC5;PSMC6;PSMD9;PSMA3;PSMA5;PSMC4;PSMB7;PSMC3;PSMA1;PSMD2;PSMD13;PSMD7;UBC;PSMB10;PSMD6;SEM1;PSMD14;PSMD3;PSMC2;PSMD12,EC-PTC
prerank,Reactome_2022__Nuclear Events Stimulated By ALK Signaling In Cancer R-HSA-9725371,0.9180554528880079,1.2628314764424124,0.0359955005624297,0.27627094993562135,1.0,8/19,5.29%,FN1;RPS6;NPM1;SKP1;RBX1;CLTC;KIF5B;MECP2,EC-PTC
prerank,Reactome_2022__Nuclear Events Mediated By NFE2L2 R-HSA-9759194,0.8730205599904611,1.2627583040963057,0.0020470829068577278,0.27352159713730595,1.0,49/78,7.72%,UBB;RPS27A;PSMB6;PSMB3;PSME2;PRDX1;PSMB1;UBA52;SKP1;PSMB5;PSMA4;PSME1;PSMA6;PSMB8;ATF4;PSMB2;PSMB9;RBX1;PSMA2;SQSTM1;PSMA7;PSMD8;PSMC5;PSMC6;PSMD9;PSMA3;PSMA5;PSMC4;TALDO1;PSMB7;PSMC3;PSMA1;PSMD2;PSMD13;PSMD7;CREBBP;TXNRD1;UBC;PSMB10;PSMD6;SEM1;IDH1;PSMD14;EP300;PSMD3;PSMC2;NOTCH1;PSMD12;UBL4A,EC-PTC
prerank,Reactome_2022__Regulation Of FZD By Ubiquitination R-HSA-4641263,0.9156246148202221,1.2625009632369664,0.03107658157602664,0.27224274689834854,1.0,9/20,6.90%,UBB;RPS27A;UBA52;FZD6;LGR4;UBC;RSPO3;FZD8;LRP5,EC-PTC
prerank,Reactome_2022__Cristae Formation R-HSA-8949613,0.9072932569839534,1.2615120161676305,0.010810810810810811,0.27742590324238436,1.0,21/29,6.71%,ATP5MG;ATP5F1E;ATP5MC3;ATP5F1D;ATP5PF;ATP5MF;ATP5MC2;ATP5ME;ATP5PD;ATP5MC1;ATP5PO;MICOS10;ATP5F1B;ATP5F1A;ATP5F1C;MICOS13;HSPA9;MTX2;MTX1;ATP5PB;TMEM11,EC-PTC
prerank,Reactome_2022__Cross-presentation Of Soluble Exogenous Antigens (Endosomes) R-HSA-1236978,0.8891408521333742,1.261325679529374,0.009307135470527405,0.27581188211803565,1.0,33/48,7.60%,PSMB6;PSMB3;PSME2;PSMB1;PSMB5;PSMA4;PSME1;PSMA6;PSMB8;PSMB2;PSMB9;PSMA2;PSMA7;PSMD8;PSMC5;PSMC6;PSMD9;PSMA3;PSMA5;PSMC4;PSMB7;PSMC3;PSMA1;PSMD2;PSMD13;PSMD7;PSMB10;PSMD6;SEM1;PSMD14;PSMD3;PSMC2;PSMD12,EC-PTC
prerank,Reactome_2022__Translesion Synthesis By POLI R-HSA-5656121,0.9116254557676474,1.2602650485108442,0.04751131221719457,0.28107079946145186,1.0,6/17,4.96%,UBB;RPS27A;UBA52;RPA3;PCNA;UBC,EC-PTC
prerank,Reactome_2022__Negative Regulation Of NOTCH4 Signaling R-HSA-9604323,0.8799908962808068,1.259942793521276,0.009287925696594427,0.2803780458589301,1.0,40/53,7.79%,UBB;RPS27A;PSMB6;PSMB3;PSME2;PSMB1;UBA52;SKP1;PSMB5;PSMA4;PSME1;PSMA6;PSMB8;PSMB2;PSMB9;RBX1;PSMA2;PSMA7;PSMD8;PSMC5;PSMC6;PSMD9;PSMA3;PSMA5;PSMC4;PSMB7;PSMC3;PSMA1;PSMD2;PSMD13;PSMD7;UBC;PSMB10;PSMD6;SEM1;PSMD14;PSMD3;PSMC2;PSMD12;YWHAZ,EC-PTC
prerank,Reactome_2022__Mitochondrial Translation Initiation R-HSA-5368286,0.8732356779964215,1.259651616464122,0.006147540983606557,0.2795747831284723,1.0,61/82,9.95%,MRPS6;MRPL33;AURKAIP1;MRPL54;GADD45GIP1;MRPL51;MRPS18C;MRPL20;MRPS24;MRPS34;MRPL34;MRPL17;MRPL57;MRPL14;MRPL52;MRPL40;MRPS15;MRPS21;MRPL41;CHCHD1;MRPL16;MRPS26;MRPL42;MRPS11;MRPS36;MRPL36;MRPL4;MRPS18B;MRPL13;MRPL18;MRPL55;MRPL49;MRPL47;MRPS23;MRPL38;MRPL21;MTIF3;MRPS10;MRPS2;MRPS16;MRPS5;MRPL35;MRPL9;MRPS7;MRPL46;MRPL32;MRPS14;MRPL45;MRPS35;MRPS22;MRPL43;MRPS18A;MRPL12;MRPL19;MRPS33;MRPL37;MRPL15;OXA1L;MRPS30;MRPL48;MRPL39,EC-PTC
prerank,Reactome_2022__Asymmetric Localization Of PCP Proteins R-HSA-4608870,0.8829438521099574,1.259532187192129,0.005170630816959669,0.27763453363548035,1.0,39/62,7.91%,UBB;RPS27A;PSMB6;PSMB3;PSME2;PSMB1;UBA52;PSMB5;PSMA4;PSME1;PSMA6;PSMB8;PSMB2;PSMB9;PSMA2;PSMA7;PSMD8;PSMC5;PSMC6;PSMD9;PSMA3;PSMA5;PSMC4;PSMB7;PSMC3;PSMA1;PSMD2;PSMD13;PSMD7;UBC;PSMB10;PSMD6;SEM1;FZD8;PSMD14;PSMD3;PSMC2;PSMD12;FZD1,EC-PTC
prerank,Reactome_2022__FCERI Mediated NF-kB Activation R-HSA-2871837,0.8711465136225623,1.259506196360656,0.005128205128205128,0.2747847214425939,1.0,50/77,9.11%,UBB;RPS27A;PSMB6;PSMB3;PSME2;PSMB1;UBA52;SKP1;PSMB5;PSMA4;PSME1;PSMA6;PSMB8;PSMB2;PSMB9;PSMA2;UBE2D2;PSMA7;PSMD8;NFKBIA;PSMC5;PSMC6;PSMD9;PSMA3;PSMA5;PSMC4;PSMB7;IKBKB;PSMC3;PSMA1;PSMD2;UBE2N;PSMD13;RELA;PSMD7;UBE2V1;UBC;PSMB10;PSMD6;SEM1;PSMD14;PSMD3;PSMC2;PSMD12;NFKB1;BCL10;IKBKG;PSMD11;MALT1;PSMD10,EC-PTC
prerank,Reactome_2022__Degradation Of AXIN R-HSA-4641257,0.88330876558363,1.2594003263495686,0.006166495375128468,0.2726275598902183,1.0,37/54,7.60%,UBB;RPS27A;PSMB6;PSMB3;PSME2;PSMB1;UBA52;PSMB5;PSMA4;PSME1;PSMA6;PSMB8;PSMB2;PSMB9;PSMA2;PSMA7;PSMD8;PSMC5;PSMC6;PSMD9;PSMA3;PSMA5;PSMC4;PSMB7;PSMC3;PSMA1;PSMD2;PSMD13;PSMD7;UBC;PSMB10;PSMD6;SEM1;PSMD14;PSMD3;PSMC2;PSMD12,EC-PTC
prerank,Reactome_2022__Dectin-1 Mediated Noncanonical NF-kB Signaling R-HSA-5607761,0.8794280118021873,1.2583551092248688,0.004123711340206186,0.27782576952731425,1.0,39/61,7.06%,UBB;RPS27A;PSMB6;PSMB3;PSME2;PSMB1;UBA52;SKP1;PSMB5;PSMA4;PSME1;PSMA6;PSMB8;PSMB2;PSMB9;PSMA2;PSMA7;UBE2M;PSMD8;PSMC5;PSMC6;PSMD9;PSMA3;PSMA5;PSMC4;PSMB7;PSMC3;PSMA1;PSMD2;PSMD13;RELA;PSMD7;UBC;PSMB10;PSMD6;SEM1;PSMD14;PSMD3;PSMC2,EC-PTC
prerank,Reactome_2022__APC:Cdc20 Mediated Degradation Of Cell Cycle Proteins Before Cycle Checkpoint Satisfied R-HSA-179419,0.8763401299744685,1.2576065247505759,0.0030581039755351682,0.2805940605443695,1.0,47/73,9.11%,UBB;RPS27A;PSMB6;PSMB3;PSME2;PSMB1;UBA52;PSMB5;PSMA4;PSME1;PSMA6;PSMB8;PSMB2;PSMB9;PSMA2;ANAPC16;ANAPC11;BUB3;PSMA7;PSMD8;PSMC5;PSMC6;PSMD9;CDC26;PSMA3;PSMA5;PSMC4;PSMB7;PSMC3;PSMA1;PSMD2;PSMD13;PSMD7;UBC;ANAPC10;PSMB10;PSMD6;SEM1;PSMD14;PSMD3;CDC16;PSMC2;PSMD12;UBE2E1;ANAPC15;PSMD11;PSMD10,EC-PTC
prerank,Reactome_2022__Activation Of NF-kappaB In B Cells R-HSA-1169091,0.8747616232512047,1.2574675466665695,0.005154639175257732,0.2787120569646178,1.0,48/66,9.11%,UBB;RPS27A;PSMB6;PSMB3;PSME2;PSMB1;UBA52;SKP1;PSMB5;PSMA4;PSME1;PSMA6;PSMB8;PSMB2;PSMB9;PSMA2;PSMA7;PSMD8;NFKBIA;PSMC5;PSMC6;PSMD9;PSMA3;PSMA5;PSMC4;PSMB7;IKBKB;PSMC3;PSMA1;PSMD2;PSMD13;RELA;PSMD7;UBC;PSMB10;PSMD6;SEM1;PSMD14;PSMD3;PSMC2;REL;PSMD12;NFKB1;BCL10;IKBKG;PSMD11;MALT1;PSMD10,EC-PTC
prerank,Reactome_2022__Mitochondrial Translation Termination R-HSA-5419276,0.8694683082997768,1.257240310462399,0.006134969325153374,0.2773786080777248,1.0,60/82,9.95%,MRPS6;MRPL33;AURKAIP1;MRPL54;GADD45GIP1;MRPL51;MRPS18C;MRPL20;MRPS24;MRPS34;MRPL34;MRPL17;MRPL57;MRPL14;MRPL52;MRPL40;MRPS15;MRPS21;MRPL41;CHCHD1;MRPL16;MRPS26;MRPL42;MRPS11;MRPS36;MRPL36;MRPL4;MRPS18B;MRPL13;MRPL18;MRPL55;MRPL49;MRPL47;MRPS23;MRPL38;MRPL21;MRPS10;MRPS2;MRPS16;MRPS5;MRPL35;MRPL9;MRPS7;MRPL46;MRPL32;MRPS14;MRPL45;MRPS35;MRPS22;MRPL43;MRPS18A;MRPL12;MRPL19;MRPS33;MRPL37;MRPL15;OXA1L;MRPS30;MRPL48;MRPL39,EC-PTC
prerank,Reactome_2022__Cdc20:Phospho-APC/C Mediated Degradation Of Cyclin A R-HSA-174184,0.8763425948795267,1.256995401779912,0.003061224489795918,0.27645078415317487,1.0,47/72,9.11%,UBB;RPS27A;PSMB6;PSMB3;PSME2;PSMB1;UBA52;PSMB5;PSMA4;PSME1;PSMA6;PSMB8;PSMB2;PSMB9;PSMA2;ANAPC16;ANAPC11;BUB3;PSMA7;PSMD8;PSMC5;PSMC6;PSMD9;CDC26;PSMA3;PSMA5;PSMC4;PSMB7;PSMC3;PSMA1;PSMD2;PSMD13;PSMD7;UBC;ANAPC10;PSMB10;PSMD6;SEM1;PSMD14;PSMD3;CDC16;PSMC2;PSMD12;UBE2E1;ANAPC15;PSMD11;PSMD10,EC-PTC
prerank,Reactome_2022__RIPK1-mediated Regulated Necrosis R-HSA-5213460,0.8935970409087498,1.256406309145288,0.024416135881104035,0.2781430192792774,1.0,12/31,5.62%,SDCBP;UBB;RPS27A;CDC37;UBA52;TNFSF10;HSP90AA1;STUB1;TANK;UBC;BIRC2;FLOT1,EC-PTC
prerank,Reactome_2022__APC/C:Cdc20 Mediated Degradation Of Mitotic Proteins R-HSA-176409,0.8747164990092148,1.2562232978135572,0.003054989816700611,0.2766183364535323,1.0,47/75,9.11%,UBB;RPS27A;PSMB6;PSMB3;PSME2;PSMB1;UBA52;PSMB5;PSMA4;PSME1;PSMA6;PSMB8;PSMB2;PSMB9;PSMA2;ANAPC16;ANAPC11;BUB3;PSMA7;PSMD8;PSMC5;PSMC6;PSMD9;CDC26;PSMA3;PSMA5;PSMC4;PSMB7;PSMC3;PSMA1;PSMD2;PSMD13;PSMD7;UBC;ANAPC10;PSMB10;PSMD6;SEM1;PSMD14;PSMD3;CDC16;PSMC2;PSMD12;UBE2E1;ANAPC15;PSMD11;PSMD10,EC-PTC
prerank,Reactome_2022__Downstream Signaling Events Of B Cell Receptor (BCR) R-HSA-1168372,0.870019492141604,1.2561764157938637,0.003067484662576687,0.27420591594770705,1.0,54/79,9.11%,UBB;RPS27A;PPIA;PSMB6;PSMB3;PSME2;PSMB1;UBA52;SKP1;PSMB5;FKBP1A;PSMA4;PSME1;PSMA6;PSMB8;PSMB2;PSMB9;RASGRP3;PSMA2;CALM1;PSMA7;PSMD8;NFKBIA;PSMC5;PSMC6;PSMD9;PSMA3;PSMA5;PSMC4;PSMB7;IKBKB;PSMC3;PSMA1;PSMD2;PSMD13;RELA;PSMD7;UBC;PSMB10;PSMD6;SEM1;PSMD14;PSMD3;PSMC2;REL;PSMD12;NFKB1;NRAS;HRAS;BCL10;IKBKG;PSMD11;MALT1;PSMD10,EC-PTC
prerank,Reactome_2022__Hedgehog On State R-HSA-5632684,0.8687729623102194,1.2561374663239726,0.003045685279187817,0.27174990479362393,1.0,39/85,7.60%,UBB;RPS27A;PSMB6;PSMB3;PSME2;PSMB1;UBA52;PSMB5;PSMA4;PSME1;PSMA6;PSMB8;PSMB2;PSMB9;RBX1;PSMA2;PSMA7;PSMD8;PSMC5;PSMC6;PSMD9;PSMA3;PSMA5;PSMC4;PSMB7;PSMC3;PSMA1;PSMD2;PSMD13;PSMD7;UBC;PSMB10;PSMD6;SEM1;PSMD14;PSMD3;GRK2;PSMC2;PSMD12,EC-PTC
prerank,Reactome_2022__Activation Of Matrix Metalloproteinases R-HSA-1592389,0.8927679193244823,1.2560568775975822,0.019230769230769232,0.26977163360451784,1.0,4/33,2.42%,TIMP1;FURIN;COL18A1;TIMP2,EC-PTC
prerank,Reactome_2022__NF-kB Is Activated And Signals Survival R-HSA-209560,0.9217793592270822,1.2560366591143783,0.06046511627906977,0.26735596572628123,1.0,10/13,7.79%,UBB;RPS27A;UBA52;SQSTM1;NFKBIA;IKBKB;RELA;UBC;IRAK1;NFKB1,EC-PTC
prerank,Reactome_2022__Activation Of APC/C And APC/C:Cdc20 Mediated Degradation Of Mitotic Proteins R-HSA-176814,0.8746741870229695,1.2559898807204504,0.002036659877800407,0.2652511987733623,1.0,47/76,9.11%,UBB;RPS27A;PSMB6;PSMB3;PSME2;PSMB1;UBA52;PSMB5;PSMA4;PSME1;PSMA6;PSMB8;PSMB2;PSMB9;PSMA2;ANAPC16;ANAPC11;BUB3;PSMA7;PSMD8;PSMC5;PSMC6;PSMD9;CDC26;PSMA3;PSMA5;PSMC4;PSMB7;PSMC3;PSMA1;PSMD2;PSMD13;PSMD7;UBC;ANAPC10;PSMB10;PSMD6;SEM1;PSMD14;PSMD3;CDC16;PSMC2;PSMD12;UBE2E1;ANAPC15;PSMD11;PSMD10,EC-PTC
prerank,Reactome_2022__Aggrephagy R-HSA-9646399,0.903264920200606,1.2552772328284492,0.027502750275027504,0.26797717790240766,1.0,13/24,6.90%,UBB;RPS27A;PARK7;UBA52;DYNLL1;VCP;HSP90AA1;UBE2N;UBE2V1;UBC;DYNC1LI2;DYNC1H1;HSF1,EC-PTC
prerank,Reactome_2022__Inactivation Of CSF3 (G-CSF) Signaling R-HSA-9705462,0.9059130334447928,1.2547086128815905,0.03474484256243214,0.2694680466038313,1.0,9/25,2.18%,UBB;RPS27A;ELOB;RNF7;UBA52;STAT1;ELOC;UBE2D2;UBE2D3,EC-PTC
prerank,Reactome_2022__APC/C:Cdc20 Mediated Degradation Of Securin R-HSA-174154,0.875811573387553,1.2546027311305612,0.0030581039755351682,0.26768833375981116,1.0,46/67,9.11%,UBB;RPS27A;PSMB6;PSMB3;PSME2;PSMB1;UBA52;PSMB5;PSMA4;PSME1;PSMA6;PSMB8;PSMB2;PSMB9;PSMA2;ANAPC16;ANAPC11;PSMA7;PSMD8;PSMC5;PSMC6;PSMD9;CDC26;PSMA3;PSMA5;PSMC4;PSMB7;PSMC3;PSMA1;PSMD2;PSMD13;PSMD7;UBC;ANAPC10;PSMB10;PSMD6;SEM1;PSMD14;PSMD3;CDC16;PSMC2;PSMD12;UBE2E1;ANAPC15;PSMD11;PSMD10,EC-PTC
prerank,Reactome_2022__PINK1-PRKN Mediated Mitophagy R-HSA-5205685,0.9060678496874262,1.2545903247378347,0.041530054644808745,0.26532698398152493,1.0,14/22,4.96%,UBB;RPS27A;UBA52;TOMM5;TOMM20;TOMM6;SQSTM1;PINK1;MAP1LC3B;VDAC1;TOMM7;TOMM22;MAP1LC3A;UBC,EC-PTC
prerank,Reactome_2022__NIK To Noncanonical NF-kB Signaling R-HSA-5676590,0.8789246753811342,1.2537784134265302,0.0062176165803108805,0.2690300921054047,1.0,39/58,7.60%,UBB;RPS27A;PSMB6;PSMB3;PSME2;PSMB1;UBA52;SKP1;PSMB5;PSMA4;PSME1;PSMA6;PSMB8;PSMB2;PSMB9;PSMA2;PSMA7;UBE2M;PSMD8;PSMC5;PSMC6;PSMD9;PSMA3;PSMA5;PSMC4;PSMB7;PSMC3;PSMA1;PSMD2;PSMD13;PSMD7;UBC;PSMB10;PSMD6;SEM1;PSMD14;PSMD3;PSMC2;PSMD12,EC-PTC
prerank,Reactome_2022__G1/S DNA Damage Checkpoints R-HSA-69615,0.8798808658338274,1.2537064817880796,0.0030864197530864196,0.2670332944869997,1.0,42/67,9.36%,UBB;RPS27A;PSMB6;PSMB3;PSME2;PSMB1;UBA52;PSMB5;PSMA4;PSME1;PSMA6;PSMB8;PSMB2;PSMB9;PSMA2;PSMA7;PSMD8;PSMC5;PSMC6;PSMD9;PSMA3;PSMA5;PSMC4;PSMB7;PSMC3;PSMA1;PSMD2;PSMD13;PSMD7;UBC;CARD16;PSMB10;PSMD6;SEM1;PSMD14;PSMD3;PSMC2;PSMD12;PSMD11;TP53;PSMD10;ATM,EC-PTC
prerank,Reactome_2022__Mitochondrial Translation Elongation R-HSA-5389840,0.8688669717691802,1.2532595340218278,0.00511770726714432,0.26777622104966126,1.0,61/82,9.95%,MRPS6;MRPL33;AURKAIP1;MRPL54;GADD45GIP1;MRPL51;MRPS18C;MRPL20;MRPS24;MRPS34;TUFM;MRPL34;MRPL17;MRPL57;MRPL14;MRPL52;MRPL40;MRPS15;MRPS21;MRPL41;CHCHD1;MRPL16;MRPS26;MRPL42;MRPS11;MRPS36;MRPL36;MRPL4;MRPS18B;MRPL13;MRPL18;MRPL55;MRPL49;MRPL47;MRPS23;MRPL38;MRPL21;MRPS10;MRPS2;MRPS16;MRPS5;MRPL35;MRPL9;MRPS7;MRPL46;MRPL32;MRPS14;MRPL45;MRPS35;MRPS22;MRPL43;MRPS18A;MRPL12;MRPL19;MRPS33;MRPL37;MRPL15;OXA1L;MRPS30;MRPL48;MRPL39,EC-PTC
prerank,Reactome_2022__Cooperation Of Prefoldin And TriC/CCT In Actin And Tubulin Folding R-HSA-389958,0.8888480528454203,1.2532558560661489,0.015889830508474576,0.2654612166576817,1.0,16/33,5.04%,PFDN5;TUBB4B;TUBA1B;TUBB6;CCT5;PFDN2;CCT3;TUBB;PFDN1;PFDN4;VBP1;TCP1;CCT8;TUBA1C;CCT6A;CCT7,EC-PTC
prerank,Reactome_2022__HSF1-dependent Transactivation R-HSA-3371571,0.885570788629618,1.2532399946549224,0.025236593059936908,0.2632862239981867,1.0,16/36,6.90%,UBB;CRYAB;HSBP1;SERPINH1;HSPA1A;HSPA2;HSP90AA1;MRPL18;HSPA8;HSPA1B;DNAJB6;CREBBP;FKBP4;PTGES3;EP300;HSF1,EC-PTC
prerank,Reactome_2022__HSF1 Activation R-HSA-3371511,0.8973421281639534,1.2530319881482848,0.01406926406926407,0.2622329235233099,1.0,15/29,6.90%,UBB;HSBP1;EEF1A1;SERPINH1;HSPA1A;VCP;HSP90AA1;YWHAE;MRPL18;RPA3;HSPA1B;DNAJB6;FKBP4;PTGES3;HSF1,EC-PTC
prerank,Reactome_2022__MAPK6/MAPK4 Signaling R-HSA-5687128,0.8658729366422186,1.2528308642312076,0.0020325203252032522,0.2614464332479529,1.0,47/90,6.52%,RNASE1;UBB;RPS27A;PSMB6;PSMB3;PSME2;PSMB1;UBA52;PSMB5;HSPB1;PSMA4;PSME1;JUN;PSMA6;PSMB8;PSMB2;PSMB9;PSMA2;PSMA7;PSMD8;CDC42EP3;PSMC5;PSMC6;CDC42EP5;PSMD9;PSMA3;PSMA5;PSMC4;PSMB7;PSMC3;PSMA1;NCOA3;SEPTIN7;PSMD2;PSMD13;CDC42EP2;PSMD7;CDC42;UBC;PSMB10;PKN1;CCND3;XPO1;PSMD6;SEM1;PSMD14;PSMD3,EC-PTC
prerank,Reactome_2022__CDK-mediated Phosphorylation And Removal Of Cdc6 R-HSA-69017,0.8726500913265612,1.2526524036727056,0.0030643513789581204,0.2604268626166658,1.0,46/72,9.11%,UBB;RPS27A;PSMB6;PSMB3;PSME2;PSMB1;UBA52;PSMB5;PSMA4;PSME1;PSMA6;PSMB8;PSMB2;PSMB9;PSMA2;ANAPC16;ANAPC11;PSMA7;PSMD8;PSMC5;PSMC6;PSMD9;CDC26;PSMA3;PSMA5;PSMC4;PSMB7;PSMC3;PSMA1;PSMD2;PSMD13;PSMD7;UBC;ANAPC10;PSMB10;PSMD6;SEM1;PSMD14;PSMD3;CDC16;PSMC2;PSMD12;UBE2E1;ANAPC15;PSMD11;PSMD10,EC-PTC
prerank,Reactome_2022__Autodegradation Of Cdh1 By Cdh1:APC/C R-HSA-174084,0.8757698895115762,1.2526355251289256,0.0030737704918032786,0.25828969400416263,1.0,46/63,9.11%,UBB;RPS27A;PSMB6;PSMB3;PSME2;PSMB1;UBA52;PSMB5;PSMA4;PSME1;PSMA6;PSMB8;PSMB2;PSMB9;PSMA2;ANAPC16;ANAPC11;PSMA7;PSMD8;PSMC5;PSMC6;PSMD9;CDC26;PSMA3;PSMA5;PSMC4;PSMB7;PSMC3;PSMA1;PSMD2;PSMD13;PSMD7;UBC;ANAPC10;PSMB10;PSMD6;SEM1;PSMD14;PSMD3;CDC16;PSMC2;PSMD12;UBE2E1;ANAPC15;PSMD11;PSMD10,EC-PTC
prerank,Reactome_2022__SLBP Independent Processing Of Histone Pre-mRNAs R-HSA-111367,0.9464669194597616,1.2525204400374699,0.041128084606345476,0.2568723058945612,1.0,7/10,4.28%,SNRPG;SNRPE;SNRPB;SNRPD3;LSM10;SNRPF;NCBP2,EC-PTC
prerank,"Reactome_2022__Synthesis, Secretion, And Inactivation Of Glucose-dependent Insulinotropic Polypeptide (GIP) R-HSA-400511",0.9221192737790596,1.2524343172616519,0.04812206572769953,0.25527251676158746,1.0,5/13,4.19%,SEC11C;SEC11A;SPCS1;SPCS2;SPCS3,EC-PTC
prerank,Reactome_2022__p53-Dependent G1 DNA Damage Response R-HSA-69563,0.88008866333348,1.252045593154851,0.003092783505154639,0.2556657646647366,1.0,42/65,9.36%,UBB;RPS27A;PSMB6;PSMB3;PSME2;PSMB1;UBA52;PSMB5;PSMA4;PSME1;PSMA6;PSMB8;PSMB2;PSMB9;PSMA2;PSMA7;PSMD8;PSMC5;PSMC6;PSMD9;PSMA3;PSMA5;PSMC4;PSMB7;PSMC3;PSMA1;PSMD2;PSMD13;PSMD7;UBC;CARD16;PSMB10;PSMD6;SEM1;PSMD14;PSMD3;PSMC2;PSMD12;PSMD11;TP53;PSMD10;ATM,EC-PTC
prerank,Reactome_2022__Attenuation Phase R-HSA-3371568,0.8988459463777935,1.2513557195593736,0.023783783783783784,0.2580621457879453,1.0,15/26,6.90%,UBB;HSBP1;SERPINH1;HSPA1A;HSPA2;HSP90AA1;MRPL18;HSPA8;HSPA1B;DNAJB6;CREBBP;FKBP4;PTGES3;EP300;HSF1,EC-PTC
prerank,Reactome_2022__Mitochondrial Translation R-HSA-5368287,0.8636793477638334,1.2510183974869058,0.005107252298263534,0.2584263195054631,1.0,62/88,9.95%,MRPS6;MRPL33;AURKAIP1;MRPL54;GADD45GIP1;MRPL51;MRPS18C;MRPL20;MRPS24;MRPS34;TUFM;MRPL34;MRPL17;MRPL57;MRPL14;MRPL52;MRPL40;MRPS15;MRPS21;MRPL41;CHCHD1;MRPL16;MRPS26;MRPL42;MRPS11;MRPS36;MRPL36;MRPL4;MRPS18B;MRPL13;MRPL18;MRPL55;MRPL49;MRPL47;MRPS23;MRPL38;MRPL21;MTIF3;MRPS10;MRPS2;MRPS16;MRPS5;MRPL35;MRPL9;MRPS7;MRPL46;MRPL32;MRPS14;MRPL45;MRPS35;MRPS22;MRPL43;MRPS18A;MRPL12;MRPL19;MRPS33;MRPL37;MRPL15;OXA1L;MRPS30;MRPL48;MRPL39,EC-PTC
prerank,Reactome_2022__Gene And Protein Expression By JAK-STAT Signaling After Interleukin-12 Stimulation R-HSA-8950505,0.8828706341456293,1.2509502918685482,0.02569593147751606,0.25679914469974496,1.0,16/35,6.39%,ANXA2;PPIA;PSME2;AURKAIP1;SOD1;RPLP0;HNRNPF;TALDO1;GSTO1;HSPA9;CDC42;TCP1;MSN;HNRNPDL;PDCD4;SNRPA1,EC-PTC
prerank,Reactome_2022__ABC-family Proteins Mediated Transport R-HSA-382556,0.8652729605914476,1.2508631111897557,0.001,0.25528865532067246,1.0,55/102,9.99%,UBB;RPS27A;PSMB6;PSMB3;PSME2;PSMB1;UBA52;EIF2S2;PSMB5;PSMA4;PSME1;PSMA6;PSMB8;PSMB2;PSMB9;PSMA2;VCP;PSMA7;PSMD8;PSMC5;PSMC6;PSMD9;PSMA3;PSMA5;PSMC4;PSMB7;PSMC3;PSMA1;PSMD2;ABCF1;PSMD13;PSMD7;DERL2;RNF5;UBC;EIF2S1;PSMB10;DERL1;PSMD6;SEM1;ABCC1;OS9;PSMD14;PSMD3;ERLEC1;PSMC2;PSMD12;EIF2S3;ERLIN2;PSMD11;PSMD10;SEL1L;ERLIN1;PEX19;PSMC1,EC-PTC
prerank,Reactome_2022__Budding And Maturation Of HIV Virion R-HSA-162588,0.8961597754479843,1.250834156212289,0.022483940042826552,0.2534914706133222,1.0,14/27,6.19%,UBB;RPS27A;PPIA;UBA52;CHMP2A;VPS28;CHMP5;TSG101;CHMP4B;UBC;CHMP2B;CHMP4C;MVB12A;VPS4B,EC-PTC
prerank,Reactome_2022__APC/C:Cdh1 Mediated Degradation Of Cdc20 And APC/C:Cdh1 Targets In Late Mitosis/Early G1 R-HSA-174178,0.8715553612015954,1.250597900960068,0.003061224489795918,0.252971710878292,1.0,46/73,9.11%,UBB;RPS27A;PSMB6;PSMB3;PSME2;PSMB1;UBA52;PSMB5;PSMA4;PSME1;PSMA6;PSMB8;PSMB2;PSMB9;PSMA2;ANAPC16;ANAPC11;PSMA7;PSMD8;PSMC5;PSMC6;PSMD9;CDC26;PSMA3;PSMA5;PSMC4;PSMB7;PSMC3;PSMA1;PSMD2;PSMD13;PSMD7;UBC;ANAPC10;PSMB10;PSMD6;SEM1;PSMD14;PSMD3;CDC16;PSMC2;PSMD12;UBE2E1;ANAPC15;PSMD11;PSMD10,EC-PTC
prerank,Reactome_2022__Assembly Of Pre-Replicative Complex R-HSA-68867,0.8664239179774784,1.250354091929222,0.003061224489795918,0.25252445493866305,1.0,55/81,10.54%,UBB;RPS27A;PSMB6;PSMB3;PSME2;PSMB1;UBA52;PSMB5;PSMA4;PSME1;PSMA6;PSMB8;PSMB2;PSMB9;PSMA2;ANAPC16;ANAPC11;PSMA7;PSMD8;PSMC5;PSMC6;PSMD9;CDC26;PSMA3;PSMA5;PSMC4;PSMB7;PSMC3;PSMA1;PSMD2;KPNB1;MCM7;PSMD13;PSMD7;KPNA1;UBC;ANAPC10;PSMB10;PSMD6;SEM1;PSMD14;PSMD3;CDC16;PSMC2;PSMD12;UBE2E1;ANAPC15;PSMD11;PSMD10;MCM6;PSMC1;ORC4;UBE2S;UBE2D1;ANAPC7,EC-PTC
prerank,Reactome_2022__p75NTR Signals Via NF-kB R-HSA-193639,0.9103038069412043,1.250280104522742,0.04938271604938271,0.25097415808197393,1.0,10/16,7.79%,UBB;RPS27A;UBA52;SQSTM1;NFKBIA;IKBKB;RELA;UBC;IRAK1;NFKB1,EC-PTC
prerank,Reactome_2022__Switching Of Origins To A Post-Replicative State R-HSA-69052,0.8650759042069913,1.250197843608805,0.0010162601626016261,0.2496616601107867,1.0,55/90,10.54%,UBB;RPS27A;PSMB6;PSMB3;PSME2;PSMB1;UBA52;SKP1;PSMB5;PSMA4;PSME1;PSMA6;PSMB8;PSMB2;PSMB9;RBX1;PSMA2;ANAPC16;ANAPC11;PSMA7;PSMD8;PSMC5;PSMC6;PSMD9;CDC26;PSMA3;PSMA5;PSMC4;PSMB7;PSMC3;PSMA1;PSMD2;MCM7;PSMD13;PSMD7;UBC;ANAPC10;PSMB10;PSMD6;SEM1;PSMD14;PSMD3;CDC16;PSMC2;PSMD12;UBE2E1;ANAPC15;PSMD11;PSMD10;MCM6;PSMC1;ORC4;UBE2S;UBE2D1;ANAPC7,EC-PTC
prerank,Reactome_2022__Regulation Of RUNX2 Expression And Activity R-HSA-8939902,0.8696330706495201,1.2496845112851733,0.00510204081632653,0.2509012529119624,1.0,40/72,7.06%,UBB;RPS27A;PSMB6;PSMB3;PSME2;PSMB1;UBA52;SKP1;PSMB5;STAT1;PSMA4;PSME1;PSMA6;PSMB8;PSMB2;PSMB9;RBX1;PSMA2;PSMA7;PSMD8;PSMC5;PSMC6;PSMD9;PSMA3;PSMA5;PSMC4;PSMB7;PSMC3;PSMA1;STUB1;PSMD2;PSMD13;PSMD7;UBC;PSMB10;PSMD6;SEM1;PSMD14;PSMD3;PSMC2,EC-PTC
prerank,Reactome_2022__Oxygen-dependent Proline Hydroxylation Of Hypoxia-inducible Factor Alpha R-HSA-1234176,0.8706979497643813,1.248560779132405,0.009240246406570842,0.2562503511200765,1.0,42/64,6.52%,HIF1A;UBB;RPS27A;PSMB6;ELOB;PSMB3;PSME2;PSMB1;UBA52;PSMB5;PSMA4;PSME1;PSMA6;PSMB8;PSMB2;PSMB9;EGLN3;ELOC;RBX1;PSMA2;UBE2D2;PSMA7;PSMD8;UBE2D3;PSMC5;PSMC6;PSMD9;PSMA3;PSMA5;PSMC4;PSMB7;PSMC3;PSMA1;PSMD2;PSMD13;PSMD7;UBC;PSMB10;PSMD6;SEM1;PSMD14;PSMD3,EC-PTC
prerank,Reactome_2022__Cellular Response To Chemical Stress R-HSA-9711123,0.8505214897053156,1.248341389623878,0.001,0.2558107484213624,1.0,81/181,6.52%,COX7C;UBB;COX6C;COX5B;GSTP1;COX6A1;RPS27A;COX7B;COX6B1;PRDX5;COX4I1;PSMB6;PSMB3;PSME2;PRDX1;PSMB1;CYCS;SOD1;COX5A;COX14;UBA52;SKP1;PSMB5;PRDX2;PSMA4;PSME1;PSMA6;PSMB8;ATF4;PSMB2;PSMB9;COX8A;RBX1;ATOX1;PSMA2;SQSTM1;COX20;VCP;MAP1LC3B;SURF1;CSNK2B;PSMA7;PSMD8;PSMC5;PSMC6;P4HB;PRDX3;PSMD9;PSMA3;HM13;PSMA5;PSMC4;TALDO1;BLVRB;PSMB7;UFD1;PSMC3;PSMA1;COX7A2L;PSMD2;TXN2;PSMD13;PSMD7;MBD4;CREBBP;TXNRD1;ATP7A;UBC;PSMB10;COX16;TBL1XR1;PSMD6;SEM1;KEAP1;ABCC1;IDH1;PSMD14;TRIM21;GPX8;EP300;PSMD3,EC-PTC
prerank,Reactome_2022__RHO GTPases Activate CIT R-HSA-5625900,0.9069550812323443,1.2482814747231876,0.04939626783754116,0.254270711478276,1.0,8/19,4.16%,MYL6;RNASE1;MYL12B;RHOC;PPP1CB;RHOA;MYL9;RHOB,EC-PTC
prerank,Reactome_2022__IRAK2 Mediated Activation Of TAK1 Complex R-HSA-937042,0.934816643380133,1.2482580288141465,0.06763285024154589,0.25248642154365625,1.0,3/10,0.73%,UBB;RPS27A;UBA52,EC-PTC
prerank,Reactome_2022__Ephrin Signaling R-HSA-3928664,0.912733752011611,1.2481744274574436,0.037444933920704845,0.2512585803984157,1.0,3/18,0.08%,MYL12A;SDCBP;RNASE1,EC-PTC
prerank,Reactome_2022__Transport Of Nucleosides And Free Purine And Pyrimidine Bases Across Plasma Membrane R-HSA-83936,0.9292391194381547,1.2479284760452733,0.04906542056074766,0.2509885551756076,1.0,5/12,3.30%,SLC25A5;SLC25A6;SLC25A4;ARL2;ARL2BP,EC-PTC
prerank,Reactome_2022__Regulation Of mRNA Stability By Proteins That Bind AU-rich Elements R-HSA-450531,0.8616954111938447,1.2470339981819327,0.003054989816700611,0.25520869406030294,1.0,54/88,7.84%,UBB;RPS27A;PSMB6;PSMB3;PSME2;PSMB1;UBA52;HSPA1A;PSMB5;HSPB1;SET;PSMA4;PSME1;PSMA6;PSMB8;PSMB2;PSMB9;PSMA2;PSMA7;ZFP36;PSMD8;PSMC5;PSMC6;PSMD9;PSMA3;PSMA5;PSMC4;KHSRP;PSMB7;PSMC3;PSMA1;ZFP36L1;PSMD2;HSPA8;EXOSC6;PSMD13;PABPC1;PSMD7;MAPKAPK2;UBC;PSMB10;EXOSC8;YWHAB;XPO1;PSMD6;SEM1;ANP32A;PSMD14;PSMD3;PSMC2;PSMD12;ELAVL1;YWHAZ;TNFSF13,EC-PTC
prerank,Reactome_2022__Detoxification Of Reactive Oxygen Species R-HSA-3299685,0.8817663578384002,1.2455807206039877,0.028938906752411574,0.2625696380144991,1.0,13/33,6.30%,GSTP1;PRDX5;PRDX1;CYCS;SOD1;PRDX2;ATOX1;P4HB;PRDX3;TXN2;TXNRD1;ATP7A;GPX8,EC-PTC
prerank,Reactome_2022__Smooth Muscle Contraction R-HSA-445355,0.8819080878285093,1.2455357885229175,0.009433962264150943,0.2609443127926135,1.0,16/42,6.63%,MYL12A;MYL6;MYL12B;ANXA2;CALD1;MYL6B;TLN1;CALM1;TPM1;DYSF;ANXA1;MYL9;PKN1;ITGB5;ANXA6;TPM2,EC-PTC
prerank,Reactome_2022__VLDLR Internalisation And Degradation R-HSA-8866427,0.9146596476205131,1.2454771896240302,0.06436781609195402,0.2594808524324608,1.0,8/16,4.96%,UBB;RPS27A;CLTA;UBA52;AP2M1;AP2S1;CLTC;UBC,EC-PTC
prerank,Reactome_2022__Regulated Necrosis R-HSA-5218859,0.8706485338622386,1.2453035807053958,0.010319917440660475,0.25890852880357396,1.0,27/56,8.94%,SDCBP;UBB;RPS27A;CDC37;CYCS;UBA52;CHMP2A;TNFSF10;HSP90AA1;STUB1;IRF1;TANK;CHMP4B;IRF2;UBC;CHMP2B;BAX;BIRC2;CHMP4C;FLOT1;CASP4;HMGB1;GSDMD;FLOT2;CASP3;TP53;CASP1,EC-PTC
prerank,MSigDB_Hallmark_2020__Reactive Oxygen Species Pathway,0.8728965845014947,1.2442256272731185,0.012435233160621761,0.05381584825961577,0.141,30/49,9.50%,NDUFB4;GPX4;FTL;PRDX1;SOD1;PRDX6;NDUFA6;PRDX2;MBP;ATOX1;PRNP;LAMTOR5;JUNB;PRDX4;NDUFS2;GLRX;TXN;SELENOS;STK25;CAT;CDKN2D;TXNRD1;SOD2;ABCC1;FES;GLRX2;EGLN2;HHEX;GCLM;PFKP,EC-PTC
prerank,Reactome_2022__Regulation Of APC/C Activators Between G1/S And Early Anaphase R-HSA-176408,0.8635955728177072,1.2431674111019757,0.003048780487804878,0.27097219396345845,1.0,48/80,9.11%,UBB;RPS27A;PSMB6;PSMB3;PSME2;PSMB1;UBA52;SKP1;PSMB5;PSMA4;PSME1;PSMA6;PSMB8;PSMB2;PSMB9;PSMA2;ANAPC16;ANAPC11;BUB3;PSMA7;PSMD8;PSMC5;PSMC6;PSMD9;CDC26;PSMA3;PSMA5;PSMC4;PSMB7;PSMC3;PSMA1;PSMD2;PSMD13;PSMD7;UBC;ANAPC10;PSMB10;PSMD6;SEM1;PSMD14;PSMD3;CDC16;PSMC2;PSMD12;UBE2E1;ANAPC15;PSMD11;PSMD10,EC-PTC
prerank,Reactome_2022__Post-chaperonin Tubulin Folding Pathway R-HSA-389977,0.888567968766281,1.2426289807148154,0.036996735582154515,0.27269586539080704,1.0,9/23,6.84%,TUBB4B;TUBA1B;TBCA;ARL2;TUBB6;TUBB;TUBA1C;TBCB;TUBB2A,EC-PTC
prerank,Reactome_2022__DNA Replication Pre-Initiation R-HSA-69002,0.8589042246427738,1.2426223984065736,0.0010152284263959391,0.270857829938153,1.0,58/98,10.55%,UBB;RPS27A;PSMB6;PSMB3;PSME2;PSMB1;UBA52;PSMB5;PSMA4;PSME1;PSMA6;PSMB8;PSMB2;PSMB9;POLE4;PSMA2;ANAPC16;ANAPC11;PSMA7;PSMD8;PSMC5;PSMC6;PSMD9;CDC26;PSMA3;PSMA5;PSMC4;PSMB7;PSMC3;PSMA1;PSMD2;RPA3;KPNB1;MCM7;PSMD13;PSMD7;KPNA1;UBC;ANAPC10;PSMB10;PSMD6;SEM1;PSMD14;PSMD3;CDC16;PSMC2;PSMD12;UBE2E1;ANAPC15;PSMD11;PSMD10;MCM6;PSMC1;ORC4;UBE2S;UBE2D1;ANAPC7;POLE3,EC-PTC
prerank,Reactome_2022__P2Y Receptors R-HSA-417957,0.9234101810909835,1.242128188788137,0.06007067137809187,0.27235405970922355,1.0,1/11,1.75%,LPAR6,EC-PTC
prerank,Reactome_2022__Activation Of Phototransduction Cascade R-HSA-2485179,0.9304363192946578,1.2413806615366043,0.0713436385255648,0.27559585397150976,1.0,1/11,0.69%,RNF7,EC-PTC
prerank,Reactome_2022__Plasma Lipoprotein Clearance R-HSA-8964043,0.8797568603803109,1.2411086573855639,0.039403620873269436,0.275529470934586,1.0,10/35,4.96%,UBB;RPS27A;CLTA;UBA52;AP2M1;AP2S1;NPC2;CLTC;HDLBP;UBC,EC-PTC
prerank,Reactome_2022__Mitophagy R-HSA-5205647,0.8893008243736403,1.239865132511033,0.03444564047362755,0.2822461836270267,1.0,15/28,4.96%,UBB;RPS27A;UBA52;TOMM5;TOMM20;TOMM6;SQSTM1;PINK1;MAP1LC3B;CSNK2B;VDAC1;TOMM7;TOMM22;MAP1LC3A;UBC,EC-PTC
prerank,Reactome_2022__Synthesis Of DNA R-HSA-69239,0.8529393109524251,1.2395442492202744,0.002028397565922921,0.2823080369650022,1.0,61/119,10.55%,UBB;RPS27A;PSMB6;PSMB3;PSME2;PSMB1;UBA52;SKP1;PSMB5;PSMA4;PSME1;PSMA6;PSMB8;PSMB2;PSMB9;RBX1;POLE4;PSMA2;ANAPC16;ANAPC11;PSMA7;PSMD8;PSMC5;PSMC6;PSMD9;CDC26;PSMA3;PSMA5;PSMC4;PSMB7;PSMC3;PSMA1;PSMD2;RPA3;MCM7;PSMD13;PCNA;PSMD7;UBC;ANAPC10;PSMB10;PSMD6;SEM1;PSMD14;PSMD3;POLD4;CDC16;PSMC2;PSMD12;UBE2E1;ANAPC15;PSMD11;PSMD10;POLD2;MCM6;PSMC1;ORC4;UBE2S;UBE2D1;ANAPC7;POLE3,EC-PTC
prerank,Reactome_2022__FGFR1 Ligand Binding And Activation R-HSA-190242,-0.7207940943875977,-1.2395097525287746,0.24074074074074073,1.0,1.0,2/16,3.81%,FGFR1;KL,EC-PTC
prerank,Reactome_2022__G2/M Checkpoints R-HSA-69481,0.8456715885621362,1.2393761460840174,0.002014098690835851,0.28159818595697267,1.0,59/130,10.01%,UBB;RPS27A;PSMB6;PSMB3;PSME2;PSMB1;UBA52;PSMB5;PSMA4;PSME1;PSMA6;PSMB8;PSMB2;PSMB9;PSMA2;YWHAQ;PSMA7;PSMD8;PSMC5;PSMC6;YWHAE;PSMD9;PSMA3;PSMA5;PSMC4;PSMB7;REXO2;PSMC3;PSMA1;PSMD2;RPA3;MCM7;UBE2N;PSMD13;PSMD7;UBC;PSMB10;YWHAB;PSMD6;SEM1;PSMD14;PSMD3;YWHAH;PSMC2;UBE2V2;PSMD12;KAT5;YWHAZ;BABAM1;RAD17;PSMD11;TP53;PSMD10;ATM;RBBP8;ABRAXAS1;MCM6;PSMC1;ORC4,EC-PTC
prerank,Reactome_2022__Cellular Response To Hypoxia R-HSA-1234174,0.8632333862345414,1.2392124558042488,0.0030864197530864196,0.2808299039890052,1.0,45/73,6.52%,HIF1A;UBB;RPS27A;PSMB6;ELOB;PSMB3;PSME2;PSMB1;UBA52;PSMB5;PSMA4;PSME1;PSMA6;PSMB8;PSMB2;PSMB9;EGLN3;ELOC;RBX1;PSMA2;UBE2D2;PSMA7;PSMD8;UBE2D3;PSMC5;PSMC6;PSMD9;PSMA3;PSMA5;PSMC4;PSMB7;PSMC3;PSMA1;PSMD2;PSMD13;PSMD7;HIGD1A;CREBBP;UBC;PSMB10;PSMD6;SEM1;PSMD14;EP300;PSMD3,EC-PTC
prerank,"Reactome_2022__TICAM1,TRAF6-dependent Induction Of TAK1 Complex R-HSA-9014325",0.9222141978701015,1.2387298238562994,0.08732057416267942,0.28192992203875444,1.0,3/11,0.73%,UBB;RPS27A;UBA52,EC-PTC
prerank,Reactome_2022__Host Interactions Of HIV Factors R-HSA-162909,0.8513630798225766,1.2384940285195298,0.0010121457489878543,0.28166445673644386,1.0,64/130,7.81%,RNASE1;UBB;RPS27A;PPIA;PSMB6;ELOB;PSMB3;PSME2;PSMB1;SLC25A5;UBA52;NPM1;RAN;SKP1;SLC25A6;PSMB5;AP2M1;PSMA4;PSME1;PSMA6;PSMB8;PSMB2;PSMB9;ELOC;RBX1;PSMA2;AP2S1;SLC25A4;PSMA7;PSMD8;B2M;RANBP1;PSMC5;PSMC6;PSMD9;PSMA3;PSMA5;PSMC4;PSMB7;PSMC3;PSMA1;AP1S2;PSMD2;KPNB1;POM121C;PSMD13;AP1S1;PSMD7;KPNA1;UBC;PSMB10;BANF1;NUP54;XPO1;PSMD6;SEM1;PSMD14;PSMD3;PSIP1;PSMC2;SEC13;NUP188;PSMD12;AAAS,EC-PTC
prerank,Reactome_2022__DNA Replication R-HSA-69306,0.8509370665715734,1.2383710493357214,0.0010131712259371835,0.2807511146142863,1.0,63/126,10.55%,UBB;RPS27A;PSMB6;PSMB3;PSME2;PSMB1;UBA52;SKP1;PSMB5;PSMA4;PSME1;PSMA6;PSMB8;PSMB2;PSMB9;RBX1;POLE4;PSMA2;ANAPC16;ANAPC11;PSMA7;PSMD8;PSMC5;PSMC6;PSMD9;CDC26;PSMA3;PSMA5;PSMC4;PSMB7;PSMC3;PSMA1;PSMD2;RPA3;KPNB1;MCM7;PSMD13;PCNA;PSMD7;KPNA1;UBC;ANAPC10;PSMB10;PSMD6;SEM1;PSMD14;PSMD3;POLD4;CDC16;PSMC2;PSMD12;UBE2E1;ANAPC15;PSMD11;PSMD10;POLD2;MCM6;PSMC1;ORC4;UBE2S;UBE2D1;ANAPC7;POLE3,EC-PTC
prerank,Reactome_2022__Assembly Of HIV Virion R-HSA-175474,0.9051799569220685,1.2371904847230568,0.06455266138165346,0.28648583711308817,1.0,9/17,5.62%,UBB;RPS27A;PPIA;UBA52;FURIN;VPS28;TSG101;UBC;MVB12A,EC-PTC
prerank,Reactome_2022__IL-6-type Cytokine Receptor Ligand Interactions R-HSA-6788467,-0.6904305283222848,-1.2371578099593008,0.2413793103448276,1.0,1.0,4/17,3.51%,IL6ST;LIFR;JAK1;JAK2,EC-PTC
prerank,Reactome_2022__APC/C-mediated Degradation Of Cell Cycle Proteins R-HSA-174143,0.8591240583590801,1.2367525590260182,0.003054989816700611,0.2875611718471233,1.0,48/87,9.11%,UBB;RPS27A;PSMB6;PSMB3;PSME2;PSMB1;UBA52;SKP1;PSMB5;PSMA4;PSME1;PSMA6;PSMB8;PSMB2;PSMB9;PSMA2;ANAPC16;ANAPC11;BUB3;PSMA7;PSMD8;PSMC5;PSMC6;PSMD9;CDC26;PSMA3;PSMA5;PSMC4;PSMB7;PSMC3;PSMA1;PSMD2;PSMD13;PSMD7;UBC;ANAPC10;PSMB10;PSMD6;SEM1;PSMD14;PSMD3;CDC16;PSMC2;PSMD12;UBE2E1;ANAPC15;PSMD11;PSMD10,EC-PTC
prerank,Reactome_2022__Myogenesis R-HSA-525793,-0.6970553378623205,-1.2357144414583747,0.23809523809523808,1.0,1.0,7/29,2.06%,MEF2A;CTNNB1;TCF12;CTNNA1;TCF7L1;MEF2C;TCF7L2,EC-PTC
prerank,Reactome_2022__SARS-CoV-2-host Interactions R-HSA-9705683,0.8420411424230617,1.2356496874162803,0.001,0.2932193198049474,1.0,61/193,5.65%,RPS12;RPS13;RPS15A;RPS15;RPS9;RPS25;RPS23;FAU;RPS8;RPS27A;RPS10;RPS3;RPS4X;RPSA;RPS14;RPS6;RPS27;RPS3A;SNRPG;RPS7;RPS19;RPS16;RPS2;RPS4Y1;RPS29;RPS5;RPS28;RPS21;STAT1;RPS24;ISG15;SNRPD2;SNRPE;RPS11;TUFM;SNRPB;MAP1LC3B;YWHAQ;CNBP;CAV1;B2M;HSP90AA1;YWHAE;SNRPD3;LARP1;IFNAR1;RPS27L;REXO2;IKBKB;HLA-C;SNRPF;RPS17;UBE2N;POM121C;CREBBP;UBE2V1;STAT2;SIKE1;YWHAB;NUP54;SAR1B,EC-PTC
prerank,Reactome_2022__Iron Uptake And Transport R-HSA-917937,0.8624662630401397,1.2356320279803756,0.014477766287487074,0.29152418432335175,1.0,21/59,6.49%,FTH1;UBB;RPS27A;ATP6V1G1;FTL;ATP6V0B;NEDD8;ATP6V0E1;ATP6V0C;UBA52;SKP1;SLC40A1;ATP6V0D1;ATP6V1F;ATP6AP1;ATP6V1A;UBC;ATP6V1C1;FBXL5;SLC11A2;GLRX3,EC-PTC
prerank,"Reactome_2022__WNT5A-dependent Internalization Of FZD2, FZD5 And ROR2 R-HSA-5140745",0.9199475775645706,1.2354231294704,0.0743321718931475,0.2912022715756449,1.0,5/11,5.68%,CLTA;AP2M1;AP2S1;CLTC;CLTB,EC-PTC
prerank,Reactome_2022__Prefoldin Mediated Transfer Of Substrate To CCT/TriC R-HSA-389957,0.8837152959221232,1.2353508586165776,0.03747323340471092,0.2899694057356693,1.0,17/28,8.23%,PFDN5;TUBB4B;TUBB6;CCT5;PFDN2;CCT3;TUBB;PFDN1;PFDN4;VBP1;TCP1;CCT8;TUBA1C;CCT6A;CCT7;TUBB2A;CCT4,EC-PTC
prerank,Reactome_2022__Negative Regulation Of FGFR3 Signaling R-HSA-5654732,0.8803215795109542,1.235001339083719,0.03801478352692714,0.29052585738231507,1.0,8/29,5.18%,UBB;RPS27A;UBA52;PPP2CB;SPRY2;PPP2R1A;UBC;PPP2CA,EC-PTC
prerank,Reactome_2022__Interleukin-1 Signaling R-HSA-9020702,0.850288179798961,1.2345519320828466,0.003048780487804878,0.2917643351829907,1.0,59/114,9.35%,UBB;RPS27A;PSMB6;PSMB3;PSME2;PSMB1;UBA52;SKP1;PSMB5;PSMA4;PSME1;PSMA6;PSMB8;PSMB2;PSMB9;RBX1;PSMA2;SQSTM1;PSMA7;PSMD8;NFKBIA;PSMC5;PSMC6;PSMD9;PSMA3;PSMA5;PSMC4;PSMB7;IKBKB;PSMC3;PSMA1;TANK;PSMD2;UBE2N;PSMD13;RELA;PSMD7;NKIRAS2;UBE2V1;UBC;PSMB10;PSMD6;SEM1;HMGB1;PSMD14;PSMD3;MAP3K3;MAP2K1;PSMC2;TOLLIP;IRAK1;PSMD12;NFKB1;USP14;IKBKG;PSMD11;TP53;PSMD10;IRAK4,EC-PTC
prerank,"Reactome_2022__TICAM1, RIP1-mediated IKK Complex Recruitment R-HSA-168927",0.8999887234562176,1.2337494246231122,0.05875706214689266,0.2954436683149438,1.0,10/19,5.45%,UBB;RPS27A;UBA52;UBE2D2;UBE2D3;IKBKB;UBE2N;UBE2V1;UBC;BIRC2,EC-PTC
prerank,Reactome_2022__Formation Of Tubulin Folding Intermediates By CCT/TriC R-HSA-389960,0.8854946506483062,1.2332264080132438,0.04112554112554113,0.29749264176447227,1.0,13/26,8.23%,TUBB4B;TUBA1B;TUBB6;CCT5;CCT3;TUBB;TCP1;CCT8;TUBA1C;CCT6A;CCT7;TUBB2A;CCT4,EC-PTC
prerank,Reactome_2022__Interleukin-12 Signaling R-HSA-9020591,0.8670237523588984,1.2331090610317297,0.019067796610169493,0.29643897750279946,1.0,17/44,6.39%,ANXA2;PPIA;PSME2;AURKAIP1;SOD1;RPLP0;HNRNPF;P4HB;TALDO1;GSTO1;HSPA9;CDC42;TCP1;MSN;HNRNPDL;PDCD4;SNRPA1,EC-PTC
prerank,Reactome_2022__CLEC7A (Dectin-1) Signaling R-HSA-5607764,0.8507832526547687,1.2328334706215776,0.004056795131845842,0.29645272631938147,1.0,54/99,9.33%,UBB;RPS27A;PSMB6;PSMB3;PSME2;PSMB1;UBA52;SKP1;PSMB5;PSMA4;PSME1;PSMA6;PSMB8;PSMB2;PSMB9;PSMA2;UBE2D2;CALM1;PSMA7;UBE2M;PSMD8;NFKBIA;PSMC5;PSMC6;PSMD9;PSMA3;PSMA5;PSMC4;PSMB7;IKBKB;PSMC3;PSMA1;PSMD2;UBE2N;PSMD13;RELA;PSMD7;UBE2V1;UBC;PSMB10;PSMD6;SEM1;PSMD14;PSMD3;PSMC2;PSMD12;NFKB1;BCL10;IKBKG;PSMD11;MALT1;UBA3;PSMD10;AHCYL1,EC-PTC
prerank,Reactome_2022__Activation Of IRF3/IRF7 Mediated By TBK1/IKK Epsilon R-HSA-936964,0.9044276202065835,1.2324839775768297,0.06599552572706935,0.29713466364052876,1.0,8/16,4.96%,UBB;RPS27A;UBA52;TLR4;NDUFA2;TANK;LY96;UBC,EC-PTC
prerank,Reactome_2022__Negative Regulation Of FGFR4 Signaling R-HSA-5654733,0.8777070891392125,1.2315688452036102,0.043248945147679324,0.3014291919451019,1.0,8/31,5.18%,UBB;RPS27A;UBA52;PPP2CB;SPRY2;PPP2R1A;UBC;PPP2CA,EC-PTC
prerank,Reactome_2022__Ion Channel Transport R-HSA-983712,0.8393674280584043,1.2315063821065781,0.0010050251256281408,0.300068127368372,1.0,41/174,9.32%,ATP1B1;FXYD2;UBB;RPS27A;ATP1B3;ATP6V1G1;ATP6V0B;ATP6V0E1;ATP6V0C;UBA52;SRI;STOM;CALM1;ATP11C;ATP6V0D1;ATP6V1F;ATP6AP1;ATP6V1A;ASPH;CLCN7;ATP7A;UBC;ATP6V1C1;ATP2C1;FXYD4;ATP10D;CLCN5;ATP13A2;CLCNKA;ATP2A2;OSTM1;TCIRG1;ATP6V1E1;SGK1;ANO10;CLCNKB;ATP13A1;ATP6V0E2;ATP2B1;WNK1;MCOLN1,EC-PTC
prerank,Reactome_2022__C-type Lectin Receptors (CLRs) R-HSA-5621481,0.8450083868444919,1.2314100801008674,0.001004016064257028,0.2990784034695399,1.0,62/139,9.33%,UBB;RPS27A;PSMB6;PSMB3;PSME2;PSMB1;UBA52;SKP1;PSMB5;PSMA4;PSME1;PSMA6;PSMB8;PSMB2;PSMB9;PSMA2;UBE2D2;ICAM2;CALM1;PSMA7;UBE2M;PSMD8;NFKBIA;PSMC5;PSMC6;PSMD9;PSMA3;PSMA5;PSMC4;PSMB7;IKBKB;PSMC3;PSMA1;PSMD2;UBE2N;PSMD13;RELA;PSMD7;CREBBP;UBE2V1;UBC;PSMB10;PKN1;PSMD6;SEM1;PSMD14;EP300;PSMD3;MUC15;PSMC2;PSMD12;MUC1;NFKB1;NRAS;HRAS;BCL10;IKBKG;PSMD11;MALT1;UBA3;PSMD10;AHCYL1,EC-PTC
prerank,Reactome_2022__Ion Transport By P-type ATPases R-HSA-936837,0.8679852727790993,1.2311521332785105,0.013541666666666667,0.29910635248329426,1.0,11/52,6.51%,ATP1B1;FXYD2;ATP1B3;SRI;CALM1;ATP11C;ATP7A;ATP2C1;FXYD4;ATP10D;ATP13A2,EC-PTC
prerank,Reactome_2022__TNF Receptor Superfamily (TNFSF) Members Mediating Non-Canonical NF-kB Pathway R-HSA-5676594,0.8946484122753664,1.2307586223940103,0.06040268456375839,0.29991996650631964,1.0,6/17,7.54%,TNFSF12;TANK;BIRC2;TNFRSF12A;LTBR;CD40,EC-PTC
prerank,Reactome_2022__Negative Regulation Of FGFR2 Signaling R-HSA-5654727,0.8747039319512152,1.230621968444152,0.028421052631578948,0.29905472253177756,1.0,8/34,5.18%,UBB;RPS27A;UBA52;PPP2CB;SPRY2;PPP2R1A;UBC;PPP2CA,EC-PTC
prerank,Reactome_2022__KEAP1-NFE2L2 Pathway R-HSA-9755511,0.8477884158156168,1.2305434037664604,0.001,0.2979109332378563,1.0,55/100,7.72%,UBB;RPS27A;PSMB6;PSMB3;PSME2;PRDX1;PSMB1;UBA52;SKP1;PSMB5;PSMA4;PSME1;PSMA6;PSMB8;ATF4;PSMB2;PSMB9;RBX1;PSMA2;SQSTM1;VCP;MAP1LC3B;CSNK2B;PSMA7;PSMD8;PSMC5;PSMC6;PSMD9;PSMA3;PSMA5;PSMC4;TALDO1;PSMB7;UFD1;PSMC3;PSMA1;PSMD2;PSMD13;PSMD7;CREBBP;TXNRD1;UBC;PSMB10;PSMD6;SEM1;KEAP1;IDH1;PSMD14;TRIM21;EP300;PSMD3;PSMC2;NOTCH1;PSMD12;UBL4A,EC-PTC
prerank,Reactome_2022__Cytoprotection By HMOX1 R-HSA-9707564,0.8554843256299611,1.2290264462370457,0.017708333333333333,0.30683552519610086,1.0,21/57,5.99%,COX7C;COX6C;COX5B;COX6A1;COX7B;COX6B1;COX4I1;CYCS;COX5A;COX14;COX8A;COX20;SURF1;HM13;BLVRB;COX7A2L;MBD4;CREBBP;COX16;TBL1XR1;ABCC1,EC-PTC
prerank,Reactome_2022__Signaling By NOTCH4 R-HSA-9013694,0.8536016346786501,1.228908275630508,0.0071794871794871795,0.3059749748780398,1.0,52/80,9.11%,UBB;RPS27A;PSMB6;PSMB3;PSME2;PSMB1;UBA52;SKP1;PSMB5;PSMA4;PSME1;PSMA6;PSMB8;PSMB2;PSMB9;RBX1;PSMA2;PSMA7;PSMD8;PSMC5;PSMC6;PSMD9;PSMA3;PSMA5;PSMC4;PSMB7;PSMC3;PSMA1;SNW1;PSMD2;KAT2B;PSMD13;PSMD7;CREBBP;UBC;PSMB10;PSENEN;PSMD6;SEM1;PSMD14;EP300;PSMD3;APH1B;PSMC2;NOTCH1;PSMD12;YWHAZ;APH1A;PSEN2;PSMD11;JAG1;PSMD10,EC-PTC
prerank,Reactome_2022__Carboxyterminal Post-Translational Modifications Of Tubulin R-HSA-8955332,0.8704157101722428,1.2286891534457491,0.026260504201680673,0.30562179247461396,1.0,11/39,7.45%,TUBB4B;TUBA1B;TUBB6;TUBB;SVBP;TUBA1C;AGTPBP1;VASH1;TPGS1;TUBB2A;TPGS2,EC-PTC
prerank,Reactome_2022__Hedgehog Off State R-HSA-5610787,0.8479256224556978,1.2285262487183215,0.005076142131979695,0.3048927351689041,1.0,42/98,7.06%,UBB;RPS27A;PSMB6;PSMB3;PSME2;GNAS;PSMB1;UBA52;SKP1;PSMB5;PSMA4;PSME1;PSMA6;PSMB8;PSMB2;PSMB9;RBX1;PSMA2;PSMA7;PSMD8;PSMC5;PSMC6;PSMD9;PSMA3;PSMA5;PRKAR1A;PSMC4;PSMB7;PSMC3;PSMA1;PSMD2;PSMD13;PSMD7;UBC;PSMB10;PSMD6;SEM1;PRKAR2B;PSMD14;PSMD3;IFT57;PSMC2,EC-PTC
prerank,Reactome_2022__Ion Homeostasis R-HSA-5578775,0.8635265859574632,1.227930272944285,0.02066115702479339,0.30728503245108063,1.0,9/49,5.90%,ATP1B1;FXYD2;ATP1B3;SRI;CALM1;ORAI1;ASPH;FXYD4;ORAI2,EC-PTC
prerank,Reactome_2022__Pyroptosis R-HSA-5620971,0.8767451174606373,1.2273415803817285,0.07081545064377683,0.30967366060953505,1.0,15/25,9.86%,CYCS;CHMP2A;IRF1;CHMP4B;IRF2;CHMP2B;BAX;CHMP4C;CASP4;HMGB1;GSDMD;CASP3;TP53;CASP1;CHMP6,EC-PTC
prerank,Reactome_2022__TP53 Regulates Metabolic Genes R-HSA-5628897,0.8473697711207927,1.2270440337140727,0.010214504596527068,0.3099757985215836,1.0,34/81,5.57%,COX7C;COX6C;COX5B;COX6A1;SESN3;COX7B;COX6B1;PRDX5;COX4I1;PRDX1;CYCS;COX5A;COX14;PRDX2;RRAGA;COX8A;COX20;LAMTOR1;SURF1;YWHAQ;LAMTOR5;LAMTOR4;LAMTOR2;YWHAE;REXO2;RHEB;COX7A2L;TXN2;DDIT4;PRKAA1;TXNRD1;PRKAB1;YWHAB;COX16,EC-PTC
prerank,Reactome_2022__p75NTR Recruits Signaling Complexes R-HSA-209543,0.9146278341537275,1.2264882618435065,0.06752037252619325,0.31206468034752505,1.0,6/13,4.96%,UBB;RPS27A;UBA52;SQSTM1;IKBKB;UBC,EC-PTC
prerank,Reactome_2022__Alpha-protein Kinase 1 Signaling Pathway R-HSA-9645460,0.91602274490691,1.2264328217430924,0.09408926417370325,0.31076616891237,1.0,3/11,0.73%,UBB;RPS27A;UBA52,EC-PTC
prerank,Reactome_2022__RHO GTPases Activate PKNs R-HSA-5625740,0.8730650348347079,1.2261578139666929,0.03171247357293869,0.3108292047998881,1.0,17/33,7.87%,MYL6;RNASE1;MYL12B;RHOC;PPP1CB;YWHAQ;YWHAE;REXO2;RHOA;MYL9;RHOB;PKN1;YWHAB;YWHAH;PPP1R14A;YWHAZ;MYH10,EC-PTC
prerank,Reactome_2022__Prostacyclin Signaling Thru Prostacyclin Receptor R-HSA-392851,0.8865283393418336,1.224973111880263,0.07095343680709534,0.31695598367767425,1.0,7/19,8.30%,GNG11;GNG5;GNAS;GNG10;GNG12;GNB2;GNG2,EC-PTC
prerank,Reactome_2022__Beta-catenin Independent WNT Signaling R-HSA-3858494,0.8392125657290561,1.2249252738786869,0.001,0.31561358660308975,1.0,60/142,8.30%,RNASE1;UBB;PFN1;RPS27A;GNG11;CLTA;PSMB6;PSMB3;PSME2;GNG5;PSMB1;UBA52;PSMB5;AP2M1;PSMA4;PSME1;PSMA6;PSMB8;PSMB2;PSMB9;PSMA2;AP2S1;CALM1;PSMA7;PSMD8;PSMC5;PSMC6;PSMD9;PSMA3;PSMA5;PSMC4;GNG10;PSMB7;PSMC3;PSMA1;FZD6;RHOA;NCOA3;PSMD2;PSMD13;PSMD7;GNG12;CLTC;UBC;PSMB10;DVL3;DAAM1;CLTB;RYK;PSMD6;SEM1;FZD8;PSMD14;PSMD3;PSMC2;GNB2;PSMD12;FZD1;NRAS;GNG2,EC-PTC
prerank,Reactome_2022__Recognition Of DNA Damage By PCNA-containing Replication Complex R-HSA-110314,0.8634594421565889,1.2242666827390607,0.06896551724137931,0.3183730773235852,1.0,11/30,6.58%,UBB;RPS27A;UBA52;RBX1;POLE4;RPA3;PCNA;DDB1;UBC;UBE2B;POLD4,EC-PTC
prerank,Reactome_2022__Regulation Of BACH1 Activity R-HSA-9708530,0.9125620774744013,1.2241650044773458,0.09058402860548272,0.3174189138785753,1.0,5/11,1.47%,UBB;RPS27A;UBA52;SKP1;RBX1,EC-PTC
prerank,Reactome_2022__Protein Localization R-HSA-9609507,0.8345925669433464,1.2239021148072284,0.001,0.3175157584287292,1.0,97/163,13.16%,UBB;RPS27A;CHCHD2;SEC61B;CCNI;COX17;FIS1;UBA52;SLC25A6;CYB5A;NDUFB8;TOMM5;TOMM20;CHCHD10;ATP5MC1;TOMM6;UBE2D2;SLC25A4;PRNP;VDAC1;ATP5F1B;ATP5F1A;TIMM13;VAMP2;UBE2D3;TOMM7;TIMM8B;CMC2;SERP1;TOMM22;BAG6;ECH1;VAPA;SEC61G;HSPD1;COA6;PEX2;GET3;TIMM17B;ACAA1;ATAD1;DNAJC19;COA4;ZFAND6;HSPA9;TIMM10;ACO2;UBC;CHCHD5;GSTK1;MTX2;SGTA;GRPEL1;TIMM22;IDH3G;ACBD5;GET1;MTX1;IDH1;PMPCA;CAMLG;TIMM9;ECI2;PMPCB;UBL4A;ACOT2;TIMM17A;PEX16;ALDH3A2;DHRS4;TOMM70;TIMM44;HSD17B4;PEX19;HSCB;CHCHD3;CS;UBE2D1;EMD;TIMM50;NUDT19;AMACR;CMC4;PXMP2;STX5;UBE2J2;SAMM50;TIMM10B;GRPEL2;PEX13;ACOX1;IDE;CHCHD7;CHCHD4;PEX10;EPHX2;PEX26,EC-PTC
prerank,Reactome_2022__Sema4D In Semaphorin Signaling R-HSA-400685,0.8825308390785065,1.22386687058272,0.050493962678375415,0.3161284306904938,1.0,10/24,4.16%,MYL6;RNASE1;MYL12B;RHOC;RNMT;ROCK2;RRAS;RHOA;MYL9;RHOB,EC-PTC
prerank,Reactome_2022__Cyclin E Associated Events During G1/S Transition R-HSA-69202,0.8474980008693788,1.22318831413641,0.008146639511201629,0.31921404583860535,1.0,42/82,7.06%,UBB;RPS27A;PSMB6;PSMB3;PSME2;PSMB1;UBA52;SKP1;PSMB5;PSMA4;PSME1;PSMA6;PSMB8;PSMB2;PSMB9;PSMA2;PSMA7;PSMD8;PSMC5;PSMC6;PSMD9;PSMA3;E2F4;PSMA5;PSMC4;PSMB7;PSMC3;PSMA1;CDK4;PSMD2;CABLES1;PSMD13;PSMD7;UBC;PSMB10;RBBP4;PSMD6;SEM1;CKS1B;PSMD14;PSMD3;PSMC2,EC-PTC
prerank,Reactome_2022__Mitochondrial Protein Import R-HSA-1268020,0.8515312967078302,1.2231519762086864,0.017653167185877467,0.3177682461757826,1.0,49/64,12.82%,CHCHD2;CCNI;COX17;SLC25A6;NDUFB8;TOMM5;TOMM20;CHCHD10;ATP5MC1;TOMM6;SLC25A4;VDAC1;ATP5F1B;ATP5F1A;TIMM13;TOMM7;TIMM8B;CMC2;TOMM22;HSPD1;COA6;TIMM17B;DNAJC19;COA4;HSPA9;TIMM10;ACO2;CHCHD5;MTX2;GRPEL1;TIMM22;IDH3G;MTX1;PMPCA;TIMM9;PMPCB;TIMM17A;TOMM70;TIMM44;HSCB;CHCHD3;CS;TIMM50;CMC4;SAMM50;TIMM10B;GRPEL2;CHCHD7;CHCHD4,EC-PTC
prerank,Reactome_2022__Fc Epsilon Receptor (FCERI) Signaling R-HSA-2454202,0.8421606361034835,1.2230366408249487,0.0030303030303030303,0.31700108928826093,1.0,62/129,9.33%,RNASE1;UBB;RPS27A;PSMB6;PSMB3;PSME2;PSMB1;UBA52;SKP1;PSMB5;PSMA4;PSME1;JUN;PSMA6;PSMB8;PSMB2;PSMB9;PSMA2;UBE2D2;CALM1;PSMA7;PSMD8;NFKBIA;PSMC5;PSMC6;PSMD9;FOS;PSMA3;PSMA5;PSMC4;PSMB7;IKBKB;PSMC3;PSMA1;PSMD2;UBE2N;PSMD13;RELA;PSMD7;UBE2V1;UBC;PSMB10;PKN1;PSMD6;SHC1;SEM1;PSMD14;PSMD3;PSMC2;PSMD12;NFKB1;MAP3K1;NRAS;SPNS1;HRAS;BCL10;IKBKG;PSMD11;MALT1;PSMD10;PLCG1;AHCYL1,EC-PTC
prerank,Reactome_2022__Ub-specific Processing Proteases R-HSA-5689880,0.8326819267251078,1.2224621875937862,0.0010030090270812437,0.3192529229935207,1.0,71/175,9.11%,HIF1A;UBB;RPS27A;PSMB6;PSMB3;PSME2;SNX3;PSMB1;UBA52;VDAC2;PSMB5;PSMA4;PSME1;PSMA6;TOMM20;PSMB8;PSMB2;PSMB9;PSMA2;SMAD1;USP22;PSMA7;VDAC1;PSMD8;NFKBIA;PSMC5;PSMC6;PSMD9;ADRM1;PSMA3;FKBP8;PSMA5;PSMC4;PSMB7;UFD1;PSMC3;TADA3;PSMA1;TANK;TAF10;PSMD2;PSMD13;PSMD7;UBC;MAT2B;PSMB10;USP11;BIRC2;USP7;PSMD6;SEM1;KEAP1;PSMD14;USP37;PSMD3;PTEN;PSMC2;HGS;CYLD;PSMD12;USP12;TNKS2;USP5;USP14;OTUB1;IKBKG;PSMD11;PTRH2;TP53;TOMM70;PSMD10,EC-PTC
prerank,Reactome_2022__Sealing Of Nuclear Envelope (NE) By ESCRT-III R-HSA-9668328,0.8764700888270025,1.2224556540909042,0.04689203925845147,0.3176766387329753,1.0,11/29,6.84%,TUBB4B;TUBA1B;CHMP2A;TUBB6;TUBB;IST1;CHMP4B;TUBA1C;CHMP2B;CHMP4C;TUBB2A,EC-PTC
prerank,Reactome_2022__RHO GTPases Activate PAKs R-HSA-5627123,0.8861567570978125,1.222342845878467,0.07860262008733625,0.3167543001842362,1.0,10/21,5.12%,MYL6;RNASE1;MYL12B;PPP1CB;CALM1;MYL9;FLNA;CDC42;CTTN;PKN1,EC-PTC
prerank,Reactome_2022__Signaling By B Cell Receptor (BCR) R-HSA-983705,0.8447985663949388,1.2208095568959676,0.00508646998982706,0.32557539941412406,1.0,57/108,9.33%,UBB;RPS27A;PPIA;PSMB6;PSMB3;PSME2;PSMB1;UBA52;SKP1;PSMB5;FKBP1A;PSMA4;PSME1;PSMA6;PSMB8;PSMB2;PSMB9;RASGRP3;PSMA2;CALM1;PSMA7;PSMD8;NFKBIA;PSMC5;PSMC6;PSMD9;PSMA3;PSMA5;PSMC4;PSMB7;IKBKB;PSMC3;PSMA1;ORAI1;PSMD2;PSMD13;RELA;PSMD7;UBC;PSMB10;PSMD6;ORAI2;SEM1;PSMD14;PSMD3;PSMC2;REL;PSMD12;NFKB1;NRAS;HRAS;BCL10;IKBKG;PSMD11;MALT1;PSMD10;AHCYL1,EC-PTC
prerank,Reactome_2022__TICAM1-dependent Activation Of IRF3/IRF7 R-HSA-9013973,0.9077040368472074,1.2206148741115967,0.1018957345971564,0.3250522867056226,1.0,5/12,4.96%,UBB;RPS27A;UBA52;TANK;UBC,EC-PTC
prerank,Reactome_2022__ROS And RNS Production In Phagocytes R-HSA-1222556,0.865339952281272,1.220362452576446,0.04042553191489362,0.32519368243150987,1.0,13/36,9.00%,ATP6V1G1;ATP6V0B;ATP6V0E1;ATP6V0C;ATP6V0D1;ATP6V1F;ATP6V1A;ATP6V1C1;TCIRG1;ATP6V1E1;CYBA;ATP6V0E2;HVCN1,EC-PTC
prerank,Reactome_2022__Calnexin/calreticulin Cycle R-HSA-901042,0.8783752498503272,1.2201943958808195,0.07306434023991276,0.32478017349541066,1.0,15/25,6.04%,UBB;RPS27A;UBA52;PDIA3;CALR;DERL2;GANAB;RNF5;AMFR;CANX;UBC;SYVN1;PRKCSH;RNF139;OS9,EC-PTC
prerank,Reactome_2022__Cyclin A:Cdk2-associated Events At S Phase Entry R-HSA-69656,0.8444336037678069,1.2201720992515863,0.008138351983723296,0.3233355383066472,1.0,42/84,7.06%,UBB;RPS27A;PSMB6;PSMB3;PSME2;PSMB1;UBA52;SKP1;PSMB5;PSMA4;PSME1;PSMA6;PSMB8;PSMB2;PSMB9;PSMA2;PSMA7;PSMD8;PSMC5;PSMC6;PSMD9;PSMA3;E2F4;PSMA5;PSMC4;PSMB7;PSMC3;PSMA1;CDK4;PSMD2;CABLES1;PSMD13;PSMD7;UBC;PSMB10;RBBP4;PSMD6;SEM1;CKS1B;PSMD14;PSMD3;PSMC2,EC-PTC
prerank,Reactome_2022__Amyloid Fiber Formation R-HSA-977225,0.8462503480285143,1.2195345907909287,0.038223140495867766,0.3260611405541779,1.0,16/52,6.60%,UBB;RPS27A;CST3;UBA52;GSN;FURIN;SNCA;MFGE8;B2M;SNCAIP;UBE2L6;ITM2B;TSPAN15;UBC;PSENEN;APH1B,EC-PTC
prerank,Reactome_2022__G Beta:Gamma Signaling Thru CDC42 R-HSA-8964616,0.8763276033463847,1.2195011072034978,0.09309967141292443,0.3246546868755847,1.0,8/20,8.30%,GNG11;GNG5;GNG10;CDC42;GNG12;PKN1;GNB2;GNG2,EC-PTC
prerank,Reactome_2022__ALK Mutants Bind TKIs R-HSA-9700645,0.9015504657043726,1.2194484796588168,0.09518213866039953,0.3234227540395396,1.0,4/12,4.57%,FN1;NPM1;PRKAR1A;CLTC,EC-PTC
prerank,Reactome_2022__N-glycan Trimming In ER And Calnexin/Calreticulin Cycle R-HSA-532668,0.8667152547853086,1.218925563768942,0.055378061767838126,0.3251731300215204,1.0,24/34,9.99%,UBB;RPS27A;UBA52;VCP;UBXN1;PDIA3;CALR;DERL2;GANAB;RNF5;AMFR;CANX;UBC;DERL1;SYVN1;PRKCSH;RNF139;OS9;RAD23B;MLEC;SEL1L;EDEM3;MOGS;PSMC1,EC-PTC
prerank,Reactome_2022__Nitric Oxide Stimulates Guanylate Cyclase R-HSA-392154,-0.6846643126211571,-1.218658931717722,0.22321428571428573,1.0,1.0,5/20,3.73%,PDE10A;PDE2A;ITPR1;PRKG1;PDE9A,EC-PTC
prerank,Reactome_2022__Endosomal Sorting Complex Required For Transport (ESCRT) R-HSA-917729,0.8744563284865864,1.2184416354596006,0.05336179295624333,0.3268419005819138,1.0,16/29,7.35%,UBB;RPS27A;UBA52;CHMP2A;VPS28;SNF8;CHMP5;TSG101;VPS25;CHMP4B;UBC;CHMP2B;CHMP4C;MVB12A;VPS4B;HGS,EC-PTC
prerank,Reactome_2022__Senescence-Associated Secretory Phenotype (SASP) R-HSA-2559582,0.8577815149477369,1.2183429202078087,0.029227557411273485,0.3259143707860684,1.0,25/52,10.54%,IGFBP7;UBB;RPS27A;UBA52;JUN;ANAPC16;ANAPC11;FOS;CDC26;CDK4;EHMT2;RELA;RPS6KA3;CDKN2D;UBC;ANAPC10;CDC16;CDK6;NFKB1;UBE2E1;ANAPC15;UBE2S;CDKN1A;UBE2D1;ANAPC7,EC-PTC
prerank,Reactome_2022__Suppression Of Phagosomal Maturation R-HSA-9637687,0.916566931709167,1.2178130632667352,0.08741258741258741,0.3279973607142558,1.0,8/13,4.96%,UBB;RPS27A;UBA52;RAB5A;RAB7A;KPNB1;KPNA1;UBC,EC-PTC
prerank,Reactome_2022__Negative Regulation Of FLT3 R-HSA-9706369,0.8896886640945167,1.2175458529657177,0.10645526613816535,0.3283436446553571,1.0,5/15,4.96%,UBB;RPS27A;UBA52;SOCS2;UBC,EC-PTC
prerank,Reactome_2022__Neutrophil Degranulation R-HSA-6798695,0.8230919924534513,1.2172373963833363,0.001,0.32869641046234993,1.0,191/461,11.04%,FTH1;NME2;SDCBP;RNASE1;BST2;GSTP1;ANXA2;CD63;PRDX5;FTL;PPIA;CST3;S100A11;TUBB4B;EEF1A1;SRP14;PSMB1;ATP6V0C;CTSD;DYNLL1;GRN;GSN;HSPA1A;PKM;LGALS3;VAMP8;NDUFC2;OSTF1;RAB5C;CD55;CYSTM1;ITGAV;DEGS1;PSMA2;VCP;LAMTOR1;CSTB;SURF4;VPS35L;ILF2;STOM;DYNLT1;TRAPPC1;CSNK2B;TMEM179B;CYB5R3;PRDX4;COPB1;LAMTOR2;ARPC5;ATP6AP2;NPC2;B2M;HSP90AA1;CDA;TUBB;METTL7A;TMEM30A;YPEL5;TIMP2;PRCP;XRCC6;HEXB;NDUFA2;CTSA;APRT;ACTR2;PSMA5;ASAH1;RAB14;GNS;DLC1;SLC44A2;PSMB7;VAPA;CREG1;PGRMC1;PSMC3;CD59;PTPRN2;RHOA;RAB7A;HEBP2;IST1;HLA-C;TINAGL1;PSMD2;LAMP1;CPNE3;GUSB;ACAA1;CTSZ;KPNB1;HSPA8;HSPA1B;RHOG;PDAP1;CAP1;CTSB;PSMD13;PSMD7;TXNDC5;AGPAT2;XRCC5;TMBIM1;GOLGA7;RNASET2;CCT8;RAB18;GMFG;COMMD3;ERP44;CTSC;ACTR10;JUP;ARL8A;PA2G4;DERA;PRKCSH;EEF2;PLAU;PSMD6;CHAMP1;HMGB1;CMTM6;IDH1;DYNC1H1;PSMD14;CD47;GGH;PSMD3;VAT1;IGF2R;GSDMD;QSOX1;PSMC2;TOLLIP;RAP1A;PLEKHO2;ROCK1;SLC2A3;MLEC;PSMD12;MAGT1;TCIRG1;NFKB1;GAA;CD36;PFKL;NRAS;ACLY;LAMTOR3;DNAJC5;ITM2C;RAP2B;CKAP4;GDI2;AGA;FUCA1;PSMD11;CYBA;HVCN1;EGFL7;DGAT1;DPP7;DIAPH1;RAB5B;FAF2;CAND1;PAFAH1B2;SNAP29;GNPDA1;CTSH;PDXK;LTA4H;ARSA;RAB24;HMOX2;LAMP2;FUCA2;HSP90AB1;GHDC;VCL;DDOST;TSPAN14;RCAN1;SERPINA1;CCT2;PPIE;TOM1;ATP11B,EC-PTC
prerank,Reactome_2022__Regulation Of Innate Immune Responses To Cytosolic DNA R-HSA-3134975,0.8985953834076916,1.216939341432543,0.09164733178654293,0.3292402107037414,1.0,5/14,6.26%,UBB;RPS27A;UBA52;UBC;TRIM21,EC-PTC
prerank,Reactome_2022__PIWI-interacting RNA (piRNA) Biogenesis R-HSA-5601884,0.8728077650819381,1.2164627225820013,0.05016008537886873,0.33070262817947865,1.0,9/29,4.89%,POLR2J;POLR2L;POLR2F;POLR2K;POLR2H;HSP90AA1;POLR2C;POLR2I;POLR2E,EC-PTC
prerank,"Reactome_2022__Plasma Lipoprotein Assembly, Remodeling, And Clearance R-HSA-174824",0.8463796598999485,1.2161218465839219,0.02263374485596708,0.3313426852434463,1.0,17/71,7.72%,UBB;RPS27A;CLTA;UBA52;FURIN;AP2M1;AP2S1;NPC2;P4HB;LMF2;CETP;CLTC;HDLBP;UBC;SAR1B;NR1H2;ZDHHC8,EC-PTC
prerank,Reactome_2022__Glycogen Synthesis R-HSA-3322077,0.9095329539938827,1.215767741849364,0.09484777517564402,0.33219239496574815,1.0,5/13,6.23%,UBB;RPS27A;UBA52;UBC;UGP2,EC-PTC
prerank,MSigDB_Hallmark_2020__DNA Repair,0.8319835039369414,1.2156184865237163,0.0010080645161290322,0.11321636001787093,0.366,77/150,10.29%,SDCBP;EDF1;DAD1;GPX4;COX17;POLR2J;MPC2;POLR2F;POLR2K;POLR2H;GTF2H5;SEC61A1;RBX1;POLE4;VPS28;GTF2A2;SURF1;MRPL40;RNMT;BCAP31;CDA;POLR2C;TMED2;ADRM1;DGUOK;ARL6IP1;APRT;SUPT4H1;POLR2I;NME4;TSG101;SRSF6;NME3;EIF1B;TAF10;CMPK2;RPA3;NELFE;PCNA;NCBP2;DDB1;NT5C;TAF9;MPG;POLR2E;ERCC1;USP11;POLB;POLR1D;TAF6;GUK1;GTF2B;BCAM;GMPR2;POLD4;SNAPC5;DUT;DCTN4;XPC;RPA2;AK3;TAF13;SUPT5H;ZNRD1;AAAS;NME1;POLR2A;TP53;TAF1C;RRM2B;DDB2;SSRP1;SMAD5;HPRT1;GTF2H1;AK1;POLR2D,EC-PTC
prerank,Reactome_2022__Regulation Of PTEN Stability And Activity R-HSA-8948751,0.8465225409348828,1.2152717719021446,0.019387755102040816,0.3342169682858999,1.0,40/67,7.06%,UBB;RPS27A;PSMB6;PSMB3;PSME2;PSMB1;UBA52;PSMB5;PSMA4;PSME1;PSMA6;PSMB8;PSMB2;PSMB9;PSMA2;CSNK2B;PSMA7;PSMD8;PSMC5;PSMC6;PSMD9;PSMA3;PSMA5;PSMC4;PSMB7;PSMC3;PSMA1;STUB1;PSMD2;PSMD13;PSMD7;UBC;NEDD4;PSMB10;PSMD6;SEM1;PSMD14;PSMD3;PTEN;PSMC2,EC-PTC
prerank,Reactome_2022__EPH-Ephrin Signaling R-HSA-2682334,0.8358812997576847,1.2151288898319288,0.012257405515832482,0.3336262180105382,1.0,34/90,8.51%,MYL12A;MYL6;SDCBP;RNASE1;MYL12B;CLTA;AP2M1;EPHA4;ARPC2;ARPC3;AP2S1;ARPC1A;ARPC5;EPHA2;ARPC1B;ROCK2;ACTR2;EFNA1;RHOA;WASL;MYL9;CDC42;CLTC;YES1;PKN1;PSENEN;CLTB;APH1B;ROCK1;MYH10;APH1A;VPS72;PSEN2;HRAS,EC-PTC
prerank,Reactome_2022__Glucagon-type Ligand Receptors R-HSA-420092,0.8662312711277473,1.214843513096615,0.050483351235230935,0.33405683228092437,1.0,7/33,8.30%,GNG11;GNG5;GNAS;GNG10;GNG12;GNB2;GNG2,EC-PTC
prerank,Reactome_2022__SLBP Dependent Processing Of Replication-Dependent Histone Pre-mRNAs R-HSA-77588,0.9133347570812961,1.2144771713688058,0.0798611111111111,0.33499622252327127,1.0,7/11,4.28%,SNRPG;SNRPE;SNRPB;SNRPD3;LSM10;SNRPF;NCBP2,EC-PTC
prerank,Reactome_2022__NRIF Signals Cell Death From Nucleus R-HSA-205043,0.8885438608996151,1.2143064764401255,0.08571428571428572,0.33464410423073604,1.0,9/16,8.25%,UBB;RPS27A;UBA52;SQSTM1;UBC;PSENEN;APH1B;APH1A;PSEN2,EC-PTC
prerank,Reactome_2022__Fatty Acids R-HSA-211935,-0.7162917370249836,-1.2141792970487455,0.2421875,1.0,1.0,3/14,10.85%,CYP4B1;CYP4F12;CYP4A11,EC-PTC
prerank,Reactome_2022__HIV Infection R-HSA-162906,0.8300326494424393,1.214077056944246,0.001,0.3346820504738388,1.0,100/227,8.15%,RNASE1;UBB;RPS27A;PPIA;PSMB6;ELOB;PSMB3;PSME2;PSMB1;SLC25A5;UBA52;NPM1;RAN;SKP1;SLC25A6;PSMB5;POLR2J;FURIN;CHMP2A;AP2M1;PSMA4;PSME1;POLR2L;PSMA6;POLR2F;PSMB8;POLR2K;POLR2H;PSMB2;GTF2H5;PSMB9;ELOC;RBX1;VPS28;PSMA2;AP2S1;SLC25A4;GTF2A2;PSMA7;RNMT;PSMD8;CHMP5;B2M;RANBP1;POLR2C;PSMC5;PSMC6;XRCC6;PSMD9;PSMA3;PSMA5;SUPT4H1;PSMC4;POLR2I;PSMB7;TSG101;PSMC3;PSMA1;AP1S2;TAF10;PSMD2;NMT1;NELFE;KPNB1;CHMP4B;POM121C;PSMD13;AP1S1;PSMD7;NCBP2;GTF2A1;XRCC5;TAF9;POLR2E;KPNA1;UBC;CHMP2B;PSMB10;BANF1;NUP54;CHMP4C;MVB12A;XPO1;PSMD6;SEM1;TAF6;VPS4B;PSMD14;GTF2B;PSMD3;PSIP1;PSMC2;SEC13;NUP188;TAF13;PSMD12;SUPT5H;AAAS;POLR2A;NUP42,EC-PTC
prerank,Reactome_2022__Spry Regulation Of FGF Signaling R-HSA-1295596,0.8933449249618032,1.21396133268127,0.08117249154453213,0.3338983423350165,1.0,8/16,5.18%,UBB;RPS27A;UBA52;PPP2CB;SPRY2;PPP2R1A;UBC;PPP2CA,EC-PTC
prerank,Reactome_2022__Membrane Binding And Targetting Of GAG Proteins R-HSA-174490,0.8920722422944003,1.2139313253046558,0.10340909090909091,0.3325904347572771,1.0,7/15,5.62%,UBB;RPS27A;UBA52;VPS28;TSG101;UBC;MVB12A,EC-PTC
prerank,Reactome_2022__Translesion Synthesis By Y Family DNA Polymerases Bypasses Lesions On DNA Template R-HSA-110313,0.8516492167861476,1.2130500927595782,0.06871035940803383,0.33705184435618213,1.0,14/39,7.37%,UBB;RPS27A;UBA52;ISG15;POLE4;VCP;UFD1;UBE2L6;RPA3;PCNA;UBC;RCHY1;POLD4;UBA7,EC-PTC
prerank,Reactome_2022__Degradation Of Beta-Catenin By Destruction Complex R-HSA-195253,0.8402258251119676,1.212761181945422,0.011178861788617886,0.3375225114516865,1.0,45/84,7.60%,UBB;RPS27A;PSMB6;PSMB3;PSME2;PSMB1;UBA52;SKP1;PSMB5;PSMA4;PSME1;PSMA6;PSMB8;TLE5;PSMB2;PSMB9;RBX1;PSMA2;PSMA7;PSMD8;PSMC5;PSMC6;PSMD9;PSMA3;PSMA5;PSMC4;PSMB7;PSMC3;PSMA1;PSMD2;PPP2CB;PSMD13;PSMD7;PPP2R1A;UBC;PSMB10;PPP2CA;PSMD6;SEM1;PSMD14;CTBP1;PSMD3;PSMC2;ZRANB1;PSMD12,EC-PTC
prerank,Reactome_2022__Dissolution Of Fibrin Clot R-HSA-75205,0.9043891807006287,1.2125912276929178,0.10011918951132301,0.33725060818169417,1.0,3/13,5.78%,ANXA2;S100A10;PLAU,EC-PTC
prerank,Reactome_2022__SARS-CoV Infections R-HSA-9679506,0.8261456558965163,1.2124406556039171,0.001,0.33672697381985567,1.0,126/362,7.81%,ATP1B1;FXYD2;RPS12;RPS13;UBB;RPS15A;RPS15;RPS9;RPS25;RPS23;FAU;RPS8;RPS27A;RPS10;DAD1;RPS3;ATP1B3;RPS4X;RPSA;RPS14;RPS6;RPS27;RPS3A;SNRPG;RPS7;RPS19;RPS16;UBA52;RPN2;RPS2;RPS4Y1;RPS29;FURIN;FKBP1A;CHMP2A;AP2M1;RPS5;RPS28;RPS21;ISCU;STAT1;CTSL;RPS24;ISG15;SNRPD2;SNRPE;RPS11;RBX1;SUMO1;SAP18;TUFM;SNRPB;AP2S1;VCP;MAP1LC3B;YWHAQ;PRMT1;CNBP;COMT;CAV1;B2M;HSP90AA1;PARP14;TUBB;IFNGR2;YWHAE;SNRPD3;LARP1;ROCK2;ZCRB1;IFNAR1;HMG20B;RBBP7;RPS27L;RPN1;PARP9;REXO2;IKBKB;ST6GAL1;ZDHHC2;HLA-C;MGAT4B;SNRPF;CHMP4B;RPS17;UBE2I;UBE2N;POM121C;HDAC2;BRD4;CHD4;GANAB;CHD3;GOLGA7;CREBBP;ZDHHC3;UBE2V1;CANX;UBC;CHMP2B;STAT2;SIKE1;FKBP4;RBBP4;YWHAB;NUP54;CHMP4C;FXYD4;SAR1B;PRKCSH;PTGES3;KEAP1;GALNT1;IFNAR2;ZDHHC5;YWHAH;HLA-E;IRAK1;SEC13;NUP188;ROCK1;MAGT1;ZDHHC8;PTPN11;YWHAZ;AAAS,EC-PTC
prerank,Reactome_2022__Synthesis Of Active Ubiquitin: Roles Of E1 And E2 Enzymes R-HSA-8866652,0.8609707728401441,1.2124378504946682,0.08432432432432432,0.33527720956957546,1.0,21/30,10.39%,UBB;RPS27A;UBA52;UBE2D2;UBE2L3;UBC;UBE2H;UBE2Z;UBE2R2;UBE2B;USP7;UBE2A;UBA1;UBE2E3;UBE2E1;USP5;UBA6;UCHL3;UBE2S;UBE2G1;UBE2D1,EC-PTC
prerank,Reactome_2022__Azathioprine ADME R-HSA-9748787,0.8766719554050114,1.2123726273524245,0.10141766630316248,0.33424495798235265,1.0,2/21,0.08%,NME2;RNASE1,EC-PTC
prerank,Reactome_2022__APC-Cdc20 Mediated Degradation Of Nek2A R-HSA-179409,0.8704161261005375,1.2122400953065953,0.07462686567164178,0.33369195503166876,1.0,15/26,10.54%,UBB;RPS27A;UBA52;ANAPC16;ANAPC11;BUB3;CDC26;UBC;ANAPC10;CDC16;UBE2E1;ANAPC15;UBE2S;UBE2D1;ANAPC7,EC-PTC
prerank,Reactome_2022__SARS-CoV-2 Infection R-HSA-9694516,0.8236365657051546,1.2121532306039051,0.001,0.33282266337461996,1.0,102/279,7.81%,RPS12;RPS13;UBB;RPS15A;RPS15;RPS9;RPS25;RPS23;FAU;RPS8;RPS27A;RPS10;DAD1;RPS3;RPS4X;RPSA;RPS14;RPS6;RPS27;RPS3A;SNRPG;RPS7;RPS19;RPS16;UBA52;RPN2;RPS2;RPS4Y1;RPS29;FURIN;CHMP2A;RPS5;RPS28;RPS21;ISCU;STAT1;CTSL;RPS24;ISG15;SNRPD2;SNRPE;RPS11;SUMO1;TUFM;SNRPB;VCP;MAP1LC3B;YWHAQ;PRMT1;CNBP;CAV1;B2M;HSP90AA1;PARP14;YWHAE;SNRPD3;LARP1;ZCRB1;IFNAR1;RPS27L;RPN1;PARP9;REXO2;IKBKB;ST6GAL1;ZDHHC2;HLA-C;MGAT4B;SNRPF;CHMP4B;RPS17;UBE2I;UBE2N;POM121C;GANAB;GOLGA7;CREBBP;ZDHHC3;UBE2V1;CANX;UBC;CHMP2B;STAT2;SIKE1;YWHAB;NUP54;CHMP4C;SAR1B;PRKCSH;GALNT1;IFNAR2;ZDHHC5;YWHAH;HLA-E;IRAK1;SEC13;NUP188;MAGT1;ZDHHC8;PTPN11;YWHAZ;AAAS,EC-PTC
prerank,Reactome_2022__RHOH GTPase Cycle R-HSA-9013407,0.863352493889076,1.2116970868654,0.057569296375266525,0.3344651247795345,1.0,20/35,7.72%,TUBA1B;UACA;VCP;LAMTOR1;STOM;CAV1;ARHGDIA;ROCK2;TMEM59;RAB7A;VANGL1;NIPSNAP2;NSFL1C;ARHGDIB;PKN1;JUP;VAMP3;OSBPL11;ROCK1;CSK,EC-PTC
prerank,Reactome_2022__Negative Regulation Of FGFR1 Signaling R-HSA-5654726,0.8630215400834373,1.2115289616436824,0.052854122621564484,0.33405977293365774,1.0,8/33,5.18%,UBB;RPS27A;UBA52;PPP2CB;SPRY2;PPP2R1A;UBC;PPP2CA,EC-PTC
prerank,Reactome_2022__cGMP Effects R-HSA-418457,-0.7199568653317032,-1.2113703708146006,0.2602739726027397,1.0,1.0,5/14,3.73%,PDE10A;PDE2A;ITPR1;PRKG1;PDE9A,EC-PTC
prerank,Reactome_2022__Interleukin-1 Family Signaling R-HSA-446652,0.8303615663275642,1.211313814232409,0.006036217303822937,0.3340937059688292,1.0,73/152,11.46%,UBB;RPS27A;PSMB6;PSMB3;PSME2;PSMB1;UBA52;SKP1;PSMB5;PSMA4;PSME1;PSMA6;PSMB8;PSMB2;PSMB9;RBX1;PSMA2;SQSTM1;PSMA7;PSMD8;NFKBIA;PSMC5;PSMC6;PSMD9;PSMA3;PSMA5;PSMC4;PSMB7;SIGIRR;IKBKB;PSMC3;PSMA1;TANK;PSMD2;UBE2N;PSMD13;RELA;PSMD7;NKIRAS2;UBE2V1;UBC;PSMB10;PTPN14;PSMD6;SEM1;HMGB1;PSMD14;PSMD3;MAP3K3;GSDMD;MAP2K1;PSMC2;TOLLIP;IRAK1;PSMD12;PTPN11;NFKB1;USP14;IKBKG;PSMD11;TP53;CASP1;PSMD10;IRAK4;PSMC1;TIFA;PTPN12;FBXW11;PTPN23;TNIP2;NFKBIB;PTPN13;IL18BP,EC-PTC
prerank,Reactome_2022__Interconversion Of Nucleotide Di- And Triphosphates R-HSA-499943,0.8619518545652325,1.2111384108794854,0.06543075245365322,0.3339169425609449,1.0,16/28,10.16%,NME2;CMPK1;GLRX;NME4;NME3;TXN2;DCTD;DTYMK;TXNRD1;GUK1;DCTPP1;DUT;AK6;AK2;RRM2B;AK1,EC-PTC
prerank,Reactome_2022__LDL Clearance R-HSA-8964038,0.8810087111815171,1.2107163333791744,0.09645232815964523,0.3353174127673265,1.0,5/18,4.57%,CLTA;AP2M1;AP2S1;NPC2;CLTC,EC-PTC
prerank,Reactome_2022__Signaling By CSF3 (G-CSF) R-HSA-9674555,0.8739173185687323,1.2104624783445113,0.05793991416309013,0.33561509284978014,1.0,14/30,8.09%,UBB;RPS27A;ELOB;RNF7;UBA52;STAT1;ELOC;UBE2D2;UBE2D3;UBC;SHC1;PTPN11;SOCS3;NRAS,EC-PTC
prerank,Reactome_2022__Insertion Of Tail-Anchored Proteins Into Endoplasmic Reticulum Membrane R-HSA-9609523,0.8728178570938346,1.210439865110175,0.08901098901098901,0.3343607619913182,1.0,17/22,11.48%,SEC61B;CYB5A;PRNP;VAMP2;SERP1;BAG6;VAPA;SEC61G;GET3;SGTA;GET1;CAMLG;UBL4A;ALDH3A2;EMD;STX5;UBE2J2,EC-PTC
prerank,Reactome_2022__mRNA Splicing - Minor Pathway R-HSA-72165,0.8546540218750359,1.2102865388825232,0.03343782654127482,0.3339056812030406,1.0,32/49,8.58%,SNRPG;YBX1;POLR2J;POLR2L;POLR2F;POLR2K;POLR2H;SNRPD2;SNRPE;SNRPB;SF3B6;POLR2C;SNRPD3;ZCRB1;POLR2I;SRSF6;SNRNP200;SNRPF;NCBP2;SF3B5;POLR2E;PDCD7;SNRNP25;SRSF2;SNRNP35;SF3B4;TXNL4A;SF3B1;PRPF8;POLR2A;DDX23;SF3B2,EC-PTC
prerank,Reactome_2022__Gap-filling DNA Repair Synthesis And Ligation In GG-NER R-HSA-5696397,0.8632578414901179,1.2097733578806504,0.09191583610188261,0.33591809831711533,1.0,8/25,6.58%,UBB;RPS27A;UBA52;POLE4;RPA3;PCNA;UBC;POLD4,EC-PTC
prerank,Reactome_2022__DNA Damage Bypass R-HSA-73893,0.8431864451206686,1.209753541407102,0.06986444212721585,0.33467384989149734,1.0,17/48,7.37%,UBB;RPS27A;UBA52;ISG15;RBX1;POLE4;VCP;UFD1;UBE2L6;RPA3;PCNA;DDB1;UBC;UBE2B;RCHY1;POLD4;UBA7,EC-PTC
prerank,Reactome_2022__Termination Of Translesion DNA Synthesis R-HSA-5656169,0.8568799633634115,1.2097282010162977,0.07857911733046287,0.3334186010232674,1.0,11/32,7.37%,UBB;RPS27A;UBA52;ISG15;POLE4;UBE2L6;RPA3;PCNA;UBC;POLD4;UBA7,EC-PTC
prerank,Reactome_2022__Signaling By Hedgehog R-HSA-5358351,0.8295000971812804,1.2093238368983232,0.0030181086519114686,0.3345476243428038,1.0,49/135,7.06%,UBB;RPS27A;PSMB6;PSMB3;PSME2;GNAS;PSMB1;UBA52;SKP1;PSMB5;PSMA4;PSME1;PSMA6;PSMB8;PSMB2;PSMB9;RBX1;PSMA2;VCP;PSMA7;PSMD8;PSMC5;PSMC6;P4HB;PSMD9;PSMA3;PSMA5;PRKAR1A;PSMC4;PSMB7;PSMC3;PSMA1;PSMD2;PSMD13;PSMD7;DERL2;UBC;PSMB10;SYVN1;PSMD6;SEM1;OS9;PRKAR2B;PSMD14;PSMD3;GRK2;ERLEC1;IFT57;PSMC2,EC-PTC
prerank,Reactome_2022__Mitochondrial Calcium Ion Transport R-HSA-8949215,0.8650700942557311,1.2084783769440381,0.10188261351052048,0.338956180657605,1.0,12/21,9.31%,VDAC2;SMDT1;VDAC1;PHB2;SPG7;STOML2;PMPCA;AFG3L2;LETM1;PARL;PMPCB;AKAP1,EC-PTC
prerank,Reactome_2022__Josephin Domain DUBs R-HSA-5689877,0.9008632830195792,1.2081830722456977,0.11303344867358708,0.3395824727320329,1.0,8/12,7.30%,UBB;RPS27A;UBA52;VCP;RAD23A;UBC;RAD23B;JOSD2,EC-PTC
prerank,Reactome_2022__Infection With Mycobacterium Tuberculosis R-HSA-9635486,0.8771226022998589,1.2077105188870247,0.0664488017429194,0.34118354399887574,1.0,14/26,8.35%,UBB;RPS27A;ENO1;UBA52;B2M;RAB5A;RAB7A;PGK1;KPNB1;KPNA1;UBC;RNF213;HGS;GSK3A,EC-PTC
prerank,Reactome_2022__Signaling By EGFR In Cancer R-HSA-1643713,0.8751515005670899,1.2072655863346669,0.08116883116883117,0.3427216047716067,1.0,11/24,9.25%,UBB;RPS27A;CDC37;UBA52;HSP90AA1;UBC;SHC1;NRAS;EGF;HRAS;PLCG1,EC-PTC
prerank,Reactome_2022__G Beta:Gamma Signaling Thru BTK R-HSA-8964315,0.87906477326547,1.206047760134945,0.1076923076923077,0.3494435566333486,1.0,6/18,8.30%,GNG11;GNG5;GNG10;GNG12;GNB2;GNG2,EC-PTC
prerank,Reactome_2022__WNT5A-dependent Internalization Of FZD4 R-HSA-5099900,0.8867348857704832,1.2049729072820867,0.11471610660486674,0.35544131784394695,1.0,5/15,5.68%,CLTA;AP2M1;AP2S1;CLTC;CLTB,EC-PTC
prerank,Reactome_2022__Regulation Of TLR By Endogenous Ligand R-HSA-5686938,0.882878996471246,1.2047281575719306,0.07606263982102908,0.3556512639081478,1.0,6/18,7.83%,TLR4;NDUFA2;LY96;HMGB1;GSDMD;CD36,EC-PTC
prerank,Reactome_2022__Meiotic Synapsis R-HSA-1221632,0.8590450040576246,1.2045761450867214,0.06806282722513089,0.3551249091196996,1.0,10/32,6.73%,HSPA2;TERF2IP;SMC3;UBE2I;SUN2;TERF1;SMC1A;TINF2;LMNA;RAD21,EC-PTC
prerank,Reactome_2022__HSP90 Chaperone Cycle For Steroid Hormone Receptors (SHR) In Presence Of Ligand R-HSA-3371497,0.8474791838338291,1.2041628815670864,0.06645569620253164,0.35668750002107097,1.0,22/38,6.71%,DYNLL1;HSPA1A;CAPZA2;HSPA2;HSP90AA1;DNAJA1;DCTN3;DCTN1;DCTN6;HSPA8;HSPA1B;DNAJA2;DCTN2;ACTR1A;DCTN5;ACTR10;FKBP4;DYNC1LI2;PTGES3;DYNC1H1;CAPZB;DCTN4,EC-PTC
prerank,Reactome_2022__Fanconi Anemia Pathway R-HSA-6783310,0.8550977046774408,1.2041403430155966,0.05396825396825397,0.3554242464578883,1.0,9/36,7.01%,UBB;RPS27A;UBA52;CENPX;RPA3;ERCC1;UBC;FAAP20;MUS81,EC-PTC
prerank,Reactome_2022__Sema4D Induced Cell Migration And Growth-Cone Collapse R-HSA-416572,0.8703827179552993,1.2040907348295666,0.09634551495016612,0.35435749708206304,1.0,13/20,10.87%,MYL6;MYL12B;RHOC;ROCK2;RHOA;MYL9;RHOB;ROCK1;MYH10;ARHGEF11;MYH9;ERBB2;SEMA4D,EC-PTC
prerank,Reactome_2022__Metalloprotease DUBs R-HSA-5689901,0.8658359549585712,1.2037921421320164,0.11197339246119734,0.3549473076362683,1.0,9/20,9.70%,UBB;RPS27A;UBA52;KAT2B;UBC;PSMD14;EP300;BABAM1;ABRAXAS1,EC-PTC
prerank,Reactome_2022__G1/S Transition R-HSA-69206,0.8237790508851135,1.2035004945086476,0.009054325955734407,0.35548019947401643,1.0,48/129,6.52%,UBB;RPS27A;PSMB6;PSMB3;PSME2;PSMB1;UBA52;SKP1;PSMB5;PSMA4;PSME1;PSMA6;PSMB8;PSMB2;PSMB9;POLE4;PSMA2;PSMA7;PSMD8;PSMC5;PSMC6;PSMD9;PSMA3;E2F4;PSMA5;PSMC4;PSMB7;PSMC3;PSMA1;CDK4;PSMD2;RPA3;CABLES1;PPP2CB;MCM7;PSMD13;PCNA;PSMD7;PPP2R1A;UBC;PSMB10;PPP2CA;RBBP4;PSMD6;SEM1;CKS1B;PSMD14;PSMD3,EC-PTC
prerank,Reactome_2022__Dual Incision In TC-NER R-HSA-6782135,0.8340077164546557,1.2032956137642823,0.02880658436213992,0.35552394578807733,1.0,32/64,10.97%,UBB;RPS27A;HMGN1;UBA52;POLR2J;POLR2L;POLR2F;POLR2K;POLR2H;GTF2H5;RBX1;POLE4;POLR2C;POLR2I;RPA3;PCNA;DDB1;POLR2E;ERCC1;UBC;USP7;XPA;EP300;POLD4;ZNF830;POLR2A;TCEA1;POLD2;GTF2H1;POLR2D;POLE3;PPIE,EC-PTC
prerank,Reactome_2022__Potential Therapeutics For SARS R-HSA-9679191,0.8394176175888821,1.2032656223539961,0.015259409969481181,0.3543655453919856,1.0,28/94,6.42%,ATP1B1;FXYD2;ATP1B3;FURIN;FKBP1A;AP2M1;RBX1;SAP18;AP2S1;COMT;HSP90AA1;TUBB;IFNGR2;ROCK2;IFNAR1;HMG20B;RBBP7;HDAC2;BRD4;CHD4;CHD3;STAT2;FKBP4;RBBP4;FXYD4;PTGES3;KEAP1;IFNAR2,EC-PTC
prerank,Reactome_2022__Glutathione Conjugation R-HSA-156590,0.8511336314604993,1.2032092858121104,0.07643312101910828,0.3534070005898705,1.0,13/34,9.77%,GSTP1;MGST3;MGST2;PRNP;GSTM3;ESD;GSTO1;GSTK1;CNDP2;AKR1A1;GGCT;GCLM;GSTM4,EC-PTC
prerank,Reactome_2022__Mitotic Anaphase R-HSA-68882,0.8202866500401517,1.2031226805087574,0.002004008016032064,0.35264600535564783,1.0,84/228,8.05%,UBB;RPS27A;PSMB6;RPS27;PSMB3;PSME2;TUBB4B;TUBA1B;PSMB1;UBA52;DYNLL1;RAN;PSMB5;CHMP2A;PSMA4;PSME1;PSMA6;PSMB8;PSMB2;PSMB9;SUMO1;PSMA2;ANAPC16;ANAPC11;BUB3;PSMA7;TUBB6;PSMD8;TUBB;PSMC5;PSMC6;PSMD9;CDC26;PSMA3;PSMA5;PSMC4;SMC3;PSMB7;PSMC3;PSMA1;NUDC;IST1;PSMD2;KPNB1;CHMP4B;PPP2CB;UBE2I;PSMD13;PSMD7;TUBA1C;LBR;SKA2;PPP2R1A;UBC;CHMP2B;ANAPC10;PSMB10;BANF1;PPP2CA;SIRT2;NUP54;CHMP4C;DYNC1LI2;XPO1;PSMD6;MAPRE1;SEM1;SMC1A;DYNC1H1;PSMD14;LMNA;PSMD3;CDC16;RAD21;CLIP1;TUBB2A;ANKLE2;NDEL1;PSMC2;SEC13;NUP188;PSMD12;UBE2E1;TMPO,EC-PTC
prerank,Reactome_2022__Constitutive Signaling By Ligand-Responsive EGFR Cancer Variants R-HSA-1236382,0.8821784059681956,1.2027161986085402,0.09845132743362832,0.3540813282455472,1.0,11/18,9.25%,UBB;RPS27A;CDC37;UBA52;HSP90AA1;UBC;SHC1;NRAS;EGF;HRAS;PLCG1,EC-PTC
prerank,Reactome_2022__Response Of Mtb To Phagocytosis R-HSA-9637690,0.8810398184152503,1.2026794293042316,0.08286674132138858,0.3530050959067716,1.0,13/22,8.35%,UBB;RPS27A;ENO1;UBA52;RAB5A;RAB7A;PGK1;KPNB1;KPNA1;UBC;RNF213;HGS;GSK3A,EC-PTC
prerank,Reactome_2022__Mitotic Metaphase And Anaphase R-HSA-2555396,0.819633645480806,1.2026122972451092,0.002002002002002002,0.3521289714901176,1.0,84/229,8.05%,UBB;RPS27A;PSMB6;RPS27;PSMB3;PSME2;TUBB4B;TUBA1B;PSMB1;UBA52;DYNLL1;RAN;PSMB5;CHMP2A;PSMA4;PSME1;PSMA6;PSMB8;PSMB2;PSMB9;SUMO1;PSMA2;ANAPC16;ANAPC11;BUB3;PSMA7;TUBB6;PSMD8;TUBB;PSMC5;PSMC6;PSMD9;CDC26;PSMA3;PSMA5;PSMC4;SMC3;PSMB7;PSMC3;PSMA1;NUDC;IST1;PSMD2;KPNB1;CHMP4B;PPP2CB;UBE2I;PSMD13;PSMD7;TUBA1C;LBR;SKA2;PPP2R1A;UBC;CHMP2B;ANAPC10;PSMB10;BANF1;PPP2CA;SIRT2;NUP54;CHMP4C;DYNC1LI2;XPO1;PSMD6;MAPRE1;SEM1;SMC1A;DYNC1H1;PSMD14;LMNA;PSMD3;CDC16;RAD21;CLIP1;TUBB2A;ANKLE2;NDEL1;PSMC2;SEC13;NUP188;PSMD12;UBE2E1;TMPO,EC-PTC
prerank,Reactome_2022__APC/C:Cdc20 Mediated Degradation Of Cyclin B R-HSA-174048,0.8659308176507033,1.2020536710350809,0.1010752688172043,0.3545059256656156,1.0,14/24,10.54%,UBB;RPS27A;UBA52;ANAPC16;ANAPC11;CDC26;UBC;ANAPC10;CDC16;UBE2E1;ANAPC15;UBE2S;UBE2D1;ANAPC7,EC-PTC
prerank,Reactome_2022__Formation Of TC-NER Pre-Incision Complex R-HSA-6781823,0.8406662829139157,1.2020172652641907,0.05165289256198347,0.35350635805541175,1.0,31/51,10.97%,UBB;RPS27A;HMGN1;UBA52;POLR2J;POLR2L;POLR2F;POLR2K;POLR2H;GTF2H5;RBX1;COPS6;POLR2C;POLR2I;COPS2;DDB1;POLR2E;UBC;USP7;XPA;EP300;COPS3;ZNF830;POLR2A;TCEA1;GTF2H1;POLR2D;GPS1;COPS4;COPS5;PPIE,EC-PTC
prerank,Reactome_2022__Deregulated CDK5 Triggers Neurodegenerative Pathways In Alzheimers Disease Models R-HSA-8862803,0.8683834458551766,1.2017752428254156,0.10416666666666667,0.3538000206646974,1.0,8/21,6.28%,PRDX1;PRDX2;CAPN2;JUN;YWHAE;CAPNS1;GOLGA2;LMNA,EC-PTC
prerank,Reactome_2022__RHO GTPases Activate ROCKs R-HSA-5627117,0.8711412644962248,1.2012726352062963,0.10925306577480491,0.3558585072358581,1.0,12/19,8.14%,MYL6;MYL12B;RHOC;PPP1CB;ROCK2;RHOA;MYL9;RHOB;PKN1;ROCK1;MYH10;VPS72,EC-PTC
prerank,Reactome_2022__Transferrin Endocytosis And Recycling R-HSA-917977,0.8527463547219774,1.1998689550498618,0.0877005347593583,0.36380176411893617,1.0,13/31,9.32%,ATP6V1G1;ATP6V0B;ATP6V0E1;ATP6V0C;ATP6V0D1;ATP6V1F;ATP6AP1;ATP6V1A;ATP6V1C1;TCIRG1;ATP6V1E1;ATP6V0E2;MCOLN1,EC-PTC
prerank,Reactome_2022__EPHA-mediated Growth Cone Collapse R-HSA-3928663,0.885680155616668,1.1997205562513857,0.10433763188745604,0.36342202031676973,1.0,8/15,7.87%,MYL6;MYL12B;ROCK2;RHOA;MYL9;YES1;ROCK1;MYH10,EC-PTC
prerank,Reactome_2022__CD28 Dependent Vav1 Pathway R-HSA-389359,0.8946967443966236,1.1995985180668678,0.11085180863477247,0.3629458926145852,1.0,3/12,5.12%,RNASE1;CDC42;PKN1,EC-PTC
prerank,Reactome_2022__FGFR2 Mutant Receptor Activation R-HSA-1839126,0.8544203336767601,1.199510116322494,0.07563025210084033,0.3622452077457756,1.0,9/33,4.89%,POLR2J;POLR2L;POLR2F;POLR2K;POLR2H;POLR2C;POLR2I;NCBP2;POLR2E,EC-PTC
prerank,Reactome_2022__Uptake And Actions Of Bacterial Toxins R-HSA-5339562,0.8531713178718094,1.1994991845707763,0.09967845659163987,0.3609815936521071,1.0,12/29,10.42%,FURIN;CD9;CALM1;VAMP2;HSP90AA1;MAP2K2;MAP2K3;TXNRD1;EEF2;MAP2K1;ANTXR2;HSP90AB1,EC-PTC
prerank,Reactome_2022__Pyruvate Metabolism R-HSA-70268,0.8452744570671188,1.1992228000963745,0.09914712153518124,0.36160258491426395,1.0,9/31,5.16%,LDHA;LDHB;BSG;MPC2;VDAC1;HAGH;MPC1;PDHB;GLO1,EC-PTC
prerank,Reactome_2022__Formation Of Incision Complex In GG-NER R-HSA-5696395,0.8460483784023982,1.1989088275052813,0.0546218487394958,0.36235438773120743,1.0,18/42,7.43%,UBB;RPS27A;SUMO2;UBA52;GTF2H5;RBX1;SUMO1;RAD23A;RPA3;UBE2I;UBE2N;DDB1;ERCC1;UBC;XPA;RAD23B;XPC;UBE2V2,EC-PTC
prerank,Reactome_2022__Regulation Of TNFR1 Signaling R-HSA-5357905,0.8496968785066333,1.1987273242373502,0.08438818565400844,0.3622766262571708,1.0,15/35,8.76%,UBB;RPS27A;UBA52;RACK1;IKBKB;TANK;RBCK1;UBC;SPPL2A;BIRC2;TAX1BP1;CYLD;SHARPIN;MADD;IKBKG,EC-PTC
prerank,Reactome_2022__Inhibition Of DNA Recombination At Telomere R-HSA-9670095,0.8736640785108897,1.1982898827287245,0.09170305676855896,0.36408051841519834,1.0,13/20,8.05%,POLR2J;POLR2L;POLR2F;POLR2K;POLR2H;TERF2IP;POLR2C;POLR2I;DAXX;TERF1;POLR2E;TINF2;POLR2A,EC-PTC
prerank,Reactome_2022__Separation Of Sister Chromatids R-HSA-2467813,0.8206899713296197,1.197654192539728,0.005025125628140704,0.3670279476930882,1.0,60/168,7.60%,UBB;RPS27A;PSMB6;RPS27;PSMB3;PSME2;PSMB1;UBA52;DYNLL1;PSMB5;PSMA4;PSME1;PSMA6;PSMB8;PSMB2;PSMB9;PSMA2;ANAPC16;ANAPC11;BUB3;PSMA7;PSMD8;PSMC5;PSMC6;PSMD9;CDC26;PSMA3;PSMA5;PSMC4;SMC3;PSMB7;PSMC3;PSMA1;NUDC;PSMD2;PPP2CB;PSMD13;PSMD7;SKA2;PPP2R1A;UBC;ANAPC10;PSMB10;PPP2CA;DYNC1LI2;XPO1;PSMD6;MAPRE1;SEM1;SMC1A;DYNC1H1;PSMD14;PSMD3;CDC16;RAD21;CLIP1;NDEL1;PSMC2;SEC13;PSMD12,EC-PTC
prerank,Reactome_2022__Cyclin D Associated Events In G1 R-HSA-69231,0.8402608347497188,1.197320322506379,0.05654450261780105,0.36794951291563294,1.0,15/47,7.68%,UBB;RPS27A;UBA52;SKP1;E2F4;CDK4;PPP2CB;CDKN2D;PPP2R1A;UBC;PPP2CA;CCND3;CKS1B;CDKN1C;CDK6,EC-PTC
prerank,Reactome_2022__Regulation Of TP53 Activity Thru Methylation R-HSA-6804760,0.8643613133215527,1.1971515418112992,0.12265193370165746,0.36766451043903703,1.0,9/19,9.36%,UBB;RPS27A;UBA52;EHMT2;UBC;EP300;KMT5A;TP53;ATM,EC-PTC
prerank,Reactome_2022__Mitotic G1 Phase And G1/S Transition R-HSA-453279,0.8191325034272527,1.1970180825523715,0.006024096385542169,0.3672417415868412,1.0,54/147,7.68%,UBB;RPS27A;PSMB6;PSMB3;PSME2;PSMB1;UBA52;SKP1;PSMB5;PSMA4;PSME1;PSMA6;PSMB8;PSMB2;PSMB9;POLE4;PSMA2;PSMA7;PSMD8;PSMC5;PSMC6;PSMD9;PSMA3;E2F4;PSMA5;PSMC4;PSMB7;PSMC3;PSMA1;CDK4;PSMD2;RPA3;CABLES1;PPP2CB;MCM7;PSMD13;PCNA;PSMD7;CDKN2D;PPP2R1A;UBC;PSMB10;PPP2CA;CCND3;RBBP4;PSMD6;SEM1;CKS1B;PSMD14;PSMD3;PSMC2;CDKN1C;PSMD12;CDK6,EC-PTC
prerank,Reactome_2022__Pregnenolone Biosynthesis R-HSA-196108,0.8937844696363483,1.196825278237916,0.12412177985948478,0.3672692228215107,1.0,7/12,8.07%,AKR1B1;TSPO;FDX1;STARD4;STARD3;STARD3NL;FDX2,EC-PTC
prerank,Reactome_2022__Dual Incision In GG-NER R-HSA-5696400,0.8324385858156611,1.196531459057184,0.08709338929695698,0.36788828067299545,1.0,17/41,10.55%,UBB;RPS27A;UBA52;GTF2H5;RBX1;POLE4;RPA3;PCNA;DDB1;ERCC1;UBC;XPA;POLD4;POLD2;DDB2;GTF2H1;POLE3,EC-PTC
prerank,Reactome_2022__Gap Junction Degradation R-HSA-190873,0.9040363532500872,1.1963434401847626,0.13959085439229843,0.3679169231063829,1.0,6/10,5.68%,CLTA;AP2M1;DAB2;CLTC;DNM2;CLTB,EC-PTC
prerank,Reactome_2022__TP53 Regulates Transcription Of Additional Cell Cycle Genes With Uncertain Roles In P53 Pathway R-HSA-6804115,0.8665489595224759,1.195815421535582,0.11508379888268157,0.37034293370555493,1.0,8/21,8.78%,RGCC;NPM1;CNOT7;PLK3;CNOT3;CNOT2;CNOT11;TP53,EC-PTC
prerank,Reactome_2022__Transcription-Coupled Nucleotide Excision Repair (TC-NER) R-HSA-6781827,0.824346982180889,1.1953670231828513,0.028659160696008188,0.3719748110007947,1.0,38/76,10.97%,UBB;RPS27A;HMGN1;UBA52;POLR2J;POLR2L;POLR2F;POLR2K;POLR2H;GTF2H5;RBX1;POLE4;COPS6;POLR2C;POLR2I;RPA3;COPS2;PCNA;DDB1;POLR2E;ERCC1;UBC;USP7;XPA;EP300;POLD4;COPS3;ZNF830;POLR2A;TCEA1;POLD2;GTF2H1;POLR2D;POLE3;GPS1;COPS4;COPS5;PPIE,EC-PTC
prerank,Reactome_2022__Signaling By FGFR2 R-HSA-5654738,0.8345568151491625,1.1946774106513802,0.029561671763506627,0.37524130874238437,1.0,27/72,8.51%,UBB;RPS27A;UBA52;POLR2J;POLR2L;POLR2F;POLR2K;POLR2H;PTBP1;HNRNPF;POLR2C;TIAL1;POLR2I;HNRNPA1;PPP2CB;NCBP2;SPRY2;POLR2E;PPP2R1A;UBC;PPP2CA;SHC1;HNRNPM;PTPN11;POLR2A;NRAS;HRAS,EC-PTC
prerank,Reactome_2022__Gap-filling DNA Repair Synthesis And Ligation In TC-NER R-HSA-6782210,0.8298163406726776,1.1935447582054521,0.04231166150670795,0.3815574594562232,1.0,30/63,10.97%,UBB;RPS27A;HMGN1;UBA52;POLR2J;POLR2L;POLR2F;POLR2K;POLR2H;GTF2H5;RBX1;POLE4;POLR2C;POLR2I;RPA3;PCNA;DDB1;POLR2E;UBC;USP7;EP300;POLD4;ZNF830;POLR2A;TCEA1;POLD2;GTF2H1;POLR2D;POLE3;PPIE,EC-PTC
prerank,Reactome_2022__DNA Damage Recognition In GG-NER R-HSA-5696394,0.848530670600058,1.1931001104977736,0.07379679144385026,0.38330150869458357,1.0,27/37,13.41%,UBB;RPS27A;UBA52;RBX1;COPS6;RAD23A;COPS2;YY1;DDB1;UBC;RAD23B;COPS3;INO80C;XPC;MCRS1;DDB2;INO80E;GPS1;COPS4;COPS5;INO80D;PARP1;COPS7A;CUL4B;CETN2;COPS8;ACTL6A,EC-PTC
prerank,Reactome_2022__Regulation Of NF-kappa B Signaling R-HSA-9758274,0.8693457676498748,1.1930848369007727,0.12053571428571429,0.3820999610096306,1.0,9/18,8.78%,UBB;RPS27A;UBA52;IKBKB;TANK;UBC;USP14;IKBKG;TP53,EC-PTC
prerank,Reactome_2022__Autophagy R-HSA-9612973,0.8175835344308038,1.1930544281128166,0.01306532663316583,0.3809848469550517,1.0,64/127,10.42%,RNASE1;UBB;RPS27A;GABARAP;PARK7;EEF1A1;GABARAPL2;UBA52;DYNLL1;CHMP2A;TOMM5;RRAGA;TOMM20;TOMM6;VPS28;SQSTM1;VCP;LAMTOR1;PINK1;MAP1LC3B;CSNK2B;LAMTOR5;VDAC1;LAMTOR4;LAMTOR2;HSP90AA1;TOMM7;TOMM22;TSG101;RHEB;PLIN2;NBR1;CHMP4B;HSPA8;UBE2N;ATG101;PRKAA1;MAP1LC3A;UBE2V1;PRKAB1;UBC;CHMP2B;CHMP4C;DYNC1LI2;MVB12A;WIPI2;WIPI1;WDR45;DYNC1H1;HSF1;WDR45B;RRAGC;LAMTOR3;ULK1;TOMM70;VPS37A;ATM;ATG3;TSC2;MFN2;CHMP6;PRKAA2;LAMP2;HSP90AB1,EC-PTC
prerank,Reactome_2022__Interleukin-12 Family Signaling R-HSA-447115,0.8291450284571538,1.1926405503144049,0.06354166666666666,0.38269518437493366,1.0,19/54,6.39%,ANXA2;PPIA;PSME2;AURKAIP1;SOD1;RPLP0;STAT1;HNRNPF;P4HB;TALDO1;GSTO1;HSPA9;CDC42;TCP1;CANX;MSN;HNRNPDL;PDCD4;SNRPA1,EC-PTC
prerank,Reactome_2022__EPH-ephrin Mediated Repulsion Of Cells R-HSA-3928665,0.8342578600332998,1.1925848270503836,0.055323590814196244,0.38179028268582815,1.0,14/49,8.25%,RNASE1;CLTA;AP2M1;EPHA4;AP2S1;EPHA2;EFNA1;CLTC;YES1;PSENEN;CLTB;APH1B;APH1A;PSEN2,EC-PTC
prerank,Reactome_2022__ER Quality Control Compartment (ERQC) R-HSA-901032,0.8665748408566812,1.1924243473399392,0.1343612334801762,0.38155252267726414,1.0,10/20,6.04%,UBB;RPS27A;UBA52;DERL2;RNF5;AMFR;UBC;SYVN1;RNF139;OS9,EC-PTC
prerank,Reactome_2022__Lysosome Vesicle Biogenesis R-HSA-432720,0.8510854765115103,1.1923997527125396,0.06885593220338983,0.38043692321651984,1.0,17/34,9.17%,CLTA;CHMP2A;VAMP8;VAMP2;BLOC1S1;GNS;AP1S2;CTSZ;HSPA8;AP1S1;TXNDC5;CLTC;DNM2;CLTB;HGS;M6PR;DNASE2,EC-PTC
prerank,Reactome_2022__Amino Acids Regulate mTORC1 R-HSA-9639288,0.8358933337862444,1.192284568971408,0.058394160583941604,0.37991902413842416,1.0,22/54,9.21%,ATP6V1G1;ATP6V0B;ATP6V0E1;ATP6V0C;RRAGA;LAMTOR1;LAMTOR5;LAMTOR4;LAMTOR2;RHEB;ATP6V0D1;ATP6V1F;ATP6V1A;ATP6V1C1;SEC13;RRAGC;TCIRG1;ATP6V1E1;LAMTOR3;FLCN;ATP6V0E2;WDR59,EC-PTC
prerank,Reactome_2022__Aflatoxin Activation And Detoxification R-HSA-5423646,0.8625763248146451,1.192255578629847,0.13072625698324022,0.3788478023283362,1.0,3/18,5.89%,MGST3;MGST2;AKR7A2,EC-PTC
prerank,Reactome_2022__Gap Junction Trafficking R-HSA-190828,0.8564439099181855,1.1920911624625656,0.1118421052631579,0.3787341412617148,1.0,6/25,5.68%,CLTA;AP2M1;DAB2;CLTC;DNM2;CLTB,EC-PTC
prerank,Reactome_2022__Other Semaphorin Interactions R-HSA-416700,-0.6978099548169981,-1.1920284346959282,0.22916666666666666,1.0,1.0,1/19,0.05%,SEMA6A,EC-PTC
prerank,Reactome_2022__Pyruvate Metabolism And Citric Acid (TCA) Cycle R-HSA-71406,0.8256169091762217,1.190788256033632,0.06418219461697723,0.38646467952624564,1.0,28/54,12.23%,LDHA;LDHB;BSG;MPC2;MDH2;VDAC1;HAGH;SDHD;MPC1;PDHB;SDHB;SDHA;IDH2;SUCLG1;NNT;IDH3B;ACO2;GLO1;IDH3G;IDH3A;PDHA1;CS;SLC16A1;SUCLA2;FAHD1;PDHX;PDPR;LDLR,EC-PTC
prerank,Reactome_2022__Nucleotide Excision Repair R-HSA-5696398,0.817983333915847,1.190358920122764,0.022357723577235773,0.3882935248728194,1.0,62/107,13.73%,UBB;RPS27A;HMGN1;SUMO2;UBA52;POLR2J;POLR2L;POLR2F;POLR2K;POLR2H;GTF2H5;RBX1;POLE4;SUMO1;COPS6;RAD23A;POLR2C;POLR2I;RPA3;COPS2;UBE2I;UBE2N;YY1;PCNA;DDB1;POLR2E;ERCC1;UBC;USP7;XPA;RAD23B;EP300;POLD4;COPS3;INO80C;XPC;UBE2V2;ZNF830;POLR2A;TCEA1;MCRS1;POLD2;DDB2;INO80E;GTF2H1;POLR2D;POLE3;GPS1;COPS4;COPS5;PPIE;INO80D;PARP1;COPS7A;POLR2B;CUL4B;CETN2;COPS8;ACTL6A;POLR2G;XRCC1;POLD1,EC-PTC
prerank,Reactome_2022__Signaling By FGFR2 IIIa TM R-HSA-8851708,0.8645956410934411,1.1895692329847107,0.1319290465631929,0.3923798773969146,1.0,9/19,4.89%,POLR2J;POLR2L;POLR2F;POLR2K;POLR2H;POLR2C;POLR2I;NCBP2;POLR2E,EC-PTC
prerank,MSigDB_Hallmark_2020__Allograft Rejection,0.8130214958396091,1.1892126254210047,0.003003003003003003,0.21181105560294056,0.636,45/196,8.55%,SRGN;HIF1A;RPS9;TIMP1;RPS3A;RPS19;NPM1;RPL9;STAT1;RPL39;DEGS1;HLA-DMA;B2M;EIF3A;TGFB1;IFNGR2;EIF3D;IKBKB;TAP2;TAPBP;CAPG;FLNA;UBE2N;EIF5A;CCL2;TAP1;PSMB10;THY1;CCND3;F2R;HLA-DMB;ICAM1;CD47;GALNT1;IFNAR2;STAB1;HLA-E;HLA-DRA;CD40;CSK;NME1;IL2RG;GBP2;ABCE1;BCL10,EC-PTC
prerank,Reactome_2022__Glycogen Storage Diseases R-HSA-3229121,0.885854502118536,1.1891559427596312,0.14022988505747128,0.3940023803880412,1.0,3/14,0.73%,UBB;RPS27A;UBA52,EC-PTC
prerank,Reactome_2022__TAK1-dependent IKK And NF-kappa-B Activation R-HSA-445989,0.8320073429346672,1.18900749825768,0.08490566037735849,0.39368351458900575,1.0,17/45,8.78%,UBB;RPS27A;UBA52;NFKBIA;IKBKB;TANK;UBE2N;RELA;NKIRAS2;UBE2V1;UBC;HMGB1;IRAK1;NFKB1;USP14;IKBKG;TP53,EC-PTC
prerank,Reactome_2022__IRE1alpha Activates Chaperones R-HSA-381070,0.8329573526880418,1.1880564128384588,0.06618407445708377,0.3991259106855727,1.0,34/48,12.59%,MYDGF;TLN1;PDIA6;SERP1;HDGF;DCTN1;ATP6V0D1;CTDSP2;ACADVL;SSR1;WFS1;DNAJB9;SYVN1;SRPRA;SHC1;WIPI1;LMNA;GOSR2;SRPRB;GSK3A;KLHDC3;EXTL2;GFPT1;TATDN2;SEC31A;CXXC1;EXTL3;YIF1A;PPP2R5B;DNAJB11;DNAJC3;HSPA5;ARFGAP1;ERN1,EC-PTC
prerank,Reactome_2022__Mitotic G2-G2/M Phases R-HSA-453274,0.8099495555946861,1.187166576705943,0.006042296072507553,0.40408521225311156,1.0,68/183,7.60%,UBB;RPS27A;PSMB6;PSMB3;PSME2;TUBB4B;MZT2B;PSMB1;UBA52;DYNLL1;SKP1;PSMB5;OPTN;PSMA4;PSME1;PSMA6;PSMB8;PSMB2;PSMB9;RBX1;PSMA2;PPP1CB;PSMA7;PSMD8;HSP90AA1;SSNA1;TUBB;PSMC5;PSMC6;YWHAE;PSMD9;PSMA3;DCTN3;PSMA5;PSMC4;PSMB7;DCTN1;PSMC3;PSMA1;PSMD2;PPP2CB;DCTN2;PSMD13;PSMD7;ACTR1A;MZT2A;PPP2R1A;UBC;MZT1;PSMB10;PPP2CA;RAB8A;RBBP4;XPO1;PSMD6;MAPRE1;SEM1;PRKAR2B;DYNC1H1;PSMD14;CSNK1E;EP300;PSMD3;HAUS7;TUBG1;PSMC2;TUBGCP2;PSMD12,EC-PTC
prerank,Reactome_2022__Pausing And Recovery Of Tat-mediated HIV Elongation R-HSA-167238,0.8416860636819621,1.186884334105241,0.10885805763073639,0.404729393269075,1.0,26/31,14.76%,ELOB;POLR2J;POLR2L;POLR2F;POLR2K;POLR2H;ELOC;POLR2C;SUPT4H1;POLR2I;NELFE;POLR2E;SUPT5H;POLR2A;TCEA1;SSRP1;POLR2D;CCNT1;NELFA;POLR2B;CTDP1;POLR2G;ELOA;GTF2F1;NELFB;CDK9,EC-PTC
prerank,Reactome_2022__G2/M Transition R-HSA-69275,0.8102813662807814,1.1867502354827213,0.006042296072507553,0.4043426095667579,1.0,68/181,7.60%,UBB;RPS27A;PSMB6;PSMB3;PSME2;TUBB4B;MZT2B;PSMB1;UBA52;DYNLL1;SKP1;PSMB5;OPTN;PSMA4;PSME1;PSMA6;PSMB8;PSMB2;PSMB9;RBX1;PSMA2;PPP1CB;PSMA7;PSMD8;HSP90AA1;SSNA1;TUBB;PSMC5;PSMC6;YWHAE;PSMD9;PSMA3;DCTN3;PSMA5;PSMC4;PSMB7;DCTN1;PSMC3;PSMA1;PSMD2;PPP2CB;DCTN2;PSMD13;PSMD7;ACTR1A;MZT2A;PPP2R1A;UBC;MZT1;PSMB10;PPP2CA;RAB8A;RBBP4;XPO1;PSMD6;MAPRE1;SEM1;PRKAR2B;DYNC1H1;PSMD14;CSNK1E;EP300;PSMD3;HAUS7;TUBG1;PSMC2;TUBGCP2;PSMD12,EC-PTC
prerank,Reactome_2022__trans-Golgi Network Vesicle Budding R-HSA-199992,0.8267476575668735,1.1866569165572247,0.03983656792645557,0.4036798439152997,1.0,40/71,11.22%,FTH1;FTL;CLTA;CHMP2A;VAMP8;RAB5C;YIPF6;TGOLN2;VAMP2;BLOC1S1;GNS;SNAPIN;AP1S2;TPD52L1;CTSZ;HSPA8;SORT1;GOLGB1;AP1S1;TXNDC5;CLTC;DNM2;ACBD3;SNX5;SNX2;CLTB;IGF2R;HGS;HIP1R;M6PR;CLINT1;AP3S1;DNASE2;BLOC1S4;PUM1;OCRL;BLOC1S6;ARRB1;TPD52;PTGES2,EC-PTC
prerank,Reactome_2022__Presynaptic Function Of Kainate Receptors R-HSA-500657,0.8581366347075301,1.1865308779543144,0.13925438596491227,0.4032488112028153,1.0,6/21,8.30%,GNG11;GNG5;GNG10;GNG12;GNB2;GNG2,EC-PTC
prerank,Reactome_2022__E3 Ubiquitin Ligases Ubiquitinate Target Proteins R-HSA-8866654,0.8309873539483893,1.1863963085025677,0.07489451476793249,0.4029139126250219,1.0,27/44,9.10%,UBB;RPS27A;UBA52;RRAGA;RNF181;UBE2D2;VCP;UBE2D3;RNF152;SELENOS;PEX2;RTF1;UBE2N;UBE2L3;PCNA;UBC;DERL1;UBE2B;PRKDC;UBE2A;TMEM129;HLTF;UBE2V2;PAF1;UBE2E1;BCL10;WAC,EC-PTC
prerank,Reactome_2022__S Phase R-HSA-69242,0.8106140822055393,1.186178889719964,0.008040201005025126,0.40312614181223544,1.0,70/161,10.55%,UBB;RPS27A;PSMB6;PSMB3;PSME2;PSMB1;UBA52;SKP1;PSMB5;PSMA4;PSME1;PSMA6;PSMB8;PSMB2;PSMB9;RBX1;POLE4;PSMA2;ANAPC16;ANAPC11;PSMA7;PSMD8;PSMC5;PSMC6;PSMD9;CDC26;PSMA3;E2F4;PSMA5;PSMC4;SMC3;PSMB7;PSMC3;PSMA1;CDK4;PSMD2;RPA3;CABLES1;MCM7;PSMD13;PCNA;PSMD7;UBC;ANAPC10;PSMB10;RBBP4;PSMD6;SEM1;CKS1B;SMC1A;PSMD14;PSMD3;POLD4;CDC16;RAD21;PSMC2;PSMD12;UBE2E1;ANAPC15;PSMD11;PSMD10;POLD2;MCM6;PSMC1;ORC4;UBE2S;CDKN1A;UBE2D1;ANAPC7;POLE3,EC-PTC
prerank,Reactome_2022__Downstream TCR Signaling R-HSA-202424,0.8199445188900094,1.1861079572697666,0.033707865168539325,0.4023400082439323,1.0,55/91,9.11%,UBB;RPS27A;PSMB6;PSMB3;PSME2;PSMB1;UBA52;SKP1;PSMB5;PSMA4;PSME1;PSMA6;PSMB8;PSMB2;PSMB9;PSMA2;UBE2D2;HLA-DPA1;PSMA7;PSMD8;NFKBIA;PSMC5;PSMC6;HLA-DRB1;PSMD9;PSMA3;HLA-DQA2;PSMA5;PSMC4;PSMB7;IKBKB;PSMC3;PSMA1;PSMD2;UBE2N;PSMD13;RELA;PSMD7;UBE2V1;UBC;PSMB10;PSMD6;SEM1;PSMD14;PSMD3;PTEN;PSMC2;HLA-DRA;PSMD12;NFKB1;BCL10;IKBKG;PSMD11;MALT1;PSMD10,EC-PTC
prerank,Reactome_2022__TP53 Regulates Transcription Of Cell Cycle Genes R-HSA-6791312,0.8313903475789199,1.1859859032165538,0.065625,0.4018527625528199,1.0,17/49,10.60%,RGCC;NPM1;PRMT1;E2F4;REXO2;PCNA;BAX;CNOT7;EP300;PLK3;CNOT3;CNOT2;CNOT11;TP53;CDKN1A;CNOT8;PLAGL1,EC-PTC
prerank,Reactome_2022__Ovarian Tumor Domain Proteases R-HSA-5689896,0.8383285924926339,1.185900250472378,0.08059384941675504,0.40115799852513195,1.0,16/38,11.05%,UBB;RPS27A;UBA52;VCP;RHOA;UBC;PTEN;ZRANB1;OTUB1;IKBKG;TP53;VCPIP1;UBE2D1;TNIP1;IFIH1;TNIP2,EC-PTC
prerank,Reactome_2022__XBP1(S) Activates Chaperone Genes R-HSA-381038,0.8335933967708166,1.1856791633372554,0.06763787721123829,0.4013829581573424,1.0,32/46,12.44%,MYDGF;TLN1;PDIA6;SERP1;HDGF;DCTN1;ATP6V0D1;CTDSP2;ACADVL;SSR1;WFS1;DNAJB9;SYVN1;SRPRA;SHC1;WIPI1;LMNA;GOSR2;SRPRB;GSK3A;KLHDC3;EXTL2;GFPT1;TATDN2;SEC31A;CXXC1;EXTL3;YIF1A;PPP2R5B;DNAJB11;DNAJC3;ARFGAP1,EC-PTC
prerank,Reactome_2022__PTEN Regulation R-HSA-6807070,0.8171629882170295,1.1851235222094232,0.013078470824949699,0.40390218724093163,1.0,73/138,9.99%,UBB;RPS27A;PSMB6;PSMB3;PSME2;PSMB1;UBA52;PSMB5;PSMA4;PSME1;RRAGA;JUN;PSMA6;PSMB8;PSMB2;PSMB9;PSMA2;LAMTOR1;CSNK2B;LAMTOR5;PSMA7;PSMD8;LAMTOR4;LAMTOR2;PSMC5;PSMC6;PSMD9;PSMA3;PSMA5;PSMC4;RBBP7;PSMB7;VAPA;RHEB;PSMC3;PSMA1;STUB1;HDAC7;PSMD2;HDAC5;PSMD13;HDAC2;PSMD7;CHD4;PHC2;EGR1;CHD3;UBC;NEDD4;PSMB10;RBBP4;USP7;PSMD6;SEM1;PSMD14;MAF1;PSMD3;PTEN;PSMC2;PSMD12;RRAGC;LAMTOR3;TNKS2;PSMD11;TP53;SUZ12;HDAC1;PSMD10;MOV10;TRIM27;SNAI1;MTA1;PSMC1,EC-PTC
prerank,Reactome_2022__mRNA Splicing - Major Pathway R-HSA-72163,0.8118056722401906,1.1850866530140594,0.00909090909090909,0.402891325588265,1.0,124/180,12.83%,SNU13;SNRPG;YBX1;SNRPN;SRSF9;POLR2J;LSM7;POLR2L;POLR2F;POLR2K;LSM3;POLR2H;SNRPD2;PTBP1;LSM4;SNRPE;SNRPB;HNRNPF;SF3B6;SRSF5;SYF2;RBM8A;PCBP1;BUD31;POLR2C;RBM17;SNRPD3;DNAJC8;PUF60;RBMX;POLR2I;LSM6;LSM5;SRRM1;SRSF6;HNRNPA1;SNW1;HNRNPK;CD2BP2;SRSF10;SNRNP200;SNRPF;HSPA8;HNRNPUL1;CWC15;LSM2;LSM8;NCBP2;SLU7;SNRPB2;HNRNPA0;MAGOH;HNRNPL;SRRT;PHF5A;SF3B5;POLR2E;DHX15;DHX9;U2AF2;PRPF40A;DDX46;CDC40;PPIH;SRSF2;HNRNPA3;SNRNP27;SF1;SNRPA1;SF3B4;WBP11;EIF4A3;TXNL4A;SNRPC;HNRNPM;SF3B1;PCBP2;ELAVL1;HNRNPR;CPSF2;CRNKL1;SF3A1;HNRNPH2;CASC3;PRPF8;POLR2A;RBM42;PQBP1;DDX23;SNRNP70;PRCC;SF3B2;PPIL1;SRSF4;BCAS2;GPKOW;SRSF1;CHERP;PCF11;FUS;TRA2B;POLR2D;RNPS1;PPIL3;SRSF7;PPIE;HNRNPA2B1;PRPF38A;TFIP11;SMNDC1;DDX42;SF3A2;WBP4;PRPF31;SF3B3;MAGOHB;SRSF11;ALYREF;PLRG1;RBM22;PPIL4;PABPN1;POLR2B;PRPF3,EC-PTC
prerank,Reactome_2022__Defective Intrinsic Pathway For Apoptosis R-HSA-9734009,0.8536321964363086,1.1850720044876668,0.11326860841423948,0.401743859545782,1.0,11/24,10.05%,PRDX1;PRDX2;CAPN2;JUN;YWHAE;C1QBP;CAPNS1;GOLGA2;LMNA;TP53;CDK5,EC-PTC
prerank,Reactome_2022__Signaling By FGFR4 R-HSA-5654743,0.8446112136248058,1.1847289559943632,0.07291666666666667,0.4029877892123689,1.0,13/40,9.25%,UBB;RPS27A;UBA52;PPP2CB;SPRY2;PPP2R1A;UBC;PPP2CA;SHC1;PTPN11;NRAS;HRAS;PLCG1,EC-PTC
prerank,Reactome_2022__Signaling By FGFR3 R-HSA-5654741,0.8425000712884335,1.1844153029989302,0.08220603537981269,0.40397849931915797,1.0,13/39,9.25%,UBB;RPS27A;UBA52;PPP2CB;SPRY2;PPP2R1A;UBC;PPP2CA;SHC1;PTPN11;NRAS;HRAS;PLCG1,EC-PTC
prerank,Reactome_2022__Constitutive Signaling By NOTCH1 HD Domain Mutants R-HSA-2691232,0.866463486161989,1.184371772249788,0.13516609392898052,0.4030218836191071,1.0,9/15,11.47%,UBB;RPS27A;UBA52;UBC;NOTCH1;JAG1;NEURL1B;DLL4;JAG2,EC-PTC
prerank,Reactome_2022__Metabolism Of Steroid Hormones R-HSA-196071,0.8363761108154328,1.184338170081732,0.09776833156216791,0.4019845824673374,1.0,8/35,8.07%,AKR1B1;TSPO;FDX1;STARD4;HSD17B12;STARD3;STARD3NL;FDX2,EC-PTC
prerank,Reactome_2022__NOTCH2 Activation And Transmission Of Signal To Nucleus R-HSA-2979096,0.8531913243110293,1.1842158764938842,0.12030905077262694,0.4015647585630893,1.0,12/21,11.47%,UBB;RPS27A;UBA52;UBC;PSENEN;APH1B;APH1A;PSEN2;JAG1;NEURL1B;DLL4;JAG2,EC-PTC
prerank,Reactome_2022__Programmed Cell Death R-HSA-5357801,0.8094670351600769,1.1841151083103072,0.011011011011011011,0.4009721266223462,1.0,86/200,7.79%,SDCBP;UBB;RPS27A;VIM;CDC37;PSMB6;PSMB3;PSME2;PSMB1;CYCS;UBA52;DYNLL1;GSN;PSMB5;CHMP2A;PSMA4;PSME1;PSMA6;PSMB8;UACA;PSMB2;PSMB9;TNFSF10;PSMA2;YWHAQ;PSMA7;BCAP31;PSMD8;HSP90AA1;SATB1;TLR4;PSMC5;PSMC6;YWHAE;PSMD9;PSMA3;NDUFA2;PSMA5;PSMC4;C1QBP;PSMB7;REXO2;PSMC3;PSMA1;STUB1;IRF1;HMGB2;TANK;PSMD2;BAD;LY96;NMT1;KPNB1;CHMP4B;IRF2;PSMD13;PMAIP1;PSMD7;APIP;KPNA1;UBC;CHMP2B;PSMB10;BCL2L1;YWHAB;BAX;STK24;BIRC2;CHMP4C;FLOT1;CASP4;PSMD6;SEM1;HMGB1;PSMD14;LMNA;PSMD3;GSDMD;YWHAH;PSMC2;FLOT2;ROCK1;BBC3;APPL1;PSMD12;YWHAZ,EC-PTC
prerank,Reactome_2022__HIV Elongation Arrest And Recovery R-HSA-167287,0.8400825575445262,1.1840311992033357,0.1044776119402985,0.400297309504071,1.0,27/33,14.76%,ELOB;POLR2J;POLR2L;POLR2F;POLR2K;POLR2H;ELOC;POLR2C;SUPT4H1;POLR2I;NELFE;POLR2E;SUPT5H;POLR2A;TCEA1;CCNK;SSRP1;POLR2D;CCNT1;NELFA;POLR2B;CTDP1;POLR2G;ELOA;GTF2F1;NELFB;CDK9,EC-PTC
prerank,Reactome_2022__G Beta:Gamma Signaling Thru PLC Beta R-HSA-418217,0.8584513436756478,1.1838883848004584,0.14647577092511013,0.4000450326284663,1.0,6/20,8.30%,GNG11;GNG5;GNG10;GNG12;GNB2;GNG2,EC-PTC
prerank,Reactome_2022__TCR Signaling R-HSA-202403,0.81616584956635,1.183418022322533,0.025380710659898477,0.4021705330222882,1.0,60/113,9.25%,UBB;RPS27A;PSMB6;PSMB3;PSME2;PSMB1;UBA52;SKP1;PSMB5;VASP;PSMA4;PSME1;PSMA6;PSMB8;PSMB2;PSMB9;PSMA2;UBE2D2;HLA-DPA1;PSMA7;PSMD8;NFKBIA;PSMC5;PSMC6;HLA-DRB1;PSMD9;PSMA3;HLA-DQA2;PSMA5;PSMC4;PSMB7;IKBKB;PSMC3;PSMA1;PSMD2;UBE2N;PSMD13;RELA;PSMD7;UBE2V1;UBC;PSMB10;PKN1;PSMD6;SEM1;PSMD14;PSMD3;PTEN;PSMC2;HLA-DRA;PSMD12;CSK;NFKB1;SPNS1;BCL10;IKBKG;PSMD11;MALT1;PSMD10;PLCG1,EC-PTC
prerank,Reactome_2022__NGF-stimulated Transcription R-HSA-9031628,0.8365387388296436,1.1832604649088916,0.08718487394957983,0.40199597624100225,1.0,15/39,10.15%,ID3;ID1;JUND;FOS;CREB1;CHD4;EGR1;DNM2;LYL1;EP300;SGK1;ARC;MEF2D;CDK5;ID4,EC-PTC
prerank,MSigDB_Hallmark_2020__Unfolded Protein Response,0.8168402016073943,1.183136879853178,0.032586558044806514,0.2113710518121387,0.7,68/110,12.79%,RPS14;NPM1;ATF4;EIF4A1;LSM4;PAIP1;SEC11A;EIF4A2;PDIA6;SERP1;IMP3;SPCS1;KHSRP;DCTN1;ATP6V0D1;NHP2;CALR;DDIT4;LSM1;HSPA9;SPCS3;IFIT1;CEBPG;SSR1;WFS1;KIF5B;EIF2S1;CCL2;DNAJB9;BANF1;XBP1;EIF4E;NFYB;SRPRA;EEF2;SHC1;WIPI1;CKS1B;HERPUD1;DKC1;EIF4A3;GOSR2;ATF6;TUBB2A;SRPRB;POP4;YWHAZ;CNOT2;NOP56;SDAD1;EXOSC4;TATDN2;FUS;HSP90B1;SLC30A5;EIF4G1;EDC4;SEC31A;CXXC1;YIF1A;NOLC1;DNAJC3;TTC37;HSPA5;ARFGAP1;ERN1;ALDH18A1;EXOSC9,EC-PTC
prerank,Reactome_2022__Synthesis Of Pyrophosphates In Cytosol R-HSA-1855167,0.8796639952188849,1.1831135408488462,0.17990074441687345,0.4017439685260152,1.0,3/10,4.41%,ITPK1;NUDT4;NUDT3,EC-PTC
prerank,Reactome_2022__MASTL Facilitates Mitotic Progression R-HSA-2465910,0.8880877095910922,1.1830201193616283,0.16868932038834952,0.4011365512215645,1.0,5/10,5.18%,ARPP19;PPP2CB;ENSA;PPP2R1A;PPP2CA,EC-PTC
prerank,Reactome_2022__Inactivation Of APC/C Via Direct Inhibition Of APC/C Complex R-HSA-141430,0.8538733560479239,1.1829796246804796,0.14393939393939395,0.40018944163655656,1.0,13/21,12.48%,ANAPC16;ANAPC11;BUB3;CDC26;ANAPC10;CDC16;UBE2E1;ANAPC15;UBE2S;UBE2D1;ANAPC7;CDC27;CDC23,EC-PTC
prerank,Reactome_2022__RUNX1 Regulates Transcription Of Genes Involved In Differentiation Of HSCs R-HSA-8939236,0.8227511814147966,1.1827483128490301,0.040123456790123455,0.40058005385949225,1.0,37/69,7.06%,UBB;RPS27A;PSMB6;PSMB3;PSME2;PSMB1;UBA52;PSMB5;PSMA4;PSME1;LMO2;PSMA6;PSMB8;PSMB2;PSMB9;PSMA2;PSMA7;PSMD8;PSMC5;PSMC6;PSMD9;PSMA3;PSMA5;PSMC4;PSMB7;PSMC3;PSMA1;PSMD2;PSMD13;PSMD7;UBC;PSMB10;PSMD6;SEM1;PSMD14;PSMD3;PSMC2,EC-PTC
prerank,Reactome_2022__Methylation R-HSA-156581,0.8660061731839431,1.1826390018618158,0.16552511415525115,0.40010884474503866,1.0,5/14,6.08%,TRMT112;COMT;GSTO1;MAT2B;MAT2A,EC-PTC
prerank,Reactome_2022__mRNA Splicing R-HSA-72172,0.8106405744355806,1.1825015311088032,0.010101010101010102,0.3999374374754033,1.0,128/188,12.83%,SNU13;SNRPG;YBX1;SNRPN;SRSF9;POLR2J;LSM7;POLR2L;POLR2F;POLR2K;LSM3;POLR2H;SNRPD2;PTBP1;LSM4;SNRPE;SNRPB;HNRNPF;SF3B6;SRSF5;SYF2;RBM8A;PCBP1;BUD31;POLR2C;RBM17;SNRPD3;ZCRB1;DNAJC8;PUF60;RBMX;POLR2I;LSM6;LSM5;SRRM1;SRSF6;HNRNPA1;SNW1;HNRNPK;CD2BP2;SRSF10;SNRNP200;SNRPF;HSPA8;HNRNPUL1;CWC15;LSM2;LSM8;NCBP2;SLU7;SNRPB2;HNRNPA0;MAGOH;HNRNPL;SRRT;PHF5A;SF3B5;POLR2E;DHX15;DHX9;U2AF2;PRPF40A;DDX46;CDC40;PDCD7;SNRNP25;PPIH;SRSF2;HNRNPA3;SNRNP27;SNRNP35;SF1;SNRPA1;SF3B4;WBP11;EIF4A3;TXNL4A;SNRPC;HNRNPM;SF3B1;PCBP2;ELAVL1;HNRNPR;CPSF2;CRNKL1;SF3A1;HNRNPH2;CASC3;PRPF8;POLR2A;RBM42;PQBP1;DDX23;SNRNP70;PRCC;SF3B2;PPIL1;SRSF4;BCAS2;GPKOW;SRSF1;CHERP;PCF11;FUS;TRA2B;POLR2D;RNPS1;PPIL3;SRSF7;PPIE;HNRNPA2B1;PRPF38A;TFIP11;SMNDC1;DDX42;SF3A2;WBP4;PRPF31;SF3B3;MAGOHB;SRSF11;ALYREF;PLRG1;RBM22;PPIL4;PABPN1;POLR2B;PRPF3,EC-PTC
prerank,Reactome_2022__Selective Autophagy R-HSA-9663891,0.8270177435750016,1.182340486407523,0.06514994829369183,0.39987500338625426,1.0,28/61,6.90%,UBB;RPS27A;PARK7;UBA52;DYNLL1;TOMM5;TOMM20;TOMM6;SQSTM1;VCP;PINK1;MAP1LC3B;CSNK2B;VDAC1;HSP90AA1;TOMM7;TOMM22;PLIN2;NBR1;HSPA8;UBE2N;MAP1LC3A;UBE2V1;PRKAB1;UBC;DYNC1LI2;DYNC1H1;HSF1,EC-PTC
prerank,Reactome_2022__Activation Of Kainate Receptors Upon Glutamate Binding R-HSA-451326,0.8502298242868029,1.182338290812524,0.10184182015167931,0.39870287157181356,1.0,7/29,8.30%,GNG11;GNG5;CALM1;GNG10;GNG12;GNB2;GNG2,EC-PTC
prerank,Reactome_2022__SUMOylation Of Immune Response Proteins R-HSA-4755510,0.8831147804576315,1.1816080448724497,0.17076023391812867,0.4024645146902204,1.0,5/11,4.17%,SUMO2;SUMO1;NFKBIA;UBE2I;RELA,EC-PTC
prerank,Reactome_2022__Interferon Alpha/Beta Signaling R-HSA-909733,0.8262053335992141,1.181532215948387,0.03946002076843198,0.4017807332590166,1.0,34/72,9.58%,IFI27;BST2;STAT1;ISG15;PSMB8;IFIT3;IFITM3;IFNAR1;IFI6;IRF9;IRF1;HLA-C;MX1;OAS1;KPNB1;IRF2;EGR1;OAS3;IFIT1;IFI35;RSAD2;KPNA1;STAT2;XAF1;IFNAR2;IFIT2;HLA-E;PTPN11;SOCS3;GBP2;OAS2;ABCE1;MX2;ADAR,EC-PTC
prerank,Reactome_2022__Transcriptional Regulation By RUNX3 R-HSA-8878159,0.8199634227440927,1.1815177304481872,0.029322548028311426,0.4007108929562202,1.0,51/94,9.11%,UBB;RPS27A;PSMB6;PSMB3;PSME2;PSMB1;UBA52;PSMB5;PSMA4;PSME1;PSMA6;PSMB8;PSMB2;PSMB9;PSMA2;BRD2;PSMA7;PSMD8;TGFB1;PSMC5;PSMC6;PSMD9;PSMA3;PSMA5;PSMC4;PSMB7;PSMC3;PSMA1;SNW1;CCN2;PSMD2;KAT2B;PSMD13;PSMD7;CREBBP;UBC;PSMB10;PSMD6;SEM1;PSMD14;EP300;PSMD3;PSMC2;NOTCH1;PSMD12;NRAS;PSMD11;TP53;JAG1;TEAD2;PSMD10,EC-PTC
prerank,Reactome_2022__DNA Double Strand Break Response R-HSA-5693606,0.8325930285863975,1.1814903542342419,0.08447729672650475,0.39976283516294214,1.0,18/44,9.70%,UBB;RPS27A;UBA52;SUMO1;UBXN1;UBE2I;UBE2N;SMARCA5;UBC;KDM4B;BAZ1B;UBE2V2;KAT5;BABAM1;TP53;KPNA2;ATM;ABRAXAS1,EC-PTC
prerank,MSigDB_Hallmark_2020__Protein Secretion,0.8156023508876107,1.1814115638635894,0.02959183673469388,0.19147417709620707,0.722,53/96,11.19%,ATP1A1;CD63;CLTA;GNAS;SOD1;COPE;AP2M1;YIPF6;TMED10;AP2S1;BNIP3;LMAN1;COPB1;TMED2;RAB14;TSG101;ARF1;RER1;NAPA;RAB5A;CAV2;TMX1;SEC22B;VAMP4;RPS6KA3;CLTC;RAB9A;ATP7A;CTSC;ARFGAP3;VAMP3;SNX2;GOLGA4;VPS4B;KRT18;GOSR2;IGF2R;COPB2;PPT1;USO1;M6PR;SCAMP3;BET1;ERGIC3;AP3S1;ARCN1;OCRL;STX7;LAMP2;TSPAN8;SEC31A;TPD52;RAB2A,EC-PTC
prerank,Reactome_2022__Golgi Associated Vesicle Biogenesis R-HSA-432722,0.8301909150663774,1.18076489984945,0.0629514963880289,0.4033256177645906,1.0,32/55,11.14%,FTH1;FTL;CLTA;VAMP8;RAB5C;YIPF6;TGOLN2;VAMP2;BLOC1S1;SNAPIN;AP1S2;TPD52L1;HSPA8;SORT1;GOLGB1;AP1S1;TXNDC5;CLTC;DNM2;ACBD3;SNX5;SNX2;IGF2R;HIP1R;CLINT1;AP3S1;BLOC1S4;PUM1;OCRL;BLOC1S6;ARRB1;TPD52,EC-PTC
prerank,Reactome_2022__UCH Proteinases R-HSA-5689603,0.8232016114486191,1.1806869616329838,0.02661207778915046,0.4026382693547137,1.0,49/84,10.01%,UBB;RPS27A;PSMB6;NEDD8;PSMB3;PSME2;PSMB1;UBA52;PSMB5;PSMA4;PSME1;PSMA6;PSMB8;PSMB2;PSMB9;PSMA2;PSMA7;PSMD8;TGFB1;PSMC5;PSMC6;PSMD9;ADRM1;PSMA3;PSMA5;PSMC4;PSMB7;PSMC3;PSMA1;PSMD2;YY1;PSMD13;PSMD7;UBC;PSMB10;PSMD6;SEM1;PSMD14;PSMD3;INO80C;PSMC2;PSMD12;PSMD11;MCRS1;PSMD10;FOXK2;UCHL3;PSMC1;INO80E,EC-PTC
prerank,MSigDB_Hallmark_2020__Interferon Alpha Response,0.8100343007081443,1.1805992655187074,0.04591836734693878,0.1710937817310426,0.727,63/96,13.32%,IFI27;BST2;PSME2;LY6E;EIF2AK2;PSME1;ISG15;PSMB8;PSMB9;LPAR6;IFIT3;B2M;PARP14;IFITM3;IFI44L;PSMA3;CNP;NMI;PARP9;IRF9;IRF1;UBE2L6;HLA-C;CMPK2;ELF1;MX1;OAS1;IRF2;IFI35;RSAD2;TMEM140;TAP1;STAT2;MVB12A;IFI44;TRIM5;LAP3;TRIM21;CD47;IFIT2;GMPR;UBA7;HERC6;PLSCR1;GBP2;CASP1;MOV10;CCRL2;ADAR;EPSTI1;RTP4;IFIH1;IFI30;TRAFD1;TENT5A;SAMD9;PARP12;DDX60;CSF1;TRIM25;IRF7;USP18;SP110,EC-PTC
prerank,Reactome_2022__TBC/RABGAPs R-HSA-8854214,0.8310172186924171,1.1805694800913213,0.11464968152866242,0.4023525310075594,1.0,31/44,14.72%,GABARAP;GABARAPL2;OPTN;RAB5C;MAP1LC3B;RAB11A;RAB5A;RAB7A;ARF6;TBC1D20;RAB8B;RAB8A;RAB43;TBC1D17;TBC1D16;RAB4A;ULK1;GGA2;RAB5B;TSC2;GGA3;RAB33B;TBC1D10A;TSC1;GGA1;TBC1D24;RABEP1;TBC1D10B;RAB35;TBC1D7;TBC1D25,EC-PTC
prerank,Reactome_2022__Positive Epigenetic Regulation Of rRNA Expression R-HSA-5250913,0.8452491474768189,1.1804564423500175,0.07135362014690451,0.4019933770827893,1.0,24/42,11.17%,POLR2L;POLR2F;POLR2K;POLR2H;CBX3;DEK;RBBP7;EHMT2;KAT2B;HDAC2;SMARCA5;CHD4;CHD3;POLR2E;RBBP4;POLR1D;EP300;SF3B1;BAZ1B;HDAC1;TAF1C;MTA1;MTA2;DDX56,EC-PTC
prerank,Reactome_2022__Transcriptional Regulation By TP53 R-HSA-3700989,0.7992362231536992,1.1800613173971193,0.002,0.40335817014531633,1.0,129/353,10.38%,RGCC;COX7C;UBB;COX6C;COX5B;COX6A1;RPS27A;SESN3;COX7B;COX6B1;PRDX5;COX4I1;ELOB;PRDX1;CYCS;COX5A;COX14;UBA52;NPM1;PRELID1;POLR2J;PRDX2;RRAGA;JUN;POLR2L;POLR2F;POLR2K;POLR2H;GTF2H5;COX8A;ELOC;COX20;LAMTOR1;SURF1;YWHAQ;CSNK2B;LAMTOR5;PRMT1;BNIP3L;LAMTOR4;LAMTOR2;POLR2C;YWHAE;FOS;E2F4;SUPT4H1;RBBP7;POLR2I;TMEM219;REXO2;RHEB;COX7A2L;TAF10;RPA3;TXN2;NELFE;DDIT4;PPP2CB;EHMT2;PRKAA1;PMAIP1;PCNA;HDAC2;CHD4;CHD3;CREBBP;DAXX;TXNRD1;PRKAB1;TAF9;POLR2E;PPP2R1A;UBC;CCNG1;PPP2CA;RBBP4;YWHAB;BAX;USP7;COX16;CNOT7;PIP4P1;TAF6;BRD7;EP300;PLK3;KMT5A;PTEN;YWHAH;CNOT3;TNFRSF10D;BBC3;TAF13;TP53RK;SUPT5H;RRAGC;UBL4A;KAT5;YWHAZ;CNOT2;RABGGTB;CNOT11;POLR2A;LAMTOR3;SGK1;RAD17;PERP;TP53;TCEA1;CASP1;HDAC1;RRM2B;CCNK;MOV10;TP53INP1;ATM;TSC2;RICTOR;DDB2;RBBP8;SSRP1;GNPDA1;CDK5;PRKAA2;GTF2H1;BID;CDKN1A;POLR2D;CNOT8,EC-PTC
prerank,Reactome_2022__Class B/2 (Secretin Family Receptors) R-HSA-373080,0.8112228268102506,1.179894837005212,0.04069175991861648,0.4032848256837559,1.0,16/92,8.77%,GNG11;GNG5;GNAS;CALCRL;CD55;RAMP2;GNG10;CRHBP;FZD6;GNG12;FZD8;GNB2;FZD1;RAMP3;GNG2;PTRH2,EC-PTC
prerank,Reactome_2022__Recruitment And ATM-mediated Phosphorylation Of Repair And Signal Proteins At DNA Double Strand Breaks R-HSA-5693565,0.8317354852621637,1.1798133856475863,0.09408033826638477,0.4025896645842092,1.0,17/43,9.70%,UBB;RPS27A;UBA52;SUMO1;UBXN1;UBE2I;UBE2N;SMARCA5;UBC;KDM4B;BAZ1B;UBE2V2;KAT5;BABAM1;TP53;ATM;ABRAXAS1,EC-PTC
prerank,Reactome_2022__NOTCH3 Activation And Transmission Of Signal To Nucleus R-HSA-9013507,0.8476545928367749,1.1797844393172183,0.1297709923664122,0.40160758269076685,1.0,14/25,11.47%,UBB;RPS27A;YBX1;UBA52;UBC;PSENEN;APH1B;APH1A;PSEN2;EGF;JAG1;NEURL1B;DLL4;JAG2,EC-PTC
prerank,Reactome_2022__Folding Of Actin By CCT/TriC R-HSA-390450,0.8892044756651031,1.1797345384837168,0.16726403823178015,0.4007821109243724,1.0,8/10,10.96%,CCT5;CCT3;TCP1;CCT8;CCT6A;CCT7;CCT4;CCT2,EC-PTC
prerank,Reactome_2022__Signaling By WNT R-HSA-195721,0.8011039283111495,1.1788610612276273,0.003,0.4057554301594917,1.0,95/264,9.29%,RNASE1;UBB;PFN1;RPS27A;GNG11;CLTA;PSMB6;PSMB3;PSME2;SNX3;GNG5;PSMB1;UBA52;SKP1;PSMB5;AP2M1;PSMA4;PSME1;PSMA6;PSMB8;TLE5;PSMB2;PSMB9;RBX1;PSMA2;AP2S1;SFRP1;SOX4;CSNK2B;CALM1;PSMA7;PSMD8;CAV1;PSMC5;PSMC6;PSMD9;PSMA3;PSMA5;PSMC4;GNG10;PSMB7;PSMC3;PSMA1;FZD6;RHOA;NCOA3;PSMD2;PPP2CB;PSMD13;PSMD7;GNG12;LGR4;CLTC;CREBBP;PPP2R1A;UBC;VPS35;PSMB10;PPP2CA;CHD8;DVL3;DAAM1;CLTB;RYK;XPO1;VPS29;PSMD6;SEM1;RSPO3;FZD8;PSMD14;CSNK1E;EP300;CTBP1;PSMD3;SOX7;LRP5;KMT2D;PSMC2;ZRANB1;GNB2;PSMD12;KAT5;YWHAZ;FZD1;NRAS;VPS26A;TNKS2;GNG2;PSMD11;HDAC1;PSMD10;TMED5;MOV10;BCL9L,EC-PTC
prerank,Reactome_2022__RHO GTPases Activate KTN1 R-HSA-5625970,0.8744880699983388,1.1782548920143416,0.19047619047619047,0.4086871800784652,1.0,6/10,4.85%,RNASE1;KTN1;RHOA;RHOG;CDC42;KIF5B,EC-PTC
prerank,Reactome_2022__Late SARS-CoV-2 Infection Events R-HSA-9772573,0.8227152613632058,1.1779147624066642,0.07636738906088751,0.40985600871119404,1.0,30/58,10.63%,UBB;RPS27A;DAD1;UBA52;RPN2;SUMO1;PRMT1;PARP14;RPN1;PARP9;ST6GAL1;ZDHHC2;MGAT4B;UBE2I;GANAB;GOLGA7;ZDHHC3;CANX;UBC;PRKCSH;GALNT1;ZDHHC5;MAGT1;ZDHHC8;GSK3A;SRPK1;MOGS;PARP6;ZDHHC20;DDOST,EC-PTC
prerank,Reactome_2022__Macroautophagy R-HSA-1632852,0.8099645375982009,1.1777259274720342,0.033299697275479316,0.40997929604091016,1.0,56/113,10.13%,UBB;RPS27A;GABARAP;PARK7;GABARAPL2;UBA52;DYNLL1;CHMP2A;TOMM5;RRAGA;TOMM20;TOMM6;SQSTM1;VCP;LAMTOR1;PINK1;MAP1LC3B;CSNK2B;LAMTOR5;VDAC1;LAMTOR4;LAMTOR2;HSP90AA1;TOMM7;TOMM22;RHEB;PLIN2;NBR1;CHMP4B;HSPA8;UBE2N;ATG101;PRKAA1;MAP1LC3A;UBE2V1;PRKAB1;UBC;CHMP2B;CHMP4C;DYNC1LI2;WIPI2;WIPI1;WDR45;DYNC1H1;HSF1;WDR45B;RRAGC;LAMTOR3;ULK1;TOMM70;ATM;ATG3;TSC2;MFN2;CHMP6;PRKAA2,EC-PTC
prerank,MSigDB_Hallmark_2020__mTORC1 Signaling,0.8022014520056402,1.177621132960451,0.012036108324974924,0.1686681198073912,0.763,105/198,12.42%,GAPDH;LDHA;PPIA;TPI1;PRDX1;ENO1;SERPINH1;EIF2S2;PSMB5;PSMA4;ATP5MC1;HSPE1;EGLN3;SYTL2;CD9;SQSTM1;UBE2D3;SEC11A;SQLE;SLC2A1;NUPR1;PSMC6;PSMA3;ACTR2;PSMC4;GPI;MAP2K3;SERP1;ACSL3;GLRX;RPN1;CACYBP;HSPD1;DDX39A;DDIT3;NMT1;CALR;PGK1;DDIT4;PDAP1;PSMD13;HSPA9;TXNRD1;IDI1;CCT6A;SSR1;ETF1;CTSC;CANX;ARPC5L;CCNG1;XBP1;RDH11;STARD4;PSMG1;UFM1;CYP51A1;PPA1;EEF1E1;IDH1;PSMD14;SDF2L1;BHLHE40;SC5D;TUBG1;PSMC2;HSPA4;ATP2A2;SLC2A3;PSMD12;PPP1R15A;USO1;M6PR;PFKL;ACLY;IFRD1;RIT1;TCEA1;TES;P4HA1;GGA2;QDPR;LGMN;GOT1;HPRT1;LTA4H;EBP;GTF2H1;ALDOA;HSP90B1;CDKN1A;COPS5;RPA1;MTHFD2L;DHCR24;NFKBIB;SLC1A5;SLC37A4;STIP1;IFI30;TM7SF2;GCLC;LDLR;HSPA5;ATP6V1D,EC-PTC
prerank,Reactome_2022__Cell Cycle Checkpoints R-HSA-69620,0.8030340123951591,1.1775749135481017,0.003006012024048096,0.4098042295589806,1.0,103/251,13.25%,UBB;RPS27A;PSMB6;RPS27;PSMB3;PSME2;PSMB1;UBA52;DYNLL1;PSMB5;PSMA4;PSME1;PSMA6;PSMB8;PSMB2;PSMB9;PSMA2;ANAPC16;ANAPC11;BUB3;YWHAQ;PSMA7;PSMD8;PSMC5;PSMC6;YWHAE;PSMD9;CDC26;PSMA3;PSMA5;PSMC4;PSMB7;REXO2;PSMC3;PSMA1;NUDC;PSMD2;RPA3;PPP2CB;MCM7;UBE2N;PSMD13;PSMD7;SKA2;PPP2R1A;UBC;CARD16;ANAPC10;PSMB10;PPP2CA;YWHAB;DYNC1LI2;XPO1;PSMD6;MAPRE1;SEM1;DYNC1H1;PSMD14;PSMD3;CDC16;CLIP1;NDEL1;YWHAH;PSMC2;SEC13;UBE2V2;PSMD12;KAT5;YWHAZ;UBE2E1;BABAM1;RAD17;ANAPC15;PSMD11;TP53;PSMD10;ATM;PPP1CC;RBBP8;ABRAXAS1;MCM6;PSMC1;ORC4;UBE2S;CDKN1A;UBE2D1;ANAPC7;TP53BP1;PAFAH1B1;YWHAG;PPP2R5B;MCM5;CENPQ;NUP43;CDC27;MIS12;CDC23;PSMB4;PSMF1;PSMD5;MCM3;SPDL1;TOPBP1,EC-PTC
prerank,Reactome_2022__ADP Signaling Thru P2Y Purinoceptor 12 R-HSA-392170,0.8498620343833198,1.1775642803396944,0.13725490196078433,0.4087193391359794,1.0,7/22,9.98%,GNG11;GNG5;GNG10;GNG12;GNB2;GNG2;GNAI1,EC-PTC
prerank,Reactome_2022__DDX58/IFIH1-mediated Induction Of Interferon-Alpha/Beta R-HSA-168928,0.8098926633412274,1.1774789122432239,0.06653019447287616,0.40811934930913374,1.0,34/80,11.53%,UBB;RPS27A;UBA52;ISG15;UBE2D2;UBE2D3;HSP90AA1;NFKBIA;IKBKB;UBE2L6;TANK;RELA;NKIRAS2;CREBBP;UBC;SIKE1;HMGB1;EP300;TAX1BP1;UBA7;CYLD;PCBP2;NFKB1;MAP3K1;IKBKG;TOMM70;UBE2D1;HSP90AB1;RNF216;IFIH1;ATG5;IRF3;NFKBIB;TKFC,EC-PTC
prerank,Reactome_2022__Mitochondrial Biogenesis R-HSA-1592230,0.8151447670814289,1.1770511914151995,0.03790983606557377,0.40982314040874884,1.0,41/89,10.60%,ATP5MG;ATP5F1E;ATP5MC3;ATP5F1D;ATP5PF;ATP5MF;CYCS;ATP5MC2;ATP5ME;ATP5PD;ATP5MC1;ATP5PO;MICOS10;CALM1;ATP5F1B;ATP5F1A;ATP5F1C;MICOS13;HSPA9;CREB1;IDH2;MBD4;CREBBP;PRKAB1;SSBP1;MTX2;TBL1XR1;MTX1;ATP5PB;NR1D1;TMEM11;TFAM;GLUD1;CRTC2;ALAS1;MEF2D;GABPA;PRKAA2;CHCHD3;APOOL;MAPK12,EC-PTC
prerank,Reactome_2022__MicroRNA (miRNA) Biogenesis R-HSA-203927,0.8473741259136611,1.1765961830399476,0.14870689655172414,0.41184056161082583,1.0,10/24,5.11%,RAN;POLR2J;POLR2L;POLR2F;POLR2K;POLR2H;POLR2C;POLR2I;POLR2E;PRKRA,EC-PTC
prerank,Reactome_2022__mRNA Decay By 5 To 3 Exoribonuclease R-HSA-430039,0.8649175405580227,1.176501173883349,0.15723981900452488,0.4113749978874815,1.0,7/15,4.14%,LSM7;LSM3;LSM4;LSM6;LSM5;LSM1;LSM2,EC-PTC
prerank,Reactome_2022__Drug ADME R-HSA-9748784,0.8209112999498858,1.1764253876965851,0.03160040774719674,0.41071690746092177,1.0,4/93,0.54%,NME2;RNASE1;GSTP1;BSG,EC-PTC
prerank,Reactome_2022__ER To Golgi Anterograde Transport R-HSA-199977,0.8048094144737384,1.1763011108844648,0.02631578947368421,0.41032858763039176,1.0,67/133,11.51%,DYNLL1;TRAPPC5;COPE;CAPZA2;KDELR1;CD55;KDELR2;ARF4;TRAPPC4;TRAPPC1;TMED9;LMAN1;COPB1;LMAN2;TMED2;DCTN3;PPP6R1;TMEM115;DCTN1;CD59;TFG;MCFD2;RAB1B;SEC22B;TMED7;CTSZ;DCTN6;F8;GOLGB1;DCTN2;TRAPPC2L;SEC22C;ACTR1A;COPZ1;TBC1D20;DCTN5;CNIH1;CTSC;PPP6C;ACTR10;TRAPPC3;ARFGAP3;GOLGA2;TRAPPC6A;DYNC1LI2;SAR1B;ARFGAP2;DYNC1H1;CAPZB;GOSR2;DCTN4;COPB2;SEC13;USO1;MIA3;BET1;SEC16A;ARF3;TMED3;ARCN1;BET1L;SEC31A;SERPINA1;PTGES2;COPA;STX5;COG1,EC-PTC
prerank,Reactome_2022__Global Genome Nucleotide Excision Repair (GG-NER) R-HSA-5696399,0.8085696211165264,1.1760318850166265,0.05629477993858751,0.4109896610701333,1.0,44/82,13.73%,UBB;RPS27A;SUMO2;UBA52;GTF2H5;RBX1;POLE4;SUMO1;COPS6;RAD23A;RPA3;COPS2;UBE2I;UBE2N;YY1;PCNA;DDB1;ERCC1;UBC;XPA;RAD23B;POLD4;COPS3;INO80C;XPC;UBE2V2;MCRS1;POLD2;DDB2;INO80E;GTF2H1;POLE3;GPS1;COPS4;COPS5;INO80D;PARP1;COPS7A;CUL4B;CETN2;COPS8;ACTL6A;XRCC1;POLD1,EC-PTC
prerank,Reactome_2022__Abortive Elongation Of HIV-1 Transcript In Absence Of Tat R-HSA-167242,0.8478658323718089,1.1759202098866826,0.13852813852813853,0.4106653372160961,1.0,20/23,14.43%,POLR2J;POLR2L;POLR2F;POLR2K;POLR2H;POLR2C;SUPT4H1;POLR2I;NELFE;NCBP2;POLR2E;SUPT5H;POLR2A;POLR2D;NELFA;POLR2B;CTDP1;POLR2G;GTF2F1;NELFB,EC-PTC
prerank,Reactome_2022__Processing Of SMDT1 R-HSA-8949664,0.8550714441764545,1.1757699470840899,0.18076477404403243,0.41056414853984324,1.0,8/15,7.66%,SMDT1;PHB2;SPG7;STOML2;PMPCA;AFG3L2;PARL;PMPCB,EC-PTC
prerank,Reactome_2022__Activation Of G Protein Gated Potassium Channels R-HSA-1296041,0.8357311127821606,1.1757581178832768,0.13533834586466165,0.4095182951179953,1.0,7/29,8.91%,GNG11;GNG5;GNG10;GNG12;GNB2;GNG2;KCNJ16,EC-PTC
prerank,Reactome_2022__M Phase R-HSA-68886,0.796755443530451,1.175717519728919,0.001,0.408650329573397,1.0,157/345,13.79%,UBB;RPS27A;PSMB6;RPS27;PSMB3;PSME2;TUBB4B;MZT2B;TUBA1B;LPIN2;PSMB1;UBA52;DYNLL1;RAN;PSMB5;CHMP2A;SET;PSMA4;PSME1;PSMA6;PSMB8;PSMB2;PSMB9;SUMO1;PSMA2;ANAPC16;ANAPC11;BUB3;CSNK2B;PSMA7;TUBB6;PSMD8;HSP90AA1;SSNA1;TUBB;PSMC5;PSMC6;YWHAE;PSMD9;CDC26;PSMA3;DCTN3;PSMA5;ARPP19;PSMC4;SMC3;PSMB7;DCTN1;PSMC3;PSMA1;NUDC;RAB1B;IST1;PSMD2;KPNB1;CHMP4B;PPP2CB;UBE2I;POM121C;DCTN2;PSMD13;PSMD7;ACTR1A;ENSA;TUBA1C;MZT2A;LBR;SKA2;CTDNEP1;PPP2R1A;UBC;CHMP2B;MZT1;ANAPC10;PSMB10;BANF1;PPP2CA;GOLGA2;SIRT2;NUP54;CHMP4C;DYNC1LI2;XPO1;PSMD6;MAPRE1;SEM1;SMC1A;PRKAR2B;DYNC1H1;PSMD14;LMNA;CSNK1E;PSMD3;CDC16;RAD21;CLIP1;TUBB2A;KMT5A;ANKLE2;NDEL1;HAUS7;TUBG1;PSMC2;SEC13;NUP188;TUBGCP2;PSMD12;USO1;AAAS;MAU2;GORASP2;UBE2E1;TMPO;NUP42;ANAPC15;PSMD11;PSMD10;PPP1CC;CHMP6;PSMC1;UBE2S;HAUS6;CEP152;UBE2D1;ANAPC7;EMD;RAB33B;PAFAH1B1;RAB2A;YWHAG;PPP2R5B;PCNT;SMC4;CENPQ;NUP43;CDC27;NUP93;MIS12;NUMA1;LEMD2;CDC23;PSMB4;PSMF1;PSMD5;OFD1;CETN2;CEP57;SPDL1;HAUS3;HAUS1;KIF2A;LPIN1;NUP50;NUP62;ITGB3BP;HAUS4;NUP107,EC-PTC
prerank,Reactome_2022__MyD88 Deficiency (TLR2/4) R-HSA-5602498,0.8536652384722029,1.175520812311247,0.16592427616926503,0.40880596965183913,1.0,5/17,7.83%,TLR4;NDUFA2;LY96;HMGB1;CD36,EC-PTC
prerank,Reactome_2022__Regulation Of IGF Transport And Uptake By IGFBPs R-HSA-381426,0.8051059847741303,1.1750581167053944,0.023350253807106598,0.41084417041616506,1.0,36/123,10.93%,IGFBP7;FN1;VWA1;CST3;TIMP1;KTN1;VCAN;MFGE8;CALU;TGOLN2;LAMC1;P4HB;PDIA6;LGALS1;APOL1;IGFBP2;NUCB1;WFS1;IGFBP4;KNG1;PRKCSH;RCN1;IGFBP6;SHISA5;QSOX1;GAS6;MIA3;CKAP4;TMEM132A;FBN1;HSP90B1;FUCA2;MELTF;SDC2;CXXC1;SERPINA1,EC-PTC
prerank,Reactome_2022__Unfolded Protein Response (UPR) R-HSA-381119,0.8128169253860069,1.1749599108240059,0.04285714285714286,0.41033518139875064,1.0,55/89,12.79%,MYDGF;EIF2S2;ATF4;TLN1;CREBRF;PDIA6;SERP1;KHSRP;HDGF;DCTN1;ATP6V0D1;DDIT3;CALR;CTDSP2;EXOSC6;ACADVL;CEBPG;SSR1;WFS1;EIF2S1;CCL2;DNAJB9;EXOSC8;SYVN1;NFYB;SRPRA;SHC1;WIPI1;HERPUD1;LMNA;GOSR2;ATF6;SRPRB;CREB3L2;EIF2S3;EXOSC7;GSK3A;KLHDC3;EXTL2;GFPT1;DIS3;EXOSC4;TATDN2;HSP90B1;SEC31A;CXXC1;EXTL3;YIF1A;PPP2R5B;DNAJB11;DNAJC3;HSPA5;ARFGAP1;ERN1;EXOSC9,EC-PTC
prerank,Reactome_2022__Signal Attenuation R-HSA-74749,-0.7394881350872141,-1.174880969776887,0.329608938547486,1.0,1.0,3/10,2.51%,GRB10;INSR;SOS1,EC-PTC
prerank,Reactome_2022__Uptake Of Dietary Cobalamins Into Enterocytes R-HSA-9758881,0.8737732923935557,1.1735805827317836,0.19437652811735942,0.41873153976842026,1.0,2/10,6.32%,LMBRD1;ABCD4,EC-PTC
prerank,Reactome_2022__Protein Ubiquitination R-HSA-8852135,0.8138824974134036,1.1735444555185748,0.0672182006204757,0.41786989159847376,1.0,39/64,10.39%,UBB;RPS27A;UBA52;RRAGA;RNF181;UBE2D2;VCP;UBE2D3;RNF152;SELENOS;PEX2;RTF1;UBE2N;UBE2L3;PCNA;UBC;UBE2H;DERL1;UBE2Z;UBE2R2;UBE2B;USP7;PRKDC;UBE2A;UBA1;UBE2E3;TMEM129;HLTF;UBE2V2;PAF1;UBE2E1;USP5;BCL10;UBA6;WAC;UCHL3;UBE2S;UBE2G1;UBE2D1,EC-PTC
prerank,Reactome_2022__COPI-mediated Anterograde Transport R-HSA-6807878,0.8125472261651538,1.1730343752232548,0.06269270298047276,0.42014767650468715,1.0,44/80,12.44%,DYNLL1;COPE;CAPZA2;KDELR1;CD55;KDELR2;ARF4;TMED9;COPB1;TMED2;DCTN3;TMEM115;DCTN1;CD59;RAB1B;TMED7;DCTN6;GOLGB1;DCTN2;ACTR1A;COPZ1;DCTN5;ACTR10;ARFGAP3;GOLGA2;DYNC1LI2;ARFGAP2;DYNC1H1;CAPZB;GOSR2;DCTN4;COPB2;USO1;BET1;ARF3;TMED3;ARCN1;BET1L;PTGES2;COPA;STX5;COG1;NAPG;ARFGAP1,EC-PTC
prerank,Reactome_2022__InlB-mediated Entry Of Listeria Monocytogenes Into Host Cell R-HSA-8875360,0.8707874240386304,1.172786599974531,0.1532349602724177,0.4206852707000576,1.0,5/15,4.96%,UBB;RPS27A;UBA52;RNMT;UBC,EC-PTC
prerank,Reactome_2022__Calcitonin-like Ligand Receptors R-HSA-419812,0.8782905765915998,1.172582647146618,0.19454770755885997,0.42087200589203366,1.0,3/10,8.10%,CALCRL;RAMP2;RAMP3,EC-PTC
prerank,Reactome_2022__Transport Of Organic Anions R-HSA-879518,-0.7256509513102956,-1.172504370598994,0.29770992366412213,1.0,1.0,1/11,0.03%,SLCO2A1,EC-PTC
prerank,Reactome_2022__Cellular Response To Heat Stress R-HSA-3371556,0.8055418109565975,1.1720671136502625,0.0509683995922528,0.42331629610967525,1.0,45/98,12.52%,UBB;CRYAB;HSBP1;EEF1A1;SERPINH1;RPS19BP1;HSPA1A;BAG1;HSPA2;VCP;HSP90AA1;YWHAE;BAG5;MRPL18;RPA3;HSPA8;HSPA1B;DNAJB6;POM121C;HSPA9;CREBBP;MAPKAPK2;HSPA13;FKBP4;NUP54;PTGES3;EP300;HSF1;SEC13;NUP188;HSPA4;HIKESHI;AAAS;NUP42;ST13;ATM;DNAJC2;DNAJB1;HSP90AB1;DEDD2;NUP43;NUP93;HSPA5;MLST8;BAG4,EC-PTC
prerank,Reactome_2022__Post-translational Protein Phosphorylation R-HSA-8957275,0.8059344492521835,1.17202343494071,0.03677221654749745,0.42249236840801074,1.0,34/106,10.93%,IGFBP7;FN1;VWA1;CST3;TIMP1;KTN1;VCAN;MFGE8;CALU;TGOLN2;LAMC1;P4HB;PDIA6;LGALS1;APOL1;NUCB1;WFS1;IGFBP4;KNG1;PRKCSH;RCN1;SHISA5;QSOX1;GAS6;MIA3;CKAP4;TMEM132A;FBN1;HSP90B1;FUCA2;MELTF;SDC2;CXXC1;SERPINA1,EC-PTC
prerank,Reactome_2022__Protein Methylation R-HSA-8876725,0.8546812179795894,1.1711965941811096,0.1943502824858757,0.4268015098001405,1.0,8/17,5.76%,EEF1A1;RPS2;VCP;CALM1;ETFB;HSPA8;KIN;EEF2,EC-PTC
prerank,Reactome_2022__Glycogen Metabolism R-HSA-8982491,0.8534343927427887,1.1711129186128668,0.14940021810250817,0.4262486824745283,1.0,7/24,7.82%,UBB;RPS27A;UBA52;CALM1;UBC;UGP2;GAA,EC-PTC
prerank,Reactome_2022__Asparagine N-linked Glycosylation R-HSA-446203,0.7934943078143325,1.1706783753233676,0.008,0.4280833190331238,1.0,125/280,11.51%,UBB;ST8SIA6;RPS27A;DAD1;UBA52;DYNLL1;TRAPPC5;RPN2;COPE;CAPZA2;KDELR1;NUDT14;CD55;KDELR2;DPM3;ARF4;VCP;TRAPPC4;TRAPPC1;TMED9;LMAN1;COPB1;UBXN1;LMAN2;TMED2;PDIA3;CTSA;DCTN3;PPP6R1;TMEM115;RPN1;DCTN1;ST6GAL1;CD59;TFG;MCFD2;RAB1B;MGAT4B;SEC22B;TMED7;CTSZ;DCTN6;CALR;F8;DPM2;SLC17A5;GOLGB1;DCTN2;TRAPPC2L;UMOD;SEC22C;DERL2;GANAB;ACTR1A;COPZ1;RNF5;TBC1D20;NANS;DCTN5;AMFR;CNIH1;CTSC;CANX;PPP6C;ACTR10;UBC;DERL1;TRAPPC3;ARFGAP3;ALG5;GOLGA2;SYVN1;TRAPPC6A;DYNC1LI2;SAR1B;PRKCSH;RNF139;OS9;ARFGAP2;RAD23B;DYNC1H1;CAPZB;ALG2;GOSR2;DCTN4;COPB2;NAGK;ST3GAL6;SEC13;MPDU1;MLEC;MAGT1;USO1;B4GALT3;MIA3;DPAGT1;NUS1;FUCA1;BET1;SEC16A;SLC35A1;ARF3;UAP1;TMED3;EGFL7;ARCN1;GFPT1;SEL1L;ALG8;EDEM3;MOGS;PSMC1;ST6GALNAC6;MANEA;BET1L;SEC31A;DDOST;GNPNAT1;SERPINA1;PGM3;PTGES2;COPA;CMAS;STX5;COG1,EC-PTC
prerank,Reactome_2022__Digestion Of Dietary Carbohydrate R-HSA-189085,-0.7252265883541192,-1.1699917217935027,0.27848101265822783,1.0,1.0,3/11,20.28%,MGAM;AMY2B;PMEL,EC-PTC
prerank,Reactome_2022__Killing Mechanisms R-HSA-9664420,0.8730197153688483,1.1699486781016144,0.1957040572792363,0.4318788218227556,1.0,5/11,10.51%,RNASE1;JUN;DVL3;CYBA;DVL2,EC-PTC
prerank,Reactome_2022__ERCC6 (CSB) And EHMT2 (G9a) Positively Regulate rRNA Expression R-HSA-427389,0.8638392853313996,1.1691506427519132,0.16836158192090395,0.4361341677037609,1.0,10/16,11.11%,CBX3;RBBP7;EHMT2;HDAC2;CHD4;CHD3;RBBP4;HDAC1;MTA1;MTA2,EC-PTC
prerank,Reactome_2022__Glucagon Signaling In Metabolic Regulation R-HSA-163359,0.8250702558863211,1.1691042248303685,0.15102481121898598,0.435300387450355,1.0,9/32,8.30%,GNG11;GNG5;GNAS;PRKAR1A;GNG10;GNG12;PRKAR2B;GNB2;GNG2,EC-PTC
prerank,Reactome_2022__Regulation Of RAS By GAPs R-HSA-5658442,0.8168845688711438,1.169085905346,0.06116207951070336,0.43430378015862914,1.0,42/65,9.11%,UBB;RPS27A;PSMB6;PSMB3;PSME2;PSMB1;UBA52;PSMB5;PSMA4;PSME1;PSMA6;PSMB8;PSMB2;PSMB9;RBX1;PSMA2;PSMA7;PSMD8;PSMC5;PSMC6;PSMD9;PSMA3;PSMA5;PSMC4;PSMB7;PSMC3;PSMA1;PSMD2;PSMD13;PSMD7;UBC;PSMB10;PSMD6;SEM1;PSMD14;PSMD3;PSMC2;PSMD12;NRAS;HRAS;PSMD11;PSMD10,EC-PTC
prerank,Reactome_2022__Processing Of Capped Intron-Containing Pre-mRNA R-HSA-72203,0.7980945883122659,1.1688456957803781,0.007021063189568706,0.43480511086823725,1.0,158/241,13.91%,SNU13;SNRPG;YBX1;SNRPN;SRSF9;POLR2J;LSM7;POLR2L;POLR2F;POLR2K;LSM3;POLR2H;SNRPD2;PTBP1;LSM4;SNRPE;SNRPB;HNRNPF;SF3B6;SRSF5;SYF2;RBM8A;PCBP1;BUD31;POLR2C;RBM17;SNRPD3;ZCRB1;DNAJC8;PUF60;RBMX;FYTTD1;POLR2I;LSM6;LSM5;SRRM1;SRSF6;HNRNPA1;SNW1;HNRNPK;DDX39A;CD2BP2;SRSF10;SNRNP200;SNRPF;HSPA8;HNRNPUL1;CWC15;WTAP;POM121C;LSM2;LSM8;NCBP2;SLU7;SNRPB2;HNRNPA0;MAGOH;HNRNPL;SRRT;PHF5A;SF3B5;POLR2E;THOC7;DHX15;DHX9;U2AF2;PRPF40A;EIF4E;DDX46;CDC40;NUP54;CHTOP;PDCD7;SNRNP25;PPIH;SRSF2;HNRNPA3;SNRNP27;SNRNP35;SF1;SNRPA1;SF3B4;WBP11;EIF4A3;POLDIP3;NXT1;TXNL4A;SNRPC;HNRNPM;SF3B1;THOC3;SEC13;NUP188;DDX39B;PCBP2;SARNP;ELAVL1;HNRNPR;CPSF2;CRNKL1;AAAS;SLBP;SF3A1;HNRNPH2;CASC3;PRPF8;POLR2A;NUP42;RBM42;PQBP1;DDX23;SNRNP70;PRCC;SF3B2;PPIL1;SRSF4;BCAS2;GPKOW;SRSF1;CHERP;PCF11;FUS;TRA2B;POLR2D;RNPS1;THOC2;PPIL3;SRSF7;PPIE;HNRNPA2B1;PRPF38A;TFIP11;SMNDC1;DDX42;THOC6;SF3A2;WBP4;NUP43;PRPF31;SF3B3;MAGOHB;SRSF11;NUP93;ALYREF;PLRG1;RBM22;PPIL4;PABPN1;POLR2B;PRPF3;CSTF2T;SYMPK;POLR2G;CSTF1;NUP50;NUP62;NUP107;ZMAT5,EC-PTC
prerank,Reactome_2022__FGFR2 Alternative Splicing R-HSA-6803529,0.8387859437070763,1.1688115815112579,0.1440677966101695,0.43387131875310375,1.0,15/26,8.05%,POLR2J;POLR2L;POLR2F;POLR2K;POLR2H;PTBP1;HNRNPF;POLR2C;TIAL1;POLR2I;HNRNPA1;NCBP2;POLR2E;HNRNPM;POLR2A,EC-PTC
prerank,Reactome_2022__Cell Surface Interactions At Vascular Wall R-HSA-202733,0.801104353560398,1.1686091733140305,0.03451776649746193,0.4340982533046204,1.0,17/133,4.64%,ATP1B1;FN1;ATP1B3;PPIA;ESAM;BSG;ANGPT2;CD99;ITGAV;SLC3A2;JAM2;GYPC;CAV1;TGFB1;DEAF1;EPCAM;YES1,EC-PTC
prerank,Reactome_2022__Aspirin ADME R-HSA-9749641,0.8301259583475294,1.168327025250169,0.09553478712357218,0.4349378145742956,1.0,1/43,0.54%,BSG,EC-PTC
prerank,Reactome_2022__Late Phase Of HIV Life Cycle R-HSA-162599,0.8009532530649968,1.1681297541504787,0.03353658536585366,0.4351608205342766,1.0,56/134,10.29%,UBB;RPS27A;PPIA;ELOB;UBA52;RAN;POLR2J;FURIN;CHMP2A;POLR2L;POLR2F;POLR2K;POLR2H;GTF2H5;ELOC;VPS28;GTF2A2;RNMT;CHMP5;RANBP1;POLR2C;SUPT4H1;POLR2I;TSG101;TAF10;NMT1;NELFE;CHMP4B;POM121C;NCBP2;GTF2A1;TAF9;POLR2E;UBC;CHMP2B;NUP54;CHMP4C;MVB12A;XPO1;TAF6;VPS4B;GTF2B;SEC13;NUP188;TAF13;SUPT5H;AAAS;POLR2A;NUP42;TCEA1;CCNK;VPS37A;SSRP1;CHMP6;GTF2H1;POLR2D,EC-PTC
prerank,Reactome_2022__HIV Life Cycle R-HSA-162587,0.799805944511058,1.167763482188953,0.03340080971659919,0.4365508551974828,1.0,61/147,10.29%,UBB;RPS27A;PPIA;ELOB;UBA52;RAN;POLR2J;FURIN;CHMP2A;POLR2L;POLR2F;POLR2K;POLR2H;GTF2H5;ELOC;VPS28;GTF2A2;RNMT;CHMP5;RANBP1;POLR2C;XRCC6;SUPT4H1;POLR2I;TSG101;TAF10;NMT1;NELFE;CHMP4B;POM121C;NCBP2;GTF2A1;XRCC5;TAF9;POLR2E;KPNA1;UBC;CHMP2B;BANF1;NUP54;CHMP4C;MVB12A;XPO1;TAF6;VPS4B;GTF2B;PSIP1;SEC13;NUP188;TAF13;SUPT5H;AAAS;POLR2A;NUP42;TCEA1;CCNK;VPS37A;SSRP1;CHMP6;GTF2H1;POLR2D,EC-PTC
prerank,Reactome_2022__Negative Regulators Of DDX58/IFIH1 Signaling R-HSA-936440,0.8209256805456662,1.167605755898625,0.16025641025641027,0.43647727416585475,1.0,17/34,11.23%,UBB;RPS27A;UBA52;ISG15;UBE2D2;UBE2D3;UBE2L6;UBC;TAX1BP1;UBA7;CYLD;PCBP2;UBE2D1;RNF216;IFIH1;ATG5;IRF3,EC-PTC
prerank,Reactome_2022__Apoptotic Cleavage Of Cell Adhesion Proteins R-HSA-351906,-0.7330591479160666,-1.1675404478421407,0.3567251461988304,1.0,1.0,2/11,0.93%,CTNNB1;TJP1,EC-PTC
prerank,Reactome_2022__Transport To Golgi And Subsequent Modification R-HSA-948021,0.7968450284301041,1.1675248302586658,0.021169354838709676,0.4359973048265172,1.0,73/164,11.51%,ST8SIA6;DYNLL1;TRAPPC5;COPE;CAPZA2;KDELR1;CD55;KDELR2;ARF4;TRAPPC4;TRAPPC1;TMED9;LMAN1;COPB1;LMAN2;TMED2;DCTN3;PPP6R1;TMEM115;DCTN1;ST6GAL1;CD59;TFG;MCFD2;RAB1B;MGAT4B;SEC22B;TMED7;CTSZ;DCTN6;F8;GOLGB1;DCTN2;TRAPPC2L;SEC22C;ACTR1A;COPZ1;TBC1D20;DCTN5;CNIH1;CTSC;PPP6C;ACTR10;TRAPPC3;ARFGAP3;GOLGA2;TRAPPC6A;DYNC1LI2;SAR1B;ARFGAP2;DYNC1H1;CAPZB;GOSR2;DCTN4;COPB2;SEC13;USO1;B4GALT3;MIA3;FUCA1;BET1;SEC16A;ARF3;TMED3;ARCN1;MANEA;BET1L;SEC31A;SERPINA1;PTGES2;COPA;STX5;COG1,EC-PTC
prerank,Reactome_2022__TCF Dependent Signaling In Response To WNT R-HSA-201681,0.7985562703017682,1.1672827489093967,0.020100502512562814,0.4365209309856202,1.0,69/168,9.54%,UBB;RPS27A;PSMB6;PSMB3;PSME2;PSMB1;UBA52;PSMB5;PSMA4;PSME1;PSMA6;PSMB8;PSMB2;PSMB9;RBX1;PSMA2;SFRP1;SOX4;CSNK2B;PSMA7;PSMD8;CAV1;PSMC5;PSMC6;PSMD9;PSMA3;PSMA5;PSMC4;PSMB7;PSMC3;PSMA1;FZD6;PSMD2;PPP2CB;PSMD13;PSMD7;LGR4;CREBBP;PPP2R1A;UBC;PSMB10;PPP2CA;CHD8;DVL3;RYK;XPO1;PSMD6;SEM1;RSPO3;FZD8;PSMD14;CSNK1E;EP300;CTBP1;PSMD3;SOX7;LRP5;KMT2D;PSMC2;PSMD12;KAT5;YWHAZ;FZD1;TNKS2;PSMD11;HDAC1;PSMD10;BCL9L;CTNNBIP1,EC-PTC
prerank,Reactome_2022__RAS Processing R-HSA-9648002,0.8427028234350622,1.167009832752747,0.1739618406285073,0.43727050933003797,1.0,11/18,12.04%,ARL2;CALM1;GOLGA7;BCL2L1;LYPLA1;ICMT;ABHD17A;NRAS;HRAS;RCE1;FNTA,EC-PTC
prerank,Reactome_2022__Transcriptional Regulation By RUNX2 R-HSA-8878166,0.805033486516883,1.1665075935082736,0.03144016227180527,0.43961518825164386,1.0,44/117,6.52%,UBB;RPS27A;PSMB6;PSMB3;PSME2;PSMB1;UBA52;SKP1;PSMB5;LGALS3;STAT1;PSMA4;PSME1;PSMA6;PSMB8;PSMB2;PSMB9;RBX1;PSMA2;SMAD1;PSMA7;PSMD8;PSMC5;PSMC6;PSMD9;PSMA3;PSMA5;PSMC4;PSMB7;PSMC3;PSMA1;CDK4;STUB1;PSMD2;PSMD13;PSMD7;YES1;UBC;PSMB10;BAX;PSMD6;SEM1;PSMD14;PSMD3,EC-PTC
prerank,Reactome_2022__Striated Muscle Contraction R-HSA-390522,0.8346336829691791,1.1665030350096812,0.12271259418729817,0.43852294434017763,1.0,3/33,6.63%,VIM;TPM1;TPM2,EC-PTC
prerank,Reactome_2022__Peroxisomal Protein Import R-HSA-9033241,0.8083704231481039,1.166283101349414,0.0995850622406639,0.43887057618513436,1.0,32/63,16.05%,UBB;RPS27A;UBA52;UBE2D2;UBE2D3;ECH1;PEX2;ACAA1;ZFAND6;UBC;GSTK1;IDH1;ECI2;ACOT2;DHRS4;HSD17B4;UBE2D1;NUDT19;AMACR;PEX13;ACOX1;IDE;PEX10;EPHX2;PEX26;USP9X;ACOT8;ZNF260;AGPS;PHYH;ACOX3;CRAT,EC-PTC
prerank,Reactome_2022__Cargo Recognition For Clathrin-Mediated Endocytosis R-HSA-8856825,0.8105945790415237,1.165715706769294,0.042726347914547304,0.441700708265703,1.0,40/102,12.76%,UBB;RPS27A;CLTA;NEDD8;UBA52;AP2M1;VAMP8;AP2S1;COPS6;TGOLN2;VAMP2;DAB2;COPS2;VAMP4;CLTC;EPN1;UBC;VAMP3;SCARB2;NECAP2;CLTB;EPN2;GRK2;IGF2R;COPS3;HGS;M6PR;EGF;UBQLN2;DVL2;GPS1;COPS4;ARRB1;COPS5;TOR1A;STON1;STAM2;LDLR;REPS1;COPS7A,EC-PTC
prerank,Reactome_2022__Diseases Of Carbohydrate Metabolism R-HSA-5663084,0.8321349885174275,1.165332096102915,0.13475935828877006,0.443071299928957,1.0,8/32,4.96%,UBB;RPS27A;UBA52;TALDO1;GNS;DCXR;GUSB;UBC,EC-PTC
prerank,Reactome_2022__Caspase Activation Via Death Receptors In Presence Of Ligand R-HSA-140534,0.8559802524737705,1.165316474909344,0.19866071428571427,0.44204346748229595,1.0,5/15,3.79%,TNFSF10;TLR4;NDUFA2;TANK;LY96,EC-PTC
prerank,Reactome_2022__Apoptosis R-HSA-109581,0.7981142548421307,1.164873525970514,0.02710843373493976,0.4438271562549755,1.0,73/171,7.79%,UBB;RPS27A;VIM;PSMB6;PSMB3;PSME2;PSMB1;CYCS;UBA52;DYNLL1;GSN;PSMB5;PSMA4;PSME1;PSMA6;PSMB8;UACA;PSMB2;PSMB9;TNFSF10;PSMA2;YWHAQ;PSMA7;BCAP31;PSMD8;SATB1;TLR4;PSMC5;PSMC6;YWHAE;PSMD9;PSMA3;NDUFA2;PSMA5;PSMC4;C1QBP;PSMB7;REXO2;PSMC3;PSMA1;HMGB2;TANK;PSMD2;BAD;LY96;NMT1;KPNB1;PSMD13;PMAIP1;PSMD7;APIP;KPNA1;UBC;PSMB10;BCL2L1;YWHAB;BAX;STK24;BIRC2;PSMD6;SEM1;HMGB1;PSMD14;LMNA;PSMD3;GSDMD;YWHAH;PSMC2;ROCK1;BBC3;APPL1;PSMD12;YWHAZ,EC-PTC
prerank,Reactome_2022__Activated NOTCH1 Transmits Signal To Nucleus R-HSA-2122948,0.8261861444803744,1.1633285870496755,0.14316239316239315,0.4533201066228119,1.0,14/31,11.47%,UBB;RPS27A;UBA52;UBC;PSENEN;APH1B;NOTCH1;APH1A;PSEN2;JAG1;NEURL1B;ARRB1;DLL4;JAG2,EC-PTC
prerank,Reactome_2022__Phosphorylation Of APC/C R-HSA-176412,0.8416669185843332,1.1632366166492696,0.193020719738277,0.452867816803959,1.0,12/20,12.48%,ANAPC16;ANAPC11;CDC26;ANAPC10;CDC16;UBE2E1;ANAPC15;UBE2S;UBE2D1;ANAPC7;CDC27;CDC23,EC-PTC
prerank,Reactome_2022__TNF Signaling R-HSA-75893,0.8182192012886078,1.1630420264329724,0.12761506276150628,0.45314039923179356,1.0,15/44,8.76%,UBB;RPS27A;UBA52;RACK1;IKBKB;TANK;RBCK1;UBC;SPPL2A;BIRC2;TAX1BP1;CYLD;SHARPIN;MADD;IKBKG,EC-PTC
prerank,MSigDB_Hallmark_2020__Pperoxisome,0.7993349121497704,1.1628713623408264,0.05876393110435663,0.2367897323423094,0.892,53/104,15.22%,PRDX5;PRDX1;FIS1;SOD1;TSPO;ITGB1BP1;SLC25A4;CNBP;DHRS3;SCP2;SLC23A2;FDPS;ECH1;PEX2;ACAA1;PABPC1;IDH2;CAT;IDI1;ERCC1;GSTK1;SLC35B2;RDH11;SOD2;IDH1;VPS4B;CTBP1;YWHAH;ECI2;HRAS;BCL10;HSD17B4;NUDT19;CLN6;DHCR24;CADM1;PEX13;ACOX1;IDE;ELOVL5;EPHX2;ALDH1A1;ACSL5;CLN8;ACSL1;ABCB1;SMARCC1;FADS1;ERCC3;RETSAT;ACOT8;ISOC1;HSD11B2,EC-PTC
prerank,Reactome_2022__Protein Folding R-HSA-391251,0.800490789072645,1.1628312027016596,0.06659836065573771,0.45346019538222104,1.0,41/95,8.84%,GNG11;PFDN5;TUBB4B;TUBA1B;GNG5;KIFC3;CSNK2B;TBCA;ARL2;TUBB6;CCT5;PFDN2;CCT3;TUBB;GNG10;PFDN1;PFDN4;VBP1;GNG12;TCP1;FBXW5;CCT8;TUBA1C;CCT6A;CCT7;TBCB;USP11;DCAF7;FBXL5;GNA14;FBXW2;TUBB2A;GNA11;GNB2;FKBP9;CCT4;GNG2;PDCL;FBXL3;TP53;NOP56,EC-PTC
prerank,Reactome_2022__Formation Of HIV-1 Elongation Complex Containing HIV-1 Tat R-HSA-167200,0.8168117639810908,1.1626839210964353,0.13144058885383805,0.4533321926934981,1.0,30/43,14.82%,ELOB;POLR2J;POLR2L;POLR2F;POLR2K;POLR2H;GTF2H5;ELOC;POLR2C;SUPT4H1;POLR2I;NELFE;NCBP2;POLR2E;SUPT5H;POLR2A;TCEA1;SSRP1;GTF2H1;POLR2D;CCNT1;NELFA;POLR2B;CTDP1;POLR2G;ELOA;GTF2F1;NELFB;CDK9;ERCC3,EC-PTC
prerank,Reactome_2022__IRAK4 Deficiency (TLR2/4) R-HSA-5603041,0.8427996224947492,1.1624498296243895,0.19205298013245034,0.45390937386883656,1.0,6/18,9.35%,TLR4;NDUFA2;LY96;HMGB1;CD36;IRAK4,EC-PTC
prerank,Reactome_2022__mRNA Capping R-HSA-72086,0.8263205564723897,1.1623432625956573,0.15392781316348195,0.4534815006711401,1.0,15/29,10.29%,POLR2J;POLR2L;POLR2F;POLR2K;POLR2H;GTF2H5;RNMT;POLR2C;POLR2I;NCBP2;POLR2E;SUPT5H;POLR2A;GTF2H1;POLR2D,EC-PTC
prerank,Reactome_2022__MET Activates RAP1 And RAC1 R-HSA-8875555,0.862615702330213,1.1620100560325988,0.20425029515938606,0.45473125821333954,1.0,3/11,2.83%,RNASE1;RNMT;CRK,EC-PTC
prerank,Reactome_2022__COPI-independent Golgi-to-ER Retrograde Traffic R-HSA-6811436,0.8312591112856625,1.1619761425876214,0.12955032119914348,0.45385910217873715,1.0,20/34,11.33%,DYNLL1;CAPZA2;DCTN3;DCTN1;DCTN6;DCTN2;ACTR1A;RAB18;DCTN5;ACTR10;DYNC1LI2;DYNC1H1;GALNT1;CAPZB;DCTN4;PAFAH1B3;PAFAH1B2;PAFAH1B1;GALNT2;AGPAT3,EC-PTC
prerank,Reactome_2022__RNA Polymerase II Transcription Termination R-HSA-73856,0.8133449157927799,1.1612734205293362,0.08418891170431211,0.4576179393181918,1.0,43/67,13.60%,SNRPG;SRSF9;SNRPE;SNRPB;SRSF5;RBM8A;SNRPD3;LSM10;FYTTD1;SRRM1;SRSF6;DDX39A;SNRPF;NCBP2;SLU7;MAGOH;THOC7;U2AF2;CDC40;CHTOP;SRSF2;EIF4A3;POLDIP3;THOC3;DDX39B;SARNP;CPSF2;SLBP;CASC3;SRSF4;SRSF1;PCF11;RNPS1;THOC2;SRSF7;THOC6;MAGOHB;SRSF11;ALYREF;PABPN1;CSTF2T;SYMPK;CSTF1,EC-PTC
prerank,Reactome_2022__Glutamate Neurotransmitter Release Cycle R-HSA-210500,0.8300195469351235,1.1609929358556195,0.19644839067702552,0.4585494771394147,1.0,5/23,6.81%,SLC38A2;VAMP2;ARL6IP5;SLC1A1;PPFIA3,EC-PTC
prerank,"Reactome_2022__Inactivation, Recovery And Regulation Of Phototransduction Cascade R-HSA-2514859",0.8213094435858072,1.1608878732440095,0.18446601941747573,0.4581305576825306,1.0,4/30,3.82%,RNF7;CALM1;METAP2;NMT1,EC-PTC
prerank,Reactome_2022__Vitamin D (Calciferol) Metabolism R-HSA-196791,0.86761430624016,1.1606430521124182,0.20046349942062572,0.45858627413718234,1.0,3/12,9.23%,SUMO2;UBE2I;LGMN,EC-PTC
prerank,Reactome_2022__FGFR1c Ligand Binding And Activation R-HSA-190373,-0.7093287860086885,-1.1606383215829925,0.31690140845070425,1.0,1.0,1/12,0.78%,FGFR1,EC-PTC
prerank,Reactome_2022__Formation Of HIV Elongation Complex In Absence Of HIV Tat R-HSA-167152,0.8157183861429699,1.1606336516390583,0.12223393045310854,0.45754573444724866,1.0,31/45,14.82%,ELOB;POLR2J;POLR2L;POLR2F;POLR2K;POLR2H;GTF2H5;ELOC;POLR2C;SUPT4H1;POLR2I;NELFE;NCBP2;POLR2E;SUPT5H;POLR2A;TCEA1;CCNK;SSRP1;GTF2H1;POLR2D;CCNT1;NELFA;POLR2B;CTDP1;POLR2G;ELOA;GTF2F1;NELFB;CDK9;ERCC3,EC-PTC
prerank,Reactome_2022__Gap Junction Trafficking And Regulation R-HSA-157858,0.8283191670442341,1.1605963724634512,0.18369565217391304,0.4567018140336791,1.0,6/27,5.68%,CLTA;AP2M1;DAB2;CLTC;DNM2;CLTB,EC-PTC
prerank,Reactome_2022__Chk1/Chk2(Cds1) Mediated Inactivation Of Cyclin B:Cdk1 Complex R-HSA-75035,0.8567121848844548,1.1601254744921257,0.1928406466512702,0.4587413344883388,1.0,7/13,11.21%,YWHAQ;YWHAE;REXO2;YWHAB;YWHAH;YWHAZ;YWHAG,EC-PTC
prerank,Reactome_2022__Constitutive Signaling By Overexpressed ERBB2 R-HSA-9634285,0.8614705691856969,1.1598626890011832,0.215311004784689,0.4595378761072894,1.0,8/10,10.56%,CDC37;HSP90AA1;SHC1;NRAS;ERBIN;HRAS;PTPN12;ERBB2,EC-PTC
prerank,Reactome_2022__Early Phase Of HIV Life Cycle R-HSA-162594,0.8600048189377272,1.1598384788150375,0.18098510882016036,0.4585890262584591,1.0,6/15,6.58%,PPIA;XRCC6;XRCC5;KPNA1;BANF1;PSIP1,EC-PTC
prerank,Reactome_2022__RNA Pol II CTD Phosphorylation And Interaction With CE R-HSA-77075,0.8240866026225306,1.1596833745048054,0.16969050160085378,0.4585392949441598,1.0,14/27,10.29%,POLR2J;POLR2L;POLR2F;POLR2K;POLR2H;GTF2H5;RNMT;POLR2C;POLR2I;POLR2E;SUPT5H;POLR2A;GTF2H1;POLR2D,EC-PTC
prerank,Reactome_2022__Integration Of Provirus R-HSA-162592,0.8771876889326947,1.1596170110421178,0.1855421686746988,0.45789729716589167,1.0,6/10,6.58%,PPIA;XRCC6;XRCC5;KPNA1;BANF1;PSIP1,EC-PTC
prerank,Reactome_2022__Formation Of Apoptosome R-HSA-111458,0.8659233670399679,1.1594794777413444,0.22867298578199052,0.45774889023069243,1.0,3/11,4.81%,CYCS;UACA;APIP,EC-PTC
prerank,Reactome_2022__Deubiquitination R-HSA-5688426,0.789145700676499,1.1594121015989227,0.009009009009009009,0.4571167134544559,1.0,121/253,13.79%,HIF1A;UBB;RPS27A;PSMB6;NEDD8;PSMB3;PSME2;SNX3;PSMB1;UBA52;VDAC2;PSMB5;PSMA4;PSME1;PSMA6;TOMM20;PSMB8;PSMB2;PSMB9;PSMA2;VCP;SMAD1;USP22;PSMA7;VDAC1;PSMD8;NFKBIA;RAD23A;TGFB1;PSMC5;PSMC6;PSMD9;ADRM1;PSMA3;FKBP8;PSMA5;PSMC4;PSMB7;UFD1;PSMC3;TADA3;PSMA1;RHOA;TANK;TAF10;PSMD2;KAT2B;YY1;PSMD13;PSMD7;UBC;MAT2B;PSMB10;USP11;BIRC2;USP7;PSMD6;SEM1;KEAP1;RAD23B;PSMD14;USP37;EP300;PSMD3;INO80C;PTEN;PSMC2;ZRANB1;JOSD2;HGS;CYLD;PSMD12;USP12;TNKS2;USP5;USP14;OTUB1;BABAM1;IKBKG;PSMD11;PTRH2;TP53;MCRS1;TOMM70;PSMD10;FOXK2;DDB2;ABRAXAS1;UCHL3;PSMC1;INO80E;VCPIP1;UBE2D1;TNIP1;SUDS3;ASXL2;IFIH1;ARRB1;INO80D;TNIP2;TRRAP;MUL1;RCE1;MBD6;STAM2;BECN1;PSMB4;RNF146;IDE;PSMF1;JOSD1;STAMBP;PSMD5;HCFC1;TRIM25;USP18;UCHL5;ACTL6A;STAM;OTUD5;POLG2,EC-PTC
prerank,Reactome_2022__Signaling By NOTCH2 R-HSA-1980145,0.8217797484011261,1.159224420820907,0.15621679064824653,0.4572271692699945,1.0,15/31,11.78%,UBB;RPS27A;UBA52;CREB1;UBC;PSENEN;EP300;APH1B;APH1A;PSEN2;JAG1;NEURL1B;DLL4;JAG2;RBPJ,EC-PTC
prerank,Reactome_2022__Phototransduction Cascade R-HSA-2514856,0.8175402525445217,1.1589155899849861,0.1937901498929336,0.4582381541201758,1.0,4/31,3.82%,RNF7;CALM1;METAP2;NMT1,EC-PTC
prerank,Reactome_2022__Degradation Of Extracellular Matrix R-HSA-1474228,0.8011845596404971,1.1588986478300967,0.06134969325153374,0.4572667326143966,1.0,14/109,4.15%,HTRA1;BSG;TIMP1;CTSD;FURIN;CAPN2;CTSL;COL18A1;LAMC1;ADAMTS1;TIMP2;CAPNS1;CTSB;TLL1,EC-PTC
prerank,Reactome_2022__Metabolism Of Nitric Oxide: NOS3 Activation And Regulation R-HSA-202131,0.8576302416948665,1.1585403701565986,0.19064327485380117,0.4587164246928423,1.0,10/15,12.02%,DDAH2;CALM1;CAV1;HSP90AA1;WASL;DNM2;LYPLA1;NOSIP;DDAH1;AKT1,EC-PTC
prerank,Reactome_2022__Chaperonin-mediated Protein Folding R-HSA-390466,0.7984030843369296,1.1584934601992383,0.08504098360655737,0.4579733266756933,1.0,38/89,8.84%,GNG11;PFDN5;TUBB4B;TUBA1B;GNG5;KIFC3;CSNK2B;TUBB6;CCT5;PFDN2;CCT3;TUBB;GNG10;PFDN1;PFDN4;VBP1;GNG12;TCP1;FBXW5;CCT8;TUBA1C;CCT6A;CCT7;USP11;DCAF7;FBXL5;GNA14;FBXW2;TUBB2A;GNA11;GNB2;FKBP9;CCT4;GNG2;PDCL;FBXL3;TP53;NOP56,EC-PTC
prerank,Reactome_2022__SARS-CoV-1 Infection R-HSA-9678108,0.8108620546981951,1.1584862515158842,0.1277258566978193,0.45695386375007946,1.0,22/50,6.41%,UBB;RPS27A;UBA52;CHMP2A;CTSL;SUMO1;VCP;MAP1LC3B;CAV1;PARP14;ZCRB1;PARP9;ST6GAL1;CHMP4B;UBE2I;GANAB;CANX;UBC;CHMP2B;CHMP4C;PRKCSH;GALNT1,EC-PTC
prerank,Reactome_2022__Translation Of Structural Proteins R-HSA-9683701,0.8245059949440023,1.1584137250923465,0.16470588235294117,0.4564084954048868,1.0,13/30,6.41%,UBB;RPS27A;UBA52;SUMO1;PARP14;PARP9;ST6GAL1;UBE2I;GANAB;CANX;UBC;PRKCSH;GALNT1,EC-PTC
prerank,Reactome_2022__Negative Regulation Of MET Activity R-HSA-6807004,0.8454234725798226,1.1574988935241197,0.15443592552026286,0.4617702547190096,1.0,5/21,4.96%,UBB;RPS27A;UBA52;RNMT;UBC,EC-PTC
prerank,Reactome_2022__TP53 Regulates Transcription Of DNA Repair Genes R-HSA-6796648,0.8045396098624671,1.157415356547195,0.10684647302904564,0.4612832996945519,1.0,35/61,14.82%,ELOB;POLR2J;JUN;POLR2L;POLR2F;POLR2K;POLR2H;GTF2H5;ELOC;POLR2C;FOS;SUPT4H1;POLR2I;NELFE;POLR2E;SUPT5H;POLR2A;TP53;TCEA1;CCNK;ATM;DDB2;SSRP1;GTF2H1;POLR2D;CCNT1;NELFA;POLR2B;CTDP1;POLR2G;ELOA;GTF2F1;NELFB;CDK9;ERCC3,EC-PTC
prerank,Reactome_2022__Negative Regulation Of MAPK Pathway R-HSA-5675221,0.822327092123241,1.156883238736582,0.12121212121212122,0.463640399269918,1.0,16/41,8.51%,UBB;RPS27A;PEBP1;UBA52;DUSP6;MAP2K2;PPP2CB;PPP2R1A;UBC;DUSP12;PPP2CA;YWHAB;DUSP5;MAP2K1;NRAS;HRAS,EC-PTC
prerank,Reactome_2022__Diseases Of Programmed Cell Death R-HSA-9645723,0.8179420783879572,1.1562382842067422,0.12539515279241306,0.46701193806216823,1.0,16/42,10.05%,PRDX1;PRDX2;CAPN2;JUN;YWHAE;C1QBP;RBBP7;TANK;CAPNS1;GOLGA2;RBBP4;DNMT1;LMNA;TP53;SUZ12;CDK5,EC-PTC
prerank,Reactome_2022__Signaling By ERBB4 R-HSA-1236394,0.8108471855247831,1.1561216848158489,0.11122661122661123,0.46673274325448294,1.0,17/57,8.51%,UBB;RPS27A;UBA52;SPARC;MXD4;STMN1;COPS2;UBC;NEDD4;PSENEN;SHC1;APH1B;NRAS;APH1A;PSEN2;EGF;HRAS,EC-PTC
prerank,Reactome_2022__STING Mediated Induction Of Host Immune Responses R-HSA-1834941,0.8508623585547946,1.1548264470823881,0.22310305775764439,0.47437774567150087,1.0,8/15,11.23%,XRCC6;IFI16;XRCC5;PRKDC;TRIM21;STAT6;DDX41;IRF3,EC-PTC
prerank,Reactome_2022__Antimicrobial Peptides R-HSA-6803157,0.7988554326497068,1.154415433173416,0.07954545454545454,0.4761905050878965,1.0,5/87,6.26%,DEFB1;ATOX1;ATP7A;CHAMP1;TRIM21,EC-PTC
prerank,Reactome_2022__Signaling By NOTCH3 R-HSA-9012852,0.8115318056996484,1.1543652635866923,0.13674321503131523,0.4754692630222085,1.0,22/48,12.11%,UBB;RPS27A;YBX1;UBA52;STAT1;SNW1;KAT2B;CREBBP;UBC;PSENEN;EP300;APH1B;NOTCH1;APH1A;PSEN2;EGF;JAG1;NEURL1B;DLL4;JAG2;RBPJ;WWC1,EC-PTC
prerank,Reactome_2022__Signaling By NOTCH R-HSA-157118,0.7918485305212638,1.1542883744400383,0.03009027081243731,0.47498704741738457,1.0,71/173,9.42%,HIF1A;UBB;RPS27A;PSMB6;PSMB3;PSME2;PSMB1;YBX1;UBA52;SKP1;PSMB5;FURIN;STAT1;PSMA4;PSME1;JUN;PSMA6;PSMB8;PSMB2;PSMB9;RBX1;PSMA2;PSMA7;PSMD8;PSMC5;PSMC6;TMED2;PSMD9;PSMA3;PSMA5;PSMC4;PSMB7;PSMC3;PSMA1;SNW1;HDAC7;PSMD2;HDAC5;KAT2B;PSMD13;HDAC2;PSMD7;CREB1;CREBBP;UBC;PSMB10;PSENEN;TBL1XR1;PSMD6;SEM1;PSMD14;EP300;PSMD3;APH1B;PSMC2;ST3GAL6;NOTCH1;ATP2A2;PSMD12;YWHAZ;APH1A;PSEN2;EGF;POFUT1;PSMD11;TP53;JAG1;HDAC1;PSMD10;MOV10;SEL1L,EC-PTC
prerank,Reactome_2022__RNA Polymerase III Chain Elongation R-HSA-73780,0.8423085026184768,1.1540230066526111,0.2195945945945946,0.47580997188184015,1.0,11/17,13.16%,POLR2L;POLR2F;POLR2K;POLR2H;POLR2E;POLR3K;POLR1D;POLR3H;POLR3GL;POLR3D;CRCP,EC-PTC
prerank,Reactome_2022__rRNA Modification In Nucleus And Cytosol R-HSA-6790901,0.8108955739034576,1.1530736628405998,0.08838643371017471,0.48139022946561755,1.0,29/60,14.52%,RPS9;RPS14;RPS6;SNU13;RPS7;TRMT112;RPS2;NOP10;TSR3;BUD23;NHP2;RRP7A;SPPL2A;DKC1;KRR1;NOP56;WDR46;NOL11;DDX52;THUMPD1;DDX49;BMS1;WDR36;UTP4;UTP3;EMG1;DCAF13;HEATR1;PDCD11,EC-PTC
prerank,Reactome_2022__Inwardly Rectifying K+ Channels R-HSA-1296065,0.8120317549470787,1.1527490012484656,0.17358892438764642,0.48245473205963746,1.0,7/35,8.91%,GNG11;GNG5;GNG10;GNG12;GNB2;GNG2;KCNJ16,EC-PTC
prerank,Reactome_2022__Collagen Degradation R-HSA-1442490,0.8167562808756363,1.151681187262191,0.1537645811240721,0.4885855911971522,1.0,5/40,4.08%,CTSD;FURIN;CTSL;COL18A1;CTSB,EC-PTC
prerank,Reactome_2022__RNA Polymerase II Transcribes snRNA Genes R-HSA-6807505,0.8045245566705077,1.1516604620298772,0.09948717948717949,0.48758273989326073,1.0,44/74,14.76%,POLR2J;SSU72;POLR2L;POLR2F;POLR2K;POLR2H;GTF2A2;POLR2C;SUPT4H1;POLR2I;SNAPC1;NCBP2;GTF2A1;SRRT;TAF9;POLR2E;TAF6;PHAX;GTF2B;SNAPC5;INTS1;TAF13;SUPT5H;POLR2A;CCNK;PCF11;INTS11;POLR2D;CCNT1;INTS8;NABP2;GTF2E2;TAF8;RPRD1A;INTS3;POLR2B;ICE1;SNAPC2;POLR2G;INTS5;RPAP2;GTF2F1;RPRD2;CDK9,EC-PTC
prerank,Reactome_2022__Mitochondrial Fatty Acid Beta-Oxidation Of Saturated Fatty Acids R-HSA-77286,0.8557969240879806,1.1512991628644598,0.2319526627218935,0.4889329985288646,1.0,6/11,9.13%,ECHS1;ACADVL;HADHA;HADHB;HADH;ACADM,EC-PTC
prerank,Reactome_2022__B-WICH Complex Positively Regulates rRNA Expression R-HSA-5250924,0.8372781443045899,1.1510639369794686,0.1743810548977395,0.4894953039563642,1.0,13/27,9.05%,POLR2L;POLR2F;POLR2K;POLR2H;DEK;KAT2B;SMARCA5;POLR2E;POLR1D;EP300;SF3B1;BAZ1B;TAF1C,EC-PTC
prerank,Reactome_2022__Uptake And Function Of Anthrax Toxins R-HSA-5210891,0.8604522111647213,1.150931786847706,0.23345367027677497,0.48926802358530175,1.0,6/11,10.27%,FURIN;CALM1;MAP2K2;MAP2K3;MAP2K1;ANTXR2,EC-PTC
prerank,Reactome_2022__Activation Of RAC1 R-HSA-428540,0.8517412690541349,1.1508999685208072,0.23708920187793428,0.4884019788670975,1.0,2/11,5.12%,RNASE1;PKN1,EC-PTC
prerank,Reactome_2022__Vasopressin Regulates Renal Water Homeostasis Via Aquaporins R-HSA-432040,0.8105798006762579,1.15067084867255,0.15856236786469344,0.488897171814026,1.0,12/42,8.30%,GNG11;GNG5;GNAS;PRKAR1A;GNG10;RAB11A;AQP2;GNG12;PRKAR2B;GNB2;RAB11FIP2;GNG2,EC-PTC
prerank,Reactome_2022__Downregulation Of SMAD2/3:SMAD4 Transcriptional Activity R-HSA-2173795,0.815090504129639,1.150518103826024,0.1906779661016949,0.4888268067696686,1.0,8/31,5.73%,UBB;RPS27A;UBA52;STAT1;UBE2D3;SNW1;UBC;TGIF1,EC-PTC
prerank,Reactome_2022__Processing Of DNA Double-Strand Break Ends R-HSA-5693607,0.797619555526676,1.1500910934883286,0.13187954309449637,0.4907665231160922,1.0,16/62,9.70%,UBB;RPS27A;SUMO2;UBA52;PPP4C;RPA3;UBE2I;UBE2N;UBC;UBE2V2;KAT5;BABAM1;RAD17;ATM;RBBP8;ABRAXAS1,EC-PTC
prerank,Reactome_2022__Organic Anion Transporters R-HSA-428643,0.8484935253729263,1.1495781808134886,0.26715686274509803,0.4931325583912113,1.0,1/10,4.04%,SLC17A5,EC-PTC
prerank,Reactome_2022__Regulation Of HSF1-mediated Heat Shock Response R-HSA-3371453,0.7938578790275074,1.149040182245425,0.10585817060637205,0.49574163432583196,1.0,36/80,12.52%,UBB;HSBP1;SERPINH1;RPS19BP1;HSPA1A;BAG1;HSPA2;YWHAE;BAG5;MRPL18;RPA3;HSPA8;HSPA1B;DNAJB6;POM121C;HSPA9;MAPKAPK2;HSPA13;FKBP4;NUP54;HSF1;SEC13;NUP188;HSPA4;HIKESHI;AAAS;NUP42;ST13;ATM;DNAJC2;DNAJB1;DEDD2;NUP43;NUP93;HSPA5;BAG4,EC-PTC
prerank,Reactome_2022__Aquaporin-mediated Transport R-HSA-445717,0.80489024958736,1.1487186959213869,0.14926931106471816,0.49688286659146974,1.0,12/50,8.30%,GNG11;GNG5;GNAS;PRKAR1A;GNG10;RAB11A;AQP2;GNG12;PRKAR2B;GNB2;RAB11FIP2;GNG2,EC-PTC
prerank,Reactome_2022__RNA Polymerase I Promoter Clearance R-HSA-73854,0.8105788122530737,1.1486826471864267,0.15392561983471073,0.49604068262278694,1.0,20/46,11.11%,POLR2L;POLR2F;POLR2K;POLR2H;GTF2H5;CBX3;RBBP7;EHMT2;KAT2B;HDAC2;CHD4;CHD3;POLR2E;RBBP4;POLR1D;HDAC1;TAF1C;MTA1;GTF2H1;MTA2,EC-PTC
prerank,Reactome_2022__mTORC1-mediated Signaling R-HSA-166208,0.8387661678741432,1.1485864799234222,0.17731277533039647,0.49568550327254984,1.0,12/24,8.18%,RPS6;FKBP1A;RRAGA;LAMTOR1;LAMTOR5;LAMTOR4;LAMTOR2;RHEB;EIF4E;YWHAB;RRAGC;LAMTOR3,EC-PTC
prerank,Reactome_2022__Trafficking Of GluR2-containing AMPA Receptors R-HSA-416993,0.8368199178103808,1.1484410109534808,0.23310810810810811,0.4955537573209531,1.0,2/17,1.60%,AP2M1;AP2S1,EC-PTC
prerank,Reactome_2022__Citric Acid Cycle (TCA Cycle) R-HSA-71403,0.8352897578793406,1.1483745611108143,0.2201117318435754,0.4949210830271024,1.0,15/21,12.23%,MDH2;SDHD;SDHB;SDHA;IDH2;SUCLG1;NNT;IDH3B;ACO2;IDH3G;IDH3A;CS;SUCLA2;FAHD1;LDLR,EC-PTC
prerank,Reactome_2022__Regulation Of PLK1 Activity At G2/M Transition R-HSA-2565942,0.7938277382468543,1.1480857009848462,0.08471074380165289,0.4959614609344558,1.0,25/86,7.06%,UBB;RPS27A;TUBB4B;UBA52;DYNLL1;SKP1;OPTN;PPP1CB;HSP90AA1;SSNA1;TUBB;YWHAE;DCTN3;DCTN1;DCTN2;ACTR1A;PPP2R1A;UBC;RAB8A;MAPRE1;PRKAR2B;DYNC1H1;CSNK1E;HAUS7;TUBG1,EC-PTC
prerank,Reactome_2022__RNA Polymerase I Transcription Initiation R-HSA-73762,0.8116265725020512,1.1479270401202741,0.15408479834539815,0.4959604273980715,1.0,19/43,11.11%,POLR2L;POLR2F;POLR2K;POLR2H;GTF2H5;RBBP7;EHMT2;KAT2B;HDAC2;CHD4;CHD3;POLR2E;RBBP4;POLR1D;HDAC1;TAF1C;MTA1;GTF2H1;MTA2,EC-PTC
prerank,Reactome_2022__Nucleotide-like (Purinergic) Receptors R-HSA-418038,0.8470444659995705,1.1474098138708835,0.21264367816091953,0.49854255529834673,1.0,2/15,8.85%,LPAR6;ADORA2A,EC-PTC
prerank,Reactome_2022__Muscle Contraction R-HSA-397014,0.7816516115801719,1.147176392886868,0.04024144869215292,0.49904201800511566,1.0,28/194,6.63%,ATP1B1;FXYD2;MYL12A;MYL6;MYL12B;ANXA2;ATP1B3;VIM;CALD1;MYL6B;TLN1;SRI;CALM1;KCNE4;ORAI1;TPM1;DYSF;ANXA1;MYL9;KAT2B;ASPH;PKN1;KCNK6;FXYD4;ORAI2;ITGB5;ANXA6;TPM2,EC-PTC
prerank,Reactome_2022__MAP3K8 (TPL2)-dependent MAPK1/3 Activation R-HSA-5684264,0.8474028574533281,1.1469780073907048,0.2291904218928164,0.49936055101811777,1.0,9/16,8.76%,UBB;RPS27A;UBA52;SKP1;IKBKB;UBC;MAP2K1;NFKB1;IKBKG,EC-PTC
prerank,Reactome_2022__Glucagon-like Peptide-1 (GLP1) Regulates Insulin Secretion R-HSA-381676,0.8080780451530885,1.1466863752354044,0.15578947368421053,0.500275264348019,1.0,10/42,8.30%,GNG11;GNG5;GNAS;PRKAR1A;GNG10;GNG12;PRKAR2B;RAP1A;GNB2;GNG2,EC-PTC
prerank,Reactome_2022__Transcription Of HIV Genome R-HSA-167172,0.793896165802517,1.1465874735146577,0.13298969072164948,0.4998955943379554,1.0,40/69,14.82%,ELOB;POLR2J;POLR2L;POLR2F;POLR2K;POLR2H;GTF2H5;ELOC;GTF2A2;RNMT;POLR2C;SUPT4H1;POLR2I;TAF10;NELFE;NCBP2;GTF2A1;TAF9;POLR2E;TAF6;GTF2B;TAF13;SUPT5H;POLR2A;TCEA1;CCNK;SSRP1;GTF2H1;POLR2D;CCNT1;NELFA;GTF2E2;POLR2B;CTDP1;POLR2G;ELOA;GTF2F1;NELFB;CDK9;ERCC3,EC-PTC
prerank,Reactome_2022__Mitochondrial Iron-Sulfur Cluster Biogenesis R-HSA-1362409,0.8543276709664571,1.1464643699132777,0.21714285714285714,0.4996041442652494,1.0,9/13,11.81%,ISCU;FDX1;GLRX5;ISCA2;SLC25A37;FDX2;LYRM4;HSCB;NFS1,EC-PTC
prerank,MSigDB_Hallmark_2020__Interferon Gamma Response,0.7851625574744161,1.1461628398608372,0.03112449799196787,0.33461826748045825,0.961,75/198,8.34%,HIF1A;IFI27;BST2;BTG1;VAMP5;PSME2;LY6E;EIF2AK2;VAMP8;STAT1;PSME1;MT2A;ISG15;PSMB8;PSMB2;PSMB9;TNFSF10;PSMA2;SRI;IFIT3;HLA-DMA;B2M;NFKBIA;PARP14;IFITM3;HLA-DRB1;SELP;IFI44L;PSMA3;ZNFX1;NMI;TAPBP;IRF9;IRF1;UBE2L6;NCOA3;CMPK2;MX1;DDX58;IRF2;RBCK1;OAS3;IFIT1;LYSMD2;IFI35;RSAD2;APOL6;ARID5B;CCL2;TAP1;STAT2;PSMB10;SPPL2A;LATS2;CASP4;SERPING1;SOD2;XAF1;IFI44;LAP3;ICAM1;TRIM21;IFNAR2;IFIT2;RNF213;IL15RA;CD40;VCAM1;EIF4E3;NFKB1;SOCS3;HERC6;PLSCR1;CASP3;OAS2,EC-PTC
prerank,Reactome_2022__Signaling By FGFR2 In Disease R-HSA-5655253,0.8149255970123004,1.1461542077926175,0.149895178197065,0.5006298439796114,1.0,14/42,10.29%,POLR2J;POLR2L;POLR2F;POLR2K;POLR2H;POLR2C;POLR2I;NCBP2;POLR2E;POLR2A;NRAS;HRAS;PLCG1;POLR2D,EC-PTC
prerank,Reactome_2022__RNA Polymerase III Transcription Initiation From Type 1 Promoter R-HSA-76061,0.8229535710595648,1.1452289107210711,0.20622986036519872,0.506045734115397,1.0,19/27,14.79%,POLR2L;POLR2F;POLR2K;POLR2H;GTF3C6;GTF3A;POLR2E;POLR3K;POLR1D;POLR3H;GTF3C1;BDP1;POLR3GL;POLR3D;CRCP;GTF3C4;GTF3C3;BRF1;GTF3C5,EC-PTC
prerank,Reactome_2022__Role Of Nef In HIV-1 Replication And Disease Pathogenesis R-HSA-164952,0.8173538228788518,1.1452223315782357,0.24598930481283424,0.5050040351024316,1.0,6/27,4.21%,RNASE1;AP2M1;AP2S1;B2M;AP1S2;AP1S1,EC-PTC
prerank,Reactome_2022__Stimuli-sensing Channels R-HSA-2672351,0.7850842183118624,1.144826617457426,0.1041879468845761,0.50687225669703,1.0,17/100,9.32%,UBB;RPS27A;UBA52;SRI;STOM;CALM1;ASPH;CLCN7;UBC;CLCN5;CLCNKA;OSTM1;SGK1;ANO10;CLCNKB;WNK1;MCOLN1,EC-PTC
prerank,Reactome_2022__HDR Thru Homologous Recombination (HRR) R-HSA-5685942,0.7938617573043165,1.1447706021206543,0.1468459152016546,0.5061934504035548,1.0,16/66,10.55%,UBB;RPS27A;UBA52;POLE4;RPA3;PCNA;UBC;SEM1;POLD4;MUS81;KAT5;RAD17;ATM;POLD2;RBBP8;POLE3,EC-PTC
prerank,Reactome_2022__Diseases Associated With TLR Signaling Cascade R-HSA-5602358,0.811961744855644,1.1446128922786194,0.20613107822410148,0.5061180711521569,1.0,11/31,9.35%,NFKBIA;TLR4;NDUFA2;IKBKB;LY96;RELA;HMGB1;NFKB1;CD36;IKBKG;IRAK4,EC-PTC
prerank,Reactome_2022__eNOS Activation R-HSA-203615,0.8592483779781644,1.1442998443520296,0.23114355231143552,0.507252474399368,1.0,5/11,5.25%,DDAH2;CALM1;CAV1;HSP90AA1;LYPLA1,EC-PTC
prerank,Reactome_2022__Antiviral Mechanism By IFN-stimulated Genes R-HSA-1169410,0.7936643502689293,1.1440276246671777,0.11794871794871795,0.5080874388467832,1.0,50/82,13.79%,UBB;RPS27A;UBA52;EIF2AK2;STAT1;ISG15;EIF4A1;EIF4G2;EIF4A2;UBE2L6;EIF4E2;MX1;OAS1;KPNB1;FLNA;UBE2N;POM121C;OAS3;IFIT1;KPNA1;UBC;NEDD4;EIF4E;NUP54;EIF4A3;SEC13;NUP188;UBA7;EIF4E3;AAAS;UBE2E1;NUP42;OAS2;ABCE1;MX2;KPNA2;PLCG1;EIF4G1;KPNA4;IRF3;NUP43;HERC5;NUP93;TRIM25;USP18;GNL3;KPNA5;NUP50;NUP62;NUP107,EC-PTC
prerank,Reactome_2022__ISG15 Antiviral Mechanism R-HSA-1169408,0.7935283127484679,1.1434669392361843,0.12989690721649486,0.510872399958306,1.0,45/74,13.79%,UBB;RPS27A;UBA52;EIF2AK2;STAT1;ISG15;EIF4A1;EIF4G2;EIF4A2;UBE2L6;EIF4E2;MX1;KPNB1;UBE2N;POM121C;IFIT1;KPNA1;UBC;NEDD4;EIF4E;NUP54;EIF4A3;SEC13;NUP188;UBA7;EIF4E3;AAAS;UBE2E1;NUP42;MX2;KPNA2;PLCG1;EIF4G1;KPNA4;IRF3;NUP43;HERC5;NUP93;TRIM25;USP18;GNL3;KPNA5;NUP50;NUP62;NUP107,EC-PTC
prerank,Reactome_2022__SMAD2/SMAD3:SMAD4 Heterotrimer Regulates Transcription R-HSA-2173796,0.8065644762734264,1.1426429349041818,0.1930379746835443,0.5155906694816632,1.0,9/36,6.42%,UBB;RPS27A;YBX1;UBA52;FURIN;E2F4;UBC;TGIF1;EP300,EC-PTC
prerank,Reactome_2022__IRF3-mediated Induction Of Type I IFN R-HSA-3270619,0.85481838234202,1.14261850383802,0.23877068557919623,0.514676540793534,1.0,6/12,11.23%,XRCC6;IFI16;XRCC5;PRKDC;DDX41;IRF3,EC-PTC
prerank,Reactome_2022__Formation Of Early Elongation Complex R-HSA-113418,0.8112013864699361,1.142118274769384,0.1928345626975764,0.5170751914107756,1.0,23/33,14.82%,POLR2J;POLR2L;POLR2F;POLR2K;POLR2H;GTF2H5;POLR2C;SUPT4H1;POLR2I;NELFE;NCBP2;POLR2E;SUPT5H;POLR2A;GTF2H1;POLR2D;NELFA;POLR2B;CTDP1;POLR2G;GTF2F1;NELFB;ERCC3,EC-PTC
prerank,Reactome_2022__RNA Polymerase III Transcription Initiation From Type 2 Promoter R-HSA-76066,0.8211267169944843,1.1418888953828015,0.21697099892588614,0.5174057027897753,1.0,18/26,14.79%,POLR2L;POLR2F;POLR2K;POLR2H;GTF3C6;POLR2E;POLR3K;POLR1D;POLR3H;GTF3C1;BDP1;POLR3GL;POLR3D;CRCP;GTF3C4;GTF3C3;BRF1;GTF3C5,EC-PTC
prerank,Reactome_2022__Cytosolic Sensors Of Pathogen-Associated DNA R-HSA-1834949,0.7967625598221848,1.1418414856481263,0.13561076604554864,0.5166874699679553,1.0,36/62,13.16%,UBB;RPS27A;UBA52;POLR2L;POLR2F;POLR2K;POLR2H;NFKBIA;XRCC6;IFI16;IKBKB;RELA;NKIRAS2;XRCC5;CREBBP;POLR2E;UBC;DHX9;POLR3K;PRKDC;POLR1D;TRIM21;EP300;DHX36;NFKB1;STAT6;IKBKG;POLR3H;DDX41;IRF3;NFKBIB;POLR3GL;TLR3;POLR3D;IRF7;CRCP,EC-PTC
prerank,Reactome_2022__STAT3 Nuclear Events Downstream Of ALK Signaling R-HSA-9701898,0.8641134335347628,1.1417416990073428,0.23501762632197415,0.516292670264612,1.0,5/10,9.04%,HIF1A;HDAC2;EP300;IL2RG;HDAC1,EC-PTC
prerank,Reactome_2022__Cleavage Of Damaged Purine R-HSA-110331,0.8613122570688403,1.1411334297713525,0.2559241706161137,0.5193482741304658,1.0,4/10,6.22%,TERF2IP;TERF1;MPG;TINF2,EC-PTC
prerank,Reactome_2022__Cooperation Of PDCL (PhLP1) And TRiC/CCT In G-protein Beta Folding R-HSA-6814122,0.8042438655470946,1.1406781447190755,0.1929637526652452,0.5212968032919909,1.0,17/37,8.39%,GNG11;GNG5;CSNK2B;CCT5;CCT3;GNG10;GNG12;TCP1;CCT8;CCT6A;CCT7;GNA14;GNA11;GNB2;CCT4;GNG2;PDCL,EC-PTC
prerank,Reactome_2022__Regulation Of PTEN Gene Transcription R-HSA-8943724,0.8012333016814633,1.1402940897890739,0.14948453608247422,0.5228888869192279,1.0,34/60,14.94%,RRAGA;JUN;LAMTOR1;LAMTOR5;LAMTOR4;LAMTOR2;RBBP7;RHEB;HDAC7;HDAC5;HDAC2;CHD4;PHC2;EGR1;CHD3;RBBP4;MAF1;PTEN;RRAGC;LAMTOR3;TP53;SUZ12;HDAC1;SNAI1;MTA1;CBX6;MTA2;KDM1A;MLST8;PPARG;HDAC3;MAPK3;SNAI2;CBX2,EC-PTC
prerank,Reactome_2022__Chromosome Maintenance R-HSA-73886,0.7877924971195729,1.1399598519729206,0.13074565883554648,0.5241224734490658,1.0,25/89,6.58%,NPM1;POLR2J;NOP10;POLR2L;POLR2F;POLR2K;POLR2H;MIS18BP1;TERF2IP;POLR2C;CENPX;RBBP7;POLR2I;NHP2;RPA3;PCNA;SMARCA5;DAXX;TERF1;POLR2E;PPP6C;RBBP4;TINF2;DKC1;POLD4,EC-PTC
prerank,Reactome_2022__TNFs Bind Their Physiological Receptors R-HSA-5669034,0.8164883985297026,1.139604454860857,0.2131324004305705,0.5254488665561823,1.0,2/29,7.84%,TNFRSF11B;TNFSF13,EC-PTC
prerank,Reactome_2022__Signaling By ALK Fusions And Activated Point Mutants R-HSA-9725370,0.8027917878511128,1.139169740580085,0.16545265348595214,0.5273899864369958,1.0,23/54,10.60%,FN1;RPS6;NPM1;SKP1;EEF1G;RBX1;SQSTM1;PRKAR1A;DCTN1;TFG;CLTC;KIF5B;MSN;MECP2;SHC1;LMO7;RNF213;STRN;PLCG1;MYH9;GCC2;SEC31A;VCL,EC-PTC
prerank,Reactome_2022__Insulin Receptor Recycling R-HSA-77387,0.8198609925821623,1.1386684396719418,0.20824295010845986,0.5298890487290832,1.0,12/26,8.87%,ATP6V1G1;ATP6V0B;ATP6V0E1;ATP6V0C;ATP6V0D1;ATP6V1F;ATP6AP1;ATP6V1A;ATP6V1C1;TCIRG1;ATP6V1E1;ATP6V0E2,EC-PTC
prerank,Reactome_2022__Neddylation R-HSA-8951664,0.7732568634402791,1.1384510593880854,0.05405405405405406,0.530315491108584,1.0,100/236,11.00%,HIF1A;UBB;RPS27A;PSMB6;ELOB;NEDD8;PSMB3;PSME2;PSMB1;RNF7;UBA52;SKP1;PSMB5;PSMA4;PSME1;PSMA6;PSMB8;PSMB2;PSMB9;ELOC;RBX1;PSMA2;UBE2D2;SQSTM1;VCP;PSMA7;COPS6;UBE2M;PSMD8;UBE2D3;PSMC5;PSMC6;COMMD2;PSMD9;PSMA3;PSMA5;PSMC4;COMMD6;RBBP7;SOCS2;PSMB7;UFD1;PSMC3;PSMA1;FBXL15;PSMD2;COMMD5;COPS2;COMMD8;PSMD13;NAE1;TULP4;PSMD7;DDB1;FBXW5;COMMD3;UBC;CARD16;PSMB10;DCAF7;FBXO22;PSMD6;FBXO2;FBXL5;SEM1;KEAP1;LMO7;FBXW2;PSMD14;BTBD1;PSMD3;COPS3;PSMC2;COMMD7;PSMD12;DDA1;FBXO7;SOCS3;ANKRD9;DCUN1D1;FBXL3;PSMD11;UBA3;ASB13;PSMD10;DDB2;CAND1;UCHL3;ASB8;SPSB3;PSMC1;FBXO9;UBE2D1;DCUN1D5;PUM2;FBXW11;GPS1;COPS4;COPS5;LRRC41,EC-PTC
prerank,Reactome_2022__Formation Of RNA Pol II Elongation Complex R-HSA-112382,0.7937167669669061,1.1381007746938565,0.17014613778705637,0.5316689832094216,1.0,36/57,14.82%,ELOB;POLR2J;POLR2L;POLR2F;POLR2K;POLR2H;GTF2H5;ELOC;POLR2C;SUPT4H1;POLR2I;RTF1;NELFE;NCBP2;POLR2E;SUPT5H;PAF1;POLR2A;MLLT1;TCEA1;CCNK;SSRP1;GTF2H1;POLR2D;IWS1;CCNT1;NELFA;DMAP1;POLR2B;CTDP1;POLR2G;ELOA;GTF2F1;NELFB;CDK9;ERCC3,EC-PTC
prerank,"Reactome_2022__Gamma-carboxylation, Transport, And Amino-Terminal Cleavage Of Proteins R-HSA-159854",0.8492585180348341,1.1372974819123722,0.2630952380952381,0.5361262612116241,1.0,5/11,13.78%,FURIN;GGCX;GAS6;PROS1;FAM110A,EC-PTC
prerank,Reactome_2022__Interleukin-4 And Interleukin-13 Signaling R-HSA-6785807,0.7848265168294218,1.1370936547639507,0.11627906976744186,0.5365205454156916,1.0,34/107,12.19%,FN1;HIF1A;VIM;TIMP1;STAT1;CEBPD;HSP90AA1;TGFB1;FOS;ANXA1;HSPA8;CCL2;BCL2L1;ICAM1;MCL1;VCAM1;MUC1;CD36;SOCS3;LAMA5;IL2RG;STAT6;MAOA;TP53;S1PR1;HSP90B1;NDN;CDKN1A;F13A1;IL13RA1;ITGB1;BCL2;AKT1;FSCN1,EC-PTC
prerank,"Reactome_2022__Adrenaline,noradrenaline Inhibits Insulin Secretion R-HSA-400042",0.8172297427108663,1.1370201892162426,0.20512820512820512,0.5359502389634658,1.0,7/28,9.98%,GNG11;GNG5;GNG10;GNG12;GNB2;GNG2;GNAI1,EC-PTC
prerank,Reactome_2022__NOTCH1 Intracellular Domain Regulates Transcription R-HSA-2122947,0.8026156900775255,1.1368796380226336,0.17543859649122806,0.535853342656064,1.0,16/47,7.31%,HIF1A;UBB;RPS27A;UBA52;SKP1;RBX1;SNW1;HDAC7;HDAC5;KAT2B;HDAC2;CREBBP;UBC;TBL1XR1;EP300;NOTCH1,EC-PTC
prerank,Reactome_2022__Disorders Of Transmembrane Transporters R-HSA-5619115,0.7788111200598422,1.1368571211902216,0.06539235412474849,0.5349398470843295,1.0,65/176,9.11%,UBB;RPS27A;PSMB6;PSMB3;BSG;PSME2;PSMB1;UBA52;PSMB5;PSMA4;PSME1;PSMA6;PSMB8;PSMB2;PSMB9;SLC40A1;SLC3A2;PSMA2;VCP;SLC12A1;PSMA7;PSMD8;SLC2A1;PSMC5;PSMC6;PSMD9;PSMA3;PSMA5;PSMC4;PSMB7;PSMC3;PSMA1;PSMD2;POM121C;SLC17A5;PSMD13;PSMD7;DERL2;RNF5;UBC;PSMB10;DERL1;LMBRD1;NUP54;PSMD6;SEM1;OS9;SLC1A1;PSMD14;SLC11A2;ABCD4;PSMD3;ERLEC1;PSMC2;SEC13;NUP188;PSMD12;AAAS;ERLIN2;NUP42;SLC20A2;PSMD11;SLC35A1;SLC26A2;PSMD10,EC-PTC
prerank,Reactome_2022__Clathrin-mediated Endocytosis R-HSA-8856828,0.7857225744015872,1.1367722520020287,0.06781376518218624,0.5344783817991654,1.0,61/139,12.76%,UBB;RPS27A;CLTA;NEDD8;UBA52;AP2M1;VAMP8;RAB5C;ARPC2;ARPC3;AP2S1;COPS6;TGOLN2;ARPC1A;ARPC5;TRIP10;VAMP2;ACTR2;DAB2;RAB5A;WASL;COPS2;HSPA8;VAMP4;CTTN;ARF6;CLTC;EPN1;DNM2;SYNJ2;UBC;VAMP3;SCARB2;NECAP2;CLTB;EPN2;GRK2;IGF2R;COPS3;HGS;HIP1R;M6PR;EGF;UBQLN2;OCRL;RAB5B;GAPVD1;BIN1;DVL2;GPS1;COPS4;ARRB1;COPS5;TOR1A;STON1;STAM2;FNBP1L;LDLR;ARFGAP1;REPS1;COPS7A,EC-PTC
prerank,Reactome_2022__COPII-mediated Vesicle Transport R-HSA-204005,0.7896521806270456,1.1366395415519566,0.14330218068535824,0.534280993585609,1.0,29/66,8.81%,TRAPPC5;TRAPPC4;TRAPPC1;LMAN1;LMAN2;TMED2;PPP6R1;CD59;TFG;MCFD2;RAB1B;SEC22B;CTSZ;F8;TRAPPC2L;SEC22C;TBC1D20;CNIH1;CTSC;PPP6C;TRAPPC3;GOLGA2;TRAPPC6A;SAR1B;GOSR2;SEC13;USO1;BET1;SEC16A,EC-PTC
prerank,Reactome_2022__mRNA 3-End Processing R-HSA-72187,0.7965803608003419,1.1366316436857482,0.177319587628866,0.5332432744353569,1.0,41/58,16.19%,SRSF9;SRSF5;RBM8A;FYTTD1;SRRM1;SRSF6;DDX39A;NCBP2;SLU7;MAGOH;THOC7;U2AF2;CDC40;CHTOP;SRSF2;EIF4A3;POLDIP3;THOC3;DDX39B;SARNP;CPSF2;CASC3;SRSF4;SRSF1;PCF11;RNPS1;THOC2;SRSF7;THOC6;MAGOHB;SRSF11;ALYREF;PABPN1;CSTF2T;SYMPK;CSTF1;UPF3B;U2AF1L4;THOC1;CPSF6;CPSF1,EC-PTC
prerank,Reactome_2022__Nuclear Envelope (NE) Reassembly R-HSA-2995410,0.7878317620159601,1.1360755585263445,0.15129533678756477,0.5359032427917935,1.0,41/73,15.93%,TUBB4B;TUBA1B;RAN;CHMP2A;SUMO1;TUBB6;TUBB;IST1;KPNB1;CHMP4B;UBE2I;TUBA1C;LBR;PPP2R1A;CHMP2B;BANF1;PPP2CA;SIRT2;NUP54;CHMP4C;LMNA;TUBB2A;ANKLE2;SEC13;NUP188;TMPO;CHMP6;EMD;NUP43;NUP93;LEMD2;NUP62;NUP107;TUBA1A;TNPO1;NUP35;NUP205;NUP37;RANGAP1;TUBA4A;SEH1L,EC-PTC
prerank,Reactome_2022__HCMV Infection R-HSA-9609646,0.7852913046030885,1.1360744754311407,0.10670731707317073,0.534841611472028,1.0,53/92,15.93%,RNASE1;DYNLL1;CHMP2A;VPS28;SNF8;CEBPD;TRIM28;RBBP7;TSG101;HNRNPK;VPS25;TXN2;CHMP4B;POM121C;CREB1;DAXX;CHMP2B;CBX1;GPS2;RBBP4;NUP54;CHMP4C;DYNC1LI2;MVB12A;TBL1XR1;DYNC1H1;DUT;CHMP1A;SEC13;NUP188;NFKB1;AAAS;NUP42;SUZ12;VPS37A;HSD17B4;CHMP6;ITGB1;NUP43;NUP93;RRM1;TBL1X;HDAC3;NUP50;NUP62;NUP107;DYNLL2;CD46;VPS37D;NUP35;NUP205;NUP37;SEH1L,EC-PTC
prerank,Reactome_2022__N-Glycan Antennae Elongation R-HSA-975577,0.8302613379036106,1.1357102472069454,0.2885514018691589,0.5362429002458498,1.0,4/15,7.82%,ST8SIA6;ST6GAL1;MGAT4B;B4GALT3,EC-PTC
prerank,Reactome_2022__Deposition Of New CENPA-containing Nucleosomes At Centromere R-HSA-606279,0.8118599532015354,1.13491283828,0.24865446716899892,0.540568247398907,1.0,6/26,5.38%,NPM1;MIS18BP1;CENPX;RBBP7;SMARCA5;RBBP4,EC-PTC
prerank,MSigDB_Hallmark_2020__Epithelial Mesenchymal Transition,0.7730464749195936,1.134487803504357,0.0642570281124498,0.40996507046829944,0.991,57/200,9.92%,FN1;VIM;HTRA1;TIMP1;PPIB;TNFRSF11B;SERPINH1;VCAN;COL3A1;JUN;TFPI2;CALD1;CALU;ITGAV;SFRP1;EDIL3;LAMC1;SPARC;SAT1;TGFB1;MATN2;COL6A3;LGALS1;DAB2;CAPG;FERMT2;CD59;TPM1;BASP1;CCN2;EMP3;MYL9;IGFBP2;FLNA;MCM7;RHOB;SGCB;IGFBP4;THY1;FZD8;COL4A2;GADD45B;ITGB5;PLOD1;TPM2;TNFRSF12A;QSOX1;CTHRC1;VCAM1;PFN2;FUCA1;BGN;COL6A2;FBN1;LOXL2;TGFBR3;MYLK,EC-PTC
prerank,Reactome_2022__MTOR Signaling R-HSA-165159,0.8042536933406028,1.134449232508701,0.18467995802728226,0.5426762693175242,1.0,28/41,15.16%,RPS6;FKBP1A;RRAGA;LAMTOR1;LAMTOR5;LAMTOR4;LAMTOR2;RHEB;PRKAA1;PRKAB1;EIF4E;YWHAB;RRAGC;LAMTOR3;TSC2;PRKAA2;EIF4G1;AKT2;TSC1;AKT1;MLST8;EEF2K;AKT1S1;STRADB;EIF4B;STK11;EIF4EBP1;STRADA,EC-PTC
prerank,MSigDB_Hallmark_2020__UV Response Up,0.7753896784507761,1.134382432092138,0.08224674022066199,0.3796790107256782,0.991,82/156,14.56%,BTG1;BSG;FURIN;HSPA2;POLR2H;SQSTM1;EIF5;AP2S1;SELENOW;SLC25A4;JUNB;NFKBIA;CA2;TMBIM6;FOS;CNP;DNAJA1;RPN1;CREG1;PSMC3;IRF1;STK25;ATP6V1F;PPP1R2;ACAA1;IGFBP2;PDAP1;MGAT1;RHOB;EPCAM;CEBPG;TAP1;HSPA13;FKBP4;ATP6V1C1;CCND3;GRPEL1;CLTB;SOD2;ICAM1;GGH;PPT1;DDX21;STARD3;CDKN1C;CYB5R1;EIF2S3;CASP3;KLHDC3;MARK2;UROD;MAOA;CHKA;ALAS1;DGAT1;GRINA;AQP3;WIZ;PRKACA;ALDOA;BID;DNAJB1;POLE3;GLS;GPX3;RXRB;NR4A1;STIP1;BMP2;FOSB;SLC6A12;ENO2;PRPF3;AMD1;AGO2;TST;POLG2;TFRC;ABCB1;CDC34;SPR;RAB27A,EC-PTC
prerank,Reactome_2022__Pexophagy R-HSA-9664873,0.8499279104891612,1.1341968126592898,0.2615933412604043,0.5433374172929277,1.0,7/11,4.96%,UBB;RPS27A;UBA52;SQSTM1;MAP1LC3B;NBR1;UBC,EC-PTC
prerank,Reactome_2022__FOXO-mediated Transcription Of Cell Death Genes R-HSA-9614657,0.8278731093402207,1.1341868393963974,0.2636986301369863,0.5423145663285174,1.0,13/16,15.68%,PINK1;DDIT3;CREBBP;NFYB;EP300;BBC3;CITED2;NFYC;FOXO3;STK11;NFYA;BCL2L11;FOXO4,EC-PTC
prerank,Reactome_2022__Activation Of HOX Genes During Differentiation R-HSA-5619507,0.793382430328403,1.1338026478927372,0.18181818181818182,0.5438874274018537,1.0,33/62,13.57%,POLR2J;JUN;POLR2L;POLR2F;POLR2K;POLR2H;POLR2C;HOXB2;RBBP7;POLR2I;NCOA3;YY1;PCGF2;CREBBP;POLR2E;RARG;RBBP4;EP300;HOXB3;KMT2D;PAGR1;POLR2A;HOXB4;SUZ12;RARA;CTCF;POLR2D;AJUBA;RARB;HOXA4;POLR2B;HDAC3;POLR2G,EC-PTC
prerank,Reactome_2022__MAP2K And MAPK Activation R-HSA-5674135,0.8069742212178225,1.1331016560177853,0.2110762800417973,0.5475877352612845,1.0,15/37,10.89%,FN1;PEBP1;TLN1;LAMTOR2;MAP2K2;YWHAB;MAP2K1;RAP1A;CSK;NRAS;LAMTOR3;HRAS;WDR83;VCL;ARRB1,EC-PTC
prerank,Reactome_2022__Conversion From APC/C:Cdc20 To APC/C:Cdh1 In Late Anaphase R-HSA-176407,0.8250272895670964,1.1329996983786348,0.24699453551912567,0.5472526890076199,1.0,12/20,12.48%,ANAPC16;ANAPC11;CDC26;ANAPC10;CDC16;UBE2E1;ANAPC15;UBE2S;UBE2D1;ANAPC7;CDC27;CDC23,EC-PTC
prerank,Reactome_2022__Phase II - Conjugation Of Compounds R-HSA-156580,0.778381613085096,1.1324926956259125,0.13096446700507614,0.5497716066304933,1.0,20/104,9.77%,GSTP1;TRMT112;MGST3;MGST2;PRNP;COMT;GSTM3;ESD;GSTO1;MAT2B;GSTK1;SLC35B2;MAT2A;UGP2;CNDP2;AKR1A1;GGCT;SLC26A2;GCLM;GSTM4,EC-PTC
prerank,"Reactome_2022__Cell Cycle, Mitotic R-HSA-69278",0.766936681460398,1.1324880422447856,0.008,0.5487137126204173,1.0,197/488,13.79%,UBB;RPS27A;PSMB6;RPS27;PSMB3;PSME2;TUBB4B;MZT2B;TUBA1B;LPIN2;PSMB1;UBA52;DYNLL1;RAN;SKP1;PSMB5;OPTN;CHMP2A;SET;PSMA4;PSME1;PSMA6;PSMB8;PSMB2;PSMB9;RBX1;POLE4;SUMO1;PSMA2;ANAPC16;ANAPC11;PPP1CB;BUB3;CSNK2B;PSMA7;TUBB6;PSMD8;HSP90AA1;SSNA1;TUBB;PSMC5;PSMC6;YWHAE;PSMD9;CDC26;PSMA3;E2F4;DCTN3;PSMA5;ARPP19;PSMC4;SMC3;PSMB7;DCTN1;PSMC3;PSMA1;CDK4;NUDC;RAB1B;IST1;PSMD2;RPA3;CABLES1;KPNB1;CHMP4B;PPP2CB;MCM7;UBE2I;POM121C;DCTN2;PSMD13;PCNA;PSMD7;ACTR1A;CDKN2D;ENSA;TUBA1C;MZT2A;LBR;SKA2;CTDNEP1;PPP2R1A;UBC;CHMP2B;MZT1;ANAPC10;PSMB10;BANF1;PPP2CA;RAB8A;GOLGA2;CCND3;RBBP4;SIRT2;NUP54;CHMP4C;DYNC1LI2;XPO1;PSMD6;MAPRE1;SEM1;CKS1B;SMC1A;PRKAR2B;DYNC1H1;PSMD14;LMNA;CSNK1E;EP300;PSMD3;POLD4;CDC16;RAD21;CLIP1;TUBB2A;KMT5A;ANKLE2;NDEL1;HAUS7;TUBG1;PSMC2;SEC13;NUP188;CDKN1C;TUBGCP2;PSMD12;CDK6;USO1;AAAS;MAU2;GORASP2;UBE2E1;TMPO;NUP42;ANAPC15;PSMD11;TP53;PPME1;HDAC1;PSMD10;POLD2;PHLDA1;PPP1CC;CDK11A;MCM6;CHMP6;PSMC1;ORC4;UBE2S;HAUS6;CDKN1A;CEP152;UBE2D1;HSP90AB1;ANAPC7;POLE3;EMD;RAB33B;FBXW11;AKT2;PAFAH1B1;RAB2A;YWHAG;AJUBA;PPP2R5B;PCNT;SMC4;MCM5;CENPQ;NUP43;AKT1;CDC27;NUP93;MIS12;NUMA1;LEMD2;CDC23;PSMB4;PSMF1;PSMD5;MAX;OFD1;CETN2;CEP57;MCM3;SPDL1;HAUS3;HAUS1;KIF2A;LPIN1;NUP50;POLD1;NUP62;TFDP1;ITGB3BP;HAUS4;NUP107,EC-PTC
prerank,Reactome_2022__Keratan Sulfate Degradation R-HSA-2022857,0.8355071062426362,1.1324588347852302,0.2777129521586931,0.5478380709045938,1.0,3/12,6.43%,HEXB;GNS;HEXA,EC-PTC
prerank,Reactome_2022__RNA Polymerase I Promoter Escape R-HSA-73772,0.8107636919281629,1.1323519402261646,0.23347547974413646,0.5475415188149276,1.0,8/27,5.87%,POLR2L;POLR2F;POLR2K;POLR2H;GTF2H5;CBX3;POLR2E;POLR1D,EC-PTC
prerank,Reactome_2022__Xenobiotics R-HSA-211981,0.8245728234970139,1.1322151454169858,0.23867403314917127,0.5473852239441912,1.0,2/22,7.87%,AHR;MIA3,EC-PTC
prerank,Reactome_2022__Removal Of Aminoterminal Propeptides From Gamma-Carboxylated Proteins R-HSA-159782,0.8471655087948399,1.132024516423364,0.28468033775633295,0.547619858806888,1.0,4/10,13.78%,FURIN;GAS6;PROS1;FAM110A,EC-PTC
prerank,Reactome_2022__Recycling Pathway Of L1 R-HSA-437239,0.8085482600412914,1.1315422145739675,0.2261904761904762,0.5499379168919197,1.0,9/28,6.34%,RDX;CLTA;AP2M1;AP2S1;RPS6KA3;CLTC;DNM2;MSN;EZR,EC-PTC
prerank,Reactome_2022__Telomere Maintenance R-HSA-157579,0.7888388146603138,1.131538065943639,0.16942148760330578,0.5488960565304516,1.0,23/64,10.29%,POLR2J;NOP10;POLR2L;POLR2F;POLR2K;POLR2H;TERF2IP;POLR2C;POLR2I;NHP2;RPA3;PCNA;DAXX;TERF1;POLR2E;PPP6C;TINF2;DKC1;POLD4;POLR2A;STN1;POLD2;POLR2D,EC-PTC
prerank,Reactome_2022__FLT3 Signaling In Disease R-HSA-9682385,0.8097406833725024,1.1305330363798771,0.2572658772874058,0.5547050450893815,1.0,10/27,8.51%,UBB;RPS27A;UBA52;GOLGB1;UBC;BCL2L1;TRIP11;PTPN11;NRAS;HRAS,EC-PTC
prerank,Reactome_2022__Signaling By ERBB2 ECD Mutants R-HSA-9665348,0.8341420693708638,1.1303924851473544,0.24719101123595505,0.5545643309147235,1.0,9/15,10.56%,CDC37;HSP90AA1;SHC1;NRAS;ERBIN;EGF;HRAS;PLCG1;ERBB2,EC-PTC
prerank,Reactome_2022__Sensory Processing Of Sound R-HSA-9659379,0.7834152269337701,1.1303604618585958,0.16255144032921812,0.5537008847876728,1.0,15/75,10.23%,RDX;GSN;CAPZA2;VAMP2;TWF1;MSN;EZR;CAPZB;TWF2;EPS8L2;DNAJC5;EPB41L3;ATP2B1;KCNN2;MYH9,EC-PTC
prerank,Reactome_2022__NoRC Negatively Regulates rRNA Expression R-HSA-427413,0.7984107381499843,1.13035687850702,0.2087227414330218,0.5526498620122795,1.0,18/42,10.73%,POLR2L;POLR2F;POLR2K;POLR2H;GTF2H5;SAP18;HDAC2;SMARCA5;POLR2E;POLR1D;DNMT1;BAZ2A;SAP30BP;SAP30L;HDAC1;TAF1C;GTF2H1;SUDS3,EC-PTC
prerank,Reactome_2022__RA Biosynthesis Pathway R-HSA-5365859,0.8164425543014755,1.1302189139231624,0.2513781697905182,0.5524504069132204,1.0,6/22,9.01%,DHRS3;AKR1C3;CYP26B1;RDH11;RDH14;DHRS4,EC-PTC
prerank,Reactome_2022__RAB Geranylgeranylation R-HSA-8873719,0.7899111112342713,1.130054064129575,0.1696149843912591,0.5525449071747616,1.0,31/62,15.36%,RAB13;RAB5C;PTP4A2;RAB21;RAB14;RAB11A;RAB5A;RAB7A;RAB1B;RAB18;RAB9A;RAB8B;RAB8A;RAB34;RAB43;RAB32;RAB4A;RAB17;RABGGTB;RAB5B;RAB24;RAB33B;RAB2A;RAB29;RAB23;RAB22A;RAB35;RAB27A;RAB25;RAB15;RAB20,EC-PTC
prerank,MSigDB_Hallmark_2020__PI3K/AKT/mTOR  Signaling,0.778214969479396,1.1296682538872564,0.13922764227642276,0.3930297597289189,0.996,45/105,12.02%,PFN1;CFL1;AP2M1;SQSTM1;ARPC3;CSNK2B;UBE2D3;ARHGDIA;SLC2A1;ACTR2;MAP2K3;ARF1;CDK4;RAC1;DDIT3;PIN1;DUSP3;CALR;UBE2N;RALB;RPS6KA3;CLTC;STAT2;EIF4E;YWHAB;GNA14;GRK2;PTEN;PTPN11;IL2RG;RIT1;HRAS;PPP1CA;PLCG1;IRAK4;TSC2;PRKAA2;HSP90B1;CDKN1A;ATF1;NFKBIB;PLA2G12A;NCK1;ITPR2;AKT1,EC-PTC
prerank,Reactome_2022__Platelet Degranulation R-HSA-114608,0.7786294910385025,1.1296349970168842,0.10505050505050505,0.5542880288193296,1.0,54/123,11.29%,FN1;SRGN;PFN1;CD63;TMSB4X;PPIA;TIMP1;ANXA5;SOD1;PHACTR2;MAGED2;CALU;TOR4A;CD9;ACTN1;TLN1;CALM1;TEX264;SPARC;TGFB1;VEGFB;WDR1;FAM3C;F8;FLNA;CAP1;RARRES2;SYTL4;KNG1;SERPING1;MANF;TMX3;SCCPDH;QSOX1;CHID1;CYB5R1;CD36;GAS6;ACTN4;VPS72;EGF;TAGLN2;OLA1;HABP4;PROS1;LAMP2;APOOL;MMRN1;F13A1;VCL;SELENOP;SERPINA1;VTI1B;NHLRC2,EC-PTC
prerank,Reactome_2022__Signaling By FGFR R-HSA-190236,0.7864637932111664,1.1294944231578161,0.12335692618806876,0.5541576245766422,1.0,27/86,8.51%,UBB;RPS27A;UBA52;POLR2J;POLR2L;POLR2F;POLR2K;POLR2H;PTBP1;HNRNPF;POLR2C;TIAL1;POLR2I;HNRNPA1;PPP2CB;NCBP2;SPRY2;POLR2E;PPP2R1A;UBC;PPP2CA;SHC1;HNRNPM;PTPN11;POLR2A;NRAS;HRAS,EC-PTC
prerank,Reactome_2022__Signaling By Activated Point Mutants Of FGFR1 R-HSA-1839122,-0.7170240961802097,-1.1291913014539345,0.3525641025641026,1.0,1.0,1/11,0.78%,FGFR1,EC-PTC
prerank,Reactome_2022__HDR Thru Homologous Recombination (HRR) Or Single Strand Annealing (SSA) R-HSA-5693567,0.7774619389785884,1.129124865908084,0.15392456676860347,0.5555857028492148,1.0,25/96,10.90%,UBB;RPS27A;SUMO2;UBA52;PPP4C;POLE4;RPA3;UBE2I;UBE2N;PCNA;ERCC1;UBC;SEM1;POLD4;MUS81;UBE2V2;KAT5;BABAM1;RAD17;ATM;POLD2;RBBP8;ABRAXAS1;POLE3;TP53BP1,EC-PTC
prerank,Reactome_2022__Paradoxical Activation Of RAF Signaling By Kinase Inactive BRAF R-HSA-6802955,0.8047483596924231,1.1290197602073386,0.2142110762800418,0.5552311754860783,1.0,14/40,10.89%,FN1;PEBP1;TLN1;CALM1;MAP2K2;YWHAB;MAP2K1;RAP1A;CSK;NRAS;HRAS;MAP3K11;VCL;ARRB1,EC-PTC
prerank,Reactome_2022__DNA Double-Strand Break Repair R-HSA-5693532,0.770818175399276,1.1281693696163153,0.1381048387096774,0.5601443686224296,1.0,37/131,10.90%,UBB;RPS27A;SUMO2;UBA52;PPP4C;POLE4;SUMO1;UBXN1;XRCC6;RPA3;UBE2I;UBE2N;PCNA;SMARCA5;XRCC5;ERCC1;UBC;PRKDC;SEM1;KDM4B;POLD4;MUS81;BAZ1B;UBE2V2;KAT5;BABAM1;RAD17;TP53;KPNA2;ATM;POLD2;RBBP8;ABRAXAS1;TDP2;POLE3;POLM;TP53BP1,EC-PTC
prerank,"Reactome_2022__Transport Of Bile Salts And Organic Acids, Metal Ions And Amine Compounds R-HSA-425366",0.780871949220075,1.126895613369446,0.16786079836233367,0.5680665738484821,1.0,17/86,10.51%,SLC14A1;BSG;SLC5A3;SLC40A1;SLC44A1;SLC44A2;SLC16A7;SLC39A1;SLC39A7;SLC11A2;SLC39A14;SLC39A10;SLC39A6;SLC41A1;SLC30A5;SLC30A1;SLC16A1,EC-PTC
prerank,Reactome_2022__Aberrant Regulation Of Mitotic Exit In Cancer Due To RB1 Defects R-HSA-9687136,0.8152990764905288,1.1265145672839545,0.26506024096385544,0.5695864295592967,1.0,12/20,12.48%,ANAPC16;ANAPC11;CDC26;ANAPC10;CDC16;UBE2E1;ANAPC15;UBE2S;UBE2D1;ANAPC7;CDC27;CDC23,EC-PTC
prerank,Reactome_2022__Circadian Clock R-HSA-400253,0.7912739861307321,1.1264282480887249,0.15789473684210525,0.5691124731505202,1.0,24/66,9.61%,HIF1A;UBB;RPS27A;UBA52;SKP1;PPP1CB;NPAS2;RBM4;CREB1;MBD4;CREBBP;UBC;TBL1XR1;CSNK1E;EP300;NR1D1;BHLHE40;CRY2;FBXL3;PPP1CA;CRTC2;MEF2D;PPP1CC;HSD17B4,EC-PTC
prerank,Reactome_2022__Trafficking And Processing Of Endosomal TLR R-HSA-1679131,0.8334470918841149,1.1259870184651666,0.28157589803012745,0.5711036409677076,1.0,7/13,14.43%,CTSL;CTSB;CNPY3;LGMN;HSP90B1;TLR3;CTSS,EC-PTC
prerank,Reactome_2022__PERK Regulates Gene Expression R-HSA-381042,0.7996597911526866,1.125831402410123,0.2470713525026624,0.5710892493311386,1.0,19/32,13.28%,EIF2S2;ATF4;KHSRP;DDIT3;EXOSC6;CEBPG;EIF2S1;CCL2;EXOSC8;NFYB;HERPUD1;ATF6;EIF2S3;EXOSC7;DIS3;EXOSC4;HSPA5;EXOSC9;NFYC,EC-PTC
prerank,Reactome_2022__Response To Elevated Platelet Cytosolic Ca2+ R-HSA-76005,0.7751657795788737,1.1255890902230565,0.11604439959636731,0.5717054001444533,1.0,54/128,11.29%,FN1;SRGN;PFN1;CD63;TMSB4X;PPIA;TIMP1;ANXA5;SOD1;PHACTR2;MAGED2;CALU;TOR4A;CD9;ACTN1;TLN1;CALM1;TEX264;SPARC;TGFB1;VEGFB;WDR1;FAM3C;F8;FLNA;CAP1;RARRES2;SYTL4;KNG1;SERPING1;MANF;TMX3;SCCPDH;QSOX1;CHID1;CYB5R1;CD36;GAS6;ACTN4;VPS72;EGF;TAGLN2;OLA1;HABP4;PROS1;LAMP2;APOOL;MMRN1;F13A1;VCL;SELENOP;SERPINA1;VTI1B;NHLRC2,EC-PTC
prerank,Reactome_2022__Degradation Of Cysteine And Homocysteine R-HSA-1614558,0.8389428640084777,1.1254601114031537,0.2801418439716312,0.57154858032411,1.0,8/13,13.45%,TSTD1;TXN2;MPST;ETHE1;ADO;GOT2;SQOR;SUOX,EC-PTC
prerank,Reactome_2022__RNA Polymerase II Pre-transcription Events R-HSA-674695,0.7755204610892907,1.1254452946128424,0.18794688457609807,0.5705941502828872,1.0,48/79,16.09%,ELOB;POLR2J;POLR2L;POLR2F;POLR2K;POLR2H;GTF2H5;ELOC;GTF2A2;POLR2C;SUPT4H1;POLR2I;RTF1;TAF10;NELFE;NCBP2;GTF2A1;TAF9;POLR2E;TAF6;GTF2B;TAF13;SUPT5H;PAF1;POLR2A;MLLT1;TCEA1;CCNK;SSRP1;GTF2H1;POLR2D;IWS1;CCNT1;NELFA;DMAP1;GTF2E2;POLR2B;CTDP1;POLR2G;ELOA;GTF2F1;NELFB;CDK9;ERCC3;LEO1;AFF4;TAF12;ELL,EC-PTC
prerank,MSigDB_Hallmark_2020__Hypoxia,0.7646723492687921,1.1253895440350912,0.09829488465396188,0.40189269322935706,0.996,71/200,12.28%,S100A4;GAPDH;MIF;ANXA2;BTG1;PRDX5;LDHA;TPI1;ENO1;DUSP1;MT2A;JUN;BNIP3L;ZFP36;CAV1;CCNG2;SLC2A1;FOS;GPI;GLRX;CAVIN3;EFNA1;PLIN2;CCN2;DDIT3;PGK1;DDIT4;FAM162A;ATP7A;HDLBP;ILVBL;SLC25A1;UGP2;HEXA;PFKFB3;BHLHE40;NAGK;MXI1;CDKN1C;KLHL24;SLC2A3;PPP1R15A;DTNA;GAA;FOSL2;CHST2;B3GALT6;MAP3K1;PFKL;AKAP12;GRHPR;HK1;TES;P4HA1;JMJD6;BGN;PFKP;ALDOA;MYH9;CDKN1A;SDC2;CA12;TPD52;SLC37A4;BCL2;RBPJ;CCN1;LXN;ZNF292;HSPA5;ENO2,EC-PTC
prerank,Reactome_2022__DSCAM Interactions R-HSA-376172,0.8389874393244565,1.125307120349291,0.2984723854289072,0.5704496441207191,1.0,2/11,5.12%,RNASE1;PKN1,EC-PTC
prerank,Reactome_2022__Constitutive Signaling By EGFRvIII R-HSA-5637810,0.8327744061053094,1.125258035918768,0.2655367231638418,0.5697299658002676,1.0,7/14,9.25%,CDC37;HSP90AA1;SHC1;NRAS;EGF;HRAS;PLCG1,EC-PTC
prerank,Reactome_2022__Gluconeogenesis R-HSA-70263,0.7982793587644943,1.12523296939685,0.2609625668449198,0.5688361610688385,1.0,12/30,12.28%,TPI1;ENO1;MDH2;PGK1;MDH1;SLC25A11;SLC25A1;GNPDA1;GOT2;SLC37A4;G6PC3;ENO2,EC-PTC
prerank,Reactome_2022__Transport Of Mature mRNA Derived From An Intron-Containing Transcript R-HSA-159236,0.7842453908502142,1.125208061084946,0.1558974358974359,0.5679571949486176,1.0,49/74,15.93%,SRSF9;SRSF5;RBM8A;FYTTD1;SRRM1;SRSF6;DDX39A;POM121C;NCBP2;SLU7;MAGOH;THOC7;U2AF2;CDC40;NUP54;CHTOP;SRSF2;EIF4A3;POLDIP3;NXT1;THOC3;SEC13;NUP188;DDX39B;SARNP;AAAS;CASC3;NUP42;SRSF4;SRSF1;RNPS1;THOC2;SRSF7;THOC6;NUP43;MAGOHB;SRSF11;NUP93;ALYREF;NUP50;NUP62;NUP107;UPF3B;U2AF1L4;NUP35;NUP205;NUP37;THOC1;SEH1L,EC-PTC
prerank,Reactome_2022__RNA Polymerase III Transcription Initiation R-HSA-76046,0.8043911962992324,1.12512263674159,0.23516949152542374,0.5674701850610191,1.0,25/35,16.21%,POLR2L;POLR2F;POLR2K;POLR2H;GTF3C6;SNAPC1;GTF3A;POLR2E;POLR3K;POLR1D;SNAPC5;POLR3H;GTF3C1;BDP1;POLR3GL;POLR3D;CRCP;SNAPC2;GTF3C4;GTF3C3;BRF1;GTF3C5;BRF2;SNAPC3;GTF3C2,EC-PTC
prerank,Reactome_2022__GPVI-mediated Activation Cascade R-HSA-114604,0.7991585209662245,1.1250050914385221,0.25583864118895966,0.567199033334002,1.0,7/32,8.15%,RNASE1;RHOA;RHOG;RHOB;CDC42;PTPN11;SPNS1,EC-PTC
prerank,Reactome_2022__RHO GTPases Activate NADPH Oxidases R-HSA-5668599,0.8141531367960676,1.1248277300756961,0.25962596259625964,0.5673390265586077,1.0,1/24,0.08%,RNASE1,EC-PTC
prerank,Reactome_2022__Signaling By ALK R-HSA-201556,0.8130485359847236,1.1243177080139228,0.24546424759871932,0.5696948804416411,1.0,10/26,13.40%,HIF1A;HDAC2;SHC1;EP300;IL2RG;HDAC1;PLCG1;SIN3A;HDAC3;PTPN6,EC-PTC
prerank,Reactome_2022__Regulation Of IFNA/IFNB Signaling R-HSA-912694,0.8111881940332628,1.1241766230229149,0.2619565217391304,0.5695218563194422,1.0,9/25,13.40%,STAT1;IFNAR1;STAT2;IFNAR2;PTPN11;SOCS3;PTPN1;USP18;PTPN6,EC-PTC
prerank,Reactome_2022__Signaling By High-Kinase Activity BRAF Mutants R-HSA-6802948,0.8057128232340781,1.1241587607499874,0.24344176285414482,0.5685944269905489,1.0,10/33,8.51%,FN1;PEBP1;TLN1;MAP2K2;YWHAB;MAP2K1;RAP1A;CSK;NRAS;HRAS,EC-PTC
prerank,Reactome_2022__Neurotoxicity Of Clostridium Toxins R-HSA-168799,0.8444189090185661,1.1240405294674813,0.2932692307692308,0.5683350624721006,1.0,1/10,2.15%,VAMP2,EC-PTC
prerank,Reactome_2022__Transcriptional Activity Of SMAD2/SMAD3:SMAD4 Heterotrimer R-HSA-2173793,0.7885241589656293,1.1238272640838003,0.2,0.5686852715761737,1.0,12/51,6.42%,UBB;RPS27A;YBX1;UBA52;FURIN;STAT1;UBE2D3;E2F4;SNW1;UBC;TGIF1;EP300,EC-PTC
prerank,Reactome_2022__Deadenylation-dependent mRNA Decay R-HSA-429914,0.7949326294929538,1.1233035742166078,0.19769874476987448,0.5710434994091422,1.0,30/53,12.79%,LSM7;LSM3;EIF4A1;LSM4;PAIP1;EIF4A2;LSM6;LSM5;LSM1;EXOSC6;LSM2;PABPC1;EXOSC8;EIF4E;CNOT7;NT5C3B;EIF4A3;CNOT3;CNOT2;CNOT11;EXOSC7;DIS3;EXOSC4;EIF4G1;CNOT8;EDC4;PATL1;CNOT10;DCPS;EXOSC9,EC-PTC
prerank,Reactome_2022__Biological Oxidations R-HSA-211859,0.7646404435738244,1.1230197318440183,0.08617234468937876,0.5718921792943638,1.0,52/210,14.97%,GSTP1;AURKAIP1;TRMT112;VDAC2;MGST3;AHR;FDX1;MGST2;PRNP;COMT;CYB5R3;GSTM3;CYP26B1;ESD;GSTO1;MAT2B;GSTK1;SLC35B2;CYP51A1;AKR7A2;PTGES3;NQO2;MAT2A;UGP2;CNDP2;AKR1A1;GGCT;MIA3;FDX2;MAOA;SLC26A2;ADH5;GCLM;GSTM4;HSP90AB1;ABHD14B;GCLC;CYP1B1;ALDH1A1;UGDH;PAPSS1;TBXAS1;N6AMT1;POMC;CYP27A1;ARNT2;SMOX;MTR;SLC38A1;BPHL;ADH1B;SLC35B3,EC-PTC
prerank,Reactome_2022__Defective GALNT3 Causes HFTC R-HSA-5083625,0.8215076380211078,1.1229933582802292,0.27232142857142855,0.5710271597615326,1.0,4/17,16.81%,MUC15;MUC1;MUC20;GALNT3,EC-PTC
prerank,Reactome_2022__Negative Epigenetic Regulation Of rRNA Expression R-HSA-5250941,0.793413940082646,1.1229777653982207,0.21019771071800208,0.5701221352393289,1.0,18/45,10.73%,POLR2L;POLR2F;POLR2K;POLR2H;GTF2H5;SAP18;HDAC2;SMARCA5;POLR2E;POLR1D;DNMT1;BAZ2A;SAP30BP;SAP30L;HDAC1;TAF1C;GTF2H1;SUDS3,EC-PTC
prerank,MSigDB_Hallmark_2020__Glycolysis,0.766553317100921,1.1227150891032662,0.08953722334004025,0.4006361439421632,0.998,96/199,16.53%,MIF;LDHA;PPIA;TPI1;ENO1;SOD1;PGAM1;CYB5A;PKM;VCAN;EGLN3;MDH2;ARPP19;PSMC4;TALDO1;GLRX;TXN;CHST12;NASP;STMN1;GUSB;PGK1;DDIT4;PPP2CB;FAM162A;RBCK1;HDLBP;FKBP4;POLR3K;MDH1;IDH1;UGP2;PRPS1;HAX1;PLOD1;B3GAT3;COPB2;AKR1A1;QSOX1;MXI1;AK3;NDUFV3;CHST2;B3GALT6;PGLS;B4GALT7;P4HA1;GFPT1;PFKP;GOT1;GNPDA1;ALDOA;GOT2;IL13RA1;SDC2;CLN6;AGL;DLD;SLC37A4;MED24;PYGB;CHPF2;ZNF292;GCLC;HSPA5;ENO2;CITED2;KIF2A;SRD5A3;CLDN3;GAL3ST1;ME2;GLCE;NOL3;GNE;GALK1;AGRN;AK4;KDELR3;SLC16A3;PGM2;CHPF;GPC3;SDC1;IDUA;IER3;TPBG;PHKA2;ELF3;ALG1;B4GALT4;IGFBP3;ALDH7A1;CHST1;ANKZF1;ANG,EC-PTC
prerank,"Reactome_2022__Regulation Of Glycolysis By Fructose 2,6-Bisphosphate Metabolism R-HSA-9634600",0.8358588423023414,1.1224582772131946,0.29058823529411765,0.5725205341456976,1.0,4/12,6.67%,PPP2CB;PPP2R1A;PPP2CA;PFKFB3,EC-PTC
prerank,Reactome_2022__DAP12 Signaling R-HSA-2424491,0.8081015384585524,1.1220477225622827,0.24680851063829787,0.5741661474381059,1.0,8/28,9.25%,RNASE1;B2M;SHC1;HLA-E;NRAS;SPNS1;HRAS;PLCG1,EC-PTC
prerank,Reactome_2022__Downregulation Of ERBB2 Signaling R-HSA-8863795,0.7996078388705989,1.1219558338839946,0.24620390455531455,0.5737548875824701,1.0,13/29,10.82%,UBB;RPS27A;CDC37;UBA52;HSP90AA1;STUB1;UBC;ERBIN;EGF;RNF41;PTPN12;ERBB2;AKT2,EC-PTC
prerank,Reactome_2022__Defective GALNT12 Causes CRCS1 R-HSA-5083636,0.8219166872215713,1.1219516397953595,0.28205128205128205,0.5727490235063268,1.0,3/17,15.88%,MUC15;MUC1;MUC20,EC-PTC
prerank,Reactome_2022__Collagen Biosynthesis And Modifying Enzymes R-HSA-1650814,0.784459721990919,1.1217057199642997,0.1954498448810755,0.5733458951880204,1.0,13/67,9.33%,PPIB;SERPINH1;COL3A1;COL18A1;P4HB;COL6A3;TLL1;COL4A2;PLOD1;P3H2;COL6A1;P4HA1;COL6A2,EC-PTC
prerank,Reactome_2022__Apoptotic Factor-Mediated Response R-HSA-111471,0.8109854696419099,1.1213192561339727,0.28083700440528636,0.5750839572569508,1.0,7/20,8.32%,CYCS;UACA;C1QBP;APIP;BAX;GSDMD;CASP3,EC-PTC
prerank,Reactome_2022__Glycosphingolipid Metabolism R-HSA-1660662,0.7900503813732678,1.1212670769449662,0.23703703703703705,0.5744127696995853,1.0,20/43,14.09%,HEXB;CTSA;ASAH1;GLTP;SUMF2;GBA2;CPTP;HEXA;SMPD1;ESYT1;UGCG;ARSD;ESYT2;EGFL7;ARSA;SMPD3;ARSK;GLB1;UGT8;SMPD4,EC-PTC
prerank,Reactome_2022__Caspase-mediated Cleavage Of Cytoskeletal Proteins R-HSA-264870,0.8333504918371681,1.1203724181003833,0.29603729603729606,0.5791017299186232,1.0,2/12,0.78%,VIM;GSN,EC-PTC
prerank,Reactome_2022__HIV Transcription Initiation R-HSA-167161,0.7855209557142053,1.1203132701191991,0.23382045929018788,0.5784497469719345,1.0,17/46,8.05%,POLR2J;POLR2L;POLR2F;POLR2K;POLR2H;GTF2H5;GTF2A2;POLR2C;POLR2I;TAF10;GTF2A1;TAF9;POLR2E;TAF6;GTF2B;TAF13;POLR2A,EC-PTC
prerank,Reactome_2022__HuR (ELAVL1) Binds And Stabilizes mRNA R-HSA-450520,0.8343151001920753,1.1201636994377338,0.3187878787878788,0.5783934757625098,1.0,5/10,7.84%,SET;XPO1;ANP32A;ELAVL1;TNFSF13,EC-PTC
prerank,Reactome_2022__Advanced Glycosylation Endproduct Receptor Signaling R-HSA-879415,0.8293639065930584,1.1199809010865767,0.2945914844649022,0.5786059727283486,1.0,4/13,6.01%,LGALS3;CAPZA2;PRKCSH;HMGB1,EC-PTC
prerank,Reactome_2022__Nef-mediated Downmodulation Of Cell Surface Receptors By Recruitment To Clathrin Adapters R-HSA-164938,0.8174012003193121,1.1199077178084356,0.29588431590656283,0.5781162751545641,1.0,5/20,4.21%,AP2M1;AP2S1;B2M;AP1S2;AP1S1,EC-PTC
prerank,Reactome_2022__FCERI Mediated MAPK Activation R-HSA-2871796,0.8039419744634906,1.1197799437433744,0.2701525054466231,0.5779692499341297,1.0,10/28,9.25%,RNASE1;JUN;FOS;PKN1;SHC1;MAP3K1;NRAS;SPNS1;HRAS;PLCG1,EC-PTC
prerank,MSigDB_Hallmark_2020__Xenobiotic Metabolism,0.762204939752417,1.119645904971294,0.0920920920920921,0.40143875266690077,1.0,71/197,15.03%,LPIN2;CYB5A;DDT;MT2A;DDAH2;PINK1;ACP1;COMT;CBR1;EPHA2;CDA;SSR3;AKR1C3;CA2;TMBIM6;SPINT2;PTGR1;ARPP19;BLVRB;ECH1;PGRMC1;DCXR;PTS;NMT1;SLC35B1;NDRG2;GSTO1;DHPS;RAP1GAP;CAT;ACO2;IGFBP4;PSMB10;DHRS7;JUP;SAR1B;PTGES3;IDH1;SERTAD1;CNDP2;PTGES;BCAR1;ATP2A2;CD36;CYFIP2;MAOA;ALAS1;ADH5;GSTM4;HPRT1;ABHD6;PROS1;SLC1A5;TKFC;NFS1;GCLC;SLC6A12;ACOX1;GSS;SLC12A4;ELOVL5;UGDH;NINJ1;ACP2;CYP27A1;SMOX;BPHL;FBP1;MCCC2;RETSAT;GART,EC-PTC
prerank,Reactome_2022__Transport Of Mature Transcript To Cytoplasm R-HSA-72202,0.7787005029720898,1.1196025501185563,0.17008196721311475,0.5781246474157026,1.0,54/83,16.19%,SRSF9;SRSF5;RBM8A;FYTTD1;SRRM1;SRSF6;DDX39A;POM121C;NCBP2;SLU7;MAGOH;THOC7;U2AF2;EIF4E;CDC40;NUP54;CHTOP;SRSF2;EIF4A3;POLDIP3;NXT1;THOC3;SEC13;NUP188;DDX39B;SARNP;CPSF2;AAAS;SLBP;CASC3;NUP42;SRSF4;SRSF1;RNPS1;THOC2;SRSF7;THOC6;NUP43;MAGOHB;SRSF11;NUP93;ALYREF;SYMPK;NUP50;NUP62;NUP107;UPF3B;U2AF1L4;NUP35;NUP205;NUP37;THOC1;SEH1L;CPSF1,EC-PTC
prerank,Reactome_2022__RNA Polymerase I Transcription R-HSA-73864,0.7892615784195537,1.1195697355143615,0.23377960865087538,0.5773151254407352,1.0,20/47,11.11%,POLR2L;POLR2F;POLR2K;POLR2H;GTF2H5;CBX3;RBBP7;EHMT2;KAT2B;HDAC2;CHD4;CHD3;POLR2E;RBBP4;POLR1D;HDAC1;TAF1C;MTA1;GTF2H1;MTA2,EC-PTC
prerank,Reactome_2022__ADORA2B Mediated Anti-Inflammatory Cytokine Production R-HSA-9660821,0.7678129398995576,1.1192873659592204,0.1342828077314344,0.5781566622985402,1.0,15/130,8.85%,GNG11;GNG5;GNAS;CALCRL;RAMP2;PRKAR1A;GNG10;CREB1;GNG12;PRKAR2B;GNB2;RAMP3;GNG2;PTRH2;ADORA2A,EC-PTC
prerank,Reactome_2022__PIP3 Activates AKT Signaling R-HSA-1257604,0.7649715200578742,1.1184980874123365,0.06706706706706707,0.5823494881089257,1.0,108/267,12.76%,RNASE1;UBB;RPS27A;PSMB6;PSMB3;PSME2;PSMB1;UBA52;PSMB5;PSMA4;PSME1;RRAGA;JUN;PSMA6;PSMB8;PSMB2;PSMB9;PSMA2;LAMTOR1;CSNK2B;LAMTOR5;PSMA7;RNMT;PSMD8;LAMTOR4;LAMTOR2;PSMC5;PSMC6;PSMD9;PSMA3;PSMA5;PSMC4;RBBP7;PSMB7;VAPA;RHEB;PSMC3;PSMA1;STUB1;HDAC7;PSMD2;BAD;PPP2CB;HDAC5;RHOG;PSMD13;HDAC2;PSMD7;CREB1;CHD4;PHC2;EGR1;CHD3;PPP2R1A;UBC;NEDD4;PSMB10;PPP2CA;RBBP4;USP7;PSMD6;SEM1;PSMD14;MAF1;PSMD3;PTEN;PSMC2;RPS6KB2;IRAK1;STRN;PSMD12;RRAGC;PTPN11;LAMTOR3;TNKS2;EGF;GSK3A;PSMD11;TP53;SUZ12;HDAC1;PSMD10;MOV10;PIP5K1A;IRAK4;TSC2;RICTOR;TRIM27;SNAI1;MTA1;PSMC1;CDKN1A;CBX6;ERBB2;AKT2;MTA2;NR4A1;KDM1A;PPP2R5B;AKT1;MLST8;PSMB4;RNF146;FLT3LG;PSMF1;PPARG;KITLG;PSMD5,EC-PTC
prerank,Reactome_2022__Oxidative Stress Induced Senescence R-HSA-2559580,0.7745007363643888,1.1183923844727441,0.23274974253347064,0.5819891791896983,1.0,30/63,15.53%,UBB;RPS27A;UBA52;JUN;FOS;MAP2K3;RBBP7;CDK4;TXN2;PHC2;CDKN2D;MAPKAPK2;UBC;RBBP4;CDK6;TP53;SUZ12;MOV10;CBX6;MAPK14;MAPK9;MAPK11;MAPKAPK5;TFDP1;AGO1;MAPK3;CBX2;MAPK10;MAPKAPK3;MDM2,EC-PTC
prerank,Reactome_2022__Cellular Senescence R-HSA-2559583,0.7698246928543441,1.1182937605161918,0.14415322580645162,0.5816500884862414,1.0,44/128,11.02%,IGFBP7;ID1;UBB;RPS27A;UBA52;JUN;ANAPC16;ANAPC11;TERF2IP;FOS;CDC26;MAP2K3;RBBP7;CDK4;TXN2;EHMT2;RELA;RPS6KA3;PHC2;CDKN2D;MAPKAPK2;ETF1;TERF1;UBC;ANAPC10;RBBP4;TINF2;CDC16;CDK6;KAT5;NFKB1;UBE2E1;ANAPC15;TP53;SUZ12;MOV10;ATM;UBE2S;CDKN1A;CBX6;UBE2D1;ANAPC7;HMGA1;HIRA,EC-PTC
prerank,Reactome_2022__Metal Ion SLC Transporters R-HSA-425410,0.7986544490216929,1.118041664303649,0.29782608695652174,0.5822499797722501,1.0,12/26,13.05%,SLC40A1;SLC39A1;SLC39A7;SLC11A2;SLC39A14;SLC39A10;SLC39A6;SLC41A1;SLC30A5;SLC30A1;SLC39A3;HEPH,EC-PTC
prerank,Reactome_2022__Class I MHC Mediated Antigen Processing And Presentation R-HSA-983169,0.7616357151722184,1.1179401377700073,0.041,0.5819586092818347,1.0,164/377,12.86%,UBB;RPS27A;PSMB6;ELOB;UBE2J1;SEC61B;PSMB3;PSME2;PSMB1;RNF7;UBA52;SKP1;PSMB5;VAMP8;PSMA4;PSME1;CTSL;PSMA6;PSMB8;PSMB2;PSMB9;SEC61A1;ELOC;ITGAV;RBX1;PSMA2;UBE2D2;ANAPC11;PSMA7;UBE2M;PSMD8;UBE2D3;B2M;TLR4;PSMC5;PSMC6;PDIA3;PSMD9;CDC26;PSMA3;NDUFA2;PSMA5;PSMC4;PSMB7;UBE2Q1;IKBKB;ANAPC13;PSMC3;SEC61G;PSMA1;TAPBP;STUB1;UBE2L6;FBXL15;HLA-C;PSMD2;SEC22B;LY96;CALR;UBE2N;UBE2L3;PSMD13;RBCK1;PSMD7;DTX3L;FBXW5;UBE2V1;CANX;UBC;NEDD4;ANAPC10;UBE2H;PSMB10;UBE2Z;UBE2R2;VAMP3;LNPEP;RNF130;UBE2B;SAR1B;FBXO22;PSMD6;NPEPPS;FBXO2;FBXL5;SEM1;KEAP1;HMGB1;RCHY1;LMO7;UBE2A;FBXW2;PSMD14;TRIM21;BTBD1;ITGB5;UBA1;PSMD3;ERAP2;CDC16;RNF213;UBE2E3;PSMC2;HLA-E;UBAC1;UBE3C;SEC13;UBA7;UBE2V2;PSMD12;CD36;FBXO7;LTN1;UBE3A;SOCS3;HERC6;UBE2E1;RNF114;FBXL3;IKBKG;PSMD11;CYBA;UBA3;UBA6;ASB13;PSMD10;PJA2;DZIP3;RNF144B;RNF126;UFL1;ASB8;PSMC1;UBE2S;FBXO9;UBE2G1;RNF14;RNF41;UBE2D1;SEC31A;ANAPC7;TRIM69;FBXW11;RNF220;LRRC41;RNF6;UBE2D4;BTBD6;UBE2J2;ARIH2;TRAF7;UNKL;KLHL42;HECW2;CDC27;HERC5;BECN1;HSPA5;CDC23;PSMB4;PSMF1;PSMD5;HUWE1;FBXL12,EC-PTC
prerank,Reactome_2022__Epigenetic Regulation Of Gene Expression R-HSA-212165,0.7784743815632126,1.1171975306075304,0.16666666666666666,0.5858933782614635,1.0,35/84,11.17%,POLR2L;POLR2F;POLR2K;POLR2H;GTF2H5;SAP18;CBX3;DEK;PHF1;RBBP7;EHMT2;KAT2B;HDAC2;SMARCA5;CHD4;CHD3;POLR2E;RBBP4;POLR1D;DNMT1;BAZ2A;EP300;SF3B1;BAZ1B;SAP30BP;SAP30L;SUZ12;HDAC1;TAF1C;MTA1;GTF2H1;MTF2;SUDS3;MTA2;DDX56,EC-PTC
prerank,Reactome_2022__ERKs Are Inactivated R-HSA-202670,0.8275630651215878,1.1171599180534162,0.31786542923433875,0.5851374247996544,1.0,5/13,5.18%,DUSP6;DUSP3;PPP2CB;PPP2R1A;PPP2CA,EC-PTC
prerank,Reactome_2022__RHO GTPases Activate WASPs And WAVEs R-HSA-5663213,0.7975369178798778,1.1164599926783403,0.2592986184909671,0.5888659443623305,1.0,10/35,4.32%,RNASE1;BRK1;ARPC2;ARPC3;ARPC1A;ARPC5;ARPC1B;ACTR2;WASL;CDC42,EC-PTC
prerank,Reactome_2022__Cargo Concentration In ER R-HSA-5694530,0.793689516899356,1.1156998478020204,0.256243213897937,0.5929709084770665,1.0,15/32,11.43%,LMAN1;LMAN2;TMED2;CD59;MCFD2;SEC22B;CTSZ;F8;CNIH1;CTSC;SAR1B;GOSR2;MIA3;SERPINA1;STX5,EC-PTC
prerank,Reactome_2022__TRAF6 Mediated IRF7 Activation R-HSA-933541,0.7961428931242154,1.1153354063937353,0.3005405405405405,0.5943134113323709,1.0,8/27,13.13%,TANK;CREBBP;SIKE1;EP300;IFIH1;IRF3;TRIM25;IRF7,EC-PTC
prerank,Reactome_2022__Sulfur Amino Acid Metabolism R-HSA-1614635,0.8031947345739864,1.1151160833708178,0.29039070749736007,0.5946551116056905,1.0,15/25,14.57%,TSTD1;TXN2;APIP;MPST;ETHE1;ADI1;ENOPH1;ADO;BHMT2;GOT2;SQOR;SUOX;MRI1;MTR;MTAP,EC-PTC
prerank,MSigDB_Hallmark_2020__heme Metabolism,0.7635308681417687,1.1150749126849844,0.12224448897795591,0.41585999305019655,1.0,89/194,14.24%,SDCBP;HEBP1;BSG;LPIN2;OPTN;SNCA;PRDX2;MGST3;LMO2;GYPC;BNIP3L;HAGH;GLRX5;NARF;RAD23A;SLC2A1;YPEL5;CA2;PSMD9;MAP2K3;BLVRB;HDGF;ADIPOR1;ARL2BP;TOP1;NUDT4;TRAK2;KAT2B;CTSB;NCOA4;TMEM9B;CAST;RAP1GAP;CAT;NNT;LRP10;DAAM1;CCND3;CIR1;EIF2AK1;SLC11A2;BCAM;VEZF1;CCDC28A;SLC10A3;HTATIP2;UBAC1;SLC25A37;MXI1;FBXO7;NFE2L1;RIOK3;MOSPD1;DCUN1D1;UROD;PGLS;TCEA1;UROS;MBOAT2;GCLM;GAPVD1;HTRA2;AQP3;FBXO9;LAMP2;SLC30A1;BPGM;TAL1;GDE1;PPP2R5B;DCAF11;EPOR;DMTN;CDC27;ENDOD1;TNS1;GCLC;MPP1;ALDH6A1;CLIC2;SELENBP1;FOXO3;TSPAN5;PIGQ;GMPS;FECH;TFRC;MINPP1;CLCN3,EC-PTC
prerank,Reactome_2022__Recruitment Of NuMA To Mitotic Centrosomes R-HSA-380320,0.7698779399505303,1.114609692922158,0.20288362512873326,0.5968559149386412,1.0,36/79,14.63%,TUBB4B;MZT2B;DYNLL1;HSP90AA1;SSNA1;TUBB;YWHAE;DCTN3;DCTN1;DCTN2;ACTR1A;MZT2A;PPP2R1A;MZT1;MAPRE1;PRKAR2B;DYNC1H1;CSNK1E;HAUS7;TUBG1;TUBGCP2;HAUS6;CEP152;PAFAH1B1;YWHAG;PCNT;NUMA1;OFD1;CETN2;CEP57;HAUS3;HAUS1;HAUS4;TUBA1A;TUBGCP5;CENPJ,EC-PTC
prerank,Reactome_2022__DNA Repair R-HSA-73894,0.7576369369666127,1.1144148825388909,0.08508508508508508,0.5970761900291305,1.0,127/279,16.23%,UBB;RPS27A;HMGN1;SUMO2;UBA52;POLR2J;POLR2L;ISG15;POLR2F;PPP4C;POLR2K;POLR2H;GTF2H5;RBX1;POLE4;SUMO1;VCP;COPS6;TERF2IP;RAD23A;POLR2C;CENPX;UBXN1;XRCC6;POLR2I;UFD1;APEX1;UBE2L6;RPA3;COPS2;UBE2I;UBE2N;YY1;PCNA;SMARCA5;XRCC5;DDB1;MBD4;TERF1;MPG;POLR2E;ERCC1;UBC;UBE2B;USP7;PRKDC;MGMT;SEM1;XPA;FAAP20;RCHY1;RAD23B;KDM4B;TINF2;EP300;POLD4;COPS3;INO80C;MUS81;BAZ1B;XPC;UBA7;UBE2V2;KAT5;ZNF830;POLR2A;BABAM1;RAD17;TP53;TCEA1;MCRS1;KPNA2;ATM;POLD2;DDB2;RBBP8;ABRAXAS1;NTHL1;INO80E;ALKBH5;GTF2H1;POLR2D;TDP2;POLE3;GPS1;POLI;POLM;COPS4;TP53BP1;COPS5;PPIE;INO80D;FANCL;PARP1;FANCB;SPRTN;COPS7A;POLR2B;CUL4B;CETN2;TRIM25;TOPBP1;COPS8;ACTL6A;POLR2G;XRCC1;POLD1;POLG2;FAN1;INO80;RAD50;RAD51C;UNG;ERCC3;RNF8;ERCC4;PNKP;ACD;TIPIN;TIMELESS;CDK2;ASCC1;CNKSR3;RFC2;ELL;RUVBL1;HUS1,EC-PTC
prerank,Reactome_2022__Antigen Processing: Ubiquitination And Proteasome Degradation R-HSA-983168,0.7608605040007583,1.1141241187802837,0.065,0.5979468686773628,1.0,138/306,13.31%,UBB;RPS27A;PSMB6;ELOB;UBE2J1;PSMB3;PSME2;PSMB1;RNF7;UBA52;SKP1;PSMB5;PSMA4;PSME1;PSMA6;PSMB8;PSMB2;PSMB9;ELOC;RBX1;PSMA2;UBE2D2;ANAPC11;PSMA7;UBE2M;PSMD8;UBE2D3;PSMC5;PSMC6;PSMD9;CDC26;PSMA3;PSMA5;PSMC4;PSMB7;UBE2Q1;ANAPC13;PSMC3;PSMA1;STUB1;UBE2L6;FBXL15;PSMD2;UBE2N;UBE2L3;PSMD13;RBCK1;PSMD7;DTX3L;FBXW5;UBE2V1;UBC;NEDD4;ANAPC10;UBE2H;PSMB10;UBE2Z;UBE2R2;LNPEP;RNF130;UBE2B;FBXO22;PSMD6;NPEPPS;FBXO2;FBXL5;SEM1;KEAP1;RCHY1;LMO7;UBE2A;FBXW2;PSMD14;TRIM21;BTBD1;UBA1;PSMD3;CDC16;RNF213;UBE2E3;PSMC2;UBAC1;UBE3C;UBA7;UBE2V2;PSMD12;FBXO7;LTN1;UBE3A;SOCS3;HERC6;UBE2E1;RNF114;FBXL3;PSMD11;UBA3;UBA6;ASB13;PSMD10;PJA2;DZIP3;RNF144B;RNF126;UFL1;ASB8;PSMC1;UBE2S;FBXO9;UBE2G1;RNF14;RNF41;UBE2D1;ANAPC7;TRIM69;FBXW11;RNF220;LRRC41;RNF6;UBE2D4;BTBD6;UBE2J2;ARIH2;TRAF7;UNKL;KLHL42;HECW2;CDC27;HERC5;CDC23;PSMB4;PSMF1;PSMD5;HUWE1;FBXL12;ASB9;UBE2W;RBBP6;FBXO44,EC-PTC
prerank,Reactome_2022__Organelle Biogenesis And Maintenance R-HSA-1852241,0.7542677729014756,1.1140181370283426,0.08324974924774323,0.5976405624958606,1.0,111/269,13.38%,DYNLRB1;ATP5MG;ATP5F1E;ATP5MC3;ATP5F1D;TUBB4B;ATP5PF;ATP5MF;CYCS;DYNLL1;ATP5MC2;ATP5ME;ATP5PD;ATP5MC1;ARF4;ATP5PO;MICOS10;CALM1;ATP5F1B;CCT5;ARL3;ATP5F1A;CCT3;HSP90AA1;SSNA1;TUBB;YWHAE;DCTN3;RAB11A;ATP5F1C;DCTN1;MICOS13;EXOC5;DCTN2;HSPA9;CREB1;HSPB11;ACTR1A;IDH2;TCP1;MBD4;CCT8;CREBBP;PRKAB1;SSBP1;SEPTIN2;PPP2R1A;PRKD2;BBIP1;MTX2;RAB8A;TBL1XR1;MAPRE1;MTX1;PRKAR2B;DYNC1H1;CSNK1E;ATP5PB;NR1D1;TMEM11;TFAM;IFT57;HAUS7;TUBG1;TRIP11;RAB3IP;TMEM216;CCT4;GLUD1;CRTC2;ALAS1;UNC119B;MEF2D;EXOC6;GABPA;PRKAA2;HAUS6;EXOC7;CEP152;CHCHD3;APOOL;KIF17;MAPK12;CYS1;CCT2;NUDT19;MKKS;IFT20;PAFAH1B1;YWHAG;PTGES2;PCNT;SAMM50;ESRRA;MAPK14;TCTN1;EXOC3;IFT43;TTC21B;OFD1;TBL1X;CETN2;MAPK11;HCFC1;IFT74;CEP57;HAUS3;IFT22;CC2D2A;HAUS1;HDAC3,EC-PTC
prerank,Reactome_2022__L1CAM Interactions R-HSA-373760,0.7672685848797763,1.1138018167775114,0.17868020304568527,0.5980657922505715,1.0,19/99,6.76%,SDCBP;RNASE1;RDX;CLTA;AP2M1;ITGAV;CD24;AP2S1;CSNK2B;LAMC1;MAP2K2;HSPA8;RPS6KA3;CLTC;DNM2;MSN;PKN1;EZR;MAP2K1,EC-PTC
prerank,Reactome_2022__Signaling By Interleukins R-HSA-449147,0.7574591425790209,1.1137642902258338,0.025,0.5972771333412223,1.0,150/451,11.66%,FN1;HIF1A;UBB;RPS27A;ANXA2;VIM;PPIA;PSMB6;PSMB3;TIMP1;PSME2;PSMB1;AURKAIP1;SOD1;UBA52;SKP1;PSMB5;RPLP0;STAT1;PSMA4;PSME1;JUN;DUSP6;PSMA6;PSMB8;PSMB2;PSMB9;RBX1;PSMA2;SQSTM1;HNRNPF;PSMA7;CEBPD;PSMD8;VAMP2;HSP90AA1;NFKBIA;TGFB1;PSMC5;PSMC6;P4HB;PSMD9;FOS;PSMA3;TSLP;PSMA5;PSMC4;TALDO1;MAP2K3;CRK;SOCS2;PSMB7;SIGIRR;IKBKB;PSMC3;PSMA1;ANXA1;TANK;PSMD2;DUSP3;HSPA8;PPP2CB;GSTO1;UBE2N;PSMD13;HSPA9;RELA;PSMD7;RPS6KA3;CREB1;CDC42;OSMR;NKIRAS2;TCP1;UBE2V1;YES1;MAPKAPK2;CANX;PPP2R1A;UBC;MSN;CCL2;STAT2;PSMB10;PPP2CA;BCL2L1;PTPN14;PSMD6;SHC1;SEM1;HMGB1;ICAM1;PSMD14;HNRNPDL;MCL1;PDCD4;SNRPA1;PSMD3;MAP3K3;GSDMD;MAP2K1;IL15RA;PSMC2;TOLLIP;IRAK1;PSMD12;VCAM1;MUC1;PTPN11;NFKB1;YWHAZ;CD36;SOCS3;LAMA5;IL2RG;INPPL1;VPS72;CASP3;USP14;IL10RB;STAT6;MAOA;IKBKG;PSMD11;TP53;CASP1;PSMD10;TXLNA;IRAK4;S1PR1;IL17RC;PSMC1;HSP90B1;NDN;CDKN1A;F13A1;TIFA;PTPN12;IL13RA1;FBXW11;PTPN23;HNRNPA2B1;TNIP2;NFKBIB;PTPN13;IL18BP;ITGB1;SMARCA4;DUSP7;BCL2,EC-PTC
prerank,Reactome_2022__Dermatan Sulfate Biosynthesis R-HSA-2022923,0.8496231129475987,1.1137609844339127,0.30357142857142855,0.5962703135720722,1.0,5/11,13.06%,VCAN;DSEL;DSE;BGN;CHST14,EC-PTC
prerank,Reactome_2022__Golgi-to-ER Retrograde Transport R-HSA-8856688,0.7667390332547722,1.1137064643493817,0.18135764944275581,0.5955932643272039,1.0,45/112,11.33%,DYNLL1;COPE;CAPZA2;KDELR1;KDELR2;ARF4;SURF4;TMED9;COPB1;TMED2;DCTN3;DCTN1;RAB1B;SEC22B;TMED7;DCTN6;DCTN2;ACTR1A;COPZ1;RAB18;DCTN5;KIF5B;KIF1C;ACTR10;ARFGAP3;UBE2Z;DYNC1LI2;ARFGAP2;DYNC1H1;GALNT1;CAPZB;DCTN4;COPB2;KIF12;ARF3;KIF13B;TMED3;ARCN1;PAFAH1B3;PAFAH1B2;PAFAH1B1;GALNT2;PTGES2;COPA;AGPAT3,EC-PTC
prerank,Reactome_2022__Meiosis R-HSA-1500620,0.7807492954201637,1.1131510243591172,0.23116615067079463,0.598167372280543,1.0,14/57,9.69%,HSPA2;TERF2IP;SMC3;CDK4;RPA3;UBE2I;SUN2;TERF1;SMC1A;TINF2;LMNA;RAD21;ATM;RBBP8,EC-PTC
prerank,Reactome_2022__Homology Directed Repair R-HSA-5693538,0.7650762709522014,1.113082435649231,0.19328585961342828,0.5975843222892329,1.0,37/101,15.91%,UBB;RPS27A;SUMO2;UBA52;PPP4C;POLE4;RPA3;UBE2I;UBE2N;PCNA;ERCC1;UBC;SEM1;POLD4;MUS81;UBE2V2;KAT5;BABAM1;RAD17;ATM;POLD2;RBBP8;ABRAXAS1;POLE3;TP53BP1;PARP1;TOPBP1;XRCC1;POLD1;RAD50;RAD51C;RNF8;ERCC4;TIPIN;TIMELESS;CDK2;RFC2,EC-PTC
prerank,Reactome_2022__RNA Polymerase III Transcription Initiation From Type 3 Promoter R-HSA-76071,0.8069590480737893,1.1129497637531827,0.2718340611353712,0.5974490010565578,1.0,15/27,13.34%,POLR2L;POLR2F;POLR2K;POLR2H;SNAPC1;POLR2E;POLR3K;POLR1D;SNAPC5;POLR3H;BDP1;POLR3GL;POLR3D;CRCP;SNAPC2,EC-PTC
prerank,MSigDB_Hallmark_2020__Adipogenesis,0.7574163559977722,1.1125630317534116,0.10742971887550201,0.41214282202398894,1.0,104/199,13.00%,COX6A1;COX7B;ATP1B3;GPX4;UQCR10;UQCR11;SOD1;REEP5;DDT;PIM3;MGST3;UQCRQ;CHCHD10;COX8A;NDUFA5;ATP5PO;NDUFB7;CYC1;CMPK1;STOM;NDUFAB1;NDUFS3;MDH2;CD151;ETFB;MTCH2;CCNG2;SCP2;PRDX3;VEGFB;TALDO1;SNCG;ECH1;DNAJC15;DECR1;ECHS1;PLIN2;TANK;NMT1;SLC66A3;SDHB;UQCRC1;SUCLG1;CAT;GHITM;ACO2;UBC;DNAJB9;DHRS7;DRAM2;GRPEL1;RAB34;IDH3G;RTN3;SLC25A1;IDH1;ACAA2;DHRS7B;PHLDB1;BAZ2A;JAGN1;PDCD4;LIPE;PFKFB3;IDH3A;TOB1;CD36;PFKL;RIOK3;RNF11;ACLY;ESYT1;MGLL;G3BP2;HADH;PPP1R15B;AK2;PTGER3;QDPR;ACADM;DGAT1;MRPL15;ATL2;MYLK;ITIH5;ALDOA;CS;GPX3;ELMOD3;YWHAG;SLC1A5;AGPAT3;DLD;SAMM50;SQOR;ESRRA;COQ9;COL15A1;ACOX1;PPARG;GPAT4;APLP2;SSPN;EPHX2,EC-PTC
prerank,Reactome_2022__Oncogene Induced Senescence R-HSA-2559585,0.7910148989293292,1.1125035193954116,0.27771911298838436,0.5992990497227797,1.0,8/33,4.96%,ID1;UBB;RPS27A;UBA52;CDK4;CDKN2D;ETF1;UBC,EC-PTC
prerank,Reactome_2022__Signaling By MET R-HSA-6806834,0.7809762057187406,1.1124088011726192,0.22381930184804927,0.5988587115425688,1.0,28/63,12.61%,RNASE1;UBB;RPS27A;UBA52;RNMT;LAMC1;SPINT2;TNS3;CRK;ARF6;UBC;SHC1;RAP1A;HGS;RAB4A;PTPN11;LAMA5;NRAS;HRAS;SPINT1;GGA3;PTPN1;ITGB1;HPN;LAMB1;DOCK7;STAM2;ITGA2,EC-PTC
prerank,Reactome_2022__Centrosome Maturation R-HSA-380287,0.7696555758648244,1.1124037344453617,0.20579110651499483,0.5978803620935914,1.0,43/80,17.02%,TUBB4B;MZT2B;DYNLL1;HSP90AA1;SSNA1;TUBB;YWHAE;DCTN3;DCTN1;DCTN2;ACTR1A;MZT2A;PPP2R1A;MZT1;MAPRE1;PRKAR2B;DYNC1H1;CSNK1E;HAUS7;TUBG1;TUBGCP2;CDK11A;HAUS6;CEP152;PAFAH1B1;YWHAG;PCNT;OFD1;CETN2;CEP57;HAUS3;HAUS1;HAUS4;TUBA1A;TUBGCP5;CENPJ;CDK11B;CCP110;TUBA4A;CEP76;TUBG2;NME7;SFI1,EC-PTC
prerank,Reactome_2022__Sensory Processing Of Sound By Inner Hair Cells Of Cochlea R-HSA-9662360,0.7697774786947722,1.1114726946343092,0.24020618556701032,0.6029535792257226,1.0,13/67,10.23%,RDX;CAPZA2;VAMP2;TWF1;MSN;EZR;CAPZB;TWF2;EPS8L2;DNAJC5;EPB41L3;ATP2B1;MYH9,EC-PTC
prerank,Reactome_2022__Signaling By Non-Receptor Tyrosine Kinases R-HSA-9006927,0.7787044466811404,1.1114432254931679,0.25906735751295334,0.602119523862203,1.0,15/52,8.51%,HIF1A;RNASE1;UBB;RPS27A;UBA52;CRK;CDK4;RHOA;UBC;KHDRBS1;BCAR1;SOCS3;NRAS;EGF;HRAS,EC-PTC
prerank,Reactome_2022__Transcriptional Regulation By Small RNAs R-HSA-5578749,0.7817290604154504,1.111189247903368,0.23949579831932774,0.6027578973373329,1.0,30/47,15.93%,RAN;POLR2J;POLR2L;POLR2F;POLR2K;POLR2H;POLR2C;POLR2I;POM121C;POLR2E;NUP54;SEC13;NUP188;AAAS;POLR2A;NUP42;POLR2D;NUP43;NUP93;POLR2B;AGO2;POLR2G;NUP50;NUP62;NUP107;AGO1;NUP35;NUP205;NUP37;SEH1L,EC-PTC
prerank,Reactome_2022__HCMV Early Events R-HSA-9609690,0.7734736540968526,1.111059177138202,0.21177685950413222,0.6025218137322284,1.0,38/68,15.93%,RNASE1;DYNLL1;TRIM28;RBBP7;TXN2;POM121C;CREB1;DAXX;CBX1;GPS2;RBBP4;NUP54;DYNC1LI2;TBL1XR1;DYNC1H1;DUT;SEC13;NUP188;NFKB1;AAAS;NUP42;SUZ12;HSD17B4;ITGB1;NUP43;NUP93;RRM1;TBL1X;HDAC3;NUP50;NUP62;NUP107;DYNLL2;CD46;NUP35;NUP205;NUP37;SEH1L,EC-PTC
prerank,MSigDB_Hallmark_2020__Cholesterol Homeostasis,0.7714432144873686,1.1108648453483463,0.20966084275436794,0.40493887331952394,1.0,42/74,14.57%,FABP5;S100A11;ANXA5;LGALS3;CD9;SQLE;FDPS;ECH1;GUSB;CXCL16;IDI1;STARD4;CYP51A1;PMVK;GPX8;TNFRSF12A;ETHE1;SC5D;SREBF2;PLSCR1;FDFT1;CHKA;JAG1;LGMN;TP53INP1;MAL2;GNAI1;EBP;ANTXR2;CPEB2;STX5;TM7SF2;LDLR;ERRFI1;PPARG;SEMA3B;ALDOC;HSD17B7;ABCA2;DHCR7;PCYT2;PNRC1,EC-PTC
prerank,Reactome_2022__EPHB-mediated Forward Signaling R-HSA-3928662,0.7816696610312059,1.110822707613635,0.3125,0.6031244706831888,1.0,16/33,8.51%,RNASE1;ARPC2;ARPC3;ARPC1A;ARPC5;ARPC1B;ROCK2;ACTR2;RHOA;WASL;CDC42;YES1;PKN1;ROCK1;VPS72;HRAS,EC-PTC
prerank,Reactome_2022__Viral Messenger RNA Synthesis R-HSA-168325,0.7802981834457103,1.110700572066958,0.2631027253668763,0.6029231320608319,1.0,30/47,15.93%,POLR2J;POLR2L;POLR2F;POLR2K;POLR2H;POLR2C;POLR2I;POM121C;POLR2E;NUP54;SEC13;NUP188;AAAS;POLR2A;NUP42;POLR2D;BLOC1S6;NUP43;NUP93;POLR2B;GNL3;POLR2G;NUP50;NUP62;NUP107;GTF2F1;NUP35;NUP205;NUP37;SEH1L,EC-PTC
prerank,Reactome_2022__Translocation Of SLC2A4 (GLUT4) To Plasma Membrane R-HSA-1445148,0.7842003282323995,1.1106429000078213,0.2437759336099585,0.6022652116414723,1.0,29/51,12.77%,RNASE1;RAB13;TBC1D4;YWHAQ;CALM1;VAMP2;YWHAE;RAB14;RAB11A;REXO2;EXOC5;PRKAB1;RAB8A;YWHAB;LNPEP;TBC1D1;RHOQ;YWHAH;RAB4A;YWHAZ;EXOC6;PRKAA2;MYH9;EXOC7;AKT2;YWHAG;AKT1;STXBP3;EXOC3,EC-PTC
prerank,Reactome_2022__AURKA Activation By TPX2 R-HSA-8854518,0.7646967523316386,1.1104860170714692,0.25463917525773194,0.6022916451932376,1.0,33/71,16.17%,TUBB4B;DYNLL1;HSP90AA1;SSNA1;TUBB;YWHAE;DCTN3;DCTN1;DCTN2;ACTR1A;PPP2R1A;MAPRE1;PRKAR2B;DYNC1H1;CSNK1E;HAUS7;TUBG1;HAUS6;CEP152;PAFAH1B1;YWHAG;PCNT;OFD1;CETN2;CEP57;HAUS3;HAUS1;HAUS4;TUBA1A;CENPJ;CCP110;TUBA4A;CEP76,EC-PTC
prerank,Reactome_2022__RHOBTB1 GTPase Cycle R-HSA-9013422,0.8044284365105274,1.1092856896600731,0.3065049614112459,0.6092571180292897,1.0,12/23,10.96%,VIM;TXNL1;ROCK2;RBMX;SRRM1;COPS2;CCT7;ROCK1;TRA2B;GPS1;COPS4;CCT2,EC-PTC
prerank,Reactome_2022__p38MAPK Events R-HSA-171007,0.8277340947143108,1.1091279545204373,0.3129411764705882,0.6093215994635484,1.0,10/12,15.44%,RALB;MAPKAPK2;NRAS;HRAS;MAPK12;MAPK14;MAPK11;RALGDS;RALA;MAPKAPK3,EC-PTC
prerank,MSigDB_Hallmark_2020__Notch Signaling,0.7816087134327702,1.1090533571662469,0.3057324840764331,0.39967816865587064,1.0,12/32,10.89%,HES1;SKP1;RBX1;PSENEN;ST3GAL6;NOTCH1;FZD1;APH1A;PSEN2;JAG1;FBXW11;ARRB1,EC-PTC
prerank,Reactome_2022__Cytochrome P450 - Arranged By Substrate Type R-HSA-211897,0.7706548653568915,1.1089836925299177,0.23651452282157676,0.609193897051473,1.0,12/63,14.25%,VDAC2;AHR;FDX1;CYP26B1;CYP51A1;MIA3;FDX2;CYP1B1;TBXAS1;POMC;CYP27A1;ARNT2,EC-PTC
prerank,Reactome_2022__Diseases Of Signal Transduction By Growth Factor Receptors And Second Messengers R-HSA-5663202,0.7555712790210074,1.1086949463448947,0.035,0.6099547130716497,1.0,157/420,10.95%,FN1;RNASE1;UBB;RPS27A;CDC37;PSMB6;RPS6;PSMB3;PEBP1;PSME2;PSMB1;UBA52;NPM1;SKP1;PSMB5;POLR2J;FKBP1A;EEF1G;STAT1;PSMA4;PSME1;DUSP6;POLR2L;PSMA6;POLR2F;PSMB8;POLR2K;POLR2H;PSMB2;PSMB9;RBX1;PSMA2;SQSTM1;TLN1;PPP1CB;VCP;CALM1;PSMA7;RNMT;PSMD8;HSP90AA1;MAP2K2;POLR2C;TGFB1;PSMC5;PSMC6;PSMD9;PSMA3;PSMA5;PRKAR1A;PSMC4;POLR2I;PSMB7;DCTN1;PSMC3;PSMA1;FZD6;TFG;KIAA1549;SNW1;HDAC7;PSMD2;BAD;PPP2CB;HDAC5;RHOG;GOLGB1;KAT2B;PSMD13;FGFR1OP2;HDAC2;PSMD7;NCBP2;CREB1;DERL2;AGGF1;CLTC;CREBBP;YES1;KIF5B;POLR2E;PPP2R1A;UBC;MSN;PSMB10;PPP2CA;BCL2L1;MECP2;SYVN1;YWHAB;PSENEN;GOLGA4;TBL1XR1;FXR1;PSMD6;SHC1;SEM1;FZD8;OS9;LMO7;PSMD14;LMNA;EP300;CTBP1;PSMD3;APH1B;KDR;MAP2K1;ERLEC1;LRP5;RNF213;PTEN;KANK1;PSMC2;RPS6KB2;TRIP11;NOTCH1;RAP1A;STRN;AGTRAP;PSMD12;TRAK1;CSK;PTPN11;POLR2A;NRAS;ERBIN;ERLIN2;APH1A;TNKS2;PSEN2;EGF;GSK3A;HRAS;PSMD11;JAG1;HDAC1;PSMD10;MAP3K11;PLCG1;SEL1L;PPP1CC;TSC2;RICTOR;PSMC1;MYH9;CDKN1A;POLR2D;GCC2;SEC31A;PTPN12;ERBB2;VCL;AKT2;NEURL1B;ARRB1;DLL4,EC-PTC
prerank,Reactome_2022__GPER1 Signaling R-HSA-9634597,0.7817194035668455,1.1086782628591036,0.2723449001051525,0.6090678873747885,1.0,14/43,12.53%,GNG11;GNG5;GNAS;PRKAR1A;GNG10;GNG12;SHC1;PRKAR2B;GNB2;GNG2;GNAI1;ITGB1;GNG7;PRKAR1B,EC-PTC
prerank,MSigDB_Hallmark_2020__TGF-beta Signaling,0.7736954948763851,1.1079947978487557,0.25746652935118436,0.38898796666555896,1.0,12/54,3.37%,ID3;ID1;KLF10;FURIN;FKBP1A;SMAD1;JUNB;UBE2D3;TGFB1;IFNGR2;ENG;RHOA,EC-PTC
prerank,Reactome_2022__Plasma Lipoprotein Assembly R-HSA-8963898,0.8145243115575843,1.107990583998438,0.313953488372093,0.6125927105196906,1.0,3/16,7.72%,P4HB;SAR1B;ZDHHC8,EC-PTC
prerank,Reactome_2022__CS/DS Degradation R-HSA-2024101,0.8190548106022364,1.1077125366442429,0.33520809898762655,0.6134207565797698,1.0,4/14,9.21%,VCAN;HEXB;HEXA;BGN,EC-PTC
prerank,Reactome_2022__TRAF6 Mediated NF-kB Activation R-HSA-933542,0.78772075349328,1.107586019074467,0.32711306256860595,0.6132737445779302,1.0,12/24,13.07%,NFKBIA;IKBKB;TANK;RELA;NKIRAS2;HMGB1;NFKB1;MAP3K1;IKBKG;IFIH1;NFKBIB;TRIM25,EC-PTC
prerank,Reactome_2022__Sensory Processing Of Sound By Outer Hair Cells Of Cochlea R-HSA-9662361,0.7715520070392607,1.107490549069782,0.264859228362878,0.6128539888798551,1.0,10/53,10.23%,RDX;GSN;TWF1;MSN;EZR;TWF2;EPS8L2;EPB41L3;KCNN2;MYH9,EC-PTC
prerank,Reactome_2022__Loss Of Nlp From Mitotic Centrosomes R-HSA-380259,0.7653686647663557,1.107248843497899,0.26059979317476734,0.6134470976959501,1.0,33/68,16.17%,TUBB4B;DYNLL1;HSP90AA1;SSNA1;TUBB;YWHAE;DCTN3;DCTN1;DCTN2;ACTR1A;PPP2R1A;MAPRE1;PRKAR2B;DYNC1H1;CSNK1E;HAUS7;TUBG1;HAUS6;CEP152;PAFAH1B1;YWHAG;PCNT;OFD1;CETN2;CEP57;HAUS3;HAUS1;HAUS4;TUBA1A;CENPJ;CCP110;TUBA4A;CEP76,EC-PTC
prerank,MSigDB_Hallmark_2020__p53 Pathway,0.7562822663954489,1.1071669693946715,0.11811811811811812,0.376887527967465,1.0,70/196,9.65%,S100A4;RPS12;HINT1;RPL18;BTG1;S100A10;LDHB;TM4SF1;RPL36;CTSD;VAMP8;ISCU;JUN;RACK1;SEC61A1;SLC3A2;STOM;CD81;SAT1;MXD4;EPHA2;TGFB1;NUPR1;FOS;RPS27L;EI24;TPD52L1;ZFP36L1;DCXR;DDIT3;DDIT4;FAM162A;PCNA;PRKAB1;TAP1;CCNG1;BLCAP;CCND3;BAX;SP1;TPRKB;PTPN14;F2R;TAX1BP3;RCHY1;TCN2;PLK3;XPC;TM7SF3;IRAK1;CDKN2AIP;NOTCH1;SERTAD3;TOB1;PPP1R15A;EPS8L2;CYFIP2;COQ8A;RAP2B;HRAS;PERP;FUCA1;TP53;CASP1;NUDT15;KIF13B;CCNK;ACVR1B;DDB2;IER5,EC-PTC
prerank,MSigDB_Hallmark_2020__E2F Targets,0.7572165093959959,1.1071303368634136,0.11971830985915492,0.36160696153689936,1.0,95/198,16.37%,RAN;RFC1;POLE4;SNRPB;NAA38;CBX5;PRDX4;RANBP1;TUBB;XRCC6;DEK;SMC3;RBBP7;CDK4;HMGB2;POP7;DDX39A;NASP;GSPT1;STMN1;RPA3;MCM7;DCK;PCNA;ILF3;PHF5A;LBR;EIF2S1;EXOSC8;PA2G4;PRKDC;XPO1;SRSF2;CKS1B;DNMT1;SMC1A;PRPS1;PSIP1;DCTPP1;DUT;RAD21;TUBG1;RPA2;SLBP;NME1;TMPO;PAICS;PNN;TP53;NOP56;AK2;SYNCRIP;KPNA2;CTCF;SRSF1;POLD2;CSE1L;MCM6;SSRP1;UBE2S;NAP1L1;TRA2B;JPT1;CDKN1A;LYAR;SHMT1;HMGA1;RPA1;NOLC1;SMC4;MCM5;UBR7;TBRG4;PPP1R8;MCM3;CKS2;POLD1;NUP107;TFRC;RAD50;RAD51C;UNG;NCAPD2;BRMS1L;CCP110;TIPIN;TIMELESS;NUP205;RFC2;POLA2;HELLS;HUS1;MMS22L;HMGB3;LIG1,EC-PTC
prerank,Reactome_2022__Signaling By ERBB2 R-HSA-1227986,0.7754558535184185,1.1071291720803296,0.264050901378579,0.6132145003648224,1.0,20/49,10.82%,UBB;RPS27A;CDC37;UBA52;HSP90AA1;STUB1;RHOA;YES1;UBC;SHC1;NRAS;ERBIN;EGF;HRAS;DIAPH1;PLCG1;RNF41;PTPN12;ERBB2;AKT2,EC-PTC
prerank,Reactome_2022__IRAK1 Recruits IKK Complex R-HSA-937039,0.8357749970886454,1.1067126648254515,0.32936979785969084,0.6148554590234069,1.0,5/10,8.76%,IKBKB;UBE2N;UBE2V1;IRAK1;IKBKG,EC-PTC
prerank,Reactome_2022__Interferon Signaling R-HSA-913531,0.7548843996653486,1.1066614854542731,0.13440320962888666,0.6141526215171152,1.0,74/196,9.25%,IFI27;UBB;BST2;RPS27A;UBA52;EIF2AK2;STAT1;MT2A;ISG15;PSMB8;EIF4A1;SUMO1;HLA-DPA1;EIF4G2;IFIT3;B2M;IFITM3;EIF4A2;IFNGR2;HLA-DRB1;IFNAR1;HLA-DQA2;GBP1;IFI6;IRF9;IRF1;UBE2L6;EIF4E2;HLA-C;MX1;OAS1;KPNB1;FLNA;UBE2N;POM121C;IRF2;EGR1;OAS3;IFIT1;IFI35;RSAD2;KPNA1;UBC;STAT2;NEDD4;EIF4E;NUP54;XAF1;TRIM5;ICAM1;TRIM21;IFNAR2;EIF4A3;IFIT2;HLA-E;SEC13;NUP188;UBA7;SP100;HLA-DRA;VCAM1;TRIM22;EIF4E3;PTPN11;AAAS;SOCS3;UBE2E1;GBP2;NUP42;OAS2;ABCE1;MX2;KPNA2;PLCG1,EC-PTC
prerank,MSigDB_Hallmark_2020__Androgen Response,0.7647521765452151,1.1061627087862185,0.19081632653061226,0.35376304780471957,1.0,42/99,11.30%,MYL12A;SLC38A2;UBE2J1;DBI;ITGAV;ACTN1;LMAN1;INPP4B;ADAMTS1;B2M;SAT1;TMEM50A;XRCC6;ADRM1;ANKH;ACSL3;VAPA;UBE2I;SPCS3;NCOA4;RPS6KA3;XRCC5;SMS;IDI1;ARID5B;DNAJB9;CCND3;PA2G4;KRT19;RAB4A;CDK6;SRP19;SGK1;AKAP12;SLC26A2;UAP1;ABHD2;SELENOP;ELK4;PGM3;TPD52;DHCR24,EC-PTC
prerank,Reactome_2022__Triglyceride Metabolism R-HSA-8979227,0.7845376991736924,1.1061477821780177,0.28950159066808057,0.6164044205228199,1.0,15/36,16.42%,LPIN2;PPP1CB;CAV1;ABHD5;LIPE;MGLL;PPP1CA;DGAT1;PPP1CC;LPIN1;GPAT2;GPAM;FABP4;FABP3;LPIN3,EC-PTC
prerank,Reactome_2022__Cholesterol Biosynthesis R-HSA-191273,0.7890636250941435,1.1056730306602547,0.3115468409586057,0.6185934175967639,1.0,20/26,17.39%,SQLE;FDPS;IDI1;GGPS1;LBR;CYP51A1;PMVK;SC5D;MSMO1;SREBF2;FDFT1;DHCR24;TM7SF2;SREBF1;ARV1;DHCR7;PLPP6;MVD;HMGCR;MVK,EC-PTC
prerank,Reactome_2022__Intracellular Signaling By Second Messengers R-HSA-9006925,0.754837972532624,1.105589718877802,0.08408408408408409,0.6181496507706038,1.0,124/305,13.57%,RNASE1;UBB;RPS27A;PSMB6;PSMB3;PSME2;PSMB1;UBA52;PSMB5;PSMA4;PSME1;RRAGA;JUN;PSMA6;PSMB8;PSMB2;PSMB9;PSMA2;LAMTOR1;CSNK2B;LAMTOR5;CALM1;PSMA7;RNMT;PSMD8;LAMTOR4;LAMTOR2;PSMC5;PSMC6;PSMD9;PSMA3;PSMA5;PRKAR1A;PSMC4;RBBP7;PSMB7;VAPA;RHEB;PSMC3;PSMA1;STUB1;HDAC7;PSMD2;BAD;PPP2CB;HDAC5;RHOG;PSMD13;HDAC2;PSMD7;CREB1;CHD4;PHC2;EGR1;CHD3;PPP2R1A;UBC;NEDD4;PSMB10;PPP2CA;RBBP4;USP7;PSMD6;SEM1;PRKAR2B;PSMD14;MAF1;PSMD3;GRK2;PTEN;PSMC2;RPS6KB2;IRAK1;STRN;PSMD12;RRAGC;PTPN11;LAMTOR3;TNKS2;EGF;GSK3A;PSMD11;TP53;SUZ12;HDAC1;PSMD10;MOV10;KPNA2;PLCG1;PIP5K1A;AHCYL1;IRAK4;TSC2;RICTOR;TRIM27;SNAI1;MTA1;PSMC1;CDKN1A;CBX6;ERBB2;AKT2;MTA2;NR4A1;KDM1A;PPP2R5B;ITPR2;AKT1;MLST8;PSMB4;RNF146;PRKAR1B;FLT3LG;PSMF1;PPARG;KITLG;PSMD5;PDE1A;PHLPP2;AGO2;FOXO3;HDAC3;AKT1S1;ADCY6,EC-PTC
prerank,Reactome_2022__Estrogen-dependent Gene Expression R-HSA-9018519,0.7645207561916612,1.1054439867172963,0.20672097759674135,0.6180657756245769,1.0,49/90,13.57%,CTSD;POLR2J;JUN;POLR2L;POLR2F;POLR2K;POLR2H;GTF2A2;PRMT1;JUND;HSP90AA1;POLR2C;FOS;SMC3;POLR2I;NCOA3;KAT2B;YY1;GTF2A1;MBD4;CREBBP;POLR2E;FKBP4;PTGES3;SMC1A;CXXC5;KDM4B;EP300;RAD21;KANK1;KAT5;POLR2A;EBAG9;USF2;HDAC1;MOV10;KPNA2;POLR2D;HSP90AB1;CCNT1;KDM1A;TLE3;BCL2;FOSB;POLR2B;CBFB;AGO2;NR5A2;POLR2G,EC-PTC
prerank,Reactome_2022__SUMOylation Of DNA Methylation Proteins R-HSA-4655427,0.8142430953862213,1.1052216224157818,0.340522133938706,0.6184269976881932,1.0,5/15,5.93%,SUMO1;UBE2I;PHC2;PCGF2;DNMT1,EC-PTC
prerank,Reactome_2022__Metallothioneins Bind Metals R-HSA-5661231,0.8267958211935502,1.1051649208577143,0.35355892648774795,0.6177953280257666,1.0,1/11,1.13%,MT2A,EC-PTC
prerank,Reactome_2022__Rab Regulation Of Trafficking R-HSA-9007101,0.7586422466583149,1.1044316603296724,0.19371196754563894,0.6213678620164562,1.0,60/120,14.72%,GABARAP;GABARAPL2;TRAPPC5;OPTN;RAB13;RAB5C;MAP1LC3B;TRAPPC4;TRAPPC1;RAB21;YWHAE;RAB14;RAB11A;RAB5A;RAB7A;RAB1B;TRAPPC2L;ARF6;RAB18;TBC1D20;RAB9A;RAB8B;TRAPPC3;RAB8A;TRAPPC6A;MON1B;RAB43;RAB32;RIN3;TBC1D17;DENND2C;GDI1;RAB3IP;TBC1D16;RAB4A;GDI2;MADD;ULK1;GGA2;RAB5B;GAPVD1;TSC2;GGA3;CCZ1B;RAB33B;TBC1D10A;AKT2;TSC1;GGA1;TBC1D24;AKT1;RABEP1;HPS4;TBC1D10B;DENND5A;RAB35;ALS2CL;TBC1D7;RAB27A;TBC1D25,EC-PTC
prerank,Reactome_2022__Signaling By RAF1 Mutants R-HSA-9656223,0.7875419586755409,1.1044277566453724,0.2918410041841004,0.6203856709151446,1.0,12/38,10.89%,FN1;TLN1;CALM1;MAP2K2;YWHAB;MAP2K1;RAP1A;CSK;NRAS;HRAS;VCL;ARRB1,EC-PTC
prerank,Reactome_2022__Synthesis Of Glycosylphosphatidylinositol (GPI) R-HSA-162710,0.8013941610511313,1.1041594937273338,0.33738938053097345,0.621081425202875,1.0,14/18,18.48%,PIGF;DPM2;PIGP;PIGX;PIGH;PIGG;PIGQ;PIGL;PIGB;PIGV;PIGM;PIGA;PIGW;PIGN,EC-PTC
prerank,Reactome_2022__EGFR Downregulation R-HSA-182971,0.7871723008321144,1.104069130823596,0.3164021164021164,0.6206519246029922,1.0,9/31,8.33%,UBB;RPS27A;UBA52;CDC42;EPN1;SPRY2;UBC;HGS;EGF,EC-PTC
prerank,Reactome_2022__RHOF GTPase Cycle R-HSA-9035034,0.7736356001995081,1.1036373243468174,0.29436769394261425,0.6224032888975517,1.0,16/42,10.37%,ARHGAP5;ACTN1;CAV1;BASP1;RAB7A;VANGL1;VAMP3;ARHGAP12;CAPZB;TMPO;ESYT1;AKAP12;DIAPH1;TOR1AIP1;MCAM;ARHGAP1,EC-PTC
prerank,Reactome_2022__Beta-oxidation Of Very Long Chain Fatty Acids R-HSA-390247,0.8205474098824846,1.1036331772420735,0.34532374100719426,0.6214406233574891,1.0,5/11,14.92%,ACAA1;ECI2;HSD17B4;ACOX1;ACOT8,EC-PTC
prerank,Reactome_2022__FOXO-mediated Transcription Of Cell Cycle Genes R-HSA-9617828,0.7994770625609271,1.103157923844653,0.35777777777777775,0.6234806097586878,1.0,3/17,2.31%,BTG1;CAV1;CCNG2,EC-PTC
prerank,Reactome_2022__Processing Of Capped Intronless Pre-mRNA R-HSA-75067,0.7886285592591598,1.1028911692006094,0.29637526652452023,0.6242037545551365,1.0,14/29,13.60%,SNRPG;SNRPE;SNRPB;SNRPD3;LSM10;SNRPF;NCBP2;CPSF2;SLBP;PCF11;PABPN1;CSTF2T;SYMPK;CSTF1,EC-PTC
prerank,Reactome_2022__Synthesis Of PC R-HSA-1483191,0.7925903979418828,1.1028805961293564,0.315450643776824,0.6232559907679555,1.0,16/27,17.22%,LPIN2;STARD7;CSNK2B;SLC44A1;SLC44A2;STARD10;CHKA;LPCAT1;PCYT1A;LPIN1;CHKB;CHPT1;SLC44A4;LPIN3;PEMT;SLC44A3,EC-PTC
prerank,Reactome_2022__Reproduction R-HSA-1474165,0.7644883835110456,1.1025016579719396,0.24387755102040817,0.6247542957945909,1.0,16/82,9.69%,HSPA2;CD9;TERF2IP;SMC3;CDK4;RPA3;UBE2I;SUN2;TERF1;SMC1A;TINF2;LMNA;RAD21;HVCN1;ATM;RBBP8,EC-PTC
prerank,Reactome_2022__TGF-beta Receptor Signaling In EMT (Epithelial To Mesenchymal Transition) R-HSA-2173791,0.8039254836738752,1.1022878300328838,0.3610798650168729,0.6251652181250316,1.0,7/16,4.96%,UBB;RPS27A;UBA52;FKBP1A;TGFB1;RHOA;UBC,EC-PTC
prerank,Reactome_2022__Metabolic Disorders Of Biological Oxidation Enzymes R-HSA-5579029,0.7858071484449858,1.1014014805321477,0.3146779303062302,0.6296642005105059,1.0,15/34,19.42%,FDX1;PRNP;CYP26B1;FDX2;MAOA;GCLM;GCLC;CYP1B1;TBXAS1;CYP27A1;CYP2U1;AHCY;CYP2R1;OPLAH;FDXR,EC-PTC
prerank,Reactome_2022__Synthesis Of Very Long-Chain Fatty acyl-CoAs R-HSA-75876,0.7984644976297944,1.1013577732270696,0.3193096008629989,0.6289590537520434,1.0,12/24,14.52%,TECR;HACD3;ACSL3;HACD2;HSD17B12;HACD4;HACD1;ELOVL1;ELOVL5;ACSL5;ACSL1;ACSF3,EC-PTC
prerank,Reactome_2022__Gamma-carboxylation Of Protein Precursors R-HSA-159740,0.8256242774973971,1.1008564492259882,0.3486682808716707,0.6311277465622173,1.0,4/10,13.78%,GGCX;GAS6;PROS1;FAM110A,EC-PTC
prerank,Reactome_2022__ZBP1(DAI) Mediated Induction Of Type I IFNs R-HSA-1606322,0.7916404220850579,1.099890824078166,0.33406113537117904,0.6361713067391728,1.0,10/21,12.49%,NFKBIA;IKBKB;RELA;NKIRAS2;DHX9;NFKB1;IKBKG;IRF3;NFKBIB;TLR3,EC-PTC
prerank,Reactome_2022__Downregulation Of ERBB2:ERBB3 Signaling R-HSA-1358803,0.8183953189652934,1.0995834849470265,0.339907192575406,0.63723304781333,1.0,3/13,0.73%,UBB;RPS27A;UBA52,EC-PTC
prerank,Reactome_2022__rRNA Processing In Mitochondrion R-HSA-8868766,0.8266138617500252,1.0992691080001578,0.3563636363636364,0.638174454219948,1.0,7/10,14.72%,HSD17B10;TRMT10C;MRM2;MTERF4;MRM3;NSUN4;ELAC2,EC-PTC
prerank,Reactome_2022__Removal Of Flap Intermediate From C-strand R-HSA-174437,0.8020439018295723,1.0992677219263451,0.3477272727272727,0.6371840552166629,1.0,7/17,9.40%,TERF2IP;RPA3;PCNA;TERF1;TINF2;POLD4;POLD2,EC-PTC
prerank,"Reactome_2022__Tetrahydrobiopterin (BH4) Synthesis, Recycling, Salvage And Regulation R-HSA-1474151",0.8173874017519078,1.0992263867352525,0.37300613496932516,0.6364445827531324,1.0,5/10,12.02%,CALM1;HSP90AA1;PTS;GCHFR;AKT1,EC-PTC
prerank,Reactome_2022__RHO GTPases Activate Formins R-HSA-5663220,0.7523138543448052,1.0990858230799796,0.23123732251521298,0.6363332667914657,1.0,41/117,14.46%,RNASE1;PFN1;RPS27;DYNLL1;RHOC;BUB3;NUDC;RHOA;PPP2CB;RHOB;CDC42;FMNL3;SKA2;PPP2R1A;PPP2CA;DVL3;DAAM1;DYNC1LI2;XPO1;MAPRE1;DYNC1H1;CLIP1;NDEL1;SEC13;PFN2;DIAPH1;PPP1CC;DVL2;PAFAH1B1;FMNL2;PPP2R5B;ITGB1;CENPQ;NUP43;MIS12;SPDL1;KIF2A;ITGB3BP;NUP107;DYNLL2;RHOD,EC-PTC
prerank,Reactome_2022__Triglyceride Biosynthesis R-HSA-75109,0.8212668742679444,1.0988084069143307,0.3419506462984724,0.6369311133061345,1.0,6/13,16.42%,LPIN2;DGAT1;LPIN1;GPAT2;GPAM;LPIN3,EC-PTC
prerank,Reactome_2022__RIP-mediated NFkB Activation Via ZBP1 R-HSA-1810476,0.8016649128434881,1.0986806266782656,0.33858267716535434,0.6367984272835377,1.0,9/17,12.49%,NFKBIA;IKBKB;RELA;NKIRAS2;DHX9;NFKB1;IKBKG;NFKBIB;TLR3,EC-PTC
prerank,MSigDB_Hallmark_2020__Inflammatory Response,0.7470455872778808,1.0983771182525972,0.18236472945891782,0.3922152134044421,1.0,41/200,11.06%,HIF1A;BST2;TIMP1;LY6E;CALCRL;EIF2AK2;CD55;TNFSF10;AHR;SRI;NFKBIA;IFNGR2;ADRM1;IFNAR1;NMI;SELENOS;TAPBP;IRF1;EMP3;RHOG;RELA;OSMR;CCL2;ATP2C1;ICAM1;SLC11A2;IL15RA;STAB1;CD40;ATP2A2;NFKB1;CHST2;CX3CL1;ATP2B1;CCRL2;ACVR1B;RNF144B;RTP4;CDKN1A;SEMA4D;ITGB8,EC-PTC
prerank,Reactome_2022__RAF/MAP Kinase Cascade R-HSA-5673001,0.7510924640108435,1.0981117985473918,0.11511511511511512,0.6393299838920361,1.0,77/269,9.24%,FN1;UBB;RPS27A;PSMB6;PSMB3;PEBP1;PSME2;PSMB1;UBA52;PSMB5;PSMA4;PSME1;DUSP6;PSMA6;PSMB8;PSMB2;PSMB9;RASGRP3;RBX1;PSMA2;TLN1;PPP1CB;ARL2;CALM1;PSMA7;RNMT;PSMD8;LAMTOR2;MAP2K2;PSMC5;PSMC6;PSMD9;PSMA3;PSMA5;PEA15;PSMC4;PSMB7;PSMC3;PSMA1;PSMD2;PPP2CB;PSMD13;PSMD7;GOLGA7;PPP2R1A;UBC;DUSP12;PSMB10;PPP2CA;BCL2L1;LYPLA1;YWHAB;PSMD6;SHC1;SEM1;PSMD14;DUSP5;PSMD3;ICMT;MAP2K1;PSMC2;ABHD17A;RAP1A;PSMD12;CSK;IL2RG;NRAS;SPNS1;GFRA1;LAMTOR3;RGL2;EGF;HRAS;PSMD11;WDR83;PSMD10;MAP3K11,EC-PTC
prerank,Reactome_2022__Negative Regulation Of Activity Of TFAP2 (AP-2) Family Transcription Factors R-HSA-8866904,0.828933308739204,1.0979693503398757,0.37796208530805686,0.639161828424207,1.0,2/10,3.94%,SUMO1;UBE2I,EC-PTC
prerank,Reactome_2022__TGF-beta Receptor Signaling Activates SMADs R-HSA-2173789,0.7786196538063694,1.0978569989288247,0.3028391167192429,0.6388578100958785,1.0,19/44,9.51%,UBB;RPS27A;NEDD8;UBA52;FURIN;FKBP1A;ITGAV;PPP1CB;UBE2M;TGFB1;LTBP3;STUB1;UBC;XPO1;ITGB5;PPP1R15A;SRFBP1;PPP1CA;PPP1CC,EC-PTC
prerank,Reactome_2022__Aberrant Regulation Of Mitotic Cell Cycle Due To RB1 Defects R-HSA-9687139,0.7790543098346271,1.0978453156925394,0.3287526427061311,0.6379379465599012,1.0,20/36,15.83%,ANAPC16;ANAPC11;CDC26;CDK4;ANAPC10;CCND3;CDC16;CDKN1C;CDK6;UBE2E1;ANAPC15;UBE2S;CDKN1A;UBE2D1;ANAPC7;CDC27;CDC23;TFDP1;FZR1;CDK2,EC-PTC
prerank,Reactome_2022__Regulation Of TP53 Expression And Degradation R-HSA-6806003,0.7781608554629664,1.0977926142448693,0.3111111111111111,0.6372848682069382,1.0,17/37,12.34%,UBB;RPS27A;UBA52;PPP2CB;DAXX;PPP2R1A;UBC;CCNG1;PPP2CA;USP7;SGK1;TP53;ATM;RICTOR;AKT2;AKT1;MLST8,EC-PTC
prerank,Reactome_2022__RHOC GTPase Cycle R-HSA-9013106,0.7649616968075815,1.097786065225007,0.25667351129363447,0.6363399509870854,1.0,31/73,11.43%,ARHGAP18;ARHGAP5;RHOC;STOM;LMAN1;CAV1;ARHGDIA;ROCK2;C1QBP;DLC1;RHOA;VANGL1;FMNL3;LBR;PKN1;JUP;DAAM1;VAMP3;FLOT1;ACBD5;FLOT2;ROCK1;TMPO;ERBIN;ARHGEF40;DIAPH1;ARHGEF11;MCAM;ARHGAP1;FMNL2;STX5,EC-PTC
prerank,Reactome_2022__Signaling By NOTCH1 R-HSA-1980143,0.7630675836485515,1.097480075052717,0.25635808748728384,0.6373433885682965,1.0,33/73,13.61%,HIF1A;UBB;RPS27A;UBA52;SKP1;RBX1;SNW1;HDAC7;HDAC5;KAT2B;HDAC2;CREBBP;UBC;PSENEN;TBL1XR1;EP300;APH1B;NOTCH1;APH1A;PSEN2;JAG1;HDAC1;NEURL1B;ARRB1;DLL4;JAG2;TLE3;RBPJ;CCNC;TBL1X;HDAC3;DNER;TLE4,EC-PTC
prerank,Reactome_2022__RHOBTB GTPase Cycle R-HSA-9706574,0.7841482665780772,1.0973690828615301,0.3155080213903743,0.6370715968009771,1.0,19/35,10.96%,VIM;CDC37;ACTN1;TXNL1;HSP90AA1;ROCK2;RBMX;SRRM1;TWF1;COPS2;CCT6A;CCT7;DDX39B;ROCK1;TRA2B;HSP90AB1;GPS1;COPS4;CCT2,EC-PTC
prerank,Reactome_2022__Triglyceride Catabolism R-HSA-163560,0.7897402909864397,1.0972949808081278,0.3373493975903614,0.6365637797025279,1.0,7/23,9.51%,PPP1CB;CAV1;ABHD5;LIPE;MGLL;PPP1CA;PPP1CC,EC-PTC
prerank,Reactome_2022__ATF6 (ATF6-alpha) Activates Chaperones R-HSA-381033,0.8110959589191951,1.0968984475872765,0.35748218527315917,0.6381431650012356,1.0,9/11,15.21%,ATF4;DDIT3;CALR;NFYB;ATF6;HSP90B1;HSPA5;NFYC;NFYA,EC-PTC
prerank,Reactome_2022__Paracetamol ADME R-HSA-9753281,0.7860009249194811,1.0967381005239145,0.34010695187165774,0.6381392286382682,1.0,3/27,6.83%,GSTP1;ABCC1;CNDP2,EC-PTC
prerank,Reactome_2022__N-glycan Antennae Elongation In medial/trans-Golgi R-HSA-975576,0.779991342849438,1.096571307144848,0.33763440860215055,0.6382334111107403,1.0,5/26,8.62%,ST8SIA6;ST6GAL1;MGAT4B;B4GALT3;FUCA1,EC-PTC
prerank,Reactome_2022__Regulation Of TP53 Degradation R-HSA-6804757,0.7782097005090954,1.0961084326925639,0.310308182784272,0.6400731382319033,1.0,17/36,12.34%,UBB;RPS27A;UBA52;PPP2CB;DAXX;PPP2R1A;UBC;CCNG1;PPP2CA;USP7;SGK1;TP53;ATM;RICTOR;AKT2;AKT1;MLST8,EC-PTC
prerank,Reactome_2022__Base Excision Repair R-HSA-73884,0.7684560735942021,1.0960753854282592,0.3050314465408805,0.6392948569504773,1.0,21/44,15.91%,POLE4;TERF2IP;APEX1;RPA3;PCNA;MBD4;TERF1;MPG;TINF2;POLD4;POLD2;NTHL1;POLE3;PARP1;XRCC1;POLD1;POLG2;UNG;PNKP;ACD;RFC2,EC-PTC
prerank,Reactome_2022__Phase I - Functionalization Of Compounds R-HSA-211945,0.7555094659809973,1.0958117830191447,0.2416243654822335,0.6400153085675098,1.0,23/100,14.88%,AURKAIP1;VDAC2;AHR;FDX1;CYB5R3;CYP26B1;CYP51A1;PTGES3;NQO2;MIA3;FDX2;MAOA;ADH5;HSP90AB1;CYP1B1;ALDH1A1;TBXAS1;POMC;CYP27A1;ARNT2;SMOX;BPHL;ADH1B,EC-PTC
prerank,Reactome_2022__Neurotransmitter Release Cycle R-HSA-112310,0.7629238258100585,1.0957844602444207,0.328141225337487,0.6392080379370364,1.0,14/50,14.17%,SLC38A2;VAMP2;LIN7C;ARL6IP5;HSPA8;SLC1A1;PPFIA3;DNAJC5;MAOA;UNC13B;SLC6A12;LIN7A;SLC22A2;CASK,EC-PTC
prerank,Reactome_2022__Signaling By BRAF And RAF1 Fusions R-HSA-6802952,0.7713214164117996,1.0952281016802747,0.2674897119341564,0.6416066529137147,1.0,17/62,8.51%,FN1;PEBP1;TLN1;CALM1;MAP2K2;KIAA1549;AGGF1;YWHAB;FXR1;LMNA;MAP2K1;RAP1A;AGTRAP;TRAK1;CSK;NRAS;HRAS,EC-PTC
prerank,Reactome_2022__Transcriptional Regulation By RUNX1 R-HSA-8878171,0.7524986386891533,1.095061872753123,0.16032064128256512,0.6416507959625872,1.0,58/174,7.95%,UBB;RPS27A;PSMB6;PSMB3;PSME2;PSMB1;UBA52;PSMB5;LGALS3;PSMA4;PSME1;CTSL;LMO2;PSMA6;PSMB8;PSMB2;PSMB9;PSMA2;CSNK2B;PRMT1;PSMA7;PSMD8;DPY30;PSMC5;PSMC6;PSMD9;PSMA3;PSMA5;PSMC4;PSMB7;PSMC3;PSMA1;PSMD2;MYL9;KAT2B;PSMD13;PSMD7;SMARCB1;PHC2;CREBBP;UBC;PSMB10;CCND3;PSMD6;SEM1;RSPO3;SOCS4;PSMD14;RYBP;EP300;PSMD3;PCGF5;KMT2D;PSMC2;PSMD12;CDK6;PTPN11;SOCS3,EC-PTC
prerank,Reactome_2022__Diseases Of Mitotic Cell Cycle R-HSA-9675126,0.7790578276247451,1.0947871233451791,0.3216931216931217,0.6424039913412138,1.0,21/38,15.83%,ANAPC16;ANAPC11;CDC26;CDK4;DAXX;ANAPC10;CCND3;CDC16;CDKN1C;CDK6;UBE2E1;ANAPC15;UBE2S;CDKN1A;UBE2D1;ANAPC7;CDC27;CDC23;TFDP1;FZR1;CDK2,EC-PTC
prerank,Reactome_2022__HCMV Late Events R-HSA-9610379,0.7639491059018018,1.0947580461623658,0.27169421487603307,0.6415839275584101,1.0,36/62,16.64%,CHMP2A;VPS28;SNF8;CEBPD;TSG101;HNRNPK;VPS25;TXN2;CHMP4B;POM121C;CHMP2B;NUP54;CHMP4C;MVB12A;CHMP1A;SEC13;NUP188;AAAS;NUP42;VPS37A;HSD17B4;CHMP6;NUP43;NUP93;RRM1;NUP50;NUP62;NUP107;CD46;VPS37D;NUP35;NUP205;NUP37;SEH1L;TRMU;NUP58,EC-PTC
prerank,Reactome_2022__ATF4 Activates Genes In Response To Endoplasmic Reticulum Stress R-HSA-380994,0.7799728085225952,1.0943461167325164,0.32219827586206895,0.6431340658514153,1.0,18/27,16.65%,ATF4;KHSRP;DDIT3;EXOSC6;CEBPG;CCL2;EXOSC8;NFYB;HERPUD1;ATF6;EXOSC7;DIS3;EXOSC4;EXOSC9;NFYC;NFYA;EXOSC1;EXOSC3,EC-PTC
prerank,Reactome_2022__Anti-inflammatory Response Favoring Leishmania Infection R-HSA-9662851,0.748535764790216,1.0935661862768191,0.2099391480730223,0.6470498825847426,1.0,26/161,12.53%,GNG11;GNG5;GNAS;CALCRL;FURIN;RAMP2;CALM1;PRKAR1A;GNG10;CREB1;GNG12;YES1;PRKAR2B;GNB2;RAMP3;GNG2;PTRH2;ADORA2A;PLCG1;AHCYL1;GNAI1;MYH9;ITPR2;GNG7;MAPK14;PRKAR1B,EC-PTC
prerank,Reactome_2022__Signaling By ERBB2 TMD/JMD Mutants R-HSA-9665686,0.7942545589472593,1.093320187287101,0.3277216610549944,0.6475507358633592,1.0,9/21,10.56%,CDC37;HSP90AA1;SHC1;NRAS;ERBIN;EGF;HRAS;PLCG1;ERBB2,EC-PTC
prerank,Reactome_2022__Cytochrome C-Mediated Apoptotic Response R-HSA-111461,0.8101943229023416,1.0932736401978342,0.3690888119953864,0.6468335102774032,1.0,5/13,11.11%,CYCS;UACA;APIP;CASP3;CASP7,EC-PTC
prerank,Reactome_2022__Metabolism Of Steroids R-HSA-8957322,0.7441493743141927,1.0931631813406275,0.2241206030150754,0.6465249083342927,1.0,56/153,15.22%,AKR1B1;SUMO2;OSBPL1A;RAN;TSPO;FDX1;SQLE;AKR1C3;FDPS;KPNB1;UBE2I;MBD4;CREBBP;IDI1;GGPS1;LBR;STARD4;NFYB;CYP51A1;TBL1XR1;SAR1B;PMVK;INSIG2;HSD17B12;SC5D;MSMO1;STARD3;OSBP;STARD3NL;SREBF2;FDX2;AKR1C1;FDFT1;LGMN;HSD17B4;SCAP;AMACR;DHCR24;TM7SF2;SREBF1;ARV1;OSBPL2;OSBPL9;TBL1X;NFYC;SRD5A3;CD163L1;POMC;CYP27A1;DHCR7;ACOT8;PLPP6;SEC24C;GPAM;NFYA;HSD11B2,EC-PTC
prerank,Reactome_2022__Energy Dependent Regulation Of mTOR By LKB1-AMPK R-HSA-380972,0.7820526001341166,1.0931313587694462,0.34358430540827145,0.645746322154967,1.0,17/29,15.16%,RRAGA;LAMTOR1;LAMTOR5;LAMTOR4;LAMTOR2;RHEB;PRKAA1;PRKAB1;RRAGC;LAMTOR3;TSC2;PRKAA2;TSC1;MLST8;STRADB;STK11;STRADA,EC-PTC
prerank,Reactome_2022__Metabolism Of Non-Coding RNA R-HSA-194441,0.762152415934896,1.0928021519100357,0.31704781704781704,0.6467519046325563,1.0,31/52,16.68%,SNRPG;SNRPD2;SNRPE;SNRPB;SNRPD3;SNRPF;POM121C;NCBP2;NUP54;PHAX;SEC13;NUP188;CLNS1A;AAAS;NUP42;NUP43;NUP93;GEMIN6;NUP50;NUP62;NUP107;GEMIN4;NUP35;WDR77;NUP205;NUP37;GEMIN7;SEH1L;DDX20;NUP58;LIN9,EC-PTC
prerank,Reactome_2022__CD209 (DC-SIGN) Signaling R-HSA-5621575,0.7910324032964392,1.0923183253270627,0.3599114064230343,0.6487228163036146,1.0,8/20,8.51%,ICAM2;RELA;CREBBP;PKN1;EP300;NFKB1;NRAS;HRAS,EC-PTC
prerank,Reactome_2022__Signaling By NTRK2 (TRKB) R-HSA-9006115,0.79675004569565,1.0920414049348188,0.3358695652173913,0.6494880755794138,1.0,7/23,10.05%,RNASE1;SHC1;PTPN11;NRAS;HRAS;PLCG1;CDK5,EC-PTC
prerank,Reactome_2022__Metabolism Of Fat-Soluble Vitamins R-HSA-6806667,0.7688722198549225,1.0920144118124493,0.3333333333333333,0.6486819991208718,1.0,20/47,17.17%,VKORC1;AKR1C3;RBP1;C1D;LRP10;RDH11;AKR1C1;SDC2;GPIHBP1;LDLR;HSPG2;AGRN;UBIAD1;LRP12;RETSAT;GPC3;SDC1;GPC5;SDC4;RBP4,EC-PTC
prerank,MSigDB_Hallmark_2020__Coagulation,0.7438002183311155,1.0919050701562907,0.24193548387096775,0.4193950662412544,1.0,36/138,11.57%,FN1;HTRA1;TIMP1;GSN;S100A13;FURIN;CAPN2;ISCU;DUSP6;TFPI2;ARF4;CD9;SPARC;WDR1;ANXA1;RAC1;F8;CTSB;GNG12;USP11;SIRT2;PLAU;SERPING1;GNB2;PEF1;LGMN;FBN1;CTSH;LTA4H;PROS1;CTSO;LAMP2;SERPINA1;CSRP1;RABIF;HPN,EC-PTC
prerank,Reactome_2022__Maturation Of Nucleoprotein R-HSA-9683610,0.8040950942694611,1.0912484403269391,0.38198403648802737,0.6523862604489001,1.0,8/12,15.07%,SUMO1;PARP14;PARP9;UBE2I;GSK3A;PARP6;PARP10;PARP4,EC-PTC
prerank,Reactome_2022__Phenylalanine And Tyrosine Metabolism R-HSA-8963691,0.81181493781049,1.0908628620129261,0.37735849056603776,0.6537736067944628,1.0,3/11,9.13%,ASRGL1;PCBD1;QDPR,EC-PTC
prerank,Reactome_2022__Potassium Channels R-HSA-1296071,0.7510958923343682,1.090722325827482,0.2906857727737973,0.6536392354652839,1.0,13/102,12.66%,GNG11;GNG5;GNG10;GNG12;KCNK6;GNB2;GNG2;KCNMB4;KCNJ16;KCNN2;GNG7;KCNJ1;KCNC4,EC-PTC
prerank,MSigDB_Hallmark_2020__Complement,0.7422667538646417,1.0906526307989013,0.18756268806419257,0.41337389104539096,1.0,55/200,11.14%,FN1;PFN1;TIMP1;ANXA5;CTSD;S100A13;HSPA1A;LGALS3;CTSL;DUSP6;PPP4C;TFPI2;CD55;PSMB9;FDX1;ATOX1;CALM1;CDA;TIMP2;PRCP;CA2;CD59;IRF1;USP16;F8;PPP2CB;RHOG;IRF2;CTSB;CTSC;CASP4;SERPING1;COL4A2;CALM3;LAP3;DUSP5;ERAP2;GNB2;CD36;PLSCR1;GNG2;CASP3;USP14;CASP1;SPOCK2;LGMN;CTSH;LTA4H;VCPIP1;CTSO;LAMP2;LIPA;SERPINA1;CASP7;CSRP1,EC-PTC
prerank,Reactome_2022__CD28 Dependent PI3K/Akt Signaling R-HSA-389357,-0.5924230626989331,-1.0901597378821022,0.32,1.0,1.0,10/23,6.98%,AKT3;PIK3R3;FYN;PRR5;THEM4;PDPK1;MAPKAP1;PIK3CA;MAP3K14;MTOR,EC-PTC
prerank,Reactome_2022__Extracellular Matrix Organization R-HSA-1474244,0.7412503703559233,1.089204080414413,0.15531062124248496,0.6620799093413812,1.0,51/291,9.56%,FN1;HTRA1;BSG;TIMP1;CTSD;PPIB;SERPINH1;FURIN;VCAN;CAPN2;COL3A1;CTSL;ITGAV;ACTN1;JAM2;ICAM2;TRAPPC4;COL18A1;CD151;LAMC1;ADAMTS1;SPARC;TGFB1;HAPLN1;TIMP2;P4HB;COL6A3;LTBP3;CAPNS1;CTSB;TLL1;ITGAE;TNXB;COL4A2;ICAM1;CD47;ITGB5;PLOD1;KDR;P3H2;ADAM15;COL6A1;VCAM1;DAG1;LAMA5;CASP3;P4HA1;BGN;COL6A2;FBN1;LOXL2,EC-PTC
prerank,Reactome_2022__MAPK Family Signaling Cascades R-HSA-5683057,0.7439271964488462,1.0890875396275679,0.11911911911911911,0.6618144000571335,1.0,91/316,9.24%,FN1;RNASE1;UBB;RPS27A;PSMB6;PSMB3;PEBP1;PSME2;PSMB1;UBA52;PSMB5;HSPB1;PSMA4;PSME1;JUN;DUSP6;PSMA6;PSMB8;PSMB2;PSMB9;RASGRP3;RBX1;PSMA2;TLN1;PPP1CB;ARL2;CALM1;PSMA7;RNMT;PSMD8;LAMTOR2;MAP2K2;CDC42EP3;PSMC5;PSMC6;CDC42EP5;PSMD9;PSMA3;PSMA5;PEA15;PSMC4;PSMB7;PSMC3;PSMA1;NCOA3;SEPTIN7;PSMD2;PPP2CB;PSMD13;CDC42EP2;PSMD7;CDC42;GOLGA7;PPP2R1A;UBC;DUSP12;PSMB10;PKN1;PPP2CA;BCL2L1;LYPLA1;CCND3;YWHAB;XPO1;PSMD6;SHC1;SEM1;PSMD14;DUSP5;PSMD3;ICMT;MAP2K1;PSMC2;ABHD17A;RAP1A;PSMD12;CSK;PTPN11;IL2RG;NRAS;SPNS1;GFRA1;LAMTOR3;RGL2;EGF;HRAS;PSMD11;WDR83;PSMD10;MOV10;MAP3K11,EC-PTC
prerank,Reactome_2022__Processive Synthesis On C-strand Of Telomere R-HSA-174414,0.7878572274885411,1.0888140161039193,0.374578177727784,0.6625095974353347,1.0,7/19,9.40%,TERF2IP;RPA3;PCNA;TERF1;TINF2;POLD4;POLD2,EC-PTC
prerank,Reactome_2022__Synthesis Of PE R-HSA-1483213,0.8027075073538417,1.0884842500284697,0.3949483352468427,0.6635562705962891,1.0,8/13,16.42%,LPIN2;PISD;CHKA;LPIN1;SELENOI;CHKB;PCYT2;LPIN3,EC-PTC
prerank,Reactome_2022__Glutathione Synthesis And Recycling R-HSA-174403,0.8061126200700718,1.0881735434264903,0.39600470035252644,0.6644887751247675,1.0,5/12,12.17%,PRNP;CNDP2;GGCT;GCLM;GCLC,EC-PTC
prerank,Reactome_2022__Signaling By EGFR R-HSA-177929,0.7703983212764315,1.087984997509657,0.2947916666666667,0.6645904819525706,1.0,16/49,9.25%,UBB;RPS27A;UBA52;AAMP;CDC42;EPN1;SPRY2;UBC;SHC1;HGS;CSK;PTPN11;NRAS;EGF;HRAS;PLCG1,EC-PTC
prerank,"Reactome_2022__Platelet Activation, Signaling And Aggregation R-HSA-76002",0.7396921626443167,1.0873607019476481,0.17617617617617617,0.6675182736449892,1.0,89/252,12.26%,FN1;SRGN;RNASE1;PFN1;GNG11;CD63;TMSB4X;PPIA;TIMP1;ANXA5;GNG5;SOD1;PHACTR2;MAGED2;CALU;TOR4A;CD9;ACTN1;TLN1;CALM1;TEX264;SPARC;TGFB1;VEGFB;CRK;WDR1;GNG10;RHOA;FAM3C;AAMP;F8;RHOG;FLNA;CAP1;RHOB;CDC42;GNG12;RARRES2;SYTL4;KNG1;SHC1;SERPING1;MANF;F2R;GNA14;TMX3;SCCPDH;QSOX1;CHID1;GNA11;BCAR1;RAP1A;CYB5R1;GNB2;CSK;PTPN11;YWHAZ;CD36;GAS6;ACTN4;VPS72;SPNS1;GNG2;EGF;MGLL;TAGLN2;OLA1;HABP4;GNAI1;ABHD6;PROS1;LAMP2;APOOL;MMRN1;F13A1;VCL;SELENOP;ARRB1;SERPINA1;VTI1B;NHLRC2;PTPN1;GNA13;ITPR2;AKT1;DGKZ;ENDOD1;GNG7;HSPA5,EC-PTC
prerank,Reactome_2022__Metabolism Of Carbohydrates R-HSA-71387,0.7387724203266677,1.0872360350465593,0.1432865731462926,0.667251654145712,1.0,122/283,16.26%,UBB;RPS27A;AKR1B1;TPI1;ENO1;UBA52;PKM;VCAN;MDH2;CALM1;SLC2A1;HEXB;TALDO1;GNS;CHST12;CSGALNACT1;DCXR;GUSB;PGK1;PPP2CB;POM121C;CRYL1;PPP2R1A;UBC;SLC35B2;PPP2CA;NUP54;MDH1;DERA;SLC25A11;FUT1;DSEL;SLC25A1;MAN2C1;UGP2;HEXA;PFKFB3;B3GAT3;AKR1A1;ST3GAL6;SEC13;NUP188;PGP;UBL4A;AAAS;GAA;B4GALT3;CHST2;B3GALT6;PFKL;NUP42;DSE;PGLS;B4GALT7;SLC26A2;BGN;PFKP;PRPS2;CHST7;CHSY1;GNPDA1;SGSH;ST6GALNAC6;CHORDC1;PFKM;GOT2;BPGM;SDC2;KHK;ADPGK;AGL;B3GNT2;SLC37A4;TKFC;NUP43;G6PC3;PYGB;HOOK2;CHPF2;NUP93;B4GAT1;HS3ST3A1;ENO2;MAP4K2;SLC35D2;B3GALT4;GLB1;CHST14;ALDH1A1;HSPG2;NAGLU;PAPSS1;ALDOC;NUP50;NUP62;NUP107;GLCE;XYLT1;GALK1;AGRN;PGM1;HS3ST3B1;FBP1;SLC35B3;HS6ST1;TKT;NUP35;PGM2;CHPF;GPC3;SDC1;PHGDH;GPC5;IDUA;NUP205;NUP37;GYG1;SEH1L;PHKA2;MAN2B1;SDC4;B4GALT4,EC-PTC
prerank,Reactome_2022__Constitutive Signaling By NOTCH1 HD+PEST Domain Mutants R-HSA-2894862,0.7612772459103397,1.0872032265757718,0.31384615384615383,0.6664442857407453,1.0,26/57,12.00%,UBB;RPS27A;UBA52;SKP1;RBX1;SNW1;HDAC7;HDAC5;KAT2B;HDAC2;CREBBP;UBC;PSENEN;TBL1XR1;EP300;APH1B;NOTCH1;APH1A;PSEN2;JAG1;HDAC1;NEURL1B;DLL4;JAG2;RBPJ;CCNC,EC-PTC
prerank,Reactome_2022__Diseases Associated With Glycosylation Precursor Biosynthesis R-HSA-5609975,0.7979611956805809,1.0870966664540134,0.3864406779661017,0.666127157442582,1.0,9/15,14.75%,DPM3;DPM2;NUS1;GFPT1;DOLK;SRD5A3;GNE;GALK1;PGM1,EC-PTC
prerank,Reactome_2022__Mitochondrial Fatty Acid Beta-Oxidation R-HSA-77289,0.7724927394535366,1.0866218045375207,0.3523809523809524,0.6681079914047707,1.0,13/36,9.13%,DBI;NDUFAB1;DECR1;ECHS1;ACADVL;HADHA;HADHB;ECI1;ACAA2;ACOT13;ACOT2;HADH;ACADM,EC-PTC
prerank,Reactome_2022__Zinc Transporters R-HSA-435354,0.7962004754648966,1.0859236343440726,0.3792325056433409,0.6714580338695562,1.0,10/17,17.71%,SLC39A1;SLC39A7;SLC39A14;SLC39A10;SLC39A6;SLC30A5;SLC30A1;SLC39A3;SLC39A8;SLC39A4,EC-PTC
prerank,Reactome_2022__Depolymerisation Of Nuclear Lamina R-HSA-4419969,0.7947120580733724,1.0857266351982968,0.3860045146726862,0.6716778562909791,1.0,7/15,13.61%,LPIN2;CTDNEP1;LMNA;TMPO;EMD;LEMD2;LPIN1,EC-PTC
prerank,Reactome_2022__Metabolism Of Nucleotides R-HSA-15869,0.7495780851930258,1.0853687869302386,0.2804503582395087,0.6728595851019844,1.0,44/92,15.52%,NME2;CMPK1;CDA;DGUOK;APRT;GLRX;NME4;NUDT5;NME3;TXN2;DCK;UCKL1;DCTD;DTYMK;TXNRD1;NT5C;GUK1;GMPR2;DCTPP1;DUT;GMPR;AK6;PAICS;AMPD2;AK2;NUDT15;RRM2B;ADSL;HPRT1;AK1;ENTPD6;SAMHD1;COASY;ITPA;RRM1;ATIC;GMPS;UCK1;AK4;ADPRM;NUDT9;GART;ENTPD4;AK9,EC-PTC
prerank,Reactome_2022__Glycolysis R-HSA-70171,0.7543586246120456,1.0849408710864057,0.30922431865828093,0.6743797478039724,1.0,34/68,15.93%,TPI1;ENO1;PKM;PGK1;PPP2CB;POM121C;PPP2R1A;PPP2CA;NUP54;PFKFB3;SEC13;NUP188;PGP;AAAS;PFKL;NUP42;PFKP;GNPDA1;PFKM;BPGM;ADPGK;NUP43;HOOK2;NUP93;ENO2;MAP4K2;ALDOC;NUP50;NUP62;NUP107;NUP35;NUP205;NUP37;SEH1L,EC-PTC
prerank,Reactome_2022__Interactions Of Vpr With Host Cellular Proteins R-HSA-176033,0.7629640804539874,1.0848749330332248,0.35812964930924546,0.6737648782190966,1.0,24/38,16.64%,SLC25A5;SLC25A6;SLC25A4;POM121C;KPNA1;BANF1;NUP54;PSIP1;SEC13;NUP188;AAAS;NUP42;HMGA1;NUP43;NUP93;NUP50;NUP62;NUP107;NUP35;NUP205;NUP37;SEH1L;SGIP1;NUP58,EC-PTC
prerank,"Reactome_2022__Base-Excision Repair, AP Site Formation R-HSA-73929",0.7996102066772115,1.0844193531687742,0.3712707182320442,0.6755618873815953,1.0,8/17,15.61%,TERF2IP;MBD4;TERF1;MPG;TINF2;NTHL1;UNG;ACD,EC-PTC
prerank,Reactome_2022__Signaling By FGFR In Disease R-HSA-1226099,0.760507290005285,1.084208358139577,0.3220164609053498,0.6759234621416372,1.0,17/60,10.29%,POLR2J;STAT1;POLR2L;POLR2F;POLR2K;POLR2H;POLR2C;POLR2I;FGFR1OP2;NCBP2;POLR2E;POLR2A;NRAS;ERLIN2;HRAS;PLCG1;POLR2D,EC-PTC
prerank,Reactome_2022__Activated TAK1 Mediates P38 MAPK Activation R-HSA-450302,0.7862720044097592,1.0841797869730403,0.3762597984322508,0.6751211912174585,1.0,10/19,15.44%,MAP2K3;UBE2N;UBE2V1;MAPKAPK2;IRAK1;IKBKG;MAPK14;MAPK11;MAP3K7;MAPKAPK3,EC-PTC
prerank,Reactome_2022__Intra-Golgi And Retrograde Golgi-to-ER Traffic R-HSA-6811442,0.7379522755450161,1.083189252994185,0.22613065326633167,0.6799779716718405,1.0,72/181,11.51%,DYNLL1;COPE;CAPZA2;KDELR1;KDELR2;ARF4;SURF4;NAA38;TMED9;SCOC;TGOLN2;COPB1;TMED2;DCTN3;DCTN1;CYTH2;RAB1B;SEC22B;TMED7;DCTN6;VAMP4;DCTN2;ACTR1A;COPZ1;RAB18;DCTN5;RAB9A;KIF5B;KIF1C;ACTR10;ARFGAP3;UBE2Z;VAMP3;DYNC1LI2;GOLGA4;RAB43;STX10;TMF1;ARFGAP2;DYNC1H1;GALNT1;CAPZB;GOSR2;IGF2R;DCTN4;RHOBTB3;VPS51;COPB2;TRIP11;M6PR;KIF12;ARF3;KIF13B;TMED3;ARCN1;PAFAH1B3;NAA30;VPS53;PAFAH1B2;SNAP29;ARFIP2;GCC2;BET1L;RAB33B;PAFAH1B1;GALNT2;PTGES2;COPA;AGPAT3;STX5;SYS1;COG1,EC-PTC
prerank,Reactome_2022__Translation Of Replicase And Assembly Of Replication Transcription Complex R-HSA-9679504,0.8072686896374264,1.0829950383731666,0.3736654804270463,0.6801309358754902,1.0,7/11,12.23%,CHMP2A;MAP1LC3B;CHMP4B;CHMP2B;CHMP4C;CHMP6;BECN1,EC-PTC
prerank,Reactome_2022__Glucose Metabolism R-HSA-70326,0.7467324410132967,1.082951075081287,0.3027806385169928,0.6793898962670509,1.0,42/87,15.93%,TPI1;ENO1;PKM;MDH2;PGK1;PPP2CB;POM121C;PPP2R1A;PPP2CA;NUP54;MDH1;SLC25A11;SLC25A1;PFKFB3;SEC13;NUP188;PGP;AAAS;PFKL;NUP42;PFKP;GNPDA1;PFKM;GOT2;BPGM;ADPGK;SLC37A4;NUP43;G6PC3;HOOK2;NUP93;ENO2;MAP4K2;ALDOC;NUP50;NUP62;NUP107;FBP1;NUP35;NUP205;NUP37;SEH1L,EC-PTC
prerank,Reactome_2022__MAPK1/MAPK3 Signaling R-HSA-5684996,0.7407754299583501,1.0823190359070933,0.16516516516516516,0.6820615041739096,1.0,78/275,9.24%,FN1;UBB;RPS27A;PSMB6;PSMB3;PEBP1;PSME2;PSMB1;UBA52;PSMB5;PSMA4;PSME1;DUSP6;PSMA6;PSMB8;PSMB2;PSMB9;RASGRP3;RBX1;PSMA2;TLN1;PPP1CB;ARL2;CALM1;PSMA7;RNMT;PSMD8;LAMTOR2;MAP2K2;PSMC5;PSMC6;PSMD9;PSMA3;PSMA5;PEA15;PSMC4;PSMB7;PSMC3;PSMA1;PSMD2;PPP2CB;PSMD13;PSMD7;GOLGA7;PPP2R1A;UBC;DUSP12;PSMB10;PPP2CA;BCL2L1;LYPLA1;YWHAB;PSMD6;SHC1;SEM1;PSMD14;DUSP5;PSMD3;ICMT;MAP2K1;PSMC2;ABHD17A;RAP1A;PSMD12;CSK;PTPN11;IL2RG;NRAS;SPNS1;GFRA1;LAMTOR3;RGL2;EGF;HRAS;PSMD11;WDR83;PSMD10;MAP3K11,EC-PTC
prerank,Reactome_2022__Cleavage Of Damaged Pyrimidine R-HSA-110329,0.8013353650279244,1.081481118932384,0.3885135135135135,0.6861092898470403,1.0,7/15,15.61%,TERF2IP;MBD4;TERF1;TINF2;NTHL1;UNG;ACD,EC-PTC
prerank,Reactome_2022__TP53 Regulates Transcription Of Genes Involved In G2 Cell Cycle Arrest R-HSA-6804114,0.7829000892848686,1.081137491691835,0.39222222222222225,0.6871555978517327,1.0,7/18,8.78%,PRMT1;E2F4;REXO2;PCNA;BAX;EP300;TP53,EC-PTC
prerank,Reactome_2022__Zinc Influx Into Cells By SLC39 Gene Family R-HSA-442380,0.8176286243174509,1.080605548007907,0.40704738760631837,0.6894164574867071,1.0,8/10,17.71%,SLC39A1;SLC39A7;SLC39A14;SLC39A10;SLC39A6;SLC39A3;SLC39A8;SLC39A4,EC-PTC
prerank,Reactome_2022__RHOQ GTPase Cycle R-HSA-9013406,0.7539694577523459,1.0805932872359132,0.35104166666666664,0.6885053268757472,1.0,18/59,6.02%,ARHGAP5;LAMTOR1;STOM;CDC42EP1;CAV1;TRIP10;CDC42EP3;DLC1;CDC42EP4;RAB7A;VANGL1;WASL;CDC42EP2;CDC42;PKN1;JUP;VAMP3;RHOQ,EC-PTC
prerank,Reactome_2022__Regulation Of TP53 Activity Thru Phosphorylation R-HSA-6804756,0.7375836033774784,1.0803886159435914,0.3065173116089613,0.6887063867489145,1.0,45/89,18.37%,UBB;RPS27A;UBA52;CSNK2B;TAF10;RPA3;PRKAA1;PRKAB1;TAF9;UBC;TAF6;PLK3;TAF13;TP53RK;KAT5;RAD17;TP53;TP53INP1;ATM;RBBP8;SSRP1;CDK5;PRKAA2;HIPK1;MAPK14;MAPK11;MAPKAPK5;TOPBP1;STK11;RAD50;MDM2;TAF12;CDK2;RFC2;HUS1;PRKAB2;TAF5;PRKAG1;HIPK2;TAF11;RHNO1;ATRIP;TAF9B;RMI2;DYRK2,EC-PTC
prerank,Reactome_2022__GRB2:SOS Provides Linkage To MAPK Signaling For Integrins R-HSA-354194,0.8035758132467212,1.0796990131053787,0.39359267734553777,0.6917003959902761,1.0,2/15,1.62%,FN1;TLN1,EC-PTC
prerank,Reactome_2022__Anchoring Of Basal Body To Plasma Membrane R-HSA-5620912,0.7418074137052798,1.0795626434654695,0.3381294964028777,0.6915808388274276,1.0,41/96,16.17%,TUBB4B;DYNLL1;HSP90AA1;SSNA1;TUBB;YWHAE;DCTN3;RAB11A;DCTN1;DCTN2;ACTR1A;SEPTIN2;PPP2R1A;RAB8A;MAPRE1;PRKAR2B;DYNC1H1;CSNK1E;HAUS7;TUBG1;RAB3IP;TMEM216;HAUS6;CEP152;PAFAH1B1;YWHAG;PCNT;TCTN1;OFD1;CETN2;CEP57;HAUS3;CC2D2A;HAUS1;HAUS4;TUBA1A;CENPJ;CEP89;CCP110;TUBA4A;CEP76,EC-PTC
prerank,Reactome_2022__Signaling By ERBB2 In Cancer R-HSA-1227990,0.7768987745702853,1.0794672624276622,0.3610503282275711,0.6911245979263335,1.0,10/25,10.56%,CDC37;HSP90AA1;SHC1;NRAS;ERBIN;EGF;HRAS;PLCG1;PTPN12;ERBB2,EC-PTC
prerank,Reactome_2022__Regulated Proteolysis Of p75NTR R-HSA-193692,0.8035765887963215,1.0785144383957028,0.3978234582829504,0.6957207568236364,1.0,6/11,8.25%,RELA;PSENEN;APH1B;NFKB1;APH1A;PSEN2,EC-PTC
prerank,Reactome_2022__Purine Catabolism R-HSA-74259,0.7814857701758526,1.0784997077553604,0.42251950947603123,0.6948259722181245,1.0,8/16,19.35%,NUDT5;NT5C;NUDT15;ITPA;ADPRM;NUDT9;NUDT18;DNPH1,EC-PTC
prerank,Reactome_2022__Class I Peroxisomal Membrane Protein Import R-HSA-9603798,0.7842243324251106,1.0784642523187509,0.39226519337016574,0.6940562863601971,1.0,10/20,13.16%,FIS1;PEX2;ATAD1;ACBD5;PEX16;ALDH3A2;PEX19;PXMP2;PEX13;PEX26,EC-PTC
prerank,Reactome_2022__ECM Proteoglycans R-HSA-3000178,0.7537889189350732,1.0783271136597092,0.3558091286307054,0.6939327854556959,1.0,18/55,14.32%,VCAN;ITGAV;LAMC1;SPARC;TGFB1;HAPLN1;TNXB;ITGB5;DAG1;LAMA5;BGN;ITGB1;LAMB1;LRP4;ITGA2;HSPG2;AGRN;LAMA4,EC-PTC
prerank,Reactome_2022__Retinoid Metabolism And Transport R-HSA-975634,0.7582239312329071,1.0776860097253078,0.3746031746031746,0.6966628352238209,1.0,18/43,17.17%,AKR1C3;RBP1;C1D;LRP10;RDH11;AKR1C1;SDC2;GPIHBP1;LDLR;HSPG2;AGRN;LRP12;RETSAT;GPC3;SDC1;GPC5;SDC4;RBP4,EC-PTC
prerank,Reactome_2022__Physiological Factors R-HSA-5578768,0.7851347046740751,1.0772620105069695,0.41531322505800466,0.698185071346988,1.0,6/14,16.96%,KAT2B;WWTR1;HIPK1;NPR1;NPRL2;HIPK2,EC-PTC
prerank,Reactome_2022__Disorders Of Developmental Biology R-HSA-9675151,0.7999792542680803,1.0769619804830919,0.4,0.6990225594081765,1.0,8/12,13.38%,CALM1;MECP2;GPS2;TBL1XR1;HDAC1;TBL1X;SIN3A;HDAC3,EC-PTC
prerank,Reactome_2022__Transcriptional Regulation By AP-2 (TFAP2) Family Of Transcription Factors R-HSA-8864260,0.769293275249187,1.0769399022481365,0.3518324607329843,0.6981784933556975,1.0,13/36,13.16%,NPM1;SUMO1;DEK;HSPD1;UBE2I;YY1;CREBBP;EP300;CITED4;CDKN1A;ERBB2;YEATS4;CITED2,EC-PTC
prerank,Reactome_2022__p130Cas Linkage To MAPK Signaling For Integrins R-HSA-372708,0.8026528707282894,1.0763061414776385,0.4013683010262258,0.7009306466586642,1.0,5/15,7.32%,FN1;TLN1;CRK;BCAR1;RAP1A,EC-PTC
prerank,Reactome_2022__Endogenous Sterols R-HSA-211976,0.7690624940414067,1.0762321957689407,0.3893709327548807,0.7003925632890726,1.0,9/27,14.25%,AHR;FDX1;CYP51A1;MIA3;FDX2;CYP1B1;POMC;CYP27A1;ARNT2,EC-PTC
prerank,Reactome_2022__Deadenylation Of mRNA R-HSA-429947,0.7900085447992258,1.076087419291213,0.36195652173913045,0.7003306506583117,1.0,13/25,11.94%,EIF4A1;PAIP1;EIF4A2;PABPC1;EIF4E;CNOT7;EIF4A3;CNOT3;CNOT2;CNOT11;EIF4G1;CNOT8;CNOT10,EC-PTC
prerank,Reactome_2022__Initiation Of Nuclear Envelope (NE) Reformation R-HSA-2995383,0.7787490767625591,1.0760430068425682,0.4057971014492754,0.6996321092651799,1.0,11/19,12.38%,KPNB1;LBR;PPP2R1A;BANF1;PPP2CA;SIRT2;LMNA;ANKLE2;TMPO;EMD;LEMD2,EC-PTC
prerank,Reactome_2022__Plasma Lipoprotein Remodeling R-HSA-8963899,0.7640811575886085,1.0753288279143725,0.4012671594508976,0.702923640386078,1.0,4/33,4.31%,FURIN;P4HB;LMF2;CETP,EC-PTC
prerank,Reactome_2022__Interactions Of Rev With Host Cellular Proteins R-HSA-177243,0.7528611562543093,1.0752499399496938,0.3837953091684435,0.7023814691188198,1.0,22/37,16.64%,NPM1;RAN;RANBP1;KPNB1;POM121C;NUP54;XPO1;SEC13;NUP188;AAAS;NUP42;NUP43;NUP93;NUP50;NUP62;NUP107;NUP35;NUP205;NUP37;RANGAP1;SEH1L;NUP58,EC-PTC
prerank,Reactome_2022__Telomere Extension By Telomerase R-HSA-171319,0.7795510254156517,1.0738625169170106,0.39606126914660833,0.7094892397571545,1.0,7/23,6.36%,NOP10;TERF2IP;NHP2;TERF1;PPP6C;TINF2;DKC1,EC-PTC
prerank,Reactome_2022__Purine Salvage R-HSA-74217,0.7966932540868052,1.0736761781495376,0.42105263157894735,0.7095755697070109,1.0,7/13,9.96%,DGUOK;APRT;DCK;GMPR2;GMPR;AMPD2;HPRT1,EC-PTC
prerank,Reactome_2022__Signaling By FGFR1 R-HSA-5654736,0.7579656519827819,1.0736485424992206,0.37086776859504134,0.7088017951342427,1.0,13/49,9.25%,UBB;RPS27A;UBA52;PPP2CB;SPRY2;PPP2R1A;UBC;PPP2CA;SHC1;PTPN11;NRAS;HRAS;PLCG1,EC-PTC
prerank,Reactome_2022__Signaling By NODAL R-HSA-1181150,0.7837269672984375,1.073620374719271,0.4,0.7079701599177212,1.0,2/21,0.88%,DRAP1;FURIN,EC-PTC
prerank,Reactome_2022__Signaling To ERKs R-HSA-187687,0.7641852999095472,1.0734916947857391,0.38542766631467795,0.7077258000411226,1.0,19/33,15.44%,MAP2K2;CRK;RALB;MAPKAPK2;YWHAB;SHC1;MAP2K1;RAP1A;NRAS;HRAS;MAPK12;KIDINS220;MAPK14;MAPK11;RALGDS;RALA;MAPK3;GRB2;MAPKAPK3,EC-PTC
prerank,Reactome_2022__Oncogenic MAPK Signaling R-HSA-6802957,0.7516936937584404,1.0731823134422565,0.3391393442622951,0.7085165112782528,1.0,27/77,13.03%,FN1;PEBP1;DUSP6;TLN1;PPP1CB;CALM1;MAP2K2;KIAA1549;AGGF1;YWHAB;FXR1;LMNA;MAP2K1;RAP1A;AGTRAP;TRAK1;CSK;NRAS;HRAS;MAP3K11;PPP1CC;VCL;ARRB1;DUSP7;DUSP8;DUSP9;ZC3HAV1,EC-PTC
prerank,Reactome_2022__RHO GTPase Effectors R-HSA-195258,0.7326986353974216,1.0729962312202863,0.21285140562248997,0.7086220852184879,1.0,58/237,8.14%,MYL6;RNASE1;MYL12B;PFN1;RPS27;KTN1;DYNLL1;BRK1;RHOC;ARPC2;ARPC3;PPP1CB;BUB3;YWHAQ;CALM1;ARPC1A;ARPC5;ARPC1B;YWHAE;ROCK2;ACTR2;REXO2;NUDC;RHOA;WASL;MYL9;PPP2CB;RHOG;FLNA;RHOB;CDC42;CTTN;FMNL3;KIF5B;SKA2;PPP2R1A;PKN1;PPP2CA;DVL3;DAAM1;YWHAB;DYNC1LI2;XPO1;MAPRE1;RHOQ;TAX1BP3;DYNC1H1;CLIP1;NDEL1;YWHAH;PPP1R14A;SEC13;ROCK1;YWHAZ;MYH10;CYFIP2;PFN2;VPS72,EC-PTC
prerank,Reactome_2022__Amino Acid Transport Across Plasma Membrane R-HSA-352230,0.7624383390976994,1.0721404861235813,0.3855291576673866,0.7124528530490393,1.0,2/33,1.47%,SLC38A2;SLC3A2,EC-PTC
prerank,Reactome_2022__SUMOylation Of DNA Replication Proteins R-HSA-4615885,0.7493890541388383,1.071720906255464,0.3903966597077244,0.713809858852425,1.0,23/45,16.64%,SUMO2;SUMO1;TOP1;UBE2I;POM121C;PCNA;NUP54;SEC13;NUP188;AAAS;NUP42;NUP43;NUP93;NUP50;NUP62;NUP107;TOP2B;NUP35;NUP205;NUP37;RANGAP1;SEH1L;NUP58,EC-PTC
prerank,Reactome_2022__Amine Ligand-Binding Receptors R-HSA-375280,-0.551719311854636,-1.0713933061589194,0.38636363636363635,1.0,1.0,4/40,9.99%,CHRM3;ADRA2B;GPR143;CHRM5,EC-PTC
prerank,Reactome_2022__RHOD GTPase Cycle R-HSA-9013405,0.7466215578230535,1.0709471789350498,0.37289915966386555,0.7172772170781558,1.0,20/51,10.66%,ARHGAP5;ACTN1;HINT2;LMAN1;CAV1;RAB7A;VANGL1;LBR;VAMP3;PGRMC2;ARHGAP12;CAPZB;TMPO;ESYT1;AKAP12;DIAPH1;TOR1AIP1;MCAM;ARHGAP1;EMD,EC-PTC
prerank,Reactome_2022__Signaling By ERBB2 KD Mutants R-HSA-9664565,0.7736006692882236,1.0707291362925024,0.38199780461031835,0.7175810121674923,1.0,9/24,10.56%,CDC37;HSP90AA1;SHC1;NRAS;ERBIN;EGF;HRAS;PLCG1;ERBB2,EC-PTC
prerank,Reactome_2022__Gene Silencing By RNA R-HSA-211000,0.7430238749903055,1.0701346125703284,0.3569230769230769,0.7200078030883683,1.0,38/79,16.64%,RAN;POLR2J;POLR2L;POLR2F;POLR2K;POLR2H;HSP90AA1;POLR2C;POLR2I;POM121C;POLR2E;PRKRA;NUP54;TSNAX;TSN;SEC13;NUP188;AAAS;POLR2A;NUP42;POLR2D;NUP43;NUP93;POLR2B;AGO2;POLR2G;NUP50;NUP62;NUP107;AGO1;ELAC2;NUP35;NUP205;NUP37;SEH1L;XPO5;ANG;NUP58,EC-PTC
prerank,"Reactome_2022__Cobalamin (Cbl, Vitamin B12) Transport And Metabolism R-HSA-196741",0.7767392224037922,1.0695454648604672,0.411635565312843,0.7223884337845371,1.0,9/21,16.52%,LMBRD1;ABCC1;TCN2;ABCD4;MMADHC;CD320;MMUT;MTR;MMAB,EC-PTC
prerank,Reactome_2022__Defects In Cobalamin (B12) Metabolism R-HSA-3296469,0.7911687279933588,1.0688422232403627,0.44277456647398844,0.7253670953407054,1.0,8/13,16.52%,LMBRD1;TCN2;ABCD4;MMADHC;CD320;MMUT;MTR;MMAB,EC-PTC
prerank,Reactome_2022__Signaling By TGF-beta Receptor Complex R-HSA-170834,0.7401607127553333,1.0684470783359652,0.35096642929806715,0.7266798557809335,1.0,36/91,12.00%,UBB;RPS27A;NEDD8;YBX1;UBA52;FURIN;FKBP1A;STAT1;ITGAV;PPP1CB;UBE2M;UBE2D3;TGFB1;E2F4;LTBP3;STUB1;RHOA;SNW1;UBC;XPO1;TGIF1;ITGB5;EP300;PPP1R15A;SRFBP1;PPP1CA;HDAC1;CCNK;PPP1CC;UBE2D1;CCNT1;ITGB8;ITGB1;PARP1;WWTR1;CCNC,EC-PTC
prerank,Reactome_2022__HATs Acetylate Histones R-HSA-3214847,0.7458408302842592,1.0683712894556778,0.36597938144329895,0.7261086774197126,1.0,40/77,14.15%,ENY2;KDELR2;USP22;RBBP7;MORF4L2;TADA3;TAF10;HAT1;ELP5;KAT2B;MORF4L1;CREBBP;TAF9;MRGBP;EP300;KAT5;VPS72;KAT7;MBIP;MCRS1;BRD8;MSL3;ELP2;MSL1;DR1;ATXN7L3;TRRAP;RUVBL2;YEATS4;DMAP1;KANSL2;ING5;HCFC1;BRPF3;ACTL6A;SUPT7L;ELP6;KAT8;MEAF6;TADA2B,EC-PTC
prerank,Reactome_2022__GAG Synthesis Requires Tetrasaccharide Linker Sequence R-HSA-1971475,0.7639777120749377,1.0681354412520012,0.4282608695652174,0.7264723392272147,1.0,13/26,16.16%,VCAN;B3GAT3;B3GALT6;B4GALT7;BGN;SDC2;HSPG2;XYLT1;AGRN;GPC3;SDC1;GPC5;SDC4,EC-PTC
prerank,Reactome_2022__Mitotic Spindle Checkpoint R-HSA-69618,0.7374531140353598,1.0676044296214457,0.3461928934010152,0.7284201361270781,1.0,38/108,14.19%,RPS27;DYNLL1;ANAPC16;ANAPC11;BUB3;CDC26;NUDC;PPP2CB;SKA2;PPP2R1A;ANAPC10;PPP2CA;DYNC1LI2;XPO1;MAPRE1;DYNC1H1;CDC16;CLIP1;NDEL1;SEC13;UBE2E1;ANAPC15;PPP1CC;UBE2S;UBE2D1;ANAPC7;PAFAH1B1;PPP2R5B;CENPQ;NUP43;CDC27;MIS12;CDC23;SPDL1;KIF2A;ITGB3BP;NUP107;DYNLL2,EC-PTC
prerank,Reactome_2022__P75 NTR Receptor-Mediated Signaling R-HSA-193704,0.7359600652919098,1.0670141789985297,0.34689725330620547,0.7307727289487491,1.0,26/95,8.39%,RNASE1;UBB;RPS27A;UBA52;BEX3;SQSTM1;RTN4;NFKBIA;ARHGDIA;YWHAE;IKBKB;ARHGEF15;RHOA;BAD;RELA;HDAC2;UBC;PSENEN;ARHGEF2;APH1B;IRAK1;NFKB1;APH1A;PSEN2;CASP3;ARHGEF40,EC-PTC
prerank,MSigDB_Hallmark_2020__Bile Acid Metabolism,0.7348617689882235,1.0661276213114717,0.3488372093023256,0.5674648358774189,1.0,37/112,15.63%,PRDX5;SOD1;OPTN;SCP2;SLC23A2;RBP1;IDH2;CAT;IDI1;NEDD4;GSTK1;SLC35B2;IDH1;LIPE;PEX16;GCLM;HSD17B4;PEX19;SLC29A1;PFKM;AMACR;PXMP2;DHCR24;PEX13;EPHX2;ABCA3;ALDH1A1;PEX26;ACSL5;ACSL1;CYP27A1;ABCA2;FADS1;RETSAT;ISOC1;PHYH;SLC27A5,EC-PTC
prerank,Reactome_2022__Defective C1GALT1C1 Causes TNPS R-HSA-5083632,0.7779326850008984,1.065878720487965,0.42920353982300885,0.7361603796526307,1.0,4/18,15.88%,MUC15;MUC1;C1GALT1C1;MUC20,EC-PTC
prerank,Reactome_2022__Pentose Phosphate Pathway R-HSA-71336,0.7911971207414084,1.0657883697561086,0.4275782155272306,0.7356625786555039,1.0,11/14,19.24%,TALDO1;DERA;UBL4A;PGLS;PRPS2;TKT;PGM2;PHGDH;RPIA;RPE;SHPK,EC-PTC
prerank,Reactome_2022__RHOBTB2 GTPase Cycle R-HSA-9013418,0.7679825226510382,1.0655531924046973,0.4459016393442623,0.7359718215286786,1.0,13/23,10.96%,CDC37;ACTN1;TXNL1;HSP90AA1;RBMX;SRRM1;TWF1;CCT6A;CCT7;DDX39B;TRA2B;HSP90AB1;CCT2,EC-PTC
prerank,Reactome_2022__RNA Polymerase I Transcription Termination R-HSA-73863,0.7649622346578782,1.0655239122842424,0.42459893048128344,0.7351415275178752,1.0,9/27,10.15%,POLR2L;POLR2F;POLR2K;POLR2H;GTF2H5;POLR2E;POLR1D;TAF1C;GTF2H1,EC-PTC
prerank,Reactome_2022__PCNA-Dependent Long Patch Base Excision Repair R-HSA-5651801,0.7690987420643252,1.065422992977838,0.4161979752530934,0.7346777007617263,1.0,12/21,18.22%,POLE4;APEX1;RPA3;PCNA;POLD4;POLD2;POLE3;POLD1;POLG2;RFC2;LRIG1;POLE,EC-PTC
prerank,Reactome_2022__RAF Activation R-HSA-5673000,0.7593105773997917,1.06535629570886,0.42105263157894735,0.7340374214342184,1.0,13/31,11.46%,PPP1CB;CALM1;MAP2K2;PPP2CB;PPP2R1A;PPP2CA;YWHAB;MAP2K1;NRAS;HRAS;MAP3K11;PPP1CC;PPP2R5B,EC-PTC
prerank,Reactome_2022__RUNX3 Regulates p14-ARF R-HSA-8951936,0.8029250038149308,1.064981461878146,0.4502994011976048,0.7351735016938737,1.0,4/10,8.09%,BRD2;TGFB1;EP300;NRAS,EC-PTC
prerank,Reactome_2022__Retrograde Neurotrophin Signaling R-HSA-177504,0.7844036388606331,1.063804908030839,0.44673539518900346,0.7407551544620019,1.0,5/14,4.78%,CLTA;AP2M1;AP2S1;CLTC;DNM2,EC-PTC
prerank,Reactome_2022__Visual Phototransduction R-HSA-2187338,0.7308519328095034,1.0634348285016086,0.37321063394683024,0.7418017358519443,1.0,25/96,16.44%,RNF7;CALM1;DHRS3;AKR1C3;RBP1;C1D;METAP2;NMT1;LRP10;RDH11;AKR1C1;SDC2;GPIHBP1;FNTA;LDLR;HSPG2;AGRN;LRP12;RETSAT;NAPEPLD;GPC3;SDC1;GPC5;SDC4;RDH5,EC-PTC
prerank,Reactome_2022__SUMOylation Of SUMOylation Proteins R-HSA-4085377,0.7458840036443294,1.0630527056698145,0.42526315789473684,0.7429504566754827,1.0,20/35,16.64%,SUMO2;SUMO1;UBE2I;POM121C;NUP54;SEC13;NUP188;AAAS;NUP42;NUP43;NUP93;TOPORS;NUP50;NUP62;NUP107;NUP35;NUP205;NUP37;SEH1L;NUP58,EC-PTC
prerank,Reactome_2022__Signaling By Retinoic Acid R-HSA-5362517,0.7474285042728845,1.0628923575218618,0.44339622641509435,0.7428218963021442,1.0,18/41,16.44%,DHRS3;AKR1C3;PDHB;CYP26B1;RARG;RDH11;RDH14;PDHA1;DHRS4;RARA;RXRB;RARB;PDHX;ALDH1A1;DLAT;PDK2;PPARD;RDH5,EC-PTC
prerank,Reactome_2022__NOD1/2 Signaling Pathway R-HSA-168638,0.755751969069205,1.0626001959081253,0.42902881536819637,0.743350588253467,1.0,15/33,14.63%,IKBKB;AAMP;UBE2N;UBE2V1;BIRC2;CASP4;IRAK1;CYLD;IKBKG;CASP1;MAPK12;MAPK14;MAPK11;CASP2;MAP3K7,EC-PTC
prerank,Reactome_2022__Resolution Of Abasic Sites (AP Sites) R-HSA-73933,0.7502152333916373,1.0623692032590035,0.422008547008547,0.7436523146588628,1.0,17/37,15.91%,POLE4;APEX1;RPA3;PCNA;MBD4;MPG;POLD4;POLD2;NTHL1;POLE3;PARP1;XRCC1;POLD1;POLG2;UNG;PNKP;RFC2,EC-PTC
prerank,Reactome_2022__Sodium/Calcium Exchangers R-HSA-425561,0.8033252088226427,1.0622804232453567,0.4316546762589928,0.7431387542871128,1.0,2/10,1.92%,SRI;CALM1,EC-PTC
prerank,Reactome_2022__TP53 Regulates Transcription Of Genes Involved In Cytochrome C Release R-HSA-6803204,0.770085010457375,1.0619393376371329,0.4321550741163056,0.7439639354514335,1.0,10/20,10.23%,PRELID1;BNIP3L;PMAIP1;CREBBP;BAX;BBC3;TP53;TP53INP1;ATM;BID,EC-PTC
prerank,Reactome_2022__COPI-dependent Golgi-to-ER Retrograde Traffic R-HSA-6811434,0.7354128900270501,1.0615130222212932,0.4067622950819672,0.745318420479084,1.0,30/78,13.95%,COPE;KDELR1;KDELR2;ARF4;SURF4;TMED9;COPB1;TMED2;RAB1B;SEC22B;TMED7;COPZ1;KIF5B;KIF1C;ARFGAP3;UBE2Z;ARFGAP2;COPB2;KIF12;ARF3;KIF13B;TMED3;ARCN1;PTGES2;COPA;NAPG;ARFGAP1;KIF9;KIF2A;ARF5,EC-PTC
prerank,"Reactome_2022__PTK6 Regulates RHO GTPases, RAS GTPase And MAP Kinases R-HSA-8849471",0.7802464905756196,1.0613623370624337,0.45930232558139533,0.745157643294322,1.0,6/13,8.51%,RNASE1;CRK;RHOA;BCAR1;NRAS;HRAS,EC-PTC
prerank,Reactome_2022__SUMOylation Of Transcription Factors R-HSA-3232118,0.772160179672659,1.0609039949344636,0.422271223814774,0.7466681648944341,1.0,6/19,10.90%,SUMO2;SUMO1;UBE2I;TP53;MTA1;TP53BP1,EC-PTC
prerank,Reactome_2022__Signaling By PDGF R-HSA-186797,0.7431985850852241,1.0608650067507375,0.4207818930041152,0.745892046588157,1.0,25/52,17.27%,FURIN;STAT1;COL6A3;CRK;COL4A2;BCAR1;COL6A1;PTPN11;NRAS;HRAS;STAT6;PLCG1;COL6A2;PTPN12;CXXC1;NCK1;COL4A4;THBS3;GRB2;PDGFRA;COL4A5;GRB7;COL4A3;THBS1;PDGFA,EC-PTC
prerank,Reactome_2022__Keratinization R-HSA-6805567,0.7232170395397162,1.060598609218401,0.28313253012048195,0.7464097202766632,1.0,11/206,12.12%,KRT10;FURIN;CAPNS1;JUP;KAZN;KRT18;KRT19;PERP;RCAN1;PRSS8;KRT8,EC-PTC
prerank,Reactome_2022__G Beta:Gamma Signaling Thru PI3Kgamma R-HSA-392451,0.7595928187736816,1.0598494033611126,0.44,0.7494366905504858,1.0,10/25,12.23%,GNG11;GNG5;GNG10;RHOA;GNG12;GNB2;GNG2;AKT2;AKT1;GNG7,EC-PTC
prerank,Reactome_2022__Synthesis Of Substrates In N-glycan Biosythesis R-HSA-446219,0.741106449558716,1.0597341544599217,0.40334378265412746,0.7490554600805246,1.0,25/62,14.05%,ST8SIA6;NUDT14;DPM3;CTSA;ST6GAL1;DPM2;SLC17A5;NANS;ALG5;NAGK;ST3GAL6;NUS1;SLC35A1;UAP1;EGFL7;GFPT1;ST6GALNAC6;GNPNAT1;PGM3;CMAS;ST6GALNAC4;GLB1;DOLK;SRD5A3;GNE,EC-PTC
prerank,Reactome_2022__Activation Of AP-1 Family Of Transcription Factors R-HSA-450341,0.802381608344681,1.059627837081043,0.43796526054590573,0.748633160725672,1.0,7/10,15.04%,JUN;FOS;MAPK14;MAPK9;MAPK11;MAPK3;MAPK10,EC-PTC
prerank,MSigDB_Hallmark_2020__Myc Targets V2,0.7470847401907148,1.0594885236192577,0.40186915887850466,0.5933958815645182,1.0,29/58,16.20%,NPM1;HSPE1;CBX3;SRM;CDK4;HSPD1;PHB;PA2G4;DCTPP1;FARSA;WDR74;NOP56;NDUFAF4;TCOF1;NOLC1;MCM5;PES1;TBRG4;MYBBP1A;NIP7;GNL3;TFB2M;UNG;SUPV3L1;GRWD1;WDR43;RABEPK;MPHOSPH10;IMP4,EC-PTC
prerank,Reactome_2022__Mitotic Prometaphase R-HSA-68877,0.7204279438660657,1.0593753454705437,0.33969849246231154,0.7489682982142604,1.0,69/183,15.93%,RPS27;TUBB4B;MZT2B;DYNLL1;BUB3;CSNK2B;HSP90AA1;SSNA1;TUBB;YWHAE;DCTN3;SMC3;DCTN1;NUDC;PPP2CB;DCTN2;ACTR1A;MZT2A;SKA2;PPP2R1A;MZT1;PPP2CA;DYNC1LI2;XPO1;MAPRE1;SMC1A;PRKAR2B;DYNC1H1;CSNK1E;RAD21;CLIP1;NDEL1;HAUS7;TUBG1;SEC13;TUBGCP2;PPP1CC;HAUS6;CEP152;RAB33B;PAFAH1B1;YWHAG;PPP2R5B;PCNT;SMC4;CENPQ;NUP43;MIS12;NUMA1;OFD1;CETN2;CEP57;SPDL1;HAUS3;HAUS1;KIF2A;ITGB3BP;HAUS4;NUP107;TUBA1A;DYNLL2;TUBGCP5;CENPJ;NCAPD2;CCP110;NUP37;RANGAP1;TUBA4A;SEH1L,EC-PTC
prerank,Reactome_2022__Death Receptor Signaling R-HSA-73887,0.725130337660857,1.0591180107331082,0.3674698795180723,0.7494027243542019,1.0,39/139,9.04%,RNASE1;UBB;RPS27A;UBA52;BEX3;RACK1;TNFSF10;SQSTM1;RTN4;NFKBIA;ARHGDIA;YWHAE;IKBKB;ARHGEF15;RHOA;TANK;BAD;RBCK1;RELA;HDAC2;UBC;SPPL2A;PSENEN;BIRC2;ARHGEF2;APH1B;IRAK1;TNFRSF10D;TAX1BP1;CYLD;NFKB1;SHARPIN;APH1A;PSEN2;CASP3;ARHGEF40;MADD;IKBKG;HDAC1,EC-PTC
prerank,Reactome_2022__Activation Of PPARGC1A (PGC-1alpha) By Phosphorylation R-HSA-2151209,0.797834778282912,1.058951256016,0.42961165048543687,0.7493777281831299,1.0,8/10,16.75%,PRKAB1;PRKAA2;MAPK12;MAPK14;MAPK11;PPARGC1A;PRKAB2;PRKAG1,EC-PTC
prerank,Reactome_2022__DNA Damage/Telomere Stress Induced Senescence R-HSA-2559586,0.7540150156561862,1.0587042863877711,0.4351063829787234,0.7497065218417036,1.0,14/28,15.83%,TERF2IP;TERF1;TINF2;KAT5;TP53;ATM;CDKN1A;HMGA1;HIRA;CABIN1;RAD50;ACD;UBN1;CDK2,EC-PTC
prerank,Reactome_2022__Listeria Monocytogenes Entry Into Host Cells R-HSA-8876384,0.7775082403899364,1.0586233408460592,0.43770672546857775,0.7491607397660336,1.0,5/19,4.96%,UBB;RPS27A;UBA52;RNMT;UBC,EC-PTC
prerank,Reactome_2022__tRNA Processing In Nucleus R-HSA-6784531,0.7356613385592068,1.0584345750379482,0.420997920997921,0.749184634211481,1.0,32/57,17.18%,RAN;RTRAF;RPP21;POP7;TSEN34;POM121C;NUP54;RPP30;SEC13;NUP188;AAAS;ZBTB8OS;NUP42;DDX1;TRNT1;NUP43;NUP93;RTCB;TSEN15;NUP50;NUP62;NUP107;TSEN54;ELAC2;NUP35;RPP14;NUP205;NUP37;SEH1L;CPSF1;NUP58;XPOT,EC-PTC
prerank,Reactome_2022__G-protein Beta:Gamma Signaling R-HSA-397795,0.7507454343065172,1.0580993896290372,0.43251859723698194,0.7499010409537037,1.0,12/32,12.23%,GNG11;GNG5;GNG10;RHOA;CDC42;GNG12;PKN1;GNB2;GNG2;AKT2;AKT1;GNG7,EC-PTC
prerank,Reactome_2022__Activation Of GABAB Receptors R-HSA-991365,0.7461336560194058,1.0580836544901902,0.4408033826638478,0.7490119756751665,1.0,8/42,9.98%,GNG11;GNG5;GNG10;GNG12;GNB2;GNG2;KCNJ16;GNAI1,EC-PTC
prerank,Reactome_2022__Downregulation Of TGF-beta Receptor Signaling R-HSA-2173788,0.7619188418413052,1.0574721223706114,0.47058823529411764,0.7512585097484725,1.0,12/26,9.51%,UBB;RPS27A;UBA52;PPP1CB;TGFB1;STUB1;UBC;XPO1;PPP1R15A;SRFBP1;PPP1CA;PPP1CC,EC-PTC
prerank,Reactome_2022__Signaling By TGFB Family Members R-HSA-9006936,0.7288030416180474,1.0573287689577817,0.3609706774519717,0.7510303940311118,1.0,43/119,12.00%,UBB;RPS27A;NEDD8;YBX1;UBA52;DRAP1;FURIN;FKBP1A;STAT1;ITGAV;PPP1CB;SMAD1;UBE2M;UBE2D3;TGFB1;E2F4;LTBP3;STUB1;RHOA;SNW1;UBC;ACVRL1;XPO1;TGIF1;ITGB5;EP300;PPP1R15A;ZFYVE16;SRFBP1;PPP1CA;HDAC1;CCNK;ACVR1B;PPP1CC;SMAD5;UBE2D1;CCNT1;ITGB8;ITGB1;PARP1;WWTR1;BMP2;CCNC,EC-PTC
prerank,Reactome_2022__Diseases Associated With Visual Transduction R-HSA-2474795,0.7802281149108432,1.0567098066703835,0.4690781796966161,0.7533152953008342,1.0,4/13,17.17%,RBP1;NAPEPLD;RDH5;RBP4,EC-PTC
prerank,MSigDB_Hallmark_2020__Estrogen Response Late,0.7160182132826456,1.0565398229242888,0.36108324974924777,0.5925966687236571,1.0,66/200,13.96%,FABP5;COX6C;NPY1R;ITPK1;BAG1;TFPI2;CD9;MDK;ETFB;ARL3;ZFP36;CAV1;CA2;FOS;MOCS2;CYP26B1;BLVRB;EMP2;TPD52L1;DCXR;CKB;IDH2;WFS1;AMFR;IGFBP4;XBP1;IMPA2;FKBP4;PRKAR2B;PDCD4;NXT1;FOXC1;PTGES;KRT19;FAM102A;TSPAN13;TOB1;SGK1;ALDH3A2;PERP;FDFT1;PTGER3;SLC26A2;RBBP8;HPRT1;SLC29A1;ABHD2;UNC13B;SLC16A1;CA12;SERPINA1;LLGL2;BCL2;SCNN1A;RABEP1;PDZK1;ELOVL5;ABCA3;DYNLT3;UGDH;SEMA3B;PTPN6;ST14;TST;CDH1;CHPT1,EC-PTC
prerank,Reactome_2022__Condensation Of Prometaphase Chromosomes R-HSA-2514853,0.7889511618096797,1.0557479751361813,0.45869297163995065,0.7573164817835292,1.0,4/10,14.71%,CSNK2B;RAB33B;SMC4;NCAPD2,EC-PTC
prerank,Reactome_2022__Association Of TriC/CCT With Target Proteins During Biosynthesis R-HSA-390471,0.7396656182769799,1.0557006310765327,0.4353312302839117,0.75660237255652,1.0,21/37,11.83%,KIFC3;CCT5;CCT3;TCP1;FBXW5;CCT8;CCT6A;CCT7;USP11;DCAF7;FBXL5;FBXW2;FKBP9;CCT4;FBXL3;TP53;NOP56;CCT2;XRN2;AP3M1;ARFGEF2,EC-PTC
prerank,Reactome_2022__Receptor Mediated Mitophagy R-HSA-8934903,0.7967337291496124,1.0555708380729798,0.4684796044499382,0.7563045580060591,1.0,6/10,13.08%,MAP1LC3B;CSNK2B;MAP1LC3A;ULK1;ATG5;PGAM5,EC-PTC
prerank,Reactome_2022__Tandem Pore Domain Potassium Channels R-HSA-1296346,0.7772284985854794,1.0551732964610743,0.46785714285714286,0.7573557201895357,1.0,1/12,5.24%,KCNK6,EC-PTC
prerank,Reactome_2022__Tie2 Signaling R-HSA-210993,0.7691662377217461,1.0548917216539715,0.4618834080717489,0.7577821096564539,1.0,5/17,8.51%,ANGPT2;SHC1;PTPN11;NRAS;HRAS,EC-PTC
prerank,Reactome_2022__Signaling To RAS R-HSA-167044,0.7665122930475187,1.0539581537048388,0.46511627906976744,0.7616747655299433,1.0,12/19,15.44%,RALB;MAPKAPK2;SHC1;NRAS;HRAS;MAPK12;MAPK14;MAPK11;RALGDS;RALA;GRB2;MAPKAPK3,EC-PTC
prerank,Reactome_2022__Peroxisomal Lipid Metabolism R-HSA-390918,0.7540402125729383,1.0537984425292775,0.44130434782608696,0.7615032068658427,1.0,13/29,16.05%,ACAA1;ACBD5;ECI2;ALDH3A2;HSD17B4;NUDT19;AMACR;ACOX1;ACBD4;ACOT8;PHYH;ACOX3;CRAT,EC-PTC
prerank,MSigDB_Hallmark_2020__Pancreas Beta Cells,0.7440008896051701,1.0536938542801422,0.4433862433862434,0.5920695239835913,1.0,5/40,2.81%,SRP14;LMO2;SRP9;SEC11A;SPCS1,EC-PTC
prerank,Reactome_2022__NOTCH4 Activation And Transmission Of Signal To Nucleus R-HSA-9013700,0.7886596696196733,1.0530677003590532,0.44565217391304346,0.7642953415838835,1.0,8/11,12.96%,PSENEN;APH1B;YWHAZ;APH1A;PSEN2;JAG1;DLL4;NOTCH4,EC-PTC
prerank,Reactome_2022__Alpha-Linolenic (Omega3) And Linoleic (Omega6) Acid Metabolism R-HSA-2046104,0.7781419621718471,1.0525470572767197,0.4630484988452656,0.7659589439506872,1.0,7/13,14.92%,ACAA1;ELOVL1;HSD17B4;ACOX1;ELOVL5;ACSL1;ACOT8,EC-PTC
prerank,Reactome_2022__CREB1 Phosphorylation Thru Activation Of Adenylate Cyclase R-HSA-442720,0.7793255239590822,1.0521659047351322,0.4804270462633452,0.7668826687710214,1.0,4/12,6.18%,CALM1;PRKAR1A;CREB1;PRKAR2B,EC-PTC
prerank,Reactome_2022__Export Of Viral Ribonucleoproteins From Nucleus R-HSA-168274,0.739834988679548,1.052077780912152,0.4519230769230769,0.7663399639761244,1.0,21/36,16.64%,RAN;HSPA1A;POM121C;NUP54;XPO1;SEC13;NUP188;AAAS;NUP42;BLOC1S6;NUP43;NUP93;GNL3;NUP50;NUP62;NUP107;NUP35;NUP205;NUP37;SEH1L;NUP58,EC-PTC
prerank,Reactome_2022__ESR-mediated Signaling R-HSA-8939211,0.7205559787938867,1.0518796486514326,0.3801404212637914,0.7663729856200898,1.0,73/159,13.57%,GNG11;GNG5;CTSD;POLR2J;JUN;POLR2L;POLR2F;POLR2K;POLR2H;GTF2A2;PRMT1;CALM1;JUND;CAV1;HSP90AA1;POLR2C;FOS;GNG10;SMC3;POLR2I;CAV2;NCOA3;KAT2B;YY1;CREB1;GNG12;GTF2A1;MBD4;CREBBP;POLR2E;FKBP4;XPO1;SHC1;PTGES3;SMC1A;CXXC5;KDM4B;EP300;ZDHHC7;RAD21;KANK1;STRN;GNB2;KAT5;POLR2A;EBAG9;NRAS;USF2;GNG2;EGF;HRAS;HDAC1;MOV10;KPNA2;GNAI1;POLR2D;HSP90AB1;AKT2;CCNT1;PPID;KDM1A;UHMK1;TLE3;BCL2;FOSB;AKT1;GNG7;POLR2B;CBFB;AGO2;FOXO3;NR5A2;POLR2G,EC-PTC
prerank,Reactome_2022__Prolonged ERK Activation Events R-HSA-169893,0.7744483847603119,1.0514456095733218,0.4601366742596811,0.7675649732602842,1.0,7/14,14.37%,MAP2K2;CRK;YWHAB;MAP2K1;RAP1A;KIDINS220;MAPK3,EC-PTC
prerank,"Reactome_2022__Tristetraprolin (TTP, ZFP36) Binds And Destabilizes mRNA R-HSA-450513",0.7725451752248567,1.051339113056881,0.4610983981693364,0.7671233335038282,1.0,12/17,16.65%,ZFP36;EXOSC6;MAPKAPK2;EXOSC8;YWHAB;EXOSC7;DIS3;EXOSC4;EXOSC9;TNPO1;EXOSC1;EXOSC3,EC-PTC
prerank,MSigDB_Hallmark_2020__Apoptosis,0.719593945599633,1.0511618442079051,0.3710819009100101,0.5882204523608203,1.0,70/159,11.85%,GPX4;TIMP1;SOD1;VDAC2;GSN;TSPO;LGALS3;HSPB1;JUN;TNFSF10;SQSTM1;BNIP3L;DAP;BCAP31;CAV1;SAT1;IFITM3;SATB1;TIMP2;DNAJA1;PEA15;ANKH;IRF1;ANXA1;HMGB2;DDIT3;PMAIP1;RHOB;RELA;CREBBP;ETF1;TAP1;BCL2L1;BAX;CASP4;MGMT;SOD2;NEDD9;GADD45B;IGFBP6;F2R;LMNA;MCL1;PDCD4;KRT18;IGF2R;TNFRSF12A;SC5D;PPT1;ROCK1;CYLD;PSEN2;CASP3;BCL10;MADD;CASP1;RARA;BGN;TGFBR3;EBP;BID;CDKN1A;ERBB2;GPX3;CASP7;PPP3R1;BMF;PPP2R5B;BMP2;DNAJC3,EC-PTC
prerank,Reactome_2022__Insulin Receptor Signaling Cascade R-HSA-74751,-0.5263783600011168,-1.0511200598267274,0.3684210526315789,1.0,1.0,15/53,6.01%,GRB10;INSR;FGFR1;PIK3C3;SOS1;GAB2;KL;THEM4;PIGU;FGF18;PDPK1;PDE3B;FRS2;MAPK1;PIK3CA,EC-PTC
prerank,Reactome_2022__Fatty acyl-CoA Biosynthesis R-HSA-75105,0.744562862032194,1.050949525105188,0.4674250258531541,0.7682325930284508,1.0,15/37,14.52%,TECR;HACD3;ACSL3;HACD2;SLC25A1;HSD17B12;PPT1;HACD4;HACD1;ACLY;ELOVL1;ELOVL5;ACSL5;ACSL1;ACSF3,EC-PTC
prerank,Reactome_2022__Nuclear Import Of Rev Protein R-HSA-180746,0.7393894783002006,1.0508321072747862,0.44694533762057875,0.767834476994517,1.0,19/34,16.64%,NPM1;RAN;KPNB1;POM121C;NUP54;SEC13;NUP188;AAAS;NUP42;NUP43;NUP93;NUP50;NUP62;NUP107;NUP35;NUP205;NUP37;SEH1L;NUP58,EC-PTC
prerank,Reactome_2022__MECP2 Regulates Neuronal Receptors And Channels R-HSA-9022699,0.7672113803335383,1.0507975895946164,0.4745575221238938,0.7670237536690798,1.0,9/18,13.29%,RNMT;HDAC2;CREB1;MECP2;NOTCH1;SLC2A3;HDAC1;PTPN1;SIN3A,EC-PTC
prerank,Reactome_2022__Synthesis Of IP3 And IP4 In Cytosol R-HSA-1855204,0.7523321355906685,1.0507761847734625,0.4665203073545554,0.7661601831017125,1.0,7/26,9.40%,ITPK1;CALM1;PTEN;ITPKB;INPPL1;PLCG1;OCRL,EC-PTC
prerank,Reactome_2022__Cytosolic Iron-Sulfur Cluster Assembly R-HSA-2564830,0.7800036991855261,1.0505697801778031,0.4850657108721625,0.7662022788583716,1.0,7/12,15.84%,CIAO2B;NUBP2;MMS19;CIAO1;ABCB7;POLD1;CIAO3,EC-PTC
prerank,Reactome_2022__NS1 Mediated Effects On Host Pathways R-HSA-168276,0.7394195552819495,1.0500098363947648,0.4520255863539446,0.7680802301651001,1.0,25/42,16.64%,EIF2AK2;ISG15;KPNB1;POM121C;KPNA1;NUP54;SEC13;NUP188;AAAS;NUP42;KPNA2;KPNA4;NUP43;NUP93;PABPN1;GNL3;KPNA5;NUP50;NUP62;NUP107;NUP35;NUP205;NUP37;SEH1L;NUP58,EC-PTC
prerank,Reactome_2022__Intraflagellar Transport R-HSA-5620924,0.7393016235926466,1.0498916719160123,0.4579741379310345,0.7676757071747624,1.0,19/36,17.81%,DYNLRB1;DYNLL1;HSPB11;IFT57;TRIP11;KIF17;IFT20;IFT43;TTC21B;IFT74;IFT22;TNPO1;DYNLL2;IFT52;TRAF3IP1;DYNC2LI1;WDR35;IFT46;WDR19,EC-PTC
prerank,Reactome_2022__Thromboxane Signaling Thru TP Receptor R-HSA-428930,0.7541256973005462,1.0498561688939485,0.44529540481400437,0.7668807077796134,1.0,9/24,8.30%,GNG11;GNG5;GNG10;AAMP;GNG12;GNA14;GNA11;GNB2;GNG2,EC-PTC
prerank,Reactome_2022__DARPP-32 Events R-HSA-180024,0.7525467516903923,1.0497193149327788,0.4671772428884026,0.7666125164538536,1.0,11/24,12.53%,CALM1;PRKAR1A;PPP2CB;PPP2R1A;PPP2CA;PRKAR2B;PDE4A;PPP1CA;CDK5;PPP3R1;PRKAR1B,EC-PTC
prerank,Reactome_2022__Postmitotic Nuclear Pore Complex (NPC) Reformation R-HSA-9615933,0.7510168297503732,1.0494880999252307,0.47039473684210525,0.7668470872558165,1.0,18/27,16.64%,RAN;SUMO1;KPNB1;UBE2I;NUP54;SEC13;NUP188;NUP43;NUP93;NUP62;NUP107;TNPO1;NUP35;NUP205;NUP37;RANGAP1;SEH1L;NUP58,EC-PTC
prerank,Reactome_2022__Integrin Cell Surface Interactions R-HSA-216083,0.7322227944225705,1.0489724685932855,0.4323770491803279,0.7684338303419745,1.0,24/66,14.61%,FN1;BSG;ITGAV;JAM2;ICAM2;COL18A1;ITGAE;COL4A2;ICAM1;CD47;ITGB5;KDR;VCAM1;FBN1;CXXC1;ITGB8;ITGB1;COL4A4;ITGA2;HSPG2;ITGA3;AGRN;ITGA5;ICAM3,EC-PTC
prerank,Reactome_2022__Metabolism Of Vitamins And Cofactors R-HSA-196854,0.7180448644009343,1.0488997197704724,0.3891675025075226,0.7678450505936363,1.0,77/185,17.34%,CYB5A;VKORC1;CALM1;CYB5R3;HSP90AA1;PARP14;AKR1C3;SLC2A1;MOCS2;RBP1;C1D;PARP9;NADK2;PTS;GSTO1;PANK2;AASDHPPT;LMBRD1;LRP10;RDH11;NMRK1;ABCC1;IDH1;TCN2;PANK3;ABCD4;MMADHC;NAXE;CD320;SLC2A3;AKR1C1;SLC52A2;PDXK;FPGS;NMNAT1;PARP6;RFK;NADK;SDC2;SHMT1;GPIHBP1;MTHFD2L;MMUT;GCHFR;NFS1;AKT1;LDLR;COASY;COQ9;HSPG2;MCCC1;PARP10;PPCS;AGRN;UBIAD1;MTR;PDZD11;LRP12;MCCC2;RETSAT;PARP4;GPC3;SDC1;GPC5;NAMPT;NAXD;FLAD1;SDC4;DHFR2;COQ5;PNPO;MMAB;MOCS1;GSTO2;RBP4;PANK4;GCH1,EC-PTC
prerank,Reactome_2022__Resolution Of AP Sites Via Multiple-Nucleotide Patch Replacement Pathway R-HSA-110373,0.7514211108197429,1.0485960674415706,0.4541387024608501,0.7684235814029865,1.0,10/24,13.79%,POLE4;APEX1;RPA3;PCNA;POLD4;POLD2;POLE3;PARP1;POLD1;POLG2,EC-PTC
prerank,Reactome_2022__Semaphorin Interactions R-HSA-373755,0.7300598785357792,1.0483398155619328,0.4467425025853154,0.7687476501359201,1.0,26/64,11.93%,MYL6;RNASE1;MYL12B;RHOC;TLN1;RNMT;HSP90AA1;ROCK2;RRAS;RHOA;MYL9;RHOB;PKN1;FES;ROCK1;MYH10;VPS72;ARHGEF11;CDK5;MYH9;HSP90AB1;ERBB2;SEMA4D;ITGB1;SEMA6D;PLXNA2,EC-PTC
prerank,Reactome_2022__Regulation Of Insulin Secretion R-HSA-422356,0.7280511350211742,1.0473922514768546,0.427394438722966,0.7726305616361554,1.0,19/77,9.98%,GNG11;MARCKS;GNG5;GNAS;VAMP2;SLC2A1;PRKAR1A;GNG10;ACSL3;GNG12;PRKAR2B;GNA14;GNA11;RAP1A;GNB2;CD36;GNG2;AHCYL1;GNAI1,EC-PTC
prerank,Reactome_2022__Diseases Of Metabolism R-HSA-5668914,0.7144084788890055,1.0466390046440148,0.3533533533533533,0.7754556179511064,1.0,89/245,16.19%,UBB;RPS27A;UBA52;VCAN;DPM3;FDX1;PRNP;THSD7A;ADAMTS1;HEXB;CTSA;APRT;CYP26B1;TALDO1;GNS;DCXR;GUSB;DPM2;UBC;LMBRD1;IDH1;TCN2;ABCD4;HEXA;MMADHC;MUC15;CD320;ALG2;B3GAT3;NOTCH1;MPDU1;MUC1;GAA;DAG1;B3GALT6;FDX2;DPAGT1;NUS1;MAOA;B4GALT7;SLC26A2;EGFL7;GFPT1;BGN;GCLM;ALG8;C1GALT1C1;CHSY1;MOGS;SGSH;HPRT1;SDC2;KHK;MMUT;SLC37A4;G6PC3;GCLC;B4GAT1;CYP1B1;NOTCH4;GLB1;ABCA3;CHST14;HSPG2;POMT1;DOLK;SRD5A3;NAGLU;MCCC1;TBXAS1;GNE;POMC;GALK1;CYP27A1;AGRN;NOTCH3;MTR;PGM1;MCCC2;GALNS;GPC3;SDC1;GPC5;IDUA;GYG1;MUC20;ALG11;SDC4;ALG1,EC-PTC
prerank,Reactome_2022__Reversible Hydration Of Carbon Dioxide R-HSA-1475029,0.7818789092460651,1.0465733851459915,0.47575057736720555,0.774800017120477,1.0,3/12,13.44%,CA2;CA12;CA4,EC-PTC
prerank,Reactome_2022__G Alpha (Z) Signaling Events R-HSA-418597,0.739007839232166,1.046532073193517,0.4637223974763407,0.774018891655418,1.0,9/47,9.98%,GNG11;GNG5;GNAS;GNG10;GNG12;GNB2;GNG2;RGS19;GNAI1,EC-PTC
prerank,Reactome_2022__Intrinsic Pathway For Apoptosis R-HSA-109606,0.7315561248548246,1.0464886134335711,0.46450939457202506,0.7732679341957998,1.0,28/55,12.02%,CYCS;DYNLL1;UACA;YWHAQ;YWHAE;C1QBP;REXO2;BAD;NMT1;PMAIP1;APIP;BCL2L1;YWHAB;BAX;GSDMD;YWHAH;BBC3;YWHAZ;CASP3;TP53;BID;AKT2;CASP7;YWHAG;PPP3R1;BMF;BCL2;AKT1,EC-PTC
prerank,Reactome_2022__G-protein Activation R-HSA-202040,0.7536985021432551,1.0464209839442737,0.45136612021857925,0.7726520942453309,1.0,8/24,8.30%,GNG11;GNG5;GNG10;GNG12;GNA14;GNA11;GNB2;GNG2,EC-PTC
prerank,Reactome_2022__Neurotransmitter Clearance R-HSA-112311,0.7920167536945921,1.0461972834662103,0.4956843403205919,0.7727863814297788,1.0,4/10,15.70%,COMT;MAOA;SLC22A2;LRTOMT,EC-PTC
prerank,Reactome_2022__DAP12 Interactions R-HSA-2172127,0.737874578140263,1.045913041507518,0.45110410094637227,0.7732194027223088,1.0,9/38,9.25%,RNASE1;B2M;HLA-C;SHC1;HLA-E;NRAS;SPNS1;HRAS;PLCG1,EC-PTC
prerank,Reactome_2022__mRNA Decay By 3 To 5 Exoribonuclease R-HSA-429958,0.7683240588859218,1.0452451784149004,0.4953596287703016,0.7755596911058483,1.0,10/13,16.65%,EXOSC6;EXOSC8;NT5C3B;EXOSC7;DIS3;EXOSC4;DCPS;EXOSC9;EXOSC1;EXOSC3,EC-PTC
prerank,Reactome_2022__Androgen Biosynthesis R-HSA-193048,0.7706330300990186,1.0450629937853373,0.4837935174069628,0.7755011956965738,1.0,5/11,21.27%,HSD17B12;SRD5A3;POMC;CHGA;SRD5A1,EC-PTC
prerank,Reactome_2022__Unwinding Of DNA R-HSA-176974,0.7720292555869174,1.044804042687708,0.5012106537530266,0.77581720276426,1.0,7/11,19.57%,MCM7;MCM6;MCM5;MCM3;MCM8;GINS3;MCM4,EC-PTC
prerank,Reactome_2022__Defective B3GAT3 Causes JDSSDHD R-HSA-3560801,0.7600765848404095,1.044695830032086,0.4760312151616499,0.7754075297505231,1.0,10/20,16.16%,VCAN;B3GAT3;BGN;SDC2;HSPG2;AGRN;GPC3;SDC1;GPC5;SDC4,EC-PTC
prerank,Reactome_2022__Signaling By Nuclear Receptors R-HSA-9006931,0.7145465832304685,1.0435880332836818,0.36536536536536535,0.7798649493418609,1.0,100/231,14.55%,GNG11;GNG5;CTSD;POLR2J;JUN;POLR2L;POLR2F;POLR2K;POLR2H;GTF2A2;PRMT1;CALM1;JUND;CAV1;HSP90AA1;DHRS3;POLR2C;AKR1C3;FOS;PDHB;CYP26B1;GNG10;SMC3;POLR2I;CAV2;NCOA3;KAT2B;YY1;CREB1;CETP;GNG12;GTF2A1;MBD4;CREBBP;POLR2E;RARG;FKBP4;GPS2;RDH11;TBL1XR1;XPO1;SHC1;PTGES3;SMC1A;CXXC5;KDM4B;EP300;ZDHHC7;RAD21;NR1H2;KANK1;RDH14;STRN;GNB2;PDHA1;KAT5;POLR2A;EBAG9;NRAS;USF2;GNG2;EGF;HRAS;DHRS4;RARA;HDAC1;MOV10;KPNA2;GNAI1;POLR2D;HSP90AB1;AKT2;CCNT1;PPID;RXRB;KDM1A;UHMK1;RARB;TLE3;BCL2;PDHX;FOSB;AKT1;SREBF1;GNG7;POLR2B;CBFB;TBL1X;ALDH1A1;AGO2;FOXO3;HDAC3;NR5A2;POLR2G;NR1H3;AGO1;GTF2F1;MAPK3;DLAT;PDK2,EC-PTC
prerank,Reactome_2022__SUMOylation Of Chromatin Organization Proteins R-HSA-4551638,0.7293064812483306,1.043464037463905,0.4594594594594595,0.779471598412031,1.0,31/55,16.64%,SUMO2;SUMO1;CBX5;SATB1;UBE2I;POM121C;HDAC2;PHC2;CHD3;PCGF2;NUP54;SEC13;NUP188;ZBED1;AAAS;NUP42;SUZ12;HDAC1;NUP43;NUP93;NUP50;NUP62;NUP107;CBX2;NUP35;SATB2;NUP205;NUP37;SEH1L;L3MBTL2;NUP58,EC-PTC
prerank,Reactome_2022__ADP Signaling Thru P2Y Purinoceptor 1 R-HSA-418592,0.7474755323025027,1.0433720106930635,0.4686147186147186,0.7789360372144136,1.0,8/25,8.30%,GNG11;GNG5;GNG10;GNG12;GNA14;GNA11;GNB2;GNG2,EC-PTC
prerank,"Reactome_2022__Defective B4GALT7 Causes EDS, Progeroid Type R-HSA-3560783",0.7576593487505805,1.043361010958169,0.4820224719101124,0.7780297335221434,1.0,10/20,16.16%,VCAN;B4GALT7;BGN;SDC2;HSPG2;AGRN;GPC3;SDC1;GPC5;SDC4,EC-PTC
prerank,Reactome_2022__GABA Receptor Activation R-HSA-977443,0.7289525303545771,1.0431382832042777,0.4755463059313215,0.7781216479795693,1.0,20/59,18.60%,GNG11;GNG5;GNG10;NPTN;GNG12;GNB2;GNG2;KCNJ16;GNAI1;GABRB2;GNG7;ADCY6;KCNJ3;KCNJ15;ARHGEF9;GABRA2;ADCY5;GABRR2;KCNJ5;GNAI2,EC-PTC
prerank,Reactome_2022__Transmission Across Chemical Synapses R-HSA-112315,0.7102894888325968,1.0429835718494451,0.38238238238238237,0.777958331764161,1.0,51/246,14.64%,RNASE1;GNG11;SLC38A2;GNG5;AP2M1;AP2S1;CALM1;COMT;VAMP2;PRKAR1A;GNG10;LIN7C;ARL6IP5;NPTN;HSPA8;PRKAA1;RPS6KA3;CREB1;GNG12;PRKAB1;SLC1A1;PRKAR2B;PPFIA3;GLUL;GNB2;NRAS;DNAJC5;GNG2;HRAS;MAOA;KCNJ16;KPNA2;NRGN;GNAI1;PRKAA2;UNC13B;KIF17;SLC6A12;GABRB2;GNG7;PRKAR1B;GIT1;LIN7A;ADCY6;EPB41L1;SLC22A2;CASK;MAPK3;PICK1;KCNJ3;SLC38A1,EC-PTC
prerank,Reactome_2022__NCAM1 Interactions R-HSA-419037,0.7385146070492262,1.0426938512695636,0.4846560846560847,0.7783829750613737,1.0,10/37,16.06%,PRNP;COL6A3;COL4A2;COL6A1;GFRA1;COL6A2;COL4A4;AGRN;COL4A5;COL4A3,EC-PTC
prerank,Reactome_2022__Pyrimidine Salvage R-HSA-73614,0.7773124397198617,1.0426348505186076,0.49940688018979834,0.7777084562341418,1.0,3/11,4.14%,CDA;DCK;UCKL1,EC-PTC
prerank,Reactome_2022__Leishmania Infection R-HSA-9658195,0.7097136919192715,1.042608680567915,0.3778894472361809,0.7768859089128044,1.0,45/242,10.51%,RNASE1;GNG11;GNG5;GNAS;CALCRL;FURIN;BRK1;JUN;RAMP2;ARPC2;ARPC3;CALM1;ARPC1A;ARPC5;ARPC1B;ACTR2;PRKAR1A;CRK;GNG10;WASL;TXN2;RELA;CREB1;CDC42;GNG12;YES1;DVL3;MYO10;PRKAR2B;GSDMD;GNB2;NFKB1;CYFIP2;RAMP3;GNG2;PTRH2;CYBA;ADORA2A;CASP1;PLCG1;AHCYL1;GNAI1;MYH9;HSP90AB1;DVL2,EC-PTC
prerank,Reactome_2022__Defective B3GALT6 Causes EDSP2 And SEMDJL1 R-HSA-4420332,0.758497275740804,1.0422879004277537,0.49213483146067416,0.7775301493218165,1.0,10/20,16.16%,VCAN;B3GALT6;BGN;SDC2;HSPG2;AGRN;GPC3;SDC1;GPC5;SDC4,EC-PTC
prerank,Reactome_2022__Nicotinate Metabolism R-HSA-196807,0.7474746194467605,1.0422801356401286,0.4725158562367865,0.7766169740624743,1.0,12/31,16.04%,PARP14;PARP9;NADK2;NMRK1;NAXE;NMNAT1;PARP6;NADK;PARP10;PARP4;NAMPT;NAXD,EC-PTC
prerank,"Reactome_2022__Cell Death Signaling Via NRAGE, NRIF And NADE R-HSA-204998",0.7187378242184177,1.0422496919451754,0.4463738508682329,0.7758413649784681,1.0,17/74,8.39%,RNASE1;UBB;RPS27A;UBA52;BEX3;SQSTM1;YWHAE;ARHGEF15;BAD;UBC;PSENEN;ARHGEF2;APH1B;APH1A;PSEN2;CASP3;ARHGEF40,EC-PTC
prerank,Reactome_2022__Biosynthesis Of N-glycan Precursor (Dolichol LLO) And Transfer To Protein R-HSA-446193,0.7242848526226026,1.0418144207466742,0.4535123966942149,0.7769426358040314,1.0,30/76,14.05%,ST8SIA6;NUDT14;DPM3;CTSA;ST6GAL1;DPM2;SLC17A5;NANS;ALG5;ALG2;NAGK;ST3GAL6;MPDU1;DPAGT1;NUS1;SLC35A1;UAP1;EGFL7;GFPT1;ALG8;ST6GALNAC6;GNPNAT1;PGM3;CMAS;ALG10B;ST6GALNAC4;GLB1;DOLK;SRD5A3;GNE,EC-PTC
prerank,Reactome_2022__Nucleotide Salvage R-HSA-8956321,0.7520396375968456,1.041686722713992,0.47014115092290987,0.7766085656465344,1.0,9/23,9.96%,CDA;DGUOK;APRT;DCK;UCKL1;GMPR2;GMPR;AMPD2;HPRT1,EC-PTC
prerank,Reactome_2022__Collagen Chain Trimerization R-HSA-8948216,0.7383058724201206,1.0406465312298032,0.4784437434279706,0.7806317798355982,1.0,11/44,16.06%,COL3A1;COL18A1;COL6A3;COL4A2;COL6A1;COL6A2;COL4A4;COL15A1;COL5A2;COL4A5;COL4A3,EC-PTC
prerank,Reactome_2022__Synthesis Of Prostaglandins (PG) And Thromboxanes (TX) R-HSA-2162123,0.7666379661866608,1.040615555491578,0.482837528604119,0.7798525719489015,1.0,7/15,13.95%,CBR1;AKR1C3;PTGES3;PTGES;PTGES2;PTGR2;TBXAS1,EC-PTC
prerank,Reactome_2022__Platelet Aggregation (Plug Formation) R-HSA-76009,0.7399325460372748,1.040521661154274,0.49361702127659574,0.7793791777129699,1.0,7/36,7.72%,FN1;TLN1;CRK;SHC1;BCAR1;RAP1A;CSK,EC-PTC
prerank,Reactome_2022__Mitotic Prophase R-HSA-68875,0.7145593576234839,1.0405100169436265,0.452947259565667,0.7784889069095714,1.0,46/82,18.41%,LPIN2;SET;ARPP19;RAB1B;PPP2CB;POM121C;ENSA;CTDNEP1;PPP2R1A;BANF1;PPP2CA;GOLGA2;NUP54;LMNA;KMT5A;SEC13;NUP188;USO1;AAAS;GORASP2;TMPO;NUP42;EMD;RAB33B;RAB2A;SMC4;NUP43;NUP93;NUMA1;LEMD2;LPIN1;NUP50;NUP62;NUP107;MAPK3;NUP35;NUP205;NUP37;SEH1L;LPIN3;NUP58;NCAPH2;PHF8;NCAPG2;NCAPD3;PPP2R1B,EC-PTC
prerank,Reactome_2022__Cardiac Conduction R-HSA-5576891,0.7117964704835077,1.0404298208905625,0.4605263157894737,0.777913920764023,1.0,12/125,5.90%,ATP1B1;FXYD2;ATP1B3;SRI;CALM1;KCNE4;ORAI1;KAT2B;ASPH;KCNK6;FXYD4;ORAI2,EC-PTC
prerank,Reactome_2022__Sialic Acid Metabolism R-HSA-4085001,0.7361963048611885,1.0404186248259466,0.48394004282655245,0.7770399716551818,1.0,13/33,14.05%,ST8SIA6;CTSA;ST6GAL1;SLC17A5;NANS;ST3GAL6;SLC35A1;EGFL7;ST6GALNAC6;CMAS;ST6GALNAC4;GLB1;GNE,EC-PTC
prerank,Reactome_2022__Signaling By Hippo R-HSA-2028269,0.7579451661032265,1.0398756590920177,0.5,0.778561824169503,1.0,13/20,12.11%,YWHAE;MOB1A;SAV1;YWHAB;STK24;LATS2;AMOTL2;CASP3;MOB1B;DVL2;STK4;WWTR1;WWC1,EC-PTC
prerank,Reactome_2022__SUMOylation Of RNA Binding Proteins R-HSA-4570464,0.7278190299729338,1.0390838640784754,0.4822916666666667,0.7814679575775088,1.0,24/46,17.23%,SUMO2;SUMO1;HNRNPK;UBE2I;POM121C;PHC2;PCGF2;NUP54;SEC13;NUP188;AAAS;NUP42;NUP43;NUP93;NUP50;NUP62;NUP107;CBX2;NUP35;NUP205;NUP37;SEH1L;NUP58;RING1,EC-PTC
prerank,"Reactome_2022__Gamma Carboxylation, Hypusine Formation And Arylsulfatase Activation R-HSA-163841",0.737686365037532,1.0386958790951535,0.47848898216159497,0.7823748870673938,1.0,19/41,16.75%,FURIN;F8;DHPS;SUMF2;DPH3;EEF2;GGCX;ICMT;GAS6;ARSD;ARSA;PROS1;DOHH;ARSK;FAM110A;DPH7;SUMF1;EIF5A2;DPH2,EC-PTC
prerank,Reactome_2022__Synthesis Of Leukotrienes (LT) And Eoxins (EX) R-HSA-2142691,-0.5557911907797745,-1.0385527082275978,0.47107438016528924,1.0,1.0,1/21,0.04%,LTC4S,EC-PTC
prerank,Reactome_2022__Butyrate Response Factor 1 Binds And Destabilizes mRNA R-HSA-450385,0.7671549851400736,1.0385176442360162,0.4909706546275395,0.7822729888534427,1.0,12/17,16.65%,ZFP36L1;EXOSC6;MAPKAPK2;EXOSC8;YWHAB;EXOSC7;DIS3;EXOSC4;AKT1;EXOSC9;EXOSC1;EXOSC3,EC-PTC
prerank,Reactome_2022__Synthesis Of Bile Acids And Bile Salts R-HSA-192105,0.7345572410495693,1.0383162761878821,0.4883227176220807,0.7822552247835981,1.0,11/34,15.63%,OSBPL1A;AKR1C3;OSBP;AKR1C1;HSD17B4;AMACR;OSBPL2;OSBPL9;CYP27A1;ACOT8;SLC27A5,EC-PTC
prerank,Reactome_2022__PRC2 Methylates Histones And DNA R-HSA-212300,0.7648025475193742,1.038136373400921,0.5104166666666666,0.7821426236648357,1.0,6/13,10.44%,PHF1;RBBP7;RBBP4;DNMT1;SUZ12;MTF2,EC-PTC
prerank,Reactome_2022__Interleukin-20 Family Signaling R-HSA-8854691,0.7492688583377367,1.0380790388181844,0.4967741935483871,0.781498616357074,1.0,5/26,8.51%,STAT1;STAT2;PTPN11;SOCS3;IL10RB,EC-PTC
prerank,Reactome_2022__Regulation Of Complement Cascade R-HSA-977606,0.7322442438232141,1.0378192307196343,0.4925847457627119,0.7818137404479987,1.0,9/44,11.64%,CD55;CD81;PSMA7;CD59;SERPING1;AKR1C1;CPNE2;PROS1;CPNE1,EC-PTC
prerank,Reactome_2022__TNFR1-induced NFkappaB Signaling Pathway R-HSA-5357956,0.7457049334123168,1.0376037321691114,0.4967462039045553,0.781883781957372,1.0,8/26,8.76%,RACK1;IKBKB;TANK;RBCK1;BIRC2;CYLD;SHARPIN;IKBKG,EC-PTC
prerank,Reactome_2022__RND2 GTPase Cycle R-HSA-9696270,0.7283946346713446,1.0375548228915208,0.4899257688229056,0.7811761607696422,1.0,20/42,14.06%,KTN1;ARHGAP5;TXNL1;CAV1;EPHA2;RBMX;NUDC;VANGL1;WDR6;NISCH;TNFAIP1;CKAP4;ALDH3A2;ARHGAP1;PTPN13;GOLGA3;KIDINS220;SCRIB;KCTD13;TFRC,EC-PTC
prerank,Reactome_2022__Nucleotide Biosynthesis R-HSA-8956320,0.7688815111396151,1.0374168542077666,0.5218934911242603,0.7808327857139025,1.0,9/11,22.00%,PAICS;ADSL;COASY;ATIC;GMPS;GART;PFAS;IMPDH2;DHODH,EC-PTC
prerank,Reactome_2022__Integration Of Energy Metabolism R-HSA-163685,0.7163996560570883,1.0371171730206488,0.4553846153846154,0.7812634285810532,1.0,27/105,10.13%,GNG11;MARCKS;GNG5;GNAS;VAMP2;SLC2A1;PRKAR1A;TALDO1;GNG10;ACSL3;ADIPOR1;PPP2CB;GNG12;PPP2R1A;PPP2CA;PRKAR2B;GNA14;GNA11;RAP1A;GNB2;CD36;ACLY;GNG2;AGPAT1;AHCYL1;GNAI1;PRKAA2,EC-PTC
prerank,Reactome_2022__Negative Regulation Of TCF-dependent Signaling By WNT Ligand Antagonists R-HSA-3772470,0.7680947380017389,1.0370610211255342,0.4942263279445728,0.7805712812069252,1.0,2/15,6.90%,SFRP1;LRP5,EC-PTC
prerank,Reactome_2022__SARS-CoV-2 Modulates Autophagy R-HSA-9754560,0.7699360228139497,1.0369799946661442,0.5065243179122183,0.7800186930085307,1.0,7/11,15.80%,TUFM;MAP1LC3B;VPS11;VPS18;VPS16;VPS33A;VPS39,EC-PTC
prerank,Reactome_2022__RHOG GTPase Cycle R-HSA-9013408,0.7184765153957694,1.036580799460906,0.47551020408163264,0.7808742285629512,1.0,32/73,11.50%,KTN1;ARHGAP5;HSPE1;NDUFA5;LAMTOR1;CDC42EP1;NDUFS3;LMAN1;CAV1;ARHGDIA;EPHA2;RAB7A;VANGL1;RHOG;CDC42;ARHGDIB;LBR;ARFGAP3;VAMP3;PRKCSH;PGRMC2;LETM1;ANKLE2;TMPO;ERBIN;ESYT1;MAP3K11;MCAM;ARHGAP1;EMD;STX5;ITGB1,EC-PTC
prerank,Reactome_2022__KSRP (KHSRP) Binds And Destabilizes mRNA R-HSA-450604,0.7612915518836063,1.0358095133377159,0.5096262740656852,0.7834068628194664,1.0,13/17,16.65%,KHSRP;EXOSC6;EXOSC8;YWHAZ;EXOSC7;DIS3;EXOSC4;AKT1;MAPK14;EXOSC9;MAPK11;EXOSC1;EXOSC3,EC-PTC
prerank,Reactome_2022__Nicotinamide Salvaging R-HSA-197264,0.7599381549302188,1.035695882043339,0.5185995623632386,0.7829976117607524,1.0,8/19,16.04%,PARP14;PARP9;NAXE;PARP6;PARP10;PARP4;NAMPT;NAXD,EC-PTC
prerank,Reactome_2022__CaMK IV-mediated Phosphorylation Of CREB R-HSA-111932,0.7800431423197918,1.035669459336592,0.5214723926380368,0.7822200373307509,1.0,3/10,9.25%,CALM1;CREB1;KPNA2,EC-PTC
prerank,Reactome_2022__MET Promotes Cell Motility R-HSA-8875878,0.7360524577423346,1.034369701130431,0.48819742489270385,0.7870523256245937,1.0,14/28,15.03%,RNASE1;RNMT;LAMC1;TNS3;CRK;RAP1A;LAMA5;ITGB1;LAMB1;DOCK7;ITGA2;ITGA3;LAMA4;GRB2,EC-PTC
prerank,Reactome_2022__Activation Of Arylsulfatases R-HSA-1663150,0.7730980625025821,1.0335086930544608,0.500587544065805,0.7899487358062777,1.0,7/12,18.77%,SUMF2;ARSD;ARSA;ARSK;SUMF1;ARSG;STS,EC-PTC
prerank,Reactome_2022__Cilium Assembly R-HSA-5617833,0.7005449823505319,1.0331835435888224,0.4637096774193548,0.7904440040981275,1.0,75/180,15.38%,DYNLRB1;TUBB4B;DYNLL1;ARF4;CCT5;ARL3;CCT3;HSP90AA1;SSNA1;TUBB;YWHAE;DCTN3;RAB11A;DCTN1;EXOC5;DCTN2;HSPB11;ACTR1A;TCP1;CCT8;SEPTIN2;PPP2R1A;PRKD2;BBIP1;RAB8A;MAPRE1;PRKAR2B;DYNC1H1;CSNK1E;IFT57;HAUS7;TUBG1;TRIP11;RAB3IP;TMEM216;CCT4;UNC119B;EXOC6;HAUS6;EXOC7;CEP152;KIF17;CYS1;CCT2;NUDT19;MKKS;IFT20;PAFAH1B1;YWHAG;PTGES2;PCNT;TCTN1;EXOC3;IFT43;TTC21B;OFD1;CETN2;IFT74;CEP57;HAUS3;IFT22;CC2D2A;HAUS1;HAUS4;TUBA1A;TNPO1;DYNLL2;SMOX;CENPJ;IFT52;PDE6D;BBS10;CEP89;CCP110;TRAF3IP1,EC-PTC
prerank,Reactome_2022__Mucopolysaccharidoses R-HSA-2206281,0.7692477795989368,1.0330244488740137,0.5263774912075029,0.7902005819907902,1.0,7/11,15.63%,GNS;GUSB;SGSH;GLB1;NAGLU;GALNS;IDUA,EC-PTC
prerank,Reactome_2022__Caspase Activation Via Extrinsic Apoptotic Signaling Pathway R-HSA-5357769,0.7481918961515472,1.0321679249875064,0.5091103965702036,0.7931712727480347,1.0,13/25,17.35%,TNFSF10;TLR4;NDUFA2;TANK;LY96;APPL1;CASP3;MAGED1;TRADD;DAPK2;DAPK3;TNFRSF10A;CASP8,EC-PTC
prerank,Reactome_2022__Glycerophospholipid Biosynthesis R-HSA-1483206,0.7125603683417299,1.0319250866129537,0.4788306451612903,0.7932967461672836,1.0,52/126,17.39%,LPIN2;STARD7;CSNK2B;PTPMT1;AGPAT5;PLD3;SLC44A1;SLC44A2;CDIPT;CPNE3;AGPAT2;HADHA;STARD10;HADHB;PRKCSH;PGS1;PITPNM2;OSBPL8;PTDSS1;MGLL;PISD;AGPAT1;CHKA;DGAT1;MBOAT2;DDHD1;MBOAT7;CDS2;AGPAT3;LPCAT2;CPNE1;PLA2G12A;LPCAT1;GPAT4;PCYT1A;LPIN1;SELENOI;CHKB;CHPT1;PCYT2;GPAT2;GPAM;LPCAT3;SLC44A4;AGPAT4;ABHD4;LPIN3;AGK;PEMT;SLC44A3;PLA2G4B;PLA2G15,EC-PTC
prerank,Reactome_2022__RHOJ GTPase Cycle R-HSA-9013409,0.7226464817654737,1.0318524260706037,0.505711318795431,0.792696624657853,1.0,15/54,5.42%,RHOJ;ARHGAP5;LAMTOR1;STOM;CDC42EP1;CAV1;RAB7A;VANGL1;WASL;NIPSNAP2;CDC42;FMNL3;PKN1;JUP;VAMP3,EC-PTC
prerank,Reactome_2022__Rev-mediated Nuclear Export Of HIV RNA R-HSA-165054,0.7244703444353515,1.0317970021385217,0.5191897654584222,0.7919908016209363,1.0,20/35,16.64%,RAN;RANBP1;POM121C;NUP54;XPO1;SEC13;NUP188;AAAS;NUP42;NUP43;NUP93;NUP50;NUP62;NUP107;NUP35;NUP205;NUP37;RANGAP1;SEH1L;NUP58,EC-PTC
prerank,Reactome_2022__Frs2-mediated Activation R-HSA-170968,0.7661699332592101,1.0313679427067313,0.49942726231386025,0.7929297706139412,1.0,4/12,7.32%,MAP2K2;YWHAB;MAP2K1;RAP1A,EC-PTC
prerank,Reactome_2022__RAB GEFs Exchange GTP For GDP On RABs R-HSA-8876198,0.716404680692755,1.0309054782350835,0.4687819856704197,0.7940118243131535,1.0,31/88,10.82%,TRAPPC5;RAB13;RAB5C;TRAPPC4;TRAPPC1;RAB21;YWHAE;RAB14;RAB5A;RAB7A;RAB1B;TRAPPC2L;RAB18;RAB9A;RAB8B;TRAPPC3;RAB8A;TRAPPC6A;MON1B;RAB32;RIN3;DENND2C;GDI1;RAB3IP;GDI2;MADD;ULK1;RAB5B;GAPVD1;CCZ1B;AKT2,EC-PTC
prerank,"Reactome_2022__Synthesis Of IP2, IP, And Ins In Cytosol R-HSA-1855183",0.7646678702846083,1.030761028278507,0.5110851808634772,0.7937386505833542,1.0,6/14,13.21%,INPP4B;IMPA1;IMPA2;OCRL;MTMR9;INPP1,EC-PTC
prerank,Reactome_2022__Tight Junction Interactions R-HSA-420029,0.7408772758950746,1.0305340310697677,0.5113759479956663,0.7938482150864836,1.0,11/29,14.82%,CLDN15;PARD6B;PATJ;CLDN10;CLDN5;CLDN4;CLDN8;CLDN7;CLDN3;CRB3;PARD6A,EC-PTC
prerank,Reactome_2022__TRAF3-dependent IRF Activation Pathway R-HSA-918233,0.7625252985580235,1.0300876287802263,0.5255813953488372,0.7948907355585679,1.0,7/14,13.13%,CREBBP;SIKE1;EP300;IFIH1;IRF3;TRIM25;IRF7,EC-PTC
prerank,Reactome_2022__Collagen Formation R-HSA-1474290,0.7095752508939189,1.0295136112507,0.5070993914807302,0.7966454685516126,1.0,17/90,9.56%,PPIB;SERPINH1;COL3A1;CTSL;COL18A1;CD151;P4HB;COL6A3;CTSB;TLL1;COL4A2;PLOD1;P3H2;COL6A1;P4HA1;COL6A2;LOXL2,EC-PTC
prerank,Reactome_2022__Assembly Of Active LPL And LIPC Lipase Complexes R-HSA-8963889,0.7513745561711197,1.0286755833501882,0.5136911281489595,0.7994143192389266,1.0,2/19,3.35%,FURIN;LMF2,EC-PTC
prerank,Reactome_2022__GPCR Ligand Binding R-HSA-500792,0.6974560140713202,1.0283268701690118,0.407,0.8000199451400134,1.0,33/455,9.80%,GNG11;HEBP1;NPY1R;GNG5;GNAS;CALCRL;CD55;SSTR2;RAMP2;LPAR6;QRFPR;GNG10;GPR4;CRHBP;FZD6;ANXA1;CXCL16;GNG12;CCL2;KNG1;FZD8;F2R;GNB2;FZD1;RAMP3;GNG2;CX3CL1;PTRH2;ADORA2A;PTGER3;CCRL2;CCL21;S1PR1,EC-PTC
prerank,Reactome_2022__Inositol Phosphate Metabolism R-HSA-1483249,0.7204677213495485,1.028278763573376,0.513771186440678,0.799301090749251,1.0,16/48,14.09%,ITPK1;CALM1;INPP4B;NUDT4;NUDT3;IMPA1;IMPA2;PTEN;ITPKB;INPPL1;PLCG1;OCRL;MTMR9;IP6K1;INPP1;MINPP1,EC-PTC
prerank,Reactome_2022__Regulation Of IFNG Signaling R-HSA-877312,0.7629126507185379,1.0279483503750724,0.5183066361556065,0.7998590576038872,1.0,7/14,13.40%,STAT1;SUMO1;IFNGR2;PTPN11;SOCS3;PTPN1;PTPN6,EC-PTC
prerank,Reactome_2022__Neurotransmitter Receptors And Postsynaptic Signal Transmission R-HSA-112314,0.7037129626148775,1.0278700901872952,0.4696969696969697,0.799300070181685,1.0,37/182,14.60%,RNASE1;GNG11;GNG5;AP2M1;AP2S1;CALM1;PRKAR1A;GNG10;LIN7C;NPTN;PRKAA1;RPS6KA3;CREB1;GNG12;PRKAB1;PRKAR2B;GNB2;NRAS;GNG2;HRAS;KCNJ16;KPNA2;NRGN;GNAI1;PRKAA2;KIF17;GABRB2;GNG7;PRKAR1B;GIT1;LIN7A;ADCY6;EPB41L1;CASK;MAPK3;PICK1;KCNJ3,EC-PTC
prerank,Reactome_2022__Tryptophan Catabolism R-HSA-71240,0.7585473544212726,1.02767931390869,0.5316455696202531,0.7992325088680241,1.0,4/14,17.29%,SLC3A2;SLC36A4;KYAT3;AFMID,EC-PTC
prerank,Reactome_2022__Integrin Signaling R-HSA-354192,0.745367877954852,1.0274237294677488,0.503800217155266,0.7994460450808167,1.0,7/27,7.72%,FN1;TLN1;CRK;SHC1;BCAR1;RAP1A;CSK,EC-PTC
prerank,Reactome_2022__Transcriptional Regulation Of White Adipocyte Differentiation R-HSA-381340,0.7094865023376544,1.0273115303706721,0.502053388090349,0.7990126008048518,1.0,44/84,17.02%,MED31;CEBPD;MED10;TGFB1;CDK4;NCOA3;ADIRF;RELA;MED19;MED21;MBD4;CREBBP;CCND3;TBL1XR1;EP300;MED30;MED6;MED28;MED29;NFKB1;MED7;CD36;SREBF2;ZNF638;MED11;MED8;MED4;MED24;CCNC;SREBF1;PPARG;TBL1X;MED15;HDAC3;KLF4;PPARGC1A;MED22;ZNF467;PPARA;FABP4;CARM1;MED9;LIN9;CDK8,EC-PTC
prerank,Reactome_2022__Serotonin Receptors R-HSA-390666,0.7749398791576542,1.0261804850401521,0.5218446601941747,0.8030589892847574,1.0,1/11,16.32%,HTR1F,EC-PTC
prerank,Reactome_2022__Miscellaneous Transport And Binding Events R-HSA-5223345,0.73952012066121,1.0261716216404806,0.5342920353982301,0.8021793966683106,1.0,13/23,18.10%,ANKH;MMGT1;NIPAL3;MAGT1;LRRC8A;MRS2;NIPA2;CTNS;TUSC3;NIPA1;SLC66A1;NIPAL1;BPNT1,EC-PTC
prerank,Reactome_2022__RAC3 GTPase Cycle R-HSA-9013423,0.7080940798227666,1.0256938605440744,0.5188968335035751,0.8033207615106011,1.0,30/92,11.50%,ARHGAP5;BRK1;LAMTOR1;CDC42EP1;LMAN1;CAV1;AMIGO2;EPHA2;FERMT2;RAB7A;NCOA3;VANGL1;CDC42;ARHGDIB;LBR;PKN1;VAMP3;PGRMC2;TMPO;ERBIN;ESYT1;ARAP2;CYBA;JAG1;OCRL;MCAM;ARHGAP1;EMD;SLC1A5;ITGB1,EC-PTC
prerank,Reactome_2022__Glycogen Breakdown (Glycogenolysis) R-HSA-70221,0.7659895753985235,1.0256067680726488,0.5240328253223916,0.8027116093446508,1.0,8/14,16.78%,CALM1;GAA;AGL;PYGB;PGM1;GYG1;PHKA2;PHKG1,EC-PTC
prerank,Reactome_2022__Signal Amplification R-HSA-392518,0.7308561353253342,1.0254728868549692,0.5080385852090032,0.8023934606293597,1.0,13/33,12.52%,GNG11;GNG5;GNG10;AAMP;GNG12;GNA14;GNA11;GNB2;GNG2;GNAI1;GNA13;GNG7;MAPK14,EC-PTC
prerank,Reactome_2022__SARS-CoV-2 Activates/Modulates Innate And Adaptive Immune Responses R-HSA-9705671,0.6999039956754501,1.0252404073772472,0.49797979797979797,0.8025134868367866,1.0,51/119,15.93%,STAT1;ISG15;CNBP;B2M;HSP90AA1;LARP1;IFNAR1;IKBKB;HLA-C;UBE2N;POM121C;CREBBP;UBE2V1;STAT2;SIKE1;NUP54;SAR1B;IFNAR2;HLA-E;IRAK1;SEC13;NUP188;PTPN11;AAAS;NUP42;G3BP2;IKBKG;TOMM70;KPNA2;IL17RC;HSP90AB1;IFIH1;IRF3;TKFC;NUP43;NUP93;BECN1;TRIM25;IRF7;PTPN6;HLA-A;NUP50;NUP62;NUP107;ATG14;MAP3K7;SEC24C;NUP35;NUP205;NUP37;SEH1L,EC-PTC
prerank,Reactome_2022__PPARA Activates Gene Expression R-HSA-1989781,0.7017790115826585,1.0251939546447546,0.5005065856129686,0.80178987931383,1.0,59/115,17.97%,G0S2;AHR;NPAS2;MED31;MED10;PLIN2;NCOA3;MED19;MED21;MBD4;CREBBP;TXNRD1;GPS2;NFYB;TBL1XR1;EP300;MED30;NR1D1;MED6;NR1H2;MED28;MED29;MED7;CD36;MIA3;SREBF2;FDFT1;ALAS1;ACADM;MED11;MED8;MED4;RXRB;ESRRA;MED24;CCNC;SREBF1;ACOX1;PPARG;TBL1X;MED15;NFYC;HDAC3;NR1H3;ACSL1;ARNT2;PPARGC1A;MED22;NFYA;PPARA;CARM1;MED9;LIN9;CPT2;CDK8;HMGCR;MED20;SLC27A1;MED16,EC-PTC
prerank,Reactome_2022__WNT Ligand Biogenesis And Trafficking R-HSA-3238698,0.7303764555796,1.025090321344503,0.5275675675675676,0.8013272101852063,1.0,8/26,14.45%,SNX3;VPS35;VPS29;VPS26A;TMED5;WLS;WNT7B;WNT7A,EC-PTC
prerank,MSigDB_Hallmark_2020__Apical Junction,0.7036112191672623,1.025037013274767,0.4471299093655589,0.7206306428992945,1.0,74/200,14.70%,CLDN15;MYL12B;PFN1;TNFRSF11B;CD34;VASP;VCAN;CD99;ARPC2;ACTN1;MDK;ICAM2;TSPAN4;AMIGO2;TIAL1;LAYN;RRAS;WASL;MYL9;CAP1;MSN;THY1;JUP;SHC1;ICAM1;PBX2;PTEN;YWHAH;TUBG1;MPZL1;ADAM15;VCAM1;MYH10;ACTN4;INPPL1;SORBS3;HRAS;ZYX;CX3CL1;IKBKG;HADH;PLCG1;FBN1;GNAI1;MYH9;VCL;AKT2;TSC1;CLDN5;ITGB1;TAOK2;NECTIN3;FSCN1;WNK4;NECTIN2;MAPK14;ITGA2;MAP4K2;MAPK11;CLDN4;CNN2;CERCAM;CLDN8;SYMPK;THBS3;CLDN7;ITGA3;TMEM8B;CDH1;LIMA1;GTF2F1;NF2;CRB3;STX4,EC-PTC
prerank,Reactome_2022__Transcriptional Regulation By E2F6 R-HSA-8953750,0.7304853720997061,1.024986294970854,0.5074468085106383,0.8008784849325514,1.0,13/33,13.74%,CBX3;UXT;CBX5;RBBP7;EHMT2;PCGF2;RBBP4;RYBP;SUZ12;RBBP8;YAF2;MAX;TFDP1,EC-PTC
prerank,Reactome_2022__Regulation Of TP53 Activity R-HSA-5633007,0.6978444378619738,1.02488343926658,0.49147442326980945,0.8004015147147701,1.0,81/156,18.53%,UBB;RPS27A;UBA52;CSNK2B;RBBP7;TAF10;RPA3;PPP2CB;EHMT2;PRKAA1;HDAC2;CHD4;CHD3;DAXX;PRKAB1;TAF9;PPP2R1A;UBC;CCNG1;PPP2CA;RBBP4;USP7;PIP4P1;TAF6;BRD7;EP300;PLK3;KMT5A;TAF13;TP53RK;KAT5;SGK1;RAD17;TP53;HDAC1;TP53INP1;ATM;RICTOR;RBBP8;SSRP1;CDK5;PRKAA2;AKT2;MTA2;AKT1;HIPK1;ING5;MLST8;JMY;MAPK14;MAPK11;BRPF3;SETD9;MAPKAPK5;TOPBP1;MEAF6;PPP1R13L;STK11;RAD50;PIP4K2C;TP53BP2;MDM2;TAF12;CDK2;RFC2;HUS1;PRKAB2;TAF5;ZNF385A;PRKAG1;HIPK2;ING3;TAF11;RHNO1;ATRIP;RFFL;TAF9B;RMI2;DYRK2;PPP2R1B;SMYD2,EC-PTC
prerank,Reactome_2022__SEMA3A-Plexin Repulsion Signaling By Inhibiting Integrin Adhesion R-HSA-399955,0.7583516932124812,1.024807644663476,0.522543352601156,0.7998016854009766,1.0,4/14,6.24%,RNASE1;TLN1;RRAS;FES,EC-PTC
prerank,Reactome_2022__Peptide Ligand-Binding Receptors R-HSA-375276,0.6971786961386741,1.024472727084929,0.4944834503510532,0.800247352285899,1.0,12/195,9.63%,HEBP1;NPY1R;SSTR2;QRFPR;ANXA1;CXCL16;CCL2;KNG1;F2R;CX3CL1;CCRL2;CCL21,EC-PTC
prerank,Reactome_2022__Dimerization Of Procaspase-8 R-HSA-69416,0.7650159051002509,1.0236622303896294,0.5449172576832151,0.8019082517618814,1.0,2/11,3.58%,TNFSF10;TANK,EC-PTC
prerank,Reactome_2022__CASP8 Activity Is Inhibited R-HSA-5218900,0.7650159051002509,1.0236622303896294,0.5449172576832151,0.8019082517618814,1.0,2/11,3.58%,TNFSF10;TANK,EC-PTC
prerank,Reactome_2022__SUMOylation Of Transcription Cofactors R-HSA-3899300,0.7222859795862898,1.0236014806683027,0.5137420718816068,0.8012430842503777,1.0,13/42,6.46%,SUMO2;PARK7;NPM1;SUMO1;TRIM28;UBE2I;PHC2;PCGF2;CREBBP;DAXX;MBD1;EP300;CTBP1,EC-PTC
prerank,Reactome_2022__MHC Class II Antigen Presentation R-HSA-2132295,0.7094923083170791,1.023023844347768,0.5250767656090072,0.802845451456618,1.0,37/102,7.44%,CLTA;CTSD;DYNLL1;OSBPL1A;AP2M1;CAPZA2;CTSL;HLA-DPA1;AP2S1;HLA-DMA;HLA-DRB1;CTSA;HLA-DQA2;DCTN3;DCTN1;AP1S2;RAB7A;DCTN6;CTSB;DCTN2;AP1S1;ACTR1A;CLTC;DCTN5;DNM2;KIF5B;CTSC;CANX;ACTR10;DYNC1LI2;SAR1B;HLA-DMB;DYNC1H1;CAPZB;DCTN4;SEC13;HLA-DRA,EC-PTC
prerank,Reactome_2022__Extension Of Telomeres R-HSA-180786,0.7137733784415058,1.0227348067169115,0.5286757038581856,0.8031283918392974,1.0,24/50,18.99%,NOP10;TERF2IP;NHP2;RPA3;PCNA;TERF1;PPP6C;TINF2;DKC1;POLD4;STN1;POLD2;RUVBL2;POLD1;ACD;CDK2;RFC2;POLA2;RUVBL1;ANKRD28;CTC1;LRIG1;WRAP53;DSCC1,EC-PTC
prerank,Reactome_2022__Response To Metal Ions R-HSA-5660526,0.7545665727488428,1.0224210039630741,0.5401129943502825,0.8034988584601265,1.0,1/14,1.13%,MT2A,EC-PTC
prerank,Reactome_2022__Signal Transduction By L1 R-HSA-445144,0.737645499016326,1.0212966695652659,0.539647577092511,0.8072763490606827,1.0,6/20,6.76%,RNASE1;ITGAV;CSNK2B;MAP2K2;PKN1;MAP2K1,EC-PTC
prerank,Reactome_2022__Regulation Of Lipid Metabolism By PPARalpha R-HSA-400206,0.6988262891244275,1.0206251671887685,0.5172064777327935,0.8090383515312647,1.0,60/117,17.97%,G0S2;AHR;NPAS2;MED31;MED10;PLIN2;NCOA3;MED19;MED21;MBD4;CREBBP;TXNRD1;GPS2;NFYB;TBL1XR1;EP300;MED30;NR1D1;MED6;NR1H2;MED28;MED29;MED7;CD36;MIA3;SREBF2;FDFT1;ALAS1;ACADM;MED11;MED8;MED4;RXRB;ESRRA;MED24;CCNC;SREBF1;ACOX1;PPARG;TBL1X;MED15;NFYC;SIN3A;HDAC3;NR1H3;ACSL1;ARNT2;PPARGC1A;MED22;NFYA;PPARA;CARM1;MED9;LIN9;CPT2;CDK8;HMGCR;MED20;SLC27A1;MED16,EC-PTC
prerank,Reactome_2022__G2/M DNA Damage Checkpoint R-HSA-69473,0.7049337775806362,1.020488334254642,0.522680412371134,0.8086806625815182,1.0,23/59,16.23%,YWHAQ;YWHAE;REXO2;RPA3;UBE2N;YWHAB;YWHAH;UBE2V2;KAT5;YWHAZ;BABAM1;RAD17;TP53;ATM;RBBP8;ABRAXAS1;TP53BP1;YWHAG;TOPBP1;RAD50;RNF8;RFC2;HUS1,EC-PTC
prerank,Reactome_2022__Activation Of Gene Expression By SREBF (SREBP) R-HSA-2426168,0.7189241837249937,1.020287631324909,0.5437302423603794,0.808611331765485,1.0,27/42,17.70%,SQLE;FDPS;MBD4;CREBBP;IDI1;GGPS1;NFYB;CYP51A1;TBL1XR1;PMVK;SC5D;SREBF2;FDFT1;TM7SF2;SREBF1;TBL1X;NFYC;DHCR7;GPAM;NFYA;PPARA;CARM1;MVD;LIN9;HMGCR;MVK;SCD,EC-PTC
prerank,Reactome_2022__Synthesis Of Bile Acids And Bile Salts Via 24-Hydroxycholesterol R-HSA-193775,0.7505583014527161,1.0201138578715925,0.540478905359179,0.8083656629655266,1.0,5/14,15.63%,AKR1C3;AKR1C1;AMACR;CYP27A1;SLC27A5,EC-PTC
prerank,Reactome_2022__tRNA Processing R-HSA-72306,0.7010344714037599,1.0198491218704475,0.5116751269035533,0.8084973329091929,1.0,45/104,16.64%,TRMT112;RAN;RTRAF;RPP21;POP7;TSEN34;POM121C;LAGE3;HSD17B10;NUP54;URM1;RPP30;TRMT10C;SEC13;NUP188;TP53RK;AAAS;ZBTB8OS;NUP42;DDX1;TYW3;TRNT1;NUP43;NUP93;RTCB;CTU1;TSEN15;PUS3;NUP50;NUP62;NUP107;TSEN54;OSGEP;ELAC2;TYW5;NUP35;RPP14;NUP205;NUP37;QTRT2;SEH1L;CPSF1;TRMU;TRIT1;NUP58,EC-PTC
prerank,Reactome_2022__Rap1 Signaling R-HSA-392517,0.7371711008981126,1.0196624126367513,0.5558060879368658,0.8083812494335187,1.0,7/16,14.76%,RAP1GAP;YWHAB;RAP1A;YWHAZ;SIPA1;RAPGEF4;RAPGEF3,EC-PTC
prerank,Reactome_2022__Regulation Of Actin Dynamics For Phagocytic Cup Formation R-HSA-2029482,0.7154967622174848,1.0192621234851922,0.5413612565445026,0.8091391882450929,1.0,16/58,8.14%,RNASE1;BRK1;ARPC2;ARPC3;ARPC1A;ARPC5;HSP90AA1;ARPC1B;ACTR2;CRK;WASL;CDC42;PKN1;MYO10;CYFIP2;VPS72,EC-PTC
prerank,Reactome_2022__RHOV GTPase Cycle R-HSA-9013424,0.7207699400886575,1.0186656266042784,0.5424083769633508,0.8106338626108014,1.0,18/36,15.35%,TXNL1;EPHA2;VANGL1;WASL;CDC42;CLTC;PKN1;WDR6;ARHGAP12;PARD6B;MAP3K11;TPM3;NCK1;GIT1;USP9X;PARD6A;TPM4;CCP110,EC-PTC
prerank,Reactome_2022__Interleukin-10 Signaling R-HSA-6783783,0.7186630864413375,1.0182394166022968,0.542016806722689,0.8112797748685775,1.0,4/45,8.51%,TIMP1;CCL2;ICAM1;IL10RB,EC-PTC
prerank,Reactome_2022__HDACs Deacetylate Histones R-HSA-3214815,0.7239624679813854,1.0177308103935643,0.5435244161358811,0.8123929035664906,1.0,18/32,13.38%,SAP18;HMG20B;RBBP7;HDAC2;CHD4;CHD3;GPS2;RBBP4;TBL1XR1;SAP30L;ARID4A;HDAC1;MTA1;SUDS3;MTA2;KDM1A;TBL1X;HDAC3,EC-PTC
prerank,Reactome_2022__Hyaluronan Uptake And Degradation R-HSA-2160916,0.7596196427179854,1.01720088249641,0.5580046403712297,0.8136592213426329,1.0,4/12,10.36%,HEXB;GUSB;HEXA;CHORDC1,EC-PTC
prerank,Reactome_2022__Polymerase Switching On C-strand Of Telomere R-HSA-174411,0.7263852352659669,1.0162649411066091,0.5254604550379198,0.8165976748853652,1.0,11/25,16.08%,TERF2IP;PCNA;TERF1;TINF2;POLD4;STN1;POLD2;POLD1;ACD;RFC2;POLA2,EC-PTC
prerank,Reactome_2022__Signaling By NTRKs R-HSA-166520,0.7003049387678975,1.015438601531748,0.5382293762575453,0.8189780073084287,1.0,42/132,10.15%,ID3;ID1;RNASE1;CLTA;FURIN;AP2M1;DUSP6;AP2S1;JUND;MAP2K2;FOS;CRK;RHOA;DUSP3;PPP2CB;RALB;RPS6KA3;CREB1;CHD4;EGR1;CLTC;MAPKAPK2;DNM2;PPP2R1A;PPP2CA;YWHAB;BAX;LYL1;SHC1;EP300;MAP2K1;RAP1A;PTPN11;NRAS;SGK1;HRAS;ADORA2A;PLCG1;ARC;MEF2D;CDK5;ID4,EC-PTC
prerank,Reactome_2022__Metabolism Of Water-Soluble Vitamins And Cofactors R-HSA-196849,0.7039870839589447,1.0154231040467274,0.5309644670050762,0.8181235306186767,1.0,47/121,16.80%,CYB5A;CYB5R3;PARP14;SLC2A1;MOCS2;PARP9;NADK2;GSTO1;PANK2;AASDHPPT;LMBRD1;NMRK1;ABCC1;TCN2;PANK3;ABCD4;MMADHC;NAXE;CD320;SLC2A3;SLC52A2;PDXK;FPGS;NMNAT1;PARP6;RFK;NADK;SHMT1;MTHFD2L;MMUT;NFS1;COASY;MCCC1;PARP10;PPCS;MTR;PDZD11;MCCC2;PARP4;NAMPT;NAXD;FLAD1;DHFR2;PNPO;MMAB;MOCS1;GSTO2,EC-PTC
prerank,Reactome_2022__Golgi Cisternae Pericentriolar Stack Reorganization R-HSA-162658,0.7506467465724248,1.0153833900305518,0.5563380281690141,0.8173712216093826,1.0,6/14,14.37%,RAB1B;GOLGA2;USO1;GORASP2;RAB2A;MAPK3,EC-PTC
prerank,Reactome_2022__Unattached Kinetochores Signal Amplification Via A MAD2 Inhibitory Signal R-HSA-141444,0.700502238979012,1.015032161010606,0.5458248472505092,0.8178533053475707,1.0,29/91,15.93%,RPS27;DYNLL1;BUB3;NUDC;PPP2CB;SKA2;PPP2R1A;PPP2CA;DYNC1LI2;XPO1;MAPRE1;DYNC1H1;CLIP1;NDEL1;SEC13;PPP1CC;PAFAH1B1;PPP2R5B;CENPQ;NUP43;MIS12;SPDL1;KIF2A;ITGB3BP;NUP107;DYNLL2;NUP37;RANGAP1;SEH1L,EC-PTC
prerank,Reactome_2022__Regulation Of Cholesterol Biosynthesis By SREBP (SREBF) R-HSA-1655829,0.7099592568882451,1.0147449042475958,0.5334029227557411,0.8180648561990732,1.0,34/55,17.70%,RAN;SQLE;FDPS;KPNB1;MBD4;CREBBP;IDI1;GGPS1;NFYB;CYP51A1;TBL1XR1;SAR1B;PMVK;INSIG2;SC5D;SREBF2;FDFT1;SCAP;TM7SF2;SREBF1;TBL1X;NFYC;DHCR7;SEC24C;GPAM;NFYA;PPARA;CARM1;MVD;LIN9;MBTPS2;HMGCR;MVK;SCD,EC-PTC
prerank,Reactome_2022__Complement Cascade R-HSA-166658,0.7097934684768767,1.014681765441653,0.5450733752620545,0.8174082313203697,1.0,9/54,11.64%,CD55;CD81;PSMA7;CD59;SERPING1;AKR1C1;CPNE2;PROS1;CPNE1,EC-PTC
prerank,Reactome_2022__Condensation Of Prophase Chromosomes R-HSA-2299718,0.7421238582391805,1.014257722221781,0.5377358490566038,0.8182029364227008,1.0,8/13,18.10%,SET;KMT5A;RAB33B;SMC4;NCAPH2;PHF8;NCAPG2;NCAPD3,EC-PTC
prerank,Reactome_2022__Deactivation Of Beta-Catenin Transactivating Complex R-HSA-3769402,0.7151381995835743,1.013633064232791,0.5539112050739958,0.8197041718717968,1.0,18/42,12.02%,UBB;RPS27A;UBA52;SOX4;UBC;CHD8;XPO1;CTBP1;SOX7;KMT2D;YWHAZ;HDAC1;BCL9L;CTNNBIP1;AKT2;CBY1;TLE3;AKT1,EC-PTC
prerank,Reactome_2022__Activation Of Pre-Replicative Complex R-HSA-68962,0.7161930562399319,1.013145471693859,0.5361380798274002,0.8207006315164447,1.0,12/32,18.22%,POLE4;RPA3;MCM7;MCM6;ORC4;POLE3;MCM5;MCM3;CDK2;POLA2;MCM8;POLE,EC-PTC
prerank,Reactome_2022__Regulation Of Gene Expression In Beta Cells R-HSA-210745,-0.5808671349923792,-1.0130433898670845,0.41836734693877553,1.0,1.0,1/20,0.17%,AKT3,EC-PTC
prerank,Reactome_2022__Chondroitin Sulfate/Dermatan Sulfate Metabolism R-HSA-1793185,0.7106824003781734,1.0129769501369585,0.5729166666666666,0.8204499386780959,1.0,25/50,16.16%,VCAN;HEXB;CHST12;CSGALNACT1;DSEL;HEXA;B3GAT3;B3GALT6;DSE;B4GALT7;BGN;CHST7;CHSY1;SDC2;CHPF2;CHST14;HSPG2;XYLT1;AGRN;CHPF;GPC3;SDC1;GPC5;IDUA;SDC4,EC-PTC
prerank,Reactome_2022__YAP1- And WWTR1 (TAZ)-stimulated Gene Expression R-HSA-2032785,0.7414194947324586,1.0125885839326103,0.5812356979405034,0.8210717838195846,1.0,6/15,12.13%,CCN2;KAT2B;TEAD2;TEAD4;WWTR1;HIPK1,EC-PTC
prerank,Reactome_2022__NEP/NS2 Interacts With Cellular Export Machinery R-HSA-168333,0.7135352108906902,1.0122756463173106,0.5391211146838156,0.8213865025370924,1.0,20/35,16.64%,RAN;POM121C;NUP54;XPO1;SEC13;NUP188;AAAS;NUP42;BLOC1S6;NUP43;NUP93;GNL3;NUP50;NUP62;NUP107;NUP35;NUP205;NUP37;SEH1L;NUP58,EC-PTC
prerank,Reactome_2022__Post NMDA Receptor Activation Events R-HSA-438064,0.7080073819667458,1.012052647041892,0.5568181818181818,0.8213387505632661,1.0,13/61,10.13%,RNASE1;CALM1;PRKAR1A;PRKAA1;RPS6KA3;CREB1;PRKAB1;PRKAR2B;NRAS;HRAS;KPNA2;NRGN;PRKAA2,EC-PTC
prerank,Reactome_2022__MyD88-independent TLR4 Cascade R-HSA-166166,0.6940332079231237,1.010610663214338,0.5458248472505092,0.8259407192207423,1.0,50/106,13.30%,UBB;RPS27A;UBA52;SKP1;JUN;DUSP6;UBE2D2;UBE2D3;NFKBIA;TLR4;FOS;NDUFA2;MAP2K3;IKBKB;TANK;DUSP3;LY96;PPP2CB;UBE2N;RELA;RPS6KA3;CREB1;NKIRAS2;UBE2V1;MAPKAPK2;PPP2R1A;UBC;PPP2CA;BIRC2;HMGB1;MAP2K1;IRAK1;PTPN11;NFKB1;USP14;IKBKG;TP53;UBE2D1;TIFA;FBXW11;TNIP2;IRF3;NFKBIB;DUSP7;IKBIP;MAPK14;MAPK9;MAPK11;IRF7;USP18,EC-PTC
prerank,Reactome_2022__Transcriptional Activation Of Mitochondrial Biogenesis R-HSA-2151201,0.7065726360841671,1.0098156635778543,0.5552115583075335,0.8279865771665352,1.0,27/52,16.68%,CYCS;CALM1;ATP5F1B;CREB1;IDH2;MBD4;CREBBP;SSBP1;TBL1XR1;NR1D1;TFAM;GLUD1;CRTC2;ALAS1;MEF2D;GABPA;ESRRA;TBL1X;HCFC1;HDAC3;POLG2;TFB2M;PPARGC1A;PPARA;CARM1;POLRMT;LIN9,EC-PTC
prerank,Reactome_2022__PKA Activation In Glucagon Signaling R-HSA-164378,0.7338641285635639,1.00953640239431,0.5647193585337915,0.8281935267477606,1.0,3/16,6.18%,GNAS;PRKAR1A;PRKAR2B,EC-PTC
prerank,"Reactome_2022__Unblocking Of NMDA Receptors, Glutamate Binding And Activation R-HSA-438066",0.7338108168412139,1.009423329846609,0.5651697699890471,0.8277043011758126,1.0,1/21,1.92%,CALM1,EC-PTC
prerank,Reactome_2022__Thrombin Signaling Thru Proteinase Activated Receptors (PARs) R-HSA-456926,0.7174773717740004,1.0094196625396208,0.5501618122977346,0.8268148527609603,1.0,12/32,12.23%,GNG11;GNG5;GNG10;GNG12;F2R;GNA14;GNA11;GNB2;GNG2;ARRB1;GNA13;GNG7,EC-PTC
prerank,MSigDB_Hallmark_2020__TNF-alpha Signaling via NF-kB,0.687435684202069,1.008583589343253,0.5466399197592778,0.7853922609618967,1.0,77/200,13.94%,HES1;BTG1;MARCKS;IER2;KLF10;G0S2;DUSP1;JUN;SQSTM1;JUNB;CEBPD;ZFP36;TRIP10;NFKBIA;SAT1;IFNGR2;EIF1;FOS;MAP2K3;EFNA1;IRF1;TANK;DDX58;RHOB;RELA;EGR1;CCL2;TAP1;LITAF;BIRC2;TGIF1;PLAU;SOD2;GADD45B;ICAM1;MCL1;DUSP5;PFKFB3;BHLHE40;TUBB2A;IFIT2;IL15RA;REL;SLC2A3;PPP1R15A;NFKB1;FOSL2;SOCS3;CCNL1;SGK1;JAG1;ATP2B1;CCRL2;PHLDA1;IER5;CDKN1A;DNAJB4;TNIP1;IFIH1;RCAN1;TNIP2;NR4A1;BMP2;CCN1;FOSB;TNFAIP2;LDLR;BCL3;CSF1;TRIB1;CD83;DRAM1;SNN;YRDC;MAFF;NINJ1;DENND5A,EC-PTC
prerank,Reactome_2022__Nef Mediated Downregulation Of MHC Class I Complex Cell Surface Expression R-HSA-164940,0.7633167577202008,1.0079051068352394,0.5793838862559242,0.831597481075315,1.0,5/10,13.60%,B2M;AP1S2;AP1S1;PACS1;HLA-A,EC-PTC
prerank,Reactome_2022__Early SARS-CoV-2 Infection Events R-HSA-9772572,0.7107746519157911,1.0075224631097985,0.5835117773019272,0.8321519326624629,1.0,10/36,5.46%,FURIN;CHMP2A;ISCU;CTSL;VCP;MAP1LC3B;ZCRB1;CHMP4B;CHMP2B;CHMP4C,EC-PTC
prerank,Reactome_2022__G Alpha (I) Signaling Events R-HSA-418594,0.683946134319596,1.007349487587897,0.56,0.8319208596296294,1.0,35/310,10.05%,GNG11;HEBP1;NPY1R;GNG5;GNAS;SSTR2;CALM1;PRKAR1A;GNG10;ANXA1;PPP2CB;CREB1;CXCL16;GNG12;RGS5;PPP2R1A;PPP2CA;KNG1;PRKAR2B;GNA14;PDE4A;GRK2;GNA11;GNB2;GNG2;CX3CL1;PPP1CA;PTGER3;KPNA2;AHCYL1;RGS19;CCL21;GNAI1;RGS12;CDK5,EC-PTC
prerank,Reactome_2022__Creatine Metabolism R-HSA-71288,0.7526546988731131,1.0065843956776106,0.5578069129916567,0.8338487419154025,1.0,4/10,20.48%,CKB;SLC6A12;SLC6A8;GAMT,EC-PTC
prerank,Reactome_2022__FCGR3A-mediated Phagocytosis R-HSA-9664422,0.7106153389631082,1.0063397926458473,0.582983193277311,0.833819235247371,1.0,13/56,6.18%,RNASE1;BRK1;ARPC2;ARPC3;ARPC1A;ARPC5;ARPC1B;ACTR2;CRK;WASL;CDC42;YES1;MYO10,EC-PTC
prerank,"Reactome_2022__Glutamate Binding, Activation Of AMPA Receptors And Synaptic Plasticity R-HSA-399721",0.7178868282304589,1.0061908627293403,0.5732620320855615,0.8334657219443897,1.0,2/31,1.60%,AP2M1;AP2S1,EC-PTC
prerank,Reactome_2022__Activation Of NMDA Receptors And Postsynaptic Events R-HSA-442755,0.6996273401698876,1.006098631163001,0.5627572016460906,0.8328993834085952,1.0,20/74,14.37%,RNASE1;CALM1;PRKAR1A;LIN7C;PRKAA1;RPS6KA3;CREB1;PRKAB1;PRKAR2B;NRAS;HRAS;KPNA2;NRGN;PRKAA2;KIF17;PRKAR1B;GIT1;LIN7A;CASK;MAPK3,EC-PTC
prerank,Reactome_2022__Elastic Fibre Formation R-HSA-1566948,0.7132478446276992,1.0058483349777414,0.5714285714285714,0.8329643406295546,1.0,11/39,11.82%,FURIN;ITGAV;TGFB1;LTBP3;ITGB5;FBN1;LOXL2;ITGB8;ITGB1;EFEMP2;BMP2,EC-PTC
prerank,Reactome_2022__FGFR2b Ligand Binding And Activation R-HSA-190377,0.754201852914651,1.0056977828079827,0.5870098039215687,0.8326051210646964,1.0,5/10,24.59%,FGFR2;FGF1;FGF7;FGF13;FGFBP3,EC-PTC
prerank,Reactome_2022__Phospholipid Metabolism R-HSA-1483257,0.6899337597402088,1.0051604082134116,0.5405405405405406,0.8337369680062616,1.0,83/207,17.39%,LPIN2;STARD7;CSNK2B;INPP4B;PTPMT1;AGPAT5;PNPLA6;RAB14;PLD3;SLC44A1;SLC44A2;CDIPT;TNFAIP8L1;RAB5A;PLEKHA1;CPNE3;MTMR2;AGPAT2;MTMR10;HADHA;SYNJ2;STARD10;MTMR12;HADHB;PIP4P1;PRKCSH;PGS1;PITPNM2;OSBPL8;PTEN;PTDSS1;SACM1L;PIK3C2B;RAB4A;INPPL1;MGLL;PISD;AGPAT1;CHKA;ARF3;DGAT1;MBOAT2;PIP5K1A;OCRL;DDHD1;MBOAT7;MTMR9;GDE1;CDS2;PI4K2B;AGPAT3;PTPN13;LPCAT2;CPNE1;PLA2G12A;PLEKHA3;LPCAT1;GPAT4;PCYT1A;LPIN1;SELENOI;CHKB;CHPT1;GDPD5;PCYT2;CLSTN1;GPAT2;MTMR14;PIP4K2C;GPAM;PIP5K1C;LPCAT3;SLC44A4;AGPAT4;ABHD4;LPIN3;PLEKHA6;AGK;PEMT;PIK3C2G;SLC44A3;PLA2G4B;PLA2G15,EC-PTC
prerank,Reactome_2022__Regulation Of TP53 Activity Thru Association With Co-factors R-HSA-6804759,-0.5824341094456996,-1.0047993518980345,0.4357142857142857,1.0,1.0,3/14,2.57%,AKT3;PPP1R13B;TP63,EC-PTC
prerank,Reactome_2022__EML4 And NUDC In Mitotic Spindle Formation R-HSA-9648025,0.6917664913159249,1.0044144007948448,0.5772357723577236,0.8355664199446863,1.0,29/95,15.93%,RPS27;DYNLL1;BUB3;NUDC;PPP2CB;SKA2;PPP2R1A;PPP2CA;DYNC1LI2;XPO1;MAPRE1;DYNC1H1;CLIP1;NDEL1;SEC13;PPP1CC;PAFAH1B1;PPP2R5B;CENPQ;NUP43;MIS12;SPDL1;KIF2A;ITGB3BP;NUP107;DYNLL2;NUP37;RANGAP1;SEH1L,EC-PTC
prerank,Reactome_2022__Formation Of Fibrin Clot (Clotting Cascade) R-HSA-140877,0.7052114871258072,1.0044041793912508,0.5782241014799154,0.8347087592879636,1.0,9/37,10.43%,TFPI;PRCP;C1QBP;F8;KNG1;SERPING1;F2R;PROS1;F13A1,EC-PTC
prerank,Reactome_2022__Telomere C-strand (Lagging Strand) Synthesis R-HSA-174417,0.7076730474837283,1.0038507971493593,0.565356004250797,0.8358689694972591,1.0,15/33,18.99%,TERF2IP;RPA3;PCNA;TERF1;TINF2;POLD4;STN1;POLD2;POLD1;ACD;RFC2;POLA2;CTC1;LRIG1;DSCC1,EC-PTC
prerank,MSigDB_Hallmark_2020__Fatty Acid Metabolism,0.6908329590102783,1.003459142702902,0.5463709677419355,0.7878606338762303,1.0,62/157,10.24%,MIF;LDHA;S100A10;PRDX6;G0S2;PSME1;ODC1;MDH2;SDHD;CBR1;HSP90AA1;ERP29;CA2;PDHB;OSTC;ECH1;LGALS1;DECR1;APEX1;ECHS1;UBE2L6;ACAA1;PTS;SDHA;ACADVL;SUCLG1;SMS;IDI1;SERINC1;IDH3B;ACO2;HSD17B10;PCBD1;RDH11;HADHB;MDH1;ECI1;IDH3G;IDH1;ACAA2;KMT5A;YWHAH;ECI2;GLUL;PDHA1;CD36;ACOT2;HCCS;MGLL;ALDH3A2;UROD;MAOA;GRHPR;HADH;UROS;ACADM;CRYZ;HSD17B4;NTHL1;ADSL;ALDOA;TP53INP2,EC-PTC
prerank,Reactome_2022__Telomere C-strand Synthesis Initiation R-HSA-174430,0.7514517909325905,1.002963181646518,0.5804935370152762,0.8382180113409209,1.0,7/12,18.14%,TERF2IP;TERF1;TINF2;STN1;ACD;POLA2;CTC1,EC-PTC
prerank,Reactome_2022__Passive Transport By Aquaporins R-HSA-432047,0.7479269431953308,1.002178390854187,0.5909617612977984,0.8401153433294268,1.0,2/12,10.04%,AQP2;AQP3,EC-PTC
prerank,Reactome_2022__Activation Of AMPK Downstream Of NMDARs R-HSA-9619483,0.7546549096352367,1.0013407596541106,0.5965978128797084,0.8422025219441698,1.0,4/10,10.13%,CALM1;PRKAA1;PRKAB1;PRKAA2,EC-PTC
prerank,MSigDB_Hallmark_2020__IL-6/JAK/STAT3 Signaling,0.6976113862513595,1.0002049961570354,0.5773195876288659,0.7819077759372629,1.0,26/87,12.82%,STAT1;JUN;CD9;TGFB1;IFNGR2;IFNAR1;IRF9;IRF1;OSMR;STAT2;ACVRL1;HAX1;TNFRSF12A;IL15RA;LTBR;PTPN11;CD36;SOCS3;IL2RG;IL10RB;ACVR1B;IL13RA1;LEPR;PTPN1;STAM2;CSF1,EC-PTC
prerank,Reactome_2022__Olfactory Signaling Pathway R-HSA-381753,-0.879858058222039,-1.0,1.0,1.0,1.0,2/385,1.84%,LDB2;EBF1,EC-PTC
prerank,Reactome_2022__Expression And Translocation Of Olfactory Receptors R-HSA-9752946,-0.9230647482619431,-1.0,1.0,1.0,1.0,2/377,1.84%,LDB2;EBF1,EC-PTC
prerank,Reactome_2022__Transport Of Inorganic Cations/Anions And Amino Acids/Oligopeptides R-HSA-425393,0.6854387747280882,0.9992699547581394,0.5804480651731161,0.8487270864157017,1.0,24/104,16.76%,SLC38A2;SLC3A2;SRI;SLC12A1;CALM1;SLC4A2;SLC17A5;SLC15A3;SLC1A1;SLC26A11;SLC20A2;SLC26A2;SLC12A2;SLC1A5;SLC6A12;SLC12A4;SLC20A1;SLC36A4;SLC7A6;SLC38A1;CTNS;SLC15A4;SLC25A26;SLC4A4,EC-PTC
prerank,Reactome_2022__DNA Strand Elongation R-HSA-69190,0.7022365968106963,0.9979640646054708,0.5813704496788008,0.8524112136547073,1.0,17/31,20.77%,RPA3;MCM7;PCNA;POLD4;POLD2;MCM6;MCM5;MCM3;POLD1;RFC2;POLA2;MCM8;LRIG1;GINS3;MCM4;FEN1;SLC19A1,EC-PTC
prerank,Reactome_2022__RUNX2 Regulates Osteoblast Differentiation R-HSA-8940973,-0.557885006991263,-0.9973757819263426,0.44155844155844154,1.0,1.0,4/23,2.37%,ZNF521;MAF;YAP1;RB1,EC-PTC
prerank,Reactome_2022__SUMOylation R-HSA-2990846,0.6787010373950597,0.99703244618766,0.5973763874873865,0.8547959908866248,1.0,82/172,16.64%,SUMO2;PARK7;NPM1;SUMO1;CBX5;NFKBIA;SATB1;TRIM28;SMC3;HNRNPK;HDAC7;TOP1;UBE2I;POM121C;RELA;PCNA;HDAC2;PHC2;CHD3;PCGF2;CREBBP;DAXX;NUP54;MBD1;DNMT1;SMC1A;EP300;CTBP1;RAD21;NR1H2;XPC;SEC13;NUP188;SP100;RWDD3;ZBED1;AAAS;NUP42;UBA2;NSMCE3;IKBKG;TP53;SUZ12;RARA;HDAC1;NSMCE1;NSMCE4A;TRIM27;SENP5;THRA;MTA1;SAE1;TP53BP1;PARP1;NUP43;NUP93;PPARG;CETN2;TOPORS;SIN3A;NR5A2;NUP50;NUP62;NUP107;NR1H3;SAFB;PPARGC1A;CBX2;TOP2B;NUP35;SATB2;MDM2;NUP205;NUP37;SENP1;CASP8AP2;RANGAP1;SEH1L;PPARA;L3MBTL2;MITF;NUP58,EC-PTC
prerank,Reactome_2022__Platelet Homeostasis R-HSA-418346,0.6866088157450341,0.9969097181145627,0.6,0.8542718231849533,1.0,18/82,8.99%,GNG11;GNG5;GNAS;SRI;CALM1;GNG10;ORAI1;PPP2CB;GNG12;PPP2R1A;PPP2CA;ORAI2;GNB2;ATP2A2;PTPN11;GNG2;KCNMB4;ATP2B1,EC-PTC
prerank,Reactome_2022__SUMOylation Of DNA Damage Response And Repair Proteins R-HSA-3108214,0.6923643593009368,0.9962804098459959,0.5973084886128365,0.8555613449795225,1.0,32/75,15.93%,SUMO2;SUMO1;SMC3;HDAC7;UBE2I;POM121C;PHC2;PCGF2;NUP54;SMC1A;RAD21;XPC;SEC13;NUP188;SP100;AAAS;NUP42;NSMCE3;NSMCE1;NSMCE4A;PARP1;NUP43;NUP93;CETN2;NUP50;NUP62;NUP107;CBX2;NUP35;NUP205;NUP37;SEH1L,EC-PTC
prerank,Reactome_2022__Non-integrin membrane-ECM Interactions R-HSA-3000171,0.699552606402115,0.9962158076484393,0.6002109704641351,0.8548568510828681,1.0,22/41,17.41%,ITGAV;ACTN1;TRAPPC4;LAMC1;TGFB1;ITGB5;DAG1;LAMA5;DDR1;SDC2;ITGB1;LAMB1;ITGA2;HSPG2;CASK;AGRN;LAMA4;SDC1;SDC4;THBS1;PDGFA;DDR2,EC-PTC
prerank,MSigDB_Hallmark_2020__Myogenesis,0.6798489413008796,0.9961114349451218,0.5985985985985987,0.7789937558652327,1.0,64/199,13.62%,IGFBP7;CRYAB;COX7A1;GABARAPL2;GSN;BAG1;COL3A1;KIFC3;MYL6B;PRNP;SYNGR2;SPARC;TGFB1;EIF4A2;FDPS;COL6A3;TPD52L1;CKB;HDAC5;ATP6AP1;SIRT2;COL4A2;GADD45B;ITGB5;TPM2;BHLHE40;NOTCH1;DTNA;GAA;CD36;PSEN2;IFRD1;RIT1;SORBS3;COL6A2;FHL1;FLII;MEF2D;CHRNB1;TSC2;SOD3;BIN1;MYLK;AK1;MYH9;CDKN1A;PFKM;TEAD4;MAPK12;AKT2;GPX3;AGL;TPM3;ITGB1;PDE4DIP;WWTR1;DMPK;SH2B1;COL15A1;SSPN;TAGLN;SVIL;LPIN1;BDKRB2,EC-PTC
prerank,Reactome_2022__RMTs Methylate Histone Arginines R-HSA-3214858,0.7103200107507022,0.9960007998573588,0.6006458557588805,0.8547159358223303,1.0,16/30,16.51%,RPS2;PRMT1;COPRS;RBBP7;CDK4;SMARCB1;SMARCD1;SMARCC2;SMARCA4;SMARCA2;SMARCE1;ACTL6A;SMARCC1;WDR77;CARM1;WDR5,EC-PTC
prerank,Reactome_2022__Extra-nuclear Estrogen Signaling R-HSA-9009391,0.691041077356469,0.9944789307971381,0.5875127942681678,0.8590770456064171,1.0,26/73,12.23%,GNG11;GNG5;PRMT1;CALM1;CAV1;HSP90AA1;FOS;GNG10;CAV2;CREB1;GNG12;XPO1;SHC1;ZDHHC7;STRN;GNB2;NRAS;GNG2;EGF;HRAS;GNAI1;AKT2;UHMK1;BCL2;AKT1;GNG7,EC-PTC
prerank,Reactome_2022__Toll Like Receptor 3 (TLR3) Cascade R-HSA-168164,0.6832753809905683,0.9939777748571615,0.5908163265306122,0.8598191280582008,1.0,47/103,13.30%,UBB;RPS27A;UBA52;SKP1;JUN;DUSP6;UBE2D2;UBE2D3;NFKBIA;FOS;MAP2K3;IKBKB;TANK;DUSP3;PPP2CB;UBE2N;RELA;RPS6KA3;CREB1;NKIRAS2;UBE2V1;MAPKAPK2;PPP2R1A;UBC;PPP2CA;BIRC2;HMGB1;MAP2K1;IRAK1;NFKB1;USP14;IKBKG;TP53;UBE2D1;TIFA;FBXW11;TNIP2;IRF3;NFKBIB;DUSP7;IKBIP;TLR3;MAPK14;MAPK9;MAPK11;IRF7;USP18,EC-PTC
prerank,Reactome_2022__MyD88:MAL(TIRAP) Cascade Initiated On Plasma Membrane R-HSA-166058,0.6820847850333162,0.9938273911719497,0.6004056795131846,0.859446673479073,1.0,36/112,8.78%,UBB;RPS27A;UBA52;SKP1;JUN;DUSP6;NFKBIA;TLR4;FOS;NDUFA2;MAP2K3;SIGIRR;IKBKB;TANK;DUSP3;LY96;PPP2CB;UBE2N;RELA;RPS6KA3;CREB1;NKIRAS2;UBE2V1;MAPKAPK2;PPP2R1A;UBC;PPP2CA;HMGB1;MAP2K1;IRAK1;NFKB1;CD36;MAP3K1;USP14;IKBKG;TP53,EC-PTC
prerank,Reactome_2022__Glyoxylate Metabolism And Glycine Degradation R-HSA-389661,0.7089383398356288,0.9937149324579165,0.5847639484978541,0.8589269128548672,1.0,11/31,15.24%,NDUFAB1;PDHB;PDHA1;GRHPR;GOT2;GCSH;PXMP2;PDHX;DLAT;LIPT1;DLST,EC-PTC
prerank,Reactome_2022__Canonical Retinoid Cycle In Rods (Twilight Vision) R-HSA-2453902,0.7163767867077707,0.9936653904364806,0.5801526717557252,0.8581841687438188,1.0,5/23,17.17%,RBP1;RDH11;NAPEPLD;RDH5;RBP4,EC-PTC
prerank,Reactome_2022__Diseases Associated With Glycosaminoglycan Metabolism R-HSA-3560782,0.6959642798051301,0.9936641793136141,0.6006322444678609,0.8572821710577788,1.0,17/40,16.16%,VCAN;HEXB;HEXA;B3GAT3;B3GALT6;B4GALT7;SLC26A2;BGN;CHSY1;SDC2;CHST14;HSPG2;AGRN;GPC3;SDC1;GPC5;SDC4,EC-PTC
prerank,Reactome_2022__Fcgamma Receptor (FCGR) Dependent Phagocytosis R-HSA-2029480,0.6906118240470795,0.9934649116225038,0.6168898043254377,0.8570767816991106,1.0,27/83,12.21%,RNASE1;BRK1;ARPC2;ARPC3;ARPC1A;ARPC5;HSP90AA1;ARPC1B;ACTR2;CRK;PLD3;WASL;CDC42;YES1;PKN1;PRKCSH;MYO10;CYFIP2;VPS72;PLCG1;AHCYL1;MYH9;HSP90AB1;NCK1;PLPP5;ITPR2;MYO9B,EC-PTC
prerank,Reactome_2022__Chromatin Modifying Enzymes R-HSA-3247509,0.6789747483970937,0.9932952879989739,0.595,0.8567709813351791,1.0,97/204,16.63%,RPS2;ENY2;KDELR2;SAP18;USP22;PRMT1;COPRS;DPY30;HMG20B;RBBP7;MORF4L2;TADA3;CDK4;TAF10;HAT1;ELP5;EHMT2;KAT2B;RELA;MORF4L1;HDAC2;SMARCB1;CHD4;CHD3;CREBBP;TAF9;ARID5B;GPS2;RBBP4;NSD3;TBL1XR1;MRGBP;KDM4B;EP300;KMT5A;KMT2D;SETD3;KAT5;NFKB1;SAP30L;VPS72;KAT7;MBIP;ARID4A;MCRS1;BRD8;SUZ12;HDAC1;MSL3;JMJD6;ELP2;KDM5A;MTA1;MSL1;DR1;SMARCD1;SMARCC2;SUDS3;MTA2;ATXN7L3;KDM1A;SMARCA4;TRRAP;RUVBL2;YEATS4;DMAP1;ASH1L;KANSL2;ING5;SMARCA2;BRWD1;SMARCE1;TBL1X;HCFC1;BRPF3;SETD7;HDAC3;ACTL6A;SUPT7L;ELP6;KAT8;MEAF6;TADA2B;KMT2B;SMARCC1;SETD1B;RIOX2;DOT1L;BRMS1L;KDM5C;WDR77;TAF12;KDM5D;RUVBL1;CARM1;WDR5;SETDB2,EC-PTC
prerank,Reactome_2022__Toll-like Receptor Cascades R-HSA-168898,0.6766934254702729,0.9930113465261142,0.5913654618473896,0.8568221960517035,1.0,63/161,13.30%,UBB;RPS27A;UBA52;SKP1;CTSL;JUN;DUSP6;UBE2D2;UBE2D3;NFKBIA;TLR4;FOS;NDUFA2;MAP2K3;SIGIRR;IKBKB;TANK;DUSP3;LY96;PPP2CB;UBE2N;CTSB;RELA;EEA1;RPS6KA3;CREB1;NKIRAS2;UBE2V1;MAPKAPK2;DNM2;PPP2R1A;UBC;PPP2CA;CNPY3;BIRC2;HMGB1;GSDMD;MAP2K1;IRAK1;PTPN11;NFKB1;CD36;MAP3K1;USP14;IKBKG;TP53;LGMN;IRAK4;HSP90B1;UBE2D1;TIFA;FBXW11;TNIP2;IRF3;NFKBIB;DUSP7;IKBIP;TLR3;MAPK14;MAPK9;MAPK11;IRF7;USP18,EC-PTC
prerank,Reactome_2022__SUMO E3 Ligases SUMOylate Target Proteins R-HSA-3108232,0.6758115275924634,0.9919967626903199,0.6090909090909091,0.8593847636362274,1.0,77/166,16.64%,SUMO2;PARK7;NPM1;SUMO1;CBX5;NFKBIA;SATB1;TRIM28;SMC3;HNRNPK;HDAC7;TOP1;UBE2I;POM121C;RELA;PCNA;HDAC2;PHC2;CHD3;PCGF2;CREBBP;DAXX;NUP54;MBD1;DNMT1;SMC1A;EP300;CTBP1;RAD21;NR1H2;XPC;SEC13;NUP188;SP100;ZBED1;AAAS;NUP42;NSMCE3;IKBKG;TP53;SUZ12;RARA;HDAC1;NSMCE1;NSMCE4A;TRIM27;THRA;MTA1;TP53BP1;PARP1;NUP43;NUP93;PPARG;CETN2;TOPORS;SIN3A;NR5A2;NUP50;NUP62;NUP107;NR1H3;SAFB;PPARGC1A;CBX2;TOP2B;NUP35;SATB2;MDM2;NUP205;NUP37;CASP8AP2;RANGAP1;SEH1L;PPARA;L3MBTL2;MITF;NUP58,EC-PTC
prerank,Reactome_2022__RHOBTB3 ATPase Cycle R-HSA-9706019,0.7522535408863045,0.9917700446909161,0.6028537455410226,0.859196405776333,1.0,4/10,11.00%,RAB9A;RHOBTB3;HGS;LRRC41,EC-PTC
prerank,Reactome_2022__Activation Of ATR In Response To Replication Stress R-HSA-176187,0.6910013553163548,0.9916944662386805,0.5936170212765958,0.8585365740478083,1.0,13/35,19.57%,RPA3;MCM7;RAD17;MCM6;ORC4;MCM5;MCM3;CDK2;RFC2;HUS1;ATRIP;MCM8;MCM4,EC-PTC
prerank,Reactome_2022__Nonhomologous End-Joining (NHEJ) R-HSA-5693571,0.7003571875651384,0.9916590253427771,0.5976768743400211,0.8577551568670253,1.0,12/34,10.90%,XRCC6;UBE2N;XRCC5;PRKDC;UBE2V2;KAT5;BABAM1;ATM;ABRAXAS1;TDP2;POLM;TP53BP1,EC-PTC
prerank,Reactome_2022__RHOA GTPase Cycle R-HSA-8980692,0.6785947513762925,0.9907847660990019,0.6088709677419355,0.8597198489888279,1.0,50/147,10.91%,KTN1;ARHGAP18;ARHGAP5;STOM;LMAN1;BCAP31;CAV1;ARHGDIA;ROCK2;DDRGK1;C1QBP;DLC1;ARHGEF15;RHOA;VANGL1;ATP6AP1;FAM13A;FMNL3;ARHGDIB;LBR;PKN1;JUP;EMC3;DAAM1;ARHGAP29;VAMP3;ARHGEF2;FLOT1;ACBD5;PRKCSH;PGRMC2;FLOT2;ROCK1;ARHGAP23;CCDC115;AAAS;TMPO;ERBIN;ARHGEF40;ARAP2;TEX2;DIAPH1;ARHGAP24;FAF2;ARHGEF11;MCAM;HMOX2;ARHGAP1;PRPF38B;ARHGAP10,EC-PTC
prerank,Reactome_2022__Reduction Of Cytosolic Ca++ Levels R-HSA-418359,0.7451612686380601,0.9907751034585394,0.6088992974238876,0.8588548687334294,1.0,4/11,8.99%,SRI;CALM1;ATP2A2;ATP2B1,EC-PTC
prerank,Reactome_2022__Sema3A PAK Dependent Axon Repulsion R-HSA-399954,0.7265186997587102,0.9905952155248376,0.6116173120728929,0.8585228839186216,1.0,7/16,11.93%,RNASE1;HSP90AA1;PKN1;FES;VPS72;HSP90AB1;PLXNA2,EC-PTC
prerank,Reactome_2022__RUNX3 Regulates NOTCH Signaling R-HSA-8941856,0.7340596714094365,0.9895403933544364,0.6064441887226697,0.8610628249102946,1.0,7/13,11.78%,SNW1;KAT2B;CREBBP;EP300;NOTCH1;JAG1;RBPJ,EC-PTC
prerank,Reactome_2022__Phase 2 - Plateau Phase R-HSA-5576893,0.7280860616598354,0.9887782739498744,0.6074240719910011,0.862599544840344,1.0,1/15,2.77%,KCNE4,EC-PTC
prerank,Reactome_2022__Adherens Junctions Interactions R-HSA-418990,-0.5408284769103494,-0.9887282714079078,0.45569620253164556,1.0,1.0,4/29,0.90%,CTNNB1;CDH13;AFDN;CTNNA1,EC-PTC
prerank,Reactome_2022__TRAF6 Mediated Induction Of NFkB And MAP Kinases Upon TLR7/8 Or 9 Activation R-HSA-975138,0.6803400202337933,0.9885771472534804,0.6130346232179226,0.8623579573068048,1.0,34/100,8.78%,UBB;RPS27A;UBA52;SKP1;JUN;DUSP6;NFKBIA;TLR4;FOS;NDUFA2;MAP2K3;IKBKB;TANK;DUSP3;LY96;PPP2CB;UBE2N;RELA;RPS6KA3;CREB1;NKIRAS2;UBE2V1;MAPKAPK2;PPP2R1A;UBC;PPP2CA;HMGB1;MAP2K1;IRAK1;NFKB1;MAP3K1;USP14;IKBKG;TP53,EC-PTC
prerank,Reactome_2022__Toll Like Receptor 7/8 (TLR7/8) Cascade R-HSA-168181,0.6801992855961277,0.9884433374833341,0.6116207951070336,0.8618994972723889,1.0,46/102,13.30%,UBB;RPS27A;UBA52;SKP1;JUN;DUSP6;NFKBIA;TLR4;FOS;NDUFA2;MAP2K3;IKBKB;TANK;DUSP3;LY96;PPP2CB;UBE2N;RELA;RPS6KA3;CREB1;NKIRAS2;UBE2V1;MAPKAPK2;PPP2R1A;UBC;PPP2CA;HMGB1;MAP2K1;IRAK1;NFKB1;MAP3K1;USP14;IKBKG;TP53;IRAK4;TIFA;FBXW11;TNIP2;NFKBIB;DUSP7;IKBIP;MAPK14;MAPK9;MAPK11;IRF7;USP18,EC-PTC
prerank,Reactome_2022__Erythrocytes Take Up Carbon Dioxide And Release Oxygen R-HSA-1237044,0.7428548042378496,0.988271494773423,0.600715137067938,0.8615831897454499,1.0,3/11,13.44%,CA2;CYB5R1;CA4,EC-PTC
prerank,Reactome_2022__MyD88 Dependent Cascade Initiated On Endosome R-HSA-975155,0.6802029058867192,0.9882055665090381,0.6126401630988787,0.8609074236167752,1.0,46/101,13.30%,UBB;RPS27A;UBA52;SKP1;JUN;DUSP6;NFKBIA;TLR4;FOS;NDUFA2;MAP2K3;IKBKB;TANK;DUSP3;LY96;PPP2CB;UBE2N;RELA;RPS6KA3;CREB1;NKIRAS2;UBE2V1;MAPKAPK2;PPP2R1A;UBC;PPP2CA;HMGB1;MAP2K1;IRAK1;NFKB1;MAP3K1;USP14;IKBKG;TP53;IRAK4;TIFA;FBXW11;TNIP2;NFKBIB;DUSP7;IKBIP;MAPK14;MAPK9;MAPK11;IRF7;USP18,EC-PTC
prerank,Reactome_2022__Vpr-mediated Nuclear Import Of PICs R-HSA-180910,0.6954748607197845,0.9878121139130623,0.6051227321237994,0.8612973382782988,1.0,21/35,16.64%,POM121C;KPNA1;BANF1;NUP54;PSIP1;SEC13;NUP188;AAAS;NUP42;HMGA1;NUP43;NUP93;NUP50;NUP62;NUP107;NUP35;NUP205;NUP37;SEH1L;SGIP1;NUP58,EC-PTC
prerank,Reactome_2022__Response Of EIF2AK1 (HRI) To Heme Deficiency R-HSA-9648895,0.7204746960035046,0.9874537561839052,0.6090395480225989,0.8615478165709103,1.0,8/15,7.96%,EIF2S2;ATF4;DDIT3;CEBPG;EIF2S1;EIF2AK1;PPP1R15A;EIF2S3,EC-PTC
prerank,Reactome_2022__Signaling By Receptor Tyrosine Kinases R-HSA-9006934,0.6721443383851177,0.9868662868966182,0.6436436436436437,0.8625402733908231,1.0,173/496,13.57%,ID3;ID1;HIF1A;RNASE1;UBB;RPS27A;ATP6V1G1;CLTA;CDC37;ATP6V0B;ATP6V0E1;ATP6V0C;UBA52;POLR2J;FURIN;HSPB1;AP2M1;STAT1;BRK1;DUSP6;POLR2L;POLR2F;POLR2K;POLR2H;PTBP1;ITGAV;HNRNPF;AP2S1;CALM1;RNMT;LAMC1;JUND;CAV1;SPARC;HSP90AA1;MXD4;MAP2K2;POLR2C;TIAL1;SPINT2;FOS;ROCK2;TNS3;COL6A3;VEGFB;CRK;POLR2I;STUB1;RHOA;HNRNPA1;ATP6V0D1;ATP6V1F;STMN1;COPS2;DUSP3;AAMP;PPP2CB;RALB;ATP6AP1;HDAC2;NCBP2;RPS6KA3;CREB1;CDC42;CHD4;ATP6V1A;EGR1;ARF6;CLTC;YES1;MAPKAPK2;EPN1;DNM2;SPRY2;POLR2E;PPP2R1A;UBC;NEDD4;PKN1;PPP2CA;JUP;ATP6V1C1;YWHAB;BAX;PSENEN;LYL1;SHC1;COL4A2;FES;EP300;APH1B;KDR;MAP2K1;HNRNPM;BCAR1;RAP1A;CDH5;HGS;ROCK1;RAB4A;COL6A1;CSK;TCIRG1;PTPN11;LAMA5;IL2RG;ATP6V1E1;POLR2A;CYFIP2;NRAS;ERBIN;APH1A;PSEN2;EGF;SGK1;HRAS;STAT6;CYBA;ADORA2A;ATP6V0E2;HDAC1;DIAPH1;PLCG1;SPINT1;AHCYL1;COL6A2;ARC;MEF2D;RICTOR;GGA3;CDK5;ID4;RNF41;POLR2D;PTPN12;ERBB2;MAPK12;CXXC1;AKT2;STK4;PTPN1;ITGB1;HPN;DUSP7;NCK1;FOSB;ITPR2;AKT1;LAMB1;DOCK7;STAM2;COL4A4;GABRB2;ATP6V1H;MLST8;ATP6V1D;KIDINS220;MAPK14;FLT3LG;ITGA2;KITLG;POLR2B;TRIB1;NTRK2;MAPK11;FLRT3;SIN3A;RALGDS;HDAC3;PTPN6;RALA;THBS3;POLR2G,EC-PTC
prerank,Reactome_2022__Resolution Of Sister Chromatid Cohesion R-HSA-2500257,0.677765263329856,0.9861617565507119,0.6288032454361054,0.8639712478703662,1.0,29/104,14.19%,RPS27;DYNLL1;BUB3;SMC3;NUDC;PPP2CB;SKA2;PPP2R1A;PPP2CA;DYNC1LI2;XPO1;MAPRE1;SMC1A;DYNC1H1;RAD21;CLIP1;NDEL1;SEC13;PPP1CC;PAFAH1B1;PPP2R5B;CENPQ;NUP43;MIS12;SPDL1;KIF2A;ITGB3BP;NUP107;DYNLL2,EC-PTC
prerank,Reactome_2022__Heme Degradation R-HSA-189483,0.7233682181147437,0.9858139594126442,0.6118721461187214,0.8641916143319286,1.0,4/16,10.27%,BLVRB;GUSB;ABCC1;HMOX2,EC-PTC
prerank,Reactome_2022__Toll Like Receptor 9 (TLR9) Cascade R-HSA-168138,0.6783735407872705,0.9855825599696285,0.6234693877551021,0.8640228416769578,1.0,47/105,13.30%,UBB;RPS27A;UBA52;SKP1;JUN;DUSP6;NFKBIA;TLR4;FOS;NDUFA2;MAP2K3;IKBKB;TANK;DUSP3;LY96;PPP2CB;UBE2N;RELA;EEA1;RPS6KA3;CREB1;NKIRAS2;UBE2V1;MAPKAPK2;PPP2R1A;UBC;PPP2CA;HMGB1;MAP2K1;IRAK1;NFKB1;MAP3K1;USP14;IKBKG;TP53;IRAK4;TIFA;FBXW11;TNIP2;NFKBIB;DUSP7;IKBIP;MAPK14;MAPK9;MAPK11;IRF7;USP18,EC-PTC
prerank,Reactome_2022__Neuronal System R-HSA-112316,0.6693545125248055,0.9854161515232511,0.657,0.8636316304832133,1.0,63/386,14.64%,RNASE1;GNG11;SLC38A2;GNG5;AP2M1;AP2S1;CALM1;COMT;VAMP2;PRKAR1A;GNG10;LIN7C;ARL6IP5;NPTN;HSPA8;PRKAA1;RPS6KA3;CREB1;GNG12;PRKAB1;HOMER3;KCNK6;FLOT1;RTN3;SLC1A1;PRKAR2B;PPFIA3;FLOT2;GLUL;GNB2;SHARPIN;NRAS;DNAJC5;GNG2;HRAS;EPB41L3;KCNMB4;MAOA;KCNJ16;KPNA2;KCNN2;NRGN;GNAI1;PRKAA2;UNC13B;KIF17;EPB41L5;SLC6A12;GABRB2;GNG7;KCNJ1;PRKAR1B;KCNC4;GIT1;LIN7A;ADCY6;EPB41L1;SLC22A2;CASK;MAPK3;PICK1;KCNJ3;SLC38A1,EC-PTC
prerank,Reactome_2022__Bile Acid And Bile Salt Metabolism R-HSA-194068,0.6891006096676243,0.9852670773408444,0.6305931321540063,0.8631956530634434,1.0,11/45,15.63%,OSBPL1A;AKR1C3;OSBP;AKR1C1;HSD17B4;AMACR;OSBPL2;OSBPL9;CYP27A1;ACOT8;SLC27A5,EC-PTC
prerank,Reactome_2022__Defective Pyroptosis R-HSA-9710421,0.7220846123149166,0.984221993148881,0.5988372093023255,0.8655777880631111,1.0,4/13,8.96%,RBBP7;RBBP4;DNMT1;SUZ12,EC-PTC
prerank,Reactome_2022__TP53 Regulates Transcription Of Genes Involved In G1 Cell Cycle Arrest R-HSA-6804116,0.7293354619525437,0.9841156342269217,0.6100917431192661,0.8650233120697006,1.0,6/14,16.55%,TP53;CDKN1A;E2F7;ARID3A;CDK2;ZNF385A,EC-PTC
prerank,Reactome_2022__Metabolism Of Cofactors R-HSA-8978934,0.705860709090826,0.9840120487309317,0.6117908787541713,0.8644868780092843,1.0,7/19,12.43%,CALM1;HSP90AA1;PTS;IDH1;GCHFR;AKT1;COQ9,EC-PTC
prerank,Reactome_2022__Meiotic Recombination R-HSA-912446,0.7050375381525079,0.9839043702706881,0.6110509209100758,0.8639420441343053,1.0,7/26,15.83%,CDK4;RPA3;ATM;RBBP8;RAD50;RAD51C;CDK2,EC-PTC
prerank,Reactome_2022__Signaling By NTRK1 (TRKA) R-HSA-187037,0.6782011117298498,0.9824616475291418,0.6349848331648129,0.8674681989260873,1.0,38/114,10.15%,ID3;ID1;CLTA;AP2M1;DUSP6;AP2S1;JUND;MAP2K2;FOS;CRK;RHOA;DUSP3;PPP2CB;RALB;RPS6KA3;CREB1;CHD4;EGR1;CLTC;MAPKAPK2;DNM2;PPP2R1A;PPP2CA;YWHAB;LYL1;SHC1;EP300;MAP2K1;RAP1A;NRAS;SGK1;HRAS;ADORA2A;PLCG1;ARC;MEF2D;CDK5;ID4,EC-PTC
prerank,Reactome_2022__Keratan Sulfate/Keratin Metabolism R-HSA-1638074,0.6987419278586035,0.9817109085588641,0.6293929712460063,0.8688637035874088,1.0,14/33,18.03%,HEXB;GNS;HEXA;ST3GAL6;B4GALT3;CHST2;B3GNT2;B4GAT1;SLC35D2;GLB1;B4GALT4;CHST1;B4GALT2;ST3GAL2,EC-PTC
prerank,Reactome_2022__TP53 Regulates Transcription Of Cell Death Genes R-HSA-5633008,0.6874673698729448,0.9808409626197394,0.638682252922423,0.8706056935335529,1.0,15/44,10.23%,PRELID1;BNIP3L;TMEM219;PMAIP1;CREBBP;BAX;TNFRSF10D;BBC3;RABGGTB;PERP;TP53;CASP1;TP53INP1;ATM;BID,EC-PTC
prerank,Reactome_2022__Nuclear Envelope Breakdown R-HSA-2980766,0.6814075061420427,0.9802412784068689,0.6252609603340292,0.8715347477753682,1.0,25/53,16.64%,LPIN2;POM121C;CTDNEP1;BANF1;NUP54;LMNA;SEC13;NUP188;AAAS;TMPO;NUP42;EMD;NUP43;NUP93;LEMD2;LPIN1;NUP50;NUP62;NUP107;NUP35;NUP205;NUP37;SEH1L;LPIN3;NUP58,EC-PTC
prerank,Reactome_2022__Immunoregulatory Interactions Between A Lymphoid And A non-Lymphoid Cell R-HSA-198933,0.6713769406017854,0.9802301973977778,0.6364551863041289,0.8706851858197648,1.0,19/116,17.17%,CD99;ICAM2;CD81;B2M;NPDC1;HLA-C;ICAM1;HLA-E;CD40;VCAM1;ITGB1;NECTIN2;HLA-A;ICAM3;MICA;FZR1;KLRK1;CD226;CXADR,EC-PTC
prerank,Reactome_2022__VEGFR2 Mediated Cell Proliferation R-HSA-5218921,0.7147355129761147,0.979957751701511,0.6295884315906563,0.8706293512800181,1.0,7/18,12.01%,CALM1;KDR;NRAS;HRAS;PLCG1;AHCYL1;ITPR2,EC-PTC
prerank,Reactome_2022__Diseases Associated With N-glycosylation Of Proteins R-HSA-3781860,0.7087038193686912,0.9799336199217576,0.6098360655737705,0.8698096852155802,1.0,14/20,20.48%,CTSA;ALG2;MPDU1;DPAGT1;EGFL7;ALG8;MOGS;GLB1;ALG11;ALG1;ALG3;RFT1;ALG12;ALG14,EC-PTC
prerank,Reactome_2022__Activation Of BAD And Translocation To Mitochondria R-HSA-111447,0.7155787755728965,0.979886957004674,0.6191536748329621,0.8690712473141213,1.0,13/15,12.02%,YWHAQ;YWHAE;REXO2;BAD;YWHAB;YWHAH;YWHAZ;BID;AKT2;YWHAG;PPP3R1;BCL2;AKT1,EC-PTC
prerank,Reactome_2022__Heparan Sulfate/Heparin (HS-GAG) Metabolism R-HSA-1638091,0.6829447949000826,0.9794660028424879,0.6492146596858639,0.8695558124193955,1.0,23/53,16.16%,VCAN;GUSB;B3GAT3;B3GALT6;B4GALT7;BGN;SGSH;SDC2;HS3ST3A1;SLC35D2;GLB1;HSPG2;NAGLU;GLCE;XYLT1;AGRN;HS3ST3B1;HS6ST1;GPC3;SDC1;GPC5;IDUA;SDC4,EC-PTC
prerank,Reactome_2022__Downstream Signal Transduction R-HSA-186763,0.7048223329827621,0.9790117644506734,0.6294691224268689,0.8700435736230068,1.0,16/28,19.59%,STAT1;CRK;BCAR1;PTPN11;NRAS;HRAS;STAT6;PLCG1;NCK1;GRB2;PDGFRA;GRB7;PDGFA;PIK3R1;PIK3R2;CRKL,EC-PTC
prerank,Reactome_2022__Signaling By Insulin Receptor R-HSA-74752,0.6777621923005055,0.9786290225176324,0.6391437308868502,0.8702715116462861,1.0,16/77,8.87%,ATP6V1G1;ATP6V0B;ATP6V0E1;ATP6V0C;ATP6V0D1;ATP6V1F;ATP6AP1;ATP6V1A;ATP6V1C1;SHC1;TCIRG1;PTPN11;ATP6V1E1;NRAS;HRAS;ATP6V0E2,EC-PTC
prerank,Reactome_2022__Mismatch Repair (MMR) Directed By MSH2:MSH3 (MutSbeta) R-HSA-5358606,0.7232712602221787,0.9779589020228728,0.6326291079812206,0.8713768847215642,1.0,5/14,13.73%,RPA3;PCNA;POLD4;POLD2;POLD1,EC-PTC
prerank,Reactome_2022__Sphingolipid Metabolism R-HSA-428157,0.6777043252958604,0.9779145553983635,0.6397134083930399,0.8706405954449803,1.0,37/87,14.09%,DEGS1;SPTSSA;HEXB;CTSA;ASAH1;VAPA;GLTP;CERS2;ORMDL1;SUMF2;SPTLC1;PRKD2;GBA2;CPTP;KDSR;SPTLC2;HEXA;ORMDL2;OSBP;SMPD1;ESYT1;ALDH3A2;UGCG;ARSD;ESYT2;EGFL7;CERT1;ARSA;SMPD3;ARSK;ORMDL3;GLB1;CSNK1G2;UGT8;VAPB;DEGS2;SMPD4,EC-PTC
prerank,MSigDB_Hallmark_2020__Spermatogenesis,0.6717001686880457,0.9773874126013299,0.6380182002022244,0.8335598441605508,1.0,22/134,14.49%,PEBP1;HSPA2;GSTM3;TALDO1;VDAC3;ZC3H14;PSMG1;PGS1;COIL;TSN;PCSK1N;RAD17;SLC12A2;RPL39L;STAM2;IP6K1;IDE;TOPBP1;LPIN1;TLE4;POMC;NF2,EC-PTC
prerank,Reactome_2022__Signaling By PDGFRA Extracellular Domain Mutants R-HSA-9673770,0.7314060686300676,0.9765982425957968,0.6391509433962265,0.8736766600382552,1.0,7/11,18.93%,STAT1;NRAS;HRAS;GRB2;PDGFRA;PIK3R1;PIK3R2,EC-PTC
prerank,MSigDB_Hallmark_2020__G2-M Checkpoint,0.6655031284758972,0.9761792686397648,0.6529588766298897,0.8171631940213638,1.0,73/195,13.74%,HIF1A;MARCKS;MT2A;ODC1;SFPQ;BUB3;SQLE;TGFB1;SNRPD1;E2F4;CDK4;DDX39A;NASP;GSPT1;STMN1;TOP1;SRSF10;KPNB1;HSPA8;ILF3;DTYMK;UPF1;LBR;KIF5B;CBX1;XPO1;NCL;SRSF2;CKS1B;SMC1A;RAD23B;DKC1;RAD21;KMT5A;RPA2;CHMP1A;YTHDC1;SMC2;TMPO;EGF;ARID4A;TNPO2;SYNCRIP;KPNA2;CTCF;SRSF1;EWSR1;RBM14;MCM6;UBE2S;TRA2B;JPT1;DR1;MTF2;SLC12A2;HMGA1;CCNT1;HIRA;PAFAH1B1;NOLC1;SMC4;MCM5;TLE3;CDC27;NUMA1;MAPK14;BCL3;AMD1;MCM3;CKS2;HMGN2;NUP50;TFDP1,EC-PTC
prerank,Reactome_2022__Gastrin-CREB Signaling Pathway Via PKC And MAPK R-HSA-881907,0.712419873564186,0.9760462329476012,0.6263982102908278,0.8743854472761308,1.0,9/17,19.36%,RPS6KA3;CREB1;NRAS;HRAS;MAPK3;GRB2;HBEGF;MAPK7;RPS6KA1,EC-PTC
prerank,Reactome_2022__Interleukin-21 Signaling R-HSA-9020958,0.7307041023263825,0.9758459059017862,0.6417370325693607,0.8740657999994715,1.0,2/10,8.02%,STAT1;IL2RG,EC-PTC
prerank,Reactome_2022__Dopamine Neurotransmitter Release Cycle R-HSA-212676,0.700491787037292,0.9757683877189172,0.6370614035087719,0.8734117219861793,1.0,6/23,14.17%,VAMP2;LIN7C;PPFIA3;UNC13B;LIN7A;CASK,EC-PTC
prerank,Reactome_2022__Nuclear Signaling By ERBB4 R-HSA-1251985,0.6946249054647833,0.9754113720470436,0.645021645021645,0.8735165237067529,1.0,8/32,8.25%,SPARC;MXD4;STMN1;COPS2;PSENEN;APH1B;APH1A;PSEN2,EC-PTC
prerank,Reactome_2022__Toll Like Receptor 4 (TLR4) Cascade R-HSA-166016,0.6679498337229834,0.9754063465444119,0.6373737373737374,0.8726510412201249,1.0,55/139,13.30%,UBB;RPS27A;UBA52;SKP1;JUN;DUSP6;UBE2D2;UBE2D3;NFKBIA;TLR4;FOS;NDUFA2;MAP2K3;SIGIRR;IKBKB;TANK;DUSP3;LY96;PPP2CB;UBE2N;RELA;RPS6KA3;CREB1;NKIRAS2;UBE2V1;MAPKAPK2;DNM2;PPP2R1A;UBC;PPP2CA;BIRC2;HMGB1;MAP2K1;IRAK1;PTPN11;NFKB1;CD36;MAP3K1;USP14;IKBKG;TP53;IRAK4;UBE2D1;TIFA;FBXW11;TNIP2;IRF3;NFKBIB;DUSP7;IKBIP;MAPK14;MAPK9;MAPK11;IRF7;USP18,EC-PTC
prerank,Reactome_2022__SLC-mediated Transmembrane Transport R-HSA-425407,0.6626659024740085,0.9751859139433894,0.6813627254509018,0.8724057828288635,1.0,63/247,15.58%,SLC38A2;SLC14A1;BSG;SLC5A3;SLC25A5;SLC25A6;SLC40A1;SLC3A2;SLCO4A1;SLC25A4;SRI;SLC12A1;ARL2;CALM1;SLC2A1;SLC44A1;SLC44A2;ARL2BP;SLC4A2;SLC17A5;SLC16A7;SLC15A3;SLC39A1;SLC39A7;SLC35B2;SLC1A1;SLC11A2;SLC39A14;SLC2A3;SLC26A11;SLC39A10;SLC39A6;SLC41A1;SLC20A2;SLC35A1;SLC26A2;SLC50A1;SLC29A1;SLC30A5;SLC30A1;SLC16A1;SLC12A2;SLC1A5;SLC6A12;SLC35B4;SLC35D2;SLC12A4;SLC39A3;HEPH;SLC20A1;SLCO4C1;SLC36A4;SLC22A2;SLC7A6;SLC16A2;SLC16A3;SLC38A1;PDZD11;SLC35B3;LCN12;CTNS;SLC2A11;SLC39A8,EC-PTC
prerank,Reactome_2022__Hyaluronan Metabolism R-HSA-2142845,0.7150635541182616,0.9751336006269107,0.6376975169300225,0.871690901123782,1.0,4/16,10.36%,HEXB;GUSB;HEXA;CHORDC1,EC-PTC
prerank,Reactome_2022__MAP Kinase Activation R-HSA-450294,0.678103596393348,0.9747692750786573,0.6277145811789038,0.8718785496946564,1.0,22/62,7.79%,UBB;RPS27A;UBA52;SKP1;JUN;DUSP6;FOS;MAP2K3;IKBKB;DUSP3;PPP2CB;UBE2N;RPS6KA3;CREB1;UBE2V1;MAPKAPK2;PPP2R1A;UBC;PPP2CA;MAP2K1;IRAK1;NFKB1,EC-PTC
prerank,Reactome_2022__Activation Of BH3-only Proteins R-HSA-114452,0.6908944126942054,0.9734237548118442,0.6324786324786325,0.8747169142423,1.0,22/30,15.41%,DYNLL1;YWHAQ;YWHAE;REXO2;BAD;PMAIP1;YWHAB;YWHAH;BBC3;YWHAZ;TP53;BID;AKT2;YWHAG;PPP3R1;BMF;BCL2;AKT1;TFDP1;DYNLL2;TP53BP2;BCL2L11,EC-PTC
prerank,Reactome_2022__Fatty Acid Metabolism R-HSA-8978868,0.6675748427893962,0.9725048668719364,0.6609657947686117,0.8764926981275771,1.0,70/172,17.70%,GPX4;DBI;TECR;NDUFAB1;HACD3;CBR1;AKR1C3;PTGR1;ACSL3;DECR1;ECHS1;ACAA1;HACD2;ACADVL;MAPKAPK2;HADHA;HADHB;ECI1;ACBD5;PTGES3;ABCC1;SLC25A1;ACAA2;HSD17B12;PPT1;PTGES;ACOT13;ECI2;HACD4;HACD1;ACOT2;ACLY;ALDH3A2;HADH;ELOVL1;ACADM;PON2;HSD17B4;LTA4H;PRKAA2;NUDT19;AMACR;PTGES2;MMUT;ACOX1;CYP1B1;ELOVL5;EPHX2;ACBD4;PTGR2;ACSL5;TBXAS1;ACAD10;ACSL1;ACSF3;ACOT8;PHYH;MID1IP1;PPARD;ACOX3;CRAT;PRKAB2;ELOVL7;CYP2U1;CPT2;ACOT7;MCAT;MCEE;ACADL;SCD,EC-PTC
prerank,Reactome_2022__Regulation Of Gene Expression In Late Stage (Branching Morphogenesis) Pancreatic Bud Precursor Cells R-HSA-210744,0.7115586770931307,0.9724383608455393,0.6547085201793722,0.8757951139107969,1.0,7/15,13.52%,SNW1;KAT2B;CREBBP;EP300;NOTCH1;RBPJ;HNF1B,EC-PTC
prerank,Reactome_2022__BBSome-mediated Cargo-Targeting To Cilium R-HSA-5620922,0.6983647554171597,0.9719930101303239,0.631578947368421,0.8761958670734616,1.0,9/23,10.99%,CCT5;CCT3;TCP1;CCT8;BBIP1;RAB3IP;CCT4;CCT2;MKKS,EC-PTC
prerank,Reactome_2022__Retrograde Transport At Trans-Golgi-Network R-HSA-6811440,0.678965529355319,0.9717714607968903,0.6476793248945147,0.8759179749425249,1.0,23/48,13.23%,NAA38;SCOC;TGOLN2;VAMP4;RAB9A;VAMP3;GOLGA4;RAB43;STX10;TMF1;IGF2R;RHOBTB3;VPS51;M6PR;NAA30;VPS53;ARFIP2;GCC2;SYS1;COG1;NAPG;COG4;GOLGA1,EC-PTC
prerank,Reactome_2022__Mitotic Telophase/Cytokinesis R-HSA-68884,0.720344241875816,0.9714418313813115,0.6354285714285715,0.8760058983359404,1.0,4/13,7.84%,SMC3;SMC1A;RAD21;MAU2,EC-PTC
prerank,Reactome_2022__Regulation Of Pyruvate Dehydrogenase (PDH) Complex R-HSA-204174,0.7104866681057476,0.971373483975784,0.620137299771167,0.8752921000311982,1.0,9/16,16.84%,PDHB;PDHA1;PDHX;PDPR;DLAT;PDK2;PLPP6;PPARD;PDP2,EC-PTC
prerank,Reactome_2022__RHOB GTPase Cycle R-HSA-9013026,0.6730573719059167,0.9710605552133421,0.6731757451181911,0.8753487274838104,1.0,29/69,15.43%,ARHGAP5;STOM;CAV1;ROCK2;DLC1;VANGL1;RHOB;PKN1;JUP;DAAM1;VAMP3;ARHGEF2;FLOT1;FLOT2;ROCK1;ERBIN;DIAPH1;ARHGEF11;MCAM;ARHGAP1;PRPF38B;MYO9B;ARHGEF17;ECT2;TFRC;STARD8;STK10;RTKN;ARHGAP21,EC-PTC
prerank,Reactome_2022__Nuclear Events (Kinase And Transcription Factor Activation) R-HSA-198725,0.6777184934852739,0.9707378255660473,0.6449948400412797,0.8754021735885744,1.0,17/61,6.42%,ID3;ID1;DUSP6;JUND;FOS;DUSP3;PPP2CB;RPS6KA3;CREB1;CHD4;EGR1;MAPKAPK2;DNM2;PPP2R1A;PPP2CA;LYL1;EP300,EC-PTC
prerank,Reactome_2022__FOXO-mediated Transcription R-HSA-9614085,0.6770385839176146,0.970660358214225,0.6441717791411042,0.8747697883996026,1.0,34/64,15.68%,BTG1;PINK1;YWHAQ;CAV1;CCNG2;REXO2;DDIT3;TXN2;KAT2B;HDAC2;CREBBP;YWHAB;NFYB;EP300;BBC3;YWHAZ;HDAC1;CDKN1A;AKT2;YWHAG;AKT1;SREBF1;MAP4K2;CITED2;NFYC;SIN3A;FOXO3;POMC;STK11;KLF4;PPARGC1A;NFYA;BCL2L11;FOXO4,EC-PTC
prerank,Reactome_2022__Removal Of Flap Intermediate R-HSA-69166,0.7140194137113619,0.9696336163356486,0.645422943221321,0.8767481599166982,1.0,6/14,16.08%,RPA3;PCNA;POLD4;POLD2;POLD1;POLA2,EC-PTC
prerank,Reactome_2022__MyD88 Cascade Initiated On Plasma Membrane R-HSA-975871,0.6676324864685306,0.9696073439940962,0.6551020408163265,0.8759484271772839,1.0,42/96,13.30%,UBB;RPS27A;UBA52;SKP1;JUN;DUSP6;NFKBIA;FOS;MAP2K3;IKBKB;TANK;DUSP3;PPP2CB;UBE2N;RELA;RPS6KA3;CREB1;NKIRAS2;UBE2V1;MAPKAPK2;PPP2R1A;UBC;PPP2CA;HMGB1;MAP2K1;IRAK1;NFKB1;MAP3K1;USP14;IKBKG;TP53;IRAK4;TIFA;FBXW11;TNIP2;NFKBIB;DUSP7;IKBIP;MAPK14;MAPK9;MAPK11;USP18,EC-PTC
prerank,Reactome_2022__Intrinsic Pathway Of Fibrin Clot Formation R-HSA-140837,0.6989281009631462,0.9693909754808567,0.6432491767288694,0.8757147541654796,1.0,8/21,15.15%,PRCP;C1QBP;F8;KNG1;SERPING1;PROS1;FAM110A;SERPINA5,EC-PTC
prerank,Reactome_2022__Transport Of Ribonucleoproteins Into Host Nucleus R-HSA-168271,0.6845876588190193,0.9693349954912599,0.6392742796157951,0.8750143241400308,1.0,20/35,16.64%,KPNB1;POM121C;KPNA1;NUP54;SEC13;NUP188;AAAS;NUP42;BLOC1S6;NUP43;NUP93;GNL3;NUP50;NUP62;NUP107;NUP35;NUP205;NUP37;SEH1L;NUP58,EC-PTC
prerank,Reactome_2022__RHO GTPase Cycle R-HSA-9012999,0.6575521887094063,0.968620419174259,0.72,0.8761507834441039,1.0,149/438,12.44%,RNASE1;VIM;CDC37;KTN1;TUBA1B;ARHGAP18;RHOJ;ARHGAP5;BRK1;UACA;HSPE1;NDUFA5;RHOC;ACTN1;HINT2;VCP;LAMTOR1;STOM;TXNL1;CDC42EP1;NDUFS3;LMAN1;BCAP31;CAV1;TRIP10;HSP90AA1;ARHGDIA;AMIGO2;EPHA2;CDC42EP3;ARMCX3;CDC42EP5;ROCK2;DDRGK1;C1QBP;RBMX;DLC1;TMEM59;CDC42EP4;SRRM1;ARHGEF15;FERMT2;NUDC;BASP1;RHOA;RAB7A;NCOA3;VANGL1;WASL;CKB;NIPSNAP2;NSFL1C;TWF1;COPS2;RHOG;ATP6AP1;CDC42EP2;RHOB;FAM13A;CDC42;FMNL3;ARHGDIB;CLTC;CCT6A;LBR;CCT7;PKN1;JUP;ARFGAP3;EMC3;DAAM1;ARHGAP29;VAMP3;ARHGEF2;FLOT1;WDR6;ACBD5;PRKCSH;PGRMC2;DNMBP;RHOQ;ARFGAP2;MTX1;ARHGAP12;LETM1;CAPZB;OSBPL11;ANKLE2;FLOT2;HGS;DDX39B;ROCK1;NISCH;CSK;ARHGAP23;CCDC115;AAAS;TMPO;CYFIP2;ERBIN;ESYT1;TNFAIP1;CKAP4;ARHGEF40;SHKBP1;ALDH3A2;ARAP2;AKAP12;TEX2;PARD6B;CYBA;JAG1;DIAPH1;MAP3K11;OCRL;ARHGAP24;FAF2;WDR11;EPSTI1;TOR1AIP1;ARHGEF11;MCAM;TRA2B;HMOX2;ARHGAP1;HSP90AB1;PRPF38B;EMD;GPS1;COPS4;ARHGAP10;CCT2;TPM3;SLC1A5;FMNL2;PTPN13;STX5;ITGB1;SAMM50;STIP1;GOLGA3;GNA13;NCK1;DOCK7;STAM2;FNBP1L;MYO9B;WHAMM;KIDINS220,EC-PTC
prerank,"Reactome_2022__Synthesis, Secretion, And Inactivation Of Glucagon-like Peptide-1 (GLP-1) R-HSA-381771",0.6964401454217107,0.9686169483621548,0.6455555555555555,0.8752897771116915,1.0,5/21,4.19%,SEC11C;SEC11A;SPCS1;SPCS2;SPCS3,EC-PTC
prerank,Reactome_2022__SARS-CoV-2 Targets Host Intracellular Signaling And Regulatory Pathways R-HSA-9755779,0.7174272213840469,0.9680765599780299,0.6399548532731377,0.8758635023772139,1.0,10/13,12.02%,YWHAQ;CAV1;YWHAE;REXO2;YWHAB;YWHAH;YWHAZ;AKT2;YWHAG;AKT1,EC-PTC
prerank,Reactome_2022__Interleukin-17 Signaling R-HSA-448424,0.671952578778649,0.9667151892433458,0.661139896373057,0.8786322022356248,1.0,22/69,7.79%,UBB;RPS27A;UBA52;SKP1;JUN;DUSP6;FOS;MAP2K3;IKBKB;DUSP3;PPP2CB;UBE2N;RPS6KA3;CREB1;UBE2V1;MAPKAPK2;PPP2R1A;UBC;PPP2CA;MAP2K1;IRAK1;NFKB1,EC-PTC
prerank,Reactome_2022__HDR Thru Single Strand Annealing (SSA) R-HSA-5685938,0.6762559349162317,0.9663285911494375,0.6598493003229279,0.8787872359772004,1.0,15/36,18.98%,RPA3;ERCC1;KAT5;RAD17;ATM;RBBP8;TOPBP1;RAD50;ERCC4;RFC2;HUS1;RHNO1;ATRIP;RMI2;BARD1,EC-PTC
prerank,Reactome_2022__NOTCH3 Intracellular Domain Regulates Transcription R-HSA-9013508,0.6963810419418661,0.9663167613489503,0.6335135135135135,0.8779422015354427,1.0,8/24,12.11%,STAT1;SNW1;KAT2B;CREBBP;EP300;NOTCH1;RBPJ;WWC1,EC-PTC
prerank,Reactome_2022__Transport Of SLBP Dependant Mature mRNA R-HSA-159230,0.6831850302350979,0.9659663242664108,0.645877378435518,0.8780389751467363,1.0,20/36,16.64%,POM121C;NCBP2;EIF4E;NUP54;SEC13;NUP188;AAAS;SLBP;NUP42;NUP43;NUP93;ALYREF;NUP50;NUP62;NUP107;NUP35;NUP205;NUP37;SEH1L;NUP58,EC-PTC
prerank,Reactome_2022__Chondroitin Sulfate Biosynthesis R-HSA-2022870,0.7060195989961334,0.9654276717117426,0.6447368421052632,0.8786395102563787,1.0,7/20,12.12%,VCAN;CHST12;CSGALNACT1;BGN;CHST7;CHSY1;CHPF2,EC-PTC
prerank,Reactome_2022__Cohesin Loading Onto Chromatin R-HSA-2470946,0.7265139448037126,0.9652767829563976,0.6581508515815085,0.8781815070105568,1.0,4/10,7.84%,SMC3;SMC1A;RAD21;MAU2,EC-PTC
prerank,Reactome_2022__Platelet Calcium Homeostasis R-HSA-418360,0.6951946842792427,0.9652679176417075,0.6612729234088457,0.8773433964720395,1.0,7/26,12.01%,SRI;CALM1;ORAI1;ORAI2;ATP2A2;ATP2B1;ITPR2,EC-PTC
prerank,Reactome_2022__Heme Signaling R-HSA-9707616,0.6751529339571746,0.9635017356054161,0.6822033898305084,0.881111755734031,1.0,19/44,16.68%,NPAS2;TLR4;LY96;CREB1;MBD4;CREBBP;TBL1XR1;XPO1;EP300;NR1D1;CRTC2;MEF2D;MAFK;TBL1X;HDAC3;PPARGC1A;PPARA;CARM1;LIN9,EC-PTC
prerank,Reactome_2022__Fertilization R-HSA-1187000,0.6930037494309064,0.9634347238121953,0.6611661166116611,0.8804092334769156,1.0,2/25,9.00%,CD9;HVCN1,EC-PTC
prerank,Reactome_2022__Regulation Of MECP2 Expression And Activity R-HSA-9022692,0.6836985463326171,0.9626393679225593,0.656084656084656,0.8816396841056643,1.0,14/31,14.07%,CALM1;HDAC2;CREB1;LBR;MECP2;GPS2;TBL1XR1;HDAC1;MOV10;TBL1X;SIN3A;AGO2;HDAC3;AGO1,EC-PTC
prerank,Reactome_2022__RHO GTPases Activate IQGAPs R-HSA-5626467,0.7186140012408684,0.9621791790470143,0.6532544378698225,0.8819058885154776,1.0,4/11,6.75%,RNASE1;CALM1;CDC42;CLIP1,EC-PTC
prerank,Reactome_2022__Transport Of Mature mRNAs Derived From Intronless Transcripts R-HSA-159234,0.6760825222287304,0.9619655778446471,0.6484784889821616,0.8815797816531485,1.0,23/43,16.64%,POM121C;NCBP2;EIF4E;NUP54;SEC13;NUP188;CPSF2;AAAS;SLBP;NUP42;NUP43;NUP93;ALYREF;SYMPK;NUP50;NUP62;NUP107;NUP35;NUP205;NUP37;SEH1L;CPSF1;NUP58,EC-PTC
prerank,Reactome_2022__Transcriptional Regulation By MECP2 R-HSA-8986944,0.6708190168269235,0.9617285705989257,0.6780185758513931,0.8813505072906447,1.0,22/60,14.07%,CALM1;RNMT;HDAC2;CREB1;LBR;MECP2;GPS2;TBL1XR1;PTEN;IRAK1;NOTCH1;SLC2A3;SGK1;HDAC1;MOV10;PTPN1;PPARG;TBL1X;SIN3A;AGO2;HDAC3;AGO1,EC-PTC
prerank,Reactome_2022__PI Metabolism R-HSA-1483255,0.6671180527771164,0.9616558432901358,0.6856561546286877,0.8806601764298976,1.0,39/82,19.11%,INPP4B;PNPLA6;RAB14;TNFAIP8L1;RAB5A;PLEKHA1;MTMR2;MTMR10;SYNJ2;MTMR12;PIP4P1;PTEN;SACM1L;PIK3C2B;RAB4A;INPPL1;ARF3;PIP5K1A;OCRL;MTMR9;GDE1;PI4K2B;PTPN13;PLEKHA3;GDPD5;CLSTN1;MTMR14;PIP4K2C;PIP5K1C;PLEKHA6;PIK3C2G;PIK3R4;VAC14;PI4K2A;PIK3R1;INPP5J;GDPD3;PIK3R2;INPP5E,EC-PTC
prerank,Reactome_2022__MAPK3 (ERK1) Activation R-HSA-110056,-0.5846474356966016,-0.961487805009405,0.5144508670520231,1.0,1.0,3/10,3.51%,IL6ST;JAK1;JAK2,EC-PTC
prerank,Reactome_2022__Post-translational Modification: Synthesis Of GPI-anchored Proteins R-HSA-163125,0.664671704479224,0.9599879077482848,0.6989898989898989,0.8839236494859677,1.0,29/91,17.45%,LY6E;NRN1;DPM3;PIGF;DPM2;PIGP;GPAA1;PIGK;THY1;PIGT;PIGX;RAET1G;PIGH;PIGS;PIGG;MELTF;GPIHBP1;ALPL;PIGQ;RECK;PIGL;PGAP1;PIGB;PIGV;PIGM;PIGA;PIGW;LY6K;CPM,EC-PTC
prerank,Reactome_2022__Syndecan Interactions R-HSA-3000170,0.6881048588267149,0.9571191176860864,0.6492785793562708,0.8903520851509585,1.0,12/20,16.99%,ITGAV;ACTN1;TRAPPC4;TGFB1;ITGB5;SDC2;ITGB1;ITGA2;CASK;SDC1;SDC4;THBS1,EC-PTC
prerank,Reactome_2022__Glycosaminoglycan Metabolism R-HSA-1630316,0.6558398006130339,0.9550541033354768,0.7108190091001011,0.8947048264847841,1.0,47/120,16.43%,VCAN;HEXB;GNS;CHST12;CSGALNACT1;GUSB;SLC35B2;DSEL;HEXA;B3GAT3;ST3GAL6;B4GALT3;CHST2;B3GALT6;DSE;B4GALT7;SLC26A2;BGN;CHST7;CHSY1;SGSH;CHORDC1;SDC2;B3GNT2;CHPF2;B4GAT1;HS3ST3A1;SLC35D2;GLB1;CHST14;HSPG2;NAGLU;PAPSS1;GLCE;XYLT1;AGRN;HS3ST3B1;SLC35B3;HS6ST1;CHPF;GPC3;SDC1;GPC5;IDUA;SDC4;B4GALT4;CHST1,EC-PTC
prerank,Reactome_2022__Transport Of SLBP Independent Mature mRNA R-HSA-159227,0.6751304706841587,0.9549835562598141,0.6592592592592592,0.8940112215192912,1.0,19/35,16.64%,POM121C;NCBP2;EIF4E;NUP54;SEC13;NUP188;AAAS;NUP42;NUP43;NUP93;ALYREF;NUP50;NUP62;NUP107;NUP35;NUP205;NUP37;SEH1L;NUP58,EC-PTC
prerank,Reactome_2022__Molecules Associated With Elastic Fibres R-HSA-2129379,0.6829364379095791,0.9547482366652927,0.6695464362850972,0.8937573074229495,1.0,8/28,11.82%,ITGAV;TGFB1;LTBP3;ITGB5;ITGB8;ITGB1;EFEMP2;BMP2,EC-PTC
prerank,Reactome_2022__Endosomal/Vacuolar Pathway R-HSA-1236977,0.7099783876062444,0.9544849871204402,0.6594724220623501,0.893580520987697,1.0,5/11,7.07%,CTSL;B2M;HLA-C;LNPEP;HLA-E,EC-PTC
prerank,Reactome_2022__Aberrant Regulation Of Mitotic G1/S Transition In Cancer Due To RB1 Defects R-HSA-9659787,0.6964165900007168,0.9535754300104654,0.6463276836158192,0.8948995407735203,1.0,7/17,15.83%,CDK4;CCND3;CDKN1C;CDK6;CDKN1A;TFDP1;CDK2,EC-PTC
prerank,Reactome_2022__Establishment Of Sister Chromatid Cohesion R-HSA-2468052,0.7118871441102965,0.9535427736418822,0.6607142857142857,0.8941210072408323,1.0,3/11,6.73%,SMC3;SMC1A;RAD21,EC-PTC
prerank,Reactome_2022__Regulation Of Gene Expression By Hypoxia-inducible Factor R-HSA-1234158,0.7173659970493187,0.9533827590545424,0.6716589861751152,0.8936248255880952,1.0,5/11,7.87%,HIF1A;HIGD1A;CREBBP;EP300;MIA3,EC-PTC
prerank,Reactome_2022__HS-GAG Degradation R-HSA-2024096,0.6814015917876,0.9522622605006102,0.6662958843159066,0.8954823195891525,1.0,16/21,22.02%,GUSB;SGSH;SDC2;GLB1;HSPG2;NAGLU;AGRN;GPC3;SDC1;GPC5;IDUA;SDC4;GPC4;GPC1;GPC6;GLB1L,EC-PTC
prerank,Reactome_2022__Impaired BRCA2 Binding To RAD51 R-HSA-9709570,0.6663831041337174,0.9521636656822894,0.6641630901287554,0.8948570180786373,1.0,14/34,18.98%,RPA3;SEM1;KAT5;RAD17;ATM;RBBP8;TOPBP1;RAD50;RFC2;HUS1;RHNO1;ATRIP;RMI2;BARD1,EC-PTC
prerank,Reactome_2022__Nuclear Receptor Transcription Pathway R-HSA-383280,0.6651727303341802,0.9513904236937558,0.688728024819028,0.8958735906096734,1.0,22/53,16.13%,NRBP1;MBD4;RARG;NR1D2;NR2F1;NR1D1;NR1H2;RARA;THRA;NRBF2;RXRB;NR4A1;NR2C2;RARB;NR2F6;ESRRA;PPARG;NR5A2;NR1H3;ESRRG;PPARD;PPARA,EC-PTC
prerank,Reactome_2022__Transport Of Mature mRNA Derived From An Intronless Transcript R-HSA-159231,0.6685596005928252,0.9507141527148499,0.6673684210526316,0.8966242558502077,1.0,22/42,16.64%,POM121C;NCBP2;EIF4E;NUP54;SEC13;NUP188;CPSF2;AAAS;NUP42;NUP43;NUP93;ALYREF;SYMPK;NUP50;NUP62;NUP107;NUP35;NUP205;NUP37;SEH1L;CPSF1;NUP58,EC-PTC
prerank,Reactome_2022__G Alpha (S) Signaling Events R-HSA-418555,0.6513840463107032,0.9500840950373,0.7244174265450861,0.8971947166861851,1.0,24/152,12.83%,GNG11;GNG5;GNAS;CALCRL;RAMP2;PRKAR1A;GNG10;GNG12;SHC1;PRKAR2B;PDE4A;GRK2;GNB2;RAMP3;GNG2;PTRH2;ADORA2A;GNAI1;ARRB1;ITGB1;GRK6;GNG7;PRKAR1B;PDE1A,EC-PTC
prerank,"Reactome_2022__Incretin Synthesis, Secretion, And Inactivation R-HSA-400508",0.6805363794738657,0.9497351534112014,0.6773127753303965,0.8971464068920108,1.0,5/24,4.19%,SEC11C;SEC11A;SPCS1;SPCS2;SPCS3,EC-PTC
prerank,Reactome_2022__RNA Polymerase III Abortive And Retractive Initiation R-HSA-749476,0.675066841183734,0.9496684063062864,0.6928721174004193,0.896462373373742,1.0,26/39,16.21%,POLR2L;POLR2F;POLR2K;POLR2H;SSB;GTF3C6;SNAPC1;GTF3A;POLR2E;POLR3K;POLR1D;SNAPC5;POLR3H;GTF3C1;BDP1;POLR3GL;POLR3D;CRCP;SNAPC2;GTF3C4;GTF3C3;BRF1;GTF3C5;BRF2;SNAPC3;GTF3C2,EC-PTC
prerank,Reactome_2022__JNK (c-Jun Kinases) Phosphorylation And Activation Mediated By Activated Human TAK1 R-HSA-450321,0.6872939622193861,0.9489879909477777,0.6633221850613155,0.897176121261813,1.0,8/18,16.79%,UBE2N;UBE2V1;IRAK1;IKBKG;MAPK9;MAP3K7;MAPK10;MAP2K7,EC-PTC
prerank,Reactome_2022__Transcriptional Regulation Of Granulopoiesis R-HSA-9616222,0.6798330016143073,0.9488285235318229,0.6905781584582441,0.8966793190544132,1.0,10/30,15.83%,DEK;CDK4;CREB1;EP300;RARA;CDKN1A;TAL1;CBFB;TFDP1;CDK2,EC-PTC
prerank,Reactome_2022__Processive Synthesis On Lagging Strand R-HSA-69183,0.6963964495369508,0.9486024612921827,0.6743119266055045,0.8963407352928539,1.0,7/15,18.18%,RPA3;PCNA;POLD4;POLD2;POLD1;POLA2;LRIG1,EC-PTC
prerank,Reactome_2022__Opioid Signaling R-HSA-111885,0.657524793849472,0.9485021153917889,0.7109053497942387,0.8957268543194595,1.0,27/88,12.83%,GNG11;GNG5;CALM1;PRKAR1A;GNG10;PPP2CB;CREB1;GNG12;PPP2R1A;PPP2CA;PRKAR2B;GNA14;PDE4A;GRK2;GNA11;GNB2;GNG2;PPP1CA;KPNA2;AHCYL1;GNAI1;CDK5;PPP3R1;ITPR2;GNG7;PRKAR1B;PDE1A,EC-PTC
prerank,Reactome_2022__Mismatch Repair (MMR) Directed By MSH2:MSH6 (MutSalpha) R-HSA-5358565,0.7014860605168209,0.9481359775472591,0.68,0.8957361393884409,1.0,5/14,13.73%,RPA3;PCNA;POLD4;POLD2;POLD1,EC-PTC
prerank,Reactome_2022__FLT3 Signaling R-HSA-9607240,0.6773730617268953,0.9472699753758026,0.691160809371672,0.8969558722298292,1.0,9/37,8.51%,UBB;RPS27A;UBA52;SOCS2;UBC;CSK;PTPN11;NRAS;HRAS,EC-PTC
prerank,Reactome_2022__SHC1 Events In EGFR Signaling R-HSA-180336,0.7055701189410547,0.946609792217537,0.669364161849711,0.8976680178139015,1.0,6/13,17.50%,SHC1;NRAS;EGF;HRAS;GRB2;HBEGF,EC-PTC
prerank,Reactome_2022__Mismatch Repair R-HSA-5358508,0.6954011663027789,0.9446192469551092,0.6869158878504673,0.9012999320548786,1.0,5/15,13.73%,RPA3;PCNA;POLD4;POLD2;POLD1,EC-PTC
prerank,Reactome_2022__RNA Polymerase III Transcription Termination R-HSA-73980,0.6821405117506335,0.9434770995354138,0.6879823594266814,0.9031070943956342,1.0,8/21,5.87%,POLR2L;POLR2F;POLR2K;POLR2H;SSB;POLR2E;POLR3K;POLR1D,EC-PTC
prerank,Reactome_2022__Signaling By PDGFR In Disease R-HSA-9671555,0.6895019867447991,0.9431266438227992,0.69,0.9029697122240737,1.0,7/19,8.51%,STAT1;GOLGA4;KDR;KANK1;STRN;NRAS;HRAS,EC-PTC
prerank,"Reactome_2022__GABA Synthesis, Release, Reuptake And Degradation R-HSA-888590",0.6884755729684007,0.9430153455272886,0.6949152542372882,0.9023555740835087,1.0,4/19,12.17%,VAMP2;HSPA8;DNAJC5;SLC6A12,EC-PTC
prerank,Reactome_2022__Transcription Of E2F Targets Under Negative Control By DREAM Complex R-HSA-1362277,0.6761158021406811,0.9425058746970114,0.6603351955307263,0.9027035242852768,1.0,8/19,16.68%,E2F4;PCNA;RBBP4;HDAC1;MAX;TFDP1;LIN37;LIN9,EC-PTC
prerank,Reactome_2022__RAC2 GTPase Cycle R-HSA-9013404,0.6527034881210365,0.941014199650468,0.7244897959183674,0.9051246894095084,1.0,27/86,11.52%,BRK1;LAMTOR1;CDC42EP1;LMAN1;CAV1;ARHGDIA;EPHA2;ARMCX3;CDC42EP4;RAB7A;VANGL1;CDC42;LBR;PKN1;VAMP3;PGRMC2;MTX1;ANKLE2;TMPO;ERBIN;ESYT1;CYBA;MCAM;ARHGAP1;EMD;ITGB1;SAMM50,EC-PTC
prerank,Reactome_2022__Cargo Trafficking To Periciliary Membrane R-HSA-5620920,0.661069605094511,0.9408855976110141,0.6998961578400831,0.9045540289581843,1.0,21/50,11.22%,ARF4;CCT5;ARL3;CCT3;RAB11A;EXOC5;TCP1;CCT8;PRKD2;BBIP1;RAB8A;RAB3IP;CCT4;UNC119B;EXOC6;EXOC7;CYS1;CCT2;NUDT19;MKKS;PTGES2,EC-PTC
prerank,Reactome_2022__Assembly Of Collagen Fibrils And Other Multimeric Structures R-HSA-2022090,0.6562714563666313,0.940743248903934,0.7151702786377709,0.9040048532781325,1.0,16/57,14.43%,COL3A1;CTSL;COL18A1;CD151;COL6A3;CTSB;TLL1;COL4A2;COL6A1;COL6A2;LOXL2;COL4A4;COL15A1;COL5A2;LAMA4;CTSS,EC-PTC
prerank,Reactome_2022__Butyrophilin (BTN) Family Interactions R-HSA-8851680,0.7060596434900612,0.9403128048843742,0.7003484320557491,0.9041178930657178,1.0,5/12,21.90%,BTN3A2;BTN2A1;BTNL9;BTN2A2;PPL,EC-PTC
prerank,Reactome_2022__SUMOylation Of Intracellular Receptors R-HSA-4090294,0.6713541486285343,0.9395432786265512,0.6963519313304721,0.9049591763897568,1.0,9/29,13.80%,SUMO2;SUMO1;UBE2I;NR1H2;RARA;THRA;PPARG;NR5A2;NR1H3,EC-PTC
prerank,Reactome_2022__Presynaptic Phase Of Homologous DNA Pairing And Strand Exchange R-HSA-5693616,0.6555517725868851,0.9388033411081832,0.6916578669482577,0.9057649594368521,1.0,15/39,18.98%,RPA3;SEM1;KAT5;RAD17;ATM;RBBP8;TOPBP1;RAD50;RAD51C;RFC2;HUS1;RHNO1;ATRIP;RMI2;BARD1,EC-PTC
prerank,MSigDB_Hallmark_2020__Angiogenesis,0.6652370935631623,0.9387085188043051,0.7010752688172043,0.9135320730568095,1.0,6/36,2.28%,S100A4;TIMP1;VCAN;COL3A1;ITGAV;LRPAP1,EC-PTC
prerank,Reactome_2022__Cellular Hexose Transport R-HSA-189200,0.6778192611320253,0.9386164679470481,0.7078280044101434,0.905292226608369,1.0,6/21,18.43%,SLC2A1;SLC2A3;SLC50A1;SLC2A11;SLC2A10;SLC2A6,EC-PTC
prerank,Reactome_2022__Signaling By NTRK3 (TRKC) R-HSA-9034015,0.6978248167333587,0.9370377251271081,0.6978579481397971,0.9078004774680069,1.0,7/16,15.03%,BAX;SHC1;NRAS;HRAS;PLCG1;NELFB;GRB2,EC-PTC
prerank,MSigDB_Hallmark_2020__Estrogen Response Early,0.6361554609857056,0.9357346174943905,0.7778894472361809,0.9000011604495581,1.0,73/200,14.46%,HES1;NPY1R;KLF10;ITPK1;BAG1;ARL3;DHRS3;SLC2A1;FOS;CYP26B1;BLVRB;DLC1;TPD52L1;CELSR1;ELF1;PODXL;PMAIP1;WFS1;AMFR;IGFBP4;XBP1;FKBP4;SLC1A1;KAZN;KDM4B;NXT1;KRT18;RHOBTB3;BHLHE40;FOXC1;PTGES;KRT19;FAM102A;TOB1;RAB17;MUC1;GFRA1;SLC39A6;UGCG;FDFT1;SLC26A2;RARA;ASB13;DEPTOR;AKAP1;ISG20L2;UNC119;RBBP8;AQP3;ABHD2;SLC16A1;CA12;OLFML3;BCL2;MED24;SCNN1A;SYNGR1;WWC1;KRT8;ENDOD1;PDZK1;MYBBP1A;ELOVL5;ABCA3;DYNLT3;SEMA3B;SVIL;CLDN7;CHPT1;CANT1;TGIF2;DHCR7;RHOD,EC-PTC
prerank,Reactome_2022__Pre-NOTCH Processing In Golgi R-HSA-1912420,0.6798899263554031,0.9353118139058199,0.6907675194660734,0.9106644680592989,1.0,9/18,14.30%,FURIN;TMED2;ST3GAL6;NOTCH1;ATP2A2;SEL1L;RFNG;NOTCH4;NOTCH3,EC-PTC
prerank,Reactome_2022__Activation Of TFAP2 (AP-2) Family Of Transcription Factors R-HSA-8866907,0.7009385670149081,0.935038628085951,0.6864608076009501,0.9104201772927669,1.0,5/12,13.16%,CREBBP;EP300;CITED4;YEATS4;CITED2,EC-PTC
prerank,Reactome_2022__Factors Involved In Megakaryocyte Development And Platelet Production R-HSA-983231,0.6385786797096825,0.9349048322349979,0.7484848484848485,0.9098522610535746,1.0,39/133,14.42%,RNASE1;ITPK1;CAPZA2;CBX5;HMG20B;PRKAR1A;RAB5A;IRF1;CABLES1;IRF2;HDAC2;CDC42;KIF5B;KIF1C;CARMIL1;PRKAR2B;CAPZB;AK3;KIF12;MAFG;TP53;HDAC1;KIF13B;AKAP1;MFN2;MAFK;CDK5;ZFPM1;KDM1A;DOCK7;SH2B1;PRKAR1B;SIN3A;KIF9;KIF2A;MAFF;EHD2;MFN1;RAD51C,EC-PTC
prerank,Reactome_2022__RUNX1 Interacts With Co-Factors Whose Precise Effect On RUNX1 Targets Is Not Known R-HSA-8939243,0.6635879335556409,0.9336360163465873,0.7117400419287212,0.9117532645360715,1.0,19/34,17.23%,CSNK2B;SMARCB1;PHC2;RYBP;EP300;PCGF5;CBX6;SMARCD1;SMARCC2;YAF2;SMARCA4;SMARCA2;SMARCE1;CBFB;ACTL6A;SMARCC1;CBX2;HIPK2;RING1,EC-PTC
prerank,MSigDB_Hallmark_2020__IL-2/STAT5 Signaling,0.6378490687415365,0.9335508185733886,0.7776659959758552,0.8849743506913649,1.0,56/199,12.96%,GPX4;FURIN;ODC1;TNFSF10;AHR;ITGAV;SPRY4;PRNP;RNH1;CD81;SYNGR2;DHRS3;IFITM3;CA2;SELP;SOCS2;CAPG;PLIN2;NCOA3;CTSZ;GSTO1;RHOB;ITGAE;MAPKAPK2;XBP1;BCL2L1;CCND3;GADD45B;IGF2R;BHLHE40;CDKN1C;COL6A1;SLC2A3;MUC1;PLSCR1;PRAF2;CASP3;CKAP4;PTRH2;P4HA1;PHLDA1;ITIH5;SPP1;PLAGL1;AMACR;NFKBIZ;SLC1A5;BCL2;BMP2;DCPS;FLT3LG;SMPDL3A;WLS;HUWE1;CSF1;CD83,EC-PTC
prerank,Reactome_2022__Negative Regulation Of NMDA Receptor-Mediated Neuronal Transmission R-HSA-9617324,0.6824267877457844,0.9334873743445328,0.7013274336283186,0.9112101949191636,1.0,1/21,1.92%,CALM1,EC-PTC
prerank,Reactome_2022__Leading Strand Synthesis R-HSA-69109,0.6782431234354974,0.9332348983445178,0.6882966396292005,0.9108932078463421,1.0,6/14,16.08%,PCNA;POLD4;POLD2;POLD1;RFC2;POLA2,EC-PTC
prerank,Reactome_2022__Constitutive Signaling By Aberrant PI3K In Cancer R-HSA-2219530,0.6469015979893286,0.9327357849580582,0.7325819672131147,0.9111101303015738,1.0,17/78,17.50%,RNASE1;RNMT;RHOG;STRN;PTPN11;EGF;ERBB2;FLT3LG;KITLG;CLSTN1;GRB2;PDGFRA;FGFR2;ERBB3;PDGFA;KIT;HBEGF,EC-PTC
prerank,Reactome_2022__Synthesis Of PA R-HSA-1483166,0.6592710492395685,0.9323648665242456,0.7133891213389121,0.9110587978210525,1.0,15/39,19.40%,AGPAT5;AGPAT2;PRKCSH;AGPAT1;DDHD1;AGPAT3;PLA2G12A;LPCAT1;GPAT4;GPAT2;GPAM;AGPAT4;PLA2G4B;ACP6;LIPH,EC-PTC
prerank,Reactome_2022__Activation Of SMO R-HSA-5635838,0.6797372669034345,0.9321052669482963,0.6944757609921083,0.9107265317024594,1.0,10/18,20.55%,GRK2;ARRB1;GAS1;BOC;SMOX;CDON;ARRB2;GAS8;PTCH1;EVC,EC-PTC
prerank,Reactome_2022__Lagging Strand Synthesis R-HSA-69186,0.6718881347377595,0.9316086997240794,0.6859688195991092,0.9109219222984725,1.0,10/20,20.77%,RPA3;PCNA;POLD4;POLD2;POLD1;RFC2;POLA2;LRIG1;FEN1;SLC19A1,EC-PTC
prerank,Reactome_2022__Defective Homologous Recombination Repair (HRR) Due To BRCA2 Loss Of Function R-HSA-9701190,0.6507369463363623,0.9302907667132535,0.7127771911298838,0.9128038203809894,1.0,15/40,18.98%,RPA3;SEM1;KAT5;RAD17;ATM;RBBP8;TOPBP1;RAD50;RAD51C;RFC2;HUS1;RHNO1;ATRIP;RMI2;BARD1,EC-PTC
prerank,Reactome_2022__Long-term Potentiation R-HSA-9620244,0.6737410500822493,0.9292273571443865,0.7022900763358778,0.9140930367509299,1.0,10/23,23.07%,CALM1;NRGN;NEFL;LLGL1;ERBB4;CAMK2G;SRC;NRG1;GRIN2A;MPP3,EC-PTC
prerank,Reactome_2022__Effects Of PIP2 Hydrolysis R-HSA-114508,-0.5038409457637004,-0.9290386331302732,0.532608695652174,1.0,1.0,5/27,1.55%,PRKCH;PRKCE;ITPR1;DGKG;DGKH,EC-PTC
prerank,Reactome_2022__CDC42 GTPase Cycle R-HSA-9013148,0.6344638703150324,0.928657111920123,0.756319514661274,0.9144223649325706,1.0,49/148,14.15%,KTN1;ARHGAP5;LAMTOR1;STOM;CDC42EP1;CAV1;ARHGDIA;CDC42EP3;CDC42EP5;DLC1;CDC42EP4;ARHGEF15;RAB7A;VANGL1;WASL;CDC42EP2;CDC42;FMNL3;ARHGDIB;LBR;PKN1;JUP;ARFGAP3;DAAM1;ARHGAP29;VAMP3;PRKCSH;DNMBP;ARFGAP2;TMPO;SHKBP1;ARAP2;MAP3K11;ARHGAP24;ARHGEF11;ARHGAP1;ARHGAP10;FMNL2;GNA13;DOCK7;FNBP1L;MYO9B;REPS1;SCRIB;GIT1;ARHGEF19;ECT2;TFRC;STARD8,EC-PTC
prerank,Reactome_2022__Growth Hormone Receptor Signaling R-HSA-982772,0.6721145729857078,0.9274889985489259,0.7006507592190889,0.9159606869862591,1.0,7/24,14.37%,STAT1;SOCS2;SOCS3;PTPN1;SH2B1;PTPN6;MAPK3,EC-PTC
prerank,Reactome_2022__Signaling By Leptin R-HSA-2586552,0.6948139063458371,0.9269491169640373,0.6915887850467289,0.916264784421953,1.0,4/11,12.43%,LEPROT;PTPN11;SOCS3;SH2B1,EC-PTC
prerank,Reactome_2022__Synaptic Adhesion-Like Molecules R-HSA-8849932,0.6745956862025771,0.9269465654207034,0.7045203969128997,0.9154247993913511,1.0,3/21,7.25%,FLOT1;RTN3;FLOT2,EC-PTC
prerank,Reactome_2022__Synthesis Of PIPs At Plasma Membrane R-HSA-1660499,0.6478970071891531,0.924661868051122,0.7283057851239669,0.9190810068119679,1.0,26/51,18.93%,INPP4B;RAB14;RAB5A;PLEKHA1;MTMR2;SYNJ2;PTEN;PIK3C2B;RAB4A;INPPL1;PIP5K1A;OCRL;MTMR9;PI4K2B;PTPN13;PLEKHA3;CLSTN1;MTMR14;PIP4K2C;PIP5K1C;PLEKHA6;PIK3C2G;PI4K2A;PIK3R1;INPP5J;PIK3R2,EC-PTC
prerank,Reactome_2022__SUMOylation Of Ubiquitinylation Proteins R-HSA-3232142,0.6528518905746842,0.9243713449910371,0.7452431289640592,0.9188316024653057,1.0,20/39,16.64%,SUMO1;UBE2I;POM121C;NUP54;SEC13;NUP188;AAAS;NUP42;TRIM27;NUP43;NUP93;NUP50;NUP62;NUP107;NUP35;MDM2;NUP205;NUP37;SEH1L;NUP58,EC-PTC
prerank,Reactome_2022__tRNA Modification In Nucleus And Cytosol R-HSA-6782315,0.6507337652982752,0.9242912637653836,0.7426160337552743,0.9181445718486034,1.0,22/41,21.28%,TRMT112;LAGE3;URM1;TP53RK;TYW3;CTU1;PUS3;OSGEP;TYW5;QTRT2;TRMU;TRIT1;TRMT5;TRMT6;FTSJ1;LCMT2;THG1L;TRMT12;PUS7;WDR4;TRMT61A;ALKBH8,EC-PTC
prerank,Reactome_2022__Recycling Of Bile Acids And Salts R-HSA-159418,-0.533170864646673,-0.9241860566955125,0.5,1.0,1.0,4/18,7.15%,SLC51B;NCOA1;NCOA2;SLC51A,EC-PTC
prerank,Reactome_2022__Ethanol Oxidation R-HSA-71384,0.689176658548093,0.9238358327744773,0.7204301075268817,0.9182060012549962,1.0,4/11,19.82%,ADH5;ALDH1A1;ADH1B;ADH1C,EC-PTC
prerank,Reactome_2022__Norepinephrine Neurotransmitter Release Cycle R-HSA-181430,0.6688498940430725,0.9229512136141191,0.7052868391451068,0.9190403823991486,1.0,5/18,14.16%,VAMP2;PPFIA3;MAOA;UNC13B;SLC22A2,EC-PTC
prerank,Reactome_2022__Signaling By Activin R-HSA-1502540,0.6864467425381446,0.9223388760488123,0.7291428571428571,0.9193832812874642,1.0,1/15,0.87%,DRAP1,EC-PTC
prerank,Reactome_2022__CD28 Co-Stimulation R-HSA-389356,0.659796837549952,0.9213100376107786,0.7306468716861082,0.9205218104964159,1.0,8/34,12.34%,RNASE1;CDC42;YES1;PKN1;RICTOR;AKT2;AKT1;MLST8,EC-PTC
prerank,Reactome_2022__PKA-mediated Phosphorylation Of CREB R-HSA-111931,0.6653493686422152,0.9208176087398531,0.7201783723522854,0.9206148848911122,1.0,4/19,6.18%,CALM1;PRKAR1A;CREB1;PRKAR2B,EC-PTC
prerank,Reactome_2022__Homologous DNA Pairing And Strand Exchange R-HSA-5693579,0.645458693083737,0.9205692809381264,0.7307286166842661,0.9202144646045619,1.0,15/42,18.98%,RPA3;SEM1;KAT5;RAD17;ATM;RBBP8;TOPBP1;RAD50;RAD51C;RFC2;HUS1;RHNO1;ATRIP;RMI2;BARD1,EC-PTC
prerank,Reactome_2022__Defective TPR May Confer Susceptibility Towards Thyroid Papillary Carcinoma (TPC) R-HSA-5619107,0.6482090721066435,0.9197322474653618,0.720510095642933,0.9209619797934079,1.0,17/32,16.64%,POM121C;NUP54;SEC13;NUP188;AAAS;NUP42;NUP43;NUP93;MAP4K2;NUP50;NUP62;NUP107;NUP35;NUP205;NUP37;SEH1L;NUP58,EC-PTC
prerank,Reactome_2022__Acetylcholine Binding And Downstream Events R-HSA-181431,0.6796129772870144,0.9190006026000558,0.7027027027027027,0.9214571990470652,1.0,3/14,32.03%,CHRNE;CHRNB4;CHRNA5,EC-PTC
prerank,Reactome_2022__Synthesis Of Bile Acids And Bile Salts Via 7Alpha-Hydroxycholesterol R-HSA-193368,0.6576977937510097,0.9181959310961456,0.7216721672167217,0.9220862854872217,1.0,7/24,15.63%,AKR1C3;AKR1C1;HSD17B4;AMACR;CYP27A1;ACOT8;SLC27A5,EC-PTC
prerank,Reactome_2022__Apoptotic Execution Phase R-HSA-75153,0.6475303006525133,0.9177268297806509,0.751578947368421,0.9221567890369429,1.0,13/46,8.32%,VIM;GSN;BCAP31;SATB1;HMGB2;KPNB1;KPNA1;STK24;BIRC2;HMGB1;LMNA;ROCK1;CASP3,EC-PTC
prerank,Reactome_2022__Diseases Of Glycosylation R-HSA-3781865,0.6282040103938631,0.9174422896790875,0.7893681043129388,0.921844278733045,1.0,48/142,16.19%,VCAN;DPM3;THSD7A;ADAMTS1;HEXB;CTSA;DPM2;HEXA;MUC15;ALG2;B3GAT3;NOTCH1;MPDU1;MUC1;DAG1;B3GALT6;DPAGT1;NUS1;B4GALT7;SLC26A2;EGFL7;GFPT1;BGN;ALG8;C1GALT1C1;CHSY1;MOGS;SDC2;B4GAT1;NOTCH4;GLB1;CHST14;HSPG2;POMT1;DOLK;SRD5A3;GNE;GALK1;AGRN;NOTCH3;PGM1;GPC3;SDC1;GPC5;MUC20;ALG11;SDC4;ALG1,EC-PTC
prerank,Reactome_2022__Prolactin Receptor Signaling R-HSA-1170546,0.680302731972022,0.9172532533432836,0.7314285714285714,0.921359398716335,1.0,2/15,1.47%,SKP1;RBX1,EC-PTC
prerank,Reactome_2022__CRMPs In Sema3A Signaling R-HSA-399956,-0.5640240231597967,-0.9171014395102165,0.578125,1.0,1.0,4/16,2.00%,NRP1;FYN;SEMA3A;GSK3B,EC-PTC
prerank,Reactome_2022__Defects In Vitamin And Cofactor Metabolism R-HSA-3296482,0.6633988270758058,0.9157438916383687,0.734065934065934,0.9232793309049561,1.0,10/21,16.52%,LMBRD1;TCN2;ABCD4;MMADHC;CD320;MMUT;MCCC1;MTR;MCCC2;MMAB,EC-PTC
prerank,Reactome_2022__Glucocorticoid Biosynthesis R-HSA-194002,0.6865547477929437,0.9155938509030614,0.7038834951456311,0.922692703768259,1.0,2/10,15.22%,POMC;HSD11B2,EC-PTC
prerank,"Reactome_2022__Antigen Presentation: Folding, Assembly, Peptide Loading Of Class I MHC R-HSA-983170",0.6550926901924656,0.9148524266599186,0.7264770240700219,0.923198191151063,1.0,16/28,15.20%,B2M;PDIA3;TAPBP;HLA-C;CALR;CANX;SAR1B;ERAP2;HLA-E;SEC13;SEC31A;BECN1;HSPA5;HLA-A;ATG14;SEC24C,EC-PTC
prerank,Reactome_2022__Serotonin Neurotransmitter Release Cycle R-HSA-181429,0.665968799939919,0.9134767675180977,0.7258426966292135,0.9249445232577801,1.0,3/18,10.40%,VAMP2;PPFIA3;UNC13B,EC-PTC
prerank,Reactome_2022__Nephrin Family Interactions R-HSA-373753,0.6627564128660742,0.9134074837076536,0.7372421281216069,0.9242288661661963,1.0,6/22,14.17%,ACTN1;WASL;CD2AP;ACTN4;NCK1;CASK,EC-PTC
prerank,Reactome_2022__Peptide Hormone Metabolism R-HSA-2980736,0.6283271916442785,0.9100409134767808,0.7847579814624099,0.9295222994998594,1.0,12/89,4.85%,CTSD;SEC11C;AOPEP;VAMP2;ATP6AP2;SEC11A;SPCS1;SPCS2;CTSZ;EXOC5;SPCS3;KIF5B,EC-PTC
prerank,Reactome_2022__Laminin Interactions R-HSA-3000157,0.6519075725092247,0.9094131416288291,0.7346711259754738,0.9298086945486612,1.0,10/22,14.32%,ITGAV;COL18A1;LAMC1;LAMA5;ITGB1;LAMB1;ITGA2;HSPG2;ITGA3;LAMA4,EC-PTC
prerank,Reactome_2022__RAC1 GTPase Cycle R-HSA-9013149,0.6219894359018656,0.9091779404594675,0.8232931726907631,0.9293770319166166,1.0,49/176,13.11%,RNASE1;KTN1;ARHGAP5;BRK1;LAMTOR1;CDC42EP1;CAV1;ARHGDIA;AMIGO2;EPHA2;DLC1;CDC42EP4;ARHGEF15;FERMT2;RAB7A;VANGL1;WASL;FAM13A;CDC42;ARHGDIB;LBR;PKN1;ARHGAP29;VAMP3;PRKCSH;ARHGAP12;NISCH;ARHGAP23;TMPO;CYFIP2;ERBIN;ESYT1;ARAP2;CYBA;JAG1;ARHGAP24;ARHGEF11;MCAM;ARHGAP1;EMD;ARHGAP10;SLC1A5;ITGB1;GNA13;DOCK7;MYO9B;REPS1;GIT1;ARHGEF19,EC-PTC
prerank,Reactome_2022__Branched-chain Amino Acid Catabolism R-HSA-70895,0.6561345603450106,0.9087113019736943,0.7128712871287128,0.9293162482709527,1.0,10/21,16.34%,ECHS1;HSD17B10;PPM1K;SOAT1;BCKDK;ALDH6A1;MCCC1;MCCC2;HIBADH;ACADSB,EC-PTC
prerank,Reactome_2022__Pre-NOTCH Expression And Processing R-HSA-1912422,0.636611993095046,0.9080208415969755,0.7554858934169278,0.9296402399007507,1.0,21/49,14.30%,FURIN;JUN;TMED2;SNW1;KAT2B;CREBBP;EP300;ST3GAL6;NOTCH1;ATP2A2;POFUT1;TP53;MOV10;SEL1L;RBPJ;RFNG;NOTCH4;AGO2;TFDP1;AGO1;NOTCH3,EC-PTC
prerank,Reactome_2022__Urea Cycle R-HSA-70635,0.6792537655174433,0.907642300333564,0.7322929171668667,0.9294220650584721,1.0,4/10,17.87%,TINAGL1;ARG2;NMRAL1;ASL,EC-PTC
prerank,Reactome_2022__Presynaptic Nicotinic Acetylcholine Receptors R-HSA-622323,0.6796304900379896,0.9065211530043171,0.7250608272506083,0.9305281937887883,1.0,3/12,32.03%,CHRNE;CHRNB4;CHRNA5,EC-PTC
prerank,"Reactome_2022__BMAL1:CLOCK,NPAS2 Activates Circadian Gene Expression R-HSA-1368108",0.655455663646117,0.9060323844378185,0.75,0.9305278970187117,1.0,12/25,16.68%,NPAS2;MBD4;CREBBP;TBL1XR1;BHLHE40;HSD17B4;BHLHE41;TBL1X;NAMPT;PPARA;CARM1;LIN9,EC-PTC
prerank,Reactome_2022__Interferon Gamma Signaling R-HSA-877300,0.6276894944367294,0.9055960033687974,0.7928571428571428,0.9304245887040897,1.0,27/86,8.34%,STAT1;MT2A;SUMO1;HLA-DPA1;B2M;IFNGR2;HLA-DRB1;HLA-DQA2;GBP1;IRF9;IRF1;HLA-C;OAS1;IRF2;OAS3;TRIM5;ICAM1;TRIM21;HLA-E;SP100;HLA-DRA;VCAM1;TRIM22;PTPN11;SOCS3;GBP2;OAS2,EC-PTC
prerank,Reactome_2022__G Alpha (12/13) Signaling Events R-HSA-416482,0.6271996100185154,0.9035959730013363,0.7793667007150153,0.9330038601102604,1.0,20/78,13.14%,GNG11;GNG5;RHOC;ROCK2;GNG10;ARHGEF15;RHOA;RHOB;GNG12;ARHGEF2;GNB2;ROCK1;GNG2;ARHGEF40;ARHGEF11;PRPF38B;GNA13;GNG7;ARHGEF19;ARHGEF17,EC-PTC
prerank,Reactome_2022__HDR Thru MMEJ (alt-NHEJ) R-HSA-5685939,0.6632389613668567,0.902172346127743,0.7156398104265402,0.9346437876112075,1.0,6/12,20.92%,RBBP8;PARP1;XRCC1;RAD50;FEN1;BRCA2,EC-PTC
prerank,Reactome_2022__VEGFA-VEGFR2 Pathway R-HSA-4420097,0.62789942051753,0.9020423484149515,0.8174358974358974,0.9340317174651012,1.0,32/93,12.52%,RNASE1;HSPB1;BRK1;ITGAV;CALM1;CAV1;HSP90AA1;ROCK2;CRK;RHOA;CDC42;MAPKAPK2;PKN1;JUP;KDR;BCAR1;CDH5;ROCK1;CYFIP2;NRAS;HRAS;CYBA;PLCG1;AHCYL1;RICTOR;MAPK12;AKT2;NCK1;ITPR2;AKT1;MLST8;MAPK14,EC-PTC
prerank,Reactome_2022__Ca2+ Pathway R-HSA-4086398,0.6249422156991459,0.9016155803554357,0.7694704049844237,0.9338960442918139,1.0,17/61,14.67%,GNG11;GNG5;CALM1;GNG10;FZD6;GNG12;GNB2;NRAS;GNG2;MOV10;PPP3R1;ITPR2;GNG7;AGO2;AGO1;MAP3K7;PPP3CB,EC-PTC
prerank,Reactome_2022__Metabolism Of Porphyrins R-HSA-189445,0.6476430348312666,0.900944331488418,0.7610810810810811,0.9341421749155815,1.0,13/28,19.50%,BLVRB;GUSB;ABCC1;UROD;UROS;ALAS1;HMOX2;FECH;BLVRA;FLVCR1;CPOX;COX15;ALAD,EC-PTC
prerank,Reactome_2022__Highly Calcium Permeable Postsynaptic Nicotinic Acetylcholine Receptors R-HSA-629594,0.6796119158239956,0.9002785098054507,0.7388688327316486,0.9344044792965356,1.0,2/11,32.03%,CHRNB4;CHRNA5,EC-PTC
prerank,Reactome_2022__CaM Pathway R-HSA-111997,0.6389877903128539,0.9002158299657894,0.7644539614561028,0.9336620154125205,1.0,9/33,13.57%,CALM1;PRKAR1A;CREB1;PRKAR2B;GRK2;KPNA2;PRKAR1B;PDE1A;ADCY6,EC-PTC
prerank,Reactome_2022__DCC Mediated Attractive Signaling R-HSA-418885,0.6703194153001528,0.9001098595859497,0.7523041474654378,0.9329964342053982,1.0,3/14,4.32%,RNASE1;WASL;CDC42,EC-PTC
prerank,Reactome_2022__VEGFR2 Mediated Vascular Permeability R-HSA-5218920,0.6476930588671623,0.8999813976774964,0.7583603020496225,0.9323955621109729,1.0,11/27,12.34%,RNASE1;CALM1;CAV1;HSP90AA1;PKN1;JUP;CDH5;RICTOR;AKT2;AKT1;MLST8,EC-PTC
prerank,Reactome_2022__SHC-mediated cascade:FGFR2 R-HSA-5654699,0.6514968444779361,0.8994703285463159,0.745928338762215,0.9323871627075033,1.0,9/22,23.71%,SHC1;NRAS;HRAS;GRB2;FGFR2;FGF9;FGF1;FGF7;FGF13,EC-PTC
prerank,Reactome_2022__Synthesis Of PIPs At Early Endosome Membrane R-HSA-1660516,0.666211439031794,0.8986228069657907,0.7661469933184856,0.9329071631743173,1.0,4/16,5.26%,INPP4B;MTMR2;MTMR10;MTMR12,EC-PTC
prerank,Reactome_2022__Metabolism Of Folate And Pterines R-HSA-196757,0.6603671122023845,0.8970550600747057,0.7439165701042874,0.9345665308635488,1.0,8/16,22.21%,FPGS;SHMT1;MTHFD2L;DHFR2;SHMT2;ALDH1L1;SLC19A1;DHFR,EC-PTC
prerank,MSigDB_Hallmark_2020__KRAS Signaling Up,0.6115528843683671,0.8962076997352056,0.842685370741483,0.9384080847465762,1.0,34/199,8.72%,PLVAP;GNG11;GPRC5B;RELN;TFPI;G0S2;DUSP6;PSMB8;GYPC;SATB1;CA2;ANKH;GLRX;ENG;RBM4;ST6GAL1;LY96;MTMR10;SPRY2;JUP;PLAU;DNMBP;PRELID3B;STRN;TSPAN13;PPP1R15A;IL2RG;MAP3K1;USP12;PCSK1N;EPB41L3;ZNF639;FUCA1;AKAP12,EC-PTC
prerank,Reactome_2022__Peptide Hormone Biosynthesis R-HSA-209952,0.6693949937803054,0.8961351399962668,0.7557603686635944,0.9352249277978428,1.0,3/12,25.75%,POMC;CHGA;PCSK1,EC-PTC
prerank,Reactome_2022__Inhibition Of Replication Initiation Of Damaged DNA By RB1/E2F1 R-HSA-113501,0.6580619836237841,0.8960081352287192,0.7362768496420048,0.9346018340371036,1.0,3/13,5.18%,PPP2CB;PPP2R1A;PPP2CA,EC-PTC
prerank,Reactome_2022__Bicarbonate Transporters R-HSA-425381,0.6640509078267407,0.8957856013365751,0.7435897435897436,0.934141920336651,1.0,1/10,3.72%,SLC4A2,EC-PTC
prerank,Reactome_2022__Notch-HLH Transcription Pathway R-HSA-350054,0.6381926167720884,0.8953325966480341,0.7571580063626723,0.9339801496957155,1.0,14/28,14.30%,SNW1;HDAC7;HDAC5;KAT2B;HDAC2;CREBBP;TBL1XR1;NOTCH1;HDAC1;RBPJ;NOTCH4;TBL1X;HDAC3;NOTCH3,EC-PTC
prerank,Reactome_2022__RHOU GTPase Cycle R-HSA-9013420,0.6308291516556297,0.8951444756387095,0.7697916666666667,0.9334649334421107,1.0,16/39,15.86%,TXNL1;EPHA2;VANGL1;CDC42;CLTC;PKN1;WDR6;HGS;NCK1;STAM2;GIT1;STAM;USP9X;PARD6A;GRB2;WWP2,EC-PTC
prerank,Reactome_2022__Signaling By SCF-KIT R-HSA-1433557,0.6301364979068738,0.8945023324444084,0.7587991718426501,0.933654729213018,1.0,7/42,8.51%,RNASE1;STAT1;YES1;FES;PTPN11;NRAS;HRAS,EC-PTC
prerank,Reactome_2022__Signaling By Cytosolic FGFR1 Fusion Mutants R-HSA-1839117,0.6572357706167827,0.8926003242861167,0.7604519774011299,0.9357876407472806,1.0,2/16,4.13%,STAT1;FGFR1OP2,EC-PTC
prerank,Reactome_2022__E2F Mediated Regulation Of DNA Replication R-HSA-113510,0.6349285254141961,0.8912797839548229,0.7369589345172031,0.9370151936204715,1.0,8/22,18.41%,PPP2CB;PPP2R1A;PPP2CA;ORC4;TFDP1;POLA2;MCM8;PPP2R1B,EC-PTC
prerank,Reactome_2022__SHC-mediated cascade:FGFR3 R-HSA-5654704,0.6531093984096245,0.8907971843877797,0.74,0.9369089784082348,1.0,4/17,15.03%,SHC1;NRAS;HRAS;GRB2,EC-PTC
prerank,Reactome_2022__GRB2 Events In EGFR Signaling R-HSA-179812,0.663215265613059,0.890745906818477,0.7508813160987075,0.9361450203491167,1.0,5/12,17.50%,NRAS;EGF;HRAS;GRB2;HBEGF,EC-PTC
prerank,Reactome_2022__Ca-dependent Events R-HSA-111996,0.6314156947761338,0.8900279487942282,0.7739872068230277,0.9364134408380981,1.0,9/35,13.57%,CALM1;PRKAR1A;CREB1;PRKAR2B;GRK2;KPNA2;PRKAR1B;PDE1A;ADCY6,EC-PTC
prerank,Reactome_2022__Elevation Of Cytosolic Ca2+ Levels R-HSA-139853,0.6532273780321977,0.8896628092138738,0.7600459242250287,0.9361372588616628,1.0,3/15,12.01%,ORAI1;ORAI2;ITPR2,EC-PTC
prerank,Reactome_2022__RUNX1 Regulates Genes Involved In Megakaryocyte Differentiation And Platelet Function R-HSA-8936459,0.6264014895779764,0.8872862161686252,0.7775445960125918,0.9388947474165309,1.0,17/37,17.00%,PRMT1;DPY30;MYL9;KAT2B;EP300;KMT2D;HDAC1;MOV10;ZFPM1;CBFB;SIN3A;AGO1;KMT2B;SETD1B;WDR5;THBS1;RBBP5,EC-PTC
prerank,Reactome_2022__PI3K/AKT Signaling In Cancer R-HSA-2219528,0.6134209830240159,0.8867646093254397,0.8375893769152196,0.9388508209171039,1.0,33/105,17.50%,RNASE1;RNMT;BAD;RHOG;CREB1;PTEN;RPS6KB2;STRN;PTPN11;EGF;GSK3A;TSC2;RICTOR;CDKN1A;ERBB2;AKT2;NR4A1;AKT1;MLST8;FLT3LG;KITLG;FOXO3;AKT1S1;CLSTN1;GRB2;PDGFRA;MDM2;FOXO4;FGFR2;ERBB3;PDGFA;KIT;HBEGF,EC-PTC
prerank,Reactome_2022__Polo-like Kinase Mediated Events R-HSA-156711,0.6508446459224168,0.8859486127228067,0.7548682703321878,0.9392889631201351,1.0,6/16,21.64%,RBBP4;EP300;LIN37;LIN9;WEE1;CCNB1,EC-PTC
prerank,Reactome_2022__PKA Activation R-HSA-163615,0.6428436320009555,0.885824073414422,0.7553793884484711,0.9386618168024486,1.0,5/17,13.57%,CALM1;PRKAR1A;PRKAR2B;PRKAR1B;ADCY6,EC-PTC
prerank,Reactome_2022__Synthesis Of Bile Acids And Bile Salts Via 27-Hydroxycholesterol R-HSA-193807,0.6480246778634502,0.8856913211490782,0.7516930022573364,0.9380484334204361,1.0,3/15,14.17%,AKR1C3;AKR1C1;CYP27A1,EC-PTC
prerank,Reactome_2022__G0 And Early G1 R-HSA-1538133,0.6307164673201222,0.8856571644374551,0.7557251908396947,0.937270764653956,1.0,9/27,16.68%,E2F4;PCNA;RBBP4;HDAC1;MAX;TFDP1;LIN37;CDK2;LIN9,EC-PTC
prerank,Reactome_2022__Repression Of WNT Target Genes R-HSA-4641265,0.6589219291167112,0.8853059918486799,0.7725173210161663,0.9369639268688231,1.0,5/14,13.61%,TLE5;CTBP1;HDAC1;TLE3;TLE4,EC-PTC
prerank,Reactome_2022__Phase 0 - Rapid Depolarisation R-HSA-5576892,0.6316247682781588,0.8836013175097661,0.7636363636363637,0.9386267627841732,1.0,3/32,12.66%,CALM1;FGF12;RANGRF,EC-PTC
prerank,Reactome_2022__Formation Of Senescence-Associated Heterochromatin Foci (SAHF) R-HSA-2559584,0.6591673126078439,0.8829118532328509,0.762936221419976,0.9388248728924117,1.0,6/11,15.62%,TP53;CDKN1A;HMGA1;HIRA;CABIN1;UBN1,EC-PTC
prerank,"Reactome_2022__PI5P, PP2A And IER3 Regulate PI3K/AKT Signaling R-HSA-6811558",0.6085704237698281,0.8823801947545261,0.8389057750759878,0.938819133770442,1.0,30/106,17.50%,RNASE1;RNMT;PPP2CB;RHOG;PPP2R1A;PPP2CA;IRAK1;STRN;PTPN11;EGF;PIP5K1A;IRAK4;ERBB2;PPP2R5B;AKT1;FLT3LG;KITLG;MAPK3;CLSTN1;GRB2;PIP4K2C;PIP5K1C;PDGFRA;IER3;FGFR2;ERBB3;MYD88;PDGFA;KIT;HBEGF,EC-PTC
prerank,Reactome_2022__Pyrimidine Catabolism R-HSA-73621,-0.5292920584639157,-0.8811602067976564,0.5894039735099338,1.0,1.0,1/12,0.24%,DPYD,EC-PTC
prerank,Reactome_2022__Vitamin B5 (Pantothenate) Metabolism R-HSA-199220,0.642253812645642,0.8807598720497034,0.7684563758389261,0.9403932231114929,1.0,7/17,17.19%,PANK2;AASDHPPT;PANK3;COASY;PPCS;PDZD11;PANK4,EC-PTC
prerank,Reactome_2022__ERBB2 Regulates Cell Motility R-HSA-6785631,0.6426394081448124,0.8794103869322849,0.7586206896551724,0.9415052357477162,1.0,6/15,17.50%,RHOA;EGF;DIAPH1;ERBB2;ERBB3;HBEGF,EC-PTC
prerank,MSigDB_Hallmark_2020__Apical Surface,0.6196927517943983,0.879354031079633,0.7899159663865546,0.9437291562306793,1.0,13/44,16.08%,HSPB1;MAL;GSTM3;THY1;FLOT2;IL2RG;CX3CL1;PKHD1;GAS1;TMEM8B;ADIPOR2;APP;EPHB4,EC-PTC
prerank,Reactome_2022__Class A/1 (Rhodopsin-like Receptors) R-HSA-373076,0.5970776754181615,0.8790342575430468,0.8988988988988988,0.9411945150628723,1.0,17/325,9.80%,HEBP1;NPY1R;SSTR2;LPAR6;QRFPR;GPR4;ANXA1;CXCL16;CCL2;KNG1;F2R;CX3CL1;ADORA2A;PTGER3;CCRL2;CCL21;S1PR1,EC-PTC
prerank,Reactome_2022__APC Truncation Mutants Have Impaired AXIN Binding R-HSA-5467337,0.6436065221201993,0.878692992700613,0.7707150964812712,0.9408672866657545,1.0,4/14,11.46%,PPP2CB;PPP2R1A;PPP2CA;PPP2R5B,EC-PTC
prerank,Reactome_2022__Apoptotic Cleavage Of Cellular Proteins R-HSA-111465,0.6171398663147476,0.8786234705917203,0.7761506276150628,0.9401488412715964,1.0,12/38,12.04%,VIM;GSN;BCAP31;SATB1;STK24;BIRC2;LMNA;ROCK1;CASP3;ACIN1;CASP7;FNTA,EC-PTC
prerank,Reactome_2022__IRS-related Events Triggered By IGF1R R-HSA-2428928,-0.4296904655582234,-0.8781388205188949,0.6808510638297872,1.0,1.0,13/51,6.01%,IGF1R;FGFR1;PIK3C3;SOS1;GAB2;KL;THEM4;PIGU;FGF18;PDPK1;PDE3B;FRS2;PIK3CA,EC-PTC
prerank,Reactome_2022__Cell-extracellular Matrix Interactions R-HSA-446353,0.6457247369650623,0.8780584457117784,0.7751141552511416,0.9400980887126807,1.0,5/16,3.92%,VASP;ACTN1;ILK;FERMT2;FLNA,EC-PTC
prerank,Reactome_2022__FCGR3A-mediated IL10 Synthesis R-HSA-9664323,0.6208062700476275,0.8777197053352865,0.7997870074547391,0.9397771406939338,1.0,10/35,13.57%,CALM1;PRKAR1A;CREB1;YES1;PRKAR2B;PLCG1;AHCYL1;ITPR2;PRKAR1B;ADCY6,EC-PTC
prerank,Reactome_2022__Transcription Of E2F Targets Under Negative Control By P107 (RBL1) And P130 (RBL2) In Complex With HDAC1 R-HSA-1362300,0.6348288612673336,0.8773327733685714,0.7442116868798236,0.939481787534763,1.0,6/16,16.68%,E2F4;RBBP4;HDAC1;TFDP1;LIN37;LIN9,EC-PTC
prerank,Reactome_2022__Formation Of Cornified Envelope R-HSA-6809371,0.6100867397045319,0.8755076247672685,0.8201438848920863,0.9412025169554395,1.0,10/73,16.64%,FURIN;CAPNS1;JUP;KAZN;PERP;RCAN1;PRSS8;ST14;DSG2;CAPN1,EC-PTC
prerank,Reactome_2022__Defective HDR Thru Homologous Recombination (HRR) Due To BRCA1 Loss-Of-Function R-HSA-9701192,0.6230423574251356,0.8753156975391646,0.7778993435448578,0.9406707802960903,1.0,9/25,20.92%,SEM1;KAT5;ATM;RBBP8;RAD50;RAD51C;RMI2;BARD1;BRCA2,EC-PTC
prerank,Reactome_2022__Crosslinking Of Collagen Fibrils R-HSA-2243919,0.6493830196223995,0.8748216628508564,0.7610513739545998,0.9406019579604795,1.0,2/10,9.56%,TLL1;LOXL2,EC-PTC
prerank,Reactome_2022__Interleukin-37 Signaling R-HSA-9008059,0.633476573816163,0.8742742951367808,0.7741935483870968,0.9405528590696002,1.0,9/21,13.40%,SIGIRR;PTPN14;PTPN11;CASP1;PTPN12;PTPN23;PTPN13;IL18BP;PTPN6,EC-PTC
prerank,Reactome_2022__Phosphorylation Of CD3 And TCR Zeta Chains R-HSA-202427,-0.489779313893026,-0.8722122891565162,0.5545454545454546,1.0,1.0,1/17,0.04%,HLA-DRB5,EC-PTC
prerank,Reactome_2022__Phospholipase C-mediated Cascade; FGFR2 R-HSA-5654221,0.6349324373442883,0.8717365026359002,0.7634173055859803,0.9432078008399969,1.0,6/18,23.71%,PLCG1;FGFR2;FGF9;FGF1;FGF7;FGF13,EC-PTC
prerank,"Reactome_2022__Nucleotide-binding Domain, Leucine Rich Repeat Containing NLR Signaling Pathways R-HSA-168643",0.6073986711257695,0.8698328595383746,0.8151609553478713,0.9449330055569313,1.0,25/53,17.53%,IKBKB;TXN2;AAMP;UBE2N;RELA;UBE2V1;BCL2L1;BIRC2;CASP4;IRAK1;CYLD;NFKB1;IKBKG;CASP1;HSP90AB1;MAPK12;BCL2;MAPK14;MAPK11;CASP2;MAP3K7;APP;CASP8;PANX1;NFKB2,EC-PTC
prerank,Reactome_2022__DAG And IP3 Signaling R-HSA-1489509,0.6141521175843272,0.8693945052198012,0.8133616118769883,0.9447318670428437,1.0,12/39,13.57%,CALM1;PRKAR1A;CREB1;PRKAR2B;GRK2;KPNA2;PLCG1;AHCYL1;ITPR2;PRKAR1B;PDE1A;ADCY6,EC-PTC
prerank,Reactome_2022__HDL Remodeling R-HSA-8964058,0.6477678139123866,0.8674576451773224,0.7737226277372263,0.9464030534494111,1.0,1/10,4.31%,CETP,EC-PTC
prerank,Reactome_2022__Netrin-1 Signaling R-HSA-373752,0.6040370820376303,0.867217019227259,0.7912772585669782,0.9459108578551645,1.0,12/49,13.05%,RNASE1;WASL;CDC42;PKN1;MYO10;EZR;PTPN11;PLCG1;MAPK12;NCK1;MAPK14;MAPK11,EC-PTC
prerank,Reactome_2022__Downstream Signaling Of Activated FGFR2 R-HSA-5654696,0.6227387716200273,0.8669127152675092,0.7964135021097046,0.9455001815236722,1.0,9/29,19.77%,SHC1;PTPN11;NRAS;HRAS;PLCG1;GRB2;FGFR2;PIK3R1;FGF9,EC-PTC
prerank,Reactome_2022__SHC-mediated cascade:FGFR4 R-HSA-5654719,0.6361795613170681,0.8666885238497839,0.7806236080178174,0.9449573497611944,1.0,8/19,23.71%,SHC1;NRAS;HRAS;GRB2;FGF9;FGFR4;FGF1;FGF13,EC-PTC
prerank,Reactome_2022__Pre-NOTCH Transcription And Translation R-HSA-1912408,0.6153014772132359,0.8663611422777062,0.8002136752136753,0.9445809426136244,1.0,14/33,14.30%,JUN;SNW1;KAT2B;CREBBP;EP300;NOTCH1;TP53;MOV10;RBPJ;NOTCH4;AGO2;TFDP1;AGO1;NOTCH3,EC-PTC
prerank,Reactome_2022__PECAM1 Interactions R-HSA-210990,0.6484650757812069,0.8658739907841704,0.7871581450653984,0.944374952639004,1.0,4/12,9.25%,ITGAV;YES1;PTPN11;PLCG1,EC-PTC
prerank,Reactome_2022__Regulation Of TP53 Activity Thru Acetylation R-HSA-6804758,0.619110412066949,0.865671351670626,0.7938034188034188,0.9438318321645142,1.0,16/29,13.63%,RBBP7;HDAC2;CHD4;CHD3;RBBP4;PIP4P1;BRD7;EP300;TP53;HDAC1;AKT2;MTA2;AKT1;ING5;BRPF3;MEAF6,EC-PTC
prerank,Reactome_2022__Resolution Of D-loop Structures Thru Synthesis-Dependent Strand Annealing (SDSA) R-HSA-5693554,0.6152711551578822,0.8638316695149953,0.7883771929824561,0.9454699324259491,1.0,10/27,21.40%,SEM1;KAT5;ATM;RBBP8;RAD50;RAD51C;RMI2;BARD1;BRCA2;RTEL1,EC-PTC
prerank,Reactome_2022__Transcriptional Regulation By VENTX R-HSA-8853884,0.6090355874931719,0.8631301752055037,0.8071278825995807,0.945518594753718,1.0,17/39,12.48%,ANAPC16;ANAPC11;CDC26;EHMT2;RELA;ANAPC10;CDC16;NFKB1;UBE2E1;ANAPC15;TP53;MOV10;UBE2S;UBE2D1;ANAPC7;CDC27;CDC23,EC-PTC
prerank,Reactome_2022__Downstream Signaling Of Activated FGFR3 R-HSA-5654708,0.6245960607069556,0.8627037538149404,0.791220556745182,0.9452622792209937,1.0,5/24,9.25%,SHC1;PTPN11;NRAS;HRAS;PLCG1,EC-PTC
prerank,Reactome_2022__Translocation Of ZAP-70 To Immunological Synapse R-HSA-202430,-0.5139314681856555,-0.8595433493996637,0.6129032258064516,1.0,1.0,1/14,0.04%,HLA-DRB5,EC-PTC
prerank,Reactome_2022__Phase 4 - Resting Membrane Potential R-HSA-5576886,0.6147507344276482,0.8583792089981522,0.7849944008958567,0.9498655784624295,1.0,1/19,5.24%,KCNK6,EC-PTC
prerank,Reactome_2022__Arachidonic Acid Metabolism R-HSA-2142753,0.5963030495679942,0.8570850012845842,0.8251028806584362,0.9506633797872086,1.0,15/58,13.95%,GPX4;CBR1;AKR1C3;PTGR1;MAPKAPK2;PTGES3;ABCC1;PTGES;PON2;LTA4H;PTGES2;CYP1B1;EPHX2;PTGR2;TBXAS1,EC-PTC
prerank,Reactome_2022__G1/S-Specific Transcription R-HSA-69205,0.6080298885289326,0.8565825039268162,0.7891304347826087,0.950502651124054,1.0,8/29,17.44%,E2F4;PCNA;RBBP4;HDAC1;TFDP1;LIN37;LIN9;FBXO5,EC-PTC
prerank,Reactome_2022__Glucuronidation R-HSA-156588,0.6136658660088887,0.8548007037826079,0.8023758099352052,0.9518693747335041,1.0,5/25,22.97%,UGP2;UGDH;UGT3A1;UGT2A3;UGT2B7,EC-PTC
prerank,Reactome_2022__Caspase Activation Via Dependence Receptors In Absence Of Ligand R-HSA-418889,0.644101046920106,0.8545931903920715,0.7857142857142857,0.9513288362577005,1.0,5/10,16.12%,APPL1;CASP3;MAGED1;DAPK2;DAPK3,EC-PTC
prerank,Reactome_2022__VxPx Cargo-Targeting To Cilium R-HSA-5620916,0.6158212895470851,0.8541416768215087,0.7839029768467475,0.9510671312867695,1.0,10/21,12.77%,ARF4;RAB11A;EXOC5;PRKD2;RAB8A;RAB3IP;EXOC6;EXOC7;PTGES2;EXOC3,EC-PTC
prerank,Reactome_2022__Nuclear Pore Complex (NPC) Disassembly R-HSA-3301854,0.5985790388435265,0.8525615934551193,0.8072417465388712,0.9521329402706215,1.0,16/36,16.64%,POM121C;NUP54;SEC13;NUP188;AAAS;NUP42;NUP43;NUP93;NUP50;NUP62;NUP107;NUP35;NUP205;NUP37;SEH1L;NUP58,EC-PTC
prerank,Reactome_2022__TFAP2 (AP-2) Family Regulates Transcription Of Growth Factors And Their Receptors R-HSA-8866910,0.6336177708914197,0.852520653599333,0.7977272727272727,0.9513677517399183,1.0,8/13,20.84%,YY1;ERBB2;KIT;TFAP2A;ATAD2;CHGA;TFAP2C;TGFA,EC-PTC
prerank,Reactome_2022__Erythropoietin Activates RAS R-HSA-9027284,0.6334599719063341,0.8523812952859802,0.7957497048406139,0.9507464002773522,1.0,5/13,15.03%,SHC1;NRAS;HRAS;EPOR;GRB2,EC-PTC
prerank,Reactome_2022__RET Signaling R-HSA-8853659,-0.41836771847876697,-0.8522465150437795,0.717391304347826,1.0,1.0,12/40,6.01%,GRB10;DOK6;PIK3R3;SHANK3;SOS1;GAB2;PIGU;PRKACB;PDLIM7;RET;FRS2;PIK3CA,EC-PTC
prerank,Reactome_2022__CLEC7A (Dectin-1) Induces NFAT Activation R-HSA-5607763,0.6407784590382148,0.8521851084788187,0.808187134502924,0.9501697890544453,1.0,5/11,14.67%,CALM1;AHCYL1;PPP3R1;ITPR2;PPP3CB,EC-PTC
prerank,Reactome_2022__Cyclin A/B1/B2 Associated Events During G2/M Transition R-HSA-69273,0.6096484928319936,0.8515480980123585,0.7980241492864983,0.9501188183559753,1.0,5/25,9.04%,PPP2CB;PPP2R1A;PPP2CA;XPO1;PPME1,EC-PTC
prerank,Reactome_2022__RAF-independent MAPK1/3 Activation R-HSA-112409,0.6178840343231097,0.8512740904781427,0.8054054054054054,0.9496405341545356,1.0,10/23,12.61%,DUSP6;MAP2K2;PEA15;DUSP12;DUSP5;MAP2K1;PTPN11;DUSP7;DUSP8;DUSP9,EC-PTC
prerank,Reactome_2022__Other Interleukin Signaling R-HSA-449836,0.6107174453360114,0.851204625984462,0.8028322440087146,0.9489138083470904,1.0,8/24,15.39%,VAMP2;CASP3;IL10RB;TXLNA;CSF1;STX4;STXBP2;SDC1,EC-PTC
prerank,Reactome_2022__Diseases Of DNA Repair R-HSA-9675135,0.592712362697424,0.8499051682024843,0.8264984227129337,0.9496494630482688,1.0,17/50,19.52%,RPA3;SEM1;KAT5;RAD17;ATM;RBBP8;NTHL1;TOPBP1;RAD50;RAD51C;RFC2;HUS1;RHNO1;ATRIP;RMI2;BARD1;MLH1,EC-PTC
prerank,Reactome_2022__PKMTs Methylate Histone Lysines R-HSA-3214841,0.5940954897959856,0.8489925852666299,0.8186582809224319,0.9499497278973014,1.0,22/44,18.53%,DPY30;RBBP7;EHMT2;RELA;RBBP4;NSD3;KMT5A;KMT2D;SETD3;NFKB1;SUZ12;ASH1L;SETD7;KMT2B;SETD1B;DOT1L;WDR5;SETDB2;RBBP5;NFKB2;EED;SMYD2,EC-PTC
prerank,Reactome_2022__Signaling By KIT In Disease R-HSA-9669938,0.6184669466167648,0.8485281988908568,0.7946725860155383,0.9496783557079566,1.0,4/19,8.51%,STAT1;YES1;NRAS;HRAS,EC-PTC
prerank,Reactome_2022__FCERI Mediated Ca+2 Mobilization R-HSA-2871809,0.6115525660357262,0.8481778388431719,0.8276595744680851,0.9492623904090033,1.0,13/28,20.32%,CALM1;SHC1;SPNS1;PLCG1;AHCYL1;PPP3R1;ITPR2;PPP3CB;GRB2;SYK;VAV2;NFATC2;NFATC1,EC-PTC
prerank,Reactome_2022__Sphingolipid De Novo Biosynthesis R-HSA-1660661,0.5984220012410144,0.8477797553503621,0.8324552160168599,0.9489391165461241,1.0,19/44,15.49%,DEGS1;SPTSSA;VAPA;CERS2;ORMDL1;SPTLC1;PRKD2;KDSR;SPTLC2;ORMDL2;OSBP;ALDH3A2;CERT1;ORMDL3;CSNK1G2;VAPB;DEGS2;ACER2;SGPP1,EC-PTC
prerank,Reactome_2022__Processing Of Intronless Pre-mRNAs R-HSA-77595,0.6129858424666554,0.8465935540004398,0.8044444444444444,0.9494704853840007,1.0,9/20,16.19%,NCBP2;CPSF2;PCF11;PABPN1;CSTF2T;SYMPK;CSTF1;CPSF6;CPSF1,EC-PTC
prerank,Reactome_2022__Role Of Second Messengers In Netrin-1 Signaling R-HSA-418890,0.6418421520719787,0.8449906544985061,0.7892813641900122,0.950490462724971,1.0,1/10,9.25%,PLCG1,EC-PTC
prerank,Reactome_2022__Downstream Signaling Of Activated FGFR4 R-HSA-5654716,0.6102496911122994,0.8423265563362754,0.8252947481243301,0.9527561241899277,1.0,5/26,9.25%,SHC1;PTPN11;NRAS;HRAS;PLCG1,EC-PTC
prerank,Reactome_2022__FRS-mediated FGFR2 Signaling R-HSA-5654700,0.6036392353956889,0.842204746277459,0.7993596584845251,0.9521040625034082,1.0,9/24,23.71%,PTPN11;NRAS;HRAS;GRB2;FGFR2;FGF9;FGF1;FGF7;FGF13,EC-PTC
prerank,Reactome_2022__NOTCH4 Intracellular Domain Regulates Transcription R-HSA-9013695,0.6103400675181484,0.842160809849081,0.8044444444444444,0.9513554408116892,1.0,8/19,15.13%,SNW1;KAT2B;CREBBP;EP300;NOTCH1;RBPJ;NOTCH4;ACTA2,EC-PTC
prerank,Reactome_2022__G Alpha (Q) Signaling Events R-HSA-416476,0.571715871039393,0.840269454282246,0.9094567404426559,0.9527054449781089,1.0,23/211,10.07%,GNG11;GNG5;LPAR6;QRFPR;GNG10;GPR4;ANXA1;RPS6KA3;CREB1;GNG12;RGS5;KNG1;F2R;GNA14;GRK2;GNA11;GNB2;NRAS;GNG2;MGLL;HRAS;RGS19;ABHD6,EC-PTC
prerank,Reactome_2022__Common Pathway Of Fibrin Clot Formation R-HSA-140875,0.5997341709563756,0.8399965720639655,0.8043715846994536,0.9522155351606906,1.0,8/22,18.36%,F8;F2R;PROS1;F13A1;FAM110A;SERPINA5;PROCR;SERPINE2,EC-PTC
prerank,Reactome_2022__Assembly And Cell Surface Presentation Of NMDA Receptors R-HSA-9609736,0.6031892332767467,0.8395121170888312,0.8002183406113537,0.9519505719756793,1.0,9/25,23.07%,LIN7C;KIF17;LIN7A;CASK;NEFL;LLGL1;CAMK2G;GRIN2A;MPP3,EC-PTC
prerank,Reactome_2022__Antigen Activates B Cell Receptor Leading To Second Messenger Generation R-HSA-983695,0.6048613649639556,0.8393179060154915,0.8352941176470589,0.9513561720538628,1.0,12/30,18.67%,CALM1;ORAI1;ORAI2;AHCYL1;NCK1;ITPR2;PTPN6;CLSTN1;GRB2;SYK;PIK3R1;BLNK,EC-PTC
prerank,Reactome_2022__RUNX1 And FOXP3 Control Development Of Regulatory T Lymphocytes (Tregs) R-HSA-8877330,0.6332821927485078,0.8392718443856211,0.8118343195266272,0.9506009752154405,1.0,2/10,19.68%,CBFB;NFATC2,EC-PTC
prerank,Reactome_2022__Role Of Phospholipids In Phagocytosis R-HSA-2029485,0.6001439264482691,0.8379099162411692,0.8166127292340885,0.9512744185351951,1.0,6/23,12.01%,PLD3;PRKCSH;PLCG1;AHCYL1;PLPP5;ITPR2,EC-PTC
prerank,Reactome_2022__Platelet Adhesion To Exposed Collagen R-HSA-75892,-0.5429839385118741,-0.8375646233571269,0.6688741721854304,1.0,1.0,2/12,1.29%,VWF;FYN,EC-PTC
prerank,Reactome_2022__CREB1 Phosphorylation Thru NMDA Receptor-Mediated Activation Of RAS Signaling R-HSA-442742,0.6030846406484007,0.8351237018342366,0.8250539956803455,0.9534450960298979,1.0,5/27,8.51%,CALM1;RPS6KA3;CREB1;NRAS;HRAS,EC-PTC
prerank,Reactome_2022__HDMs Demethylate Histones R-HSA-3214842,0.5987686342805398,0.8349152278279742,0.8199780461031834,0.9528711759863014,1.0,9/23,17.46%,ARID5B;KDM4B;JMJD6;KDM5A;KDM1A;RIOX2;KDM5C;KDM5D;PHF8,EC-PTC
prerank,Reactome_2022__Acetylcholine Neurotransmitter Release Cycle R-HSA-264642,0.6051002683955526,0.8332579709677749,0.8166479190101237,0.9538369599744476,1.0,3/17,10.40%,VAMP2;PPFIA3;UNC13B,EC-PTC
prerank,Reactome_2022__TNFR1-induced Proapoptotic Signaling R-HSA-5357786,0.6143616071077815,0.8331841071354704,0.8055878928987195,0.9531256909529178,1.0,5/13,17.35%,TANK;CYLD;TRADD;USP4;CASP8,EC-PTC
prerank,Reactome_2022__Cytosolic Sulfonation Of Small Molecules R-HSA-156584,0.5984396250144807,0.8320645525336825,0.8066298342541437,0.9536075646424673,1.0,9/21,20.37%,SLC35B2;SLC26A2;ABHD14B;PAPSS1;SLC35B3;SULT1A1;BPNT1;SULT1A2;SULT2B1,EC-PTC
prerank,Reactome_2022__ERK/MAPK Targets R-HSA-198753,-0.4709836931359437,-0.8303970053374602,0.6941176470588235,1.0,1.0,2/22,1.38%,MEF2A;MEF2C,EC-PTC
prerank,Reactome_2022__Resolution Of D-loop Structures Thru Holliday Junction Intermediates R-HSA-5693568,0.5894602397804232,0.8297853824361819,0.8394396551724138,0.9552188617703289,1.0,11/33,20.92%,SEM1;MUS81;KAT5;ATM;RBBP8;RAD50;RAD51C;RMI2;BARD1;SLX4;BRCA2,EC-PTC
prerank,Reactome_2022__Resolution Of D-Loop Structures R-HSA-5693537,0.5875100940498232,0.8286537885111234,0.8383620689655172,0.95554004727329,1.0,12/34,21.40%,SEM1;MUS81;KAT5;ATM;RBBP8;RAD50;RAD51C;RMI2;BARD1;SLX4;BRCA2;RTEL1,EC-PTC
prerank,Reactome_2022__FRS-mediated FGFR3 Signaling R-HSA-5654706,0.597393019240794,0.8266133251922476,0.8061002178649237,0.9568523835799616,1.0,4/19,15.03%,PTPN11;NRAS;HRAS;GRB2,EC-PTC
prerank,Reactome_2022__Platelet Sensitization By LDL R-HSA-432142,0.5987424952936553,0.8240959787422202,0.821826280623608,0.958572203985941,1.0,7/17,13.40%,PPP2CB;PPP2R1A;PPP2CA;PTPN11;PPP2R5B;MAPK14;PTPN6,EC-PTC
prerank,Reactome_2022__RND3 GTPase Cycle R-HSA-9696264,0.5778073612791516,0.8221994533844659,0.8481953290870489,0.9596692284837437,1.0,14/42,8.34%,KTN1;ARHGAP5;TXNL1;CAV1;EPHA2;RBMX;VANGL1;CKB;WDR6;FLOT2;ROCK1;NISCH;TNFAIP1;CKAP4,EC-PTC
prerank,Reactome_2022__Regulation Of Localization Of FOXO Transcription Factors R-HSA-9614399,0.6043169028961108,0.8204095092161368,0.821917808219178,0.9606783818078042,1.0,8/12,13.35%,YWHAQ;REXO2;YWHAB;YWHAZ;AKT2;YWHAG;AKT1;FOXO3,EC-PTC
prerank,Reactome_2022__Regulation Of Signaling By NODAL R-HSA-1433617,0.6162427680119253,0.8202674637024147,0.8259833134684148,0.9600436332180685,1.0,2/10,20.73%,ACVR1B;TDGF1,EC-PTC
prerank,Reactome_2022__Keratan Sulfate Biosynthesis R-HSA-2022854,0.5877409541393953,0.8168717802359872,0.8388829215896885,0.9626040729632838,1.0,10/28,18.03%,ST3GAL6;B4GALT3;CHST2;B3GNT2;B4GAT1;SLC35D2;B4GALT4;CHST1;B4GALT2;ST3GAL2,EC-PTC
prerank,Reactome_2022__STAT5 Activation Downstream Of FLT3 ITD Mutants R-HSA-9702518,0.6132500392772909,0.8168200164163064,0.821256038647343,0.961859991324508,1.0,4/10,15.03%,BCL2L1;PTPN11;CDKN1A;GRB2,EC-PTC
prerank,Reactome_2022__Signaling By FLT3 ITD And TKD Mutants R-HSA-9703648,0.6037283402021,0.8163593056884477,0.8261851015801355,0.9614899502391173,1.0,6/15,15.03%,BCL2L1;PTPN11;NRAS;HRAS;CDKN1A;GRB2,EC-PTC
prerank,Reactome_2022__GAB1 Signalosome R-HSA-180292,0.602435269845627,0.815938283107804,0.8482834994462901,0.9610857288651531,1.0,8/17,22.54%,CSK;PTPN11;EGF;GRB2;HBEGF;PIK3R1;TGFA;SRC,EC-PTC
prerank,Reactome_2022__Phospholipase C-mediated Cascade; FGFR4 R-HSA-5654228,0.6055302965603142,0.8155075041262001,0.8218390804597702,0.9607321952027239,1.0,6/15,25.23%,PLCG1;FGF9;FGFR4;FGF1;FGF13;KLB,EC-PTC
prerank,Reactome_2022__Adenylate Cyclase Inhibitory Pathway R-HSA-170670,-0.5210327136632725,-0.814313646008359,0.6744186046511628,1.0,1.0,5/13,4.76%,ADCY1;ADCY4;ADCY9;GNAI3;GNAL,EC-PTC
prerank,Reactome_2022__MET Activates PTK2 Signaling R-HSA-8874081,0.5900299348997247,0.8110312032782252,0.8258426966292135,0.9642049218749875,1.0,8/17,14.32%,RNMT;LAMC1;LAMA5;ITGB1;LAMB1;ITGA2;ITGA3;LAMA4,EC-PTC
prerank,Reactome_2022__FRS-mediated FGFR4 Signaling R-HSA-5654712,0.5857614580571476,0.8086768386428478,0.8336980306345733,0.965652329184362,1.0,8/21,23.71%,PTPN11;NRAS;HRAS;GRB2;FGF9;FGFR4;FGF1;FGF13,EC-PTC
prerank,Reactome_2022__RUNX2 Regulates Bone Development R-HSA-8941326,-0.42728692689987924,-0.8086234939994041,0.6714285714285714,1.0,1.0,6/29,2.37%,ZNF521;MAF;YAP1;HDAC4;SMAD4;RB1,EC-PTC
prerank,Reactome_2022__Impaired BRCA2 Binding To PALB2 R-HSA-9709603,0.5755881605649603,0.8072876446316036,0.8433734939759037,0.9660875369526385,1.0,8/24,20.92%,KAT5;ATM;RBBP8;RAD50;RAD51C;RMI2;BARD1;BRCA2,EC-PTC
prerank,Reactome_2022__Interleukin-2 Family Signaling R-HSA-451927,0.5680513480508393,0.8055383564579162,0.8795430944963655,0.9668625874312566,1.0,11/44,15.22%,STAT1;SHC1;IL15RA;IL2RG;INPPL1;PTPN6;IL15;IL3RA;CLSTN1;GRB2;LGALS9,EC-PTC
prerank,Reactome_2022__Negative Regulation Of PI3K/AKT Network R-HSA-199418,0.5544850577607268,0.8050305824958909,0.9137931034482759,0.9665471412512753,1.0,33/113,17.50%,RNASE1;RNMT;PPP2CB;RHOG;PPP2R1A;PPP2CA;PTEN;IRAK1;STRN;PTPN11;EGF;PIP5K1A;IRAK4;ERBB2;AKT2;PPP2R5B;AKT1;FLT3LG;KITLG;PHLPP2;MAPK3;CLSTN1;GRB2;PIP4K2C;PIP5K1C;PDGFRA;IER3;FGFR2;ERBB3;MYD88;PDGFA;KIT;HBEGF,EC-PTC
prerank,Reactome_2022__tRNA Aminoacylation R-HSA-379724,0.5756625787152109,0.8046404805079609,0.8326039387308534,0.9661107233253616,1.0,7/24,14.08%,PPA1;EEF1E1;IARS2;FARSA;AIMP1;FARSB;DTD1,EC-PTC
prerank,Reactome_2022__Hormone Ligand-Binding Receptors R-HSA-375281,0.6014819717064075,0.8033654734840889,0.8353080568720379,0.9664809079474321,1.0,5/12,34.07%,CHGA;GNRH1;LHCGR;GPHA2;LHB,EC-PTC
prerank,MSigDB_Hallmark_2020__Mitotic Spindle,0.547951861496438,0.802388521818377,0.9388164493480441,1.0,1.0,78/199,15.41%,MARCKS;ARHGAP5;GSN;RFC1;CLIP2;FGD6;UXT;CDC42EP1;ARHGDIA;YWHAE;SMC3;CDC42EP4;CYTH2;STK38L;WASL;STAU1;FLNA;CDC42EP2;CD2AP;RALBP1;CDC42;CTTN;ARF6;SUN2;KIF5B;ARHGAP29;ARL8A;ARHGEF2;MAPRE1;NEDD9;SMC1A;DYNC1H1;EZR;CAPZB;PCGF5;CLIP1;BCAR1;ROCK1;TUBGCP2;MYH10;ACTN4;MAP1S;MAP3K11;RICTOR;BIN1;ARFIP2;ARHGEF11;MYH9;VCL;TSC1;ARHGAP10;PAFAH1B1;PCNT;SMC4;PKD2;LRPPRC;TAOK2;NCK1;CDC27;FSCN1;MYO9B;NUMA1;KATNB1;CEP57;ATG4B;GEMIN4;ECT2;RHOT2;NIN;DYNLL2;CCDC88A;TUBGCP5;CENPJ;TLK1;MID1IP1;RHOF;SAC3D1;BCL2L11,EC-PTC
prerank,Reactome_2022__Acyl Chain Remodelling Of PC R-HSA-1482788,0.5767642823940162,0.801178897986134,0.8565310492505354,0.9675950716467465,1.0,9/27,22.32%,MBOAT2;LPCAT2;PLA2G12A;LPCAT1;LPCAT3;PLA2G4B;TMEM86B;PLA2G6;PLA2R1,EC-PTC
prerank,Reactome_2022__Signaling By FGFR1 In Disease R-HSA-5655302,0.5689539808806617,0.80083558241855,0.8693834900731452,0.9671100543069504,1.0,9/35,16.06%,STAT1;FGFR1OP2;NRAS;ERLIN2;HRAS;PLCG1;BAG4;GRB2;CPSF6,EC-PTC
prerank,Reactome_2022__TP53 Regulates Transcription Of Death Receptors And Ligands R-HSA-6803211,0.5957503393329727,0.8000396370471602,0.8460634547591069,0.967044604468726,1.0,6/12,16.54%,TMEM219;TNFRSF10D;TP53;TP53BP2;IGFBP3;TNFRSF10A,EC-PTC
prerank,Reactome_2022__Cell-cell Junction Organization R-HSA-421270,0.5545146938122534,0.7989212998590959,0.8896982310093653,0.9672523358354702,1.0,18/60,15.32%,CLDN15;JUP;CDH5;PARD6B;PATJ;CLDN10;CLDN5;CADM1;NECTIN3;NECTIN2;CLDN4;CLDN8;CLDN7;CLDN3;CDH2;CRB3;PARD6A;FZR1,EC-PTC
prerank,Reactome_2022__Interleukin-7 Signaling R-HSA-1266695,0.5775309453104422,0.796840169791381,0.8540305010893247,0.968234627942959,1.0,5/23,12.54%,TSLP;SOCS2;IL2RG;SMARCA4;BRWD1,EC-PTC
prerank,Reactome_2022__Blood Group Systems Biosynthesis R-HSA-9033658,0.5759510964904856,0.7953628387403173,0.8546255506607929,0.9687245867866674,1.0,6/22,19.77%,FUT1;ST3GAL6;ST6GALNAC6;B3GALT4;ABO;B4GALNT2,EC-PTC
prerank,Reactome_2022__Glutamate And Glutamine Metabolism R-HSA-8964539,0.5828115790876705,0.7951601431947585,0.8448074679113186,0.9681174114444611,1.0,6/13,14.70%,GLUL;GLUD1;GOT2;PYCR2;ALDH18A1;OAT,EC-PTC
prerank,Reactome_2022__PD-1 Signaling R-HSA-389948,-0.46148436468121345,-0.7911902409803104,0.7045454545454546,1.0,1.0,1/18,0.04%,HLA-DRB5,EC-PTC
prerank,Reactome_2022__LGI-ADAM Interactions R-HSA-5682910,0.5905849388264305,0.7898517539864884,0.8694117647058823,0.9717606810231094,1.0,4/14,21.62%,LGI2;LLGL1;ADAM22;STX1A,EC-PTC
prerank,Reactome_2022__Phospholipase C-mediated Cascade; FGFR3 R-HSA-5654227,0.5815798729780737,0.7897091235722775,0.8207762557077626,0.9710967959198408,1.0,4/13,23.71%,PLCG1;FGF9;FGF1;FGF13,EC-PTC
prerank,Reactome_2022__CYP2E1 Reactions R-HSA-211999,-0.48950879866198527,-0.7871093752918569,0.7349397590361446,1.0,1.0,1/10,9.20%,CYP2E1,EC-PTC
prerank,Reactome_2022__Costimulation By CD28 Family R-HSA-388841,0.5518559848811511,0.7853660371970567,0.9054470709146968,0.9739332219265534,1.0,13/65,7.78%,RNASE1;HLA-DPA1;HLA-DRB1;HLA-DQA2;PPP2CB;CDC42;YES1;PPP2R1A;PKN1;PPP2CA;HLA-DRA;CSK;PTPN11,EC-PTC
prerank,Reactome_2022__Signaling By VEGF R-HSA-194138,0.5432819929733868,0.7839346087718064,0.9262295081967213,0.9742586704555699,1.0,34/102,12.52%,RNASE1;HSPB1;BRK1;ITGAV;CALM1;CAV1;HSP90AA1;ROCK2;VEGFB;CRK;RHOA;AAMP;CDC42;MAPKAPK2;PKN1;JUP;KDR;BCAR1;CDH5;ROCK1;CYFIP2;NRAS;HRAS;CYBA;PLCG1;AHCYL1;RICTOR;MAPK12;AKT2;NCK1;ITPR2;AKT1;MLST8;MAPK14,EC-PTC
prerank,Reactome_2022__Lysine Catabolism R-HSA-71064,0.5894965888380521,0.7838790822914617,0.8643457382953181,0.9735167403216364,1.0,7/12,23.84%,AASS;DLST;PHYKPL;ALDH7A1;HYKK;LDHD;CRYM,EC-PTC
prerank,Reactome_2022__Regulation Of Beta-Cell Development R-HSA-186712,0.5517360856299893,0.7835793654927818,0.8907563025210085,0.9729778653230003,1.0,12/40,13.54%,SNW1;KAT2B;CREBBP;EP300;NOTCH1;AKT2;RBPJ;PDHX;AKT1;MAP4K2;HNF1B;NR5A2,EC-PTC
prerank,Reactome_2022__Acetylcholine Regulates Insulin Secretion R-HSA-399997,0.5911923741746636,0.7834044231189625,0.8482252141982864,0.9723331831144423,1.0,3/10,7.09%,MARCKS;GNA14;GNA11,EC-PTC
prerank,Reactome_2022__Signaling By FGFR4 In Disease R-HSA-5655291,0.592541196833041,0.7823859901105837,0.8646080760095012,0.9723665749308246,1.0,6/10,21.08%,NRAS;HRAS;PLCG1;GRB2;PIK3R1;FGFR4,EC-PTC
prerank,Reactome_2022__PI3K Events In ERBB4 Signaling R-HSA-1250342,-0.4751008537132686,-0.7821151075605163,0.6524064171122995,1.0,1.0,2/10,6.01%,NRG3;PIK3CA,EC-PTC
prerank,Reactome_2022__NR1H3 And NR1H2 Regulate Gene Expression Linked To Cholesterol Transport And Efflux R-HSA-9029569,0.5481976331074492,0.7809589894433838,0.8859832635983264,0.9726711723972676,1.0,13/36,14.07%,CETP;GPS2;TBL1XR1;EP300;NR1H2;MOV10;RXRB;KDM1A;TBL1X;AGO2;HDAC3;NR1H3;AGO1,EC-PTC
prerank,Reactome_2022__Cell Junction Organization R-HSA-446728,0.5395360755551285,0.780827984974184,0.9226804123711341,0.9719717626065064,1.0,26/85,14.82%,CLDN15;VASP;ACTN1;CD151;ILK;FERMT2;FLNA;JUP;CDH5;PARD6B;PATJ;CLDN10;CLDN5;ITGB1;CADM1;NECTIN3;TESK1;NECTIN2;CLDN4;CLDN8;CLDN7;CLDN3;LAMA4;CDH2;CRB3;PARD6A,EC-PTC
prerank,Reactome_2022__Phospholipase C-mediated Cascade: FGFR1 R-HSA-5654219,-0.4649744085898342,-0.7787562161927514,0.7,1.0,1.0,2/16,3.81%,FGFR1;KL,EC-PTC
prerank,Reactome_2022__Glycoprotein Hormones R-HSA-209822,0.5814117093539632,0.7780035352265127,0.8564760793465578,0.9733993511447805,1.0,1/10,19.48%,CHGA,EC-PTC
prerank,Reactome_2022__Signaling By Type 1 Insulin-like Growth Factor 1 Receptor (IGF1R) R-HSA-2404192,-0.3783081671207966,-0.7761483260437056,0.9069767441860465,1.0,1.0,13/53,6.01%,IGF1R;FGFR1;PIK3C3;SOS1;GAB2;KL;THEM4;PIGU;FGF18;PDPK1;PDE3B;FRS2;PIK3CA,EC-PTC
prerank,Reactome_2022__Chemokine Receptors Bind Chemokines R-HSA-380108,0.5447376180366084,0.7754460739378142,0.9177939646201873,0.9746719055147013,1.0,5/56,9.63%,CXCL16;CCL2;CX3CL1;CCRL2;CCL21,EC-PTC
prerank,Reactome_2022__SHC1 Events In ERBB2 Signaling R-HSA-1250196,0.5571845813827504,0.7747113692539149,0.8671875,0.9744370409253456,1.0,9/21,17.50%,SHC1;NRAS;EGF;HRAS;PTPN12;ERBB2;GRB2;ERBB3;HBEGF,EC-PTC
prerank,Reactome_2022__Ras Activation Upon Ca2+ Influx Thru NMDA Receptor R-HSA-442982,0.5646973599925955,0.7741806797829026,0.8537946428571429,0.9740492377861396,1.0,3/19,8.51%,CALM1;NRAS;HRAS,EC-PTC
prerank,Reactome_2022__Downstream Signaling Of Activated FGFR1 R-HSA-5654687,-0.3866920539762644,-0.7730500233403218,0.9464285714285714,1.0,1.0,7/30,6.01%,FLRT2;FGFR1;SOS1;KL;PIGU;FRS2;PIK3CA,EC-PTC
prerank,Reactome_2022__Regulation Of Signaling By CBL R-HSA-912631,0.5626107474189805,0.7723542782695174,0.8683035714285714,0.9746424946347073,1.0,9/18,19.59%,CRK;YES1;CLSTN1;GRB2;SYK;PIK3R1;BLNK;PIK3R2;CRKL,EC-PTC
prerank,Reactome_2022__FGFR1 Mutant Receptor Activation R-HSA-1839124,0.5532215461060832,0.771995180994094,0.8873538788522848,0.9741161451978322,1.0,6/29,16.06%,STAT1;FGFR1OP2;ERLIN2;BAG4;GRB2;CPSF6,EC-PTC
prerank,Reactome_2022__IGF1R Signaling Cascade R-HSA-2428924,-0.37860920474564314,-0.771772621840839,0.9111111111111111,1.0,1.0,13/52,6.01%,IGF1R;FGFR1;PIK3C3;SOS1;GAB2;KL;THEM4;PIGU;FGF18;PDPK1;PDE3B;FRS2;PIK3CA,EC-PTC
prerank,Reactome_2022__Signaling By BMP R-HSA-201451,0.5505377988924078,0.7716612303622922,0.8774193548387097,0.9735848534281522,1.0,7/27,11.82%,SMAD1;UBE2D3;ACVRL1;ZFYVE16;SMAD5;UBE2D1;BMP2,EC-PTC
prerank,Reactome_2022__Defects Of Contact Activation System (CAS) And Kallikrein/Kinin System (KKS) R-HSA-9651496,0.5584224069214246,0.7669541584595897,0.8581314878892734,0.9763215571023517,1.0,3/15,5.80%,F8;GGCX;SERPING1,EC-PTC
prerank,Reactome_2022__NF-kB Activation Thru FADD/RIP-1 Pathway Mediated By Caspase-8 And -10 R-HSA-933543,0.570760672380061,0.7666275008306904,0.868421052631579,0.9757711904241751,1.0,4/12,13.07%,IKBKB;IKBKG;IFIH1;TRIM25,EC-PTC
prerank,Reactome_2022__Biotin Transport And Metabolism R-HSA-196780,-0.46881712644194423,-0.7657349297320879,0.695364238410596,1.0,1.0,5/11,9.49%,PCCA;SLC5A6;HLCS;PCCB;ACACA,EC-PTC
prerank,Reactome_2022__Organic Cation Transport R-HSA-549127,0.5752021070634779,0.7629979293864009,0.8746928746928747,0.9775475181964896,1.0,6/10,29.20%,SLC22A2;SLC22A18;SLC22A5;SLC22A4;SLC22A3;SLC22A1,EC-PTC
prerank,Reactome_2022__SHC1 Events In ERBB4 Signaling R-HSA-1250347,0.5630949923978193,0.7625362032592922,0.8627906976744186,0.9770819332894382,1.0,5/13,17.50%,SHC1;NRAS;HRAS;GRB2;HBEGF,EC-PTC
prerank,Reactome_2022__GRB2 Events In ERBB2 Signaling R-HSA-1963640,0.5546689028510651,0.7614134950171153,0.8560090702947846,0.9771169195182461,1.0,6/15,17.50%,NRAS;EGF;HRAS;ERBB2;GRB2;HBEGF,EC-PTC
prerank,Reactome_2022__Constitutive Signaling By AKT1 E17K In Cancer R-HSA-5674400,0.5438606128427573,0.7598511459113462,0.8898395721925134,0.9773814055303566,1.0,15/26,15.68%,BAD;CREB1;RPS6KB2;GSK3A;TSC2;RICTOR;CDKN1A;AKT2;NR4A1;AKT1;MLST8;FOXO3;AKT1S1;MDM2;FOXO4,EC-PTC
prerank,Reactome_2022__Beta-catenin Phosphorylation Cascade R-HSA-196299,-0.4368806073485373,-0.7592656653260766,0.782608695652174,1.0,1.0,5/17,4.19%,CTNNB1;PPP2R5C;GSK3B;PPP2R5A;CSNK1A1,EC-PTC
prerank,Reactome_2022__NRAGE Signals Death Thru JNK R-HSA-193648,0.5289770598472697,0.7591581985980149,0.9139896373056995,0.9770979351019747,1.0,20/57,18.04%,RNASE1;ARHGEF15;BAD;ARHGEF2;ARHGEF40;ARHGEF11;PRPF38B;AATF;GNA13;ARHGEF19;MAGED1;ARHGEF17;ECT2;BCL2L11;ARHGEF18;ARHGEF9;FGD1;ARHGEF16;ARHGEF35;VAV2,EC-PTC
prerank,"Reactome_2022__Transport Of Vitamins, Nucleosides, And Related Molecules R-HSA-425397",0.5336804363420972,0.7562754297730176,0.9141361256544502,0.9783789917310771,1.0,7/43,5.14%,SLC25A5;SLC25A6;SLCO4A1;SLC25A4;ARL2;ARL2BP;SLC35B2,EC-PTC
prerank,Reactome_2022__Cell-Cell Communication R-HSA-1500931,0.5200338456992234,0.7560865070210453,0.9540347293156282,0.9777167831905349,1.0,36/119,15.32%,CLDN15;VASP;ACTN1;CD151;ILK;FERMT2;WASL;FLNA;CD2AP;JUP;CD47;CDH5;PTPN11;ACTN4;PARD6B;PATJ;CLDN10;CLDN5;ITGB1;CADM1;NECTIN3;NCK1;TESK1;NECTIN2;CLDN4;PTPN6;CLDN8;CLDN7;CLDN3;CASK;LAMA4;CDH2;CRB3;PARD6A;GRB2;FZR1,EC-PTC
prerank,Reactome_2022__EGR2 And SOX10-mediated Initiation Of Schwann Cell Myelination R-HSA-9619665,0.5425486076874402,0.753247809366354,0.9083063646170443,0.9788763840264185,1.0,9/29,12.07%,LAMC1;HDAC2;CYP51A1;DAG1;SREBF2;PXMP2;SMARCA4;WWTR1;LAMB1,EC-PTC
prerank,Reactome_2022__Dectin-2 Family R-HSA-5621480,0.5376918855656325,0.752447815665023,0.8891257995735607,0.978654908891163,1.0,4/27,17.94%,MUC15;MUC1;MUC20;SYK,EC-PTC
prerank,Reactome_2022__NCAM Signaling For Neurite Out-Growth R-HSA-375165,0.5253823410061592,0.7523226303548848,0.9095580678314491,0.9779490231366822,1.0,16/57,16.23%,PRNP;COL6A3;CREB1;COL4A2;COL6A1;NRAS;GFRA1;HRAS;COL6A2;COL4A4;AGRN;MAPK3;GRB2;COL4A5;COL4A3;RPS6KA5,EC-PTC
prerank,Reactome_2022__Disassembly Of Destruction Complex And Recruitment Of AXIN To Membrane R-HSA-4641262,0.5348222647389046,0.752025662542664,0.9053763440860215,0.9773792626421681,1.0,11/29,14.28%,CAV1;PPP2CB;PPP2R1A;PPP2CA;DVL3;LRP5;FZD1;DVL2;PPP2R5B;CSNK1G2;LRP6,EC-PTC
prerank,"Reactome_2022__Interleukin-3, Interleukin-5 And GM-CSF Signaling R-HSA-512988",0.530691834038814,0.7510116001641138,0.9079497907949791,0.9772723257737199,1.0,16/44,19.59%,CRK;YES1;SHC1;PTPN11;YWHAZ;IL2RG;INPPL1;PTPN6;IL3RA;CLSTN1;GRB2;SYK;PIK3R1;BLNK;PIK3R2;CRKL,EC-PTC
prerank,"Reactome_2022__FOXO-mediated Transcription Of Oxidative Stress, Metabolic And Neuronal Genes R-HSA-9615017",0.5386072056808394,0.748613556819988,0.8923240938166311,0.9780380160902837,1.0,9/28,15.68%,HDAC2;HDAC1;SREBF1;MAP4K2;SIN3A;FOXO3;POMC;PPARGC1A;FOXO4,EC-PTC
prerank,Reactome_2022__SLC Transporter Disorders R-HSA-5619102,0.5136311158332739,0.7473684951136244,0.9409368635437881,0.9781127528011164,1.0,33/99,17.00%,BSG;SLC40A1;SLC3A2;SLC12A1;SLC2A1;POM121C;SLC17A5;NUP54;SLC1A1;SLC11A2;SEC13;NUP188;AAAS;NUP42;SLC20A2;SLC35A1;SLC26A2;SLC16A1;NUP43;NUP93;MAP4K2;HEPH;NUP50;NUP62;NUP107;NUP35;NUP205;NUP37;SEH1L;NUP58;AVPR2;SLC4A4;SLC2A10,EC-PTC
prerank,Reactome_2022__CTNNB1 S33 Mutants Not Phosphorylated R-HSA-5358747,-0.4450688733497733,-0.7453451172033384,0.7818181818181819,1.0,1.0,5/15,4.19%,CTNNB1;PPP2R5C;GSK3B;PPP2R5A;CSNK1A1,EC-PTC
prerank,Reactome_2022__Biosynthesis Of Specialized Proresolving Mediators (SPMs) R-HSA-9018678,0.5431340861589884,0.7451597024722622,0.8768529076396807,0.9788227346616419,1.0,2/18,2.57%,GPX4;PTGR1,EC-PTC
prerank,Reactome_2022__Signaling By FGFR3 In Disease R-HSA-5655332,0.536703807731184,0.7415851670396504,0.8928571428571429,0.9803759009980194,1.0,6/21,19.77%,NRAS;HRAS;PLCG1;GRB2;PIK3R1;FGF9,EC-PTC
prerank,Reactome_2022__Regulation Of PTEN mRNA Translation R-HSA-8943723,0.5479701179811058,0.7391217934765212,0.8710059171597633,0.9811855762245193,1.0,5/11,14.07%,VAPA;PTEN;MOV10;AGO2;AGO1,EC-PTC
prerank,Reactome_2022__Lewis Blood Group Biosynthesis R-HSA-9037629,0.5384573786682667,0.7369076527178462,0.8924972004479284,0.9817710236092794,1.0,3/18,12.97%,ST3GAL6;ST6GALNAC6;B3GALT4,EC-PTC
prerank,Reactome_2022__Surfactant Metabolism R-HSA-5683826,-0.4077394874487232,-0.7366829446960624,0.8382352941176471,1.0,1.0,4/29,2.94%,LMCD1;ADGRF5;CSF2RB;GATA6,EC-PTC
prerank,Reactome_2022__NR1H2 And NR1H3-mediated Signaling R-HSA-9024446,0.5161369198938894,0.7363279370645138,0.9301130524152107,0.981392908315838,1.0,14/46,14.07%,CETP;GPS2;TBL1XR1;EP300;NR1H2;MOV10;RXRB;KDM1A;SREBF1;TBL1X;AGO2;HDAC3;NR1H3;AGO1,EC-PTC
prerank,Reactome_2022__Signal Regulatory Protein Family Interactions R-HSA-391160,-0.46684276158308324,-0.7324946127691881,0.8116883116883117,0.9919817607556259,1.0,3/13,3.55%,PTK2;PTK2B;SKAP2,EC-PTC
prerank,Reactome_2022__CTLA4 Inhibitory Signaling R-HSA-389513,0.5285729037381846,0.731921250333096,0.9040348964013086,0.9832949784914791,1.0,8/21,12.02%,PPP2CB;YES1;PPP2R1A;PPP2CA;PTPN11;AKT2;PPP2R5B;AKT1,EC-PTC
prerank,Reactome_2022__HS-GAG Biosynthesis R-HSA-2022928,0.5149915582144918,0.7267536642007602,0.9176598049837487,0.9856015533933338,1.0,16/30,21.24%,SDC2;HS3ST3A1;SLC35D2;HSPG2;GLCE;AGRN;HS3ST3B1;HS6ST1;GPC3;SDC1;GPC5;SDC4;NDST2;GPC4;GPC1;GPC6,EC-PTC
prerank,Reactome_2022__PI-3K cascade:FGFR2 R-HSA-5654695,0.5232049695574534,0.7244127519887422,0.9046087888531619,0.9861703240396646,1.0,8/23,23.71%,PTPN11;GRB2;FGFR2;PIK3R1;FGF9;FGF1;FGF7;FGF13,EC-PTC
prerank,Reactome_2022__FGFR2 Ligand Binding And Activation R-HSA-190241,0.5244067318557406,0.7240991386873276,0.8923076923076924,0.9855743496037335,1.0,6/20,24.59%,FGFR2;FGF9;FGF1;FGF7;FGF13;FGFBP3,EC-PTC
prerank,Reactome_2022__O-linked Glycosylation Of Mucins R-HSA-913709,0.5022217274340756,0.7221697175758081,0.94375,0.9859478849295125,1.0,14/57,18.03%,ST6GAL1;GALNT1;MUC15;MUC1;B3GNT5;C1GALT1C1;GALNT2;B3GNT2;ST6GALNAC4;GALNT10;MUC20;GALNT14;GALNT3;ST3GAL2,EC-PTC
prerank,MSigDB_Hallmark_2020__Wnt-beta Catenin Signaling,0.5080445949476483,0.721101741732888,0.9380252100840336,1.0,1.0,14/42,12.96%,HDAC5;HDAC2;FZD8;CSNK1E;NOTCH1;FZD1;PSEN2;TP53;JAG1;GNAI1;DVL2;JAG2;RBPJ;NOTCH4,EC-PTC
prerank,Reactome_2022__NOTCH2 Intracellular Domain Regulates Transcription R-HSA-2197563,0.536157602183967,0.7208659147544009,0.8853046594982079,0.9859194666152193,1.0,3/11,11.78%,CREB1;EP300;RBPJ,EC-PTC
prerank,Reactome_2022__Signaling By Erythropoietin R-HSA-9006335,0.5161389280225501,0.7198998788843267,0.9022556390977443,0.9857059299140416,1.0,9/24,19.59%,SHC1;NRAS;HRAS;PLCG1;EPOR;CLSTN1;GRB2;PIK3R1;CRKL,EC-PTC
prerank,Reactome_2022__PI-3K cascade:FGFR1 R-HSA-5654689,-0.40186994422676947,-0.7185551633166416,0.8,0.9956682573799864,1.0,5/21,6.01%,FGFR1;KL;PIGU;FRS2;PIK3CA,EC-PTC
prerank,Reactome_2022__RORA Activates Gene Expression R-HSA-1368082,0.530032590040999,0.7172387251803664,0.9280089988751407,0.9863523740730951,1.0,9/18,16.68%,MBD4;CREBBP;TBL1XR1;EP300;SREBF1;TBL1X;PPARA;CARM1;LIN9,EC-PTC
prerank,Reactome_2022__Nucleotide Catabolism R-HSA-8956319,0.5064617641250199,0.7169308124033672,0.9319148936170213,0.9857634361159272,1.0,14/34,19.94%,NUDT5;NT5C;NUDT15;ENTPD6;SAMHD1;ITPA;ADPRM;NUDT9;ENTPD4;ENTPD7;SCO2;NUDT18;DNPH1;ENTPD5,EC-PTC
prerank,Reactome_2022__TRP Channels R-HSA-3295583,0.5169196192342145,0.7146786812568391,0.9220636663007684,0.986195054586198,1.0,7/25,26.24%,MCOLN1;TRPM3;TRPM2;TRPV4;MCOLN3;TRPM6;TRPV6,EC-PTC
prerank,Reactome_2022__Generation Of Second Messenger Molecules R-HSA-202433,0.5092590836744963,0.7116600067238255,0.9262820512820513,0.9870709323996683,1.0,8/29,9.25%,VASP;HLA-DPA1;HLA-DRB1;HLA-DQA2;PKN1;HLA-DRA;SPNS1;PLCG1,EC-PTC
prerank,Reactome_2022__Activated Point Mutants Of FGFR2 R-HSA-2033519,0.5186722754398685,0.7112587975027728,0.8950819672131147,0.986523084587284,1.0,5/17,23.71%,FGFR2;FGF9;FGF1;FGF7;FGF13,EC-PTC
prerank,Reactome_2022__Ketone Body Metabolism R-HSA-74182,0.5334141341466185,0.7096770130886046,0.9080047789725209,0.9866239421918664,1.0,2/10,10.00%,ACSS3;SOAT1,EC-PTC
prerank,Reactome_2022__Organic Cation/Anion/Zwitterion Transport R-HSA-549132,0.5242683753983042,0.7087152403285621,0.9112903225806451,0.9863659898130482,1.0,6/15,29.20%,SLC22A2;SLC22A18;SLC22A5;SLC22A4;SLC22A3;SLC22A1,EC-PTC
prerank,Reactome_2022__Defective B3GALTL Causes PpS R-HSA-5083635,0.5017073596868622,0.7074982454775901,0.925498426023085,0.9862522710743581,1.0,2/37,2.12%,THSD7A;ADAMTS1,EC-PTC
prerank,Reactome_2022__Protein-protein Interactions At Synapses R-HSA-6794362,0.49010746597257177,0.7066900658035798,0.9597107438016529,0.9859396103878091,1.0,21/88,20.03%,LIN7C;HOMER3;FLOT1;RTN3;PPFIA3;FLOT2;SHARPIN;EPB41L3;EPB41L5;LIN7A;EPB41L1;CASK;NLGN2;SIPA1L1;SHANK2;PPFIBP1;PTPRD;SYT7;LLGL1;LRFN3;APBA3,EC-PTC
prerank,Reactome_2022__Interleukin-15 Signaling R-HSA-8983432,0.518690368178322,0.7025653138222305,0.9011627906976745,0.9873555365460942,1.0,5/14,15.03%,SHC1;IL15RA;IL2RG;IL15;GRB2,EC-PTC
prerank,Reactome_2022__Interleukin-27 Signaling R-HSA-9020956,0.5225038618146378,0.7020899139056175,0.8905882352941177,0.9868340748088132,1.0,2/11,4.89%,STAT1;CANX,EC-PTC
prerank,Reactome_2022__Regulation Of RUNX1 Expression And Activity R-HSA-8934593,0.5133018173815981,0.7004591429784417,0.9139664804469274,0.9869045820205672,1.0,7/17,14.07%,CCND3;CDK6;PTPN11;MOV10;CBFB;AGO2;AGO1,EC-PTC
prerank,Reactome_2022__Regulation Of KIT Signaling R-HSA-1433559,0.5115794482920203,0.7003919425221345,0.9103448275862069,0.9861793774356393,1.0,7/16,19.92%,YES1;KITLG;PTPN6;GRB2;SOCS6;KIT;SH2B2,EC-PTC
prerank,Reactome_2022__SHC-mediated cascade:FGFR1 R-HSA-5654688,0.512793200406418,0.7003336480453338,0.9195148842337376,0.9854489006789945,1.0,4/20,15.03%,SHC1;NRAS;HRAS;GRB2,EC-PTC
prerank,Reactome_2022__MAPK Targets/ Nuclear Events Mediated By MAP Kinases R-HSA-450282,0.5020609259486735,0.6990718794634703,0.9389312977099237,0.9853189293901619,1.0,10/30,5.18%,JUN;DUSP6;FOS;DUSP3;PPP2CB;RPS6KA3;CREB1;MAPKAPK2;PPP2R1A;PPP2CA,EC-PTC
prerank,Reactome_2022__O-glycosylation Of TSR Domain-Containing Proteins R-HSA-5173214,0.49232452006085636,0.695783643357116,0.9401888772298006,0.986197719732112,1.0,2/38,2.12%,THSD7A;ADAMTS1,EC-PTC
prerank,Reactome_2022__PI3K Cascade R-HSA-109704,-0.3554387373129919,-0.6952729069614053,0.9215686274509803,1.0,1.0,11/44,6.01%,FGFR1;PIK3C3;GAB2;KL;THEM4;PIGU;FGF18;PDPK1;PDE3B;FRS2;PIK3CA,EC-PTC
prerank,Reactome_2022__Acyl Chain Remodelling Of PE R-HSA-1482839,0.49811924323023044,0.6945535717548135,0.9324894514767933,0.9860450278711104,1.0,8/29,22.32%,MBOAT2;PLA2G12A;LPCAT3;ABHD4;PLA2G4B;PLAAT1;PLA2G6;PLA2R1,EC-PTC
prerank,MSigDB_Hallmark_2020__KRAS Signaling Dn,0.47395143527708716,0.6938235837925637,0.9829488465396189,1.0,1.0,26/199,16.49%,IFI44L;MX1;IGFBP2;SLC16A7;RSAD2;CDH16;EFHD1;KMT2D;CHST2;COQ8A;EGF;SGK1;GPRC5C;CCDC106;SELENOP;CLSTN3;SNN;CLDN8;PDK2;GTF3C5;ZNF112;HSD11B2;IDUA;YPEL1;CELSR2;ENTPD7,EC-PTC
prerank,Reactome_2022__Biosynthesis Of DHA-derived SPMs R-HSA-9018677,0.5105852807280681,0.6936558657220623,0.9298245614035088,0.9857291244166307,1.0,1/16,0.30%,GPX4,EC-PTC
prerank,Reactome_2022__RND1 GTPase Cycle R-HSA-9696273,0.48824742635301815,0.691672372074468,0.9335476956055734,0.9859705962451981,1.0,14/42,12.44%,ARHGAP5;TXNL1;CAV1;EPHA2;RBMX;TMEM59;VANGL1;WDR6;FLOT2;ALDH3A2;EPSTI1;PTPN13;STIP1;KIDINS220,EC-PTC
prerank,"Reactome_2022__Sensory Perception Of Sweet, Bitter, And Umami (Glutamate) Taste R-HSA-9717207",-0.3615270204289562,-0.6892901001821232,0.9423076923076923,0.9994268658493923,1.0,6/41,10.04%,GNB1;SCN1B;TRPM4;SCN3A;TAS2R31;GNB3,EC-PTC
prerank,Reactome_2022__Interaction With Cumulus Cells And Zona Pellucida R-HSA-2534343,-0.42258716252850737,-0.6848174633293044,0.8271604938271605,0.9873983053214396,1.0,1/10,1.66%,B4GALT1,EC-PTC
prerank,Reactome_2022__FCGR Activation R-HSA-2029481,0.5127849409206009,0.6828280877925228,0.9013563501849569,0.9894469428478931,1.0,1/10,4.64%,YES1,EC-PTC
prerank,Reactome_2022__Thyroxine Biosynthesis R-HSA-209968,-0.41504399373824447,-0.6806125819115405,0.8486486486486486,0.9753381887738258,1.0,3/10,12.62%,DIDO1;DIO3;DUOX1,EC-PTC
prerank,Reactome_2022__Regulation Of FOXO Transcriptional Activity By Acetylation R-HSA-9617629,0.5117801357225642,0.6793399991242557,0.9166666666666666,0.9903827893274844,1.0,4/10,6.42%,TXN2;KAT2B;CREBBP;EP300,EC-PTC
prerank,Reactome_2022__PLC Beta Mediated Events R-HSA-112043,0.476132241817831,0.6779284762573533,0.9493136219640972,0.9902536872626768,1.0,13/47,13.57%,CALM1;PRKAR1A;CREB1;PRKAR2B;GNA14;GRK2;GNA11;KPNA2;AHCYL1;ITPR2;PRKAR1B;PDE1A;ADCY6,EC-PTC
prerank,Reactome_2022__Interleukin-35 Signaling R-HSA-8984722,0.5093358571331531,0.677600884210052,0.9336437718277066,0.9896164748638878,1.0,2/12,4.89%,STAT1;CANX,EC-PTC
prerank,Reactome_2022__Eicosanoid Ligand-Binding Receptors R-HSA-391903,0.5012232965961431,0.6760322918379553,0.9263873159682899,0.9895889520435035,1.0,6/15,24.47%,PTGER3;PTGER1;LTB4R;GPR17;LTB4R2;CYSLTR1,EC-PTC
prerank,Reactome_2022__Aspartate And Asparagine Metabolism R-HSA-8963693,-0.4163284341155338,-0.674144322297526,0.8361581920903954,0.9657062778827734,1.0,2/11,3.39%,SLC25A12;SLC25A13,EC-PTC
prerank,Reactome_2022__G-protein Mediated Events R-HSA-112040,0.4728858833072303,0.6738341813685805,0.9622245540398741,0.9898501274634346,1.0,14/52,13.57%,CALM1;PRKAR1A;CREB1;PRKAR2B;GNA14;GRK2;GNA11;KPNA2;AHCYL1;GNAI1;ITPR2;PRKAR1B;PDE1A;ADCY6,EC-PTC
prerank,Reactome_2022__PI-3K cascade:FGFR4 R-HSA-5654720,0.49358011558908604,0.6721752960608093,0.9368070953436807,0.9898145432469846,1.0,8/20,25.23%,PTPN11;GRB2;PIK3R1;FGF9;FGFR4;FGF1;FGF13;KLB,EC-PTC
prerank,Reactome_2022__Signaling By WNT In Cancer R-HSA-4791275,0.47391800260705086,0.6719914827916893,0.9382321618743344,0.9891558737919549,1.0,8/33,8.24%,FZD6;PPP2CB;PPP2R1A;PPP2CA;FZD8;CTBP1;LRP5;TNKS2,EC-PTC
prerank,Reactome_2022__Abacavir ADME R-HSA-2161522,0.507598569084676,0.6694365455919454,0.9283154121863799,0.9895726431812762,1.0,4/10,19.20%,GUK1;SLC22A2;ABCB1;ADAL,EC-PTC
prerank,Reactome_2022__Diseases Associated With O-glycosylation Of Proteins R-HSA-3906995,0.4660353868116567,0.6692643985710628,0.970498474059003,0.988899358855274,1.0,15/68,17.55%,THSD7A;ADAMTS1;MUC15;NOTCH1;MUC1;DAG1;C1GALT1C1;B4GAT1;NOTCH4;POMT1;NOTCH3;MUC20;GALNT3;THBS1;NOTCH2,EC-PTC
prerank,Reactome_2022__Acyl Chain Remodelling Of PI R-HSA-1482922,0.48912643110680337,0.6676714763516717,0.9282560706401766,0.9888432837217013,1.0,2/17,11.76%,MBOAT7;PLA2G12A,EC-PTC
prerank,Reactome_2022__FGFR2c Ligand Binding And Activation R-HSA-190375,0.49179732256833836,0.6672940597526837,0.915158371040724,0.9882671032608511,1.0,4/13,23.71%,FGFR2;FGF9;FGF1;FGF13,EC-PTC
prerank,Reactome_2022__Competing Endogenous RNAs (ceRNAs) Regulate PTEN Translation R-HSA-8948700,0.4958665404349381,0.6670031640016311,0.9052757793764988,0.9876208167430195,1.0,4/10,14.07%,VAPA;MOV10;AGO2;AGO1,EC-PTC
prerank,Reactome_2022__Interleukin-6 Signaling R-HSA-1059683,0.4991091498447494,0.6668673118169297,0.9151162790697674,0.9869321705690588,1.0,3/11,7.95%,STAT1;PTPN11;SOCS3,EC-PTC
prerank,MSigDB_Hallmark_2020__UV Response Dn,0.45630585790920286,0.665290515974857,0.9929859719438878,0.9998723505486026,1.0,31/144,10.66%,ID1;ANXA2;TFPI;DUSP1;COL3A1;SRI;LAMC1;INPP4B;CAV1;DLC1;DAB2;AGGF1;SYNJ2;NR1D2;ATP2C1;MGMT;ABCC1;PRKAR2B;BHLHE40;PTEN;YTHDC1;NFKB1;MGLL;ATP2B1;MTA1;TGFBR3;DBP;DDAH1;SDC2;ERBB2;RBPMS,EC-PTC
prerank,Reactome_2022__O-linked Glycosylation R-HSA-5173105,0.4547462097865116,0.6620336755908456,0.9827935222672065,0.9882111000156063,1.0,21/105,16.99%,THSD7A;ADAMTS1;ST6GAL1;GALNT1;MUC15;MUC1;DAG1;B3GNT5;C1GALT1C1;GALNT2;B3GNT2;B4GAT1;ST6GALNAC4;POMGNT2;POMT1;GALNT10;MUC20;GALNT14;GALNT3;POFUT2;THBS1,EC-PTC
prerank,Reactome_2022__PI-3K cascade:FGFR3 R-HSA-5654710,0.4823813977607242,0.6604987308737037,0.9306930693069307,0.988117991143653,1.0,6/18,23.71%,PTPN11;GRB2;PIK3R1;FGF9;FGF1;FGF13,EC-PTC
prerank,MSigDB_Hallmark_2020__Hedgehog Signaling,0.47344328040427214,0.6599369142727257,0.9574014909478168,0.9812152227773039,1.0,6/36,11.64%,ADGRG1;CELSR1;THY1;CDK6;MYH9;TLE3,EC-PTC
prerank,Reactome_2022__Interleukin-2 Signaling R-HSA-9020558,0.4871798871426183,0.6590323896300889,0.9263157894736842,0.987991211297394,1.0,2/12,8.02%,SHC1;IL2RG,EC-PTC
prerank,Reactome_2022__ERBB2 Activates PTK6 Signaling R-HSA-8847993,0.484130347345723,0.6579096133417728,0.9195804195804196,0.9877389045501942,1.0,7/13,23.95%,EGF;ERBB2;ERBB3;HBEGF;ERBB4;NRG1;BTC,EC-PTC
prerank,Reactome_2022__Mitochondrial tRNA Aminoacylation R-HSA-379726,-0.36985393659880605,-0.6559799191844413,0.9523809523809523,0.9677613121835772,1.0,6/18,7.93%,FARS2;PPA2;RARS2;NARS2;WARS2;VARS2,EC-PTC
prerank,Reactome_2022__Heme Biosynthesis R-HSA-189451,0.4845477712525107,0.6541785124693735,0.9342560553633218,0.9885807006060984,1.0,8/14,19.50%,UROD;UROS;ALAS1;FECH;FLVCR1;CPOX;COX15;ALAD,EC-PTC
prerank,Reactome_2022__Cell Recruitment (Pro-Inflammatory Response) R-HSA-9664424,0.46425852645294796,0.6527258226369606,0.9445048966267682,0.9884507198054644,1.0,6/25,10.42%,TXN2;RELA;GSDMD;NFKB1;CASP1;HSP90AB1,EC-PTC
prerank,Reactome_2022__Na+/Cl- Dependent Neurotransmitter Transporters R-HSA-442660,-0.3570056341989405,-0.6518977407199956,0.9108910891089109,0.9558251019923184,1.0,1/19,0.99%,SLC6A6,EC-PTC
prerank,Reactome_2022__TP53 Regulates Transcription Of Caspase Activators And Caspases R-HSA-6803207,-0.4013870444119036,-0.6491155282016622,0.8732394366197183,0.9431903127278604,1.0,4/12,2.61%,CRADD;CASP10;TP63;APAF1,EC-PTC
prerank,Reactome_2022__Interleukin-6 Family Signaling R-HSA-6783589,0.465871218749415,0.6461484728645659,0.9461206896551724,0.9903121901273286,1.0,4/24,7.95%,STAT1;OSMR;PTPN11;SOCS3,EC-PTC
prerank,Reactome_2022__Termination Of O-glycan Biosynthesis R-HSA-977068,0.460226457101058,0.6432822907089126,0.9434782608695652,0.9907067260749504,1.0,6/24,18.03%,ST6GAL1;MUC15;MUC1;ST6GALNAC4;MUC20;ST3GAL2,EC-PTC
prerank,Reactome_2022__Synthesis Of PIPs At Golgi Membrane R-HSA-1660514,0.46788818423424106,0.6423611599797031,0.9421768707482994,0.9903233752300123,1.0,9/17,19.11%,SACM1L;ARF3;OCRL;PI4K2B;PIK3C2G;PIK3R4;VAC14;PI4K2A;INPP5E,EC-PTC
prerank,Reactome_2022__TP53 Regulates Transcription Of Additional Cell Death Genes With Uncertain Roles In P53-Dependent Apoptosis R-HSA-6803205,0.4725481811194837,0.6420677311645513,0.9385863267670915,0.9896840540598629,1.0,6/14,20.46%,RABGGTB;PERP;TP53;TP53BP2;RABGGTA;TP53I3,EC-PTC
prerank,Reactome_2022__Signaling By FLT3 Fusion Proteins R-HSA-9703465,0.4686667081888904,0.6397601619724017,0.9503945885005637,0.9898366607231843,1.0,5/18,10.28%,GOLGB1;TRIP11;NRAS;HRAS;CDKN1A,EC-PTC
prerank,Reactome_2022__Receptor-type Tyrosine-Protein Phosphatases R-HSA-388844,0.4628312487977233,0.6379828326003236,0.9460352422907489,0.9897445873096065,1.0,3/20,19.47%,PPFIA3;PPFIBP1;PTPRD,EC-PTC
prerank,Reactome_2022__FRS-mediated FGFR1 Signaling R-HSA-5654693,0.4612833957081882,0.6364034617271481,0.9498364231188658,0.9895831982871501,1.0,4/22,15.03%,PTPN11;NRAS;HRAS;GRB2,EC-PTC
prerank,Reactome_2022__Interleukin Receptor SHC Signaling R-HSA-912526,0.45742720278966054,0.636289328064463,0.9557713052858684,0.9888769707665667,1.0,9/27,18.93%,SHC1;IL2RG;INPPL1;PTPN6;IL3RA;CLSTN1;GRB2;PIK3R1;PIK3R2,EC-PTC
prerank,Reactome_2022__Inflammasomes R-HSA-622312,0.4545154833908354,0.6360233514737821,0.9389312977099237,0.9882325903540534,1.0,7/21,11.66%,TXN2;RELA;BCL2L1;NFKB1;CASP1;HSP90AB1;BCL2,EC-PTC
prerank,"Reactome_2022__POU5F1 (OCT4), SOX2, NANOG Activate Genes Related To Proliferation R-HSA-2892247",0.47270344303118794,0.6351384520130001,0.94026284348865,0.9878383440416738,1.0,5/12,25.03%,SALL1;TDGF1;NR6A1;FGF13;EPHA1,EC-PTC
prerank,Reactome_2022__FGFR3 Ligand Binding And Activation R-HSA-190239,0.4682337965828336,0.6343093348036688,0.9399092970521542,0.9873886746141531,1.0,4/13,23.71%,GALNT3;FGF9;FGF1;FGF13,EC-PTC
prerank,Reactome_2022__PI3K Events In ERBB2 Signaling R-HSA-1963642,0.46471564519146136,0.632541069052592,0.9423728813559322,0.9872934235258899,1.0,9/16,23.95%,EGF;ERBB2;GRB2;ERBB3;HBEGF;PIK3R1;ERBB4;NRG1;BTC,EC-PTC
prerank,Reactome_2022__Lysosphingolipid And LPA Receptors R-HSA-419408,0.46025309207861853,0.6302187080952727,0.9445086705202312,0.9874026311636046,1.0,4/14,24.19%,S1PR1;S1PR3;S1PR4;LPAR1,EC-PTC
prerank,Reactome_2022__Reactions Specific To Complex N-glycan Synthesis Pathway R-HSA-975578,-0.40035173063676444,-0.6255570889996,0.9141104294478528,0.9466000694256952,1.0,2/10,2.77%,FUT8;MAN2A2,EC-PTC
prerank,Reactome_2022__Presynaptic Depolarization And Calcium Channel Opening R-HSA-112308,0.4563986304306127,0.6144949486032527,0.9502314814814815,0.9923952385687356,1.0,5/12,24.08%,CACNA1A;CACNB4;CACNB1;CACNB3;CACNA2D3,EC-PTC
prerank,Reactome_2022__AKT Phosphorylates Targets In Cytosol R-HSA-198323,0.44975931694502386,0.6131667087424632,0.9455782312925171,0.9921187988718809,1.0,9/14,16.00%,BAD;GSK3A;TSC2;CDKN1A;AKT2;AKT1;AKT1S1;MDM2;MKRN1,EC-PTC
prerank,"Reactome_2022__Defective EXT1 Causes Exostoses 1, TRPS2 And CHDS R-HSA-3656253",0.44983913083868143,0.6131046255297451,0.9454976303317536,0.9913947617794169,1.0,10/13,21.24%,SDC2;HSPG2;AGRN;GPC3;SDC1;GPC5;SDC4;GPC4;GPC1;GPC6,EC-PTC
prerank,Reactome_2022__Estrogen-dependent Nuclear Events Downstream Of ESR-membrane Signaling R-HSA-9634638,0.437052549669678,0.6046331785507532,0.9653679653679653,0.9934833461542824,1.0,10/24,14.37%,FOS;CREB1;XPO1;EGF;AKT2;UHMK1;BCL2;AKT1;FOXO3;MAPK3,EC-PTC
prerank,Reactome_2022__ABC Transporters In Lipid Homeostasis R-HSA-1369062,0.4439673657029954,0.6046132163819427,0.9553072625698324,0.9927415710818568,1.0,3/18,14.19%,PEX19;ABCA3;ABCA2,EC-PTC
prerank,Reactome_2022__FGFR4 Ligand Binding And Activation R-HSA-190322,0.44599652424247443,0.599527906064254,0.9690011481056258,0.9936056399996104,1.0,5/14,25.23%,FGF9;FGFR4;FGF1;FGF13;KLB,EC-PTC
prerank,Reactome_2022__Neurexins And Neuroligins R-HSA-6794361,0.4212096174486844,0.5984590074116355,0.9832285115303984,0.9932041382087139,1.0,14/57,20.03%,LIN7C;HOMER3;SHARPIN;EPB41L3;EPB41L5;LIN7A;EPB41L1;CASK;NLGN2;SIPA1L1;SHANK2;SYT7;LLGL1;APBA3,EC-PTC
prerank,Reactome_2022__Creation Of C4 And C2 Activators R-HSA-166786,0.44379709486842944,0.5970302990805788,0.9608745684695051,0.9929059415669973,1.0,2/13,16.45%,FCN3;C1R,EC-PTC
prerank,Reactome_2022__AKT Phosphorylates Targets In Nucleus R-HSA-198693,0.4421302765184582,0.5910637654854649,0.9560047562425684,0.9939500493834998,1.0,7/10,15.68%,CREB1;RPS6KB2;AKT2;NR4A1;AKT1;FOXO3;FOXO4,EC-PTC
prerank,Reactome_2022__Free Fatty Acids Regulate Insulin Secretion R-HSA-400451,0.4431846402631362,0.5908284072105139,0.9577294685990339,0.9932623613359556,1.0,4/11,7.83%,ACSL3;GNA14;GNA11;CD36,EC-PTC
prerank,Reactome_2022__Kinesins R-HSA-983189,0.4151502841223677,0.5877976531179406,0.9819341126461212,0.993424761911903,1.0,11/42,18.11%,KIF5B;KIF1C;KIF12;KIF13B;KIF9;KIF2A;KIF20B;KIF26B;KIF21A;KIF27;KIF22,EC-PTC
prerank,Reactome_2022__Intra-Golgi Traffic R-HSA-6811438,0.4146525353132246,0.5858741617833955,0.9841101694915254,0.9932420063471448,1.0,13/42,17.78%,CYTH2;GOSR2;TRIP11;SNAP29;BET1L;RAB33B;STX5;COG1;NAPG;COG4;NSF;COG8;STX6,EC-PTC
prerank,Reactome_2022__NLRP3 Inflammasome R-HSA-844456,0.4231598126560556,0.5811904690791416,0.9631336405529954,0.9938242288100455,1.0,5/16,10.42%,TXN2;RELA;NFKB1;CASP1;HSP90AB1,EC-PTC
prerank,Reactome_2022__Formation Of beta-catenin:TCF Transactivating Complex R-HSA-201722,0.4169115147056024,0.5767465212977512,0.9792576419213974,0.9942679765962207,1.0,14/30,17.00%,CREBBP;EP300;KMT2D;KAT5;HDAC1;BCL9L;SMARCA4;TLE3;TRRAP;TLE4;MEN1;LEO1;RUVBL1;RBBP5,EC-PTC
prerank,Reactome_2022__Carnitine Metabolism R-HSA-200425,0.4277496197142693,0.5716122886525159,0.9680473372781065,0.994892351534891,1.0,5/11,16.86%,PRKAA2;MID1IP1;PPARD;PRKAB2;CPT2,EC-PTC
prerank,Reactome_2022__Acyl Chain Remodelling Of PG R-HSA-1482925,0.4166512760492409,0.5683261397486311,0.9686450167973124,0.9949961299560429,1.0,3/18,17.26%,PLA2G12A;LPCAT1;PLA2G4B,EC-PTC
prerank,Reactome_2022__Miscellaneous Substrates R-HSA-211958,0.41154266462404643,0.5531650408788448,0.9761336515513126,0.9978533902005863,1.0,1/11,16.63%,CYP2U1,EC-PTC
prerank,Reactome_2022__Sensory Perception Of Taste R-HSA-9717189,0.3891548444596156,0.5494487225100378,0.9958027282266527,0.9979065241236387,1.0,8/47,26.36%,SCNN1A;SCN4B;SCNN1G;SCNN1B;TAS2R30;TAS2R4;PLCB2;TAS2R20,EC-PTC
prerank,Reactome_2022__Insulin Processing R-HSA-264876,0.3924369270898649,0.5455498462045268,0.9773706896551724,0.9979833215981607,1.0,8/27,14.56%,VAMP2;EXOC5;KIF5B;EXOC6;EXOC7;SLC30A5;EXOC3;RAB27A,EC-PTC
prerank,Reactome_2022__Synthesis Of PIPs At Late Endosome Membrane R-HSA-1660517,0.40397136768889486,0.5423186321893014,0.9765258215962441,0.9978518379058527,1.0,4/11,18.14%,MTMR2;MTMR9;PIK3R4;VAC14,EC-PTC
prerank,Reactome_2022__Role Of LAT2/NTAL/LAB On Calcium Mobilization R-HSA-2730905,0.40424835658936537,0.5404106310988741,0.9801401869158879,0.9974742993302096,1.0,5/13,18.93%,SHC1;GRB2;SYK;PIK3R1;PIK3R2,EC-PTC
prerank,Reactome_2022__IRS-mediated Signaling R-HSA-112399,0.37804201788030894,0.5358736101102595,0.9905561385099685,0.9975436046863659,1.0,15/47,22.80%,PTPN11;NRAS;HRAS;AKT2;FLT3LG;GRB2;FGFR2;PIK3R4;PIK3R1;PIK3R2;FGF9;FGFR4;IRS1;FGF1;FGF7,EC-PTC
prerank,Reactome_2022__Acyl Chain Remodelling Of PS R-HSA-1482801,0.3824282151234484,0.5270100538266729,0.984994640943194,0.9982519556264704,1.0,4/22,17.26%,OSBPL8;PLA2G12A;LPCAT3;PLA2G4B,EC-PTC
prerank,Reactome_2022__Gap Junction Assembly R-HSA-190861,0.3851048892755692,0.5243375341939426,0.9850402761795167,0.9979062447919423,1.0,3/16,18.35%,GJA4;GJA1;GJB1,EC-PTC
prerank,Reactome_2022__Voltage Gated Potassium Channels R-HSA-1296072,0.36932398886883344,0.5220284935690297,0.9968354430379747,0.9975175839474123,1.0,5/43,24.08%,KCNC4;KCNQ1;KCNC3;KCNS3;KCNAB3,EC-PTC
prerank,Reactome_2022__Metabolism Of Amine-Derived Hormones R-HSA-209776,0.3592177295229739,0.4967377702517917,0.991140642303433,0.9998152789577807,1.0,2/18,19.48%,PEMT;CHGA,EC-PTC
prerank,Reactome_2022__Eicosanoids R-HSA-211979,0.36320461499738965,0.4902627801298912,0.9800469483568075,0.9996800760824098,1.0,1/12,13.95%,TBXAS1,EC-PTC
prerank,Reactome_2022__Erythropoietin Activates Phosphoinositide-3-kinase (PI3K) R-HSA-9027276,0.3589133042773826,0.4822742651330998,0.9929328621908127,0.9995656144678606,1.0,3/12,18.58%,EPOR;CLSTN1;PIK3R1,EC-PTC
prerank,Reactome_2022__Interaction Between L1 And Ankyrins R-HSA-445095,0.3311254531019618,0.46100906257831414,0.9967462039045553,1.0,1.0,9/29,23.08%,SCN4B;NRCAM;L1CAM;SPTBN5;SCN4A;ANK3;SPTBN1;SPTB;SPTBN2,EC-PTC
prerank,Reactome_2022__Class C/3 (Metabotropic Glutamate/Pheromone Receptors) R-HSA-420499,0.32598629891801967,0.4592304968260616,1.0,0.9995316747878839,1.0,12/39,33.47%,TAS2R30;CASR;TAS2R4;TAS2R20;GRM1;TAS2R46;GRM7;GABBR2;GRM3;GRM5;TAS2R13;TAS1R1,EC-PTC
prerank,Reactome_2022__Initial Triggering Of Complement R-HSA-166663,0.32828196167335155,0.4534956019540072,0.9977851605758582,0.9990592726958121,1.0,3/20,18.45%,FCN3;C1R;CFB,EC-PTC
prerank,Reactome_2022__FGFR3 Mutant Receptor Activation R-HSA-2033514,0.3261281416187826,0.4401635887931005,0.9965556831228473,0.9988348560106562,1.0,3/12,23.71%,FGF9;FGF1;FGF13,EC-PTC
