Name,Term,ES,NES,NOM p-val,FDR q-val,FWER p-val,Tag %,Gene %,Lead_genes,cell_type
prerank,"Reactome_2022__Respiratory Electron Transport, ATP Synthesis By Chemiosmotic Coupling, Heat Production By Uncoupling Proteins R-HSA-163200",0.8634181646971472,1.7091780436876514,0.001,0.0024446906905472303,0.002,67/112,5.26%,ATP5F1D;COX5B;UQCR11;NDUFS6;ATP5MF;UQCRQ;UQCRH;NDUFAB1;NDUFAF3;NDUFB4;NDUFA1;NDUFB2;ATP5F1E;ATP5MC3;NDUFB10;SURF1;ATP5PD;NDUFA13;ATP5F1B;NDUFC1;ATP5PF;COX6C;ATP5MC2;NDUFB3;COX14;ATP5PO;COA1;NDUFA10;ATP5MC1;NDUFV2;ATP5MG;COX4I1;NDUFA6;NDUFB1;NDUFS3;TMEM126B;NDUFS4;NDUFV3;NDUFA7;CYCS;NDUFA11;NDUFA9;NDUFA3;UCP2;NDUFS5;COX5A;NDUFB5;ETFB;COX8A;NDUFA5;NDUFB11;NDUFB8;NDUFB6;SCO1;COX7A2L;NDUFB9;COX7C;SDHB;NDUFC2;COX18;UQCRB;TACO1;SCO2;NDUFS7;NDUFAF2;COX7B;COX16,Non-classical monocytes
prerank,Reactome_2022__Citric Acid (TCA) Cycle And Respiratory Electron Transport R-HSA-1428517,0.8247809622207285,1.7075198466008519,0.001,0.0012223453452736152,0.002,86/163,6.89%,ATP5F1D;COX5B;UQCR11;NDUFS6;ATP5MF;UQCRQ;UQCRH;NDUFAB1;NDUFAF3;IDH3G;NDUFB4;NDUFA1;NDUFB2;ATP5F1E;ATP5MC3;NDUFB10;SURF1;ATP5PD;NDUFA13;ATP5F1B;NDUFC1;ATP5PF;SUCLG1;COX6C;ATP5MC2;NDUFB3;COX14;ATP5PO;COA1;NDUFA10;ATP5MC1;NDUFV2;ATP5MG;COX4I1;NDUFA6;NDUFB1;NDUFS3;TMEM126B;NDUFS4;NDUFV3;NDUFA7;CYCS;CS;NDUFA11;NDUFA9;NDUFA3;UCP2;NDUFS5;COX5A;NDUFB5;ETFB;IDH2;COX8A;NDUFA5;NDUFB11;NDUFB8;HAGH;NDUFB6;SCO1;RXRA;COX7A2L;PDHB;NDUFB9;COX7C;MPC1;SDHB;NDUFC2;PDHA1;PDHX;COX18;UQCRB;TACO1;SCO2;NDUFS7;NDUFAF2;PDK3;COX7B;COX16;NDUFA2;PPARD;IDH3A;NDUFA12;UQCR10;TMEM186;SUCLA2;COX6B1,Non-classical monocytes
prerank,MSigDB_Hallmark_2020__Oxidative Phosphorylation,0.7976022613397082,1.6759577649545594,0.001,0.001,0.001,93/200,5.66%,ATP5F1D;COX5B;UQCR11;ATP6V0B;NDUFS6;ATP5MF;MGST3;UQCRQ;UQCRH;NDUFAB1;IDH3G;NDUFB4;NDUFA1;NDUFB2;BAX;ATP5F1E;GPX4;ATP5MC3;ISCU;SURF1;ATP5PD;MDH1;ATP5F1B;NDUFC1;ATP5PF;SUCLG1;ATP6V1F;COX6C;ATP5MC2;NDUFB3;ATP5PO;ATP5MC1;ATP6V0E1;NDUFV2;ATP5MG;COX4I1;NDUFA6;GLUD1;NDUFB1;NDUFS3;NDUFS4;ATP1B1;NDUFA7;CYCS;ATP6AP1;CS;COX7A2;NDUFA9;NDUFA3;ATP6V1G1;COX5A;NDUFB5;ETFB;SLC25A5;IDH2;TIMM13;COX8A;NDUFA5;NDUFB8;AFG3L2;NDUFB6;SDHC;FH;COX7A2L;ACADM;PDHB;POR;COX7C;MPC1;ACADVL;TIMM10;CYC1;SLC25A3;SDHB;NDUFC2;PDHA1;TIMM50;PDHX;DECR1;COX17;MRPS15;UQCRB;ATP6V1E1;TIMM17A;NDUFS7;OAT;COX7B;FDX1;HCCS;FXN;ECI1;NDUFA2;ATP6V1C1,Non-classical monocytes
prerank,MSigDB_Hallmark_2020__Interferon Alpha Response,0.8486188819611665,1.6617011858023787,0.001,0.001,0.001,54/96,7.59%,IFITM3;HLA-C;PLSCR1;UBE2L6;STAT2;PSME1;GBP2;LY6E;PSME2;BST2;B2M;ISG15;LAP3;MX1;SAMD9;IFITM2;IL15;CASP1;RIPK2;IFI44;IRF1;IFIT3;PSMB8;TRIM25;IFI35;TRIM21;PARP14;PSMB9;EIF2AK2;EPSTI1;GBP4;OGFR;IFI44L;IRF9;ISG20;OASL;TAP1;CMPK2;CD47;NMI;PARP9;GMPR;IFITM1;CASP8;OAS1;PARP12;NUB1;RSAD2;HERC6;ADAR;TRIM26;ELF1;RTP4;TRAFD1,Non-classical monocytes
prerank,Reactome_2022__Respiratory Electron Transport R-HSA-611105,0.8495344860477639,1.6475903578794817,0.001,0.006519175174792614,0.013,60/90,6.89%,COX5B;UQCR11;NDUFS6;UQCRQ;UQCRH;NDUFAB1;NDUFAF3;NDUFB4;NDUFA1;NDUFB2;NDUFB10;SURF1;NDUFA13;NDUFC1;COX6C;NDUFB3;COX14;COA1;NDUFA10;NDUFV2;COX4I1;NDUFA6;NDUFB1;NDUFS3;TMEM126B;NDUFS4;NDUFV3;NDUFA7;CYCS;NDUFA11;NDUFA9;NDUFA3;NDUFS5;COX5A;NDUFB5;ETFB;COX8A;NDUFA5;NDUFB11;NDUFB8;NDUFB6;SCO1;COX7A2L;NDUFB9;COX7C;SDHB;NDUFC2;COX18;UQCRB;TACO1;SCO2;NDUFS7;NDUFAF2;COX7B;COX16;NDUFA2;NDUFA12;UQCR10;TMEM186;COX6B1,Non-classical monocytes
prerank,Reactome_2022__Interferon Alpha/Beta Signaling R-HSA-909733,0.8431511214878328,1.607725794471474,0.001,0.03300332432238761,0.077,32/72,6.10%,IFITM3;STAT1;HLA-C;STAT2;IFI6;GBP2;BST2;ISG15;HLA-E;MX1;IFITM2;IFIT1;XAF1;IRF3;IRF1;IFIT3;IFIT5;PSMB8;IFI35;IP6K2;OAS2;HLA-B;IRF9;ISG20;OASL;IFITM1;KPNB1;IFNAR1;SOCS3;OAS1;RSAD2;MX2,Non-classical monocytes
prerank,MSigDB_Hallmark_2020__Interferon Gamma Response,0.7714136151342894,1.6061143436862984,0.001,0.0020274743462429658,0.005,89/198,6.62%,IFITM3;MT2A;STAT1;VAMP5;TNFSF10;PLSCR1;UBE2L6;STAT2;VAMP8;PSME1;LY6E;NFKB1;PSME2;PTPN2;BST2;B2M;ISG15;RNF213;LAP3;SECTM1;MX1;SRI;IFITM2;IL15;CASP1;RIPK2;IFI44;IFIT1;CDKN1A;XAF1;IRF1;NFKBIA;IFIT3;PSMA2;GCH1;MYD88;PSMB8;TRIM25;PIM1;IFI35;LCP2;TRIM21;PARP14;NOD1;PSMB9;OAS2;HLA-B;FAS;EIF2AK2;UPP1;ST3GAL5;EPSTI1;PSMB2;PNP;GBP4;OGFR;SERPING1;IFI44L;IRF9;ISG20;CASP3;PLA2G4A;OASL;RBCK1;TAP1;PDE4B;STAT3;PELI1;CD86;IL10RA;RAPGEF6;SOD2;CMPK2;TNFAIP3;NMI;ICAM1;HLA-DQA1;CASP8;SOCS3;FPR1;PARP12;TAPBP;RSAD2;MVP;MX2;HERC6;JAK2;ADAR;APOL6,Non-classical monocytes
prerank,Reactome_2022__Antigen processing-Cross Presentation R-HSA-1236975,0.7963761223304,1.581583705995331,0.001,0.07774116395940193,0.19,46/104,6.43%,HLA-C;PSMA7;PSMA4;VAMP8;PSME1;PSME2;SEC61G;B2M;PSMB6;PSMB4;CYBA;HLA-E;PSMC3;TLR1;PSMB1;PSMA1;PSMB3;PSMA2;MYD88;PSMB8;PSMC6;PSMD9;PSMB9;HLA-B;CYBB;UBC;UBB;PSMB2;UBA52;RPS27A;PSMC4;IKBKB;SEC61A1;PSME4;CTSS;LY96;PSMB7;PSMD14;STX4;TAPBP;NDUFA2;PSMD4;PSMC5;PSMD7;S100A8;SEC61B,Non-classical monocytes
prerank,Reactome_2022__ER-Phagosome Pathway R-HSA-1236974,0.8031859877566961,1.57439986391861,0.001,0.08413810459966718,0.24,44/89,6.87%,HLA-C;PSMA7;PSMA4;VAMP8;PSME1;PSME2;SEC61G;B2M;PSMB6;PSMB4;HLA-E;PSMC3;TLR1;PSMB1;PSMA1;PSMB3;PSMA2;MYD88;PSMB8;PSMC6;PSMD9;PSMB9;HLA-B;UBC;UBB;PSMB2;UBA52;RPS27A;PSMC4;IKBKB;SEC61A1;PSME4;LY96;PSMB7;PSMD14;STX4;TAPBP;NDUFA2;PSMD4;PSMC5;PSMD7;S100A8;SEC61B;PSMA5,Non-classical monocytes
prerank,Reactome_2022__G1/S DNA Damage Checkpoints R-HSA-69615,0.8216035775669004,1.572145208916472,0.0013812154696132596,0.07840472286112189,0.256,31/67,6.24%,ATM;PSMA7;CARD16;PSMA4;PSME1;PSME2;PHF20;PSMB6;PSMB4;PSMC3;PSMB1;CDKN1A;PSMA1;PSMB3;PSMA2;PSMB8;PSMC6;PSMD9;PSMB9;UBC;UBB;PSMB2;UBA52;RPS27A;PSMC4;PSME4;PSMB7;PSMD14;PSMD4;PSMC5;PSMD7,Non-classical monocytes
prerank,Reactome_2022__p53-Dependent G1 DNA Damage Response R-HSA-69563,0.8217055851635643,1.5692390749158767,0.0013679890560875513,0.07471585922984973,0.277,31/65,6.24%,ATM;PSMA7;CARD16;PSMA4;PSME1;PSME2;PHF20;PSMB6;PSMB4;PSMC3;PSMB1;CDKN1A;PSMA1;PSMB3;PSMA2;PSMB8;PSMC6;PSMD9;PSMB9;UBC;UBB;PSMB2;UBA52;RPS27A;PSMC4;PSME4;PSMB7;PSMD14;PSMD4;PSMC5;PSMD7,Non-classical monocytes
prerank,Reactome_2022__Complex I Biogenesis R-HSA-6799198,0.856767357206276,1.5661843097420138,0.0029806259314456036,0.07442724991221569,0.298,33/51,4.75%,NDUFS6;NDUFAB1;NDUFAF3;NDUFB4;NDUFA1;NDUFB2;NDUFB10;NDUFA13;NDUFC1;NDUFB3;COA1;NDUFA10;NDUFV2;NDUFA6;NDUFB1;NDUFS3;TMEM126B;NDUFS4;NDUFV3;NDUFA7;NDUFA11;NDUFA9;NDUFA3;NDUFS5;NDUFB5;NDUFA5;NDUFB11;NDUFB8;NDUFB6;NDUFB9;NDUFC2;NDUFS7;NDUFAF2,Non-classical monocytes
prerank,Reactome_2022__Xenobiotics R-HSA-211981,-0.8592584578216211,-1.564633332464679,0.0113314447592068,1.0,0.741,3/22,6.80%,MIA3;CYP2S1;AHR,Non-classical monocytes
prerank,Reactome_2022__Regulation Of Expression Of SLITs And ROBOs R-HSA-9010553,0.7484324082786608,1.5591331209476933,0.001,0.08250831080596903,0.343,87/167,6.24%,RPS9;RPLP1;PSMA7;PSMA4;RPS12;PSME1;RPS4X;EIF4A3;RPL36;RPL27A;PSME2;RPL36AL;RPL35A;PSMB6;FAU;PSMB4;RPL28;RPS29;RPL37A;RPL36A;PSMC3;RPS21;RPL14;RPS25;ELOB;RPL18A;PSMB1;PSMA1;PSMB3;RPS24;PSMA2;RPS5;RPL37;RPS28;RPS15;RPL23A;RPSA;PSMB8;RPS13;RPL38;RPL15;PSMC6;PSMD9;PSMB9;RPL6;RPS27;UBC;RPS19;UBB;RPL12;UPF3A;RPLP2;PSMB2;UBA52;RPL3;RNPS1;RPL34;RBX1;RPS7;RPS27A;RPL18;RPL11;PSMC4;RPL29;RPS16;RPL26L1;RBM8A;PSME4;NCBP1;RPL9;RPL10A;MRPL13;RPS8;RPS27L;RPL8;RPL21;RPL7A;MAGOHB;RPS2;PSMB7;PSMD14;RPL22;PSMD4;RPS3;PSMC5;RPL23;PSMD7,Non-classical monocytes
prerank,Reactome_2022__Stabilization Of P53 R-HSA-69541,0.8281226128937678,1.5510323379768916,0.001,0.09578742614780514,0.41,30/56,6.24%,ATM;PSMA7;CARD16;PSMA4;PSME1;PSME2;PHF20;PSMB6;PSMB4;PSMC3;PSMB1;PSMA1;PSMB3;PSMA2;PSMB8;PSMC6;PSMD9;PSMB9;UBC;UBB;PSMB2;UBA52;RPS27A;PSMC4;PSME4;PSMB7;PSMD14;PSMD4;PSMC5;PSMD7,Non-classical monocytes
prerank,Reactome_2022__Autodegradation Of E3 Ubiquitin Ligase COP1 R-HSA-349425,0.8316007188448878,1.5375896406136524,0.001,0.13170771095323205,0.531,29/51,6.24%,ATM;PSMA7;CARD16;PSMA4;PSME1;PSME2;PSMB6;PSMB4;PSMC3;PSMB1;PSMA1;PSMB3;PSMA2;PSMB8;PSMC6;PSMD9;PSMB9;UBC;UBB;PSMB2;UBA52;RPS27A;PSMC4;PSME4;PSMB7;PSMD14;PSMD4;PSMC5;PSMD7,Non-classical monocytes
prerank,Reactome_2022__Interferon Signaling R-HSA-913531,0.733428442167473,1.5356297188945194,0.001,0.12806418155866647,0.557,69/196,6.83%,IFITM3;MT2A;HLA-DQA2;STAT1;HLA-C;UBE2L6;STAT2;NUP214;IFI6;GBP2;EIF4A3;PTPN2;BST2;B2M;ISG15;HLA-DPA1;HLA-E;IFNGR1;MX1;IFITM2;IFIT1;XAF1;IRF3;IRF1;UBE2E1;IFIT3;IFIT5;TRIM22;SUMO1;PSMB8;TRIM25;IFI35;IP6K2;TRIM21;OAS2;GBP1;HLA-B;EIF4A1;EIF2AK2;UBC;ARIH1;UBB;UBA52;GBP4;IRF9;RANBP2;RPS27A;ISG20;SEC13;OASL;HERC5;AAAS;IFNGR2;IFITM1;ICAM1;HLA-DQA1;KPNB1;IFNAR1;SOCS3;OAS1;RSAD2;POM121C;MX2;KPNA3;JAK2;ADAR;TRIM38;NUP50;SMAD7,Non-classical monocytes
prerank,Reactome_2022__Activation Of NF-kappaB In B Cells R-HSA-1169091,0.8110379276079523,1.5290098526547153,0.001455604075691412,0.1415301289063236,0.612,35/66,6.24%,PSMA7;PSMA4;PSME1;NFKB1;PSME2;PSMB6;PSMB4;FBXW11;PSMC3;PSMB1;REL;PSMA1;SKP1;PSMB3;NFKBIA;PSMA2;PSMB8;PSMC6;PSMD9;PSMB9;UBC;UBB;PSMB2;UBA52;RPS27A;PSMC4;IKBKB;PSME4;MAP3K7;PSMB7;PRKCB;PSMD14;PSMD4;PSMC5;PSMD7,Non-classical monocytes
prerank,Reactome_2022__Translation R-HSA-72766,0.717398500019008,1.525279217948143,0.001,0.14692591050188855,0.643,135/263,9.13%,RPS9;RPLP1;EIF3G;AURKAIP1;RPS12;RPS4X;EEF1B2;RPL36;RPL27A;SEC61G;RPL36AL;MRPL51;EEF1D;RPL35A;CHCHD1;SEC11C;FAU;RPL28;MRPS18C;RPS29;MRPS25;SSR4;RPL37A;RPL36A;RPS21;MRPS6;MRPL33;RPL14;MRPL43;RPS25;RPL18A;SRP19;TRMT112;RPS24;SSR2;RPS5;RPL37;MRPL14;RPS28;RPS15;RPL23A;RPSA;MRPS34;RPS13;MRPS21;RPL38;EIF4EBP1;RPL15;MRPL52;PPA2;MRPL18;EIF4A1;RPL6;RPS27;MRPS31;RPS19;MRPS5;EIF1AX;EIF5;RPL12;TSFM;EIF4H;RPLP2;UBA52;RPL3;RPL34;AIMP2;RPS7;EIF3F;RPS27A;RPL18;RPL11;RPL29;RPS16;EIF3I;MRPL39;TRAM1;RPL26L1;SEC61A1;EIF2B1;EIF3J;EIF2B2;RPL9;DARS2;MRPL37;MRPS15;RPL10A;SRP72;MTIF2;FARSA;MRPL13;RPS8;RPS27L;RPL8;MRPS24;RPL21;MRPS9;RPL7A;APEH;RPS2;RARS2;MRPL23;EIF2B3;MRPS16;MRPS10;EIF3B;RPL22;DDOST;FARS2;MRPL20;RPS3;RPL23;MRPL24;SEC61B;EEF1G;EIF3D;RPL13A;MRPL41;RPL35;RPL41;RPL30;MRPL47;EIF3K;CARS2;EIF3M;MRRF;RPS11;EIF2S3;RPL26;LARS2;RPL32;MTIF3;RPS17;MRPS36;RPL22L1,Non-classical monocytes
prerank,Reactome_2022__Metabolism Of Amino Acids And Derivatives R-HSA-71291,0.7010461598098413,1.5232965878169313,0.001,0.1443895439104458,0.658,138/354,9.64%,RPS9;RPLP1;PSMA7;PSMA4;RPS12;PSME1;RPS4X;RPL36;RPL27A;PSME2;RPL36AL;RPL35A;NDUFAB1;PSMB6;FAU;PSMB4;RPL28;RPS29;OAZ2;RPL37A;RPL36A;PSMC3;PAPSS1;RPS21;RPL14;RPS25;RPL18A;PSMB1;PSMA1;PSMB3;GLUD1;RPS24;PSMA2;RPS5;RPL37;RPS28;RPS15;RPL23A;RPSA;PSMB8;RPS13;RPL38;RPL15;PSMC6;PSMD9;PSMB9;RPL6;RPS27;RPS19;SLC36A4;RPL12;SQOR;RPLP2;PSMB2;KMO;UBA52;RPL3;RPL34;AIMP2;RPS7;RPS27A;RPL18;SOAT1;PDHB;RPL11;PSMC4;RPL29;RPS16;GLUL;AFMID;RPL26L1;PSME4;PDHA1;SLC25A13;RPL9;PDHX;RPL10A;MRPL13;RPS8;HIBADH;TXN2;RPS27L;OAT;RPL8;RPL21;IL4I1;RPL7A;RPS2;PSMB7;PSMD14;ADI1;RPL22;SHMT1;PSMD4;RPS3;PSMC5;RPL23;PSMD7;KYAT3;PCBD1;PSMA5;HECA;ALDH4A1;PYCR2;MTRR;RPL13A;RPL35;MTR;RPL41;RPL30;GCSH;BCAT1;QDPR;TMLHE;SEPHS2;ECHS1;ARG2;RPS11;DHTKD1;RPL26;APIP;RPL32;ALDH18A1;HPD;PSMC1;RPS17;HIBCH;RPL22L1;PSMA6;HAAO;SERINC5;SERINC3;CKB;NMRAL1;OAZ1;RPS14;PAPSS2;SLC44A1,Non-classical monocytes
prerank,Reactome_2022__Signaling By ROBO Receptors R-HSA-376176,0.7199179014766268,1.5207368271426314,0.001,0.14617812276125058,0.682,103/208,7.63%,RPS9;RPLP1;PSMA7;PSMA4;RPS12;PSME1;RPS4X;EIF4A3;RPL36;RPL27A;PSME2;RPL36AL;RPL35A;PSMB6;FAU;PSMB4;RPL28;RPS29;RPL37A;PFN1;RPL36A;PSMC3;RPS21;RPL14;RPS25;ELOB;RPL18A;PSMB1;PSMA1;PSMB3;RPS24;PSMA2;RPS5;RPL37;EVL;RPS28;RPS15;RPL23A;RPSA;PSMB8;RPS13;RPL38;RPL15;PSMC6;PSMD9;PSMB9;RPL6;RPS27;UBC;RPS19;UBB;RPL12;UPF3A;RPLP2;PSMB2;UBA52;RPL3;RNPS1;RPL34;RBX1;RPS7;RPS27A;RPL18;SOS1;RPL11;PSMC4;RPL29;RPS16;RHOA;RPL26L1;RBM8A;CLASP1;PRKCA;PSME4;NCBP1;RPL9;RPL10A;MRPL13;SRC;RPS8;RPS27L;PRKAR2A;RPL8;RPL21;RPL7A;MAGOHB;RPS2;PSMB7;PSMD14;RPL22;PSMD4;RPS3;PSMC5;RPL23;PSMD7;ABL1;PSMA5;RPL13A;RPL35;VASP;RPL41;RPL30;PKN1,Non-classical monocytes
prerank,Reactome_2022__Cellular Response To Chemical Stress R-HSA-9711123,0.7334078217567364,1.5198069588128886,0.001,0.1415883358275271,0.699,78/181,7.39%,COX5B;PSMA7;PSMA4;PSME1;PSME2;PSMB6;PRDX1;PSMB4;SURF1;CYBA;MAP1LC3B;ATOX1;PSMC3;COX6C;COX14;SQSTM1;PSMB1;HMOX1;PSMA1;SKP1;PSMB3;COX4I1;BLVRA;PSMA2;CREBBP;NCOA2;PSMB8;CYCS;PSMC6;PSMD9;TRIM21;TALDO1;BLVRB;PSMB9;COX5A;CYBB;UBC;COX8A;UBB;PSMB2;UFD1;GSTP1;UBA52;HDAC3;RBX1;SCO1;CCS;PRDX2;ABCC1;RXRA;RPS27A;COX7A2L;PSMC4;NFE2L2;COX7C;STAT3;UBXN7;SESN1;PSME4;SOD1;COX18;TACO1;SCO2;TXN2;COX7B;AKT2;COX16;PSMB7;PSMD14;MAFG;PSMD4;PSMC5;PSMD7;TBL1X;PSMA5;COX6B1;CHD9;CSNK2B,Non-classical monocytes
prerank,Reactome_2022__Beta Defensins R-HSA-1461957,0.8696883254043613,1.515960069056225,0.005970149253731343,0.14623110367404882,0.732,2/34,2.50%,TLR1;DEFB1,Non-classical monocytes
prerank,Reactome_2022__Keratinization R-HSA-6805567,-0.6048035717583929,-1.5141643743120177,0.001,1.0,0.955,3/206,1.31%,KRT10;LIPN;CAPN1,Non-classical monocytes
prerank,Reactome_2022__Signaling By FGFR In Disease R-HSA-1226099,0.79986034561204,1.5131713216250093,0.005788712011577424,0.1493094839251721,0.754,24/60,5.61%,STAT1;POLR2J;LRRFIP1;CUX1;GAB2;POLR2L;FRS2;POLR2K;GRB2;TRIM24;POLR2A;GTF2F2;SOS1;PIK3CA;STAT3;ERLIN2;NCBP1;POLR2G;POLR2D;STAT5B;POLR2E;NRAS;POLR2C;POLR2B,Non-classical monocytes
prerank,Reactome_2022__SCF(Skp2)-mediated Degradation Of P27/P21 R-HSA-187577,0.8083636018494033,1.5107860299667397,0.0028208744710860366,0.15087233975948625,0.77,30/59,6.87%,PSMA7;PSMA4;PSME1;PSME2;PSMB6;PSMB4;PSMC3;PSMB1;CDKN1A;PSMA1;SKP1;PSMB3;PSMA2;PSMB8;PSMC6;PSMD9;PSMB9;UBC;UBB;PSMB2;UBA52;RPS27A;PSMC4;CKS1B;PSMB7;PSMD14;PSMD4;PSMC5;PSMD7;PSMA5,Non-classical monocytes
prerank,Reactome_2022__Cristae Formation R-HSA-8949613,0.8966315508845407,1.5091428562627014,0.0015015015015015015,0.15012623286042312,0.782,13/29,1.11%,ATP5F1D;ATP5MF;MICOS10;ATP5F1E;ATP5MC3;ATP5PD;ATP5F1B;ATP5PF;ATP5MC2;ATP5PO;MICOS13;ATP5MC1;ATP5MG,Non-classical monocytes
prerank,Reactome_2022__APC/C:Cdh1 Mediated Degradation Of Cdc20 And APC/C:Cdh1 Targets In Late Mitosis/Early G1 R-HSA-174178,0.7883126799887745,1.5079476296604657,0.005420054200542005,0.14859467762543602,0.792,34/73,6.24%,PSMA7;PSMA4;PSME1;PSME2;PSMB6;PSMB4;PSMC3;PSMB1;PSMA1;PSMB3;UBE2E1;PSMA2;PSMB8;ANAPC11;ANAPC4;PSMC6;PSMD9;PSMB9;ANAPC5;UBC;RB1;UBB;PSMB2;UBA52;RPS27A;CDC27;PSMC4;PSME4;PSMB7;CDC26;PSMD14;PSMD4;PSMC5;PSMD7,Non-classical monocytes
prerank,Reactome_2022__APC:Cdc20 Mediated Degradation Of Cell Cycle Proteins Before Cycle Checkpoint Satisfied R-HSA-179419,0.7854845771521585,1.5071389944578912,0.0013297872340425532,0.14489885447097647,0.799,33/73,6.24%,PSMA7;PSMA4;PSME1;PSME2;PSMB6;PSMB4;PSMC3;PSMB1;PSMA1;PSMB3;UBE2E1;PSMA2;PSMB8;ANAPC11;ANAPC4;PSMC6;PSMD9;PSMB9;ANAPC5;UBC;UBB;PSMB2;UBA52;RPS27A;CDC27;PSMC4;PSME4;PSMB7;CDC26;PSMD14;PSMD4;PSMC5;PSMD7,Non-classical monocytes
prerank,Reactome_2022__SRP-dependent Cotranslational Protein Targeting To Membrane R-HSA-1799339,0.7525000331539662,1.5046254022576604,0.001,0.14819714966097314,0.815,64/108,6.43%,RPS9;RPLP1;RPS12;RPS4X;RPL36;RPL27A;SEC61G;RPL36AL;RPL35A;SEC11C;FAU;RPL28;RPS29;SSR4;RPL37A;RPL36A;RPS21;RPL14;RPS25;RPL18A;SRP19;RPS24;SSR2;RPS5;RPL37;RPS28;RPS15;RPL23A;RPSA;RPS13;RPL38;RPL15;RPL6;RPS27;RPS19;RPL12;RPLP2;UBA52;RPL3;RPL34;RPS7;RPS27A;RPL18;RPL11;RPL29;RPS16;TRAM1;RPL26L1;SEC61A1;RPL9;RPL10A;SRP72;MRPL13;RPS8;RPS27L;RPL8;RPL21;RPL7A;RPS2;RPL22;DDOST;RPS3;RPL23;SEC61B,Non-classical monocytes
prerank,Reactome_2022__APC/C:Cdc20 Mediated Degradation Of Securin R-HSA-174154,0.789290262204539,1.5042662093676546,0.008108108108108109,0.1441897374597761,0.818,33/67,6.24%,PSMA7;PSMA4;PSME1;PSME2;PSMB6;PSMB4;PSMC3;PSMB1;PSMA1;PSMB3;UBE2E1;PSMA2;PSMB8;ANAPC11;ANAPC4;PSMC6;PSMD9;PSMB9;ANAPC5;UBC;UBB;PSMB2;UBA52;RPS27A;CDC27;PSMC4;PSME4;PSMB7;CDC26;PSMD14;PSMD4;PSMC5;PSMD7,Non-classical monocytes
prerank,Reactome_2022__Transcriptional Regulation By RUNX2 R-HSA-8878166,0.7611141346244061,1.5038615957487065,0.001,0.1400717221583913,0.818,43/117,6.87%,STAT1;PSMA7;PSMA4;PSME1;PSME2;BAX;PSMB6;PSMB4;PSMC3;PSMB1;CDKN1A;PSMA1;SKP1;PSMB3;PSMA2;PSMB8;NR3C1;PSMC6;PSMD9;PSMB9;UBC;RB1;UBB;PSMB2;UBA52;HDAC3;RBX1;RPS27A;PSMC4;RUNX1;PSME4;HDAC6;SRC;SMAD1;AKT2;PPARGC1B;PSMB7;PSMD14;PSMD4;PSMC5;PSMD7;ABL1;PSMA5,Non-classical monocytes
prerank,Reactome_2022__Regulation Of APC/C Activators Between G1/S And Early Anaphase R-HSA-176408,0.7786886237451458,1.503742588648346,0.001336898395721925,0.13559302294356604,0.819,34/80,6.24%,PSMA7;PSMA4;PSME1;PSME2;PSMB6;PSMB4;PSMC3;PSMB1;PSMA1;SKP1;PSMB3;UBE2E1;PSMA2;PSMB8;ANAPC11;ANAPC4;PSMC6;PSMD9;PSMB9;ANAPC5;UBC;UBB;PSMB2;UBA52;RPS27A;CDC27;PSMC4;PSME4;PSMB7;CDC26;PSMD14;PSMD4;PSMC5;PSMD7,Non-classical monocytes
prerank,Reactome_2022__Switching Of Origins To A Post-Replicative State R-HSA-69052,0.7733277830091025,1.5034755807479097,0.002677376171352075,0.13209759696853485,0.821,41/90,7.97%,PSMA7;PSMA4;PSME1;PSME2;PSMB6;PSMB4;PSMC3;PSMB1;PSMA1;SKP1;PSMB3;UBE2E1;PSMA2;PSMB8;ANAPC11;ANAPC4;PSMC6;PSMD9;PSMB9;ANAPC5;UBC;UBB;PSMB2;UBA52;RBX1;MCM7;RPS27A;CDC27;PSMC4;PSME4;ORC5;PSMB7;CDC26;PSMD14;PSMD4;PSMC5;PSMD7;PSMA5;ORC4;UBE2D1;CDC16,Non-classical monocytes
prerank,Reactome_2022__Downstream Signaling Events Of B Cell Receptor (BCR) R-HSA-1168372,0.7772403975788248,1.5034353896314745,0.006839945280437756,0.1277350885810928,0.821,39/79,6.24%,PSMA7;PPIA;PSMA4;PSME1;NFKB1;PSME2;PSMB6;PSMB4;FBXW11;PSMC3;PSMB1;REL;PSMA1;SKP1;PSMB3;NFKBIA;PSMA2;FKBP1A;PPP3CA;PSMB8;PSMC6;PSMD9;PSMB9;UBC;UBB;PSMB2;UBA52;RPS27A;PSMC4;IKBKB;PSME4;MAP3K7;PSMB7;NRAS;PRKCB;PSMD14;PSMD4;PSMC5;PSMD7,Non-classical monocytes
prerank,Reactome_2022__Cdc20:Phospho-APC/C Mediated Degradation Of Cyclin A R-HSA-174184,0.7854862633900365,1.5030952282317693,0.00267379679144385,0.1246003642278911,0.823,33/72,6.24%,PSMA7;PSMA4;PSME1;PSME2;PSMB6;PSMB4;PSMC3;PSMB1;PSMA1;PSMB3;UBE2E1;PSMA2;PSMB8;ANAPC11;ANAPC4;PSMC6;PSMD9;PSMB9;ANAPC5;UBC;UBB;PSMB2;UBA52;RPS27A;CDC27;PSMC4;PSME4;PSMB7;CDC26;PSMD14;PSMD4;PSMC5;PSMD7,Non-classical monocytes
prerank,Reactome_2022__Interleukin-1 Signaling R-HSA-9020702,0.750950206935713,1.5023511321807526,0.0013054830287206266,0.12273111232387893,0.828,53/114,6.38%,PSMA7;PSMA4;PSME1;NFKB1;PSME2;PSMB6;PSMB4;FBXW11;PSMC3;RIPK2;SQSTM1;PSMB1;PSMA1;SKP1;PSMB3;NFKBIA;PSMA2;TANK;MYD88;PSMB8;PSMC6;PSMD9;MAP2K4;NOD1;PSMB9;UBC;UBB;PSMB2;AGER;UBA52;MAP3K3;RBX1;TAB2;RPS27A;PSMC4;PELI1;IKBKB;PSME4;IL1RN;PELI3;MAP2K6;MAP3K7;CASP8;NOD2;IL1RAP;PSMB7;PSMD14;UBE2V1;PSMD4;PSMC5;PSMD7;ALPK1;TAB3,Non-classical monocytes
prerank,Reactome_2022__Orc1 Removal From Chromatin R-HSA-68949,0.7919746913724667,1.5010708044327954,0.0056022408963585435,0.12349392064067374,0.837,33/69,7.27%,PSMA7;PSMA4;PSME1;PSME2;PSMB6;PSMB4;PSMC3;PSMB1;PSMA1;SKP1;PSMB3;PSMA2;PSMB8;PSMC6;PSMD9;PSMB9;UBC;UBB;PSMB2;UBA52;RBX1;MCM7;RPS27A;PSMC4;PSME4;ORC5;PSMB7;PSMD14;PSMD4;PSMC5;PSMD7;PSMA5;ORC4,Non-classical monocytes
prerank,Reactome_2022__APC/C:Cdc20 Mediated Degradation Of Mitotic Proteins R-HSA-176409,0.7803403086798953,1.4983000072384625,0.003989361702127659,0.12723176990950955,0.85,33/75,6.24%,PSMA7;PSMA4;PSME1;PSME2;PSMB6;PSMB4;PSMC3;PSMB1;PSMA1;PSMB3;UBE2E1;PSMA2;PSMB8;ANAPC11;ANAPC4;PSMC6;PSMD9;PSMB9;ANAPC5;UBC;UBB;PSMB2;UBA52;RPS27A;CDC27;PSMC4;PSME4;PSMB7;CDC26;PSMD14;PSMD4;PSMC5;PSMD7,Non-classical monocytes
prerank,Reactome_2022__CDK-mediated Phosphorylation And Removal Of Cdc6 R-HSA-69017,0.7874781587669561,1.497631040152361,0.006811989100817439,0.12593649471590446,0.857,33/72,6.24%,PSMA7;PSMA4;PSME1;PSME2;PSMB6;PSMB4;PSMC3;PSMB1;PSMA1;PSMB3;UBE2E1;PSMA2;PSMB8;ANAPC11;ANAPC4;PSMC6;PSMD9;PSMB9;ANAPC5;UBC;UBB;PSMB2;UBA52;RPS27A;CDC27;PSMC4;PSME4;PSMB7;CDC26;PSMD14;PSMD4;PSMC5;PSMD7,Non-classical monocytes
prerank,Reactome_2022__Oxygen-dependent Proline Hydroxylation Of Hypoxia-inducible Factor Alpha R-HSA-1234176,0.7941487684255045,1.4974858369521675,0.004225352112676056,0.12277779912526092,0.857,32/64,6.87%,PSMA7;PSMA4;PSME1;PSME2;PSMB6;PSMB4;PSMC3;ELOB;PSMB1;PSMA1;PSMB3;PSMA2;PSMB8;PSMC6;PSMD9;PSMB9;UBC;UBB;PSMB2;UBA52;UBE2D2;RBX1;RPS27A;PSMC4;UBE2D3;PSME4;PSMB7;PSMD14;PSMD4;PSMC5;PSMD7;PSMA5,Non-classical monocytes
prerank,Reactome_2022__Degradation Of DVL R-HSA-4641258,0.811588892244914,1.4974223006428506,0.004285714285714286,0.11955858931203281,0.857,31/55,7.10%,PSMA7;PSMA4;PSME1;PSME2;PSMB6;PSMB4;PSMC3;PSMB1;PSMA1;PSMB3;PSMA2;PSMB8;PSMC6;PSMD9;PSMB9;UBC;UBB;PSMB2;UBA52;RBX1;RPS27A;PSMC4;PSME4;DVL3;PSMB7;PSMD14;PSMD4;PSMC5;PSMD7;PSMA5;KLHL12,Non-classical monocytes
prerank,Reactome_2022__ABC Transporter Disorders R-HSA-5619084,0.7783882743403027,1.4970242179903022,0.009695290858725761,0.11740948711180776,0.859,32/77,6.87%,PSMA7;PSMA4;PSME1;PSME2;PSMB6;PSMB4;PSMC3;PSMB1;PSMA1;PSMB3;PSMA2;PSMB8;ABCA1;PSMC6;PSMD9;PSMB9;UBC;UBB;PSMB2;UBA52;RPS27A;PSMC4;RNF185;ERLIN2;PSME4;PSMB7;PSMD14;PSMD4;PSMC5;PSMD7;ABCD1;PSMA5,Non-classical monocytes
prerank,Reactome_2022__GTP Hydrolysis And Joining Of 60S Ribosomal Subunit R-HSA-72706,0.7479590459814593,1.4965974854136583,0.006321112515802781,0.11562133278754788,0.862,74/109,8.70%,RPS9;RPLP1;EIF3G;RPS12;RPS4X;RPL36;RPL27A;RPL36AL;RPL35A;FAU;RPL28;RPS29;RPL37A;RPL36A;RPS21;RPL14;RPS25;RPL18A;RPS24;RPS5;RPL37;RPS28;RPS15;RPL23A;RPSA;RPS13;RPL38;RPL15;EIF4A1;RPL6;RPS27;RPS19;EIF1AX;EIF5;RPL12;EIF4H;RPLP2;UBA52;RPL3;RPL34;RPS7;EIF3F;RPS27A;RPL18;RPL11;RPL29;RPS16;EIF3I;RPL26L1;EIF3J;RPL9;RPL10A;MRPL13;RPS8;RPS27L;RPL8;RPL21;RPL7A;RPS2;EIF3B;RPL22;RPS3;RPL23;EIF3D;RPL13A;RPL35;RPL41;RPL30;EIF3K;EIF3M;RPS11;EIF2S3;RPL26;RPL32,Non-classical monocytes
prerank,Reactome_2022__Synthesis Of DNA R-HSA-69239,0.7493506925663966,1.4962354193492688,0.002531645569620253,0.11340308940775966,0.864,56/119,10.55%,PSMA7;PSMA4;PSME1;PSME2;PSMB6;PSMB4;PSMC3;PSMB1;PSMA1;SKP1;PSMB3;UBE2E1;PSMA2;PSMB8;ANAPC11;ANAPC4;POLE3;PSMC6;PSMD9;PSMB9;ANAPC5;UBC;UBB;PSMB2;UBA52;RBX1;MCM7;RPS27A;CDC27;PSMC4;PSME4;ORC5;RFC2;POLE4;RPA3;PCNA;PSMB7;CDC26;PSMD14;POLD1;PSMD4;PSMC5;PSMD7;PSMA5;ORC4;UBE2D1;CDC16;POLA1;PSMC1;PSMA6;MCM4;POLA2;ORC6;RFC3;GMNN;SEM1,Non-classical monocytes
prerank,Reactome_2022__FCERI Mediated NF-kB Activation R-HSA-2871837,0.7776751378826401,1.49608837430175,0.001,0.11105454661327357,0.865,40/77,6.87%,PSMA7;PSMA4;PSME1;NFKB1;PSME2;PSMB6;PSMB4;FBXW11;PSMC3;PSMB1;PSMA1;SKP1;PSMB3;NFKBIA;PSMA2;PSMB8;PSMC6;PSMD9;PSMB9;LYN;UBC;UBB;PSMB2;UBA52;UBE2D2;TAB2;RPS27A;PSMC4;IKBKB;RASGRP2;PSME4;MAP3K7;PSMB7;PSMD14;UBE2V1;PSMD4;PSMC5;PSMD7;TAB3;PSMA5,Non-classical monocytes
prerank,Reactome_2022__DNA Replication R-HSA-69306,0.7464512604283072,1.4954042378711274,0.001,0.10951632224439559,0.867,59/126,10.55%,PSMA7;PSMA4;PSME1;PSME2;PSMB6;PSMB4;PSMC3;PSMB1;PSMA1;SKP1;PSMB3;UBE2E1;PSMA2;PSMB8;ANAPC11;ANAPC4;POLE3;PSMC6;PSMD9;PSMB9;ANAPC5;UBC;UBB;PSMB2;UBA52;RBX1;MCM7;RPS27A;CDC27;PSMC4;PSME4;ORC5;RFC2;POLE4;RPA3;PCNA;KPNB1;PSMB7;CDC26;PSMD14;POLD1;PSMD4;PSMC5;PSMD7;PSMA5;ORC4;UBE2D1;RPA4;CDC16;POLA1;PSMC1;PSMA6;MCM4;DBF4;POLA2;ORC6;RFC3;GMNN;SEM1,Non-classical monocytes
prerank,Reactome_2022__Activation Of APC/C And APC/C:Cdc20 Mediated Degradation Of Mitotic Proteins R-HSA-176814,0.779847928651601,1.4951751085813947,0.0039946737683089215,0.10745268384033176,0.867,33/76,6.24%,PSMA7;PSMA4;PSME1;PSME2;PSMB6;PSMB4;PSMC3;PSMB1;PSMA1;PSMB3;UBE2E1;PSMA2;PSMB8;ANAPC11;ANAPC4;PSMC6;PSMD9;PSMB9;ANAPC5;UBC;UBB;PSMB2;UBA52;RPS27A;CDC27;PSMC4;PSME4;PSMB7;CDC26;PSMD14;PSMD4;PSMC5;PSMD7,Non-classical monocytes
prerank,Reactome_2022__FBXL7 Down-Regulates AURKA During Mitotic Entry And In Early Mitosis R-HSA-8854050,0.811365157912767,1.4949569844643766,0.0028735632183908046,0.10537172487779142,0.869,30/54,6.87%,PSMA7;PSMA4;PSME1;PSME2;PSMB6;PSMB4;PSMC3;PSMB1;PSMA1;SKP1;PSMB3;PSMA2;PSMB8;PSMC6;PSMD9;PSMB9;UBC;UBB;PSMB2;UBA52;RBX1;RPS27A;PSMC4;PSME4;PSMB7;PSMD14;PSMD4;PSMC5;PSMD7;PSMA5,Non-classical monocytes
prerank,Reactome_2022__Formation Of A Pool Of Free 40S Subunits R-HSA-72689,0.7564607277224439,1.494677811111712,0.005208333333333333,0.10370921173899253,0.87,66/98,7.72%,RPS9;RPLP1;EIF3G;RPS12;RPS4X;RPL36;RPL27A;RPL36AL;RPL35A;FAU;RPL28;RPS29;RPL37A;RPL36A;RPS21;RPL14;RPS25;RPL18A;RPS24;RPS5;RPL37;RPS28;RPS15;RPL23A;RPSA;RPS13;RPL38;RPL15;RPL6;RPS27;RPS19;EIF1AX;RPL12;RPLP2;UBA52;RPL3;RPL34;RPS7;EIF3F;RPS27A;RPL18;RPL11;RPL29;RPS16;EIF3I;RPL26L1;EIF3J;RPL9;RPL10A;MRPL13;RPS8;RPS27L;RPL8;RPL21;RPL7A;RPS2;EIF3B;RPL22;RPS3;RPL23;EIF3D;RPL13A;RPL35;RPL41;RPL30;EIF3K,Non-classical monocytes
prerank,Reactome_2022__Influenza Infection R-HSA-168255,0.7272515150042,1.4920126763175572,0.0012106537530266344,0.1077523994583589,0.883,95/157,9.13%,RPS9;RPLP1;RAN;POLR2J;NUP214;RPS12;RPS4X;RPL36;RPL27A;RPL36AL;RPL35A;ISG15;FAU;RPL28;RPS29;RPL37A;RPL36A;RPS21;POLR2L;RPL14;RPS25;RPL18A;RPS24;RPS5;RPL37;POLR2K;RPS28;RPS15;RPL23A;RPSA;RPS13;RPL38;RPL15;POLR2A;EIF2AK2;RPL6;RPS27;GTF2F2;RPS19;RPL12;RPLP2;UBA52;RPL3;RPL34;RPS7;RANBP2;RPS27A;RPL18;SEC13;RPL11;TGFB1;RPL29;RPS16;RPL26L1;HSP90AA1;POLR2G;IPO5;RPL9;RPL10A;AAAS;MRPL13;POLR2D;RPS8;RPS27L;RPL8;RPL21;POLR2E;KPNB1;RPL7A;RPS2;HSPA1A;POLR2C;POLR2B;RPL22;POM121C;RPS3;RPL23;BLOC1S6;KPNA3;NUP50;CLTA;RPL13A;RPL35;RPL41;RPL30;POLR2F;RPS11;GRSF1;RPL26;NUP133;RPL32;RPS17;NUP35;KPNA2;RPL22L1,Non-classical monocytes
prerank,Reactome_2022__Interleukin-1 Family Signaling R-HSA-446652,0.7285082430045356,1.4914495202527756,0.001,0.10670814790760945,0.885,62/152,6.87%,PSMA7;PSMA4;PSME1;NFKB1;PSME2;PTPN2;PSMB6;PSMB4;FBXW11;PSMC3;CASP1;RIPK2;SQSTM1;PSMB1;PSMA1;SKP1;PSMB3;NFKBIA;PSMA2;TANK;MYD88;PSMB8;PSMC6;PSMD9;MAP2K4;NOD1;PSMB9;UBC;UBB;PSMB2;AGER;UBA52;MAP3K3;RBX1;TAB2;SMAD3;RPS27A;PSMC4;STAT3;PELI1;IKBKB;PTPN18;PSME4;PTPN9;IL1RN;PELI3;MAP2K6;MAP3K7;CASP8;NOD2;IL1RAP;PSMB7;PSMD14;UBE2V1;PSMD4;TBK1;PSMC5;PSMD7;ALPK1;TAB3;PTPN23;PSMA5,Non-classical monocytes
prerank,Reactome_2022__DNA Replication Pre-Initiation R-HSA-69002,0.7579926749204758,1.4906327881379111,0.005201560468140442,0.10626764845472493,0.888,52/98,10.55%,PSMA7;PSMA4;PSME1;PSME2;PSMB6;PSMB4;PSMC3;PSMB1;PSMA1;PSMB3;UBE2E1;PSMA2;PSMB8;ANAPC11;ANAPC4;POLE3;PSMC6;PSMD9;PSMB9;ANAPC5;UBC;UBB;PSMB2;UBA52;MCM7;RPS27A;CDC27;PSMC4;ORC5;POLE4;RPA3;KPNB1;PSMB7;CDC26;PSMD14;PSMD4;PSMC5;PSMD7;PSMA5;ORC4;UBE2D1;RPA4;CDC16;POLA1;PSMC1;PSMA6;MCM4;DBF4;POLA2;ORC6;GMNN;SEM1,Non-classical monocytes
prerank,Reactome_2022__Regulation Of RUNX2 Expression And Activity R-HSA-8939902,0.780476254595591,1.4897466951566423,0.004166666666666667,0.10629415339205867,0.891,32/72,6.24%,STAT1;PSMA7;PSMA4;PSME1;PSME2;PSMB6;PSMB4;PSMC3;PSMB1;PSMA1;SKP1;PSMB3;PSMA2;PSMB8;NR3C1;PSMC6;PSMD9;PSMB9;UBC;UBB;PSMB2;UBA52;RBX1;RPS27A;PSMC4;PSME4;PPARGC1B;PSMB7;PSMD14;PSMD4;PSMC5;PSMD7,Non-classical monocytes
prerank,Reactome_2022__Role Of GTSE1 In G2/M Progression After G2 Checkpoint R-HSA-8852276,0.8027614601847487,1.4887553522227375,0.004285714285714286,0.10653962029404833,0.896,30/59,6.87%,PSMA7;PSMA4;PSME1;PSME2;PSMB6;PSMB4;PSMC3;PSMB1;CDKN1A;PSMA1;PSMB3;PSMA2;PSMB8;PSMC6;PSMD9;PSMB9;UBC;UBB;PSMB2;UBA52;RPS27A;PSMC4;HSP90AA1;PSME4;PSMB7;PSMD14;PSMD4;PSMC5;PSMD7;PSMA5,Non-classical monocytes
prerank,Reactome_2022__Cap-dependent Translation Initiation R-HSA-72737,0.7403324618926914,1.4886719210639998,0.006361323155216285,0.10461838102194766,0.897,78/116,8.70%,RPS9;RPLP1;EIF3G;RPS12;RPS4X;RPL36;RPL27A;RPL36AL;RPL35A;FAU;RPL28;RPS29;RPL37A;RPL36A;RPS21;RPL14;RPS25;RPL18A;RPS24;RPS5;RPL37;RPS28;RPS15;RPL23A;RPSA;RPS13;RPL38;EIF4EBP1;RPL15;EIF4A1;RPL6;RPS27;RPS19;EIF1AX;EIF5;RPL12;EIF4H;RPLP2;UBA52;RPL3;RPL34;RPS7;EIF3F;RPS27A;RPL18;RPL11;RPL29;RPS16;EIF3I;RPL26L1;EIF2B1;EIF3J;EIF2B2;RPL9;RPL10A;MRPL13;RPS8;RPS27L;RPL8;RPL21;RPL7A;RPS2;EIF2B3;EIF3B;RPL22;RPS3;RPL23;EIF3D;RPL13A;RPL35;RPL41;RPL30;EIF3K;EIF3M;RPS11;EIF2S3;RPL26;RPL32,Non-classical monocytes
prerank,Reactome_2022__Cyclin A:Cdk2-associated Events At S Phase Entry R-HSA-69656,0.7612193574840869,1.4886254814657864,0.005277044854881266,0.10274752892674949,0.897,40/84,9.21%,PSMA7;PSMA4;PSME1;PSME2;PSMB6;PSMB4;PSMC3;PSMB1;CDKN1A;PSMA1;SKP1;PSMB3;PSMA2;PSMB8;PSMC6;PSMD9;PSMB9;UBC;RB1;UBB;PSMB2;UBA52;RPS27A;PSMC4;CKS1B;E2F4;CDC25B;AKT2;PSMB7;PSMD14;PSMD4;PSMC5;PSMD7;LIN37;PSMA5;CCNH;RBBP4;LIN52;PSMC1;PSMA6,Non-classical monocytes
prerank,Reactome_2022__Degradation Of GLI1 By Proteasome R-HSA-5610780,0.8066646810166105,1.4876616403533922,0.004291845493562232,0.10295376643964942,0.901,33/59,6.87%,PSMA7;PSMA4;PSME1;PSME2;PSMB6;PSMB4;PSMC3;PSMB1;PSMA1;SKP1;PSMB3;PSMA2;PSMB8;PSMC6;PSMD9;PSMB9;UBC;UBB;PSMB2;UBA52;RBX1;NUMB;RPS27A;PSMC4;PRKCA;PSME4;PSMB7;PSMD14;PSMD4;PSMC5;PSMD7;SUFU;PSMA5,Non-classical monocytes
prerank,Reactome_2022__Influenza Viral RNA Transcription And Replication R-HSA-168273,0.7327309162022366,1.4867908853676441,0.0037128712871287127,0.10312972950123317,0.906,86/137,9.13%,RPS9;RPLP1;POLR2J;NUP214;RPS12;RPS4X;RPL36;RPL27A;RPL36AL;RPL35A;FAU;RPL28;RPS29;RPL37A;RPL36A;RPS21;POLR2L;RPL14;RPS25;RPL18A;RPS24;RPS5;RPL37;POLR2K;RPS28;RPS15;RPL23A;RPSA;RPS13;RPL38;RPL15;POLR2A;RPL6;RPS27;GTF2F2;RPS19;RPL12;RPLP2;UBA52;RPL3;RPL34;RPS7;RANBP2;RPS27A;RPL18;SEC13;RPL11;RPL29;RPS16;RPL26L1;HSP90AA1;POLR2G;IPO5;RPL9;RPL10A;AAAS;MRPL13;POLR2D;RPS8;RPS27L;RPL8;RPL21;POLR2E;RPL7A;RPS2;POLR2C;POLR2B;RPL22;POM121C;RPS3;RPL23;BLOC1S6;NUP50;RPL13A;RPL35;RPL41;RPL30;POLR2F;RPS11;GRSF1;RPL26;NUP133;RPL32;RPS17;NUP35;RPL22L1,Non-classical monocytes
prerank,Reactome_2022__GSK3B And BTRC:CUL1-mediated-degradation Of NFE2L2 R-HSA-9762114,0.8105463453574054,1.4867339103814472,0.004366812227074236,0.10136576581441743,0.906,30/51,6.87%,PSMA7;PSMA4;PSME1;PSME2;PSMB6;PSMB4;PSMC3;PSMB1;PSMA1;SKP1;PSMB3;PSMA2;PSMB8;PSMC6;PSMD9;PSMB9;UBC;UBB;PSMB2;UBA52;RBX1;RPS27A;PSMC4;NFE2L2;PSMB7;PSMD14;PSMD4;PSMC5;PSMD7;PSMA5,Non-classical monocytes
prerank,Reactome_2022__Eukaryotic Translation Elongation R-HSA-156842,0.7571414264850904,1.486322362285997,0.005333333333333333,0.1005815598396575,0.908,57/90,6.45%,RPS9;RPLP1;RPS12;RPS4X;EEF1B2;RPL36;RPL27A;RPL36AL;EEF1D;RPL35A;FAU;RPL28;RPS29;RPL37A;RPL36A;RPS21;RPL14;RPS25;RPL18A;RPS24;RPS5;RPL37;RPS28;RPS15;RPL23A;RPSA;RPS13;RPL38;RPL15;RPL6;RPS27;RPS19;RPL12;RPLP2;UBA52;RPL3;RPL34;RPS7;RPS27A;RPL18;RPL11;RPL29;RPS16;RPL26L1;RPL9;RPL10A;MRPL13;RPS8;RPS27L;RPL8;RPL21;RPL7A;RPS2;RPL22;RPS3;RPL23;EEF1G,Non-classical monocytes
prerank,Reactome_2022__Vif-mediated Degradation Of APOBEC3G R-HSA-180585,0.8074516699697715,1.48612059664986,0.011544011544011544,0.09928875348450594,0.908,30/53,6.87%,PSMA7;PSMA4;PSME1;PSME2;PSMB6;PSMB4;PSMC3;ELOB;PSMB1;PSMA1;PSMB3;PSMA2;PSMB8;PSMC6;PSMD9;PSMB9;UBC;UBB;PSMB2;UBA52;RBX1;RPS27A;PSMC4;PSME4;PSMB7;PSMD14;PSMD4;PSMC5;PSMD7;PSMA5,Non-classical monocytes
prerank,Reactome_2022__Cyclin E Associated Events During G1/S Transition R-HSA-69202,0.7601666198769012,1.4854355333330682,0.0066050198150594455,0.09909427264614723,0.909,39/82,9.21%,PSMA7;PSMA4;PSME1;PSME2;PSMB6;PSMB4;PSMC3;PSMB1;CDKN1A;PSMA1;SKP1;PSMB3;PSMA2;PSMB8;PSMC6;PSMD9;PSMB9;UBC;RB1;UBB;PSMB2;UBA52;RPS27A;PSMC4;CKS1B;E2F4;AKT2;PSMB7;PSMD14;PSMD4;PSMC5;PSMD7;LIN37;PSMA5;CCNH;RBBP4;LIN52;PSMC1;PSMA6,Non-classical monocytes
prerank,Reactome_2022__SCF-beta-TrCP Mediated Degradation Of Emi1 R-HSA-174113,0.8089234198169912,1.484776020454283,0.002890173410404624,0.09884423122543083,0.91,29/54,6.87%,PSMA7;PSMA4;PSME1;PSME2;PSMB6;PSMB4;PSMC3;PSMB1;PSMA1;SKP1;PSMB3;PSMA2;PSMB8;PSMC6;PSMD9;PSMB9;UBC;UBB;PSMB2;UBA52;RPS27A;PSMC4;PSME4;PSMB7;PSMD14;PSMD4;PSMC5;PSMD7;PSMA5,Non-classical monocytes
prerank,Reactome_2022__TNFR2 Non-Canonical NF-kB Pathway R-HSA-5668541,0.7547149689754885,1.4843947959009176,0.006702412868632708,0.0979098621564166,0.911,37/100,7.28%,PSMA7;PSMA4;PSME1;PSME2;PSMB6;PSMB4;LTBR;FBXW11;PSMC3;PSMB1;PSMA1;SKP1;PSMB3;BIRC3;PSMA2;TANK;PSMB8;PSMC6;PSMD9;PSMB9;TNFSF13;UBC;UBB;PSMB2;UBA52;RPS27A;PSMC4;TNFSF13B;PSME4;PSMB7;PSMD14;PSMD4;PSMC5;PSMD7;PSMA5;TNF;LTB,Non-classical monocytes
prerank,Reactome_2022__Ubiquitin Mediated Degradation Of Phosphorylated Cdc25A R-HSA-69601,0.8097793918294816,1.4837041095688581,0.0057553956834532375,0.0977275122770397,0.913,28/51,6.87%,PSMA7;PSMA4;PSME1;PSME2;PSMB6;PSMB4;PSMC3;PSMB1;PSMA1;PSMB3;PSMA2;PSMB8;PSMC6;PSMD9;PSMB9;UBC;UBB;PSMB2;UBA52;RPS27A;PSMC4;PSME4;PSMB7;PSMD14;PSMD4;PSMC5;PSMD7;PSMA5,Non-classical monocytes
prerank,Reactome_2022__Autodegradation Of Cdh1 By Cdh1:APC/C R-HSA-174084,0.7902101442548152,1.482688257327892,0.006954102920723227,0.0983396545520128,0.918,33/63,6.87%,PSMA7;PSMA4;PSME1;PSME2;PSMB6;PSMB4;PSMC3;PSMB1;PSMA1;PSMB3;UBE2E1;PSMA2;PSMB8;ANAPC11;ANAPC4;PSMC6;PSMD9;PSMB9;ANAPC5;UBC;UBB;PSMB2;UBA52;RPS27A;CDC27;PSMC4;PSMB7;CDC26;PSMD14;PSMD4;PSMC5;PSMD7;PSMA5,Non-classical monocytes
prerank,Reactome_2022__KEAP1-NFE2L2 Pathway R-HSA-9755511,0.7519795981524656,1.4825084668621933,0.004010695187165776,0.09728316763812551,0.918,42/100,6.24%,PSMA7;PSMA4;PSME1;PSME2;PSMB6;PRDX1;PSMB4;MAP1LC3B;PSMC3;SQSTM1;PSMB1;HMOX1;PSMA1;SKP1;PSMB3;PSMA2;CREBBP;PSMB8;PSMC6;PSMD9;TRIM21;TALDO1;PSMB9;UBC;UBB;PSMB2;UFD1;UBA52;RBX1;RPS27A;PSMC4;NFE2L2;UBXN7;SESN1;PSME4;AKT2;PSMB7;PSMD14;MAFG;PSMD4;PSMC5;PSMD7,Non-classical monocytes
prerank,Reactome_2022__Assembly Of Pre-Replicative Complex R-HSA-68867,0.7674729366960312,1.4824620890176938,0.006657789613848202,0.0958777130198992,0.918,39/81,7.97%,PSMA7;PSMA4;PSME1;PSME2;PSMB6;PSMB4;PSMC3;PSMB1;PSMA1;PSMB3;UBE2E1;PSMA2;PSMB8;ANAPC11;ANAPC4;PSMC6;PSMD9;PSMB9;ANAPC5;UBC;UBB;PSMB2;UBA52;MCM7;RPS27A;CDC27;PSMC4;ORC5;KPNB1;PSMB7;CDC26;PSMD14;PSMD4;PSMC5;PSMD7;PSMA5;ORC4;UBE2D1;CDC16,Non-classical monocytes
prerank,Reactome_2022__Eukaryotic Translation Termination R-HSA-72764,0.7546453262833274,1.4815568316204606,0.006693440428380187,0.09635842383356931,0.922,56/90,6.21%,RPS9;RPLP1;RPS12;RPS4X;RPL36;RPL27A;RPL36AL;RPL35A;FAU;RPL28;RPS29;RPL37A;RPL36A;RPS21;RPL14;RPS25;RPL18A;TRMT112;RPS24;RPS5;RPL37;RPS28;RPS15;RPL23A;RPSA;RPS13;RPL38;RPL15;RPL6;RPS27;RPS19;RPL12;RPLP2;UBA52;RPL3;RPL34;RPS7;RPS27A;RPL18;RPL11;RPL29;RPS16;RPL26L1;RPL9;RPL10A;MRPL13;RPS8;RPS27L;RPL8;RPL21;RPL7A;APEH;RPS2;RPL22;RPS3;RPL23,Non-classical monocytes
prerank,Reactome_2022__Selenoamino Acid Metabolism R-HSA-2408522,0.7419498648514337,1.4797535592695923,0.00639386189258312,0.09841732067854533,0.931,56/104,6.21%,RPS9;RPLP1;RPS12;RPS4X;RPL36;RPL27A;RPL36AL;RPL35A;FAU;RPL28;RPS29;RPL37A;RPL36A;PAPSS1;RPS21;RPL14;RPS25;RPL18A;RPS24;RPS5;RPL37;RPS28;RPS15;RPL23A;RPSA;RPS13;RPL38;RPL15;RPL6;RPS27;RPS19;RPL12;RPLP2;UBA52;RPL3;RPL34;AIMP2;RPS7;RPS27A;RPL18;RPL11;RPL29;RPS16;RPL26L1;RPL9;RPL10A;MRPL13;RPS8;RPS27L;RPL8;RPL21;RPL7A;RPS2;RPL22;RPS3;RPL23,Non-classical monocytes
prerank,Reactome_2022__APC/C-mediated Degradation Of Cell Cycle Proteins R-HSA-174143,0.7612568563663522,1.4796471276856034,0.003989361702127659,0.09714908900868659,0.931,35/87,6.24%,PSMA7;PSMA4;PSME1;PSME2;PSMB6;PSMB4;PSMC3;PSMB1;PSMA1;SKP1;PSMB3;UBE2E1;PSMA2;PSMB8;ANAPC11;ANAPC4;PSMC6;PSMD9;PSMB9;ANAPC5;UBC;RB1;UBB;PSMB2;UBA52;RPS27A;CDC27;PSMC4;PSME4;PSMB7;CDC26;PSMD14;PSMD4;PSMC5;PSMD7,Non-classical monocytes
prerank,Reactome_2022__Asymmetric Localization Of PCP Proteins R-HSA-4608870,0.7876074974647777,1.4796105432332054,0.008403361344537815,0.09577435293555621,0.931,28/62,6.87%,PSMA7;PSMA4;PSME1;PSME2;PSMB6;PSMB4;PSMC3;PSMB1;PSMA1;PSMB3;PSMA2;PSMB8;PSMC6;PSMD9;PSMB9;UBC;UBB;PSMB2;UBA52;RPS27A;PSMC4;PSME4;PSMB7;PSMD14;PSMD4;PSMC5;PSMD7;PSMA5,Non-classical monocytes
prerank,Reactome_2022__Signaling By B Cell Receptor (BCR) R-HSA-983705,0.743228078994297,1.4782468490762286,0.006418485237483954,0.09707902162462916,0.935,45/108,6.24%,PSMA7;PPIA;PSMA4;PSME1;NFKB1;PSME2;PSMB6;PSMB4;FBXW11;PSMC3;ITPR2;FYN;PSMB1;REL;PSMA1;SKP1;PSMB3;NFKBIA;PSMA2;FKBP1A;PPP3CA;PSMB8;GRB2;PSMC6;PSMD9;PSMB9;LYN;UBC;UBB;PSMB2;STIM1;UBA52;RPS27A;SOS1;PSMC4;IKBKB;PSME4;MAP3K7;PSMB7;NRAS;PRKCB;PSMD14;PSMD4;PSMC5;PSMD7,Non-classical monocytes
prerank,Reactome_2022__Viral mRNA Translation R-HSA-192823,0.7485859837297797,1.4770643896864546,0.00655307994757536,0.09838133821816497,0.939,55/90,6.44%,RPS9;RPLP1;RPS12;RPS4X;RPL36;RPL27A;RPL36AL;RPL35A;FAU;RPL28;RPS29;RPL37A;RPL36A;RPS21;RPL14;RPS25;RPL18A;RPS24;RPS5;RPL37;RPS28;RPS15;RPL23A;RPSA;RPS13;RPL38;RPL15;RPL6;RPS27;RPS19;RPL12;RPLP2;UBA52;RPL3;RPL34;RPS7;RPS27A;RPL18;RPL11;RPL29;RPS16;RPL26L1;RPL9;RPL10A;MRPL13;RPS8;RPS27L;RPL8;RPL21;RPL7A;RPS2;RPL22;RPS3;RPL23;BLOC1S6,Non-classical monocytes
prerank,Reactome_2022__L13a-mediated Translational Silencing Of Ceruloplasmin Expression R-HSA-156827,0.7385386734596178,1.4768333837529444,0.007623888182973317,0.09746052112104137,0.94,73/108,8.70%,RPS9;RPLP1;EIF3G;RPS12;RPS4X;RPL36;RPL27A;RPL36AL;RPL35A;FAU;RPL28;RPS29;RPL37A;RPL36A;RPS21;RPL14;RPS25;RPL18A;RPS24;RPS5;RPL37;RPS28;RPS15;RPL23A;RPSA;RPS13;RPL38;RPL15;EIF4A1;RPL6;RPS27;RPS19;EIF1AX;RPL12;EIF4H;RPLP2;UBA52;RPL3;RPL34;RPS7;EIF3F;RPS27A;RPL18;RPL11;RPL29;RPS16;EIF3I;RPL26L1;EIF3J;RPL9;RPL10A;MRPL13;RPS8;RPS27L;RPL8;RPL21;RPL7A;RPS2;EIF3B;RPL22;RPS3;RPL23;EIF3D;RPL13A;RPL35;RPL41;RPL30;EIF3K;EIF3M;RPS11;EIF2S3;RPL26;RPL32,Non-classical monocytes
prerank,Reactome_2022__Iron Uptake And Transport R-HSA-917937,0.7857093725604027,1.4748650882759284,0.016260162601626018,0.100639766760861,0.948,25/59,9.08%,ATP6V0B;FTL;NEDD8;ATP6V1F;HMOX1;SKP1;ATP6V0E1;ATP6AP1;FTH1;ATP6V1G1;MCOLN1;UBC;UBB;IREB2;UBA52;RPS27A;ATP6V1E1;ATP6V1A;ATP6V0A1;ATP6V1C1;TFRC;FBXL5;ATP6V0A2;ATP6V0D1;HFE,Non-classical monocytes
prerank,Reactome_2022__Vpu Mediated Degradation Of CD4 R-HSA-180534,0.8151920289944786,1.4743859497705658,0.004431314623338257,0.10044999625063587,0.948,30/51,6.87%,PSMA7;PSMA4;PSME1;PSME2;PSMB6;PSMB4;PSMC3;PSMB1;PSMA1;SKP1;PSMB3;PSMA2;PSMB8;PSMC6;PSMD9;PSMB9;CD4;UBC;UBB;PSMB2;UBA52;RPS27A;PSMC4;PSME4;PSMB7;PSMD14;PSMD4;PSMC5;PSMD7;PSMA5,Non-classical monocytes
prerank,Reactome_2022__Formation Of ATP By Chemiosmotic Coupling R-HSA-163210,0.958641543432006,1.4738080642535072,0.001,0.10024883649277799,0.952,11/16,1.11%,ATP5F1D;ATP5MF;ATP5F1E;ATP5MC3;ATP5PD;ATP5F1B;ATP5PF;ATP5MC2;ATP5PO;ATP5MC1;ATP5MG,Non-classical monocytes
prerank,Reactome_2022__RUNX1 Regulates Transcription Of Genes Involved In Differentiation Of HSCs R-HSA-8939236,0.7743237074129097,1.4737442969189574,0.005594405594405594,0.09902627090509981,0.952,34/69,7.53%,PSMA7;PSMA4;PSME1;PSME2;PSMB6;PSMB4;PSMC3;PSMB1;PSMA1;PSMB3;PSMA2;PSMB8;SPI1;PSMC6;PSMD9;KMT2A;PSMB9;UBC;UBB;PSMB2;UBA52;RPS27A;PSMC4;RUNX1;PSME4;PSMB7;PSMD14;PSMD4;PSMC5;PSMD7;ABL1;PSMA5;CCNH;LMO2,Non-classical monocytes
prerank,Reactome_2022__G1/S Transition R-HSA-69206,0.7269499375462501,1.4723082285585702,0.006242197253433208,0.1006504890884511,0.955,59/129,10.55%,PSMA7;PSMA4;PSME1;PSME2;PSMB6;PSMB4;PSMC3;PSMB1;CDKN1A;PSMA1;SKP1;PSMB3;PSMA2;PSMB8;POLE3;PSMC6;PSMD9;PSMB9;UBC;RB1;UBB;PSMB2;UBA52;MCM7;RPS27A;PSMC4;PPP2CB;PPP2CA;DHFR;CKS1B;E2F4;ORC5;POLE4;RPA3;PCNA;AKT2;PSMB7;PSMD14;PSMD4;PSMC5;PSMD7;LIN37;PSMA5;ORC4;CCNH;RPA4;POLA1;RBBP4;LIN52;PSMC1;PSMA6;CCNB1;MCM4;DBF4;CDK4;POLA2;ORC6;GMNN;SEM1,Non-classical monocytes
prerank,Reactome_2022__Nuclear Events Mediated By NFE2L2 R-HSA-9759194,0.7620076917265436,1.471352661644556,0.009589041095890411,0.10131179212384693,0.957,35/78,6.24%,PSMA7;PSMA4;PSME1;PSME2;PSMB6;PRDX1;PSMB4;PSMC3;SQSTM1;PSMB1;HMOX1;PSMA1;SKP1;PSMB3;PSMA2;CREBBP;PSMB8;PSMC6;PSMD9;TALDO1;PSMB9;UBC;UBB;PSMB2;UBA52;RBX1;RPS27A;PSMC4;NFE2L2;PSMB7;PSMD14;MAFG;PSMD4;PSMC5;PSMD7,Non-classical monocytes
prerank,Reactome_2022__Ubiquitin-dependent Degradation Of Cyclin D R-HSA-75815,0.802155528718905,1.4686508417617372,0.008683068017366137,0.10607763643791157,0.964,28/51,6.87%,PSMA7;PSMA4;PSME1;PSME2;PSMB6;PSMB4;PSMC3;PSMB1;PSMA1;PSMB3;PSMA2;PSMB8;PSMC6;PSMD9;PSMB9;UBC;UBB;PSMB2;UBA52;RPS27A;PSMC4;PSME4;PSMB7;PSMD14;PSMD4;PSMC5;PSMD7;PSMA5,Non-classical monocytes
prerank,Reactome_2022__Phase 4 - Resting Membrane Potential R-HSA-5576886,-0.8615229739640218,-1.4686475279596083,0.02406417112299465,1.0,0.996,1/19,0.93%,KCNJ2,Non-classical monocytes
prerank,Reactome_2022__Peptide Chain Elongation R-HSA-156902,0.7485503814545179,1.4682793794313538,0.006622516556291391,0.10533831785598448,0.964,54/86,6.21%,RPS9;RPLP1;RPS12;RPS4X;RPL36;RPL27A;RPL36AL;RPL35A;FAU;RPL28;RPS29;RPL37A;RPL36A;RPS21;RPL14;RPS25;RPL18A;RPS24;RPS5;RPL37;RPS28;RPS15;RPL23A;RPSA;RPS13;RPL38;RPL15;RPL6;RPS27;RPS19;RPL12;RPLP2;UBA52;RPL3;RPL34;RPS7;RPS27A;RPL18;RPL11;RPL29;RPS16;RPL26L1;RPL9;RPL10A;MRPL13;RPS8;RPS27L;RPL8;RPL21;RPL7A;RPS2;RPL22;RPS3;RPL23,Non-classical monocytes
prerank,Reactome_2022__Selenocysteine Synthesis R-HSA-2408557,0.7481038745173352,1.468145510418619,0.00788436268068331,0.10428133726865531,0.964,54/89,6.21%,RPS9;RPLP1;RPS12;RPS4X;RPL36;RPL27A;RPL36AL;RPL35A;FAU;RPL28;RPS29;RPL37A;RPL36A;RPS21;RPL14;RPS25;RPL18A;RPS24;RPS5;RPL37;RPS28;RPS15;RPL23A;RPSA;RPS13;RPL38;RPL15;RPL6;RPS27;RPS19;RPL12;RPLP2;UBA52;RPL3;RPL34;RPS7;RPS27A;RPL18;RPL11;RPL29;RPS16;RPL26L1;RPL9;RPL10A;MRPL13;RPS8;RPS27L;RPL8;RPL21;RPL7A;RPS2;RPL22;RPS3;RPL23,Non-classical monocytes
prerank,Reactome_2022__Defective CFTR Causes Cystic Fibrosis R-HSA-5678895,0.7837431027517189,1.465867361822487,0.012693935119887164,0.10776256926665291,0.968,30/60,6.87%,PSMA7;PSMA4;PSME1;PSME2;PSMB6;PSMB4;PSMC3;PSMB1;PSMA1;PSMB3;PSMA2;PSMB8;PSMC6;PSMD9;PSMB9;UBC;UBB;PSMB2;UBA52;RPS27A;PSMC4;RNF185;ERLIN2;PSME4;PSMB7;PSMD14;PSMD4;PSMC5;PSMD7;PSMA5,Non-classical monocytes
prerank,Reactome_2022__Regulation Of Activated PAK-2p34 By Proteasome Mediated Degradation R-HSA-211733,0.8089515849002119,1.4654236795977442,0.01020408163265306,0.1075365770829739,0.969,28/49,6.87%,PSMA7;PSMA4;PSME1;PSME2;PSMB6;PSMB4;PSMC3;PSMB1;PSMA1;PSMB3;PSMA2;PSMB8;PSMC6;PSMD9;PSMB9;UBC;UBB;PSMB2;UBA52;RPS27A;PSMC4;PSME4;PSMB7;PSMD14;PSMD4;PSMC5;PSMD7;PSMA5,Non-classical monocytes
prerank,Reactome_2022__Hh Mutants Abrogate Ligand Secretion R-HSA-5387390,0.7875269820053001,1.462265471783669,0.014245014245014245,0.11314794322574925,0.973,29/58,6.87%,PSMA7;PSMA4;PSME1;PSME2;PSMB6;PSMB4;PSMC3;PSMB1;PSMA1;PSMB3;PSMA2;PSMB8;PSMC6;PSMD9;PSMB9;UBC;UBB;PSMB2;UBA52;SYVN1;RPS27A;PSMC4;PSME4;PSMB7;PSMD14;PSMD4;PSMC5;PSMD7;PSMA5,Non-classical monocytes
prerank,Reactome_2022__Regulation Of Apoptosis R-HSA-169911,0.7978202238543497,1.4610254239615903,0.007112375533428165,0.11456577265879969,0.976,28/52,6.87%,PSMA7;PSMA4;PSME1;PSME2;PSMB6;PSMB4;PSMC3;PSMB1;PSMA1;PSMB3;PSMA2;PSMB8;PSMC6;PSMD9;PSMB9;UBC;UBB;PSMB2;UBA52;RPS27A;PSMC4;PSME4;PSMB7;PSMD14;PSMD4;PSMC5;PSMD7;PSMA5,Non-classical monocytes
prerank,Reactome_2022__Mitotic G1 Phase And G1/S Transition R-HSA-453279,0.7129559264817372,1.4600102894563094,0.0036496350364963502,0.11570577233025305,0.977,68/147,10.76%,PSMA7;PSMA4;PSME1;PSME2;PSMB6;PSMB4;PSMC3;PSMB1;CDKN1A;PSMA1;SKP1;PSMB3;PSMA2;PSMB8;POLE3;PSMC6;PSMD9;PSMB9;LYN;UBC;RB1;UBB;PSMB2;UBA52;MCM7;RPS27A;PSMC4;PPP2CB;PPP2CA;DHFR;CKS1B;E2F4;ORC5;POLE4;PPP2R2A;RPA3;SRC;PCNA;AKT2;PSMB7;PSMD14;PSMD4;PSMC5;PSMD7;LIN37;JAK2;ABL1;PSMA5;ORC4;CDKN1C;DYRK1A;CCNH;RPA4;POLA1;RBBP4;LIN52;CDKN2B;PSMC1;PSMA6;CCNB1;MCM4;DBF4;CDK4;POLA2;ORC6;GMNN;SEM1;E2F3,Non-classical monocytes
prerank,Reactome_2022__Dectin-1 Mediated Noncanonical NF-kB Signaling R-HSA-5607761,0.7747345315104897,1.45990488191685,0.008534850640113799,0.11481518254791005,0.977,30/61,6.87%,PSMA7;PSMA4;PSME1;PSME2;PSMB6;PSMB4;FBXW11;PSMC3;PSMB1;PSMA1;SKP1;PSMB3;PSMA2;PSMB8;PSMC6;PSMD9;PSMB9;UBC;UBB;PSMB2;UBA52;RPS27A;PSMC4;PSME4;PSMB7;PSMD14;PSMD4;PSMC5;PSMD7;PSMA5,Non-classical monocytes
prerank,Reactome_2022__Hh Mutants Are Degraded By ERAD R-HSA-5362768,0.7889644314103696,1.459365912537052,0.01878612716763006,0.11474591304424844,0.978,29/55,6.87%,PSMA7;PSMA4;PSME1;PSME2;PSMB6;PSMB4;PSMC3;PSMB1;PSMA1;PSMB3;PSMA2;PSMB8;PSMC6;PSMD9;PSMB9;UBC;UBB;PSMB2;UBA52;SYVN1;RPS27A;PSMC4;PSME4;PSMB7;PSMD14;PSMD4;PSMC5;PSMD7;PSMA5,Non-classical monocytes
prerank,Reactome_2022__Defective GALNT3 Causes HFTC R-HSA-5083625,-0.855385359204591,-1.4592657488413803,0.03664921465968586,1.0,0.998,1/17,1.28%,GALNT3,Non-classical monocytes
prerank,Reactome_2022__rRNA Processing In Nucleus And Cytosol R-HSA-8868773,0.6963933199756762,1.4588666595566817,0.0057273768613974796,0.1145115343913146,0.978,99/189,9.19%,RPS9;RPLP1;RPS12;RPS4X;RPL36;RPL27A;RPL36AL;RPL35A;FAU;RPL28;RPS29;RPL37A;RPL36A;C1D;RPS21;NOP10;RPL14;RPS25;RPL18A;TRMT112;RPS24;RPS5;RPL37;RPS28;RPS15;RPL23A;RPSA;RPS13;RPL38;RPP21;RPL15;SNU13;DNAJC5;IMP4;RPL6;RPS27;RPS19;RPL12;RPLP2;UBA52;RPL3;RPL34;RPS7;RPS27A;RPL18;BMS1;RPL11;KRR1;RPL29;RPS16;TEX10;RPL26L1;RPL9;NOC4L;NOB1;EXOSC10;RPL10A;NOL12;MRPL13;NOP2;RPS8;RPS27L;MPHOSPH6;RPL8;RPL21;RIOK3;UTP11;RRP7A;RPL7A;WDR75;NHP2;UTP4;RPS2;RPL22;EXOSC1;RPS3;PES1;RPL23;RRP9;WDR18;WDR3;NOL6;RPL13A;RPL35;UTP18;RPL41;RPL30;EXOSC9;RCL1;DDX56;DIMT1;RPS11;RPL26;ERI1;RPL32;RPS17;UTP3;RPL22L1;EXOSC3,Non-classical monocytes
prerank,Reactome_2022__Response Of EIF2AK4 (GCN2) To Amino Acid Deficiency R-HSA-9633012,0.7333025361380011,1.4576016376880412,0.00904392764857881,0.11632882106143283,0.979,55/98,6.21%,RPS9;RPLP1;RPS12;RPS4X;RPL36;RPL27A;RPL36AL;RPL35A;FAU;RPL28;RPS29;RPL37A;RPL36A;RPS21;RPL14;RPS25;RPL18A;RPS24;RPS5;RPL37;RPS28;RPS15;RPL23A;RPSA;RPS13;RPL38;RPL15;RPL6;RPS27;RPS19;RPL12;RPLP2;UBA52;RPL3;RPL34;RPS7;RPS27A;RPL18;RPL11;RPL29;RPS16;RPL26L1;RPL9;RPL10A;CEBPB;MRPL13;RPS8;RPS27L;RPL8;RPL21;RPL7A;RPS2;RPL22;RPS3;RPL23,Non-classical monocytes
prerank,Reactome_2022__Cellular Response To Starvation R-HSA-9711097,0.7023997152718389,1.4569179550748927,0.0036363636363636364,0.116530256249418,0.98,85/152,9.13%,RPS9;RPLP1;ATP6V0B;RPS12;RPS4X;RPL36;RPL27A;RPL36AL;RPL35A;FAU;RPL28;RPS29;RPL37A;RPL36A;RPS21;ATP6V1F;RPL14;RPS25;RPL18A;ATP6V0E1;RPS24;RPS5;RPL37;RPS28;RPS15;RPL23A;RPSA;RPS13;RPL38;RPL15;ATP6V1G1;LAMTOR4;RPL6;RPS27;RPS19;RPL12;RPLP2;UBA52;RPL3;RPL34;RPS7;RPS27A;RPL18;SEC13;RPL11;RPL29;RPS16;SESN1;RPL26L1;DEPDC5;LAMTOR5;RPL9;RPL10A;CEBPB;ATP6V1E1;MRPL13;RPS8;RPS27L;RPL8;RPL21;RPL7A;RPS2;ATP6V1A;ATP6V1C1;RPL22;FNIP2;RPS3;RPL23;RRAGD;WDR59;RPL13A;RPL35;RPL41;RPL30;FLCN;RPS11;EIF2S3;SZT2;RPTOR;RPL26;ATP6V0D1;RPL32;RPS17;KPTN;RPL22L1,Non-classical monocytes
prerank,Reactome_2022__Nonsense Mediated Decay (NMD) Enhanced By Exon Junction Complex (EJC) R-HSA-975957,0.7226671172752099,1.4531418587799838,0.00516795865633075,0.1249075754472456,0.985,63/112,6.21%,RPS9;RPLP1;RPS12;RPS4X;EIF4A3;RPL36;RPL27A;RPL36AL;RPL35A;FAU;RPL28;RPS29;RPL37A;RPL36A;RPS21;RPL14;SMG1;RPS25;RPL18A;RPS24;RPS5;RPL37;RPS28;RPS15;RPL23A;RPSA;RPS13;RPL38;RPL15;RPL6;RPS27;RPS19;RPL12;UPF3A;RPLP2;UBA52;RPL3;RNPS1;RPL34;RPS7;RPS27A;RPL18;RPL11;RPL29;RPS16;PPP2CA;RPL26L1;RBM8A;NCBP1;RPL9;RPL10A;PPP2R2A;MRPL13;RPS8;RPS27L;RPL8;RPL21;RPL7A;MAGOHB;RPS2;RPL22;RPS3;RPL23,Non-classical monocytes
prerank,Reactome_2022__Nonsense Mediated Decay (NMD) Independent Of Exon Junction Complex (EJC) R-HSA-975956,0.7390758470410829,1.4526600091929152,0.012,0.12482537520484364,0.986,55/92,6.21%,RPS9;RPLP1;RPS12;RPS4X;RPL36;RPL27A;RPL36AL;RPL35A;FAU;RPL28;RPS29;RPL37A;RPL36A;RPS21;RPL14;RPS25;RPL18A;RPS24;RPS5;RPL37;RPS28;RPS15;RPL23A;RPSA;RPS13;RPL38;RPL15;RPL6;RPS27;RPS19;RPL12;RPLP2;UBA52;RPL3;RPL34;RPS7;RPS27A;RPL18;RPL11;RPL29;RPS16;RPL26L1;NCBP1;RPL9;RPL10A;MRPL13;RPS8;RPS27L;RPL8;RPL21;RPL7A;RPS2;RPL22;RPS3;RPL23,Non-classical monocytes
prerank,Reactome_2022__Degradation Of AXIN R-HSA-4641257,0.793985838123043,1.449090636748148,0.01566951566951567,0.13259161121634658,0.991,28/54,6.87%,PSMA7;PSMA4;PSME1;PSME2;PSMB6;PSMB4;PSMC3;PSMB1;PSMA1;PSMB3;PSMA2;PSMB8;PSMC6;PSMD9;PSMB9;UBC;UBB;PSMB2;UBA52;RPS27A;PSMC4;PSME4;PSMB7;PSMD14;PSMD4;PSMC5;PSMD7;PSMA5,Non-classical monocytes
prerank,Reactome_2022__TP53 Regulates Transcription Of Genes Involved In Cytochrome C Release R-HSA-6803204,0.9044761599182648,1.448411262938771,0.004966887417218543,0.13291055078767683,0.991,6/20,1.29%,ATM;PRELID1;BAX;BID;BNIP3L;CREBBP,Non-classical monocytes
prerank,MSigDB_Hallmark_2020__Complement,0.6901426071420826,1.447784034639205,0.004672897196261682,0.09123634558093348,0.238,72/200,10.01%,C1QA;PLSCR1;SERPINA1;PLAUR;CTSC;FCN1;FCER1G;LAP3;ATOX1;PFN1;FYN;CDA;CASP1;PLEK;IRF1;C1QC;GNGT2;PIM1;GRB2;LCP2;GNB4;PSMB9;LYN;TIMP2;RHOG;SERPING1;SH2B3;CASP3;VCPIP1;PLA2G4A;PPP2CB;PIK3CA;GMFB;L3MBTL4;CTSS;GPD2;TNFAIP3;PRCP;CA2;ANXA5;CEBPB;SRC;FDX1;HSPA1A;LIPA;S100A13;STX4;PSEN1;CTSH;USP15;USP16;USP8;CASP10;MSRB1;JAK2;CTSB;GNAI3;PIK3R5;DOCK10;MAFF;CD46;APOBEC3G;IRF2;ADAM9;CLU;APOBEC3F;PPP4C;USP14;DGKG;TIMP1;ERAP2;CTSL,Non-classical monocytes
prerank,Reactome_2022__Hedgehog Off State R-HSA-5610787,0.7299936282542088,1.4474871962463525,0.011968085106382979,0.13399478342820453,0.993,37/98,7.37%,PSMA7;PSMA4;PSME1;PSME2;PSMB6;PSMB4;PSMC3;PSMB1;PSMA1;SKP1;PSMB3;PSMA2;PSMB8;PSMC6;PSMD9;PSMB9;UBC;UBB;PSMB2;UBA52;RBX1;NUMB;RPS27A;PSMC4;PRKCA;PSME4;PRKAR2A;PSMB7;PSMD14;TTC21B;PSMD4;PSMC5;PSMD7;GNAS;SUFU;PSMA5;PRKAR2B,Non-classical monocytes
prerank,Reactome_2022__UCH Proteinases R-HSA-5689603,0.7460690062736696,1.447161131823557,0.013140604467805518,0.13338843580298326,0.993,38/84,6.87%,PSMA7;PSMA4;PSME1;PSME2;NEDD8;PSMB6;PSMB4;PSMC3;PSMB1;PSMA1;PSMB3;PSMA2;PSMB8;PSMC6;PSMD9;PSMB9;FOXK1;UBC;UBB;PSMB2;UBA52;MBD6;RPS27A;PSMC4;TGFB1;ASXL1;PSME4;PSMB7;PSMD14;USP15;PSMD4;PSMC5;MCRS1;PSMD7;INO80;ASXL2;SMAD7;PSMA5,Non-classical monocytes
prerank,Reactome_2022__NIK To Noncanonical NF-kB Signaling R-HSA-5676590,0.7753490091570858,1.447140305487264,0.012968299711815562,0.13207630478157487,0.993,30/58,6.87%,PSMA7;PSMA4;PSME1;PSME2;PSMB6;PSMB4;FBXW11;PSMC3;PSMB1;PSMA1;SKP1;PSMB3;PSMA2;PSMB8;PSMC6;PSMD9;PSMB9;UBC;UBB;PSMB2;UBA52;RPS27A;PSMC4;PSME4;PSMB7;PSMD14;PSMD4;PSMC5;PSMD7;PSMA5,Non-classical monocytes
prerank,Reactome_2022__rRNA Processing R-HSA-72312,0.6908382558116929,1.4461086069960314,0.005720823798627002,0.13321069681145112,0.994,101/199,9.19%,RPS9;RPLP1;RPS12;RPS4X;RPL36;RPL27A;RPL36AL;RPL35A;FAU;RPL28;RPS29;RPL37A;RPL36A;C1D;RPS21;NOP10;RPL14;RPS25;RPL18A;TRMT112;RPS24;RPS5;RPL37;RPS28;RPS15;RPL23A;RPSA;RPS13;RPL38;RPP21;RPL15;SNU13;DNAJC5;TRMT10C;IMP4;RPL6;RPS27;RPS19;RPL12;RPLP2;UBA52;RPL3;RPL34;RPS7;RPS27A;RPL18;BMS1;RPL11;KRR1;RPL29;RPS16;TEX10;RPL26L1;RPL9;NOC4L;NOB1;EXOSC10;RPL10A;NOL12;MRPL13;NOP2;RPS8;RPS27L;MPHOSPH6;RPL8;RPL21;RIOK3;UTP11;RRP7A;RPL7A;WDR75;NHP2;UTP4;RPS2;RPL22;EXOSC1;RPS3;PES1;RPL23;TFB1M;RRP9;WDR18;WDR3;NOL6;RPL13A;RPL35;UTP18;RPL41;RPL30;EXOSC9;RCL1;DDX56;DIMT1;RPS11;RPL26;ERI1;RPL32;RPS17;UTP3;RPL22L1;EXOSC3,Non-classical monocytes
prerank,Reactome_2022__Hedgehog Ligand Biogenesis R-HSA-5358346,0.764461375317114,1.4460886415250918,0.024861878453038673,0.1319021749854347,0.994,29/64,6.87%,PSMA7;PSMA4;PSME1;PSME2;PSMB6;PSMB4;PSMC3;PSMB1;PSMA1;PSMB3;PSMA2;PSMB8;PSMC6;PSMD9;PSMB9;UBC;UBB;PSMB2;UBA52;SYVN1;RPS27A;PSMC4;PSME4;PSMB7;PSMD14;PSMD4;PSMC5;PSMD7;PSMA5,Non-classical monocytes
prerank,Reactome_2022__Regulation Of Ornithine Decarboxylase (ODC) R-HSA-350562,0.7929856633479495,1.4459028957491487,0.013353115727002967,0.1310843148271425,0.994,25/50,6.87%,PSMA7;PSMA4;PSME1;PSME2;PSMB6;PSMB4;OAZ2;PSMC3;PSMB1;PSMA1;PSMB3;PSMA2;PSMB8;PSMC6;PSMD9;PSMB9;PSMB2;PSMC4;PSME4;PSMB7;PSMD14;PSMD4;PSMC5;PSMD7;PSMA5,Non-classical monocytes
prerank,Reactome_2022__Metabolism Of Polyamines R-HSA-351202,0.7748768983305117,1.4430109872317556,0.01566951566951567,0.1370842151080618,0.995,25/58,6.87%,PSMA7;PSMA4;PSME1;PSME2;PSMB6;PSMB4;OAZ2;PSMC3;PSMB1;PSMA1;PSMB3;PSMA2;PSMB8;PSMC6;PSMD9;PSMB9;PSMB2;PSMC4;PSME4;PSMB7;PSMD14;PSMD4;PSMC5;PSMD7;PSMA5,Non-classical monocytes
prerank,Reactome_2022__Cross-presentation Of Soluble Exogenous Antigens (Endosomes) R-HSA-1236978,0.7960297569627472,1.4424873783030174,0.01483679525222552,0.13723822445170042,0.996,24/48,6.87%,PSMA7;PSMA4;PSME1;PSME2;PSMB6;PSMB4;PSMC3;PSMB1;PSMA1;PSMB3;PSMA2;PSMB8;PSMC6;PSMD9;PSMB9;PSMB2;PSMC4;PSME4;PSMB7;PSMD14;PSMD4;PSMC5;PSMD7;PSMA5,Non-classical monocytes
prerank,Reactome_2022__Creation Of C4 And C2 Activators R-HSA-166786,0.9748601748918184,1.4410601923857598,0.0049586776859504135,0.13925242991689904,0.996,4/13,1.25%,C1QA;FCN1;C1QB;C1QC,Non-classical monocytes
prerank,Reactome_2022__Major Pathway Of rRNA Processing In Nucleolus And Cytosol R-HSA-6791226,0.6925562575638549,1.4403101126871602,0.00585480093676815,0.13973522894190396,0.996,94/179,9.19%,RPS9;RPLP1;RPS12;RPS4X;RPL36;RPL27A;RPL36AL;RPL35A;FAU;RPL28;RPS29;RPL37A;RPL36A;C1D;RPS21;RPL14;RPS25;RPL18A;RPS24;RPS5;RPL37;RPS28;RPS15;RPL23A;RPSA;RPS13;RPL38;RPP21;RPL15;SNU13;DNAJC5;IMP4;RPL6;RPS27;RPS19;RPL12;RPLP2;UBA52;RPL3;RPL34;RPS7;RPS27A;RPL18;BMS1;RPL11;KRR1;RPL29;RPS16;TEX10;RPL26L1;RPL9;NOC4L;NOB1;EXOSC10;RPL10A;NOL12;MRPL13;RPS8;RPS27L;MPHOSPH6;RPL8;RPL21;RIOK3;UTP11;RRP7A;RPL7A;WDR75;UTP4;RPS2;RPL22;EXOSC1;RPS3;PES1;RPL23;RRP9;WDR18;WDR3;NOL6;RPL13A;RPL35;UTP18;RPL41;RPL30;EXOSC9;RCL1;DDX56;RPS11;RPL26;ERI1;RPL32;RPS17;UTP3;RPL22L1;EXOSC3,Non-classical monocytes
prerank,Reactome_2022__GLI3 Is Processed To GLI3R By Proteasome R-HSA-5610785,0.7791766969975112,1.4400700504425943,0.01300578034682081,0.13909125890789673,0.996,32/59,6.87%,PSMA7;PSMA4;PSME1;PSME2;PSMB6;PSMB4;PSMC3;PSMB1;PSMA1;SKP1;PSMB3;PSMA2;PSMB8;PSMC6;PSMD9;PSMB9;UBC;UBB;PSMB2;UBA52;RBX1;RPS27A;PSMC4;PRKCA;PSME4;PSMB7;PSMD14;PSMD4;PSMC5;PSMD7;SUFU;PSMA5,Non-classical monocytes
prerank,Reactome_2022__Transcriptional Regulation By RUNX3 R-HSA-8878159,0.7278172522543276,1.4394385483266101,0.011658031088082901,0.13954340587883038,0.996,38/94,6.24%,PSMA7;PSMA4;PSME1;PSME2;PSMB6;PSMB4;PSMC3;PSMB1;CDKN1A;PSMA1;PSMB3;PSMA2;CREBBP;CTNNB1;PSMB8;KAT2B;PSMC6;PSMD9;PSMB9;UBC;UBB;PSMB2;UBA52;SMAD3;RPS27A;PSMC4;TGFB1;RUNX1;SRC;ITGAL;PSMB7;ZFHX3;NRAS;PSMD14;RBPJ;PSMD4;PSMC5;PSMD7,Non-classical monocytes
prerank,Reactome_2022__Degradation Of GLI2 By Proteasome R-HSA-5610783,0.7791766969975112,1.4387410532765958,0.011510791366906475,0.1398385922569563,0.997,32/59,6.87%,PSMA7;PSMA4;PSME1;PSME2;PSMB6;PSMB4;PSMC3;PSMB1;PSMA1;SKP1;PSMB3;PSMA2;PSMB8;PSMC6;PSMD9;PSMB9;UBC;UBB;PSMB2;UBA52;RBX1;RPS27A;PSMC4;PRKCA;PSME4;PSMB7;PSMD14;PSMD4;PSMC5;PSMD7;SUFU;PSMA5,Non-classical monocytes
prerank,Reactome_2022__Regulation Of RAS By GAPs R-HSA-5658442,0.7627240001276858,1.4386984903954316,0.015536723163841809,0.13865697060136167,0.997,31/65,6.87%,PSMA7;PSMA4;PSME1;PSME2;PSMB6;PSMB4;PSMC3;PSMB1;PSMA1;PSMB3;PSMA2;PSMB8;PSMC6;PSMD9;PSMB9;UBC;UBB;PSMB2;UBA52;RBX1;RPS27A;NF1;PSMC4;PSME4;PSMB7;NRAS;PSMD14;PSMD4;PSMC5;PSMD7;PSMA5,Non-classical monocytes
prerank,Reactome_2022__Glutathione Conjugation R-HSA-156590,0.8257091412162526,1.4385859308302293,0.017804154302670624,0.13764281438429682,0.997,7/34,2.66%,MGST3;GSTO1;AKR1A1;CNDP2;ESD;MGST2;GSTP1,Non-classical monocytes
prerank,Reactome_2022__AUF1 (hnRNP D0) Binds And Destabilizes mRNA R-HSA-450408,0.7805458287397082,1.4370771154137398,0.012987012987012988,0.14009188879876788,0.997,30/54,6.87%,PSMA7;PSMA4;PSME1;PSME2;PSMB6;PSMB4;PSMC3;HSPA8;PSMB1;PSMA1;PSMB3;PSMA2;PSMB8;PSMC6;PSMD9;PSMB9;UBC;UBB;PSMB2;UBA52;RPS27A;PSMC4;PSME4;PSMB7;HSPA1A;PSMD14;PSMD4;PSMC5;PSMD7;PSMA5,Non-classical monocytes
prerank,Reactome_2022__S Phase R-HSA-69242,0.7008181052288358,1.435899518355135,0.0048721071863581,0.1417810479315117,0.998,69/161,10.55%,PSMA7;PSMA4;PSME1;PSME2;PSMB6;PSMB4;PSMC3;PSMB1;CDKN1A;PSMA1;SKP1;PSMB3;PDS5A;UBE2E1;PSMA2;PSMB8;ANAPC11;ANAPC4;POLE3;PSMC6;PSMD9;PSMB9;ANAPC5;UBC;RB1;UBB;PSMB2;UBA52;RBX1;MCM7;RPS27A;CDC27;PSMC4;PSME4;CKS1B;E2F4;ORC5;CDC25B;RFC2;POLE4;RPA3;PCNA;AKT2;PSMB7;CDC26;PSMD14;POLD1;PSMD4;PSMC5;PSMD7;LIN37;SMC3;PSMA5;ORC4;CCNH;UBE2D1;CDC16;POLA1;RBBP4;LIN52;PSMC1;PSMA6;MCM4;CDK4;POLA2;ORC6;RFC3;GMNN;SEM1,Non-classical monocytes
prerank,Reactome_2022__Regulation Of PTEN Stability And Activity R-HSA-8948751,0.7579392636232982,1.435661670007273,0.01639344262295082,0.1411263183904743,0.998,33/67,7.39%,PSMA7;PSMA4;PSME1;PSME2;PSMB6;PSMB4;PSMC3;PSMB1;PSMA1;PSMB3;PSMA2;MKRN1;PSMB8;PSMC6;PSMD9;PSMB9;WWP2;UBC;UBB;PSMB2;UBA52;RPS27A;PSMC4;PSME4;TRIM27;AKT2;PSMB7;PSMD14;PSMD4;PSMC5;PSMD7;PSMA5;CSNK2B,Non-classical monocytes
prerank,Reactome_2022__Defensins R-HSA-1461973,0.8030070547535952,1.429523821217189,0.02911208151382824,0.15622222545523498,0.999,3/41,2.50%,TLR1;CD4;DEFB1,Non-classical monocytes
prerank,Reactome_2022__Cellular Response To Hypoxia R-HSA-1234174,0.7388304253126217,1.4245907120990802,0.016172506738544475,0.1678365937681395,0.999,32/73,6.24%,PSMA7;PSMA4;PSME1;PSME2;PSMB6;PSMB4;PSMC3;ELOB;PSMB1;PSMA1;PSMB3;PSMA2;CREBBP;PSMB8;PSMC6;PSMD9;PSMB9;UBC;UBB;PSMB2;UBA52;UBE2D2;RBX1;RPS27A;PSMC4;UBE2D3;PSME4;PSMB7;PSMD14;PSMD4;PSMC5;PSMD7,Non-classical monocytes
prerank,Reactome_2022__ISG15 Antiviral Mechanism R-HSA-1169408,0.7345269448704022,1.4217777852520597,0.01978891820580475,0.17416826806655186,1.0,33/74,9.12%,STAT1;UBE2L6;NUP214;EIF4A3;ISG15;MX1;IFIT1;IRF3;UBE2E1;TRIM25;EIF4A1;EIF2AK2;UBC;ARIH1;UBB;UBA52;RANBP2;RPS27A;SEC13;HERC5;AAAS;KPNB1;POM121C;MX2;KPNA3;NUP50;FLNB;EIF4E3;NEDD4;EIF4G3;NUP133;NUP35;KPNA2,Non-classical monocytes
prerank,Reactome_2022__Signaling By FGFR2 In Disease R-HSA-5655253,0.7902884245971575,1.4199771839065443,0.022900763358778626,0.1783043585118521,1.0,16/42,5.61%,POLR2J;POLR2L;FRS2;POLR2K;GRB2;POLR2A;GTF2F2;SOS1;PIK3CA;NCBP1;POLR2G;POLR2D;POLR2E;NRAS;POLR2C;POLR2B,Non-classical monocytes
prerank,Reactome_2022__p75NTR Signals Via NF-kB R-HSA-193639,0.9060684516511899,1.419771496816987,0.013136288998357963,0.177490812571397,1.0,10/16,3.90%,NFKB1;RIPK2;SQSTM1;NFKBIA;MYD88;UBC;UBB;UBA52;RPS27A;IKBKB,Non-classical monocytes
prerank,Reactome_2022__Negative Regulation Of NOTCH4 Signaling R-HSA-9604323,0.7736607354330597,1.414408741713468,0.030346820809248554,0.19215683182055562,1.0,29/53,6.87%,PSMA7;PSMA4;PSME1;PSME2;PSMB6;PSMB4;PSMC3;PSMB1;PSMA1;SKP1;PSMB3;PSMA2;PSMB8;PSMC6;PSMD9;PSMB9;UBC;UBB;PSMB2;UBA52;RBX1;RPS27A;PSMC4;PSMB7;PSMD14;PSMD4;PSMC5;PSMD7;PSMA5,Non-classical monocytes
prerank,Reactome_2022__Downstream TCR Signaling R-HSA-202424,0.7238722031173663,1.4131382262094918,0.023319615912208505,0.1947329668545983,1.0,42/91,6.24%,HLA-DQA2;PSMA7;PSMA4;PSME1;NFKB1;PSME2;PSMB6;PSMB4;HLA-DPA1;FBXW11;PSMC3;RIPK2;PSMB1;PSMA1;SKP1;PSMB3;NFKBIA;PSMA2;PSMB8;PSMC6;PSMD9;PSMB9;CD4;UBC;UBB;PSMB2;UBA52;UBE2D2;TAB2;RPS27A;PSMC4;PIK3CA;IKBKB;PSME4;HLA-DQA1;MAP3K7;PSMB7;PSMD14;UBE2V1;PSMD4;PSMC5;PSMD7,Non-classical monocytes
prerank,Reactome_2022__Initial Triggering Of Complement R-HSA-166663,0.8901449291742112,1.41271195741666,0.024115755627009645,0.19424086157518808,1.0,4/20,1.25%,C1QA;FCN1;C1QB;C1QC,Non-classical monocytes
prerank,MSigDB_Hallmark_2020__Inflammatory Response,0.6695789636651065,1.4120421256537372,0.011737089201877934,0.1323535253227408,0.393,55/200,7.53%,TNFSF10;C3AR1;LY6E;PLAUR;NFKB1;BST2;CD48;SRI;IL15;TLR1;RIPK2;CDKN1A;IRF1;NFKBIA;EMP3;BTG2;GCH1;ABCA1;LCP2;C5AR1;LYN;EIF2AK2;CYBB;MXD1;CD14;RHOG;P2RX4;MSR1;STAB1;PDE4B;IL10RA;CSF3R;RGS1;ADM;NMI;P2RX7;IFNGR2;IFITM1;ICAM1;SEMA4D;FFAR2;NOD2;IFNAR1;FPR1;ABI1;TAPBP;LPAR1;PSEN1;OSM;GNAI3;PIK3R5;ATP2C1;CLEC5A;ICAM4;RTP4,Non-classical monocytes
prerank,Reactome_2022__Regulation Of RUNX3 Expression And Activity R-HSA-8941858,0.7606208287952962,1.4106973568074461,0.028050490883590462,0.199636270357828,1.0,29/54,6.87%,PSMA7;PSMA4;PSME1;PSME2;PSMB6;PSMB4;PSMC3;PSMB1;PSMA1;PSMB3;PSMA2;PSMB8;PSMC6;PSMD9;PSMB9;UBC;UBB;PSMB2;UBA52;RPS27A;PSMC4;TGFB1;SRC;PSMB7;PSMD14;PSMD4;PSMC5;PSMD7;PSMA5,Non-classical monocytes
prerank,Reactome_2022__Signaling By CSF3 (G-CSF) R-HSA-9674555,0.824407287574181,1.4095639770100536,0.034161490683229816,0.2012561553320583,1.0,20/30,7.74%,STAT1;GAB2;ELOB;GRB2;LYN;UBC;UBB;UBA52;UBE2D2;RPS27A;UBE2D3;HCK;STAT3;CSF3R;STAT5B;SOCS3;NRAS;JAK2;RNF7;UBE2D1,Non-classical monocytes
prerank,Reactome_2022__ABC-family Proteins Mediated Transport R-HSA-382556,0.7108613398320502,1.40494689985716,0.02607561929595828,0.21556010475065032,1.0,34/102,6.26%,PSMA7;PSMA4;PSME1;PSME2;PSMB6;PSMB4;PSMC3;PSMB1;PSMA1;PSMB3;PSMA2;PSMB8;PSMC6;PSMD9;PSMB9;UBC;UBB;PSMB2;UBA52;ABCD3;ABCC1;RPS27A;PSMC4;RNF185;ERLIN2;PSME4;ABCA7;PSMB7;ABCF1;PSMD14;PSMD4;PSMC5;PSMD7;ABCD1,Non-classical monocytes
prerank,Reactome_2022__Complement Cascade R-HSA-166658,0.7690037628448448,1.4048314891234919,0.016853932584269662,0.21424559463045767,1.0,9/54,2.83%,C1QA;PSMA7;C3AR1;FCN1;C1QB;C1QC;CPNE1;C5AR1;SERPING1,Non-classical monocytes
prerank,Reactome_2022__Fc Epsilon Receptor (FCERI) Signaling R-HSA-2454202,0.7007458540713418,1.4033499911104572,0.018867924528301886,0.21738189620345977,1.0,53/129,6.38%,PSMA7;PSMA4;PSME1;NFKB1;PSME2;PSMB6;FCER1G;PSMB4;FBXW11;PSMC3;GAB2;ITPR2;FYN;PSMB1;PSMA1;SKP1;PSMB3;NFKBIA;PSMA2;PPP3CA;PSMB8;GRB2;PSMC6;LCP2;PSMD9;MAP2K4;PSMB9;LYN;UBC;UBB;PSMB2;UBA52;UBE2D2;TAB2;RPS27A;SOS1;PSMC4;PIK3CA;IKBKB;RASGRP2;PSME4;MAPK9;MAP3K1;VAV3;MAP3K7;PSMB7;NRAS;PSMD14;UBE2V1;PSMD4;PSMC5;PSMD7;TAB3,Non-classical monocytes
prerank,Reactome_2022__FGFR1 Mutant Receptor Activation R-HSA-1839124,0.8159391606238398,1.4032344064090798,0.046104928457869634,0.21598648227914105,1.0,10/29,4.89%,STAT1;LRRFIP1;CUX1;GAB2;GRB2;TRIM24;PIK3CA;STAT3;ERLIN2;STAT5B,Non-classical monocytes
prerank,Reactome_2022__PCP/CE Pathway R-HSA-4086400,0.7180880787587836,1.4023104207887571,0.0274869109947644,0.2172309798647677,1.0,39/88,6.89%,PSMA7;PSMA4;PSME1;PSME2;CLTB;PSMB6;PSMB4;AP2S1;PFN1;PSMC3;PSMB1;PSMA1;PSMB3;PSMA2;PSMB8;PSMC6;PSMD9;PSMB9;UBC;UBB;PSMB2;UBA52;RPS27A;PSMC4;RHOA;PRKCA;PSME4;DVL3;AP2A2;PSMB7;DAAM1;PRKCB;PSMD14;PSMD4;PSMC5;PSMD7;AP2A1;PSMA5;CLTA,Non-classical monocytes
prerank,Reactome_2022__Host Interactions Of HIV Factors R-HSA-162909,0.7027244223084028,1.4013946852245132,0.009913258983890954,0.2188762133880567,1.0,51/130,7.19%,PSMA7;RAN;PPIA;PSMA4;NUP214;PSME1;PSME2;B2M;PSMB6;PSMB4;AP2S1;PSMC3;FYN;ELOB;PSMB1;PSMA1;SKP1;PSMB3;PSMA2;RANBP1;CCNT1;PSMB8;PSMC6;PSMD9;PSMB9;CD4;SLC25A5;UBC;UBB;PSMB2;UBA52;RBX1;RANBP2;RPS27A;SEC13;PSMC4;HCK;PSME4;AAAS;KPNB1;AP2A2;PSMB7;PSMD14;POM121C;PSMD4;PSMC5;PSMD7;AP2A1;NUP50;PSMA5;DOCK2,Non-classical monocytes
prerank,Reactome_2022__Signaling By NOTCH4 R-HSA-9013694,0.7312851869777217,1.4005647145512765,0.02929427430093209,0.21989898006019215,1.0,36/80,6.24%,PSMA7;PSMA4;PSME1;PSME2;PSMB6;PSMB4;PSENEN;PSMC3;PSMB1;PSMA1;SKP1;PSMB3;PSMA2;CREBBP;PSMB8;KAT2B;PSMC6;PSMD9;PSMB9;UBC;UBB;PSMB2;UBA52;RBX1;SMAD3;RPS27A;PSMC4;NOTCH2;PSMB7;PSMD14;APH1B;PSEN1;RBPJ;PSMD4;PSMC5;PSMD7,Non-classical monocytes
prerank,Reactome_2022__Negative Regulation Of FGFR2 Signaling R-HSA-5654727,0.7958869543376293,1.4005585022133415,0.04281345565749235,0.21821685210084665,1.0,10/34,4.75%,FRS2;GRB2;UBC;UBB;UBA52;RPS27A;PPP2CB;PPP2CA;MKNK1;SRC,Non-classical monocytes
prerank,Reactome_2022__HIV Infection R-HSA-162906,0.6678063547120194,1.3959542603478114,0.012585812356979404,0.23318803453231238,1.0,99/227,9.69%,PSMA7;RAN;POLR2J;PPIA;PSMA4;NUP214;PSME1;PSME2;CHMP2A;B2M;PSMB6;PSMB4;AP2S1;TAF10;GTF2A2;PSMC3;POLR2L;FYN;ELOB;PSMB1;PSMA1;SKP1;PSMB3;PSMA2;POLR2K;RANBP1;CCNT1;PSMB8;TAF11;PSMC6;PSMD9;SUPT4H1;PSMB9;XRCC4;CD4;POLR2A;SLC25A5;UBC;GTF2F2;UBB;PSMB2;CHMP5;UBA52;RBX1;TAF6;ERCC3;RANBP2;RPS27A;GTF2H5;RNGTT;SEC13;PSMC4;TAF1;HCK;VPS28;GTF2A1;PSME4;NCBP1;POLR2G;AAAS;POLR2D;VTA1;POLR2E;KPNB1;AP2A2;PSMB7;PSMD14;POLR2C;POLR2B;NELFB;GTF2H4;POM121C;PSMD4;PSMC5;PSMD7;CHMP6;UBAP1;MVB12B;AP2A1;NUP50;PSMA5;XRCC5;TAF15;DOCK2;TAF4;CCNH;APOBEC3G;VPS37C;NELFCD;POLR2F;NUP133;PSMC1;ELMO1;NUP35;PSMA6;SSRP1;HMGA1;NUP88;BTRC,Non-classical monocytes
prerank,Reactome_2022__Signaling By FGFR1 In Disease R-HSA-5655302,0.7996501288935174,1.3958416159233131,0.04430379746835443,0.231875207921601,1.0,13/35,5.41%,STAT1;LRRFIP1;CUX1;GAB2;FRS2;GRB2;TRIM24;SOS1;PIK3CA;STAT3;ERLIN2;STAT5B;NRAS,Non-classical monocytes
prerank,MSigDB_Hallmark_2020__Hypoxia,0.6659368207513704,1.3947111691170984,0.006872852233676976,0.13908474015226746,0.47,42/200,7.69%,MT2A;GLRX;TPI1;PLAC8;PLAUR;PGK1;BNIP3L;CDKN1A;HMOX1;HDLBP;S100A4;PIM1;NR3C1;GAPDH;IER3;ISG20;PPP1R15A;HEXA;NFIL3;FBP1;SLC6A6;PRKCA;MAP3K1;TNFAIP3;ADM;DDIT4;PFKL;PDK3;PGM2;PLIN2;DUSP1;SDC4;SLC25A1;ANKZF1;RBPJ;HK2;RRAGD;NOCT;SLC37A4;CDKN1C;MAFF;FOSL2,Non-classical monocytes
prerank,Reactome_2022__Synthesis Of IP3 And IP4 In Cytosol R-HSA-1855204,-0.7531581542651187,-1.391256411816871,0.06868131868131869,1.0,1.0,9/26,6.84%,PLD4;PTEN;CALM1;PLCG2;ITPKB;INPPL1;ITPK1;PLCB1;INPP5D,Non-classical monocytes
prerank,Reactome_2022__Phase II - Conjugation Of Compounds R-HSA-156580,0.6989980657542577,1.39119019971543,0.02442159383033419,0.2468034729472005,1.0,17/104,9.64%,MGST3;GSTO1;AKR1A1;PAPSS1;TRMT112;CNDP2;ESD;MAT2B;MGST2;GSTP1;GSTK1;MTRR;MTR;MAT2A;COMT;PRNP;PAPSS2,Non-classical monocytes
prerank,Reactome_2022__Platelet Adhesion To Exposed Collagen R-HSA-75892,0.9420057952404823,1.3908047242683572,0.015100671140939598,0.24644853875565123,1.0,4/12,2.11%,FCER1G;FYN;ITGB1;LYN,Non-classical monocytes
prerank,Reactome_2022__CLEC7A (Dectin-1) Signaling R-HSA-5607764,0.7031913152671809,1.3904289292905232,0.022757697456492636,0.24602642756870127,1.0,42/99,6.38%,PSMA7;PSMA4;PSME1;NFKB1;PSME2;PSMB6;PSMB4;FBXW11;PSMC3;PYCARD;ITPR2;PSMB1;PSMA1;SKP1;PSMB3;NFKBIA;PSMA2;PPP3CA;PSMB8;PSMC6;PSMD9;PSMB9;UBC;UBB;PSMB2;UBA52;UBE2D2;TAB2;RPS27A;PSMC4;IKBKB;PSME4;SRC;MAP3K7;CASP8;PSMB7;PSMD14;UBE2V1;PSMD4;PSMC5;PSMD7;TAB3,Non-classical monocytes
prerank,Reactome_2022__PIWI-interacting RNA (piRNA) Biogenesis R-HSA-5601884,0.8259641370773956,1.3876026866732036,0.040419161676646706,0.25493090715691785,1.0,11/29,5.61%,POLR2J;POLR2L;POLR2K;POLR2A;HSP90AA1;POLR2G;POLR2D;POLR2E;HENMT1;POLR2C;POLR2B,Non-classical monocytes
prerank,Reactome_2022__SARS-CoV-2-host Interactions R-HSA-9705683,0.6599917135462137,1.386312539472336,0.014002333722287048,0.25822714586064943,1.0,62/193,6.38%,RPS9;STAT1;HLA-C;STAT2;NUP214;RPS12;RPS4X;SNRPE;B2M;ISG15;FAU;RPS29;HLA-E;MAP1LC3B;RPS21;SNRPD3;TLR1;RIPK2;RPS25;SNRPD2;IRF3;SNRPG;RPS24;RPS5;CREBBP;RPS28;RPS15;SNRPB;RPSA;RPS13;TRIM25;NOD1;VPS41;HLA-B;RPS27;YWHAH;SNRPF;RPS19;RPS7;TAB2;RANBP2;RPS27A;SEC13;RPS16;SEC24B;IKBKB;HSP90AA1;AAAS;RPS8;RPS27L;MAP3K7;AKT2;NOD2;IFNAR1;SEC24C;RPS2;UBE2V1;POM121C;SFTPD;RPS3;TBK1;TAB3,Non-classical monocytes
prerank,Reactome_2022__Beta-catenin Independent WNT Signaling R-HSA-3858494,0.6792657026783023,1.3846825124229356,0.014616321559074299,0.26236137048553976,1.0,50/142,6.89%,PSMA7;PSMA4;PSME1;PSME2;CLTB;PSMB6;PSMB4;AP2S1;PFN1;PSMC3;ITPR2;AGO3;PSMB1;PSMA1;PSMB3;PSMA2;GNGT2;PPP3CA;CTNNB1;PSMB8;PSMC6;PSMD9;GNB4;PSMB9;UBC;UBB;PSMB2;UBA52;GNB1;RPS27A;PSMC4;RHOA;PRKCA;PSME4;NLK;MAP3K7;DVL3;AP2A2;PSMB7;DAAM1;NRAS;PRKCB;PSMD14;PSMD4;PSMC5;PSMD7;AGO4;AP2A1;PSMA5;CLTA,Non-classical monocytes
prerank,Reactome_2022__Termination Of Translesion DNA Synthesis R-HSA-5656169,0.812313861176093,1.3805405761582843,0.03490136570561457,0.27619728492340795,1.0,14/32,6.01%,UBE2L6;ISG15;USP32;TRIM25;POLE3;UBC;UBB;UBA52;RPS27A;RFC2;POLE4;RPA3;PCNA;POLD1,Non-classical monocytes
prerank,Reactome_2022__Response To Metal Ions R-HSA-5660526,0.9048032761185314,1.37967883087751,0.03471074380165289,0.27767320725526273,1.0,1/14,0.01%,MT2A,Non-classical monocytes
prerank,Reactome_2022__FGFR2 Mutant Receptor Activation R-HSA-1839126,0.7964848262282519,1.3783618411838525,0.05271317829457364,0.28094870886260515,1.0,11/33,5.61%,POLR2J;POLR2L;POLR2K;POLR2A;GTF2F2;NCBP1;POLR2G;POLR2D;POLR2E;POLR2C;POLR2B,Non-classical monocytes
prerank,Reactome_2022__Interaction With Cumulus Cells And Zona Pellucida R-HSA-2534343,0.973919596051051,1.3781177046748345,0.006622516556291391,0.2799687324625286,1.0,1/10,1.57%,B4GALT1,Non-classical monocytes
prerank,Reactome_2022__Antiviral Mechanism By IFN-stimulated Genes R-HSA-1169410,0.7093173519633863,1.3775507643699405,0.03430079155672823,0.28010513719769997,1.0,39/82,10.04%,STAT1;UBE2L6;NUP214;EIF4A3;ISG15;MX1;IFIT1;IRF3;UBE2E1;TRIM25;OAS2;EIF4A1;EIF2AK2;UBC;ARIH1;UBB;UBA52;RANBP2;RPS27A;SEC13;OASL;HERC5;AAAS;KPNB1;OAS1;POM121C;MX2;KPNA3;NUP50;FLNB;EIF4E3;NEDD4;EIF4G3;NUP133;NUP35;KPNA2;NUP88;OAS3;NUP98,Non-classical monocytes
prerank,MSigDB_Hallmark_2020__IL-6/JAK/STAT3 Signaling,0.7068945983346424,1.3768735946956248,0.041278295605858856,0.15136544190665344,0.558,28/87,7.77%,STAT1;STAT2;PTPN2;LTBR;IFNGR1;HMOX1;IRF1;MYD88;PIM1;GRB2;FAS;CD14;IRF9;CCR1;TGFB1;IL2RG;STAT3;CSF3R;CD9;IFNGR2;IFNAR1;SOCS3;IL3RA;PIK3R5;TNF;LTB;CD38;PTPN1,Non-classical monocytes
prerank,Reactome_2022__Negative Regulation Of FGFR1 Signaling R-HSA-5654726,0.7892747315832472,1.3755267857578624,0.0730593607305936,0.28653812135455664,1.0,15/33,12.43%,FRS2;GRB2;UBC;UBB;UBA52;RPS27A;PPP2CB;PPP2CA;MKNK1;SRC;BRAF;MAPK1;KL;FGF9;FGFR1,Non-classical monocytes
prerank,Reactome_2022__Interferon Gamma Signaling R-HSA-877300,0.708772103320634,1.3736553392604,0.01818181818181818,0.2917021791896752,1.0,27/86,5.36%,MT2A;HLA-DQA2;STAT1;HLA-C;GBP2;PTPN2;B2M;HLA-DPA1;HLA-E;IFNGR1;IRF3;IRF1;TRIM22;SUMO1;TRIM25;TRIM21;OAS2;GBP1;HLA-B;GBP4;IRF9;OASL;IFNGR2;ICAM1;HLA-DQA1;SOCS3;OAS1,Non-classical monocytes
prerank,Reactome_2022__Hedgehog On State R-HSA-5632684,0.7054281186388779,1.3731021366787801,0.034210526315789476,0.29163820381685696,1.0,34/85,7.07%,PSMA7;PSMA4;PSME1;PSME2;PSMB6;PSMB4;PSMC3;PSMB1;PSMA1;PSMB3;PSMA2;PSMB8;PSMC6;PSMD9;PSMB9;UBC;UBB;PSMB2;ARRB1;UBA52;RBX1;NUMB;RPS27A;PSMC4;PSME4;PSMB7;PSMD14;PSMD4;PSMC5;PSMD7;ULK3;SUFU;PSMA5;GRK2,Non-classical monocytes
prerank,Reactome_2022__SARS-CoV-2 Modulates Host Translation Machinery R-HSA-9754678,0.7546165899981002,1.3723924811664834,0.045454545454545456,0.29266439981122566,1.0,27/47,5.29%,RPS9;RPS12;RPS4X;SNRPE;FAU;RPS29;RPS21;SNRPD3;RPS25;SNRPD2;SNRPG;RPS24;RPS5;RPS28;RPS15;SNRPB;RPSA;RPS13;RPS27;SNRPF;RPS19;RPS7;RPS27A;RPS16;RPS8;RPS27L;RPS2,Non-classical monocytes
prerank,Reactome_2022__MicroRNA (miRNA) Biogenesis R-HSA-203927,0.8387329829043663,1.3720063651822756,0.052132701421800945,0.2921487966105648,1.0,14/24,8.33%,RAN;POLR2J;POLR2L;AGO3;POLR2K;POLR2A;POLR2G;POLR2D;POLR2E;POLR2C;POLR2B;AGO4;POLR2F;PRKRA,Non-classical monocytes
prerank,Reactome_2022__Pexophagy R-HSA-9664873,0.9391630038634147,1.365678114136249,0.015280135823429542,0.31698942376760064,1.0,8/11,4.10%,ATM;MAP1LC3B;SQSTM1;UBC;UBB;UBA52;RPS27A;NBR1,Non-classical monocytes
prerank,Reactome_2022__NF-kB Is Activated And Signals Survival R-HSA-209560,0.9164688610115965,1.3652408442648851,0.023688663282571912,0.3165304016430869,1.0,8/13,3.90%,NFKB1;SQSTM1;NFKBIA;UBC;UBB;UBA52;RPS27A;IKBKB,Non-classical monocytes
prerank,Reactome_2022__MAP3K8 (TPL2)-dependent MAPK1/3 Activation R-HSA-5684264,0.8792237698189221,1.3649526548268298,0.05254237288135593,0.3155836641423304,1.0,9/16,3.90%,NFKB1;FBXW11;SKP1;MAP2K4;UBC;UBB;UBA52;RPS27A;IKBKB,Non-classical monocytes
prerank,Reactome_2022__Mitochondrial Protein Import R-HSA-1268020,0.7230861660205989,1.364571836441675,0.04384724186704385,0.3150755962356595,1.0,26/64,6.25%,CHCHD2;IDH3G;TOMM6;ATP5F1B;CHCHD10;ATP5MC1;COQ2;COA4;CS;TIMM13;NDUFB8;CHCHD5;TOMM7;HSPD1;CMC2;TIMM10;TIMM50;SLC25A13;COX17;TIMM17A;SAMM50;CHCHD7;FXN;CHCHD3;TIMM44;TOMM20,Non-classical monocytes
prerank,Reactome_2022__C-type Lectin Receptors (CLRs) R-HSA-5621481,0.67086592378944,1.3640248653800837,0.021303258145363407,0.3152931964132237,1.0,53/139,7.74%,PSMA7;PSMA4;PSME1;NFKB1;PSME2;PSMB6;FCER1G;PSMB4;FBXW11;PSMC3;PYCARD;ITPR2;FYN;PSMB1;PSMA1;SKP1;PSMB3;NFKBIA;PSMA2;CREBBP;PPP3CA;PSMB8;PSMC6;PSMD9;PSMB9;LYN;UBC;UBB;PSMB2;UBA52;UBE2D2;TAB2;RPS27A;PSMC4;IKBKB;PRKCA;PSME4;ICAM3;SRC;MAP3K7;CASP8;PSMB7;NRAS;PSMD14;UBE2V1;PSMD4;PSMC5;PSMD7;TAB3;PSMA5;RPS6KA5;PKN1;UBE2D1,Non-classical monocytes
prerank,Reactome_2022__Negative Regulation Of FGFR4 Signaling R-HSA-5654733,0.7991822307915052,1.3640082555691984,0.05405405405405406,0.31330933645445075,1.0,10/31,4.75%,FRS2;GRB2;UBC;UBB;UBA52;RPS27A;PPP2CB;PPP2CA;MKNK1;SRC,Non-classical monocytes
prerank,Reactome_2022__Translesion Synthesis By Y Family DNA Polymerases Bypasses Lesions On DNA Template R-HSA-110313,0.7712667155419265,1.3596408228011394,0.05934718100890208,0.32994649613485677,1.0,16/39,6.01%,UBE2L6;ISG15;USP32;REV3L;TRIM25;POLE3;UBC;UBB;UFD1;UBA52;RPS27A;RFC2;POLE4;RPA3;PCNA;POLD1,Non-classical monocytes
prerank,Reactome_2022__Signaling By FGFR1 R-HSA-5654736,0.7379676264071662,1.356214231840367,0.050505050505050504,0.3428757048963342,1.0,22/49,12.43%,FRS2;GRB2;UBC;UBB;UBA52;RPS27A;SOS1;PPP2CB;PIK3CA;PPP2CA;MKNK1;SRC;NRAS;FGFRL1;BRAF;PIGU;MAPK1;FRS3;KL;SPRED2;FGF9;FGFR1,Non-classical monocytes
prerank,Reactome_2022__Degradation Of Beta-Catenin By Destruction Complex R-HSA-195253,0.6997816729938641,1.3556457133534565,0.04027777777777778,0.3433622574347579,1.0,33/84,6.24%,PSMA7;PSMA4;PSME1;PSME2;PSMB6;PSMB4;PSMC3;PSMB1;PSMA1;SKP1;PSMB3;PSMA2;CTNNB1;PSMB8;PPP2R5C;PSMC6;PSMD9;PSMB9;UBC;UBB;PSMB2;UBA52;RBX1;RPS27A;PSMC4;PPP2CB;PPP2CA;PSME4;PSMB7;PSMD14;PSMD4;PSMC5;PSMD7,Non-classical monocytes
prerank,Reactome_2022__TP53 Regulates Transcription Of Cell Death Genes R-HSA-5633008,0.7572141648863899,1.3552223890234505,0.048513302034428794,0.34311543296348174,1.0,15/44,7.99%,ATM;PRELID1;BAX;BID;TMEM219;CASP1;BNIP3L;CREBBP;TNFRSF10B;NLRC4;CASP10;TP53BP2;CASP2;CRADD;TRIAP1,Non-classical monocytes
prerank,Reactome_2022__Mitochondrial Biogenesis R-HSA-1592230,0.6948876051607533,1.3548696562058344,0.03205128205128205,0.34246426475411157,1.0,29/89,6.49%,ATP5F1D;ATP5MF;MICOS10;ATP5F1E;ATP5MC3;ATP5PD;ATP5F1B;MEF2C;ATP5PF;ATP5MC2;ATP5PO;MICOS13;ATP5MC1;ATP5MG;GLUD1;CREBBP;NCOA2;CYCS;IDH2;HDAC3;RXRA;MEF2D;SAMM50;PPARGC1B;CHCHD3;SSBP1;TFB1M;ALAS1;TBL1X,Non-classical monocytes
prerank,Reactome_2022__Negative Regulation Of FGFR3 Signaling R-HSA-5654732,0.7963784095341495,1.352631180329018,0.07923930269413629,0.35069087955900025,1.0,10/29,4.75%,FRS2;GRB2;UBC;UBB;UBA52;RPS27A;PPP2CB;PPP2CA;MKNK1;SRC,Non-classical monocytes
prerank,MSigDB_Hallmark_2020__Allograft Rejection,0.6534050713065838,1.352627383218592,0.011534025374855825,0.18156032770605762,0.671,64/196,10.34%,RPS9;STAT1;GBP2;LY86;B2M;HLA-E;IFNGR1;IGSF6;IL15;TLR1;RIPK2;HLA-DMB;NME1;SPI1;LCP2;SRGN;LYN;CD4;FAS;RPS19;CCR1;STAB1;TGFB1;GCNT1;IL2RG;PTPRC;TAP1;CD86;IKBKB;IL27RA;CTSS;EIF3J;RPL9;CD47;IFNGR2;MTIF2;ICAM1;HLA-DQA1;GPR65;ITGAL;MAP3K7;DEGS1;PRKCB;ABI1;TAPBP;JAK2;EIF3D;BCL3;TNF;LTB;UBE2D1;BCAT1;IRF8;CRTAM;EIF4G3;ELF4;HLA-DOA;CCL4;TIMP1;CCL2;SOCS1;IFNAR2;LY75;ICOSLG,Non-classical monocytes
prerank,Reactome_2022__Inactivation Of CSF3 (G-CSF) Signaling R-HSA-9705462,0.8173172012918727,1.3519657939208036,0.07165109034267912,0.35157233480487765,1.0,17/25,7.74%,STAT1;ELOB;LYN;UBC;UBB;UBA52;UBE2D2;RPS27A;UBE2D3;HCK;STAT3;CSF3R;STAT5B;SOCS3;JAK2;RNF7;UBE2D1,Non-classical monocytes
prerank,Reactome_2022__Regulation Of Complement Cascade R-HSA-977606,0.7546823714479891,1.3511058961628841,0.046742209631728045,0.3532728954673498,1.0,8/44,2.83%,C1QA;PSMA7;C3AR1;C1QB;C1QC;CPNE1;C5AR1;SERPING1,Non-classical monocytes
prerank,Reactome_2022__Regulation Of IFNA/IFNB Signaling R-HSA-912694,0.8267291778386165,1.350786753568112,0.05950413223140496,0.352680377841829,1.0,7/25,9.92%,STAT1;STAT2;IFNAR1;SOCS3;PTPN1;SOCS1;IFNAR2,Non-classical monocytes
prerank,Reactome_2022__TCR Signaling R-HSA-202403,0.672869065032281,1.3506846749544077,0.04481434058898848,0.35099944722542903,1.0,51/113,7.74%,HLA-DQA2;PSMA7;PSMA4;PSME1;NFKB1;PSME2;PSMB6;PSMB4;HLA-DPA1;FBXW11;PSMC3;RIPK2;PSMB1;PSMA1;SKP1;PSMB3;NFKBIA;PSMA2;EVL;PSMB8;PSMC6;LCP2;PSMD9;PSMB9;CD4;UBC;UBB;PSMB2;UBA52;UBE2D2;TAB2;RPS27A;PSMC4;PIK3CA;PTPRC;IKBKB;PSME4;HLA-DQA1;MAP3K7;PSMB7;PSMD14;UBE2V1;PSMD4;PSMC5;PSMD7;CD101;PSMA5;PTPRJ;VASP;PKN1;UBE2D1,Non-classical monocytes
prerank,Reactome_2022__Class I MHC Mediated Antigen Processing And Presentation R-HSA-983169,0.6178332957278444,1.3482888392193868,0.00646551724137931,0.35913987874860365,1.0,141/377,12.13%,HLA-C;UBE2L6;PSMA7;PSMA4;VAMP8;PSME1;PSME2;SEC61G;B2M;PSMB6;RNF213;PSMB4;CYBA;HLA-E;FBXW11;PSMC3;TLR1;ELOB;PSMB1;UBE2E2;PSMA1;SKP1;PSMB3;UBE2R2;UBE2E1;PSMA2;MYD88;MKRN1;PSMB8;ANAPC11;ANAPC4;HUWE1;PSMC6;PSMD9;TRIM21;PSMB9;UBE2J1;HLA-B;ANAPC5;CYBB;UBC;UBB;UBE2J2;PSMB2;FBXO6;UBA52;UBE2D2;RBX1;FBXW5;UBE2F;UBE2E3;UBE3C;RPS27A;KLHL5;CDC27;SEC13;PSMC4;RBCK1;UBE2D3;SEC24B;IKBKB;SEC61A1;PSME4;CTSS;RNF19A;LY96;TRIP12;HERC5;DCAF1;UBE2W;RNF114;BTBD1;SOCS3;SEC24C;PSMB7;CDC26;PSMD14;UBE2V1;STX4;TAPBP;FBXL3;NDUFA2;PSMD4;PSMC5;PSMD7;HERC6;S100A8;SEC61B;RNF7;PSMA5;FBXL4;UBR2;UBE2D1;PRKN;FBXL5;CDC16;UBE3B;CUL7;NEDD4;HERC4;UBR4;PSMC1;TRIM11;PSMA6;BTBD6;FBXO21;LNPEP;BTRC;FBXW9;KBTBD6;SOCS1;ASB7;ERAP2;CTSL;RNF14;ZNRF1;SMURF2;FBXO31;UBE2K;SEM1;UBE2D4;IKBKG;UBE2G1;DET1;RNF111;KLHL3;SEC24D;PIK3R4;CUL2;MRC1;UBA6;FCGR1A;PIK3C3;ARIH2;BLMH;VHL;LRSAM1;NCF1;NEDD4L;FBXO9;TLR6,Non-classical monocytes
prerank,Reactome_2022__Activation Of IRF3/IRF7 Mediated By TBK1/IKK Epsilon R-HSA-936964,0.8595707254993551,1.347582721867649,0.06379585326953748,0.3602457911254282,1.0,11/16,7.32%,IRF3;TANK;TICAM1;UBC;UBB;UBA52;RPS27A;LY96;NDUFA2;TBK1;IKBKE,Non-classical monocytes
prerank,Reactome_2022__SARS-CoV-2 Infection R-HSA-9694516,0.6294626954703302,1.3463838094354348,0.0078125,0.36352696957101427,1.0,84/279,6.52%,RPS9;STAT1;HLA-C;STAT2;NUP214;RPS12;RPS4X;SNRPE;CHMP2A;B2M;ISCU;ISG15;FAU;RPS29;HLA-E;MAP1LC3B;RPS21;SNRPD3;TLR1;RIPK2;RPS25;SNRPD2;IRF3;SNRPG;RPS24;RPS5;CREBBP;RPS28;RPS15;SNRPB;RPSA;SUMO1;RPS13;TRIM25;PARP14;NOD1;VPS41;HLA-B;DAD1;RPS27;UBC;RB1;YWHAH;SNRPF;RPS19;UBB;UBA52;ST3GAL1;RPS7;TAB2;RANBP2;RPS27A;ST3GAL2;SEC13;PRMT1;RPS16;PRKCSH;SEC24B;IKBKB;HSP90AA1;PARP9;AAAS;MAGT1;ST6GALNAC4;RPS8;RPS27L;MAP3K7;AKT2;NOD2;IFNAR1;SEC24C;RPS2;EDEM2;UBE2V1;MGAT5;ST3GAL3;SDC4;POM121C;SFTPD;DDOST;RPS3;TBK1;TAB3;CHMP6,Non-classical monocytes
prerank,Reactome_2022__Detoxification Of Reactive Oxygen Species R-HSA-3299685,0.7804612225074437,1.3448401695862375,0.08144796380090498,0.3686244319818003,1.0,10/33,4.84%,PRDX1;CYBA;ATOX1;CYCS;CYBB;GSTP1;CCS;PRDX2;SOD1;TXN2,Non-classical monocytes
prerank,Reactome_2022__Ribosomal Scanning And Start Codon Recognition R-HSA-72702,0.7182920457608643,1.3428137287763444,0.07192254495159059,0.37551316944328733,1.0,31/57,6.09%,RPS9;EIF3G;RPS12;RPS4X;FAU;RPS29;RPS21;RPS25;RPS24;RPS5;RPS28;RPS15;RPSA;RPS13;EIF4A1;RPS27;RPS19;EIF1AX;EIF5;EIF4H;RPS7;EIF3F;RPS27A;RPS16;EIF3I;EIF3J;RPS8;RPS27L;RPS2;EIF3B;RPS3,Non-classical monocytes
prerank,Reactome_2022__Disorders Of Transmembrane Transporters R-HSA-5619115,0.6494686792390026,1.3422098006198897,0.02955082742316785,0.3761803751413236,1.0,53/176,10.55%,PSMA7;PSMA4;NUP214;PSME1;PSME2;PSMB6;PSMB4;PSMC3;PSMB1;PSMA1;PSMB3;PSMA2;PSMB8;ABCA1;PSMC6;PSMD9;PSMB9;UBC;UBB;PSMB2;SLC27A4;UBA52;RANBP2;RPS27A;SEC13;PSMC4;RNF185;SLC9A9;ERLIN2;PSME4;AAAS;PSMB7;PSMD14;POM121C;PSMD4;PSMC5;PSMD7;ABCD1;NUP50;PSMA5;MAP4K5;NUP133;PSMC1;NUP35;ERLIN1;PSMA6;NUP88;ERLEC1;NUP98;SLC9A7;SLC17A5;SLC33A1;SEM1,Non-classical monocytes
prerank,Reactome_2022__TICAM1-dependent Activation Of IRF3/IRF7 R-HSA-9013973,0.9077405397895157,1.3420302469421965,0.03715670436187399,0.37485257255057536,1.0,9/12,7.32%,IRF3;TANK;TICAM1;UBC;UBB;UBA52;RPS27A;TBK1;IKBKE,Non-classical monocytes
prerank,Reactome_2022__Signaling By Insulin Receptor R-HSA-74752,0.6987017265272903,1.3412924193269433,0.04696132596685083,0.37602754016928797,1.0,30/77,12.43%,ATP6V0B;GAB2;ATP6V1F;ATP6V0E1;FRS2;ATP6AP1;GRB2;ATP6V1G1;SOS1;PIK3CA;ATP6V1E1;AKT2;ATP6V1A;ATP6V0A1;NRAS;ATP6V1C1;FLT3LG;ATP6V0A2;ATP6V0D1;PIGU;TRIB3;MAPK1;ATP6V0A4;PIK3R4;KL;PIK3C3;GRB10;TCIRG1;FGF9;FGFR1,Non-classical monocytes
prerank,Reactome_2022__Phase 0 - Rapid Depolarisation R-HSA-5576892,-0.7018780710251676,-1.3364594353074382,0.11695906432748537,1.0,1.0,6/32,10.67%,CALM1;CAMK2G;CAMK2D;CACNB1;CACNB2;CACNA1C,Non-classical monocytes
prerank,Reactome_2022__Gastrulation R-HSA-9758941,0.8577483294296978,1.3363036894728348,0.06891271056661562,0.39803238543724767,1.0,5/17,10.29%,CTNNB1;SMAD3;SMAD2;TCF7;SMAD4,Non-classical monocytes
prerank,"Reactome_2022__TICAM1,TRAF6-dependent Induction Of TAK1 Complex R-HSA-9014325",0.9039001340951905,1.335354751483005,0.04051863857374392,0.40026892576436807,1.0,8/11,6.38%,TICAM1;UBC;UBB;UBA52;TAB2;RPS27A;MAP3K7;TAB3,Non-classical monocytes
prerank,Reactome_2022__Protein Localization R-HSA-9609507,0.6482658920172228,1.3349341359977454,0.030267753201396973,0.4000212452789712,1.0,53/163,8.21%,CHCHD2;VAPA;SEC61G;IDH3G;TOMM6;ATP5F1B;CHCHD10;HMOX1;ATP5MC1;SERP1;COQ2;COA4;CS;TIMM13;UBC;NDUFB8;UBB;UBE2J2;FIS1;STX5;UBA52;UBE2D2;CHCHD5;TOMM7;ABCD3;RPS27A;HSPD1;UBE2D3;CMC2;TIMM10;TIMM50;SLC25A13;COX17;TIMM17A;SAMM50;GET3;CHCHD7;ACOT8;FXN;ECI2;CHCHD3;GSTK1;PEX6;TIMM44;TOMM20;ABCD1;SEC61B;HMGCL;PHYH;TOMM5;UBE2D1;AGPS;PEX13,Non-classical monocytes
prerank,Reactome_2022__SARS-CoV-2 Activates/Modulates Innate And Adaptive Immune Responses R-HSA-9705671,0.6610165602513866,1.3349294744205065,0.043914680050188205,0.39776923272645326,1.0,43/119,10.04%,STAT1;HLA-C;STAT2;NUP214;B2M;ISG15;HLA-E;TLR1;RIPK2;IRF3;CREBBP;TRIM25;NOD1;HLA-B;TAB2;RANBP2;SEC13;SEC24B;IKBKB;HSP90AA1;AAAS;MAP3K7;NOD2;IFNAR1;SEC24C;UBE2V1;POM121C;SFTPD;TBK1;TAB3;NUP50;LARP1;IKBKE;G3BP1;MAVS;IRAK1;NUP133;TOMM70;NUP35;KPNA2;NUP88;IFNAR2;NUP98,Non-classical monocytes
prerank,Reactome_2022__mRNA Splicing - Minor Pathway R-HSA-72165,0.7457967529987249,1.3331291001756607,0.05300859598853868,0.40409908406037065,1.0,32/49,9.44%,POLR2J;SNRPE;SNRPD3;POLR2L;SNRPD2;SNRPG;SRSF6;POLR2K;SNRPB;TXNL4A;POLR2A;GTF2F2;SNRPF;ZRSR2;NCBP1;POLR2G;SNRNP200;POLR2D;SRSF1;POLR2E;POLR2C;POLR2B;SNRNP25;SNRNP40;SF3B5;SRSF2;SRSF7;SNRNP35;PRPF6;POLR2F;ZMAT5;SF3B2,Non-classical monocytes
prerank,Reactome_2022__Negative Regulation Of MET Activity R-HSA-6807004,0.8397051917684919,1.3326596594738667,0.06729264475743349,0.404163681438644,1.0,13/21,7.77%,PTPN2;GRB2;EPS15;UBC;UBB;UBA52;RPS27A;SOS1;SH3GL1;STAM;USP8;PTPRJ;PTPN1,Non-classical monocytes
prerank,Reactome_2022__Metallothioneins Bind Metals R-HSA-5661231,0.9059417784098563,1.3320322066757107,0.06050420168067227,0.40500603398230645,1.0,1/11,0.01%,MT2A,Non-classical monocytes
prerank,Reactome_2022__Growth Hormone Receptor Signaling R-HSA-982772,0.8026389941731434,1.3314452625934383,0.09186746987951808,0.40582544543831406,1.0,11/24,10.35%,STAT1;LYN;STAT3;SH2B1;STAT5B;SOCS3;CISH;JAK2;PTPN1;SOCS1;MAPK1,Non-classical monocytes
prerank,Reactome_2022__Regulation Of IFNG Signaling R-HSA-877312,0.8823806090296693,1.3307558586396655,0.0759493670886076,0.4068181414325005,1.0,8/14,7.77%,STAT1;PTPN2;IFNGR1;SUMO1;IFNGR2;SOCS3;JAK2;PTPN1,Non-classical monocytes
prerank,Reactome_2022__IRF3-mediated Induction Of Type I IFN R-HSA-3270619,0.8967793063366979,1.330716432280912,0.07885906040268456,0.4047910785988245,1.0,6/12,6.89%,IRF3;IFI16;DDX41;PRKDC;TBK1;XRCC5,Non-classical monocytes
prerank,Reactome_2022__SARS-CoV Infections R-HSA-9679506,0.6181175648644158,1.3306951040765096,0.010893246187363835,0.4026592592848598,1.0,127/362,9.12%,RPS9;STAT1;HLA-C;STAT2;NUP214;RPS12;RPS4X;SNRPE;PTGES3;CHMP2A;B2M;ISCU;ISG15;FAU;AP2S1;RPS29;HLA-E;IFNGR1;MAP1LC3B;RPS21;SNRPD3;TLR1;RIPK2;RPS25;SNRPD2;IRF3;ITGB1;SNRPG;RPS24;RPS5;CREBBP;FKBP1A;RPS28;RPS15;GATAD2B;ATP1B1;SNRPB;RPSA;SUMO1;RPS13;TRIM25;GRB2;NR3C1;SAP18;FXYD2;PARP14;NOD1;VPS41;HLA-B;DAD1;RPS27;UBC;RB1;YWHAH;SNRPF;RPS19;UBB;UBA52;SAP30L;ST3GAL1;RBX1;RPS7;TAB2;RANBP2;RPS27A;ST3GAL2;SOS1;SEC13;PRMT1;NFE2L2;RPS16;PRKCSH;SEC24B;IKBKB;HSP90AA1;TUBB;PARP9;AAAS;IFNGR2;MAGT1;ST6GALNAC4;RPS8;RPS27L;MAP3K7;MTA2;AKT2;AP2A2;NOD2;IFNAR1;SEC24C;RPS2;MTA1;PHF21A;HDAC2;EDEM2;UBE2V1;MGAT5;ST3GAL3;SDC4;POM121C;SFTPD;DDOST;RPS3;TBK1;TAB3;CHMP6;JAK2;AP2A1;NUP50;LARP1;IKBKE;G3BP1;MAVS;PARP6;IRAK1;UVRAG;RBBP4;RPS11;NUP133;PARP10;FXYD4;TOMM70;RPS17;RIPK1;JAK3;NUP35;KPNA2,Non-classical monocytes
prerank,Reactome_2022__Regulation Of mRNA Stability By Proteins That Bind AU-rich Elements R-HSA-450531,0.681984508839461,1.3299351066933913,0.0534045393858478,0.40375926845130317,1.0,38/88,6.24%,ZFP36L1;PSMA7;PSMA4;NUP214;PSME1;PSME2;PSMB6;PSMB4;PSMC3;HSPA8;ANP32A;PSMB1;PSMA1;PSMB3;PSMA2;PSMB8;XRN1;PSMC6;PSMD9;PSMB9;TNFSF13;UBC;UBB;PSMB2;UBA52;RPS27A;PSMC4;KHSRP;PRKCA;PSME4;PARN;PSMB7;HSPA1A;PSMD14;EXOSC1;PSMD4;PSMC5;PSMD7,Non-classical monocytes
prerank,Reactome_2022__Regulation Of Innate Immune Responses To Cytosolic DNA R-HSA-3134975,0.8714347804273066,1.3272748936105556,0.07214765100671142,0.41422971206075004,1.0,8/14,6.11%,IRF3;TRIM21;DDX41;UBC;UBB;UBA52;RPS27A;TBK1,Non-classical monocytes
prerank,"Reactome_2022__Incretin Synthesis, Secretion, And Inactivation R-HSA-400508",0.8089366052411446,1.3260677336315714,0.09813084112149532,0.418068395080249,1.0,3/24,3.10%,SEC11C;CTNNB1;GNB1,Non-classical monocytes
prerank,Reactome_2022__p75NTR Recruits Signaling Complexes R-HSA-209543,0.8832321934637782,1.3248975760614567,0.05638474295190713,0.4215980218152815,1.0,8/13,3.90%,RIPK2;SQSTM1;MYD88;UBC;UBB;UBA52;RPS27A;IKBKB,Non-classical monocytes
prerank,Reactome_2022__Mitochondrial Translation Elongation R-HSA-5389840,0.6899355829540086,1.3245700703783743,0.0692410119840213,0.4208639053168145,1.0,27/82,6.28%,AURKAIP1;MRPL51;CHCHD1;MRPS18C;MRPS25;MRPS6;MRPL33;MRPL43;MRPL14;MRPS34;MRPS21;MRPL52;MRPL18;MRPS31;MRPS5;TSFM;MRPL39;MRPL37;MRPS15;MRPL13;MRPS24;MRPS9;MRPL23;MRPS16;MRPS10;MRPL20;MRPL24,Non-classical monocytes
prerank,Reactome_2022__PI-3K cascade:FGFR1 R-HSA-5654689,0.8076753945306103,1.3239426693868903,0.10084033613445378,0.42154099079147606,1.0,7/21,12.43%,FRS2;GRB2;PIK3CA;PIGU;KL;FGF9;FGFR1,Non-classical monocytes
prerank,Reactome_2022__FLT3 Signaling In Disease R-HSA-9682385,0.7892948393139301,1.323892523262637,0.07936507936507936,0.4195732564634455,1.0,15/27,9.42%,GAB2;ETV6;CDKN1A;GRB2;UBC;UBB;UBA52;RPS27A;SOS1;PIK3CA;STAT5B;NRAS;FLT3LG;ZMYM2;LONP1,Non-classical monocytes
prerank,Reactome_2022__IRAK2 Mediated Activation Of TAK1 Complex Upon TLR7/8 Or 9 Stimulation R-HSA-975163,0.864554953342797,1.3226816699674548,0.06581059390048154,0.4230082860308661,1.0,10/14,6.38%,TICAM1;UBC;UBB;UBA52;TAB2;RPS27A;LY96;MAP3K7;NDUFA2;TAB3,Non-classical monocytes
prerank,Reactome_2022__Synthesis Of Prostaglandins (PG) And Thromboxanes (TX) R-HSA-2162123,0.8512376801603705,1.3222679157540993,0.10112359550561797,0.42282962735256474,1.0,3/15,1.14%,PTGES3;TBXAS1;CBR1,Non-classical monocytes
prerank,Reactome_2022__Biological Oxidations R-HSA-211859,0.6294001075262164,1.322128028513892,0.025374855824682813,0.4212848066161157,1.0,34/210,9.64%,MGST3;AURKAIP1;GSTO1;PTGES3;AKR1A1;TBXAS1;PAPSS1;TRMT112;CNDP2;NCOA2;ESD;MAT2B;MGST2;AKR7A2;GSTP1;RXRA;CYP51A1;FDX1;GSTK1;BPHL;CES2;ALDH2;CYP4V2;FDX2;MTRR;MTR;MAT2A;PTGS1;NQO2;FDXR;DPEP1;COMT;PRNP;PAPSS2,Non-classical monocytes
prerank,MSigDB_Hallmark_2020__Apoptosis,0.6461617062368975,1.3217017320376359,0.05024509803921569,0.23451119938210302,0.793,46/159,7.56%,IFITM3;TNFSF10;GADD45B;BAX;TSPO;GPX4;DNAJA1;BID;IFNGR1;CASP1;BNIP3L;SQSTM1;CDKN1A;HMOX1;IRF1;BIRC3;CREBBP;BTG2;GCH1;CTNNB1;MGMT;FAS;TIMP2;NEDD9;CD14;SAT1;IER3;ISG20;CASP3;TAP1;PAK1;SOD2;SOD1;IGFBP6;CDC25B;SLC20A1;CASP8;DPYD;PSEN1;GADD45A;LMNA;SMAD7;TNF;CASP2;ADD1;CD38,Non-classical monocytes
prerank,Reactome_2022__SLBP Independent Processing Of Histone Pre-mRNAs R-HSA-111367,0.9201706108788874,1.3211036419735347,0.04584040747028863,0.4241727370575518,1.0,7/10,4.07%,SNRPE;SNRPD3;SNRPG;SNRPB;LSM10;SNRPF;NCBP1,Non-classical monocytes
prerank,MSigDB_Hallmark_2020__Myc Targets V1,0.6292489986169977,1.3206267847448778,0.04363207547169811,0.2136146971201589,0.796,84/196,7.37%,PSMA7;RAN;PPIA;PSMA4;EEF1B2;PTGES3;RSL1D1;NDUFAB1;PGK1;DDX21;ERH;SRSF3;CCT7;ACP1;SNRPD3;APEX1;RPL14;SNRPD2;DEK;PSMA1;PSMB3;SNRPG;UBE2E1;PSMA2;RPS5;IFRD1;NME1;RANBP1;RACK1;HNRNPA2B1;POLE3;PSMC6;TXNL4A;HPRT1;COX5A;TRIM28;EIF4A1;RPL6;EIF1AX;PPM1G;DHX15;EIF4H;PSMB2;RNPS1;RPL34;AIMP2;PRPF31;SNRPD1;MCM7;SF3A1;RPL18;PHB;HSPD1;PSMC4;CYC1;SLC25A3;RUVBL2;NCBP1;EIF3J;PCNA;SRSF1;KPNB1;NHP2;RPS2;HDAC2;PSMD14;MRPL23;EIF3B;CLNS1A;SSBP1;RPL22;RPS3;ORC2;PSMD7;HNRNPC;LSM2;RRP9;U2AF1;SRSF2;EIF3D;HNRNPU;CCT5;PA2G4;G3BP1,Non-classical monocytes
prerank,MSigDB_Hallmark_2020__DNA Repair,0.6407031015172048,1.319255492867799,0.04156479217603912,0.1970705064548163,0.802,69/150,10.49%,POLR2J;GPX4;SURF1;ARL6IP1;TAF10;GTF2A2;CDA;REV3L;APRT;SRSF6;NT5C;NME1;NT5C3A;POLR2K;ERCC1;SUPT4H1;HPRT1;POLR2A;DAD1;RAE1;EDF1;PNP;MPG;DCTN4;RBX1;TAF6;ERCC3;GTF2H5;ERCC4;SNAPC5;PDE4B;VPS28;SEC61A1;ITPA;CMPK2;POLR2G;COX17;RFC2;AAAS;POLE4;RPA3;POLR2D;SDCBP;PCNA;ALYREF;ZNRD1;POLR2E;POLR2C;NELFB;EIF1B;NME4;POLD1;XPC;AGO4;DDB1;SMAD5;POLR1D;POLA1;NELFCD;POLR2F;SSRP1;POLR3C;POLA2;ZWINT;ELL;NFX1;TAF13;RFC3;DGCR8,Non-classical monocytes
prerank,Reactome_2022__Signaling By Interleukins R-HSA-449147,0.6044477436394773,1.3187230580912424,0.008394543546694649,0.43310516379994823,1.0,121/451,6.87%,LGALS9;STAT1;STAT2;PSMA7;PPIA;PSMA4;AURKAIP1;GSTO1;PSME1;NFKB1;PSME2;PTPN2;PSMB6;PSMB4;FBXW11;PSMC3;MEF2C;STXBP2;HSPA8;GAB2;CEBPD;FYN;IL15;CASP1;RIPK2;SQSTM1;PSMB1;CDKN1A;HMOX1;CCL3;PSMA1;SKP1;CCM2;PSMB3;ITGB1;NFKBIA;PSMA2;TANK;MYD88;HNRNPA2B1;PSMB8;HNRNPF;GRB2;PSMC6;PSMD9;MAP2K4;TALDO1;NOD1;PSMB9;LYN;CD4;UBC;UBB;PSMB2;AGER;UBA52;MAP3K3;RBX1;TAB2;SMAD3;RPS27A;SOS1;RPS6KA2;CASP3;CCR1;PSMC4;TGFB1;PPP2CB;IL2RG;PIK3CA;PPP2CA;HCK;STAT3;PELI1;CD86;IL10RA;MAPKAPK3;CSF3R;TOX4;IKBKB;IL27RA;HSP90AA1;TXLNA;PRKCA;PTPN18;PSME4;SOD1;PTPN9;MAPK9;CCL3L1;IL1RN;BOLA2B;ICAM1;PELI3;MAP2K6;STAT5B;MAP3K7;CASP8;NOD2;SOCS3;IL1RAP;PSMB7;FPR1;PSMD14;UBE2V1;STX4;IL3RA;LMNB1;RAPGEF1;PSMD4;TBK1;BATF;PSMC5;PSMD7;ALPK1;CISH;TAB3;JAK2;PTPN23;CXCL2;PSMA5,Non-classical monocytes
prerank,Reactome_2022__Mitochondrial Translation Termination R-HSA-5419276,0.682729915614814,1.3182508556666201,0.07180851063829788,0.43324658742937777,1.0,29/82,8.28%,AURKAIP1;MRPL51;CHCHD1;MRPS18C;MRPS25;MRPS6;MRPL33;MRPL43;MRPL14;MRPS34;MRPS21;MRPL52;MRPL18;MRPS31;MRPS5;MRPL39;MRPL37;MRPS15;MRPL13;MRPS24;MRPS9;MRPL23;MRPS16;MRPS10;MRPL20;MRPL24;MRPL41;MRPL47;MRRF,Non-classical monocytes
prerank,Reactome_2022__Death Receptor Signaling R-HSA-73887,0.6474005918975478,1.3175030774722234,0.042131350681536554,0.4346337398260214,1.0,48/139,9.27%,TNFSF10;NFKB1;PSENEN;RIPK2;SQSTM1;ARHGEF1;NFKBIA;BIRC3;TANK;MYD88;ARHGEF11;RACK1;ITSN1;UBC;UBB;UBA52;HDAC3;TNFRSF10B;TAB2;RPS27A;SOS1;CASP3;BAD;RBCK1;NSMAF;RHOA;TRADD;IKBKB;TNFAIP3;USP4;VAV3;MAP3K7;CASP8;HDAC2;GNA13;APH1B;PSEN1;ARHGEF3;CASP10;TAB3;TNF;CASP2;IRAK1;ARHGEF12;ARHGEF7;PLEKHG2;RIPK1;OTULIN,Non-classical monocytes
prerank,"Reactome_2022__Formation Of Ternary Complex, And Subsequently, 43S Complex R-HSA-72695",0.7229640069737037,1.3175000153925893,0.09787234042553192,0.4324509668505897,1.0,28/50,6.09%,RPS9;EIF3G;RPS12;RPS4X;FAU;RPS29;RPS21;RPS25;RPS24;RPS5;RPS28;RPS15;RPSA;RPS13;RPS27;RPS19;EIF1AX;RPS7;EIF3F;RPS27A;RPS16;EIF3I;EIF3J;RPS8;RPS27L;RPS2;EIF3B;RPS3,Non-classical monocytes
prerank,Reactome_2022__Activation Of Matrix Metalloproteinases R-HSA-1592389,0.7777361353894106,1.3167872602891229,0.07526881720430108,0.4334841995309024,1.0,9/33,18.28%,TIMP2;MMP24;TIMP1;COL18A1;PLG;FURIN;MMP17;MMP2;MMP28,Non-classical monocytes
prerank,"Reactome_2022__mRNA Activation Upon Binding Of Cap-Binding Complex And eIFs, Subsequent Binding To 43S R-HSA-72662",0.7047322778000974,1.3166780445868733,0.0890125173852573,0.43178126976445186,1.0,31/58,6.09%,RPS9;EIF3G;RPS12;RPS4X;FAU;RPS29;RPS21;RPS25;RPS24;RPS5;RPS28;RPS15;RPSA;RPS13;EIF4EBP1;EIF4A1;RPS27;RPS19;EIF1AX;EIF4H;RPS7;EIF3F;RPS27A;RPS16;EIF3I;EIF3J;RPS8;RPS27L;RPS2;EIF3B;RPS3,Non-classical monocytes
prerank,Reactome_2022__PI-3K cascade:FGFR2 R-HSA-5654695,0.7857620852338092,1.3166388268940865,0.11822660098522167,0.4297790559262535,1.0,3/23,3.50%,FRS2;GRB2;PIK3CA,Non-classical monocytes
prerank,Reactome_2022__Cytoprotection By HMOX1 R-HSA-9707564,0.7186739344261597,1.3158836547096984,0.08648648648648649,0.4311974485817192,1.0,29/57,7.13%,COX5B;SURF1;COX6C;COX14;HMOX1;COX4I1;BLVRA;CREBBP;NCOA2;CYCS;BLVRB;COX5A;COX8A;HDAC3;SCO1;ABCC1;RXRA;COX7A2L;NFE2L2;COX7C;STAT3;COX18;TACO1;SCO2;COX7B;COX16;TBL1X;COX6B1;CHD9,Non-classical monocytes
prerank,Reactome_2022__TP53 Regulates Transcription Of Caspase Activators And Caspases R-HSA-6803207,0.8931993794309028,1.314379017201148,0.07179487179487179,0.4360521323580266,1.0,6/12,7.64%,ATM;CASP1;NLRC4;CASP10;CASP2;CRADD,Non-classical monocytes
prerank,Reactome_2022__Signaling By FGFR4 R-HSA-5654743,0.7412733996577737,1.3139485806736038,0.08755760368663594,0.4359159128137294,1.0,17/40,10.91%,FRS2;GRB2;UBC;UBB;UBA52;RPS27A;SOS1;PPP2CB;PIK3CA;PPP2CA;MKNK1;SRC;NRAS;BRAF;PIGU;MAPK1;FRS3,Non-classical monocytes
prerank,Reactome_2022__Neddylation R-HSA-8951664,0.6187846549667074,1.3129775632006906,0.028968713789107765,0.43841055539798945,1.0,82/236,9.94%,PSMA7;CARD16;PSMA4;PSME1;PSME2;NEDD8;PSMB6;PSMB4;FBXW11;PSMC3;COMMD10;COMMD9;SQSTM1;ELOB;PSMB1;PSMA1;SKP1;PSMB3;PSMA2;PUM2;PSMB8;PSMC6;PSMD9;PSMB9;CUL4A;UBC;UBB;COMMD7;PSMB2;UFD1;FBXO6;UBA52;UBE2D2;DCAF8;RBX1;FBXW5;UBE2F;NAE1;COMMD6;RPS27A;KLHL5;PSMC4;UBE2D3;NFE2L2;UBXN7;PSME4;TULP4;CCDC22;BTBD1;RBBP5;SOCS3;PSMB7;PSMD14;FBXL3;NUB1;PSMD4;PSMC5;PSMD7;CISH;DDB1;COMMD4;RNF7;PSMA5;FBXL4;COPS2;COMMD1;COPS4;UBE2D1;CUL9;FBXL5;CUL7;DCAF5;COMMD3;PSMC1;COMMD5;PSMA6;BTBD6;FBXO21;BTRC;FBXW9;KBTBD6;ASB7,Non-classical monocytes
prerank,Reactome_2022__Activation Of SMO R-HSA-5635838,-0.7755150692586132,-1.3129124839587363,0.13648293963254593,1.0,1.0,2/18,0.36%,ARRB2;CSNK1A1,Non-classical monocytes
prerank,Reactome_2022__Gluconeogenesis R-HSA-70263,0.7776777641072328,1.3115263455686996,0.09250398724082935,0.4433197351266133,1.0,8/30,8.33%,TPI1;PGK1;MDH1;FBP1;SLC25A13;SLC25A1;SLC37A4;MDH2,Non-classical monocytes
prerank,Reactome_2022__Regulation Of FZD By Ubiquitination R-HSA-4641263,0.8246768358559418,1.3107733473385847,0.09119496855345911,0.44474474408032666,1.0,5/20,6.18%,UBC;UBB;UBA52;RPS27A;USP8,Non-classical monocytes
prerank,MSigDB_Hallmark_2020__Adipogenesis,0.6253079360458164,1.3094527039188968,0.04413472706155633,0.2034570506454816,0.833,68/199,9.13%,UQCR11;MGST3;UQCRQ;NDUFAB1;IDH3G;GPX4;IFNGR1;CD302;CHCHD10;SUCLG1;ATP5PO;RREB1;NDUFS3;TANK;PIM3;CS;ABCA1;ITSN1;UCP2;TALDO1;ETFB;UBC;COX8A;NDUFA5;SQOR;SDHC;REEP5;GHITM;ACADM;SCP2;POR;CYC1;SDHB;SOD1;GPD2;NABP1;DECR1;SAMM50;PFKL;RIOK3;COX7B;PLIN2;GPHN;AK2;GADD45A;SLC25A1;SLC66A3;PREB;VEGFB;IDH3A;MTCH2;ALDH2;UQCR10;PHYH;TST;DGAT1;QDPR;PTGER3;TOB1;ECHS1;BCL2L13;MDH2;CAT;COX6A1;CD151;SLC5A6;HIBCH;UCK1,Non-classical monocytes
prerank,"Reactome_2022__Synthesis, Secretion, And Inactivation Of Glucagon-like Peptide-1 (GLP-1) R-HSA-381771",0.8089391388986924,1.3092390818457702,0.1147011308562197,0.4498465937019457,1.0,3/21,3.10%,SEC11C;CTNNB1;GNB1,Non-classical monocytes
prerank,Reactome_2022__SLBP Dependent Processing Of Replication-Dependent Histone Pre-mRNAs R-HSA-77588,0.8958925948297276,1.308707922747586,0.07082630691399663,0.45001608895731254,1.0,7/11,4.07%,SNRPE;SNRPD3;SNRPG;SNRPB;LSM10;SNRPF;NCBP1,Non-classical monocytes
prerank,Reactome_2022__Signaling By Hedgehog R-HSA-5358351,0.6431671849996596,1.3073105281493227,0.05815423514538559,0.45448546144909124,1.0,41/135,7.37%,PSMA7;PSMA4;PSME1;PSME2;PSMB6;PSMB4;PSMC3;PSMB1;PSMA1;SKP1;PSMB3;PSMA2;PSMB8;PSMC6;PSMD9;PSMB9;UBC;UBB;PSMB2;ARRB1;UBA52;RBX1;SYVN1;NUMB;RPS27A;PSMC4;PRKCA;PSME4;PRKAR2A;PSMB7;PSMD14;TTC21B;PSMD4;PSMC5;PSMD7;GNAS;ULK3;SUFU;PSMA5;GRK2;PRKAR2B,Non-classical monocytes
prerank,Reactome_2022__Mitochondrial Translation R-HSA-5368287,0.6756615695412401,1.307113354542607,0.08125819134993446,0.453269985072244,1.0,33/88,9.13%,AURKAIP1;MRPL51;CHCHD1;MRPS18C;MRPS25;MRPS6;MRPL33;MRPL43;MRPL14;MRPS34;MRPS21;MRPL52;MRPL18;MRPS31;MRPS5;TSFM;MRPL39;MRPL37;MRPS15;MTIF2;MRPL13;MRPS24;MRPS9;MRPL23;MRPS16;MRPS10;MRPL20;MRPL24;MRPL41;MRPL47;MRRF;MTIF3;MRPS36,Non-classical monocytes
prerank,Reactome_2022__Mitochondrial Translation Initiation R-HSA-5368286,0.6840188025951165,1.3067308564362987,0.07640750670241286,0.4527809321650553,1.0,27/82,6.28%,AURKAIP1;MRPL51;CHCHD1;MRPS18C;MRPS25;MRPS6;MRPL33;MRPL43;MRPL14;MRPS34;MRPS21;MRPL52;MRPL18;MRPS31;MRPS5;MRPL39;MRPL37;MRPS15;MTIF2;MRPL13;MRPS24;MRPS9;MRPL23;MRPS16;MRPS10;MRPL20;MRPL24,Non-classical monocytes
prerank,Reactome_2022__Dual Incision In TC-NER R-HSA-6782135,0.6907885184003534,1.3066272377615964,0.0860655737704918,0.4512003775905762,1.0,28/64,6.48%,POLR2J;POLR2L;HMGN1;POLR2K;ERCC1;POLE3;CUL4A;POLR2A;UBC;UBB;UBA52;RBX1;ERCC3;RPS27A;GTF2H5;ERCC4;POLR2G;RFC2;POLE4;RPA3;POLR2D;PCNA;POLR2E;POLR2C;POLR2B;GTF2H4;POLD1;DDB1,Non-classical monocytes
prerank,Reactome_2022__PTEN Regulation R-HSA-6807070,0.6412770286442501,1.3054534452681459,0.04791154791154791,0.4546896208652377,1.0,52/138,8.43%,VAPA;PSMA7;PSMA4;PSME1;PSME2;PSMB6;PSMB4;PSMC3;AGO3;PSMB1;PSMA1;PSMB3;PSMA2;GATAD2B;MKRN1;PSMB8;PSMC6;PSMD9;SUZ12;PSMB9;WWP2;LAMTOR4;UBC;UBB;CNOT6L;PSMB2;RNF2;UBA52;HDAC3;RPS27A;PSMC4;PSME4;TRIM27;LAMTOR5;EZH2;MTA2;AKT2;PSMB7;MTA1;HDAC2;PSMD14;PSMD4;PSMC5;PSMD7;AGO4;RRAGD;PSMA5;CSNK2B;TNRC6C;RBBP4;NEDD4;RPTOR,Non-classical monocytes
prerank,Reactome_2022__Dual Incision In GG-NER R-HSA-5696400,0.7303662252323658,1.3050882253738936,0.09852941176470588,0.4544850553542921,1.0,18/41,6.48%,ERCC1;POLE3;CUL4A;UBC;UBB;UBA52;RBX1;ERCC3;RPS27A;GTF2H5;ERCC4;RFC2;POLE4;RPA3;PCNA;GTF2H4;POLD1;DDB1,Non-classical monocytes
prerank,Reactome_2022__Signaling By Cytosolic FGFR1 Fusion Mutants R-HSA-1839117,0.8363756319543781,1.3037872668472592,0.1152542372881356,0.45862850075164296,1.0,9/16,4.89%,STAT1;LRRFIP1;CUX1;GAB2;GRB2;TRIM24;PIK3CA;STAT3;STAT5B,Non-classical monocytes
prerank,Reactome_2022__G2/M Checkpoints R-HSA-69481,0.6404297527627626,1.303703122042703,0.06165228113440197,0.4568867785951287,1.0,54/130,10.55%,ATM;PSMA7;PSMA4;PSME1;PSME2;PSMB6;PSMB4;PSMC3;PSMB1;PSMA1;PSMB3;PSMA2;PSMB8;PSMC6;PSMD9;PSMB9;UBC;YWHAH;UBB;PSMB2;UBA52;MCM7;RPS27A;PSMC4;PSME4;RNF168;ORC5;TOPBP1;RFC2;RPA3;TOP3A;BRCC3;PSMB7;PSMD14;BABAM1;PSMD4;TP53BP1;PSMC5;PSMD7;PSMA5;ORC4;RAD50;RHNO1;BARD1;ABRAXAS1;PSMC1;PSMA6;CCNB1;MCM4;DBF4;ORC6;REXO2;RFC3;SEM1,Non-classical monocytes
prerank,Reactome_2022__Signaling By KIT In Disease R-HSA-9669938,0.8057929451168165,1.3034744065177797,0.11451612903225807,0.45590677834335963,1.0,11/19,6.56%,STAT1;FYN;GRB2;LYN;SOS1;PIK3CA;STAT3;SRC;STAT5B;NRAS;JAK2,Non-classical monocytes
prerank,Reactome_2022__Alpha-protein Kinase 1 Signaling Pathway R-HSA-9645460,0.884462731148253,1.302779679812596,0.08108108108108109,0.45709576279078873,1.0,9/11,8.12%,UBC;UBB;UBA52;TAB2;RPS27A;MAP3K7;ALPK1;TAB3;TIFA,Non-classical monocytes
prerank,Reactome_2022__Translation Initiation Complex Formation R-HSA-72649,0.7006197239862942,1.3017067155758604,0.10084033613445378,0.45998522177207884,1.0,30/57,6.09%,RPS9;EIF3G;RPS12;RPS4X;FAU;RPS29;RPS21;RPS25;RPS24;RPS5;RPS28;RPS15;RPSA;RPS13;EIF4A1;RPS27;RPS19;EIF1AX;EIF4H;RPS7;EIF3F;RPS27A;RPS16;EIF3I;EIF3J;RPS8;RPS27L;RPS2;EIF3B;RPS3,Non-classical monocytes
prerank,Reactome_2022__TRAF6-mediated Induction Of TAK1 Complex Within TLR4 Complex R-HSA-937072,0.8423638264741536,1.3005465877614746,0.09339774557165861,0.4634182221678513,1.0,10/15,6.38%,TICAM1;UBC;UBB;UBA52;TAB2;RPS27A;LY96;MAP3K7;NDUFA2;TAB3,Non-classical monocytes
prerank,Reactome_2022__Interleukin-2 Family Signaling R-HSA-451927,0.7299523414530001,1.300229637278283,0.11688311688311688,0.46273479802765727,1.0,13/44,7.13%,LGALS9;STAT1;GAB2;IL15;GRB2;SOS1;IL2RG;PIK3CA;STAT3;STAT5B;IL3RA;JAK2;IL21R,Non-classical monocytes
prerank,Reactome_2022__Gap-filling DNA Repair Synthesis And Ligation In TC-NER R-HSA-6782210,0.6900439032481104,1.2990276142822554,0.08791208791208792,0.46637134086060544,1.0,29/63,8.25%,POLR2J;POLR2L;HMGN1;POLR2K;POLE3;CUL4A;POLR2A;UBC;UBB;UBA52;RBX1;ERCC3;RPS27A;GTF2H5;POLR2G;RFC2;POLE4;RPA3;POLR2D;PCNA;POLR2E;POLR2C;POLR2B;GTF2H4;POLD1;XRCC1;DDB1;CCNH;POLR2F,Non-classical monocytes
prerank,Reactome_2022__PIP3 Activates AKT Signaling R-HSA-1257604,0.6096414192554911,1.298232000472814,0.025959367945823927,0.46798910337504696,1.0,78/267,8.61%,VAPA;PSMA7;PSMA4;PSME1;PSME2;PSMB6;PSMB4;PSMC3;GAB2;FYN;AGO3;PSMB1;CDKN1A;PSMA1;PSMB3;PSMA2;MYD88;FRS2;GATAD2B;MKRN1;PSMB8;GRB2;PPP2R5C;PSMC6;PSMD9;SUZ12;PSMB9;WWP2;LAMTOR4;UBC;UBB;CNOT6L;PSMB2;RHOG;RNF2;UBA52;PIP4K2A;HDAC3;IER3;RPS27A;SOS1;PSMC4;BAD;PPP2CB;PIK3CA;PPP2CA;CD86;PSME4;TRIM27;LAMTOR5;EZH2;SRC;MTA2;AKT2;IL1RAP;PSMB7;MTA1;MAPKAP1;HDAC2;PSMD14;PIP5K1A;PSMD4;PSMC5;PSMD7;AGO4;RRAGD;PSMA5;CSNK2B;FLT3LG;PIP4K2C;PIK3AP1;IRAK1;TNRC6C;RBBP4;NEDD4;RPTOR;RPS6KB2;PIP4K2B,Non-classical monocytes
prerank,Reactome_2022__Mitochondrial Fatty Acid Beta-Oxidation R-HSA-77289,0.7359851279461107,1.2982168151935294,0.10149253731343283,0.4659797762022181,1.0,17/36,12.29%,NDUFAB1;DBI;PCCA;ACBD6;ACADM;ACOT13;ACADVL;DECR1;ACOT9;ECI1;ECHS1;HADHA;ACADS;ACOT11;ACAD10;PCCB;ACOT2,Non-classical monocytes
prerank,Reactome_2022__Neutrophil Degranulation R-HSA-6798695,0.5946476953151277,1.2978992371689875,0.011591148577449948,0.4653349740086759,1.0,148/461,8.50%,S100A11;VAPA;HLA-C;TYROBP;PPIA;VAMP8;PLAC8;FTL;SERPINA1;C3AR1;PLAUR;NFKB1;BST2;CST3;ADA2;CTSC;GMFG;FCN1;B2M;FCER1G;MNDA;CYBA;PSMC3;PYCARD;HSPA8;PAFAH1B2;COMMD9;CDA;NPC2;SIRPB1;PSMB1;CD63;LAIR1;DYNLL1;CD68;DERA;PSMA2;APRT;CD53;PKM;NFAM1;DYNLT1;RAB18;B4GALT1;CAB39;CPNE1;LYZ;HUWE1;AGPAT2;DNAJC5;FTH1;C5AR1;TOM1;GRN;DBNL;RAB14;ATP11A;HLA-B;CYBB;SURF4;TIMP2;PDXK;TMEM30A;RHOG;GSTP1;GYG1;KCNAB2;TBC1D10C;ANO6;PTPRC;OSTF1;DDX3X;FCGR2A;KCMF1;RHOA;PRKCSH;A1BG;HSP90AA1;DPP7;NDUFC2;CTSS;CLEC12A;CD47;TUBB;PRCP;CSTB;PTX3;MAGT1;SDCBP;ATP6AP2;ITGAL;PFKL;SERPINB1;PGM2;KPNB1;AP2A2;APEH;TRAPPC1;PSMB7;HSPA1A;DEGS1;FPR1;IQGAP1;ATP6V0A1;CTSZ;NRAS;PSMD14;NDUFA2;PSEN1;CTSH;DDOST;PSMD7;S100A8;SVIP;CTSB;RAB6A;ALDH3B1;BST1;GNS;TSPAN14;PSMA5;XRCC5;SIGLEC9;LPCAT1;DNASE1L1;CLEC5A;DOCK2;PTPRJ;PA2G4;CSNK2B;HPSE;VCL;NAPRT;DGAT1;FAF2;CYSTM1;MAN2B1;CEACAM21;GLB1;OSCAR;NBEAL2;PLEKHO2;RAB5B;ADAM8;DYNC1H1;FCAR;COMMD3;ILF2,Non-classical monocytes
prerank,Reactome_2022__Transferrin Endocytosis And Recycling R-HSA-917977,0.7600537188432711,1.2975674564890305,0.11472868217054263,0.46482508764188996,1.0,14/31,9.08%,ATP6V0B;ATP6V1F;ATP6V0E1;ATP6AP1;ATP6V1G1;MCOLN1;ATP6V1E1;ATP6V1A;ATP6V0A1;ATP6V1C1;TFRC;ATP6V0A2;ATP6V0D1;HFE,Non-classical monocytes
prerank,Reactome_2022__IRAK2 Mediated Activation Of TAK1 Complex R-HSA-937042,0.8874543596679602,1.297274447715301,0.07628524046434494,0.46410522741072957,1.0,7/10,6.38%,UBC;UBB;UBA52;TAB2;RPS27A;MAP3K7;TAB3,Non-classical monocytes
prerank,Reactome_2022__Dermatan Sulfate Biosynthesis R-HSA-2022923,-0.8495093131986102,-1.295395044368395,0.13366336633663367,1.0,1.0,3/11,5.14%,VCAN;DSE;CHST14,Non-classical monocytes
prerank,Reactome_2022__Pentose Phosphate Pathway R-HSA-71336,0.8483028431878998,1.2936742946999937,0.11423841059602649,0.47911133557386215,1.0,5/14,5.08%,PGLS;DERA;TALDO1;RPIA;PGM2,Non-classical monocytes
prerank,Reactome_2022__Carboxyterminal Post-Translational Modifications Of Tubulin R-HSA-8955332,0.7328641724119402,1.293455318641764,0.10616929698708752,0.4780433209015726,1.0,7/39,4.22%,TUBA1C;TUBA1A;TUBA1B;AGTPBP1;VASH1;TPGS1;TUBB,Non-classical monocytes
prerank,Reactome_2022__Listeria Monocytogenes Entry Into Host Cells R-HSA-8876384,0.8180385605627575,1.2934154709529502,0.1095679012345679,0.47615378159783983,1.0,10/19,4.91%,CTNNB1;GRB2;EPS15;UBC;UBB;UBA52;RPS27A;SH3GL1;SRC;STAM,Non-classical monocytes
prerank,Reactome_2022__Reactions Specific To Complex N-glycan Synthesis Pathway R-HSA-975578,-0.8594748840392062,-1.291851579576732,0.15151515151515152,1.0,1.0,3/10,9.66%,MAN2A1;MAN2A2;FUCA1,Non-classical monocytes
prerank,Reactome_2022__rRNA Modification In Nucleus And Cytosol R-HSA-6790901,0.7015117390326371,1.2917476344718448,0.1002710027100271,0.48195707094355156,1.0,31/60,11.24%,RPS9;NOP10;TRMT112;SNU13;IMP4;RPS7;BMS1;KRR1;NOC4L;NOP2;UTP11;RRP7A;WDR75;NHP2;UTP4;RPS2;RRP9;WDR3;NOL6;UTP18;RCL1;DIMT1;UTP3;RPS14;PWP2;PDCD11;DKC1;RPS6;GAR1;DCAF13;NOP56,Non-classical monocytes
prerank,Reactome_2022__Antigen Processing: Ubiquitination And Proteasome Degradation R-HSA-983168,0.5967636329705174,1.2915278879404615,0.0319031903190319,0.4808328867856361,1.0,101/306,10.78%,UBE2L6;PSMA7;PSMA4;PSME1;PSME2;PSMB6;RNF213;PSMB4;FBXW11;PSMC3;ELOB;PSMB1;UBE2E2;PSMA1;SKP1;PSMB3;UBE2R2;UBE2E1;PSMA2;MKRN1;PSMB8;ANAPC11;ANAPC4;HUWE1;PSMC6;PSMD9;TRIM21;PSMB9;UBE2J1;ANAPC5;UBC;UBB;UBE2J2;PSMB2;FBXO6;UBA52;UBE2D2;RBX1;FBXW5;UBE2F;UBE2E3;UBE3C;RPS27A;KLHL5;CDC27;PSMC4;RBCK1;UBE2D3;PSME4;RNF19A;TRIP12;HERC5;DCAF1;UBE2W;RNF114;BTBD1;SOCS3;PSMB7;CDC26;PSMD14;UBE2V1;FBXL3;PSMD4;PSMC5;PSMD7;HERC6;RNF7;PSMA5;FBXL4;UBR2;UBE2D1;PRKN;FBXL5;CDC16;UBE3B;CUL7;NEDD4;HERC4;UBR4;PSMC1;TRIM11;PSMA6;BTBD6;FBXO21;LNPEP;BTRC;FBXW9;KBTBD6;SOCS1;ASB7;RNF14;ZNRF1;SMURF2;FBXO31;UBE2K;SEM1;UBE2D4;UBE2G1;DET1;RNF111;KLHL3,Non-classical monocytes
prerank,Reactome_2022__Interleukin-20 Family Signaling R-HSA-8854691,0.7770530088222746,1.2912516920385613,0.11755233494363929,0.4799951670363332,1.0,6/26,6.56%,STAT1;STAT2;STAT3;STAT5B;SOCS3;JAK2,Non-classical monocytes
prerank,Reactome_2022__Formation Of Early Elongation Complex R-HSA-113418,0.7465497333239349,1.2884805436433382,0.10869565217391304,0.4912735979393519,1.0,19/33,8.25%,POLR2J;POLR2L;POLR2K;SUPT4H1;POLR2A;GTF2F2;ERCC3;GTF2H5;NCBP1;POLR2G;POLR2D;POLR2E;POLR2C;POLR2B;NELFB;GTF2H4;CCNH;NELFCD;POLR2F,Non-classical monocytes
prerank,Reactome_2022__PI-3K cascade:FGFR4 R-HSA-5654720,0.7948955726667805,1.287048598369048,0.13921901528013583,0.49601323870963154,1.0,5/20,12.41%,FRS2;GRB2;PIK3CA;PIGU;FGF9,Non-classical monocytes
prerank,Reactome_2022__Regulation Of TP53 Degradation R-HSA-6804757,0.7284292825394757,1.286829452442401,0.13293051359516617,0.49494155575458737,1.0,12/36,5.40%,ATM;PHF20;SGK1;PPP2R5C;UBC;UBB;UBA52;RPS27A;PPP2CB;PPP2CA;AKT2;MAPKAP1,Non-classical monocytes
prerank,Reactome_2022__Glucuronidation R-HSA-156588,-0.7142836094493009,-1.2863820750630306,0.16147308781869688,1.0,1.0,3/25,11.19%,UGP2;ABHD10;UGT2B7,Non-classical monocytes
prerank,Reactome_2022__APC-Cdc20 Mediated Degradation Of Nek2A R-HSA-179409,0.7655418288116909,1.286207313189232,0.11177347242921014,0.49576375560469244,1.0,12/26,7.97%,UBE2E1;ANAPC11;ANAPC4;ANAPC5;UBC;UBB;UBA52;RPS27A;CDC27;CDC26;UBE2D1;CDC16,Non-classical monocytes
prerank,Reactome_2022__Repression Of WNT Target Genes R-HSA-4641265,-0.8026369231740615,-1.2855886273794084,0.15165876777251186,1.0,1.0,6/14,8.44%,CTBP1;TLE4;TLE3;CTBP2;TCF7L1;TLE5,Non-classical monocytes
prerank,Reactome_2022__Signaling By FGFR2 IIIa TM R-HSA-8851708,0.8070659270485455,1.2847540225691527,0.12251655629139073,0.5005069463563454,1.0,11/19,5.61%,POLR2J;POLR2L;POLR2K;POLR2A;GTF2F2;NCBP1;POLR2G;POLR2D;POLR2E;POLR2C;POLR2B,Non-classical monocytes
prerank,Reactome_2022__Transcriptional Regulation By RUNX1 R-HSA-8878171,0.6256433362038676,1.2833452635860672,0.06082725060827251,0.5052971933136914,1.0,61/174,10.01%,PSMA7;PSMA4;PSME1;PSME2;PSMB6;PSMB4;PSMC3;AGO3;PSMB1;PSMA1;PSMB3;ARID2;PSMA2;CREBBP;PSMB8;SPI1;KAT2B;PSMC6;ARID1B;PSMD9;KMT2A;PSMB9;UBC;UBB;PSMB2;RNF2;YAF2;UBA52;RPS27A;PRMT1;PSMC4;RUNX1;KMT2D;PSME4;KMT2C;DPY30;SRC;SMARCE1;RBBP5;SOCS3;PSMB7;PRKCB;PSMD14;PSMD4;PSMC5;PSMD7;AGO4;ABL1;PSMA5;CSNK2B;CCNH;LMO2;TNRC6C;SMARCD2;PSMC1;AXIN1;PSMA6;PML;YAP1;ELOF1;CTSL,Non-classical monocytes
prerank,Reactome_2022__Cytosolic Sensors Of Pathogen-Associated DNA R-HSA-1834949,0.6934086470865878,1.28259385862622,0.10829817158931083,0.5067154013259774,1.0,29/62,9.58%,NFKB1;LRRFIP1;POLR2L;IRF3;NFKBIA;CREBBP;MYD88;POLR2K;CTNNB1;IFI16;TRIM21;TICAM1;DDX41;UBC;UBB;UBA52;PRKDC;RPS27A;IKBKB;CRCP;POLR2E;POLR3A;TBK1;XRCC5;POLR1D;POLR2F;POLR3H;RIPK1;POLR3C,Non-classical monocytes
prerank,Reactome_2022__Regulation Of KIT Signaling R-HSA-1433559,0.8335027997496008,1.2824986973867403,0.11975116640746501,0.5050761272753519,1.0,7/16,4.75%,FYN;GRB2;LYN;SOS1;SH2B3;PRKCA;SRC,Non-classical monocytes
prerank,Reactome_2022__Signaling By SCF-KIT R-HSA-1433557,0.7118605117412016,1.2822954998147758,0.12023460410557185,0.5038779145516792,1.0,14/42,6.56%,STAT1;GAB2;FYN;GRB2;LYN;SOS1;SH2B3;PIK3CA;STAT3;PRKCA;SRC;STAT5B;NRAS;JAK2,Non-classical monocytes
prerank,Reactome_2022__EGR2 And SOX10-mediated Initiation Of Schwann Cell Myelination R-HSA-9619665,0.776002801801508,1.2807536300021027,0.12,0.5093022111772217,1.0,8/29,10.42%,NAB1;UTRN;CYP51A1;NAB2;HDAC2;SREBF2;YAP1;DAG1,Non-classical monocytes
prerank,Reactome_2022__Metal Ion SLC Transporters R-HSA-425410,-0.7077054703328369,-1.28064533687406,0.15803108808290156,1.0,1.0,5/26,2.10%,SLC11A1;SLC30A7;SLC39A3;SLC39A7;SLC40A1,Non-classical monocytes
prerank,Reactome_2022__Regulation Of TP53 Expression And Degradation R-HSA-6806003,0.7233053604443705,1.2805203211062821,0.13574660633484162,0.5083908911756576,1.0,13/37,6.31%,ATM;PHF20;SGK1;PPP2R5C;UBC;UBB;UBA52;RPS27A;PPP2CB;PPP2CA;AKT2;MAPKAP1;PRDM1,Non-classical monocytes
prerank,Reactome_2022__DNA Damage Bypass R-HSA-73893,0.710896638191726,1.2804249525078861,0.1111111111111111,0.5068609009566084,1.0,19/48,6.48%,UBE2L6;ISG15;USP32;REV3L;TRIM25;POLE3;CUL4A;UBC;UBB;UFD1;UBA52;RBX1;RPS27A;RFC2;POLE4;RPA3;PCNA;POLD1;DDB1,Non-classical monocytes
prerank,Reactome_2022__Transcriptional Regulation By VENTX R-HSA-8853884,0.7308834664807395,1.2766519287673697,0.11504424778761062,0.5226590335859418,1.0,17/39,9.18%,NFKB1;AGO3;UBE2E1;CTNNB1;ANAPC11;ANAPC4;ANAPC5;CDC27;CEBPB;EHMT1;CDC26;AGO4;EHMT2;UBE2D1;CDC16;TNRC6C;CSF1R,Non-classical monocytes
prerank,Reactome_2022__Endosomal/Vacuolar Pathway R-HSA-1236977,0.8838896339433217,1.2749110136339992,0.08673469387755102,0.5286446465833342,1.0,5/11,4.08%,HLA-C;B2M;HLA-E;HLA-B;CTSS,Non-classical monocytes
prerank,Reactome_2022__Caspase Activation Via Extrinsic Apoptotic Signaling Pathway R-HSA-5357769,0.767066208842663,1.2746501633717329,0.134375,0.5277979202507551,1.0,10/25,5.64%,TNFSF10;DAPK1;TANK;TICAM1;TNFRSF10B;CASP3;TRADD;LY96;CASP8;NDUFA2,Non-classical monocytes
prerank,Reactome_2022__APC/C:Cdc20 Mediated Degradation Of Cyclin B R-HSA-174048,0.7697163387575927,1.274353351243966,0.13855421686746988,0.5271046491702696,1.0,12/24,7.97%,UBE2E1;ANAPC11;ANAPC4;ANAPC5;UBC;UBB;UBA52;RPS27A;CDC27;CDC26;UBE2D1;CDC16,Non-classical monocytes
prerank,Reactome_2022__Signaling By MET R-HSA-6806834,0.6755136928891944,1.273921425814723,0.11972789115646258,0.5269672010626002,1.0,27/63,10.24%,PTPN2;ITGB1;GRB2;EPS15;ARF6;UBC;UBB;UBA52;RPS27A;SOS1;PIK3CA;STAT3;SH3GL1;SRC;STAM;RANBP9;NRAS;SPINT1;RAPGEF1;USP8;RANBP10;PTPRJ;PTPN1;CRKL;LMNB2;PIGU;RAB4A,Non-classical monocytes
prerank,Reactome_2022__P75 NTR Receptor-Mediated Signaling R-HSA-193704,0.6451036708693643,1.2733604694985696,0.08516129032258064,0.527563280904739,1.0,30/95,8.86%,NFKB1;PSENEN;RIPK2;SQSTM1;ARHGEF1;NFKBIA;MYD88;ARHGEF11;ITSN1;UBC;UBB;UBA52;HDAC3;RPS27A;SOS1;CASP3;BAD;RHOA;IKBKB;VAV3;HDAC2;GNA13;APH1B;PSEN1;ARHGEF3;CASP2;IRAK1;ARHGEF12;ARHGEF7;PLEKHG2,Non-classical monocytes
prerank,Reactome_2022__Kinesins R-HSA-983189,-0.6266891541232923,-1.2727395149806495,0.09785932721712538,1.0,1.0,6/42,6.00%,KLC1;KIF2A;KIFC2;KIF3B;KIF16B;KIFAP3,Non-classical monocytes
prerank,Reactome_2022__ZBP1(DAI) Mediated Induction Of Type I IFNs R-HSA-1606322,0.7910464821295102,1.2721842157386467,0.1362179487179487,0.53069113602982,1.0,7/21,6.11%,NFKB1;IRF3;NFKBIA;MYD88;TICAM1;IKBKB;TBK1,Non-classical monocytes
prerank,Reactome_2022__FRS-mediated FGFR1 Signaling R-HSA-5654693,0.7686558325447685,1.2715082338487156,0.15213946117274169,0.5319415948234817,1.0,8/22,12.43%,FRS2;GRB2;SOS1;NRAS;FRS3;KL;FGF9;FGFR1,Non-classical monocytes
prerank,Reactome_2022__Abortive Elongation Of HIV-1 Transcript In Absence Of Tat R-HSA-167242,0.7706558675632572,1.2711291181876831,0.15481832543443919,0.5316051809262322,1.0,15/23,8.25%,POLR2J;POLR2L;POLR2K;SUPT4H1;POLR2A;GTF2F2;NCBP1;POLR2G;POLR2D;POLR2E;POLR2C;POLR2B;NELFB;NELFCD;POLR2F,Non-classical monocytes
prerank,Reactome_2022__Signaling By NTRK3 (TRKC) R-HSA-9034015,0.8096440952908223,1.2706685735514704,0.1695501730103806,0.5317059008345077,1.0,7/16,5.69%,BAX;GRB2;SOS1;PIK3CA;SRC;NRAS;NELFB,Non-classical monocytes
prerank,Reactome_2022__Signaling By NOTCH R-HSA-157118,0.6116894438988546,1.2699846229543565,0.06139315230224321,0.5329711077847112,1.0,57/173,7.02%,STAT1;PSMA7;PSMA4;PSME1;PSME2;PSMB6;PSMB4;PSENEN;PSMC3;AGO3;PSMB1;PSMA1;SKP1;PSMB3;PSMA2;CREBBP;PSMB8;B4GALT1;KAT2B;PSMC6;PSMD9;IKZF1;PSMB9;WWP2;UBC;UBB;PSMB2;ARRB1;UBA52;HDAC3;RBX1;ST3GAL6;SMAD3;NUMB;RPS27A;PSMC4;NOTCH2;RUNX1;POGLUT1;HDAC6;PSMB7;CCNC;HDAC2;PSMD14;APH1B;ST3GAL3;PSEN1;RBPJ;PSMD4;PSMC5;PSMD7;AGO4;TBL1X;RAB6A;PSMA5;HDAC10;NBEA,Non-classical monocytes
prerank,Reactome_2022__Heme Degradation R-HSA-189483,0.8193593715291183,1.2699113580270194,0.132569558101473,0.5312701367916932,1.0,4/16,3.08%,HMOX1;BLVRA;BLVRB;ABCC1,Non-classical monocytes
prerank,Reactome_2022__CYP2E1 Reactions R-HSA-211999,-0.8501549124791961,-1.2696105834401863,0.16864608076009502,1.0,1.0,1/10,4.71%,CYP2S1,Non-classical monocytes
prerank,Reactome_2022__Signaling By RAF1 Mutants R-HSA-9656223,-0.6400989420721136,-1.2694717059614804,0.11940298507462686,1.0,1.0,10/38,4.31%,ARRB2;YWHAB;CSK;CALM1;HRAS;ARAF;MAP2K2;RAP1B;MARK3;CAMK2G,Non-classical monocytes
prerank,Reactome_2022__Scavenging Of Heme From Plasma R-HSA-2168880,0.8875914164714536,1.2692399122478009,0.08547008547008547,0.5323290381266106,1.0,2/11,4.02%,C1D;APOL1,Non-classical monocytes
prerank,Reactome_2022__Transcriptional Regulation By Small RNAs R-HSA-5578749,0.7085018597712935,1.2691506718424825,0.1332398316970547,0.5307188422765485,1.0,22/47,10.04%,RAN;POLR2J;NUP214;POLR2L;POLR2K;POLR2A;RANBP2;SEC13;POLR2G;AAAS;POLR2D;POLR2E;POLR2C;POLR2B;IPO8;POM121C;NUP50;POLR2F;NUP133;NUP35;NUP88;NUP98,Non-classical monocytes
prerank,Reactome_2022__SUMOylation Of Transcription Factors R-HSA-3232118,0.7867049421985292,1.2661167721225888,0.1501597444089457,0.5430351154399271,1.0,7/19,6.14%,SUMO2;SUMO1;SP3;HIC1;MITF;MTA1;TP53BP1,Non-classical monocytes
prerank,Reactome_2022__Signaling By FGFR2 R-HSA-5654738,0.6559954268304335,1.2658240432049583,0.10259917920656635,0.5424414068865371,1.0,25/72,5.61%,POLR2J;POLR2L;FRS2;POLR2K;HNRNPF;GRB2;POLR2A;UBC;GTF2F2;UBB;UBA52;RPS27A;SOS1;PPP2CB;PIK3CA;PPP2CA;NCBP1;POLR2G;MKNK1;POLR2D;SRC;POLR2E;NRAS;POLR2C;POLR2B,Non-classical monocytes
prerank,Reactome_2022__Formation Of HIV-1 Elongation Complex Containing HIV-1 Tat R-HSA-167200,0.7035437037078628,1.26539152727439,0.11842105263157894,0.5423402218250121,1.0,21/43,8.25%,POLR2J;POLR2L;ELOB;POLR2K;CCNT1;SUPT4H1;POLR2A;GTF2F2;ERCC3;GTF2H5;NCBP1;POLR2G;POLR2D;POLR2E;POLR2C;POLR2B;NELFB;GTF2H4;CCNH;NELFCD;POLR2F,Non-classical monocytes
prerank,Reactome_2022__Intracellular Signaling By Second Messengers R-HSA-9006925,0.5910450839416952,1.2646402262866847,0.04120267260579064,0.5440038698948215,1.0,92/305,9.63%,VAPA;PSMA7;PSMA4;PSME1;PSME2;PSMB6;PSMB4;PSMC3;GAB2;ITPR2;FYN;AGO3;PSMB1;CDKN1A;PSMA1;PSMB3;PSMA2;MYD88;FRS2;GATAD2B;MKRN1;PSMB8;GRB2;PPP2R5C;PSMC6;PSMD9;SUZ12;PSMB9;WWP2;LAMTOR4;UBC;UBB;CNOT6L;PSMB2;RHOG;RNF2;UBA52;PIP4K2A;HDAC3;IER3;RPS27A;SOS1;PSMC4;BAD;PPP2CB;PIK3CA;PPP2CA;CD86;PRKCA;PSME4;TRIM27;LAMTOR5;EZH2;SRC;PRKAR2A;MTA2;AKT2;IL1RAP;PSMB7;MTA1;MAPKAP1;HDAC2;PSMD14;PIP5K1A;PSMD4;PSMC5;PSMD7;AGO4;PDE1B;RRAGD;PSMA5;NBEA;GRK2;CAMKK2;PRKAR2B;CSNK2B;FLT3LG;PIP4K2C;PIK3AP1;IRAK1;TNRC6C;RBBP4;NEDD4;RPTOR;RPS6KB2;PIP4K2B;PSMC1;KPNA2;PSMA6;MDM2;PML;PIGU,Non-classical monocytes
prerank,MSigDB_Hallmark_2020__IL-2/STAT5 Signaling,0.6132948032214219,1.2642017932571283,0.0657439446366782,0.3019689099381254,0.941,45/199,7.34%,IFITM3;TNFSF10;PLSCR1;GADD45B;GSTO1;CD48;CD83;GPX4;IFNGR1;RNH1;PIM1;HUWE1;PHTF2;MXD1;PTRH2;AGER;PNP;GBP4;P2RX4;BATF3;NFKBIZ;GUCY1B1;CASP3;XBP1;CD86;IL10RA;NFIL3;CA2;NOP2;GPR65;PLIN2;CTSZ;GALM;CDC42SE2;IGF1R;IL3RA;BATF;WLS;CISH;HK2;RRAGD;SMPDL3A;LTB;CDKN1C;MAFF,Non-classical monocytes
prerank,Reactome_2022__Neurotoxicity Of Clostridium Toxins R-HSA-168799,-0.8695194823884391,-1.2630740288113425,0.15942028985507245,1.0,1.0,1/10,0.34%,VAMP2,Non-classical monocytes
prerank,Reactome_2022__Insulin Receptor Recycling R-HSA-77387,0.7588095646048035,1.2626379910418963,0.13942307692307693,0.5510794078887901,1.0,11/26,8.69%,ATP6V0B;ATP6V1F;ATP6V0E1;ATP6AP1;ATP6V1G1;ATP6V1E1;ATP6V1A;ATP6V0A1;ATP6V1C1;ATP6V0A2;ATP6V0D1,Non-classical monocytes
prerank,Reactome_2022__Pyrimidine Catabolism R-HSA-73621,0.8600444118567765,1.2621965447929777,0.12603648424543948,0.5511031299547899,1.0,5/12,5.40%,NT5C;NT5C3A;UPP1;SCO2;DPYD,Non-classical monocytes
prerank,Reactome_2022__FGFR1 Ligand Binding And Activation R-HSA-190242,0.8069597852350249,1.2617712225418027,0.1614497528830313,0.5510900497477779,1.0,3/16,12.43%,KL;FGF9;FGFR1,Non-classical monocytes
prerank,Reactome_2022__MAPK6/MAPK4 Signaling R-HSA-5687128,0.6460035723515133,1.2612600203432613,0.09752925877763328,0.5512275798273631,1.0,31/90,6.27%,PSMA7;PSMA4;PSME1;PSME2;PSMB6;PSMB4;PSMC3;AGO3;PSMB1;PSMA1;PSMB3;PSMA2;PSMB8;PSMC6;PSMD9;PSMB9;UBC;UBB;PSMB2;UBA52;RPS27A;PSMC4;PRKCA;PSME4;PSMB7;PSMD14;CDC42EP2;PSMD4;PSMC5;PSMD7;AGO4,Non-classical monocytes
prerank,Reactome_2022__FRS-mediated FGFR2 Signaling R-HSA-5654700,0.7517990359483765,1.260824176589099,0.1728,0.551241398440474,1.0,4/24,5.41%,FRS2;GRB2;SOS1;NRAS,Non-classical monocytes
prerank,Reactome_2022__InlB-mediated Entry Of Listeria Monocytogenes Into Host Cell R-HSA-8875360,0.8288700203914059,1.260210749521711,0.12559618441971382,0.5520473755654246,1.0,8/15,4.91%,GRB2;EPS15;UBC;UBB;UBA52;RPS27A;SH3GL1;STAM,Non-classical monocytes
prerank,Reactome_2022__Toll Like Receptor 3 (TLR3) Cascade R-HSA-168164,0.6317537693421507,1.2593759136332887,0.08343868520859671,0.5540111133724073,1.0,51/103,10.61%,NFKB1;FBXW11;MEF2C;RIPK2;SKP1;IRF3;NFKBIA;BIRC3;TANK;MAP2K4;NOD1;TICAM1;UBC;UBB;AGER;UBA52;UBE2D2;TAB2;RPS27A;RPS6KA2;PPP2CB;UBE2D3;PPP2CA;MAPKAPK3;IKBKB;MAPK9;MAP2K6;MAP3K7;CASP8;NOD2;UBE2V1;TBK1;ALPK1;TAB3;IKBKE;RPS6KA5;UBE2D1;IRAK1;VRK3;TIFA;LRRC14;RPS6KA1;RIPK1;MAP2K1;USP14;BTRC;MAPK1;N4BP1;S100B;SARM1;IKBKG,Non-classical monocytes
prerank,Reactome_2022__MyD88-independent TLR4 Cascade R-HSA-166166,0.6323142628779334,1.2588346431208144,0.07958921694480103,0.5546212247510607,1.0,53/106,10.61%,NFKB1;FBXW11;MEF2C;RIPK2;SKP1;IRF3;NFKBIA;BIRC3;TANK;MAP2K4;NOD1;TICAM1;UBC;UBB;AGER;UBA52;UBE2D2;TAB2;RPS27A;RPS6KA2;PPP2CB;UBE2D3;PPP2CA;MAPKAPK3;IKBKB;MAPK9;LY96;MAP2K6;MAP3K7;CASP8;NOD2;UBE2V1;NDUFA2;TBK1;ALPK1;TAB3;IKBKE;RPS6KA5;UBE2D1;IRAK1;VRK3;TIFA;LRRC14;RPS6KA1;RIPK1;MAP2K1;USP14;BTRC;MAPK1;N4BP1;S100B;SARM1;IKBKG,Non-classical monocytes
prerank,Reactome_2022__mRNA Capping R-HSA-72086,0.7413686655366438,1.2587891915013056,0.15552099533437014,0.5527956081251689,1.0,17/29,8.25%,POLR2J;POLR2L;POLR2K;POLR2A;GTF2F2;ERCC3;GTF2H5;RNGTT;NCBP1;POLR2G;POLR2D;POLR2E;POLR2C;POLR2B;GTF2H4;CCNH;POLR2F,Non-classical monocytes
prerank,Reactome_2022__Phospholipase C-mediated Cascade: FGFR1 R-HSA-5654219,0.8069597852350249,1.258347751242705,0.17003367003367004,0.5527811462707991,1.0,3/16,12.43%,KL;FGF9;FGFR1,Non-classical monocytes
prerank,Reactome_2022__Ovarian Tumor Domain Proteases R-HSA-5689896,0.7102255398426033,1.2575573886111973,0.15182481751824817,0.554864778695258,1.0,16/38,9.01%,RIPK2;TRIM25;NOD1;TNIP1;UBC;UBB;UBA52;RPS27A;VCPIP1;RHOA;TNFAIP3;NOD2;OTUD5;UBE2D1;MAVS;RIPK1,Non-classical monocytes
prerank,Reactome_2022__Formation Of HIV Elongation Complex In Absence Of HIV Tat R-HSA-167152,0.6954412019051637,1.2569786298304355,0.12769010043041606,0.5555515306393753,1.0,21/45,8.25%,POLR2J;POLR2L;ELOB;POLR2K;CCNT1;SUPT4H1;POLR2A;GTF2F2;ERCC3;GTF2H5;NCBP1;POLR2G;POLR2D;POLR2E;POLR2C;POLR2B;NELFB;GTF2H4;CCNH;NELFCD;POLR2F,Non-classical monocytes
prerank,"Reactome_2022__Unblocking Of NMDA Receptors, Glutamate Binding And Activation R-HSA-438066",-0.7147104966102424,-1.2565939532773744,0.14804469273743018,1.0,1.0,3/21,7.14%,CALM1;CAMK2G;CAMK2D,Non-classical monocytes
prerank,Reactome_2022__RNA Pol II CTD Phosphorylation And Interaction With CE R-HSA-77075,0.7497875162225439,1.255692339237357,0.16174183514774496,0.559653243373019,1.0,16/27,8.25%,POLR2J;POLR2L;POLR2K;POLR2A;GTF2F2;ERCC3;GTF2H5;RNGTT;POLR2G;POLR2D;POLR2E;POLR2C;POLR2B;GTF2H4;CCNH;POLR2F,Non-classical monocytes
prerank,Reactome_2022__Tryptophan Catabolism R-HSA-71240,0.8248463882377612,1.253160773950199,0.17758620689655172,0.5692787645441206,1.0,5/14,9.25%,SLC36A4;KMO;AFMID;KYAT3;HAAO,Non-classical monocytes
prerank,Reactome_2022__PI-3K cascade:FGFR3 R-HSA-5654710,0.787105135240968,1.2529204210832654,0.1736111111111111,0.568289818731653,1.0,5/18,12.41%,FRS2;GRB2;PIK3CA;PIGU;FGF9,Non-classical monocytes
prerank,Reactome_2022__Separation Of Sister Chromatids R-HSA-2467813,0.6127037600375991,1.2522037061246556,0.07255139056831923,0.5697351654320321,1.0,63/168,9.21%,PSMA7;PSMA4;PSME1;PSME2;PSMB6;PSMB4;PSMC3;PSMB1;PSMA1;PSMB3;PDS5A;DYNLL1;UBE2E1;PSMA2;PSMB8;ANAPC11;ANAPC4;PPP2R5C;PSMC6;AHCTF1;PSMD9;PSMB9;ANAPC5;RPS27;UBC;SKA2;UBB;PSMB2;UBA52;RANBP2;RPS27A;CDC27;SEC13;PSMC4;CENPT;PPP2CB;PPP2CA;CLASP1;PSME4;PSMB7;CDC26;PSMD14;RCC2;CENPQ;ZW10;PSMD4;PSMC5;PSMD7;CKAP5;SMC3;PSMA5;SPDL1;B9D2;UBE2D1;CENPP;CDC16;DYNC1H1;CENPE;PAFAH1B1;NUP133;PSMC1;CENPL;PSMA6,Non-classical monocytes
prerank,Reactome_2022__Nucleotide-like (Purinergic) Receptors R-HSA-418038,-0.7710983249811845,-1.2516316962770344,0.1712846347607053,1.0,1.0,3/15,6.60%,P2RY13;P2RY10;P2RY14,Non-classical monocytes
prerank,Reactome_2022__Non-integrin membrane-ECM Interactions R-HSA-3000171,0.6987907084911629,1.2516023677567172,0.13602391629297458,0.5706177770710215,1.0,13/41,16.41%,ITGB1;TGFB1;PRKCA;SDC4;LMNB2;DAG1;SDC1;SDC3;AGRN;SDC2;LAMC1;LAMA2;DDR1,Non-classical monocytes
prerank,Reactome_2022__Transcriptional Regulation By TP53 R-HSA-3700989,0.5816492611855927,1.2508880676597474,0.038338658146964855,0.5720836289358238,1.0,133/353,10.39%,COX5B;ATM;PRELID1;POLR2J;BAX;PHF20;PRDX1;SURF1;BID;TMEM219;TAF10;POLR2L;CASP1;AGO3;BNIP3L;COX6C;COX14;ELOB;CDKN1A;COX4I1;SGK1;CREBBP;BTG2;CNOT1;POLR2K;GATAD2B;CCNT1;CYCS;TAF11;PPP2R5C;SUPT4H1;COX5A;LAMTOR4;POLR2A;UBC;COX8A;GTF2F2;YWHAH;UBB;CNOT4;CNOT6L;UBA52;PIP4K2A;SCO1;TAF6;ERCC3;TNFRSF10B;PRDX2;RPS27A;COX7A2L;GTF2H5;PRMT1;PPP2CB;TAF1;COX7C;PPP2CA;SESN1;POLR2G;NLRC4;LAMTOR5;E2F4;TOPBP1;RFC2;COX18;RPA3;TACO1;POLR2D;SCO2;DDIT4;TOP3A;TXN2;CNOT2;MAP2K6;MTA2;PCNA;COX7B;AKT2;POLR2E;COX16;EHMT1;MAPKAP1;HDAC2;POLR2C;POLR2B;NELFB;GTF2H4;GADD45A;RGCC;CASP10;AGO4;PRDM1;TP53BP2;TIGAR;RRAGD;EHMT2;COX6B1;TAF15;CASP2;TAF4;CSNK2B;BRD7;CCNH;CRADD;SETD9;RAD50;PIP4K2C;TRIAP1;RHNO1;BARD1;TNRC6C;RBBP4;NELFCD;POLR2F;RPTOR;PIP4K2B;COX6A1;PRKAA1;SSRP1;MDM2;TSC1;PML;CCNB1;PLK2;RABGGTB;RRAGB;REXO2;CENPJ;ELL;TAF13;CDK5;RFC3;CNOT10;FANCD2,Non-classical monocytes
prerank,Reactome_2022__HIV Life Cycle R-HSA-162587,0.6164624255678334,1.2500910328248183,0.07971014492753623,0.573647102461058,1.0,62/147,10.32%,RAN;POLR2J;PPIA;NUP214;CHMP2A;TAF10;GTF2A2;POLR2L;ELOB;POLR2K;RANBP1;CCNT1;TAF11;SUPT4H1;XRCC4;CD4;POLR2A;UBC;GTF2F2;UBB;CHMP5;UBA52;TAF6;ERCC3;RANBP2;RPS27A;GTF2H5;RNGTT;SEC13;TAF1;VPS28;GTF2A1;NCBP1;POLR2G;AAAS;POLR2D;VTA1;POLR2E;POLR2C;POLR2B;NELFB;GTF2H4;POM121C;CHMP6;UBAP1;MVB12B;NUP50;XRCC5;TAF15;TAF4;CCNH;VPS37C;NELFCD;POLR2F;NUP133;NUP35;SSRP1;HMGA1;NUP88;NUP98;ELL;TAF13,Non-classical monocytes
prerank,Reactome_2022__HIV Transcription Initiation R-HSA-167161,0.6980177785919355,1.2496667654372995,0.14243759177679882,0.573546816973491,1.0,23/46,8.25%,POLR2J;TAF10;GTF2A2;POLR2L;POLR2K;TAF11;POLR2A;GTF2F2;TAF6;ERCC3;GTF2H5;TAF1;GTF2A1;POLR2G;POLR2D;POLR2E;POLR2C;POLR2B;GTF2H4;TAF15;TAF4;CCNH;POLR2F,Non-classical monocytes
prerank,Reactome_2022__Post-chaperonin Tubulin Folding Pathway R-HSA-389977,0.7725860936031052,1.2488157061746363,0.16819571865443425,0.5753986988651332,1.0,8/23,8.45%,TBCA;TUBA1C;TUBA1A;TUBA1B;TUBB;TBCC;TBCB;TBCD,Non-classical monocytes
prerank,MSigDB_Hallmark_2020__Fatty Acid Metabolism,0.6062511015864488,1.2487656167161183,0.0780885780885781,0.3259309831181728,0.957,41/157,7.19%,XIST;LGALS1;UBE2L6;PSME1;ERP29;IDH3G;MDH1;SUCLG1;APEX1;HSD17B11;PRDX6;CBR1;BLVRA;G0S2;YWHAH;SDHC;FH;ACADM;PDHB;GLUL;ACADVL;HSP90AA1;PDHA1;GPD2;CA2;DECR1;CRYZ;RDH11;ACOT8;IL4I1;HCCS;ECI2;ECI1;UROS;HSPH1;BPHL;PCBD1;HMGCL;SUCLA2;TP53INP2;ELOVL5,Non-classical monocytes
prerank,Reactome_2022__Glutamate And Glutamine Metabolism R-HSA-8964539,0.8386293110472655,1.2485728879435556,0.15483870967741936,0.5745065862133729,1.0,5/13,8.76%,GLUD1;GLUL;OAT;PYCR2;ALDH18A1,Non-classical monocytes
prerank,Reactome_2022__Signaling By NTRK2 (TRKB) R-HSA-9006115,0.7501802361097352,1.246900583008815,0.1605960264900662,0.5802435022626719,1.0,11/23,10.91%,FYN;FRS2;GRB2;SOS1;PIK3CA;SRC;NRAS;PIGU;TIAM1;CDK5;FRS3,Non-classical monocytes
prerank,Reactome_2022__Paradoxical Activation Of RAF Signaling By Kinase Inactive BRAF R-HSA-6802955,-0.6210916032074435,-1.2454169291110795,0.12037037037037036,1.0,1.0,11/40,5.21%,ARRB2;YWHAB;CSK;CALM1;HRAS;ARAF;MAP2K2;RAP1B;MARK3;CAMK2G;MAP3K11,Non-classical monocytes
prerank,Reactome_2022__Eicosanoids R-HSA-211979,0.850306931432485,1.24505946948496,0.1360544217687075,0.5867003002033089,1.0,1/12,0.60%,TBXAS1,Non-classical monocytes
prerank,Reactome_2022__Glucocorticoid Biosynthesis R-HSA-194002,0.8729468995108085,1.245006139358657,0.11774461028192372,0.584919739909772,1.0,2/10,12.71%,HSD11B2;POMC,Non-classical monocytes
prerank,Reactome_2022__Late Phase Of HIV Life Cycle R-HSA-162599,0.6193504811561303,1.2445785523792117,0.08921933085501858,0.5849175376171202,1.0,51/134,8.25%,RAN;POLR2J;PPIA;NUP214;CHMP2A;TAF10;GTF2A2;POLR2L;ELOB;POLR2K;RANBP1;CCNT1;TAF11;SUPT4H1;POLR2A;UBC;GTF2F2;UBB;CHMP5;UBA52;TAF6;ERCC3;RANBP2;RPS27A;GTF2H5;RNGTT;SEC13;TAF1;VPS28;GTF2A1;NCBP1;POLR2G;AAAS;POLR2D;VTA1;POLR2E;POLR2C;POLR2B;NELFB;GTF2H4;POM121C;CHMP6;UBAP1;MVB12B;NUP50;TAF15;TAF4;CCNH;VPS37C;NELFCD;POLR2F,Non-classical monocytes
prerank,Reactome_2022__TCF Dependent Signaling In Response To WNT R-HSA-201681,0.6056527804410909,1.2443068362840741,0.08131067961165049,0.5842306690471686,1.0,46/168,7.61%,PSMA7;PSMA4;PSME1;PSME2;PSMB6;PSMB4;PSMC3;PSMB1;PSMA1;PSMB3;PSMA2;CREBBP;CTNNB1;PSMB8;PPP2R5C;PSMC6;PSMD9;PSMB9;UBC;UBB;PSMB2;UBA52;RBX1;RPS27A;PSMC4;PPP2CB;KMT2D;PPP2CA;PSME4;RBBP5;AKT2;DVL3;PSMB7;PSMD14;CCDC88C;PSMD4;PSMC5;USP8;PSMD7;PSMA5;KLHL12;TRRAP;CSNK2B;CSNK1G2;RUVBL1;FRAT2,Non-classical monocytes
prerank,Reactome_2022__Cell Cycle Checkpoints R-HSA-69620,0.5877898536072884,1.2436261661678956,0.062146892655367235,0.5854448147873157,1.0,93/251,10.68%,ATM;PSMA7;CARD16;PSMA4;PSME1;PSME2;PHF20;PSMB6;PSMB4;PSMC3;PSMB1;CDKN1A;PSMA1;PSMB3;DYNLL1;UBE2E1;PSMA2;PSMB8;ANAPC11;ANAPC4;PPP2R5C;PSMC6;AHCTF1;PSMD9;PSMB9;ANAPC5;RPS27;UBC;YWHAH;SKA2;UBB;PSMB2;UBA52;RANBP2;MCM7;RPS27A;CDC27;SEC13;PSMC4;CENPT;PPP2CB;PPP2CA;CLASP1;PSME4;RNF168;ORC5;TOPBP1;RFC2;RPA3;TOP3A;BRCC3;PSMB7;CDC26;PSMD14;RCC2;CENPQ;BABAM1;ZW10;PSMD4;TP53BP1;PSMC5;PSMD7;CKAP5;PSMA5;SPDL1;B9D2;ORC4;UBE2D1;RAD50;CENPP;CDC16;RHNO1;BARD1;DYNC1H1;ABRAXAS1;CENPE;PAFAH1B1;NUP133;PSMC1;CENPL;PSMA6;MDM2;CCNB1;MCM4;DBF4;NUP98;ZWINT;ORC6;REXO2;RFC3;SEM1;ITGB3BP;DYNC1LI1,Non-classical monocytes
prerank,Reactome_2022__Transcription-Coupled Nucleotide Excision Repair (TC-NER) R-HSA-6781827,0.6462759207991432,1.2427946497286464,0.14056224899598393,0.5872639314294251,1.0,33/76,8.25%,POLR2J;POLR2L;HMGN1;POLR2K;ERCC1;POLE3;CUL4A;POLR2A;UBC;UBB;UBA52;RBX1;ERCC3;RPS27A;GTF2H5;ERCC4;POLR2G;RFC2;POLE4;RPA3;POLR2D;PCNA;POLR2E;POLR2C;POLR2B;GTF2H4;POLD1;XRCC1;DDB1;COPS2;CCNH;COPS4;POLR2F,Non-classical monocytes
prerank,Reactome_2022__NRIF Signals Cell Death From Nucleus R-HSA-205043,0.7932855495118344,1.2420054342750384,0.16449511400651465,0.5890540425794756,1.0,8/16,5.66%,PSENEN;SQSTM1;UBC;UBB;UBA52;RPS27A;APH1B;PSEN1,Non-classical monocytes
prerank,Reactome_2022__Binding And Uptake Of Ligands By Scavenger Receptors R-HSA-2173782,0.70135456197842,1.2403015939602584,0.14884393063583815,0.5949962786437629,1.0,8/40,5.78%,FTL;C1D;FTH1;MSR1;STAB1;HSP90AA1;APOL1;HSPH1,Non-classical monocytes
prerank,Reactome_2022__Inositol Phosphate Metabolism R-HSA-1483249,-0.605660848380096,-1.2399982814700057,0.1605351170568562,1.0,1.0,13/48,6.84%,PLD4;PTEN;MTMR9;CALM1;PLCG2;ITPKB;NUDT3;NUDT4;INPPL1;PPIP5K2;ITPK1;PLCB1;INPP5D,Non-classical monocytes
prerank,Reactome_2022__Sensory Processing Of Sound R-HSA-9659379,-0.55925524304755,-1.2399497171888467,0.08270676691729323,1.0,1.0,18/75,10.21%,ATP2B1;VAMP2;MSN;RIPOR2;TWF2;GSN;EZR;SPTAN1;CTBP2;TRIOBP;CAPZA1;EPB41L3;TWF1;MYO7A;CHRNA10;LHFPL5;TPRN;CACNB2,Non-classical monocytes
prerank,Reactome_2022__Ephrin Signaling R-HSA-3928664,0.7805926772573725,1.2396522847813947,0.18125,0.596070926259559,1.0,4/18,4.75%,MYL12A;FYN;SDCBP;SRC,Non-classical monocytes
prerank,Reactome_2022__Transcription Of HIV Genome R-HSA-167172,0.6571381165273799,1.2396368134967395,0.1178082191780822,0.5941215724163748,1.0,30/69,8.25%,POLR2J;TAF10;GTF2A2;POLR2L;ELOB;POLR2K;CCNT1;TAF11;SUPT4H1;POLR2A;GTF2F2;TAF6;ERCC3;GTF2H5;RNGTT;TAF1;GTF2A1;NCBP1;POLR2G;POLR2D;POLR2E;POLR2C;POLR2B;NELFB;GTF2H4;TAF15;TAF4;CCNH;NELFCD;POLR2F,Non-classical monocytes
prerank,Reactome_2022__Elevation Of Cytosolic Ca2+ Levels R-HSA-139853,0.8076569427195136,1.2394561629341538,0.16876971608832808,0.5929400382081458,1.0,4/15,4.53%,ITPR2;STIM1;P2RX4;P2RX7,Non-classical monocytes
prerank,Reactome_2022__DAP12 Interactions R-HSA-2172127,0.7126725876617243,1.2389345987386824,0.17210682492581603,0.5934629735206696,1.0,13/38,5.41%,HLA-C;TYROBP;B2M;HLA-E;FYN;SIRPB1;GRB2;LCP2;HLA-B;SOS1;PIK3CA;VAV3;NRAS,Non-classical monocytes
prerank,Reactome_2022__RNA Polymerase II Transcription Termination R-HSA-73856,0.650778786256594,1.2389328804606512,0.1417004048582996,0.5914969870623866,1.0,29/67,7.99%,EIF4A3;SNRPE;SRSF3;SNRPD3;SRSF11;SNRPG;SRSF6;SNRPB;SRRM1;LSM10;SNRPF;SRSF9;U2AF1L4;RNPS1;POLDIP3;RBM8A;NCBP1;SARNP;FYTTD1;SRSF1;ALYREF;MAGOHB;CDC40;THOC1;U2AF1;SRSF2;CPSF2;SRSF7;SLBP,Non-classical monocytes
prerank,Reactome_2022__Regulation Of BACH1 Activity R-HSA-9708530,0.8515519560328021,1.2389199485615663,0.17294520547945205,0.5896252825968681,1.0,6/11,3.13%,SKP1;UBC;UBB;UBA52;RBX1;RPS27A,Non-classical monocytes
prerank,MSigDB_Hallmark_2020__p53 Pathway,0.5945876984714571,1.2383518943196765,0.08275058275058275,0.3353442568685866,0.972,63/196,10.36%,ZFP36L1;IER5;VAMP8;RPS12;RPL36;BAX;ISCU;CASP1;CDKN1A;HMOX1;BTG2;RACK1;S100A4;IP6K2;NINJ1;FAS;UPP1;RB1;MXD1;HDAC3;SAT1;MXD4;IER3;RXRA;RPL18;NOL8;TGFB1;PPP1R15A;TAX1BP3;TAP1;MAPKAPK3;SESN1;SEC61A1;DRAM1;DDIT4;RPS27L;PCNA;DEF6;GADD45A;XPC;TCN2;PMM1;EI24;TRAFD1;ABCC5;CYFIP2;IRAK1;TOB1;TRIAP1;SERTAD3;HINT1;LDHB;CDKN2B;FDXR;GM2A;TSC22D1;MDM2;STOM;PLK2;SOCS1;RHBDF2;TRIB3;IFI30,Non-classical monocytes
prerank,Reactome_2022__Methylation R-HSA-156581,0.8291748392470892,1.2376812874573473,0.1669449081803005,0.5931289125400202,1.0,7/14,9.33%,GSTO1;TRMT112;MAT2B;MTRR;MTR;MAT2A;COMT,Non-classical monocytes
prerank,Reactome_2022__Pausing And Recovery Of Tat-mediated HIV Elongation R-HSA-167238,0.7229949229199537,1.2367379981896887,0.1751497005988024,0.5953911050107008,1.0,18/31,10.18%,POLR2J;POLR2L;ELOB;POLR2K;CCNT1;SUPT4H1;POLR2A;GTF2F2;POLR2G;POLR2D;POLR2E;POLR2C;POLR2B;NELFB;NELFCD;POLR2F;SSRP1;ELL,Non-classical monocytes
prerank,Reactome_2022__FGFR3 Ligand Binding And Activation R-HSA-190239,-0.7742205948134202,-1.23545887834093,0.20963855421686747,1.0,1.0,1/13,1.28%,GALNT3,Non-classical monocytes
prerank,Reactome_2022__Spry Regulation Of FGF Signaling R-HSA-1295596,0.7957264097141494,1.2351708432092192,0.19484702093397746,0.6004329212643542,1.0,10/16,8.01%,GRB2;UBC;UBB;UBA52;RPS27A;PPP2CB;PPP2CA;MKNK1;SRC;BRAF,Non-classical monocytes
prerank,Reactome_2022__Selective Autophagy R-HSA-9663891,0.6563255405750351,1.2345102521320828,0.15061058344640435,0.6013418099090825,1.0,27/61,8.91%,ATM;TOMM6;MAP1LC3B;HSPA8;SQSTM1;DYNLL1;UBC;UBB;UBA52;TOMM7;ARL13B;RPS27A;HSP90AA1;NBR1;HDAC6;HSF1;SRC;PLIN2;UBE2V1;TOMM20;PINK1;CSNK2B;TOMM5;PRKN;DYNC1H1;ATG5;TOMM70,Non-classical monocytes
prerank,Reactome_2022__TAK1-dependent IKK And NF-kappa-B Activation R-HSA-445989,0.6723147455220753,1.2340480266064155,0.17142857142857143,0.6013819260967239,1.0,25/45,10.61%,NFKB1;RIPK2;NFKBIA;TANK;NOD1;UBC;UBB;AGER;UBA52;TAB2;RPS27A;IKBKB;MAP3K7;CASP8;NOD2;UBE2V1;ALPK1;TAB3;IRAK1;TIFA;LRRC14;USP14;N4BP1;S100B;IKBKG,Non-classical monocytes
prerank,Reactome_2022__Acyl Chain Remodelling Of PI R-HSA-1482922,-0.7477707702671215,-1.233512385349155,0.2152230971128609,1.0,1.0,3/17,3.86%,MBOAT7;PLBD1;PLA2G4C,Non-classical monocytes
prerank,MSigDB_Hallmark_2020__TNF-alpha Signaling via NF-kB,0.5868161796435273,1.2331840306117652,0.10116279069767442,0.3277665714995035,0.976,62/200,7.34%,GADD45B;IER5;PLAUR;NFKB1;CD83;BCL2A1;IER2;CEBPD;RIPK2;SQSTM1;PLEK;DUSP2;REL;CDKN1A;NR4A2;IRF1;SGK1;NFKBIA;BIRC3;TANK;BTG2;GCH1;LITAF;TNFAIP8;G0S2;B4GALT1;ABCA1;NINJ1;TNIP1;MXD1;SAT1;SMAD3;MARCKS;SLC2A6;IER3;PPP1R15A;NFE2L2;TAP1;PDE4B;NFIL3;KDM6B;SOD2;TNFAIP3;DRAM1;PTX3;IFNGR2;CEBPB;ICAM1;TRIB1;SOCS3;DUSP1;ETS2;SDC4;GADD45A;ID2;DNAJB4;PHLDA2;CXCL2;PER1;BCL3;TNF;MAFF,Non-classical monocytes
prerank,Reactome_2022__COPII-mediated Vesicle Transport R-HSA-204005,0.6649724792648509,1.2323688555950143,0.1451831750339213,0.6071194232508516,1.0,21/66,7.45%,SERPINA1;CTSC;TRAPPC5;RAB1A;NAPG;USO1;SEC16A;STX17;STX5;SEC13;SEC24B;PPP6R3;TBC1D20;TRAPPC1;SEC24C;CTSZ;MCFD2;PREB;TRAPPC3;CNIH1;TRAPPC2L,Non-classical monocytes
prerank,Reactome_2022__Activation Of PPARGC1A (PGC-1alpha) By Phosphorylation R-HSA-2151209,-0.8385971295834496,-1.2321989872308607,0.21899736147757257,1.0,1.0,5/10,8.58%,MAPK14;PRKAB2;PRKAG2;PRKAB1;PRKAA2,Non-classical monocytes
prerank,Reactome_2022__Deubiquitination R-HSA-5688426,0.583357678145415,1.2320716185150815,0.08108108108108109,0.6066126895143422,1.0,89/253,9.54%,PSMA7;PSMA4;PSME1;PSME2;NEDD8;PSMB6;PSMB4;TAF10;PSMC3;RIPK2;USP32;PSMB1;PSMA1;PSMB3;NFKBIA;BIRC3;PSMA2;TANK;PSMB8;TRIM25;KAT2B;PSMC6;PSMD9;NOD1;PSMB9;TNIP1;FOXK1;MAT2B;UBC;UBB;ATXN3;PSMB2;UFD1;ARRB1;PTRH2;UBA52;USP24;MBD6;SMAD3;RPS27A;VCPIP1;PSMC4;TGFB1;ASXL1;JOSD2;RHOA;PSME4;TNFAIP3;USP4;STAM;SMAD1;USP49;MAP3K7;NOD2;BRCC3;PSMB7;OTUD5;PSMD14;USP15;BABAM1;PSMD4;USP3;PSMC5;MCRS1;USP8;PSMD7;TOMM20;INO80;SMAD2;ASXL2;SMAD7;PSMA5;TRRAP;RUVBL1;USP12;UBE2D1;PRKN;MAVS;BARD1;ABRAXAS1;RHOT1;PSMC1;TOMM70;AXIN1;RIPK1;ABRAXAS2;PSMA6;USP14;MDM2,Non-classical monocytes
prerank,Reactome_2022__Syndecan Interactions R-HSA-3000170,0.7718366474558208,1.2317561373087633,0.1927512355848435,0.6061606611401679,1.0,7/20,14.47%,ITGB1;TGFB1;PRKCA;SDC4;SDC1;SDC3;SDC2,Non-classical monocytes
prerank,Reactome_2022__Mitotic Anaphase R-HSA-68882,0.5925753370087333,1.231639834244813,0.07912844036697247,0.6047888754948787,1.0,79/228,9.21%,PSMA7;RAN;PSMA4;PSME1;PSME2;CHMP2A;PSMB6;PSMB4;PSMC3;PSMB1;PSMA1;PSMB3;PDS5A;DYNLL1;UBE2E1;PSMA2;SUMO1;PSMB8;ANAPC11;ANAPC4;TUBA1C;PPP2R5C;PSMC6;TUBA1A;AHCTF1;TUBA1B;PSMD9;PSMB9;ANAPC5;RPS27;UBC;SKA2;UBB;PSMB2;UBA52;RANBP2;RPS27A;SIRT2;CDC27;SEC13;PSMC4;CENPT;PPP2CB;PPP2CA;CLASP1;PSME4;TUBB;VRK1;PPP2R2A;KPNB1;PSMB7;CDC26;PSMD14;LMNB1;RCC2;CENPQ;ZW10;PSMD4;LEMD3;PSMC5;PSMD7;CKAP5;CHMP6;SMC3;LMNA;PSMA5;SPDL1;B9D2;UBE2D1;CENPP;CDC16;DYNC1H1;CENPE;PAFAH1B1;NUP133;PSMC1;NUP35;CENPL;PSMA6,Non-classical monocytes
prerank,Reactome_2022__TP53 Regulates Transcription Of DNA Repair Genes R-HSA-6796648,0.6571389415392581,1.2315050229270603,0.14386459802538787,0.603429841993113,1.0,21/61,8.25%,ATM;POLR2J;POLR2L;ELOB;POLR2K;CCNT1;SUPT4H1;POLR2A;GTF2F2;ERCC3;GTF2H5;POLR2G;POLR2D;POLR2E;POLR2C;POLR2B;NELFB;GTF2H4;CCNH;NELFCD;POLR2F,Non-classical monocytes
prerank,Reactome_2022__HSP90 Chaperone Cycle For Steroid Hormone Receptors (SHR) In Presence Of Ligand R-HSA-3371497,0.6958235328921633,1.2314020032640371,0.16542473919523099,0.6019345626234899,1.0,13/38,5.94%,PTGES3;DNAJA1;HSPA8;DNAJA2;DYNLL1;NR3C1;ACTR1A;DCTN4;HSP90AA1;DCTN6;HSPA1A;DCTN2;DCTN3,Non-classical monocytes
prerank,Reactome_2022__RAF Activation R-HSA-5673000,-0.6449343952575175,-1.2310996769458225,0.15705128205128205,1.0,1.0,15/31,5.88%,PPP1CB;YWHAB;CALM1;PPP2R1A;PPP2R5E;HRAS;ARAF;MAP2K2;PPP2R1B;SHOC2;MARK3;CAMK2G;PPP1CC;MAP3K11;PPP2R5A,Non-classical monocytes
prerank,Reactome_2022__Mitotic Metaphase And Anaphase R-HSA-2555396,0.5916782670610284,1.230453728776859,0.07674684994272624,0.6041900736676408,1.0,79/229,9.21%,PSMA7;RAN;PSMA4;PSME1;PSME2;CHMP2A;PSMB6;PSMB4;PSMC3;PSMB1;PSMA1;PSMB3;PDS5A;DYNLL1;UBE2E1;PSMA2;SUMO1;PSMB8;ANAPC11;ANAPC4;TUBA1C;PPP2R5C;PSMC6;TUBA1A;AHCTF1;TUBA1B;PSMD9;PSMB9;ANAPC5;RPS27;UBC;SKA2;UBB;PSMB2;UBA52;RANBP2;RPS27A;SIRT2;CDC27;SEC13;PSMC4;CENPT;PPP2CB;PPP2CA;CLASP1;PSME4;TUBB;VRK1;PPP2R2A;KPNB1;PSMB7;CDC26;PSMD14;LMNB1;RCC2;CENPQ;ZW10;PSMD4;LEMD3;PSMC5;PSMD7;CKAP5;CHMP6;SMC3;LMNA;PSMA5;SPDL1;B9D2;UBE2D1;CENPP;CDC16;DYNC1H1;CENPE;PAFAH1B1;NUP133;PSMC1;NUP35;CENPL;PSMA6,Non-classical monocytes
prerank,Reactome_2022__Senescence-Associated Secretory Phenotype (SASP) R-HSA-2559582,0.6770095356176512,1.229946829562121,0.14884393063583815,0.6043952737638097,1.0,25/52,10.48%,NFKB1;CDKN1A;UBE2E1;ANAPC11;ANAPC4;ANAPC5;UBC;UBB;UBA52;RPS27A;RPS6KA2;CDC27;STAT3;CEBPB;EHMT1;CDC26;IGFBP7;EHMT2;UBE2D1;CDC16;RPS6KA1;CDKN2B;CDK4;MAPK1;CXCL8,Non-classical monocytes
prerank,Reactome_2022__TGF-beta Receptor Signaling In EMT (Epithelial To Mesenchymal Transition) R-HSA-2173791,0.8065775189748698,1.2299235814369864,0.1804635761589404,0.6025852115285837,1.0,7/16,3.70%,FKBP1A;UBC;UBB;UBA52;RPS27A;TGFB1;RHOA,Non-classical monocytes
prerank,Reactome_2022__Diseases Of Signal Transduction By Growth Factor Receptors And Second Messengers R-HSA-5663202,0.5620405930250405,1.2298150456890709,0.05832449628844114,0.6011115326271347,1.0,134/420,9.65%,STAT1;PSMA7;POLR2J;PSMA4;PSME1;ZC3HAV1;PSME2;PSMB6;RNF213;PSMB4;BCL2A1;LRRFIP1;PSENEN;PSMC3;PAPSS1;CUX1;GAB2;POLR2L;FYN;SQSTM1;ETV6;PSMB1;CDKN1A;PSMA1;SKP1;PSMB3;PSMA2;AGTRAP;CREBBP;FKBP1A;FRS2;EML4;POLR2K;CTNNB1;PSMB8;GCC2;APBB1IP;KAT2B;GRB2;PPP2R5C;PSMC6;TRIM24;PSMD9;QKI;PSMB9;LYN;TPM4;POLR2A;UBC;GTF2F2;UBB;PSMB2;RHOG;ARRB1;UBA52;HDAC3;RBX1;SYVN1;RANBP2;SMAD3;RPS27A;SOS1;NF1;MRAS;PSMC4;TGFB1;BAD;PPP2CB;PIK3CA;TRAK1;PPP2CA;STAT3;CD86;ERLIN2;HSP90AA1;PSME4;NCBP1;POLR2G;HDAC6;CEBPB;POLR2D;SRC;CLCN6;STAT5B;AKT2;POLR2E;GOLGA4;PSMB7;IQGAP1;CCNC;MAPKAP1;NRAS;HDAC2;PSMD14;APH1B;POLR2C;POLR2B;PSEN1;PEBP1;RBPJ;PSMD4;PSMC5;PSMD7;EEF1G;TBL1X;JAK2;SMAD2;TENT4A;LMNA;PSMA5;FAM114A2;HDAC10;EIF2AK3;SND1;VCL;TLN1;FLT3LG;PIK3AP1;BRAF;AKAP9;POLR2F;RPS6KB2;PSMC1;AXIN1;ZMYM2;PSMA6;ATIC;MAP2K1;LONP1;MDM2;BCL11A;SNW1;PIGU;HDAC8,Non-classical monocytes
prerank,Reactome_2022__Regulated Necrosis R-HSA-5218859,0.6628597239031432,1.2285216567560042,0.15310344827586206,0.6050840817844826,1.0,19/56,5.06%,TNFSF10;CHMP2A;BAX;CASP1;IRF1;BIRC3;TANK;CYCS;UBC;UBB;UBA52;TNFRSF10B;RPS27A;CASP3;PELI1;TRADD;HSP90AA1;SDCBP;CASP8,Non-classical monocytes
prerank,Reactome_2022__Toll Like Receptor 7/8 (TLR7/8) Cascade R-HSA-168181,0.6196234776186885,1.228277665273151,0.12195121951219512,0.6043459891990531,1.0,49/102,10.61%,NFKB1;FBXW11;MEF2C;RIPK2;SKP1;NFKBIA;TANK;MYD88;MAP2K4;NOD1;TICAM1;UBC;UBB;AGER;UBA52;TAB2;RPS27A;RPS6KA2;PPP2CB;PPP2CA;PELI1;MAPKAPK3;IKBKB;MAPK9;MAP3K1;LY96;PELI3;MAP2K6;MAP3K7;CASP8;NOD2;UBE2V1;NDUFA2;ALPK1;TAB3;RPS6KA5;ECSIT;IRAK1;VRK3;TIFA;LRRC14;RPS6KA1;MAP2K1;USP14;BTRC;MAPK1;N4BP1;S100B;IKBKG,Non-classical monocytes
prerank,Reactome_2022__Infection With Mycobacterium Tuberculosis R-HSA-9635486,0.7310664956869177,1.2282391738888276,0.1753846153846154,0.6025932643983511,1.0,10/26,5.14%,PGK1;B2M;RNF213;RAB5A;UBC;UBB;UBA52;RPS27A;TRIM27;KPNB1,Non-classical monocytes
prerank,Reactome_2022__Metabolism Of Non-Coding RNA R-HSA-194441,0.666770441622828,1.2281111024907783,0.17048710601719197,0.60114562097636,1.0,20/52,10.63%,NUP214;SNRPE;SNRPD3;SNRPD2;SNRPG;SNRPB;SNUPN;SNRPF;RANBP2;SEC13;NCBP1;AAAS;CLNS1A;POM121C;NUP50;NUP133;NUP35;NUP88;NUP98;PRMT5,Non-classical monocytes
prerank,Reactome_2022__MyD88 Dependent Cascade Initiated On Endosome R-HSA-975155,0.6197205683465394,1.2279726030555935,0.12339331619537275,0.5997679240103452,1.0,49/101,10.61%,NFKB1;FBXW11;MEF2C;RIPK2;SKP1;NFKBIA;TANK;MYD88;MAP2K4;NOD1;TICAM1;UBC;UBB;AGER;UBA52;TAB2;RPS27A;RPS6KA2;PPP2CB;PPP2CA;PELI1;MAPKAPK3;IKBKB;MAPK9;MAP3K1;LY96;PELI3;MAP2K6;MAP3K7;CASP8;NOD2;UBE2V1;NDUFA2;ALPK1;TAB3;RPS6KA5;ECSIT;IRAK1;VRK3;TIFA;LRRC14;RPS6KA1;MAP2K1;USP14;BTRC;MAPK1;N4BP1;S100B;IKBKG,Non-classical monocytes
prerank,Reactome_2022__Smooth Muscle Contraction R-HSA-445355,0.683289741351072,1.2266471195603432,0.19054441260744986,0.6036981447335662,1.0,10/42,7.64%,MYL12A;MYL12B;MYL6;TPM4;GUCY1B1;SORBS3;ALDH2;VCL;PKN1;TLN1,Non-classical monocytes
prerank,Reactome_2022__FRS-mediated FGFR4 Signaling R-HSA-5654712,0.7586425878914742,1.2264186486129187,0.2080536912751678,0.6028319632219995,1.0,4/21,5.41%,FRS2;GRB2;SOS1;NRAS,Non-classical monocytes
prerank,Reactome_2022__EPH-Ephrin Signaling R-HSA-2682334,0.6299904181016027,1.2259819307288526,0.15384615384615385,0.6029671136060357,1.0,23/90,6.89%,MYL12A;CLTB;ARPC1B;MYL12B;ARPC3;AP2S1;PSENEN;FYN;ACTG1;MYL6;ITSN1;LYN;RHOA;VAV3;SDCBP;SRC;AP2A2;ARPC2;APH1B;PSEN1;ARPC1A;AP2A1;CLTA,Non-classical monocytes
prerank,Reactome_2022__HIV Elongation Arrest And Recovery R-HSA-167287,0.7128059428114367,1.2249073036412532,0.1908284023668639,0.6057379371785911,1.0,18/33,10.18%,POLR2J;POLR2L;ELOB;POLR2K;CCNT1;SUPT4H1;POLR2A;GTF2F2;POLR2G;POLR2D;POLR2E;POLR2C;POLR2B;NELFB;NELFCD;POLR2F;SSRP1;ELL,Non-classical monocytes
prerank,Reactome_2022__TRAF6 Mediated Induction Of NFkB And MAP Kinases Upon TLR7/8 Or 9 Activation R-HSA-975138,0.6197330765239619,1.2248380810995247,0.12886597938144329,0.6041610597666798,1.0,49/100,10.61%,NFKB1;FBXW11;MEF2C;RIPK2;SKP1;NFKBIA;TANK;MYD88;MAP2K4;NOD1;TICAM1;UBC;UBB;AGER;UBA52;TAB2;RPS27A;RPS6KA2;PPP2CB;PPP2CA;PELI1;MAPKAPK3;IKBKB;MAPK9;MAP3K1;LY96;PELI3;MAP2K6;MAP3K7;CASP8;NOD2;UBE2V1;NDUFA2;ALPK1;TAB3;RPS6KA5;ECSIT;IRAK1;VRK3;TIFA;LRRC14;RPS6KA1;MAP2K1;USP14;BTRC;MAPK1;N4BP1;S100B;IKBKG,Non-classical monocytes
prerank,Reactome_2022__Cooperation Of Prefoldin And TriC/CCT In Actin And Tubulin Folding R-HSA-389958,0.7122764616491373,1.222778994634287,0.1893491124260355,0.6110642689211718,1.0,11/33,8.59%,PFDN5;CCT7;TUBA1C;TUBA1A;TUBA1B;PFDN2;TUBB;PFDN6;CCT6A;CCT5;PFDN1,Non-classical monocytes
prerank,Reactome_2022__Signaling By WNT R-HSA-195721,0.5752728416364722,1.2226432780890053,0.07486033519553073,0.6098757940387733,1.0,72/264,7.61%,PSMA7;PSMA4;PSME1;PSME2;CLTB;PSMB6;PSMB4;AP2S1;PFN1;PSMC3;ITPR2;AGO3;PSMB1;PSMA1;SKP1;PSMB3;PSMA2;GNGT2;CREBBP;PPP3CA;CTNNB1;PSMB8;PPP2R5C;PSMC6;PSMD9;GNB4;PSMB9;UBC;UBB;PSMB2;UBA52;RBX1;GNB1;RPS27A;TMED5;PSMC4;PPP2CB;KMT2D;PPP2CA;RHOA;PRKCA;PSME4;NLK;MAP3K7;RBBP5;AKT2;DVL3;AP2A2;PSMB7;DAAM1;NRAS;PRKCB;PSMD14;CCDC88C;VPS35;PSMD4;VPS26A;PSMC5;USP8;PSMD7;AGO4;WLS;AP2A1;PSMA5;CLTA;KLHL12;TRRAP;PLCB3;CSNK2B;CSNK1G2;RUVBL1;FRAT2,Non-classical monocytes
prerank,Reactome_2022__Toll Like Receptor 9 (TLR9) Cascade R-HSA-168138,0.6131151252571121,1.222609234066338,0.13257575757575757,0.6081595356306773,1.0,49/105,10.61%,NFKB1;FBXW11;MEF2C;RIPK2;SKP1;NFKBIA;TANK;MYD88;MAP2K4;NOD1;TICAM1;UBC;UBB;AGER;UBA52;TAB2;RPS27A;RPS6KA2;PPP2CB;PPP2CA;PELI1;MAPKAPK3;IKBKB;MAPK9;MAP3K1;LY96;PELI3;MAP2K6;MAP3K7;CASP8;NOD2;UBE2V1;NDUFA2;ALPK1;TAB3;RPS6KA5;ECSIT;IRAK1;VRK3;TIFA;LRRC14;RPS6KA1;MAP2K1;USP14;BTRC;MAPK1;N4BP1;S100B;IKBKG,Non-classical monocytes
prerank,Reactome_2022__G Beta:Gamma Signaling Thru BTK R-HSA-8964315,0.7680155666285129,1.222340107886133,0.21026490066225165,0.6074278509881058,1.0,3/18,3.10%,GNGT2;GNB4;GNB1,Non-classical monocytes
prerank,Reactome_2022__P2Y Receptors R-HSA-417957,-0.7976521624725436,-1.2215133358012444,0.23155216284987276,1.0,1.0,3/11,6.60%,P2RY13;P2RY10;P2RY14,Non-classical monocytes
prerank,Reactome_2022__MAP Kinase Activation R-HSA-450294,0.6487163871277681,1.2213387788874632,0.1446629213483146,0.6098653909080255,1.0,31/62,10.61%,NFKB1;FBXW11;MEF2C;RIPK2;SKP1;MAP2K4;NOD1;UBC;UBB;UBA52;TAB2;RPS27A;RPS6KA2;PPP2CB;PPP2CA;MAPKAPK3;IKBKB;MAPK9;MAP2K6;MAP3K7;NOD2;UBE2V1;TAB3;RPS6KA5;IRAK1;VRK3;RPS6KA1;MAP2K1;BTRC;MAPK1;IKBKG,Non-classical monocytes
prerank,Reactome_2022__Role Of LAT2/NTAL/LAB On Calcium Mobilization R-HSA-2730905,0.8131662805443899,1.2206356745422022,0.20302013422818793,0.6112021267415131,1.0,6/13,3.50%,GAB2;FYN;GRB2;LYN;SOS1;PIK3CA,Non-classical monocytes
prerank,Reactome_2022__Metabolism Of Steroid Hormones R-HSA-196071,0.7034899955051634,1.2205840525110705,0.18676470588235294,0.6096162929779607,1.0,12/35,11.14%,TSPO;HSD17B11;TSPOAP1;FDX1;SRD5A3;FDX2;FDXR;HSD11B2;AKR1B1;HSD17B1;HSD17B14;STARD4,Non-classical monocytes
prerank,Reactome_2022__Ub-specific Processing Proteases R-HSA-5689880,0.5910206347988761,1.219703196496075,0.10167464114832536,0.6115386442970692,1.0,66/175,10.61%,PSMA7;PSMA4;PSME1;PSME2;PSMB6;PSMB4;TAF10;PSMC3;USP32;PSMB1;PSMA1;PSMB3;NFKBIA;BIRC3;PSMA2;TANK;PSMB8;PSMC6;PSMD9;PSMB9;MAT2B;UBC;UBB;PSMB2;UFD1;ARRB1;PTRH2;UBA52;USP24;SMAD3;RPS27A;PSMC4;PSME4;USP4;SMAD1;USP49;MAP3K7;PSMB7;PSMD14;USP15;PSMD4;USP3;PSMC5;USP8;PSMD7;TOMM20;SMAD2;SMAD7;PSMA5;TRRAP;RUVBL1;USP12;RHOT1;PSMC1;TOMM70;AXIN1;RIPK1;PSMA6;USP14;MDM2;SMURF2;SMAD4;USP20;USP9X;SEM1;IKBKG,Non-classical monocytes
prerank,Reactome_2022__Constitutive Signaling By Ligand-Responsive EGFR Cancer Variants R-HSA-1236382,0.7784719597015566,1.2191243593849044,0.20563847429519072,0.6121943344179318,1.0,9/18,5.41%,GRB2;UBC;UBB;UBA52;RPS27A;SOS1;PIK3CA;HSP90AA1;NRAS,Non-classical monocytes
prerank,Reactome_2022__DNA Repair R-HSA-73894,0.5760124323890825,1.218154753774052,0.07832009080590238,0.6145413982014606,1.0,104/279,12.12%,SUMO2;ATM;UBE2L6;POLR2J;ISG15;ASCC3;POLR2L;APEX1;USP32;SPIDR;REV3L;HMGN1;POLR2K;SUMO1;TRIM25;ERCC1;POLE3;MGMT;XRCC4;CUL4A;POLR2A;UBC;UBB;UFD1;UBA52;MPG;RBX1;ASCC2;ERCC3;PRKDC;RPS27A;GTF2H5;ERCC4;FTO;FAAP20;POLR2G;RNF168;NHEJ1;TOPBP1;RFC2;POLE4;RPA3;POLR2D;RAD51B;SMARCA5;FAN1;TOP3A;PCNA;FANCM;POLR2E;BRCC3;POLR2C;POLR2B;GTF2H4;BABAM1;POLD1;XPC;TP53BP1;MCRS1;XRCC1;DDB1;INO80;ABL1;XRCC5;COPS2;CCNH;RUVBL1;COPS4;TINF2;ALKBH5;RAD50;RHNO1;BARD1;POLR2F;CENPX;ABRAXAS1;UBXN1;PPP5C;PARG;KPNA2;PPP4C;MUTYH;UBE2T;FANCL;ELL;RFC3;FANCD2;POLM;PNKP;SEM1;PIAS3;RNF111;UNG;GEN1;FANCC;PPP4R2;PALB2;KAT5;FANCF;ERCC5;RAD51AP1;TFPT;FAAP100;MBD4,Non-classical monocytes
prerank,Reactome_2022__Resolution Of D-loop Structures Thru Holliday Junction Intermediates R-HSA-5693568,0.7070854790001972,1.218058759673942,0.20180722891566266,0.6131059369366024,1.0,11/33,11.98%,ATM;SPIDR;RAD51B;TOP3A;RAD50;BARD1;SEM1;GEN1;PALB2;KAT5;RAD51AP1,Non-classical monocytes
prerank,Reactome_2022__Attenuation Phase R-HSA-3371568,0.7319704524690918,1.217904705858423,0.2091917591125198,0.6119646656267926,1.0,11/26,5.78%,PTGES3;HSBP1;HSPA8;CREBBP;MRPL18;UBB;DNAJB6;HSP90AA1;HSF1;HSPA1A;HSPH1,Non-classical monocytes
prerank,Reactome_2022__Cyclin D Associated Events In G1 R-HSA-69231,0.6641628409210643,1.2175372389037247,0.17937853107344634,0.6119731465797301,1.0,22/47,11.04%,CDKN1A;SKP1;LYN;UBC;RB1;UBB;UBA52;RPS27A;PPP2CB;PPP2CA;CKS1B;E2F4;PPP2R2A;SRC;JAK2;ABL1;CDKN1C;CCNH;CDKN2B;CDK4;E2F3;PTK6,Non-classical monocytes
prerank,Reactome_2022__Downregulation Of SMAD2/3:SMAD4 Transcriptional Activity R-HSA-2173795,0.7168164614523334,1.216221873100705,0.21651090342679127,0.6161123858850605,1.0,17/31,10.76%,STAT1;UBC;UBB;UBA52;SMAD3;RPS27A;UBE2D3;PPM1A;SMAD2;SMAD7;UBE2D1;SNW1;SMURF2;SMAD4;MAPK1;USP9X;RNF111,Non-classical monocytes
prerank,Reactome_2022__Metabolism Of Water-Soluble Vitamins And Cofactors R-HSA-196849,0.6037780151623745,1.2158030815594258,0.12420785804816223,0.6161660071411073,1.0,43/121,13.63%,GSTO1;PCCA;AASDHPPT;PANK2;PARP14;PDXK;ACP5;PANK4;ABCC1;PPCS;DHFR;MTHFR;TPK1;PARP9;NADK;GPHN;SHMT1;QPRT;MTHFD1;RNLS;TCN2;BST1;MTRR;MTR;NAPRT;CD38;CD320;PARP6;SLC25A16;PARP10;SLC5A6;MTHFD2L;VNN2;CUBN;SLC19A2;PNPO;LDLRAP1;HLCS;PCCB;MOCS2;FOLR2;ACACA;ABCD4,Non-classical monocytes
prerank,MSigDB_Hallmark_2020__Notch Signaling,0.7117548518918796,1.214996767776733,0.19785276073619631,0.36108125474618846,0.986,9/32,5.90%,PSENEN;FBXW11;SKP1;ARRB1;RBX1;ST3GAL6;NOTCH2;PRKCA;PPARD,Non-classical monocytes
prerank,Reactome_2022__Signaling By FGFR3 R-HSA-5654741,0.6872405748559661,1.2148032036866543,0.17917304747320062,0.6186103938751538,1.0,17/39,10.91%,FRS2;GRB2;UBC;UBB;UBA52;RPS27A;SOS1;PPP2CB;PIK3CA;PPP2CA;MKNK1;SRC;NRAS;BRAF;PIGU;MAPK1;FRS3,Non-classical monocytes
prerank,Reactome_2022__Downstream Signaling Of Activated FGFR1 R-HSA-5654687,0.7088151378698021,1.214202334725206,0.1774193548387097,0.6193655937702889,1.0,10/30,12.43%,FRS2;GRB2;SOS1;PIK3CA;NRAS;PIGU;FRS3;KL;FGF9;FGFR1,Non-classical monocytes
prerank,Reactome_2022__IRS-related Events Triggered By IGF1R R-HSA-2428928,0.656733687915033,1.2131997851030663,0.17971014492753623,0.6217260612282688,1.0,16/51,12.43%,GAB2;FRS2;GRB2;SOS1;PIK3CA;AKT2;NRAS;IGF1R;FLT3LG;PIGU;TRIB3;PIK3R4;KL;PIK3C3;FGF9;FGFR1,Non-classical monocytes
prerank,Reactome_2022__Defective HDR Thru Homologous Recombination (HRR) Due To BRCA1 Loss-Of-Function R-HSA-9701192,0.7363207385984143,1.2130916197205444,0.2248062015503876,0.6204270669610242,1.0,9/25,11.98%,ATM;RAD51B;TOP3A;RAD50;BARD1;SEM1;PALB2;KAT5;RAD51AP1,Non-classical monocytes
prerank,Reactome_2022__PINK1-PRKN Mediated Mitophagy R-HSA-5205685,0.732083564662599,1.2128475092163307,0.22413793103448276,0.6196972949435857,1.0,14/22,8.91%,TOMM6;MAP1LC3B;SQSTM1;UBC;UBB;UBA52;TOMM7;RPS27A;TOMM20;PINK1;TOMM5;PRKN;ATG5;TOMM70,Non-classical monocytes
prerank,Reactome_2022__Diseases Associated With Visual Transduction R-HSA-2474795,-0.7607395276366282,-1.2128400415215628,0.2469733656174334,1.0,1.0,1/13,1.72%,RDH5,Non-classical monocytes
prerank,Reactome_2022__Sialic Acid Metabolism R-HSA-4085001,0.7078280936592913,1.212673258374609,0.17715959004392387,0.6185807194987973,1.0,14/33,12.19%,ST3GAL5;ST3GAL1;ST3GAL6;ST3GAL2;CMAS;ST6GALNAC4;NPL;ST3GAL3;NANS;GLB1;SLC17A5;NANP;ST6GALNAC6;ST6GALNAC2,Non-classical monocytes
prerank,Reactome_2022__Basigin Interactions R-HSA-210991,0.7376690960846413,1.21187610841273,0.2015748031496063,0.6202454255875023,1.0,3/25,1.46%,PPIA;ITGB1;ATP1B1,Non-classical monocytes
prerank,Reactome_2022__Signaling By FLT3 Fusion Proteins R-HSA-9703465,0.7633149296079849,1.2115586264353886,0.21731748726655348,0.619830660297313,1.0,10/18,9.42%,GAB2;ETV6;CDKN1A;GRB2;SOS1;PIK3CA;STAT5B;NRAS;ZMYM2;LONP1,Non-classical monocytes
prerank,Reactome_2022__Programmed Cell Death R-HSA-5357801,0.5801869477500745,1.2110652328381608,0.11382113821138211,0.6202948613278211,1.0,62/200,6.87%,TNFSF10;PSMA7;PSMA4;PSME1;PSME2;CHMP2A;BAX;PSMB6;PSMB4;BID;PSMC3;DAPK1;CASP1;PSMB1;PSMA1;PSMB3;IRF1;DYNLL1;BIRC3;PSMA2;TANK;CTNNB1;PSMB8;CYCS;PSMC6;PSMD9;PSMB9;TICAM1;ACIN1;DBNL;UBC;YWHAH;UBB;PSMB2;UBA52;TNFRSF10B;RPS27A;CASP3;PSMC4;BAD;STAT3;PELI1;TRADD;HSP90AA1;PSME4;LY96;SDCBP;CASP8;AKT2;KPNB1;PSMB7;PSMD14;LMNB1;NDUFA2;PSMD4;PSMC5;AVEN;PSMD7;TP53BP2;CHMP6;LMNA;PSMA5,Non-classical monocytes
prerank,Reactome_2022__Downregulation Of ERBB2:ERBB3 Signaling R-HSA-1358803,0.8143808758679851,1.2105601280981284,0.23181049069373943,0.6207076628230161,1.0,6/13,6.18%,UBC;UBB;UBA52;RPS27A;AKT2;USP8,Non-classical monocytes
prerank,Reactome_2022__Signaling By FGFR3 In Disease R-HSA-5655332,0.7403585323583762,1.2105518133392579,0.21906354515050167,0.6189824870729451,1.0,5/21,5.41%,FRS2;GRB2;SOS1;PIK3CA;NRAS,Non-classical monocytes
prerank,Reactome_2022__Olfactory Signaling Pathway R-HSA-381753,0.5606926043442971,1.2099953004773587,0.07311827956989247,0.6197117763802772,1.0,1/385,3.10%,GNB1,Non-classical monocytes
prerank,Reactome_2022__Triglyceride Catabolism R-HSA-163560,-0.6806554624770863,-1.2096002676348392,0.20270270270270271,1.0,1.0,4/23,4.56%,PPP1CB;PLIN3;PRKACB;PPP1CC,Non-classical monocytes
prerank,Reactome_2022__IKK Complex Recruitment Mediated By RIP1 R-HSA-937041,0.7390594363264511,1.2093683807158708,0.21669341894060995,0.6205785164800995,1.0,16/22,10.61%,BIRC3;TICAM1;UBC;UBB;UBA52;UBE2D2;RPS27A;UBE2D3;IKBKB;LY96;UBE2V1;NDUFA2;UBE2D1;RIPK1;SARM1;IKBKG,Non-classical monocytes
prerank,Reactome_2022__Signaling By PDGFRA Extracellular Domain Mutants R-HSA-9673770,0.8320751588115032,1.2092306717861598,0.211340206185567,0.6194708480793694,1.0,6/11,5.41%,STAT1;GRB2;SOS1;PIK3CA;STAT3;NRAS,Non-classical monocytes
prerank,Reactome_2022__Signaling By FGFR R-HSA-190236,0.6185014875336513,1.2091809712454977,0.13660477453580902,0.6179299075792191,1.0,25/86,5.61%,POLR2J;POLR2L;FRS2;POLR2K;HNRNPF;GRB2;POLR2A;UBC;GTF2F2;UBB;UBA52;RPS27A;SOS1;PPP2CB;PIK3CA;PPP2CA;NCBP1;POLR2G;MKNK1;POLR2D;SRC;POLR2E;NRAS;POLR2C;POLR2B,Non-classical monocytes
prerank,Reactome_2022__RNA Polymerase II Pre-transcription Events R-HSA-674695,0.6290804935264649,1.2085727925107876,0.17876344086021506,0.6186300064239391,1.0,33/79,8.25%,POLR2J;TAF10;GTF2A2;POLR2L;ELOB;POLR2K;CCNT1;TAF11;SUPT4H1;POLR2A;GTF2F2;CTR9;TAF6;ERCC3;GTF2H5;AFF4;TAF1;GTF2A1;NCBP1;POLR2G;POLR2D;POLR2E;POLR2C;POLR2B;NELFB;GTF2H4;IWS1;TAF15;TAF4;CCNH;DMAP1;NELFCD;POLR2F,Non-classical monocytes
prerank,Reactome_2022__RIP-mediated NFkB Activation Via ZBP1 R-HSA-1810476,0.7832255626084808,1.2085141304830445,0.22861842105263158,0.6171239238569527,1.0,5/17,3.90%,NFKB1;NFKBIA;MYD88;TICAM1;IKBKB,Non-classical monocytes
prerank,Reactome_2022__Cell-extracellular Matrix Interactions R-HSA-446353,0.7834586681137122,1.2080996277066771,0.234006734006734,0.6172707799164316,1.0,5/16,7.45%,LIMS1;ITGB1;RSU1;TESK1;VASP,Non-classical monocytes
prerank,Reactome_2022__Sensory Processing Of Sound By Inner Hair Cells Of Cochlea R-HSA-9662360,-0.5515175335693788,-1.2077641908873875,0.16666666666666666,1.0,1.0,16/67,10.21%,ATP2B1;VAMP2;MSN;RIPOR2;TWF2;EZR;SPTAN1;CTBP2;TRIOBP;CAPZA1;EPB41L3;TWF1;MYO7A;LHFPL5;TPRN;CACNB2,Non-classical monocytes
prerank,Reactome_2022__Apoptosis R-HSA-109581,0.5829610435150341,1.2067300788849482,0.12632821723730814,0.6213656746548948,1.0,54/171,6.87%,TNFSF10;PSMA7;PSMA4;PSME1;PSME2;BAX;PSMB6;PSMB4;BID;PSMC3;DAPK1;PSMB1;PSMA1;PSMB3;DYNLL1;PSMA2;TANK;CTNNB1;PSMB8;CYCS;PSMC6;PSMD9;PSMB9;TICAM1;ACIN1;DBNL;UBC;YWHAH;UBB;PSMB2;UBA52;TNFRSF10B;RPS27A;CASP3;PSMC4;BAD;STAT3;TRADD;PSME4;LY96;CASP8;AKT2;KPNB1;PSMB7;PSMD14;LMNB1;NDUFA2;PSMD4;PSMC5;AVEN;PSMD7;TP53BP2;LMNA;PSMA5,Non-classical monocytes
prerank,Reactome_2022__Interleukin-37 Signaling R-HSA-9008059,0.7494741125232285,1.2053475488492067,0.2124031007751938,0.6253667770340016,1.0,9/21,8.90%,PTPN2;CASP1;SMAD3;STAT3;PTPN18;PTPN9;TBK1;PTPN23;PTPN13,Non-classical monocytes
prerank,Reactome_2022__Downstream Signaling Of Activated FGFR2 R-HSA-5654696,0.701639578548962,1.2051708633087326,0.21405228758169934,0.624412496114205,1.0,8/29,12.41%,FRS2;GRB2;SOS1;PIK3CA;NRAS;PIGU;FRS3;FGF9,Non-classical monocytes
prerank,Reactome_2022__Regulation Of Localization Of FOXO Transcription Factors R-HSA-9614399,-0.7747509768887075,-1.2047021103353477,0.2511961722488038,1.0,1.0,3/12,1.08%,YWHAB;YWHAZ;YWHAQ,Non-classical monocytes
prerank,Reactome_2022__MyD88:MAL(TIRAP) Cascade Initiated On Plasma Membrane R-HSA-166058,0.6007468432816273,1.204478859424472,0.14340588988476313,0.6255209192379396,1.0,51/112,10.61%,NFKB1;FBXW11;MEF2C;TLR1;RIPK2;SKP1;NFKBIA;TANK;MYD88;MAP2K4;NOD1;UBC;UBB;AGER;UBA52;TAB2;RPS27A;RPS6KA2;PPP2CB;PPP2CA;PELI1;MAPKAPK3;IKBKB;MAPK9;MAP3K1;LY96;PELI3;MAP2K6;MAP3K7;CASP8;NOD2;UBE2V1;NDUFA2;ALPK1;TAB3;S100A8;RPS6KA5;ECSIT;IRAK1;VRK3;TIFA;LRRC14;RPS6KA1;MAP2K1;USP14;BTRC;SOCS1;MAPK1;N4BP1;S100B;IKBKG,Non-classical monocytes
prerank,Reactome_2022__DNA Double-Strand Break Repair R-HSA-5693532,0.5988634493937167,1.2041867044527812,0.16876574307304787,0.62498114532847,1.0,50/131,12.89%,SUMO2;ATM;SPIDR;SUMO1;ERCC1;POLE3;XRCC4;UBC;UBB;UBA52;PRKDC;RPS27A;ERCC4;RNF168;NHEJ1;TOPBP1;RFC2;POLE4;RPA3;RAD51B;SMARCA5;TOP3A;PCNA;BRCC3;BABAM1;POLD1;TP53BP1;XRCC1;ABL1;XRCC5;RAD50;RHNO1;BARD1;ABRAXAS1;UBXN1;PPP5C;KPNA2;PPP4C;RFC3;POLM;SEM1;GEN1;PPP4R2;PALB2;KAT5;RAD51AP1;PARP2;NSD2;TDP1;XRCC6,Non-classical monocytes
prerank,Reactome_2022__Gap-filling DNA Repair Synthesis And Ligation In GG-NER R-HSA-5696397,0.7340113235787866,1.2026381643988913,0.21939586645468998,0.629584877317121,1.0,11/25,6.26%,POLE3;UBC;UBB;UBA52;RPS27A;RFC2;POLE4;RPA3;PCNA;POLD1;XRCC1,Non-classical monocytes
prerank,Reactome_2022__Cellular Senescence R-HSA-2559583,0.5939486439292619,1.2025710822913898,0.13882063882063883,0.6281318793671339,1.0,49/128,10.76%,ATM;NFKB1;AGO3;CDKN1A;UBE2E1;ANAPC11;ANAPC4;SUZ12;MAP2K4;ANAPC5;UBC;RB1;UBB;RNF2;UBA52;RPS27A;RPS6KA2;CDC27;STAT3;MAPKAPK3;KDM6B;MAPK9;EZH2;CEBPB;TXN2;MAP2K6;EHMT1;CDC26;ETS2;LMNB1;IGFBP7;AGO4;EHMT2;UBE2D1;TINF2;RAD50;CDC16;TNRC6C;RBBP4;HIRA;UBN1;RPS6KA1;CDKN2B;MDM2;HMGA1;CDK4;MAPK1;CXCL8;E2F3,Non-classical monocytes
prerank,Reactome_2022__Apoptotic Cleavage Of Cell Adhesion Proteins R-HSA-351906,0.8333173737787739,1.2014810558904505,0.2054140127388535,0.6307568432913278,1.0,3/11,10.27%,CTNNB1;CASP3;TJP2,Non-classical monocytes
prerank,Reactome_2022__DAP12 Signaling R-HSA-2424491,0.709964257501944,1.2008664400985838,0.22376543209876543,0.631653600351365,1.0,10/28,5.41%,TYROBP;B2M;HLA-E;FYN;GRB2;LCP2;SOS1;PIK3CA;VAV3;NRAS,Non-classical monocytes
prerank,Reactome_2022__MyD88 Cascade Initiated On Plasma Membrane R-HSA-975871,0.6082482468739628,1.200094858284181,0.1621271076523995,0.6332808917001034,1.0,46/96,10.61%,NFKB1;FBXW11;MEF2C;RIPK2;SKP1;NFKBIA;TANK;MYD88;MAP2K4;NOD1;UBC;UBB;AGER;UBA52;TAB2;RPS27A;RPS6KA2;PPP2CB;PPP2CA;PELI1;MAPKAPK3;IKBKB;MAPK9;MAP3K1;PELI3;MAP2K6;MAP3K7;CASP8;NOD2;UBE2V1;ALPK1;TAB3;RPS6KA5;ECSIT;IRAK1;VRK3;TIFA;LRRC14;RPS6KA1;MAP2K1;USP14;BTRC;MAPK1;N4BP1;S100B;IKBKG,Non-classical monocytes
prerank,Reactome_2022__Aberrant Regulation Of Mitotic Exit In Cancer Due To RB1 Defects R-HSA-9687136,0.7432532444170872,1.1994187094611704,0.2254601226993865,0.6342485705739325,1.0,9/20,7.97%,UBE2E1;ANAPC11;ANAPC4;ANAPC5;RB1;CDC27;CDC26;UBE2D1;CDC16,Non-classical monocytes
prerank,Reactome_2022__Signaling By EGFR In Cancer R-HSA-1643713,0.7414457428874625,1.1985927067403348,0.24386252045826515,0.6359787052636676,1.0,9/24,5.41%,GRB2;UBC;UBB;UBA52;RPS27A;SOS1;PIK3CA;HSP90AA1;NRAS,Non-classical monocytes
prerank,Reactome_2022__Interleukin-12 Family Signaling R-HSA-447115,0.6517214668630313,1.1985694250382475,0.18655692729766804,0.6343216590815728,1.0,13/54,4.39%,STAT1;PPIA;AURKAIP1;GSTO1;PSME2;HNRNPA2B1;HNRNPF;TALDO1;STAT3;TOX4;IL27RA;SOD1;BOLA2B,Non-classical monocytes
prerank,Reactome_2022__Interleukin-6 Family Signaling R-HSA-6783589,0.723849734705046,1.198059961215389,0.2078740157480315,0.6348232526819543,1.0,5/24,6.56%,STAT1;CCM2;STAT3;SOCS3;JAK2,Non-classical monocytes
prerank,Reactome_2022__JNK (c-Jun Kinases) Phosphorylation And Activation Mediated By Activated Human TAK1 R-HSA-450321,0.7575585782981822,1.1978560175720334,0.23529411764705882,0.6338546958886764,1.0,10/18,7.96%,RIPK2;MAP2K4;NOD1;TAB2;MAPK9;MAP3K7;NOD2;UBE2V1;TAB3;IRAK1,Non-classical monocytes
prerank,Reactome_2022__PI3K Cascade R-HSA-109704,0.6603432969150986,1.1978505509072914,0.21068249258160238,0.6321937529879263,1.0,13/44,12.43%,GAB2;FRS2;GRB2;PIK3CA;AKT2;FLT3LG;PIGU;TRIB3;PIK3R4;KL;PIK3C3;FGF9;FGFR1,Non-classical monocytes
prerank,Reactome_2022__Signaling By High-Kinase Activity BRAF Mutants R-HSA-6802948,-0.6180350304806957,-1.196968530871358,0.20414201183431951,1.0,1.0,8/33,3.99%,ARRB2;YWHAB;CSK;HRAS;ARAF;MAP2K2;RAP1B;MARK3,Non-classical monocytes
prerank,Reactome_2022__RET Signaling R-HSA-8853659,0.6789983738729628,1.196682531644003,0.19601837672281777,0.6353009895320757,1.0,8/40,4.75%,GAB2;FRS2;GRB2;DOK2;SOS1;PIK3CA;PRKCA;SRC,Non-classical monocytes
prerank,Reactome_2022__Impaired BRCA2 Binding To PALB2 R-HSA-9709603,0.7330678598958372,1.1966492038054626,0.24256651017214398,0.6337358059465135,1.0,8/24,11.98%,ATM;RAD51B;TOP3A;RAD50;BARD1;PALB2;KAT5;RAD51AP1,Non-classical monocytes
prerank,Reactome_2022__FRS-mediated FGFR3 Signaling R-HSA-5654706,0.752810266930132,1.1965722309653348,0.25426621160409557,0.6324020302868639,1.0,4/19,5.41%,FRS2;GRB2;SOS1;NRAS,Non-classical monocytes
prerank,Reactome_2022__Triglyceride Biosynthesis R-HSA-75109,0.8001154304332627,1.1964209765077893,0.2474747474747475,0.6313107315705503,1.0,6/13,18.99%,LPIN2;GK;DGAT1;GPAM;DGAT2;LPIN1,Non-classical monocytes
prerank,Reactome_2022__Amyloid Fiber Formation R-HSA-977225,0.653827207457298,1.1961611200211064,0.20027624309392264,0.6307430649542937,1.0,13/52,7.92%,UBE2L6;CST3;B2M;PSENEN;LYZ;UBC;UBB;UBA52;RPS27A;APH1B;GGA1;TSPAN14;PRKN,Non-classical monocytes
prerank,Reactome_2022__HDR Thru Homologous Recombination (HRR) R-HSA-5685942,0.6389232801093457,1.19599375091435,0.19390581717451524,0.6297516802338666,1.0,24/66,11.98%,ATM;SPIDR;POLE3;UBC;UBB;UBA52;RPS27A;TOPBP1;RFC2;POLE4;RPA3;RAD51B;TOP3A;PCNA;POLD1;RAD50;RHNO1;BARD1;RFC3;SEM1;GEN1;PALB2;KAT5;RAD51AP1,Non-classical monocytes
prerank,Reactome_2022__Nucleotide Excision Repair R-HSA-5696398,0.6064650152750003,1.195977260064336,0.18075422626788037,0.6281767123351951,1.0,38/107,7.59%,SUMO2;POLR2J;POLR2L;HMGN1;POLR2K;SUMO1;ERCC1;POLE3;CUL4A;POLR2A;UBC;UBB;UBA52;RBX1;ERCC3;RPS27A;GTF2H5;ERCC4;POLR2G;RFC2;POLE4;RPA3;POLR2D;PCNA;POLR2E;POLR2C;POLR2B;GTF2H4;POLD1;XPC;MCRS1;XRCC1;DDB1;INO80;COPS2;CCNH;RUVBL1;COPS4,Non-classical monocytes
prerank,Reactome_2022__Interleukin-15 Signaling R-HSA-8983432,0.7978789132727693,1.1953487397487428,0.2304,0.6291184895466603,1.0,7/14,4.89%,GAB2;IL15;GRB2;SOS1;IL2RG;STAT3;STAT5B,Non-classical monocytes
prerank,Reactome_2022__Signaling By ERBB2 R-HSA-1227986,0.6554392167271299,1.1949744491036556,0.2099290780141844,0.6290462901204309,1.0,16/49,6.18%,FYN;GRB2;UBC;UBB;UBA52;RPS27A;SOS1;PIK3CA;RHOA;HSP90AA1;PRKCA;PTPN18;SRC;AKT2;NRAS;USP8,Non-classical monocytes
prerank,Reactome_2022__Plasma Lipoprotein Clearance R-HSA-8964043,0.6933146171905161,1.1939493955303817,0.22427035330261136,0.6316699753617077,1.0,17/35,12.10%,AP2S1;NPC2;HDLBP;UBC;UBB;UBA52;RPS27A;SOAT1;AP2A2;AP2A1;CLTA;NR1H2;CUBN;APOC1;LDLRAP1;APOE;APOBR,Non-classical monocytes
prerank,Reactome_2022__Prefoldin Mediated Transfer Of Substrate To CCT/TriC R-HSA-389957,0.703571306240586,1.1933776055440934,0.2287878787878788,0.6324117146853832,1.0,10/28,8.59%,PFDN5;CCT7;TUBA1C;TUBA1A;PFDN2;TUBB;PFDN6;CCT6A;CCT5;PFDN1,Non-classical monocytes
prerank,Reactome_2022__MAP2K And MAPK Activation R-HSA-5674135,-0.6006908712255075,-1.1928474987283761,0.1903323262839879,1.0,1.0,8/37,3.99%,ARRB2;YWHAB;CSK;HRAS;ARAF;MAP2K2;RAP1B;MARK3,Non-classical monocytes
prerank,Reactome_2022__GRB2:SOS Provides Linkage To MAPK Signaling For Integrins R-HSA-354194,0.77124989504832,1.1919252785681052,0.266553480475382,0.6367566449797438,1.0,5/15,7.64%,APBB1IP;GRB2;SOS1;SRC;TLN1,Non-classical monocytes
prerank,Reactome_2022__Thyroxine Biosynthesis R-HSA-209968,0.8377469869640075,1.1918085567774057,0.25309734513274335,0.6355912261708689,1.0,2/10,16.23%,DIDO1;DUOX1,Non-classical monocytes
prerank,Reactome_2022__HDR Thru Homologous Recombination (HRR) Or Single Strand Annealing (SSA) R-HSA-5693567,0.6042941648107798,1.1916337512156006,0.1927554980595084,0.6346611853769626,1.0,27/96,8.35%,SUMO2;ATM;SPIDR;ERCC1;POLE3;UBC;UBB;UBA52;RPS27A;ERCC4;RNF168;TOPBP1;RFC2;POLE4;RPA3;RAD51B;TOP3A;PCNA;BRCC3;BABAM1;POLD1;TP53BP1;ABL1;RAD50;RHNO1;BARD1;ABRAXAS1,Non-classical monocytes
prerank,Reactome_2022__Interleukin-35 Signaling R-HSA-8984722,0.7991323295053616,1.1913537902234048,0.24620573355817876,0.634199778410462,1.0,4/12,6.56%,STAT1;STAT3;IL27RA;JAK2,Non-classical monocytes
prerank,Reactome_2022__Signaling By Type 1 Insulin-like Growth Factor 1 Receptor (IGF1R) R-HSA-2404192,0.6415862099880529,1.1911283409832796,0.19568345323741007,0.6333937230567689,1.0,16/53,12.43%,GAB2;FRS2;GRB2;SOS1;PIK3CA;AKT2;NRAS;IGF1R;FLT3LG;PIGU;TRIB3;PIK3R4;KL;PIK3C3;FGF9;FGFR1,Non-classical monocytes
prerank,Reactome_2022__Thromboxane Signaling Thru TP Receptor R-HSA-428930,0.7186034371762645,1.1900737904122611,0.24422442244224424,0.6360873137305223,1.0,5/24,5.50%,GNGT2;GNB4;GNB1;AAMP;GNA13,Non-classical monocytes
prerank,Reactome_2022__FCGR Activation R-HSA-2029481,0.8349829988230331,1.1899299377918806,0.24179620034542315,0.6351032708213756,1.0,5/10,4.75%,FYN;LYN;FCGR2A;HCK;SRC,Non-classical monocytes
prerank,Reactome_2022__Downstream Signaling Of Activated FGFR4 R-HSA-5654716,0.7070778082556793,1.189698109051988,0.22824302134646962,0.6343134694144622,1.0,8/26,12.41%,FRS2;GRB2;SOS1;PIK3CA;NRAS;PIGU;FRS3;FGF9,Non-classical monocytes
prerank,Reactome_2022__Aflatoxin Activation And Detoxification R-HSA-5423646,0.7706557876367337,1.1882243304669466,0.24332810047095763,0.6387357865364331,1.0,3/18,2.33%,MGST3;MGST2;AKR7A2,Non-classical monocytes
prerank,Reactome_2022__Homology Directed Repair R-HSA-5693538,0.6018516890995956,1.188212492346518,0.19615384615384615,0.6371598581465515,1.0,28/101,8.35%,SUMO2;ATM;SPIDR;ERCC1;POLE3;UBC;UBB;UBA52;RPS27A;ERCC4;RNF168;TOPBP1;RFC2;POLE4;RPA3;RAD51B;TOP3A;PCNA;BRCC3;BABAM1;POLD1;TP53BP1;XRCC1;ABL1;RAD50;RHNO1;BARD1;ABRAXAS1,Non-classical monocytes
prerank,Reactome_2022__IRS-mediated Signaling R-HSA-112399,0.6501524842713491,1.1873443838495625,0.20437956204379562,0.6390310622691393,1.0,15/47,12.43%,GAB2;FRS2;GRB2;SOS1;PIK3CA;AKT2;NRAS;FLT3LG;PIGU;TRIB3;PIK3R4;KL;PIK3C3;FGF9;FGFR1,Non-classical monocytes
prerank,Reactome_2022__Formation Of RNA Pol II Elongation Complex R-HSA-112382,0.6463297166780858,1.187242387608962,0.20028612303290416,0.6378584985289746,1.0,25/57,8.25%,POLR2J;POLR2L;ELOB;POLR2K;CCNT1;SUPT4H1;POLR2A;GTF2F2;CTR9;ERCC3;GTF2H5;AFF4;NCBP1;POLR2G;POLR2D;POLR2E;POLR2C;POLR2B;NELFB;GTF2H4;IWS1;CCNH;DMAP1;NELFCD;POLR2F,Non-classical monocytes
prerank,Reactome_2022__FGFR2c Ligand Binding And Activation R-HSA-190375,0.7915436755220291,1.1871999488421192,0.2620320855614973,0.6364314129169604,1.0,3/13,20.85%,FGF9;FGFR2;FGF13,Non-classical monocytes
prerank,Reactome_2022__Response To Elevated Platelet Cytosolic Ca2+ R-HSA-76005,0.5835099585324851,1.1871906730652053,0.171990171990172,0.6348800606083894,1.0,25/128,6.25%,PPIA;TMSB4X;SERPINA1;PFN1;STXBP2;PLEK;CD63;VTI1B;MANF;SRGN;SERPING1;FAM3C;GTPBP2;SOS1;TGFB1;A1BG;PRKCA;SOD1;ANXA5;TEX264;CD9;PRKCB;STX4;CYB5R1;VEGFB,Non-classical monocytes
prerank,Reactome_2022__NOD1/2 Signaling Pathway R-HSA-168638,0.6831530002063524,1.1871758819214004,0.24885496183206107,0.6333547351743539,1.0,16/33,7.96%,CASP1;RIPK2;BIRC3;NOD1;TAB2;IKBKB;TNFAIP3;MAP2K6;MAP3K7;CASP8;NOD2;AAMP;UBE2V1;TAB3;CASP2;IRAK1,Non-classical monocytes
prerank,Reactome_2022__Gene Silencing By RNA R-HSA-211000,0.6257886768840822,1.1870785753415554,0.19584954604409857,0.6321714710309857,1.0,30/79,10.49%,RAN;POLR2J;NUP214;POLR2L;AGO3;POLR2K;POLR2A;RANBP2;SEC13;HSP90AA1;POLR2G;AAAS;TSNAX;POLR2D;POLR2E;HENMT1;POLR2C;POLR2B;IPO8;POM121C;AGO4;NUP50;TNRC6C;POLR2F;PRKRA;NUP133;NUP35;NUP88;NUP98;DGCR8,Non-classical monocytes
prerank,Reactome_2022__IGF1R Signaling Cascade R-HSA-2428924,0.6415896034782886,1.1867643934337408,0.193033381712627,0.6318039208714259,1.0,16/52,12.43%,GAB2;FRS2;GRB2;SOS1;PIK3CA;AKT2;NRAS;IGF1R;FLT3LG;PIGU;TRIB3;PIK3R4;KL;PIK3C3;FGF9;FGFR1,Non-classical monocytes
prerank,Reactome_2022__Phospholipase C-mediated Cascade; FGFR4 R-HSA-5654228,0.7714152954682119,1.1860936680613907,0.2756849315068493,0.6328178671914795,1.0,3/15,22.86%,FGF9;FGF13;KLB,Non-classical monocytes
prerank,Reactome_2022__Nuclear Events Stimulated By ALK Signaling In Cancer R-HSA-9725371,0.7483962594431601,1.1860497176284976,0.23500810372771475,0.6314032426352497,1.0,6/19,4.59%,BCL2A1;SKP1;EML4;RBX1;STAT3;CEBPB,Non-classical monocytes
prerank,"Reactome_2022__TICAM1, RIP1-mediated IKK Complex Recruitment R-HSA-168927",0.7448535987903915,1.185907595415478,0.24630541871921183,0.630462245610128,1.0,13/19,10.61%,BIRC3;TICAM1;UBC;UBB;UBA52;UBE2D2;RPS27A;UBE2D3;IKBKB;UBE2V1;UBE2D1;RIPK1;IKBKG,Non-classical monocytes
prerank,Reactome_2022__Synthesis Of PIPs At Late Endosome Membrane R-HSA-1660517,-0.7726115661851712,-1.1849668889057348,0.27918781725888325,1.0,1.0,4/11,7.50%,PIK3C2A;MTMR9;MTMR2;PIKFYVE,Non-classical monocytes
prerank,Reactome_2022__Mitotic G2-G2/M Phases R-HSA-453274,0.5714130734664082,1.1849268707881024,0.15820543093270367,0.6325471979987544,1.0,72/183,9.21%,PSMA7;PSMA4;PSME1;PSME2;PSMB6;PSMB4;FBXW11;PSMC3;PSMB1;CDKN1A;PSMA1;SKP1;PSMB3;DYNLL1;PSMA2;SSNA1;PSMB8;PSMC6;MZT1;TUBA1A;PSMD9;RAB8A;PSMB9;UBC;CDK11A;ACTR1A;UBB;PSMB2;UBA52;RBX1;CEP192;RPS27A;CDK5RAP2;PSMC4;PPP2CB;PPP2CA;CLASP1;HSP90AA1;PRKCA;PSME4;HAUS1;TUBB;TUBG1;CDC25B;TUBGCP4;PPP2R2A;ODF2;CEP135;PSMB7;PSMD14;HAUS8;DCTN2;DCTN3;PSMD4;PSMC5;PSMD7;CKAP5;LIN37;PSMA5;CEP41;PRKAR2B;CCNH;AKAP9;RBBP4;DYNC1H1;PPME1;PAFAH1B1;MZT2A;LIN52;PSMC1;CEP78;PSMA6,Non-classical monocytes
prerank,Reactome_2022__EPH-ephrin Mediated Repulsion Of Cells R-HSA-3928665,0.6440558589602892,1.1848309477114838,0.21458625525946703,0.631365338389612,1.0,12/49,6.89%,CLTB;AP2S1;PSENEN;FYN;LYN;VAV3;SRC;AP2A2;APH1B;PSEN1;AP2A1;CLTA,Non-classical monocytes
prerank,Reactome_2022__Interleukin-21 Signaling R-HSA-9020958,0.8301004312354409,1.1847058574022262,0.23499142367066894,0.6303177686803841,1.0,6/10,9.05%,STAT1;IL2RG;STAT3;STAT5B;IL21R;JAK3,Non-classical monocytes
prerank,Reactome_2022__Formation Of Incision Complex In GG-NER R-HSA-5696395,0.6655791706248256,1.1846423610892682,0.22604790419161677,0.629015933347692,1.0,17/42,7.46%,SUMO2;SUMO1;ERCC1;CUL4A;UBC;UBB;UBA52;RBX1;ERCC3;RPS27A;GTF2H5;ERCC4;RPA3;GTF2H4;XPC;DDB1;CCNH,Non-classical monocytes
prerank,Reactome_2022__G2/M Transition R-HSA-69275,0.572874772297608,1.1841781346790927,0.15714285714285714,0.629249108180781,1.0,72/181,9.21%,PSMA7;PSMA4;PSME1;PSME2;PSMB6;PSMB4;FBXW11;PSMC3;PSMB1;CDKN1A;PSMA1;SKP1;PSMB3;DYNLL1;PSMA2;SSNA1;PSMB8;PSMC6;MZT1;TUBA1A;PSMD9;RAB8A;PSMB9;UBC;CDK11A;ACTR1A;UBB;PSMB2;UBA52;RBX1;CEP192;RPS27A;CDK5RAP2;PSMC4;PPP2CB;PPP2CA;CLASP1;HSP90AA1;PRKCA;PSME4;HAUS1;TUBB;TUBG1;CDC25B;TUBGCP4;PPP2R2A;ODF2;CEP135;PSMB7;PSMD14;HAUS8;DCTN2;DCTN3;PSMD4;PSMC5;PSMD7;CKAP5;LIN37;PSMA5;CEP41;PRKAR2B;CCNH;AKAP9;RBBP4;DYNC1H1;PPME1;PAFAH1B1;MZT2A;LIN52;PSMC1;CEP78;PSMA6,Non-classical monocytes
prerank,Reactome_2022__Viral Messenger RNA Synthesis R-HSA-168325,0.6623381939587139,1.1840985313166874,0.22060957910014514,0.6280066228530273,1.0,22/47,10.04%,POLR2J;NUP214;POLR2L;POLR2K;POLR2A;GTF2F2;RANBP2;SEC13;POLR2G;AAAS;POLR2D;POLR2E;POLR2C;POLR2B;POM121C;BLOC1S6;NUP50;POLR2F;NUP133;NUP35;NUP88;NUP98,Non-classical monocytes
prerank,Reactome_2022__G Beta:Gamma Signaling Thru PI3Kgamma R-HSA-392451,0.7114587017500069,1.1839001426350861,0.25806451612903225,0.6272585006066916,1.0,6/25,6.72%,GNGT2;GNB4;GNB1;RHOA;AKT2;PIK3R5,Non-classical monocytes
prerank,"Reactome_2022__Transport Of Bile Salts And Organic Acids, Metal Ions And Amine Compounds R-HSA-425366",-0.5241150121013344,-1.1834447994730752,0.16541353383458646,1.0,1.0,11/86,5.96%,SLC11A1;SLC30A7;EMB;SLC39A3;SLC39A7;SLC16A3;SLC40A1;SLC22A5;SLC16A7;SLC18A1;SLC39A4,Non-classical monocytes
prerank,Reactome_2022__SUMOylation Of Intracellular Receptors R-HSA-4090294,0.7020944049350888,1.1823644765576453,0.240625,0.6315391900080575,1.0,5/29,3.13%,SUMO2;NR4A2;SUMO1;NR3C1;RXRA,Non-classical monocytes
prerank,Reactome_2022__Formation Of TC-NER Pre-Incision Complex R-HSA-6781823,0.6472573150190973,1.181965091705928,0.2245762711864407,0.631596148839524,1.0,24/51,8.25%,POLR2J;POLR2L;HMGN1;POLR2K;CUL4A;POLR2A;UBC;UBB;UBA52;RBX1;ERCC3;RPS27A;GTF2H5;POLR2G;POLR2D;POLR2E;POLR2C;POLR2B;GTF2H4;DDB1;COPS2;CCNH;COPS4;POLR2F,Non-classical monocytes
prerank,Reactome_2022__Interleukin-17 Signaling R-HSA-448424,0.6170998986885167,1.1816405053195966,0.1862348178137652,0.6314060140972743,1.0,31/69,10.61%,NFKB1;FBXW11;MEF2C;RIPK2;SKP1;MAP2K4;NOD1;UBC;UBB;UBA52;TAB2;RPS27A;RPS6KA2;PPP2CB;PPP2CA;MAPKAPK3;IKBKB;MAPK9;MAP2K6;MAP3K7;NOD2;UBE2V1;TAB3;RPS6KA5;IRAK1;VRK3;RPS6KA1;MAP2K1;BTRC;MAPK1;IKBKG,Non-classical monocytes
prerank,MSigDB_Hallmark_2020__Glycolysis,0.5673742855978648,1.1810262879160016,0.13356973995271867,0.4485449078671521,0.993,39/199,7.02%,PGLS;GLRX;TPI1;PPIA;PGK1;AKR1A1;MDH1;HDLBP;PKM;NDUFV3;B4GALT1;NASP;TALDO1;COPB2;PGAM1;ME2;SDHC;PHKA2;IER3;TXN;ISG20;G6PD;PSMC4;PPP2CB;RBCK1;GFPT1;SOD1;SLC25A13;B4GALT7;DDIT4;PDK3;MERTK;PGM2;ANKZF1;COG2;HK2;RRAGD;SRD5A3;SLC37A4,Non-classical monocytes
prerank,Reactome_2022__Chk1/Chk2(Cds1) Mediated Inactivation Of Cyclin B:Cdk1 Complex R-HSA-75035,-0.7643188185498082,-1.1806207629958718,0.26329113924050634,1.0,1.0,4/13,1.25%,YWHAB;YWHAZ;YWHAQ;YWHAE,Non-classical monocytes
prerank,Reactome_2022__Regulation Of HSF1-mediated Heat Shock Response R-HSA-3371453,0.610439535733615,1.1805349616348422,0.1963109354413702,0.6340806555464319,1.0,21/80,6.83%,ATM;NUP214;HSBP1;RPS19BP1;HSPA8;MRPL18;UBB;RANBP2;SEC13;HSPA4;DNAJB6;HSF1;AAAS;RPA3;HIKESHI;BAG1;HSPA1A;HSPH1;POM121C;CCAR2;NUP50,Non-classical monocytes
prerank,Reactome_2022__Butyrophilin (BTN) Family Interactions R-HSA-8851680,0.8018125387544712,1.1805171029786259,0.26174496644295303,0.6326192773311539,1.0,6/12,15.94%,BTN3A2;CD209;BTN2A2;PPL;BTN3A1;BTN3A3,Non-classical monocytes
prerank,Reactome_2022__Phospholipase C-mediated Cascade; FGFR3 R-HSA-5654227,0.7915436755220291,1.1798457123277746,0.254416961130742,0.633697084118568,1.0,3/13,20.85%,FGF9;FGFR3;FGF13,Non-classical monocytes
prerank,Reactome_2022__mRNA Decay By 5 To 3 Exoribonuclease R-HSA-430039,0.7766852194963592,1.1794116578150946,0.28205128205128205,0.6338413580995128,1.0,9/15,8.47%,LSM6;XRN1;LSM5;PATL1;EDC4;LSM2;LSM3;DDX6;DCP1A,Non-classical monocytes
prerank,Reactome_2022__Keratan Sulfate/Keratin Metabolism R-HSA-1638074,0.6863081758087038,1.178449623379396,0.2314674735249622,0.6359912189821731,1.0,9/33,8.30%,B4GALT1;ST3GAL1;ST3GAL6;ST3GAL2;HEXA;ST3GAL3;GNS;GLB1;B4GALT4,Non-classical monocytes
prerank,Reactome_2022__Translation Of Structural Proteins R-HSA-9683701,0.6877109180992601,1.1773246234363233,0.25076452599388377,0.6387739257057942,1.0,14/30,8.74%,SUMO1;PARP14;UBC;UBB;UBA52;ST3GAL1;RPS27A;ST3GAL2;PRKCSH;PARP9;ST6GALNAC4;ST3GAL3;PARP6;PARP10,Non-classical monocytes
prerank,Reactome_2022__Insulin Receptor Signaling Cascade R-HSA-74751,0.6345499254384087,1.1772911444275824,0.20970042796005706,0.6373880791907609,1.0,17/53,12.43%,GAB2;FRS2;GRB2;SOS1;PIK3CA;AKT2;NRAS;FLT3LG;PIGU;TRIB3;MAPK1;PIK3R4;KL;PIK3C3;GRB10;FGF9;FGFR1,Non-classical monocytes
prerank,Reactome_2022__FLT3 Signaling R-HSA-9607240,0.660172602656318,1.1766522711989167,0.24287856071964017,0.6382920185400833,1.0,16/37,7.70%,GAB2;FYN;GRB2;UBC;UBB;UBA52;RPS27A;SOS1;SH2B3;PIK3CA;HCK;STAT5B;AKT2;NRAS;PTPRJ;FLT3LG,Non-classical monocytes
prerank,Reactome_2022__Aberrant Regulation Of Mitotic Cell Cycle Due To RB1 Defects R-HSA-9687139,0.6729131482241424,1.1765481093971746,0.23401162790697674,0.6371582966239774,1.0,13/36,10.76%,CDKN1A;UBE2E1;ANAPC11;ANAPC4;ANAPC5;RB1;CDC27;CDC26;CDKN1C;UBE2D1;CDC16;CDK4;E2F3,Non-classical monocytes
prerank,Reactome_2022__Glucagon-like Peptide-1 (GLP1) Regulates Insulin Secretion R-HSA-381676,0.668091120976794,1.1762658315624157,0.22720478325859492,0.6367472361636239,1.0,12/42,11.86%,ITPR2;GNGT2;GNB4;GNB1;PRKCA;PRKAR2A;IQGAP1;GNAS;PRKAR2B;RAPGEF3;ITPR1;GNB2,Non-classical monocytes
prerank,Reactome_2022__Cargo Recognition For Clathrin-Mediated Endocytosis R-HSA-8856825,0.5961121007832197,1.1744066714257402,0.19672131147540983,0.6423696739782406,1.0,28/102,7.59%,VAMP8;CLTB;NEDD8;AP2S1;AGFG1;M6PR;NECAP2;GRB2;ITSN1;EPS15;PICALM;CD4;UBC;UBB;ITSN2;ARRB1;UBA52;RPS27A;VAMP4;SH3GL1;STAM;AP2A2;AP2A1;CLTA;GRK2;COPS2;TFRC;COPS4,Non-classical monocytes
prerank,Reactome_2022__Aggrephagy R-HSA-9646399,0.7131034071514142,1.1744022106956769,0.2643856920684292,0.6408916578305395,1.0,12/24,8.29%,DYNLL1;UBC;UBB;UBA52;ARL13B;RPS27A;HSP90AA1;HDAC6;HSF1;UBE2V1;PRKN;DYNC1H1,Non-classical monocytes
prerank,Reactome_2022__ER To Golgi Anterograde Transport R-HSA-199977,0.5829508002057284,1.1743598394486667,0.16995073891625614,0.6395373530848236,1.0,39/133,7.73%,SERPINA1;CTSC;TRAPPC5;ARF5;RAB1A;COPZ1;DYNLL1;ARFGAP3;ARF4;NAPG;COPB2;USO1;COPE;GOSR1;ACTR1A;SEC16A;STX17;STX5;DCTN4;TMED3;SEC13;SEC24B;DCTN6;PPP6R3;TBC1D20;COPA;TRAPPC1;SEC24C;CTSZ;MCFD2;COPG2;DCTN2;DCTN3;COG2;PREB;TRAPPC3;CNIH1;TRAPPC2L;ARCN1,Non-classical monocytes
prerank,MSigDB_Hallmark_2020__Estrogen Response Late,0.5598285163226044,1.172703092029647,0.14201183431952663,0.45202007003606337,0.995,54/200,13.16%,SERPINA1;COX6C;DUSP2;DNAJC1;SGK1;PPIF;MYOF;RABEP1;BLVRB;HPRT1;ETFB;IDH2;SLC9A3R1;RPS6KA2;ISG20;ATP2B4;XBP1;CA2;CD9;NRIP1;NAB2;BAG1;ID2;BATF;CISH;JAK2;ALDH3B1;ELOVL5;PRKAR2B;TST;FLNB;PTGER3;TOB1;SCNN1A;GLA;RAB31;CKB;PAPSS2;UNC13B;FARP1;TIAM1;CXCL14;SERPINA5;BTG3;ARL3;CA12;SLC2A8;ST6GALNAC2;FRK;HOMER2;UGDH;MOCS2;EGR3;IL6ST,Non-classical monocytes
prerank,Reactome_2022__Platelet Degranulation R-HSA-114608,0.5796411164254334,1.1723670151751286,0.18427518427518427,0.645347174359783,1.0,20/123,4.50%,PPIA;TMSB4X;SERPINA1;PFN1;STXBP2;PLEK;CD63;VTI1B;MANF;SRGN;SERPING1;FAM3C;GTPBP2;SOS1;TGFB1;A1BG;SOD1;ANXA5;TEX264;CD9,Non-classical monocytes
prerank,Reactome_2022__FGFR4 Ligand Binding And Activation R-HSA-190322,0.7714215431710716,1.1723093772948434,0.2913793103448276,0.644068226371909,1.0,3/14,22.86%,FGF9;FGF13;KLB,Non-classical monocytes
prerank,Reactome_2022__FGFR1c Ligand Binding And Activation R-HSA-190373,0.7915493727623057,1.170942630563681,0.29328621908127206,0.6478656690199286,1.0,3/12,20.85%,FGF9;FGFR1;FGF13,Non-classical monocytes
prerank,Reactome_2022__TRAF6 Mediated IRF7 Activation R-HSA-933541,0.6884445425764131,1.1708366224496194,0.2617554858934169,0.6467307834198711,1.0,7/27,7.93%,IRF3;TANK;CREBBP;TRIM25;TBK1;IKBKE;MAVS,Non-classical monocytes
prerank,"Reactome_2022__Nucleotide-binding Domain, Leucine Rich Repeat Containing NLR Signaling Pathways R-HSA-168643",0.632071736295493,1.1706554800070295,0.24719101123595505,0.6458377106774243,1.0,22/53,7.96%,NFKB1;PYCARD;CASP1;RIPK2;HMOX1;BIRC3;NOD1;TAB2;IKBKB;NLRC4;TNFAIP3;P2RX7;TXN2;MAP2K6;MAP3K7;CASP8;NOD2;AAMP;UBE2V1;TAB3;CASP2;IRAK1,Non-classical monocytes
prerank,Reactome_2022__Caspase Activation Via Death Receptors In Presence Of Ligand R-HSA-140534,0.7620341073165355,1.1706515914160527,0.28013029315960913,0.6443698862208593,1.0,8/15,5.64%,TNFSF10;TANK;TICAM1;TNFRSF10B;TRADD;LY96;CASP8;NDUFA2,Non-classical monocytes
prerank,Reactome_2022__Miscellaneous Substrates R-HSA-211958,-0.7582828954770178,-1.1703669451376173,0.32098765432098764,1.0,1.0,2/11,7.01%,CYP2S1;CYP4F22,Non-classical monocytes
prerank,Reactome_2022__TNF Signaling R-HSA-75893,0.6461975549628777,1.1701627032996904,0.2397163120567376,0.6447339022888041,1.0,20/44,9.27%,BIRC3;TANK;RACK1;UBC;UBB;UBA52;TAB2;RPS27A;RBCK1;NSMAF;TRADD;IKBKB;TNFAIP3;USP4;MAP3K7;CASP8;TAB3;TNF;RIPK1;OTULIN,Non-classical monocytes
prerank,Reactome_2022__Metabolism Of Porphyrins R-HSA-189445,0.7069073172522442,1.1696507892105639,0.24884080370942813,0.6450822667346384,1.0,6/28,6.29%,HMOX1;BLVRA;BLVRB;ABCC1;UROS;ALAS1,Non-classical monocytes
prerank,Reactome_2022__Rap1 Signaling R-HSA-392517,-0.70284088596796,-1.169326499651897,0.26424870466321243,1.0,1.0,6/16,6.56%,YWHAB;YWHAZ;RAP1B;PRKACB;PRKG1;RASGRP1,Non-classical monocytes
prerank,Reactome_2022__FGFR3 Mutant Receptor Activation R-HSA-2033514,0.7915493727623056,1.1683375629630228,0.2938053097345133,0.6484765316100324,1.0,3/12,20.85%,FGF9;FGFR3;FGF13,Non-classical monocytes
prerank,Reactome_2022__Downstream Signaling Of Activated FGFR3 R-HSA-5654708,0.7024545513182354,1.167791957938764,0.26174496644295303,0.6489818467677197,1.0,8/24,12.41%,FRS2;GRB2;SOS1;PIK3CA;NRAS;PIGU;FRS3;FGF9,Non-classical monocytes
prerank,Reactome_2022__Meiotic Synapsis R-HSA-1221632,-0.6196030428204781,-1.167750651166591,0.2463768115942029,1.0,1.0,12/32,9.61%,RAD21;SUN1;UBE2I;STAG2;SYNE1;TERF2IP;TERF2;ACD;SUN2;SMC1A;REC8;TERF1,Non-classical monocytes
prerank,Reactome_2022__Potential Therapeutics For SARS R-HSA-9679191,0.5990497013149317,1.167500185812643,0.2095730918499353,0.6486958966791048,1.0,34/94,9.43%,STAT2;PTGES3;AP2S1;IFNGR1;ITGB1;FKBP1A;GATAD2B;ATP1B1;GRB2;NR3C1;SAP18;FXYD2;SAP30L;RBX1;SOS1;NFE2L2;HSP90AA1;TUBB;IFNGR2;MTA2;AP2A2;IFNAR1;MTA1;PHF21A;HDAC2;TBK1;JAK2;AP2A1;RBBP4;FXYD4;RIPK1;JAK3;COMT;BRMS1L,Non-classical monocytes
prerank,Reactome_2022__Estrogen-dependent Nuclear Events Downstream Of ESR-membrane Signaling R-HSA-9634638,-0.6525752833988311,-1.1674606112828656,0.22792022792022792,1.0,1.0,7/24,7.87%,XPO1;UHMK1;FOS;CREB1;AREG;PTK2;AKT1,Non-classical monocytes
prerank,Reactome_2022__NOTCH2 Activation And Transmission Of Signal To Nucleus R-HSA-2979096,0.7273967109246683,1.1661531224886916,0.28144654088050314,0.6523083353787708,1.0,8/21,5.66%,PSENEN;UBC;UBB;UBA52;RPS27A;NOTCH2;APH1B;PSEN1,Non-classical monocytes
prerank,Reactome_2022__Signaling By Hippo R-HSA-2028269,-0.6699620619284178,-1.1661196023394953,0.2840909090909091,1.0,1.0,4/20,1.80%,YWHAB;STK4;YWHAE;STK24,Non-classical monocytes
prerank,"Reactome_2022__PI5P, PP2A And IER3 Regulate PI3K/AKT Signaling R-HSA-6811558",0.5902651045206913,1.164904603520694,0.19922380336351875,0.6553264413758089,1.0,29/106,12.43%,GAB2;FYN;MYD88;FRS2;GRB2;PPP2R5C;RHOG;PIP4K2A;IER3;SOS1;PPP2CB;PIK3CA;PPP2CA;CD86;SRC;IL1RAP;PIP5K1A;FLT3LG;PIP4K2C;PIK3AP1;IRAK1;PIP4K2B;PIGU;MAPK1;PDGFRB;KL;CD80;FGF9;FGFR1,Non-classical monocytes
prerank,Reactome_2022__Glycogen Synthesis R-HSA-3322077,0.7789133028004203,1.1647990305117961,0.2922824302134647,0.6542610358688455,1.0,5/13,3.13%,UBC;UBB;UBA52;GYG1;RPS27A,Non-classical monocytes
prerank,Reactome_2022__Clathrin-mediated Endocytosis R-HSA-8856828,0.5713829160906186,1.1647054817950595,0.2014475271411339,0.6531536279748198,1.0,41/139,8.38%,VAMP8;CLTB;NEDD8;ARPC3;AP2S1;FNBP1;AGFG1;HSPA8;M6PR;NECAP2;RAB5A;GRB2;ITSN1;EPS15;ARF6;PICALM;CD4;UBC;UBB;ITSN2;ARRB1;UBA52;RPS27A;VAMP4;SYNJ1;SH3GL1;STAM;AP2A2;ARPC2;ARPC1A;AP2A1;CLTA;GRK2;COPS2;TFRC;GAK;COPS4;RAB5B;VAMP7;BIN1;PACSIN2,Non-classical monocytes
prerank,Reactome_2022__Glucose Metabolism R-HSA-70326,0.600113527509174,1.1645697976645881,0.2118421052631579,0.6521775519946605,1.0,27/87,10.04%,TPI1;NUP214;PGK1;MDH1;PGP;PKM;RANBP2;SEC13;PPP2CB;PPP2CA;FBP1;HOOK2;PRKCA;SLC25A13;AAAS;PFKL;POM121C;SLC25A1;PFKFB4;NUP50;SLC37A4;MAP4K5;MDH2;NUP133;NUP35;NUP88;NUP98,Non-classical monocytes
prerank,Reactome_2022__Resolution Of D-Loop Structures R-HSA-5693537,0.6726102799733839,1.1643057747344847,0.2638680659670165,0.6516553253162618,1.0,11/34,11.98%,ATM;SPIDR;RAD51B;TOP3A;RAD50;BARD1;SEM1;GEN1;PALB2;KAT5;RAD51AP1,Non-classical monocytes
prerank,Reactome_2022__Peptide Hormone Biosynthesis R-HSA-209952,0.7768181693951736,1.1641271356222267,0.2938230383973289,0.6507498632008906,1.0,2/12,22.32%,POMC;INHBB,Non-classical monocytes
prerank,Reactome_2022__Long-term Potentiation R-HSA-9620244,-0.6467411414672397,-1.164058052609343,0.2791327913279133,1.0,1.0,4/23,7.14%,CALM1;NRGN;CAMK2G;CAMK2D,Non-classical monocytes
prerank,Reactome_2022__Ion Channel Transport R-HSA-983712,0.5635013190303628,1.1633784792429962,0.1753774680603949,0.6520803149620025,1.0,38/174,8.89%,ATP6V0B;SRI;ATP6V1F;ATP6V0E1;SGK1;ATP1B1;ATP6AP1;FXYD2;ATP6V1G1;ATP11A;MCOLN1;UBC;UBB;TRPM7;UBA52;TTYH2;ANO10;ATP11C;RPS27A;ATP2B4;ANO6;OSTM1;CLCN7;ATP6V1E1;TPCN2;CLCN6;ATP6V1A;ATP6V0A1;ATP8B1;ATP6V1C1;ATP9B;ATP2C1;CLIC2;ATP6V0A2;ATP6V0D1;TRPM3;SCNN1A;FXYD4,Non-classical monocytes
prerank,Reactome_2022__Response Of Mtb To Phagocytosis R-HSA-9637690,0.7148614496129024,1.1619085753492995,0.284375,0.6558549758706069,1.0,9/22,5.14%,PGK1;RNF213;RAB5A;UBC;UBB;UBA52;RPS27A;TRIM27;KPNB1,Non-classical monocytes
prerank,Reactome_2022__Regulation Of NF-kappa B Signaling R-HSA-9758274,0.7384826074561316,1.1612754506801446,0.2875605815831987,0.6566819480028392,1.0,11/18,10.61%,TANK;UBC;UBB;UBA52;RPS27A;IKBKB;CASP8;LRRC14;USP14;N4BP1;IKBKG,Non-classical monocytes
prerank,MSigDB_Hallmark_2020__Cholesterol Homeostasis,0.6052389415754972,1.1611908450851562,0.22563417890520696,0.4671909136047666,0.998,17/74,6.59%,S100A11;PLSCR1;PLAUR;ATF5;CTNNB1;PMVK;ACTG1;STX5;FBXO6;CYP51A1;NFIL3;ANTXR2;ANXA5;CD9;PDK3;SREBF2;NIBAN1,Non-classical monocytes
prerank,Reactome_2022__Post-translational Modification: Synthesis Of GPI-anchored Proteins R-HSA-163125,0.596591696523962,1.160876253957337,0.2230971128608924,0.6566325362205646,1.0,17/91,10.27%,LY6E;PLAUR;DPM3;LYPD2;PIGP;DPM2;PIGA;PIGN;PIGL;RECK;BST1;PIGH;PIGF;PIGT;PIGK;PIGU;VNN2,Non-classical monocytes
prerank,Reactome_2022__TP53 Regulates Transcription Of Additional Cell Death Genes With Uncertain Roles In P53-Dependent Apoptosis R-HSA-6803205,-0.7155725313582051,-1.159119992033594,0.2849740932642487,1.0,1.0,5/14,8.70%,TP53I3;RABGGTA;BCL6;PPP1R13B;MPZ,Non-classical monocytes
prerank,MSigDB_Hallmark_2020__Androgen Response,0.5861929227131703,1.158805415154192,0.22646310432569974,0.45253227408143004,0.998,19/99,7.28%,MYL12A;VAPA;B2M;DBI;SRP19;SGK1;TNFAIP8;B4GALT1;UBE2J1;SAT1;NCOA4;MERTK;SRF;GNAI3;XRCC5;CAMKK2;STK39;ELOVL5;PA2G4,Non-classical monocytes
prerank,Reactome_2022__Arachidonic Acid Metabolism R-HSA-2142753,0.6195031892856537,1.1587057355092696,0.23545706371191136,0.6633170596889445,1.0,6/58,3.37%,PTGES3;GPX4;TBXAS1;CBR1;ABCC1;PLA2G4A,Non-classical monocytes
prerank,Reactome_2022__HSF1-dependent Transactivation R-HSA-3371571,0.6638181259684004,1.1587003419626711,0.25718608169440244,0.6618743702917552,1.0,13/36,8.43%,PTGES3;HSBP1;HSPA8;CREBBP;MRPL18;UBB;DNAJB6;HSP90AA1;HSF1;HSPA1A;HSPH1;CRYAB;RPTOR,Non-classical monocytes
prerank,Reactome_2022__Signaling By PDGFR In Disease R-HSA-9671555,0.7275601707786699,1.1584031225795306,0.2995008319467554,0.6614692219651258,1.0,8/19,5.41%,STAT1;ETV6;GRB2;SOS1;PIK3CA;STAT3;GOLGA4;NRAS,Non-classical monocytes
prerank,"Reactome_2022__Plasma Lipoprotein Assembly, Remodeling, And Clearance R-HSA-174824",0.6133754757142827,1.157971120856828,0.23972602739726026,0.6615467332285122,1.0,23/71,12.46%,AP2S1;NPC2;HDLBP;MBTPS1;ABCA1;UBC;UBB;UBA52;RPS27A;SOAT1;PRKCA;AP2A2;AP2A1;CLTA;ABCG1;NR1H2;CUBN;APOC1;LDLRAP1;APOE;APOBR;BMP1;ANGPTL3,Non-classical monocytes
prerank,Reactome_2022__Signaling By FLT3 ITD And TKD Mutants R-HSA-9703648,0.7663833765620623,1.1578994230497794,0.29772329246935203,0.660347947546993,1.0,7/15,5.41%,GAB2;CDKN1A;GRB2;SOS1;PIK3CA;STAT5B;NRAS,Non-classical monocytes
prerank,Reactome_2022__Toll Like Receptor 4 (TLR4) Cascade R-HSA-166016,0.568370278506965,1.157866224634813,0.18170580964153277,0.6590153229451428,1.0,62/139,10.61%,NFKB1;LY86;FBXW11;MEF2C;TLR1;RIPK2;SKP1;IRF3;NFKBIA;BIRC3;TANK;MYD88;MAP2K4;NOD1;TICAM1;UBC;UBB;AGER;UBA52;UBE2D2;TAB2;RPS27A;RPS6KA2;PPP2CB;UBE2D3;PPP2CA;PELI1;MAPKAPK3;IKBKB;MAPK9;MAP3K1;LY96;PELI3;MAP2K6;MAP3K7;CASP8;NOD2;UBE2V1;NDUFA2;TBK1;ALPK1;TAB3;S100A8;IKBKE;RPS6KA5;ECSIT;UBE2D1;IRAK1;VRK3;TIFA;LRRC14;RPS6KA1;RIPK1;MAP2K1;USP14;BTRC;SOCS1;MAPK1;N4BP1;S100B;SARM1;IKBKG,Non-classical monocytes
prerank,Reactome_2022__Organelle Biogenesis And Maintenance R-HSA-1852241,0.5443634268412141,1.1575294605509308,0.17049180327868851,0.6587934324527839,1.0,78/269,9.18%,ATP5F1D;ATP5MF;MICOS10;ATP5F1E;ATP5MC3;ATP5PD;ATP5F1B;MEF2C;EXOC3;ATP5PF;ATP5MC2;DYNLRB1;ATP5PO;MICOS13;ATP5MC1;ATP5MG;DYNLL1;GLUD1;ARF4;CREBBP;SSNA1;NCOA2;CYCS;TUBA1A;RAB8A;IDH2;ACTR1A;EXOC7;HDAC3;CEP192;IQCB1;EXOC4;ARL13B;RXRA;CDK5RAP2;MEF2D;CLASP1;C2CD3;HSP90AA1;PRKCA;HAUS1;TUBB;TUBG1;HDAC6;EXOC2;SAMM50;ODF2;HSPB11;CEP135;PPARGC1B;BBS9;TTC21B;HAUS8;CHCHD3;SSBP1;DCTN2;DCTN3;CEP83;TFB1M;CKAP5;ALAS1;TBL1X;PRKD2;TRAF3IP1;CHD9;CEP41;CCT5;B9D2;PRKAR2B;DYNC2LI1;AKAP9;DYNC1H1;TCTN3;PAFAH1B1;CRTC2;IFT46;IFT52;CEP78,Non-classical monocytes
prerank,Reactome_2022__Glucagon-type Ligand Receptors R-HSA-420092,0.6688069371362275,1.157058298794943,0.2725880551301684,0.6589932725607256,1.0,5/33,7.83%,GNGT2;GNB4;GNB1;GNAS;CPAMD8,Non-classical monocytes
prerank,Reactome_2022__Sensory Processing Of Sound By Outer Hair Cells Of Cochlea R-HSA-9662361,-0.5491867876577683,-1.1557727523264691,0.2018348623853211,1.0,1.0,13/53,9.55%,MSN;RIPOR2;TWF2;GSN;EZR;SPTAN1;TRIOBP;EPB41L3;TWF1;MYO7A;CHRNA10;LHFPL5;TPRN,Non-classical monocytes
prerank,Reactome_2022__STAT5 Activation Downstream Of FLT3 ITD Mutants R-HSA-9702518,0.8097989435162793,1.154664929435145,0.3090277777777778,0.666114438634367,1.0,4/10,4.89%,GAB2;CDKN1A;GRB2;STAT5B,Non-classical monocytes
prerank,Reactome_2022__Caspase Activation Via Dependence Receptors In Absence Of Ligand R-HSA-418889,0.809445817463825,1.152842850876267,0.3090277777777778,0.6711153217053556,1.0,2/10,3.29%,DAPK1;CASP3,Non-classical monocytes
prerank,"Reactome_2022__Sensory Perception Of Sweet, Bitter, And Umami (Glutamate) Taste R-HSA-9717207",0.6418517109173479,1.1526550962948676,0.27793696275071633,0.6703109045795693,1.0,5/41,14.42%,GNB1;PLCB2;SCN2A;TAS2R30;TRPM4,Non-classical monocytes
prerank,Reactome_2022__Synaptic Adhesion-Like Molecules R-HSA-8849932,-0.6476911713251353,-1.1516573060581357,0.27485380116959063,1.0,1.0,2/21,1.79%,FLOT1;FLOT2,Non-classical monocytes
prerank,Reactome_2022__Fatty Acid Metabolism R-HSA-8978868,0.5569892763262313,1.151374662549641,0.18757612667478685,0.673493804862572,1.0,44/172,12.29%,PTGES3;NDUFAB1;DBI;GPX4;TBXAS1;CBR1;PCCA;SLC27A3;ACBD6;ELOVL1;ABCC1;RXRA;ACADM;ACOT13;PLA2G4A;ACADVL;DECR1;ACOT9;ACOT8;HACD3;ECI2;ECI1;SLC25A1;PPARD;HACD2;ABCD1;ELOVL5;PHYH;ECHS1;PTGS1;DPEP1;HADHA;HSD17B8;ACADS;ACBD4;ACOT11;DECR2;ACAD10;HACD4;ACSL4;LTA4H;MLYCD;PCCB;ACOT2,Non-classical monocytes
prerank,Reactome_2022__Signaling By Activated Point Mutants Of FGFR1 R-HSA-1839122,0.7915550696911726,1.151213545082229,0.321880650994575,0.672616601156553,1.0,3/11,20.85%,FGF9;FGFR1;FGF13,Non-classical monocytes
prerank,Reactome_2022__SARS-CoV-1 Infection R-HSA-9678108,0.6276058474055722,1.1510343371919876,0.2725988700564972,0.671822031359717,1.0,24/50,12.19%,CHMP2A;MAP1LC3B;SUMO1;PARP14;UBC;RB1;UBB;UBA52;ST3GAL1;RPS27A;ST3GAL2;PRKCSH;PARP9;ST6GALNAC4;ST3GAL3;CHMP6;PARP6;UVRAG;PARP10;CTSL;PIK3R4;PIK3C3;VHL;ST6GALNAC2,Non-classical monocytes
prerank,Reactome_2022__Insertion Of Tail-Anchored Proteins Into Endoplasmic Reticulum Membrane R-HSA-9609523,0.722987888948038,1.1509609257104152,0.29493087557603687,0.6705980670513436,1.0,8/22,6.43%,VAPA;SEC61G;HMOX1;SERP1;UBE2J2;STX5;GET3;SEC61B,Non-classical monocytes
prerank,Reactome_2022__Deadenylation-dependent mRNA Decay R-HSA-429914,0.6191666274987193,1.1497927982405123,0.2585969738651995,0.6731851050141578,1.0,23/53,10.56%,EIF4A3;LSM6;PAN3;CNOT1;XRN1;LSM5;PATL1;EIF4A1;CNOT4;CNOT6L;EDC4;PARN;CNOT2;EXOSC1;LSM2;EXOSC9;LSM3;DDX6;DCP1A;EXOSC3;TUT4;CNOT10;EDC3,Non-classical monocytes
prerank,Reactome_2022__Cellular Response To Heat Stress R-HSA-3371556,0.5863176530804944,1.1496807555891981,0.22337662337662337,0.6721436763549001,1.0,25/98,6.83%,ATM;NUP214;PTGES3;HSBP1;RPS19BP1;HSPA8;CREBBP;MRPL18;UBB;RANBP2;SEC13;HSPA4;DNAJB6;HSP90AA1;HDAC6;HSF1;AAAS;RPA3;HIKESHI;BAG1;HSPA1A;HSPH1;POM121C;CCAR2;NUP50,Non-classical monocytes
prerank,Reactome_2022__Cytosolic Iron-Sulfur Cluster Assembly R-HSA-2564830,-0.7503436612188588,-1.1493097306319235,0.31002331002331,1.0,1.0,6/12,6.97%,ABCB7;NUBP2;CIAPIN1;RTEL1;NDOR1;ERCC2,Non-classical monocytes
prerank,Reactome_2022__DNA Double Strand Break Response R-HSA-5693606,0.6437511933258574,1.1489996275652568,0.2536656891495601,0.6732725074808044,1.0,18/44,9.12%,ATM;SUMO1;UBC;UBB;UBA52;RPS27A;RNF168;SMARCA5;BRCC3;BABAM1;TP53BP1;ABL1;RAD50;BARD1;ABRAXAS1;UBXN1;PPP5C;KPNA2,Non-classical monocytes
prerank,Reactome_2022__Recruitment And ATM-mediated Phosphorylation Of Repair And Signal Proteins At DNA Double Strand Breaks R-HSA-5693565,0.6455362440236713,1.1487620630127127,0.25513196480938416,0.6727476692212717,1.0,17/43,8.61%,ATM;SUMO1;UBC;UBB;UBA52;RPS27A;RNF168;SMARCA5;BRCC3;BABAM1;TP53BP1;ABL1;RAD50;BARD1;ABRAXAS1;UBXN1;PPP5C,Non-classical monocytes
prerank,Reactome_2022__Immunoregulatory Interactions Between A Lymphoid And A non-Lymphoid Cell R-HSA-198933,0.5718618885150206,1.1482713279796006,0.2225031605562579,0.6731645266974252,1.0,25/116,8.35%,HLA-C;TYROBP;B2M;HLA-E;HCST;LAIR1;ITGB1;LILRB1;PILRA;SIGLEC7;HLA-B;JAML;LILRA1;LILRA5;ICAM3;IFITM1;ICAM1;ITGAL;NECTIN2;LILRB4;SLAMF7;SIGLEC9;ICAM4;OSCAR;CRTAM,Non-classical monocytes
prerank,Reactome_2022__DDX58/IFIH1-mediated Induction Of Interferon-Alpha/Beta R-HSA-168928,0.5968600659163219,1.1477173673703365,0.2303595206391478,0.6736055149754863,1.0,30/80,9.01%,UBE2L6;NFKB1;ISG15;IRF3;NFKBIA;TANK;CREBBP;TRIM25;UBC;UBB;AGER;UBA52;UBE2D2;RPS27A;UBE2D3;IKBKB;HSP90AA1;MAP3K1;TNFAIP3;HERC5;CASP8;OTUD5;TBK1;CASP10;IKBKE;UBE2D1;MAVS;ATG5;TOMM70;RIPK1,Non-classical monocytes
prerank,Reactome_2022__Defective C1GALT1C1 Causes TNPS R-HSA-5083632,-0.669423063870315,-1.1473391293569302,0.28225806451612906,1.0,1.0,1/18,3.33%,C1GALT1,Non-classical monocytes
prerank,Reactome_2022__Lewis Blood Group Biosynthesis R-HSA-9037629,0.7163016557516786,1.1470900447483259,0.3044189852700491,0.6744736223883451,1.0,6/18,16.06%,ST3GAL6;ST3GAL3;B3GALT4;ST6GALNAC6;FUT11;ST3GAL4,Non-classical monocytes
prerank,Reactome_2022__Inactivation Of APC/C Via Direct Inhibition Of APC/C Complex R-HSA-141430,0.702469943073232,1.146492200175843,0.3110773899848255,0.6751678669159428,1.0,8/21,7.97%,UBE2E1;ANAPC11;ANAPC4;ANAPC5;CDC27;CDC26;UBE2D1;CDC16,Non-classical monocytes
prerank,Reactome_2022__Pyroptosis R-HSA-5620971,0.6843844552104941,1.1464815239661872,0.27035330261136714,0.6737799145424115,1.0,6/25,3.29%,CHMP2A;BAX;CASP1;IRF1;CYCS;CASP3,Non-classical monocytes
prerank,MSigDB_Hallmark_2020__mTORC1 Signaling,0.544131685871226,1.1455692886662725,0.1806375442739079,0.4749266498149318,0.999,52/198,7.75%,GLRX;TPI1;PPIA;PSMA4;CTSC;PGK1;CACYBP;PRDX1;RAB1A;SQSTM1;CDKN1A;M6PR;ATP5MC1;SERP1;BTG2;IFRD1;UFM1;PSMC6;HPRT1;USO1;GAPDH;PNP;SLC9A3R1;G6PD;HSPD1;PSMC4;PPP1R15A;UBE2D3;CYP51A1;XBP1;NFIL3;HSPA4;SLC6A6;DHFR;SLA;TUBG1;CD9;RDH11;DDIT4;PFKL;CCT6A;PSMD14;TBK1;HK2;NIBAN1;RRP9;FKBP2;SLC37A4;ELOVL5;TFRC;BCAT1;QDPR,Non-classical monocytes
prerank,Reactome_2022__Pyrimidine Salvage R-HSA-73614,0.7952738830571854,1.14550127998778,0.3211314475873544,0.6756873409336753,1.0,4/11,9.13%,CDA;UPP1;SCO2;UCK1,Non-classical monocytes
prerank,Reactome_2022__Prolactin Receptor Signaling R-HSA-1170546,0.7467372548079486,1.1452756987740085,0.30303030303030304,0.6750805773868679,1.0,6/15,9.69%,SKP1;RBX1;SH2B1;STAT5B;JAK2;BTRC,Non-classical monocytes
prerank,Reactome_2022__Antimicrobial Peptides R-HSA-6803157,0.5816986988933305,1.1450561604032068,0.22811671087533156,0.6744558949369879,1.0,8/87,6.43%,ATOX1;TLR1;LYZ;TRIM21;CD4;DEFB1;RO60;S100A8,Non-classical monocytes
prerank,Reactome_2022__Gene And Protein Expression By JAK-STAT Signaling After Interleukin-12 Stimulation R-HSA-8950505,0.6595733054674566,1.1443617892111888,0.29774436090225564,0.6755461249956223,1.0,11/35,5.63%,PPIA;AURKAIP1;GSTO1;PSME2;HNRNPA2B1;HNRNPF;TALDO1;TOX4;SOD1;BOLA2B;LMNB1,Non-classical monocytes
prerank,Reactome_2022__TP53 Regulates Transcription Of Cell Cycle Genes R-HSA-6791312,0.6277801354261243,1.1440318252332635,0.26740947075208915,0.6752694066795929,1.0,17/49,10.38%,BAX;CDKN1A;BTG2;CNOT1;CNOT4;CNOT6L;PRMT1;E2F4;CNOT2;PCNA;GADD45A;RGCC;CCNB1;PLK2;REXO2;CENPJ;CNOT10,Non-classical monocytes
prerank,Reactome_2022__Asparagine N-linked Glycosylation R-HSA-446203,0.5416410491523282,1.143745934727265,0.18383167220376523,0.6747600431761765,1.0,98/280,11.26%,SERPINA1;ALG5;CTSC;TRAPPC5;ARF5;RAB1A;COPZ1;FUOM;DPM3;DYNLL1;ARFGAP3;ARF4;ALG13;B4GALT1;NAPG;COPB2;USO1;DAD1;UBC;COPE;ST3GAL5;GOSR1;ACTR1A;UBB;SEC16A;STX17;STX5;UBA52;ST3GAL1;DCTN4;ST3GAL6;SYVN1;TMED3;RPS27A;ST3GAL2;SEC13;RNF185;GFPT1;NUDT14;ALG8;PRKCSH;SEC24B;DCTN6;CMAS;GMDS;PPP6R3;TBC1D20;FPGT;MAGT1;COPA;ST6GALNAC4;NPL;TRAPPC1;SEC24C;CTSZ;EDEM2;MCFD2;MGAT5;ST3GAL3;MPDU1;DPM2;COPG2;NUS1;DCTN2;DCTN3;DDOST;RNF139;COG2;PREB;TRAPPC3;PMM1;NANS;SRD5A3;CNIH1;ASGR2;TRAPPC2L;ARCN1;GLB1;DYNC1H1;B4GALT4;UBXN1;DHDDS;PSMC1;PPP6C;RNF103;ALG14;FCSK;SLC17A5;COPB1;CAPZA2;DYNC1LI1;SEC24D;ALG10B;GORASP1;BET1;RAB1B;MAN1A1;NANP,Non-classical monocytes
prerank,Reactome_2022__Fatty Acids R-HSA-211935,-0.6982690740888315,-1.1436774819670428,0.3110539845758355,1.0,1.0,1/14,7.01%,CYP4F22,Non-classical monocytes
prerank,Reactome_2022__M Phase R-HSA-68886,0.5340403790618409,1.142907080817213,0.17519042437431992,0.6763094780172076,1.0,128/345,10.72%,PSMA7;RAN;PSMA4;NUP214;PSME1;PSME2;CHMP2A;PSMB6;PSMB4;PSMC3;RAB1A;PSMB1;PSMA1;PSMB3;PDS5A;DYNLL1;UBE2E1;PSMA2;SSNA1;EML4;SUMO1;PSMB8;ANAPC11;ANAPC4;TUBA1C;PPP2R5C;PSMC6;MZT1;TUBA1A;AHCTF1;TUBA1B;PSMD9;PSMB9;ANAPC5;USO1;RPS27;UBC;RB1;SKA2;ACTR1A;UBB;PSMB2;UBA52;CEP192;RANBP2;RPS27A;SIRT2;CDK5RAP2;CDC27;SEC13;PSMC4;CENPT;PPP2CB;PPP2CA;CLASP1;HSP90AA1;PRKCA;PSME4;HAUS1;TUBB;VRK1;TUBG1;TUBGCP4;AAAS;PPP2R2A;ODF2;KPNB1;CEP135;MCPH1;PSMB7;CDC26;PRKCB;PSMD14;HAUS8;LMNB1;RCC2;CENPQ;POM121C;DCTN2;DCTN3;ZW10;PSMD4;LEMD3;PSMC5;PSMD7;CKAP5;CNEP1R1;CHMP6;SMC3;LPIN2;LMNA;NUP50;PSMA5;SPDL1;CEP41;B9D2;PRKAR2B;CSNK2B;NCAPD3;UBE2D1;BLZF1;NEK7;CENPP;CDC16;AKAP9;DYNC1H1;CENPE;PAFAH1B1;MZT2A;NUP133;PSMC1;NUP35;CENPL;CEP78;PSMA6;NUP88;HDAC8;CCNB1;NUP98;ZWINT;CENPJ;OFD1;MAPK1;SET;SEM1;ITGB3BP;DYNC1LI1;NCAPH2,Non-classical monocytes
prerank,Reactome_2022__Macroautophagy R-HSA-1632852,0.5706515584041364,1.1427494153327595,0.22540473225404734,0.6754685439453406,1.0,45/113,9.55%,ATM;CHMP2A;TOMM6;MAP1LC3B;GABARAP;HSPA8;SQSTM1;DYNLL1;GABARAPL2;LAMTOR4;UBC;UBB;UBA52;TOMM7;ARL13B;RPS27A;ATG4C;ATG4B;ATG3;HSP90AA1;NBR1;LAMTOR5;HDAC6;HSF1;SRC;PLIN2;UBE2V1;WDR45;TOMM20;ATG13;PINK1;CHMP6;WIPI1;RRAGD;CSNK2B;TOMM5;PRKN;UVRAG;DYNC1H1;RPTOR;ATG5;TOMM70;WIPI2;PRKAA1;TSC1,Non-classical monocytes
prerank,Reactome_2022__Constitutive Signaling By Aberrant PI3K In Cancer R-HSA-2219530,0.5953829782356858,1.1422446912947983,0.24525745257452575,0.6758837362358693,1.0,18/78,13.02%,GAB2;FYN;FRS2;GRB2;RHOG;SOS1;PIK3CA;CD86;SRC;FLT3LG;PIK3AP1;PIGU;PDGFRB;KL;CD80;FGF9;FGFR1;HBEGF,Non-classical monocytes
prerank,Reactome_2022__Lysosome Vesicle Biogenesis R-HSA-432720,0.6559092146065999,1.1417419351155966,0.2836676217765043,0.6762543712986645,1.0,14/34,8.31%,VAMP8;CLTB;BLOC1S1;CHMP2A;HSPA8;M6PR;ARRB1;AP4E1;CTSZ;GNS;CLTA;AP4S1;AP4B1;VAMP7,Non-classical monocytes
prerank,Reactome_2022__Termination Of O-glycan Biosynthesis R-HSA-977068,0.695663059465681,1.1413119062294892,0.29133858267716534,0.676366939498613,1.0,4/24,5.58%,ST3GAL1;ST3GAL2;ST6GALNAC4;ST3GAL3,Non-classical monocytes
prerank,Reactome_2022__Apoptotic Execution Phase R-HSA-75153,-0.5481677637134594,-1.1408472341723745,0.24579124579124578,1.0,1.0,14/46,7.84%,VIM;PLEC;ROCK1;HMGB1;BCAP31;STK24;GSN;PRKCD;BIRC2;SPTAN1;SATB1;DNM1L;PKN2;PTK2,Non-classical monocytes
prerank,Reactome_2022__Signaling By ERBB4 R-HSA-1236394,0.6119139444440445,1.1407353490222132,0.2775453277545328,0.6768680875591723,1.0,19/57,10.38%,PSENEN;GRB2;UBC;UBB;UBA52;TAB2;MXD4;RPS27A;SOS1;PIK3CA;SRC;NRAS;APH1B;PSEN1;COPS2;NEDD4;YAP1;STMN1;S100B,Non-classical monocytes
prerank,Reactome_2022__Resolution Of D-loop Structures Thru Synthesis-Dependent Strand Annealing (SDSA) R-HSA-5693554,0.6824974337357982,1.1395990098533368,0.32153846153846155,0.6794060938470505,1.0,9/27,11.98%,ATM;RAD51B;TOP3A;RAD50;BARD1;SEM1;PALB2;KAT5;RAD51AP1,Non-classical monocytes
prerank,Reactome_2022__Molecules Associated With Elastic Fibres R-HSA-2129379,0.6637700717690989,1.1393102708829517,0.2990936555891239,0.6789940916714983,1.0,5/28,12.67%,ITGB1;TGFB1;ITGB8;EFEMP1;LTBP3,Non-classical monocytes
prerank,Reactome_2022__STING Mediated Induction Of Host Immune Responses R-HSA-1834941,0.7342683471283679,1.1387865503290504,0.33444259567387685,0.6793770483207381,1.0,7/15,6.89%,IRF3;IFI16;TRIM21;DDX41;PRKDC;TBK1;XRCC5,Non-classical monocytes
prerank,Reactome_2022__Golgi Cisternae Pericentriolar Stack Reorganization R-HSA-162658,0.7501627536373046,1.1386234001503797,0.3312597200622084,0.6785112047026041,1.0,7/14,11.12%,RAB1A;USO1;BLZF1;CCNB1;MAPK1;GORASP1;RAB1B,Non-classical monocytes
prerank,Reactome_2022__Presynaptic Function Of Kainate Receptors R-HSA-500657,0.6930017104656441,1.1384991731704408,0.3263327948303716,0.6775842852882488,1.0,6/21,11.86%,GNGT2;GNB4;GNB1;PLCB3;PLCB2;GNB2,Non-classical monocytes
prerank,Reactome_2022__Glycogen Storage Diseases R-HSA-3229121,0.753683937151206,1.1376495346693278,0.3344155844155844,0.6791876371632697,1.0,6/14,7.02%,UBC;UBB;UBA52;GYG1;RPS27A;SLC37A4,Non-classical monocytes
prerank,"Reactome_2022__Antigen Presentation: Folding, Assembly, Peptide Loading Of Class I MHC R-HSA-983170",0.6761286334253566,1.1361552254731153,0.3234836702954899,0.6830163914627578,1.0,8/28,5.54%,HLA-C;B2M;HLA-E;HLA-B;SEC13;SEC24B;SEC24C;TAPBP,Non-classical monocytes
prerank,Reactome_2022__mRNA Splicing R-HSA-72172,0.5487635715196714,1.1353275071299518,0.22626025791324736,0.684476352585186,1.0,81/188,9.99%,POLR2J;EIF4A3;SNRPE;LSM6;SRSF3;HSPA8;SNRPD3;POLR2L;SRSF11;SNRPD2;PUF60;RBMX;SNRPG;SRSF6;POLR2K;SNRPB;HNRNPA2B1;HNRNPF;SRRM1;SNU13;LSM5;TXNL4A;SMNDC1;POLR2A;GTF2F2;SNRPF;CWC25;DHX15;SRSF9;U2AF1L4;RNPS1;PRPF31;ZRSR2;SF3A1;HNRNPL;USP39;WBP11;PLRG1;RBM8A;NCBP1;POLR2G;SNRNP200;POLR2D;SRSF1;ALYREF;POLR2E;MAGOHB;SNRNP70;POLR2C;POLR2B;SNRNP25;CDC40;CCAR1;SNRNP40;HNRNPC;LSM2;SF3B5;U2AF1;SRSF2;CPSF2;HNRNPU;GCFC2;RBM22;SRSF7;SNRNP35;PRPF6;SUGP1;POLR2F;LSM3;CRNKL1;FUS;SYF2;ZMAT5;RBM17;HNRNPR;SLU7;SF3B2;PPIL1;SNW1;PQBP1;MAGOH,Non-classical monocytes
prerank,Reactome_2022__SARS-CoV-2 Targets Host Intracellular Signaling And Regulatory Pathways R-HSA-9755779,-0.720532349617957,-1.1350956038086661,0.3213429256594724,1.0,1.0,4/13,1.25%,YWHAB;YWHAZ;YWHAQ;YWHAE,Non-classical monocytes
prerank,Reactome_2022__Cellular Hexose Transport R-HSA-189200,0.7167005614375787,1.134755075056354,0.3258426966292135,0.6850112033527109,1.0,7/21,12.30%,SLC2A6;SLC50A1;MFSD4B;SLC2A11;SLC2A8;SLC2A9;SLC5A10,Non-classical monocytes
prerank,Reactome_2022__Processing Of DNA Double-Strand Break Ends R-HSA-5693607,0.6044424757948003,1.1343944288080423,0.2892561983471074,0.6849019860384423,1.0,18/62,8.35%,SUMO2;ATM;UBC;UBB;UBA52;RPS27A;RNF168;TOPBP1;RFC2;RPA3;TOP3A;BRCC3;BABAM1;TP53BP1;RAD50;RHNO1;BARD1;ABRAXAS1,Non-classical monocytes
prerank,Reactome_2022__TP53 Regulates Transcription Of Death Receptors And Ligands R-HSA-6803211,0.7590862510573801,1.1339516253126396,0.3586572438162544,0.6851073844647831,1.0,3/12,6.39%,TMEM219;TNFRSF10B;TP53BP2,Non-classical monocytes
prerank,Reactome_2022__VLDLR Internalisation And Degradation R-HSA-8866427,0.7390645118885043,1.1338686925601116,0.33774834437086093,0.6840308241487779,1.0,8/16,6.89%,AP2S1;UBC;UBB;UBA52;RPS27A;AP2A2;AP2A1;CLTA,Non-classical monocytes
prerank,"Reactome_2022__Cell Cycle, Mitotic R-HSA-69278",0.521759859261037,1.1328068878401123,0.15739769150052466,0.6863224644642296,1.0,172/488,10.76%,PSMA7;RAN;PSMA4;NUP214;PSME1;PSME2;CHMP2A;PSMB6;PSMB4;FBXW11;PSMC3;RAB1A;PSMB1;CDKN1A;PSMA1;SKP1;PSMB3;PDS5A;DYNLL1;UBE2E1;PSMA2;SSNA1;EML4;SUMO1;PSMB8;ANAPC11;ANAPC4;TUBA1C;POLE3;PPP2R5C;PSMC6;MZT1;TUBA1A;AHCTF1;TUBA1B;PSMD9;RAB8A;PSMB9;LYN;ANAPC5;USO1;RPS27;UBC;RB1;SKA2;CDK11A;ACTR1A;UBB;PSMB2;UBA52;RBX1;CEP192;RANBP2;MCM7;RPS27A;SIRT2;CDK5RAP2;CDC27;SEC13;PSMC4;CENPT;PPP2CB;PPP2CA;CLASP1;DHFR;HSP90AA1;PRKCA;PSME4;HAUS1;CKS1B;E2F4;ORC5;TUBB;VRK1;TUBG1;CDC25B;TUBGCP4;RFC2;AAAS;POLE4;PPP2R2A;RPA3;ODF2;SRC;PCNA;AKT2;KPNB1;CEP135;MCPH1;PSMB7;CDC26;PRKCB;PSMD14;HAUS8;LMNB1;RCC2;CENPQ;POM121C;DCTN2;DCTN3;POLD1;ZW10;PSMD4;LEMD3;PSMC5;PSMD7;CKAP5;CNEP1R1;LIN37;CHMP6;JAK2;SMC3;LPIN2;LMNA;NUP50;ABL1;PSMA5;SPDL1;CEP41;B9D2;ORC4;CDKN1C;PRKAR2B;CSNK2B;DYRK1A;CCNH;NCAPD3;UBE2D1;BLZF1;NEK7;RPA4;CENPP;CDC16;POLA1;AKAP9;RBBP4;DYNC1H1;PPME1;CENPE;PAFAH1B1;MZT2A;NUP133;LIN52;CDKN2B;PSMC1;NUP35;CENPL;CEP78;PSMA6;NUP88;HDAC8;BTRC;CCNB1;MCM4;DBF4;CDK4;POLA2;NUP98;ZWINT;ORC6;CENPJ;OFD1;MAPK1;PPP1R12B;RFC3;SET;GMNN;SEM1;ITGB3BP;DYNC1LI1;NCAPH2;E2F3,Non-classical monocytes
prerank,Reactome_2022__Global Genome Nucleotide Excision Repair (GG-NER) R-HSA-5696399,0.5874927276450415,1.1322622998419476,0.2557200538358008,0.6868507323567616,1.0,28/82,7.59%,SUMO2;SUMO1;ERCC1;POLE3;CUL4A;UBC;UBB;UBA52;RBX1;ERCC3;RPS27A;GTF2H5;ERCC4;RFC2;POLE4;RPA3;PCNA;GTF2H4;POLD1;XPC;MCRS1;XRCC1;DDB1;INO80;COPS2;CCNH;RUVBL1;COPS4,Non-classical monocytes
prerank,Reactome_2022__Budding And Maturation Of HIV Virion R-HSA-162588,0.671419402441661,1.1321329393296182,0.3323076923076923,0.6858574862428483,1.0,12/27,6.65%,PPIA;CHMP2A;UBC;UBB;CHMP5;UBA52;RPS27A;VPS28;VTA1;CHMP6;UBAP1;MVB12B,Non-classical monocytes
prerank,Reactome_2022__Phosphorylation Of APC/C R-HSA-176412,0.7113981500236946,1.1317401219609597,0.33073322932917315,0.6858985560705326,1.0,9/20,9.78%,UBE2E1;ANAPC11;ANAPC4;ANAPC5;CDC27;CDC26;UBE2D1;CDC16;CCNB1,Non-classical monocytes
prerank,Reactome_2022__DNA Damage/Telomere Stress Induced Senescence R-HSA-2559586,0.6644052605062707,1.131423588846571,0.32296296296296295,0.6856241754328581,1.0,9/28,9.55%,ATM;CDKN1A;RB1;LMNB1;TINF2;RAD50;HIRA;UBN1;HMGA1,Non-classical monocytes
prerank,MSigDB_Hallmark_2020__heme Metabolism,0.5403489905616498,1.1299665438287136,0.21378504672897197,0.5019321272829325,0.999,50/194,8.43%,MGST3;PGLS;SEC14L1;BNIP3L;BLVRA;BTG2;MKRN1;KAT2B;NR3C1;UCP2;PSMD9;BLVRB;PICALM;TMEM9B;CIR1;HAGH;ACP5;PRDX2;NCOA4;CDC27;FOXJ2;TOP1;RNF19A;CCDC28A;CA2;SLC30A1;ADIPOR1;SYNJ1;SLC66A2;SDCBP;RIOK3;DAAM1;ATP6V0A1;UROS;USP15;CDR2;RANBP10;CTSB;LPIN2;BACH1;ICAM4;TFRC;ADD1;LMO2;NEK7;CLIC2;RCL1;ARHGEF12;CTNS;CAT,Non-classical monocytes
prerank,Reactome_2022__Toll-like Receptor Cascades R-HSA-168898,0.5493964109212202,1.1299201040650382,0.21368547418967587,0.6893567855035067,1.0,66/161,10.61%,NFKB1;LY86;FBXW11;MEF2C;TLR1;RIPK2;SKP1;IRF3;NFKBIA;BIRC3;TANK;MYD88;MAP2K4;NOD1;TICAM1;UBC;UBB;AGER;UBA52;UBE2D2;TAB2;RPS27A;RPS6KA2;PPP2CB;UBE2D3;PPP2CA;PELI1;MAPKAPK3;IKBKB;CTSS;MAPK9;MAP3K1;LY96;PELI3;MAP2K6;MAP3K7;CASP8;NOD2;UBE2V1;NDUFA2;TBK1;ALPK1;TAB3;S100A8;CTSB;CNPY3;IKBKE;RPS6KA5;ECSIT;UBE2D1;IRAK1;VRK3;TIFA;LRRC14;RPS6KA1;RIPK1;MAP2K1;USP14;BTRC;SOCS1;CTSL;MAPK1;N4BP1;S100B;SARM1;IKBKG,Non-classical monocytes
prerank,"Reactome_2022__Synthesis, Secretion, And Inactivation Of Glucose-dependent Insulinotropic Polypeptide (GIP) R-HSA-400511",0.7627796116641836,1.12987012157596,0.3446601941747573,0.6881780136867821,1.0,1/13,0.48%,SEC11C,Non-classical monocytes
prerank,MSigDB_Hallmark_2020__Protein Secretion,0.5776525975150142,1.1297530096758488,0.2467866323907455,0.4816772178086726,0.999,42/96,11.43%,CTSC;AP2S1;M6PR;CD63;ATP1A1;ARFGAP3;RAB5A;NAPG;NAPA;ABCA1;DOP1A;RAB14;COPB2;USO1;ARFGEF1;COPE;VAMP4;SOD1;RAB9A;STAM;GOLGA4;TMX1;DST;ZW10;COG2;GNAS;SCRN1;RAB22A;CLTA;SGMS1;ARCN1;VAMP7;RER1;BNIP3;GLA;SCAMP1;MAPK1;COPB1;SEC24D;TOM1L1;BET1;LAMP2,Non-classical monocytes
prerank,Reactome_2022__NF-kB Activation Thru FADD/RIP-1 Pathway Mediated By Caspase-8 And -10 R-HSA-933543,0.7671861793593656,1.1293973121819607,0.35175879396984927,0.6883395512683118,1.0,7/12,10.61%,TRIM25;IKBKB;CASP8;CASP10;MAVS;RIPK1;IKBKG,Non-classical monocytes
prerank,Reactome_2022__Apoptotic Cleavage Of Cellular Proteins R-HSA-111465,-0.5685196271328516,-1.1289852674483285,0.24919093851132687,1.0,1.0,9/38,4.05%,VIM;PLEC;ROCK1;BCAP31;STK24;GSN;PRKCD;BIRC2;SPTAN1,Non-classical monocytes
prerank,Reactome_2022__Downregulation Of ERBB2 Signaling R-HSA-8863795,0.6688415377897945,1.1284568155830932,0.3166421207658321,0.6901871932039237,1.0,8/29,6.18%,UBC;UBB;UBA52;RPS27A;HSP90AA1;PTPN18;AKT2;USP8,Non-classical monocytes
prerank,Reactome_2022__trans-Golgi Network Vesicle Budding R-HSA-199992,0.5959844322302946,1.1282838758072082,0.2700534759358289,0.6893859644839911,1.0,24/71,8.31%,VAMP8;FTL;CLTB;BLOC1S1;CHMP2A;HSPA8;M6PR;FTH1;PICALM;ARRB1;ACBD3;AP4E1;DTNBP1;CTSZ;STX4;BLOC1S6;GNS;CLTA;AP4S1;BLOC1S3;TFRC;GAK;AP4B1;VAMP7,Non-classical monocytes
prerank,Reactome_2022__Glycoprotein Hormones R-HSA-209822,0.7768030389986609,1.1275020449197237,0.3642495784148398,0.6906850389690669,1.0,1/10,22.32%,INHBB,Non-classical monocytes
prerank,Reactome_2022__Interleukin-27 Signaling R-HSA-9020956,0.7900916240309681,1.126455659466519,0.3310810810810811,0.6927420978302133,1.0,4/11,6.56%,STAT1;STAT3;IL27RA;JAK2,Non-classical monocytes
prerank,Reactome_2022__Gap Junction Assembly R-HSA-190861,-0.6858990756733332,-1.1259647989325432,0.3333333333333333,1.0,1.0,2/16,13.35%,GJA5;GJC2,Non-classical monocytes
prerank,Reactome_2022__Regulated Proteolysis Of p75NTR R-HSA-193692,0.7712104498097285,1.1259089256371202,0.3564189189189189,0.6933180996683985,1.0,4/11,5.66%,NFKB1;PSENEN;APH1B;PSEN1,Non-classical monocytes
prerank,Reactome_2022__Regulation Of Necroptotic Cell Death R-HSA-5675482,0.6699464365417671,1.1254960392585827,0.303951367781155,0.6933986288162369,1.0,13/29,5.06%,TNFSF10;BIRC3;TANK;UBC;UBB;UBA52;TNFRSF10B;RPS27A;PELI1;TRADD;HSP90AA1;SDCBP;CASP8,Non-classical monocytes
prerank,Reactome_2022__mRNA Splicing - Major Pathway R-HSA-72163,0.5449271046610198,1.125092501892036,0.24911452184179456,0.693447929271888,1.0,77/180,9.99%,POLR2J;EIF4A3;SNRPE;LSM6;SRSF3;HSPA8;SNRPD3;POLR2L;SRSF11;SNRPD2;PUF60;RBMX;SNRPG;SRSF6;POLR2K;SNRPB;HNRNPA2B1;HNRNPF;SRRM1;SNU13;LSM5;TXNL4A;SMNDC1;POLR2A;GTF2F2;SNRPF;CWC25;DHX15;SRSF9;U2AF1L4;RNPS1;PRPF31;SF3A1;HNRNPL;USP39;WBP11;PLRG1;RBM8A;NCBP1;POLR2G;SNRNP200;POLR2D;SRSF1;ALYREF;POLR2E;MAGOHB;SNRNP70;POLR2C;POLR2B;CDC40;CCAR1;SNRNP40;HNRNPC;LSM2;SF3B5;U2AF1;SRSF2;CPSF2;HNRNPU;GCFC2;RBM22;SRSF7;PRPF6;SUGP1;POLR2F;LSM3;CRNKL1;FUS;SYF2;RBM17;HNRNPR;SLU7;SF3B2;PPIL1;SNW1;PQBP1;MAGOH,Non-classical monocytes
prerank,Reactome_2022__G Beta:Gamma Signaling Thru PLC Beta R-HSA-418217,0.6930049500539847,1.1248585990689854,0.34318555008210183,0.6928704379371244,1.0,6/20,11.86%,GNGT2;GNB4;GNB1;PLCB3;PLCB2;GNB2,Non-classical monocytes
prerank,Reactome_2022__Chaperone Mediated Autophagy R-HSA-9613829,0.7064201099251257,1.1241163818453894,0.33495934959349594,0.6940908007775293,1.0,9/20,5.12%,HSPA8;UBC;UBB;UBA52;ARL13B;RPS27A;HSP90AA1;HDAC6;PLIN2,Non-classical monocytes
prerank,Reactome_2022__Meiotic Recombination R-HSA-912446,0.6792061050631905,1.123552037032215,0.33488372093023255,0.6946113372017035,1.0,6/26,9.96%,ATM;RPA3;TOP3A;RAD50;MSH5;CDK4,Non-classical monocytes
prerank,Reactome_2022__Keratan Sulfate Biosynthesis R-HSA-2022854,0.662371002065161,1.1230497215396509,0.3178294573643411,0.6949481638489773,1.0,6/28,8.30%,B4GALT1;ST3GAL1;ST3GAL6;ST3GAL2;ST3GAL3;B4GALT4,Non-classical monocytes
prerank,Reactome_2022__RHOH GTPase Cycle R-HSA-9013407,-0.5754969312079172,-1.1219678722576985,0.258160237388724,1.0,1.0,14/35,9.60%,CSK;ROCK1;RAB7A;OSBPL11;RALGAPA1;WDR11;NSFL1C;FAM91A1;DBN1;LAMTOR1;PKN2;JUP;RHOH;UACA,Non-classical monocytes
prerank,Reactome_2022__Ras Activation Upon Ca2+ Influx Thru NMDA Receptor R-HSA-442982,-0.6513998973414167,-1.1215765555851789,0.3316062176165803,1.0,1.0,4/19,7.14%,CALM1;HRAS;CAMK2G;CAMK2D,Non-classical monocytes
prerank,Reactome_2022__Keratan Sulfate Degradation R-HSA-2022857,0.7792390629349797,1.1215204725672645,0.3378151260504202,0.6986115807073823,1.0,4/12,11.38%,HEXA;GNS;GLB1;GLB1L,Non-classical monocytes
prerank,Reactome_2022__Transport To Golgi And Subsequent Modification R-HSA-948021,0.5505115577779075,1.1208154797444159,0.2467065868263473,0.6995364877794624,1.0,43/164,8.30%,SERPINA1;CTSC;TRAPPC5;ARF5;RAB1A;COPZ1;DYNLL1;ARFGAP3;ARF4;B4GALT1;NAPG;COPB2;USO1;COPE;GOSR1;ACTR1A;SEC16A;STX17;STX5;DCTN4;TMED3;SEC13;SEC24B;DCTN6;PPP6R3;TBC1D20;COPA;TRAPPC1;SEC24C;CTSZ;MCFD2;MGAT5;COPG2;DCTN2;DCTN3;COG2;PREB;TRAPPC3;CNIH1;TRAPPC2L;ARCN1;DYNC1H1;B4GALT4,Non-classical monocytes
prerank,Reactome_2022__Transport Of Mature Transcript To Cytoplasm R-HSA-72202,0.5746038767982823,1.1201932030908552,0.2756827048114434,0.7001645753077741,1.0,35/83,10.04%,NUP214;EIF4A3;SRSF3;SRSF11;SRSF6;SRRM1;SRSF9;U2AF1L4;RNPS1;RANBP2;SEC13;POLDIP3;RBM8A;NCBP1;AAAS;SARNP;FYTTD1;SRSF1;ALYREF;MAGOHB;POM121C;CDC40;THOC1;NUP50;U2AF1;SRSF2;CPSF2;SRSF7;SLBP;NUP133;NUP35;SLU7;NUP88;MAGOH;NUP98,Non-classical monocytes
prerank,Reactome_2022__Phase 2 - Plateau Phase R-HSA-5576893,-0.6916972679421334,-1.1201501217007563,0.3435114503816794,1.0,1.0,5/15,10.67%,KCNE3;KCNQ1;CACNB1;CACNB2;CACNA1C,Non-classical monocytes
prerank,MSigDB_Hallmark_2020__Reactive Oxygen Species Pathway,0.611912479462173,1.1200974429779653,0.2886002886002886,0.4922383316782522,0.999,20/49,5.29%,GLRX;FTL;NDUFB4;GPX4;PRDX1;ATOX1;PRDX6;NDUFA6;MBP;PRDX2;ABCC1;TXN;G6PD;OXSR1;SOD2;SOD1;LAMTOR5;IPCEF1;MSRA;STK25,Non-classical monocytes
prerank,Reactome_2022__Metabolism Of Vitamins And Cofactors R-HSA-196854,0.5412397871222173,1.1199695053095644,0.22355769230769232,0.6995655693674369,1.0,59/185,13.31%,GSTO1;C1D;COQ2;GCH1;PCCA;AASDHPPT;PANK2;PARP14;PDXK;ACP5;PANK4;ABCC1;PPCS;PDSS2;DHFR;MTHFR;HSP90AA1;TPK1;PARP9;RDH11;NADK;GPHN;SDC4;SHMT1;QPRT;MTHFD1;RNLS;TCN2;BST1;MTRR;PLB1;MTR;NAPRT;CD38;CD320;PARP6;SLC25A16;PARP10;SLC5A6;VKORC1L1;COQ9;MTHFD2L;VNN2;APOM;CUBN;SLC19A2;PNPO;LDLRAP1;HLCS;APOE;UBIAD1;PCCB;SDC1;NANOS3;VKORC1;MOCS2;SDC3;FOLR2;ACACA,Non-classical monocytes
prerank,Reactome_2022__E3 Ubiquitin Ligases Ubiquitinate Target Proteins R-HSA-8866654,0.6256132873495216,1.1197865633424908,0.31532846715328466,0.6988122629944941,1.0,14/44,4.99%,RNF181;UBE2E1;HLA-B;UBC;UBB;UBE2J2;CTR9;UBA52;UBE2D2;PRKDC;RPS27A;UBE2D3;WAC;PCNA,Non-classical monocytes
prerank,Reactome_2022__Activation Of HOX Genes During Differentiation R-HSA-5619507,0.6049905509100522,1.1193212190266426,0.31392045454545453,0.6989715926852968,1.0,19/62,5.61%,POLR2J;POLR2L;CREBBP;KDM6A;POLR2K;SUZ12;POLR2A;HDAC3;RXRA;MAFB;KMT2D;KMT2C;POLR2G;EZH2;POLR2D;RBBP5;POLR2E;POLR2C;POLR2B,Non-classical monocytes
prerank,Reactome_2022__Metabolism Of Carbohydrates R-HSA-71387,0.5271076843179064,1.1192017579452822,0.21670428893905191,0.6980383535640712,1.0,58/283,8.66%,PGLS;TPI1;NUP214;XYLT1;PGK1;AKR1A1;MDH1;PAPSS1;PGP;DERA;PKM;B4GALT1;TALDO1;UBC;CSGALNACT2;UBB;UBA52;ST3GAL1;ST3GAL6;RANBP2;PHKA2;GYG1;RPS27A;ST3GAL2;SEC13;PPP2CB;PPP2CA;HEXA;FBP1;HOOK2;PRKCA;SLC25A13;RPIA;B4GALT7;CHORDC1;AAAS;PFKL;PGM2;ST3GAL3;SDC4;POM121C;SLC25A1;CRYL1;PFKFB4;CHSY1;GNS;NUP50;SLC37A4;HPSE;SGSH;MAP4K5;ABCC5;MAN2B1;GLB1;B4GALT4;MDH2;B3GALT4;NUP133,Non-classical monocytes
prerank,MSigDB_Hallmark_2020__Xenobiotic Metabolism,0.535761398692609,1.1191948087779797,0.23556581986143188,0.47644087541058744,0.999,40/197,8.43%,MT2A;GSTO1;PTGES3;DDAH2;ACP1;CDA;HMOX1;CBR1;CNDP2;DHPS;GCH1;BLVRB;NINJ1;HPRT1;FAS;UPP1;POR;FBP1;SLC6A6;GSS;SLC35B1;CA2;ETS2;PPARD;ID2;MTHFD1;ALAS1;BPHL;PINK1;ALDH2;PMM1;LPIN2;ELOVL5;BCAT1;CYFIP2;IRF8;DHRS1;AP4B1;ARG2;CAT,Non-classical monocytes
prerank,Reactome_2022__Bicarbonate Transporters R-HSA-425381,0.7875148017897563,1.1191708388630426,0.3741496598639456,0.6968135338713487,1.0,6/10,16.59%,AHCYL2;SLC4A7;SLC4A8;SLC4A2;SLC4A9;SLC4A1,Non-classical monocytes
prerank,Reactome_2022__TP53 Regulates Metabolic Genes R-HSA-5628897,0.5789659172545348,1.1182995785900194,0.283289817232376,0.6983488582195568,1.0,37/81,10.08%,COX5B;PRDX1;SURF1;AGO3;COX6C;COX14;COX4I1;CYCS;COX5A;LAMTOR4;COX8A;YWHAH;SCO1;PRDX2;COX7A2L;COX7C;SESN1;LAMTOR5;COX18;TACO1;SCO2;DDIT4;TXN2;COX7B;AKT2;COX16;AGO4;TIGAR;RRAGD;COX6B1;TNRC6C;RPTOR;COX6A1;PRKAA1;TSC1;RRAGB;REXO2,Non-classical monocytes
prerank,Reactome_2022__Synthesis Of Substrates In N-glycan Biosythesis R-HSA-446219,0.6035875360336075,1.1175658882537023,0.2892998678996037,0.6994547131607926,1.0,28/62,12.48%,ALG5;FUOM;DPM3;ST3GAL5;ST3GAL1;ST3GAL6;ST3GAL2;GFPT1;NUDT14;CMAS;GMDS;FPGT;ST6GALNAC4;NPL;ST3GAL3;DPM2;NUS1;PMM1;NANS;SRD5A3;GLB1;DHDDS;FCSK;SLC17A5;NANP;ST6GALNAC6;ST6GALNAC2;SLPI,Non-classical monocytes
prerank,MSigDB_Hallmark_2020__Coagulation,0.5537039332349515,1.1175162568117516,0.24411400247831475,0.4633454705947258,0.999,27/138,12.34%,C1QA;SERPINA1;ISCU;FYN;PLEK;MSRB2;ARF4;SERPING1;PEF1;SIRT2;CD9;S100A13;CTSH;CTSB;MAFF;ADAM9;CLU;TIMP1;MST1;RAPGEF3;PLG;USP11;LAMP2;APOC1;GNB2;LTA4H;BMP1,Non-classical monocytes
prerank,Reactome_2022__Aspirin ADME R-HSA-9749641,-0.5630568463576298,-1.1175046631477474,0.2682926829268293,1.0,1.0,5/43,11.19%,ABCC3;CES1;SLC16A1;ACSM2A;UGT2B7,Non-classical monocytes
prerank,Reactome_2022__Regulation Of Signaling By NODAL R-HSA-1433617,-0.7422471452168955,-1.1171051512543575,0.3700234192037471,1.0,1.0,2/10,6.59%,ACVR1B;ACVR2B,Non-classical monocytes
prerank,Reactome_2022__HDR Thru Single Strand Annealing (SSA) R-HSA-5685938,0.6493179152421189,1.1156725138784416,0.31852986217457885,0.7043250927679239,1.0,11/36,8.08%,ATM;ERCC1;ERCC4;TOPBP1;RFC2;RPA3;TOP3A;ABL1;RAD50;RHNO1;BARD1,Non-classical monocytes
prerank,Reactome_2022__Transport Of Mature mRNA Derived From An Intron-Containing Transcript R-HSA-159236,0.5803511323410812,1.1154821406889084,0.2796271637816245,0.7035842870514653,1.0,33/74,10.04%,NUP214;EIF4A3;SRSF3;SRSF11;SRSF6;SRRM1;SRSF9;U2AF1L4;RNPS1;RANBP2;SEC13;POLDIP3;RBM8A;NCBP1;AAAS;SARNP;FYTTD1;SRSF1;ALYREF;MAGOHB;POM121C;CDC40;THOC1;NUP50;U2AF1;SRSF2;SRSF7;NUP133;NUP35;SLU7;NUP88;MAGOH;NUP98,Non-classical monocytes
prerank,Reactome_2022__Signaling By FGFR4 In Disease R-HSA-5655291,0.7751442713265725,1.1149442653446762,0.37142857142857144,0.7039443106026683,1.0,5/10,5.41%,FRS2;GRB2;SOS1;PIK3CA;NRAS,Non-classical monocytes
prerank,Reactome_2022__PECAM1 Interactions R-HSA-210990,0.7484570795922049,1.1148493476508887,0.3951219512195122,0.7028853357983521,1.0,3/12,4.75%,FYN;LYN;SRC,Non-classical monocytes
prerank,Reactome_2022__G-protein Activation R-HSA-202040,0.6730428552338846,1.1146811033950654,0.337152209492635,0.7020940676813062,1.0,3/24,3.10%,GNGT2;GNB4;GNB1,Non-classical monocytes
prerank,Reactome_2022__Processing Of Capped Intron-Containing Pre-mRNA R-HSA-72203,0.5310288541958856,1.1146563241233918,0.2304199772985244,0.7008639791234296,1.0,97/241,10.04%,POLR2J;NUP214;EIF4A3;SNRPE;LSM6;SRSF3;HSPA8;SNRPD3;POLR2L;SRSF11;SNRPD2;PUF60;RBMX;SNRPG;SRSF6;METTL14;POLR2K;SNRPB;HNRNPA2B1;HNRNPF;SRRM1;SNU13;LSM5;TXNL4A;SMNDC1;POLR2A;GTF2F2;SNRPF;CWC25;DHX15;SRSF9;U2AF1L4;RNPS1;PRPF31;RANBP2;ZRSR2;SF3A1;HNRNPL;SEC13;USP39;WBP11;PLRG1;POLDIP3;RBM8A;NCBP1;POLR2G;SNRNP200;AAAS;POLR2D;SARNP;FYTTD1;SRSF1;ALYREF;POLR2E;MAGOHB;SNRNP70;POLR2C;POLR2B;SNRNP25;POM121C;CDC40;CCAR1;SNRNP40;THOC1;HNRNPC;LSM2;SF3B5;NUP50;U2AF1;SRSF2;CPSF2;HNRNPU;GCFC2;RBM22;SRSF7;SNRNP35;PRPF6;SLBP;SUGP1;POLR2F;LSM3;CRNKL1;FUS;NUP133;SYF2;ZMAT5;NUP35;RBM17;HNRNPR;SLU7;SF3B2;PPIL1;SNW1;NUP88;PQBP1;MAGOH;NUP98,Non-classical monocytes
prerank,Reactome_2022__ROS And RNS Production In Phagocytes R-HSA-1222556,0.6376825880033664,1.114616927937547,0.3183856502242152,0.6996636213616533,1.0,10/36,5.66%,ATP6V0B;CYBA;ATP6V1F;ATP6V0E1;ATP6V1G1;CYBB;ATP6V1E1;ATP6V1A;ATP6V0A1;ATP6V1C1,Non-classical monocytes
prerank,Reactome_2022__RIPK1-mediated Regulated Necrosis R-HSA-5213460,0.6597382317803098,1.1141377706357298,0.3232169954476479,0.6999911132382469,1.0,13/31,5.06%,TNFSF10;BIRC3;TANK;UBC;UBB;UBA52;TNFRSF10B;RPS27A;PELI1;TRADD;HSP90AA1;SDCBP;CASP8,Non-classical monocytes
prerank,Reactome_2022__Synthesis Of Very Long-Chain Fatty acyl-CoAs R-HSA-75876,0.6818625107733512,1.1140162731014358,0.35239567233384855,0.6990722775773773,1.0,7/24,11.73%,SLC27A3;ELOVL1;HACD3;HACD2;ELOVL5;HACD4;ACSL4,Non-classical monocytes
prerank,Reactome_2022__HSF1 Activation R-HSA-3371511,0.6611262822119464,1.1135195899405586,0.3415765069551777,0.6994450915114739,1.0,11/29,5.78%,PTGES3;HSBP1;MRPL18;UBB;DNAJB6;HSP90AA1;HDAC6;HSF1;RPA3;HSPA1A;HSPH1,Non-classical monocytes
prerank,Reactome_2022__TNFR1-induced NFkappaB Signaling Pathway R-HSA-5357956,0.6745643426204742,1.113356617370531,0.3620414673046252,0.6986077835589305,1.0,13/26,9.01%,BIRC3;TANK;RACK1;TAB2;RBCK1;TRADD;IKBKB;TNFAIP3;USP4;MAP3K7;TAB3;TNF;RIPK1,Non-classical monocytes
prerank,Reactome_2022__RHO GTPases Activate IQGAPs R-HSA-5626467,-0.7233041860974089,-1.1118845643394355,0.3669950738916256,1.0,1.0,5/11,2.63%,CDC42;CALM1;CLIP1;CTNNA1;MEN1,Non-classical monocytes
prerank,Reactome_2022__Cell-Cell Communication R-HSA-1500931,0.5543656836727566,1.1118669581173835,0.2723833543505675,0.7021513839650245,1.0,15/119,6.02%,LIMS1;TYROBP;FYN;SIRPB1;ITGB1;CTNNB1;GRB2;RSU1;PIK3CA;CD47;SRC;TESK1;IQGAP1;NECTIN2;DST,Non-classical monocytes
prerank,Reactome_2022__ABC Transporters In Lipid Homeostasis R-HSA-1369062,0.7087635150949162,1.1118365977774702,0.33386581469648563,0.7009755156927137,1.0,7/18,17.22%,ABCD3;ABCA7;ABCD1;ABCG1;PEX19;ABCA3;ABCA10,Non-classical monocytes
prerank,Reactome_2022__RAF/MAP Kinase Cascade R-HSA-5673001,0.520256557647675,1.1114926910447602,0.23076923076923078,0.7007805095441076,1.0,72/269,10.98%,PSMA7;PSMA4;PSME1;PSME2;PSMB6;PSMB4;PSMC3;FYN;DUSP2;PSMB1;PSMA1;PSMB3;PSMA2;FRS2;PSMB8;APBB1IP;GRB2;PPP2R5C;PSMC6;PSMD9;PSMB9;LYPLA1;UBC;UBB;PSMB2;ARRB1;UBA52;RBX1;RPS27A;SOS1;NF1;MRAS;PSMC4;PPP2CB;IL2RG;PIK3CA;PPP2CA;PSME4;SRC;RANBP9;ABHD17A;PSMB7;IQGAP1;NRAS;PSMD14;IL3RA;PEBP1;PSMD4;PSMC5;PSMD7;JAK2;PSMA5;VCL;TLN1;FLT3LG;BRAF;PPP5C;PSMC1;JAK3;DLG1;PSMA6;MAP2K1;PAQR3;RASA4;MAPK1;GOLGA7;SEM1;DUSP5;PDGFRB;DUSP9;FRS3;ANGPT1,Non-classical monocytes
prerank,Reactome_2022__Mitophagy R-HSA-5205647,0.6467133755612375,1.1107123893889133,0.3384146341463415,0.7020044123822778,1.0,16/28,8.91%,TOMM6;MAP1LC3B;SQSTM1;UBC;UBB;UBA52;TOMM7;RPS27A;SRC;TOMM20;PINK1;CSNK2B;TOMM5;PRKN;ATG5;TOMM70,Non-classical monocytes
prerank,Reactome_2022__Activation Of Phototransduction Cascade R-HSA-2485179,0.7596535494156808,1.1099644671864086,0.39015817223198596,0.7031271963683839,1.0,3/11,12.12%,GNB1;RNF7;PDE6G,Non-classical monocytes
prerank,Reactome_2022__Triglyceride Metabolism R-HSA-8979227,-0.573027949259548,-1.1078771217126104,0.25075528700906347,1.0,1.0,4/36,4.56%,PPP1CB;PLIN3;PRKACB;PPP1CC,Non-classical monocytes
prerank,Reactome_2022__Signaling By NOTCH3 R-HSA-9012852,0.6171221055674538,1.1061573581218442,0.302945301542777,0.7144328188687292,1.0,13/48,6.05%,STAT1;PSENEN;CREBBP;KAT2B;IKZF1;WWP2;UBC;UBB;UBA52;RPS27A;APH1B;PSEN1;RBPJ,Non-classical monocytes
prerank,Reactome_2022__COPI-independent Golgi-to-ER Retrograde Traffic R-HSA-6811436,0.6335270978892009,1.1059858658203507,0.3402985074626866,0.7136772996039195,1.0,18/34,10.68%,PAFAH1B2;DYNLL1;RAB18;ACTR1A;DCTN4;PLA2G4A;DCTN6;RAB3GAP1;PAFAH1B3;DCTN2;DCTN3;RAB6A;DYNC1H1;PAFAH1B1;PLA2G6;RAB3GAP2;CAPZA2;DYNC1LI1,Non-classical monocytes
prerank,Reactome_2022__CTLA4 Inhibitory Signaling R-HSA-389513,0.6873906284432274,1.1049842661141107,0.35947712418300654,0.715608339385185,1.0,8/21,5.10%,FYN;PPP2R5C;LYN;PPP2CB;PPP2CA;CD86;SRC;AKT2,Non-classical monocytes
prerank,Reactome_2022__Early Phase Of HIV Life Cycle R-HSA-162594,0.7346929027595204,1.104598586586926,0.3741496598639456,0.7156229746133179,1.0,3/15,2.12%,PPIA;XRCC4;CD4,Non-classical monocytes
prerank,Reactome_2022__Golgi-to-ER Retrograde Transport R-HSA-8856688,0.5468472326337941,1.1042739509308235,0.2960609911054638,0.7154460780196842,1.0,42/112,11.12%,PAFAH1B2;ARF5;RAB1A;COPZ1;DYNLL1;ARFGAP3;ARF4;RAB18;NAPG;COPB2;SURF4;COPE;ACTR1A;DCTN4;TMED3;PLA2G4A;DCTN6;RAB3GAP1;COPA;BNIP1;PAFAH1B3;COPG2;DCTN2;DCTN3;ZW10;RAB6A;NBAS;ARCN1;DYNC1H1;CENPE;PAFAH1B1;KIF21B;PLA2G6;KLC4;RAB3GAP2;RACGAP1;COPB1;KIF20B;CAPZA2;DYNC1LI1;KIF5C;RAB1B,Non-classical monocytes
prerank,Reactome_2022__Defects In Vitamin And Cofactor Metabolism R-HSA-3296482,0.683229367341575,1.1041288495237584,0.35515548281505727,0.7146164255381903,1.0,11/21,15.38%,PCCA;TCN2;MTRR;MTR;CD320;CUBN;HLCS;PCCB;ACACA;ABCD4;MCCC1,Non-classical monocytes
prerank,Reactome_2022__Blood Group Systems Biosynthesis R-HSA-9033658,0.6718077727886478,1.1040457649707163,0.3248407643312102,0.7136256219667012,1.0,7/22,16.06%,ST3GAL6;ST3GAL3;B3GALT4;ST6GALNAC6;ABO;FUT11;ST3GAL4,Non-classical monocytes
prerank,Reactome_2022__Ca2+ Pathway R-HSA-4086398,0.5882636499795475,1.1029628401455631,0.31622746185852985,0.7157474170762035,1.0,20/61,12.12%,ITPR2;AGO3;GNGT2;PPP3CA;CTNNB1;GNB4;GNB1;PRKCA;NLK;MAP3K7;NRAS;AGO4;PLCB3;TNRC6C;PPP3CB;PLCB2;TCF7;ITPR1;GNB2;PDE6G,Non-classical monocytes
prerank,Reactome_2022__Competing Endogenous RNAs (ceRNAs) Regulate PTEN Translation R-HSA-8948700,0.772228069425778,1.102015641352594,0.3723776223776224,0.7174415644355773,1.0,5/10,8.14%,VAPA;AGO3;CNOT6L;AGO4;TNRC6C,Non-classical monocytes
prerank,Reactome_2022__Phase I - Functionalization Of Compounds R-HSA-211945,0.5576335862894767,1.1019514767415424,0.2973651191969887,0.7163164363257406,1.0,15/100,8.84%,AURKAIP1;PTGES3;TBXAS1;NCOA2;RXRA;CYP51A1;FDX1;BPHL;CES2;ALDH2;CYP4V2;FDX2;PTGS1;NQO2;FDXR,Non-classical monocytes
prerank,Reactome_2022__Activation Of Pre-Replicative Complex R-HSA-68962,0.6449139593978185,1.1014387318600511,0.33839150227617604,0.7166159262409871,1.0,13/32,10.50%,POLE3;MCM7;ORC5;POLE4;RPA3;ORC4;RPA4;POLA1;MCM4;DBF4;POLA2;ORC6;GMNN,Non-classical monocytes
prerank,Reactome_2022__Glycolysis R-HSA-70171,0.5829924643892247,1.1008978126026057,0.30040053404539385,0.7170528420140065,1.0,21/68,10.04%,TPI1;NUP214;PGK1;PGP;PKM;RANBP2;SEC13;PPP2CB;PPP2CA;HOOK2;PRKCA;AAAS;PFKL;POM121C;PFKFB4;NUP50;MAP4K5;NUP133;NUP35;NUP88;NUP98,Non-classical monocytes
prerank,"Reactome_2022__Cell Death Signaling Via NRAGE, NRIF And NADE R-HSA-204998",0.5728447441531468,1.1005476458564116,0.3048780487804878,0.716816667109827,1.0,21/74,8.86%,PSENEN;SQSTM1;ARHGEF1;ARHGEF11;ITSN1;UBC;UBB;UBA52;RPS27A;SOS1;CASP3;BAD;VAV3;GNA13;APH1B;PSEN1;ARHGEF3;CASP2;ARHGEF12;ARHGEF7;PLEKHG2,Non-classical monocytes
prerank,Reactome_2022__SHC-mediated cascade:FGFR2 R-HSA-5654699,0.666293841861102,1.099638399974416,0.3572593800978793,0.7184718118880482,1.0,3/22,5.41%,GRB2;SOS1;NRAS,Non-classical monocytes
prerank,Reactome_2022__Early SARS-CoV-2 Infection Events R-HSA-9772572,0.6307122962057481,1.0994023400413757,0.3392070484581498,0.7179015705929076,1.0,18/36,14.47%,CHMP2A;ISCU;MAP1LC3B;RB1;SDC4;CHMP6;UVRAG;CTSL;PIK3R4;PIK3C3;VHL;SDC1;SDC3;VCP;FURIN;AGRN;GPC3;SDC2,Non-classical monocytes
prerank,Reactome_2022__Fertilization R-HSA-1187000,0.6609753121556363,1.0991241026540206,0.35294117647058826,0.7174512348892581,1.0,5/25,13.56%,B4GALT1;CD9;CATSPERG;IZUMO4;CATSPER1,Non-classical monocytes
prerank,Reactome_2022__Highly Calcium Permeable Postsynaptic Nicotinic Acetylcholine Receptors R-HSA-629594,0.7606176550970211,1.099079497604707,0.41029900332225916,0.7163226976235446,1.0,1/11,23.93%,CHRFAM7A,Non-classical monocytes
prerank,Reactome_2022__Translesion Synthesis By POLK R-HSA-5655862,0.6926695971186436,1.0982326827281805,0.39178515007898895,0.7177211668970637,1.0,8/17,4.99%,REV3L;UBC;UBB;UBA52;RPS27A;RFC2;RPA3;PCNA,Non-classical monocytes
prerank,MSigDB_Hallmark_2020__Hedgehog Signaling,0.6227786356616541,1.09811515992211,0.3393665158371041,0.5036246276067528,1.0,9/36,11.04%,DPYSL2;NF1;RASA1;ETS2;RTN1;PML;VEGFA;MYH9;PLG,Non-classical monocytes
prerank,Reactome_2022__Amino Acids Regulate mTORC1 R-HSA-9639288,0.58933907991671,1.0973893896895357,0.32147937411095306,0.7190842724523219,1.0,25/54,11.75%,ATP6V0B;ATP6V1F;ATP6V0E1;ATP6V1G1;LAMTOR4;SEC13;SESN1;DEPDC5;LAMTOR5;ATP6V1E1;ATP6V1A;ATP6V1C1;FNIP2;RRAGD;WDR59;FLCN;SZT2;RPTOR;ATP6V0D1;KPTN;MIOS;RRAGB;RRAGC;CASTOR1;TCIRG1,Non-classical monocytes
prerank,Reactome_2022__MAPK1/MAPK3 Signaling R-HSA-5684996,0.5117051926152165,1.09707662879648,0.25252525252525254,0.7188690997597447,1.0,72/275,10.98%,PSMA7;PSMA4;PSME1;PSME2;PSMB6;PSMB4;PSMC3;FYN;DUSP2;PSMB1;PSMA1;PSMB3;PSMA2;FRS2;PSMB8;APBB1IP;GRB2;PPP2R5C;PSMC6;PSMD9;PSMB9;LYPLA1;UBC;UBB;PSMB2;ARRB1;UBA52;RBX1;RPS27A;SOS1;NF1;MRAS;PSMC4;PPP2CB;IL2RG;PIK3CA;PPP2CA;PSME4;SRC;RANBP9;ABHD17A;PSMB7;IQGAP1;NRAS;PSMD14;IL3RA;PEBP1;PSMD4;PSMC5;PSMD7;JAK2;PSMA5;VCL;TLN1;FLT3LG;BRAF;PPP5C;PSMC1;JAK3;DLG1;PSMA6;MAP2K1;PAQR3;RASA4;MAPK1;GOLGA7;SEM1;DUSP5;PDGFRB;DUSP9;FRS3;ANGPT1,Non-classical monocytes
prerank,Reactome_2022__Autophagy R-HSA-9612973,0.5416043496241317,1.0960141633946978,0.3,0.7209890438334249,1.0,49/127,9.55%,ATM;CHMP2A;TOMM6;MAP1LC3B;GABARAP;HSPA8;SQSTM1;DYNLL1;GABARAPL2;LAMTOR4;UBC;UBB;UBA52;TOMM7;ARL13B;RPS27A;ATG4C;ATG4B;ATG3;VPS28;HSP90AA1;NBR1;LAMTOR5;HDAC6;HSF1;SRC;PLIN2;UBE2V1;WDR45;TOMM20;ATG13;PINK1;CHMP6;UBAP1;MVB12B;WIPI1;RRAGD;CSNK2B;TOMM5;PRKN;UVRAG;VPS37C;DYNC1H1;RPTOR;ATG5;TOMM70;WIPI2;PRKAA1;TSC1,Non-classical monocytes
prerank,Reactome_2022__Nitric Oxide Stimulates Guanylate Cyclase R-HSA-392154,0.6879834308960341,1.096003112181959,0.36391912908242613,0.7197562443947796,1.0,10/20,14.96%,KCNMA1;GUCY1B1;PDE1B;PDE2A;PDE5A;ITPR1;PDE10A;PDE1A;NANOS3;KCNMB1,Non-classical monocytes
prerank,Reactome_2022__Dimerization Of Procaspase-8 R-HSA-69416,0.7544671519308631,1.0948525238868536,0.41304347826086957,0.7208867754409264,1.0,5/11,5.06%,TNFSF10;TANK;TNFRSF10B;TRADD;CASP8,Non-classical monocytes
prerank,Reactome_2022__CASP8 Activity Is Inhibited R-HSA-5218900,0.7544671519308631,1.0948525238868536,0.41304347826086957,0.7208867754409264,1.0,5/11,5.06%,TNFSF10;TANK;TNFRSF10B;TRADD;CASP8,Non-classical monocytes
prerank,Reactome_2022__Cell Recruitment (Pro-Inflammatory Response) R-HSA-9664424,0.6657335119438466,1.0930494223525125,0.36217948717948717,0.7251601354936851,1.0,8/25,4.84%,C3AR1;NFKB1;PYCARD;CASP1;HMOX1;P2RX4;P2RX7;TXN2,Non-classical monocytes
prerank,Reactome_2022__Processing Of Capped Intronless Pre-mRNA R-HSA-75067,0.6457261862865148,1.0923853534940091,0.3667711598746082,0.7259787786097344,1.0,9/29,7.99%,SNRPE;SNRPD3;SNRPG;SNRPB;LSM10;SNRPF;NCBP1;CPSF2;SLBP,Non-classical monocytes
prerank,Reactome_2022__Surfactant Metabolism R-HSA-5683826,0.6469314879014174,1.092299518602212,0.37962962962962965,0.724964247371246,1.0,9/29,14.72%,ADA2;CCDC59;CTSH;SFTPD;P2RY2;CSF2RB;ADORA2A;PGA5;NAPSA,Non-classical monocytes
prerank,Reactome_2022__Signaling By Receptor Tyrosine Kinases R-HSA-9006934,0.5013201083973488,1.090582419131189,0.24842767295597484,0.7292529425641484,1.0,140/496,11.04%,STAT1;ATP6V0B;POLR2J;PTPN2;BAX;AP2S1;CYBA;PSENEN;BRK1;MEF2C;GAB2;ITPR2;POLR2L;ATP6V1F;FYN;NAB1;ATP6V0E1;ITGB1;SGK1;FRS2;POLR2K;CTNNB1;HNRNPF;ATP6AP1;GRB2;EPS15;LYL1;ARF6;ATP6V1G1;LYN;POLR2A;CYBB;UBC;GTF2F2;UBB;UBA52;HDAC3;TAB2;MXD4;RPS27A;SOS1;RPS6KA2;SH2B3;PPP2CB;IL2RG;PIK3CA;PPP2CA;RHOA;STAT3;MEF2D;MAPKAPK3;HSP90AA1;PRKCA;PTPN18;NCBP1;POLR2G;MKNK1;VAV3;NAB2;ATP6V1E1;WASF2;SH3GL1;POLR2D;SRC;STAT5B;STAM;AKT2;RANBP9;POLR2E;AP2A2;TRIB1;ATP6V1A;ATP6V0A1;MAPKAP1;NRAS;HDAC2;AAMP;PRKCB;ABI1;APH1B;IGF1R;POLR2C;POLR2B;PSEN1;ATP6V1C1;NELFB;SPINT1;RAPGEF1;SRF;ID2;USP8;VEGFB;RANBP10;PRDM1;JAK2;AP2A1;CLTA;PTPRJ;COPS2;FGFRL1;RPS6KA5;PKN1;MAP2K5;FLT3LG;PTPN1;CYFIP2;ATP6V0A2;BRAF;VRK3;POLR2F;NEDD4;ARHGEF7;FER;RALB;RPS6KA1;ATP6V0D1;ELMO1;JAK3;MAP2K1;CRKL;LMNB2;PIGU;YAP1;SOCS1;TIAM1;EPN1;TRIB3;RAB4A;CDK5;STMN1;VEGFA;MAPK1;S100B;YES1;ATP6V0A4;PDGFRB;FRS3;PIK3R4;PTK6;PLG,Non-classical monocytes
prerank,Reactome_2022__Assembly Of HIV Virion R-HSA-175474,0.6967850968157896,1.0896591167973744,0.38030560271646857,0.7309305179043739,1.0,9/17,8.23%,PPIA;UBC;UBB;UBA52;RPS27A;VPS28;UBAP1;MVB12B;VPS37C,Non-classical monocytes
prerank,Reactome_2022__Signaling By ALK Fusions And Activated Point Mutants R-HSA-9725370,0.5762611376082163,1.0890833949576442,0.32697947214076245,0.7313926798181258,1.0,23/54,10.91%,RNF213;BCL2A1;SQSTM1;SKP1;FRS2;EML4;GCC2;GRB2;TPM4;RBX1;RANBP2;PIK3CA;STAT3;CEBPB;EEF1G;EIF2AK3;VCL;ATIC;BCL11A;MAPK1;RPS6;MYH9;FRS3,Non-classical monocytes
prerank,Reactome_2022__Regulation Of TNFR1 Signaling R-HSA-5357905,0.6310376562949479,1.0882289705674943,0.3692077727952167,0.732809852308479,1.0,16/35,9.27%,BIRC3;TANK;RACK1;UBC;UBB;UBA52;RPS27A;RBCK1;TRADD;IKBKB;TNFAIP3;USP4;CASP8;TNF;RIPK1;OTULIN,Non-classical monocytes
prerank,Reactome_2022__Translesion Synthesis By POLH R-HSA-110320,0.6844859946399962,1.0877814479593266,0.393026941362916,0.732927606386336,1.0,8/19,4.99%,UBC;UBB;UFD1;UBA52;RPS27A;RFC2;RPA3;PCNA,Non-classical monocytes
prerank,Reactome_2022__Protein Folding R-HSA-391251,0.5536265802190486,1.0877620816691365,0.32558139534883723,0.7317103291371949,1.0,26/95,8.59%,PFDN5;CCT7;TBCA;GNGT2;TUBA1C;TUBA1A;TUBA1B;GNB4;PFDN2;FBXO6;HDAC3;FBXW5;GNB1;STAT3;TUBB;PFDN6;KIF13A;CCT6A;TBCC;FBXL3;TBCB;CCT5;CSNK2B;FBXL5;TBCD;PFDN1,Non-classical monocytes
prerank,Reactome_2022__Downstream Signal Transduction R-HSA-186763,0.6367652017028932,1.087161187568218,0.36850393700787404,0.7323265523692992,1.0,9/28,5.80%,STAT1;GRB2;SOS1;PIK3CA;STAT3;SRC;STAT5B;NRAS;RAPGEF1,Non-classical monocytes
prerank,Reactome_2022__Vitamin D (Calciferol) Metabolism R-HSA-196791,0.7301799916627804,1.086969805463385,0.42567567567567566,0.7317330796014715,1.0,1/12,0.04%,SUMO2,Non-classical monocytes
prerank,Reactome_2022__Negative Regulation Of PI3K/AKT Network R-HSA-199418,0.5421180915755338,1.0868212553341088,0.30845771144278605,0.7309266891100535,1.0,31/113,12.43%,GAB2;FYN;MYD88;FRS2;GRB2;PPP2R5C;RHOG;PIP4K2A;IER3;SOS1;PPP2CB;PIK3CA;PPP2CA;CD86;SRC;AKT2;IL1RAP;PIP5K1A;FLT3LG;PIP4K2C;PIK3AP1;IRAK1;PIP4K2B;PIGU;TRIB3;MAPK1;PDGFRB;KL;CD80;FGF9;FGFR1,Non-classical monocytes
prerank,Reactome_2022__Tandem Pore Domain Potassium Channels R-HSA-1296346,0.7306567547623601,1.0868063180407037,0.42122719734660036,0.7297044054297774,1.0,4/12,26.94%,KCNK6;KCNK7;KCNK1;KCNK13,Non-classical monocytes
prerank,Reactome_2022__Interleukin-6 Signaling R-HSA-1059683,0.7462453041331314,1.0864153615466279,0.4231433506044905,0.7296603616384507,1.0,4/11,6.56%,STAT1;STAT3;SOCS3;JAK2,Non-classical monocytes
prerank,Reactome_2022__Translesion Synthesis By REV1 R-HSA-110312,0.6977566116254982,1.0859961414247226,0.4181523500810373,0.7297045281251414,1.0,8/16,4.99%,REV3L;UBC;UBB;UBA52;RPS27A;RFC2;RPA3;PCNA,Non-classical monocytes
prerank,Reactome_2022__SHC-mediated cascade:FGFR1 R-HSA-5654688,0.6724458547397043,1.0854491344851012,0.3829787234042553,0.7300876186066282,1.0,6/20,12.43%,GRB2;SOS1;NRAS;KL;FGF9;FGFR1,Non-classical monocytes
prerank,Reactome_2022__Formation Of Tubulin Folding Intermediates By CCT/TriC R-HSA-389960,0.6483422013540656,1.0847912298051487,0.3827893175074184,0.7309165479307228,1.0,7/26,7.22%,CCT7;TUBA1C;TUBA1A;TUBA1B;TUBB;CCT6A;CCT5,Non-classical monocytes
prerank,Reactome_2022__FGFRL1 Modulation Of FGFR1 Signaling R-HSA-5658623,0.7295919344377886,1.0836313960266248,0.4122657580919932,0.7332570213879581,1.0,2/13,11.51%,FGFRL1;SPRED2,Non-classical monocytes
prerank,Reactome_2022__Sphingolipid De Novo Biosynthesis R-HSA-1660661,0.6032618126444826,1.083256701855813,0.36005830903790087,0.7331552415989595,1.0,12/44,7.48%,VAPA;SGPP1;CERS6;PPM1L;SPTLC2;PRKD3;DEGS1;CERT1;ALDH3B1;PRKD2;SGMS1;CSNK1G2,Non-classical monocytes
prerank,Reactome_2022__TP53 Regulates Transcription Of Additional Cell Cycle Genes With Uncertain Roles In P53 Pathway R-HSA-6804115,0.6627868314914925,1.0832564546192127,0.38198757763975155,0.731908378943179,1.0,9/21,10.38%,BTG2;CNOT1;CNOT4;CNOT6L;CNOT2;RGCC;PLK2;CENPJ;CNOT10,Non-classical monocytes
prerank,Reactome_2022__tRNA Processing In Nucleus R-HSA-6784531,0.5845960759699397,1.08272371339855,0.3582089552238806,0.7323591861126187,1.0,17/57,10.04%,RAN;NUP214;POP5;DDX1;RPP21;POP7;RANBP2;SEC13;AAAS;RTRAF;ZBTB8OS;POM121C;NUP50;NUP133;NUP35;NUP88;NUP98,Non-classical monocytes
prerank,Reactome_2022__Serotonin Receptors R-HSA-390666,0.753375239136376,1.0824326543248843,0.39862542955326463,0.7319569669240139,1.0,3/11,24.66%,HTR7;HTR4;HTR2C,Non-classical monocytes
prerank,Reactome_2022__Integration Of Provirus R-HSA-162592,0.7603996452980973,1.0824163925882258,0.40695652173913044,0.7307743042461772,1.0,4/10,9.55%,PPIA;XRCC4;XRCC5;HMGA1,Non-classical monocytes
prerank,Reactome_2022__Semaphorin Interactions R-HSA-373755,0.5721557988918685,1.0823603720091164,0.3532608695652174,0.7296968109049518,1.0,24/64,11.23%,TYROBP;MYL12B;RRAS;DPYSL2;FYN;ITGB1;ARHGEF11;MYL6;PTPRC;RHOA;HSP90AA1;SEMA4D;RHOC;PKN1;TLN1;PLXNC1;LIMK1;ARHGEF12;ARHGEF7;CDK5;MYH9;MYH10;ARHGAP35;CD72,Non-classical monocytes
prerank,Reactome_2022__Constitutive Signaling By NOTCH1 HD Domain Mutants R-HSA-2691232,0.7129575490467791,1.0818363577734236,0.4173354735152488,0.729987526004289,1.0,4/15,3.13%,UBC;UBB;UBA52;RPS27A,Non-classical monocytes
prerank,Reactome_2022__TNF Receptor Superfamily (TNFSF) Members Mediating Non-Canonical NF-kB Pathway R-HSA-5676594,0.697895472803474,1.0816115647533815,0.3953098827470687,0.729472654470292,1.0,5/17,7.28%,LTBR;BIRC3;TANK;TNFSF13B;LTB,Non-classical monocytes
prerank,Reactome_2022__Negative Regulators Of DDX58/IFIH1 Signaling R-HSA-936440,0.628711027663317,1.0813202270312572,0.3671274961597542,0.7291176994651251,1.0,18/34,8.73%,UBE2L6;ISG15;IRF3;TRIM25;UBC;UBB;UBA52;UBE2D2;RPS27A;UBE2D3;TNFAIP3;HERC5;OTUD5;TBK1;IKBKE;UBE2D1;MAVS;ATG5,Non-classical monocytes
prerank,MSigDB_Hallmark_2020__PI3K/AKT/mTOR  Signaling,0.5411241807436427,1.0805346205812607,0.29934640522875816,0.538021778584392,1.0,36/105,10.35%,STAT2;CFL1;ARPC3;PFN1;ITPR2;SQSTM1;CDKN1A;MYD88;PIN1;CAB39;GRB2;NOD1;IL2RG;UBE2D3;MAPK9;SLA;MKNK1;VAV3;MAP2K6;PRKAR2A;MAP3K7;MAPKAP1;PRKCB;TBK1;SMAD2;GRK2;CSNK2B;ECSIT;RPTOR;RALB;RPS6KA1;RIPK1;TIAM1;CDK4;TRIB3;MAPK1,Non-classical monocytes
prerank,Reactome_2022__Laminin Interactions R-HSA-3000157,0.6690861165823596,1.0792815215687994,0.4148397976391231,0.7340347871568768,1.0,8/22,19.91%,ITGB1;LMNB2;COL18A1;LAMC1;LAMA2;ITGA7;ITGAV;ITGA2,Non-classical monocytes
prerank,Reactome_2022__Fanconi Anemia Pathway R-HSA-6783310,0.6248916928451983,1.0788536927335688,0.3755522827687776,0.7340767330065552,1.0,17/36,12.11%,ERCC1;UBC;UBB;UBA52;RPS27A;ERCC4;FAAP20;RPA3;FAN1;FANCM;CENPX;UBE2T;FANCL;FANCD2;FANCC;FANCF;FAAP100,Non-classical monocytes
prerank,Reactome_2022__Interconversion Of Nucleotide Di- And Triphosphates R-HSA-499943,0.6344753874137277,1.0785867406144298,0.3757861635220126,0.7336197889633473,1.0,8/28,7.98%,GLRX;TXN2;DCTPP1;AK9;AK6;AK2;NME4;DCTD,Non-classical monocytes
prerank,Reactome_2022__Interleukin-10 Signaling R-HSA-6783783,0.5971274879518459,1.0780861035296019,0.3482810164424514,0.7339132867061189,1.0,16/45,11.11%,CCL3;CCR1;STAT3;CD86;IL10RA;CCL3L1;IL1RN;ICAM1;FPR1;CXCL2;TNF;CCL4;TIMP1;CCL2;CXCL8;CXCL10,Non-classical monocytes
prerank,Reactome_2022__SUMOylation Of DNA Replication Proteins R-HSA-4615885,0.603870992408341,1.0773732653713775,0.3704775687409551,0.7348047553422653,1.0,16/45,10.71%,SUMO2;NUP214;SUMO1;RANBP2;SEC13;TOP1;AAAS;PCNA;TOP2B;POM121C;NUP50;NUP133;NUP35;NUP88;NUP98;PIAS3,Non-classical monocytes
prerank,Reactome_2022__SHC-mediated cascade:FGFR4 R-HSA-5654719,0.6748856249055484,1.0771470736563182,0.40336134453781514,0.7342248158643355,1.0,3/19,5.41%,GRB2;SOS1;NRAS,Non-classical monocytes
prerank,Reactome_2022__CaMK IV-mediated Phosphorylation Of CREB R-HSA-111932,-0.713020506568735,-1.0769584391746936,0.4159090909090909,1.0,1.0,4/10,7.14%,CALM1;CAMK2G;CREB1;CAMK2D,Non-classical monocytes
prerank,Reactome_2022__Role Of Second Messengers In Netrin-1 Signaling R-HSA-418890,-0.7120609168901242,-1.075850490110132,0.4282178217821782,1.0,1.0,2/10,16.78%,PITPNA;NTN1,Non-classical monocytes
prerank,Reactome_2022__Nucleotide Salvage R-HSA-8956321,0.6614166230288865,1.0748987573256188,0.37888198757763975,0.739922998215636,1.0,7/23,5.73%,CDA;APRT;HPRT1;UPP1;GMPR;SCO2;ADAL,Non-classical monocytes
prerank,Reactome_2022__Chromosome Maintenance R-HSA-73886,0.5504662153897129,1.0744188109298105,0.3359273670557717,0.7400804424488138,1.0,35/89,10.67%,POLR2J;NOP10;POLR2L;POLR2K;POLR2A;CENPT;RUVBL2;POLR2G;PPP6R3;RFC2;RPA3;POLR2D;SMARCA5;PCNA;POLR2E;NHP2;POLR2C;POLR2B;CENPQ;POLD1;RUVBL1;TINF2;CENPP;POLA1;RBBP4;POLR2F;CENPX;PPP6C;CENPL;POLA2;DKC1;RFC3;ITGB3BP;CENPW;GAR1,Non-classical monocytes
prerank,Reactome_2022__Cargo Concentration In ER R-HSA-5694530,0.6262105843826224,1.0741823934921801,0.39162929745889385,0.7395533376502552,1.0,9/32,7.08%,SERPINA1;CTSC;STX5;SEC24B;SEC24C;CTSZ;MCFD2;PREB;CNIH1,Non-classical monocytes
prerank,"Reactome_2022__WNT5A-dependent Internalization Of FZD2, FZD5 And ROR2 R-HSA-5140745",0.7485789152991815,1.0741654488179984,0.45,0.7383814455774976,1.0,5/11,6.89%,CLTB;AP2S1;AP2A2;AP2A1;CLTA,Non-classical monocytes
prerank,Reactome_2022__Defective Homologous Recombination Repair (HRR) Due To BRCA2 Loss Of Function R-HSA-9701190,0.6138545996365643,1.0741304637033755,0.3789004457652303,0.7372900698533634,1.0,14/40,11.98%,ATM;TOPBP1;RFC2;RPA3;RAD51B;TOP3A;RAD50;RHNO1;BARD1;RFC3;SEM1;PALB2;KAT5;RAD51AP1,Non-classical monocytes
prerank,Reactome_2022__Homologous DNA Pairing And Strand Exchange R-HSA-5693579,0.6077447131035728,1.074064460869871,0.3755522827687776,0.7362667300476757,1.0,14/42,11.98%,ATM;TOPBP1;RFC2;RPA3;RAD51B;TOP3A;RAD50;RHNO1;BARD1;RFC3;SEM1;PALB2;KAT5;RAD51AP1,Non-classical monocytes
prerank,Reactome_2022__Diseases Associated With TLR Signaling Cascade R-HSA-5602358,0.6238203862413869,1.0733135641139622,0.37750385208012327,0.737321526880037,1.0,9/31,6.43%,NFKB1;TLR1;NFKBIA;MYD88;TICAM1;IKBKB;LY96;NDUFA2;S100A8,Non-classical monocytes
prerank,Reactome_2022__Translesion Synthesis By POLI R-HSA-5656121,0.685528257318929,1.0724414823872597,0.424390243902439,0.738639808666843,1.0,8/17,4.99%,REV3L;UBC;UBB;UBA52;RPS27A;RFC2;RPA3;PCNA,Non-classical monocytes
prerank,Reactome_2022__Leishmania Infection R-HSA-9658195,0.510090050659773,1.0723323926762285,0.3360091743119266,0.7377435273726481,1.0,42/242,7.95%,C3AR1;NFKB1;ARPC1B;ARPC3;CYBA;BRK1;PYCARD;ITPR2;FYN;CASP1;HMOX1;GNGT2;ACTG1;GRB2;WIPF1;GNB4;LYN;PTRH2;P2RX4;GNB1;FCGR2A;HCK;PRKCA;ADM;VAV3;P2RX7;WASF2;SRC;TXN2;PRKAR2A;DVL3;ARPC2;ABI1;GPBAR1;GNAS;ARPC1A;MYO10;GNAI3;ABL1;PRKAR2B;CPAMD8;CYFIP2,Non-classical monocytes
prerank,Reactome_2022__Scavenging By Class A Receptors R-HSA-3000480,0.6804207981593697,1.0719923337645896,0.4088669950738916,0.7375303720686027,1.0,3/19,3.08%,FTL;FTH1;MSR1,Non-classical monocytes
prerank,Reactome_2022__COPI-mediated Anterograde Transport R-HSA-6807878,0.5556078811623392,1.0714113119464233,0.3604806408544726,0.7380389373205246,1.0,35/80,13.26%,ARF5;RAB1A;COPZ1;DYNLL1;ARFGAP3;ARF4;NAPG;COPB2;USO1;COPE;GOSR1;ACTR1A;STX5;DCTN4;TMED3;DCTN6;COPA;COPG2;DCTN2;DCTN3;COG2;ARCN1;DYNC1H1;COPB1;CAPZA2;DYNC1LI1;GORASP1;BET1;RAB1B;COG7;COG8;ANK2;COG5;COG3;FOLR2,Non-classical monocytes
prerank,Reactome_2022__Miscellaneous Transport And Binding Events R-HSA-5223345,0.6547329517700369,1.0707774771614051,0.3939393939393939,0.7387213186570798,1.0,7/23,8.29%,NIPA2;SLC66A1;MAGT1;LRRC8A;ADD1;LRRC8B;CTNS,Non-classical monocytes
prerank,Reactome_2022__SLC-mediated Transmembrane Transport R-HSA-425407,-0.41926007301546603,-1.0698267970257003,0.21428571428571427,1.0,1.0,29/247,5.96%,SLC11A1;SLC8B1;CALM1;SLC15A3;SLC30A7;SLC43A2;SLC20A2;EMB;SLC39A3;SLC39A7;SLC16A3;SLC40A1;SLC12A1;SLC35C1;SLC35A3;SLC29A1;SLC12A4;SLC27A1;SLC29A3;SLC36A1;SLC22A5;SLC16A7;PDZD11;SLC12A7;SLC2A3;SLC9A8;NLRP3;SLC18A1;SLC39A4,Non-classical monocytes
prerank,Reactome_2022__Synthesis Of Glycosylphosphatidylinositol (GPI) R-HSA-162710,0.6806306947925221,1.0693253744758746,0.4240400667779633,0.7418003797629861,1.0,10/18,14.94%,PIGP;DPM2;PIGA;PIGN;PIGL;PIGH;PIGF;PIGC;PIGW;PIGB,Non-classical monocytes
prerank,Reactome_2022__Glyoxylate Metabolism And Glycine Degradation R-HSA-389661,0.6193659540002591,1.0689544607087775,0.3850746268656716,0.7416515786961935,1.0,13/31,14.69%,NDUFAB1;PDHB;PDHA1;PDHX;ALDH4A1;GCSH;DHTKD1;LIAS;BCKDHB;PRODH2;LDHD;GLDC;AGXT2,Non-classical monocytes
prerank,Reactome_2022__SUMOylation Of RNA Binding Proteins R-HSA-4570464,0.5929545196883174,1.0684999787753768,0.38171262699564584,0.7417473329534306,1.0,14/46,10.04%,SUMO2;NUP214;SUMO1;RNF2;RANBP2;SEC13;AAAS;POM121C;HNRNPC;NUP50;NUP133;NUP35;NUP88;NUP98,Non-classical monocytes
prerank,Reactome_2022__TNFR1-induced Proapoptotic Signaling R-HSA-5357786,0.7204750919253939,1.0681363480098682,0.4271523178807947,0.7415515535408627,1.0,7/13,9.01%,TANK;TRADD;TNFAIP3;USP4;CASP8;TNF;RIPK1,Non-classical monocytes
prerank,Reactome_2022__Presynaptic Phase Of Homologous DNA Pairing And Strand Exchange R-HSA-5693616,0.6100495817755506,1.0680009534193196,0.3831360946745562,0.740737323425632,1.0,12/39,11.67%,ATM;TOPBP1;RFC2;RPA3;RAD51B;TOP3A;RAD50;RHNO1;BARD1;RFC3;SEM1;KAT5,Non-classical monocytes
prerank,Reactome_2022__Interleukin-12 Signaling R-HSA-9020591,0.602022007492303,1.067797137144481,0.3760932944606414,0.7400975238520319,1.0,12/44,6.56%,PPIA;AURKAIP1;GSTO1;PSME2;HNRNPA2B1;HNRNPF;TALDO1;TOX4;SOD1;BOLA2B;LMNB1;JAK2,Non-classical monocytes
prerank,Reactome_2022__Striated Muscle Contraction R-HSA-390522,-0.5617270966863004,-1.0674242990244016,0.37941176470588234,1.0,1.0,4/33,7.81%,VIM;TPM1;DMD;TMOD2,Non-classical monocytes
prerank,Reactome_2022__Regulation Of TP53 Activity Thru Methylation R-HSA-6804760,0.6767442953015528,1.065732123766538,0.40842787682333875,0.7450017442215147,1.0,13/19,12.17%,ATM;UBC;UBB;UBA52;RPS27A;EHMT1;EHMT2;SETD9;MDM2;PRMT5;JMY;MDM4;SMYD2,Non-classical monocytes
prerank,Reactome_2022__Recognition Of DNA Damage By PCNA-containing Replication Complex R-HSA-110314,0.6349973806882936,1.0656598531060162,0.41203703703703703,0.7439988984732148,1.0,13/30,6.48%,POLE3;CUL4A;UBC;UBB;UBA52;RBX1;RPS27A;RFC2;POLE4;RPA3;PCNA;POLD1;DDB1,Non-classical monocytes
prerank,Reactome_2022__tRNA Processing R-HSA-72306,0.5397191679082519,1.0649153109726355,0.35642317380352645,0.7449526716392214,1.0,44/104,13.53%,RAN;NUP214;POP5;TRMT112;DDX1;RPP21;TRMT10C;POP7;RANBP2;SEC13;TRMT61A;TRMT13;AAAS;RTRAF;ZBTB8OS;QTRT2;POM121C;PUS3;QTRT1;NUP50;CTU1;DUS2;CDKAL1;TRMU;NSUN2;TRMT10A;NUP133;NUP35;TRMT44;FTSJ1;NUP88;NUP98;TYW1;RPP25;TYW3;RPP38;RPP40;TRNT1;TP53RK;TRMT11;HSD17B10;PUS1;NUP155;ALKBH8,Non-classical monocytes
prerank,Reactome_2022__Defective GALNT12 Causes CRCS1 R-HSA-5083636,0.686879085858562,1.0648104455717378,0.4185667752442997,0.7440198331233746,1.0,4/17,26.12%,MUC20;MUC12;MUC15;GALNT12,Non-classical monocytes
prerank,Reactome_2022__Oncogene Induced Senescence R-HSA-2559585,0.6133255561971148,1.0647983686592928,0.3861236802413273,0.7428510002884707,1.0,15/33,11.85%,AGO3;UBC;RB1;UBB;UBA52;RPS27A;ETS2;AGO4;TNRC6C;CDKN2B;MDM2;CDK4;MAPK1;E2F3;MDM4,Non-classical monocytes
prerank,Reactome_2022__EPHA-mediated Growth Cone Collapse R-HSA-3928663,0.7015859127113124,1.0643054202312203,0.4255663430420712,0.7431116513293655,1.0,6/15,4.75%,MYL12B;FYN;MYL6;LYN;RHOA;SRC,Non-classical monocytes
prerank,Reactome_2022__Synthesis Of PA R-HSA-1483166,0.6053098187158112,1.0639409601177718,0.3861671469740634,0.7429379861262786,1.0,12/39,13.76%,AGPAT2;DDHD1;PLA2G4A;PRKCSH;GPD2;AGPAT1;LPCAT1;MIGA1;AGPAT5;MIGA2;GPAM;PLD2,Non-classical monocytes
prerank,Reactome_2022__Resolution Of Abasic Sites (AP Sites) R-HSA-73933,0.6236877797840528,1.0634543657812323,0.40536512667660207,0.7430865447068862,1.0,16/37,12.34%,APEX1;POLE3;MPG;RFC2;POLE4;RPA3;PCNA;POLD1;XRCC1;PARG;MUTYH;RFC3;PNKP;UNG;MBD4;PARP2,Non-classical monocytes
prerank,Reactome_2022__ADP Signaling Thru P2Y Purinoceptor 1 R-HSA-418592,0.6367861471369427,1.0632195404856966,0.4029363784665579,0.7425981541711469,1.0,5/25,4.75%,GNGT2;GNB4;GNB1;PLA2G4A;SRC,Non-classical monocytes
prerank,Reactome_2022__Processing Of Intronless Pre-mRNAs R-HSA-77595,-0.6127521255427526,-1.061978009905264,0.38320209973753283,1.0,1.0,12/20,11.77%,PCF11;CSTF2T;NUDT21;CSTF1;NCBP2;PAPOLA;PABPN1;CSTF3;CPSF3;CSTF2;SYMPK;WDR33,Non-classical monocytes
prerank,Reactome_2022__TRAF6 Mediated NF-kB Activation R-HSA-933542,0.644760459816762,1.0607298079273417,0.4040247678018576,0.7485398036723498,1.0,7/24,4.22%,NFKB1;NFKBIA;TANK;TRIM25;AGER;IKBKB;MAP3K1,Non-classical monocytes
prerank,Reactome_2022__Telomere Maintenance R-HSA-157579,0.5617439730382093,1.0605138235463025,0.3760217983651226,0.7479531167729252,1.0,26/64,10.67%,POLR2J;NOP10;POLR2L;POLR2K;POLR2A;RUVBL2;POLR2G;PPP6R3;RFC2;RPA3;POLR2D;PCNA;POLR2E;NHP2;POLR2C;POLR2B;POLD1;RUVBL1;TINF2;POLA1;POLR2F;PPP6C;POLA2;DKC1;RFC3;GAR1,Non-classical monocytes
prerank,Reactome_2022__Formation Of Cornified Envelope R-HSA-6809371,-0.4861775887194965,-1.0590714063722746,0.3148148148148148,1.0,1.0,9/73,15.64%,LIPN;CAPN1;ST14;JUP;LIPJ;KAZN;TGM1;PKP4;PKP2,Non-classical monocytes
prerank,Reactome_2022__Nonhomologous End-Joining (NHEJ) R-HSA-5693571,0.6090849607420923,1.0589780247460086,0.4152046783625731,0.7511806121449702,1.0,17/34,12.89%,ATM;XRCC4;PRKDC;RNF168;NHEJ1;BRCC3;BABAM1;TP53BP1;XRCC5;RAD50;BARD1;ABRAXAS1;POLM;KAT5;NSD2;TDP1;XRCC6,Non-classical monocytes
prerank,Reactome_2022__Late Endosomal Microautophagy R-HSA-9615710,0.6257949637714205,1.0584841343294973,0.4131455399061033,0.751427130553274,1.0,14/30,8.23%,CHMP2A;HSPA8;UBC;UBB;UBA52;ARL13B;RPS27A;VPS28;HDAC6;PLIN2;CHMP6;UBAP1;MVB12B;VPS37C,Non-classical monocytes
prerank,Reactome_2022__Metabolism Of Nitric Oxide: NOS3 Activation And Regulation R-HSA-202131,0.6923630657494498,1.0580710586341475,0.44878048780487806,0.7514218354833754,1.0,5/15,3.94%,DDAH2;LYPLA1;ZDHHC21;NOSIP;HSP90AA1,Non-classical monocytes
prerank,Reactome_2022__SUMOylation Of Immune Response Proteins R-HSA-4755510,0.73066417120543,1.05787922993218,0.4559068219633943,0.7507687526439624,1.0,3/11,1.52%,SUMO2;NFKBIA;SUMO1,Non-classical monocytes
prerank,Reactome_2022__Other Semaphorin Interactions R-HSA-416700,0.6616134439045185,1.0576356577187689,0.4278688524590164,0.7503198468548369,1.0,4/19,4.77%,TYROBP;ITGB1;PTPRC;SEMA4D,Non-classical monocytes
prerank,Reactome_2022__Pyruvate Metabolism And Citric Acid (TCA) Cycle R-HSA-71406,0.5750804800731052,1.0569700978345256,0.3869047619047619,0.7510870103578359,1.0,20/54,10.48%,IDH3G;SUCLG1;CS;IDH2;HAGH;RXRA;PDHB;MPC1;SDHB;PDHA1;PDHX;PDK3;PPARD;IDH3A;SUCLA2;MDH2;LDHB;LDHA;SDHA;FAHD1,Non-classical monocytes
prerank,MSigDB_Hallmark_2020__G2-M Checkpoint,0.5084308426663905,1.0568630974016584,0.35573580533024335,0.5944149288315127,1.0,61/195,11.44%,MT2A;HSPA8;ATF5;CCNT1;NASP;CUL4A;STAG1;SNRPD1;HMGN2;SMAD3;MARCKS;CDC27;TGFB1;NOTCH2;CKS2;TOP1;CKS1B;E2F4;ORC5;CDC25B;EZH2;ODF2;AMD1;SRSF1;ILF3;FOXN3;KPNB1;LMNB1;YTHDC1;EWSR1;TENT4A;NUP50;ABL1;SRSF2;BCL3;HNRNPU;G3BP1;RBM14;RPS6KA5;BARD1;HIRA;CENPE;PAFAH1B1;KPNA2;HMGA1;PML;DBF4;CDK4;POLA2;NUP98;ORC6;DKC1;RACGAP1;STMN1;MTF2;KIF20B;PRMT5;E2F3;EFNA5;FANCC;SMC2,Non-classical monocytes
prerank,Reactome_2022__Glycogen Breakdown (Glycogenolysis) R-HSA-70221,-0.6584183259121483,-1.0566911843184188,0.4253164556962025,1.0,1.0,4/14,5.23%,PHKB;CALM1;PHKG2;GAA,Non-classical monocytes
prerank,MSigDB_Hallmark_2020__Mitotic Spindle,-0.42878033400852206,-1.0557344801534603,0.3162393162393162,0.30349794238683125,0.923,50/199,6.41%,PCM1;CDC42;HOOK3;UXT;TUBGCP2;KLC1;ROCK1;CCDC88A;CLIP1;RASA2;PCGF5;ACTN4;MYO9B;SAC3D1;ARHGAP4;YWHAE;FLNA;STK38L;BCL2L11;ARHGEF2;CNTRL;GSN;EZR;ALMS1;CDC42EP4;RICTOR;CSNK1D;MID1IP1;NCK2;CYTH2;SPTAN1;FGD4;SHROOM1;KIF3B;RHOT2;MAPRE1;KATNA1;ARHGAP5;SUN2;TUBGCP3;MAP3K11;AKAP13;CDC42BPA;CDC42EP1;PCNT;CD2AP;KIFAP3;TUBGCP6;NCK1;CEP131,Non-classical monocytes
prerank,MSigDB_Hallmark_2020__Epithelial Mesenchymal Transition,0.5091021563843114,1.0556890483195787,0.3761574074074074,0.5789681904090719,1.0,23/200,6.02%,LGALS1;GADD45B;PLAUR;IL15;ITGB1;PPIB;EMP3;WIPF1;TPM4;FAS;SAT1;MCM7;TGFB1;NOTCH2;SNTB1;TNFAIP3;PTX3;COPA;PLOD3;SDC4;GADD45A;ID2;DST,Non-classical monocytes
prerank,Reactome_2022__Intra-Golgi And Retrograde Golgi-to-ER Traffic R-HSA-6811442,0.5048184727469485,1.0555544490893067,0.34787735849056606,0.7539049983387575,1.0,65/181,11.56%,CUX1;PAFAH1B2;ARF5;RAB1A;COPZ1;M6PR;DYNLL1;ARFGAP3;ARF4;RAB18;GCC2;NAPG;COPB2;SURF4;COPE;GOSR1;ACTR1A;STX5;DCTN4;TMED3;TMF1;PLA2G4A;VTI1A;VAMP4;USP6NL;DCTN6;RAB9A;RAB3GAP1;COPA;BNIP1;GOLGA4;PAFAH1B3;COPG2;DCTN2;DCTN3;ZW10;COG2;NAA35;RAB6A;VPS52;GOLGA1;NBAS;CYTH3;ARCN1;DYNC1H1;RABEPK;CENPE;PAFAH1B1;SCOC;KIF21B;STX10;RHOBTB3;PLA2G6;KLC4;RAB3GAP2;RACGAP1;COPB1;KIF20B;CAPZA2;DYNC1LI1;KIF5C;RAB1B;MAN1A1;COG7;ARFRP1,Non-classical monocytes
prerank,Reactome_2022__Nuclear Import Of Rev Protein R-HSA-180746,0.6194250347570305,1.0550607797216762,0.4107946026986507,0.7541276850781726,1.0,12/34,10.04%,RAN;NUP214;RANBP2;SEC13;AAAS;KPNB1;POM121C;NUP50;NUP133;NUP35;NUP88;NUP98,Non-classical monocytes
prerank,Reactome_2022__SUMOylation Of SUMOylation Proteins R-HSA-4085377,0.6073886637500081,1.054885499854895,0.4,0.7534486972775208,1.0,12/35,10.04%,SUMO2;NUP214;SUMO1;RANBP2;SEC13;AAAS;POM121C;NUP50;NUP133;NUP35;NUP88;NUP98,Non-classical monocytes
prerank,Reactome_2022__Pregnenolone Biosynthesis R-HSA-196108,0.7174686733339923,1.05407488109973,0.4576271186440678,0.754517493259965,1.0,7/12,11.14%,TSPO;TSPOAP1;FDX1;FDX2;FDXR;AKR1B1;STARD4,Non-classical monocytes
prerank,Reactome_2022__Biosynthesis Of N-glycan Precursor (Dolichol LLO) And Transfer To Protein R-HSA-446193,0.5599749886432428,1.052615630132175,0.4051948051948052,0.7573506832254102,1.0,33/76,12.48%,ALG5;FUOM;DPM3;ALG13;ST3GAL5;ST3GAL1;ST3GAL6;ST3GAL2;GFPT1;NUDT14;ALG8;CMAS;GMDS;FPGT;ST6GALNAC4;NPL;ST3GAL3;MPDU1;DPM2;NUS1;PMM1;NANS;SRD5A3;GLB1;DHDDS;ALG14;FCSK;SLC17A5;ALG10B;NANP;ST6GALNAC6;ST6GALNAC2;SLPI,Non-classical monocytes
prerank,Reactome_2022__Integrin Cell Surface Interactions R-HSA-216083,-0.49259027483272644,-1.05148253349168,0.3445692883895131,1.0,1.0,7/66,4.49%,ITGB2;ITGAX;ITGAM;ICAM2;CD44;CXXC1;PECAM1,Non-classical monocytes
prerank,Reactome_2022__MET Activates PTK2 Signaling R-HSA-8874081,0.6813564169218298,1.0509252728022505,0.4497528830313015,0.7611232214805992,1.0,4/17,9.46%,ITGB1;SOS1;SRC;LMNB2,Non-classical monocytes
prerank,Reactome_2022__NOTCH3 Intracellular Domain Regulates Transcription R-HSA-9013508,0.6501387390559423,1.0507493649009247,0.4461538461538462,0.7604109639753849,1.0,4/24,1.92%,STAT1;CREBBP;KAT2B;IKZF1,Non-classical monocytes
prerank,Reactome_2022__mRNA 3-End Processing R-HSA-72187,0.561084885842803,1.0507328813798757,0.3867403314917127,0.7592814490069796,1.0,22/58,7.76%,EIF4A3;SRSF3;SRSF11;SRSF6;SRRM1;SRSF9;U2AF1L4;RNPS1;POLDIP3;RBM8A;NCBP1;SARNP;FYTTD1;SRSF1;ALYREF;MAGOHB;CDC40;THOC1;U2AF1;SRSF2;CPSF2;SRSF7,Non-classical monocytes
prerank,Reactome_2022__Deadenylation Of mRNA R-HSA-429947,0.634846934959581,1.0503413496434777,0.4339622641509434,0.7591655295408497,1.0,8/25,4.85%,EIF4A3;PAN3;CNOT1;EIF4A1;CNOT4;CNOT6L;PARN;CNOT2,Non-classical monocytes
prerank,"Reactome_2022__POU5F1 (OCT4), SOX2, NANOG Activate Genes Related To Proliferation R-HSA-2892247",0.6888431529999113,1.0499030867325951,0.4623287671232877,0.7592505395569665,1.0,5/12,20.85%,STAT3;SALL1;TDGF1;EPHA1;FGF13,Non-classical monocytes
prerank,Reactome_2022__NS1 Mediated Effects On Host Pathways R-HSA-168276,0.5952256247282457,1.049796579377528,0.4059701492537313,0.7583755473235758,1.0,15/42,10.04%,NUP214;ISG15;EIF2AK2;RANBP2;SEC13;AAAS;KPNB1;POM121C;KPNA3;NUP50;NUP133;NUP35;KPNA2;NUP88;NUP98,Non-classical monocytes
prerank,Reactome_2022__CS/DS Degradation R-HSA-2024101,-0.6503417637642679,-1.0489426421735226,0.40198511166253104,1.0,1.0,3/14,3.49%,VCAN;IDUA;ARSB,Non-classical monocytes
prerank,Reactome_2022__Dectin-2 Family R-HSA-5621480,0.6218003557333359,1.04831197876898,0.4393939393939394,0.7615720811615153,1.0,3/27,2.11%,FCER1G;FYN;LYN,Non-classical monocytes
prerank,Reactome_2022__Citric Acid Cycle (TCA Cycle) R-HSA-71403,0.645755349480313,1.047336952652327,0.4375,0.7631220646562831,1.0,10/21,10.48%,IDH3G;SUCLG1;CS;IDH2;SDHB;IDH3A;SUCLA2;MDH2;SDHA;FAHD1,Non-classical monocytes
prerank,Reactome_2022__PCNA-Dependent Long Patch Base Excision Repair R-HSA-5651801,0.6555238681977535,1.0472920719663965,0.4435483870967742,0.7620533404634815,1.0,7/21,6.01%,APEX1;POLE3;RFC2;POLE4;RPA3;PCNA;POLD1,Non-classical monocytes
prerank,Reactome_2022__Inflammasomes R-HSA-622312,0.6445849245675073,1.047214378720474,0.44175491679273826,0.7611493768668077,1.0,7/21,4.84%,NFKB1;PYCARD;CASP1;HMOX1;NLRC4;P2RX7;TXN2,Non-classical monocytes
prerank,Reactome_2022__Gap Junction Trafficking And Regulation R-HSA-157858,0.6330231451111753,1.0461181355726465,0.4357034795763994,0.7630715789406483,1.0,3/27,6.89%,CLTB;SRC;CLTA,Non-classical monocytes
prerank,Reactome_2022__Impaired BRCA2 Binding To RAD51 R-HSA-9709570,0.6090140740430431,1.0434579948253573,0.42290076335877863,0.7694205335006457,1.0,11/34,11.67%,ATM;TOPBP1;RFC2;RPA3;TOP3A;RAD50;RHNO1;BARD1;RFC3;SEM1;KAT5,Non-classical monocytes
prerank,Reactome_2022__Protein Ubiquitination R-HSA-8852135,0.5572493187489078,1.0431924432207986,0.39780521262002744,0.7689991374547586,1.0,32/64,13.54%,RNF181;UBE2R2;UBE2E1;HLA-B;UBC;UBB;UBE2J2;CTR9;UBA52;UBE2D2;UBE2E3;PRKDC;RPS27A;UBE2D3;WAC;UBE2W;PCNA;UBE2D1;PEX13;OTULIN;UBE2T;UBE2K;USP9X;UBE2G1;USP5;PEX14;UBA6;LEO1;PEX2;RNF20;HLA-A;VCP,Non-classical monocytes
prerank,Reactome_2022__Assembly Of Active LPL And LIPC Lipase Complexes R-HSA-8963889,0.6625455830943178,1.0429698226577087,0.4684385382059801,0.7684707899005753,1.0,6/19,18.81%,MBTPS1;ANGPTL3;FURIN;LIPC;MBTPS2;LPL,Non-classical monocytes
prerank,Reactome_2022__RHO GTPases Activate WASPs And WAVEs R-HSA-5663213,0.6021471811516058,1.0429664718452842,0.40783744557329465,0.7673086571823218,1.0,12/35,7.95%,ARPC1B;ARPC3;BRK1;ACTG1;GRB2;WIPF1;WASF2;ARPC2;ABI1;ARPC1A;ABL1;CYFIP2,Non-classical monocytes
prerank,Reactome_2022__Signal Attenuation R-HSA-74749,0.7406942664237334,1.0425827971971677,0.5058043117744611,0.7672049629362248,1.0,4/10,11.71%,GRB2;SOS1;MAPK1;GRB10,Non-classical monocytes
prerank,MSigDB_Hallmark_2020__Apical Surface,0.5803880414639025,1.0424039700062961,0.42052023121387283,0.6011334719463755,1.0,10/44,11.02%,PLAUR;B4GALT1;LYN;IL2RG;CROCC;ATP8B1;NCOA6;ATP6V0A4;EFNA5;RHCG,Non-classical monocytes
prerank,Reactome_2022__Signaling By PDGF R-HSA-186797,0.5675089755530512,1.0409539766811282,0.4133522727272727,0.770629294828679,1.0,9/52,5.80%,STAT1;GRB2;SOS1;PIK3CA;STAT3;SRC;STAT5B;NRAS;RAPGEF1,Non-classical monocytes
prerank,Reactome_2022__HCMV Early Events R-HSA-9609690,0.5514581134362031,1.0408667960721698,0.3932885906040268,0.7697325656495083,1.0,23/68,10.04%,NUP214;NFKB1;ITGB1;DYNLL1;SUZ12;TRIM28;HDAC3;RANBP2;SEC13;EZH2;AAAS;TXN2;POM121C;TBL1X;NUP50;CD46;RBBP4;DYNC1H1;NUP133;NUP35;PML;NUP88;NUP98,Non-classical monocytes
prerank,Reactome_2022__Cell Junction Organization R-HSA-446728,0.5386539474500049,1.0407133879214459,0.40558510638297873,0.7689663444812199,1.0,9/85,8.70%,LIMS1;ITGB1;CTNNB1;RSU1;TESK1;NECTIN2;DST;VASP;CD151,Non-classical monocytes
prerank,Reactome_2022__Diseases Of DNA Repair R-HSA-9675135,0.5764828473171781,1.0402370080079721,0.4043478260869565,0.7691178137641371,1.0,15/50,11.98%,ATM;TOPBP1;RFC2;RPA3;RAD51B;TOP3A;RAD50;RHNO1;BARD1;MUTYH;RFC3;SEM1;PALB2;KAT5;RAD51AP1,Non-classical monocytes
prerank,Reactome_2022__Nicotinate Metabolism R-HSA-196807,0.612609092226832,1.0396218348468056,0.4307931570762053,0.7697008931259488,1.0,10/31,8.74%,PARP14;PARP9;NADK;QPRT;RNLS;BST1;NAPRT;CD38;PARP6;PARP10,Non-classical monocytes
prerank,Reactome_2022__Common Pathway Of Fibrin Clot Formation R-HSA-140875,-0.5921626719049307,-1.039385001589974,0.3865979381443299,1.0,1.0,6/22,14.92%,TTF2;THBD;F5;F13A1;PROS1;FAM110A,Non-classical monocytes
prerank,Reactome_2022__Synthesis Of PIPs At Golgi Membrane R-HSA-1660514,-0.631443612870388,-1.0383541144478527,0.4177215189873418,1.0,1.0,6/17,11.66%,PIK3C2A;PI4KB;PI4K2B;PIKFYVE;ARF3;SACM1L,Non-classical monocytes
prerank,Reactome_2022__SHC-mediated cascade:FGFR3 R-HSA-5654704,0.6675580303169559,1.0381428789254719,0.48,0.7725093526059612,1.0,3/17,5.41%,GRB2;SOS1;NRAS,Non-classical monocytes
prerank,Reactome_2022__NLRP3 Inflammasome R-HSA-844456,0.6623183964051669,1.0361046852920148,0.47393364928909953,0.7770710765083633,1.0,6/16,4.84%,NFKB1;PYCARD;CASP1;HMOX1;P2RX7;TXN2,Non-classical monocytes
prerank,Reactome_2022__Activation Of AMPK Downstream Of NMDARs R-HSA-9619483,-0.6839752167016036,-1.0354453590741064,0.4693396226415094,1.0,1.0,5/10,8.58%,CALM1;PRKAB2;PRKAG2;PRKAB1;PRKAA2,Non-classical monocytes
prerank,Reactome_2022__NCAM Signaling For Neurite Out-Growth R-HSA-375165,0.5587766731214516,1.0351542129286686,0.4046639231824417,0.7785365649343313,1.0,20/57,17.85%,FYN;GRB2;SOS1;SRC;NRAS;RPS6KA5;PRNP;MAPK1;CACNB4;FGFR1;CACNA1D;COL9A2;AGRN;COL6A1;SPTBN1;PTPRA;NRTN;COL4A5;SPTBN2;PSPN,Non-classical monocytes
prerank,Reactome_2022__Formation Of Senescence-Associated Heterochromatin Foci (SAHF) R-HSA-2559584,0.7125633963188992,1.0347606690411792,0.49263502454991814,0.778465132429135,1.0,6/11,9.55%,CDKN1A;RB1;LMNB1;HIRA;UBN1;HMGA1,Non-classical monocytes
prerank,MSigDB_Hallmark_2020__Unfolded Protein Response,0.5189704162055596,1.0339789814214821,0.41815856777493604,0.6065097348861004,1.0,41/110,10.43%,EIF4A3;ATF6;IFIT1;HERPUD1;SERP1;ERN1;EIF4EBP1;EIF4A1;CNOT4;DDX10;EDC4;XBP1;IMP3;KHSRP;CKS1B;PARN;NABP1;EXOSC10;EXOC2;CEBPB;DDIT4;CNOT2;NHP2;EXOSC1;PREB;RRP9;WIPI1;TATDN2;PDIA6;EIF2AK3;EXOSC9;DCP1A;FUS;ATP6V0D1;ALDH18A1;ERO1A;RPS14;CCL2;DKC1;VEGFA;EIF2S1,Non-classical monocytes
prerank,Reactome_2022__Diseases Of Carbohydrate Metabolism R-HSA-5663084,0.5947757741709294,1.0332815351693259,0.42627737226277373,0.781250940191243,1.0,11/32,8.17%,TALDO1;UBC;UBB;UBA52;GYG1;RPS27A;RPIA;GNS;SLC37A4;SGSH;GLB1,Non-classical monocytes
prerank,"Reactome_2022__Cobalamin (Cbl, Vitamin B12) Transport And Metabolism R-HSA-196741",0.640955782514489,1.0328196812002752,0.45499181669394434,0.7813494946584338,1.0,8/21,13.63%,ABCC1;TCN2;MTRR;MTR;CD320;CUBN;LDLRAP1;ABCD4,Non-classical monocytes
prerank,Reactome_2022__FCGR3A-mediated Phagocytosis R-HSA-9664422,0.5641755359449387,1.0323504744321057,0.40620592383638926,0.7814240018933031,1.0,23/56,10.83%,ARPC1B;ARPC3;BRK1;FYN;ACTG1;GRB2;WIPF1;LYN;HCK;VAV3;WASF2;SRC;ARPC2;ABI1;ARPC1A;MYO10;ABL1;CYFIP2;ELMO1;MAPK1;MYH9;YES1;NCKIPSD,Non-classical monocytes
prerank,Reactome_2022__eNOS Activation R-HSA-203615,0.7213661830919786,1.0318313930858438,0.5109612141652614,0.7816606579658734,1.0,4/11,3.94%,DDAH2;LYPLA1;ZDHHC21;HSP90AA1,Non-classical monocytes
prerank,Reactome_2022__Nuclear Receptor Transcription Pathway R-HSA-383280,0.5625613027281637,1.0309857555930322,0.43582510578279265,0.782823842307593,1.0,13/53,11.04%,NRBF2;NRBP1;NR4A2;NR3C1;RXRA;PPARD;NR2C2;RXRB;NR2F6;NR1D2;NR3C2;NR1H2;RORC,Non-classical monocytes
prerank,Reactome_2022__Chaperonin-mediated Protein Folding R-HSA-390466,0.5303450334791414,1.0295134075386827,0.41338582677165353,0.7857315913935454,1.0,22/89,8.59%,PFDN5;CCT7;GNGT2;TUBA1C;TUBA1A;TUBA1B;GNB4;PFDN2;FBXO6;HDAC3;FBXW5;GNB1;STAT3;TUBB;PFDN6;KIF13A;CCT6A;FBXL3;CCT5;CSNK2B;FBXL5;PFDN1,Non-classical monocytes
prerank,Reactome_2022__Metabolism Of Fat-Soluble Vitamins R-HSA-6806667,0.5697037883528285,1.0293062140736724,0.4330935251798561,0.7851362083212834,1.0,16/47,15.29%,C1D;RDH11;SDC4;PLB1;VKORC1L1;APOM;APOE;UBIAD1;SDC1;VKORC1;SDC3;AKR1C3;AGRN;GPC3;SDC2;GPC5,Non-classical monocytes
prerank,Reactome_2022__Erythropoietin Activates RAS R-HSA-9027284,0.6942085062988549,1.029230752693375,0.5016611295681063,0.7841762510745394,1.0,7/13,9.41%,GRB2;LYN;SOS1;NRAS;RAPGEF1;JAK2;CRKL,Non-classical monocytes
prerank,Reactome_2022__Synthesis Of PIPs At Early Endosome Membrane R-HSA-1660516,-0.621184659698025,-1.029037552244939,0.4116161616161616,1.0,1.0,4/16,7.50%,PIK3C2A;PI4K2B;MTMR2;PIKFYVE,Non-classical monocytes
prerank,Reactome_2022__RNA Polymerase II Transcribes snRNA Genes R-HSA-6807505,0.5396980724713004,1.028201680313434,0.4016506189821183,0.7858485387993969,1.0,33/74,10.75%,POLR2J;GTF2A2;POLR2L;POLR2K;CCNT1;TAF11;SUPT4H1;POLR2A;GTF2F2;INTS8;ZNF143;TAF6;SNAPC5;GTF2A1;NCBP1;POLR2G;NABP1;POLR2D;SNAPC3;POLR2E;RPRD2;SSU72;POLR2C;POLR2B;INTS7;POLR2F;INTS5;RPRD1A;INTS14;POU2F1;ELL;TAF13;INTS10,Non-classical monocytes
prerank,Reactome_2022__HCMV Infection R-HSA-9609646,0.5268983436827832,1.0274258818989188,0.4109947643979058,0.7868070632834302,1.0,32/92,10.04%,NUP214;NFKB1;CHMP2A;CEBPD;ITGB1;DYNLL1;SUZ12;TRIM28;HDAC3;RANBP2;SEC13;VPS28;EZH2;AAAS;TXN2;POM121C;SNF8;TBL1X;CHMP6;UBAP1;MVB12B;NUP50;CD46;TRMU;RBBP4;VPS37C;DYNC1H1;NUP133;NUP35;PML;NUP88;NUP98,Non-classical monocytes
prerank,Reactome_2022__RHOBTB2 GTPase Cycle R-HSA-9013418,0.62532921067917,1.0257116438031468,0.4676923076923077,0.7901496697430671,1.0,8/23,6.55%,CCT7;RBMX;SRRM1;ACTG1;HSP90AA1;CCT6A;TMOD3;HNRNPC,Non-classical monocytes
prerank,Reactome_2022__Post NMDA Receptor Activation Events R-HSA-438064,-0.4732151528482222,-1.0249262275396274,0.375,1.0,1.0,16/61,8.58%,CALM1;RPS6KA3;NRGN;GIT1;PRKAR1A;HRAS;PRKAB2;CAMK2G;PRKACB;PRKAG2;CREB1;PRKX;CAMK2D;PDPK1;PRKAB1;PRKAA2,Non-classical monocytes
prerank,Reactome_2022__RHOB GTPase Cycle R-HSA-9013026,-0.47274835347414546,-1.0245266743891697,0.3649122807017544,1.0,1.0,18/69,8.84%,RHOB;SLK;ROCK1;MYO9B;FLOT1;ARHGEF2;FLOT2;VAV2;PRPF38B;DIAPH1;ERBIN;ARHGAP5;AKAP13;PIK3R1;ARHGEF10L;PKN2;JUP;SNAP23,Non-classical monocytes
prerank,Reactome_2022__Signal Regulatory Protein Family Interactions R-HSA-391160,0.6779716878230071,1.0244359455123966,0.49512987012987014,0.7924547805393924,1.0,5/13,4.75%,TYROBP;SIRPB1;GRB2;CD47;SRC,Non-classical monocytes
prerank,Reactome_2022__Interleukin Receptor SHC Signaling R-HSA-912526,0.6196826856440564,1.0228921969269706,0.4673913043478261,0.7955001904471994,1.0,8/27,9.05%,GAB2;GRB2;SOS1;IL2RG;PIK3CA;IL3RA;JAK2;JAK3,Non-classical monocytes
prerank,Reactome_2022__SUMOylation Of Chromatin Organization Proteins R-HSA-4551638,0.5588736869957449,1.0228370515309428,0.43661971830985913,0.79447773769406,1.0,17/55,10.84%,SUMO2;NUP214;SUMO1;SUZ12;RNF2;RANBP2;SEC13;AAAS;HDAC2;POM121C;NUP50;NUP133;NUP35;NUP88;NUP98;ZBED1;PCGF2,Non-classical monocytes
prerank,Reactome_2022__Resolution Of AP Sites Via Multiple-Nucleotide Patch Replacement Pathway R-HSA-110373,0.6308426944051134,1.0222961903109473,0.46899841017488075,0.7948726902824507,1.0,9/24,10.37%,APEX1;POLE3;RFC2;POLE4;RPA3;PCNA;POLD1;PARG;RFC3,Non-classical monocytes
prerank,Reactome_2022__FGFR2 Alternative Splicing R-HSA-6803529,0.6106127882886322,1.0221765655917407,0.46106870229007635,0.7940315932402396,1.0,12/26,5.61%,POLR2J;POLR2L;POLR2K;HNRNPF;POLR2A;GTF2F2;NCBP1;POLR2G;POLR2D;POLR2E;POLR2C;POLR2B,Non-classical monocytes
prerank,Reactome_2022__RNA Polymerase III Transcription Initiation From Type 3 Promoter R-HSA-76071,0.6186450319853553,1.0207587396198126,0.4715821812596006,0.7966434449824678,1.0,14/27,9.68%,POLR2L;POLR2K;ZNF143;SNAPC5;BDP1;CRCP;SNAPC3;POLR2E;POLR3A;POLR1D;POLR2F;POLR3H;POLR3C;POU2F1,Non-classical monocytes
prerank,Reactome_2022__FOXO-mediated Transcription R-HSA-9614085,-0.46660922365360885,-1.020192768547327,0.4214876033057851,1.0,1.0,15/64,5.91%,YWHAB;EP300;YWHAZ;NFYC;TXNIP;YWHAQ;KLF4;BCL2L11;SREBF1;CCNG2;NFYB;BCL6;SIRT3;DDIT3;CITED2,Non-classical monocytes
prerank,Reactome_2022__Constitutive Signaling By NOTCH1 HD+PEST Domain Mutants R-HSA-2894862,0.5544688292578182,1.0192222936198025,0.4520547945205479,0.7995371625762308,1.0,18/57,6.97%,PSENEN;SKP1;CREBBP;KAT2B;UBC;UBB;UBA52;HDAC3;RBX1;RPS27A;HDAC6;CCNC;HDAC2;APH1B;PSEN1;RBPJ;TBL1X;HDAC10,Non-classical monocytes
prerank,Reactome_2022__Lysine Catabolism R-HSA-71064,-0.6685016534889306,-1.0185253584613365,0.46055979643765904,1.0,1.0,3/12,6.51%,PHYKPL;OGDH;DLST,Non-classical monocytes
prerank,Reactome_2022__SARS-CoV-2 Modulates Autophagy R-HSA-9754560,0.6968682044449982,1.018161254958225,0.515625,0.8012696793988489,1.0,3/11,8.06%,MAP1LC3B;VPS41;UVRAG,Non-classical monocytes
prerank,Reactome_2022__Zinc Transporters R-HSA-435354,-0.6097090649655477,-1.0177659394624126,0.4405940594059406,1.0,1.0,4/17,5.96%,SLC30A7;SLC39A3;SLC39A7;SLC39A4,Non-classical monocytes
prerank,Reactome_2022__Regulation Of Gene Expression In Beta Cells R-HSA-210745,0.6390087664650508,1.017228598694268,0.478476821192053,0.8024857557728682,1.0,3/20,9.93%,PDHX;AKT2;FOXO1,Non-classical monocytes
prerank,Reactome_2022__Killing Mechanisms R-HSA-9664420,0.6945069228321862,1.016383743944641,0.5077720207253886,0.8034865610423233,1.0,2/11,5.11%,CYBA;DVL3,Non-classical monocytes
prerank,Reactome_2022__GPER1 Signaling R-HSA-9634597,0.5681191038866114,1.0162653815047615,0.4485842026825633,0.8026278423345257,1.0,10/43,7.37%,ITGB1;GNGT2;GNB4;GNB1;PRKCA;SRC;PRKAR2A;GNAS;GNAI3;PRKAR2B,Non-classical monocytes
prerank,Reactome_2022__Mitotic Prometaphase R-HSA-68877,-0.40058230930849087,-1.0162506387792958,0.34615384615384615,1.0,1.0,50/183,7.91%,PCM1;NEDD1;XPO1;TUBGCP2;MZT2B;KIF2A;NEK6;CLIP1;DCTN1;TAOK1;YWHAE;NUP43;CLASP2;RAD21;SEH1L;HAUS4;CNTRL;RANGAP1;STAG2;ALMS1;PPP2R1A;CCP110;PDS5B;PPP2R5E;CSNK1D;NUDC;HAUS3;ZWILCH;PPP2R1B;CENPU;MAPRE1;PPP1CC;TUBB4B;WAPL;TUBGCP3;NUP160;PCNT;PPP2R5A;KANSL1;SGO2;TUBGCP6;NUP85;CEP131;BUB3;DYNC1LI2;CEP164;CSNK2A2;NUP107;SMC1A;CEP152,Non-classical monocytes
prerank,Reactome_2022__Transcriptional Regulation Of Granulopoiesis R-HSA-9616222,0.593851537621482,1.015458198134017,0.44976816074188564,0.8035492505837379,1.0,9/30,4.59%,CDKN1A;DEK;SPI1;KMT2A;RXRA;RUNX1;STAT3;CSF3R;CEBPB,Non-classical monocytes
prerank,Reactome_2022__Muscle Contraction R-HSA-397014,0.48923050209680163,1.014031044271856,0.44588235294117645,0.8060977818781,1.0,22/194,8.22%,MYL12A;MYL12B;SRI;ITPR2;ATP1B1;KAT2B;MYL6;FXYD2;TPM4;STIM1;ATP2B4;GUCY1B1;PRKCA;SORBS3;TNNT1;TMOD3;ALDH2;VCL;PKN1;TLN1;CLIC2;AKAP9,Non-classical monocytes
prerank,Reactome_2022__Activated TAK1 Mediates P38 MAPK Activation R-HSA-450302,0.633079625182579,1.0133131115393759,0.4984126984126984,0.8068257617375933,1.0,10/19,7.96%,RIPK2;NOD1;TAB2;MAPKAPK3;MAP2K6;MAP3K7;NOD2;UBE2V1;TAB3;IRAK1,Non-classical monocytes
prerank,Reactome_2022__Rab Regulation Of Trafficking R-HSA-9007101,0.5113397629412978,1.0129799739181977,0.4504391468005019,0.8065076981595497,1.0,47/120,10.46%,TRAPPC5;MAP1LC3B;GABARAP;DENND1A;RAB1A;RABGEF1;RAB18;RAB5A;GABARAPL2;TBC1D14;RABEP1;RAB8A;ARF6;RAB14;SBF2;DENND1C;DENND6B;RABGAP1;TBC1D10C;DENND4C;MON1B;RAB9A;TBC1D20;RAB3GAP1;DENND1B;ANKRD27;AKT2;TRAPPC1;TRAPPC8;GGA1;TRAPPC3;RAB6A;TBC1D15;TRAPPC2L;RIN1;GDI1;TBC1D24;RAB5B;ALS2;RAB32;RAB13;RAB31;TSC1;RAB3GAP2;RAB11A;RAB4A;DENND4A,Non-classical monocytes
prerank,Reactome_2022__G Alpha (Z) Signaling Events R-HSA-418597,0.5562970494954159,1.0123351328126893,0.4420289855072464,0.8070530732553803,1.0,8/47,6.67%,GNGT2;RGS19;GNB4;GNB1;PRKCA;PRKCB;GNAS;GNAI3,Non-classical monocytes
prerank,"Reactome_2022__FOXO-mediated Transcription Of Oxidative Stress, Metabolic And Neuronal Genes R-HSA-9615017",0.6005234286795816,1.0118487122340694,0.4660633484162896,0.8071759248818852,1.0,9/28,12.71%,NR3C1;ATXN3;SMAD3;HDAC2;SMAD2;FOXO1;SMAD4;PCK1;POMC,Non-classical monocytes
prerank,Reactome_2022__Regulation Of Gene Expression By Hypoxia-inducible Factor R-HSA-1234158,-0.6589309740348089,-1.011797951903089,0.4798994974874372,1.0,1.0,5/11,5.91%,EP300;MIA3;HIGD1A;HIF1A;CITED2,Non-classical monocytes
prerank,Reactome_2022__RND2 GTPase Cycle R-HSA-9696270,0.5644118670561494,1.0112924474773932,0.4662576687116564,0.807437365830726,1.0,15/42,11.12%,FNBP1;RBMX;FRS2;KTN1;ARHGAP1;KCTD13;UBXN11;DST;LEMD3;TFRC;PTPN13;TXNL1;NISCH;FRS3;ARHGAP35,Non-classical monocytes
prerank,Reactome_2022__Oncogenic MAPK Signaling R-HSA-6802957,-0.4536222391346042,-1.0101999545374545,0.4132841328413284,1.0,1.0,20/77,5.21%,ARRB2;PPP1CB;YWHAB;CSK;CALM1;AGGF1;BCL2L11;KDM7A;HRAS;ARAF;MAP2K2;RAP1B;SHOC2;AP3B1;MARK3;AGK;DUSP7;CAMK2G;PPP1CC;MAP3K11,Non-classical monocytes
prerank,Reactome_2022__Post-translational Protein Phosphorylation R-HSA-8957275,0.5123503056080395,1.0100297728377312,0.4467805519053876,0.8096580230488596,1.0,14/106,7.46%,LGALS1;SERPINA1;CST3;PPP3CA;MBTPS1;KTN1;RCN1;NUCB1;PRKCSH;APOL1;FAM20A;IGFBP7;PDIA6;TRIM26,Non-classical monocytes
prerank,Reactome_2022__Trafficking Of GluR2-containing AMPA Receptors R-HSA-416993,0.6401831838993208,1.009827038126182,0.481421647819063,0.8090540744071784,1.0,5/17,6.74%,AP2S1;PRKCA;AP2A2;PRKCB;AP2A1,Non-classical monocytes
prerank,MSigDB_Hallmark_2020__E2F Targets,0.48793701805483014,1.0097489679413172,0.45899772209567197,0.6597640049068287,1.0,65/198,11.24%,RAN;CDKN1A;DEK;LUC7L3;NME1;RANBP1;SNRPB;NASP;STAG1;POP7;MCM7;PRKDC;MMS22L;CKS2;CKS1B;TUBB;DNMT1;TUBG1;CDC25B;EZH2;RFC2;POLE4;RPA3;PCNA;SRSF1;ILF3;DCTPP1;PAN2;MXD3;LMNB1;AK2;SHMT1;POLD1;ZW10;ORC2;SMC3;PAICS;SRSF2;PA2G4;TFRC;RAD50;SLBP;BARD1;IPO7;RFC1;CENPE;KPNA2;BRMS1L;SSRP1;HMGA1;PRDX4;RPA1;UBE2T;MCM4;CDK4;POLA2;ORC6;RACGAP1;STMN1;RFC3;EIF2S1;PRPS1;PPP1R8;UNG;NOP56,Non-classical monocytes
prerank,Reactome_2022__CD209 (DC-SIGN) Signaling R-HSA-5621575,0.6324474273959289,1.0097179104841818,0.49282296650717705,0.808164657657558,1.0,10/20,8.53%,NFKB1;FYN;CREBBP;LYN;PRKCA;ICAM3;NRAS;RPS6KA5;PKN1;ARHGEF7,Non-classical monocytes
prerank,Reactome_2022__Fatty acyl-CoA Biosynthesis R-HSA-75105,0.5824986000574695,1.009075033869057,0.48878923766816146,0.808605053426624,1.0,10/37,13.31%,SLC27A3;ELOVL1;HACD3;SLC25A1;HACD2;ELOVL5;HSD17B8;HACD4;ACSL4;ACACA,Non-classical monocytes
prerank,Reactome_2022__MAPK Family Signaling Cascades R-HSA-5683057,0.46845232776995954,1.0088276757516113,0.44224422442244227,0.8081710871040119,1.0,80/316,10.98%,PSMA7;PSMA4;PSME1;PSME2;PSMB6;PSMB4;PSMC3;FYN;AGO3;DUSP2;PSMB1;PSMA1;PSMB3;PSMA2;FRS2;PSMB8;APBB1IP;GRB2;PPP2R5C;PSMC6;PSMD9;PSMB9;LYPLA1;UBC;UBB;PSMB2;ARRB1;UBA52;RBX1;RPS27A;SOS1;NF1;MRAS;PSMC4;PPP2CB;IL2RG;PIK3CA;PPP2CA;PRKCA;PSME4;SRC;RANBP9;ABHD17A;PSMB7;IQGAP1;NRAS;PSMD14;IL3RA;PEBP1;CDC42EP2;PSMD4;PSMC5;PSMD7;AGO4;JAK2;PSMA5;VCL;PKN1;TLN1;FLT3LG;BRAF;TNRC6C;ARHGEF7;PPP5C;PSMC1;JAK3;DLG1;PSMA6;MAP2K1;FOXO1;PAQR3;RASA4;MAPK1;GOLGA7;SEM1;DUSP5;PDGFRB;DUSP9;FRS3;ANGPT1,Non-classical monocytes
prerank,Reactome_2022__Regulation Of IGF Transport And Uptake By IGFBPs R-HSA-381426,0.5032806684508505,1.0083411417963264,0.45161290322580644,0.808373071763318,1.0,15/123,7.46%,LGALS1;SERPINA1;CST3;PPP3CA;MBTPS1;KTN1;RCN1;NUCB1;PRKCSH;APOL1;IGFBP6;FAM20A;IGFBP7;PDIA6;TRIM26,Non-classical monocytes
prerank,Reactome_2022__Caspase-mediated Cleavage Of Cytoskeletal Proteins R-HSA-264870,-0.655770025242928,-1.0082695207093213,0.4813895781637717,1.0,1.0,4/12,4.05%,VIM;PLEC;GSN;SPTAN1,Non-classical monocytes
prerank,Reactome_2022__Conversion From APC/C:Cdc20 To APC/C:Cdh1 In Late Anaphase R-HSA-176407,0.6326429382732774,1.0077676534931757,0.4813664596273292,0.8087607928651107,1.0,8/20,7.97%,UBE2E1;ANAPC11;ANAPC4;ANAPC5;CDC27;CDC26;UBE2D1;CDC16,Non-classical monocytes
prerank,Reactome_2022__Stimuli-sensing Channels R-HSA-2672351,0.5089312810747799,1.0063811284128474,0.4510050251256281,0.8112008815494989,1.0,15/100,4.84%,SRI;SGK1;MCOLN1;UBC;UBB;TRPM7;UBA52;TTYH2;ANO10;RPS27A;ANO6;OSTM1;CLCN7;TPCN2;CLCN6,Non-classical monocytes
prerank,Reactome_2022__Eicosanoid Ligand-Binding Receptors R-HSA-391903,-0.6131364873886619,-1.0062179847329025,0.4634760705289673,1.0,1.0,6/15,8.71%,PTGIR;PTGER2;CYSLTR1;PTGER4;CYSLTR2;OXER1,Non-classical monocytes
prerank,Reactome_2022__Prostacyclin Signaling Thru Prostacyclin Receptor R-HSA-392851,0.6311938451894363,1.0058371985666557,0.48825503355704697,0.8115140329555521,1.0,4/19,6.24%,GNGT2;GNB4;GNB1;GNAS,Non-classical monocytes
prerank,"Reactome_2022__Platelet Activation, Signaling And Aggregation R-HSA-76002",0.47271704401675213,1.0051037409930021,0.4490481522956327,0.8122857591327903,1.0,52/252,7.77%,PPIA;TMSB4X;SERPINA1;FCER1G;PFN1;STXBP2;ITPR2;FYN;PLEK;CD63;VTI1B;GNGT2;MANF;APBB1IP;GRB2;LCP2;GNB4;SRGN;LYN;RHOG;ARRB1;SERPING1;GNB1;FAM3C;GTPBP2;SOS1;PLA2G4A;TGFB1;PIK3CA;RHOA;A1BG;RASGRP2;PRKCA;SOD1;ANXA5;TEX264;CD9;VAV3;SRC;AAMP;PRKCB;GNA13;STX4;CYB5R1;VEGFB;GNAI3;PIK3R5;DGKD;DAGLA;VCL;TLN1;PTPN1,Non-classical monocytes
prerank,Reactome_2022__Gap Junction Trafficking R-HSA-190828,0.6149240266942618,1.0039268265425068,0.4954128440366973,0.8140889254216062,1.0,2/25,6.89%,CLTB;CLTA,Non-classical monocytes
prerank,Reactome_2022__Cell Surface Interactions At Vascular Wall R-HSA-202733,0.49646909475258133,1.0037912221929697,0.4573547589616811,0.8132815107091419,1.0,21/133,5.82%,PPIA;CD48;FCER1G;FYN;ITGB1;ATP1B1;GRB2;LYN;JAML;DOK2;TNFRSF10B;SOS1;TGFB1;PIK3CA;CD47;SRC;ITGAL;MERTK;NRAS;SDC4;CD244,Non-classical monocytes
prerank,Reactome_2022__Endosomal Sorting Complex Required For Transport (ESCRT) R-HSA-917729,0.5912140253854336,1.0037250557910298,0.48673946957878317,0.8123192674698488,1.0,14/29,8.23%,CHMP2A;UBC;UBB;CHMP5;UBA52;RPS27A;VPS28;STAM;VTA1;SNF8;CHMP6;UBAP1;MVB12B;VPS37C,Non-classical monocytes
prerank,Reactome_2022__Inwardly Rectifying K+ Channels R-HSA-1296065,0.572830704366982,1.000996075818409,0.48425787106446777,0.8180869481004233,1.0,10/35,15.46%,GNGT2;GNB4;GNB1;KCNJ16;KCNJ1;KCNJ10;GNB2;KCNJ3;GNG7;GNG11,Non-classical monocytes
prerank,Reactome_2022__BBSome-mediated Cargo-Targeting To Cilium R-HSA-5620922,-0.5604810925488806,-0.99964248013442,0.4596100278551532,1.0,1.0,12/23,13.81%,CCT4;TCP1;CCT2;MKKS;BBIP1;CCT3;BBS4;RAB3IP;BBS1;BBS10;BBS2;SMOX,Non-classical monocytes
prerank,Reactome_2022__FOXO-mediated Transcription Of Cell Death Genes R-HSA-9614657,-0.6027472616475743,-0.998229448913734,0.46630727762803237,1.0,1.0,7/16,5.91%,EP300;NFYC;BCL2L11;NFYB;BCL6;DDIT3;CITED2,Non-classical monocytes
prerank,Reactome_2022__Phospholipase C-mediated Cascade; FGFR2 R-HSA-5654221,0.6279782646238261,0.9982188107101597,0.5008403361344538,0.8241138398492832,1.0,3/18,20.85%,FGF9;FGFR2;FGF13,Non-classical monocytes
prerank,Reactome_2022__Ketone Body Metabolism R-HSA-74182,0.7017334914137746,0.997857606111346,0.5561403508771929,0.8238659202897133,1.0,2/10,6.71%,SOAT1;HMGCL,Non-classical monocytes
prerank,Reactome_2022__Abacavir ADME R-HSA-2161522,0.6851529956236875,0.9965973500264267,0.5585738539898133,0.8258419235689755,1.0,5/10,16.75%,ADAL;PCK1;GUK1;SLC22A2;ABCB1,Non-classical monocytes
prerank,Reactome_2022__Synthesis Of Pyrophosphates In Cytosol R-HSA-1855167,-0.6824866398759432,-0.9962822631243788,0.5315533980582524,1.0,1.0,4/10,5.52%,NUDT3;NUDT4;PPIP5K2;ITPK1,Non-classical monocytes
prerank,Reactome_2022__CREB1 Phosphorylation Thru NMDA Receptor-Mediated Activation Of RAS Signaling R-HSA-442742,-0.5446751659129028,-0.9961331695156905,0.48044692737430167,1.0,1.0,7/27,7.45%,CALM1;RPS6KA3;HRAS;CAMK2G;CREB1;CAMK2D;PDPK1,Non-classical monocytes
prerank,Reactome_2022__Constitutive Signaling By EGFRvIII R-HSA-5637810,0.6634797528088008,0.9961298272135569,0.535593220338983,0.825888861653349,1.0,5/14,5.41%,GRB2;SOS1;PIK3CA;HSP90AA1;NRAS,Non-classical monocytes
prerank,Reactome_2022__Phospholipid Metabolism R-HSA-1483257,-0.39282432022467756,-0.9945744504325434,0.43846153846153846,1.0,1.0,48/207,8.75%,PIK3C2A;CDIPT;PLD4;MBOAT7;PLBD1;PTEN;MTMR9;CHKB;GDE1;CPNE3;PNPLA6;PLEKHA3;SBF1;LPGAT1;CHPT1;PNPLA2;PI4KB;RUFY1;PIK3R3;AGPAT4;PIK3CB;PLA1A;GPCPD1;PLA2G4C;AGK;CRLS1;LCLAT1;INPPL1;INPP5K;PLEKHA2;PI4K2B;MTMR2;PNPLA7;PIK3R1;INPP5D;AGPAT3;PTDSS2;CSNK2A2;PEMT;PIP4P1;PIKFYVE;ETNK1;GPD1L;STARD7;PCYT2;PTDSS1;MGLL;PCTP,Non-classical monocytes
prerank,Reactome_2022__Biotin Transport And Metabolism R-HSA-196780,0.681724859917733,0.994413388104743,0.5347593582887701,0.8291935438776202,1.0,6/11,15.38%,PCCA;SLC5A6;HLCS;PCCB;ACACA;MCCC1,Non-classical monocytes
prerank,Reactome_2022__Metabolism Of Steroids R-HSA-8957322,0.486066783676832,0.9936868244515339,0.49221556886227547,0.829929750093048,1.0,38/153,11.66%,SUMO2;RAN;TSPO;HSD17B11;CREBBP;NCOA2;MBTPS1;PMVK;RXRA;CYP51A1;SEC24B;ACOT8;TSPOAP1;FDX1;KPNB1;SEC24C;SREBF2;TBL1X;SRD5A3;FDX2;CHD9;OSBPL2;NSDHL;OSBPL3;FDXR;SLC51A;HSD11B2;OSBP;NCOA6;CUBN;AKR1B1;INSIG2;SEC24D;HSD17B1;HSD17B14;STARD4;SH3D19;LDLRAP1,Non-classical monocytes
prerank,Reactome_2022__FGFR2 Ligand Binding And Activation R-HSA-190241,0.6116840060498816,0.9932218711908493,0.5073891625615764,0.83005102000766,1.0,4/20,24.41%,FGF9;FGFR2;FGF13;FGFBP3,Non-classical monocytes
prerank,Reactome_2022__Vitamin B5 (Pantothenate) Metabolism R-HSA-199220,0.6469113757865685,0.992341027400588,0.5205047318611987,0.8311641482920348,1.0,7/17,10.27%,AASDHPPT;PANK2;PANK4;PPCS;SLC25A16;SLC5A6;VNN2,Non-classical monocytes
prerank,Reactome_2022__Platelet Homeostasis R-HSA-418346,0.5188477962199938,0.9917795756402393,0.48728246318607765,0.8315285112312862,1.0,17/82,6.72%,SRI;ITPR2;GNGT2;PPP2R5C;GNB4;STIM1;P2RX4;KCNMA1;GNB1;ATP2B4;GUCY1B1;PLA2G4A;PPP2CB;PPP2CA;P2RX7;GNAS;PDE1B,Non-classical monocytes
prerank,Reactome_2022__SEMA3A-Plexin Repulsion Signaling By Inhibiting Integrin Adhesion R-HSA-399955,0.6543710335258258,0.9915761934484622,0.5314009661835749,0.8309415253890545,1.0,2/14,0.77%,RRAS;FYN,Non-classical monocytes
prerank,Reactome_2022__Activated Point Mutants Of FGFR2 R-HSA-2033519,0.6279839634215343,0.9908763475247799,0.5167785234899329,0.8315954924270093,1.0,3/17,20.85%,FGF9;FGFR2;FGF13,Non-classical monocytes
prerank,Reactome_2022__Activation Of NMDA Receptors And Postsynaptic Events R-HSA-442755,-0.4441939701023982,-0.9907134118474603,0.42292490118577075,1.0,1.0,17/74,8.58%,CALM1;RPS6KA3;NRGN;GIT1;PRKAR1A;HRAS;PRKAB2;CAMK2G;PRKACB;PRKAG2;LIN7C;CREB1;PRKX;CAMK2D;PDPK1;PRKAB1;PRKAA2,Non-classical monocytes
prerank,"Reactome_2022__Interleukin-3, Interleukin-5 And GM-CSF Signaling R-HSA-512988",0.5612012947163856,0.9898135149137933,0.5044776119402985,0.8331444840885058,1.0,13/44,6.56%,GAB2;FYN;GRB2;LYN;SOS1;IL2RG;PIK3CA;HCK;PRKCA;STAT5B;IL3RA;RAPGEF1;JAK2,Non-classical monocytes
prerank,Reactome_2022__Elastic Fibre Formation R-HSA-1566948,0.5583055430452798,0.9893231016505457,0.4809384164222874,0.8332907676634113,1.0,8/39,14.08%,ITGB1;TGFB1;ITGB8;LOXL3;EFEMP1;LTBP3;FURIN;SMIM6,Non-classical monocytes
prerank,Reactome_2022__Transcriptional Activity Of SMAD2/SMAD3:SMAD4 Heterotrimer R-HSA-2173793,0.5434586460904536,0.9892295454775277,0.502177068214804,0.832363079092537,1.0,21/51,10.76%,STAT1;CCNT1;UBC;UBB;UBA52;SMAD3;RPS27A;UBE2D3;E2F4;CCNC;PPM1A;SMAD2;SMAD7;UBE2D1;CDKN2B;SNW1;SMURF2;SMAD4;MAPK1;USP9X;RNF111,Non-classical monocytes
prerank,Reactome_2022__Aberrant Regulation Of Mitotic G1/S Transition In Cancer Due To RB1 Defects R-HSA-9659787,0.6312365855866772,0.9881325170903266,0.5295081967213114,0.8340717359854316,1.0,5/17,10.76%,CDKN1A;RB1;CDKN1C;CDK4;E2F3,Non-classical monocytes
prerank,Reactome_2022__Regulation Of Signaling By CBL R-HSA-912631,0.6177679739362908,0.9880465721339998,0.5121163166397416,0.833140471377018,1.0,6/18,5.80%,FYN;GRB2;LYN;PIK3CA;HCK;RAPGEF1,Non-classical monocytes
prerank,Reactome_2022__Diseases Of Metabolism R-HSA-5668914,0.46734092013146833,0.9880240870315337,0.5073280721533259,0.8320417214371227,1.0,60/245,13.63%,TBXAS1;DPM3;APRT;ALG13;PCCA;B4GALT1;TALDO1;HPRT1;UBC;UBB;UBA52;GYG1;RPS27A;NOTCH2;GFPT1;ALG8;HEXA;RPIA;B4GALT7;FDX1;ST3GAL3;MPDU1;DPM2;NUS1;SDC4;SFTPD;TCN2;CHSY1;GNS;SRD5A3;SLC37A4;FDX2;MTRR;MTR;CD320;SGSH;GLB1;DHDDS;SPON2;FDXR;PRNP;ALG14;PAPSS2;CUBN;DAG1;CSF2RB;POMGNT1;HLCS;PCCB;THSD7A;SDC1;SLPI;GCLC;POMC;ACY1;SDC3;ACACA;CFP;CYP2R1;ABCD4,Non-classical monocytes
prerank,Reactome_2022__Cooperation Of PDCL (PhLP1) And TRiC/CCT In G-protein Beta Folding R-HSA-6814122,0.566037736201978,0.9879504680296405,0.4969512195121951,0.8310855466877877,1.0,7/37,7.39%,CCT7;GNGT2;GNB4;GNB1;CCT6A;CCT5;CSNK2B,Non-classical monocytes
prerank,Reactome_2022__PI3K Events In ERBB2 Signaling R-HSA-1963642,0.6401510580519758,0.9875797734895227,0.5341296928327645,0.8308758160833084,1.0,6/16,17.21%,GRB2;PIK3CA;PIGU;HBEGF;NRG2;EGFR,Non-classical monocytes
prerank,Reactome_2022__Zinc Influx Into Cells By SLC39 Gene Family R-HSA-442380,-0.6579086724533771,-0.9872891504449594,0.5125284738041003,1.0,1.0,3/10,5.96%,SLC39A3;SLC39A7;SLC39A4,Non-classical monocytes
prerank,Reactome_2022__EGFR Downregulation R-HSA-182971,0.5807985621867446,0.9855245887932446,0.5045317220543807,0.8350010404565263,1.0,8/31,4.91%,GRB2;EPS15;UBC;UBB;UBA52;RPS27A;SH3GL1;STAM,Non-classical monocytes
prerank,Reactome_2022__cGMP Effects R-HSA-418457,0.6504780348920431,0.9848896483584838,0.5371248025276462,0.8354763923858729,1.0,8/14,14.96%,KCNMA1;PDE1B;PDE2A;PDE5A;ITPR1;PDE10A;PDE1A;KCNMB1,Non-classical monocytes
prerank,Reactome_2022__Costimulation By CD28 Family R-HSA-388841,0.5246171585776287,0.984817120646482,0.4903581267217631,0.8345274398108604,1.0,15/65,5.40%,HLA-DQA2;HLA-DPA1;FYN;GRB2;PPP2R5C;LYN;CD4;PPP2CB;PIK3CA;PPP2CA;CD86;HLA-DQA1;SRC;AKT2;MAPKAP1,Non-classical monocytes
prerank,Reactome_2022__Golgi Associated Vesicle Biogenesis R-HSA-432722,0.5417797998874017,0.9844308214539712,0.5034867503486751,0.8343308519423751,1.0,17/55,8.31%,VAMP8;FTL;BLOC1S1;HSPA8;FTH1;PICALM;ARRB1;ACBD3;AP4E1;DTNBP1;BLOC1S6;CLTA;BLOC1S3;TFRC;GAK;AP4B1;VAMP7,Non-classical monocytes
prerank,Reactome_2022__Neurotransmitter Clearance R-HSA-112311,0.6776929178096188,0.9842126618887767,0.5766666666666667,0.8337345782524319,1.0,5/10,16.74%,ALDH2;COMT;LRTOMT;SLC22A2;ACHE,Non-classical monocytes
prerank,Reactome_2022__Erythrocytes Take Up Carbon Dioxide And Release Oxygen R-HSA-1237044,0.6711084443159159,0.9831703642974016,0.5739130434782609,0.8352149187962635,1.0,5/11,18.14%,CA2;CYB5R1;CYB5R4;SLC4A1;CA4,Non-classical monocytes
prerank,Reactome_2022__NOTCH3 Activation And Transmission Of Signal To Nucleus R-HSA-9013507,0.5921380942602579,0.9828775770508696,0.5045045045045045,0.8348286097240487,1.0,8/25,5.66%,PSENEN;WWP2;UBC;UBB;UBA52;RPS27A;APH1B;PSEN1,Non-classical monocytes
prerank,Reactome_2022__Vasopressin Regulates Renal Water Homeostasis Via Aquaporins R-HSA-432040,0.5511262680320803,0.9802621996265681,0.508955223880597,0.8403640856709166,1.0,10/42,11.86%,GNGT2;GNB4;GNB1;PRKCA;PRKAR2A;GNAS;PRKAR2B;RAB11A;AQP2;GNB2,Non-classical monocytes
prerank,Reactome_2022__TRAF3-dependent IRF Activation Pathway R-HSA-918233,0.6400103953656213,0.9801653241669349,0.5342902711323764,0.8394775927973155,1.0,6/14,7.93%,IRF3;CREBBP;TRIM25;TBK1;IKBKE;MAVS,Non-classical monocytes
prerank,Reactome_2022__Retinoid Metabolism And Transport R-HSA-975634,0.5475220199773552,0.9798709608175097,0.5164992826398852,0.8390208263259199,1.0,13/43,15.29%,C1D;RDH11;SDC4;PLB1;APOM;APOE;SDC1;SDC3;AKR1C3;AGRN;GPC3;SDC2;GPC5,Non-classical monocytes
prerank,Reactome_2022__Metalloprotease DUBs R-HSA-5689901,0.6143329433058977,0.9791162793302711,0.528125,0.8397826792145572,1.0,12/20,9.14%,KAT2B;UBC;UBB;UBA52;RPS27A;STAM;BRCC3;PSMD14;BABAM1;BARD1;ABRAXAS1;ABRAXAS2,Non-classical monocytes
prerank,Reactome_2022__Cholesterol Biosynthesis R-HSA-191273,-0.542065327224513,-0.9785716430350623,0.4801223241590214,1.0,1.0,8/26,6.41%,IDI1;LBR;MSMO1;SREBF1;SQLE;SC5D;TM7SF2;MVK,Non-classical monocytes
prerank,Reactome_2022__Regulation Of TP53 Activity Thru Phosphorylation R-HSA-6804756,0.5039152369238141,0.9783578071843446,0.5194300518134715,0.8406316712151775,1.0,25/89,10.37%,ATM;TAF10;TAF11;UBC;UBB;UBA52;TAF6;RPS27A;TAF1;TOPBP1;RFC2;RPA3;TOP3A;TAF15;TAF4;CSNK2B;RAD50;RHNO1;BARD1;PRKAA1;SSRP1;MDM2;TAF13;CDK5;RFC3,Non-classical monocytes
prerank,Reactome_2022__G Alpha (Q) Signaling Events R-HSA-416476,0.46610702555022493,0.9781189052865342,0.5228604923798359,0.8401158113410377,1.0,38/211,12.21%,ITPR2;RIPK2;GNGT2;GRB2;RGS19;GNB4;GNB1;SOS1;RPS6KA2;DHX34;PIK3CA;RASGRP2;PRKCA;RGS1;LTB4R;FFAR2;GPR65;NRAS;LPAR1;DGKD;GRK2;PLCB3;DAGLA;RPS6KA1;GPR132;RGS3;NPFF;PLCB2;P2RY2;DGKG;MAPK1;LPAR5;ITPR1;LPAR2;FPR2;GNB2;PRKCE;CCL23,Non-classical monocytes
prerank,Reactome_2022__GRB2 Events In ERBB2 Signaling R-HSA-1963640,0.6430029061516951,0.9769333617511103,0.5679214402618658,0.8419801379875496,1.0,3/15,5.41%,GRB2;SOS1;NRAS,Non-classical monocytes
prerank,Reactome_2022__Polo-like Kinase Mediated Events R-HSA-156711,-0.5847219303568302,-0.9766211448066245,0.47435897435897434,1.0,1.0,2/16,2.58%,EP300;LIN54,Non-classical monocytes
prerank,Reactome_2022__Processing Of SMDT1 R-HSA-8949664,0.637941292023334,0.9757940715884944,0.5385852090032154,0.8436387381395571,1.0,5/15,7.72%,SMDT1;YME1L1;AFG3L2;STOML2;PARL,Non-classical monocytes
prerank,Reactome_2022__LDL Clearance R-HSA-8964038,0.6272352526979568,0.9755967935576856,0.5537190082644629,0.8429960533547417,1.0,6/18,6.89%,AP2S1;NPC2;SOAT1;AP2A2;AP2A1;CLTA,Non-classical monocytes
prerank,Reactome_2022__COPI-dependent Golgi-to-ER Retrograde Traffic R-HSA-6811434,0.5020847075539637,0.97510340431449,0.5,0.8431213157455133,1.0,24/78,11.12%,ARF5;RAB1A;COPZ1;ARFGAP3;ARF4;NAPG;COPB2;SURF4;COPE;TMED3;COPA;BNIP1;COPG2;ZW10;NBAS;ARCN1;CENPE;KIF21B;KLC4;RACGAP1;COPB1;KIF20B;KIF5C;RAB1B,Non-classical monocytes
prerank,Reactome_2022__Disorders Of Developmental Biology R-HSA-9675151,-0.6258980766607958,-0.9748252071860948,0.5416666666666666,1.0,1.0,5/12,4.90%,CALM1;GPS2;TBL1XR1;NCOR1;NCOR2,Non-classical monocytes
prerank,Reactome_2022__Aquaporin-mediated Transport R-HSA-445717,0.5381358608055871,0.9746048517076878,0.5130813953488372,0.8432003633984174,1.0,10/50,11.86%,GNGT2;GNB4;GNB1;PRKCA;PRKAR2A;GNAS;PRKAR2B;RAB11A;AQP2;GNB2,Non-classical monocytes
prerank,Reactome_2022__Fcgamma Receptor (FCGR) Dependent Phagocytosis R-HSA-2029480,0.5062138723769356,0.9741409400885434,0.5223684210526316,0.8432202912016084,1.0,33/83,11.53%,ARPC1B;ARPC3;BRK1;ITPR2;FYN;ACTG1;GRB2;WIPF1;LYN;PIK3CA;FCGR2A;HCK;PRKCSH;HSP90AA1;VAV3;WASF2;SRC;ARPC2;ABI1;ARPC1A;MYO10;ABL1;PKN1;CYFIP2;LIMK1;ELMO1;PLA2G6;MAPK1;MYH9;YES1;NCKIPSD;ITPR1;FCGR1A,Non-classical monocytes
prerank,MSigDB_Hallmark_2020__Myc Targets V2,0.5356020386873434,0.9739572584059543,0.5249643366619116,0.7419513406156901,1.0,24/58,11.24%,DUSP2;IMP4;AIMP2;PHB;HSPD1;MRTO4;NOC4L;FARSA;NOP2;DCTPP1;PES1;HK2;RRP9;PRMT3;PA2G4;RCL1;RABEPK;MYBBP1A;MCM4;CDK4;BYSL;SUPV3L1;UNG;NOP56,Non-classical monocytes
prerank,"Reactome_2022__Tristetraprolin (TTP, ZFP36) Binds And Destabilizes mRNA R-HSA-450513",-0.575285563872382,-0.9738600886211175,0.504,1.0,1.0,7/17,8.34%,YWHAB;MAPKAPK2;EXOSC6;DCP2;TNPO1;EXOSC8;EXOSC5,Non-classical monocytes
prerank,Reactome_2022__Synthesis Of Active Ubiquitin: Roles Of E1 And E2 Enzymes R-HSA-8866652,0.5768680513085449,0.9733541687953443,0.5333333333333333,0.8439706314563113,1.0,17/30,11.48%,UBE2R2;UBE2E1;UBC;UBB;UBA52;UBE2D2;UBE2E3;RPS27A;UBE2W;UBE2D1;OTULIN;UBE2T;UBE2K;USP9X;UBE2G1;USP5;UBA6,Non-classical monocytes
prerank,Reactome_2022__GRB2 Events In EGFR Signaling R-HSA-179812,0.6627499328766443,0.9730259555560391,0.5861486486486487,0.8436647156715533,1.0,3/12,5.41%,GRB2;SOS1;NRAS,Non-classical monocytes
prerank,Reactome_2022__Regulation Of PTEN Gene Transcription R-HSA-8943724,-0.4581206463767199,-0.9729648579850159,0.4908424908424908,1.0,1.0,18/60,6.82%,GATAD2A;PTEN;CBX6;RCOR1;RHEB;EED;CHD3;PHC2;RRAGA;JUN;MTOR;SLC38A9;PHC1;REST;LAMTOR2;LAMTOR1;MECOM;EGR1,Non-classical monocytes
prerank,"Reactome_2022__Glutamate Binding, Activation Of AMPA Receptors And Synaptic Plasticity R-HSA-399721",0.5599310064866752,0.9728962885632412,0.5230998509687034,0.8428429710296191,1.0,8/31,9.79%,AP2S1;PRKCA;AP2A2;PRKCB;AP2A1;DLG1;MDM2;EPB41L1,Non-classical monocytes
prerank,Reactome_2022__Neurotransmitter Release Cycle R-HSA-112310,0.5344592560822347,0.9727188819559635,0.5253256150506512,0.842112934088449,1.0,8/50,10.29%,HSPA8;DNAJC5;SH2D3C;TSPOAP1;NAAA;ARL6IP5;UNC13B;LIN7B,Non-classical monocytes
prerank,Reactome_2022__TNFs Bind Their Physiological Receptors R-HSA-5669034,0.5753530628103917,0.9726617712668979,0.5131375579598145,0.8411442707679997,1.0,8/29,18.69%,TNFSF13;TNFSF13B;TNFSF18;TNFRSF11B;TNFSF9;TNFRSF1A;EDA;LTA,Non-classical monocytes
prerank,Reactome_2022__RHO GTPases Activate PKNs R-HSA-5625740,-0.5213278544468968,-0.9701606688019316,0.5107033639143731,1.0,1.0,6/33,1.25%,PPP1CB;YWHAB;RHOB;YWHAZ;YWHAQ;YWHAE,Non-classical monocytes
prerank,Reactome_2022__Signaling By Activin R-HSA-1502540,0.6367445069305536,0.970097621022855,0.548922056384743,0.846224974961209,1.0,7/15,12.05%,DRAP1;SMAD3;SMAD2;SMAD4;MAPK1;FSTL3;ACVR2A,Non-classical monocytes
prerank,Reactome_2022__Metabolism Of Nucleotides R-HSA-15869,0.49753625276451524,0.9694965313927232,0.5223097112860893,0.846543860951908,1.0,25/92,9.34%,GLRX;CDA;APRT;NT5C;NT5C3A;HPRT1;UPP1;DNPH1;ITPA;GMPR;SCO2;TXN2;DCTPP1;DPYD;AK9;AK6;ADAL;AK2;NME4;PAICS;DCTD;DHODH;NUDT18;UCK1;ATIC,Non-classical monocytes
prerank,Reactome_2022__Signaling By NTRKs R-HSA-166520,0.47575828283456034,0.9693494533318148,0.542713567839196,0.8458079329137931,1.0,41/132,10.35%,BAX;AP2S1;MEF2C;FYN;NAB1;SGK1;FRS2;GRB2;LYL1;SOS1;RPS6KA2;PPP2CB;PIK3CA;PPP2CA;RHOA;STAT3;MEF2D;MAPKAPK3;NAB2;SRC;AP2A2;TRIB1;NRAS;NELFB;RAPGEF1;SRF;ID2;AP2A1;CLTA;RPS6KA5;MAP2K5;BRAF;VRK3;RALB;RPS6KA1;MAP2K1;CRKL;PIGU;TIAM1;CDK5;MAPK1,Non-classical monocytes
prerank,Reactome_2022__Sphingolipid Metabolism R-HSA-428157,0.4987930633664168,0.9686007364838128,0.5349462365591398,0.8465258910874928,1.0,23/87,11.61%,VAPA;SGPP1;CERS6;PPM1L;SPTLC2;PRKD3;HEXA;DEGS1;CERT1;SUMF1;ALDH3B1;PRKD2;SGMS1;CSNK1G2;GLB1;SUMF2;GM2A;ASAH1;ARSG;OSBP;SAMD8;GLB1L;ORMDL3,Non-classical monocytes
prerank,Reactome_2022__Nucleotide Biosynthesis R-HSA-8956320,-0.6338040267248775,-0.9673895132923815,0.5361596009975063,1.0,1.0,5/11,9.83%,ADSL;PFAS;IMPDH2;COASY;GMPS,Non-classical monocytes
prerank,Reactome_2022__RUNX2 Regulates Bone Development R-HSA-8941326,0.5743785694298442,0.966543466742021,0.5449010654490106,0.8505246843610524,1.0,10/29,10.78%,RB1;HDAC3;HDAC6;SRC;SMAD1;ABL1;YAP1;SMAD4;MAPK1;YES1,Non-classical monocytes
prerank,Reactome_2022__PI3K/AKT Signaling In Cancer R-HSA-2219528,0.4884743165511967,0.9662268353823837,0.552665799739922,0.8501960157931283,1.0,24/105,12.43%,GAB2;FYN;CDKN1A;FRS2;GRB2;RHOG;SOS1;BAD;PIK3CA;CD86;SRC;AKT2;MAPKAP1;FLT3LG;PIK3AP1;RPS6KB2;MDM2;PIGU;FOXO1;PDGFRB;KL;CD80;FGF9;FGFR1,Non-classical monocytes
prerank,Reactome_2022__RHO GTPases Activate PAKs R-HSA-5627123,-0.554028141510754,-0.9660652165234969,0.5234159779614325,1.0,1.0,8/21,7.84%,PPP1CB;CDC42;CALM1;FLNA;PPP1R12A;NF2;MYH11;PKN2,Non-classical monocytes
prerank,Reactome_2022__Creatine Metabolism R-HSA-71288,0.6821352671522016,0.9660567915733005,0.6043405676126878,0.8494704276426658,1.0,6/10,24.21%,CKB;SLC6A8;GAMT;SLC6A12;SLC6A11;CKMT1A,Non-classical monocytes
prerank,Reactome_2022__Negative Regulation Of NMDA Receptor-Mediated Neuronal Transmission R-HSA-9617324,-0.5495519830449721,-0.963946471058202,0.5207756232686981,1.0,1.0,3/21,7.14%,CALM1;CAMK2G;CAMK2D,Non-classical monocytes
prerank,Reactome_2022__RUNX1 Interacts With Co-Factors Whose Precise Effect On RUNX1 Targets Is Not Known R-HSA-8939243,-0.5087344249988831,-0.9631442981768048,0.5032258064516129,1.0,1.0,14/34,7.84%,RYBP;EP300;SMARCA2;PCGF5;CBX6;PHC2;CBFB;SMARCC2;PHC1;ACTL6A;SMARCB1;SMARCD3;CSNK2A2;ARID1A,Non-classical monocytes
prerank,Reactome_2022__CRMPs In Sema3A Signaling R-HSA-399956,0.6192310494717705,0.9616873350834794,0.5645933014354066,0.8589774578048168,1.0,2/16,0.77%,DPYSL2;FYN,Non-classical monocytes
prerank,Reactome_2022__Peroxisomal Protein Import R-HSA-9033241,0.5095283650734422,0.9609786768656454,0.5520974289580515,0.8595545317849428,1.0,24/63,12.72%,UBC;UBB;UBA52;UBE2D2;RPS27A;UBE2D3;ACOT8;ECI2;GSTK1;PEX6;HMGCL;PHYH;UBE2D1;AGPS;PEX13;PEX7;USP9X;DECR2;PEX14;ZNF260;MLYCD;ACOT2;PEX2;ZFAND6,Non-classical monocytes
prerank,MSigDB_Hallmark_2020__Bile Acid Metabolism,0.4823523780603254,0.9587308952311429,0.5548216644649934,0.7632765088822685,1.0,20/112,10.44%,ATXN1;HSD17B11;ABCA1;IDH2;ABCD3;RXRA;SCP2;SOD1;GSTK1;PEX6;ABCD1;PNPLA8;PHYH;PEX13;NEDD4;CAT;FDXR;PEX7;NR3C2;SULT1B1,Non-classical monocytes
prerank,Reactome_2022__Activation Of G Protein Gated Potassium Channels R-HSA-1296041,0.5656817921617462,0.9583091786754546,0.533751962323391,0.8649408702565584,1.0,9/29,15.46%,GNGT2;GNB4;GNB1;KCNJ16;KCNJ10;GNB2;KCNJ3;GNG7;GNG11,Non-classical monocytes
prerank,Reactome_2022__Signaling By Leptin R-HSA-2586552,0.6616905201901562,0.9578319147409151,0.6014234875444839,0.8649254786192642,1.0,5/11,6.56%,STAT3;SH2B1;STAT5B;SOCS3;JAK2,Non-classical monocytes
prerank,Reactome_2022__Signaling By NOTCH2 R-HSA-1980145,0.5632262216464927,0.9569103970039609,0.5449275362318841,0.8660604758386796,1.0,9/31,6.05%,PSENEN;UBC;UBB;UBA52;RPS27A;NOTCH2;APH1B;PSEN1;RBPJ,Non-classical monocytes
prerank,Reactome_2022__Neurexins And Neuroligins R-HSA-6794361,0.5134620414909276,0.9563546026158108,0.5518207282913166,0.8663041083438324,1.0,16/57,16.83%,DBNL;SIPA1L1;DLGAP2;HOMER3;EPB41L1;EPB41;LIN7B;PDLIM5;APBA3;HOMER2;SHARPIN;NLGN3;GRIN2D;DLGAP1;SYT1;SHANK2,Non-classical monocytes
prerank,Reactome_2022__Transcriptional Activation Of Mitochondrial Biogenesis R-HSA-2151201,0.5193917963285987,0.9553228064023551,0.5594405594405595,0.867608279216605,1.0,16/52,7.13%,ATP5F1B;MEF2C;GLUD1;CREBBP;NCOA2;CYCS;IDH2;HDAC3;RXRA;MEF2D;PPARGC1B;SSBP1;TFB1M;ALAS1;TBL1X;CHD9,Non-classical monocytes
prerank,Reactome_2022__SUMO E3 Ligases SUMOylate Target Proteins R-HSA-3108232,0.46547516342497147,0.9553122230331921,0.5670225385527876,0.8665057941279457,1.0,53/166,10.84%,SUMO2;NUP214;NR4A2;NFKBIA;CREBBP;SUMO1;NCOA2;NR3C1;SUZ12;XRCC4;TRIM28;SP3;RNF2;ZNF131;RANBP2;RXRA;SEC13;RNF168;TOP1;TRIM27;DNMT1;AAAS;HIC1;NRIP1;PCNA;MITF;MTA1;TOP2B;HDAC2;NSMCE1;POM121C;XPC;TP53BP1;HNRNPC;SMC3;NUP50;MRTFA;IKBKE;NSMCE3;NSMCE4A;SMC5;NUP133;NUP35;MDM2;PML;NUP88;NR3C2;NUP98;NR1H2;IKBKG;ZBED1;PIAS3;PCGF2,Non-classical monocytes
prerank,Reactome_2022__Role Of Nef In HIV-1 Replication And Disease Pathogenesis R-HSA-164952,0.5821632298807609,0.9552105109975721,0.56973293768546,0.8656083127229154,1.0,8/27,7.19%,B2M;AP2S1;FYN;CD4;HCK;AP2A2;AP2A1;DOCK2,Non-classical monocytes
prerank,Reactome_2022__Translocation Of SLC2A4 (GLUT4) To Plasma Membrane R-HSA-1445148,-0.4634878667930564,-0.9548930926215426,0.5146579804560261,1.0,1.0,23/51,8.84%,YWHAB;EXOC1;VAMP2;YWHAZ;TBC1D1;CALM1;YWHAQ;YWHAE;RALGAPB;C2CD5;STXBP3;EXOC8;EXOC6;PRKAB2;KIF3B;PRKAG2;KIFAP3;EXOC5;AKT1;PRKAB1;RALA;PRKAA2;SNAP23,Non-classical monocytes
prerank,Reactome_2022__Suppression Of Phagosomal Maturation R-HSA-9637687,0.6251667520082441,0.9548251365120687,0.5721311475409836,0.865387124411781,1.0,6/13,5.14%,RAB5A;UBC;UBB;UBA52;RPS27A;KPNB1,Non-classical monocytes
prerank,Reactome_2022__Signaling By NODAL R-HSA-1181150,0.5982003225382332,0.9547884355208183,0.5555555555555556,0.8643378557193344,1.0,7/21,13.65%,DRAP1;SMAD3;SMAD2;SMAD4;MAPK1;ACVR2A;FURIN,Non-classical monocytes
prerank,Reactome_2022__Regulation Of PTEN mRNA Translation R-HSA-8943723,0.656724077706352,0.9544178388769229,0.5806451612903226,0.864074497711648,1.0,5/11,8.14%,VAPA;AGO3;CNOT6L;AGO4;TNRC6C,Non-classical monocytes
prerank,Reactome_2022__Condensation Of Prophase Chromosomes R-HSA-2299718,0.6259828000715683,0.9540742607767452,0.5587734241908007,0.863727904487272,1.0,6/13,10.72%,RB1;MCPH1;NCAPD3;CCNB1;SET;NCAPH2,Non-classical monocytes
prerank,Reactome_2022__Defective Pyroptosis R-HSA-9710421,0.6464225104771559,0.9535265554506503,0.6029900332225914,0.863867667288055,1.0,6/13,9.98%,SUZ12;DNMT1;EZH2;POLA1;RBBP4;POLA2,Non-classical monocytes
prerank,Reactome_2022__Regulation Of Actin Dynamics For Phagocytic Cup Formation R-HSA-2029482,0.5219170322735327,0.9527639649369097,0.5734463276836158,0.8645977112691103,1.0,22/58,10.83%,ARPC1B;ARPC3;BRK1;ACTG1;GRB2;WIPF1;FCGR2A;HSP90AA1;VAV3;WASF2;ARPC2;ABI1;ARPC1A;MYO10;ABL1;PKN1;CYFIP2;LIMK1;ELMO1;MAPK1;MYH9;NCKIPSD,Non-classical monocytes
prerank,Reactome_2022__Class A/1 (Rhodopsin-like Receptors) R-HSA-373076,-0.3596284576967566,-0.952560995846313,0.7283950617283951,1.0,1.0,21/325,5.42%,P2RY13;ANXA1;S1PR4;CX3CR1;PTGIR;PTGER2;HEBP1;CMKLR1;P2RY10;GHRL;HCAR2;CNOT6;C3;NLN;TTF2;APP;ADRB2;CYSLTR1;GPR35;NLRP3;PTGER4,Non-classical monocytes
prerank,Reactome_2022__RUNX2 Regulates Osteoblast Differentiation R-HSA-8940973,0.5857947166212589,0.952133951545738,0.573228346456693,0.8650072728660271,1.0,8/23,10.78%,RB1;HDAC3;HDAC6;SRC;ABL1;YAP1;MAPK1;YES1,Non-classical monocytes
prerank,Reactome_2022__Signaling By ERBB2 ECD Mutants R-HSA-9665348,0.6250061430161931,0.9518435558657501,0.5827702702702703,0.8645762040605924,1.0,5/15,5.41%,GRB2;SOS1;PIK3CA;HSP90AA1;NRAS,Non-classical monocytes
prerank,Reactome_2022__E2F Mediated Regulation Of DNA Replication R-HSA-113510,0.5827962885939403,0.951251574252935,0.546969696969697,0.8648636058022051,1.0,9/22,10.05%,RB1;PPP2CB;PPP2CA;ORC5;ORC4;POLA1;CCNB1;POLA2;ORC6,Non-classical monocytes
prerank,Reactome_2022__Signal Amplification R-HSA-392518,0.5506033499149348,0.9512472654487004,0.5514018691588785,0.8637550981992337,1.0,8/33,6.67%,GNGT2;GNB4;GNB1;PLA2G4A;SRC;AAMP;GNA13;GNAI3,Non-classical monocytes
prerank,Reactome_2022__Reversible Hydration Of Carbon Dioxide R-HSA-1475029,0.6382610244153708,0.9504662561329523,0.6,0.8644837391506023,1.0,3/12,18.14%,CA2;CA12;CA4,Non-classical monocytes
prerank,Reactome_2022__Regulation Of MECP2 Expression And Activity R-HSA-9022692,-0.4922080391008998,-0.9498094314529211,0.5084269662921348,1.0,1.0,14/31,9.86%,CALM1;GPS2;TBL1XR1;TNRC6B;LBR;NCOR1;CAMK2G;NCOR2;CREB1;CAMK2D;MOV10;HIPK2;SLC6A4;SIN3A,Non-classical monocytes
prerank,Reactome_2022__PI Metabolism R-HSA-1483255,-0.41800871814183427,-0.9496028849532344,0.5814814814814815,1.0,1.0,21/82,7.50%,PIK3C2A;PTEN;MTMR9;GDE1;PNPLA6;PLEKHA3;SBF1;PI4KB;RUFY1;PIK3R3;PIK3CB;INPPL1;INPP5K;PLEKHA2;PI4K2B;MTMR2;PNPLA7;PIK3R1;INPP5D;PIP4P1;PIKFYVE,Non-classical monocytes
prerank,Reactome_2022__RNA Polymerase III Chain Elongation R-HSA-73780,0.6139481679987797,0.9488068729040063,0.5870253164556962,0.867170965672528,1.0,9/17,9.58%,POLR2L;POLR2K;CRCP;POLR2E;POLR3A;POLR1D;POLR2F;POLR3H;POLR3C,Non-classical monocytes
prerank,Reactome_2022__Cleavage Of Damaged Pyrimidine R-HSA-110329,-0.5856079657880353,-0.9481940139784016,0.5461741424802111,1.0,1.0,9/15,15.87%,TERF2IP;TERF2;ACD;NEIL2;TERF1;NEIL1;OGG1;NTHL1;SMUG1,Non-classical monocytes
prerank,Reactome_2022__TP53 Regulates Transcription Of Genes Involved In G1 Cell Cycle Arrest R-HSA-6804116,0.62888787724327,0.9481135535523431,0.605475040257649,0.8675756511124159,1.0,1/14,0.97%,CDKN1A,Non-classical monocytes
prerank,Reactome_2022__MHC Class II Antigen Presentation R-HSA-2132295,0.47979453845300446,0.9478306071213021,0.5642673521850899,0.867113343339821,1.0,34/102,11.22%,HLA-DQA2;CTSC;AP2S1;HLA-DPA1;HLA-DMB;DYNLL1;ACTR1A;DCTN4;SEC13;SEC24B;CTSS;DCTN6;HLA-DQA1;AP2A2;SEC24C;CTSH;DCTN2;DCTN3;CTSB;AP2A1;CLTA;DYNC1H1;CENPE;HLA-DOA;CTSL;KLC4;RACGAP1;IFI30;CAPZA2;DYNC1LI1;SEC24D;KIF5C;CTSF;DNM3,Non-classical monocytes
prerank,Reactome_2022__Erythropoietin Activates Phosphoinositide-3-kinase (PI3K) R-HSA-9027276,0.6363317641866852,0.9477356092187945,0.5863247863247864,0.8662510124022325,1.0,5/12,9.63%,LYN;PIK3CA;JAK2;PIK3R5;PIGU,Non-classical monocytes
prerank,Reactome_2022__Negative Regulation Of FLT3 R-HSA-9706369,0.6175305893533864,0.9475876492636667,0.5753205128205128,0.8654392138212493,1.0,7/15,7.70%,UBC;UBB;UBA52;RPS27A;SH2B3;PTPRJ;FLT3LG,Non-classical monocytes
prerank,Reactome_2022__Translocation Of ZAP-70 To Immunological Synapse R-HSA-202430,0.6297159732712209,0.9475700310764705,0.5745762711864407,0.8643912429591644,1.0,3/14,2.12%,HLA-DQA2;HLA-DPA1;CD4,Non-classical monocytes
prerank,Reactome_2022__Base Excision Repair R-HSA-73884,0.5346534394480815,0.9465025736347126,0.5615050651230101,0.8656786588141717,1.0,17/44,12.34%,APEX1;POLE3;MPG;RFC2;POLE4;RPA3;PCNA;POLD1;XRCC1;TINF2;PARG;MUTYH;RFC3;PNKP;UNG;MBD4;PARP2,Non-classical monocytes
prerank,Reactome_2022__RHO GTPases Activate NADPH Oxidases R-HSA-5668599,0.5662912274378062,0.9461719061517125,0.5642201834862385,0.8653630371376141,1.0,10/24,13.44%,CYBA;CYBB;PRKCA;PRKCB;S100A8;MAPK1;PIK3R4;PIK3C3;NCF1;S100A9,Non-classical monocytes
prerank,Reactome_2022__Intraflagellar Transport R-HSA-5620924,0.5373055186348077,0.9457475476179245,0.5581395348837209,0.8651940293009153,1.0,12/36,13.85%,DYNLRB1;DYNLL1;HSPB11;TTC21B;TRAF3IP1;DYNC2LI1;IFT46;IFT52;IFT27;IFT122;IFT43;KIF3A,Non-classical monocytes
prerank,Reactome_2022__G1/S-Specific Transcription R-HSA-69205,0.5625497787202415,0.9457236206127599,0.5645412130637636,0.8641501328654758,1.0,8/29,11.71%,DHFR;E2F4;PCNA;LIN37;POLA1;RBBP4;LIN52;FBXO5,Non-classical monocytes
prerank,Reactome_2022__TRP Channels R-HSA-3295583,0.5742119516203694,0.9455922514367474,0.5655608214849921,0.8633285919134538,1.0,8/25,15.28%,MCOLN1;TRPM7;TRPM3;TRPV1;TRPM4;TRPM6;TRPM2;MCOLN2,Non-classical monocytes
prerank,Reactome_2022__Extracellular Matrix Organization R-HSA-1474244,-0.36066679415922104,-0.9452782549888051,0.6470588235294118,1.0,1.0,26/291,8.19%,ITGB2;PLEC;ITGAX;ITGAM;P4HB;ICAM2;CD44;VCAN;CAPN1;PHYKPL;CAPN2;COLGALT1;ADAM10;ADAM15;CXXC1;PECAM1;CTSD;NCSTN;CAPN7;ITGA5;MFAP3;CRTAP;FBN2;DMD;DMTF1;CAPN10,Non-classical monocytes
prerank,Reactome_2022__Peptide Ligand-Binding Receptors R-HSA-375276,0.448853940523533,0.9452268424156169,0.6131301289566237,0.8631411626278301,1.0,23/195,13.09%,C3AR1;RIPK2;CCL3;C5AR1;CCR1;CCL3L1;FPR1;CXCL2;C5AR2;CCRL2;NPFF;CXCL16;CCL4;CCL2;CXCL8;CXCL9;CXCL10;FPR2;CXCR4;CCL23;C5;POMC;FPR3,Non-classical monocytes
prerank,Reactome_2022__Export Of Viral Ribonucleoproteins From Nucleus R-HSA-168274,0.5440227736797356,0.9449691598016705,0.5660377358490566,0.8626131229094612,1.0,13/36,10.04%,RAN;NUP214;RANBP2;SEC13;AAAS;HSPA1A;POM121C;BLOC1S6;NUP50;NUP133;NUP35;NUP88;NUP98,Non-classical monocytes
prerank,MSigDB_Hallmark_2020__Pperoxisome,0.4776908380514719,0.9436451369116832,0.5668789808917197,0.7824626264795083,1.0,25/104,8.43%,ATXN1;TSPO;PRDX1;HSD17B11;ERCC1;IDH2;YWHAH;FIS1;ERCC3;ABCD3;SCP2;SOD2;SOD1;RDH11;ACOT8;ECI2;GSTK1;MVP;PEX6;ABCD1;HMGCL;ELOVL5;ABCC5;PEX13;CAT,Non-classical monocytes
prerank,MSigDB_Hallmark_2020__UV Response Up,0.45608815364687744,0.9432012109502317,0.5844311377245509,0.7631840275962996,1.0,42/156,9.07%,CLTB;DDX21;DNAJA1;AP2S1;BID;PSMC3;ATP6V1F;SQSTM1;HMOX1;IRF1;NFKBIA;BTG2;GCH1;PPIF;POLE3;LYN;EIF5;GLS;CASP3;TAP1;SOD2;CA2;ICAM1;AMD1;STK25;MRPL23;ATP6V1C1;PLCL1;CYB5R1;ALAS1;RXRB;CXCL2;HNRNPU;MARK2;CDKN1C;TFRC;TST;DGAT1;EIF2S3;CNP;CDKN2B;EPCAM,Non-classical monocytes
prerank,Reactome_2022__Transcriptional Regulation Of White Adipocyte Differentiation R-HSA-381340,0.4913871231301771,0.9416859499685786,0.5704787234042553,0.8691985226646473,1.0,32/84,10.51%,NFKB1;CEBPD;CREBBP;NCOA2;MED29;MED6;CDK19;MED8;HDAC3;RXRA;TGFB1;MED4;CEBPB;CCNC;MED10;SREBF2;TBL1X;MED27;MED7;CHD9;TNF;MED30;MED15;MED31;MED13L;MED21;ZNF638;MED25;CDK4;MED19;NCOA6;FAM120B,Non-classical monocytes
prerank,Reactome_2022__Interactions Of Rev With Host Cellular Proteins R-HSA-177243,0.544997858107864,0.9400824186405848,0.5895522388059702,0.871780087100225,1.0,13/37,10.04%,RAN;NUP214;RANBP1;RANBP2;SEC13;AAAS;KPNB1;POM121C;NUP50;NUP133;NUP35;NUP88;NUP98,Non-classical monocytes
prerank,Reactome_2022__HCMV Late Events R-HSA-9610379,0.5001918537264743,0.9398338759575011,0.5873452544704264,0.8712570112847366,1.0,21/62,10.04%,NUP214;CHMP2A;CEBPD;RANBP2;SEC13;VPS28;AAAS;TXN2;POM121C;SNF8;CHMP6;UBAP1;MVB12B;NUP50;CD46;TRMU;VPS37C;NUP133;NUP35;NUP88;NUP98,Non-classical monocytes
prerank,Reactome_2022__TBC/RABGAPs R-HSA-8854214,0.5301947856224017,0.9394901418647954,0.5862068965517241,0.8709010955809577,1.0,20/44,10.24%,MAP1LC3B;GABARAP;RABGEF1;RAB5A;GABARAPL2;TBC1D14;RABEP1;RAB8A;ARF6;RABGAP1;TBC1D10C;TBC1D20;GGA1;RAB6A;TBC1D15;TBC1D24;RAB5B;TSC1;RAB11A;RAB4A,Non-classical monocytes
prerank,Reactome_2022__Chemokine Receptors Bind Chemokines R-HSA-380108,0.5116904137144048,0.939482267359748,0.5743440233236151,0.8698237083260918,1.0,12/56,12.07%,CCL3;CCR1;CCL3L1;CXCL2;CCRL2;CXCL16;CCL4;CCL2;CXCL8;CXCL9;CXCL10;CXCR4,Non-classical monocytes
prerank,Reactome_2022__SUMOylation R-HSA-2990846,0.45640926749270616,0.9392969848171574,0.5983510011778563,0.8692024225708631,1.0,54/172,10.84%,SUMO2;NUP214;NR4A2;NFKBIA;CREBBP;SUMO1;NCOA2;NR3C1;SUZ12;XRCC4;TRIM28;SP3;RNF2;ZNF131;RANBP2;RXRA;SENP1;SEC13;RNF168;TOP1;TRIM27;DNMT1;AAAS;HIC1;NRIP1;PCNA;MITF;MTA1;TOP2B;HDAC2;NSMCE1;POM121C;XPC;TP53BP1;HNRNPC;SMC3;NUP50;MRTFA;IKBKE;NSMCE3;NSMCE4A;SMC5;NUP133;NUP35;MDM2;PML;NUP88;NR3C2;NUP98;NR1H2;IKBKG;ZBED1;PIAS3;PCGF2,Non-classical monocytes
prerank,Reactome_2022__Josephin Domain DUBs R-HSA-5689877,0.6311156611831407,0.9382960760203352,0.6216666666666667,0.8704368628857,1.0,6/12,3.66%,UBC;UBB;ATXN3;UBA52;RPS27A;JOSD2,Non-classical monocytes
prerank,Reactome_2022__Platelet Calcium Homeostasis R-HSA-418360,0.5647693385016596,0.9379723241104516,0.5819548872180451,0.8701357016231126,1.0,6/26,4.53%,SRI;ITPR2;STIM1;P2RX4;ATP2B4;P2RX7,Non-classical monocytes
prerank,Reactome_2022__Synthesis Of PIPs At Plasma Membrane R-HSA-1660499,-0.44924671695410645,-0.9375565660452455,0.5264797507788161,1.0,1.0,14/51,6.84%,PIK3C2A;PTEN;MTMR9;PLEKHA3;RUFY1;PIK3R3;PIK3CB;INPPL1;INPP5K;PLEKHA2;PI4K2B;MTMR2;PIK3R1;INPP5D,Non-classical monocytes
prerank,Reactome_2022__MET Promotes Cell Motility R-HSA-8875878,0.5531836620734201,0.937131663978439,0.5747303543913713,0.871040851403336,1.0,8/28,9.63%,ITGB1;GRB2;SOS1;SRC;RAPGEF1;CRKL;LMNB2;PIGU,Non-classical monocytes
prerank,Reactome_2022__Glycosphingolipid Metabolism R-HSA-1660662,-0.4568419176646542,-0.9357337861621569,0.5185185185185185,1.0,1.0,12/43,8.52%,GBA2;ARSB;NEU3;ARSA;CERK;UGCG;ARSD;ESYT2;SMPD4;GLTP;GALC;CPTP,Non-classical monocytes
prerank,Reactome_2022__Mitochondrial Fatty Acid Beta-Oxidation Of Saturated Fatty Acids R-HSA-77286,0.6338379412880686,0.9353858821582063,0.6055363321799307,0.8739007158017276,1.0,5/11,10.47%,ACADM;ACADVL;ECHS1;HADHA;ACADS,Non-classical monocytes
prerank,Reactome_2022__Regulation Of TP53 Activity R-HSA-5633007,0.46032061060581414,0.9345758357911079,0.6166666666666667,0.8747045446290919,1.0,48/156,10.63%,ATM;PHF20;TAF10;SGK1;GATAD2B;TAF11;PPP2R5C;UBC;UBB;UBA52;PIP4K2A;TAF6;RPS27A;PPP2CB;TAF1;PPP2CA;TOPBP1;RFC2;RPA3;TOP3A;MAP2K6;MTA2;AKT2;EHMT1;MAPKAP1;HDAC2;PRDM1;TP53BP2;EHMT2;TAF15;TAF4;CSNK2B;BRD7;SETD9;RAD50;PIP4K2C;RHNO1;BARD1;RBBP4;PIP4K2B;PRKAA1;SSRP1;MDM2;PML;TAF13;CDK5;RFC3;PRMT5,Non-classical monocytes
prerank,Reactome_2022__RUNX1 Regulates Genes Involved In Megakaryocyte Differentiation And Platelet Function R-HSA-8936459,0.528305333166156,0.934135244033419,0.5710059171597633,0.8745835335531775,1.0,11/37,8.14%,AGO3;KAT2B;KMT2A;PRMT1;RUNX1;KMT2D;KMT2C;DPY30;RBBP5;AGO4;TNRC6C,Non-classical monocytes
prerank,Reactome_2022__Regulation Of Pyruvate Dehydrogenase (PDH) Complex R-HSA-204174,0.6012400664340058,0.9341080246103488,0.6042031523642732,0.8735532767137015,1.0,6/16,5.90%,RXRA;PDHB;PDHA1;PDHX;PDK3;PPARD,Non-classical monocytes
prerank,Reactome_2022__Signaling By ERBB2 KD Mutants R-HSA-9664565,0.5723310454191605,0.9328627477803128,0.5836012861736335,0.8751522539333981,1.0,8/24,13.12%,GRB2;SOS1;PIK3CA;HSP90AA1;NRAS;PIGU;HBEGF;CDC37,Non-classical monocytes
prerank,Reactome_2022__Diseases Associated With Glycosylation Precursor Biosynthesis R-HSA-5609975,0.6136528616720293,0.9324147035850413,0.6119402985074627,0.8750856663473888,1.0,6/15,8.75%,DPM3;GFPT1;DPM2;NUS1;SRD5A3;DHDDS,Non-classical monocytes
prerank,Reactome_2022__Epigenetic Regulation Of Gene Expression R-HSA-212165,0.47892459903525736,0.9322141607392143,0.601063829787234,0.8744428653933383,1.0,28/84,8.25%,POLR2L;DEK;POLR2K;GATAD2B;KAT2B;SUZ12;SAP18;SAP30L;ERCC3;GTF2H5;TET2;AEBP2;DNMT1;EZH2;SMARCA5;MTA2;POLR2E;MTA1;HDAC2;GTF2H4;TAF1D;SAP30BP;EHMT2;CCNH;POLR1D;DDX56;RBBP4;POLR2F,Non-classical monocytes
prerank,Reactome_2022__Prolonged ERK Activation Events R-HSA-169893,-0.5875795305721407,-0.9313395156433107,0.5906862745098039,1.0,1.0,4/14,3.46%,YWHAB;KIDINS220;CRK;MAP2K2,Non-classical monocytes
prerank,Reactome_2022__GAG Synthesis Requires Tetrasaccharide Linker Sequence R-HSA-1971475,0.5584727952693969,0.9304947199259884,0.5941358024691358,0.8772133418083062,1.0,11/26,15.29%,XYLT1;B4GALT7;SDC4;XYLT2;SDC1;B3GAT2;SDC3;AGRN;GPC3;SDC2;GPC5,Non-classical monocytes
prerank,Reactome_2022__Diseases Associated With O-glycosylation Of Proteins R-HSA-3906995,-0.428003118885091,-0.9297715162971165,0.5805243445692884,1.0,1.0,4/68,3.63%,GALNT3;LFNG;C1GALT1;ADAMTSL4,Non-classical monocytes
prerank,Reactome_2022__NR1H2 And NR1H3-mediated Signaling R-HSA-9024446,-0.44893850901610766,-0.9297655108294192,0.5386996904024768,1.0,1.0,9/46,2.56%,EP300;NCOA1;GPS2;TBL1XR1;TNRC6B;ARL4C;KDM1B;SREBF1;NCOR1,Non-classical monocytes
prerank,Reactome_2022__Branched-chain Amino Acid Catabolism R-HSA-70895,0.578236984966831,0.9293040593743783,0.5945072697899838,0.8788119767919396,1.0,12/21,15.38%,SOAT1;HIBADH;BCAT1;ECHS1;HIBCH;ACAD8;BCAT2;BCKDHB;LDHD;HSD17B10;ACADSB;MCCC1,Non-classical monocytes
prerank,Reactome_2022__Resolution Of Sister Chromatid Cohesion R-HSA-2500257,-0.3988745643411912,-0.928971585688158,0.5951219512195122,1.0,1.0,29/104,7.86%,XPO1;KIF2A;CLIP1;TAOK1;NUP43;CLASP2;RAD21;SEH1L;RANGAP1;STAG2;PPP2R1A;PDS5B;PPP2R5E;NUDC;ZWILCH;PPP2R1B;CENPU;MAPRE1;PPP1CC;WAPL;NUP160;PPP2R5A;KANSL1;SGO2;NUP85;BUB3;DYNC1LI2;NUP107;SMC1A,Non-classical monocytes
prerank,Reactome_2022__PD-1 Signaling R-HSA-389948,0.5825097376948788,0.9284852688779983,0.5909822866344605,0.8795611259449121,1.0,3/18,2.12%,HLA-DQA2;HLA-DPA1;CD4,Non-classical monocytes
prerank,Reactome_2022__Estrogen-dependent Gene Expression R-HSA-9018519,0.48348133510791125,0.9280870876493084,0.6094986807387863,0.8794037137052548,1.0,25/90,6.76%,POLR2J;PTGES3;GTF2A2;POLR2L;AGO3;CREBBP;POLR2K;CCNT1;NCOA2;KAT2B;POLR2A;GTF2F2;PRMT1;RUNX1;GTF2A1;HSP90AA1;POLR2G;NRIP1;POLR2D;POLR2E;POLR2C;POLR2B;AGO4;CXXC5;SMC3,Non-classical monocytes
prerank,Reactome_2022__HuR (ELAVL1) Binds And Stabilizes mRNA R-HSA-450520,0.6522834951613626,0.9280143450018326,0.6252158894645942,0.8784859177998792,1.0,4/10,3.99%,NUP214;ANP32A;TNFSF13;PRKCA,Non-classical monocytes
prerank,Reactome_2022__Activation Of AP-1 Family Of Transcription Factors R-HSA-450341,-0.6260221243396608,-0.9279922672845053,0.5970873786407767,1.0,1.0,3/10,2.57%,MAPK14;FOS;JUN,Non-classical monocytes
prerank,Reactome_2022__Transport Of Inorganic Cations/Anions And Amino Acids/Oligopeptides R-HSA-425393,-0.4027840191615783,-0.9273547796009973,0.6146788990825688,1.0,1.0,10/104,5.25%,SLC8B1;CALM1;SLC15A3;SLC43A2;SLC20A2;SLC12A1;SLC12A4;SLC36A1;SLC12A7;SLC9A8,Non-classical monocytes
prerank,Reactome_2022__Generation Of Second Messenger Molecules R-HSA-202433,0.5479646959381158,0.9263637628571034,0.6124260355029586,0.8810497063623288,1.0,5/29,2.12%,HLA-DQA2;HLA-DPA1;EVL;LCP2;CD4,Non-classical monocytes
prerank,Reactome_2022__Nuclear Envelope (NE) Reassembly R-HSA-2995410,0.4907810118314222,0.925959369656384,0.6089743589743589,0.8808565514396779,1.0,18/73,6.82%,RAN;CHMP2A;SUMO1;TUBA1C;TUBA1A;AHCTF1;TUBA1B;SIRT2;SEC13;PPP2CA;TUBB;VRK1;PPP2R2A;KPNB1;LMNB1;LEMD3;CHMP6;LMNA,Non-classical monocytes
prerank,Reactome_2022__MECP2 Regulates Neuronal Receptors And Channels R-HSA-9022699,-0.5348911074596094,-0.9258416410761767,0.5519125683060109,1.0,1.0,6/18,9.86%,FKBP5;RNMT;SLC2A3;CREB1;PTPN4;SIN3A,Non-classical monocytes
prerank,MSigDB_Hallmark_2020__KRAS Signaling Dn,0.4410742141626612,0.9257062816807735,0.6471277842907386,0.7901223486873934,1.0,31/199,15.26%,MX1;NR4A2;SGK1;BTG2;CPEB3;IFI44L;KMT2D;MTHFR;CDH16;RSAD2;PTPRJ;CAMK1D;CDKAL1;PRKN;BARD1;SELENOP;MSH5;HSD11B2;ASB7;DTNB;GAMT;CD80;C5;SLC12A3;THNSL2;BMPR1B;ATP6V1B1;CLDN8;KCNMB1;YPEL1;CCDC106,Non-classical monocytes
prerank,Reactome_2022__NEP/NS2 Interacts With Cellular Export Machinery R-HSA-168333,0.5352582583978682,0.9255768917459528,0.602919708029197,0.880635408463455,1.0,12/35,10.04%,RAN;NUP214;RANBP2;SEC13;AAAS;POM121C;BLOC1S6;NUP50;NUP133;NUP35;NUP88;NUP98,Non-classical monocytes
prerank,Reactome_2022__EPHB-mediated Forward Signaling R-HSA-3928662,0.5422531403096771,0.9252191022185452,0.5906976744186047,0.880331023071831,1.0,12/33,8.24%,ARPC1B;ARPC3;FYN;ACTG1;ITSN1;LYN;RHOA;SRC;ARPC2;ARPC1A;PKN1;LIMK1,Non-classical monocytes
prerank,Reactome_2022__Signaling By TGFB Family Members R-HSA-9006936,0.4619484348806859,0.9236620196042076,0.63375,0.8827664516027858,1.0,34/119,10.76%,STAT1;NEDD8;ITGB1;DRAP1;FKBP1A;CCNT1;UBC;UBB;UBA52;SMAD3;RPS27A;TGFB1;PPP1R15A;UBE2D3;RHOA;E2F4;SMAD1;CCNC;PPM1A;USP15;SMAD2;SMAD7;SMAD5;SRFBP1;UBE2D1;ITGB8;CDKN2B;SNW1;SMURF2;SMAD4;MAPK1;USP9X;FSTL3;RNF111,Non-classical monocytes
prerank,Reactome_2022__Inhibition Of DNA Recombination At Telomere R-HSA-9670095,0.5725692656847162,0.9233244121311696,0.6143790849673203,0.882458715029597,1.0,11/20,8.25%,POLR2J;POLR2L;POLR2K;POLR2A;POLR2G;POLR2D;POLR2E;POLR2C;POLR2B;TINF2;POLR2F,Non-classical monocytes
prerank,Reactome_2022__Rev-mediated Nuclear Export Of HIV RNA R-HSA-165054,0.5369607944786557,0.9231356710905527,0.6011904761904762,0.8818103667357726,1.0,12/35,10.04%,RAN;NUP214;RANBP1;RANBP2;SEC13;AAAS;POM121C;NUP50;NUP133;NUP35;NUP88;NUP98,Non-classical monocytes
prerank,Reactome_2022__Interleukin-7 Signaling R-HSA-1266695,0.5787621389149861,0.9231234433181231,0.6254125412541254,0.8807601196697417,1.0,7/23,9.87%,SOS1;IL2RG;STAT3;STAT5B;CISH;JAK3;SOCS1,Non-classical monocytes
prerank,Reactome_2022__Nuclear Signaling By ERBB4 R-HSA-1251985,0.5390540663982115,0.923022858204898,0.5816023738872403,0.879902768830386,1.0,13/32,13.16%,PSENEN;TAB2;MXD4;SRC;APH1B;PSEN1;COPS2;YAP1;STMN1;S100B;APOE;HBEGF;PSEN2,Non-classical monocytes
prerank,Reactome_2022__RHO GTPase Effectors R-HSA-195258,0.44012539742269685,0.9230215985334769,0.6579841449603624,0.8788336281635203,1.0,83/237,11.13%,ARPC1B;MYL12B;ARPC3;CYBA;PFN1;BRK1;RHOQ;ITGB1;DYNLL1;EVL;CTNNB1;NCOA2;ACTG1;GRB2;MYL6;PPP2R5C;AHCTF1;WIPF1;KDM4C;KTN1;CYBB;RPS27;YWHAH;FMNL1;SKA2;RHOG;RANBP2;SEC13;CENPT;TAX1BP3;PPP2CB;PPP2CA;RHOA;FMNL2;CLASP1;PRKCA;WASF2;SRC;RHOC;DIAPH2;DVL3;DAAM1;IQGAP1;FMNL3;ARPC2;PRKCB;ABI1;RCC2;CENPQ;SRF;ZW10;CKAP5;ARPC1A;S100A8;ABL1;MRTFA;SPDL1;B9D2;PKN1;CENPP;CYFIP2;LIMK1;DYNC1H1;CENPE;PAFAH1B1;ARHGEF7;NUP133;DHDDS;CENPL;KLC4;NUP98;ZWINT;REXO2;LIN7B;MAPK1;PPP1R12B;MYH9;ITGB3BP;DYNC1LI1;NCKIPSD;MYH10;PIK3R4;NDEL1,Non-classical monocytes
prerank,Reactome_2022__Ion Homeostasis R-HSA-5578775,0.5083415580315265,0.9230137449363732,0.5947441217150761,0.8777878505017124,1.0,7/49,3.99%,SRI;ITPR2;ATP1B1;FXYD2;STIM1;ATP2B4;PRKCA,Non-classical monocytes
prerank,Reactome_2022__Visual Phototransduction R-HSA-2187338,0.46646233623809974,0.9223532703609153,0.5961290322580645,0.8781536388746669,1.0,23/96,14.47%,C1D;GNB1;PRKCA;RDH11;SDC4;DHRS9;CYP4V2;RNF7;PLB1;CAMKMT;RDH10;APOM;HSD17B1;GRK4;APOE;PDE6G;SDC1;SDC3;AKR1C3;GUCA1B;AGRN;GPC3;SDC2,Non-classical monocytes
prerank,Reactome_2022__Diseases Of Programmed Cell Death R-HSA-9645723,0.5127514264866009,0.9209849036452712,0.6048502139800286,0.8801271243584766,1.0,17/42,10.33%,PRDX1;TANK;SUZ12;PRDX2;CAPNS1;TRADD;DNMT1;CDC25B;EZH2;CASP8;LMNB1;LMNA;POLA1;RBBP4;RIPK1;POLA2;CDK5,Non-classical monocytes
prerank,Reactome_2022__Acetylcholine Regulates Insulin Secretion R-HSA-399997,0.6377788943333448,0.9198140796644243,0.65587734241908,0.8815637400777564,1.0,4/10,9.19%,MARCKS;PRKCA;PLCB3;PLCB2,Non-classical monocytes
prerank,Reactome_2022__RHO GTPase Cycle R-HSA-9012999,0.4227725421508714,0.9195885520441708,0.7078534031413612,0.8810068838684525,1.0,122/438,10.61%,CYBA;FNBP1;BRK1;CCT7;RHOQ;RBMX;ARHGEF1;ITGB1;ARFGAP3;NDUFS3;FRS2;ARHGEF11;SRRM1;ACTG1;MYO9A;ATP6AP1;GRB2;WIPF1;ITSN1;TUBA1B;ARHGAP27;PICALM;KTN1;WWP2;TPM4;EFHD2;CYBB;NDUFA5;ARHGAP1;FMNL1;ITSN2;EPSTI1;STX5;RHOG;DDRGK1;ARHGAP12;ARAP2;ABCD3;ARL13B;ARMCX3;SOS1;SENP1;SH3BP1;PIK3CA;CCDC115;ANKFY1;PEAK1;RHOA;SPATA13;FMNL2;PRKCSH;HSP90AA1;VAV3;AAAS;HINT2;WASF2;SAMM50;SRC;RHOC;STAM;ARHGDIB;DIAPH2;KCTD13;FAM13B;PGRMC2;CCT6A;DAAM1;IQGAP1;FMNL3;ABI1;GNA13;CDC42SE2;LMNB1;DEF6;RAPGEF1;UBXN11;ARHGAP26;CDC42EP2;DST;LEMD3;ARHGEF3;TMOD3;STARD8;HNRNPC;DOCK10;NIPSNAP2;DOCK2;COPS2;MTR;TFRC;TAGAP;COPS4;PKN1;FAF2;CYFIP2;FAM135A;ARHGEF12;SLC4A7;ARHGEF7;ALS2;ARHGAP32;DHDDS;PLEKHG2;PTPN13;STK10;TMEM59;TXNL1;DOCK8;NISCH;CKB;STOM;LETM1;FARP1;TIAM1;PDE5A;ARHGAP29;RACGAP1;TJP2;USP9X;WHAMM;FAM13A;SLC1A5,Non-classical monocytes
prerank,Reactome_2022__Glycerophospholipid Biosynthesis R-HSA-1483206,-0.38432149963807516,-0.9190289907773813,0.6237113402061856,1.0,1.0,30/126,9.78%,CDIPT;PLD4;MBOAT7;PLBD1;CHKB;CPNE3;LPGAT1;CHPT1;PNPLA2;AGPAT4;PLA1A;GPCPD1;PLA2G4C;AGK;CRLS1;LCLAT1;AGPAT3;PTDSS2;CSNK2A2;PEMT;ETNK1;GPD1L;STARD7;PCYT2;PTDSS1;MGLL;PCTP;DDHD2;PLAAT3;CHEK2,Non-classical monocytes
prerank,Reactome_2022__Lysosphingolipid And LPA Receptors R-HSA-419408,-0.5731604582992502,-0.9185456627848357,0.5940860215053764,1.0,1.0,1/14,0.39%,S1PR4,Non-classical monocytes
prerank,Reactome_2022__Tie2 Signaling R-HSA-210993,0.5856746212316525,0.9185204647563442,0.6095076400679117,0.8821838871200837,1.0,5/17,5.41%,GRB2;DOK2;SOS1;PIK3CA;NRAS,Non-classical monocytes
prerank,Reactome_2022__NoRC Negatively Regulates rRNA Expression R-HSA-427413,0.5158530546124278,0.9183767698940944,0.6026392961876833,0.881449428234392,1.0,16/42,8.25%,POLR2L;POLR2K;SAP18;SAP30L;ERCC3;GTF2H5;DNMT1;SMARCA5;POLR2E;HDAC2;GTF2H4;TAF1D;SAP30BP;CCNH;POLR1D;POLR2F,Non-classical monocytes
prerank,Reactome_2022__Netrin-1 Signaling R-HSA-373752,-0.44257419140179227,-0.9180384175732207,0.5700325732899023,1.0,1.0,8/49,7.84%,CDC42;MAPK14;EZR;SIAH1;NCK1;AGAP2;PITPNA;PTK2,Non-classical monocytes
prerank,Reactome_2022__NOTCH1 Intracellular Domain Regulates Transcription R-HSA-2122947,0.51578484479193,0.9177599025642721,0.6175182481751825,0.8817875762429608,1.0,16/47,7.02%,SKP1;CREBBP;KAT2B;UBC;UBB;UBA52;HDAC3;RBX1;RPS27A;HDAC6;CCNC;HDAC2;RBPJ;TBL1X;HDAC10;NBEA,Non-classical monocytes
prerank,Reactome_2022__SUMOylation Of Ubiquitinylation Proteins R-HSA-3232142,0.5189842210291228,0.9168709320877126,0.6281481481481481,0.8827081699318863,1.0,14/39,10.04%,NUP214;SUMO1;RANBP2;SEC13;TRIM27;AAAS;POM121C;NUP50;NUP133;NUP35;MDM2;PML;NUP88;NUP98,Non-classical monocytes
prerank,Reactome_2022__Signaling By WNT In Cancer R-HSA-4791275,-0.47133914446534037,-0.9168537210078922,0.5833333333333334,1.0,1.0,10/33,7.91%,CSNK1A1;CTBP1;PPP2R1A;PPP2R5E;PPP2R1B;CTBP2;GSK3B;PPP2R5A;TNKS2;TNKS,Non-classical monocytes
prerank,Reactome_2022__Opioid Signaling R-HSA-111885,0.4712673371923772,0.9165360913870573,0.6132450331125828,0.882330837897817,1.0,27/88,11.86%,ITPR2;GNGT2;PPP3CA;GNB4;GNB1;PLA2G4A;PPP2CB;PDE4B;PPP2CA;PRKCA;PRKAR2A;PDE4D;GNAI3;PDE1B;NBEA;GRK2;CAMKK2;PLCB3;PRKAR2B;PPP3CB;KPNA2;PLCB2;CDK5;MAPK1;ITPR1;PDE1A;GNB2,Non-classical monocytes
prerank,Reactome_2022__Activation Of BAD And Translocation To Mitochondria R-HSA-111447,-0.5568197467759933,-0.9159029405644163,0.5703517587939698,1.0,1.0,5/15,1.64%,YWHAB;YWHAZ;YWHAQ;YWHAE;PPP3R1,Non-classical monocytes
prerank,MSigDB_Hallmark_2020__UV Response Dn,0.44967805799450633,0.9157831578769932,0.6287787182587666,0.7939082671300894,1.0,61/144,14.91%,NFKB1;ATXN1;SRI;FYN;NR3C1;MGMT;MRPS31;SIPA1L1;KCNMA1;SMAD3;ABCC1;RXRA;ATP2B4;GCNT1;NOTCH2;RUNX1;PRKCA;DUSP1;MTA1;IGF1R;LPAR1;SCAF8;YTHDC1;TENT4A;SMAD7;ATP2C1;PRKAR2B;DYRK1A;DBP;MAP2K5;NEK7;PHF3;DLG1;NR1D2;MIOS;PDLIM5;PIAS3;PDGFRB;APBB2;NIPBL;PEX14;IGFBP5;MT1E;PRKCE;ACVR2A;BCKDHB;ADGRL2;DDAH1;EFEMP1;RBPMS;CACNA1A;BHLHE40;ADD3;MAGI2;INPP4B;SDC2;PLCB4;LAMC1;DLC1;ARHGEF9;SLC7A1,Non-classical monocytes
prerank,Reactome_2022__SHC1 Events In EGFR Signaling R-HSA-180336,0.6181028930287744,0.9156645295302057,0.6418918918918919,0.8831899468591121,1.0,3/13,5.41%,GRB2;SOS1;NRAS,Non-classical monocytes
prerank,Reactome_2022__Signaling By ERBB2 TMD/JMD Mutants R-HSA-9665686,0.5754478292862695,0.9153938058473315,0.5952,0.8827192528909631,1.0,4/21,5.41%,GRB2;SOS1;HSP90AA1;NRAS,Non-classical monocytes
prerank,Reactome_2022__Signaling By ERBB2 In Cancer R-HSA-1227990,0.5551360912978421,0.915247823746473,0.5971786833855799,0.8820055083430003,1.0,5/25,5.41%,GRB2;SOS1;PIK3CA;HSP90AA1;NRAS,Non-classical monocytes
prerank,Reactome_2022__Adenylate Cyclase Inhibitory Pathway R-HSA-170670,-0.5721007478714685,-0.9149742366530724,0.5876777251184834,1.0,1.0,1/13,0.60%,GNAI2,Non-classical monocytes
prerank,Reactome_2022__Retrograde Transport At Trans-Golgi-Network R-HSA-6811440,0.5038865140296831,0.9148580861129484,0.6114285714285714,0.8817724767727503,1.0,24/48,13.11%,M6PR;GCC2;NAPG;TMF1;VTI1A;VAMP4;USP6NL;RAB9A;GOLGA4;COG2;NAA35;RAB6A;VPS52;GOLGA1;RABEPK;SCOC;STX10;RHOBTB3;COG7;ARFRP1;COG8;COG5;COG3;STX16,Non-classical monocytes
prerank,Reactome_2022__Serotonin Neurotransmitter Release Cycle R-HSA-181429,-0.5430646107871088,-0.9145789485353946,0.5876288659793815,1.0,1.0,8/18,16.66%,VAMP2;PPFIA1;SLC18A2;STXBP1;PPFIA2;PPFIA4;SYN3;SYN2,Non-classical monocytes
prerank,Reactome_2022__RHO GTPases Activate ROCKs R-HSA-5627117,-0.5332345930442113,-0.9142152491564031,0.5967741935483871,1.0,1.0,3/19,0.29%,PPP1CB;RHOB;ROCK1,Non-classical monocytes
prerank,Reactome_2022__Signaling By TGF-beta Receptor Complex R-HSA-170834,0.46999624278522906,0.9141903166846589,0.6174142480211082,0.8822620311321554,1.0,31/91,11.15%,STAT1;NEDD8;ITGB1;FKBP1A;CCNT1;UBC;UBB;UBA52;SMAD3;RPS27A;TGFB1;PPP1R15A;UBE2D3;RHOA;E2F4;CCNC;PPM1A;USP15;SMAD2;SMAD7;SRFBP1;UBE2D1;ITGB8;CDKN2B;SNW1;SMURF2;SMAD4;MAPK1;USP9X;RNF111;F11R,Non-classical monocytes
prerank,Reactome_2022__Mitotic Prophase R-HSA-68875,0.47074894920167604,0.9136986127642477,0.62,0.8822448716136955,1.0,33/82,11.12%,NUP214;RAB1A;USO1;RB1;RANBP2;SEC13;PPP2CB;PPP2CA;PRKCA;VRK1;AAAS;MCPH1;PRKCB;LMNB1;POM121C;LEMD3;CNEP1R1;LPIN2;LMNA;NUP50;NCAPD3;BLZF1;NEK7;NUP133;NUP35;NUP88;CCNB1;NUP98;MAPK1;SET;NCAPH2;GORASP1;RAB1B,Non-classical monocytes
prerank,Reactome_2022__Transcriptional Regulation By AP-2 (TFAP2) Family Of Transcription Factors R-HSA-8864260,0.5264652681727606,0.9130796718871425,0.6106983655274889,0.8825900910357237,1.0,8/36,7.99%,CDKN1A;DEK;CREBBP;SUMO1;HSPD1;NOP2;YEATS4;KDM5B,Non-classical monocytes
prerank,Reactome_2022__FOXO-mediated Transcription Of Cell Cycle Genes R-HSA-9617828,0.5842017069331593,0.9117583482257604,0.6446945337620579,0.8844082804235823,1.0,6/17,10.29%,CDKN1A;SMAD3;GADD45A;SMAD2;FOXO1;SMAD4,Non-classical monocytes
prerank,Reactome_2022__CREB1 Phosphorylation Thru Activation Of Adenylate Cyclase R-HSA-442720,-0.5914302835869533,-0.9112684852456672,0.6144578313253012,1.0,1.0,5/12,6.97%,CALM1;PRKAR1A;PRKACB;CREB1;PRKX,Non-classical monocytes
prerank,Reactome_2022__Chromatin Modifying Enzymes R-HSA-3247509,0.43734666969055874,0.911170491194134,0.6791131855309218,0.884530901276976,1.0,67/204,9.97%,ENY2;NFKB1;PHF20;TAF10;ARID2;CREBBP;KDM6A;GATAD2B;NCOA2;ELP5;KAT2B;ARID1B;SUZ12;KDM4C;SAP18;EPC1;KMT2A;SETD2;SAP30L;ELP6;HDAC3;PRMT1;SETD3;KMT2D;KDM6B;KDM2B;KANSL3;RUVBL2;KMT2C;AEBP2;EZH2;DPY30;SETD7;KDM3B;MTA2;SMARCE1;RBBP5;RPS2;EHMT1;MTA1;PHF21A;HDAC2;CLOCK;YEATS4;MCRS1;TBL1X;JAK2;EHMT2;PRMT3;HDAC10;TRRAP;RUVBL1;KDM5A;KDM5B;DMAP1;KAT8;RBBP4;BRD8;SGF29;KAT7;SMARCD2;ARID5B;BRMS1L;HDAC8;JADE3;CDK4;TAF6L,Non-classical monocytes
prerank,Reactome_2022__RAB GEFs Exchange GTP For GDP On RABs R-HSA-8876198,0.47248864055443635,0.9110901009314262,0.6128608923884514,0.8836425850635105,1.0,30/88,9.38%,TRAPPC5;DENND1A;RAB1A;RABGEF1;RAB18;RAB5A;RAB8A;RAB14;SBF2;DENND1C;DENND6B;DENND4C;MON1B;RAB9A;RAB3GAP1;DENND1B;ANKRD27;AKT2;TRAPPC1;TRAPPC8;TRAPPC3;RAB6A;TRAPPC2L;RIN1;GDI1;RAB5B;ALS2;RAB32;RAB13;RAB31,Non-classical monocytes
prerank,Reactome_2022__Transcriptional Regulation By MECP2 R-HSA-8986944,-0.41410435510382054,-0.9110804126621526,0.6274509803921569,1.0,1.0,20/60,9.86%,PTEN;CALM1;GPS2;TBL1XR1;TNRC6B;LBR;NCOR1;FKBP5;RNMT;CAMK2G;NCOR2;SLC2A3;CREB1;PTPN4;CAMK2D;MOV10;HIPK2;SLC6A4;PPARG;SIN3A,Non-classical monocytes
prerank,Reactome_2022__Signaling By ALK R-HSA-201556,0.5464007613025668,0.9109184018843356,0.5952380952380952,0.882980856718462,1.0,8/26,6.31%,FRS2;HDAC3;IL2RG;PIK3CA;STAT3;SRC;HDAC2;PRDM1,Non-classical monocytes
prerank,Reactome_2022__SHC1 Events In ERBB4 Signaling R-HSA-1250347,0.6190608771541215,0.9106153251129727,0.6564102564102564,0.8826013277268732,1.0,3/13,5.41%,GRB2;SOS1;NRAS,Non-classical monocytes
prerank,Reactome_2022__RNA Polymerase III Transcription Termination R-HSA-73980,0.5699049808676501,0.9095787902417669,0.6215384615384615,0.883736901548322,1.0,9/21,9.58%,POLR2L;POLR2K;CRCP;POLR2E;POLR3A;POLR1D;POLR2F;POLR3H;POLR3C,Non-classical monocytes
prerank,Reactome_2022__Mucopolysaccharidoses R-HSA-2206281,-0.5915217343373625,-0.9092617716860363,0.6182266009852216,1.0,1.0,4/11,4.49%,GUSB;IDUA;ARSB;NAGLU,Non-classical monocytes
prerank,Reactome_2022__Membrane Binding And Targetting Of GAG Proteins R-HSA-174490,0.5954673002288631,0.9082071601257774,0.6371681415929203,0.8856361049219521,1.0,8/15,8.23%,UBC;UBB;UBA52;RPS27A;VPS28;UBAP1;MVB12B;VPS37C,Non-classical monocytes
prerank,Reactome_2022__Gastrin-CREB Signaling Pathway Via PKC And MAPK R-HSA-881907,0.5743717714672782,0.9081612595484625,0.62,0.8846839752016402,1.0,7/17,10.35%,GRB2;SOS1;RPS6KA2;PRKCA;NRAS;RPS6KA1;MAPK1,Non-classical monocytes
prerank,Reactome_2022__Synthesis Of Bile Acids And Bile Salts Via 7Alpha-Hydroxycholesterol R-HSA-193368,0.5502172626784385,0.9079475530519013,0.6012461059190031,0.8840853867341991,1.0,3/24,4.85%,NCOA2;RXRA;ACOT8,Non-classical monocytes
prerank,Reactome_2022__TP53 Regulates Transcription Of Genes Involved In G2 Cell Cycle Arrest R-HSA-6804114,0.5828095975303536,0.9068847752534037,0.6449511400651465,0.8852915256078265,1.0,7/18,10.08%,BAX;PRMT1;E2F4;PCNA;GADD45A;CCNB1;REXO2,Non-classical monocytes
prerank,Reactome_2022__Transport Of Ribonucleoproteins Into Host Nucleus R-HSA-168271,0.5259028369193467,0.9066212046747112,0.6394658753709199,0.8847525209073478,1.0,12/35,10.04%,NUP214;RANBP2;SEC13;AAAS;KPNB1;POM121C;BLOC1S6;NUP50;NUP133;NUP35;NUP88;NUP98,Non-classical monocytes
prerank,Reactome_2022__TGF-beta Receptor Signaling Activates SMADs R-HSA-2173789,0.5036362198534777,0.9065630465199387,0.6140602582496413,0.883828853192224,1.0,15/44,7.89%,NEDD8;ITGB1;FKBP1A;UBC;UBB;UBA52;SMAD3;RPS27A;TGFB1;PPP1R15A;USP15;SMAD2;SMAD7;SRFBP1;ITGB8,Non-classical monocytes
prerank,"Reactome_2022__GABA Synthesis, Release, Reuptake And Degradation R-HSA-888590",0.5691992413956147,0.9052400813460493,0.6304700162074555,0.8855813211742993,1.0,2/19,1.83%,HSPA8;DNAJC5,Non-classical monocytes
prerank,Reactome_2022__Extension Of Telomeres R-HSA-180786,0.4993024259284181,0.9052345193667279,0.6291012838801712,0.8845543599286818,1.0,16/50,10.67%,NOP10;RUVBL2;PPP6R3;RFC2;RPA3;PCNA;NHP2;POLD1;RUVBL1;TINF2;POLA1;PPP6C;POLA2;DKC1;RFC3;GAR1,Non-classical monocytes
prerank,Reactome_2022__Interactions Of Vpr With Host Cellular Proteins R-HSA-176033,0.5189333428504486,0.9051315498898317,0.636098981077147,0.8837299510466076,1.0,12/38,10.04%,NUP214;SLC25A5;RANBP2;SEC13;AAAS;POM121C;NUP50;NUP133;NUP35;HMGA1;NUP88;NUP98,Non-classical monocytes
prerank,Reactome_2022__Glycosaminoglycan Metabolism R-HSA-1630316,0.4513536608280104,0.9046829963337737,0.641318124207858,0.8836143152529383,1.0,33/120,14.47%,XYLT1;PAPSS1;B4GALT1;CSGALNACT2;ST3GAL1;ST3GAL6;ST3GAL2;HEXA;B4GALT7;CHORDC1;ST3GAL3;SDC4;CHSY1;GNS;HPSE;SGSH;ABCC5;GLB1;B4GALT4;PAPSS2;CHST12;XYLT2;GLB1L;HYAL2;HS3ST1;SDC1;CEMIP;B3GAT2;SDC3;CHPF;AGRN;GPC3;SDC2,Non-classical monocytes
prerank,Reactome_2022__Oxidative Stress Induced Senescence R-HSA-2559580,0.47950248130477996,0.903601716585832,0.6236559139784946,0.8849238303011775,1.0,22/63,10.76%,AGO3;SUZ12;MAP2K4;UBC;UBB;RNF2;UBA52;RPS27A;MAPKAPK3;KDM6B;MAPK9;EZH2;TXN2;MAP2K6;AGO4;TNRC6C;RBBP4;CDKN2B;MDM2;CDK4;MAPK1;E2F3,Non-classical monocytes
prerank,Reactome_2022__EML4 And NUDC In Mitotic Spindle Formation R-HSA-9648025,-0.39352612098834117,-0.903387140140842,0.6351351351351351,1.0,1.0,24/95,6.90%,XPO1;KIF2A;NEK6;CLIP1;TAOK1;NUP43;CLASP2;SEH1L;RANGAP1;PPP2R1A;PPP2R5E;NUDC;ZWILCH;PPP2R1B;CENPU;MAPRE1;PPP1CC;NUP160;PPP2R5A;KANSL1;SGO2;NUP85;BUB3;DYNC1LI2,Non-classical monocytes
prerank,Reactome_2022__Glucagon Signaling In Metabolic Regulation R-HSA-163359,0.5258707034279851,0.9027722678127331,0.6417445482866043,0.885580654781187,1.0,6/32,7.37%,GNB4;GNB1;PRKCA;PRKAR2A;GNAS;PRKAR2B,Non-classical monocytes
prerank,Reactome_2022__Phosphorylation Of CD3 And TCR Zeta Chains R-HSA-202427,0.5719489439787557,0.901431060944841,0.6435643564356436,0.8873330725234151,1.0,5/17,4.71%,HLA-DQA2;HLA-DPA1;CD4;PTPRC;HLA-DQA1,Non-classical monocytes
prerank,Reactome_2022__ADP Signaling Thru P2Y Purinoceptor 12 R-HSA-392170,0.5535844907038067,0.9009370079143019,0.6172638436482085,0.8872450541940409,1.0,9/22,15.46%,GNGT2;GNB4;GNB1;GNAI3;P2RY12;GNB2;GNAI1;GNG7;GNG11,Non-classical monocytes
prerank,Reactome_2022__Norepinephrine Neurotransmitter Release Cycle R-HSA-181430,-0.5350771412605879,-0.9008616891902445,0.6304909560723514,1.0,1.0,6/18,15.44%,VAMP2;PPFIA1;SLC18A2;STXBP1;PPFIA2;PPFIA4,Non-classical monocytes
prerank,Reactome_2022__Signaling By Retinoic Acid R-HSA-5362517,0.4984195878691164,0.9008398165258532,0.6409090909090909,0.8863934519400463,1.0,11/41,8.83%,RXRA;PDHB;PDHA1;PDHX;RDH11;RDH14;PDK3;PPARD;DHRS9;RXRB;RDH10,Non-classical monocytes
prerank,Reactome_2022__RAC1 GTPase Cycle R-HSA-9013149,0.4367773963670247,0.9001936814265783,0.6784037558685446,0.8868143840640944,1.0,49/176,11.42%,CYBA;BRK1;ITGB1;ARHGEF11;WIPF1;ARHGAP27;KTN1;CYBB;ARHGAP1;FMNL1;ARHGAP12;ARAP2;SOS1;SH3BP1;PIK3CA;SPATA13;PRKCSH;VAV3;WASF2;ARHGDIB;FAM13B;IQGAP1;ABI1;GNA13;DEF6;ARHGAP26;LEMD3;DOCK10;DOCK2;TFRC;TAGAP;PKN1;CYFIP2;ARHGEF7;ALS2;ARHGAP32;DHDDS;PLEKHG2;DOCK8;NISCH;FARP1;TIAM1;ARHGAP29;RACGAP1;FAM13A;SLC1A5;PAK4;ARHGAP35;ARHGAP31,Non-classical monocytes
prerank,Reactome_2022__Factors Involved In Megakaryocyte Development And Platelet Production R-HSA-983231,-0.3705645733976872,-0.8993813151887916,0.7905759162303665,1.0,1.0,19/133,6.87%,CDC42;KLC1;KIF2A;RCOR1;PRKAR1A;KIFC2;EHD1;MAFK;MFN1;KIF3B;PRKACB;DOCK5;KIF16B;ZFPM1;ITPK1;CAPZA1;KIFAP3;DOCK7;CABLES2,Non-classical monocytes
prerank,Reactome_2022__Potassium Channels R-HSA-1296071,0.4550892687078319,0.8988378766902754,0.6706192358366272,0.8885884103779844,1.0,14/102,15.46%,GNGT2;GNB4;KCNMA1;GNB1;KCNAB2;KCNJ16;KCNJ1;KCNJ10;GNB2;KCNH3;KCNJ3;KCNMB1;GNG7;GNG11,Non-classical monocytes
prerank,Reactome_2022__Organic Anion Transporters R-HSA-428643,0.6315805321697201,0.8985999718391442,0.658703071672355,0.8881046309191329,1.0,3/10,24.02%,SLC17A5;SLC25A22;SLC17A1,Non-classical monocytes
prerank,Reactome_2022__Nicotinamide Salvaging R-HSA-197264,0.5683460422267452,0.8978759546151674,0.660655737704918,0.8885786495616318,1.0,6/19,8.74%,PARP14;PARP9;RNLS;NAPRT;PARP6;PARP10,Non-classical monocytes
prerank,Reactome_2022__MyD88 Deficiency (TLR2/4) R-HSA-5602498,0.5759743060906112,0.8977211549775511,0.6507666098807495,0.8878828645284128,1.0,5/17,6.43%,TLR1;MYD88;LY96;NDUFA2;S100A8,Non-classical monocytes
prerank,Reactome_2022__NOTCH2 Intracellular Domain Regulates Transcription R-HSA-2197563,-0.5763678631971391,-0.8969255301421662,0.6181818181818182,1.0,1.0,3/11,5.92%,EP300;MAML3;CREB1,Non-classical monocytes
prerank,Reactome_2022__RNA Polymerase I Transcription Initiation R-HSA-73762,0.5006244318722931,0.8966009439478876,0.6349206349206349,0.8890905805803618,1.0,17/43,8.25%,POLR2L;POLR2K;GATAD2B;KAT2B;ERCC3;GTF2H5;MTA2;POLR2E;MTA1;HDAC2;GTF2H4;TAF1D;EHMT2;CCNH;POLR1D;RBBP4;POLR2F,Non-classical monocytes
prerank,Reactome_2022__RHOC GTPase Cycle R-HSA-9013106,-0.4011974216905802,-0.8964433789810686,0.6547619047619048,1.0,1.0,21/73,8.54%,SLK;ROCK1;C1QBP;MYO9B;FLOT1;FLOT2;LBR;VAV2;DIAPH1;ARHGEF40;ERBIN;ARHGAP5;ACBD5;AKAP13;ARHGAP18;PIK3R1;ARHGEF10L;PKN2;MACO1;JUP;LMAN1,Non-classical monocytes
prerank,Reactome_2022__Unattached Kinetochores Signal Amplification Via A MAD2 Inhibitory Signal R-HSA-141444,-0.394817983668438,-0.8961183508621429,0.6444444444444445,1.0,1.0,23/91,6.90%,XPO1;KIF2A;CLIP1;TAOK1;NUP43;CLASP2;SEH1L;RANGAP1;PPP2R1A;PPP2R5E;NUDC;ZWILCH;PPP2R1B;CENPU;MAPRE1;PPP1CC;NUP160;PPP2R5A;KANSL1;SGO2;NUP85;BUB3;DYNC1LI2,Non-classical monocytes
prerank,Reactome_2022__Dopamine Neurotransmitter Release Cycle R-HSA-212676,-0.5141891934625902,-0.8957787873902984,0.6189189189189189,1.0,1.0,9/23,16.66%,VAMP2;LIN7C;PPFIA1;SLC18A2;STXBP1;PPFIA2;PPFIA4;SYN3;SYN2,Non-classical monocytes
prerank,Reactome_2022__Defective TPR May Confer Susceptibility Towards Thyroid Papillary Carcinoma (TPC) R-HSA-5619107,0.5242806031545295,0.895318905212111,0.6447761194029851,0.8907954362238639,1.0,11/32,10.04%,NUP214;RANBP2;SEC13;AAAS;POM121C;NUP50;MAP4K5;NUP133;NUP35;NUP88;NUP98,Non-classical monocytes
prerank,Reactome_2022__Negative Epigenetic Regulation Of rRNA Expression R-HSA-5250941,0.49811618096414295,0.8950207793566073,0.6541244573082489,0.8903344063587671,1.0,16/45,8.25%,POLR2L;POLR2K;SAP18;SAP30L;ERCC3;GTF2H5;DNMT1;SMARCA5;POLR2E;HDAC2;GTF2H4;TAF1D;SAP30BP;CCNH;POLR1D;POLR2F,Non-classical monocytes
prerank,Reactome_2022__Notch-HLH Transcription Pathway R-HSA-350054,0.5345374648781531,0.8946238538376066,0.6420118343195266,0.8901118804282466,1.0,11/28,9.65%,CREBBP;KAT2B;HDAC3;NOTCH2;HDAC6;HDAC2;RBPJ;TBL1X;HDAC10;SNW1;HDAC8,Non-classical monocytes
prerank,Reactome_2022__RNA Polymerase I Transcription R-HSA-73864,0.49479424584248893,0.8941362960334075,0.6518624641833811,0.8901003726993932,1.0,17/47,8.25%,POLR2L;POLR2K;GATAD2B;KAT2B;ERCC3;GTF2H5;MTA2;POLR2E;MTA1;HDAC2;GTF2H4;TAF1D;EHMT2;CCNH;POLR1D;RBBP4;POLR2F,Non-classical monocytes
prerank,Reactome_2022__ESR-mediated Signaling R-HSA-8939211,0.439377956167966,0.8941175470105088,0.7001223990208079,0.8891160614680605,1.0,36/159,6.76%,POLR2J;PTGES3;GTF2A2;POLR2L;AGO3;GNGT2;CREBBP;POLR2K;CCNT1;NCOA2;KAT2B;GNB4;POLR2A;GTF2F2;ZDHHC21;GNB1;PRMT1;RUNX1;PIK3CA;GTF2A1;HSP90AA1;POLR2G;NRIP1;POLR2D;SRC;AKT2;POLR2E;NRAS;IGF1R;POLR2C;POLR2B;SRF;AGO4;GNAI3;CXXC5;SMC3,Non-classical monocytes
prerank,Reactome_2022__NR1H3 And NR1H2 Regulate Gene Expression Linked To Cholesterol Transport And Efflux R-HSA-9029569,-0.45906666463651874,-0.8940973596556248,0.6276276276276276,1.0,1.0,8/36,2.56%,EP300;NCOA1;GPS2;TBL1XR1;TNRC6B;ARL4C;KDM1B;NCOR1,Non-classical monocytes
prerank,Reactome_2022__Constitutive Signaling By Overexpressed ERBB2 R-HSA-9634285,0.6326599903410907,0.8933439187823112,0.6723842195540308,0.8897273947102489,1.0,4/10,5.41%,GRB2;SOS1;HSP90AA1;NRAS,Non-classical monocytes
prerank,Reactome_2022__Antigen Activates B Cell Receptor Leading To Second Messenger Generation R-HSA-983695,0.5244624593834056,0.8932504219045738,0.6528803545051699,0.8888954090537399,1.0,6/30,3.19%,ITPR2;FYN;GRB2;LYN;STIM1;SOS1,Non-classical monocytes
prerank,Reactome_2022__Extra-nuclear Estrogen Signaling R-HSA-9009391,-0.4125938252201523,-0.8931609316440823,0.7148148148148148,1.0,1.0,18/73,7.87%,XPO1;CALM1;GNAI2;UHMK1;FOS;STRN;PIK3R3;HRAS;ZDHHC7;GNG2;CREB1;PIK3R1;AREG;SHC1;PDPK1;ESR1;PTK2;AKT1,Non-classical monocytes
prerank,Reactome_2022__Signaling By EGFR R-HSA-177929,0.49280486699202886,0.8929577864407281,0.6569767441860465,0.8885067663691387,1.0,13/49,5.45%,GRB2;EPS15;UBC;UBB;UBA52;RPS27A;SOS1;PIK3CA;SH3GL1;SRC;STAM;NRAS;AAMP,Non-classical monocytes
prerank,Reactome_2022__SUMOylation Of DNA Damage Response And Repair Proteins R-HSA-3108214,0.4681916242786332,0.8908740501068007,0.6512549537648613,0.8918265128029867,1.0,22/75,10.04%,SUMO2;NUP214;SUMO1;XRCC4;RNF2;RANBP2;SEC13;RNF168;AAAS;NSMCE1;POM121C;XPC;SMC3;NUP50;NSMCE3;NSMCE4A;SMC5;NUP133;NUP35;PML;NUP88;NUP98,Non-classical monocytes
prerank,Reactome_2022__Gap Junction Degradation R-HSA-190873,0.6402968370100501,0.8908303713918126,0.7181208053691275,0.8908918398982754,1.0,2/10,6.89%,CLTB;CLTA,Non-classical monocytes
prerank,Reactome_2022__Signaling By Nuclear Receptors R-HSA-9006931,0.42046902023218535,0.8907118339047158,0.7357630979498861,0.8901180060769018,1.0,49/231,6.76%,POLR2J;PTGES3;GTF2A2;POLR2L;AGO3;GNGT2;CREBBP;POLR2K;CCNT1;NCOA2;KAT2B;ABCA1;GNB4;POLR2A;GTF2F2;ZDHHC21;HDAC3;GNB1;RXRA;PDHB;PRMT1;RUNX1;PIK3CA;GTF2A1;HSP90AA1;PDHA1;POLR2G;PDHX;RDH11;NRIP1;POLR2D;RDH14;SRC;PDK3;AKT2;POLR2E;NRAS;IGF1R;POLR2C;POLR2B;PPARD;SRF;AGO4;DHRS9;TBL1X;GNAI3;RXRB;CXXC5;SMC3,Non-classical monocytes
prerank,Reactome_2022__Synthesis Of Leukotrienes (LT) And Eoxins (EX) R-HSA-2142691,-0.5181384729529472,-0.8906100800168815,0.6164383561643836,1.0,1.0,3/21,7.01%,ALOX5;MAPKAPK2;CYP4F22,Non-classical monocytes
prerank,Reactome_2022__Deposition Of New CENPA-containing Nucleosomes At Centromere R-HSA-606279,0.5448999954182093,0.8905506747988728,0.6646058732612056,0.8894099009853637,1.0,17/26,18.63%,CENPT;SMARCA5;CENPQ;RUVBL1;CENPP;RBBP4;CENPX;CENPL;ITGB3BP;CENPW;MIS18A;OIP5;CENPH;CENPN;CENPA;CENPK;CENPO,Non-classical monocytes
prerank,"Reactome_2022__Adrenaline,noradrenaline Inhibits Insulin Secretion R-HSA-400042",0.5213729822819406,0.8901726344013345,0.6436251920122887,0.889196510448093,1.0,3/28,3.10%,GNGT2;GNB4;GNB1,Non-classical monocytes
prerank,Reactome_2022__Telomere Extension By Telomerase R-HSA-171319,0.5459282528162243,0.8896171027580912,0.651685393258427,0.889348504254615,1.0,9/23,10.67%,NOP10;RUVBL2;PPP6R3;NHP2;RUVBL1;TINF2;PPP6C;DKC1;GAR1,Non-classical monocytes
prerank,Reactome_2022__RNA Polymerase I Promoter Clearance R-HSA-73854,0.4947964939559839,0.8893446842259201,0.6518624641833811,0.8888765078196561,1.0,17/46,8.25%,POLR2L;POLR2K;GATAD2B;KAT2B;ERCC3;GTF2H5;MTA2;POLR2E;MTA1;HDAC2;GTF2H4;TAF1D;EHMT2;CCNH;POLR1D;RBBP4;POLR2F,Non-classical monocytes
prerank,Reactome_2022__FCGR3A-mediated IL10 Synthesis R-HSA-9664323,0.5112895967318654,0.8871399024479746,0.6522388059701493,0.8922885687871462,1.0,8/35,4.91%,ITPR2;FYN;LYN;FCGR2A;HCK;PRKCA;SRC;PRKAR2A,Non-classical monocytes
prerank,Reactome_2022__G-protein Beta:Gamma Signaling R-HSA-397795,0.5122140821353267,0.8864097728421102,0.6666666666666666,0.8927490490283664,1.0,9/32,9.19%,GNGT2;GNB4;GNB1;RHOA;AKT2;PIK3R5;PLCB3;PKN1;PLCB2,Non-classical monocytes
prerank,Reactome_2022__Myogenesis R-HSA-525793,0.5230460448584048,0.8862840850228723,0.683076923076923,0.8920027174651728,1.0,7/29,6.84%,MEF2C;CTNNB1;SPAG9;BNIP2;MEF2D;MAP2K6;ABL1,Non-classical monocytes
prerank,Reactome_2022__Activation Of BH3-only Proteins R-HSA-114452,-0.4767631585797061,-0.8858214133574784,0.6297376093294461,1.0,1.0,6/30,1.64%,YWHAB;YWHAZ;YWHAQ;YWHAE;BCL2L11;PPP3R1,Non-classical monocytes
prerank,Reactome_2022__Mitotic Telophase/Cytokinesis R-HSA-68884,-0.5595530389566311,-0.8856848391421451,0.6279683377308707,1.0,1.0,6/13,7.86%,MAU2;RAD21;STAG2;PDS5B;WAPL;SMC1A,Non-classical monocytes
prerank,Reactome_2022__Regulation Of PLK1 Activity At G2/M Transition R-HSA-2565942,0.4578116747157575,0.8847378422387888,0.6771653543307087,0.8942201196710861,1.0,36/86,10.37%,FBXW11;SKP1;DYNLL1;SSNA1;TUBA1A;RAB8A;UBC;ACTR1A;UBB;UBA52;CEP192;RPS27A;CDK5RAP2;CLASP1;HSP90AA1;PRKCA;HAUS1;TUBB;TUBG1;ODF2;CEP135;HAUS8;DCTN2;DCTN3;CKAP5;CEP41;PRKAR2B;AKAP9;DYNC1H1;PAFAH1B1;CEP78;BTRC;CCNB1;CENPJ;OFD1;PPP1R12B,Non-classical monocytes
prerank,Reactome_2022__Carnitine Metabolism R-HSA-200425,-0.582328028731857,-0.8846109164130809,0.6618357487922706,1.0,1.0,7/11,8.58%,SLC25A20;MID1IP1;PRKAB2;SLC22A5;PRKAG2;CPT1A;PRKAA2,Non-classical monocytes
prerank,Reactome_2022__Diseases Of Mitotic Cell Cycle R-HSA-9675126,0.5035191024999329,0.8840559179543922,0.6539027982326951,0.894596936979236,1.0,11/38,7.97%,CDKN1A;UBE2E1;ANAPC11;ANAPC4;ANAPC5;RB1;CDC27;CDC26;CDKN1C;UBE2D1;CDC16,Non-classical monocytes
prerank,Reactome_2022__Defects Of Contact Activation System (CAS) And Kallikrein/Kinin System (KKS) R-HSA-9651496,0.5832135697440248,0.8837225832594878,0.6613162118780096,0.8942708829352396,1.0,4/15,12.92%,SERPING1;GGCX;ZNF160;TPST1,Non-classical monocytes
prerank,Reactome_2022__RHO GTPases Activate Formins R-HSA-5663220,0.4451872854737998,0.883488812187267,0.7121212121212122,0.8937420673580457,1.0,42/117,10.68%,PFN1;ITGB1;DYNLL1;EVL;ACTG1;PPP2R5C;AHCTF1;RPS27;FMNL1;SKA2;RANBP2;SEC13;CENPT;PPP2CB;PPP2CA;RHOA;FMNL2;CLASP1;SRC;RHOC;DIAPH2;DVL3;DAAM1;FMNL3;RCC2;CENPQ;SRF;ZW10;CKAP5;MRTFA;SPDL1;B9D2;CENPP;DYNC1H1;CENPE;PAFAH1B1;NUP133;CENPL;NUP98;ZWINT;ITGB3BP;DYNC1LI1,Non-classical monocytes
prerank,Reactome_2022__Defective B3GALT6 Causes EDSP2 And SEMDJL1 R-HSA-4420332,-0.5069847223132298,-0.8832447409997467,0.6209677419354839,1.0,1.0,2/20,2.57%,VCAN;B3GALT6,Non-classical monocytes
prerank,Reactome_2022__Glutathione Synthesis And Recycling R-HSA-174403,0.5931956976871076,0.8829603037435924,0.6566666666666666,0.893891537046441,1.0,3/12,12.70%,CNDP2;PRNP;GCLC,Non-classical monocytes
prerank,MSigDB_Hallmark_2020__Myogenesis,0.4233593789541504,0.8829525156815823,0.7634660421545667,0.8521326325477753,1.0,31/199,10.97%,GADD45B;MEF2C;CDKN1A;ITGB1;IFRD1;ATP6AP1;GABARAPL2;RB1;SIRT2;MRAS;TGFB1;SH2B1;MEF2D;SORBS3;BAG1;AKT2;TNNT1;IGFBP7;MYOM1;MYOM2;CRYAB;BIN1;CLU;CKB;PRNP;COX7A1;FABP3;MYH9;CNN3;SLC6A8;MYBPH,Non-classical monocytes
prerank,Reactome_2022__Signaling By Erythropoietin R-HSA-9006335,0.5347787555218325,0.8829209784106685,0.655448717948718,0.8929815796350294,1.0,11/24,9.63%,GRB2;LYN;SOS1;PIK3CA;STAT5B;NRAS;RAPGEF1;JAK2;PIK3R5;CRKL;PIGU,Non-classical monocytes
prerank,Reactome_2022__Circadian Clock R-HSA-400253,0.46697671958895964,0.8814522949457403,0.654843110504775,0.8947814589019624,1.0,23/66,7.18%,MEF2C;SKP1;CREBBP;NCOA2;NR3C1;UBC;UBB;UBA52;HDAC3;RXRA;RPS27A;RBM4;MEF2D;NFIL3;CRY2;NRIP1;FBXL3;CLOCK;TBL1X;NOCT;PER1;CHD9;CRY1,Non-classical monocytes
prerank,Reactome_2022__Signaling By Non-Receptor Tyrosine Kinases R-HSA-9006927,0.48254266668875617,0.8814229347859227,0.6694444444444444,0.8938260034516121,1.0,19/52,13.02%,NR3C1;UBC;UBB;UBA52;RPS27A;RHOA;STAT3;SOCS3;NRAS;PTPN1;KHDRBS2;DOK1;ELMO1;CDK4;PTK6;ARHGAP35;DOCK1;PELP1;HBEGF,Non-classical monocytes
prerank,Reactome_2022__Transcriptional Regulation Of Pluripotent Stem Cells R-HSA-452723,-0.46658840470672874,-0.8810963248387719,0.6184615384615385,1.0,1.0,2/30,1.24%,KLF4;HHEX,Non-classical monocytes
prerank,Reactome_2022__Activation Of Kainate Receptors Upon Glutamate Binding R-HSA-451326,0.5137016075198116,0.880704415020368,0.6620370370370371,0.894235860328039,1.0,10/29,15.46%,GNGT2;GNB4;GNB1;PLCB3;DLG1;PLCB2;GNB2;GRIK1;GNG7;GNG11,Non-classical monocytes
prerank,Reactome_2022__Transmission Across Chemical Synapses R-HSA-112315,0.41589689459453594,0.8802779198526091,0.7471910112359551,0.8940711867477419,1.0,42/246,10.35%,AP2S1;HSPA8;GNGT2;DNAJC5;GNB4;SH2D3C;GNB1;RPS6KA2;GLUL;PRKCA;SRC;PRKAR2A;TSPOAP1;AP2A2;NRAS;PRKCB;KCNJ16;ALDH2;NAAA;CAMK1;GNAI3;AP2A1;NBEA;CAMKK2;PLCB3;PRKAR2B;ARL6IP5;PPM1F;ARHGEF7;RPS6KA1;KPNA2;DLG1;PLCB2;COMT;PRKAA1;MDM2;UNC13B;EPB41L1;KCNJ10;CHRNE;LIN7B;MAPK1,Non-classical monocytes
prerank,Reactome_2022__AKT Phosphorylates Targets In Cytosol R-HSA-198323,0.5814313353642592,0.8796783401117614,0.6608391608391608,0.8943366115278486,1.0,4/14,5.10%,CDKN1A;MKRN1;BAD;AKT2,Non-classical monocytes
prerank,Reactome_2022__TFAP2 (AP-2) Family Regulates Transcription Of Growth Factors And Their Receptors R-HSA-8866910,-0.5473872401662535,-0.8796421594474784,0.6213592233009708,1.0,1.0,2/13,7.58%,YY1;ESR1,Non-classical monocytes
prerank,Reactome_2022__Crosslinking Of Collagen Fibrils R-HSA-2243919,0.6102538130965564,0.8784028602149007,0.6879310344827586,0.8958197017361764,1.0,3/10,12.58%,LOXL3;BMP1;PCOLCE,Non-classical monocytes
prerank,Reactome_2022__PERK Regulates Gene Expression R-HSA-381042,0.5131610161032909,0.8779201991330525,0.649016641452345,0.8957627094553835,1.0,14/32,11.20%,ATF6;HERPUD1;KHSRP;PARN;CEBPB;EXOSC1;EIF2AK3;EXOSC9;EIF2S3;EXOSC3;CCL2;EIF2S1;CXCL8;ATF3,Non-classical monocytes
prerank,MSigDB_Hallmark_2020__Wnt-beta Catenin Signaling,0.49955654727961185,0.8778434162400124,0.682089552238806,0.842850049652433,1.0,13/42,15.92%,CTNNB1;NUMB;HDAC2;PPARD;RBPJ;AXIN1;TCF7;PSEN2;FZD1;HDAC5;NOTCH1;GNAI1;NOTCH4,Non-classical monocytes
prerank,Reactome_2022__tRNA Aminoacylation R-HSA-379724,0.5276144726031026,0.8775372009437704,0.6401869158878505,0.8955386042792545,1.0,8/24,8.60%,PPA2;AIMP2;DARS2;FARSA;RARS2;FARS2;CARS2;LARS2,Non-classical monocytes
prerank,Reactome_2022__Class C/3 (Metabotropic Glutamate/Pheromone Receptors) R-HSA-420499,-0.43821950070766824,-0.8772779963791674,0.6579804560260586,1.0,1.0,2/39,10.78%,CASR;GRM7,Non-classical monocytes
prerank,Reactome_2022__Voltage Gated Potassium Channels R-HSA-1296072,-0.4356046952711826,-0.876333968352203,0.6925566343042071,1.0,1.0,2/43,3.36%,KCNQ1;KCNC3,Non-classical monocytes
prerank,Reactome_2022__DNA Damage Recognition In GG-NER R-HSA-5696394,0.5015082074131535,0.8760853601980788,0.6631419939577039,0.8973114945119083,1.0,13/37,7.59%,CUL4A;UBC;UBB;UBA52;RBX1;RPS27A;XPC;MCRS1;DDB1;INO80;COPS2;RUVBL1;COPS4,Non-classical monocytes
prerank,Reactome_2022__Late SARS-CoV-2 Infection Events R-HSA-9772573,0.4710002217246892,0.8758223506994023,0.6949152542372882,0.8968216202824688,1.0,18/58,6.02%,SUMO1;PARP14;DAD1;UBC;UBB;UBA52;ST3GAL1;RPS27A;ST3GAL2;PRMT1;PRKCSH;PARP9;MAGT1;ST6GALNAC4;EDEM2;MGAT5;ST3GAL3;DDOST,Non-classical monocytes
prerank,Reactome_2022__Mitochondrial Iron-Sulfur Cluster Biogenesis R-HSA-1362409,0.593486429212419,0.8737908404945093,0.6836065573770492,0.8998413157286086,1.0,7/13,8.84%,ISCU;ISCA2;FDX1;FXN;FDX2;LYRM4;FDXR,Non-classical monocytes
prerank,Reactome_2022__Recruitment Of NuMA To Mitotic Centrosomes R-HSA-380320,-0.38262279178689745,-0.8736304492730951,0.7125984251968503,1.0,1.0,19/79,6.41%,PCM1;NEDD1;TUBGCP2;MZT2B;DCTN1;YWHAE;HAUS4;CNTRL;ALMS1;PPP2R1A;CCP110;CSNK1D;HAUS3;MAPRE1;TUBB4B;TUBGCP3;PCNT;TUBGCP6;CEP131,Non-classical monocytes
prerank,Reactome_2022__Transport Of Mature mRNAs Derived From Intronless Transcripts R-HSA-159234,0.4859570362253562,0.8727028401851127,0.654178674351585,0.901056676723568,1.0,14/43,10.04%,NUP214;RANBP2;SEC13;NCBP1;AAAS;ALYREF;POM121C;NUP50;CPSF2;SLBP;NUP133;NUP35;NUP88;NUP98,Non-classical monocytes
prerank,Reactome_2022__CaM Pathway R-HSA-111997,-0.4512371921983059,-0.8718444520926723,0.6546961325966851,1.0,1.0,9/33,8.91%,CALM1;PRKAR1A;PRKCD;CAMK2G;PRKACB;CREB1;PRKX;CAMK2D;ADCY9,Non-classical monocytes
prerank,Reactome_2022__PKA-mediated Phosphorylation Of CREB R-HSA-111931,-0.5075905988465024,-0.8700464423368761,0.6259541984732825,1.0,1.0,6/19,8.91%,CALM1;PRKAR1A;PRKACB;CREB1;PRKX;ADCY9,Non-classical monocytes
prerank,Reactome_2022__Ethanol Oxidation R-HSA-71384,-0.5714169926459998,-0.8698590010083,0.6142506142506142,1.0,1.0,2/11,3.67%,ACSS2;ALDH1A1,Non-classical monocytes
prerank,Reactome_2022__Sodium/Calcium Exchangers R-HSA-425561,-0.5800088894052846,-0.8692418403181467,0.6707021791767555,1.0,1.0,2/10,0.57%,SLC8B1;CALM1,Non-classical monocytes
prerank,Reactome_2022__Signaling By NTRK1 (TRKA) R-HSA-187037,0.43316805054951757,0.867858886805363,0.7307692307692307,0.9093965416930269,1.0,34/114,9.41%,AP2S1;MEF2C;NAB1;SGK1;FRS2;GRB2;LYL1;SOS1;RPS6KA2;PPP2CB;PIK3CA;PPP2CA;RHOA;STAT3;MEF2D;MAPKAPK3;NAB2;SRC;AP2A2;TRIB1;NRAS;RAPGEF1;SRF;ID2;AP2A1;CLTA;RPS6KA5;MAP2K5;BRAF;VRK3;RALB;RPS6KA1;MAP2K1;CRKL,Non-classical monocytes
prerank,Reactome_2022__Sema4D In Semaphorin Signaling R-HSA-400685,0.5310289575466499,0.8676050832981642,0.7049689440993789,0.9088927776945778,1.0,12/24,11.12%,MYL12B;RRAS;ARHGEF11;MYL6;RHOA;SEMA4D;RHOC;LIMK1;ARHGEF12;MYH9;MYH10;ARHGAP35,Non-classical monocytes
prerank,Reactome_2022__L1CAM Interactions R-HSA-373760,0.43954230653660575,0.8675070702825157,0.7273885350318471,0.9080690240005677,1.0,24/99,12.43%,AP2S1;HSPA8;DPYSL2;ITGB1;NUMB;RPS6KA2;SDCBP;SRC;RANBP9;AP2A2;AP2A1;CLTA;CSNK2B;RPS6KA5;PKN1;RPS6KA1;DLG1;MAP2K1;MAPK1;DNM3;ALCAM;RPS6KA6;ANK2;FGFR1,Non-classical monocytes
prerank,Reactome_2022__Transport Of SLBP Dependant Mature mRNA R-HSA-159230,0.49652959857879897,0.8673977081399946,0.6637037037037037,0.9072929078469404,1.0,13/36,10.04%,NUP214;RANBP2;SEC13;NCBP1;AAAS;ALYREF;POM121C;NUP50;SLBP;NUP133;NUP35;NUP88;NUP98,Non-classical monocytes
prerank,Reactome_2022__Regulation Of Beta-Cell Development R-HSA-186712,0.49391102746586596,0.866282487104794,0.6872246696035242,0.9084987545074152,1.0,7/40,9.93%,CREBBP;KAT2B;PDHX;AKT2;RBPJ;SNW1;FOXO1,Non-classical monocytes
prerank,Reactome_2022__Recycling Of Bile Acids And Salts R-HSA-159418,-0.516530943602822,-0.8661477012483987,0.6674876847290641,1.0,1.0,3/18,2.90%,ABCC3;NCOA1;SLC10A1,Non-classical monocytes
prerank,Reactome_2022__Positive Epigenetic Regulation Of rRNA Expression R-HSA-5250913,0.48811027830179804,0.8640951766572147,0.72,0.9116800228505927,1.0,17/42,9.20%,POLR2L;DEK;POLR2K;GATAD2B;KAT2B;SMARCA5;MTA2;POLR2E;MTA1;HDAC2;TAF1D;EHMT2;POLR1D;DDX56;RBBP4;POLR2F;MYBBP1A,Non-classical monocytes
prerank,Reactome_2022__Sema3A PAK Dependent Axon Repulsion R-HSA-399954,0.551513374069749,0.8640829731980336,0.6739469578783152,0.9106942955113538,1.0,7/16,12.87%,FYN;HSP90AA1;PKN1;LIMK1;ARHGEF7;PLXNA1;PLXNA2,Non-classical monocytes
prerank,Reactome_2022__mTORC1-mediated Signaling R-HSA-166208,-0.4733810615677662,-0.8634586923175287,0.6424731182795699,1.0,1.0,9/24,6.69%,YWHAB;RHEB;EIF4B;RRAGA;MTOR;SLC38A9;AKT1S1;LAMTOR2;LAMTOR1,Non-classical monocytes
prerank,Reactome_2022__mRNA Decay By 3 To 5 Exoribonuclease R-HSA-429958,-0.539295430522724,-0.8630453460383276,0.6633165829145728,1.0,1.0,6/13,8.34%,EXOSC6;DCPS;NT5C3B;EXOSC8;HBS1L;EXOSC5,Non-classical monocytes
prerank,Reactome_2022__tRNA Modification In Nucleus And Cytosol R-HSA-6782315,0.48674002338611366,0.8629948192438922,0.6747851002865329,0.9118146153247688,1.0,23/41,15.67%,TRMT112;TRMT61A;TRMT13;QTRT2;PUS3;QTRT1;CTU1;DUS2;CDKAL1;TRMU;NSUN2;TRMT10A;TRMT44;FTSJ1;TYW1;TYW3;TP53RK;TRMT11;PUS1;ALKBH8;ADAT3;CTU2;PUS7,Non-classical monocytes
prerank,Reactome_2022__Mitotic Spindle Checkpoint R-HSA-69618,0.43633774083411087,0.8628909868015661,0.7146433041301627,0.9110212234035489,1.0,35/108,10.68%,DYNLL1;UBE2E1;ANAPC11;ANAPC4;PPP2R5C;AHCTF1;ANAPC5;RPS27;SKA2;RANBP2;CDC27;SEC13;CENPT;PPP2CB;PPP2CA;CLASP1;CDC26;RCC2;CENPQ;ZW10;CKAP5;SPDL1;B9D2;UBE2D1;CENPP;CDC16;DYNC1H1;CENPE;PAFAH1B1;NUP133;CENPL;NUP98;ZWINT;ITGB3BP;DYNC1LI1,Non-classical monocytes
prerank,Reactome_2022__RND1 GTPase Cycle R-HSA-9696273,0.4840540229884871,0.8618934148027956,0.696969696969697,0.9119847663470563,1.0,16/42,12.61%,RBMX;FRS2;EPSTI1;UBXN11;DST;LEMD3;TFRC;FAM135A;PTPN13;TMEM59;TXNL1;FRS3;ARHGAP35;STIP1;HOMER2;PLXNA1,Non-classical monocytes
prerank,Reactome_2022__G Alpha (I) Signaling Events R-HSA-418594,0.40016455595670347,0.8607338607340976,0.8082340195016251,0.9132965887157001,1.0,56/310,12.71%,C3AR1;ITPR2;GNGT2;PPP3CA;RGS19;C5AR1;GNB4;RGS14;GNB1;CCR1;PLA2G4A;PPP2CB;PDE4B;PPP2CA;PRKCA;RGS1;SRC;PRKAR2A;FPR1;LPAR1;PDE4D;GNAS;GNAI3;PDE1B;CXCL2;NBEA;GRK2;CAMKK2;PLCB3;PRKAR2B;PTGER3;PPP3CB;RGS3;GPR18;KPNA2;PLCB2;CXCL16;CCL4;RGS10;CDK5;MAPK1;CXCL8;LPAR5;CXCL9;CXCL10;HCAR3;ITPR1;LPAR2;FPR2;P2RY12;PDE1A;GNB2;CXCR4;CCL23;C5;POMC,Non-classical monocytes
prerank,Reactome_2022__Glutamate Neurotransmitter Release Cycle R-HSA-210500,-0.4776042031210236,-0.8596275804597107,0.6417112299465241,1.0,1.0,1/23,0.34%,VAMP2,Non-classical monocytes
prerank,Reactome_2022__Transport Of Mature mRNA Derived From An Intronless Transcript R-HSA-159231,0.47829073849667814,0.858540495532107,0.6801736613603473,0.9164210271275018,1.0,13/42,10.04%,NUP214;RANBP2;SEC13;NCBP1;AAAS;ALYREF;POM121C;NUP50;CPSF2;NUP133;NUP35;NUP88;NUP98,Non-classical monocytes
prerank,Reactome_2022__Signaling By NOTCH1 R-HSA-1980143,0.45232362078283717,0.8585275734636312,0.7283621837549934,0.9154365807486983,1.0,21/73,7.02%,PSENEN;SKP1;CREBBP;KAT2B;UBC;UBB;ARRB1;UBA52;HDAC3;RBX1;NUMB;RPS27A;HDAC6;CCNC;HDAC2;APH1B;PSEN1;RBPJ;TBL1X;HDAC10;NBEA,Non-classical monocytes
prerank,Reactome_2022__Beta-oxidation Of Very Long Chain Fatty Acids R-HSA-390247,0.5846428819299299,0.8585219162042176,0.6837606837606838,0.9144436176087117,1.0,6/11,15.48%,ACOT8;ECI2;ABCD1;DECR2;MLYCD;EHHADH,Non-classical monocytes
prerank,Reactome_2022__Activation Of Gene Expression By SREBF (SREBP) R-HSA-2426168,-0.43163090953869665,-0.8582780624852665,0.7037037037037037,1.0,1.0,12/42,7.02%,IDI1;NFYC;NCOA1;TBL1XR1;SREBF1;SQLE;SC5D;NFYB;TM7SF2;MVK;CARM1;SMARCD3,Non-classical monocytes
prerank,Reactome_2022__Maturation Of Nucleoprotein R-HSA-9683610,0.5830053810286258,0.857923227120707,0.6962233169129721,0.9146445379222109,1.0,5/12,8.74%,SUMO1;PARP14;PARP9;PARP6;PARP10,Non-classical monocytes
prerank,Reactome_2022__Vpr-mediated Nuclear Import Of PICs R-HSA-180910,0.499521317556802,0.8577390087035034,0.7037037037037037,0.9140044091618907,1.0,11/35,10.04%,NUP214;RANBP2;SEC13;AAAS;POM121C;NUP50;NUP133;NUP35;HMGA1;NUP88;NUP98,Non-classical monocytes
prerank,Reactome_2022__NRAGE Signals Death Thru JNK R-HSA-193648,0.45922036263760785,0.8576622572570136,0.7270194986072424,0.9131411324604506,1.0,12/57,9.88%,ARHGEF1;ARHGEF11;ITSN1;SOS1;BAD;VAV3;GNA13;ARHGEF3;ARHGEF12;ARHGEF7;PLEKHG2;TIAM1,Non-classical monocytes
prerank,Reactome_2022__RHO GTPases Activate CIT R-HSA-5625900,-0.49964745514805253,-0.8575280152198876,0.6694444444444444,1.0,1.0,2/19,0.08%,PPP1CB;RHOB,Non-classical monocytes
prerank,Reactome_2022__Leading Strand Synthesis R-HSA-69109,0.5738723729809292,0.8573751603129253,0.7216828478964401,0.9126911604391815,1.0,6/14,10.37%,RFC2;PCNA;POLD1;POLA1;POLA2;RFC3,Non-classical monocytes
prerank,Reactome_2022__Amine Ligand-Binding Receptors R-HSA-375280,0.48155349134551084,0.8565892504990666,0.7071742313323572,0.9132563664365424,1.0,7/40,20.50%,DHX34;HTR7;CHRM5;GPR143;CHRM3;ADRA1B;HTR4,Non-classical monocytes
prerank,Reactome_2022__Regulation Of TP53 Activity Thru Acetylation R-HSA-6804758,-0.4529928523227535,-0.855827694397096,0.6743515850144092,1.0,1.0,4/29,1.65%,KAT6A;GATAD2A;EP300;CHD3,Non-classical monocytes
prerank,Reactome_2022__XBP1(S) Activates Chaperone Genes R-HSA-381038,-0.41987683070457277,-0.8557550956513647,0.7133333333333334,1.0,1.0,19/46,8.50%,DCTN1;ARFGAP1;YIF1A;SRPRB;CXXC1;MYDGF;GOSR2;ACD;SSR1;CTDSP2;DNAJC3;EDEM1;TSPYL2;SHC1;KLHDC3;DNAJB9;GSK3A;SEC31A;DDX11,Non-classical monocytes
prerank,Reactome_2022__Defects In Cobalamin (B12) Metabolism R-HSA-3296469,0.5702745155198006,0.8556039568149092,0.6949152542372882,0.9142216160174604,1.0,6/13,13.63%,TCN2;MTRR;MTR;CD320;CUBN;ABCD4,Non-classical monocytes
prerank,Reactome_2022__SUMOylation Of Transcription Cofactors R-HSA-3899300,0.48083392853440554,0.8554184653521322,0.7031019202363368,0.9135986377107758,1.0,8/42,4.61%,SUMO2;CREBBP;SUMO1;NCOA2;TRIM28;RNF2;ZNF131;NRIP1,Non-classical monocytes
prerank,Reactome_2022__Integration Of Energy Metabolism R-HSA-163685,0.43395995792673403,0.8545148203916154,0.7467866323907455,0.9142852462672632,1.0,16/105,7.37%,ITPR2;GNGT2;GNB4;TALDO1;MARCKS;GNB1;PPP2CB;PPP2CA;PRKCA;ADIPOR1;PRKAR2A;IQGAP1;AGPAT1;GNAS;PLCB3;PRKAR2B,Non-classical monocytes
prerank,Reactome_2022__Transport Of SLBP Independent Mature mRNA R-HSA-159227,0.4886332649061524,0.8544946729187947,0.6775147928994083,0.9133322179008591,1.0,12/35,10.04%,NUP214;RANBP2;SEC13;NCBP1;AAAS;ALYREF;POM121C;NUP50;NUP133;NUP35;NUP88;NUP98,Non-classical monocytes
prerank,Reactome_2022__p130Cas Linkage To MAPK Signaling For Integrins R-HSA-372708,0.5541457988959411,0.85401699358307,0.7082630691399663,0.9132211960519008,1.0,3/15,7.64%,APBB1IP;SRC;TLN1,Non-classical monocytes
prerank,Reactome_2022__KSRP (KHSRP) Binds And Destabilizes mRNA R-HSA-450604,-0.5245428682561837,-0.8538045294636804,0.6639566395663956,1.0,1.0,7/17,8.34%,YWHAZ;MAPK14;EXOSC6;DCP2;AKT1;EXOSC8;EXOSC5,Non-classical monocytes
prerank,Reactome_2022__Neuronal System R-HSA-112316,0.39577822596688855,0.8537167871504792,0.8369330453563715,0.9127956068604611,1.0,91/386,16.87%,AP2S1;HSPA8;GNGT2;DNAJC5;GNB4;DBNL;SH2D3C;SIPA1L1;KCNMA1;GNB1;KCNAB2;RPS6KA2;GLUL;PRKCA;SRC;PRKAR2A;TSPOAP1;AP2A2;IL1RAP;NRAS;PRKCB;KCNJ16;ALDH2;NAAA;CAMK1;GNAI3;AP2A1;NBEA;CAMKK2;DLGAP2;PLCB3;PRKAR2B;ARL6IP5;PPM1F;ARHGEF7;RPS6KA1;HOMER3;KCNJ1;KPNA2;DLG1;PLCB2;COMT;PRKAA1;SLITRK4;MDM2;UNC13B;EPB41L1;KCNJ10;CHRNE;EPB41;LIN7B;MAPK1;PDLIM5;PPFIBP2;APBA3;GNB2;CACNB4;RPS6KA6;HOMER2;KCNH3;SHARPIN;CACNA1A;GRIK1;GABRA2;KCNJ3;LRTOMT;NLGN3;ARHGEF9;KCNMB1;GRIN2D;GNAI1;MYO6;DLGAP1;PANX1;GNG7;GNG11;PRKAG1;LRFN4;SLC38A2;MAPT;IL1RAPL2;SLC22A2;LRFN1;GABRA4;ADCY6;KCNH8;SYT1;ACHE;PTPRD;SHANK2;ADCY2,Non-classical monocytes
prerank,Reactome_2022__B-WICH Complex Positively Regulates rRNA Expression R-HSA-5250924,0.509831397579563,0.8523570561200395,0.7241379310344828,0.914347212380522,1.0,11/27,9.20%,POLR2L;DEK;POLR2K;KAT2B;SMARCA5;POLR2E;TAF1D;POLR1D;DDX56;POLR2F;MYBBP1A,Non-classical monocytes
prerank,MSigDB_Hallmark_2020__TGF-beta Signaling,0.46644242386844836,0.852276436361166,0.7362482369534555,0.8797729844576337,1.0,18/54,10.21%,FKBP1A;CTNNB1;SMAD3;TGFB1;PPP1R15A;UBE2D3;RHOA;IFNGR2;SLC20A1;SMAD1;MAP3K7;PPM1A;ID2;SMAD7;CDKN1C;KLF10;RAB31;SMURF2,Non-classical monocytes
prerank,Reactome_2022__IL-6-type Cytokine Receptor Ligand Interactions R-HSA-6788467,0.5527794041559254,0.8522288803038969,0.7159090909090909,0.9136177128528417,1.0,6/17,15.35%,CCM2;JAK2;CLCF1;IL6ST;LIFR;JAK1,Non-classical monocytes
prerank,Reactome_2022__Chondroitin Sulfate Biosynthesis R-HSA-2022870,-0.48969221531867607,-0.8505723687138517,0.6599496221662469,1.0,1.0,4/20,5.19%,VCAN;CHST15;CHST7;CHPF2,Non-classical monocytes
prerank,Reactome_2022__Synthesis Of Bile Acids And Bile Salts Via 27-Hydroxycholesterol R-HSA-193807,0.5561858989574485,0.8497731333118503,0.7038269550748752,0.9172579254226702,1.0,2/15,3.13%,NCOA2;RXRA,Non-classical monocytes
prerank,Reactome_2022__Pyruvate Metabolism R-HSA-70268,0.4955300207713706,0.8483920237791788,0.7251184834123223,0.9188482751945043,1.0,10/31,9.88%,HAGH;RXRA;PDHB;MPC1;PDHA1;PDHX;PDK3;PPARD;LDHB;LDHA,Non-classical monocytes
prerank,Reactome_2022__SHC1 Events In ERBB2 Signaling R-HSA-1250196,0.5266359877482564,0.8479724884765141,0.6869009584664537,0.918624625002017,1.0,4/21,5.41%,GRB2;SOS1;PRKCA;NRAS,Non-classical monocytes
prerank,Reactome_2022__Synthesis Of Bile Acids And Bile Salts R-HSA-192105,0.4880368620531587,0.8472071724461868,0.6872246696035242,0.9190545054601472,1.0,6/34,9.89%,NCOA2;RXRA;ACOT8;OSBPL2;OSBPL3;OSBP,Non-classical monocytes
prerank,Reactome_2022__Anti-inflammatory Response Favoring Leishmania Infection R-HSA-9662851,0.41475283251244954,0.8471934803726968,0.7916666666666666,0.9180963985682756,1.0,29/161,12.71%,ITPR2;FYN;GNGT2;GNB4;LYN;PTRH2;GNB1;FCGR2A;HCK;PRKCA;ADM;SRC;PRKAR2A;GPBAR1;GNAS;GNAI3;PRKAR2B;CPAMD8;DPEP1;PLK2;RHBDF2;MYH9;YES1;ITPR1;FCGR1A;HTR7;GNB2;PTH2R;POMC,Non-classical monocytes
prerank,Reactome_2022__HATs Acetylate Histones R-HSA-3214847,0.4422701797750644,0.8468033613881842,0.7305630026809652,0.9178546796226095,1.0,21/77,8.36%,ENY2;PHF20;TAF10;CREBBP;NCOA2;ELP5;KAT2B;EPC1;ELP6;KANSL3;RUVBL2;CLOCK;YEATS4;MCRS1;TRRAP;RUVBL1;DMAP1;KAT8;BRD8;SGF29;KAT7,Non-classical monocytes
prerank,Reactome_2022__Collagen Degradation R-HSA-1442490,-0.42586609258781216,-0.8443753058074808,0.7388535031847133,1.0,1.0,5/40,11.20%,PHYKPL;ADAM10;CTSD;MMP19;ADAM17,Non-classical monocytes
prerank,Reactome_2022__Deactivation Of Beta-Catenin Transactivating Complex R-HSA-3769402,-0.43245657992562975,-0.8439723978595713,0.7142857142857143,1.0,1.0,12/42,8.57%,XPO1;CTBP1;YWHAZ;TLE4;TLE3;MEN1;PYGO2;XIAP;ASH2L;TCF7L1;AKT1;CHD8,Non-classical monocytes
prerank,Reactome_2022__Pre-NOTCH Expression And Processing R-HSA-1912422,0.461961042261778,0.8431061389513487,0.723342939481268,0.9236417133753434,1.0,12/49,6.66%,AGO3;CREBBP;B4GALT1;KAT2B;ST3GAL6;NOTCH2;RUNX1;POGLUT1;ST3GAL3;RBPJ;AGO4;RAB6A,Non-classical monocytes
prerank,Reactome_2022__Cohesin Loading Onto Chromatin R-HSA-2470946,-0.5631396781025295,-0.8428647820976892,0.6743589743589744,1.0,1.0,6/10,7.86%,MAU2;RAD21;STAG2;PDS5B;WAPL;SMC1A,Non-classical monocytes
prerank,Reactome_2022__Cyclin A/B1/B2 Associated Events During G2/M Transition R-HSA-69273,-0.47387554493963313,-0.8426547993875257,0.7158469945355191,1.0,1.0,5/25,4.28%,XPO1;PPP2R1A;CDK7;PPP2R1B;LCMT1,Non-classical monocytes
prerank,Reactome_2022__Regulation Of Insulin Secretion R-HSA-422356,0.4413259884254498,0.8425556847613919,0.7467018469656992,0.9237451426396591,1.0,18/77,13.01%,ITPR2;GNGT2;GNB4;MARCKS;GNB1;PRKCA;PRKAR2A;IQGAP1;GNAS;PLCB3;PRKAR2B;PLCB2;RAPGEF3;ITPR1;ACSL4;GNB2;CACNA1D;CACNA1A,Non-classical monocytes
prerank,Reactome_2022__RNA Polymerase I Promoter Escape R-HSA-73772,0.5049668462725684,0.8423598120269841,0.7070552147239264,0.9231050510832294,1.0,10/27,8.25%,POLR2L;POLR2K;ERCC3;GTF2H5;POLR2E;GTF2H4;TAF1D;CCNH;POLR1D;POLR2F,Non-classical monocytes
prerank,Reactome_2022__Translation Of Replicase And Assembly Of Replication Transcription Complex R-HSA-9679504,0.5826056173955352,0.8422240388781886,0.7368421052631579,0.9224000026869104,1.0,6/11,11.70%,CHMP2A;MAP1LC3B;CHMP6;UVRAG;PIK3R4;PIK3C3,Non-classical monocytes
prerank,Reactome_2022__Purine Salvage R-HSA-74217,0.5592453720606301,0.8401230546230896,0.708904109589041,0.9251335684036482,1.0,4/13,5.73%,APRT;HPRT1;GMPR;ADAL,Non-classical monocytes
prerank,Reactome_2022__ATF4 Activates Genes In Response To Endoplasmic Reticulum Stress R-HSA-380994,0.504814498198773,0.8401181784211781,0.7125193199381762,0.9241618541726064,1.0,11/27,11.20%,ATF6;HERPUD1;KHSRP;PARN;CEBPB;EXOSC1;EXOSC9;EXOSC3;CCL2;CXCL8;ATF3,Non-classical monocytes
prerank,Reactome_2022__Cilium Assembly R-HSA-5617833,0.4069491877412342,0.8397710913438953,0.800942285041225,0.9237612460232583,1.0,56/180,11.47%,EXOC3;DYNLRB1;DYNLL1;ARF4;SSNA1;TUBA1A;RAB8A;ACTR1A;EXOC7;CEP192;IQCB1;EXOC4;ARL13B;CDK5RAP2;CLASP1;C2CD3;HSP90AA1;PRKCA;HAUS1;TUBB;TUBG1;HDAC6;EXOC2;ODF2;HSPB11;CEP135;BBS9;TTC21B;HAUS8;DCTN2;DCTN3;CEP83;CKAP5;PRKD2;TRAF3IP1;CEP41;CCT5;B9D2;PRKAR2B;DYNC2LI1;AKAP9;DYNC1H1;TCTN3;PAFAH1B1;IFT46;IFT52;CEP78;CENPJ;RAB11A;OFD1;TCTN2;HAUS7;IFT27;CYS1;ARL3;CCT8,Non-classical monocytes
prerank,Reactome_2022__RHOU GTPase Cycle R-HSA-9013420,-0.43567525288734243,-0.8381715838287924,0.6869009584664537,1.0,1.0,12/39,7.84%,CDC42;ARHGAP30;PTK2B;GIT1;CLTC;WDR6;NCK2;SPTAN1;GIT2;NCK1;PIK3R1;PKN2,Non-classical monocytes
prerank,Reactome_2022__Degradation Of Extracellular Matrix R-HSA-1474228,-0.36285831839434446,-0.8377928155379168,0.8940092165898618,1.0,1.0,10/109,5.36%,CD44;CAPN1;PHYKPL;CAPN2;ADAM10;ADAM15;CXXC1;CTSD;NCSTN;CAPN7,Non-classical monocytes
prerank,Reactome_2022__IRAK4 Deficiency (TLR2/4) R-HSA-5603041,0.5349081531936084,0.8370028298506498,0.7272727272727273,0.9279336279485496,1.0,5/18,6.43%,TLR1;MYD88;LY96;NDUFA2;S100A8,Non-classical monocytes
prerank,Reactome_2022__CD28 Dependent PI3K/Akt Signaling R-HSA-389357,0.5130365325055883,0.8367326481106179,0.7174959871589085,0.9274160494840045,1.0,5/23,5.40%,FYN;PIK3CA;CD86;AKT2;MAPKAP1,Non-classical monocytes
prerank,Reactome_2022__RHOV GTPase Cycle R-HSA-9013424,-0.42628945691688497,-0.8360286888228752,0.7163323782234957,1.0,1.0,14/36,9.81%,CDC42;GIT1;CCP110;CLTC;WDR6;NCK2;SPTAN1;GIT2;MAP3K11;NCK1;PIK3R1;PKN2;ZNF512B;SH3RF1,Non-classical monocytes
prerank,Reactome_2022__Sealing Of Nuclear Envelope (NE) By ESCRT-III R-HSA-9668328,0.500270845541361,0.8353389291397278,0.7242424242424242,0.9290393156798209,1.0,6/29,6.52%,CHMP2A;TUBA1C;TUBA1A;TUBA1B;TUBB;CHMP6,Non-classical monocytes
prerank,Reactome_2022__Signaling To RAS R-HSA-167044,0.5245539611406103,0.8349081755373268,0.7438825448613376,0.9288559683806648,1.0,6/19,8.57%,GRB2;SOS1;MAPKAPK3;SRC;NRAS;RALB,Non-classical monocytes
prerank,Reactome_2022__RHOF GTPase Cycle R-HSA-9035034,-0.4149876745260901,-0.8348648309657063,0.7594202898550725,1.0,1.0,9/42,9.96%,RAB7A;BASP1;MYO9B;DIAPH1;ARHGAP5;PIK3R1;RHOF;SNAP23;TMPO,Non-classical monocytes
prerank,Reactome_2022__MASTL Facilitates Mitotic Progression R-HSA-2465910,-0.5529656508572875,-0.834210367020314,0.7101123595505618,1.0,1.0,5/10,5.30%,ENSA;PPP2R1A;ARPP19;PPP2R1B;PPP2R2D,Non-classical monocytes
prerank,Reactome_2022__MTOR Signaling R-HSA-165159,-0.4211180625788351,-0.8339707820398533,0.7373417721518988,1.0,1.0,16/41,8.58%,YWHAB;TSC2;RHEB;EIF4B;RRAGA;PRKAB2;MTOR;PRKAG2;SLC38A9;AKT1S1;LAMTOR2;LAMTOR1;AKT1;EEF2K;PRKAB1;PRKAA2,Non-classical monocytes
prerank,Reactome_2022__CDC42 GTPase Cycle R-HSA-9013148,0.4076609697701364,0.833608589447548,0.8053204353083434,0.9303311683479858,1.0,45/148,12.04%,FNBP1;ARFGAP3;ARHGEF11;WIPF1;ITSN1;ARHGAP27;KTN1;ARHGAP1;FMNL1;ARAP2;SPATA13;FMNL2;PRKCSH;VAV3;ARHGDIB;FAM13B;DAAM1;IQGAP1;FMNL3;GNA13;CDC42SE2;DEF6;ARHGAP26;CDC42EP2;STARD8;DOCK10;TFRC;TAGAP;PKN1;ARHGEF12;ARHGEF7;ARHGAP32;PLEKHG2;DOCK8;STOM;FARP1;TIAM1;ARHGAP29;RACGAP1;PAK4;ARHGAP35;FNBP1L;ARHGAP31;SRGAP1;WDR91,Non-classical monocytes
prerank,Reactome_2022__Regulation Of Cholesterol Biosynthesis By SREBP (SREBF) R-HSA-1655829,0.45854195902490746,0.8333318805309712,0.7664335664335664,0.9298621904067063,1.0,13/55,7.13%,RAN;CREBBP;NCOA2;MBTPS1;PMVK;RXRA;CYP51A1;SEC24B;KPNB1;SEC24C;SREBF2;TBL1X;CHD9,Non-classical monocytes
prerank,Reactome_2022__Ion Transport By P-type ATPases R-HSA-936837,0.4553203240326967,0.833019427719428,0.7361878453038674,0.929403206542584,1.0,9/52,6.94%,SRI;ATP1B1;FXYD2;ATP11A;ATP11C;ATP2B4;ATP8B1;ATP9B;ATP2C1,Non-classical monocytes
prerank,MSigDB_Hallmark_2020__Apical Junction,0.39810413956450386,0.8319210651479129,0.831002331002331,0.9010556784327887,1.0,40/200,11.66%,MYL12B;RRAS;PFN1;ITGB1;EVL;B4GALT1;ACTG1;YWHAH;EXOC4;RSU1;NF1;PTPRC;CD86;RASA1;TUBG1;SORBS3;ICAM1;SRC;AKT2;ARPC2;STX4;NECTIN2;TSPAN4;ICAM4;VASP;VCL;ACTB;MPZL1;TAOK2;ADAM9;SKAP2;DLG1;TSC1;MYH9;IKBKG;MYH10;CD209;GAMT;CD276;LDLRAP1,Non-classical monocytes
prerank,Reactome_2022__NOTCH4 Intracellular Domain Regulates Transcription R-HSA-9013695,0.5320945143597888,0.8317651964996794,0.7112135176651305,0.9307305062245324,1.0,5/19,6.05%,CREBBP;KAT2B;SMAD3;NOTCH2;RBPJ,Non-classical monocytes
prerank,Reactome_2022__Cytochrome P450 - Arranged By Substrate Type R-HSA-211897,0.4459574773182644,0.8317252949016364,0.7654155495978552,0.9298337386305489,1.0,8/63,8.84%,TBXAS1;NCOA2;RXRA;CYP51A1;FDX1;CYP4V2;FDX2;FDXR,Non-classical monocytes
prerank,"Reactome_2022__Transport Of Vitamins, Nucleosides, And Related Molecules R-HSA-425397",-0.4096022215840943,-0.8314560713031267,0.7610921501706485,1.0,1.0,8/43,7.98%,SLC35C1;SLC35A3;SLC29A1;SLC27A1;SLC29A3;PDZD11;NLRP3;SLC35D2,Non-classical monocytes
prerank,Reactome_2022__O-glycosylation Of TSR Domain-Containing Proteins R-HSA-5173214,-0.42062066400586606,-0.8308177099376446,0.7565217391304347,1.0,1.0,8/38,17.64%,ADAMTSL4;POFUT2;THSD7B;ADAMTS6;ADAMTS2;THSD1;SBSPON;B3GLCT,Non-classical monocytes
prerank,Reactome_2022__N-glycan Antennae Elongation In medial/trans-Golgi R-HSA-975576,-0.4656032947701195,-0.830241450927713,0.7073863636363636,1.0,1.0,5/26,6.96%,MAN2A1;B4GALT5;MGAT4B;MAN2A2;ST6GAL1,Non-classical monocytes
prerank,Reactome_2022__Nef-mediated Downmodulation Of Cell Surface Receptors By Recruitment To Clathrin Adapters R-HSA-164938,0.531738313877764,0.8299559532268962,0.745398773006135,0.9320761633237924,1.0,5/20,6.74%,B2M;AP2S1;CD4;AP2A2;AP2A1,Non-classical monocytes
prerank,Reactome_2022__Biosynthesis Of DHA-derived SPMs R-HSA-9018677,0.5424200970414051,0.8289015183518486,0.7208538587848933,0.933046696616761,1.0,1/16,0.43%,GPX4,Non-classical monocytes
prerank,Reactome_2022__G Alpha (12/13) Signaling Events R-HSA-416482,0.43117046933650033,0.8288359649451228,0.779291553133515,0.9321938388176768,1.0,15/78,8.86%,ARHGEF1;GNGT2;ARHGEF11;ITSN1;GNB4;GNB1;SOS1;RHOA;VAV3;RHOC;GNA13;ARHGEF3;ARHGEF12;ARHGEF7;PLEKHG2,Non-classical monocytes
prerank,Reactome_2022__Cytosolic Sulfonation Of Small Molecules R-HSA-156584,0.510067313987492,0.8285499853830739,0.7248322147651006,0.931730182226978,1.0,4/21,12.92%,PAPSS1;PAPSS2;SULT1B1;TPST1,Non-classical monocytes
prerank,Reactome_2022__RNA Polymerase III Transcription Initiation R-HSA-76046,0.4828828668109959,0.8282179920152927,0.7376311844077961,0.9313211398658328,1.0,15/35,9.68%,POLR2L;POLR2K;ZNF143;SNAPC5;BDP1;CRCP;SNAPC3;POLR2E;GTF3C6;POLR3A;POLR1D;POLR2F;POLR3H;POLR3C;POU2F1,Non-classical monocytes
prerank,MSigDB_Hallmark_2020__Spermatogenesis,0.4102175102145518,0.828100942217913,0.7963190184049079,0.8884122255323844,1.0,20/134,10.96%,AGFG1;TALDO1;PGS1;MAST2;EZH2;TOPBP1;PRKAR2A;COIL;PEBP1;ZC3H14;MLLT10;IP6K1;CHFR;BRAF;TULP2;DBF4;ACE;PHF7;MLF1;HSPA1L,Non-classical monocytes
prerank,Reactome_2022__Mitochondrial tRNA Aminoacylation R-HSA-379726,0.5247920327725251,0.8280132479153712,0.7358803986710963,0.9307292168731665,1.0,6/18,8.60%,PPA2;DARS2;RARS2;FARS2;CARS2;LARS2,Non-classical monocytes
prerank,Reactome_2022__Collagen Chain Trimerization R-HSA-8948216,0.4664838908667406,0.8279842650906865,0.7478005865102639,0.9298173281025818,1.0,17/44,26.22%,COL18A1;COL9A2;COL13A1;COL6A1;COL5A2;COL4A5;COL26A1;COL8A1;COL14A1;COL23A1;COL21A1;COL27A1;COL5A3;COL19A1;COL9A3;COL28A1;COL4A1,Non-classical monocytes
prerank,Reactome_2022__Nuclear Envelope Breakdown R-HSA-2980766,0.4516928871694834,0.8278662608409951,0.7725381414701803,0.9290805046908498,1.0,20/53,10.04%,NUP214;RANBP2;SEC13;PRKCA;VRK1;AAAS;PRKCB;LMNB1;POM121C;LEMD3;CNEP1R1;LPIN2;LMNA;NUP50;NEK7;NUP133;NUP35;NUP88;CCNB1;NUP98,Non-classical monocytes
prerank,Reactome_2022__Negative Regulation Of Activity Of TFAP2 (AP-2) Family Transcription Factors R-HSA-8866904,-0.537068894260036,-0.8273539642363756,0.6921182266009852,1.0,1.0,2/10,1.90%,KCTD15;UBE2I,Non-classical monocytes
prerank,Reactome_2022__HDMs Demethylate Histones R-HSA-3214842,0.5083675619483063,0.827313063453299,0.7476340694006309,0.9290905782813589,1.0,9/23,10.72%,KDM6A;KDM4C;KDM6B;KDM2B;KDM3B;KDM5A;KDM5B;ARID5B;KDM5C,Non-classical monocytes
prerank,Reactome_2022__RHOG GTPase Cycle R-HSA-9013408,0.43783287781926733,0.8271837073912172,0.7665260196905767,0.9283293589698285,1.0,16/73,7.48%,ITGB1;ARFGAP3;NDUFS3;ITSN1;KTN1;NDUFA5;ARHGAP1;STX5;RHOG;PRKCSH;VAV3;ARHGDIB;PGRMC2;LEMD3;DOCK2;TFRC,Non-classical monocytes
prerank,Reactome_2022__Insulin Processing R-HSA-264876,-0.45934801309475115,-0.8267923416092883,0.728,1.0,1.0,7/27,7.23%,EXOC1;VAMP2;SLC30A7;EXOC8;EXOC6;ERO1B;EXOC5,Non-classical monocytes
prerank,Reactome_2022__RHO GTPases Activate KTN1 R-HSA-5625970,-0.5648108260881866,-0.8266407807755498,0.7129186602870813,1.0,1.0,2/10,0.28%,CDC42;KLC1,Non-classical monocytes
prerank,Reactome_2022__Calnexin/calreticulin Cycle R-HSA-901042,0.49090033883846945,0.8265635891398355,0.7254290171606864,0.9284899702023752,1.0,9/25,6.06%,UBC;UBB;UBA52;SYVN1;RPS27A;RNF185;PRKCSH;EDEM2;RNF139,Non-classical monocytes
prerank,Reactome_2022__Pre-NOTCH Processing In Golgi R-HSA-1912420,0.5132075224446251,0.826341492337893,0.7261146496815286,0.9279236881721556,1.0,5/18,6.66%,B4GALT1;ST3GAL6;NOTCH2;ST3GAL3;RAB6A,Non-classical monocytes
prerank,Reactome_2022__Signaling To ERKs R-HSA-187687,-0.4407954704168439,-0.8260485847738811,0.7218934911242604,1.0,1.0,7/33,3.46%,YWHAB;MAPK14;KIDINS220;MAPKAPK2;CRK;HRAS;MAP2K2,Non-classical monocytes
prerank,Reactome_2022__Inhibition Of Replication Initiation Of Damaged DNA By RB1/E2F1 R-HSA-113501,0.5575630592918677,0.8257959693445467,0.7495961227786753,0.927922251989301,1.0,5/13,9.98%,RB1;PPP2CB;PPP2CA;POLA1;POLA2,Non-classical monocytes
prerank,Reactome_2022__Canonical Retinoid Cycle In Rods (Twilight Vision) R-HSA-2453902,0.5049618647243669,0.8249865920205158,0.7449139280125195,0.9284143122422873,1.0,5/23,10.93%,RDH11;DHRS9;CYP4V2;RDH10;HSD17B1,Non-classical monocytes
prerank,MSigDB_Hallmark_2020__KRAS Signaling Up,0.393146600637372,0.8241818220162728,0.8448883666274971,0.8756309097189241,1.0,26/199,6.31%,GLRX;C3AR1;PLAUR;FCER1G;BIRC3;LCP1;G0S2;PSMB8;IKZF1;MAFB;PPP1R15A;IL2RG;CD37;RBM4;IL10RA;CTSS;MAP3K1;TNFAIP3;CA2;LY96;AKT2;TRIB1;NIN;ID2;LAPTM5;PRDM1,Non-classical monocytes
prerank,Reactome_2022__MAPK3 (ERK1) Activation R-HSA-110056,-0.5517471276414414,-0.8237536279710017,0.7281323877068558,1.0,1.0,2/10,2.43%,TYK2;IL6R,Non-classical monocytes
prerank,Reactome_2022__HS-GAG Biosynthesis R-HSA-2022928,-0.4485604442047818,-0.8236541418424325,0.7215568862275449,1.0,1.0,9/30,14.94%,EXT1;NDST2;SLC35D2;HS6ST1;GLCE;HS6ST2;HS3ST2;GPC4;HS3ST3B1,Non-classical monocytes
prerank,Reactome_2022__DNA Strand Elongation R-HSA-69190,0.48063743439183126,0.8217444526415468,0.7204142011834319,0.9330982394960665,1.0,9/31,10.37%,MCM7;RFC2;RPA3;PCNA;POLD1;POLA1;MCM4;POLA2;RFC3,Non-classical monocytes
prerank,Reactome_2022__RUNX3 Regulates p14-ARF R-HSA-8951936,-0.54283940996287,-0.8201766963672223,0.7197149643705463,1.0,1.0,4/10,4.97%,EP300;CBFB;RUNX3;HDAC4,Non-classical monocytes
prerank,Reactome_2022__G2/M DNA Damage Checkpoint R-HSA-69473,-0.38474092729521786,-0.8200112806010343,0.8284671532846716,1.0,1.0,11/59,4.23%,YWHAB;YWHAZ;HUS1;YWHAQ;YWHAE;UBE2N;UIMC1;RMI1;POLR1A;RNF8;PIAS4,Non-classical monocytes
prerank,Reactome_2022__VxPx Cargo-Targeting To Cilium R-HSA-5620916,0.513556005133196,0.8192726410280405,0.7414634146341463,0.9364503863459106,1.0,7/21,6.92%,EXOC3;ARF4;RAB8A;EXOC7;EXOC4;EXOC2;PRKD2,Non-classical monocytes
prerank,Reactome_2022__Interleukin-4 And Interleukin-13 Signaling R-HSA-6785807,0.40833339549038017,0.8191870599592814,0.8094027954256671,0.9356580574205255,1.0,26/107,10.48%,STAT1;HSPA8;CEBPD;CDKN1A;HMOX1;CCM2;ITGB1;SOS1;TGFB1;IL2RG;STAT3;HSP90AA1;ICAM1;SOCS3;BATF;JAK2;TNF;JAK3;LONP1;TIMP1;POU2F1;CCL2;SOCS1;FOXO1;VEGFA;CXCL8,Non-classical monocytes
prerank,Reactome_2022__CD28 Co-Stimulation R-HSA-389356,0.47590376917688487,0.8185542692380269,0.7534246575342466,0.9357318249536027,1.0,12/34,10.78%,FYN;GRB2;LYN;PIK3CA;CD86;SRC;AKT2;MAPKAP1;PKN1;ARHGEF7;TRIB3;YES1,Non-classical monocytes
prerank,Reactome_2022__RAC2 GTPase Cycle R-HSA-9013404,0.42468912017796523,0.8184402067880482,0.7893368010403121,0.9349607508165001,1.0,20/86,7.63%,CYBA;BRK1;ITGB1;CYBB;ARHGAP1;ARMCX3;PIK3CA;VAV3;WASF2;SAMM50;PGRMC2;IQGAP1;ABI1;DEF6;ARHGAP26;LEMD3;DOCK10;DOCK2;TFRC;PKN1,Non-classical monocytes
prerank,Reactome_2022__Biosynthesis Of Specialized Proresolving Mediators (SPMs) R-HSA-9018678,0.52281001949298,0.8183797242025534,0.7516447368421053,0.9340881435826501,1.0,1/18,0.43%,GPX4,Non-classical monocytes
prerank,Reactome_2022__Activated NOTCH1 Transmits Signal To Nucleus R-HSA-2122948,0.4853043472047319,0.8173319191697973,0.750375939849624,0.9348906742875178,1.0,9/31,5.66%,PSENEN;UBC;UBB;ARRB1;UBA52;NUMB;RPS27A;APH1B;PSEN1,Non-classical monocytes
prerank,MSigDB_Hallmark_2020__Estrogen Response Early,0.3872925562610947,0.8173162622277487,0.8751500600240096,0.8702006169578905,1.0,45/200,13.24%,GAB2;B4GALT1;PPIF;MYOF;BLVRB;SLC9A3R1;RPS6KA2;XBP1;SNX24;NRIP1;BAG1;IGF1R;CISH;JAK2;ALDH3B1;ELOVL5;ELF1;FLNB;TOB1;MED13L;SCNN1A;GLA;MYBBP1A;KLF10;P2RY2;RAB31;PAPSS2;RHOBTB3;FARP1;TIAM1;AKAP1;WWC1;RAB17;SLC19A2;KRT8;CBFA2T3;ARL3;INPP5F;UNC119;CA12;FRK;EGR3;MINDY1;IL6ST;BHLHE40,Non-classical monocytes
prerank,Reactome_2022__Removal Of Flap Intermediate From C-strand R-HSA-174437,-0.48912395434375494,-0.8172663402399257,0.7427821522309711,1.0,1.0,10/17,10.11%,TERF2IP;POLR1A;TERF2;ACD;POLD3;POLR1B;TERF1;WRN;FEN1;POLD2,Non-classical monocytes
prerank,Reactome_2022__Bile Acid And Bile Salt Metabolism R-HSA-194068,-0.3993667454378027,-0.8166900629528229,0.7694805194805194,1.0,1.0,4/45,3.47%,ABCC3;NCOA1;SLC10A1;OSBPL1A,Non-classical monocytes
prerank,Reactome_2022__Metabolic Disorders Of Biological Oxidation Enzymes R-HSA-5579029,0.4706682157638243,0.8164881528597796,0.7408491947291361,0.9354142076795362,1.0,8/34,13.57%,TBXAS1;FDX1;FDX2;FDXR;PRNP;GCLC;ACY1;CYP2R1,Non-classical monocytes
prerank,Reactome_2022__Reproduction R-HSA-1474165,0.42840585947762155,0.8164879077424947,0.8015873015873016,0.9344560621797062,1.0,14/82,10.65%,ATM;B4GALT1;CD9;RPA3;TOP3A;LMNB1;SMC3;LMNA;TINF2;RAD50;MSH5;CDK4;DIDO1;SYNE2,Non-classical monocytes
prerank,Reactome_2022__Nuclear Pore Complex (NPC) Disassembly R-HSA-3301854,0.4696636629710486,0.8162037233042969,0.7584187408491947,0.9339895696727057,1.0,12/36,10.04%,NUP214;RANBP2;SEC13;AAAS;POM121C;NUP50;NEK7;NUP133;NUP35;NUP88;CCNB1;NUP98,Non-classical monocytes
prerank,Reactome_2022__Unfolded Protein Response (UPR) R-HSA-381119,0.42063048568971456,0.8155642518767967,0.8015463917525774,0.9341683594971586,1.0,28/89,10.48%,ATF6;HERPUD1;SERP1;MBTPS1;ERN1;SYVN1;GFPT1;ACADVL;KHSRP;PARN;CEBPB;EXOSC1;PREB;WIPI1;LMNA;TATDN2;PDIA6;EIF2AK3;ADD1;TLN1;EXOSC9;CUL7;EIF2S3;ATP6V0D1;EXOSC3;CCL2;EIF2S1;CXCL8,Non-classical monocytes
prerank,Reactome_2022__Glycogen Metabolism R-HSA-8982491,-0.4514138656995716,-0.8153730222847418,0.7282608695652174,1.0,1.0,6/24,5.23%,PHKB;CALM1;PHKG2;GYS1;UGP2;GAA,Non-classical monocytes
prerank,Reactome_2022__Heme Signaling R-HSA-9707616,0.4569657888726315,0.815113144290133,0.7915492957746478,0.9339805800314132,1.0,13/44,7.13%,MEF2C;HMOX1;CREBBP;NCOA2;HDAC3;RXRA;NFE2L2;MEF2D;LY96;NRIP1;CLOCK;TBL1X;CHD9,Non-classical monocytes
prerank,Reactome_2022__RMTs Methylate Histone Arginines R-HSA-3214858,0.48449232890108546,0.814907069921265,0.7526080476900149,0.9334048803987129,1.0,10/30,10.63%,ARID2;ARID1B;PRMT1;SMARCE1;RPS2;JAK2;PRMT3;SMARCD2;CDK4;PRMT5,Non-classical monocytes
prerank,Reactome_2022__Response Of EIF2AK1 (HRI) To Heme Deficiency R-HSA-9648895,0.5320185299059691,0.8144548915507932,0.7414634146341463,0.933194564684467,1.0,8/15,11.71%,ATF5;PPP1R15A;CEBPB;EIF2S3;TRIB3;EIF2S1;ATF3;GRB10,Non-classical monocytes
prerank,Reactome_2022__Postmitotic Nuclear Pore Complex (NPC) Reformation R-HSA-9615933,0.48974373446631514,0.8139864737717328,0.7518142235123367,0.9330370105766738,1.0,8/27,10.04%,RAN;SUMO1;AHCTF1;SEC13;KPNB1;NUP133;NUP35;NUP98,Non-classical monocytes
prerank,Reactome_2022__Signaling By VEGF R-HSA-194138,0.41465027101711,0.8135622873639083,0.8181818181818182,0.9328038475505037,1.0,25/102,8.93%,CYBA;BRK1;ITPR2;FYN;CTNNB1;CYBB;PIK3CA;RHOA;MAPKAPK3;HSP90AA1;PRKCA;VAV3;WASF2;SRC;AKT2;MAPKAP1;NRAS;AAMP;PRKCB;ABI1;VEGFB;PKN1;CYFIP2;ARHGEF7;ELMO1,Non-classical monocytes
prerank,Reactome_2022__Processive Synthesis On C-strand Of Telomere R-HSA-174414,-0.47876883323347874,-0.8127953089103997,0.75,1.0,1.0,11/19,11.83%,TERF2IP;POLR1A;TERF2;ACD;POLD3;POLR1B;TERF1;WRN;FEN1;POLD2;LRIG1,Non-classical monocytes
prerank,Reactome_2022__Acyl Chain Remodelling Of PC R-HSA-1482788,0.4793070761357,0.8108612736334737,0.7726574500768049,0.9363724912858328,1.0,7/27,9.81%,LPCAT2;PLA2G4A;LPCAT1;PLB1;PNPLA8;MBOAT2;PLA2G6,Non-classical monocytes
prerank,Reactome_2022__DSCAM Interactions R-HSA-376172,-0.5359530066416567,-0.8106031728437764,0.7283950617283951,1.0,1.0,4/11,16.78%,MAPK14;MAPK8;RNASE1;NTN1,Non-classical monocytes
prerank,Reactome_2022__PKMTs Methylate Histone Lysines R-HSA-3214841,0.44955781584908755,0.8092167580707641,0.7862266857962698,0.9382047102161909,1.0,13/44,5.33%,NFKB1;SUZ12;KMT2A;SETD2;SETD3;KMT2D;KMT2C;AEBP2;EZH2;DPY30;SETD7;RBBP5;EHMT1,Non-classical monocytes
prerank,Reactome_2022__Retrograde Neurotrophin Signaling R-HSA-177504,0.5341770311849333,0.8085832039329507,0.7384370015948963,0.9383206844619415,1.0,4/14,6.89%,AP2S1;AP2A2;AP2A1;CLTA,Non-classical monocytes
prerank,Reactome_2022__RNA Polymerase I Transcription Termination R-HSA-73863,0.48481506255759677,0.8081912435285307,0.7429022082018928,0.9380248426801847,1.0,10/27,8.25%,POLR2L;POLR2K;ERCC3;GTF2H5;POLR2E;GTF2H4;TAF1D;CCNH;POLR1D;POLR2F,Non-classical monocytes
prerank,Reactome_2022__Peptide Hormone Metabolism R-HSA-2980736,0.4151946469131259,0.8077782895183437,0.8053333333333333,0.937769230619413,1.0,9/89,5.38%,SEC11C;EXOC3;CTNNB1;EXOC7;EXOC4;GNB1;EXOC2;ATP6AP2;CTSZ,Non-classical monocytes
prerank,Reactome_2022__GPVI-mediated Activation Cascade R-HSA-114604,-0.42407163448913787,-0.8075608741004149,0.7852941176470588,1.0,1.0,9/32,4.45%,RHOB;CDC42;SPNS1;PLCG2;VAV2;PIK3R3;PIK3CB;RAC2;VAV1,Non-classical monocytes
prerank,Reactome_2022__RHOQ GTPase Cycle R-HSA-9013406,-0.3797127223792419,-0.8074007266271861,0.8794326241134752,1.0,1.0,13/59,5.43%,CDC42;RAB7A;CDC42EP3;GIT1;CPNE8;GOPC;CDC42EP4;SCRIB;MPP7;GIT2;ARHGAP5;CDC42BPA;CDC42EP1,Non-classical monocytes
prerank,Reactome_2022__O-linked Glycosylation R-HSA-5173105,-0.3525599063707274,-0.8069616722767868,0.9247787610619469,1.0,1.0,10/105,6.96%,GALNT3;B4GALT5;GALNT6;C1GALT1;ADAMTSL4;GALNT1;B3GALNT2;POFUT2;ST6GALNAC3;ST6GAL1,Non-classical monocytes
prerank,Reactome_2022__RNA Polymerase III Abortive And Retractive Initiation R-HSA-749476,0.4637344014418298,0.8065970599181359,0.7628111273792094,0.9387290581873662,1.0,15/39,9.68%,POLR2L;POLR2K;ZNF143;SNAPC5;BDP1;CRCP;SNAPC3;POLR2E;GTF3C6;POLR3A;POLR1D;POLR2F;POLR3H;POLR3C;POU2F1,Non-classical monocytes
prerank,Reactome_2022__Removal Of Aminoterminal Propeptides From Gamma-Carboxylated Proteins R-HSA-159782,-0.5285911799954262,-0.8065474561639684,0.7139364303178484,1.0,1.0,4/10,15.11%,TTF2;PROS1;FAM110A;BGLAP,Non-classical monocytes
prerank,Reactome_2022__ER Quality Control Compartment (ERQC) R-HSA-901032,0.48930916314497314,0.8046752008232984,0.734472049689441,0.9409401886117112,1.0,8/20,6.06%,UBC;UBB;UBA52;SYVN1;RPS27A;RNF185;EDEM2;RNF139,Non-classical monocytes
prerank,Reactome_2022__Anchoring Of Basal Body To Plasma Membrane R-HSA-5620912,0.41247548508247706,0.8034165549592229,0.8115384615384615,0.9420726698327869,1.0,33/96,10.31%,DYNLL1;SSNA1;TUBA1A;RAB8A;ACTR1A;CEP192;IQCB1;CDK5RAP2;CLASP1;C2CD3;HSP90AA1;PRKCA;HAUS1;TUBB;TUBG1;ODF2;CEP135;HAUS8;DCTN2;DCTN3;CEP83;CKAP5;CEP41;B9D2;PRKAR2B;AKAP9;DYNC1H1;TCTN3;PAFAH1B1;CEP78;CENPJ;RAB11A;OFD1,Non-classical monocytes
prerank,Reactome_2022__Transcriptional Regulation By E2F6 R-HSA-8953750,-0.4098110880186334,-0.8012465749604558,0.7910447761194029,1.0,1.0,8/33,7.00%,UXT;RYBP;EED;MAX;PHC1;L3MBTL2;MGA;E2F6,Non-classical monocytes
prerank,Reactome_2022__Apoptotic Factor-Mediated Response R-HSA-111471,0.49999678484999877,0.8006165303745136,0.7460567823343849,0.9457400646893677,1.0,8/20,12.70%,BAX;CYCS;CASP3;AVEN;APIP;MAPK1;GSDMD;APAF1,Non-classical monocytes
prerank,Reactome_2022__Signaling By BMP R-HSA-201451,0.4750568386071376,0.7993608501454215,0.7715582450832073,0.9468161359786583,1.0,8/27,12.05%,UBE2D3;SMAD1;SMAD7;SMAD5;UBE2D1;SMURF2;SMAD4;ACVR2A,Non-classical monocytes
prerank,Reactome_2022__Cardiac Conduction R-HSA-5576891,0.3958151145542764,0.7990964753588953,0.8474784747847478,0.9462984059849507,1.0,8/125,3.99%,SRI;ITPR2;ATP1B1;KAT2B;FXYD2;STIM1;ATP2B4;PRKCA,Non-classical monocytes
prerank,Reactome_2022__RAC3 GTPase Cycle R-HSA-9013423,0.40817303422788714,0.798399113175636,0.848761408083442,0.9464568360058733,1.0,22/92,11.12%,CYBA;BRK1;ITGB1;CYBB;ARHGAP1;ARAP2;WASF2;ARHGDIB;PGRMC2;ABI1;RAPGEF1;ARHGAP26;LEMD3;DOCK10;TFRC;PKN1;ARHGAP32;TIAM1;RACGAP1;SLC1A5;PAK4;ARHGAP35,Non-classical monocytes
prerank,Reactome_2022__Association Of TriC/CCT With Target Proteins During Biosynthesis R-HSA-390471,-0.40742543952150445,-0.7983284800823995,0.7950310559006211,1.0,1.0,6/37,3.89%,DCAF7;FBXW7;CCT4;TCP1;LONP2;CCT2,Non-classical monocytes
prerank,Reactome_2022__APC Truncation Mutants Have Impaired AXIN Binding R-HSA-5467337,-0.49649066869018693,-0.7981618789008671,0.7336683417085427,1.0,1.0,6/14,5.88%,CSNK1A1;PPP2R1A;PPP2R5E;PPP2R1B;GSK3B;PPP2R5A,Non-classical monocytes
prerank,Reactome_2022__PKA Activation R-HSA-163615,-0.4735757500640832,-0.7972604876358744,0.7237163814180929,1.0,1.0,3/17,4.53%,CALM1;PRKAR1A;PRKACB,Non-classical monocytes
prerank,Reactome_2022__PRC2 Methylates Histones And DNA R-HSA-212300,0.5340768177132574,0.7971934725003663,0.7789291882556131,0.9474503192677449,1.0,6/13,10.54%,SUZ12;AEBP2;DNMT1;EZH2;RBBP4;MTF2,Non-classical monocytes
prerank,Reactome_2022__IRAK1 Recruits IKK Complex R-HSA-937039,0.5625247564056121,0.7965701939586981,0.7766143106457243,0.9475103215219995,1.0,6/10,10.61%,PELI1;IKBKB;PELI3;UBE2V1;IRAK1;IKBKG,Non-classical monocytes
prerank,Reactome_2022__VEGFA-VEGFR2 Pathway R-HSA-4420097,0.4129640204483201,0.7965229895137577,0.8412073490813649,0.9466482338021779,1.0,19/93,5.50%,CYBA;BRK1;ITPR2;FYN;CTNNB1;CYBB;PIK3CA;RHOA;MAPKAPK3;HSP90AA1;PRKCA;VAV3;WASF2;SRC;AKT2;MAPKAP1;NRAS;PRKCB;ABI1,Non-classical monocytes
prerank,"Reactome_2022__Regulation Of Glycolysis By Fructose 2,6-Bisphosphate Metabolism R-HSA-9634600",0.5429573253978062,0.7963356789189378,0.7714776632302406,0.9460205847507345,1.0,4/12,6.40%,PPP2CB;PPP2CA;PRKCA;PFKFB4,Non-classical monocytes
prerank,Reactome_2022__Negative Regulation Of MAPK Pathway R-HSA-5675221,0.4448651082754308,0.7959336219875761,0.8011283497884344,0.9457686043416901,1.0,17/41,10.87%,DUSP2;PPP2R5C;UBC;UBB;UBA52;RPS27A;PPP2CB;PPP2CA;NRAS;PEBP1;BRAF;PPP5C;MAP2K1;PAQR3;MAPK1;DUSP5;DUSP9,Non-classical monocytes
prerank,Reactome_2022__Alpha-Linolenic (Omega3) And Linoleic (Omega6) Acid Metabolism R-HSA-2046104,0.5284830008845595,0.795048586791765,0.7789291882556131,0.9462713149714976,1.0,4/13,7.19%,ELOVL1;ACOT8;ABCD1;ELOVL5,Non-classical monocytes
prerank,Reactome_2022__Dissolution Of Fibrin Clot R-HSA-75205,0.5325039388580999,0.7947155506991818,0.7864077669902912,0.9458620625155572,1.0,1/13,0.22%,PLAUR,Non-classical monocytes
prerank,Reactome_2022__Establishment Of Sister Chromatid Cohesion R-HSA-2468052,-0.523171043958002,-0.7937215680872437,0.7506702412868632,1.0,1.0,6/11,7.86%,RAD21;STAG2;PDS5B;WAPL;ESCO1;SMC1A,Non-classical monocytes
prerank,Reactome_2022__RHOBTB1 GTPase Cycle R-HSA-9013422,-0.44109258540896523,-0.7933214452743089,0.7745358090185677,1.0,1.0,4/23,3.89%,VIM;ROCK1;STK38;CCT2,Non-classical monocytes
prerank,"Reactome_2022__BMAL1:CLOCK,NPAS2 Activates Circadian Gene Expression R-HSA-1368108",0.48299867739413255,0.7924528476964894,0.7662538699690402,0.9485277888769834,1.0,7/25,7.13%,CREBBP;NCOA2;RXRA;CLOCK;TBL1X;NOCT;CHD9,Non-classical monocytes
prerank,Reactome_2022__Disassembly Of Destruction Complex And Recruitment Of AXIN To Membrane R-HSA-4641262,0.4628022731600697,0.7922350923609535,0.7544642857142857,0.9479391741185469,1.0,8/29,8.95%,CTNNB1;PPP2R5C;PPP2CB;PPP2CA;DVL3;CSNK1G2;FRAT2;AXIN1,Non-classical monocytes
prerank,Reactome_2022__Interleukin-2 Signaling R-HSA-9020558,-0.5030034005882542,-0.7919193680551462,0.7305825242718447,1.0,1.0,4/12,8.01%,PTK2B;STAT5A;SHC1;SYK,Non-classical monocytes
prerank,Reactome_2022__Uptake Of Dietary Cobalamins Into Enterocytes R-HSA-9758881,0.5549192006251503,0.791771076624831,0.7684210526315789,0.9477267143360678,1.0,2/10,13.63%,CUBN;ABCD4,Non-classical monocytes
prerank,Reactome_2022__Regulation Of TP53 Activity Thru Association With Co-factors R-HSA-6804759,0.5348979983336727,0.7913884480375418,0.7796327212020033,0.9473772395242841,1.0,3/14,6.39%,PHF20;AKT2;TP53BP2,Non-classical monocytes
prerank,Reactome_2022__Regulation Of TLR By Endogenous Ligand R-HSA-5686938,0.5002084972500557,0.7912872799472079,0.7724252491694352,0.9465983300180638,1.0,8/18,14.75%,TLR1;LY96;NDUFA2;S100A8;GSDMD;TLR6;S100A9;S100A1,Non-classical monocytes
prerank,Reactome_2022__Metabolism Of Angiotensinogen To Angiotensins R-HSA-2022377,0.4981261812278487,0.7908989159903604,0.7596774193548387,0.9462895129868067,1.0,3/18,10.87%,ATP6AP2;CTSZ;ACE,Non-classical monocytes
prerank,Reactome_2022__Class B/2 (Secretin Family Receptors) R-HSA-373080,0.4055659477605896,0.7881666641210494,0.8582781456953642,0.9498084137568853,1.0,7/92,7.83%,GNGT2;GNB4;PTRH2;GNB1;ADM;GNAS;CPAMD8,Non-classical monocytes
prerank,Reactome_2022__Signaling By BRAF And RAF1 Fusions R-HSA-6802952,0.4178040037505266,0.7881432873590287,0.8285714285714286,0.9489022091991607,1.0,22/62,8.22%,ZC3HAV1;PAPSS1;AGTRAP;APBB1IP;TRIM24;QKI;ARRB1;TRAK1;SRC;CLCN6;IQGAP1;NRAS;PEBP1;JAK2;TENT4A;LMNA;FAM114A2;SND1;VCL;TLN1;BRAF;AKAP9,Non-classical monocytes
prerank,Reactome_2022__Regulation Of RUNX1 Expression And Activity R-HSA-8934593,0.5073921669512698,0.7871001103918117,0.7738095238095238,0.9496473602005684,1.0,6/17,9.60%,AGO3;RUNX1;SRC;AGO4;TNRC6C;PML,Non-classical monocytes
prerank,Reactome_2022__Frs2-mediated Activation R-HSA-170968,-0.512946835216167,-0.7864659536324549,0.7858880778588808,1.0,1.0,2/12,3.46%,YWHAB;MAP2K2,Non-classical monocytes
prerank,Reactome_2022__RHOA GTPase Cycle R-HSA-8980692,0.38385165225697326,0.786072361201576,0.8781973203410475,0.950300358676854,1.0,41/147,10.60%,ARHGEF1;ARHGEF11;MYO9A;ATP6AP1;KTN1;ARHGAP1;STX5;DDRGK1;ARAP2;ABCD3;CCDC115;RHOA;PRKCSH;VAV3;AAAS;ARHGDIB;PGRMC2;DAAM1;IQGAP1;FMNL3;DEF6;ARHGAP26;ARHGEF3;STARD8;DOCK2;TFRC;TAGAP;PKN1;FAF2;ARHGEF12;ARHGEF7;ARHGAP32;DHDDS;STK10;STOM;FARP1;TIAM1;ARHGAP29;RACGAP1;TJP2;FAM13A,Non-classical monocytes
prerank,Reactome_2022__Presynaptic Nicotinic Acetylcholine Receptors R-HSA-622323,0.5339765342857071,0.7856422783869512,0.7842809364548495,0.9500787902741028,1.0,1/12,10.20%,CHRNE,Non-classical monocytes
prerank,Reactome_2022__RHOJ GTPase Cycle R-HSA-9013409,-0.37563382443366755,-0.7840265368125554,0.8798701298701299,1.0,1.0,19/54,11.29%,CDC42;RAB7A;GIT1;CPNE8;SCRIB;MPP7;GIT2;ARHGAP5;CDC42BPA;CDC42EP1;LAMTOR1;PIK3R1;PKN2;JUP;SNAP23;TMPO;WIPF2;TRIO;OPHN1,Non-classical monocytes
prerank,Reactome_2022__Neurotransmitter Receptors And Postsynaptic Signal Transmission R-HSA-112314,0.37887068364827176,0.7818430158491025,0.9068100358422939,0.955163337981888,1.0,32/182,10.35%,AP2S1;GNGT2;GNB4;GNB1;RPS6KA2;PRKCA;SRC;PRKAR2A;AP2A2;NRAS;PRKCB;KCNJ16;CAMK1;GNAI3;AP2A1;NBEA;CAMKK2;PLCB3;PRKAR2B;PPM1F;ARHGEF7;RPS6KA1;KPNA2;DLG1;PLCB2;PRKAA1;MDM2;EPB41L1;KCNJ10;CHRNE;LIN7B;MAPK1,Non-classical monocytes
prerank,Reactome_2022__Sema4D Induced Cell Migration And Growth-Cone Collapse R-HSA-416572,0.488772362140859,0.7808096162617325,0.7874015748031497,0.9558909365669196,1.0,10/20,10.85%,MYL12B;ARHGEF11;MYL6;RHOA;SEMA4D;RHOC;LIMK1;ARHGEF12;MYH9;MYH10,Non-classical monocytes
prerank,Reactome_2022__Integrin Signaling R-HSA-354192,0.4625095384267223,0.7807896184105819,0.7852564102564102,0.9549901176557596,1.0,7/27,7.77%,APBB1IP;GRB2;SOS1;RASGRP2;SRC;TLN1;PTPN1,Non-classical monocytes
prerank,Reactome_2022__VEGFR2 Mediated Vascular Permeability R-HSA-5218920,-0.4240967724778346,-0.7798809070753389,0.8232044198895028,1.0,1.0,10/27,8.45%,CALM1;CTNNA1;VAV2;RICTOR;VAV1;MTOR;PDPK1;PKN2;AKT1;JUP,Non-classical monocytes
prerank,Reactome_2022__Endogenous Sterols R-HSA-211976,-0.4192734164102471,-0.7790033033007594,0.8267045454545454,1.0,1.0,3/27,0.81%,MIA3;CYP1B1;NCOA1,Non-classical monocytes
prerank,Reactome_2022__SMAD2/SMAD3:SMAD4 Heterotrimer Regulates Transcription R-HSA-2173796,0.4436862455024052,0.777830003140197,0.8053491827637445,0.9588108168817358,1.0,14/36,10.76%,CCNT1;UBC;UBB;UBA52;SMAD3;RPS27A;E2F4;CCNC;SMAD2;SMAD7;CDKN2B;SMAD4;MAPK1;RNF111,Non-classical monocytes
prerank,Reactome_2022__HDACs Deacetylate Histones R-HSA-3214815,-0.4092655194424129,-0.7764357155204529,0.834319526627219,1.0,1.0,11/32,8.35%,GATAD2A;GPS2;TBL1XR1;RCOR1;CHD3;NCOR1;SAP30;NCOR2;REST;ARID4A;KDM1A,Non-classical monocytes
prerank,Reactome_2022__Platelet Aggregation (Plug Formation) R-HSA-76009,0.43948026914294935,0.7760586701179327,0.8,0.9605002224759024,1.0,7/36,7.77%,APBB1IP;GRB2;SOS1;RASGRP2;SRC;TLN1;PTPN1,Non-classical monocytes
prerank,Reactome_2022__MET Activates RAP1 And RAC1 R-HSA-8875555,0.5341707854522814,0.7760335648735434,0.7894736842105263,0.9596071363089335,1.0,5/11,9.63%,GRB2;SOS1;RAPGEF1;CRKL;PIGU,Non-classical monocytes
prerank,Reactome_2022__Reduction Of Cytosolic Ca++ Levels R-HSA-418359,-0.4976483123902511,-0.7759351649825472,0.7529976019184652,1.0,1.0,3/11,2.92%,ATP2B1;CALM1;ATP2A2,Non-classical monocytes
prerank,Reactome_2022__Paracetamol ADME R-HSA-9753281,0.461650203081796,0.7751954053446934,0.7792998477929984,0.9599825318465208,1.0,3/27,3.08%,CNDP2;GSTP1;ABCC1,Non-classical monocytes
prerank,Reactome_2022__Diseases Of Glycosylation R-HSA-3781865,0.38291035007986246,0.7745160759953846,0.901840490797546,0.9601031352230559,1.0,32/142,14.82%,DPM3;ALG13;B4GALT1;NOTCH2;GFPT1;ALG8;HEXA;B4GALT7;ST3GAL3;MPDU1;DPM2;NUS1;SDC4;CHSY1;SRD5A3;GLB1;DHDDS;SPON2;ALG14;PAPSS2;DAG1;POMGNT1;THSD7A;SDC1;SLPI;SDC3;CFP;AGRN;GPC3;SDC2;ADAMTS5;NOTCH1,Non-classical monocytes
prerank,Reactome_2022__N-glycan Trimming In ER And Calnexin/Calreticulin Cycle R-HSA-532668,0.44053359188565966,0.7743536297100121,0.8061068702290076,0.9594273616540867,1.0,12/34,9.46%,UBC;UBB;UBA52;SYVN1;RPS27A;RNF185;PRKCSH;EDEM2;RNF139;UBXN1;PSMC1;RNF103,Non-classical monocytes
prerank,Reactome_2022__Loss Of Nlp From Mitotic Centrosomes R-HSA-380259,0.4111758388355651,0.7733578827756888,0.8501362397820164,0.9600195090907758,1.0,26/68,10.31%,DYNLL1;SSNA1;TUBA1A;ACTR1A;CEP192;CDK5RAP2;CLASP1;HSP90AA1;PRKCA;HAUS1;TUBB;TUBG1;ODF2;CEP135;HAUS8;DCTN2;DCTN3;CKAP5;CEP41;PRKAR2B;AKAP9;DYNC1H1;PAFAH1B1;CEP78;CENPJ;OFD1,Non-classical monocytes
prerank,Reactome_2022__Organic Cation/Anion/Zwitterion Transport R-HSA-549132,0.5016878524161901,0.7731592228243811,0.8055555555555556,0.95940607646597,1.0,5/15,18.67%,RUNX1;SLC22A15;SLC22A2;SLC22A6;SLC22A8,Non-classical monocytes
prerank,Reactome_2022__MAPK Targets/ Nuclear Events Mediated By MAP Kinases R-HSA-450282,-0.41389020661255305,-0.7731467713618143,0.8200589970501475,1.0,1.0,10/30,5.92%,RPS6KA3;MAPK14;FOS;MAPKAPK2;PPP2R1A;MEF2A;JUN;PPP2R1B;DUSP7;CREB1,Non-classical monocytes
prerank,Reactome_2022__AURKA Activation By TPX2 R-HSA-8854518,0.40961912434024705,0.7730402464219728,0.851006711409396,0.9586482109633577,1.0,26/71,10.31%,DYNLL1;SSNA1;TUBA1A;ACTR1A;CEP192;CDK5RAP2;CLASP1;HSP90AA1;PRKCA;HAUS1;TUBB;TUBG1;ODF2;CEP135;HAUS8;DCTN2;DCTN3;CKAP5;CEP41;PRKAR2B;AKAP9;DYNC1H1;PAFAH1B1;CEP78;CENPJ;OFD1,Non-classical monocytes
prerank,Reactome_2022__Butyrate Response Factor 1 Binds And Destabilizes mRNA R-HSA-450385,0.49702348600272805,0.7727742140516872,0.7943037974683544,0.9581517962083306,1.0,6/17,9.19%,ZFP36L1;XRN1;EXOSC1;EXOSC9;DCP1A;EXOSC3,Non-classical monocytes
prerank,Reactome_2022__FCERI Mediated MAPK Activation R-HSA-2871796,0.4707625414914851,0.772770224628894,0.8325581395348837,0.95722388191059,1.0,9/28,5.41%,GRB2;LCP2;MAP2K4;LYN;SOS1;MAPK9;MAP3K1;VAV3;NRAS,Non-classical monocytes
prerank,Reactome_2022__Activation Of GABAB Receptors R-HSA-991365,0.4327364996443121,0.7719359090919203,0.835820895522388,0.9575367829322509,1.0,13/42,16.87%,GNGT2;GNB4;GNB1;KCNJ16;GNAI3;KCNJ10;GNB2;KCNJ3;GNAI1;GNG7;GNG11;ADCY6;ADCY2,Non-classical monocytes
prerank,Reactome_2022__Recycling Pathway Of L1 R-HSA-437239,-0.422798755550861,-0.7719315633394482,0.827683615819209,1.0,1.0,8/28,3.78%,RPS6KA4;MSN;RPS6KA3;SHTN1;AP2B1;EZR;CLTC;DNM2,Non-classical monocytes
prerank,Reactome_2022__Hyaluronan Uptake And Degradation R-HSA-2160916,-0.49394948885415646,-0.7717898613600257,0.7695961995249406,1.0,1.0,2/12,2.46%,CD44;GUSB,Non-classical monocytes
prerank,Reactome_2022__PPARA Activates Gene Expression R-HSA-1989781,0.3937524851150241,0.771332074227769,0.9034307496823379,0.9574780910066657,1.0,36/115,10.51%,CREBBP;G0S2;NCOA2;ABCA1;MED29;MED6;CDK19;MED8;HDAC3;RXRA;ACADM;MED4;PLIN2;PPARGC1B;CCNC;CLOCK;MED10;ALAS1;SREBF2;TBL1X;MED27;MED7;RXRB;CHD9;MED30;MED15;MED31;MED13L;MED21;MED25;NRF1;TRIB3;MED19;NR1H2;NCOA6;FAM120B,Non-classical monocytes
prerank,Reactome_2022__Acyl Chain Remodelling Of PE R-HSA-1482839,0.45466161961947316,0.7711907258695906,0.8310708898944194,0.9567471638220197,1.0,6/29,9.81%,PLAAT4;PLA2G4A;MBOAT1;PNPLA8;MBOAT2;PLA2G6,Non-classical monocytes
prerank,Reactome_2022__Ca-dependent Events R-HSA-111996,-0.39524670248064675,-0.7711352771936005,0.8514285714285714,1.0,1.0,9/35,8.91%,CALM1;PRKAR1A;PRKCD;CAMK2G;PRKACB;CREB1;PRKX;CAMK2D;ADCY9,Non-classical monocytes
prerank,Reactome_2022__Defective Intrinsic Pathway For Apoptosis R-HSA-9734009,-0.42753103924216307,-0.7707000724978588,0.8243626062322946,1.0,1.0,7/24,4.39%,C1QBP;YWHAE;CAPN1;CAPN2;BCL2L11;JUN;APP,Non-classical monocytes
prerank,Reactome_2022__RHOD GTPase Cycle R-HSA-9013405,0.4232202699768042,0.7704029274198865,0.8559077809798271,0.9569551829258549,1.0,17/51,12.61%,EFHD2;ARHGAP1;ARHGAP12;ANKFY1;HINT2;DIAPH2;PGRMC2;LMNB1;ARHGAP26;LEMD3;SLC4A7;ARHGAP32;RACGAP1;WHAMM;ARHGAP35;STBD1;PLXNA1,Non-classical monocytes
prerank,Reactome_2022__Pre-NOTCH Transcription And Translation R-HSA-1912408,0.44516703539376534,0.7702907542333238,0.8058823529411765,0.9561834995142644,1.0,10/33,10.76%,AGO3;CREBBP;KAT2B;NOTCH2;RUNX1;RBPJ;AGO4;TNRC6C;SNW1;E2F3,Non-classical monocytes
prerank,Reactome_2022__WNT5A-dependent Internalization Of FZD4 R-HSA-5099900,0.5052205458260515,0.7697284506353892,0.8101472995090017,0.9561239775115763,1.0,7/15,6.89%,CLTB;AP2S1;PRKCA;AP2A2;PRKCB;AP2A1;CLTA,Non-classical monocytes
prerank,Reactome_2022__RNA Polymerase III Transcription Initiation From Type 2 Promoter R-HSA-76066,0.46709102596903296,0.7691765739988361,0.8134556574923547,0.9560409048187626,1.0,11/26,9.58%,POLR2L;POLR2K;BDP1;CRCP;POLR2E;GTF3C6;POLR3A;POLR1D;POLR2F;POLR3H;POLR3C,Non-classical monocytes
prerank,Reactome_2022__Telomere C-strand Synthesis Initiation R-HSA-174430,-0.48975490892921075,-0.768331823565215,0.7581047381546134,1.0,1.0,5/12,12.17%,TERF2IP;TERF2;ACD;TERF1;PRIM2,Non-classical monocytes
prerank,Reactome_2022__Lagging Strand Synthesis R-HSA-69186,0.4861958392110701,0.7667121445012013,0.8171701112877583,0.9588223475195498,1.0,7/20,10.37%,RFC2;RPA3;PCNA;POLD1;POLA1;POLA2;RFC3,Non-classical monocytes
prerank,Reactome_2022__G Beta:Gamma Signaling Thru CDC42 R-HSA-8964616,0.47847129219617257,0.76586148691294,0.7956081081081081,0.9591608108212585,1.0,4/20,7.63%,GNGT2;GNB4;GNB1;PKN1,Non-classical monocytes
prerank,Reactome_2022__Nucleotide Catabolism R-HSA-8956319,0.4479115606512284,0.7655914456287507,0.8363363363363363,0.958621977290784,1.0,7/34,5.40%,NT5C;NT5C3A;UPP1;DNPH1;ITPA;SCO2;DPYD,Non-classical monocytes
prerank,Reactome_2022__Regulation Of Lipid Metabolism By PPARalpha R-HSA-400206,0.39039248380642466,0.7654924848274063,0.9071246819338422,0.9578531514549936,1.0,36/117,10.51%,CREBBP;G0S2;NCOA2;ABCA1;MED29;MED6;CDK19;MED8;HDAC3;RXRA;ACADM;MED4;PLIN2;PPARGC1B;CCNC;CLOCK;MED10;ALAS1;SREBF2;TBL1X;MED27;MED7;RXRB;CHD9;MED30;MED15;MED31;MED13L;MED21;MED25;NRF1;TRIB3;MED19;NR1H2;NCOA6;FAM120B,Non-classical monocytes
prerank,Reactome_2022__Protein-protein Interactions At Synapses R-HSA-6794362,0.3951829240353641,0.7652659117925994,0.8848728246318608,0.9572895312034073,1.0,25/88,17.33%,DBNL;SIPA1L1;IL1RAP;DLGAP2;HOMER3;DLG1;SLITRK4;EPB41L1;EPB41;LIN7B;PDLIM5;PPFIBP2;APBA3;HOMER2;SHARPIN;NLGN3;GRIN2D;DLGAP1;LRFN4;IL1RAPL2;LRFN1;SYT1;PTPRD;SHANK2;IL1RAPL1,Non-classical monocytes
prerank,Reactome_2022__Uptake And Actions Of Bacterial Toxins R-HSA-5339562,-0.41442492646059564,-0.764327224644091,0.8170731707317073,1.0,1.0,4/29,3.75%,VAMP2;CALM1;MAP2K2;PDCD6IP,Non-classical monocytes
prerank,Reactome_2022__CD28 Dependent Vav1 Pathway R-HSA-389359,0.5193666718784399,0.7642411200492419,0.8143322475570033,0.9579187531801804,1.0,5/12,8.53%,FYN;GRB2;CD86;PKN1;ARHGEF7,Non-classical monocytes
prerank,Reactome_2022__Removal Of Flap Intermediate R-HSA-69166,0.5044162308191977,0.7640605134569834,0.789049919484702,0.9572409711929607,1.0,5/14,9.98%,RPA3;PCNA;POLD1;POLA1;POLA2,Non-classical monocytes
prerank,Reactome_2022__G Alpha (S) Signaling Events R-HSA-418555,0.37225644052572054,0.7613727151863297,0.937424789410349,0.9602808439432677,1.0,20/152,7.83%,ITGB1;GNGT2;GNB4;PDE7A;ARRB1;PTRH2;GNB1;PRKCA;ADM;SRC;PRKAR2A;GPBAR1;PDE4D;GNAS;GRK6;GNAI3;PDE1B;GRK2;PRKAR2B;CPAMD8,Non-classical monocytes
prerank,Reactome_2022__RND3 GTPase Cycle R-HSA-9696264,0.42565978000594124,0.7611494269941874,0.8474074074074074,0.959687730558175,1.0,12/42,9.39%,RBMX;PICALM;KTN1;KCTD13;UBXN11;DST;LEMD3;TMOD3;PTPN13;TXNL1;NISCH;CKB,Non-classical monocytes
prerank,Reactome_2022__Formation Of beta-catenin:TCF Transactivating Complex R-HSA-201722,-0.4015303599476303,-0.7608779180311949,0.8542274052478134,1.0,1.0,9/30,7.69%,EP300;TLE4;TLE3;MEN1;RUNX3;PYGO2;ASH2L;TCF7L1;CDC73,Non-classical monocytes
prerank,Reactome_2022__Formation Of Fibrin Clot (Clotting Cascade) R-HSA-140877,-0.3805145481397486,-0.7592081258427217,0.8867924528301887,1.0,1.0,5/37,7.65%,C1QBP;TTF2;THBD;F5;F13A1,Non-classical monocytes
prerank,Reactome_2022__Cargo Trafficking To Periciliary Membrane R-HSA-5620920,0.4142708961300279,0.7587910004724385,0.8553191489361702,0.9621967379883882,1.0,10/50,7.22%,EXOC3;ARF4;RAB8A;EXOC7;EXOC4;ARL13B;EXOC2;BBS9;PRKD2;CCT5,Non-classical monocytes
prerank,Reactome_2022__YAP1- And WWTR1 (TAZ)-stimulated Gene Expression R-HSA-2032785,0.5008571154538992,0.7581392907761803,0.8148148148148148,0.9622199525052919,1.0,2/15,9.73%,KAT2B;YAP1,Non-classical monocytes
prerank,"Reactome_2022__Tetrahydrobiopterin (BH4) Synthesis, Recycling, Salvage And Regulation R-HSA-1474151",-0.504225383500237,-0.7572302130981113,0.7785888077858881,1.0,1.0,3/10,1.53%,CALM1;PTS;GCHFR,Non-classical monocytes
prerank,Reactome_2022__Downregulation Of TGF-beta Receptor Signaling R-HSA-2173788,-0.40979217287619774,-0.7560125990387837,0.8448753462603878,1.0,1.0,3/26,2.20%,PPP1CB;XPO1;UCHL5,Non-classical monocytes
prerank,Reactome_2022__Intrinsic Pathway For Apoptosis R-HSA-109606,0.41218387225559117,0.7548499108826396,0.8567293777134588,0.9661019908164767,1.0,12/55,6.39%,BAX;BID;DYNLL1;CYCS;YWHAH;CASP3;BAD;STAT3;CASP8;AKT2;AVEN;TP53BP2,Non-classical monocytes
prerank,Reactome_2022__Centrosome Maturation R-HSA-380287,0.39220558166648095,0.7546092967765685,0.8878627968337731,0.9655371323367277,1.0,28/80,9.18%,DYNLL1;SSNA1;MZT1;TUBA1A;CDK11A;ACTR1A;CEP192;CDK5RAP2;CLASP1;HSP90AA1;PRKCA;HAUS1;TUBB;TUBG1;TUBGCP4;ODF2;CEP135;HAUS8;DCTN2;DCTN3;CKAP5;CEP41;PRKAR2B;AKAP9;DYNC1H1;PAFAH1B1;MZT2A;CEP78,Non-classical monocytes
prerank,Reactome_2022__Diseases Associated With Glycosaminoglycan Metabolism R-HSA-3560782,0.42959011585246953,0.7541587788909473,0.8631123919308358,0.9652675563249523,1.0,13/40,15.29%,B4GALT1;HEXA;B4GALT7;ST3GAL3;SDC4;CHSY1;PAPSS2;SDC1;SDC3;AGRN;GPC3;SDC2;GPC5,Non-classical monocytes
prerank,Reactome_2022__Diseases Associated With N-glycosylation Of Proteins R-HSA-3781860,0.47261458544102736,0.7539287334317408,0.8172205438066465,0.9646765793940244,1.0,6/20,9.54%,ALG13;B4GALT1;ALG8;MPDU1;GLB1;ALG14,Non-classical monocytes
prerank,Reactome_2022__FCERI Mediated Ca+2 Mobilization R-HSA-2871809,0.4504732030066789,0.753047596025029,0.8367346938775511,0.9650550504476382,1.0,7/28,4.51%,ITPR2;PPP3CA;GRB2;LCP2;LYN;SOS1;VAV3,Non-classical monocytes
prerank,Reactome_2022__Organic Cation Transport R-HSA-549127,0.5201389781797521,0.751897999038685,0.8071672354948806,0.9658355924987351,1.0,2/10,9.66%,RUNX1;SLC22A15,Non-classical monocytes
prerank,Reactome_2022__Processive Synthesis On Lagging Strand R-HSA-69183,0.4878003339310568,0.7516464203198314,0.8126984126984127,0.9653027505026667,1.0,5/15,9.98%,RPA3;PCNA;POLD1;POLA1;POLA2,Non-classical monocytes
prerank,Reactome_2022__Signal Transduction By L1 R-HSA-445144,0.4675292307375273,0.7508816151444424,0.8167202572347267,0.9654332188970908,1.0,6/20,12.43%,ITGB1;CSNK2B;PKN1;MAP2K1;MAPK1;FGFR1,Non-classical monocytes
prerank,Reactome_2022__Meiosis R-HSA-1500620,0.4077913982824857,0.7508016391318538,0.8781163434903048,0.964623173838086,1.0,12/57,10.65%,ATM;RPA3;TOP3A;LMNB1;SMC3;LMNA;TINF2;RAD50;MSH5;CDK4;DIDO1;SYNE2,Non-classical monocytes
prerank,Reactome_2022__Role Of Phospholipids In Phagocytosis R-HSA-2029485,-0.422560075284186,-0.7503049233876865,0.8602739726027397,1.0,1.0,9/23,9.21%,PLD4;PLCG2;PRKCD;AHCYL1;PIK3CB;PIK3R1;SYK;PLPP5;ITPR3,Non-classical monocytes
prerank,"Reactome_2022__Synthesis, Secretion, And Deacylation Of Ghrelin R-HSA-422085",0.47530892005531267,0.7481814891773433,0.8108108108108109,0.9674306742028776,1.0,1/19,0.48%,SEC11C,Non-classical monocytes
prerank,Reactome_2022__Other Interleukin Signaling R-HSA-449836,0.45867436540619605,0.7481263329208323,0.8304821150855366,0.9665924645434233,1.0,6/24,5.53%,STXBP2;CD4;CASP3;CSF3R;TXLNA;STX4,Non-classical monocytes
prerank,Reactome_2022__Digestion R-HSA-8935690,0.4589133871181537,0.7476399232172716,0.842443729903537,0.966348494690881,1.0,3/22,26.35%,GUCA2B;MGAM;CHIT1,Non-classical monocytes
prerank,Reactome_2022__Receptor-type Tyrosine-Protein Phosphatases R-HSA-388844,0.4699854901819282,0.7467895028817487,0.8184873949579832,0.9665883737447051,1.0,6/20,17.33%,IL1RAP;SLITRK4;PPFIBP2;IL1RAPL2;PTPRD;IL1RAPL1,Non-classical monocytes
prerank,Reactome_2022__SUMOylation Of DNA Methylation Proteins R-HSA-4655427,0.48457320160710143,0.7463721074549857,0.8009950248756219,0.9662813254767694,1.0,3/15,4.33%,SUMO1;RNF2;DNMT1,Non-classical monocytes
prerank,Reactome_2022__Transcription Of E2F Targets Under Negative Control By P107 (RBL1) And P130 (RBL2) In Complex With HDAC1 R-HSA-1362300,0.48890435291477297,0.7459693427050369,0.8433333333333334,0.9659390755004601,1.0,4/16,8.73%,E2F4;LIN37;RBBP4;LIN52,Non-classical monocytes
prerank,Reactome_2022__Folding Of Actin By CCT/TriC R-HSA-390450,0.5204286502910349,0.7456221841879523,0.8091993185689949,0.9655040656439482,1.0,3/10,7.22%,CCT7;CCT6A;CCT5,Non-classical monocytes
prerank,Reactome_2022__GPCR Ligand Binding R-HSA-500792,0.339973948515605,0.745404314169504,0.9947534102833159,0.9648774802427167,1.0,57/455,14.57%,C3AR1;RIPK2;CCL3;GNGT2;C5AR1;GNB4;PTRH2;GNB1;CCR1;DHX34;CCL3L1;ADM;LTB4R;FFAR2;GPR65;FPR1;LPAR1;GPBAR1;GNAS;CXCL2;C5AR2;CPAMD8;PTGER3;CCRL2;GPR132;NPFF;GPR18;CXCL16;P2RY2;CCL4;CCL2;CXCL8;LPAR5;CXCL9;CXCL10;HCAR3;LPAR2;FPR2;P2RY12;HTR7;GNB2;CXCR4;CCL23;PTH2R;C5;POMC;P2RY6;FPR3;P2RY1;FZD1;ADGRE3;ADORA2A;CHRM5;TAS2R30;CXCR2;AVPR1A;PLPPR1,Non-classical monocytes
prerank,Reactome_2022__PLC Beta Mediated Events R-HSA-112043,0.4125020963432716,0.7450388666646625,0.8801169590643275,0.9645294620721947,1.0,15/47,11.69%,ITPR2;PLA2G4A;PRKCA;PRKAR2A;PDE1B;NBEA;GRK2;CAMKK2;PLCB3;PRKAR2B;KPNA2;PLCB2;MAPK1;ITPR1;PDE1A,Non-classical monocytes
prerank,Reactome_2022__Phenylalanine And Tyrosine Metabolism R-HSA-8963691,0.5048049441302008,0.743911094724145,0.8229166666666666,0.9652756550584894,1.0,4/11,8.81%,IL4I1;PCBD1;QDPR;HPD,Non-classical monocytes
prerank,Reactome_2022__Mitochondrial Calcium Ion Transport R-HSA-8949215,0.45826133707978567,0.7438028359395308,0.8275862068965517,0.9645315736524465,1.0,8/21,11.73%,SMDT1;YME1L1;AFG3L2;STOML2;PARL;LETM1;AKAP1;MCU,Non-classical monocytes
prerank,Reactome_2022__Chondroitin Sulfate/Dermatan Sulfate Metabolism R-HSA-1793185,0.4051476360121266,0.742845564545739,0.8696296296296296,0.9649710639538627,1.0,15/50,14.47%,XYLT1;CSGALNACT2;HEXA;B4GALT7;SDC4;CHSY1;CHST12;XYLT2;SDC1;B3GAT2;SDC3;CHPF;AGRN;GPC3;SDC2,Non-classical monocytes
prerank,Reactome_2022__Transcriptional Regulation Of Testis Differentiation R-HSA-9690406,0.5048231078087613,0.7418042288349476,0.8070469798657718,0.9655587962011352,1.0,1/13,12.41%,FGF9,Non-classical monocytes
prerank,Reactome_2022__DARPP-32 Events R-HSA-180024,0.4583280145909676,0.7417074176403609,0.8444444444444444,0.9647718634685785,1.0,10/24,10.33%,PPP3CA;PPP2CB;PDE4B;PPP2CA;PRKCA;PRKAR2A;PDE4D;PRKAR2B;PPP3CB;CDK5,Non-classical monocytes
prerank,Reactome_2022__PKA Activation In Glucagon Signaling R-HSA-164378,0.4795921714849521,0.7414895018591261,0.8378839590443686,0.9641477814468351,1.0,4/16,7.37%,PRKCA;PRKAR2A;GNAS;PRKAR2B,Non-classical monocytes
prerank,Reactome_2022__Drug ADME R-HSA-9748784,0.37570941697529703,0.7395601491295054,0.9347258485639687,0.9658963770772349,1.0,8/93,7.92%,CNDP2;HPRT1;GSTP1;ABCC1;VAV3;ADAL;CES2;ABCC5,Non-classical monocytes
prerank,Reactome_2022__Metabolism Of Amine-Derived Hormones R-HSA-209776,0.46829786851785804,0.739384926752007,0.8278688524590164,0.9652107221599683,1.0,3/18,16.23%,DIDO1;DDC;DUOX1,Non-classical monocytes
prerank,Reactome_2022__Deregulated CDK5 Triggers Neurodegenerative Pathways In Alzheimers Disease Models R-HSA-8862803,0.4515337844426703,0.7393627441688843,0.8506998444790047,0.9643380311342652,1.0,6/21,6.82%,PRDX1;PRDX2;CAPNS1;CDC25B;LMNB1;LMNA,Non-classical monocytes
prerank,Reactome_2022__ADORA2B Mediated Anti-Inflammatory Cytokine Production R-HSA-9660821,0.3682290392854377,0.7383042900696193,0.9539641943734015,0.9648489482620349,1.0,12/130,7.83%,GNGT2;GNB4;PTRH2;GNB1;PRKCA;ADM;PRKAR2A;GPBAR1;GNAS;GNAI3;PRKAR2B;CPAMD8,Non-classical monocytes
prerank,Reactome_2022__RAB Geranylgeranylation R-HSA-8873719,0.39835164396595074,0.7382702669954458,0.8870523415977961,0.9639987263623003,1.0,20/62,11.12%,RAB1A;RAB18;RAB5A;RAB8A;RAB14;RAB9A;RAB20;RAB2B;PTP4A2;RAB22A;RAB6A;RAB5B;RAB32;RAB13;RAB31;RABGGTB;RAB11A;RAB4A;RAB17;RAB1B,Non-classical monocytes
prerank,Reactome_2022__RAS Processing R-HSA-9648002,-0.4283893605695178,-0.737304147321157,0.8036175710594315,1.0,1.0,3/18,3.37%,CALM1;RCE1;HRAS,Non-classical monocytes
prerank,Reactome_2022__GABA Receptor Activation R-HSA-977443,0.39088477158861035,0.73629361047312,0.8947368421052632,0.9658383370038467,1.0,16/59,16.87%,GNGT2;GNB4;GNB1;KCNJ16;GNAI3;KCNJ10;GNB2;GABRA2;KCNJ3;ARHGEF9;GNAI1;GNG7;GNG11;GABRA4;ADCY6;ADCY2,Non-classical monocytes
prerank,Reactome_2022__ERK/MAPK Targets R-HSA-198753,0.44660497323620324,0.7358218400651297,0.85062893081761,0.965547075680472,1.0,8/22,10.35%,MEF2C;RPS6KA2;PPP2CB;PPP2CA;RPS6KA5;VRK3;RPS6KA1;MAPK1,Non-classical monocytes
prerank,Reactome_2022__Acyl Chain Remodelling Of PS R-HSA-1482801,0.4514380327788369,0.7342509234415192,0.8600311041990669,0.9666888626870571,1.0,2/22,5.83%,PLA2G4A;MBOAT1,Non-classical monocytes
prerank,Reactome_2022__RHOBTB3 ATPase Cycle R-HSA-9706019,-0.5062732151540719,-0.7342400583782165,0.8226950354609929,1.0,1.0,2/10,2.90%,LRRC41;PLIN3,Non-classical monocytes
prerank,Reactome_2022__STAT3 Nuclear Events Downstream Of ALK Signaling R-HSA-9701898,0.5131699001641892,0.733809811534889,0.8330578512396695,0.9663587640890532,1.0,5/10,6.31%,HDAC3;IL2RG;STAT3;HDAC2;PRDM1,Non-classical monocytes
prerank,Reactome_2022__Urea Cycle R-HSA-70635,-0.47459010323133166,-0.7325499053961428,0.8004587155963303,1.0,1.0,3/10,10.25%,ASL;ASS1;NAGS,Non-classical monocytes
prerank,MSigDB_Hallmark_2020__Pancreas Beta Cells,0.4153975082656403,0.7301140360621782,0.872093023255814,0.9790927052300563,1.0,4/40,9.93%,SRP9;MAFB;LMO2;FOXO1,Non-classical monocytes
prerank,Reactome_2022__G0 And Early G1 R-HSA-1538133,0.4424425739656879,0.7290235991580383,0.8625,0.9715842592236017,1.0,6/27,8.73%,E2F4;PCNA;LIN37;DYRK1A;RBBP4;LIN52,Non-classical monocytes
prerank,Reactome_2022__Peroxisomal Lipid Metabolism R-HSA-390918,-0.3792477083836698,-0.7287186778431182,0.9294117647058824,1.0,1.0,7/29,7.12%,ACOX1;NUDT19;ACBD5;PECR;SLC25A17;ALDH3A2;CRAT,Non-classical monocytes
prerank,Reactome_2022__SLC Transporter Disorders R-HSA-5619102,0.37211530926021164,0.7275983413296212,0.9392405063291139,0.9724839093574442,1.0,16/99,10.31%,NUP214;SLC27A4;RANBP2;SEC13;SLC9A9;AAAS;POM121C;NUP50;MAP4K5;NUP133;NUP35;NUP88;NUP98;SLC9A7;SLC17A5;SLC33A1,Non-classical monocytes
prerank,Reactome_2022__RORA Activates Gene Expression R-HSA-1368082,-0.43884093171309274,-0.7267473504515167,0.8664772727272727,1.0,1.0,7/18,7.02%,EP300;NCOA1;TBL1XR1;SREBF1;CPT1A;CARM1;SMARCD3,Non-classical monocytes
prerank,Reactome_2022__VEGFR2 Mediated Cell Proliferation R-HSA-5218921,0.4574675387527507,0.725435357946541,0.8615635179153095,0.9743326065188443,1.0,5/18,5.48%,ITPR2;PRKCA;SRC;NRAS;PRKCB,Non-classical monocytes
prerank,"Reactome_2022__Gamma Carboxylation, Hypusine Formation And Arylsulfatase Activation R-HSA-163841",0.41181897000321643,0.7246778081753912,0.8788774002954209,0.9743200540996643,1.0,13/41,13.73%,DHPS;GGCX;DNAJC24;SUMF1;SUMF2;DPH7;FN3KRP;DPH3;ARSG;DPH6;TPST1;FURIN;GAS6,Non-classical monocytes
prerank,Reactome_2022__Nuclear Events (Kinase And Transcription Factor Activation) R-HSA-198725,0.38848125290950786,0.7205222933404687,0.9221140472878998,0.9784964865650616,1.0,15/61,8.60%,MEF2C;NAB1;SGK1;LYL1;RPS6KA2;PPP2CB;PPP2CA;MEF2D;NAB2;TRIB1;SRF;ID2;RPS6KA5;VRK3;RPS6KA1,Non-classical monocytes
prerank,Reactome_2022__Free Fatty Acids Regulate Insulin Secretion R-HSA-400451,-0.4634130541363328,-0.7200093860505593,0.8151041666666666,1.0,1.0,6/11,12.98%,CD36;PLCB1;GNA15;ACSL3;GNAQ;GNA14,Non-classical monocytes
prerank,Reactome_2022__Activation Of RAC1 R-HSA-428540,0.4966924752563399,0.7152421877955841,0.8576051779935275,0.9837758137255821,1.0,5/11,11.38%,SOS1;PKN1;ARHGEF7;PAK4;ROBO1,Non-classical monocytes
prerank,Reactome_2022__Physiological Factors R-HSA-5578768,0.4753640468310238,0.7147335763234283,0.8551181102362204,0.9835031242566371,1.0,1/14,1.69%,KAT2B,Non-classical monocytes
prerank,Reactome_2022__Na+/Cl- Dependent Neurotransmitter Transporters R-HSA-442660,0.4405002515023677,0.714566993279754,0.8664546899841018,0.9827881893114203,1.0,6/19,21.71%,SLC6A6;SLC22A2;SLC6A19;SLC6A12;SLC6A11;SLC6A13,Non-classical monocytes
prerank,Reactome_2022__Activation Of ATR In Response To Replication Stress R-HSA-176187,0.413011421220103,0.7145515438682245,0.8861911987860395,0.9818967343895344,1.0,9/35,10.37%,MCM7;ORC5;RFC2;RPA3;ORC4;MCM4;DBF4;ORC6;RFC3,Non-classical monocytes
prerank,Reactome_2022__Acetylcholine Binding And Downstream Events R-HSA-181431,0.47531492910240547,0.7140616209265361,0.8706467661691543,0.981598413378833,1.0,1/14,10.20%,CHRNE,Non-classical monocytes
prerank,Reactome_2022__Phototransduction Cascade R-HSA-2514856,0.41486423261170924,0.7124274148660491,0.8669871794871795,0.982633087057025,1.0,7/31,14.10%,GNB1;PRKCA;RNF7;CAMKMT;GRK4;PDE6G;GUCA1B,Non-classical monocytes
prerank,"Reactome_2022__Inactivation, Recovery And Regulation Of Phototransduction Cascade R-HSA-2514859",0.416788053426497,0.7124068690114447,0.8780487804878049,0.9817588221778467,1.0,7/30,14.10%,GNB1;PRKCA;RNF7;CAMKMT;GRK4;PDE6G;GUCA1B,Non-classical monocytes
prerank,Reactome_2022__RNA Polymerase III Transcription Initiation From Type 1 Promoter R-HSA-76061,0.42929136635340714,0.7118364866461447,0.8824427480916031,0.9815466765079569,1.0,11/27,9.58%,POLR2L;POLR2K;BDP1;CRCP;POLR2E;GTF3C6;POLR3A;POLR1D;POLR2F;POLR3H;POLR3C,Non-classical monocytes
prerank,Reactome_2022__NGF-stimulated Transcription R-HSA-9031628,0.39974282885755424,0.7105047652024593,0.8963068181818182,0.9821483227830794,1.0,8/39,5.95%,NAB1;SGK1;LYL1;MEF2D;NAB2;TRIB1;SRF;ID2,Non-classical monocytes
prerank,Reactome_2022__rRNA Processing In Mitochondrion R-HSA-8868766,0.4973490428666087,0.7098485127079879,0.8694942903752039,0.9819115829677122,1.0,5/10,15.39%,TRMT10C;TFB1M;MRM2;HSD17B10;MRM3,Non-classical monocytes
prerank,Reactome_2022__Heme Biosynthesis R-HSA-189451,0.4762712060961902,0.7088374722803313,0.8809135399673735,0.9821807659114432,1.0,7/14,19.63%,UROS;ALAS1;CPOX;UROD;ALB;ALAD;PPOX,Non-classical monocytes
prerank,Reactome_2022__IRE1alpha Activates Chaperones R-HSA-381070,0.39371751675085975,0.7086606014440137,0.9188034188034188,0.981494150284702,1.0,14/48,8.69%,SERP1;ERN1;SYVN1;GFPT1;ACADVL;PREB;WIPI1;LMNA;TATDN2;PDIA6;ADD1;TLN1;CUL7;ATP6V0D1,Non-classical monocytes
prerank,Reactome_2022__Adherens Junctions Interactions R-HSA-418990,0.4167091961090297,0.7058872831189144,0.8904109589041096,0.9835024136985079,1.0,2/29,5.96%,CTNNB1;NECTIN2,Non-classical monocytes
prerank,Reactome_2022__Protein Methylation R-HSA-8876725,0.45918830261472343,0.7052552592796133,0.8769230769230769,0.9832574954624554,1.0,6/17,8.14%,HSPA8;ETFB;METTL22;RPS2;PRMT3;CAMKMT,Non-classical monocytes
prerank,Reactome_2022__Platelet Sensitization By LDL R-HSA-432142,0.4531103193537157,0.7046533441055933,0.8907014681892332,0.9830163665358905,1.0,4/17,3.67%,PPP2R5C;PLA2G4A;PPP2CB;PPP2CA,Non-classical monocytes
prerank,Reactome_2022__Metabolism Of Cofactors R-HSA-8978934,0.44173820789896934,0.7025723918139292,0.8683788121990369,0.984514568836257,1.0,5/19,3.94%,COQ2;GCH1;PDSS2;DHFR;HSP90AA1,Non-classical monocytes
prerank,Reactome_2022__Effects Of PIP2 Hydrolysis R-HSA-114508,0.41541668805570364,0.7022512440680116,0.9142857142857143,0.983957972622856,1.0,7/27,12.02%,ITPR2;RASGRP2;DGKD;DAGLA;DGKG;ITPR1;PRKCE,Non-classical monocytes
prerank,Reactome_2022__Initiation Of Nuclear Envelope (NE) Reformation R-HSA-2995383,0.4436624266747953,0.7018288252042421,0.8883647798742138,0.9835046209223567,1.0,8/19,6.82%,SIRT2;PPP2CA;VRK1;PPP2R2A;KPNB1;LMNB1;LEMD3;LMNA,Non-classical monocytes
prerank,Reactome_2022__Depolymerisation Of Nuclear Lamina R-HSA-4419969,-0.43519375006858274,-0.7014196257055371,0.8603491271820449,1.0,1.0,2/15,0.51%,LEMD2;CTDNEP1,Non-classical monocytes
prerank,Reactome_2022__Unwinding Of DNA R-HSA-176974,0.4798426147337348,0.698714297733082,0.8793969849246231,0.9858009820086862,1.0,4/11,17.14%,MCM7;MCM4;MCM3;GINS4,Non-classical monocytes
prerank,Reactome_2022__Hyaluronan Metabolism R-HSA-2142845,-0.42444583219125476,-0.6979430507083,0.8888888888888888,1.0,1.0,2/16,2.46%,CD44;GUSB,Non-classical monocytes
prerank,Reactome_2022__Intra-Golgi Traffic R-HSA-6811438,0.3884869822112331,0.6979382383970159,0.9297994269340975,0.9857272384274645,1.0,13/42,13.11%,CUX1;NAPG;GOSR1;STX5;VTI1A;COG2;CYTH3;MAN1A1;COG7;COG8;COG5;COG3;STX16,Non-classical monocytes
prerank,Reactome_2022__RA Biosynthesis Pathway R-HSA-5365859,-0.39340514563883006,-0.6974912931734064,0.9378531073446328,1.0,1.0,3/22,3.81%,RDH5;ALDH1A1;RDH13,Non-classical monocytes
prerank,Reactome_2022__Transport Of Organic Anions R-HSA-879518,-0.45433067134148153,-0.6971148770334358,0.8547619047619047,1.0,1.0,2/11,12.94%,NLRP3;SLCO2A1,Non-classical monocytes
prerank,Reactome_2022__Telomere C-strand (Lagging Strand) Synthesis R-HSA-174417,-0.3649321777932123,-0.6967200777303914,0.9369627507163324,1.0,1.0,14/33,12.17%,TERF2IP;POLR1A;TERF2;ACD;SLC19A1;POLD3;POLR1B;TERF1;WRN;FEN1;POLD2;LRIG1;RFC5;PRIM2,Non-classical monocytes
prerank,Reactome_2022__WNT Ligand Biogenesis And Trafficking R-HSA-3238698,0.4129497386248438,0.6956047214656474,0.9009433962264151,0.9873192541763506,1.0,4/26,6.34%,TMED5;VPS35;VPS26A;WLS,Non-classical monocytes
prerank,Reactome_2022__Beta-catenin Phosphorylation Cascade R-HSA-196299,0.44302778553147826,0.6952812784596089,0.8763866877971473,0.9867526735314452,1.0,6/17,8.95%,CTNNB1;PPP2R5C;PPP2CB;PPP2CA;FRAT2;AXIN1,Non-classical monocytes
prerank,Reactome_2022__Constitutive Signaling By AKT1 E17K In Cancer R-HSA-5674400,0.4129537057640682,0.6944305029002636,0.9105431309904153,0.9866826936792752,1.0,7/26,9.93%,CDKN1A;BAD;AKT2;MAPKAP1;RPS6KB2;MDM2;FOXO1,Non-classical monocytes
prerank,Reactome_2022__Class I Peroxisomal Membrane Protein Import R-HSA-9603798,0.4319114288174498,0.6941391757374374,0.8813291139240507,0.9860878728874121,1.0,8/20,14.83%,FIS1;ABCD3;ABCD1;PEX13;PEX14;PEX2;PEX11B;PEX19,Non-classical monocytes
prerank,"Reactome_2022__Defective B4GALT7 Causes EDS, Progeroid Type R-HSA-3560783",0.4361838666838519,0.6911387317145613,0.8969889064976229,0.9881994077753178,1.0,9/20,16.57%,B4GALT7;SDC4;SDC1;SDC3;AGRN;GPC3;SDC2;GPC5;BGN,Non-classical monocytes
prerank,Reactome_2022__N-Glycan Antennae Elongation R-HSA-975577,0.4518229624914429,0.6894539489210278,0.8697749196141479,0.9889645371081929,1.0,3/15,8.30%,B4GALT1;MGAT5;B4GALT4,Non-classical monocytes
prerank,Reactome_2022__AKT Phosphorylates Targets In Nucleus R-HSA-198693,0.4876760272635386,0.688997267856236,0.8945518453427065,0.9884905103712681,1.0,5/10,17.70%,AKT2;RPS6KB2;FOXO1;FOXO4;FOXO6,Non-classical monocytes
prerank,Reactome_2022__Heparan Sulfate/Heparin (HS-GAG) Metabolism R-HSA-1638091,0.3710402347869113,0.6883448771482449,0.9555555555555556,0.988247491049331,1.0,15/53,14.47%,XYLT1;B4GALT7;SDC4;HPSE;SGSH;GLB1;XYLT2;GLB1L;HS3ST1;SDC1;B3GAT2;SDC3;AGRN;GPC3;SDC2,Non-classical monocytes
prerank,Reactome_2022__Sensory Perception Of Taste R-HSA-9717189,0.37706058609748716,0.6878727753560937,0.9445234708392604,0.9878079696768445,1.0,7/47,14.42%,GNB1;SCNN1A;PLCB2;SCN2A;SCNN1B;TAS2R30;TRPM4,Non-classical monocytes
prerank,Reactome_2022__CTNNB1 S33 Mutants Not Phosphorylated R-HSA-5358747,0.44715592790646475,0.6875872164370205,0.8814935064935064,0.9872010564023059,1.0,4/15,3.67%,CTNNB1;PPP2R5C;PPP2CB;PPP2CA,Non-classical monocytes
prerank,Reactome_2022__Activation Of Arylsulfatases R-HSA-1663150,-0.44569880984923227,-0.6874973771572646,0.885,1.0,1.0,3/12,7.26%,ARSB;ARSA;ARSD,Non-classical monocytes
prerank,Reactome_2022__Advanced Glycosylation Endproduct Receptor Signaling R-HSA-879415,-0.43264246600122497,-0.686820281762894,0.8801020408163265,1.0,1.0,4/13,5.81%,HMGB1;S100A12;APP;CAPZA1,Non-classical monocytes
prerank,Reactome_2022__Transcription Of E2F Targets Under Negative Control By DREAM Complex R-HSA-1362277,0.43767033536851907,0.684089261135872,0.8975206611570248,0.989632976058204,1.0,5/19,8.73%,E2F4;PCNA;LIN37;RBBP4;LIN52,Non-classical monocytes
prerank,Reactome_2022__G-protein Mediated Events R-HSA-112040,0.37267717899353936,0.683901661410911,0.946685878962536,0.9889113993224979,1.0,16/52,11.69%,ITPR2;PLA2G4A;PRKCA;PRKAR2A;GNAI3;PDE1B;NBEA;GRK2;CAMKK2;PLCB3;PRKAR2B;KPNA2;PLCB2;MAPK1;ITPR1;PDE1A,Non-classical monocytes
prerank,Reactome_2022__Nephrin Family Interactions R-HSA-373753,0.417497193133362,0.6832562027363965,0.9090909090909091,0.9886044121371412,1.0,3/22,5.36%,FYN;PIK3CA;IQGAP1,Non-classical monocytes
prerank,Reactome_2022__Regulation Of Gene Expression In Late Stage (Branching Morphogenesis) Pancreatic Bud Precursor Cells R-HSA-210744,0.45503946110594085,0.6829937808887429,0.8825396825396825,0.9879463865275353,1.0,4/15,9.61%,CREBBP;KAT2B;RBPJ;SNW1,Non-classical monocytes
prerank,Reactome_2022__p38MAPK Events R-HSA-171007,-0.4359024063901105,-0.6806416428695986,0.8962025316455696,1.0,1.0,3/12,3.37%,MAPK14;MAPKAPK2;HRAS,Non-classical monocytes
prerank,Reactome_2022__O-linked Glycosylation Of Mucins R-HSA-913709,0.3671414632819608,0.6796962357062314,0.9635854341736695,0.9900526743002348,1.0,6/57,7.01%,ST3GAL1;ST3GAL2;GCNT1;ST6GALNAC4;ST3GAL3;GALNT11,Non-classical monocytes
prerank,Reactome_2022__DAG And IP3 Signaling R-HSA-1489509,0.38936157887873213,0.6780517668832864,0.9169184290030211,0.990637649090121,1.0,12/39,12.02%,ITPR2;PRKCA;PRKAR2A;PDE1B;NBEA;GRK2;CAMKK2;PRKAR2B;KPNA2;ITPR1;PDE1A;PRKCE,Non-classical monocytes
prerank,Reactome_2022__FGFR2b Ligand Binding And Activation R-HSA-190377,0.46720209059852924,0.6762189902733582,0.8760757314974182,0.9913133361761851,1.0,3/10,24.41%,FGFR2;FGF13;FGFBP3,Non-classical monocytes
prerank,Reactome_2022__Defective B3GAT3 Causes JDSSDHD R-HSA-3560801,-0.39221750957416446,-0.6761681237006281,0.9307479224376731,1.0,1.0,2/20,7.31%,VCAN;B3GAT3,Non-classical monocytes
prerank,Reactome_2022__ALK Mutants Bind TKIs R-HSA-9700645,-0.4227646605340584,-0.6747082394583687,0.888095238095238,1.0,1.0,4/12,6.66%,PRKAR1A;CLTC;STRN;PPM1B,Non-classical monocytes
prerank,Reactome_2022__HDR Thru MMEJ (alt-NHEJ) R-HSA-5685939,0.45408635402456143,0.6727429556038721,0.8885298869143781,0.9933804172679609,1.0,3/12,12.34%,XRCC1;RAD50;PARP2,Non-classical monocytes
prerank,Reactome_2022__Thrombin Signaling Thru Proteinase Activated Receptors (PARs) R-HSA-456926,0.39346634113777473,0.6715146799812526,0.9367088607594937,0.993485440908983,1.0,6/32,5.50%,GNGT2;GNB4;ARRB1;GNB1;SRC;GNA13,Non-classical monocytes
prerank,MSigDB_Hallmark_2020__Angiogenesis,0.3828036728404349,0.6714512170430555,0.9604261796042618,0.9912363455809334,1.0,2/36,1.55%,LRPAP1;S100A4,Non-classical monocytes
prerank,Reactome_2022__GAB1 Signalosome R-HSA-180292,-0.40050748346478565,-0.6704799123800167,0.9249394673123487,1.0,1.0,4/17,6.89%,CSK;PAG1;PIK3R1;AREG,Non-classical monocytes
prerank,Reactome_2022__Defective B3GALTL Causes PpS R-HSA-5083635,-0.33884747571084844,-0.6703890212637328,0.9942363112391931,1.0,1.0,8/37,18.48%,ADAMTSL4;THSD7B;ADAMTS6;ADAMTS2;THSD1;SBSPON;B3GLCT;THBS1,Non-classical monocytes
prerank,Reactome_2022__Azathioprine ADME R-HSA-9748787,-0.3922435685190972,-0.6697375877588339,0.9371428571428572,1.0,1.0,8/21,11.08%,VAV2;SLC29A1;VAV1;TPMT;ABCC4;IMPDH2;GMPS;NUDT15,Non-classical monocytes
prerank,Reactome_2022__RHOBTB GTPase Cycle R-HSA-9706574,0.38591585121765065,0.6692249211707647,0.9466666666666667,0.9944051742389379,1.0,10/35,7.59%,CCT7;RBMX;SRRM1;ACTG1;HSP90AA1;CCT6A;TMOD3;HNRNPC;COPS2;COPS4,Non-classical monocytes
prerank,Reactome_2022__ERCC6 (CSB) And EHMT2 (G9a) Positively Regulate rRNA Expression R-HSA-427389,0.4310893173824138,0.6689913766005224,0.9118589743589743,0.9937003693886053,1.0,6/16,8.23%,GATAD2B;MTA2;MTA1;HDAC2;EHMT2;RBBP4,Non-classical monocytes
prerank,Reactome_2022__Hormone Ligand-Binding Receptors R-HSA-375281,0.4470011974783874,0.668212678545227,0.8822553897180763,0.9934046295864741,1.0,1/12,17.68%,GNRH1,Non-classical monocytes
prerank,Reactome_2022__Energy Dependent Regulation Of mTOR By LKB1-AMPK R-HSA-380972,0.3857052212496343,0.6677308335776581,0.9465648854961832,0.9928975423508102,1.0,12/29,11.89%,CAB39;LAMTOR4;LAMTOR5;PPM1A;STRADA;RRAGD;RPTOR;PRKAA1;TSC1;RRAGB;RRAGC;CAB39L,Non-classical monocytes
prerank,Reactome_2022__Plasma Lipoprotein Remodeling R-HSA-8963899,0.38607781865262414,0.6668066600944299,0.9480916030534351,0.992741993055639,1.0,11/33,19.06%,MBTPS1;ABCG1;APOE;ANGPTL3;FURIN;PLTP;LIPC;TRNP1;MBTPS2;LPL;ALB,Non-classical monocytes
prerank,Reactome_2022__Synthesis Of PE R-HSA-1483213,-0.42184806223500637,-0.6667282439627679,0.8880407124681934,1.0,1.0,3/13,8.03%,CHKB;ETNK1;PCYT2,Non-classical monocytes
prerank,Reactome_2022__PI3K Events In ERBB4 Signaling R-HSA-1250342,0.4682749850795406,0.6650635109212973,0.8867256637168142,0.9932190421942609,1.0,3/10,16.22%,PIK3CA;HBEGF;NRG2,Non-classical monocytes
prerank,Reactome_2022__Sulfur Amino Acid Metabolism R-HSA-1614635,0.4082941089897839,0.6646871257409689,0.9283489096573209,0.9926506170322438,1.0,6/25,8.67%,SQOR;TXN2;ADI1;MTRR;MTR;APIP,Non-classical monocytes
prerank,Reactome_2022__Acyl Chain Remodelling Of PG R-HSA-1482925,-0.39620350464118964,-0.6638107702659471,0.9491978609625669,1.0,1.0,2/18,4.39%,LPGAT1;CRLS1,Non-classical monocytes
prerank,Reactome_2022__Degradation Of Cysteine And Homocysteine R-HSA-1614558,-0.42488331860616707,-0.6629323744783561,0.8976982097186701,1.0,1.0,6/13,11.82%,ETHE1;TSTD1;CSAD;ADO;SUOX;GOT2,Non-classical monocytes
prerank,Reactome_2022__ATF6 (ATF6-alpha) Activates Chaperones R-HSA-381033,0.4541726427459757,0.6628222158512826,0.8959044368600683,0.9931247366642719,1.0,2/11,1.54%,ATF6;MBTPS1,Non-classical monocytes
prerank,Reactome_2022__Plasma Lipoprotein Assembly R-HSA-8963898,0.4341801668882467,0.6627120248003813,0.9250814332247557,0.9923140136731993,1.0,6/16,13.49%,ABCA1;PRKCA;APOC1;APOE;BMP1;ZDHHC8,Non-classical monocytes
prerank,Reactome_2022__Mismatch Repair (MMR) Directed By MSH2:MSH6 (MutSalpha) R-HSA-5358565,0.4348876731902914,0.6619097165685067,0.9152542372881356,0.9919759379115887,1.0,3/14,6.01%,RPA3;PCNA;POLD1,Non-classical monocytes
prerank,Reactome_2022__Acetylcholine Neurotransmitter Release Cycle R-HSA-264642,-0.4042116674985794,-0.6600398026486246,0.9256410256410257,0.9997357903180801,1.0,1/17,0.34%,VAMP2,Non-classical monocytes
prerank,"Reactome_2022__Base-Excision Repair, AP Site Formation R-HSA-73929",-0.39461602331917334,-0.659963047529976,0.920844327176781,0.9955516305903819,1.0,6/17,10.69%,TERF2IP;TERF2;ACD;NEIL2;TERF1;NEIL1,Non-classical monocytes
prerank,Reactome_2022__Collagen Formation R-HSA-1474290,0.3388985590317949,0.659872255867653,0.9921465968586387,0.9925508992244297,1.0,16/90,14.32%,PPIB;CTSS;PLOD3;DST;CTSB;CD151;CTSL;COL18A1;LOXL3;BMP1;PCOLCE;PLOD1;P3H1;COL9A2;COL13A1;COL6A1,Non-classical monocytes
prerank,Reactome_2022__Mismatch Repair (MMR) Directed By MSH2:MSH3 (MutSbeta) R-HSA-5358606,0.42846736393657814,0.6578967843110162,0.8978583196046128,0.9931151358852558,1.0,3/14,6.01%,RPA3;PCNA;POLD1,Non-classical monocytes
prerank,Reactome_2022__Aspartate And Asparagine Metabolism R-HSA-8963693,0.4554670956561171,0.6569350741568236,0.9022801302931596,0.9928893502656039,1.0,1/11,4.13%,SLC25A13,Non-classical monocytes
prerank,Reactome_2022__Activation Of TFAP2 (AP-2) Family Of Transcription Factors R-HSA-8866907,-0.4239470137022341,-0.6558944765678348,0.9293193717277487,0.9939314553723692,1.0,2/12,5.91%,EP300;CITED2,Non-classical monocytes
prerank,Reactome_2022__Assembly And Cell Surface Presentation Of NMDA Receptors R-HSA-9609736,-0.3636595622688773,-0.65277968985899,0.9831932773109243,0.991759847239767,1.0,3/25,7.14%,CAMK2G;LIN7C;CAMK2D,Non-classical monocytes
prerank,Reactome_2022__Synthesis Of PC R-HSA-1483191,0.39343518672864003,0.651740529126378,0.9394409937888198,0.9955178965721321,1.0,7/27,11.21%,SH2D3C;CEPT1;LPIN2;LPCAT1;CSNK2B;SLC44A1;ABHD3,Non-classical monocytes
prerank,Reactome_2022__Purine Catabolism R-HSA-74259,0.42630450840694567,0.6516824009294303,0.9225700164744646,0.994678144675272,1.0,4/16,8.35%,NT5C;DNPH1;ITPA;NUDT18,Non-classical monocytes
prerank,Reactome_2022__Assembly Of Collagen Fibrils And Other Multimeric Structures R-HSA-2022090,0.3523842535992209,0.6492198329935164,0.9887165021156559,0.9953825836968478,1.0,11/57,14.32%,CTSS;DST;CTSB;CD151;CTSL;COL18A1;LOXL3;BMP1;PCOLCE;COL9A2;COL6A1,Non-classical monocytes
prerank,Reactome_2022__Expression And Translocation Of Olfactory Receptors R-HSA-9752946,0.29968104567326187,0.6452447441785604,1.0,0.997007377224752,1.0,6/377,23.97%,OR52K1;OR2B11;OR2AT4;OR7C1;OR1M1;OR52K2,Non-classical monocytes
prerank,Reactome_2022__HS-GAG Degradation R-HSA-2024096,0.39846624182009505,0.6439890158689261,0.9502332814930016,0.9968800438871146,1.0,11/21,15.29%,SDC4;HPSE;SGSH;GLB1;GLB1L;SDC1;SDC3;AGRN;GPC3;SDC2;GPC5,Non-classical monocytes
prerank,Reactome_2022__Cytochrome C-Mediated Apoptotic Response R-HSA-111461,0.42703401644252725,0.6437281865080828,0.9224422442244224,0.996170711553154,1.0,6/13,12.70%,CYCS;CASP3;AVEN;APIP;MAPK1;APAF1,Non-classical monocytes
prerank,Reactome_2022__Trafficking And Processing Of Endosomal TLR R-HSA-1679131,-0.4060875237660951,-0.64224676517772,0.9417721518987342,0.9932995810048546,1.0,3/13,8.53%,HSP90B1;TLR7;LGMN,Non-classical monocytes
prerank,Reactome_2022__Regulation Of FOXO Transcriptional Activity By Acetylation R-HSA-9617629,0.44491817387418414,0.6418430882776711,0.9304635761589404,0.9963871484546353,1.0,3/10,4.84%,CREBBP;KAT2B;TXN2,Non-classical monocytes
prerank,Reactome_2022__Nef Mediated Downregulation Of MHC Class I Complex Cell Surface Expression R-HSA-164940,0.4499991000369105,0.6399112363951793,0.92914653784219,0.9966053470171389,1.0,1/10,0.40%,B2M,Non-classical monocytes
prerank,Reactome_2022__CLEC7A (Dectin-1) Induces NFAT Activation R-HSA-5607763,0.4473720953474518,0.6396021528336148,0.9188741721854304,0.9959088109625525,1.0,2/11,1.43%,ITPR2;PPP3CA,Non-classical monocytes
prerank,Reactome_2022__Amino Acid Transport Across Plasma Membrane R-HSA-352230,0.36967285373958336,0.636855811929961,0.9804216867469879,0.9965469602777307,1.0,10/33,17.23%,SLC36A4;SLC6A6;SLC25A29;SLC1A5;SLC16A10;SLC7A1;SLC38A2;SLC6A19;SLC7A5;SLC38A4,Non-classical monocytes
prerank,Reactome_2022__Cell-cell Junction Organization R-HSA-421270,-0.29838115512895025,-0.6363999740859929,1.0,0.9922293563959977,1.0,17/60,16.47%,CTNNA1;PRKCI;CDH13;JUP;PVR;SDK2;ANG;CDH8;AFDN;PARD6B;CLDN15;CLDN7;NECTIN1;CADM1;CDH12;SDK1;CLDN19,Non-classical monocytes
prerank,Reactome_2022__RAF-independent MAPK1/3 Activation R-HSA-112409,0.386229555903553,0.6359321541755304,0.9577922077922078,0.9962050510948771,1.0,11/23,15.86%,DUSP2;JAK2;MAP2K1;MAPK1;DUSP5;DUSP9;DUSP10;IL6ST;JAK1;DUSP16;DUSP6,Non-classical monocytes
prerank,Reactome_2022__Transport Of Nucleosides And Free Purine And Pyrimidine Bases Across Plasma Membrane R-HSA-83936,0.42434267335571507,0.6357395320990579,0.931438127090301,0.9954509570688691,1.0,3/12,12.24%,SLC25A5;SLC25A6;SLC28A3,Non-classical monocytes
prerank,Reactome_2022__Metabolism Of Folate And Pterines R-HSA-196757,0.4116904256897822,0.6352337589766113,0.9285714285714286,0.9948740166348593,1.0,5/16,10.23%,DHFR;MTHFR;SHMT1;MTHFD1;MTHFD2L,Non-classical monocytes
prerank,Reactome_2022__Collagen Biosynthesis And Modifying Enzymes R-HSA-1650814,0.3365561862824115,0.6351185457724171,0.9919246298788694,0.9940542511109544,1.0,10/67,14.32%,PPIB;PLOD3;COL18A1;BMP1;PCOLCE;PLOD1;P3H1;COL9A2;COL13A1;COL6A1,Non-classical monocytes
prerank,Reactome_2022__Mismatch Repair R-HSA-5358508,0.4082022196675108,0.6313548451812234,0.9385382059800664,0.995113579638795,1.0,3/15,6.01%,RPA3;PCNA;POLD1,Non-classical monocytes
prerank,Reactome_2022__Intrinsic Pathway Of Fibrin Clot Formation R-HSA-140837,0.38880451658128495,0.6312433462829515,0.9497716894977168,0.9943088492953532,1.0,4/21,10.91%,SERPING1;PRCP;ZNF160;SERPINA5,Non-classical monocytes
prerank,Reactome_2022__HDL Remodeling R-HSA-8964058,0.4500576303598363,0.6307279178979268,0.9293286219081273,0.9936924267203344,1.0,6/10,24.09%,ABCG1;APOE;PLTP;ALB;APOC3;APOC2,Non-classical monocytes
prerank,Reactome_2022__Receptor Mediated Mitophagy R-HSA-8934903,0.438843289666555,0.628875048690812,0.9429530201342282,0.9937593382617749,1.0,4/10,8.73%,MAP1LC3B;SRC;CSNK2B;ATG5,Non-classical monocytes
prerank,Reactome_2022__Cleavage Of Damaged Purine R-HSA-110331,-0.4103163962713238,-0.6269340966410376,0.9277389277389277,0.9924921894980618,1.0,3/10,3.96%,TERF2IP;TERF2;ACD,Non-classical monocytes
prerank,"Reactome_2022__Gamma-carboxylation, Transport, And Amino-Terminal Cleavage Of Proteins R-HSA-159854",0.429055976187975,0.6257316492450903,0.9215358931552587,0.9944569190637138,1.0,4/11,16.90%,GGCX;FURIN;GAS6;PROZ,Non-classical monocytes
prerank,Reactome_2022__Androgen Biosynthesis R-HSA-193048,-0.40187217230154915,-0.625265107439098,0.9476190476190476,0.9891253107947066,1.0,2/11,7.42%,HSD17B12;SRD5A1,Non-classical monocytes
prerank,Reactome_2022__RUNX1 And FOXP3 Control Development Of Regulatory T Lymphocytes (Tregs) R-HSA-8877330,0.4338040937338598,0.6236067157995928,0.9303482587064676,0.9945505920120442,1.0,2/10,11.41%,RUNX1;NFATC2,Non-classical monocytes
prerank,Reactome_2022__NOTCH4 Activation And Transmission Of Signal To Nucleus R-HSA-9013700,0.4327807473261116,0.6213599340991055,0.9368600682593856,0.9946769102935404,1.0,3/11,5.66%,PSENEN;APH1B;PSEN1,Non-classical monocytes
prerank,Reactome_2022__Presynaptic Depolarization And Calcium Channel Opening R-HSA-112308,-0.4043716162017333,-0.620300550262994,0.9454545454545454,0.9870774594726661,1.0,4/12,16.03%,CACNB1;CACNB2;CACNA1E;CACNA2D2,Non-classical monocytes
prerank,Reactome_2022__LGI-ADAM Interactions R-HSA-5682910,0.3988100501945787,0.6171775500054213,0.9534109816971714,0.9956309480982082,1.0,6/14,25.41%,ADAM22;LGI4;ADAM11;ADAM23;CACNG8;STX1A,Non-classical monocytes
prerank,Reactome_2022__DCC Mediated Attractive Signaling R-HSA-418885,0.4064894960679817,0.6162475005989833,0.9486754966887417,0.9950905329655546,1.0,2/14,4.75%,FYN;SRC,Non-classical monocytes
prerank,Reactome_2022__Tight Junction Interactions R-HSA-420029,0.3596762894347394,0.6083613604067682,0.9817351598173516,0.9973050226999858,1.0,8/29,18.66%,F11R;PARD6A;PARD3;CLDN8;CLDN4;CRB3;CLDN16;PATJ,Non-classical monocytes
prerank,Reactome_2022__RUNX3 Regulates NOTCH Signaling R-HSA-8941856,0.41172818649461534,0.6050783120477546,0.9429967426710097,0.9976225850192011,1.0,3/13,6.05%,CREBBP;KAT2B;RBPJ,Non-classical monocytes
prerank,Reactome_2022__Digestion And Absorption R-HSA-8963743,0.3600532684620176,0.6049978847768558,0.9811912225705329,0.9967973391669379,1.0,5/27,26.35%,GUCA2B;MGAM;SLC2A5;SLC2A2;CHIT1,Non-classical monocytes
prerank,"Reactome_2022__Defective EXT1 Causes Exostoses 1, TRPS2 And CHDS R-HSA-3656253",0.40036157997504296,0.6038126844538748,0.9552238805970149,0.9963399026788952,1.0,7/13,15.29%,SDC4;SDC1;SDC3;AGRN;GPC3;SDC2;GPC5,Non-classical monocytes
prerank,"Reactome_2022__PTK6 Regulates RHO GTPases, RAS GTPase And MAP Kinases R-HSA-8849471",0.3990808373049902,0.6016008629384066,0.9584026622296173,0.9962377547057691,1.0,6/13,12.82%,RHOA;NRAS;ELMO1;PTK6;ARHGAP35;DOCK1,Non-classical monocytes
prerank,Reactome_2022__ERBB2 Activates PTK6 Signaling R-HSA-8847993,0.40609923779089135,0.6002337562671253,0.948073701842546,0.995816269940711,1.0,4/13,17.21%,PTK6;HBEGF;NRG2;EGFR,Non-classical monocytes
prerank,Reactome_2022__ECM Proteoglycans R-HSA-3000178,0.32667118579514426,0.5988942592832588,0.9971711456859972,0.9953503540069961,1.0,11/55,17.87%,ITGB1;TGFB1;LMNB2;DAG1;COL9A2;AGRN;LAMC1;LAMA2;BGN;ITGA7;ASPN,Non-classical monocytes
prerank,Reactome_2022__Formation Of Apoptosome R-HSA-111458,-0.38775291548597746,-0.598718762939733,0.9548693586698337,0.9903785824467897,1.0,2/11,5.32%,CARD8;XIAP,Non-classical monocytes
prerank,Reactome_2022__Polymerase Switching On C-strand Of Telomere R-HSA-174411,0.3594984210861098,0.5953043378407501,0.9874213836477987,0.995648023393351,1.0,11/25,15.76%,RFC2;PCNA;POLD1;TINF2;POLA1;POLA2;RFC3;POT1;CTC1;CHTF8;RFC4,Non-classical monocytes
prerank,Reactome_2022__Uptake And Function Of Anthrax Toxins R-HSA-5210891,0.4104821560905882,0.5947913453169296,0.9697478991596639,0.9949786278164856,1.0,4/11,9.38%,MAP2K4;ANTXR2;MAP2K6;MAP2K1,Non-classical monocytes
prerank,Reactome_2022__Calcitonin-like Ligand Receptors R-HSA-419812,0.4166167542000255,0.5942388321579055,0.9672977624784854,0.9942936206420444,1.0,1/10,4.36%,ADM,Non-classical monocytes
prerank,Reactome_2022__Condensation Of Prometaphase Chromosomes R-HSA-2514853,0.41646970182259624,0.5888963197861738,0.9593639575971732,0.9949305054539769,1.0,2/10,9.78%,CSNK2B;CCNB1,Non-classical monocytes
prerank,Reactome_2022__NCAM1 Interactions R-HSA-419037,0.3337807083856978,0.5869534518634997,0.9913294797687862,0.9946095461593658,1.0,9/37,17.85%,PRNP;CACNB4;CACNA1D;COL9A2;AGRN;COL6A1;NRTN;COL4A5;PSPN,Non-classical monocytes
prerank,Reactome_2022__ERKs Are Inactivated R-HSA-202670,0.38545774264949484,0.5840025463056532,0.9703947368421053,0.9945377835406218,1.0,4/13,10.35%,PPP2CB;PPP2CA;VRK3;MAPK1,Non-classical monocytes
prerank,"Reactome_2022__Synthesis Of IP2, IP, And Ins In Cytosol R-HSA-1855183",0.3867691143120357,0.5828449534552382,0.9647058823529412,0.9939682282622211,1.0,5/14,14.34%,INPP5A;SYNJ1;INPP1;MIOX;INPP4B,Non-classical monocytes
prerank,Reactome_2022__Gamma-carboxylation Of Protein Precursors R-HSA-159740,0.4010887621615378,0.570861283557236,0.9741824440619621,0.9958318201303518,1.0,1/10,3.99%,GGCX,Non-classical monocytes
prerank,Reactome_2022__Negative Regulation Of TCF-dependent Signaling By WNT Ligand Antagonists R-HSA-3772470,-0.33773315435954443,-0.5553322420265775,0.9947643979057592,0.9949226416203983,1.0,3/15,15.61%,LRP5;SOST;LRP6,Non-classical monocytes
prerank,Reactome_2022__ERBB2 Regulates Cell Motility R-HSA-6785631,0.36473840338932373,0.5442526845449585,0.9880341880341881,0.9990469224546797,1.0,5/15,19.12%,RHOA;HBEGF;NRG2;EGFR;MEMO1,Non-classical monocytes
prerank,Reactome_2022__Interaction Between L1 And Ankyrins R-HSA-445095,0.31650261463257057,0.5368924466171662,1.0,0.9990163953759923,1.0,12/29,25.69%,ANK2;SCN2A;ANK3;SPTBN1;SPTBN2;SCN1B;SCN11A;NRCAM;ANK1;SCN3A;SPTA1;SCN7A,Non-classical monocytes
prerank,Reactome_2022__Synthesis Of Bile Acids And Bile Salts Via 24-Hydroxycholesterol R-HSA-193775,0.3411247753761953,0.5184247502097062,0.9900332225913622,0.9996246607195647,1.0,5/14,25.13%,AKR1C3;SLC27A5;AKR1C1;HSD3B7;CYP46A1,Non-classical monocytes
prerank,Reactome_2022__Digestion Of Dietary Carbohydrate R-HSA-189085,0.3375803496874038,0.493179948076572,0.9965811965811966,0.9999647634063153,1.0,2/11,26.35%,MGAM;CHIT1,Non-classical monocytes
prerank,Reactome_2022__Passive Transport By Aquaporins R-HSA-432047,0.3172052929440489,0.46557252336610067,1.0,0.9997310217124674,1.0,3/12,25.52%,AQP2;AQP3;MINDY4,Non-classical monocytes
