Name,Term,ES,NES,NOM p-val,FDR q-val,FWER p-val,Tag %,Gene %,Lead_genes,cell_type
prerank,Reactome_2022__Beta Defensins R-HSA-1461957,-0.9601118454708502,-1.7746375456838699,0.001,0.007322562579908916,0.006,1/34,0.34%,DEFB1,C-TAL
prerank,Reactome_2022__Defensins R-HSA-1461973,-0.9425203167432836,-1.7449441919291202,0.001,0.007845602764188124,0.012,1/41,0.34%,DEFB1,C-TAL
prerank,Reactome_2022__Class C/3 (Metabotropic Glutamate/Pheromone Receptors) R-HSA-420499,-0.9348965649240956,-1.7178623702812168,0.001,0.012204270966514863,0.022,2/39,1.75%,CASR;GRM1,C-TAL
prerank,Reactome_2022__Activated Point Mutants Of FGFR2 R-HSA-2033519,-0.933805503263831,-1.601178086744616,0.001,0.12396052367417236,0.298,3/17,2.82%,FGF13;FGFR2;FGF9,C-TAL
prerank,Reactome_2022__Nitric Oxide Stimulates Guanylate Cyclase R-HSA-392154,-0.9144695851754007,-1.595353272213204,0.011764705882352941,0.11234903158317396,0.328,6/20,2.04%,PDE1A;PRKG1;ITPR1;PDE10A;PRKG2;PDE9A,C-TAL
prerank,Reactome_2022__Presynaptic Depolarization And Calcium Channel Opening R-HSA-112308,-0.9709793847530518,-1.5841481529446995,0.008130081300813009,0.11646361436617039,0.387,4/12,2.34%,CACNA2D3;CACNB2;CACNB4;CACNA2D1,C-TAL
prerank,Reactome_2022__Phospholipase C-mediated Cascade; FGFR2 R-HSA-5654221,-0.9080960371908926,-1.5686498016553887,0.001,0.13464548743873336,0.468,4/18,5.50%,FGF13;FGFR2;FGF9;PLCG1,C-TAL
prerank,Reactome_2022__cGMP Effects R-HSA-418457,-0.9655057237083707,-1.561818069528122,0.001,0.13023700588552287,0.498,6/14,2.04%,PDE1A;PRKG1;ITPR1;PDE10A;PRKG2;PDE9A,C-TAL
prerank,Reactome_2022__FGFR2 Ligand Binding And Activation R-HSA-190241,-0.8705882692860852,-1.5081563666087068,0.023529411764705882,0.26303109711641076,0.767,3/20,2.82%,FGF13;FGFR2;FGF9,C-TAL
prerank,Reactome_2022__PI3K Events In ERBB4 Signaling R-HSA-1250342,-0.9714280605962667,-1.4648722910053975,0.016666666666666666,0.4114234089540253,0.914,4/10,1.34%,ERBB4;NRG1;NRG3;PIK3R1,C-TAL
prerank,Reactome_2022__FGFR2c Ligand Binding And Activation R-HSA-190375,-0.943699252472183,-1.4633694091544758,0.024390243902439025,0.3799173702173523,0.916,3/13,2.82%,FGF13;FGFR2;FGF9,C-TAL
prerank,Reactome_2022__Peptide Chain Elongation R-HSA-156902,0.9594053286231051,1.3923398899379886,0.001,0.001,0.001,78/86,2.67%,RPL3;RPS9;RPS16;RPSA;RPS14;RPL23A;RPL30;RPL18;RPL19;RPL8;RPL18A;RPL36AL;RPL29;RPS2;RPS21;RPL37;RPL7A;RPS12;RPS4Y1;FAU;RPL21;RPS6;RPL11;RPL27;RPS23;RPS15A;RPL26;RPS19;RPS13;RPL15;RPL35A;RPL27A;RPS27A;EEF1A1;RPS11;RPL32;RPS25;RPL14;RPLP1;RPS7;RPL37A;RPS3A;RPS5;RPS27;RPS15;RPL41;RPS3;RPL10A;RPL7;RPL9;RPS29;RPL13A;EEF2;RPL4;RPLP2;RPL35;UBA52;RPL34;RPL28;RPS8;RPLP0;RPS10;RPS27L;RPL23;RPS4X;RPL38;RPL6;RPL5;RPL36A;RPS28;RPL12;RPS20;RPL36;RSL24D1;RPL22;RPS17;RPS24;RPL22L1,C-TAL
prerank,Reactome_2022__Selenocysteine Synthesis R-HSA-2408557,0.956852579699954,1.391245911022345,0.001,0.001,0.001,77/89,2.67%,RPL3;RPS9;RPS16;RPSA;RPS14;RPL23A;RPL30;RPL18;RPL19;RPL8;RPL18A;RPL36AL;RPL29;RPS2;RPS21;RPL37;RPL7A;RPS12;RPS4Y1;FAU;RPL21;RPS6;RPL11;RPL27;RPS23;RPS15A;RPL26;RPS19;RPS13;RPL15;RPL35A;RPL27A;RPS27A;RPS11;RPL32;RPS25;RPL14;RPLP1;RPS7;RPL37A;RPS3A;RPS5;RPS27;RPS15;RPL41;RPS3;RPL10A;RPL7;RPL9;RPS29;RPL13A;RPL4;RPLP2;RPL35;UBA52;RPL34;RPL28;RPS8;RPLP0;RPS10;SEPHS2;RPS27L;RPL23;RPS4X;RPL38;RPL6;RPL5;RPL36A;RPS28;RPL12;RPS20;RPL36;RSL24D1;RPL22;RPS17;RPS24;RPL22L1,C-TAL
prerank,Reactome_2022__Eukaryotic Translation Elongation R-HSA-156842,0.9579465968400593,1.3884989955718559,0.001,0.001,0.001,83/90,3.77%,RPL3;RPS9;RPS16;RPSA;RPS14;RPL23A;RPL30;RPL18;RPL19;RPL8;RPL18A;RPL36AL;RPL29;RPS2;RPS21;RPL37;RPL7A;RPS12;RPS4Y1;FAU;RPL21;RPS6;RPL11;EEF1B2;RPL27;RPS23;RPS15A;RPL26;RPS19;RPS13;RPL15;RPL35A;RPL27A;RPS27A;EEF1A1;RPS11;RPL32;RPS25;RPL14;RPLP1;RPS7;RPL37A;RPS3A;RPS5;RPS27;EEF1G;RPS15;RPL41;RPS3;RPL10A;RPL7;RPL9;RPS29;RPL13A;EEF2;RPL4;RPLP2;RPL35;UBA52;RPL34;RPL28;RPS8;RPLP0;RPS10;RPS27L;RPL23;RPS4X;RPL38;RPL6;RPL5;RPL36A;RPS28;RPL12;RPS20;RPL36;RSL24D1;RPL22;RPS17;RPS24;RPL22L1;EEF1D;RPL39;RPL31,C-TAL
prerank,Reactome_2022__FGFR4 Ligand Binding And Activation R-HSA-190322,-0.8778363950123157,-1.3861645271772551,0.10084033613445378,0.7113346506197233,0.993,2/14,2.82%,FGF13;FGF9,C-TAL
prerank,Reactome_2022__Phospholipase C-mediated Cascade; FGFR4 R-HSA-5654228,-0.8541014907034585,-1.384407369644209,0.16071428571428573,0.6640196308726195,0.993,3/15,5.50%,FGF13;FGF9;PLCG1,C-TAL
prerank,Reactome_2022__Viral mRNA Translation R-HSA-192823,0.9533545916950926,1.3840650109957098,0.001,0.001,0.001,79/90,3.77%,RPL3;RPS9;RPS16;RPSA;RPS14;RPL23A;RPL30;RPL18;RPL19;RPL8;RPL18A;RPL36AL;RPL29;RPS2;RPS21;RPL37;RPL7A;RPS12;RPS4Y1;FAU;RPL21;RPS6;RPL11;RPL27;RPS23;RPS15A;RPL26;RPS19;RPS13;RPL15;RPL35A;RPL27A;RPS27A;RPS11;RPL32;RPS25;RPL14;RPLP1;RPS7;RPL37A;RPS3A;RPS5;RPS27;RPS15;RPL41;RPS3;RPL10A;RPL7;RPL9;RPS29;RPL13A;RPL4;RPLP2;RPL35;UBA52;RPL34;RPL28;RPS8;RPLP0;RPS10;RPS27L;RPL23;RPS4X;RPL38;RPL6;RPL5;RPL36A;RPS28;RPL12;RPS20;RPL36;RSL24D1;RPL22;RPS17;RPS24;RPL22L1;GRSF1;RPL39;RPL31,C-TAL
prerank,Reactome_2022__Eukaryotic Translation Termination R-HSA-72764,0.9505305647834216,1.3837223348564105,0.001,0.001,0.001,78/90,2.67%,RPL3;RPS9;RPS16;RPSA;RPS14;RPL23A;RPL30;RPL18;RPL19;RPL8;RPL18A;RPL36AL;RPL29;RPS2;RPS21;RPL37;RPL7A;RPS12;RPS4Y1;FAU;RPL21;RPS6;RPL11;RPL27;RPS23;RPS15A;RPL26;RPS19;RPS13;RPL15;RPL35A;RPL27A;RPS27A;RPS11;RPL32;RPS25;RPL14;RPLP1;RPS7;RPL37A;RPS3A;RPS5;RPS27;RPS15;RPL41;RPS3;RPL10A;RPL7;TRMT112;RPL9;RPS29;RPL13A;RPL4;RPLP2;RPL35;UBA52;RPL34;RPL28;RPS8;RPLP0;RPS10;RPS27L;ETF1;RPL23;RPS4X;RPL38;RPL6;RPL5;RPL36A;RPS28;RPL12;RPS20;RPL36;RSL24D1;RPL22;RPS17;RPS24;RPL22L1,C-TAL
prerank,Reactome_2022__PI3K Events In ERBB2 Signaling R-HSA-1963642,-0.7890981749234767,-1.377779306308033,0.08139534883720931,0.6457304675058455,0.995,5/16,1.34%,ERBB4;EGF;NRG1;NRG3;PIK3R1,C-TAL
prerank,Reactome_2022__Nonsense Mediated Decay (NMD) Independent Of Exon Junction Complex (EJC) R-HSA-975956,0.945217521209357,1.3777657797807819,0.001,0.001,0.001,78/92,2.67%,RPL3;RPS9;RPS16;RPSA;RPS14;RPL23A;RPL30;RPL18;RPL19;RPL8;RPL18A;RPL36AL;RPL29;RPS2;RPS21;RPL37;RPL7A;RPS12;RPS4Y1;FAU;RPL21;RPS6;RPL11;RPL27;RPS23;RPS15A;RPL26;RPS19;RPS13;RPL15;RPL35A;RPL27A;RPS27A;RPS11;RPL32;RPS25;RPL14;RPLP1;RPS7;RPL37A;RPS3A;RPS5;RPS27;RPS15;RPL41;RPS3;RPL10A;RPL7;RPL9;RPS29;RPL13A;RPL4;RPLP2;RPL35;UBA52;RPL34;RPL28;RPS8;RPLP0;RPS10;RPS27L;ETF1;RPL23;RPS4X;RPL38;RPL6;RPL5;RPL36A;RPS28;RPL12;RPS20;RPL36;RSL24D1;RPL22;RPS17;EIF4G1;RPS24;RPL22L1,C-TAL
prerank,Reactome_2022__SRP-dependent Cotranslational Protein Targeting To Membrane R-HSA-1799339,0.9393873543659037,1.3776904804913512,0.001,0.001,0.001,92/108,3.77%,RPL3;RPS9;RPS16;RPSA;RPS14;RPL23A;SRP14;RPL30;RPL18;RPL19;RPL8;RPL18A;RPL36AL;RPL29;RPS2;RPS21;RPL37;RPL7A;RPS12;RPS4Y1;FAU;RPL21;RPS6;RPL11;RPL27;RPS23;RPS15A;RPL26;RPS19;RPS13;RPL15;RPL35A;RPL27A;RPS27A;RPS11;RPL32;SEC61B;RPS25;RPL14;RPLP1;RPS7;RPL37A;RPS3A;RPS5;RPS27;SSR4;RPS15;RPL41;SSR2;RPS3;RPL10A;SPCS1;RPL7;SEC11A;RPL9;RPS29;RPL13A;RPL4;RPLP2;RPL35;UBA52;RPL34;RPL28;RPS8;RPLP0;RPS10;RPS27L;SEC11C;RPL23;RPS4X;RPL38;SEC61G;RPL6;RPL5;RPL36A;RPS28;RPL12;RPS20;RPL36;RSL24D1;RPL22;SPCS3;RPS17;RPS24;RPL22L1;SEC61A1;RPN2;SSR1;RPN1;TRAM1;RPL39;RPL31,C-TAL
prerank,Reactome_2022__Selenoamino Acid Metabolism R-HSA-2408522,0.9422825331626965,1.3763844072424283,0.001,0.001,0.001,78/104,2.67%,RPL3;RPS9;RPS16;RPSA;RPS14;RPL23A;RPL30;RPL18;RPL19;RPL8;RPL18A;RPL36AL;RPL29;RPS2;RPS21;RPL37;RPL7A;RPS12;RPS4Y1;FAU;RPL21;RPS6;RPL11;RPL27;RPS23;RPS15A;RPL26;RPS19;RPS13;RPL15;RPL35A;RPL27A;RPS27A;RPS11;RPL32;RPS25;RPL14;RPLP1;RPS7;RPL37A;RPS3A;RPS5;RPS27;RPS15;RPL41;RPS3;RPL10A;RPL7;RPL9;RPS29;RPL13A;EEF1E1;RPL4;RPLP2;RPL35;UBA52;RPL34;RPL28;RPS8;RPLP0;RPS10;SEPHS2;RPS27L;RPL23;RPS4X;RPL38;RPL6;RPL5;RPL36A;RPS28;RPL12;RPS20;RPL36;RSL24D1;RPL22;RPS17;RPS24;RPL22L1,C-TAL
prerank,Reactome_2022__ERBB2 Activates PTK6 Signaling R-HSA-8847993,-0.8241157611215011,-1.3729900759232958,0.12931034482758622,0.6219993871448346,0.996,4/13,1.25%,ERBB4;EGF;NRG1;NRG3,C-TAL
prerank,Reactome_2022__Response Of EIF2AK4 (GCN2) To Amino Acid Deficiency R-HSA-9633012,0.9385459032667299,1.3693417619335442,0.001,0.001,0.001,79/98,3.77%,RPL3;RPS9;RPS16;RPSA;RPS14;RPL23A;RPL30;RPL18;RPL19;RPL8;RPL18A;RPL36AL;RPL29;RPS2;RPS21;RPL37;RPL7A;RPS12;RPS4Y1;FAU;RPL21;RPS6;RPL11;RPL27;RPS23;RPS15A;RPL26;RPS19;RPS13;RPL15;RPL35A;RPL27A;RPS27A;RPS11;RPL32;RPS25;RPL14;RPLP1;RPS7;RPL37A;RPS3A;RPS5;RPS27;RPS15;RPL41;RPS3;RPL10A;RPL7;RPL9;RPS29;RPL13A;RPL4;RPLP2;RPL35;UBA52;RPL34;RPL28;RPS8;RPLP0;RPS10;RPS27L;RPL23;RPS4X;RPL38;RPL6;RPL5;RPL36A;RPS28;RPL12;RPS20;RPL36;RSL24D1;RPL22;RPS17;RPS24;RPL22L1;EIF2S2;RPL39;RPL31,C-TAL
prerank,Reactome_2022__Eicosanoid Ligand-Binding Receptors R-HSA-391903,-0.8207776772858133,-1.3669632605204218,0.09401709401709402,0.6071188939020911,0.997,1/15,0.20%,PTGER3,C-TAL
prerank,Reactome_2022__Formation Of A Pool Of Free 40S Subunits R-HSA-72689,0.9349030227417394,1.3652928943818952,0.001,0.001,0.001,82/98,3.77%,RPL3;RPS9;RPS16;RPSA;RPS14;RPL23A;RPL30;RPL18;RPL19;RPL8;RPL18A;RPL36AL;RPL29;RPS2;RPS21;RPL37;RPL7A;RPS12;RPS4Y1;FAU;RPL21;RPS6;RPL11;RPL27;RPS23;RPS15A;RPL26;RPS19;RPS13;RPL15;RPL35A;RPL27A;RPS27A;RPS11;RPL32;RPS25;RPL14;RPLP1;RPS7;RPL37A;RPS3A;RPS5;RPS27;RPS15;RPL41;RPS3;RPL10A;RPL7;RPL9;RPS29;RPL13A;RPL4;RPLP2;RPL35;UBA52;RPL34;RPL28;RPS8;RPLP0;RPS10;RPS27L;RPL23;RPS4X;RPL38;RPL6;RPL5;RPL36A;RPS28;RPL12;EIF3G;EIF3K;RPS20;RPL36;RSL24D1;RPL22;RPS17;EIF3F;RPS24;RPL22L1;EIF3I;RPL39;RPL31,C-TAL
prerank,Reactome_2022__FGFR2b Ligand Binding And Activation R-HSA-190377,-0.8992238680124152,-1.3632497827461696,0.11607142857142858,0.586604950203964,0.997,2/10,1.38%,FGF13;FGFR2,C-TAL
prerank,Reactome_2022__Nonsense Mediated Decay (NMD) Enhanced By Exon Junction Complex (EJC) R-HSA-975957,0.9282122981110899,1.3585203498697143,0.001,0.001,0.001,90/112,5.34%,RPL3;RPS9;RPS16;RPSA;RPS14;RPL23A;RPL30;RPL18;RPL19;RPL8;RPL18A;RPL36AL;RPL29;RPS2;RPS21;RPL37;RPL7A;RPS12;RPS4Y1;FAU;RPL21;RPS6;RPL11;RPL27;RPS23;RPS15A;RPL26;RPS19;RPS13;RPL15;RPL35A;RPL27A;RPS27A;RPS11;RPL32;RPS25;RPL14;RPLP1;RPS7;RPL37A;RPS3A;RPS5;RPS27;RPS15;RPL41;RPS3;RPL10A;RPL7;RPL9;RPS29;RPL13A;RPL4;RPLP2;RPL35;UBA52;RPL34;RPL28;RPS8;RPLP0;RPS10;RPS27L;ETF1;RBM8A;RPL23;RPS4X;RPL38;RPL6;RPL5;RPL36A;RPS28;RPL12;RPS20;RPL36;RNPS1;RSL24D1;RPL22;RPS17;EIF4G1;RPS24;RPL22L1;PPP2R1A;RPL39;RPL31;NCBP2;UPF3A;PNRC2;RPL26L1;EIF4A3;GSPT1;UPF1,C-TAL
prerank,Reactome_2022__GTP Hydrolysis And Joining Of 60S Ribosomal Subunit R-HSA-72706,0.9259080598750224,1.3577567956039192,0.001,0.001,0.001,98/109,6.64%,RPL3;RPS9;RPS16;RPSA;RPS14;RPL23A;RPL30;RPL18;RPL19;RPL8;RPL18A;RPL36AL;RPL29;RPS2;RPS21;RPL37;RPL7A;RPS12;RPS4Y1;FAU;RPL21;RPS6;RPL11;RPL27;RPS23;RPS15A;RPL26;RPS19;RPS13;RPL15;RPL35A;RPL27A;RPS27A;RPS11;RPL32;RPS25;RPL14;RPLP1;RPS7;RPL37A;RPS3A;RPS5;RPS27;RPS15;RPL41;RPS3;EIF4H;RPL10A;RPL7;RPL9;RPS29;RPL13A;RPL4;RPLP2;RPL35;UBA52;RPL34;RPL28;RPS8;RPLP0;RPS10;RPS27L;RPL23;RPS4X;RPL38;RPL6;RPL5;RPL36A;RPS28;RPL12;EIF3G;EIF3K;RPS20;EIF4A1;RPL36;RSL24D1;EIF5B;RPL22;RPS17;EIF3F;EIF4G1;RPS24;RPL22L1;EIF5;EIF2S2;EIF3I;RPL39;RPL31;EIF4B;RPL26L1;EIF2S1;EIF3J;EIF3B;EIF1AX;EIF3A;EIF3E;MRPL13;EIF3L,C-TAL
prerank,Reactome_2022__SHC1 Events In ERBB4 Signaling R-HSA-1250347,-0.8541196440136186,-1.3557470991652798,0.1588785046728972,0.5820274939506969,0.997,3/13,1.25%,ERBB4;NRG1;NRG3,C-TAL
prerank,Reactome_2022__Cellular Response To Starvation R-HSA-9711097,0.9150841004538088,1.3532870509509045,0.001,0.001,0.001,94/152,4.06%,RPL3;RPS9;RPS16;ATP6V1F;RPSA;RPS14;RPL23A;LAMTOR5;RPL30;RPL18;RPL19;RPL8;RPL18A;RPL36AL;RPL29;RPS2;RPS21;RPL37;RPL7A;RPS12;RPS4Y1;FAU;RPL21;RPS6;RPL11;RPL27;RPS23;RPS15A;RPL26;RPS19;RPS13;RPL15;RPL35A;RPL27A;RPS27A;RPS11;RPL32;RPS25;RPL14;RPLP1;RPS7;RPL37A;RPS3A;RPS5;RPS27;RPS15;RPL41;LAMTOR4;RPS3;ATP6V0B;RPL10A;RPL7;RPL9;LAMTOR1;RPS29;RPL13A;RPL4;LAMTOR2;RPLP2;RPL35;UBA52;RPL34;RPL28;RPS8;RPLP0;ATP6V1E1;RPS10;RPS27L;ATP6V1G1;RPL23;ATP6V0E2;RPS4X;RPL38;RPL6;RPL5;ATP6V0C;RPL36A;RPS28;RPL12;RPS20;RPL36;RSL24D1;RPL22;RPS17;ATP6V0E1;RPS24;RPL22L1;RRAGA;ATP6V0D1;EIF2S2;RHEB;RPL39;RPL31;ATP6V1D,C-TAL
prerank,Reactome_2022__L13a-mediated Translational Silencing Of Ceruloplasmin Expression R-HSA-156827,0.9234670909015263,1.352942160122475,0.001,0.001,0.001,96/108,6.64%,RPL3;RPS9;RPS16;RPSA;RPS14;RPL23A;RPL30;RPL18;RPL19;RPL8;RPL18A;RPL36AL;RPL29;RPS2;RPS21;RPL37;RPL7A;RPS12;RPS4Y1;FAU;RPL21;RPS6;RPL11;RPL27;RPS23;RPS15A;RPL26;RPS19;RPS13;RPL15;RPL35A;RPL27A;RPS27A;RPS11;RPL32;RPS25;RPL14;RPLP1;RPS7;RPL37A;RPS3A;RPS5;RPS27;RPS15;RPL41;RPS3;EIF4H;RPL10A;RPL7;RPL9;RPS29;RPL13A;RPL4;RPLP2;RPL35;UBA52;RPL34;RPL28;RPS8;RPLP0;RPS10;RPS27L;RPL23;RPS4X;RPL38;RPL6;RPL5;RPL36A;RPS28;RPL12;EIF3G;EIF3K;RPS20;EIF4A1;RPL36;RSL24D1;RPL22;RPS17;EIF3F;EIF4G1;RPS24;RPL22L1;EIF2S2;EIF3I;RPL39;RPL31;EIF4B;RPL26L1;EIF2S1;EIF3J;EIF3B;EIF1AX;EIF3A;EIF3E;MRPL13;EIF3L,C-TAL
prerank,Reactome_2022__SARS-CoV-2 Modulates Host Translation Machinery R-HSA-9754678,0.9637797064081831,1.3521286275497881,0.001,0.001,0.001,38/47,2.98%,RPS9;RPS16;RPSA;RPS14;RPS2;RPS21;RPS12;RPS4Y1;FAU;RPS6;RPS23;RPS15A;RPS19;RPS13;RPS27A;RPS11;RPS25;RPS7;RPS3A;RPS5;RPS27;RPS15;RPS3;RPS29;SNRPG;SNRPE;RPS8;RPS10;RPS27L;RPS4X;SNRPD2;SNRPB;RPS28;RPS20;RPS17;SNRPF;RPS24;SNRPD3,C-TAL
prerank,Reactome_2022__Regulation Of Expression Of SLITs And ROBOs R-HSA-9010553,0.9111899517037483,1.3500892209109048,0.001,0.001,0.001,129/167,7.41%,UBC;RPL3;RPS9;RPS16;UBB;RPSA;RPS14;RPL23A;RPL30;RPL18;RPL19;RPL8;RPL18A;RPL36AL;RPL29;RPS2;RPS21;RPL37;RPL7A;RPS12;RPS4Y1;FAU;RPL21;PSMB6;RPS6;RPL11;RPL27;RPS23;ELOB;RPS15A;RPL26;RPS19;RPS13;RPL15;RPL35A;RPL27A;RPS27A;RBX1;RPS11;RPL32;PSMA7;RPS25;RPL14;RPLP1;RPS7;RPL37A;PSMD8;RPS3A;RPS5;RPS27;RPS15;RPL41;RPS3;RPL10A;PSMB5;RPL7;RPL9;RPS29;RPL13A;RPL4;RPLP2;RPL35;UBA52;RPL34;RPL28;RPS8;RPLP0;RPS10;RPS27L;PSMB1;ETF1;RBM8A;RPL23;RPS4X;RPL38;RPL6;PSMA1;PSMA6;PSMA2;RPL5;RPL36A;RPS28;RPL12;ELOC;RPS20;RPL36;PSMC5;RNPS1;RSL24D1;RPL22;PSME1;PSMD9;RPS17;PSMB4;EIF4G1;PSME2;RPS24;RPL22L1;PSMA4;PSMA5;PSMB2;RPL39;PSMB3;RPL31;PSMB7;NCBP2;DAG1;UPF3A;SEM1;PSMD14;PSMD13;RPL26L1;EIF4A3;GSPT1;PSMC1;PSMC4;PSMD2;PSMC2;PSMF1;PSMD11;PSMD6;MRPL13;USP33;PSMC3;PSMA3;PABPC1;MAGOH;PSMC6;PSMD7,C-TAL
prerank,Reactome_2022__Cap-dependent Translation Initiation R-HSA-72737,0.9187149241945146,1.3462925656827027,0.001,0.001,0.003,99/116,6.64%,RPL3;RPS9;RPS16;RPSA;RPS14;RPL23A;RPL30;RPL18;RPL19;RPL8;RPL18A;RPL36AL;RPL29;RPS2;RPS21;RPL37;RPL7A;RPS12;RPS4Y1;FAU;RPL21;RPS6;RPL11;RPL27;RPS23;RPS15A;RPL26;RPS19;RPS13;RPL15;RPL35A;RPL27A;RPS27A;RPS11;RPL32;RPS25;RPL14;RPLP1;RPS7;RPL37A;RPS3A;RPS5;RPS27;RPS15;RPL41;RPS3;EIF4H;RPL10A;RPL7;RPL9;RPS29;RPL13A;RPL4;RPLP2;RPL35;UBA52;RPL34;RPL28;RPS8;RPLP0;RPS10;RPS27L;RPL23;RPS4X;RPL38;RPL6;RPL5;RPL36A;RPS28;RPL12;EIF3G;EIF3K;RPS20;EIF4A1;RPL36;RSL24D1;EIF5B;RPL22;RPS17;EIF3F;EIF4G1;RPS24;RPL22L1;EIF5;EIF2S2;EIF3I;RPL39;RPL31;EIF2B5;EIF4B;RPL26L1;EIF2S1;EIF3J;EIF3B;EIF1AX;EIF3A;EIF3E;MRPL13;EIF3L,C-TAL
prerank,Reactome_2022__Influenza Viral RNA Transcription And Replication R-HSA-168273,0.9156263385062889,1.344570881385981,0.001,0.001,0.003,90/137,4.98%,RPL3;RPS9;RPS16;RPSA;RPS14;RPL23A;RPL30;RPL18;RPL19;RPL8;RPL18A;RPL36AL;RPL29;RPS2;RPS21;RPL37;RPL7A;RPS12;RPS4Y1;FAU;RPL21;RPS6;RPL11;RPL27;RPS23;RPS15A;POLR2L;RPL26;RPS19;RPS13;RPL15;RPL35A;RPL27A;RPS27A;RPS11;RPL32;RPS25;RPL14;RPLP1;RPS7;RPL37A;RPS3A;RPS5;RPS27;RPS15;RPL41;RPS3;RPL10A;RPL7;RPL9;RPS29;RPL13A;RPL4;RPLP2;RPL35;UBA52;RPL34;POLR2J;RPL28;RPS8;RPLP0;RPS10;RPS27L;RPL23;RPS4X;RPL38;RPL6;RPL5;RPL36A;RPS28;RPL12;POLR2I;RPS20;RPL36;POLR2K;RSL24D1;RPL22;RPS17;RPS24;RPL22L1;POLR2E;GRSF1;RPL39;RPL31;POLR2F;POLR2A;TPR;HSP90AA1;RANBP2;RPL26L1,C-TAL
prerank,Reactome_2022__Influenza Infection R-HSA-168255,0.9074462158145172,1.3349059879096017,0.001,0.001,0.009,96/157,4.98%,RPL3;RPS9;RPS16;RPSA;RPS14;RPL23A;RPL30;RPL18;RPL19;RPL8;RPL18A;RPL36AL;RPL29;RPS2;RPS21;RPL37;RPL7A;RPS12;RPS4Y1;SLC25A6;FAU;RPL21;RPS6;RPL11;RPL27;RPS23;RPS15A;POLR2L;RPL26;RPS19;RPS13;RPL15;RPL35A;RPL27A;RPS27A;RPS11;RPL32;RAN;RPS25;RPL14;RPLP1;RPS7;RPL37A;RPS3A;RPS5;RPS27;RPS15;RPL41;RPS3;CLTC;RPL10A;RPL7;RPL9;RPS29;RPL13A;RPL4;RPLP2;RPL35;UBA52;RPL34;POLR2J;RPL28;RPS8;RPLP0;RPS10;RPS27L;RPL23;RPS4X;RPL38;RPL6;RPL5;RPL36A;RPS28;RPL12;POLR2I;RPS20;RPL36;POLR2K;RSL24D1;RPL22;RPS17;CLTA;HSPA1A;KPNB1;RPS24;RPL22L1;POLR2E;GRSF1;RPL39;RPL31;POLR2F;POLR2A;TPR;HSP90AA1;RANBP2;RPL26L1,C-TAL
prerank,Reactome_2022__Signaling By ROBO Receptors R-HSA-376176,0.8951504679923177,1.3313781683142398,0.001,0.001,0.016,138/208,7.73%,UBC;RPL3;RPS9;RPS16;UBB;RPSA;RPS14;RPL23A;PFN1;RPL30;RPL18;RPL19;RPL8;RPL18A;RPL36AL;RPL29;RPS2;RPS21;RPL37;RPL7A;RPS12;RPS4Y1;FAU;RPL21;PSMB6;RPS6;RPL11;RPL27;RPS23;ELOB;RPS15A;RPL26;RPS19;RPS13;RPL15;RPL35A;RPL27A;RPS27A;RBX1;RPS11;RPL32;RHOA;PSMA7;RPS25;RPL14;RPLP1;RPS7;RPL37A;PSMD8;RPS3A;RPS5;RPS27;RPS15;RPL41;RPS3;RPL10A;PSMB5;RPL7;RPL9;RPS29;RPL13A;RPL4;RPLP2;RPL35;UBA52;RPL34;RPL28;RPS8;RPLP0;RPS10;RPS27L;PSMB1;ETF1;RBM8A;RPL23;RPS4X;RPL38;RPL6;PSMA1;PSMA6;PSMA2;RPL5;RPL36A;RPS28;RPL12;ELOC;RPS20;RPL36;PSMC5;RNPS1;RSL24D1;RPL22;CAP1;PSME1;PSMD9;RPS17;PSMB4;EIF4G1;PSME2;RPS24;RPL22L1;PSMA4;PSMA5;PSMB2;RPL39;PSMB3;RPL31;PSMB7;CDC42;NCBP2;DAG1;UPF3A;PKN1;SEM1;FLRT3;PSMD14;PSMD13;RPL26L1;EIF4A3;GSPT1;PFN2;PSMC1;PSMC4;PSMD2;PSMC2;PSMF1;PSMD11;PSMD6;MRPL13;USP33;PSMC3;PSMA3;PABPC1;MAGOH;PSMC6;PSMD7;CASC3;GPC1,C-TAL
prerank,Reactome_2022__Thyroxine Biosynthesis R-HSA-209968,-0.8696001168757832,-1.3267048917987212,0.13846153846153847,0.6598014282528457,0.999,2/10,5.38%,DIDO1;IYD,C-TAL
prerank,MSigDB_Hallmark_2020__Oxidative Phosphorylation,0.8955124149761021,1.323968835149748,0.001,0.001,0.001,157/200,8.28%,LDHA;ATP6V1F;COX5B;COX7A2;UQCRQ;NDUFA4;ATP5F1E;COX6A1;COX5A;UQCRFS1;NDUFB2;NDUFC1;ATP5PF;UQCRB;SLC25A6;NDUFB3;COX6B1;UQCR11;ACAA2;ATP5MC3;VDAC2;NDUFC2;CYCS;UQCRH;SURF1;ATP5F1B;COX8A;SLC25A5;ECH1;NDUFB4;TIMM8B;ATP5MC1;COX17;ATP5PO;NDUFA7;ATP6V0B;COX7B;MRPL34;NDUFA1;HSPA9;COX7C;NDUFS8;MGST3;VDAC3;NDUFA6;NDUFB7;COX6C;NDUFS2;COX4I1;NDUFA5;MDH1;MDH2;TIMM13;HADHA;UQCR10;NDUFAB1;ATP5F1A;ATP6V1E1;ATP5F1D;TIMM10;TOMM22;ACADM;NDUFA8;ATP6V1G1;NDUFB5;ATP5MF;NDUFB6;NDUFA2;NDUFV2;ACADVL;NDUFB8;SDHC;SLC25A4;ECI1;LDHB;ATP5MG;MRPS12;ATP6V0C;NDUFS6;ISCU;ETFB;ATP5F1C;UQCRC1;SDHD;NDUFB1;ECHS1;SLC25A11;SLC25A3;GPX4;CYC1;SDHA;HSD17B10;NDUFS3;CYB5R3;IDH2;FDX1;ATP6V0E1;NDUFA3;ATP5PD;AFG3L2;CPT1A;PHB2;HADHB;ATP6AP1;GPI;ATP5MC2;PDHA1;MRPL11;PDHB;NDUFS7;NDUFA9;ACAT1;ATP5PB;COX7A2L;ATP6V1D;POLR2F;GOT2;ATP5ME;NDUFV1;MRPS15;SUCLG1;BDH2;IDH3G;MRPL15;GRPEL1;MRPL35;OXA1L;IMMT;DLD;MFN2;SDHB;VDAC1;MRPS11;ETFA;ISCA1;LRPPRC;RHOT2;ACO2;CS;TIMM17A;DLST;IDH3B;BAX;ATP6V1C1;BCKDHA;ACAA1;COX11;MRPS30;IDH1;ACADSB;POR;FH;NDUFS1;PHYH;NDUFS4;TIMM50;UQCRC2,C-TAL
prerank,Reactome_2022__Translation R-HSA-72766,0.8875469828750103,1.3208412913149625,0.001,0.004461484102666871,0.073,186/263,7.26%,RPL3;RPS9;RPS16;MRPS6;RPSA;RPS14;RPL23A;SRP14;MRPL33;RPL30;RPL18;RPL19;RPL8;RPL18A;RPL36AL;RPL29;RPS2;RPS21;RPL37;RPL7A;RPS12;RPS4Y1;FAU;RPL21;MRPS24;RPS6;RPL11;EEF1B2;RPL27;RPS23;RPS15A;RPL26;RPS19;RPS13;RPL15;RPL35A;RPL27A;RPS27A;EEF1A1;RPS11;RPL32;SEC61B;RPS25;AURKAIP1;RPL14;RPLP1;RPS7;RPL37A;RPS3A;RPS5;RPS27;SSR4;EEF1G;RPS15;RPL41;SSR2;RPS3;EIF4H;MRPL34;RPL10A;GADD45GIP1;MRPS26;SPCS1;RPL7;MRPL54;MRPL41;TRMT112;TUFM;SEC11A;RPL9;MRPL51;RPS29;RPL13A;EEF2;EEF1E1;RPL4;RPLP2;RPL35;UBA52;RPL34;MRPS36;MRPL57;MRPL20;RPL28;RPS8;RPLP0;RPS10;RPS27L;SEC11C;MRPL52;MRPL40;ETF1;RPL23;RPS4X;CHCHD1;RPL38;SEC61G;RPL6;MRPL14;MRPS34;RPL5;RPL36A;MRPS23;RPS28;RPL12;MRPS21;EIF3G;EIF3K;RPS20;EIF4A1;RPL36;RSL24D1;EIF5B;RPL22;MRPS16;MRPL32;MRPS7;SPCS3;RPS17;EIF3F;EIF4G1;RPS24;RPL22L1;MRPL12;MRPL18;SEC61A1;MRPS18C;EIF5;RPN2;MRPL36;SSR1;MRPL43;EIF2S2;PPA1;MRPL21;MRPS25;RPN1;MRPL11;EIF3I;MRPS33;MRPS18B;EEF1D;IARS2;TRAM1;RPL39;RPL31;MRPL17;MRPL49;MRPL47;MRPS15;MRPL38;APEH;DDOST;MRPL15;MRPL3;EIF2B5;MRPL35;OXA1L;EIF4B;MRPL55;SRPRA;RPL26L1;MRPL42;EIF2S1;AIMP1;GSPT1;EIF3J;SSR3;MRPS11;MRPS35;MRPL4;EIF3B;MRPS17;EIF1AX;MRPS14;EIF3A;MTIF3;MRPL45;EIF3E;MRPL13;EIF3L;MRPS2;EIF4A2;MRPS10;MRPL9;PABPC1,C-TAL
prerank,"Reactome_2022__Respiratory Electron Transport, ATP Synthesis By Chemiosmotic Coupling, Heat Production By Uncoupling Proteins R-HSA-163200",0.9071071579256221,1.3206909461747365,0.001,0.004349299782870605,0.074,82/112,6.14%,COX5B;COX14;UQCRQ;ATP5F1E;COX6A1;COX5A;UQCRFS1;NDUFB2;NDUFC1;ATP5PF;UQCRB;NDUFB3;NDUFA13;COX6B1;NDUFB11;UQCR11;ATP5MC3;NDUFB10;NDUFC2;CYCS;UQCRH;SURF1;NDUFA12;ATP5F1B;COX8A;NDUFB4;ATP5MC1;ATP5PO;NDUFA7;COX7B;NDUFA1;COX7C;NDUFB9;NDUFS8;NDUFA6;NDUFB7;COX6C;NDUFS2;COX4I1;NDUFA5;NDUFA11;UQCR10;NDUFAB1;ATP5F1A;ATP5F1D;NDUFA8;NDUFB5;ATP5MF;NDUFB6;NDUFA2;NDUFV2;NDUFS5;NDUFB8;ATP5MG;NDUFS6;ETFB;ATP5F1C;UQCRC1;SDHD;NDUFB1;NDUFAF3;SDHA;COX20;NDUFV3;COX16;NDUFS3;NDUFA3;ATP5PD;ATP5MC2;CCNI;NDUFS7;NDUFA9;TMEM126B;ATP5PB;COX7A2L;ATP5ME;NDUFV1;SDHB;ETFA;UCP2;LRPPRC;TIMMDC1,C-TAL
prerank,Reactome_2022__Respiratory Electron Transport R-HSA-611105,0.9017765086554383,1.307772899003597,0.001,0.015384072148650101,0.25,66/90,6.14%,COX5B;COX14;UQCRQ;COX6A1;COX5A;UQCRFS1;NDUFB2;NDUFC1;UQCRB;NDUFB3;NDUFA13;COX6B1;NDUFB11;UQCR11;NDUFB10;NDUFC2;CYCS;UQCRH;SURF1;NDUFA12;COX8A;NDUFB4;NDUFA7;COX7B;NDUFA1;COX7C;NDUFB9;NDUFS8;NDUFA6;NDUFB7;COX6C;NDUFS2;COX4I1;NDUFA5;NDUFA11;UQCR10;NDUFAB1;NDUFA8;NDUFB5;NDUFB6;NDUFA2;NDUFV2;NDUFS5;NDUFB8;NDUFS6;ETFB;UQCRC1;SDHD;NDUFB1;NDUFAF3;SDHA;COX20;NDUFV3;COX16;NDUFS3;NDUFA3;CCNI;NDUFS7;NDUFA9;TMEM126B;COX7A2L;NDUFV1;SDHB;ETFA;LRPPRC;TIMMDC1,C-TAL
prerank,Reactome_2022__Citric Acid (TCA) Cycle And Respiratory Electron Transport R-HSA-1428517,0.8887319207336131,1.3059805495534378,0.001,0.01748403410978626,0.289,101/163,6.52%,LDHA;COX5B;COX14;UQCRQ;MPC2;ATP5F1E;COX6A1;COX5A;UQCRFS1;NDUFB2;NDUFC1;ATP5PF;UQCRB;NDUFB3;NDUFA13;COX6B1;NDUFB11;UQCR11;ATP5MC3;NDUFB10;NDUFC2;CYCS;UQCRH;SURF1;NDUFA12;ATP5F1B;COX8A;NDUFB4;ATP5MC1;ATP5PO;NDUFA7;COX7B;NDUFA1;COX7C;NDUFB9;NDUFS8;NDUFA6;NDUFB7;COX6C;NDUFS2;COX4I1;NDUFA5;NDUFA11;MDH2;BSG;UQCR10;NDUFAB1;ATP5F1A;ATP5F1D;NDUFA8;NDUFB5;ATP5MF;NDUFB6;NDUFA2;NDUFV2;NDUFS5;NDUFB8;LDHB;ATP5MG;NDUFS6;ETFB;ATP5F1C;UQCRC1;SDHD;NDUFB1;HAGH;NDUFAF3;SDHA;COX20;NDUFV3;COX16;NDUFS3;IDH2;NDUFA3;ATP5PD;PDK3;ATP5MC2;PDHA1;PDHB;PDK2;CCNI;NDUFS7;NDUFA9;TMEM126B;ATP5PB;GLO1;COX7A2L;ATP5ME;NDUFV1;SUCLG1;IDH3G;SDHB;VDAC1;ETFA;UCP2;LRPPRC;TIMMDC1;ACO2;CS;DLST;IDH3B,C-TAL
prerank,Reactome_2022__Major Pathway Of rRNA Processing In Nucleolus And Cytosol R-HSA-6791226,0.8765155961877136,1.299977947677295,0.001,0.026751818081139946,0.406,87/179,5.27%,RPL3;RPS9;RPS16;RPSA;RPS14;RPL23A;RPL30;RPL18;RPL19;RPL8;RPL18A;RPL36AL;RPL29;RPS2;RPS21;RPL37;RPL7A;RPS12;RPS4Y1;FAU;RPL21;RPS6;RPL11;RPL27;RPS23;RPS15A;RPL26;RPS19;RPS13;RPL15;RPL35A;RPL27A;RPS27A;RPS11;RPL32;RPS25;RPL14;RPLP1;RPS7;RPL37A;RPS3A;RPS5;RPS27;RPS15;RPL41;RPS3;RPL10A;RPL7;RPL9;RPS29;RPL13A;RPL4;RPLP2;RPL35;UBA52;RPL34;RPL28;RPS8;RPLP0;SNU13;RPS10;RPS27L;RPL23;RPS4X;RPL38;RPL6;RPL5;RPL36A;RPS28;RPL12;RPS20;RPL36;RSL24D1;RPL22;RPS17;RPS24;RPL22L1;C1D;RPL39;RPL31;BUD23;XRN2;RPP21;KRR1;RPL26L1;DDX52;EXOSC4,C-TAL
prerank,Reactome_2022__Ribosomal Scanning And Start Codon Recognition R-HSA-72702,0.9164242417732342,1.2982965234780548,0.001,0.029594754612289404,0.458,50/57,6.91%,RPS9;RPS16;RPSA;RPS14;RPS2;RPS21;RPS12;RPS4Y1;FAU;RPS6;RPS23;RPS15A;RPS19;RPS13;RPS27A;RPS11;RPS25;RPS7;RPS3A;RPS5;RPS27;RPS15;RPS3;EIF4H;RPS29;RPS8;RPS10;RPS27L;RPS4X;RPS28;EIF3G;EIF3K;RPS20;EIF4A1;RPS17;EIF3F;EIF4G1;RPS24;EIF5;EIF2S2;EIF3I;EIF4B;EIF2S1;EIF3J;EIF3B;EIF1AX;EIF3A;EIF3E;EIF3L;EIF4A2,C-TAL
prerank,Reactome_2022__rRNA Processing In Nucleus And Cytosol R-HSA-8868773,0.8744603745580085,1.2975819144764396,0.001,0.03034442024437964,0.48,91/189,5.27%,RPL3;RPS9;RPS16;RPSA;RPS14;RPL23A;RPL30;RPL18;RPL19;RPL8;RPL18A;RPL36AL;RPL29;RPS2;RPS21;RPL37;RPL7A;RPS12;RPS4Y1;FAU;RPL21;RPS6;RPL11;RPL27;RPS23;RPS15A;RPL26;RPS19;RPS13;RPL15;RPL35A;RPL27A;RPS27A;RPS11;RPL32;RPS25;RPL14;RPLP1;RPS7;RPL37A;RPS3A;RPS5;RPS27;RPS15;RPL41;RPS3;RPL10A;NOP10;RPL7;TRMT112;RPL9;RPS29;RPL13A;RPL4;RPLP2;RPL35;UBA52;RPL34;RPL28;RPS8;RPLP0;SNU13;RPS10;RPS27L;RPL23;RPS4X;RPL38;RPL6;RPL5;RPL36A;RPS28;RPL12;RPS20;RPL36;RSL24D1;RPL22;RPS17;RPS24;RPL22L1;C1D;RPL39;RPL31;BUD23;NHP2;XRN2;RPP21;KRR1;RPL26L1;DDX52;TSR3;EXOSC4,C-TAL
prerank,"Reactome_2022__Formation Of Ternary Complex, And Subsequently, 43S Complex R-HSA-72695",0.9204369823976581,1.2972363597281078,0.001,0.029972629902490736,0.485,44/50,6.64%,RPS9;RPS16;RPSA;RPS14;RPS2;RPS21;RPS12;RPS4Y1;FAU;RPS6;RPS23;RPS15A;RPS19;RPS13;RPS27A;RPS11;RPS25;RPS7;RPS3A;RPS5;RPS27;RPS15;RPS3;RPS29;RPS8;RPS10;RPS27L;RPS4X;RPS28;EIF3G;EIF3K;RPS20;RPS17;EIF3F;RPS24;EIF2S2;EIF3I;EIF2S1;EIF3J;EIF3B;EIF1AX;EIF3A;EIF3E;EIF3L,C-TAL
prerank,Reactome_2022__NOTCH2 Intracellular Domain Regulates Transcription R-HSA-2197563,-0.8150436682976484,-1.2972134704253353,0.2047244094488189,0.7392126924418052,1.0,2/11,0.70%,MAML2;MAML3,C-TAL
prerank,Reactome_2022__SHC1 Events In ERBB2 Signaling R-HSA-1250196,-0.726306998314016,-1.2968968089713067,0.125,0.7060046220751638,1.0,5/21,2.01%,ERBB4;EGF;NRG1;NRG3;PRKCE,C-TAL
prerank,Reactome_2022__Translation Initiation Complex Formation R-HSA-72649,0.9130090038226586,1.2938481091857728,0.001,0.037703304942456606,0.567,51/57,7.69%,RPS9;RPS16;RPSA;RPS14;RPS2;RPS21;RPS12;RPS4Y1;FAU;RPS6;RPS23;RPS15A;RPS19;RPS13;RPS27A;RPS11;RPS25;RPS7;RPS3A;RPS5;RPS27;RPS15;RPS3;EIF4H;RPS29;RPS8;RPS10;RPS27L;RPS4X;RPS28;EIF3G;EIF3K;RPS20;EIF4A1;RPS17;EIF3F;EIF4G1;RPS24;EIF2S2;EIF3I;EIF4B;EIF2S1;EIF3J;EIF3B;EIF1AX;EIF3A;EIF3E;EIF3L;EIF4A2;PABPC1;EIF3D,C-TAL
prerank,MSigDB_Hallmark_2020__Myc Targets V1,0.8693067300349774,1.292896729602886,0.001,0.0019919104046830223,0.004,152/196,10.70%,LDHA;RACK1;RPL18;COX5A;RPS2;HNRNPA1;RPS6;EEF1B2;SET;RAN;PSMA7;RPL14;PSMD8;RPS5;PPIA;RPS3;EIF4H;TUFM;VDAC3;SNRPG;RPL34;CCT7;NDUFAB1;RPLP0;RPS10;SERBP1;ETF1;ILF2;HDGF;NPM1;RPL6;SNRPD2;RANBP1;PSMA1;PSMA6;LSM7;PSMA2;SRSF7;PHB;PPM1G;ACP1;EIF4A1;TCP1;SLC25A3;DUT;RNPS1;CYC1;RPL22;STARD7;TXNL4A;KPNB1;PHB2;CNBP;CBX3;YWHAQ;PSMA4;C1QBP;EIF4G2;SRSF2;SNRPD3;DEK;XRCC6;CCT4;EIF2S2;SSB;PSMB2;PCBP1;SSBP1;PRDX4;CCT5;SNRPB2;HNRNPU;CCT2;NME1;MRPS18B;SNRPD1;HNRNPA2B1;HDDC2;PSMB3;PA2G4;ERH;NHP2;GLO1;GOT2;HSPE1;NCBP2;PTGES3;PRPF31;SRSF3;UBE2L3;NAP1L1;PSMD14;APEX1;EIF2S1;POLD2;CCT3;RSL1D1;SYNCRIP;GSPT1;LSM2;VDAC1;EIF3J;HNRNPA3;HSPD1;EIF3B;PSMC4;COPS5;EIF1AX;HSP90AB1;TRIM28;YWHAE;FBL;PGK1;SF3A1;ODC1;PCNA;SRSF1;MRPL9;TARDBP;RAD23B;PABPC1;ABCE1;PSMC6;PSMD7;IFRD1;EXOSC7;POLE3;NOLC1;EIF3D;CDK4;BUB3;SRM;UBA2;PSMD1;HDAC2;AIMP2;VBP1;PABPC4;MCM7;PRPS2;HNRNPR;SNRPA1;PWP1;PSMD3;PRDX3;CLNS1A;TFDP1;USP1;G3BP1;XPOT;RRM1;SF3B3,C-TAL
prerank,Reactome_2022__rRNA Processing R-HSA-72312,0.8685200740249834,1.2915690604516894,0.001,0.04282550112591827,0.619,92/199,5.27%,RPL3;RPS9;RPS16;RPSA;RPS14;RPL23A;RPL30;RPL18;RPL19;RPL8;RPL18A;RPL36AL;RPL29;RPS2;RPS21;RPL37;RPL7A;RPS12;RPS4Y1;FAU;RPL21;RPS6;RPL11;RPL27;RPS23;RPS15A;RPL26;RPS19;RPS13;RPL15;RPL35A;RPL27A;RPS27A;RPS11;RPL32;RPS25;RPL14;RPLP1;RPS7;RPL37A;RPS3A;RPS5;RPS27;RPS15;RPL41;RPS3;RPL10A;NOP10;RPL7;TRMT112;RPL9;RPS29;RPL13A;RPL4;RPLP2;RPL35;UBA52;RPL34;RPL28;RPS8;RPLP0;SNU13;RPS10;RPS27L;RPL23;RPS4X;RPL38;RPL6;RPL5;RPL36A;RPS28;RPL12;RPS20;RPL36;RSL24D1;RPL22;RPS17;HSD17B10;RPS24;RPL22L1;C1D;RPL39;RPL31;BUD23;NHP2;XRN2;RPP21;KRR1;RPL26L1;DDX52;TSR3;EXOSC4,C-TAL
prerank,"Reactome_2022__mRNA Activation Upon Binding Of Cap-Binding Complex And eIFs, Subsequent Binding To 43S R-HSA-72662",0.9099141048187743,1.2906540328031133,0.001,0.044144808212832495,0.644,51/58,7.69%,RPS9;RPS16;RPSA;RPS14;RPS2;RPS21;RPS12;RPS4Y1;FAU;RPS6;RPS23;RPS15A;RPS19;RPS13;RPS27A;RPS11;RPS25;RPS7;RPS3A;RPS5;RPS27;RPS15;RPS3;EIF4H;RPS29;RPS8;RPS10;RPS27L;RPS4X;RPS28;EIF3G;EIF3K;RPS20;EIF4A1;RPS17;EIF3F;EIF4G1;RPS24;EIF2S2;EIF3I;EIF4B;EIF2S1;EIF3J;EIF3B;EIF1AX;EIF3A;EIF3E;EIF3L;EIF4A2;PABPC1;EIF3D,C-TAL
prerank,Reactome_2022__Fertilization R-HSA-1187000,0.9431189534294186,1.2897023538927401,0.001072961373390558,0.0455685425818598,0.67,2/25,1.61%,CD9;B4GALT1,C-TAL
prerank,Reactome_2022__Complement Cascade R-HSA-166658,0.905785899380669,1.2883539332631853,0.001,0.0480537219065773,0.7,7/54,3.76%,CD59;PSMA7;CD81;CD46;SERPING1;CLU;AKR1C1,C-TAL
prerank,Reactome_2022__Complex I Biogenesis R-HSA-6799198,0.9071437027726668,1.2875616626852786,0.001,0.048457915411725616,0.719,36/51,4.28%,NDUFB2;NDUFC1;NDUFB3;NDUFA13;NDUFB11;NDUFB10;NDUFC2;NDUFA12;NDUFB4;NDUFA7;NDUFA1;NDUFB9;NDUFS8;NDUFA6;NDUFB7;NDUFS2;NDUFA5;NDUFA11;NDUFAB1;NDUFA8;NDUFB5;NDUFB6;NDUFA2;NDUFV2;NDUFS5;NDUFB8;NDUFS6;NDUFB1;NDUFAF3;NDUFV3;NDUFS3;NDUFA3;NDUFS7;NDUFA9;TMEM126B;NDUFV1,C-TAL
prerank,Reactome_2022__Metabolism Of Amino Acids And Derivatives R-HSA-71291,0.8567433325201615,1.2789341866391972,0.001,0.08019280361559517,0.872,175/354,9.72%,RPL3;RPS9;RPS16;SERINC2;RPSA;RPS14;RPL23A;RPL30;RPL18;RPL19;RPL8;RPL18A;RPL36AL;RPL29;RPS2;RPS21;RPL37;RPL7A;RPS12;RPS4Y1;FAU;RPL21;OAZ1;PSMB6;RPS6;RPL11;RPL27;RPS23;RPS15A;RPL26;RPS19;AFMID;RPS13;RPL15;RPL35A;RPL27A;RPS27A;RPS11;RPL32;PSMA7;RPS25;RPL14;RPLP1;RPS7;RPL37A;PSMD8;RPS3A;RPS5;RPS27;RPS15;RPL41;RPS3;RPL10A;PSMB5;RPL7;BHMT2;RPL9;RPS29;RPL13A;PCBD1;TSTD1;EEF1E1;RPL4;RPLP2;RPL35;UBA52;RPL34;SLC6A12;NDUFAB1;RPL28;RPS8;RPLP0;ADI1;RPS10;SEPHS2;RPS27L;PSMB1;RPL23;SBDS;RPS4X;RPL38;RPL6;PSMA1;PSMA6;PSMA2;RPL5;RPL36A;RPS28;RPL12;RPS20;RPL36;PSMC5;ECHS1;SERINC1;RSL24D1;ARG2;GCSH;RPL22;PXMP2;PSME1;PSMD9;RPS17;HSD17B10;SHMT1;PSMB4;GRHPR;PSME2;NAT8L;RPS24;RPL22L1;PSMA4;APIP;PSMA5;TXN2;PSMB2;PDHA1;RIDA;PDHB;SERINC3;RPL39;PSMB3;RPL31;GOT2;ASRGL1;PSMB7;GLUL;OAZ2;IVD;SEM1;PSMD14;PSMD13;RPL26L1;AIMP1;PSMC1;PSMC4;BCKDK;PSMD2;PYCR2;PSMC2;CHDH;ALDH9A1;TINAGL1;PSMF1;ENOPH1;ALDH7A1;MPST;DLST;PSMD11;PSMD6;MRPL13;PSMC3;PSMA3;BCKDHA;PSMC6;PSMD7;ACADSB;AZIN1;HNMT;GATM;PSMD4;SLC38A1;ACAD8;MRI1;SLC6A8;AIMP2;MCCC2;PSMD12;AMT;HOGA1;GSR;SLC7A5;PSMD3;OGDH;QDPR;ETHE1,C-TAL
prerank,Reactome_2022__Regulation Of Complement Cascade R-HSA-977606,0.9085084948750067,1.2778394158494526,0.001,0.08258887371257706,0.886,7/44,3.76%,CD59;PSMA7;CD81;CD46;SERPING1;CLU;AKR1C1,C-TAL
prerank,Reactome_2022__Antigen processing-Cross Presentation R-HSA-1236975,0.874527842250559,1.2774414577353486,0.001,0.08213466521266737,0.889,61/104,9.57%,UBC;UBB;PSMB6;B2M;RPS27A;SEC61B;PSMA7;VAMP8;HLA-B;PSMD8;ITGAV;HLA-C;PSMB5;UBA52;HLA-A;PSMB1;NDUFA2;CTSL;SEC61G;PSMA1;PSMA6;PSMA2;PSMC5;PSME1;PSMD9;TAPBP;PSMB4;PSME2;PSMA4;SEC61A1;PSMA5;PSMB2;PSMB3;HLA-E;PSMB7;SEM1;PSMD14;PSMD13;PSMC1;PSMC4;HMGB1;PSMD2;ITGB5;PSMC2;PSMF1;PDIA3;CALR;LNPEP;PSMD11;PSMD6;CYBA;PSMC3;PSMA3;PSMC6;PSMD7;VAMP3;PSMD4;PSMD12;STX4;S100A1;PSMD3,C-TAL
prerank,Reactome_2022__Gap Junction Trafficking R-HSA-190828,0.9356802017257864,1.2729479499486136,0.002145922746781116,0.1004058745927168,0.939,6/25,3.73%,AP2M1;CLTC;CLTB;CLTA;DAB2;DNM2,C-TAL
prerank,Reactome_2022__ER-Phagosome Pathway R-HSA-1236974,0.8732176020934818,1.2696513251365684,0.001,0.11503107988766373,0.961,56/89,9.57%,UBC;UBB;PSMB6;B2M;RPS27A;SEC61B;PSMA7;VAMP8;HLA-B;PSMD8;HLA-C;PSMB5;UBA52;HLA-A;PSMB1;NDUFA2;SEC61G;PSMA1;PSMA6;PSMA2;PSMC5;PSME1;PSMD9;TAPBP;PSMB4;PSME2;PSMA4;SEC61A1;PSMA5;PSMB2;PSMB3;HLA-E;PSMB7;SEM1;PSMD14;PSMD13;PSMC1;PSMC4;HMGB1;PSMD2;PSMC2;PSMF1;PDIA3;CALR;PSMD11;PSMD6;PSMC3;PSMA3;PSMC6;PSMD7;VAMP3;PSMD4;PSMD12;STX4;S100A1;PSMD3,C-TAL
prerank,Reactome_2022__Formation Of ATP By Chemiosmotic Coupling R-HSA-163210,0.9534962066673471,1.2693385626587563,0.010893246187363835,0.11360053896415519,0.961,15/16,4.22%,ATP5F1E;ATP5PF;ATP5MC3;ATP5F1B;ATP5MC1;ATP5PO;ATP5F1A;ATP5F1D;ATP5MF;ATP5MG;ATP5F1C;ATP5PD;ATP5MC2;ATP5PB;ATP5ME,C-TAL
prerank,Reactome_2022__Nuclear Receptor Transcription Pathway R-HSA-383280,-0.6387983129712473,-1.2630278352652466,0.14814814814814814,0.8006794239161446,1.0,6/53,0.76%,ESRRG;NR3C2;RORA;THRB;ESRRB;NR6A1,C-TAL
prerank,Reactome_2022__SCF(Skp2)-mediated Degradation Of P27/P21 R-HSA-187577,0.8831214461340336,1.2617063957879293,0.001,0.15468523358864952,0.985,42/59,7.98%,UBC;UBB;PSMB6;RPS27A;PSMA7;PSMD8;PSMB5;UBA52;PSMB1;SKP1;PSMA1;PSMA6;PSMA2;PSMC5;PSME1;PSMD9;PSMB4;PSME2;PSMA4;PSMA5;PSMB2;PSMB3;PSMB7;CCND1;SEM1;PSMD14;PSMD13;PSMC1;PSMC4;PSMD2;PSMC2;PSMF1;PSMD11;PSMD6;CDKN1B;PSMC3;PSMA3;PSMC6;PSMD7;CKS1B;CDK4;PSMD4,C-TAL
prerank,Reactome_2022__Vif-mediated Degradation Of APOBEC3G R-HSA-180585,0.8854966223271403,1.2600894368722304,0.001,0.16146775443907121,0.988,40/53,7.98%,UBC;UBB;PSMB6;ELOB;RPS27A;RBX1;PSMA7;PSMD8;PSMB5;UBA52;PSMB1;PSMA1;PSMA6;PSMA2;ELOC;PSMC5;PSME1;PSMD9;PSMB4;PSME2;PSMA4;PSMA5;PSMB2;PSMB3;PSMB7;SEM1;PSMD14;PSMD13;PSMC1;PSMC4;PSMD2;PSMC2;PSMF1;PSMD11;PSMD6;PSMC3;PSMA3;PSMC6;PSMD7;PSMD4,C-TAL
prerank,Reactome_2022__Neutrophil Degranulation R-HSA-6798695,0.842014075799478,1.2593180061353055,0.001,0.16241811015713062,0.99,192/461,9.77%,NME2;CD59;PKM;FTH1;S100A11;SRP14;GSTP1;CD63;GRN;ATP6AP2;B2M;PLAU;TUBB;NDUFC2;EEF1A1;CTSH;TUBB4B;RHOA;VAMP8;GNS;HLA-B;PDXK;PGRMC1;SERPINA1;DYNLT1;PPIA;ITGAV;ASAH1;HLA-C;PRDX5;NPC2;FUCA1;LAMTOR1;EEF2;LAMTOR2;CSTB;LAMP1;GAA;JUP;APRT;CST3;RNASET2;HLA-A;RAB14;PSMB1;NDUFA2;B4GALT1;CAPN1;ILF2;CYSTM1;CTSB;SPTAN1;PSMA2;DYNC1H1;PIGR;ATP6V0C;HEBP2;TMEM30A;FTL;CAP1;FUCA2;DDX3X;TRAPPC1;LAMP2;YPEL5;SYNGR1;VCP;CYB5R3;CSNK2B;GDI2;DYNLL1;HSPA1A;KPNB1;ACTR2;ITM2C;PSMA5;GSDMD;XRCC6;CTSD;PDAP1;COTL1;RAB5C;TMEM179B;SLCO4C1;RAB18;TMBIM1;SURF4;PFKL;PRDX4;PADI2;CPNE3;CCT2;CTSZ;MAGT1;HSPA8;ARPC5;TIMP2;PA2G4;PRKCSH;TOM1;CMTM6;ANXA2;ATP6V1D;SDCBP;CYFIP1;PSMB7;TXNDC5;VCL;COMMD9;APEH;DDOST;CREG1;TOLLIP;HSP90AA1;PSMD14;PSMD13;RAB5B;NCSTN;LTA4H;IST1;CTSC;DPP7;ATP11A;MLEC;DGAT1;HMGB1;PSMD2;PTGES2;PSMC2;TINAGL1;HSP90AB1;CTSA;SCAMP1;VAT1;AGPAT2;GOLGA7;ORMDL3;CAB39;PSMD11;QSOX1;PSMD6;CYBA;SLC44A2;PSMC3;LAMTOR3;NBEAL2;PGM1;COMMD3;VAPA;NIT2;PSEN1;ACAA1;ADAM10;AGL;RAB6A;DBNL;HMOX2;CAND1;LPCAT1;PSMD7;RHOF;IDH1;ARL8A;IGF2R;RAP1B;CKAP4;DEGS1;DNAJC5;COPB1;ACTR10;PAFAH1B2;PYGB;GUSB;METTL7A;ACTR1B;XRCC5;RHOG;CCT8;IQGAP1;GLB1;PSMD12;NAPRT;GSN;HEXB;TSPAN14;MAPK1;SVIP;PSMD3;GHDC;RAB7A;DNAJC3;PPIE,C-TAL
prerank,Reactome_2022__Mitochondrial Translation Initiation R-HSA-5368286,0.8731750446914841,1.258532534420164,0.0010224948875255625,0.16389158296390013,0.991,65/82,9.33%,MRPS6;MRPL33;MRPS24;AURKAIP1;MRPL34;GADD45GIP1;MRPS26;MRPL54;MRPL41;MRPL51;MRPS36;MRPL57;MRPL20;MRPL52;MRPL40;CHCHD1;MRPL14;MRPS34;MRPS23;MRPS21;MRPS16;MRPL32;MRPS7;MRPL12;MRPL18;MRPS18C;MRPL36;MRPL43;MRPL21;MRPS25;MRPL11;MRPS33;MRPS18B;MRPL17;MRPL49;MRPL47;MRPS15;MRPL38;MRPL15;MRPL3;MRPL35;OXA1L;MRPL55;MRPL42;MRPS11;MRPS35;MRPL4;MRPS17;MRPS14;MTIF3;MRPL45;MRPL13;MRPS2;MRPS10;MRPL9;MRPS30;MRPL37;MRPL19;MRPL16;MRPL48;MTIF2;MRPL44;MRPL1;MRPS18A;MRPL30,C-TAL
prerank,Reactome_2022__GRB2 Events In ERBB2 Signaling R-HSA-1963640,-0.7697633151366218,-1.2585002426269714,0.20408163265306123,0.7826500427023145,1.0,4/15,1.25%,ERBB4;EGF;NRG1;NRG3,C-TAL
prerank,Reactome_2022__ABC Transporter Disorders R-HSA-5619084,0.8727133865387755,1.2584487726511042,0.001,0.16100262099006976,0.991,49/77,9.57%,UBC;UBB;PSMB6;RPS27A;PSMA7;PSMD8;PSMB5;UBA52;PSMB1;PSMA1;PSMA6;RNF5;PSMA2;PSMC5;PSME1;PSMD9;PSMB4;VCP;OS9;PSME2;PSMA4;PSMA5;PSMB2;PSMB3;ERLIN2;PSMB7;DERL2;SEM1;PSMD14;PSMD13;ERLEC1;PSMC1;SEL1L;PSMC4;PSMD2;PSMC2;ABCD4;PSMF1;LMBRD1;PSMD11;PSMD6;PSMC3;PSMA3;PSMC6;PSMD7;PSMD4;PSMD12;DERL1;PSMD3,C-TAL
prerank,Reactome_2022__TICAM1-dependent Activation Of IRF3/IRF7 R-HSA-9013973,0.9488200664117149,1.2580200006428761,0.015891032917139614,0.16010268888221915,0.991,4/12,1.21%,UBC;UBB;RPS27A;UBA52,C-TAL
prerank,Reactome_2022__FBXL7 Down-Regulates AURKA During Mitotic Entry And In Early Mitosis R-HSA-8854050,0.8826753476078383,1.257825497761898,0.001,0.15792623684105114,0.991,39/54,7.98%,UBC;UBB;PSMB6;RPS27A;RBX1;PSMA7;PSMD8;PSMB5;UBA52;PSMB1;SKP1;PSMA1;PSMA6;PSMA2;PSMC5;PSME1;PSMD9;PSMB4;PSME2;PSMA4;PSMA5;PSMB2;PSMB3;PSMB7;SEM1;PSMD14;PSMD13;PSMC1;PSMC4;PSMD2;PSMC2;PSMF1;PSMD11;PSMD6;PSMC3;PSMA3;PSMC6;PSMD7;PSMD4,C-TAL
prerank,Reactome_2022__IRAK2 Mediated Activation Of TAK1 Complex Upon TLR7/8 Or 9 Stimulation R-HSA-975163,0.9500078314746782,1.257351361804084,0.010964912280701754,0.15729401232972792,0.991,5/14,1.60%,UBC;UBB;RPS27A;UBA52;NDUFA2,C-TAL
prerank,Reactome_2022__TNFR2 Non-Canonical NF-kB Pathway R-HSA-5668541,0.8613471344427415,1.257338331031268,0.001,0.15418563601009824,0.991,49/100,10.19%,UBC;UBB;PSMB6;RPS27A;PSMA7;PSMD8;PSMB5;UBA52;PSMB1;SKP1;PSMA1;PSMA6;PSMA2;PSMC5;PSME1;PSMD9;UBE2M;PSMB4;PSME2;PSMA4;PSMA5;PSMB2;PSMB3;PSMB7;SEM1;PSMD14;PSMD13;TNFRSF12A;BIRC2;PSMC1;PSMC4;TNFRSF11B;PSMD2;PSMC2;PSMF1;TNFSF13;PSMD11;PSMD6;PSMC3;PSMA3;PSMC6;PSMD7;PSMD4;PSMD12;PSMD3;TNFRSF1A;LTBR;PSMB8;UBA3,C-TAL
prerank,Reactome_2022__Cristae Formation R-HSA-8949613,0.9162915263358203,1.2572017566904183,0.004305705059203444,0.15199896637011331,0.991,21/29,5.67%,ATP5F1E;ATP5PF;ATP5MC3;MICOS10;ATP5F1B;ATP5MC1;ATP5PO;DNAJC11;HSPA9;MICOS13;ATP5F1A;ATP5F1D;ATP5MF;ATP5MG;ATP5F1C;ATP5PD;ATP5MC2;ATP5PB;ATP5ME;IMMT;MTX1,C-TAL
prerank,Reactome_2022__TRAF6-mediated Induction Of TAK1 Complex Within TLR4 Complex R-HSA-937072,0.9477744898883248,1.2562301384194083,0.010893246187363835,0.15476436061522694,0.993,5/15,1.60%,UBC;UBB;RPS27A;UBA52;NDUFA2,C-TAL
prerank,Reactome_2022__Role Of GTSE1 In G2/M Progression After G2 Checkpoint R-HSA-8852276,0.8796518845563518,1.2559644020899607,0.001,0.15334069747300208,0.993,40/59,7.98%,UBC;UBB;PSMB6;RPS27A;PSMA7;PSMD8;PSMB5;UBA52;PSMB1;PSMA1;PSMA6;PSMA2;PSMC5;PSME1;PSMD9;PSMB4;PSME2;PSMA4;PSMA5;PSMB2;PSMB3;PSMB7;HSP90AA1;SEM1;PSMD14;PSMD13;PSMC1;PSMC4;PSMD2;PSMC2;HSP90AB1;PSMF1;PSMD11;PSMD6;PSMC3;PSMA3;MAPRE1;PSMC6;PSMD7;PSMD4,C-TAL
prerank,Reactome_2022__Mitochondrial Translation Elongation R-HSA-5389840,0.8691765761441612,1.2550796003569948,0.001,0.1552806019570709,0.993,64/82,9.33%,MRPS6;MRPL33;MRPS24;AURKAIP1;MRPL34;GADD45GIP1;MRPS26;MRPL54;MRPL41;TUFM;MRPL51;MRPS36;MRPL57;MRPL20;MRPL52;MRPL40;CHCHD1;MRPL14;MRPS34;MRPS23;MRPS21;MRPS16;MRPL32;MRPS7;MRPL12;MRPL18;MRPS18C;MRPL36;MRPL43;MRPL21;MRPS25;MRPL11;MRPS33;MRPS18B;MRPL17;MRPL49;MRPL47;MRPS15;MRPL38;MRPL15;MRPL3;MRPL35;OXA1L;MRPL55;MRPL42;MRPS11;MRPS35;MRPL4;MRPS17;MRPS14;MRPL45;MRPL13;MRPS2;MRPS10;MRPL9;MRPS30;MRPL37;MRPL19;MRPL16;MRPL48;MRPL44;MRPL1;MRPS18A;MRPL30,C-TAL
prerank,Reactome_2022__Mitochondrial Translation Termination R-HSA-5419276,0.8692623209940484,1.2544568625494033,0.001,0.15576433238583928,0.994,63/82,9.33%,MRPS6;MRPL33;MRPS24;AURKAIP1;MRPL34;GADD45GIP1;MRPS26;MRPL54;MRPL41;MRPL51;MRPS36;MRPL57;MRPL20;MRPL52;MRPL40;CHCHD1;MRPL14;MRPS34;MRPS23;MRPS21;MRPS16;MRPL32;MRPS7;MRPL12;MRPL18;MRPS18C;MRPL36;MRPL43;MRPL21;MRPS25;MRPL11;MRPS33;MRPS18B;MRPL17;MRPL49;MRPL47;MRPS15;MRPL38;MRPL15;MRPL3;MRPL35;OXA1L;MRPL55;MRPL42;MRPS11;MRPS35;MRPL4;MRPS17;MRPS14;MRPL45;MRPL13;MRPS2;MRPS10;MRPL9;MRPS30;MRPL37;MRPL19;MRPL16;MRPL48;MRPL44;MRPL1;MRPS18A;MRPL30,C-TAL
prerank,Reactome_2022__Immunoregulatory Interactions Between A Lymphoid And A non-Lymphoid Cell R-HSA-198933,0.8592721600505988,1.2543151373318164,0.001,0.15371150315961862,0.994,8/116,3.83%,B2M;HLA-B;ITGB1;HLA-C;CD81;HLA-A;NECTIN2;HLA-E,C-TAL
prerank,Reactome_2022__AUF1 (hnRNP D0) Binds And Destabilizes mRNA R-HSA-450408,0.8819141865787808,1.252612138363054,0.001053740779768177,0.16137876207000207,0.996,42/54,7.98%,UBC;UBB;PSMB6;RPS27A;PSMA7;PSMD8;PSMB5;UBA52;PSMB1;PSMA1;PSMA6;PSMA2;PSMC5;PSME1;PSMD9;PSMB4;EIF4G1;PSME2;HSPA1A;PSMA4;PSMA5;PSMB2;HSPA8;PSMB3;HSPB1;PSMB7;SEM1;PSMD14;PSMD13;PSMC1;PSMC4;PSMD2;PSMC2;PSMF1;PSMD11;PSMD6;PSMC3;PSMA3;PABPC1;PSMC6;PSMD7;PSMD4,C-TAL
prerank,Reactome_2022__Hh Mutants Abrogate Ligand Secretion R-HSA-5387390,0.8808585420085653,1.252060003514925,0.001,0.1620273134754639,0.996,45/58,9.57%,UBC;UBB;PSMB6;RPS27A;PSMA7;PSMD8;PSMB5;UBA52;PSMB1;PSMA1;PSMA6;PSMA2;PSMC5;PSME1;PSMD9;PSMB4;VCP;OS9;PSME2;PSMA4;PSMA5;PSMB2;PSMB3;PSMB7;DERL2;SEM1;PSMD14;PSMD13;ERLEC1;PSMC1;SEL1L;PSMC4;PSMD2;PSMC2;PSMF1;PSMD11;PSMD6;PSMC3;PSMA3;PSMC6;PSMD7;PSMD4;PSMD12;SYVN1;PSMD3,C-TAL
prerank,Reactome_2022__Defective CFTR Causes Cystic Fibrosis R-HSA-5678895,0.879192400521569,1.251663227115495,0.001,0.1615021239057462,0.997,47/60,9.57%,UBC;UBB;PSMB6;RPS27A;PSMA7;PSMD8;PSMB5;UBA52;PSMB1;PSMA1;PSMA6;RNF5;PSMA2;PSMC5;PSME1;PSMD9;PSMB4;VCP;OS9;PSME2;PSMA4;PSMA5;PSMB2;PSMB3;ERLIN2;PSMB7;DERL2;SEM1;PSMD14;PSMD13;ERLEC1;PSMC1;SEL1L;PSMC4;PSMD2;PSMC2;PSMF1;PSMD11;PSMD6;PSMC3;PSMA3;PSMC6;PSMD7;PSMD4;PSMD12;DERL1;PSMD3,C-TAL
prerank,Reactome_2022__Hh Mutants Are Degraded By ERAD R-HSA-5362768,0.8824306641204951,1.2514354736533864,0.001,0.15999802283871556,0.997,45/55,9.57%,UBC;UBB;PSMB6;RPS27A;PSMA7;PSMD8;PSMB5;UBA52;PSMB1;PSMA1;PSMA6;PSMA2;PSMC5;PSME1;PSMD9;PSMB4;VCP;OS9;PSME2;PSMA4;PSMA5;PSMB2;PSMB3;PSMB7;DERL2;SEM1;PSMD14;PSMD13;ERLEC1;PSMC1;SEL1L;PSMC4;PSMD2;PSMC2;PSMF1;PSMD11;PSMD6;PSMC3;PSMA3;PSMC6;PSMD7;PSMD4;PSMD12;SYVN1;PSMD3,C-TAL
prerank,Reactome_2022__Ubiquitin Mediated Degradation Of Phosphorylated Cdc25A R-HSA-69601,0.881502409460709,1.2514225554447511,0.001,0.1573812248514157,0.997,37/51,7.98%,UBC;UBB;PSMB6;RPS27A;PSMA7;PSMD8;PSMB5;UBA52;PSMB1;PSMA1;PSMA6;PSMA2;PSMC5;PSME1;PSMD9;PSMB4;PSME2;PSMA4;PSMA5;PSMB2;PSMB3;PSMB7;SEM1;PSMD14;PSMD13;PSMC1;PSMC4;PSMD2;PSMC2;PSMF1;PSMD11;PSMD6;PSMC3;PSMA3;PSMC6;PSMD7;PSMD4,C-TAL
prerank,Reactome_2022__Mitochondrial Translation R-HSA-5368287,0.863521776248157,1.2511892808589142,0.001017293997965412,0.15632078594602247,0.997,66/88,9.33%,MRPS6;MRPL33;MRPS24;AURKAIP1;MRPL34;GADD45GIP1;MRPS26;MRPL54;MRPL41;TUFM;MRPL51;MRPS36;MRPL57;MRPL20;MRPL52;MRPL40;CHCHD1;MRPL14;MRPS34;MRPS23;MRPS21;MRPS16;MRPL32;MRPS7;MRPL12;MRPL18;MRPS18C;MRPL36;MRPL43;MRPL21;MRPS25;MRPL11;MRPS33;MRPS18B;MRPL17;MRPL49;MRPL47;MRPS15;MRPL38;MRPL15;MRPL3;MRPL35;OXA1L;MRPL55;MRPL42;MRPS11;MRPS35;MRPL4;MRPS17;MRPS14;MTIF3;MRPL45;MRPL13;MRPS2;MRPS10;MRPL9;MRPS30;MRPL37;MRPL19;MRPL16;MRPL48;MTIF2;MRPL44;MRPL1;MRPS18A;MRPL30,C-TAL
prerank,Reactome_2022__Orc1 Removal From Chromatin R-HSA-68949,0.8699941644294484,1.2506867309679277,0.001,0.15633949740342168,0.997,43/69,9.57%,UBC;UBB;PSMB6;RPS27A;RBX1;PSMA7;PSMD8;PSMB5;UBA52;PSMB1;SKP1;PSMA1;PSMA6;PSMA2;PSMC5;PSME1;PSMD9;PSMB4;PSME2;PSMA4;PSMA5;PSMB2;MCM3;PSMB3;PSMB7;SEM1;PSMD14;PSMD13;PSMC1;PSMC4;PSMD2;PSMC2;PSMF1;PSMD11;PSMD6;PSMC3;PSMA3;PSMC6;PSMD7;PSMD4;PSMD12;MCM7;PSMD3,C-TAL
prerank,Reactome_2022__G1/S DNA Damage Checkpoints R-HSA-69615,0.8710656271243097,1.2506583003951524,0.001,0.15407941019812998,0.997,38/67,7.98%,UBC;UBB;PSMB6;RPS27A;PSMA7;PSMD8;PSMB5;UBA52;PSMB1;PSMA1;PSMA6;PSMA2;PSMC5;PSME1;PSMD9;PSMB4;PSME2;PSMA4;PSMA5;PSMB2;PSMB3;PSMB7;SEM1;PSMD14;PSMD13;PSMC1;PSMC4;PSMD2;PSMC2;PSMF1;PSMD11;PSMD6;CDKN1B;PSMC3;PSMA3;PSMC6;PSMD7;PSMD4,C-TAL
prerank,Reactome_2022__Gap Junction Degradation R-HSA-190873,0.9598993727885106,1.2502721177222538,0.017462165308498253,0.15411698475395916,0.998,6/10,3.73%,AP2M1;CLTC;CLTB;CLTA;DAB2;DNM2,C-TAL
prerank,Reactome_2022__Negative Regulation Of NOTCH4 Signaling R-HSA-9604323,0.8808213222210246,1.2495822176203335,0.001,0.15519611991242543,0.999,41/53,8.11%,UBC;UBB;PSMB6;RPS27A;RBX1;PSMA7;PSMD8;PSMB5;UBA52;PSMB1;SKP1;PSMA1;PSMA6;PSMA2;PSMC5;PSME1;PSMD9;PSMB4;PSME2;PSMA4;PSMA5;PSMB2;PSMB3;PSMB7;SEM1;PSMD14;PSMD13;AKT1;PSMC1;PSMC4;PSMD2;PSMC2;PSMF1;PSMD11;PSMD6;PSMC3;PSMA3;PSMC6;PSMD7;PSMD4;TACC3,C-TAL
prerank,Reactome_2022__Regulation Of Activated PAK-2p34 By Proteasome Mediated Degradation R-HSA-211733,0.8815014202561688,1.2493088044238863,0.0010515247108307045,0.1541887179969058,1.0,37/49,7.98%,UBC;UBB;PSMB6;RPS27A;PSMA7;PSMD8;PSMB5;UBA52;PSMB1;PSMA1;PSMA6;PSMA2;PSMC5;PSME1;PSMD9;PSMB4;PSME2;PSMA4;PSMA5;PSMB2;PSMB3;PSMB7;SEM1;PSMD14;PSMD13;PSMC1;PSMC4;PSMD2;PSMC2;PSMF1;PSMD11;PSMD6;PSMC3;PSMA3;PSMC6;PSMD7;PSMD4,C-TAL
prerank,Reactome_2022__Regulation Of Apoptosis R-HSA-169911,0.8792203762204412,1.2485839072148903,0.002103049421661409,0.15612714969947045,1.0,42/52,10.17%,UBC;UBB;PSMB6;RPS27A;PSMA7;PSMD8;PSMB5;UBA52;PSMB1;PSMA1;PSMA6;PSMA2;PSMC5;PSME1;PSMD9;PSMB4;PSME2;PSMA4;PSMA5;PSMB2;PSMB3;PSMB7;SEM1;PSMD14;PSMD13;PSMC1;PSMC4;PSMD2;PSMC2;PSMF1;PSMD11;PSMD6;PSMC3;OMA1;PSMA3;PSMC6;PSMD7;PSMD4;PSMD12;PSMD3;MED12;PSMB8,C-TAL
prerank,Reactome_2022__Ubiquitin-dependent Degradation Of Cyclin D R-HSA-75815,0.8803043589439451,1.2485355385410513,0.001,0.1540510257039432,1.0,39/51,7.98%,UBC;UBB;PSMB6;RPS27A;PSMA7;PSMD8;PSMB5;UBA52;PSMB1;PSMA1;PSMA6;PSMA2;PSMC5;PSME1;PSMD9;PSMB4;PSME2;PSMA4;PSMA5;PSMB2;PSMB3;PSMB7;CCND1;SEM1;PSMD14;PSMD13;PSMC1;PSMC4;PSMD2;PSMC2;PSMF1;PSMD11;PSMD6;PSMC3;PSMA3;PSMC6;PSMD7;CDK4;PSMD4,C-TAL
prerank,Reactome_2022__Vpu Mediated Degradation Of CD4 R-HSA-180534,0.87969165395117,1.2478035753847752,0.0020964360587002098,0.15594971165899202,1.0,38/51,7.98%,UBC;UBB;PSMB6;RPS27A;PSMA7;PSMD8;PSMB5;UBA52;PSMB1;SKP1;PSMA1;PSMA6;PSMA2;PSMC5;PSME1;PSMD9;PSMB4;PSME2;PSMA4;PSMA5;PSMB2;PSMB3;PSMB7;SEM1;PSMD14;PSMD13;PSMC1;PSMC4;PSMD2;PSMC2;PSMF1;PSMD11;PSMD6;PSMC3;PSMA3;PSMC6;PSMD7;PSMD4,C-TAL
prerank,Reactome_2022__p53-Dependent G1 DNA Damage Response R-HSA-69563,0.8715488228123521,1.2475485219383624,0.001,0.15513149776134752,1.0,38/65,7.98%,UBC;UBB;PSMB6;RPS27A;PSMA7;PSMD8;PSMB5;UBA52;PSMB1;PSMA1;PSMA6;PSMA2;PSMC5;PSME1;PSMD9;PSMB4;PSME2;PSMA4;PSMA5;PSMB2;PSMB3;PSMB7;SEM1;PSMD14;PSMD13;PSMC1;PSMC4;PSMD2;PSMC2;PSMF1;PSMD11;PSMD6;CDKN1B;PSMC3;PSMA3;PSMC6;PSMD7;PSMD4,C-TAL
prerank,Reactome_2022__GSK3B And BTRC:CUL1-mediated-degradation Of NFE2L2 R-HSA-9762114,0.878181232327793,1.2470865539579905,0.0010559662090813093,0.15554362016909312,1.0,39/51,7.98%,UBC;UBB;PSMB6;RPS27A;RBX1;PSMA7;PSMD8;PSMB5;UBA52;PSMB1;SKP1;PSMA1;PSMA6;PSMA2;PSMC5;PSME1;PSMD9;PSMB4;PSME2;PSMA4;PSMA5;PSMB2;PSMB3;PSMB7;SEM1;PSMD14;PSMD13;PSMC1;PSMC4;PSMD2;PSMC2;PSMF1;PSMD11;PSMD6;PSMC3;PSMA3;PSMC6;PSMD7;PSMD4,C-TAL
prerank,Reactome_2022__SCF-beta-TrCP Mediated Degradation Of Emi1 R-HSA-174113,0.8752836741762872,1.2462286930771798,0.0020964360587002098,0.15806231311602498,1.0,38/54,7.98%,UBC;UBB;PSMB6;RPS27A;PSMA7;PSMD8;PSMB5;UBA52;PSMB1;SKP1;PSMA1;PSMA6;PSMA2;PSMC5;PSME1;PSMD9;PSMB4;PSME2;PSMA4;PSMA5;PSMB2;PSMB3;PSMB7;SEM1;PSMD14;PSMD13;PSMC1;PSMC4;PSMD2;PSMC2;PSMF1;PSMD11;PSMD6;PSMC3;PSMA3;PSMC6;PSMD7;PSMD4,C-TAL
prerank,Reactome_2022__FGFRL1 Modulation Of FGFR1 Signaling R-HSA-5658623,-0.7722686633460936,-1.2461574225132799,0.2283464566929134,0.7946723866482106,1.0,2/13,4.01%,FGF13;SPRED1,C-TAL
prerank,Reactome_2022__GLI3 Is Processed To GLI3R By Proteasome R-HSA-5610785,0.8717101926627422,1.2454117051963682,0.001,0.1607577660041962,1.0,39/59,7.98%,UBC;UBB;PSMB6;RPS27A;RBX1;PSMA7;PSMD8;PSMB5;UBA52;PSMB1;SKP1;PSMA1;PSMA6;PSMA2;PSMC5;PSME1;PSMD9;PSMB4;PSME2;PSMA4;PSMA5;PSMB2;PSMB3;PSMB7;SEM1;PSMD14;PSMD13;PSMC1;PSMC4;PSMD2;PSMC2;PSMF1;PSMD11;PSMD6;PSMC3;PSMA3;PSMC6;PSMD7;PSMD4,C-TAL
prerank,Reactome_2022__Stabilization Of P53 R-HSA-69541,0.8742690155053598,1.2452252215383401,0.0020898641588296763,0.15955514006383362,1.0,37/56,7.98%,UBC;UBB;PSMB6;RPS27A;PSMA7;PSMD8;PSMB5;UBA52;PSMB1;PSMA1;PSMA6;PSMA2;PSMC5;PSME1;PSMD9;PSMB4;PSME2;PSMA4;PSMA5;PSMB2;PSMB3;PSMB7;SEM1;PSMD14;PSMD13;PSMC1;PSMC4;PSMD2;PSMC2;PSMF1;PSMD11;PSMD6;PSMC3;PSMA3;PSMC6;PSMD7;PSMD4,C-TAL
prerank,Reactome_2022__Degradation Of GLI2 By Proteasome R-HSA-5610783,0.8717808332762644,1.2446030091824305,0.001,0.16082985713758352,1.0,39/59,7.98%,UBC;UBB;PSMB6;RPS27A;RBX1;PSMA7;PSMD8;PSMB5;UBA52;PSMB1;SKP1;PSMA1;PSMA6;PSMA2;PSMC5;PSME1;PSMD9;PSMB4;PSME2;PSMA4;PSMA5;PSMB2;PSMB3;PSMB7;SEM1;PSMD14;PSMD13;PSMC1;PSMC4;PSMD2;PSMC2;PSMF1;PSMD11;PSMD6;PSMC3;PSMA3;PSMC6;PSMD7;PSMD4,C-TAL
prerank,Reactome_2022__Gap Junction Trafficking And Regulation R-HSA-157858,0.9078884260517127,1.2435892513507432,0.004268943436499467,0.16436609538538657,1.0,6/27,3.73%,AP2M1;CLTC;CLTB;CLTA;DAB2;DNM2,C-TAL
prerank,Reactome_2022__Autodegradation Of E3 Ubiquitin Ligase COP1 R-HSA-349425,0.8768292337208174,1.2429539133682372,0.0021008403361344537,0.1659335533232687,1.0,37/51,7.98%,UBC;UBB;PSMB6;RPS27A;PSMA7;PSMD8;PSMB5;UBA52;PSMB1;PSMA1;PSMA6;PSMA2;PSMC5;PSME1;PSMD9;PSMB4;PSME2;PSMA4;PSMA5;PSMB2;PSMB3;PSMB7;SEM1;PSMD14;PSMD13;PSMC1;PSMC4;PSMD2;PSMC2;PSMF1;PSMD11;PSMD6;PSMC3;PSMA3;PSMC6;PSMD7;PSMD4,C-TAL
prerank,Reactome_2022__Dectin-1 Mediated Noncanonical NF-kB Signaling R-HSA-5607761,0.868302554585592,1.2429260938738143,0.003105590062111801,0.16398509755591967,1.0,46/61,11.44%,UBC;UBB;PSMB6;RPS27A;PSMA7;PSMD8;PSMB5;UBA52;PSMB1;SKP1;PSMA1;PSMA6;PSMA2;PSMC5;PSME1;PSMD9;UBE2M;PSMB4;PSME2;PSMA4;PSMA5;PSMB2;PSMB3;PSMB7;SEM1;PSMD14;PSMD13;PSMC1;PSMC4;PSMD2;PSMC2;PSMF1;PSMD11;PSMD6;PSMC3;PSMA3;PSMC6;PSMD7;PSMD4;PSMD12;PSMD3;PSMB8;UBA3;RELA;PSME3;PSMD10,C-TAL
prerank,Reactome_2022__Degradation Of DVL R-HSA-4641258,0.877431973908284,1.2426807656369774,0.001053740779768177,0.16328455055090324,1.0,39/55,7.98%,UBC;UBB;PSMB6;RPS27A;RBX1;PSMA7;PSMD8;PSMB5;UBA52;PSMB1;PSMA1;PSMA6;PSMA2;PSMC5;DVL3;PSME1;PSMD9;PSMB4;PSME2;PSMA4;PSMA5;PSMB2;PSMB3;PSMB7;SEM1;PSMD14;PSMD13;PSMC1;PSMC4;PSMD2;PSMC2;PSMF1;PSMD11;PSMD6;PSMC3;PSMA3;PSMC6;PSMD7;PSMD4,C-TAL
prerank,Reactome_2022__Hedgehog On State R-HSA-5632684,0.8566021510538208,1.2426535186090872,0.001,0.16134316512237437,1.0,41/85,8.05%,UBC;UBB;PSMB6;RPS27A;RBX1;PSMA7;PSMD8;PSMB5;UBA52;PSMB1;PSMA1;PSMA6;PSMA2;PSMC5;PSME1;PSMD9;PSMB4;PSME2;PSMA4;PSMA5;PSMB2;PSMB3;PSMB7;SEM1;PSMD14;PSMD13;ULK3;GRK2;PSMC1;PSMC4;PSMD2;PSMC2;PSMF1;PSMD11;PSMD6;PSMC3;PSMA3;PSMC6;PSMD7;PSMD4;KIF3A,C-TAL
prerank,Reactome_2022__Regulation Of RAS By GAPs R-HSA-5658442,0.8686520071032037,1.2424416754587357,0.002081165452653486,0.16045873478779826,1.0,40/65,7.98%,UBC;UBB;PSMB6;RPS27A;RBX1;PSMA7;PSMD8;PSMB5;UBA52;PSMB1;PSMA1;PSMA6;PSMA2;PSMC5;PSME1;PSMD9;PSMB4;PSME2;PSMA4;PSMA5;PSMB2;PSMB3;PSMB7;SEM1;PSMD14;PSMD13;HRAS;PSMC1;PSMC4;PSMD2;PSMC2;PSMF1;PSMD11;PSMD6;PSMC3;PSMA3;PSMC6;PSMD7;DAB2IP;PSMD4,C-TAL
prerank,Reactome_2022__NIK To Noncanonical NF-kB Signaling R-HSA-5676590,0.8709608244076361,1.242316230071384,0.003131524008350731,0.15918260404502232,1.0,43/58,10.19%,UBC;UBB;PSMB6;RPS27A;PSMA7;PSMD8;PSMB5;UBA52;PSMB1;SKP1;PSMA1;PSMA6;PSMA2;PSMC5;PSME1;PSMD9;UBE2M;PSMB4;PSME2;PSMA4;PSMA5;PSMB2;PSMB3;PSMB7;SEM1;PSMD14;PSMD13;PSMC1;PSMC4;PSMD2;PSMC2;PSMF1;PSMD11;PSMD6;PSMC3;PSMA3;PSMC6;PSMD7;PSMD4;PSMD12;PSMD3;PSMB8;UBA3,C-TAL
prerank,Reactome_2022__Degradation Of GLI1 By Proteasome R-HSA-5610780,0.8730041380532898,1.2421032128219927,0.001,0.1584656022295094,1.0,39/59,7.98%,UBC;UBB;PSMB6;RPS27A;RBX1;PSMA7;PSMD8;PSMB5;UBA52;PSMB1;SKP1;PSMA1;PSMA6;PSMA2;PSMC5;PSME1;PSMD9;PSMB4;PSME2;PSMA4;PSMA5;PSMB2;PSMB3;PSMB7;SEM1;PSMD14;PSMD13;PSMC1;PSMC4;PSMD2;PSMC2;PSMF1;PSMD11;PSMD6;PSMC3;PSMA3;PSMC6;PSMD7;PSMD4,C-TAL
prerank,"Reactome_2022__TICAM1,TRAF6-dependent Induction Of TAK1 Complex R-HSA-9014325",0.9487658257596487,1.2408303249811272,0.030371203599550055,0.16310521402994363,1.0,4/11,1.21%,UBC;UBB;RPS27A;UBA52,C-TAL
prerank,Reactome_2022__IRAK2 Mediated Activation Of TAK1 Complex R-HSA-937042,0.9564382459783178,1.2407623562255012,0.03416856492027335,0.16160846707910526,1.0,4/10,1.21%,UBC;UBB;RPS27A;UBA52,C-TAL
prerank,Reactome_2022__Regulation Of mRNA Stability By Proteins That Bind AU-rich Elements R-HSA-450531,0.8529987340047099,1.240033677356198,0.001,0.16346118350622024,1.0,57/88,9.60%,UBC;UBB;PSMB6;RPS27A;SET;PSMA7;PSMD8;PSMB5;UBA52;YWHAB;PSMB1;PSMA1;PSMA6;PSMA2;PSMC5;PSME1;PSMD9;PSMB4;EIF4G1;PSME2;HSPA1A;PSMA4;PSMA5;PSMB2;HSPA8;PSMB3;HSPB1;PSMB7;SEM1;PSMD14;PSMD13;EXOSC4;AKT1;PSMC1;PSMC4;PSMD2;PSMC2;PSMF1;TNFSF13;PSMD11;PSMD6;ELAVL1;PSMC3;PSMA3;ZFP36;MAPKAPK2;KHSRP;PABPC1;PSMC6;PSMD7;EXOSC7;PSMD4;EXOSC8;PSMD12;DCP2;PSMD3;EXOSC6,C-TAL
prerank,Reactome_2022__APC/C-mediated Degradation Of Cell Cycle Proteins R-HSA-174143,0.854759682230852,1.2399611483646433,0.002061855670103093,0.161948926972521,1.0,47/87,8.86%,UBC;UBB;PSMB6;RPS27A;PSMA7;PSMD8;PSMB5;UBA52;ANAPC11;PSMB1;SKP1;PSMA1;PSMA6;PSMA2;PSMC5;PSME1;PSMD9;PSMB4;PSME2;ANAPC5;PSMA4;PSMA5;PSMB2;ANAPC15;PSMB3;PSMB7;SEM1;PSMD14;PSMD13;PSMC1;CDC26;PSMC4;ANAPC16;PSMD2;PSMC2;PSMF1;PSMD11;PSMD6;PSMC3;PSMA3;PSMC6;PSMD7;BUB3;PSMD4;RB1;CDC23;PSMD12,C-TAL
prerank,Reactome_2022__ABC-family Proteins Mediated Transport R-HSA-382556,0.8541517284916776,1.2393844916380703,0.0010214504596527069,0.16331394158648765,1.0,56/102,10.17%,UBC;UBB;PSMB6;RPS27A;PSMA7;PSMD8;PSMB5;UBA52;PSMB1;PSMA1;PSMA6;RNF5;PSMA2;PSMC5;PSME1;PSMD9;PSMB4;VCP;OS9;PSME2;PSMA4;PSMA5;EIF2S2;PSMB2;PSMB3;ERLIN2;PSMB7;DERL2;SEM1;PSMD14;PSMD13;EIF2S1;ERLEC1;PSMC1;SEL1L;PSMC4;PSMD2;PSMC2;PSMF1;PEX19;PSMD11;PSMD6;PSMC3;PSMA3;PSMC6;PSMD7;ABCF1;ABCG1;PSMD4;ABCC5;PSMD12;DERL1;EIF2S3;PSMD3;ABCA4;PSMB8,C-TAL
prerank,Reactome_2022__Cellular Response To Chemical Stress R-HSA-9711123,0.8386139209857674,1.2393204644537374,0.001,0.1618933179477884,1.0,101/181,10.23%,UBC;PRDX1;COX5B;UBB;COX14;TXNIP;SOD3;COX6A1;COX5A;GSTP1;PSMB6;COX6B1;PRDX2;RPS27A;CYCS;RBX1;SURF1;PSMA7;ATOX1;COX8A;PSMD8;COX7B;PRDX5;PSMB5;COX7C;COX6C;COX4I1;SOD1;UBA52;GPX3;PSMB1;SQSTM1;SKP1;PSMA1;PSMA6;PSMA2;PSMC5;PSME1;PSMD9;COX20;COX16;PSMB4;VCP;CSNK2B;PSME2;TALDO1;PSMA4;PSMA5;TXN2;PSMB2;MAP1LC3B;BLVRB;PSMB3;COX7A2L;PSMB7;HM13;P4HB;AKT2;MUL1;SEM1;PSMD14;PSMD13;AKT1;PSMC1;PSMC4;PSMD2;PSMC2;LRPPRC;PSMF1;ATF4;MBD4;PSMD11;PSMD6;TXNRD2;CYBA;PSMC3;PSMA3;NCOR2;HMOX2;UBL4A;PSMC6;PSMD7;IDH1;SCO1;PSMD4;NCOR1;KEAP1;UFD1;PSMD12;MAFK;CARM1;HDAC3;GSR;PSMD3;CCS;STAT3;NPLOC4;PRDX3;PSMB8;RXRA;PPARA,C-TAL
prerank,"Reactome_2022__Synthesis, Secretion, And Deacylation Of Ghrelin R-HSA-422085",0.9218593274948439,1.2388596074007951,0.018973214285714284,0.16265273727343202,1.0,4/19,2.34%,SPCS1;SEC11A;SEC11C;SPCS3,C-TAL
prerank,Reactome_2022__Switching Of Origins To A Post-Replicative State R-HSA-69052,0.8492620344240044,1.238066948526972,0.001,0.16543270675944455,1.0,49/90,9.57%,UBC;UBB;PSMB6;RPS27A;RBX1;PSMA7;PSMD8;PSMB5;UBA52;ANAPC11;PSMB1;SKP1;PSMA1;PSMA6;PSMA2;PSMC5;PSME1;PSMD9;PSMB4;PSME2;ANAPC5;PSMA4;PSMA5;PSMB2;MCM3;ANAPC15;PSMB3;PSMB7;SEM1;PSMD14;PSMD13;PSMC1;CDC26;PSMC4;ANAPC16;PSMD2;PSMC2;PSMF1;PSMD11;PSMD6;PSMC3;PSMA3;PSMC6;PSMD7;PSMD4;CDC23;PSMD12;MCM7;PSMD3,C-TAL
prerank,Reactome_2022__APC/C:Cdh1 Mediated Degradation Of Cdc20 And APC/C:Cdh1 Targets In Late Mitosis/Early G1 R-HSA-174178,0.8607783532128895,1.2380645823416025,0.0010449320794148381,0.163645359017859,1.0,45/73,8.86%,UBC;UBB;PSMB6;RPS27A;PSMA7;PSMD8;PSMB5;UBA52;ANAPC11;PSMB1;PSMA1;PSMA6;PSMA2;PSMC5;PSME1;PSMD9;PSMB4;PSME2;ANAPC5;PSMA4;PSMA5;PSMB2;ANAPC15;PSMB3;PSMB7;SEM1;PSMD14;PSMD13;PSMC1;CDC26;PSMC4;ANAPC16;PSMD2;PSMC2;PSMF1;PSMD11;PSMD6;PSMC3;PSMA3;PSMC6;PSMD7;PSMD4;RB1;CDC23;PSMD12,C-TAL
prerank,Reactome_2022__Activation Of APC/C And APC/C:Cdc20 Mediated Degradation Of Mitotic Proteins R-HSA-176814,0.8617257426326626,1.2379267525405215,0.0031380753138075313,0.16263594674186282,1.0,45/76,8.86%,UBC;UBB;PSMB6;RPS27A;PSMA7;PSMD8;PSMB5;UBA52;ANAPC11;PSMB1;PSMA1;PSMA6;PSMA2;PSMC5;PSME1;PSMD9;PSMB4;PSME2;ANAPC5;PSMA4;PSMA5;PSMB2;ANAPC15;PSMB3;PSMB7;SEM1;PSMD14;PSMD13;PSMC1;CDC26;PSMC4;ANAPC16;PSMD2;PSMC2;PSMF1;PSMD11;PSMD6;PSMC3;PSMA3;PSMC6;PSMD7;BUB3;PSMD4;CDC23;PSMD12,C-TAL
prerank,Reactome_2022__APC/C:Cdc20 Mediated Degradation Of Mitotic Proteins R-HSA-176409,0.8618208388568955,1.2363767107157613,0.0031380753138075313,0.16886889001816707,1.0,45/75,8.86%,UBC;UBB;PSMB6;RPS27A;PSMA7;PSMD8;PSMB5;UBA52;ANAPC11;PSMB1;PSMA1;PSMA6;PSMA2;PSMC5;PSME1;PSMD9;PSMB4;PSME2;ANAPC5;PSMA4;PSMA5;PSMB2;ANAPC15;PSMB3;PSMB7;SEM1;PSMD14;PSMD13;PSMC1;CDC26;PSMC4;ANAPC16;PSMD2;PSMC2;PSMF1;PSMD11;PSMD6;PSMC3;PSMA3;PSMC6;PSMD7;BUB3;PSMD4;CDC23;PSMD12,C-TAL
prerank,Reactome_2022__Removal Of Aminoterminal Propeptides From Gamma-Carboxylated Proteins R-HSA-159782,0.953923219728334,1.2363728993143037,0.025821596244131457,0.16710181448675032,1.0,2/10,2.36%,GAS6;FURIN,C-TAL
prerank,Reactome_2022__APC:Cdc20 Mediated Degradation Of Cell Cycle Proteins Before Cycle Checkpoint Satisfied R-HSA-179419,0.8632059018565897,1.2361336833573169,0.003131524008350731,0.16652400420835026,1.0,45/73,8.86%,UBC;UBB;PSMB6;RPS27A;PSMA7;PSMD8;PSMB5;UBA52;ANAPC11;PSMB1;PSMA1;PSMA6;PSMA2;PSMC5;PSME1;PSMD9;PSMB4;PSME2;ANAPC5;PSMA4;PSMA5;PSMB2;ANAPC15;PSMB3;PSMB7;SEM1;PSMD14;PSMD13;PSMC1;CDC26;PSMC4;ANAPC16;PSMD2;PSMC2;PSMF1;PSMD11;PSMD6;PSMC3;PSMA3;PSMC6;PSMD7;BUB3;PSMD4;CDC23;PSMD12,C-TAL
prerank,Reactome_2022__Oxygen-dependent Proline Hydroxylation Of Hypoxia-inducible Factor Alpha R-HSA-1234176,0.8679620054536896,1.2360617510286482,0.001,0.16518745197674103,1.0,43/64,7.98%,UBC;UBB;PSMB6;ELOB;RPS27A;RBX1;PSMA7;PSMD8;PSMB5;UBA52;PSMB1;PSMA1;PSMA6;PSMA2;ELOC;PSMC5;PSME1;PSMD9;PSMB4;PSME2;PSMA4;PSMA5;PSMB2;PSMB3;UBE2D2;PSMB7;HIF1A;UBE2D3;SEM1;PSMD14;PSMD13;PSMC1;PSMC4;PSMD2;PSMC2;PSMF1;PSMD11;PSMD6;PSMC3;PSMA3;PSMC6;PSMD7;PSMD4,C-TAL
prerank,Reactome_2022__APC/C:Cdc20 Mediated Degradation Of Securin R-HSA-174154,0.8633768523883515,1.2360134296693948,0.002098635886673662,0.16379681186956677,1.0,44/67,8.86%,UBC;UBB;PSMB6;RPS27A;PSMA7;PSMD8;PSMB5;UBA52;ANAPC11;PSMB1;PSMA1;PSMA6;PSMA2;PSMC5;PSME1;PSMD9;PSMB4;PSME2;ANAPC5;PSMA4;PSMA5;PSMB2;ANAPC15;PSMB3;PSMB7;SEM1;PSMD14;PSMD13;PSMC1;CDC26;PSMC4;ANAPC16;PSMD2;PSMC2;PSMF1;PSMD11;PSMD6;PSMC3;PSMA3;PSMC6;PSMD7;PSMD4;CDC23;PSMD12,C-TAL
prerank,Reactome_2022__Metabolism Of Angiotensinogen To Angiotensins R-HSA-2022377,0.9157317703654537,1.2359132851704806,0.028477546549835708,0.16262555414978908,1.0,3/18,3.63%,ATP6AP2;CTSD;CTSZ,C-TAL
prerank,Reactome_2022__Cross-presentation Of Soluble Exogenous Antigens (Endosomes) R-HSA-1236978,0.873280561113175,1.2357772356156744,0.0031779661016949155,0.16185647310716525,1.0,38/48,11.44%,PSMB6;PSMA7;PSMD8;PSMB5;PSMB1;PSMA1;PSMA6;PSMA2;PSMC5;PSME1;PSMD9;PSMB4;PSME2;PSMA4;PSMA5;PSMB2;PSMB3;PSMB7;SEM1;PSMD14;PSMD13;PSMC1;PSMC4;PSMD2;PSMC2;PSMF1;PSMD11;PSMD6;PSMC3;PSMA3;PSMC6;PSMD7;PSMD4;PSMD12;PSMD3;PSMB8;PSME3;PSMD10,C-TAL
prerank,Reactome_2022__Interaction With Cumulus Cells And Zona Pellucida R-HSA-2534343,0.9428777803815018,1.2355259802385123,0.03352601156069364,0.1615960444285412,1.0,1/10,1.61%,B4GALT1,C-TAL
prerank,Reactome_2022__Regulation Of RUNX3 Expression And Activity R-HSA-8941858,0.8705574199078108,1.2354012194424062,0.002103049421661409,0.1607544195277875,1.0,37/54,7.98%,UBC;UBB;PSMB6;RPS27A;PSMA7;PSMD8;PSMB5;UBA52;PSMB1;PSMA1;PSMA6;PSMA2;PSMC5;PSME1;PSMD9;PSMB4;PSME2;PSMA4;PSMA5;PSMB2;PSMB3;PSMB7;SEM1;PSMD14;PSMD13;PSMC1;PSMC4;PSMD2;PSMC2;PSMF1;PSMD11;PSMD6;PSMC3;PSMA3;PSMC6;PSMD7;PSMD4,C-TAL
prerank,Reactome_2022__Synthesis Of DNA R-HSA-69239,0.8407231718043087,1.234996254288538,0.001,0.16118712607524924,1.0,55/119,9.57%,UBC;UBB;PSMB6;RPS27A;RBX1;PSMA7;PSMD8;PSMB5;UBA52;ANAPC11;PSMB1;SKP1;PSMA1;PSMA6;PSMA2;PSMC5;PSME1;PSMD9;PSMB4;PSME2;ANAPC5;PSMA4;PSMA5;PSMB2;MCM3;RPA3;ANAPC15;PSMB3;PSMB7;SEM1;PSMD14;PSMD13;POLD2;PSMC1;CDC26;PSMC4;ANAPC16;PSMD2;POLE4;PSMC2;PSMF1;POLD4;PSMD11;PSMD6;PSMC3;PSMA3;PCNA;PSMC6;PSMD7;POLE3;PSMD4;CDC23;PSMD12;MCM7;PSMD3,C-TAL
prerank,Reactome_2022__Cdc20:Phospho-APC/C Mediated Degradation Of Cyclin A R-HSA-174184,0.8632082993121329,1.2348090509465939,0.0031380753138075313,0.16048062369908875,1.0,45/72,8.86%,UBC;UBB;PSMB6;RPS27A;PSMA7;PSMD8;PSMB5;UBA52;ANAPC11;PSMB1;PSMA1;PSMA6;PSMA2;PSMC5;PSME1;PSMD9;PSMB4;PSME2;ANAPC5;PSMA4;PSMA5;PSMB2;ANAPC15;PSMB3;PSMB7;SEM1;PSMD14;PSMD13;PSMC1;CDC26;PSMC4;ANAPC16;PSMD2;PSMC2;PSMF1;PSMD11;PSMD6;PSMC3;PSMA3;PSMC6;PSMD7;BUB3;PSMD4;CDC23;PSMD12,C-TAL
prerank,Reactome_2022__Metabolism Of Polyamines R-HSA-351202,0.8699294805932235,1.2337307403115436,0.004246284501061571,0.1646477484271423,1.0,40/58,10.17%,OAZ1;PSMB6;PSMA7;PSMD8;PSMB5;PSMB1;PSMA1;PSMA6;PSMA2;PSMC5;PSME1;PSMD9;PSMB4;PSME2;PSMA4;PSMA5;PSMB2;PSMB3;PSMB7;OAZ2;SEM1;PSMD14;PSMD13;PSMC1;PSMC4;PSMD2;PSMC2;PSMF1;PSMD11;PSMD6;PSMC3;PSMA3;PSMC6;PSMD7;AZIN1;PSMD4;SLC38A1;PSMD12;PSMD3;PSMB8,C-TAL
prerank,Reactome_2022__Regulation Of APC/C Activators Between G1/S And Early Anaphase R-HSA-176408,0.8558960862965874,1.2333557881299353,0.003115264797507788,0.16491864343739052,1.0,46/80,8.86%,UBC;UBB;PSMB6;RPS27A;PSMA7;PSMD8;PSMB5;UBA52;ANAPC11;PSMB1;SKP1;PSMA1;PSMA6;PSMA2;PSMC5;PSME1;PSMD9;PSMB4;PSME2;ANAPC5;PSMA4;PSMA5;PSMB2;ANAPC15;PSMB3;PSMB7;SEM1;PSMD14;PSMD13;PSMC1;CDC26;PSMC4;ANAPC16;PSMD2;PSMC2;PSMF1;PSMD11;PSMD6;PSMC3;PSMA3;PSMC6;PSMD7;BUB3;PSMD4;CDC23;PSMD12,C-TAL
prerank,Reactome_2022__Cellular Response To Hypoxia R-HSA-1234174,0.8621429722890985,1.2332962694644185,0.001,0.16373132109008623,1.0,51/73,10.17%,UBC;UBB;PSMB6;ELOB;RPS27A;RBX1;PSMA7;PSMD8;HIGD1A;PSMB5;UBA52;PSMB1;PSMA1;PSMA6;PSMA2;ELOC;PSMC5;PSME1;PSMD9;PSMB4;PSME2;PSMA4;PSMA5;PSMB2;PSMB3;CITED2;UBE2D2;PSMB7;HIF1A;UBE2D3;SEM1;PSMD14;PSMD13;PSMC1;PSMC4;PSMD2;PSMC2;PSMF1;PSMD11;PSMD6;PSMC3;PSMA3;VEGFA;PSMC6;PSMD7;PSMD4;PSMD12;MIA3;PSMD3;EGLN1;PSMB8,C-TAL
prerank,Reactome_2022__Regulation Of Ornithine Decarboxylase (ODC) R-HSA-350562,0.8741192798113256,1.2331247248048114,0.0021253985122210413,0.16314740300490974,1.0,41/50,11.44%,OAZ1;PSMB6;PSMA7;PSMD8;PSMB5;PSMB1;PSMA1;PSMA6;PSMA2;PSMC5;PSME1;PSMD9;PSMB4;PSME2;PSMA4;PSMA5;PSMB2;PSMB3;PSMB7;OAZ2;SEM1;PSMD14;PSMD13;PSMC1;PSMC4;PSMD2;PSMC2;PSMF1;PSMD11;PSMD6;PSMC3;PSMA3;PSMC6;PSMD7;AZIN1;PSMD4;PSMD12;PSMD3;PSMB8;PSME3;PSMD10,C-TAL
prerank,Reactome_2022__Degradation Of Beta-Catenin By Destruction Complex R-HSA-195253,0.8481377895508933,1.232745608655565,0.002053388090349076,0.16349776018635143,1.0,51/84,10.17%,UBC;UBB;PSMB6;RPS27A;RBX1;PSMA7;PSMD8;PSMB5;UBA52;PSMB1;SKP1;PSMA1;PSMA6;PSMA2;PSMC5;PSME1;PSMD9;PSMB4;PSME2;PSMA4;PSMA5;PSMB2;PPP2R1A;TLE5;PSMB3;HDAC1;PSMB7;TLE4;SEM1;PSMD14;PSMD13;PPP2CB;PSMC1;PSMC4;PSMD2;PSMC2;PSMF1;PSMD11;PSMD6;PSMC3;PSMA3;PPP2CA;PSMC6;PSMD7;PSMD4;PPP2R5C;CTBP1;PSMD12;PSMD3;TLE3;PSMB8,C-TAL
prerank,Reactome_2022__Nuclear Events Mediated By NFE2L2 R-HSA-9759194,0.8497320077145422,1.2326387374401508,0.0020491803278688526,0.1625822625084318,1.0,49/78,9.57%,UBC;PRDX1;UBB;PSMB6;RPS27A;RBX1;PSMA7;PSMD8;PSMB5;UBA52;PSMB1;SQSTM1;SKP1;PSMA1;PSMA6;PSMA2;PSMC5;PSME1;PSMD9;PSMB4;PSME2;TALDO1;PSMA4;PSMA5;PSMB2;PSMB3;PSMB7;SEM1;PSMD14;PSMD13;PSMC1;PSMC4;PSMD2;PSMC2;PSMF1;ATF4;PSMD11;PSMD6;PSMC3;PSMA3;UBL4A;PSMC6;PSMD7;IDH1;PSMD4;PSMD12;MAFK;GSR;PSMD3,C-TAL
prerank,Reactome_2022__CDK-mediated Phosphorylation And Removal Of Cdc6 R-HSA-69017,0.8603866006907251,1.2318022866085476,0.0010438413361169101,0.165589303726555,1.0,44/72,8.86%,UBC;UBB;PSMB6;RPS27A;PSMA7;PSMD8;PSMB5;UBA52;ANAPC11;PSMB1;PSMA1;PSMA6;PSMA2;PSMC5;PSME1;PSMD9;PSMB4;PSME2;ANAPC5;PSMA4;PSMA5;PSMB2;ANAPC15;PSMB3;PSMB7;SEM1;PSMD14;PSMD13;PSMC1;CDC26;PSMC4;ANAPC16;PSMD2;PSMC2;PSMF1;PSMD11;PSMD6;PSMC3;PSMA3;PSMC6;PSMD7;PSMD4;CDC23;PSMD12,C-TAL
prerank,Reactome_2022__Na+/Cl- Dependent Neurotransmitter Transporters R-HSA-442660,0.9113424492853509,1.2307915760249197,0.029443838604143947,0.1697084478148748,1.0,2/19,2.31%,SLC6A12;SLC22A2,C-TAL
prerank,Reactome_2022__DNA Replication R-HSA-69306,0.837917173296425,1.2307312663737433,0.001,0.16852414051747486,1.0,58/126,10.17%,UBC;UBB;PSMB6;RPS27A;RBX1;PSMA7;PSMD8;PSMB5;UBA52;ANAPC11;PSMB1;SKP1;PSMA1;PSMA6;PSMA2;PSMC5;PSME1;PSMD9;PSMB4;PSME2;KPNB1;ANAPC5;PSMA4;PSMA5;PSMB2;MCM3;RPA3;ANAPC15;PSMB3;PSMB7;SEM1;PSMD14;PSMD13;POLD2;PSMC1;CDC26;PSMC4;ANAPC16;PSMD2;POLE4;PSMC2;PSMF1;POLD4;PSMD11;PSMD6;PSMC3;PSMA3;PCNA;PSMC6;PSMD7;POLE3;PSMD4;CDC23;PSMD12;MCM7;PSMD3;KPNA6;PSMB8,C-TAL
prerank,Reactome_2022__Endosomal/Vacuolar Pathway R-HSA-1236977,0.9343771660199379,1.2306624160569972,0.04805491990846682,0.16736935365102557,1.0,7/11,6.30%,B2M;HLA-B;HLA-C;HLA-A;CTSL;HLA-E;LNPEP,C-TAL
prerank,Reactome_2022__Regulation Of PTEN Stability And Activity R-HSA-8948751,0.8575699904717701,1.2301566503110797,0.0010449320794148381,0.1685487611689006,1.0,50/67,11.44%,UBC;UBB;PSMB6;RPS27A;PSMA7;PSMD8;PSMB5;UBA52;STUB1;PSMB1;PSMA1;PSMA6;PSMA2;PSMC5;PSME1;PSMD9;PSMB4;CSNK2B;PSME2;PSMA4;PSMA5;PSMB2;PSMB3;MKRN1;PSMB7;AKT2;SEM1;PSMD14;PSMD13;AKT1;PSMC1;PSMC4;PSMD2;PSMC2;PSMF1;PSMD11;PSMD6;PSMC3;PSMA3;PSMC6;PSMD7;PSMD4;PSMD12;PSMD3;PSMB8;RNF146;TRIM27;PSME3;XIAP;PSMD10,C-TAL
prerank,Reactome_2022__Autodegradation Of Cdh1 By Cdh1:APC/C R-HSA-174084,0.8627617264735626,1.2298782273818274,0.001053740779768177,0.16838460960741158,1.0,44/63,8.86%,UBC;UBB;PSMB6;RPS27A;PSMA7;PSMD8;PSMB5;UBA52;ANAPC11;PSMB1;PSMA1;PSMA6;PSMA2;PSMC5;PSME1;PSMD9;PSMB4;PSME2;ANAPC5;PSMA4;PSMA5;PSMB2;ANAPC15;PSMB3;PSMB7;SEM1;PSMD14;PSMD13;PSMC1;CDC26;PSMC4;ANAPC16;PSMD2;PSMC2;PSMF1;PSMD11;PSMD6;PSMC3;PSMA3;PSMC6;PSMD7;PSMD4;CDC23;PSMD12,C-TAL
prerank,Reactome_2022__SARS-CoV-2-host Interactions R-HSA-9705683,0.8292774928352191,1.2295761718529206,0.001,0.16855550223337887,1.0,81/193,10.88%,RPS9;RPS16;RPSA;RPS14;RPS2;RPS21;RPS12;RPS4Y1;FAU;RPS6;RPS23;B2M;RPS15A;RPS19;RPS13;RPS27A;RPS11;RPS25;RPS7;HLA-B;RPS3A;RPS5;RPS27;RPS15;RPS3;HLA-C;TUFM;RPS29;REXO2;SNRPG;SNRPE;RPS8;RPS10;RPS27L;YWHAB;HLA-A;RPS4X;SNRPD2;SNRPB;RPS28;RPS20;RPS17;SNRPF;RPS24;SAR1B;CNBP;YWHAQ;SNRPD3;IFNAR1;MAP1LC3B;HLA-E;UBE2V1;AKT2;TPR;YWHAG;HSP90AA1;RANBP2;LARP1;AKT1;BECN1;HSP90AB1;UBE2N;YWHAE;CRB3;PTPN11;G3BP2;PDPK1;SIKE1;VPS41;YWHAH;TKFC;IL17RC;GEMIN6;SEC13;MAVS;STAT1;G3BP1;IRAK1;NUP160;NUP50;TRIM25,C-TAL
prerank,Reactome_2022__Assembly Of Pre-Replicative Complex R-HSA-68867,0.8485446982877651,1.229161070106857,0.00102880658436214,0.1693738968409843,1.0,54/81,11.82%,UBC;UBB;PSMB6;RPS27A;PSMA7;PSMD8;PSMB5;UBA52;ANAPC11;PSMB1;PSMA1;PSMA6;PSMA2;PSMC5;PSME1;PSMD9;PSMB4;PSME2;KPNB1;ANAPC5;PSMA4;PSMA5;PSMB2;MCM3;ANAPC15;PSMB3;PSMB7;SEM1;PSMD14;PSMD13;PSMC1;CDC26;PSMC4;ANAPC16;PSMD2;PSMC2;PSMF1;PSMD11;PSMD6;PSMC3;PSMA3;PSMC6;PSMD7;PSMD4;CDC23;PSMD12;MCM7;PSMD3;KPNA6;PSMB8;CDC16;PSME3;PSMD10;GMNN,C-TAL
prerank,Reactome_2022__DNA Replication Pre-Initiation R-HSA-69002,0.8424345432958451,1.2288451759258618,0.0010214504596527069,0.16955873124102902,1.0,56/98,11.44%,UBC;UBB;PSMB6;RPS27A;PSMA7;PSMD8;PSMB5;UBA52;ANAPC11;PSMB1;PSMA1;PSMA6;PSMA2;PSMC5;PSME1;PSMD9;PSMB4;PSME2;KPNB1;ANAPC5;PSMA4;PSMA5;PSMB2;MCM3;RPA3;ANAPC15;PSMB3;PSMB7;SEM1;PSMD14;PSMD13;PSMC1;CDC26;PSMC4;ANAPC16;PSMD2;POLE4;PSMC2;PSMF1;PSMD11;PSMD6;PSMC3;PSMA3;PSMC6;PSMD7;POLE3;PSMD4;CDC23;PSMD12;MCM7;PSMD3;KPNA6;PSMB8;CDC16;PSME3;PSMD10,C-TAL
prerank,Reactome_2022__Downstream Signaling Events Of B Cell Receptor (BCR) R-HSA-1168372,0.8503321920634843,1.2274779555116353,0.005186721991701245,0.17507290782236334,1.0,43/79,7.98%,UBC;UBB;CALM1;PSMB6;RPS27A;PSMA7;PSMD8;PPIA;PSMB5;UBA52;PSMB1;SKP1;PSMA1;PSMA6;PSMA2;PSMC5;PSME1;PSMD9;PSMB4;PSME2;PSMA4;PSMA5;PSMB2;FKBP1A;PSMB3;PSMB7;SEM1;PSMD14;PSMD13;HRAS;PSMC1;PSMC4;PSMD2;PSMC2;PSMF1;PSMD11;PSMD6;PSMC3;PSMA3;PSMC6;PSMD7;NFKBIA;PSMD4,C-TAL
prerank,Reactome_2022__Protein Localization R-HSA-9609507,0.8271715458907415,1.227270118125271,0.001,0.1746968746119693,1.0,91/163,11.81%,UBC;UBB;APP;SLC25A6;CHCHD2;RPS27A;SEC61B;TOMM7;ATP5F1B;ECH1;TIMM8B;ATP5MC1;COX17;FIS1;HSPA9;TOMM5;UBA52;TIMM13;TOMM6;TOMM20;ATP5F1A;TIMM10;GET3;CHCHD5;TOMM22;NDUFB8;SLC25A4;SEC61G;DNAJC19;TIMM17B;PXMP2;ALDH3A2;ACBD5;COA6;GSTK1;CHCHD10;PAM16;CCNI;COA4;UBE2D2;SGTA;IDH3G;GRPEL1;UBE2D3;HSD17B4;VDAC1;HSPD1;MTX1;BAG6;GET1;TIMM22;ECI2;PEX19;ACO2;CS;TIMM17A;TIMM10B;VAPA;CROT;ACAA1;VAMP2;UBL4A;IDH1;UBE2J2;SERP1;ACOX1;PHYH;AMACR;TIMM50;TOMM40;PMPCB;CAMLG;CHCHD7;EMD;PMPCA;CRAT;HMGCL;PECR;ACOT2;ACOT8;PEX2;TIMM9;EPHX2;GNPAT;PEX16;CMC4;GFER;NUDT7;DECR2;SAMM50;MPV17,C-TAL
prerank,Reactome_2022__Degradation Of AXIN R-HSA-4641257,0.8669620736062894,1.227071438343691,0.0021008403361344537,0.174335175671693,1.0,43/54,11.44%,UBC;UBB;PSMB6;RPS27A;PSMA7;PSMD8;PSMB5;UBA52;PSMB1;PSMA1;PSMA6;PSMA2;PSMC5;PSME1;PSMD9;PSMB4;PSME2;PSMA4;PSMA5;PSMB2;PSMB3;PSMB7;SEM1;PSMD14;PSMD13;PSMC1;PSMC4;PSMD2;PSMC2;PSMF1;PSMD11;PSMD6;PSMC3;PSMA3;PSMC6;PSMD7;PSMD4;PSMD12;PSMD3;PSMB8;RNF146;PSME3;PSMD10,C-TAL
prerank,Reactome_2022__NOTCH3 Intracellular Domain Regulates Transcription R-HSA-9013508,-0.6648469732629158,-1.2262380687850694,0.17142857142857143,0.829499889052082,1.0,6/24,3.11%,MAML2;PBX1;MAML3;KAT2B;CREBBP;KAT2A,C-TAL
prerank,Reactome_2022__MAPK6/MAPK4 Signaling R-HSA-5687128,0.8390427334271939,1.2254873609447092,0.0010256410256410256,0.18111032378366165,1.0,48/90,10.17%,UBC;UBB;PSMB6;RPS27A;PSMA7;PSMD8;PSMB5;UBA52;PSMB1;PSMA1;PSMA6;PSMA2;PSMC5;PSME1;PSMD9;PSMB4;PSME2;PSMA4;PSMA5;JUN;PSMB2;SEPTIN7;PSMB3;CDC42EP3;HSPB1;PSMB7;CDC42;PKN1;SEM1;PSMD14;PSMD13;PSMC1;PSMC4;PSMD2;PSMC2;PSMF1;PSMD11;PSMD6;PSMC3;PSMA3;PSMC6;PSMD7;DNAJB1;PSMD4;PSMD12;PSMD3;MAPKAPK5;PSMB8,C-TAL
prerank,Reactome_2022__Asymmetric Localization Of PCP Proteins R-HSA-4608870,0.8603602690535054,1.2253466866058782,0.004149377593360996,0.18044552067914724,1.0,38/62,7.98%,UBC;UBB;PSMB6;RPS27A;PSMA7;PSMD8;PSMB5;UBA52;PSMB1;PSMA1;PSMA6;PSMA2;PSMC5;PSME1;PSMD9;PSMB4;PSME2;PSMA4;PSMA5;PSMB2;PSMB3;PSMB7;SEM1;PSMD14;PSMD13;PARD6A;PSMC1;PSMC4;PSMD2;PSMC2;PSMF1;PSMD11;PSMD6;PSMC3;PSMA3;PSMC6;PSMD7;PSMD4,C-TAL
prerank,Reactome_2022__Platelet Degranulation R-HSA-114608,0.8393283819638089,1.2234091272550625,0.0010152284263959391,0.18964686773228984,1.0,39/123,7.22%,RARRES2;GAS6;CALM1;PFN1;APP;LGALS3BP;CD63;TMSB4X;TEX264;SERPINA1;PPIA;SOD1;ANXA5;VEGFB;CD9;TAGLN2;APLP2;WDR1;ACTN4;SCCPDH;SELENOP;CAP1;SERPING1;LAMP2;CHID1;CLU;CYB5R1;TLN1;VTI1B;VCL;HSPA5;MAGED2;FLNA;MANF;QSOX1;TUBA4A;VEGFA;FAM3C;CALU,C-TAL
prerank,Reactome_2022__Downstream TCR Signaling R-HSA-202424,0.8385526336995973,1.2231153000148,0.0030643513789581204,0.18977919345227112,1.0,52/91,11.44%,UBC;UBB;PSMB6;RPS27A;PSMA7;PSMD8;PSMB5;UBA52;PSMB1;SKP1;PSMA1;PSMA6;PSMA2;PSMC5;PSME1;PSMD9;PSMB4;PSME2;PSMA4;HLA-DRA;PSMA5;PSMB2;PSMB3;UBE2V1;UBE2D2;PSMB7;SEM1;PSMD14;PSMD13;PSMC1;PSMC4;PSMD2;PSMC2;PSMF1;UBE2N;PSMD11;PSMD6;PSMC3;PSMA3;PSMC6;PSMD7;NFKBIA;PSMD4;PDPK1;PSMD12;HLA-DRB1;PSMD3;PSMB8;RELA;PSME3;PIK3R2;PSMD10,C-TAL
prerank,Reactome_2022__Interleukin-1 Signaling R-HSA-9020702,0.8303520768449302,1.2226480178654897,0.0010183299389002036,0.1911337460682969,1.0,56/114,11.44%,UBC;UBB;APP;PSMB6;RPS27A;RBX1;PSMA7;PSMD8;PSMB5;UBA52;PSMB1;SQSTM1;SKP1;PSMA1;PSMA6;PSMA2;PSMC5;PSME1;PSMD9;PSMB4;PSME2;PSMA4;PSMA5;PSMB2;PSMB3;UBE2V1;PSMB7;TOLLIP;SEM1;PSMD14;PSMD13;PSMC1;PSMC4;HMGB1;PSMD2;PSMC2;PSMF1;UBE2N;PSMD11;PSMD6;PSMC3;PSMA3;PSMC6;PSMD7;NFKBIA;PSMD4;USP14;PSMD12;PSMD3;MAP2K1;NKIRAS2;PSMB8;RELA;IRAK1;PSME3;PSMD10,C-TAL
prerank,Reactome_2022__Alpha-protein Kinase 1 Signaling Pathway R-HSA-9645460,0.9409813412642568,1.2224311012702611,0.04161849710982659,0.19097206199933553,1.0,4/11,1.21%,UBC;UBB;RPS27A;UBA52,C-TAL
prerank,Reactome_2022__Activation Of IRF3/IRF7 Mediated By TBK1/IKK Epsilon R-HSA-936964,0.919399838220574,1.219980427302906,0.029082774049217,0.20399424120491713,1.0,5/16,1.60%,UBC;UBB;RPS27A;UBA52;NDUFA2,C-TAL
prerank,Reactome_2022__Pexophagy R-HSA-9664873,0.9373436818033182,1.219656042093996,0.03526734926052332,0.204311145313028,1.0,7/11,3.55%,UBC;UBB;RPS27A;UBA52;SQSTM1;NBR1;MAP1LC3B,C-TAL
prerank,Reactome_2022__Smooth Muscle Contraction R-HSA-445355,0.8689992168318742,1.218820528759615,0.009503695881731784,0.2077807419647816,1.0,17/42,9.16%,MYL12B;MYL6;MYL12A;CALM1;MYL6B;TPM1;TLN1;ANXA2;VCL;PKN1;TPM3;ITGB5;MYL9;ALDH2;ANXA6;SORBS3;CALD1,C-TAL
prerank,Reactome_2022__mRNA Splicing - Major Pathway R-HSA-72163,0.8229948555561006,1.2186893598235258,0.001006036217303823,0.20694663046724768,1.0,130/180,13.53%,SNRPN;HNRNPA1;POLR2L;YBX1;SF3B6;SNRPG;SRSF9;SNRPE;POLR2J;SNU13;RBM8A;SNRPD2;LSM7;SRSF7;SNRPB;POLR2I;HNRNPF;POLR2K;SF3B1;RNPS1;SF3B5;TXNL4A;PTBP1;RBM17;SNRPF;DNAJC8;LSM3;POLR2E;SRRM2;PUF60;SRSF2;SRRM1;DHX9;SNRPD3;HNRNPK;LSM4;RBMX;PCBP1;SNRPB2;HNRNPU;HSPA8;HNRNPA2B1;LSM5;DDX5;HNRNPA0;SYF2;SNRPC;HNRNPUL1;POLR2F;POLR2A;SNRNP200;BUD31;NCBP2;CWC15;PRPF31;SRSF3;LSM8;SLU7;FUS;EIF4A3;LSM2;HNRNPA3;U2SURP;DDX46;SRSF10;U2AF2;HNRNPH2;PRPF6;POLR2C;SF3A1;PRPF38A;POLR2H;ELAVL1;SF3B2;RBM42;SRSF1;PPIL1;WBP11;CD2BP2;MAGOH;SNRNP70;SNRNP27;CASC3;SF3A3;PHF5A;CPSF7;XAB2;LSM6;HNRNPM;PRPF8;PCF11;SF3B4;AQR;DDX23;GTF2F1;SRRT;PPIL4;DDX42;BCAS2;SNW1;HNRNPR;SNRPA1;CSTF2T;PPIE;HNRNPL;PRCC;SART1;NUDT21;SF3B3;POLR2G;POLR2B;CRNKL1;PLRG1;PPIL3;CSTF3;DHX15;CHERP;SRSF11;PRPF40A;CWC22;HNRNPD;SMNDC1;SNRNP40;RBM22;WDR33;SRSF4;POLR2D;WBP4;SF1;USP39,C-TAL
prerank,Reactome_2022__TP53 Regulates Metabolic Genes R-HSA-5628897,0.8398860843933206,1.2183455296684715,0.0010224948875255625,0.20751896352790872,1.0,39/81,7.70%,PRDX1;COX5B;COX14;LAMTOR5;COX6A1;COX5A;COX6B1;PRDX2;CYCS;SURF1;COX8A;LAMTOR4;COX7B;PRDX5;COX7C;LAMTOR1;REXO2;COX6C;COX4I1;LAMTOR2;YWHAB;COX20;COX16;RRAGA;YWHAQ;TXN2;RHEB;COX7A2L;PRKAA1;RRM2B;AKT2;YWHAG;PRKAA2;AKT1;LRPPRC;YWHAE;LAMTOR3;UBL4A;SCO1,C-TAL
prerank,Reactome_2022__FCERI Mediated NF-kB Activation R-HSA-2871837,0.8451530840023388,1.2180117792336984,0.007253886010362694,0.20777778940948108,1.0,43/77,8.06%,UBC;UBB;PSMB6;RPS27A;PSMA7;PSMD8;PSMB5;UBA52;PSMB1;SKP1;PSMA1;PSMA6;PSMA2;PSMC5;PSME1;PSMD9;PSMB4;PSME2;PSMA4;PSMA5;PSMB2;PSMB3;UBE2V1;UBE2D2;PSMB7;SEM1;PSMD14;PSMD13;PSMC1;PSMC4;PSMD2;PSMC2;PSMF1;UBE2N;PSMD11;PSMD6;PSMC3;PSMA3;PSMC6;PSMD7;NFKBIA;PSMD4;PDPK1,C-TAL
prerank,Reactome_2022__Late SARS-CoV-2 Infection Events R-HSA-9772573,0.8526168293490404,1.217949310272295,0.009473684210526316,0.20660046513344899,1.0,29/58,9.52%,UBC;UBB;DAD1;RPS27A;SUMO1;UBA52;ST3GAL4;PRMT1;MGAT4B;GANAB;RPN2;RPN1;ZDHHC2;ZDHHC3;UBE2I;MAGT1;PRKCSH;DDOST;ZDHHC8;GOLGA7;PARP14;TUSC3;GSK3A;ZDHHC5;MAN1B1;GALNT1;MGAT4A;MOGS;STT3A,C-TAL
prerank,Reactome_2022__Cyclin E Associated Events During G1/S Transition R-HSA-69202,0.8413455231376079,1.21770553768854,0.006191950464396285,0.20656908708331795,1.0,55/82,11.69%,UBC;UBB;PSMB6;RPS27A;PSMA7;PSMD8;PSMB5;UBA52;PSMB1;SKP1;PSMA1;PSMA6;PSMA2;PSMC5;PSME1;PSMD9;PSMB4;PSME2;PSMA4;PSMA5;PSMB2;PSMB3;PSMB7;AKT2;CCND1;SEM1;PSMD14;PSMD13;AKT1;PSMC1;PSMC4;PSMD2;PSMC2;E2F4;PSMF1;PSMD11;PSMD6;CDKN1B;PSMC3;PSMA3;PSMC6;PSMD7;CKS1B;CDK4;PSMD4;RB1;PSMD12;WEE1;PSMD3;PSMB8;TFDP1;PSME3;MAX;PSMD10;TFDP2,C-TAL
prerank,Reactome_2022__p75NTR Recruits Signaling Complexes R-HSA-209543,0.9239168869998541,1.2172603376110578,0.049162011173184354,0.20786954491453288,1.0,5/13,1.59%,UBC;UBB;RPS27A;UBA52;SQSTM1,C-TAL
prerank,Reactome_2022__Activation Of NF-kappaB In B Cells R-HSA-1169091,0.8501126883035441,1.216953231446156,0.01044932079414838,0.20827000210257013,1.0,39/66,7.98%,UBC;UBB;PSMB6;RPS27A;PSMA7;PSMD8;PSMB5;UBA52;PSMB1;SKP1;PSMA1;PSMA6;PSMA2;PSMC5;PSME1;PSMD9;PSMB4;PSME2;PSMA4;PSMA5;PSMB2;PSMB3;PSMB7;SEM1;PSMD14;PSMD13;PSMC1;PSMC4;PSMD2;PSMC2;PSMF1;PSMD11;PSMD6;PSMC3;PSMA3;PSMC6;PSMD7;NFKBIA;PSMD4,C-TAL
prerank,Reactome_2022__Mitochondrial Protein Import R-HSA-1268020,0.8460024450699309,1.2168143559819733,0.008333333333333333,0.20762495913417295,1.0,40/64,9.19%,SLC25A6;CHCHD2;TOMM7;ATP5F1B;TIMM8B;ATP5MC1;COX17;HSPA9;TOMM5;TIMM13;TOMM6;TOMM20;ATP5F1A;TIMM10;CHCHD5;TOMM22;NDUFB8;SLC25A4;DNAJC19;TIMM17B;COA6;CHCHD10;PAM16;CCNI;COA4;IDH3G;GRPEL1;VDAC1;HSPD1;MTX1;TIMM22;ACO2;CS;TIMM17A;TIMM10B;TIMM50;TOMM40;PMPCB;CHCHD7;PMPCA,C-TAL
prerank,Reactome_2022__Hedgehog Off State R-HSA-5610787,0.8337180391130398,1.2162303690426874,0.002036659877800407,0.20958770824214362,1.0,49/98,10.17%,UBC;UBB;PSMB6;RPS27A;RBX1;PSMA7;PSMD8;PSMB5;UBA52;PSMB1;SKP1;PSMA1;PSMA6;PSMA2;PSMC5;PSME1;PSMD9;PSMB4;PSME2;GNAS;PSMA4;PSMA5;PSMB2;PRKAR1A;PSMB3;PSMB7;SEM1;PSMD14;PSMD13;PSMC1;PSMC4;PSMD2;PSMC2;ADCY6;PSMF1;IFT57;PSMD11;PSMD6;PSMC3;PSMA3;PSMC6;PSMD7;PSMD4;KIF3A;ADCY5;PSMD12;PSMD3;IFT122;PSMB8,C-TAL
prerank,Reactome_2022__Cyclin A:Cdk2-associated Events At S Phase Entry R-HSA-69656,0.8393408449405941,1.2155914539565587,0.0030959752321981426,0.21206692203713057,1.0,56/84,11.69%,UBC;UBB;PSMB6;RPS27A;PSMA7;PSMD8;PSMB5;UBA52;PSMB1;SKP1;PSMA1;PSMA6;PSMA2;PSMC5;PSME1;PSMD9;PSMB4;PSME2;PSMA4;PSMA5;PSMB2;PSMB3;PSMB7;AKT2;CCND1;SEM1;PSMD14;PSMD13;AKT1;PSMC1;PSMC4;PSMD2;PSMC2;E2F4;PSMF1;PSMD11;PSMD6;CDKN1B;PSMC3;PSMA3;PSMC6;PSMD7;CKS1B;CDK4;PSMD4;RB1;PSMD12;WEE1;PSMD3;PSMB8;TFDP1;CDC25B;PSME3;MAX;PSMD10;TFDP2,C-TAL
prerank,Reactome_2022__G1/S Transition R-HSA-69206,0.8255118147319951,1.2155520889854592,0.0010121457489878543,0.21080512385100963,1.0,68/129,11.82%,UBC;UBB;PSMB6;RPS27A;PSMA7;PSMD8;PSMB5;UBA52;PSMB1;SKP1;PSMA1;PSMA6;PSMA2;PSMC5;PSME1;PSMD9;PSMB4;PSME2;PSMA4;PSMA5;PSMB2;MCM3;RPA3;PPP2R1A;PSMB3;HDAC1;PSMB7;AKT2;CCND1;SEM1;PSMD14;PSMD13;PPP2CB;AKT1;PSMC1;PSMC4;PSMD2;POLE4;PSMC2;E2F4;PSMF1;PSMD11;PSMD6;CDKN1B;PSMC3;PSMA3;PCNA;PPP2CA;PSMC6;PSMD7;CKS1B;POLE3;CDK4;PSMD4;RB1;PSMD12;WEE1;MCM7;PSMD3;DHFR;PSMB8;TFDP1;TK1;PSME3;MAX;PSMD10;TFDP2;GMNN,C-TAL
prerank,Reactome_2022__mRNA Splicing R-HSA-72172,0.8209851105225691,1.2152625762146272,0.001,0.21109438016669732,1.0,134/188,13.53%,SNRPN;HNRNPA1;POLR2L;YBX1;SF3B6;SNRPG;SRSF9;SNRPE;POLR2J;SNU13;RBM8A;ZCRB1;SNRPD2;LSM7;SRSF7;SNRPB;POLR2I;HNRNPF;POLR2K;SF3B1;RNPS1;SF3B5;TXNL4A;PTBP1;RBM17;SNRPF;DNAJC8;LSM3;POLR2E;SRRM2;PUF60;SRSF2;SRRM1;DHX9;SNRPD3;HNRNPK;LSM4;RBMX;PCBP1;SNRPB2;HNRNPU;HSPA8;HNRNPA2B1;LSM5;DDX5;HNRNPA0;SYF2;SNRPC;HNRNPUL1;SNRNP25;POLR2F;POLR2A;SNRNP200;BUD31;NCBP2;CWC15;PRPF31;SRSF3;LSM8;SLU7;FUS;EIF4A3;LSM2;HNRNPA3;U2SURP;DDX46;SRSF10;U2AF2;HNRNPH2;PRPF6;POLR2C;SF3A1;PRPF38A;POLR2H;ELAVL1;SF3B2;RBM42;SRSF1;PPIL1;WBP11;CD2BP2;MAGOH;SNRNP70;SNRNP27;CASC3;SF3A3;PHF5A;CPSF7;XAB2;LSM6;HNRNPM;PRPF8;PCF11;SF3B4;AQR;DDX23;GTF2F1;SRRT;PPIL4;DDX42;BCAS2;SNW1;HNRNPR;SNRPA1;CSTF2T;PPIE;SNRNP35;HNRNPL;PRCC;ZMAT5;SART1;NUDT21;SF3B3;POLR2G;POLR2B;CRNKL1;PLRG1;PPIL3;CSTF3;DHX15;CHERP;SRSF11;PRPF40A;CWC22;HNRNPD;SMNDC1;SNRNP40;RBM22;WDR33;SRSF4;POLR2D;WBP4;SF1;USP39,C-TAL
prerank,"Reactome_2022__Plasma Lipoprotein Assembly, Remodeling, And Clearance R-HSA-174824",0.8428003357331896,1.214685545284086,0.005154639175257732,0.21309618295248994,1.0,28/71,12.24%,UBC;UBB;AP2M1;RPS27A;CLTC;NPC2;UBA52;AP2S1;MBTPS1;FURIN;HDLBP;CLTA;SAR1B;P4HB;ZDHHC8;NR1H2;VLDLR;MYLIP;ABCG1;NCEH1;AP2B1;LMF2;PRKACB;LDLRAP1;LPL;LSR;AP2A2;SOAT1,C-TAL
prerank,Reactome_2022__Transcriptional Regulation By RUNX2 R-HSA-8878166,0.8252540908518923,1.2146559988203673,0.0040609137055837565,0.21180527533125165,1.0,58/117,10.37%,UBC;UBB;PSMB6;RPS27A;RBX1;PSMA7;PSMD8;PSMB5;UBA52;STUB1;PSMB1;SKP1;PSMA1;PSMA6;PSMA2;PSMC5;PSME1;PSMD9;PSMB4;PSME2;PSMA4;PSMA5;ESRRA;PSMB2;PSMB3;PSMB7;AKT2;CCND1;SEM1;PSMD14;PSMD13;YES1;AKT1;PSMC1;PSMC4;PSMD2;PSMC2;PSMF1;PSMD11;PSMD6;BAX;PSMC3;PSMA3;PSMC6;PSMD7;CDK4;PSMD4;RB1;WWTR1;PSMD12;MAPK3;MAPK1;HDAC3;PSMD3;SMAD4;HDAC6;PSMB8;STAT1,C-TAL
prerank,Reactome_2022__Response To Elevated Platelet Cytosolic Ca2+ R-HSA-76005,0.8312125369304513,1.2143286562566966,0.0010131712259371835,0.2122865420276238,1.0,39/128,7.22%,RARRES2;GAS6;CALM1;PFN1;APP;LGALS3BP;CD63;TMSB4X;TEX264;SERPINA1;PPIA;SOD1;ANXA5;VEGFB;CD9;TAGLN2;APLP2;WDR1;ACTN4;SCCPDH;SELENOP;CAP1;SERPING1;LAMP2;CHID1;CLU;CYB5R1;TLN1;VTI1B;VCL;HSPA5;MAGED2;FLNA;MANF;QSOX1;TUBA4A;VEGFA;FAM3C;CALU,C-TAL
prerank,Reactome_2022__Apoptosis R-HSA-109581,0.8188262448562874,1.2127952305610508,0.0010090817356205853,0.21992133262917926,1.0,86/171,11.69%,UBC;UBB;PSMB6;RPS27A;CYCS;PSMA7;PSMD8;PSMB5;REXO2;UBA52;BCAP31;YWHAB;PSMB1;NDUFA2;SPTAN1;PSMA1;PSMA6;PSMA2;PSMC5;APPL1;PSME1;PSMD9;PSMB4;DYNLL1;PSME2;KPNB1;TNFSF10;BAD;YWHAQ;PSMA4;C1QBP;APIP;PSMA5;GSDMD;LMNA;PSMB2;PSMB3;PLEC;PSMB7;AKT2;ADD1;DSG2;YWHAG;SEM1;PSMD14;PSMD13;BIRC2;AKT1;NMT1;PSMC1;PSMC4;HMGB1;PSMD2;PSMC2;PSMF1;YWHAE;PSMD11;PSMD6;BAX;DYNLL2;PSMC3;OMA1;PSMA3;DBNL;PSMC6;PSMD7;PSMD4;FASN;CFLAR;PSMD12;MAPK3;YWHAH;GSN;MAPK1;PSMD3;STAT3;MED12;PSMB8;BCL2L1;TFDP1;DFFA;PSME3;VIM;XIAP;PSMD10;TFDP2,C-TAL
prerank,Reactome_2022__Free Fatty Acids Regulate Insulin Secretion R-HSA-400451,-0.8029939766256583,-1.2116696580894573,0.2867132867132867,0.8474860339736342,1.0,2/11,0.95%,PLCB1;ACSL4,C-TAL
prerank,Reactome_2022__Regulation Of RUNX2 Expression And Activity R-HSA-8939902,0.8429056852071108,1.2116544364442023,0.008255933952528379,0.225560539682508,1.0,41/72,7.98%,UBC;UBB;PSMB6;RPS27A;RBX1;PSMA7;PSMD8;PSMB5;UBA52;STUB1;PSMB1;SKP1;PSMA1;PSMA6;PSMA2;PSMC5;PSME1;PSMD9;PSMB4;PSME2;PSMA4;PSMA5;ESRRA;PSMB2;PSMB3;PSMB7;SEM1;PSMD14;PSMD13;PSMC1;PSMC4;PSMD2;PSMC2;PSMF1;PSMD11;PSMD6;PSMC3;PSMA3;PSMC6;PSMD7;PSMD4,C-TAL
prerank,Reactome_2022__Programmed Cell Death R-HSA-5357801,0.8144255807761102,1.210228490161178,0.001,0.23300376264072117,1.0,98/200,11.69%,UBC;UBB;PSMB6;RPS27A;CYCS;PSMA7;PSMD8;PSMB5;REXO2;UBA52;BCAP31;STUB1;CHMP2A;YWHAB;PSMB1;NDUFA2;SPTAN1;PSMA1;PSMA6;PSMA2;PSMC5;APPL1;PSME1;PSMD9;PSMB4;DYNLL1;PSME2;KPNB1;TNFSF10;BAD;YWHAQ;PSMA4;C1QBP;APIP;PSMA5;GSDMD;LMNA;PSMB2;PSMB3;SDCBP;PLEC;PSMB7;CHMP4B;CHMP2B;AKT2;ADD1;DSG2;YWHAG;HSP90AA1;SEM1;PSMD14;PSMD13;BIRC2;AKT1;NMT1;PSMC1;FLOT2;PSMC4;HMGB1;PSMD2;PSMC2;FLOT1;PSMF1;YWHAE;PSMD11;PSMD6;BAX;DYNLL2;PSMC3;OMA1;PSMA3;DBNL;CDC37;PSMC6;PSMD7;PSMD4;FASN;CFLAR;PSMD12;MAPK3;YWHAH;GSN;MAPK1;PSMD3;STAT3;MED12;PSMB8;CHMP6;BCL2L1;TFDP1;RRM1;DFFA;PSME3;VIM;XIAP;PSMD10;PDCD6IP;TFDP2,C-TAL
prerank,Reactome_2022__IKK Complex Recruitment Mediated By RIP1 R-HSA-937041,0.8929119346010923,1.209494789114857,0.02608695652173913,0.23634095020118867,1.0,10/22,6.04%,UBC;UBB;RPS27A;UBA52;NDUFA2;UBE2V1;UBE2D2;UBE2D3;BIRC2;UBE2N,C-TAL
prerank,Reactome_2022__TCR Signaling R-HSA-202403,0.8227028580676603,1.2086691698316825,0.00303951367781155,0.239996978319442,1.0,55/113,11.44%,UBC;UBB;PSMB6;RPS27A;PSMA7;PSMD8;PSMB5;UBA52;PSMB1;SKP1;PSMA1;PSMA6;PSMA2;PSMC5;PSME1;PSMD9;PSMB4;PSME2;PSMA4;HLA-DRA;PSMA5;PSMB2;PSMB3;UBE2V1;UBE2D2;PSMB7;PKN1;SEM1;PSMD14;PSMD13;PSMC1;PSMC4;PSMD2;PSMC2;PSMF1;UBE2N;PSMD11;PSMD6;PSMC3;PSMA3;PSMC6;PSMD7;NFKBIA;PSMD4;PDPK1;SPNS1;PSMD12;HLA-DRB1;PSMD3;PSMB8;CSK;RELA;PSME3;PIK3R2;PSMD10,C-TAL
prerank,Reactome_2022__Defective Intrinsic Pathway For Apoptosis R-HSA-9734009,0.8866510664395426,1.2085784577335956,0.040992448759439054,0.23900165341923602,1.0,11/24,7.56%,PRDX1;APP;PRDX2;CAPNS1;CAPN1;C1QBP;JUN;LMNA;CAPN2;YWHAE;GOLGA2,C-TAL
prerank,Reactome_2022__Negative Regulation Of FLT3 R-HSA-9706369,0.9133964841418226,1.208229015507422,0.04314159292035398,0.2398889933617509,1.0,5/15,2.77%,UBC;UBB;RPS27A;UBA52;SOCS2,C-TAL
prerank,Reactome_2022__Glycogen Storage Diseases R-HSA-3229121,0.9102549449131433,1.2075365037651313,0.0586283185840708,0.24291357061116003,1.0,5/14,1.28%,UBC;UBB;RPS27A;UBA52;GAA,C-TAL
prerank,Reactome_2022__mRNA Splicing - Minor Pathway R-HSA-72165,0.8619927091455878,1.2067140496611843,0.014583333333333334,0.2466321885207542,1.0,39/49,11.40%,POLR2L;YBX1;SF3B6;SNRPG;SNRPE;POLR2J;ZCRB1;SNRPD2;SRSF7;SNRPB;POLR2I;POLR2K;SF3B1;SF3B5;TXNL4A;SNRPF;POLR2E;SRSF2;SNRPD3;SNRNP25;POLR2F;POLR2A;SNRNP200;NCBP2;PRPF6;POLR2C;POLR2H;SF3B2;SRSF1;PRPF8;SF3B4;DDX23;GTF2F1;DDX42;SNRNP35;ZMAT5;SF3B3;POLR2G;POLR2B,C-TAL
prerank,Reactome_2022__Host Interactions Of HIV Factors R-HSA-162909,0.8177749631642557,1.2062032941332916,0.005040322580645161,0.2485652706037364,1.0,66/130,10.17%,UBC;UBB;AP2M1;SLC25A6;PSMB6;B2M;ELOB;RPS27A;RBX1;RAN;PSMA7;PSMD8;SLC25A5;PPIA;PSMB5;UBA52;AP2S1;HLA-A;PSMB1;SKP1;SLC25A4;NPM1;RANBP1;PSMA1;PSMA6;PSMA2;ELOC;PSMC5;PSME1;PSMD9;PSMB4;PSME2;KPNB1;PSMA4;PSMA5;PSMB2;AP1S1;PSMB3;PSMB7;TPR;SEM1;BANF1;PSMD14;RANBP2;PSMD13;PSMC1;PSMC4;PSMD2;PSMC2;PSMF1;PSMD11;PSMD6;PSMC3;PSMA3;AP1M2;PSMC6;PSMD7;PSMD4;AP2B1;RANGAP1;PSMD12;HMGA1;AP1B1;PSMD3;SEC13;PSMB8,C-TAL
prerank,Reactome_2022__G2/M Checkpoints R-HSA-69481,0.8173785401799214,1.2055402796995136,0.004052684903748734,0.25165454847703006,1.0,57/130,10.44%,UBC;UBB;PSMB6;RPS27A;PSMA7;PSMD8;PSMB5;REXO2;UBA52;YWHAB;PSMB1;PSMA1;PSMA6;PSMA2;PSMC5;PSME1;PSMD9;PSMB4;PSME2;YWHAQ;PSMA4;PSMA5;PSMB2;MCM3;RPA3;PSMB3;PSMB7;YWHAG;SEM1;PSMD14;PSMD13;PSMC1;PSMC4;KAT5;PSMD2;PSMC2;PSMF1;UBE2N;YWHAE;PSMD11;PSMD6;BABAM1;PSMC3;PSMA3;PSMC6;PSMD7;PSMD4;RNF8;PSMD12;YWHAH;WEE1;UBE2V2;MCM7;RAD50;PSMD3;PSMB8;RAD17,C-TAL
prerank,Reactome_2022__Plasma Lipoprotein Clearance R-HSA-8964043,0.8706948490038019,1.2052660606530121,0.03091684434968017,0.2520299939580315,1.0,15/35,8.48%,UBC;UBB;AP2M1;RPS27A;CLTC;NPC2;UBA52;AP2S1;HDLBP;CLTA;NR1H2;VLDLR;MYLIP;NCEH1;AP2B1,C-TAL
prerank,Reactome_2022__Translesion Synthesis By POLK R-HSA-5655862,0.9046875306979789,1.205033055207654,0.051535087719298246,0.251892956620281,1.0,5/17,3.39%,UBC;UBB;RPS27A;UBA52;RPA3,C-TAL
prerank,Reactome_2022__Deregulated CDK5 Triggers Neurodegenerative Pathways In Alzheimers Disease Models R-HSA-8862803,0.8897356706668921,1.2048573955829676,0.046789989118607184,0.25157697774004206,1.0,10/21,7.56%,PRDX1;APP;PRDX2;CAPNS1;CAPN1;JUN;LMNA;CAPN2;YWHAE;GOLGA2,C-TAL
prerank,"Reactome_2022__Incretin Synthesis, Secretion, And Inactivation R-HSA-400508",0.8841709036553963,1.2047605407102018,0.027837259100642397,0.2507263267687441,1.0,7/24,10.39%,SPCS1;SEC11A;SEC11C;SPCS3;GNB1;DPP4;SPCS2,C-TAL
prerank,Reactome_2022__HIV Infection R-HSA-162906,0.811695102918227,1.2047055411197107,0.001,0.24948010877724044,1.0,131/227,13.02%,UBC;UBB;AP2M1;SLC25A6;PSMB6;B2M;ELOB;POLR2L;CHMP5;RPS27A;RBX1;RAN;PSMA7;VPS28;PSMD8;SLC25A5;PPIA;PSMB5;UBA52;AP2S1;POLR2J;CHMP2A;TAF7;HLA-A;PSMB1;SKP1;SLC25A4;NPM1;RANBP1;PSMA1;PSMA6;PSMA2;TCEA1;POLR2I;ELOC;PSMC5;SUPT4H1;POLR2K;PSME1;PSMD9;FURIN;PSMB4;GTF2H5;PSME2;KPNB1;PSMA4;POLR2E;GTF2A2;PSMA5;XRCC6;PSMB2;RNMT;AP1S1;PSMB3;POLR2F;POLR2A;PSMB7;CHMP4B;TAF10;NCBP2;CHMP2B;TPR;SEM1;BANF1;PSMD14;RANBP2;PSMD13;GTF2H2;NELFCD;MVB12A;NMT1;PSMC1;SSRP1;PSMC4;VPS4A;PSMD2;PSMC2;PSMF1;NELFE;POLR2C;PSMD11;PSMD6;POLR2H;PSMC3;SUPT5H;PSMA3;AP1M2;PSMC6;PSMD7;VPS4B;TSG101;PSMD4;CCNK;TAF13;AP2B1;XRCC5;RANGAP1;GTF2F1;PSMD12;HMGA1;TAF9;AP1B1;PSMD3;SEC13;PSMB8;CHMP6;NELFB;NUP160;NUP50;POLR2G;PSME3;VTA1;POLR2B;PSMD10;PDCD6IP;TAF12;TAF11;CHMP4C;AP1G1;NUP62;AP2A2;GTF2B;GTF2A1;ERCC3;AP1S3;TAF6;SUPT16H;PSIP1;CDK9;VPS37A;NUP42,C-TAL
prerank,Reactome_2022__Interleukin-12 Family Signaling R-HSA-447115,0.8491029510823297,1.2047037379635146,0.016546018614270942,0.24795567077574557,1.0,26/54,10.66%,AURKAIP1;PPIA;HSPA9;SOD1;RPLP0;TCP1;HNRNPF;PSME2;TALDO1;GSTO1;MSN;HNRNPA2B1;HNRNPDL;ANXA2;CDC42;P4HB;IL6ST;TOX4;PITPNA;RAP1B;VAMP7;CAPZA1;SNRPA1;STAT3;STAT1;PDCD4,C-TAL
prerank,Reactome_2022__trans-Golgi Network Vesicle Budding R-HSA-199992,0.8383685232188729,1.2035569233285808,0.009278350515463918,0.25416828358914473,1.0,39/71,9.55%,FTH1;APP;VAMP8;GNS;BLOC1S1;CLTC;TGOLN2;SORT1;CHMP2A;CLTB;FTL;GOLGB1;CLTA;CLINT1;SNX5;RAB5C;CTSZ;HSPA8;AP1S1;DNM2;SNAPIN;TXNDC5;M6PR;YIPF6;PTGES2;HIP1R;DNASE2;TPD52;ACBD3;HGS;SNX2;AP1M2;VAMP2;IGF2R;BLOC1S4;TFRC;VAMP7;STX4;AP1B1,C-TAL
prerank,Reactome_2022__Infection With Mycobacterium Tuberculosis R-HSA-9635486,0.8864886669840876,1.2035309364968179,0.03854389721627409,0.25281513126763966,1.0,15/26,9.63%,ENO1;UBC;UBB;B2M;RPS27A;UBA52;KPNB1;RNF213;RAB5A;PGK1;HGS;GSK3A;MAPK3;MAPK1;RAB7A,C-TAL
prerank,Reactome_2022__Regulation Of IGF Transport And Uptake By IGFBPs R-HSA-381426,0.8251943767193262,1.2031772928662237,0.003054989816700611,0.2537479090565814,1.0,36/123,9.76%,MELTF;GAS6;APP;SDC2;SERPINA1;GOLM1;KTN1;IGFBP7;TGOLN2;IGFBP2;APLP2;CST3;PDIA6;MBTPS1;FUCA2;NUCB1;IGFBP3;PNPLA2;PRKCSH;RCN1;P4HB;IGFBP5;LTBP1;WFS1;QSOX1;SHISA5;ADAM10;CALU;CKAP4;CXXC1;FAM20C;TMEM132A;MGAT4A;LAMC1;MIA3;DNAJC3,C-TAL
prerank,Reactome_2022__KEAP1-NFE2L2 Pathway R-HSA-9755511,0.828894957499482,1.2022103575319811,0.003067484662576687,0.2586444372873361,1.0,59/100,10.17%,UBC;PRDX1;UBB;PSMB6;RPS27A;RBX1;PSMA7;PSMD8;PSMB5;UBA52;PSMB1;SQSTM1;SKP1;PSMA1;PSMA6;PSMA2;PSMC5;PSME1;PSMD9;PSMB4;VCP;CSNK2B;PSME2;TALDO1;PSMA4;PSMA5;PSMB2;MAP1LC3B;PSMB3;PSMB7;AKT2;MUL1;SEM1;PSMD14;PSMD13;AKT1;PSMC1;PSMC4;PSMD2;PSMC2;PSMF1;ATF4;PSMD11;PSMD6;PSMC3;PSMA3;UBL4A;PSMC6;PSMD7;IDH1;PSMD4;KEAP1;UFD1;PSMD12;MAFK;GSR;PSMD3;NPLOC4;PSMB8,C-TAL
prerank,Reactome_2022__UCH Proteinases R-HSA-5689603,0.8284332977975241,1.201946524872079,0.0102880658436214,0.2588788016221661,1.0,54/84,11.44%,UBC;UBB;NEDD8;PSMB6;RPS27A;PSMA7;PSMD8;PSMB5;UBA52;PSMB1;PSMA1;PSMA6;PSMA2;PSMC5;PSME1;PSMD9;PSMB4;PSME2;PSMA4;PSMA5;PSMB2;PSMB3;PSMB7;ADRM1;SEM1;PSMD14;HCFC1;PSMD13;PSMC1;PSMC4;PSMD2;PSMC2;PSMF1;MCRS1;YY1;UCHL5;PSMD11;PSMD6;PSMC3;PSMA3;ACTL6A;PSMC6;PSMD7;PSMD4;SMAD7;PSMD12;INO80E;PSMD3;PSMB8;MBD6;UCHL3;TGFBR1;PSME3;PSMD10,C-TAL
prerank,Reactome_2022__Detoxification Of Reactive Oxygen Species R-HSA-3299685,0.8680639506305058,1.2018745254544578,0.034408602150537634,0.2577421215755822,1.0,13/33,6.62%,PRDX1;SOD3;GSTP1;PRDX2;CYCS;ATOX1;PRDX5;SOD1;GPX3;TXN2;P4HB;TXNRD2;CYBA,C-TAL
prerank,Reactome_2022__Gene And Protein Expression By JAK-STAT Signaling After Interleukin-12 Stimulation R-HSA-8950505,0.8656349791741814,1.2017843514587832,0.032908704883227176,0.2569588697821777,1.0,20/35,9.43%,AURKAIP1;PPIA;HSPA9;SOD1;RPLP0;TCP1;HNRNPF;PSME2;TALDO1;GSTO1;MSN;HNRNPA2B1;HNRNPDL;ANXA2;CDC42;TOX4;PITPNA;RAP1B;CAPZA1;SNRPA1,C-TAL
prerank,MSigDB_Hallmark_2020__Adipogenesis,0.8119089336085499,1.2016777819204856,0.001,0.09195986368286618,0.242,129/199,14.14%,UBC;PFKFB3;UQCRQ;REEP5;COX6A1;CAT;UQCR11;ACAA2;COX8A;ECH1;ATP5PO;COX7B;MGST3;NDUFB7;SOD1;NDUFA5;CD151;MDH2;VEGFB;UQCR10;NDUFAB1;GPX3;GHITM;APLP2;RTN3;ACADM;SDHC;DDT;ETFB;UQCRC1;ECHS1;GPX4;CYC1;NDUFS3;DHRS7;TALDO1;SCP2;ATP1B3;ESRRA;CHCHD10;PFKL;DNAJC15;CMPK1;GADD45A;TOB1;COL4A1;SUCLG1;AGPAT3;AK2;IDH3G;MRPL15;DRAM2;YWHAG;GRPEL1;IMMT;DLD;JAGN1;SDHB;NMT1;RAB34;COQ9;DGAT1;DNAJB9;UCP2;RIOK3;ADCY6;LPCAT3;ACO2;PHLDB1;MTCH2;CS;RNF11;PGM1;BCKDHA;G3BP2;BCL6;IDH1;RMDN3;POR;UCK1;ACOX1;PHYH;SLC25A1;ALDH2;HADH;UBQLN1;ACADS;CAVIN1;IFNGR1;AIFM1;CRAT;QDPR;PPP1R15B;ARAF;MCCC1;PRDX3;ALDOA;ESYT1;EPHX2;PDCD4;CMBL;PLIN2;STOM;TKT;RETSAT;SLC66A3;SSPN;SAMM50;ENPP2;GPAT4;RREB1;LPL;GBE1;TST;SLC25A10;PREB;ACLY;MIGA2;DHCR7;IDH3A;SOWAHC;DLAT;FZD4;ABCB8;CHUK;PIM3;DHRS7B;CPT2;DECR1,C-TAL
prerank,Reactome_2022__Sema4D Induced Cell Migration And Growth-Cone Collapse R-HSA-416572,0.8895300445152351,1.2014186173663548,0.04560622914349277,0.25803248939655055,1.0,10/20,7.33%,MYL12B;MYL6;RHOA;MYH9;ERBB2;RHOB;SEMA4D;RHOC;MYL9;PLXNB1,C-TAL
prerank,Reactome_2022__Translesion Synthesis By REV1 R-HSA-110312,0.9060476601343601,1.2010939257505742,0.06408839779005525,0.2588908052440405,1.0,5/16,3.39%,UBC;UBB;RPS27A;UBA52;RPA3,C-TAL
prerank,MSigDB_Hallmark_2020__mTORC1 Signaling,0.8079483489962834,1.2010777371851422,0.0010070493454179255,0.0717087745685888,0.252,107/198,13.42%,ENO1;LDHA;PRDX1;GAPDH;ATP5MC1;TPI1;PPIA;PSMB5;HSPA9;SEC11A;EEF1E1;CD9;ETF1;SQSTM1;TCEA1;RDH11;CCT6A;ACTR2;PSMA4;TM7SF2;DHCR24;SSR1;PDAP1;EIF2S2;CYP51A1;PPA1;GPI;RPN1;PFKL;XBP1;ATP6V1D;ARPC5L;CYB5B;SDF2L1;PLOD2;RAB1A;HSPE1;IGFBP5;INSIG1;HSPA5;NUPR1;GOT1;UBE2D3;IMMT;PSMD14;NAMPT;M6PR;PSMD13;SLC2A1;CACYBP;LTA4H;HSPA4;CTSC;NMT1;HSPD1;PSMC4;COPS5;PSMC2;CALR;ATP2A2;LGMN;UCHL5;PGK1;PNP;ACTR3;VLDLR;YKT6;TUBA4A;PGM1;PSMA3;CCNG1;PSMC6;IDI1;IFRD1;IDH1;SERP1;STIP1;SERPINH1;SKAP2;TOMM40;TFRC;PSMD12;USO1;GSR;SLC7A5;ABCF2;GMPS;QDPR;DHFR;DDX39A;ALDOA;DDIT3;MTHFD2L;PSMG1;PSME3;TES;GBE1;TUBG1;ACLY;SC5D;P4HA1;PIK3R3;EBP;UFM1;DHCR7;BTG2;TXNRD1,C-TAL
prerank,Reactome_2022__Interleukin-12 Signaling R-HSA-9020591,0.8553462383552297,1.200986019131484,0.02502606882168926,0.258091450638945,1.0,22/44,9.43%,AURKAIP1;PPIA;HSPA9;SOD1;RPLP0;TCP1;HNRNPF;PSME2;TALDO1;GSTO1;MSN;HNRNPA2B1;HNRNPDL;ANXA2;CDC42;P4HB;TOX4;PITPNA;RAP1B;VAMP7;CAPZA1;SNRPA1,C-TAL
prerank,Reactome_2022__Digestion And Absorption R-HSA-8963743,-0.6676288376430726,-1.2005552867800227,0.21052631578947367,0.8541439927866243,1.0,3/27,5.05%,MGAM;SLC5A1;CEL,C-TAL
prerank,MSigDB_Hallmark_2020__DNA Repair,0.8201033279427083,1.2005415424592978,0.001006036217303823,0.05796459277627594,0.253,84/150,12.49%,BCAM;EDF1;MPC2;DAD1;RBX1;SURF1;VPS28;COX17;BCAP31;POLR2J;APRT;ARL6IP1;MRPL40;POLR2I;SUPT4H1;TMED2;DUT;GPX4;POLR2K;GUK1;GTF2H5;POLR2E;SEC61A1;GTF2A2;NME4;AK1;RNMT;CETN2;EIF1B;RPA3;NME1;SDCBP;POLR2F;DDB1;POLR2A;RRM2B;TAF10;NCBP2;ADRM1;NT5C;POLR1D;RPA2;NELFCD;ERCC1;SSRP1;TAF1C;POLE4;ADCY6;GMPR2;NELFE;POLR3GL;POLR2C;POLD4;PNP;POLR2H;DGUOK;SUPT5H;NT5C3A;PCNA;ITPA;SF3A3;TSG101;SMAD5;ZNRD1;MPG;TAF13;GTF2F1;TAF9;BOLA2;NUDT9;STX3;RAE1;GTF3C5;NELFB;NUDT21;SNAPC5;POLR2G;CSTF3;TAF12;USP11;GTF2B;ERCC3;TAF6;ERCC5,C-TAL
prerank,Reactome_2022__Interleukin-1 Family Signaling R-HSA-446652,0.8105638369184633,1.2005212818221438,0.005055611729019211,0.2597758856184149,1.0,63/152,11.44%,UBC;UBB;APP;PSMB6;RPS27A;RBX1;PSMA7;PSMD8;PSMB5;UBA52;PSMB1;SQSTM1;SKP1;PSMA1;PSMA6;PSMA2;PSMC5;PSME1;PSMD9;PSMB4;PSME2;PSMA4;PSMA5;GSDMD;PSMB2;SIGIRR;PSMB3;UBE2V1;PSMB7;TOLLIP;SEM1;PSMD14;PSMD13;PSMC1;PSMC4;HMGB1;PSMD2;PSMC2;PSMF1;UBE2N;PSMD11;PSMD6;PSMC3;PSMA3;PTPN11;PSMC6;PSMD7;NFKBIA;PTPN18;PSMD4;USP14;PSMD12;SMAD3;PSMD3;STAT3;MAP2K1;NKIRAS2;PSMB8;RELA;PTPN23;IRAK1;PSME3;PSMD10,C-TAL
prerank,"Reactome_2022__TICAM1, RIP1-mediated IKK Complex Recruitment R-HSA-168927",0.8892987216938337,1.1996364385085374,0.051991150442477874,0.2645052551641942,1.0,9/19,6.04%,UBC;UBB;RPS27A;UBA52;UBE2V1;UBE2D2;UBE2D3;BIRC2;UBE2N,C-TAL
prerank,Reactome_2022__Post-translational Protein Phosphorylation R-HSA-8957275,0.8292618878452515,1.1993580575657343,0.0051387461459403904,0.2650297923679185,1.0,35/106,9.76%,MELTF;GAS6;APP;SDC2;SERPINA1;GOLM1;KTN1;IGFBP7;TGOLN2;APLP2;CST3;PDIA6;MBTPS1;FUCA2;NUCB1;IGFBP3;PNPLA2;PRKCSH;RCN1;P4HB;IGFBP5;LTBP1;WFS1;QSOX1;SHISA5;ADAM10;CALU;CKAP4;CXXC1;FAM20C;TMEM132A;MGAT4A;LAMC1;MIA3;DNAJC3,C-TAL
prerank,Reactome_2022__TGF-beta Receptor Signaling Activates SMADs R-HSA-2173789,0.8514083579829237,1.1983005550331016,0.030334728033472803,0.2711007219767108,1.0,22/44,9.70%,UBC;UBB;NEDD8;RPS27A;ITGB1;ITGAV;UBA52;STUB1;PPP1CA;UBE2M;FURIN;LTBP3;FKBP1A;ITGB5;LTBP1;PPP1CC;BAMBI;UCHL5;SMAD7;ITGB8;SMAD3;SMAD4,C-TAL
prerank,Reactome_2022__Mitotic G1 Phase And G1/S Transition R-HSA-453279,0.8125815873530587,1.1982681168712235,0.0010131712259371835,0.26981286404656146,1.0,69/147,11.82%,UBC;UBB;PSMB6;RPS27A;PSMA7;PSMD8;PSMB5;UBA52;PSMB1;SKP1;PSMA1;PSMA6;PSMA2;PSMC5;PSME1;PSMD9;PSMB4;PSME2;PSMA4;PSMA5;PSMB2;MCM3;RPA3;PPP2R1A;PSMB3;HDAC1;PSMB7;AKT2;CCND1;SEM1;PSMD14;PSMD13;PPP2CB;AKT1;PSMC1;PSMC4;PSMD2;POLE4;PSMC2;E2F4;PSMF1;PSMD11;PSMD6;CDKN1B;PSMC3;PSMA3;PCNA;PPP2CA;PSMC6;PSMD7;CKS1B;POLE3;CDK4;PSMD4;RB1;PSMD12;WEE1;CDKN1C;MCM7;PSMD3;DHFR;PSMB8;TFDP1;TK1;PSME3;MAX;PSMD10;TFDP2;GMNN,C-TAL
prerank,Reactome_2022__S Phase R-HSA-69242,0.8094661552593672,1.197681276032643,0.0010090817356205853,0.27244273016052406,1.0,76/161,11.82%,UBC;UBB;PSMB6;RPS27A;RBX1;PSMA7;PSMD8;PSMB5;UBA52;ANAPC11;PSMB1;SKP1;PSMA1;PSMA6;PSMA2;PSMC5;PSME1;PSMD9;PSMB4;PSME2;ANAPC5;PSMA4;PSMA5;PSMB2;MCM3;RPA3;ANAPC15;PSMB3;RAD21;PSMB7;AKT2;CCND1;SEM1;PSMD14;PSMD13;POLD2;AKT1;PSMC1;CDC26;PSMC4;ANAPC16;PSMD2;POLE4;PSMC2;E2F4;PSMF1;SMC3;POLD4;PSMD11;PSMD6;CDKN1B;PSMC3;PSMA3;PCNA;PSMC6;PSMD7;CKS1B;POLE3;CDK4;PSMD4;SMC1A;RB1;CDC23;PSMD12;WEE1;MCM7;PSMD3;PSMB8;TFDP1;CDC16;CDC25B;PSME3;MAX;PSMD10;TFDP2;GMNN,C-TAL
prerank,Reactome_2022__RUNX1 Regulates Transcription Of Genes Involved In Differentiation Of HSCs R-HSA-8939236,0.8375529330230455,1.197552545072399,0.011470281543274244,0.27185388903244856,1.0,38/69,7.98%,UBC;UBB;PSMB6;RPS27A;PSMA7;PSMD8;PSMB5;UBA52;PSMB1;PSMA1;PSMA6;PSMA2;PSMC5;PSME1;PSMD9;PSMB4;PSME2;PSMA4;PSMA5;PSMB2;PSMB3;PSMB7;SEM1;PSMD14;PSMD13;PSMC1;PSMC4;PSMD2;PSMC2;PSMF1;PSMD11;PSMD6;PSMC3;PSMA3;KMT2A;PSMC6;PSMD7;PSMD4,C-TAL
prerank,Reactome_2022__Golgi-to-ER Retrograde Transport R-HSA-8856688,0.8196197346830343,1.19747654294149,0.00508130081300813,0.2709026048574486,1.0,53/112,10.89%,KDELR1;COPE;TMED9;COPZ1;DYNC1H1;TMED3;TMED2;DCTN2;RAB1B;CAPZA2;DYNLL1;KIF1C;RAB18;SURF4;CAPZB;DCTN3;KIF5B;KDELR2;DYNC1LI2;DYNC1I2;ARF3;PAFAH1B1;RAB1A;AGPAT3;KIF9;ACTR1A;TMED7;UBE2Z;COPB2;ARF4;PTGES2;DCTN1;ARCN1;ARFGAP2;KIF12;DYNLL2;PAFAH1B3;KIF22;DCTN6;KIF3B;RAB6A;GALNT1;KIF3A;COPB1;ACTR10;PAFAH1B2;COPA;CAPZA1;KIF21A;ARF5;ARFGAP1;SEC22B;DYNC1LI1,C-TAL
prerank,Reactome_2022__Iron Uptake And Transport R-HSA-917937,0.8400769904540349,1.1974619210045114,0.018711018711018712,0.26951270516924475,1.0,29/59,10.64%,UBC;FTH1;ATP6V1F;UBB;NEDD8;RPS27A;ATP6V0B;UBA52;ATP6V1E1;ATP6V1G1;ATP6V0E2;SKP1;ATP6V0C;FTL;SLC40A1;ATP6V0E1;ATP6V0D1;ATP6AP1;ATP6V1D;MCOLN1;ATP6V1C1;ACO1;HMOX2;CAND1;TFRC;FBXL5;GLRX3;ATP6V0A1;SLC11A2,C-TAL
prerank,Reactome_2022__Sema4D In Semaphorin Signaling R-HSA-400685,0.8729442700069906,1.1972100510092774,0.04299889746416759,0.2699299031909994,1.0,11/24,7.33%,MYL12B;MYL6;RHOA;MYH9;ERBB2;RNMT;RHOB;SEMA4D;RHOC;MYL9;PLXNB1,C-TAL
prerank,Reactome_2022__RHO GTPases Activate PAKs R-HSA-5627123,0.881977853800014,1.197118260065731,0.054626532887402456,0.26914542562599614,1.0,9/21,7.22%,MYL12B;MYL6;CALM1;MYH9;CTTN;CDC42;PKN1;FLNA;MYL9,C-TAL
prerank,"Reactome_2022__Synthesis, Secretion, And Inactivation Of Glucagon-like Peptide-1 (GLP-1) R-HSA-381771",0.8851598796482241,1.1965980368013904,0.04139433551198257,0.27134340956187464,1.0,7/21,10.39%,SPCS1;SEC11A;SEC11C;SPCS3;GNB1;DPP4;SPCS2,C-TAL
prerank,Reactome_2022__Protein Methylation R-HSA-8876725,0.9001754447312427,1.1962637789547887,0.05792349726775956,0.27227454543505936,1.0,7/17,3.65%,CALM1;RPS2;EEF1A1;EEF2;ETFB;VCP;HSPA8,C-TAL
prerank,MSigDB_Hallmark_2020__Apoptosis,0.8155771115195204,1.1957161551786848,0.0010090817356205853,0.058263379336978394,0.294,74/159,13.38%,SAT1;TXNIP;APP;VDAC2;IFITM3;DAP;KRT18;SOD1;BCAP31;GPX3;ETF1;SQSTM1;SPTAN1;GPX4;EMP1;ERBB2;GADD45B;TSPO;CLU;BNIP3L;TNFSF10;JUN;LMNA;RHOB;TIMP2;SOD2;HSPB1;GADD45A;DNAJA1;NEDD9;ADD1;IER3;CCND1;TNFRSF12A;RHOT2;PPT1;BAX;CDKN1B;MCL1;PSEN1;MGMT;IGF2R;SMAD7;ANKH;ERBB3;DAP3;CFLAR;PEA15;GSN;WEE1;IFNGR1;BCL2L2;GSR;DNAJC3;BGN;TIMP3;BCL2L1;RELA;PDCD4;DFFA;DDIT3;CDC25B;RETSAT;MADD;XIAP;CYLD;BCL10;SLC20A1;SATB1;SC5D;EBP;TIMP1;PPP2R5B;BTG2,C-TAL
prerank,Reactome_2022__Glycogen Synthesis R-HSA-3322077,0.9080078686268744,1.1954676512214395,0.0771850170261067,0.2764097272547631,1.0,5/13,2.69%,UBC;UBB;RPS27A;UBA52;UGP2,C-TAL
prerank,Reactome_2022__Constitutive Signaling By NOTCH1 HD Domain Mutants R-HSA-2691232,0.8857452238987406,1.195376161624015,0.07505518763796909,0.27558626686030213,1.0,7/15,8.12%,UBC;UBB;RPS27A;UBA52;JAG1;ADAM10;MIB2,C-TAL
prerank,Reactome_2022__Regulation Of BACH1 Activity R-HSA-9708530,0.9143326872989229,1.19485188964383,0.07314285714285715,0.27788295723620027,1.0,6/11,1.61%,UBC;UBB;RPS27A;RBX1;UBA52;SKP1,C-TAL
prerank,Reactome_2022__Synthesis Of Leukotrienes (LT) And Eoxins (EX) R-HSA-2142691,0.8887748335493821,1.1947093863000429,0.05343511450381679,0.2774328674874828,1.0,3/21,6.96%,PTGR1;LTA4H;MAPKAPK2,C-TAL
prerank,Reactome_2022__NF-kB Is Activated And Signals Survival R-HSA-209560,0.909737361107402,1.1942614628535853,0.08040770101925254,0.27920009261694867,1.0,5/13,1.59%,UBC;UBB;RPS27A;UBA52;SQSTM1,C-TAL
prerank,Reactome_2022__Gap-filling DNA Repair Synthesis And Ligation In GG-NER R-HSA-5696397,0.8761185749638007,1.1942537794471004,0.03628601921024546,0.27780302890472147,1.0,10/25,7.54%,UBC;UBB;RPS27A;UBA52;RPA3;POLD2;POLE4;POLD4;PCNA;POLE3,C-TAL
prerank,Reactome_2022__PCP/CE Pathway R-HSA-4086400,0.8252103895642473,1.1941930531992186,0.011270491803278689,0.27686457440136397,1.0,52/88,9.66%,UBC;UBB;PFN1;AP2M1;PSMB6;RPS27A;RHOA;PSMA7;PSMD8;CLTC;PSMB5;UBA52;AP2S1;PSMB1;PSMA1;PSMA6;PSMA2;CLTB;PSMC5;DVL3;PSME1;PSMD9;PSMB4;CLTA;PSME2;PSMA4;PSMA5;PSMB2;PSMB3;PSMB7;SEM1;PSMD14;PSMD13;PARD6A;PSMC1;PSMC4;RYK;PSMD2;PSMC2;PSMF1;PSMD11;PSMD6;PSMC3;PSMA3;PSMC6;PSMD7;PSMD4;AP2B1;PSMD12;FZD6;PSMD3;WNT11,C-TAL
prerank,Reactome_2022__RHO GTPases Activate CIT R-HSA-5625900,0.8840756962506825,1.1939542328558346,0.07675194660734148,0.2770763649261522,1.0,8/19,7.22%,MYL12B;MYL6;RHOA;MYH9;RHOB;RHOC;CDKN1B;MYL9,C-TAL
prerank,Reactome_2022__Insertion Of Tail-Anchored Proteins Into Endoplasmic Reticulum Membrane R-HSA-9609523,0.8829498978310886,1.1938788783623016,0.05434782608695652,0.2761717075054592,1.0,15/22,8.93%,APP;SEC61B;GET3;SEC61G;ALDH3A2;SGTA;BAG6;GET1;VAPA;VAMP2;UBL4A;UBE2J2;SERP1;CAMLG;EMD,C-TAL
prerank,Reactome_2022__Processing Of Capped Intron-Containing Pre-mRNA R-HSA-72203,0.802546131056221,1.1937667975322295,0.001,0.2755407157510278,1.0,176/241,16.51%,SNRPN;HNRNPA1;POLR2L;YBX1;SF3B6;SNRPG;SRSF9;SNRPE;POLR2J;SNU13;RBM8A;ZCRB1;SNRPD2;LSM7;SRSF7;SNRPB;POLR2I;HNRNPF;POLR2K;SF3B1;RNPS1;SF3B5;TXNL4A;PTBP1;RBM17;SNRPF;DNAJC8;LSM3;POLR2E;SRRM2;PUF60;SRSF2;SRRM1;DHX9;SNRPD3;HNRNPK;LSM4;RBMX;PCBP1;SNRPB2;HNRNPU;HSPA8;HNRNPA2B1;LSM5;DDX5;HNRNPA0;SYF2;SNRPC;HNRNPUL1;SNRNP25;POLR2F;POLR2A;SNRNP200;BUD31;THOC7;NCBP2;CWC15;PRPF31;SRSF3;TPR;LSM8;SLU7;RANBP2;FUS;EIF4A3;LSM2;HNRNPA3;U2SURP;DDX46;SRSF10;U2AF2;HNRNPH2;PRPF6;FYTTD1;CHTOP;POLR2C;SF3A1;PRPF38A;POLR2H;ELAVL1;SF3B2;RBM42;SRSF1;PPIL1;WBP11;CD2BP2;MAGOH;SNRNP70;SNRNP27;CASC3;SF3A3;PHF5A;CPSF7;POLDIP3;XAB2;LSM6;HNRNPM;PRPF8;PCF11;SF3B4;AQR;DDX23;GTF2F1;SRRT;PPIL4;NXT1;DDX42;BCAS2;SNW1;HNRNPR;SNRPA1;CSTF2T;PPIE;THOC2;SNRNP35;HNRNPL;SEC13;PRCC;DDX39A;ZMAT5;SART1;NUDT21;SF3B3;NUP160;NUP50;DDX39B;POLR2G;POLR2B;CRNKL1;PLRG1;PPIL3;CSTF3;EIF4E;SLBP;NUP62;THOC6;DHX15;CHERP;SRSF11;PRPF40A;CWC22;HNRNPD;NUP42;SMNDC1;SNRNP40;RBM22;WDR33;SRSF4;POLR2D;WBP4;SF1;USP39;PQBP1;NUP93;PPIH;RBM5;NDC1;DHX38;CDC40;SARNP;PRPF4;UPF3B;PAPOLA;METTL14;SUGP1;POM121C;THOC1;WTAP;PDCD7;TFIP11;CDC5L;AAAS;CTNNBL1;SNRNP48;SNRPA;ALYREF,C-TAL
prerank,Reactome_2022__Sodium/Calcium Exchangers R-HSA-425561,0.9174335908957798,1.1937363021950307,0.08023255813953488,0.274349469964863,1.0,2/10,1.01%,CALM1;SRI,C-TAL
prerank,Reactome_2022__Separation Of Sister Chromatids R-HSA-2467813,0.8091157334287518,1.1936914832026264,0.001,0.2731803247879884,1.0,74/168,11.44%,UBC;UBB;PSMB6;RPS27A;PSMA7;PSMD8;RPS27;PSMB5;UBA52;ANAPC11;PSMB1;PSMA1;PSMA6;PSMA2;DYNC1H1;PSMC5;PSME1;PSMD9;PSMB4;DYNLL1;PSME2;ANAPC5;NUDC;PSMA4;PSMA5;PSMB2;ANAPC15;PPP2R1A;PSMB3;DYNC1LI2;DYNC1I2;RAD21;PAFAH1B1;PSMB7;SEM1;PSMD14;RANBP2;PSMD13;PPP2CB;PSMC1;CDC26;PSMC4;ANAPC16;PSMD2;PSMC2;PSMF1;SMC3;PPP1CC;PSMD11;PSMD6;DYNLL2;PSMC3;PSMA3;SKA2;MAPRE1;PPP2CA;PSMC6;PSMD7;BUB3;PSMD4;PPP2R5C;SMC1A;CDC23;RCC2;RANGAP1;PSMD12;PSMD3;SEC13;PSMB8;CDC16;NUP160;DYNC1LI1;PSME3;PSMD10,C-TAL
prerank,Reactome_2022__MHC Class II Antigen Presentation R-HSA-2132295,0.819720633041435,1.1936699015944343,0.0020470829068577278,0.2720129125824033,1.0,52/102,12.62%,AP2M1;CTSH;CD74;CLTC;AP2S1;CTSL;CTSB;DYNC1H1;CTSF;DCTN2;CAPZA2;CLTA;DYNLL1;SAR1B;HLA-DRA;CTSD;CAPZB;DCTN3;AP1S1;KIF5B;DNM2;DYNC1LI2;DYNC1I2;ACTR1A;CTSC;CTSA;DCTN1;LGMN;DYNLL2;KIF22;DCTN6;AP1M2;KIF3B;KIF3A;ACTR10;AP2B1;ACTR1B;SEC31A;HLA-DRB1;CAPZA1;AP1B1;RAB7A;SEC13;OSBPL1A;DYNC1LI1;HLA-DMA;HLA-DMB;AP1G1;AP2A2;KLC4;AP1S3;SEC24C,C-TAL
prerank,Reactome_2022__MAP3K8 (TPL2)-dependent MAPK1/3 Activation R-HSA-5684264,0.8984758069669778,1.1936142538320842,0.0593505039193729,0.271056517405589,1.0,5/16,1.61%,UBC;UBB;RPS27A;UBA52;SKP1,C-TAL
prerank,Reactome_2022__Lysosome Vesicle Biogenesis R-HSA-432720,0.8568734409159,1.193517600246668,0.04584221748400853,0.2703129485284273,1.0,20/34,9.55%,APP;VAMP8;GNS;BLOC1S1;CLTC;CHMP2A;CLTB;CLTA;CTSZ;HSPA8;AP1S1;DNM2;TXNDC5;M6PR;DNASE2;HGS;AP1M2;VAMP2;VAMP7;AP1B1,C-TAL
prerank,MSigDB_Hallmark_2020__Reactive Oxygen Species Pathway,0.8487223414325672,1.1934581985742865,0.023060796645702306,0.05491981544340333,0.32,23/49,7.31%,PRDX1;LAMTOR5;CAT;PRDX2;ATOX1;TXN;NDUFB4;NDUFA6;NDUFS2;SOD1;GPX3;GPX4;FTL;JUNB;PRDX4;SOD2;SELENOS;PTPA;PRDX6;TXNRD2;STK25;GLRX2;HMOX2,C-TAL
prerank,Reactome_2022__SARS-CoV Infections R-HSA-9679506,0.7993913831951555,1.1934581509518793,0.001,0.2694040436566083,1.0,160/362,10.88%,UBC;RPS9;RPS16;UBB;RPSA;RPS14;FXYD2;AP2M1;RPS2;RPS21;RPS12;RPS4Y1;FAU;DAD1;COMT;RPS6;RPS23;B2M;RPS15A;RPS19;RPS13;TUBB;RPS27A;RBX1;RPS11;RPS25;RPS7;SDC2;SDC1;HLA-B;RPS3A;RPS5;RPS27;ITGB1;RPS15;RPS3;HLA-C;SUMO1;HSPG2;TUFM;SAP18;RPS29;REXO2;SNRPG;UBA52;AP2S1;SNRPE;RPS8;RPS10;RPS27L;CHMP2A;YWHAB;HLA-A;CTSL;ST3GAL4;RPS4X;ZCRB1;SNRPD2;PRMT1;SNRPB;ISCU;RPS28;RPS20;MGAT4B;RPS17;FURIN;SNRPF;VCP;GANAB;RPS24;SAR1B;ATP1B3;CNBP;YWHAQ;RPN2;SNRPD3;RPN1;FKBP1A;ZDHHC2;ZDHHC3;IFNAR1;UBE2I;MAP1LC3B;AGRN;MAGT1;DDX5;PRKCSH;HLA-E;UBE2V1;HMG20B;HDAC1;TMPRSS2;CHMP4B;REST;PTGES3;CHMP2B;AKT2;TPR;DDOST;YWHAG;HSP90AA1;RANBP2;CHD3;LARP1;ZDHHC8;AKT1;SUDS3;BECN1;HSP90AB1;UBE2N;SAP30L;GOLGA7;YWHAE;PARP14;CHD4;TUSC3;RBBP7;CRB3;FKBP4;FXYD4;VEGFA;GSK3A;ZDHHC5;PTPN11;G3BP2;IFNGR2;MAN1B1;KDM1A;GPC1;GALNT1;PDPK1;KEAP1;SIKE1;VPS41;RB1;GATAD2A;AP2B1;GRB2;HDAC2;MGAT4A;MOGS;YWHAH;CRBN;TKFC;IFNGR1;STT3A;ROCK2;IL17RC;GEMIN6;SEC13;CHMP6;MAVS;STAT1;G3BP1;GPC3;IRAK1;GPC4;NUP160;NUP50;TRIM25,C-TAL
prerank,Reactome_2022__Response Of Mtb To Phagocytosis R-HSA-9637690,0.8853293741762819,1.1928095856297474,0.05070118662351672,0.2724909516468885,1.0,14/22,9.63%,ENO1;UBC;UBB;RPS27A;UBA52;KPNB1;RNF213;RAB5A;PGK1;HGS;GSK3A;MAPK3;MAPK1;RAB7A,C-TAL
prerank,Reactome_2022__Regulation Of Necroptotic Cell Death R-HSA-5675482,0.8626265358305957,1.1927726421397673,0.05477980665950591,0.27139950446567196,1.0,14/29,8.52%,UBC;UBB;RPS27A;UBA52;STUB1;TNFSF10;SDCBP;HSP90AA1;BIRC2;FLOT2;FLOT1;CDC37;FASN;CFLAR,C-TAL
prerank,MSigDB_Hallmark_2020__p53 Pathway,0.8070398604117198,1.192755051486377,0.001,0.05004674891766093,0.329,79/196,11.99%,S100A10;RACK1;SAT1;TXNIP;APP;RPL18;NINJ1;HINT1;RPS12;PERP;VAMP8;EPS8L2;SDC1;MXD4;S100A4;TSC22D1;FUCA1;CD81;BTG1;RPS27L;PLXNB2;ST14;LDHB;CTSF;ISCU;EI24;RPL36;CD82;SEC61A1;JUN;CTSD;COQ8A;AK1;ZMAT3;GADD45A;TOB1;EPHX1;FAM162A;PRMT2;NUPR1;IER3;DCXR;TAX1BP3;BLCAP;TM7SF3;HRAS;BAX;PCNA;HEXIM1;CCNG1;FOS;MAPKAPK3;DNTTIP2;ACVR1B;ABCC5;SOCS1;CCNK;RB1;CYFIP2;IP6K2;HDAC3;ABHD4;RXRA;TRIAP1;MKNK2;IRAK1;NOL8;DDIT3;STOM;SP1;RETSAT;PMM1;TRAF4;RAD51C;CDKN2AIP;WRAP73;NOTCH1;TCN2;PDGFA,C-TAL
prerank,Reactome_2022__Regulation Of Innate Immune Responses To Cytosolic DNA R-HSA-3134975,0.9045798881043852,1.1914538973291808,0.08587570621468926,0.2791578617547038,1.0,4/14,1.21%,UBC;UBB;RPS27A;UBA52,C-TAL
prerank,Reactome_2022__Dual Incision In GG-NER R-HSA-5696400,0.8553600899310143,1.1910949179151753,0.028421052631578948,0.28039128123872153,1.0,18/41,7.88%,UBC;UBB;RPS27A;RBX1;UBA52;GTF2H5;RPA3;DDB1;GTF2H2;POLD2;ERCC1;POLE4;POLD4;PCNA;XPA;PARP1;POLE3;CUL4B,C-TAL
prerank,Reactome_2022__Cytoprotection By HMOX1 R-HSA-9707564,0.8373373969757345,1.1910652323402517,0.022892819979188347,0.27919081546014984,1.0,30/57,10.23%,COX5B;COX14;TXNIP;COX6A1;COX5A;COX6B1;CYCS;SURF1;COX8A;COX7B;COX7C;COX6C;COX4I1;COX20;COX16;BLVRB;COX7A2L;HM13;LRPPRC;MBD4;NCOR2;HMOX2;SCO1;NCOR1;MAFK;CARM1;HDAC3;STAT3;RXRA;PPARA,C-TAL
prerank,Reactome_2022__EPHB-mediated Forward Signaling R-HSA-3928662,0.8624277194409556,1.1908873014726256,0.03854389721627409,0.27909923698804795,1.0,15/33,6.93%,ACTG1;RHOA;SDC2;ARPC3;ARPC1A;ARPC2;ACTR2;ARPC5;CDC42;ARPC1B;PKN1;YES1;HRAS;ACTR3;WASL,C-TAL
prerank,Reactome_2022__Mitotic Anaphase R-HSA-68882,0.8022574540823485,1.1907551902747882,0.001001001001001001,0.27868901393793033,1.0,100/228,12.14%,UBC;UBB;PSMB6;TUBB;RPS27A;TUBB4B;RAN;PSMA7;PSMD8;RPS27;SUMO1;PSMB5;UBA52;TUBA1B;CHMP2A;ANAPC11;PSMB1;PSMA1;PSMA6;PSMA2;DYNC1H1;PSMC5;PSME1;PSMD9;PSMB4;DYNLL1;PSME2;KPNB1;ANAPC5;NUDC;PSMA4;PSMA5;LMNA;PSMB2;ANAPC15;PPP2R1A;UBE2I;PSMB3;DYNC1LI2;DYNC1I2;RAD21;PAFAH1B1;PSMB7;CHMP4B;TMPO;CHMP2B;SEM1;BANF1;PSMD14;RANBP2;PSMD13;PPP2CB;IST1;PSMC1;CDC26;PSMC4;ANAPC16;VPS4A;PSMD2;PSMC2;PSMF1;LBR;SMC3;TUBA1C;PPP1CC;PSMD11;PSMD6;DYNLL2;PSMC3;TUBA4A;PSMA3;SKA2;MAPRE1;PPP2CA;PSMC6;PSMD7;ANKLE2;BUB3;PSMD4;PPP2R5C;SMC1A;CDC23;RCC2;RANGAP1;PSMD12;EMD;PSMD3;SEC13;PSMB8;SIRT2;CHMP6;CDC16;NUP160;DYNC1LI1;PSME3;PSMD10;LEMD2;CKAP5;CHMP4C;NUP62,C-TAL
prerank,Reactome_2022__Mitotic Metaphase And Anaphase R-HSA-2555396,0.8019637711507226,1.1905432145250832,0.001001001001001001,0.2788237713779447,1.0,100/229,12.14%,UBC;UBB;PSMB6;TUBB;RPS27A;TUBB4B;RAN;PSMA7;PSMD8;RPS27;SUMO1;PSMB5;UBA52;TUBA1B;CHMP2A;ANAPC11;PSMB1;PSMA1;PSMA6;PSMA2;DYNC1H1;PSMC5;PSME1;PSMD9;PSMB4;DYNLL1;PSME2;KPNB1;ANAPC5;NUDC;PSMA4;PSMA5;LMNA;PSMB2;ANAPC15;PPP2R1A;UBE2I;PSMB3;DYNC1LI2;DYNC1I2;RAD21;PAFAH1B1;PSMB7;CHMP4B;TMPO;CHMP2B;SEM1;BANF1;PSMD14;RANBP2;PSMD13;PPP2CB;IST1;PSMC1;CDC26;PSMC4;ANAPC16;VPS4A;PSMD2;PSMC2;PSMF1;LBR;SMC3;TUBA1C;PPP1CC;PSMD11;PSMD6;DYNLL2;PSMC3;TUBA4A;PSMA3;SKA2;MAPRE1;PPP2CA;PSMC6;PSMD7;ANKLE2;BUB3;PSMD4;PPP2R5C;SMC1A;CDC23;RCC2;RANGAP1;PSMD12;EMD;PSMD3;SEC13;PSMB8;SIRT2;CHMP6;CDC16;NUP160;DYNC1LI1;PSME3;PSMD10;LEMD2;CKAP5;CHMP4C;NUP62,C-TAL
prerank,Reactome_2022__SARS-CoV-2 Infection R-HSA-9694516,0.7995685470139607,1.189869234795458,0.001001001001001001,0.2823300201074954,1.0,128/279,10.88%,UBC;RPS9;RPS16;UBB;RPSA;RPS14;RPS2;RPS21;RPS12;RPS4Y1;FAU;DAD1;RPS6;RPS23;B2M;RPS15A;RPS19;RPS13;RPS27A;RPS11;RPS25;RPS7;SDC2;SDC1;HLA-B;RPS3A;RPS5;RPS27;RPS15;RPS3;HLA-C;SUMO1;HSPG2;TUFM;RPS29;REXO2;SNRPG;UBA52;SNRPE;RPS8;RPS10;RPS27L;CHMP2A;YWHAB;HLA-A;CTSL;ST3GAL4;RPS4X;ZCRB1;SNRPD2;PRMT1;SNRPB;ISCU;RPS28;RPS20;MGAT4B;RPS17;FURIN;SNRPF;VCP;GANAB;RPS24;SAR1B;CNBP;YWHAQ;RPN2;SNRPD3;RPN1;ZDHHC2;ZDHHC3;IFNAR1;UBE2I;MAP1LC3B;AGRN;MAGT1;DDX5;PRKCSH;HLA-E;UBE2V1;TMPRSS2;CHMP4B;CHMP2B;AKT2;TPR;DDOST;YWHAG;HSP90AA1;RANBP2;LARP1;ZDHHC8;AKT1;BECN1;HSP90AB1;UBE2N;GOLGA7;YWHAE;PARP14;TUSC3;CRB3;GSK3A;ZDHHC5;PTPN11;G3BP2;MAN1B1;GPC1;GALNT1;PDPK1;SIKE1;VPS41;RB1;MGAT4A;MOGS;YWHAH;TKFC;STT3A;IL17RC;GEMIN6;SEC13;CHMP6;MAVS;STAT1;G3BP1;GPC3;IRAK1;GPC4;NUP160;NUP50;TRIM25,C-TAL
prerank,Reactome_2022__Mitochondrial Fatty Acid Beta-Oxidation Of Saturated Fatty Acids R-HSA-77286,0.9058540440697004,1.1898662100338586,0.11294117647058824,0.2810264836315235,1.0,7/11,8.75%,HADHA;ACADM;ACADVL;ECHS1;HADHB;HADH;ACADS,C-TAL
prerank,Reactome_2022__Neddylation R-HSA-8951664,0.8007703411836022,1.1894283171191788,0.001,0.2825521923300295,1.0,118/236,12.48%,UBC;UBB;NEDD8;PSMB6;ELOB;RPS27A;RBX1;PSMA7;PSMD8;FBXW5;PSMB5;UBA52;COMMD6;WSB2;PSMB1;SQSTM1;SKP1;FBXO2;PSMA1;PSMA6;PSMA2;RNF7;ELOC;PSMC5;SPSB3;KLHL21;PSME1;PSMD9;UBE2M;PSMB4;VCP;PSME2;COPS6;COMMD8;SOCS2;PSMA4;PSMA5;PSMB2;PSMB3;DCAF11;UBE2D2;COMMD2;DDB1;FBXO7;PSMB7;HIF1A;COMMD9;CCDC8;COPS8;GPS1;MUL1;UBE2D3;SEM1;PSMD14;PSMD13;FBXL3;COMMD4;PSMC1;PSMC4;COPS5;PSMD2;PSMC2;PSMF1;BTBD1;ANKRD9;COPS7A;PSMD11;PSMD6;RBBP7;FBXL15;PSMC3;BTBD6;ASB13;COMMD3;PSMA3;NUB1;COMMD7;CAND1;PSMC6;PSMD7;COPS2;DCAF7;FBXO44;KLHL9;FBXW2;CUL4B;PSMD4;FBXO9;KEAP1;UFD1;COMMD5;ASB8;PSMD12;FBXW4;RBBP5;PSMD3;UBE2F;FBXL5;FEM1B;FBXO17;NPLOC4;PSMB8;UBA3;LRRC41;WDTC1;COPS4;FBXO21;UCHL3;PSME3;DCUN1D5;TULP4;PSMD10;COPS3;DDA1;FBXO22;UBXN7;DCUN1D1;CUL4A,C-TAL
prerank,Reactome_2022__RHO GTPases Activate WASPs And WAVEs R-HSA-5663213,0.8586810979407581,1.189042437686591,0.04051172707889126,0.28384007993036453,1.0,17/35,9.27%,ACTG1;ARPC3;BRK1;ARPC1A;ARPC2;ACTR2;ARPC5;CYFIP1;CDC42;ARPC1B;WASF2;ACTR3;WASL;GRB2;CYFIP2;MAPK3;MAPK1,C-TAL
prerank,Reactome_2022__SARS-CoV-1 Infection R-HSA-9678108,0.8415822673845516,1.1885508855364935,0.028154327424400417,0.285871635873825,1.0,24/50,8.81%,UBC;UBB;RPS27A;SUMO1;UBA52;CHMP2A;CTSL;ST3GAL4;ZCRB1;VCP;GANAB;UBE2I;MAP1LC3B;DDX5;PRKCSH;TMPRSS2;CHMP4B;CHMP2B;BECN1;PARP14;GSK3A;GALNT1;RB1;MOGS,C-TAL
prerank,Reactome_2022__Dissolution Of Fibrin Clot R-HSA-75205,0.9020558625940807,1.188446331854882,0.08004640371229699,0.28522647569124,1.0,3/13,4.00%,S100A10;PLAU;ANXA2,C-TAL
prerank,Reactome_2022__Translesion Synthesis By POLI R-HSA-5656121,0.8942569960158089,1.188354261381506,0.06790799561883899,0.28452755067652913,1.0,5/17,3.39%,UBC;UBB;RPS27A;UBA52;RPA3,C-TAL
prerank,Reactome_2022__Ub-specific Processing Proteases R-HSA-5689880,0.8030919212173534,1.1881912434138688,0.003003003003003003,0.2843288229996874,1.0,76/175,11.97%,UBC;UBB;PSMB6;RPS27A;VDAC2;PSMA7;PSMD8;PSMB5;UBA52;TOMM20;PSMB1;PSMA1;PSMA6;PSMA2;PSMC5;PSME1;PSMD9;PSMB4;PSME2;FKBP8;PSMA4;PSMA5;PSMB2;SNX3;PSMB3;RNF128;PSMB7;TAF10;HIF1A;ADRM1;MUL1;OTUB1;SEM1;PSMD14;PSMD13;BIRC2;USP22;VDAC1;MAT2B;PSMC1;SUDS3;PSMC4;PSMD2;BECN1;PSMC2;PSMF1;PSMD11;PSMD6;USP33;HGS;USP5;PSMC3;PSMA3;PSMC6;PSMD7;TADA3;NFKBIA;PSMD4;KEAP1;USP14;SMAD7;UFD1;USP7;PSMD12;WDR48;SMAD3;USP8;PSMD3;SMAD4;PSMB8;TGFBR1;RNF146;PSME3;PSMD10;CYLD;USP11,C-TAL
prerank,Reactome_2022__Signaling By ERBB2 In Cancer R-HSA-1227990,-0.6699481443170849,-1.188146385134691,0.23529411764705882,0.866341345232183,1.0,5/25,1.34%,ERBB4;EGF;NRG1;NRG3;PIK3R1,C-TAL
prerank,Reactome_2022__Protein Folding R-HSA-391251,0.8174661632786617,1.1873713729051212,0.015400410677618069,0.2885556842816955,1.0,41/95,9.92%,TUBB;ARL2;TUBB4B;GNG5;PFDN5;FBXW5;CCT7;TUBA1B;GNB2;TCP1;FKBP9;PFDN2;CSNK2B;CCT6A;CCT4;TBCA;CCT5;CCT2;GNB1;XRN2;KIFC3;GNA11;FBXL3;TBCB;CCT3;GNG10;TUBA1C;TUBA4A;PFDN4;DCAF7;FBXW2;PFDN1;TBCC;CCT8;VBP1;FBXW4;HDAC3;PFDN6;FBXL5;STAT3;GNG12,C-TAL
prerank,Reactome_2022__Transcriptional Regulation By TP53 R-HSA-3700989,0.7942623738309902,1.1870614293742123,0.001,0.28940965638518146,1.0,169/353,14.15%,UBC;PRDX1;COX5B;UBB;COX14;LAMTOR5;COX6A1;COX5A;PERP;COX6B1;PRDX2;ELOB;POLR2L;RPS27A;CYCS;SURF1;COX8A;TMEM219;LAMTOR4;COX7B;PRDX5;COX7C;LAMTOR1;REXO2;COX6C;COX4I1;LAMTOR2;UBA52;POLR2J;YWHAB;TAF7;PRELID1;NPM1;PRMT1;TCEA1;POLR2I;ELOC;SUPT4H1;POLR2K;TP53I3;COX20;COX16;GTF2H5;CSNK2B;BNIP3L;RRAGA;IGFBP3;YWHAQ;HIPK2;POLR2E;JUN;TXN2;RPA3;PPP2R1A;RHEB;BRD7;COX7A2L;HDAC1;POLR2F;PRKAA1;GADD45A;POLR2A;RRM2B;TAF10;AKT2;YWHAG;PRKAA2;GTF2H2;PPP2CB;CHD3;AKT1;NELFCD;SSRP1;KAT5;E2F4;LRPPRC;YWHAE;NELFE;CHD4;POLR2C;BAX;RBBP7;MEAF6;POLR2H;CNOT7;CDKN1B;LAMTOR3;SUPT5H;PCNA;PPP2CA;RABGGTB;CCNG1;UBL4A;HIPK1;BCL6;EHMT2;SCO1;FOS;CNOT8;PDPK1;PPP2R5C;CCNK;FASN;TAF13;GATAD2A;USP7;HDAC2;GTF2F1;NOC2L;YWHAH;TAF9;CARM1;RAD50;GSR;TP53INP1;MAPKAPK5;CNOT1;TSC2;PRKAG1;KMT5A;TRIAP1;RAD17;TFDP1;CNOT6L;NELFB;RRAGC;PRMT5;PRKAG2;POLR2G;TACO1;PIP4P1;POLR2B;ING3;TFDP2;TAF12;PIP4K2C;MLST8;TAF11;AGO2;PMS2;MTOR;SESN3;ING5;EP300;ERCC3;CDK5;PRKAB2;TAF6;SUPT16H;RBL2;BRPF3;CDK9;RBBP4;SETD9;CNOT3;RABGGTA;COX19;BTG2;TXNRD1;POLR2D;BRD1;RGCC;BANP;CCNT1;TTC5;STK11;CNOT11;ATM;PPP2R1B,C-TAL
prerank,Reactome_2022__Transport Of Nucleosides And Free Purine And Pyrimidine Bases Across Plasma Membrane R-HSA-83936,0.8971378132152312,1.1869994198441767,0.09931506849315068,0.2885691525621343,1.0,7/12,7.46%,SLC25A6;ARL2;SLC25A5;SLC25A4;SLC29A1;SLC29A2;ARL2BP,C-TAL
prerank,Reactome_2022__Semaphorin Interactions R-HSA-373755,0.8269633627074061,1.1867488191176931,0.025183630640083946,0.2890786426723523,1.0,18/64,7.33%,MYL12B;MYL6;RHOA;MYH9;ITGB1;DPYSL2;ERBB2;RNMT;RHOB;TLN1;SEMA4D;PKN1;HSP90AA1;SEMA4A;RHOC;HSP90AB1;MYL9;PLXNB1,C-TAL
prerank,Reactome_2022__Endosomal Sorting Complex Required For Transport (ESCRT) R-HSA-917729,0.8649503258686743,1.186668707643591,0.05090137857900318,0.2883007962294029,1.0,17/29,7.76%,UBC;UBB;CHMP5;RPS27A;VPS28;UBA52;CHMP2A;SNF8;VPS25;CHMP4B;CHMP2B;MVB12A;VPS4A;VPS36;HGS;VPS4B;TSG101,C-TAL
prerank,Reactome_2022__RHO GTPases Activate PKNs R-HSA-5625740,0.8506894928133547,1.1866091984931262,0.05800214822771214,0.28744535209336425,1.0,16/33,8.92%,MYL12B;MYL6;RHOA;MYH9;REXO2;YWHAB;YWHAQ;RHOB;PKN1;YWHAG;RHOC;YWHAE;MYL9;KDM1A;PDPK1;YWHAH,C-TAL
prerank,Reactome_2022__VLDLR Internalisation And Degradation R-HSA-8866427,0.899340775680015,1.186587719773531,0.0804851157662624,0.28634058104765775,1.0,12/16,8.48%,UBC;UBB;AP2M1;RPS27A;CLTC;UBA52;AP2S1;CLTA;NR1H2;VLDLR;MYLIP;AP2B1,C-TAL
prerank,Reactome_2022__MTOR Signaling R-HSA-165159,0.8399063845973729,1.186330133446768,0.04334038054968287,0.28678476095022076,1.0,28/41,12.37%,LAMTOR5;RPS6;LAMTOR4;LAMTOR1;LAMTOR2;YWHAB;EIF4G1;RRAGA;FKBP1A;RHEB;PRKAA1;AKT2;PRKAA2;EIF4B;AKT1;CAB39;LAMTOR3;AKT1S1;PPM1A;EIF4EBP1;TSC2;PRKAG1;RRAGC;PRKAG2;EIF4E;MLST8;MTOR;PRKAB2,C-TAL
prerank,Reactome_2022__Chaperone Mediated Autophagy R-HSA-9613829,0.8823490531938543,1.1859036806164833,0.06319290465631928,0.28862130588305507,1.0,10/20,5.93%,UBC;UBB;PARK7;RPS27A;EEF1A1;UBA52;LAMP2;HSPA8;HSP90AA1;HSP90AB1,C-TAL
prerank,Reactome_2022__Signaling By TGFB Family Members R-HSA-9006936,0.8092257363495329,1.1845563100265837,0.017137096774193547,0.29726136652865504,1.0,60/119,12.90%,UBC;UBB;NEDD8;RPS27A;RHOA;YBX1;ITGB1;ITGAV;DRAP1;UBA52;STUB1;PPP1CA;UBE2M;FURIN;LTBP3;FKBP1A;CGN;HDAC1;F11R;UBE2D3;ZFYVE16;PARD6A;TGIF1;BMPR2;ITGB5;E2F4;LTBP1;PPP1CC;BAMBI;UCHL5;NCOR2;PARP1;SMAD5;ACVR1B;NCOR1;SMAD7;CCNK;WWTR1;MAPK3;SNW1;MAPK1;ITGB8;PPM1A;SMAD3;SMAD4;TRIM33;STAT1;TFDP1;PRKCZ;TGFBR1;SKIL;CCNC;ARHGEF18;PPP1CB;TFDP2;EP300;FSTL1;TGIF2;SMAD1;CDK9,C-TAL
prerank,Reactome_2022__Cooperation Of Prefoldin And TriC/CCT In Actin And Tubulin Folding R-HSA-389958,0.8671508306393346,1.1844587447064734,0.029978586723768737,0.29661179927526615,1.0,19/33,9.49%,TUBB;TUBB4B;PFDN5;CCT7;TUBA1B;TCP1;PFDN2;CCT6A;CCT4;CCT5;CCT2;CCT3;TUBA1C;TUBA4A;PFDN4;PFDN1;CCT8;VBP1;PFDN6,C-TAL
prerank,Reactome_2022__Signaling By ERBB2 KD Mutants R-HSA-9664565,-0.6743542770257204,-1.1841567470447014,0.2463768115942029,0.8482629636903355,1.0,5/24,1.34%,ERBB4;EGF;NRG1;NRG3;PIK3R1,C-TAL
prerank,"Reactome_2022__Synthesis, Secretion, And Inactivation Of Glucose-dependent Insulinotropic Polypeptide (GIP) R-HSA-400511",0.8940967363554593,1.1838922160759708,0.09389140271493213,0.2994130458857839,1.0,6/13,10.39%,SPCS1;SEC11A;SEC11C;SPCS3;DPP4;SPCS2,C-TAL
prerank,Reactome_2022__Advanced Glycosylation Endproduct Receptor Signaling R-HSA-879415,0.8939369101886716,1.1837468955255488,0.09750566893424037,0.2992128400227629,1.0,8/13,9.37%,APP;CAPZA2;PRKCSH;DDOST;HMGB1;MAPK3;MAPK1;CAPZA1,C-TAL
prerank,MSigDB_Hallmark_2020__Protein Secretion,0.818738472522571,1.18360932964136,0.010309278350515464,0.06805693882666992,0.445,62/96,12.12%,AP2M1;CD63;TSPAN8;BNIP3;CLTC;LMAN1;KRT18;COPE;SOD1;AP2S1;RAB14;ARF1;TMED2;LAMP2;RER1;CLTA;GNAS;RAB2A;TMED10;NAPA;ATP1A1;RAB9A;CLN5;RAB22A;M6PR;SCAMP3;YIPF6;CTSC;STX12;COPB2;SCRN1;ARCN1;RAB5A;SCAMP1;TPD52;PPT1;TMX1;YKT6;SNX2;ADAM10;IGF2R;VPS4B;TSG101;ERGIC3;EGFR;VAMP3;GOSR2;COPB1;STX16;STX7;AP2B1;VAMP7;SEC31A;USO1;MAPK1;COG2;ANP32E;SEC22B;SSPN;RPS6KA3;AP1G1;ARFGAP3,C-TAL
prerank,Reactome_2022__Diseases Of Programmed Cell Death R-HSA-9645723,0.841835897596169,1.1835923338088452,0.04695837780149413,0.29908739518903843,1.0,13/42,7.56%,PRDX1;APP;PRDX2;CAPNS1;CAPN1;C1QBP;JUN;LMNA;SUZ12;CAPN2;YWHAE;RBBP7;GOLGA2,C-TAL
prerank,Reactome_2022__Glycogen Metabolism R-HSA-8982491,0.8700907329636399,1.1832022864036733,0.06073752711496746,0.300695513770615,1.0,10/24,8.19%,UBC;UBB;CALM1;RPS27A;UBA52;GAA;UGP2;PGM1;AGL;PYGB,C-TAL
prerank,Reactome_2022__Metabolism Of Nitric Oxide: NOS3 Activation And Regulation R-HSA-202131,0.8888162873967749,1.1831922990131096,0.09320175438596491,0.2994829010924105,1.0,9/15,9.37%,CALM1;DNM2;LYPLA1;HSP90AA1;AKT1;NOSIP;WASL;DDAH2;DDAH1,C-TAL
prerank,Reactome_2022__mTORC1-mediated Signaling R-HSA-166208,0.8671376778605334,1.183172140977478,0.06493506493506493,0.2983527112755982,1.0,18/24,12.11%,LAMTOR5;RPS6;LAMTOR4;LAMTOR1;LAMTOR2;YWHAB;EIF4G1;RRAGA;FKBP1A;RHEB;EIF4B;LAMTOR3;AKT1S1;EIF4EBP1;RRAGC;EIF4E;MLST8;MTOR,C-TAL
prerank,Reactome_2022__Regulation Of NF-kappa B Signaling R-HSA-9758274,0.8853852329336144,1.183128918462684,0.07894736842105263,0.29745171440530926,1.0,4/18,1.21%,UBC;UBB;RPS27A;UBA52,C-TAL
prerank,Reactome_2022__Mitochondrial Calcium Ion Transport R-HSA-8949215,0.8749900063329012,1.183082438005497,0.06054054054054054,0.29653729315136085,1.0,15/21,9.57%,VDAC2;SMDT1;STOML2;AFG3L2;PHB2;VDAC1;YME1L1;MICU2;SPG7;AKAP1;LETM1;PMPCB;SLC8B1;PMPCA;PARL,C-TAL
prerank,Reactome_2022__Suppression Of Phagosomal Maturation R-HSA-9637687,0.9009983824201325,1.1828330173061496,0.1036036036036036,0.2969958037480562,1.0,7/13,6.68%,UBC;UBB;RPS27A;UBA52;KPNB1;RAB5A;HGS,C-TAL
prerank,Reactome_2022__Recognition Of DNA Damage By PCNA-containing Replication Complex R-HSA-110314,0.8593748547593167,1.182455384002346,0.05723542116630669,0.2985055769213244,1.0,16/30,10.51%,UBC;UBB;RPS27A;RBX1;UBA52;RPA3;DDB1;UBE2B;POLD2;POLE4;POLD4;PCNA;POLE3;CUL4B;WDR48;USP1,C-TAL
prerank,Reactome_2022__Signaling By NOTCH4 R-HSA-9013694,0.8156006127927513,1.1823963309091396,0.023711340206185566,0.29761895972534974,1.0,58/80,12.47%,UBC;UBB;PSMB6;RPS27A;RBX1;PSMA7;PSMD8;PSMB5;UBA52;PSMB1;SKP1;APH1A;PSMA1;PSMA6;PSMA2;PSMC5;PSME1;PSMD9;PSMB4;PSME2;PSMA4;PSMA5;PSMB2;JAG1;PSMB3;PSMB7;SEM1;PSMD14;PSMD13;NCSTN;AKT1;PSMC1;PSMC4;PSMD2;PSMC2;PSMF1;PSMD11;PSMD6;PSMC3;PSMA3;PSEN1;ADAM10;PSMC6;PSMD7;PSMD4;TACC3;PSMD12;SNW1;SMAD3;PSMD3;PSMB8;PSENEN;RBPJ;PSME3;PSMD10;NOTCH1;EP300;APH1B,C-TAL
prerank,Reactome_2022__Signaling By TGF-beta Receptor Complex R-HSA-170834,0.8131910910096679,1.1820388424892314,0.019269776876267748,0.2988117085696771,1.0,52/91,12.46%,UBC;UBB;NEDD8;RPS27A;RHOA;YBX1;ITGB1;ITGAV;UBA52;STUB1;PPP1CA;UBE2M;FURIN;LTBP3;FKBP1A;CGN;HDAC1;F11R;UBE2D3;PARD6A;TGIF1;ITGB5;E2F4;LTBP1;PPP1CC;BAMBI;UCHL5;NCOR2;PARP1;NCOR1;SMAD7;CCNK;WWTR1;MAPK3;SNW1;MAPK1;ITGB8;PPM1A;SMAD3;SMAD4;TRIM33;STAT1;TFDP1;PRKCZ;TGFBR1;SKIL;CCNC;ARHGEF18;PPP1CB;TFDP2;EP300;TGIF2,C-TAL
prerank,MSigDB_Hallmark_2020__Allograft Rejection,0.7977468917131111,1.1819649285528666,0.002,0.06553385231407143,0.458,37/196,11.32%,RPS9;B2M;RPS19;CD74;RPS3A;RPL9;THY1;HLA-A;NPM1;TAPBP;EIF5A;HLA-DRA;NME1;RPL39;HLA-E;CAPG;HIF1A;MRPL3;AKT1;EIF3J;FLNA;EIF3A;UBE2N;TPD52;ABCE1;IFNGR2;EIF3D;EGFR;GALNT1;DEGS1;SOCS1;MTIF2;IFNGR1;CSK;STAT1;HLA-DMA;HLA-DMB,C-TAL
prerank,Reactome_2022__Olfactory Signaling Pathway R-HSA-381753,0.7919021369923668,1.1818757605292094,0.001,0.29878371538689885,1.0,1/385,3.56%,GNB1,C-TAL
prerank,Reactome_2022__RAB Geranylgeranylation R-HSA-8873719,0.826837450264097,1.1813727967196073,0.03494347379239465,0.30128670514066797,1.0,26/62,10.12%,RAB17;RAB13;RAB14;PTP4A2;RAB1B;RAB25;RAB2A;RAB5C;RAB18;RAB9A;RAB1A;RAB22A;RAB5B;RAB11A;RAB34;RAB8A;RAB5A;RAB4A;RAB6A;RABGGTB;RAB29;RAB35;RAB40B;RAB32;RAB7A;RAB21,C-TAL
prerank,Reactome_2022__N-glycan Trimming In ER And Calnexin/Calreticulin Cycle R-HSA-532668,0.859957171573996,1.1806120281656414,0.0413135593220339,0.30552159880999424,1.0,24/34,9.99%,UBC;UBB;AMFR;RPS27A;UBA52;RNF5;VCP;UBXN1;OS9;GANAB;PRKCSH;DERL2;PSMC1;SEL1L;MLEC;PDIA3;CALR;RAD23B;MAN1B1;TRIM13;MOGS;SYVN1;DERL1;EDEM3,C-TAL
prerank,Reactome_2022__HSF1-dependent Transactivation R-HSA-3371571,0.8523945212010375,1.1803572449380144,0.04416403785488959,0.3061256131527143,1.0,22/36,12.50%,UBB;HSBP1;CRYAB;HSPA2;HSF1;DNAJB6;HSPA1A;MRPL18;HSPA8;PTGES3;HSP90AA1;HSP90AB1;FKBP4;AKT1S1;DNAJB1;SERPINH1;CAMK2G;MLST8;MTOR;EP300;TNFRSF21;DEDD2,C-TAL
prerank,MSigDB_Hallmark_2020__Unfolded Protein Response,0.8034033031774999,1.1801523614534442,0.018274111675126905,0.06419383986001194,0.489,65/110,13.88%,RPS14;HERPUD1;SPCS1;HSPA9;SEC11A;EEF2;PDIA6;NPM1;EIF4A1;SPCS3;EIF4G1;ATP6V0D1;SSR1;LSM4;YIF1A;KIF5B;XBP1;NHP2;HSPA5;BANF1;BAG3;SRPRA;FUS;EIF2S1;EIF4A3;EXOSC4;NFYB;LSM1;POP4;PAIP1;DNAJB9;IMP3;DCTN1;WFS1;CALR;ATF4;SLC30A5;VEGFA;EIF4A2;TTC37;KHSRP;CKS1B;NOLC1;SERP1;CXXC1;SRPRB;GOSR2;HYOU1;DCP2;SEC31A;SLC7A5;ATF6;DNAJC3;EIF4EBP1;ARFGAP1;XPOT;NOP56;IFIT1;EIF4E;PREB;EDC4;DCP1A;CEBPG;TATDN2;TUBB2A,C-TAL
prerank,Reactome_2022__Chk1/Chk2(Cds1) Mediated Inactivation Of Cyclin B:Cdk1 Complex R-HSA-75035,0.8915444438853704,1.1800361632392877,0.08542141230068337,0.30728790103804177,1.0,7/13,9.10%,REXO2;YWHAB;YWHAQ;YWHAG;YWHAE;YWHAH;WEE1,C-TAL
prerank,Reactome_2022__C-type Lectin Receptors (CLRs) R-HSA-5621481,0.8011515927454049,1.1800208891238637,0.019133937562940583,0.30616487891241095,1.0,61/139,12.17%,UBC;UBB;CALM1;PSMB6;RPS27A;PSMA7;PSMD8;PSMB5;UBA52;PSMB1;SKP1;PSMA1;PSMA6;PSMA2;PSMC5;PSME1;PSMD9;UBE2M;PSMB4;MUC15;PSME2;PSMA4;PSMA5;PSMB2;PSMB3;UBE2V1;UBE2D2;PSMB7;PKN1;SEM1;PSMD14;PSMD13;HRAS;PSMC1;PSMC4;PSMD2;PSMC2;PSMF1;UBE2N;PSMD11;PSMD6;PSMC3;PSMA3;PSMC6;PSMD7;NFKBIA;PSMD4;PDPK1;PSMD12;PSMD3;AHCYL1;PSMB8;UBA3;RELA;PSME3;MUC20;PSMD10;PRKACB;BCL10;ITPR3;EP300,C-TAL
prerank,MSigDB_Hallmark_2020__Xenobiotic Metabolism,0.7982820078577442,1.179835212738971,0.003006012024048096,0.05975731214049066,0.495,63/197,11.29%,CA2;RAP1GAP;NINJ1;SPINT2;CBR1;COMT;CAT;CNDP2;PGRMC1;ECH1;LPIN2;NDRG2;SLC6A12;PINK1;JUP;DDT;ACP1;TMBIM6;ARG2;DHRS7;PTGR1;SAR1B;GSTO1;PTS;BLVRB;ADH5;EPHX1;SERPINA6;PTGES3;DHPS;DCXR;GABARAPL1;SSR3;NMT1;MAOA;ALDH9A1;ARPP19;ATP2A2;ACO2;PGD;CROT;BCAR1;DDAH2;IDH1;POR;ACOX1;TMEM176B;SLC35B1;ALDH2;LONP1;CYFIP2;ENTPD5;MCCC2;TKFC;GSR;SERTAD1;TNFRSF1A;ACP2;GSS;SLC12A4;MTHFD1;RETSAT;PMM1,C-TAL
prerank,Reactome_2022__Inactivation Of CSF3 (G-CSF) Signaling R-HSA-9705462,0.8667071747958423,1.1793401662458642,0.07204301075268817,0.30996616291102563,1.0,9/25,4.83%,UBC;UBB;ELOB;RPS27A;UBA52;RNF7;ELOC;UBE2D2;UBE2D3,C-TAL
prerank,Reactome_2022__Folding Of Actin By CCT/TriC R-HSA-390450,0.9055282444820592,1.1792184395050223,0.12009512485136742,0.30967400185110483,1.0,8/10,8.80%,CCT7;TCP1;CCT6A;CCT4;CCT5;CCT2;CCT3;CCT8,C-TAL
prerank,Reactome_2022__SLBP Independent Processing Of Histone Pre-mRNAs R-HSA-111367,0.902227587337702,1.1787261988424007,0.10545023696682465,0.3120673336040459,1.0,7/10,8.70%,SNRPG;SNRPE;SNRPB;SNRPF;SNRPD3;NCBP2;LSM10,C-TAL
prerank,MSigDB_Hallmark_2020__heme Metabolism,0.7979067082025443,1.1785355898552359,0.006012024048096192,0.05830168530629922,0.512,90/194,15.01%,CA2;BCAM;RAP1GAP;CAT;PRDX2;LPIN2;SELENBP1;MGST3;BSG;TMEM9B;HDGF;LRP10;CTSB;NCOA4;GLRX5;NFE2L1;TCEA1;RAD23A;HAGH;NUDT4;PSMD9;LAMP2;YPEL5;BNIP3L;HEBP1;SEC14L1;PGLS;DMTN;CCDC28A;BLVRB;VEZF1;CAST;SDCBP;DCAF11;MKRN1;FBXO7;EIF2AK1;ADIPOR1;ADD1;MXI1;SLC2A1;GDE1;UCP2;RIOK3;ISCA1;NARF;PIGQ;OPTN;GYPC;ARL2BP;UBAC1;UROS;FBXO9;TFRC;BPGM;SLC6A8;UROD;SLC25A38;GMPS;MPP1;SLC25A37;CIR1;ATP6V0A1;SLC11A2;AQP3;TFDP2;ALDH6A1;HTRA2;DCUN1D1;ALAD;RNF123;EZH1;GCLM;PPOX;PPP2R5B;BTG2;CDC27;TNS1;BLVRA;FN3K;SLC30A1;HMBS;MAP2K3;GAPVD1;PDZK1IP1;ATG4A;RBM5;CTNS;DCAF10;SIDT2,C-TAL
prerank,Reactome_2022__Translation Of Structural Proteins R-HSA-9683701,0.854061784659409,1.1780810810991043,0.0668824163969795,0.315847319864475,1.0,13/30,8.81%,UBC;UBB;RPS27A;SUMO1;UBA52;ST3GAL4;GANAB;UBE2I;PRKCSH;PARP14;GSK3A;GALNT1;MOGS,C-TAL
prerank,Reactome_2022__Pyruvate Metabolism And Citric Acid (TCA) Cycle R-HSA-71406,0.8320737586693098,1.177961528175391,0.034161490683229816,0.31554320942079817,1.0,28/54,10.92%,LDHA;MPC2;MDH2;BSG;LDHB;SDHD;HAGH;SDHA;IDH2;PDK3;PDHA1;PDHB;PDK2;GLO1;SUCLG1;IDH3G;SDHB;VDAC1;ACO2;CS;DLST;IDH3B;PDPK1;OGDH;RXRA;GSTZ1;FAHD1;SUCLA2,C-TAL
prerank,Reactome_2022__WNT Ligand Biogenesis And Trafficking R-HSA-3238698,0.852022142106609,1.1777381603573833,0.07872340425531915,0.3159230508948909,1.0,7/26,9.66%,WNT7B;VPS29;TMED5;SNX3;VPS35;VPS26A;WNT11,C-TAL
prerank,Reactome_2022__Erythrocytes Take Up Carbon Dioxide And Release Oxygen R-HSA-1237044,0.9043754552414296,1.1771907365975052,0.10388127853881278,0.3186778897091332,1.0,3/11,7.15%,CA2;CYB5R1;CA4,C-TAL
prerank,"Reactome_2022__Gamma-carboxylation, Transport, And Amino-Terminal Cleavage Of Proteins R-HSA-159854",0.9047145066191877,1.1771831033873559,0.1087962962962963,0.31749071144571384,1.0,3/11,7.46%,GAS6;FURIN;GGCX,C-TAL
prerank,Reactome_2022__G2/M Transition R-HSA-69275,0.7947305109120372,1.177160108720764,0.006036217303822937,0.3164335039130274,1.0,80/181,12.17%,UBC;UBB;PSMB6;TUBB;RPS27A;TUBB4B;RBX1;PSMA7;SSNA1;PSMD8;PSMB5;UBA52;PSMB1;SKP1;PSMA1;PSMA6;PSMA2;DYNC1H1;PSMC5;MZT2B;DCTN2;PSME1;PSMD9;PSMB4;TUBGCP2;DYNLL1;PSME2;PSMA4;PSMA5;MZT2A;PSMB2;CETN2;DCTN3;PPP2R1A;PSMB3;DYNC1I2;PAFAH1B1;PSMB7;ACTR1A;YWHAG;HSP90AA1;SEM1;PSMD14;PSMD13;PPP2CB;PSMC1;PSMC4;PSMD2;PSMC2;RAB8A;HSP90AB1;DCTN1;PSMF1;YWHAE;OPTN;PSMD11;PSMD6;PSMC3;TUBA4A;PSMA3;MAPRE1;PPP2CA;PSMC6;PSMD7;PSMD4;CSNK1D;CSNK1E;PSMD12;WEE1;PSMD3;MZT1;PSMB8;CEP290;CDC25B;PSME3;PSMD10;PPP1CB;CKAP5;EP300;TUBG1,C-TAL
prerank,Reactome_2022__M Phase R-HSA-68886,0.7882263942146879,1.1771231309218317,0.001,0.31545821074299973,1.0,163/345,14.79%,UBC;UBB;PSMB6;TUBB;RPS27A;TUBB4B;SET;RAN;PSMA7;SSNA1;PSMD8;RPS27;LPIN2;SUMO1;PSMB5;UBA52;TUBA1B;CHMP2A;ANAPC11;PSMB1;PSMA1;PSMA6;PSMA2;DYNC1H1;PSMC5;MZT2B;DCTN2;PSME1;PSMD9;RAB1B;PSMB4;TUBGCP2;CSNK2B;DYNLL1;PSME2;KPNB1;ANAPC5;NUDC;PSMA4;PSMA5;RAB2A;LMNA;MZT2A;PSMB2;CETN2;DCTN3;ANAPC15;PPP2R1A;UBE2I;PSMB3;ENSA;DYNC1LI2;DYNC1I2;RAD21;PAFAH1B1;PSMB7;CHMP4B;TMPO;RAB1A;CHMP2B;CTDNEP1;TPR;ACTR1A;YWHAG;HSP90AA1;SEM1;BANF1;PSMD14;RANBP2;PSMD13;PPP2CB;IST1;PSMC1;NUMA1;CDC26;PSMC4;ANAPC16;VPS4A;PSMD2;PSMC2;ARPP19;DCTN1;PSMF1;LBR;SMC3;GORASP2;YWHAE;TUBA1C;PPP1CC;PSMD11;PSMD6;DYNLL2;PSMC3;TUBA4A;PSMA3;SKA2;MAPRE1;PPP2CA;PSMC6;PSMD7;ANKLE2;GOLGA2;BUB3;PSMD4;PPP2R5C;SMC1A;RB1;CSNK1D;CDC23;RCC2;RANGAP1;LPIN1;CSNK1E;PSMD12;MAPK3;EMD;USO1;MAPK1;PSMD3;SEC13;MZT1;PSMB8;SIRT2;CHMP6;CEP290;KMT5A;CDC16;NUP160;NUP50;DYNC1LI1;PSME3;PSMD10;LEMD2;NCAPD3;CKAP5;CHMP4C;NUP62;TUBG1;AKAP9;PHF8;PPP2R5D;PPP2R2D;PPP2R5E;ANAPC7;NUP42;MAU2;CENPT;PPP2R5B;CDC27;WAPL;PCNT;TUBGCP4;TUBB2A;HAUS4;PPP2R1B;NUP93;CEP78;CHMP7;PRKAR2B;MAD1L1;NDC1;CSNK2A2;PSMB10,C-TAL
prerank,Reactome_2022__CLEC7A (Dectin-1) Signaling R-HSA-5607764,0.8097607790190576,1.176990890501843,0.022610483042137718,0.31519744992174803,1.0,55/99,12.01%,UBC;UBB;CALM1;PSMB6;RPS27A;PSMA7;PSMD8;PSMB5;UBA52;PSMB1;SKP1;PSMA1;PSMA6;PSMA2;PSMC5;PSME1;PSMD9;UBE2M;PSMB4;PSME2;PSMA4;PSMA5;PSMB2;PSMB3;UBE2V1;UBE2D2;PSMB7;SEM1;PSMD14;PSMD13;PSMC1;PSMC4;PSMD2;PSMC2;PSMF1;UBE2N;PSMD11;PSMD6;PSMC3;PSMA3;PSMC6;PSMD7;NFKBIA;PSMD4;PDPK1;PSMD12;PSMD3;AHCYL1;PSMB8;UBA3;RELA;PSME3;PSMD10;BCL10;ITPR3,C-TAL
prerank,Reactome_2022__Chaperonin-mediated Protein Folding R-HSA-390466,0.8117849761742997,1.1768831468723078,0.03192584963954686,0.3148194048190357,1.0,39/89,11.18%,TUBB;TUBB4B;GNG5;PFDN5;FBXW5;CCT7;TUBA1B;GNB2;TCP1;FKBP9;PFDN2;CSNK2B;CCT6A;CCT4;CCT5;CCT2;GNB1;XRN2;KIFC3;GNA11;FBXL3;CCT3;GNG10;TUBA1C;TUBA4A;PFDN4;DCAF7;FBXW2;PFDN1;CCT8;VBP1;FBXW4;HDAC3;PFDN6;FBXL5;STAT3;GNG12;NOP56;PDCL,C-TAL
prerank,Reactome_2022__Mitotic G2-G2/M Phases R-HSA-453274,0.7944817190499519,1.17668718686689,0.006036217303822937,0.31503462944084604,1.0,80/183,12.17%,UBC;UBB;PSMB6;TUBB;RPS27A;TUBB4B;RBX1;PSMA7;SSNA1;PSMD8;PSMB5;UBA52;PSMB1;SKP1;PSMA1;PSMA6;PSMA2;DYNC1H1;PSMC5;MZT2B;DCTN2;PSME1;PSMD9;PSMB4;TUBGCP2;DYNLL1;PSME2;PSMA4;PSMA5;MZT2A;PSMB2;CETN2;DCTN3;PPP2R1A;PSMB3;DYNC1I2;PAFAH1B1;PSMB7;ACTR1A;YWHAG;HSP90AA1;SEM1;PSMD14;PSMD13;PPP2CB;PSMC1;PSMC4;PSMD2;PSMC2;RAB8A;HSP90AB1;DCTN1;PSMF1;YWHAE;OPTN;PSMD11;PSMD6;PSMC3;TUBA4A;PSMA3;MAPRE1;PPP2CA;PSMC6;PSMD7;PSMD4;CSNK1D;CSNK1E;PSMD12;WEE1;PSMD3;MZT1;PSMB8;CEP290;CDC25B;PSME3;PSMD10;PPP1CB;CKAP5;EP300;TUBG1,C-TAL
prerank,Reactome_2022__Prefoldin Mediated Transfer Of Substrate To CCT/TriC R-HSA-389957,0.8641885870785432,1.1765107360336973,0.04086021505376344,0.3153245814244489,1.0,18/28,9.49%,TUBB;TUBB4B;PFDN5;CCT7;TCP1;PFDN2;CCT6A;CCT4;CCT5;CCT2;CCT3;TUBA1C;TUBA4A;PFDN4;PFDN1;CCT8;VBP1;PFDN6,C-TAL
prerank,Reactome_2022__Regulated Necrosis R-HSA-5218859,0.8237881283391384,1.176465391556037,0.05323590814196242,0.31449386937431856,1.0,26/56,12.02%,UBC;UBB;RPS27A;CYCS;UBA52;STUB1;CHMP2A;TNFSF10;GSDMD;SDCBP;CHMP4B;CHMP2B;HSP90AA1;BIRC2;FLOT2;HMGB1;FLOT1;BAX;CDC37;FASN;CFLAR;CHMP6;RRM1;XIAP;PDCD6IP;CHMP4C,C-TAL
prerank,Reactome_2022__Transcription-Coupled Nucleotide Excision Repair (TC-NER) R-HSA-6781827,0.8207032200568279,1.1763956963445032,0.02032520325203252,0.3138362252465363,1.0,48/76,12.93%,UBC;UBB;POLR2L;RPS27A;RBX1;UBA52;POLR2J;TCEA1;POLR2I;POLR2K;GTF2H5;COPS6;POLR2E;HMGN1;RPA3;POLR2F;DDB1;POLR2A;COPS8;GPS1;GTF2H2;POLD2;ERCC1;COPS5;POLE4;COPS7A;POLR2C;POLD4;POLR2H;PCNA;XPA;COPS2;POLE3;CUL4B;XAB2;USP7;AQR;PPIE;COPS4;POLR2G;POLR2B;COPS3;EP300;ERCC3;CUL4A;ERCC5;ZNF830;XRCC1,C-TAL
prerank,Reactome_2022__RIPK1-mediated Regulated Necrosis R-HSA-5213460,0.8477553841598088,1.1751204002543527,0.08145766345123258,0.3222785833901047,1.0,17/31,11.58%,UBC;UBB;RPS27A;UBA52;STUB1;TNFSF10;SDCBP;HSP90AA1;BIRC2;FLOT2;FLOT1;CDC37;FASN;CFLAR;RRM1;XIAP;PDCD6IP,C-TAL
prerank,Reactome_2022__HSF1 Activation R-HSA-3371511,0.8601707668981994,1.1746269228847093,0.0627659574468085,0.32466189367403187,1.0,16/29,8.35%,UBB;HSBP1;EEF1A1;HSF1;DNAJB6;VCP;HSPA1A;MRPL18;RPA3;PTGES3;HSP90AA1;HSP90AB1;YWHAE;FKBP4;DNAJB1;SERPINH1,C-TAL
prerank,Reactome_2022__ER To Golgi Anterograde Transport R-HSA-199977,0.7944446572320512,1.174531195140317,0.012072434607645875,0.3242544694639252,1.0,77/133,12.62%,CD59;SERPINA1;KDELR1;LMAN1;COPE;TMED9;COPZ1;SPTAN1;DYNC1H1;TMED3;TMED2;LMAN2;TRAPPC5;DCTN2;ANK2;TRAPPC1;GOLGB1;RAB1B;CAPZA2;DYNLL1;SAR1B;CAPZB;DCTN3;CTSZ;TRAPPC2L;KDELR2;DYNC1LI2;DYNC1I2;TRAPPC4;TMEM115;MCFD2;ARF3;RAB1A;ACTR1A;TMED7;CTSC;COPB2;PPP6R1;ARF4;TRAPPC6A;TRAPPC3;PTGES2;DCTN1;ARCN1;SPTBN1;ARFGAP2;DYNLL2;YKT6;DCTN6;CNIH1;GOLGA2;SEC22C;GOSR2;COPB1;ACTR10;PPP6C;COG8;CSNK1D;BET1L;TFG;COPA;SEC31A;USO1;CAPZA1;MIA3;COG2;SEC13;ARF5;ARFGAP1;SEC22B;DYNC1LI1;TBC1D20;SEC16A;ARFGAP3;PREB;COPZ2;SEC24C,C-TAL
prerank,Reactome_2022__Nucleotide Excision Repair R-HSA-5696398,0.8113117661983794,1.174372030614962,0.01417004048582996,0.3242756606292782,1.0,64/107,13.64%,UBC;UBB;SUMO2;POLR2L;RPS27A;RBX1;SUMO1;UBA52;POLR2J;TCEA1;POLR2I;RAD23A;POLR2K;GTF2H5;COPS6;POLR2E;HMGN1;CETN2;RPA3;UBE2I;POLR2F;DDB1;POLR2A;COPS8;GPS1;GTF2H2;POLD2;ERCC1;COPS5;POLE4;UBE2N;COPS7A;MCRS1;POLR2C;YY1;POLD4;POLR2H;PCNA;ACTL6A;RAD23B;XPA;COPS2;PARP1;POLE3;CUL4B;XAB2;USP7;AQR;INO80E;UBE2V2;PPIE;COPS4;POLR2G;POLR2B;COPS3;EP300;ERCC3;CUL4A;ERCC5;ZNF830;XRCC1;POLR2D;XPC;RUVBL1,C-TAL
prerank,"Reactome_2022__Unblocking Of NMDA Receptors, Glutamate Binding And Activation R-HSA-438066",0.8679657832974058,1.1743609251693934,0.08729281767955802,0.323162373007053,1.0,1/21,0.14%,CALM1,C-TAL
prerank,Reactome_2022__APC/C:Cdc20 Mediated Degradation Of Cyclin B R-HSA-174048,0.8630229698576156,1.174223623927818,0.08287895310796074,0.3229799719800119,1.0,9/24,5.65%,UBC;UBB;RPS27A;UBA52;ANAPC11;ANAPC5;ANAPC15;CDC26;ANAPC16,C-TAL
prerank,Reactome_2022__Formation Of TC-NER Pre-Incision Complex R-HSA-6781823,0.8331474468102797,1.1741519768898414,0.04045643153526971,0.32224519177525934,1.0,39/51,12.85%,UBC;UBB;POLR2L;RPS27A;RBX1;UBA52;POLR2J;TCEA1;POLR2I;POLR2K;GTF2H5;COPS6;POLR2E;HMGN1;POLR2F;DDB1;POLR2A;COPS8;GPS1;GTF2H2;COPS5;COPS7A;POLR2C;POLR2H;XPA;COPS2;CUL4B;XAB2;USP7;AQR;PPIE;COPS4;POLR2G;POLR2B;COPS3;EP300;ERCC3;CUL4A;ZNF830,C-TAL
prerank,Reactome_2022__Signaling By B Cell Receptor (BCR) R-HSA-983705,0.8051570649272345,1.1737442355467214,0.02553626149131767,0.32415289821619836,1.0,49/108,9.58%,UBC;UBB;CALM1;PSMB6;RPS27A;PSMA7;PSMD8;CLSTN1;PPIA;PSMB5;UBA52;PSMB1;SKP1;PSMA1;PSMA6;PSMA2;PSMC5;PSME1;PSMD9;PSMB4;PSME2;PSMA4;PSMA5;PSMB2;FKBP1A;PSMB3;PSMB7;SEM1;PSMD14;PSMD13;ORAI2;HRAS;PSMC1;PSMC4;PSMD2;PSMC2;PSMF1;PSMD11;PSMD6;PSMC3;PSMA3;PSMC6;PSMD7;NFKBIA;PSMD4;GRB2;PSMD12;PSMD3;AHCYL1,C-TAL
prerank,Reactome_2022__COPI-independent Golgi-to-ER Retrograde Traffic R-HSA-6811436,0.8431974624682342,1.1736527881768475,0.061246040126715945,0.3236793803866557,1.0,22/34,10.89%,DYNC1H1;DCTN2;CAPZA2;DYNLL1;RAB18;CAPZB;DCTN3;DYNC1LI2;DYNC1I2;PAFAH1B1;AGPAT3;ACTR1A;DCTN1;DYNLL2;PAFAH1B3;DCTN6;RAB6A;GALNT1;ACTR10;PAFAH1B2;CAPZA1;DYNC1LI1,C-TAL
prerank,Reactome_2022__COPI-dependent Golgi-to-ER Retrograde Traffic R-HSA-6811434,0.8129898427989186,1.1734444987426786,0.025879917184265012,0.3240490544193154,1.0,34/78,12.44%,KDELR1;COPE;TMED9;COPZ1;TMED3;TMED2;RAB1B;KIF1C;SURF4;KIF5B;KDELR2;ARF3;RAB1A;KIF9;TMED7;UBE2Z;COPB2;ARF4;PTGES2;ARCN1;ARFGAP2;KIF12;KIF22;KIF3B;KIF3A;COPB1;COPA;KIF21A;ARF5;ARFGAP1;SEC22B;ARFGAP3;KLC4;COPZ2,C-TAL
prerank,Reactome_2022__Termination Of Translesion DNA Synthesis R-HSA-5656169,0.8518215079827042,1.1732968418671317,0.059574468085106386,0.3238849340360364,1.0,10/32,7.54%,UBC;UBB;RPS27A;UBA52;RPA3;POLD2;POLE4;POLD4;PCNA;POLE3,C-TAL
prerank,Reactome_2022__DNA Damage Bypass R-HSA-73893,0.8294535608158723,1.1723298093121164,0.05590717299578059,0.32999949660882144,1.0,20/48,10.88%,UBC;UBB;RPS27A;RBX1;UBA52;VCP;RPA3;DDB1;UBE2B;POLD2;POLE4;POLD4;PCNA;POLE3;CUL4B;UFD1;WDR48;NPLOC4;USP1;TRIM25,C-TAL
prerank,Reactome_2022__EPHA-mediated Growth Cone Collapse R-HSA-3928663,0.88501081706123,1.1722754338414558,0.10419026047565119,0.3291794198511509,1.0,6/15,7.22%,MYL12B;MYL6;RHOA;MYH9;YES1;MYL9,C-TAL
prerank,Reactome_2022__Attenuation Phase R-HSA-3371568,0.8598197155358908,1.1722706507585647,0.07717041800643087,0.3280522167003192,1.0,14/26,8.35%,UBB;HSBP1;HSPA2;HSF1;DNAJB6;HSPA1A;MRPL18;HSPA8;PTGES3;HSP90AA1;HSP90AB1;FKBP4;DNAJB1;SERPINH1,C-TAL
prerank,Reactome_2022__PIWI-interacting RNA (piRNA) Biogenesis R-HSA-5601884,0.8589384918761531,1.1717587874102326,0.0688912809472551,0.33080166602441036,1.0,10/29,6.64%,POLR2L;POLR2J;POLR2I;POLR2K;POLR2E;POLR2F;POLR2A;HSP90AA1;POLR2C;POLR2H,C-TAL
prerank,Reactome_2022__SMAD2/SMAD3:SMAD4 Heterotrimer Regulates Transcription R-HSA-2173796,0.8470072971167592,1.17125574416577,0.059447983014861996,0.333438522242691,1.0,22/36,12.90%,UBC;UBB;RPS27A;YBX1;UBA52;FURIN;HDAC1;TGIF1;E2F4;SMAD7;CCNK;WWTR1;MAPK3;MAPK1;SMAD3;SMAD4;TFDP1;CCNC;TFDP2;EP300;TGIF2;CDK9,C-TAL
prerank,Reactome_2022__Transport To Golgi And Subsequent Modification R-HSA-948021,0.7878839874204693,1.1711251231016495,0.010030090270812437,0.333109116510128,1.0,86/164,12.62%,CD59;SERPINA1;KDELR1;LMAN1;FUCA1;COPE;TMED9;COPZ1;B4GALT1;ST3GAL4;SPTAN1;DYNC1H1;TMED3;TMED2;LMAN2;TRAPPC5;DCTN2;MGAT4B;ANK2;TRAPPC1;GOLGB1;RAB1B;CAPZA2;DYNLL1;SAR1B;CAPZB;DCTN3;CTSZ;TRAPPC2L;KDELR2;DYNC1LI2;DYNC1I2;TRAPPC4;TMEM115;MCFD2;ARF3;RAB1A;ACTR1A;TMED7;CTSC;COPB2;PPP6R1;ARF4;TRAPPC6A;TRAPPC3;PTGES2;DCTN1;ARCN1;SPTBN1;ARFGAP2;DYNLL2;YKT6;DCTN6;CNIH1;B4GALT2;GOLGA2;SEC22C;GOSR2;COPB1;ACTR10;PPP6C;COG8;CSNK1D;BET1L;TFG;MGAT4A;COPA;SEC31A;USO1;MAN2A2;CAPZA1;MIA3;COG2;SEC13;ARF5;B4GALT5;ARFGAP1;SEC22B;DYNC1LI1;TBC1D20;SEC16A;ARFGAP3;B4GALT3;PREB;COPZ2;SEC24C,C-TAL
prerank,Reactome_2022__RHO GTPases Activate ROCKs R-HSA-5627117,0.8693664285390456,1.1709254887487526,0.10555555555555556,0.33353402498604506,1.0,8/19,7.22%,MYL12B;MYL6;RHOA;MYH9;RHOB;PKN1;RHOC;MYL9,C-TAL
prerank,Reactome_2022__Cargo Concentration In ER R-HSA-5694530,0.8358645172971362,1.1705818818547802,0.08589607635206786,0.3348960832810366,1.0,15/32,12.62%,CD59;SERPINA1;LMAN1;TMED2;LMAN2;SAR1B;CTSZ;MCFD2;CTSC;CNIH1;GOSR2;MIA3;SEC22B;PREB;SEC24C,C-TAL
prerank,Reactome_2022__NOTCH2 Activation And Transmission Of Signal To Nucleus R-HSA-2979096,0.8625018398647254,1.170464562132135,0.09846827133479212,0.33468828767156344,1.0,10/21,8.12%,UBC;UBB;RPS27A;UBA52;APH1A;JAG1;NCSTN;PSEN1;ADAM10;MIB2,C-TAL
prerank,Reactome_2022__Cellular Response To Heat Stress R-HSA-3371556,0.8060165319150469,1.1702836869392828,0.022267206477732792,0.3348644972570853,1.0,53/98,14.38%,UBB;HSBP1;BAG1;CRYAB;HSPA2;EEF1A1;RPS19BP1;HSPA9;HSF1;DNAJB6;VCP;HSPA1A;MRPL18;RPA3;HSPA8;DNAJC7;PTGES3;HSPA5;TPR;HSP90AA1;BAG3;RANBP2;HSPA4;HSP90AB1;YWHAE;FKBP4;MAPKAPK2;BAG5;AKT1S1;DNAJB1;HSPA13;SERPINH1;MAPK3;ST13;MAPK1;SEC13;HDAC6;NUP160;HIKESHI;NUP50;CAMK2G;MLST8;BAG4;MTOR;NUP62;EP300;TNFRSF21;DEDD2;NUP42;HSPH1;ATM;NUP93;CCAR2,C-TAL
prerank,Reactome_2022__Gamma-carboxylation Of Protein Precursors R-HSA-159740,0.8988690981055056,1.17026049541793,0.13561320754716982,0.33390636323541695,1.0,2/10,7.46%,GAS6;GGCX,C-TAL
prerank,Reactome_2022__Calnexin/calreticulin Cycle R-HSA-901042,0.8620295444116068,1.1699842676038337,0.08690987124463519,0.33486471813837165,1.0,17/25,9.99%,UBC;UBB;AMFR;RPS27A;UBA52;RNF5;OS9;GANAB;PRKCSH;DERL2;SEL1L;PDIA3;CALR;MAN1B1;TRIM13;SYVN1;EDEM3,C-TAL
prerank,MSigDB_Hallmark_2020__Coagulation,0.7924618557494223,1.169426205411083,0.025329280648429583,0.07996097481656132,0.655,36/138,11.31%,S100A13;PLAU;CTSH;SERPINA1;CD9;WDR1;CTSB;ISCU;GNB2;RAC1;FURIN;SERPING1;LAMP2;CRIP2;CLU;MSRB2;PEF1;LTA4H;ARF4;RAPGEF3;CAPN2;LGMN;ADAM9;RGN;GSN;S100A1;DPP4;GNG12;TIMP3;SIRT2;HPN;CSRP1;MMP15;THBS1;RABIF;HMGCS2,C-TAL
prerank,Reactome_2022__Pyruvate Metabolism R-HSA-70268,0.8472307823645086,1.1690281909917402,0.06652360515021459,0.3410083396541765,1.0,11/31,5.37%,LDHA;MPC2;BSG;LDHB;HAGH;PDK3;PDHA1;PDHB;PDK2;GLO1;VDAC1,C-TAL
prerank,Reactome_2022__Heme Signaling R-HSA-9707616,-0.5730137415747775,-1.1689037810483456,0.12195121951219512,0.8681769672122486,1.0,9/44,2.42%,RORA;PPARGC1A;NCOA2;CHD9;MEF2C;XPO1;NCOA1;CREBBP;TBL1XR1,C-TAL
prerank,Reactome_2022__p75NTR Signals Via NF-kB R-HSA-193639,0.879564758774773,1.1680160727729498,0.11431742508324085,0.34790528443279567,1.0,5/16,1.59%,UBC;UBB;RPS27A;UBA52;SQSTM1,C-TAL
prerank,Reactome_2022__DNA Damage Recognition In GG-NER R-HSA-5696394,0.844129380784141,1.1678790815976974,0.058885383806519455,0.34763609534686446,1.0,20/37,7.88%,UBC;UBB;RPS27A;RBX1;UBA52;RAD23A;COPS6;CETN2;DDB1;COPS8;GPS1;COPS5;COPS7A;MCRS1;YY1;ACTL6A;RAD23B;COPS2;PARP1;CUL4B,C-TAL
prerank,Reactome_2022__Golgi Associated Vesicle Biogenesis R-HSA-432722,0.8247562954845996,1.1677794256952225,0.04149377593360996,0.34720722624401557,1.0,29/55,9.55%,FTH1;VAMP8;BLOC1S1;CLTC;TGOLN2;SORT1;FTL;GOLGB1;CLTA;CLINT1;SNX5;RAB5C;HSPA8;AP1S1;DNM2;SNAPIN;TXNDC5;YIPF6;HIP1R;TPD52;ACBD3;SNX2;AP1M2;VAMP2;IGF2R;BLOC1S4;TFRC;VAMP7;AP1B1,C-TAL
prerank,Reactome_2022__Activated NOTCH1 Transmits Signal To Nucleus R-HSA-2122948,0.8397572050962769,1.1675119181653553,0.09235668789808917,0.34824726284073915,1.0,12/31,8.12%,UBC;UBB;RPS27A;UBA52;APH1A;DNER;JAG1;NCSTN;DTX1;PSEN1;ADAM10;MIB2,C-TAL
prerank,Reactome_2022__Cell Surface Interactions At Vascular Wall R-HSA-202733,0.7937688523782994,1.1674841205955981,0.0243161094224924,0.3472730932082324,1.0,35/133,13.61%,EPCAM;GAS6;CD74;SDC2;SDC1;ITGB1;PPIA;ITGAV;BSG;ESAM;SELENOP;DEAF1;ATP1B3;PPIL2;F11R;YES1;HRAS;GYPC;PTPN11;ITGA6;GPC1;CXADR;GRB2;GRB7;SLC7A5;TSPAN7;PIK3R2;NRAS;GLG1;SLC3A2;CD99L2;ATP1B1;CD58;PICK1;L1CAM,C-TAL
prerank,Reactome_2022__Pregnenolone Biosynthesis R-HSA-196108,0.8858790358195768,1.1673411308124988,0.11791383219954649,0.34717302100004827,1.0,4/12,3.83%,AKR1B1;FDX1;TSPO;FDX2,C-TAL
prerank,"Reactome_2022__Transport Of Vitamins, Nucleosides, And Related Molecules R-HSA-425397",0.8260760642966437,1.1672189333846983,0.0759493670886076,0.3470363375148132,1.0,23/43,15.88%,SLC25A6;ARL2;SLC25A5;SLC25A4;SLCO4C1;LCN12;SLC35B2;SLCO3A1;SLC29A1;SLC29A2;SLC35A3;ARL2BP;SLC35B4;SLC27A4;SLC29A4;SLC35A1;SLCO4A1;SLC35B3;SLC35A2;SLC16A2;SLC5A6;SLC35D2;PDZD11,C-TAL
prerank,Reactome_2022__Downregulation Of SMAD2/3:SMAD4 Transcriptional Activity R-HSA-2173795,0.8429277915709061,1.166737250694616,0.07872340425531915,0.34955961235125144,1.0,21/31,10.96%,UBC;UBB;RPS27A;UBA52;HDAC1;UBE2D3;TGIF1;NCOR2;PARP1;NCOR1;SMAD7;WWTR1;MAPK3;SNW1;MAPK1;PPM1A;SMAD3;SMAD4;TRIM33;STAT1;SKIL,C-TAL
prerank,Reactome_2022__Autophagy R-HSA-9612973,0.7981595297279015,1.1666040010921388,0.018218623481781375,0.3493518112966967,1.0,81/127,13.23%,UBC;UBB;LAMTOR5;PARK7;RPS27A;EEF1A1;TOMM7;GABARAP;VPS28;LAMTOR4;LAMTOR1;LAMTOR2;TOMM5;UBA52;TOMM6;TOMM20;PINK1;CHMP2A;TOMM22;HSF1;GABARAPL2;SQSTM1;DYNC1H1;LAMP2;VCP;WIPI2;CSNK2B;DYNLL1;RRAGA;NBR1;MAP1LC3B;HSPA8;RHEB;DYNC1LI2;WDR45B;DYNC1I2;UBE2V1;PRKAA1;CHMP4B;CHMP2B;HSP90AA1;PRKAA2;GABARAPL1;MFN2;VDAC1;MVB12A;WDR45;BECN1;ATG101;HSP90AB1;UBE2N;ATG4B;DYNLL2;LAMTOR3;MAP1LC3A;TSG101;ATG3;FUNDC1;TOMM40;ATG4D;PLIN3;MTMR14;HDAC6;TSC2;CHMP6;PRKAG1;RRAGC;ATG9A;PLIN2;DYNC1LI1;PRKAG2;ATG12;ULK1;MLST8;CHMP4C;MTOR;PRKAB2;RB1CC1;VPS37A;ATG13;IFT88,C-TAL
prerank,Reactome_2022__Formation Of Tubulin Folding Intermediates By CCT/TriC R-HSA-389960,0.8625468295760007,1.1663904696598582,0.06941431670281996,0.3499172760496545,1.0,13/26,8.80%,TUBB;TUBB4B;CCT7;TUBA1B;TCP1;CCT6A;CCT4;CCT5;CCT2;CCT3;TUBA1C;TUBA4A;CCT8,C-TAL
prerank,Reactome_2022__Nuclear Signaling By ERBB4 R-HSA-1251985,-0.5925996399302372,-1.1658498442911884,0.18055555555555555,0.8494510037974524,1.0,5/32,1.25%,ERBB4;WWOX;CXCL12;NRG1;NRG3,C-TAL
prerank,Reactome_2022__COPII-mediated Vesicle Transport R-HSA-204005,0.8018855816737015,1.1657357172786025,0.07377049180327869,0.3538269700596666,1.0,34/66,12.62%,CD59;SERPINA1;LMAN1;TMED2;LMAN2;TRAPPC5;TRAPPC1;RAB1B;SAR1B;CTSZ;TRAPPC2L;TRAPPC4;MCFD2;RAB1A;CTSC;PPP6R1;TRAPPC6A;TRAPPC3;YKT6;CNIH1;GOLGA2;SEC22C;GOSR2;PPP6C;CSNK1D;TFG;SEC31A;USO1;SEC13;SEC22B;TBC1D20;SEC16A;PREB;SEC24C,C-TAL
prerank,Reactome_2022__Signaling By ERBB2 TMD/JMD Mutants R-HSA-9665686,-0.6814738470182998,-1.1656384807097646,0.24358974358974358,0.8234287001130612,1.0,4/21,1.25%,ERBB4;EGF;NRG1;NRG3,C-TAL
prerank,Reactome_2022__APC-Cdc20 Mediated Degradation Of Nek2A R-HSA-179409,0.85516590791954,1.1656037690125118,0.09513513513513513,0.35364031680039937,1.0,11/26,8.61%,UBC;UBB;RPS27A;UBA52;ANAPC11;ANAPC5;ANAPC15;CDC26;ANAPC16;BUB3;CDC23,C-TAL
prerank,Reactome_2022__Late Endosomal Microautophagy R-HSA-9615710,0.8421695806573809,1.1654812954862632,0.08695652173913043,0.3534050721695153,1.0,23/30,14.70%,UBC;UBB;PARK7;RPS27A;VPS28;UBA52;CHMP2A;HSPA8;CHMP4B;CHMP2B;MVB12A;TSG101;PLIN3;HDAC6;CHMP6;PLIN2;CHMP4C;VPS37A;IFT88;PCNT;CHMP7;VPS37B;VPS37D,C-TAL
prerank,Reactome_2022__Uptake And Actions Of Bacterial Toxins R-HSA-5339562,0.8476487887073224,1.165257342077016,0.08172043010752689,0.35416810515945407,1.0,13/29,14.27%,CALM1;EEF2;MAP2K2;CD9;FURIN;HSP90AA1;HSP90AB1;VAMP2;MAP2K1;MAP2K7;PDCD6IP;TXNRD1;MAP2K3,C-TAL
prerank,Reactome_2022__Keratan Sulfate Degradation R-HSA-2022857,0.8936363210847892,1.1647996701143604,0.1156930126002291,0.35672149126291824,1.0,4/12,9.09%,GNS;HEXA;GLB1;HEXB,C-TAL
prerank,Reactome_2022__Insulin Receptor Recycling R-HSA-77387,0.8429358792646945,1.1647480419750291,0.11555075593952484,0.355919194119567,1.0,10/26,4.06%,ATP6V1F;ATP6V0B;ATP6V1E1;ATP6V1G1;ATP6V0E2;ATP6V0C;ATP6V0E1;ATP6V0D1;ATP6AP1;ATP6V1D,C-TAL
prerank,Reactome_2022__eNOS Activation R-HSA-203615,0.8857664278445326,1.1639448148051295,0.16027088036117382,0.3609254144719842,1.0,6/11,9.37%,CALM1;LYPLA1;HSP90AA1;AKT1;DDAH2;DDAH1,C-TAL
prerank,Reactome_2022__Long-term Potentiation R-HSA-9620244,-0.6759538650298992,-1.163412772163371,0.2602739726027397,0.8051331903337948,1.0,2/23,0.64%,ERBB4;NRG1,C-TAL
prerank,Reactome_2022__Macroautophagy R-HSA-1632852,0.7988406083709544,1.1633933799567506,0.030425963488843813,0.3639838080788948,1.0,71/113,12.37%,UBC;UBB;LAMTOR5;PARK7;RPS27A;TOMM7;GABARAP;LAMTOR4;LAMTOR1;LAMTOR2;TOMM5;UBA52;TOMM6;TOMM20;PINK1;CHMP2A;TOMM22;HSF1;GABARAPL2;SQSTM1;DYNC1H1;VCP;WIPI2;CSNK2B;DYNLL1;RRAGA;NBR1;MAP1LC3B;HSPA8;RHEB;DYNC1LI2;WDR45B;DYNC1I2;UBE2V1;PRKAA1;CHMP4B;CHMP2B;HSP90AA1;PRKAA2;GABARAPL1;MFN2;VDAC1;WDR45;BECN1;ATG101;UBE2N;ATG4B;DYNLL2;LAMTOR3;MAP1LC3A;ATG3;FUNDC1;TOMM40;ATG4D;PLIN3;MTMR14;HDAC6;TSC2;CHMP6;PRKAG1;RRAGC;ATG9A;PLIN2;DYNC1LI1;PRKAG2;ATG12;ULK1;MLST8;CHMP4C;MTOR;PRKAB2,C-TAL
prerank,MSigDB_Hallmark_2020__TNF-alpha Signaling via NF-kB,0.7828054498496438,1.163143171164717,0.01609657947686117,0.09753721281597864,0.74,65/200,14.27%,PFKFB3;SAT1;NINJ1;PLAU;G0S2;TSC22D1;BTG1;SQSTM1;B4GALT1;LITAF;EIF1;CEBPD;HES1;GADD45B;PNRC1;JUN;JUNB;RHOB;JAG1;SOD2;GADD45A;IER2;IER3;CCND1;IL6ST;NAMPT;BIRC2;KLF10;TGIF1;TNIP1;MARCKS;CCN1;DUSP1;CCNL1;MCL1;VEGFA;ZFP36;BCL6;IFNGR2;FOS;NFKBIA;KLF6;CFLAR;CD83;EHD1;EFNA1;F2RL1;SMAD3;PLPP3;TRIP10;ZBTB10;FOSB;B4GALT5;RELA;KLF9;EGR1;SNN;KDM6B;BTG2;TNFAIP8;SOCS3;TUBB2A;RCAN1;DNAJB4;MAP2K3,C-TAL
prerank,Reactome_2022__Transcriptional Activity Of SMAD2/SMAD3:SMAD4 Heterotrimer R-HSA-2173793,0.8274116865350137,1.1628746606337292,0.050156739811912224,0.3668170062517236,1.0,33/51,14.05%,UBC;UBB;RPS27A;YBX1;UBA52;FURIN;HDAC1;UBE2D3;TGIF1;E2F4;NCOR2;PARP1;NCOR1;SMAD7;CCNK;WWTR1;MAPK3;SNW1;MAPK1;PPM1A;SMAD3;SMAD4;TRIM33;STAT1;TFDP1;SKIL;CCNC;TFDP2;EP300;TGIF2;CDK9;CCNT1;SKI,C-TAL
prerank,Reactome_2022__Association Of TriC/CCT With Target Proteins During Biosynthesis R-HSA-390471,0.8313652576091298,1.1628506577635354,0.08681672025723473,0.3658494264833148,1.0,21/37,11.97%,FBXW5;CCT7;TCP1;FKBP9;CCT6A;CCT4;CCT5;CCT2;XRN2;KIFC3;FBXL3;CCT3;DCAF7;FBXW2;CCT8;FBXW4;HDAC3;FBXL5;STAT3;NOP56;USP11,C-TAL
prerank,Reactome_2022__Formation Of Incision Complex In GG-NER R-HSA-5696395,0.8350301471805319,1.1626912188257739,0.0761904761904762,0.3658945524924336,1.0,20/42,7.88%,UBC;UBB;SUMO2;RPS27A;RBX1;SUMO1;UBA52;RAD23A;GTF2H5;CETN2;RPA3;UBE2I;DDB1;GTF2H2;ERCC1;UBE2N;RAD23B;XPA;PARP1;CUL4B,C-TAL
prerank,Reactome_2022__ERBB2 Regulates Cell Motility R-HSA-6785631,-0.6826747944416522,-1.162609769672727,0.29523809523809524,0.7831757582839558,1.0,4/15,1.25%,ERBB4;EGF;NRG1;NRG3,C-TAL
prerank,Reactome_2022__Cytosolic Sensors Of Pathogen-Associated DNA R-HSA-1834949,0.814144487776094,1.1625915521198933,0.06569343065693431,0.3655877945657016,1.0,24/62,10.80%,UBC;UBB;POLR2L;RPS27A;UBA52;LRRFIP1;POLR2K;POLR2E;DHX9;XRCC6;PRKDC;POLR2F;POLR1D;POLR3GL;POLR2H;DDX41;TRIM56;NFKBIA;DHX36;XRCC5;STAT6;NKIRAS2;RELA;POLR3K,C-TAL
prerank,Reactome_2022__Dual Incision In TC-NER R-HSA-6782135,0.8184142487649458,1.1620356459371801,0.03802672147995889,0.3688261751288167,1.0,39/64,12.85%,UBC;UBB;POLR2L;RPS27A;RBX1;UBA52;POLR2J;TCEA1;POLR2I;POLR2K;GTF2H5;POLR2E;HMGN1;RPA3;POLR2F;DDB1;POLR2A;GTF2H2;POLD2;ERCC1;POLE4;POLR2C;POLD4;POLR2H;PCNA;XPA;POLE3;CUL4B;XAB2;USP7;AQR;PPIE;POLR2G;POLR2B;EP300;ERCC3;CUL4A;ERCC5;ZNF830,C-TAL
prerank,Reactome_2022__Fanconi Anemia Pathway R-HSA-6783310,0.8462218750543665,1.1618303543646855,0.0614406779661017,0.36936445887137065,1.0,9/36,5.53%,UBC;UBB;RPS27A;UBA52;CENPX;FAAP20;RPA3;FAN1;ERCC1,C-TAL
prerank,Reactome_2022__Peroxisomal Protein Import R-HSA-9033241,0.807896604794923,1.1618009341477324,0.06694129763130793,0.3684393608532558,1.0,31/63,13.74%,UBC;UBB;RPS27A;ECH1;UBA52;GSTK1;UBE2D2;UBE2D3;HSD17B4;ECI2;CROT;ACAA1;IDH1;ACOX1;PHYH;AMACR;CRAT;HMGCL;PECR;ACOT2;ACOT8;PEX2;EPHX2;GNPAT;NUDT7;DECR2;MPV17;PEX26;PEX10;DHRS4;ZNF260,C-TAL
prerank,Reactome_2022__Common Pathway Of Fibrin Clot Formation R-HSA-140875,0.8512378260748057,1.1615762505997727,0.11982570806100218,0.3690964477877148,1.0,1/22,1.25%,SERPINA5,C-TAL
prerank,Reactome_2022__RNA Polymerase II Transcribes snRNA Genes R-HSA-6807505,0.8068183998731993,1.161377217858885,0.05263157894736842,0.36960015970004984,1.0,39/74,13.94%,POLR2L;POLR2J;SSU72;POLR2I;SUPT4H1;POLR2K;POLR2E;GTF2A2;INTS11;POLR2F;POLR2A;NCBP2;INTS3;INTS1;POLR2C;INTS10;POLR2H;SUPT5H;PHAX;CCNK;TAF13;PCF11;GTF2F1;SRRT;TAF9;TAF8;SNAPC5;POLR2G;SNAPC3;ICE2;POLR2B;TAF11;GTF2B;GTF2A1;TAF6;CDK9;POLR2D;CCNT1;INTS5,C-TAL
prerank,Reactome_2022__LDL Clearance R-HSA-8964038,0.8652406227794589,1.1609544029006182,0.14033149171270717,0.3718378044857428,1.0,11/18,12.24%,AP2M1;CLTC;NPC2;AP2S1;CLTA;NCEH1;AP2B1;LDLRAP1;LSR;AP2A2;SOAT1,C-TAL
prerank,Reactome_2022__RHO GTPase Effectors R-HSA-195258,0.7803566926803223,1.1606847155687638,0.013026052104208416,0.3727901605163664,1.0,88/237,13.29%,MYL12B;MYL6;ACTG1;CALM1;PFN1;RHOA;MYH9;ARPC3;RPS27;ITGB1;KTN1;REXO2;BRK1;YWHAB;ARPC1A;DYNC1H1;DVL3;ARPC2;CTTN;DYNLL1;NUDC;ACTR2;YWHAQ;RHOB;PPP2R1A;ARPC5;KIF5B;DYNC1LI2;DYNC1I2;CYFIP1;PAFAH1B1;CDC42;ARPC1B;PKN1;YWHAG;RANBP2;PPP2CB;TAX1BP3;PFN2;RHOC;FLNA;WASF2;RHPN1;YWHAE;RHOQ;PPP1CC;RHOD;CYBA;ACTR3;CDKN1B;DYNLL2;WASL;SKA2;MAPRE1;MYL9;PPP2CA;CTNNA1;KDM1A;BUB3;PDPK1;PPP2R5C;GRB2;CYFIP2;RCC2;RHOG;RANGAP1;IQGAP1;MAPK3;YWHAH;MAPK1;ROCK2;RTKN;SEC13;PRKCZ;NUP160;NF2;DYNC1LI1;WIPF2;PPP1CB;CKAP5;KLC4;DIAPH1;DHDDS;EVL;PPP2R5D;PPP2R5E;CENPT;PPP2R5B,C-TAL
prerank,Reactome_2022__Negative Regulation Of MAPK Pathway R-HSA-5675221,0.8302257237360318,1.160416095836123,0.0781414994720169,0.37368620063343017,1.0,17/41,10.14%,PEBP1;UBC;UBB;RPS27A;UBA52;MAP2K2;YWHAB;PPP2R1A;PPP2CB;HRAS;PPP2CA;PPP2R5C;MAPK3;MAPK1;MAP2K1;ARAF;PPP5C,C-TAL
prerank,Reactome_2022__E3 Ubiquitin Ligases Ubiquitinate Target Proteins R-HSA-8866654,0.8284974772724879,1.1600922109400689,0.05561497326203209,0.3753288426618895,1.0,26/44,10.91%,UBC;UBB;RPS27A;HLA-B;UBA52;HLA-A;VCP;TMEM129;RRAGA;PRKDC;SELENOS;UBE2A;UBE2D2;UBE2L3;UBE2B;UBE2D3;UBE2N;RNF181;RTF1;PCNA;CTR9;UBE2J2;DERL1;UBE2V2;PEX2;HLTF,C-TAL
prerank,MSigDB_Hallmark_2020__Complement,0.7756531208334114,1.160077033249629,0.028028028028028028,0.10314361064249274,0.786,50/200,11.21%,CD59;CA2;S100A13;CALM1;PFN1;CTSH;ATOX1;SERPINA1;ANXA5;CTSL;CTSB;GNB2;CD46;PPP4C;SERPING1;LAMP2;FDX1;HSPA1A;CLU;CALM3;CTSD;GNAI2;TIMP2;LAP3;HSPA5;PPP2CB;LTA4H;CTSC;USP16;LGMN;GNAI3;ADAM9;PSEN1;USP14;RAF1;GRB2;LIPA;RHOG;COL4A2;GMFB;EHD1;STX4;PLSCR1;USP8;DPP4;CSRP1;MMP15;PRCP;PDP1;RABIF,C-TAL
prerank,Reactome_2022__Nuclear Events Stimulated By ALK Signaling In Cancer R-HSA-9725371,0.8624712491073689,1.1600498391228453,0.1291390728476821,0.374474086405765,1.0,9/19,9.79%,RPS6;RBX1;CLTC;SKP1;NPM1;KIF5B;MAPK3;MAPK1;STAT3,C-TAL
prerank,Reactome_2022__ER Quality Control Compartment (ERQC) R-HSA-901032,0.8636536582013586,1.15984025691763,0.12540894220283533,0.3749515485990624,1.0,13/20,9.99%,UBC;UBB;AMFR;RPS27A;UBA52;RNF5;OS9;DERL2;SEL1L;MAN1B1;TRIM13;SYVN1;EDEM3,C-TAL
prerank,Reactome_2022__Abortive Elongation Of HIV-1 Transcript In Absence Of Tat R-HSA-167242,0.8567255810716813,1.1595635683122163,0.11194833153928956,0.3760408318305565,1.0,18/23,11.40%,POLR2L;POLR2J;POLR2I;SUPT4H1;POLR2K;POLR2E;POLR2F;POLR2A;NCBP2;NELFCD;NELFE;POLR2C;POLR2H;SUPT5H;GTF2F1;NELFB;POLR2G;POLR2B,C-TAL
prerank,Reactome_2022__Gap-filling DNA Repair Synthesis And Ligation In TC-NER R-HSA-6782210,0.815477201884278,1.1594420678841675,0.04605936540429888,0.3759501977493558,1.0,37/63,12.93%,UBC;UBB;POLR2L;RPS27A;RBX1;UBA52;POLR2J;TCEA1;POLR2I;POLR2K;GTF2H5;POLR2E;HMGN1;RPA3;POLR2F;DDB1;POLR2A;GTF2H2;POLD2;POLE4;POLR2C;POLD4;POLR2H;PCNA;POLE3;CUL4B;XAB2;USP7;AQR;PPIE;POLR2G;POLR2B;EP300;ERCC3;CUL4A;ZNF830;XRCC1,C-TAL
prerank,Reactome_2022__Protein Ubiquitination R-HSA-8852135,0.8149272938221095,1.1594322801912265,0.05863874345549738,0.3748448955152646,1.0,42/64,14.28%,UBC;UBB;RPS27A;HLA-B;UBA52;HLA-A;VCP;TMEM129;RRAGA;PRKDC;SELENOS;UBE2A;UBA1;UBE2D2;UBE2L3;UBE2B;UBE2D3;UBE2Z;UBE2N;RNF181;RTF1;USP5;PCNA;CTR9;UBE2J2;USP7;DERL1;UBE2G2;UBE2V2;UBA6;PEX2;UCHL3;HLTF;UBE2G1;BCL10;PEX10;UBE2K;WAC;UBE2R2;RNF20;PAF1;UBE2Q2,C-TAL
prerank,Reactome_2022__Striated Muscle Contraction R-HSA-390522,0.8310372676181214,1.1591117398522446,0.11382978723404255,0.37612438012969596,1.0,5/33,11.30%,TPM1;TPM3;TMOD3;TPM4;VIM,C-TAL
prerank,MSigDB_Hallmark_2020__E2F Targets,0.7799126777072958,1.1590364451318047,0.01805416248746239,0.10029854743580392,0.794,93/198,15.75%,TUBB;RAN;NAA38;RANBP1;SNRPB;DUT;SHMT1;CBX5;STMN1;SRSF2;DEK;XRCC6;PRKDC;MCM3;RPA3;PRDX4;NME1;PA2G4;RAD21;TMPO;AK2;NAP1L1;EIF2S1;POLD2;PAICS;SYNCRIP;GSPT1;RPA2;POP7;SSRP1;POLE4;PNN;LBR;SMC3;IPO7;ILF3;RBBP7;TBRG4;CDKN1B;DCTPP1;PCNA;KIF22;SRSF1;CKS1B;RFC1;NOLC1;CDK4;NBN;CTCF;PHF5A;TACC3;SMC1A;TFRC;EXOSC8;HMGA1;WEE1;PAN2;MCM7;RAD50;DDX39A;ANP32E;USP1;TK1;NUDT21;CSE1L;CDC25B;NOP56;JPT1;RAD1;PRPS1;RAD51C;ING3;NASP;SLBP;PMS2;ASF1A;TUBG1;PPP1R8;PSIP1;HNRNPD;DNMT1;HMGB2;DCK;UNG;HMGB3;KPNA2;MLH1;SMC6;MCM5;LUC7L3;SMC4;CKS2;CTPS1,C-TAL
prerank,"Reactome_2022__Antigen Presentation: Folding, Assembly, Peptide Loading Of Class I MHC R-HSA-983170",0.8451865554177616,1.1589848359311536,0.10617551462621885,0.37594232118060983,1.0,13/28,10.02%,B2M;HLA-B;HLA-C;HLA-A;TAPBP;SAR1B;HLA-E;HSPA5;BECN1;PDIA3;CALR;SEC31A;SEC13,C-TAL
prerank,Reactome_2022__Potential Therapeutics For SARS R-HSA-9679191,0.7996533328705505,1.1588563695883713,0.04106776180698152,0.37572774768559986,1.0,36/94,9.80%,FXYD2;AP2M1;COMT;TUBB;RBX1;ITGB1;SAP18;AP2S1;FURIN;ATP1B3;FKBP1A;IFNAR1;HMG20B;HDAC1;REST;PTGES3;HSP90AA1;CHD3;SUDS3;HSP90AB1;SAP30L;CHD4;RBBP7;FKBP4;FXYD4;VEGFA;IFNGR2;KDM1A;KEAP1;GATAD2A;AP2B1;GRB2;HDAC2;CRBN;IFNGR1;ROCK2,C-TAL
prerank,Reactome_2022__Cell Cycle Checkpoints R-HSA-69620,0.7782383441560926,1.1584368696237741,0.010030090270812437,0.37793159551204136,1.0,115/251,16.14%,UBC;UBB;PSMB6;RPS27A;PSMA7;PSMD8;RPS27;PSMB5;REXO2;UBA52;YWHAB;ANAPC11;PSMB1;PSMA1;PSMA6;PSMA2;DYNC1H1;PSMC5;PSME1;PSMD9;PSMB4;DYNLL1;PSME2;ANAPC5;NUDC;YWHAQ;PSMA4;PSMA5;PSMB2;MCM3;RPA3;ANAPC15;PPP2R1A;PSMB3;DYNC1LI2;DYNC1I2;PAFAH1B1;PSMB7;YWHAG;SEM1;PSMD14;RANBP2;PSMD13;PPP2CB;PSMC1;CDC26;PSMC4;ANAPC16;KAT5;PSMD2;PSMC2;PSMF1;UBE2N;YWHAE;PPP1CC;PSMD11;PSMD6;BABAM1;CDKN1B;DYNLL2;PSMC3;PSMA3;SKA2;MAPRE1;PPP2CA;PSMC6;PSMD7;BUB3;PSMD4;RNF8;PPP2R5C;CDC23;RCC2;RANGAP1;PSMD12;YWHAH;WEE1;UBE2V2;MCM7;RAD50;PSMD3;SEC13;PSMB8;RAD17;CDC16;NUP160;DYNC1LI1;PSME3;PSMD10;CKAP5;PPP2R5D;PPP2R5E;ANAPC7;CENPT;PPP2R5B;PIAS4;CDC27;ABRAXAS1;ATM;PPP2R1B;TOPBP1;MAD1L1;MCM8;PSMB10;MCM5;NDEL1;MDC1;RHNO1;BRCC3;PPP2R5A;B9D2;RNF168;RMI1;SPDL1;KIF2A,C-TAL
prerank,Reactome_2022__InlB-mediated Entry Of Listeria Monocytogenes Into Host Cell R-HSA-8875360,0.8827765379319716,1.1583838343521538,0.12040133779264214,0.3772564509579534,1.0,9/15,10.95%,UBC;UBB;RPS27A;UBA52;RNMT;HGS;GRB2;SH3GL3;SH3GL1,C-TAL
prerank,Reactome_2022__IRE1alpha Activates Chaperones R-HSA-381070,0.819302192973469,1.1583070373094726,0.08740894901144641,0.37673991652642014,1.0,34/48,13.74%,HDGF;ACADVL;PDIA6;MYDGF;ATP6V0D1;SSR1;LMNA;YIF1A;TLN1;HSPA5;ADD1;SRPRA;KLHDC3;DNAJB9;DCTN1;WFS1;DNAJB11;GFPT1;GSK3A;SERP1;CXXC1;SRPRB;GOSR2;HYOU1;SEC31A;SYVN1;CTDSP2;EXTL2;DNAJC3;ARFGAP1;PREB;PPP2R5B;EXTL3;TATDN2,C-TAL
prerank,Reactome_2022__Senescence-Associated Secretory Phenotype (SASP) R-HSA-2559582,0.8191042716178525,1.1580021312419437,0.06060606060606061,0.378274307921028,1.0,25/52,13.49%,UBC;UBB;RPS27A;IGFBP7;UBA52;ANAPC11;ANAPC5;JUN;ANAPC15;CDC26;ANAPC16;CDKN1B;EHMT2;FOS;CDK4;CDC23;MAPK3;MAPK1;STAT3;RELA;CDC16;RPS6KA3;RPS6KA1;ANAPC7;CDC27,C-TAL
prerank,Reactome_2022__Asparagine N-linked Glycosylation R-HSA-446203,0.7744301762551806,1.157924672213444,0.002,0.37779094289061044,1.0,143/280,12.76%,UBC;CD59;UBB;AMFR;DAD1;RPS27A;SERPINA1;KDELR1;LMAN1;FUCA1;COPE;DPM3;TMED9;UBA52;COPZ1;NUDT14;B4GALT1;ST3GAL4;SPTAN1;RNF5;DYNC1H1;TMED3;TMED2;LMAN2;TRAPPC5;DCTN2;MGAT4B;ANK2;TRAPPC1;GOLGB1;RAB1B;CAPZA2;VCP;UBXN1;OS9;DYNLL1;GANAB;SAR1B;RPN2;RPN1;CAPZB;DCTN3;CTSZ;MAGT1;TRAPPC2L;PRKCSH;KDELR2;DYNC1LI2;DYNC1I2;TRAPPC4;TMEM115;MCFD2;ARF3;DERL2;RAB1A;ACTR1A;DDOST;MPDU1;TMED7;CTSC;PSMC1;SEL1L;COPB2;PPP6R1;DPM2;MLEC;ARF4;TRAPPC6A;TRAPPC3;PTGES2;CTSA;DCTN1;ARCN1;PDIA3;CALR;SPTBN1;ARFGAP2;TUSC3;ALG5;DYNLL2;YKT6;GFPT1;DCTN6;NUS1;RAD23B;CNIH1;B4GALT2;GOLGA2;MAN1B1;SEC22C;GOSR2;COPB1;ACTR10;TRIM13;PPP6C;DPAGT1;COG8;CSNK1D;BET1L;TFG;GMDS;ST6GALNAC6;MGAT4A;MOGS;GLB1;COPA;SEC31A;USO1;SYVN1;MAN2A2;DERL1;CAPZA1;B4GALNT2;MIA3;UAP1;STT3A;COG2;CMAS;EDEM3;GNE;SEC13;GNPNAT1;ARF5;ALG12;B4GALT5;ARFGAP1;SEC22B;DYNC1LI1;SLC35A1;ALG3;PMM1;ALG13;ALG2;TBC1D20;SEC16A;ARFGAP3;B4GALT3;PREB;COPZ2;DHDDS;SEC24C;NANS;ALG10B,C-TAL
prerank,Reactome_2022__Global Genome Nucleotide Excision Repair (GG-NER) R-HSA-5696399,0.8029512465585457,1.1574692988748159,0.046747967479674794,0.38032765266833507,1.0,36/82,9.28%,UBC;UBB;SUMO2;RPS27A;RBX1;SUMO1;UBA52;RAD23A;GTF2H5;COPS6;CETN2;RPA3;UBE2I;DDB1;COPS8;GPS1;GTF2H2;POLD2;ERCC1;COPS5;POLE4;UBE2N;COPS7A;MCRS1;YY1;POLD4;PCNA;ACTL6A;RAD23B;XPA;COPS2;PARP1;POLE3;CUL4B;INO80E;UBE2V2,C-TAL
prerank,Reactome_2022__ROS And RNS Production In Phagocytes R-HSA-1222556,0.8216371088940231,1.1574399752571936,0.11016949152542373,0.3794549098916185,1.0,11/36,6.81%,ATP6V1F;ATP6V0B;ATP6V1E1;ATP6V1G1;ATP6V0E2;ATP6V0C;ATP6V0E1;ATP6V0D1;ATP6V1D;CYBA;ATP6V1C1,C-TAL
prerank,Reactome_2022__Signaling By CSF3 (G-CSF) R-HSA-9674555,0.8439655749387502,1.156948212107729,0.09766454352441614,0.38221615022382427,1.0,14/30,10.37%,UBC;UBB;ELOB;RPS27A;UBA52;RNF7;ELOC;UBE2D2;UBE2D3;PTPN11;SOCS1;GRB2;STAT3;STAT1,C-TAL
prerank,Reactome_2022__XBP1(S) Activates Chaperone Genes R-HSA-381038,0.8196369664913717,1.156860386234076,0.08682008368200837,0.38180117170432676,1.0,33/46,13.74%,HDGF;ACADVL;PDIA6;MYDGF;ATP6V0D1;SSR1;LMNA;YIF1A;TLN1;ADD1;SRPRA;KLHDC3;DNAJB9;DCTN1;WFS1;DNAJB11;GFPT1;GSK3A;SERP1;CXXC1;SRPRB;GOSR2;HYOU1;SEC31A;SYVN1;CTDSP2;EXTL2;DNAJC3;ARFGAP1;PREB;PPP2R5B;EXTL3;TATDN2,C-TAL
prerank,MSigDB_Hallmark_2020__UV Response Up,0.7853487871454398,1.1567729337337502,0.020202020202020204,0.1019194157062813,0.819,67/156,10.43%,CA2;EPCAM;ATP6V1F;HSPA2;CNP;BTG1;AP2S1;SLC6A12;BSG;IGFBP2;GPX3;SQSTM1;SLC25A4;CLTB;TMBIM6;FURIN;EIF5;GRINA;PDAP1;CYB5R1;JUNB;SELENOW;RPN1;RHOB;HNRNPU;PPIF;SOD2;CYB5B;EPHX1;DNAJA1;AMD1;CREG1;GRPEL1;IL6ST;KLHDC3;DGAT1;MAOA;HYAL2;PPT1;STK25;POLR2H;PPP1R2;FKBP4;PSMC3;YKT6;TUBA4A;ATP6V1C1;MGAT1;ACAA1;POLE3;STIP1;FOS;RXRB;NFKBIA;DNAJB1;HSPA13;SPR;TFRC;SLC6A8;UROD;CDKN1C;EIF2S3;WIZ;GGH;FOSB;ALDOA;STARD3,C-TAL
prerank,Reactome_2022__Negative Regulation Of MET Activity R-HSA-6807004,0.863016080092706,1.1567101099437578,0.11675675675675676,0.38198194575552546,1.0,10/21,10.95%,UBC;UBB;RPS27A;UBA52;RNMT;HGS;GRB2;USP8;SH3GL3;SH3GL1,C-TAL
prerank,Reactome_2022__COPI-mediated Anterograde Transport R-HSA-6807878,0.7976787170924775,1.1560651154741468,0.06116207951070336,0.3859799213341493,1.0,48/80,10.89%,CD59;KDELR1;COPE;TMED9;COPZ1;SPTAN1;DYNC1H1;TMED3;TMED2;DCTN2;ANK2;GOLGB1;RAB1B;CAPZA2;DYNLL1;CAPZB;DCTN3;KDELR2;DYNC1LI2;DYNC1I2;TMEM115;ARF3;RAB1A;ACTR1A;TMED7;COPB2;ARF4;PTGES2;DCTN1;ARCN1;SPTBN1;ARFGAP2;DYNLL2;YKT6;DCTN6;GOLGA2;GOSR2;COPB1;ACTR10;COG8;BET1L;COPA;USO1;CAPZA1;COG2;ARF5;ARFGAP1;DYNC1LI1,C-TAL
prerank,Reactome_2022__HIV Elongation Arrest And Recovery R-HSA-167287,0.8402617222081785,1.155159530546088,0.07838983050847458,0.39215114062980216,1.0,26/33,13.89%,ELOB;POLR2L;POLR2J;TCEA1;POLR2I;ELOC;SUPT4H1;POLR2K;POLR2E;POLR2F;POLR2A;NELFCD;SSRP1;NELFE;POLR2C;POLR2H;SUPT5H;CCNK;GTF2F1;NELFB;POLR2G;POLR2B;SUPT16H;CDK9;POLR2D;CCNT1,C-TAL
prerank,Reactome_2022__Neurotransmitter Clearance R-HSA-112311,0.8920055996370947,1.1550471647810716,0.16059225512528474,0.39195578520752794,1.0,4/10,8.44%,COMT;SLC22A2;MAOA;ALDH2,C-TAL
prerank,Reactome_2022__Regulation Of PLK1 Activity At G2/M Transition R-HSA-2565942,0.7937358219976945,1.154601706017287,0.07723995880535531,0.3944321875821095,1.0,25/86,7.02%,UBC;UBB;TUBB;RPS27A;TUBB4B;SSNA1;UBA52;SKP1;DYNC1H1;DCTN2;DYNLL1;CETN2;DCTN3;PPP2R1A;DYNC1I2;PAFAH1B1;ACTR1A;YWHAG;HSP90AA1;RAB8A;DCTN1;YWHAE;OPTN;TUBA4A;MAPRE1,C-TAL
prerank,Reactome_2022__Transcriptional Regulation By RUNX3 R-HSA-8878159,0.7921322087066915,1.154488145222128,0.06205493387589013,0.39417867615481456,1.0,54/94,12.17%,UBC;UBB;PSMB6;RPS27A;PSMA7;PSMD8;PSMB5;UBA52;PSMB1;PSMA1;PSMA6;PSMA2;PSMC5;PSME1;PSMD9;PSMB4;PSME2;PSMA4;PSMA5;PSMB2;BRD2;JAG1;PSMB3;PSMB7;CCND1;SEM1;PSMD14;PSMD13;PSMC1;PSMC4;PSMD2;PSMC2;PSMF1;PSMD11;PSMD6;PSMC3;PSMA3;PSMC6;PSMD7;CXXC1;PSMD4;WWTR1;PSMD12;SNW1;SMAD3;PSMD3;SMAD4;TEAD2;PSMB8;RBPJ;PSME3;PSMD10;NOTCH1;EP300,C-TAL
prerank,Reactome_2022__Intra-Golgi And Retrograde Golgi-to-ER Traffic R-HSA-6811442,0.7796589374839845,1.1543886226486118,0.020060180541624874,0.39394121910039226,1.0,80/181,11.11%,KDELR1;NAA38;TGOLN2;COPE;TMED9;COPZ1;DYNC1H1;TMED3;TMED2;DCTN2;RAB1B;CAPZA2;DYNLL1;KIF1C;RAB18;SURF4;SCOC;CAPZB;DCTN3;KIF5B;KDELR2;DYNC1LI2;DYNC1I2;TRIP11;ARF3;VPS51;RAB9A;PAFAH1B1;RAB1A;AGPAT3;KIF9;ACTR1A;TMED7;M6PR;UBE2Z;ARFRP1;COPB2;ARF4;PTGES2;GCC2;DCTN1;ARCN1;SYS1;ARFGAP2;KIF12;STX10;DYNLL2;YKT6;PAFAH1B3;KIF22;DCTN6;ARFIP2;KIF3B;RAB6A;TMF1;CYTH2;NAA30;IGF2R;GALNT1;VAMP3;KIF3A;GOSR2;COPB1;ACTR10;PAFAH1B2;STX16;COG8;BET1L;COPA;MAN2A2;CAPZA1;KIF21A;COG2;PLIN3;ARF5;ARFGAP1;SEC22B;DYNC1LI1;CYTH1;VPS52,C-TAL
prerank,Reactome_2022__NRIF Signals Cell Death From Nucleus R-HSA-205043,0.870025174579393,1.153846781252318,0.1403118040089087,0.3971282653540156,1.0,8/16,7.02%,UBC;UBB;RPS27A;UBA52;SQSTM1;APH1A;NCSTN;PSEN1,C-TAL
prerank,MSigDB_Hallmark_2020__Fatty Acid Metabolism,0.782294824656511,1.1531432147418397,0.0321285140562249,0.11128488918794883,0.854,82/157,11.31%,LDHA;S100A10;CA2;CBR1;ACAA2;ERP29;ECH1;G0S2;PCBD1;MDH1;MDH2;ACADM;MIF;ACADVL;SDHC;ECI1;CRYZ;SDHD;ECHS1;ACSL1;SERINC1;PSME1;SDHA;ALDH3A2;HSD17B10;RDH11;GRHPR;CPT1A;SMS;DHCR24;HADHB;OSTC;PTS;PDHA1;PDHB;EPHX1;GLUL;SUCLG1;IDH3G;HSP90AA1;GABARAPL1;HSD17B4;APEX1;DLD;MAOA;TP53INP2;ALDH9A1;PRDX6;ECI2;ACO2;DLST;IDH3B;HSDL2;ODC1;ACAA1;CA4;IDI1;IDH1;UROS;FH;NBN;ACOX1;ALDH1A1;FASN;HADH;ACADS;UROD;YWHAH;CRAT;ACSS1;HMGCL;ACOT2;CCDC58;ACOT8;ALDOA;PPARA;GSTZ1;KMT5A;SUCLA2;HCCS;RETSAT;HMGCS2,C-TAL
prerank,Reactome_2022__Ovarian Tumor Domain Proteases R-HSA-5689896,0.827489891189659,1.1528972035801996,0.10642781875658588,0.40390407760122315,1.0,9/38,5.54%,UBC;UBB;RPS27A;RHOA;UBA52;VCP;RNF128;OTUB1;TNIP1,C-TAL
prerank,Reactome_2022__Diseases Of Carbohydrate Metabolism R-HSA-5663084,0.8365583629515031,1.1527725596677105,0.11075949367088607,0.403816726506989,1.0,20/32,14.87%,UBC;UBB;RPS27A;GNS;UBA52;GAA;TALDO1;DCXR;NAGLU;G6PC3;GUSB;GLB1;HGSNAT;GBE1;GALNS;IDS;SLC37A4;KHK;SGSH;IDUA,C-TAL
prerank,Reactome_2022__RNA Polymerase II Transcription Termination R-HSA-73856,0.8029321192943687,1.152550170051015,0.07399794450154162,0.40446445318226343,1.0,48/67,17.32%,SNRPG;SRSF9;SNRPE;RBM8A;SRSF7;SNRPB;RNPS1;SNRPF;SRSF2;SRRM1;SNRPD3;THOC7;NCBP2;SRSF3;SLU7;EIF4A3;U2AF2;FYTTD1;CHTOP;SRSF1;MAGOH;CASC3;CPSF7;POLDIP3;PCF11;LSM10;CSTF2T;THOC2;DDX39A;NUDT21;DDX39B;CSTF3;SLBP;THOC6;SRSF11;WDR33;SRSF4;DHX38;CDC40;SARNP;UPF3B;PAPOLA;THOC1;ALYREF;SYMPK;CPSF1;PABPN1;CSTF1,C-TAL
prerank,Reactome_2022__Scavenging By Class A Receptors R-HSA-3000480,0.8593890768572695,1.1523555489865647,0.1263498920086393,0.40490450785398074,1.0,5/19,8.73%,FTH1;FTL;COL4A1;CALR;COL4A2,C-TAL
prerank,Reactome_2022__Reduction Of Cytosolic Ca++ Levels R-HSA-418359,0.883302481823601,1.152078992430771,0.16203703703703703,0.40603228693158316,1.0,3/11,6.26%,CALM1;SRI;ATP2A2,C-TAL
prerank,Reactome_2022__Regulation Of TLR By Endogenous Ligand R-HSA-5686938,0.8514650890355286,1.151741795571425,0.14394765539803708,0.4076848033876659,1.0,4/18,9.49%,NDUFA2;GSDMD;HMGB1;S100A1,C-TAL
prerank,Reactome_2022__SLBP Dependent Processing Of Replication-Dependent Histone Pre-mRNAs R-HSA-77588,0.8752812019639464,1.1517136568538588,0.1770956316410862,0.4067705921749999,1.0,6/11,4.42%,SNRPG;SNRPE;SNRPB;SNRPF;SNRPD3;NCBP2,C-TAL
prerank,MSigDB_Hallmark_2020__Glycolysis,0.7747587247206652,1.15145521005552,0.03009027081243731,0.11254293786459074,0.866,83/199,12.67%,ENO1;LDHA;PKM;PGAM1;SDC2;SDC1;TXN;TPI1;PPIA;SOD1;MDH1;MDH2;CLDN3;GAL3ST1;MIF;B4GALT1;SDHC;NDUFV3;HDLBP;CHPF;TALDO1;UGP2;STMN1;IGFBP3;PGLS;PDK3;ELF3;HAX1;AGRN;CITED2;GOT2;PLOD2;FAM162A;RBCK1;HSPA5;IER3;GOT1;B3GAT3;MXI1;DLD;PPP2CB;COPB2;PSMC4;ALDH9A1;ARPP19;ALDH7A1;PGK1;QSOX1;VLDLR;FKBP4;GFPT1;VEGFA;B4GALT7;AGL;SLC35A3;IDH1;B4GALT2;GALE;PGAM2;GPC1;EGFR;TFF3;PYGB;TSTA3;GUSB;AKR1A1;COG2;MET;GNE;ALDOA;GPC3;GPC4;POLR3K;PRPS1;EXT2;NASP;CHST12;MED24;SLC25A10;PFKP;P4HA1;XYLT2;ANKZF1,C-TAL
prerank,MSigDB_Hallmark_2020__Cholesterol Homeostasis,0.8004699612836512,1.151380999524967,0.06288659793814433,0.10751573541467646,0.867,33/74,13.57%,S100A11;ACTG1;MAL2;ECH1;ANXA5;CD9;CLU;MVK;TM7SF2;PNRC1;CYP51A1;PDK3;PCYT2;PMVK;JAG1;FDPS;TNFRSF12A;LGMN;IDI1;FDFT1;GUSB;FASN;PLSCR1;ETHE1;TP53INP1;SEMA3B;LPL;ACSS2;CXCL16;SC5D;EBP;DHCR7;ABCA2,C-TAL
prerank,Reactome_2022__Pausing And Recovery Of Tat-mediated HIV Elongation R-HSA-167238,0.840272541167243,1.1511230277600708,0.09544008483563096,0.41045613178213125,1.0,25/31,13.89%,ELOB;POLR2L;POLR2J;TCEA1;POLR2I;ELOC;SUPT4H1;POLR2K;POLR2E;POLR2F;POLR2A;NELFCD;SSRP1;NELFE;POLR2C;POLR2H;SUPT5H;GTF2F1;NELFB;POLR2G;POLR2B;SUPT16H;CDK9;POLR2D;CCNT1,C-TAL
prerank,Reactome_2022__TGF-beta Receptor Signaling In EMT (Epithelial To Mesenchymal Transition) R-HSA-2173791,0.8619458184508927,1.1504936609876284,0.1544532130777903,0.41467855117306923,1.0,9/16,5.17%,UBC;UBB;RPS27A;RHOA;UBA52;FKBP1A;CGN;F11R;PARD6A,C-TAL
prerank,Reactome_2022__Interconversion Of Nucleotide Di- And Triphosphates R-HSA-499943,0.8459503223000692,1.1502448048368092,0.104638619201726,0.41570902001031745,1.0,15/28,10.69%,NME2;DUT;GUK1;TXN2;NME4;AK1;CMPK1;RRM2B;AK6;AK2;DCTD;DCTPP1;DTYMK;GSR;RRM1,C-TAL
prerank,Reactome_2022__Translesion Synthesis By POLH R-HSA-110320,0.8601857024880575,1.1490798752653986,0.14601769911504425,0.42457786668051517,1.0,8/19,8.24%,UBC;UBB;RPS27A;UBA52;VCP;RPA3;PCNA;UFD1,C-TAL
prerank,Reactome_2022__Translesion Synthesis By Y Family DNA Polymerases Bypasses Lesions On DNA Template R-HSA-110313,0.8254017512332575,1.1482215582579505,0.0975609756097561,0.4307463296520234,1.0,14/39,10.88%,UBC;UBB;RPS27A;UBA52;VCP;RPA3;POLD2;POLE4;POLD4;PCNA;POLE3;UFD1;NPLOC4;TRIM25,C-TAL
prerank,"Reactome_2022__Cell Cycle, Mitotic R-HSA-69278",0.7671081915429669,1.1479934925206514,0.001,0.431594191597319,1.0,205/488,15.06%,UBC;UBB;PSMB6;TUBB;RPS27A;TUBB4B;RBX1;SET;RAN;PSMA7;SSNA1;PSMD8;RPS27;LPIN2;SUMO1;PSMB5;UBA52;TUBA1B;CHMP2A;ANAPC11;PSMB1;SKP1;PSMA1;PSMA6;PSMA2;DYNC1H1;PSMC5;MZT2B;DCTN2;PSME1;PSMD9;RAB1B;PSMB4;TUBGCP2;CSNK2B;DYNLL1;PSME2;KPNB1;ANAPC5;NUDC;PSMA4;PSMA5;RAB2A;LMNA;MZT2A;PSMB2;CETN2;MCM3;RPA3;DCTN3;ANAPC15;PPP2R1A;UBE2I;PSMB3;ENSA;DYNC1LI2;DYNC1I2;HDAC1;RAD21;PAFAH1B1;PSMB7;CHMP4B;TMPO;RAB1A;CHMP2B;AKT2;CTDNEP1;TPR;ACTR1A;CCND1;YWHAG;HSP90AA1;SEM1;BANF1;PSMD14;RANBP2;PSMD13;POLD2;PPP2CB;AKT1;IST1;PSMC1;NUMA1;CDC26;PSMC4;ANAPC16;VPS4A;PSMD2;POLE4;PSMC2;RAB8A;E2F4;HSP90AB1;ARPP19;DCTN1;PSMF1;LBR;SMC3;GORASP2;YWHAE;TUBA1C;PPP1CC;OPTN;POLD4;PSMD11;PSMD6;CDKN1B;DYNLL2;PSMC3;TUBA4A;PSMA3;PCNA;SKA2;MAPRE1;PPP2CA;PSMC6;PSMD7;ANKLE2;CKS1B;POLE3;GOLGA2;CDK4;BUB3;PSMD4;PPP2R5C;SMC1A;RB1;CSNK1D;CDC23;RCC2;RANGAP1;LPIN1;CSNK1E;PSMD12;MAPK3;EMD;WEE1;USO1;MAPK1;CDKN1C;MCM7;PSMD3;DHFR;SEC13;MZT1;PSMB8;SIRT2;CHMP6;CEP290;KMT5A;TFDP1;TK1;CDC16;NUP160;NUP50;DYNC1LI1;CDC25B;PSME3;MAX;PSMD10;LEMD2;PPP1CB;NCAPD3;TFDP2;GMNN;CKAP5;CHMP4C;NUP62;EP300;TUBG1;AKAP9;PHF8;PPP2R5D;PPP2R2D;RBL2;PPP2R5E;ANAPC7;NUP42;MAU2;RBBP4;CENPT;PPP2R5B;CDC27;WAPL;AJUBA;PCNT;TUBGCP4;TUBB2A;HAUS4;PPP2R1B;NUP93;CEP78;CHMP7;PRKAR2B;PPME1;MAD1L1;NDC1;MCM8;CSNK2A2;LCMT1;PSMB10;MCM5;SRC;CEP164;PHLDA1,C-TAL
prerank,Reactome_2022__TCF Dependent Signaling In Response To WNT R-HSA-201681,0.7766687024804246,1.1475409278960798,0.048144433299899696,0.43433859940668657,1.0,85/168,14.15%,UBC;UBB;PSMB6;RPS27A;RBX1;PSMA7;PSMD8;SOX4;PSMB5;UBA52;PSMB1;PSMA1;PSMA6;PSMA2;PSMC5;DVL3;PSME1;PSMD9;PSMB4;CSNK2B;PSME2;PSMA4;PSMA5;PSMB2;PPP2R1A;PSMB3;HDAC1;PSMB7;AKT2;TLE4;SEM1;PSMD14;PSMD13;PPP2CB;AKT1;PSMC1;PSMC4;RYK;KAT5;PSMD2;PSMC2;PSMF1;PSMD11;PSMD6;CSNK1G2;PSMC3;PSMA3;PPP2CA;PSMC6;PSMD7;PSMD4;PPP2R5C;SMARCA4;CTBP1;CBY1;CSNK1E;PSMD12;FZD6;USP8;RBBP5;PSMD3;ZNRF3;TLE3;PSMB8;RNF146;FZD8;PSME3;XIAP;PSMD10;PYGO2;LGR5;EP300;CHD8;PPP2R5D;CTNNBIP1;PPP2R5E;FZD1;PPP2R5B;ASH2L;DVL2;RUVBL1;RNF43;FZD4;SOX13;PPP2R1B,C-TAL
prerank,Reactome_2022__Listeria Monocytogenes Entry Into Host Cells R-HSA-8876384,0.8575592436101629,1.1475293262787398,0.16304347826086957,0.43324229608546705,1.0,9/19,10.95%,UBC;UBB;RPS27A;UBA52;RNMT;HGS;GRB2;SH3GL3;SH3GL1,C-TAL
prerank,Reactome_2022__FGFR2 Alternative Splicing R-HSA-6803529,0.8407463756955548,1.1471100219123933,0.13704496788008566,0.4354920657183774,1.0,20/26,11.40%,HNRNPA1;POLR2L;POLR2J;POLR2I;HNRNPF;POLR2K;PTBP1;POLR2E;POLR2F;POLR2A;NCBP2;TIAL1;POLR2C;POLR2H;TIA1;HNRNPM;GTF2F1;ESRP2;POLR2G;POLR2B,C-TAL
prerank,Reactome_2022__Signaling By NOTCH R-HSA-157118,0.7716485450849961,1.1467758528942122,0.054271356783919596,0.43710915869910294,1.0,93/173,12.17%,UBC;UBB;PSMB6;RPS27A;RBX1;YBX1;PSMA7;PSMD8;PSMB5;UBA52;PSMB1;SKP1;B4GALT1;APH1A;DNER;ST3GAL4;PSMA1;PSMA6;PSMA2;PSMC5;TMED2;PSME1;PSMD9;FURIN;PSMB4;PSME2;PSMA4;PSMA5;JUN;PSMB2;ELF3;JAG1;PSMB3;HDAC1;PSMB7;HIF1A;TLE4;CCND1;SEM1;PSMD14;PSMD13;NCSTN;AKT1;PSMC1;SEL1L;PSMC4;PSMD2;PSMC2;PSMF1;DTX1;ATP2A2;PSMD11;PSMD6;HDAC11;PSMC3;PSMA3;PSEN1;ADAM10;NCOR2;RAB6A;PRKCI;PSMC6;PSMD7;EGFR;PSMD4;NCOR1;TACC3;MIB2;POFUT1;RFNG;HDAC2;PSMD12;HDAC7;SNW1;HDAC3;SMAD3;NOTCH3;PSMD3;WWC1;TLE3;HDAC6;PSMB8;STAT1;TFDP1;PSENEN;RBPJ;PSME3;CCNC;PSMD10;TFDP2;NOTCH1;AGO2;EP300,C-TAL
prerank,Reactome_2022__Processing Of SMDT1 R-HSA-8949664,0.8586555217822281,1.146738379902817,0.1771177117711771,0.4361661452671296,1.0,10/15,9.57%,SMDT1;STOML2;AFG3L2;PHB2;YME1L1;MICU2;SPG7;PMPCB;PMPCA;PARL,C-TAL
prerank,Reactome_2022__Platelet Adhesion To Exposed Collagen R-HSA-75892,0.877066792984359,1.146417606596406,0.17341040462427745,0.4379403965932636,1.0,1/12,0.75%,ITGB1,C-TAL
prerank,Reactome_2022__Golgi Cisternae Pericentriolar Stack Reorganization R-HSA-162658,0.8600234985456713,1.1458343644725388,0.17885264341957255,0.44200033620429013,1.0,8/14,9.27%,RAB1B;RAB2A;RAB1A;GORASP2;GOLGA2;MAPK3;USO1;MAPK1,C-TAL
prerank,Reactome_2022__Constitutive Signaling By Aberrant PI3K In Cancer R-HSA-2219530,-0.5213115072609422,-1.145496636426713,0.07407407407407407,0.8116985899802709,1.0,8/78,1.38%,ERBB4;EGF;FGF13;NRG1;NRG3;PIK3R1;PIK3CB;FGFR2,C-TAL
prerank,Reactome_2022__Regulation Of HSF1-mediated Heat Shock Response R-HSA-3371453,0.7973072398332834,1.145073913265699,0.08307692307692308,0.44734684083681836,1.0,42/80,14.72%,UBB;HSBP1;BAG1;HSPA2;RPS19BP1;HSPA9;HSF1;DNAJB6;HSPA1A;MRPL18;RPA3;HSPA8;DNAJC7;HSPA5;TPR;BAG3;RANBP2;HSPA4;YWHAE;FKBP4;MAPKAPK2;BAG5;DNAJB1;HSPA13;SERPINH1;MAPK3;ST13;MAPK1;SEC13;NUP160;HIKESHI;NUP50;BAG4;NUP62;TNFRSF21;DEDD2;NUP42;HSPH1;ATM;NUP93;CCAR2;NDC1,C-TAL
prerank,Reactome_2022__Transcription Of HIV Genome R-HSA-167172,0.7973352082057819,1.1447667539561446,0.09352517985611511,0.4490813386821826,1.0,41/69,13.89%,ELOB;POLR2L;POLR2J;TAF7;TCEA1;POLR2I;ELOC;SUPT4H1;POLR2K;GTF2H5;POLR2E;GTF2A2;RNMT;POLR2F;POLR2A;TAF10;NCBP2;GTF2H2;NELFCD;SSRP1;NELFE;POLR2C;POLR2H;SUPT5H;CCNK;TAF13;GTF2F1;TAF9;NELFB;POLR2G;POLR2B;TAF12;TAF11;GTF2B;GTF2A1;ERCC3;TAF6;SUPT16H;CDK9;POLR2D;CCNT1,C-TAL
prerank,Reactome_2022__CaMK IV-mediated Phosphorylation Of CREB R-HSA-111932,0.8718897647353491,1.1444336145204603,0.20348837209302326,0.45083903756227955,1.0,1/10,0.14%,CALM1,C-TAL
prerank,Reactome_2022__Glycosphingolipid Metabolism R-HSA-1660662,0.8172164224376105,1.1443491239947807,0.10399159663865547,0.45037646116147767,1.0,14/43,10.60%,GLTP;ASAH1;HEXA;CPTP;SUMF2;ESYT2;GBA2;CTSA;ARSD;SMPD1;GLB1;HEXB;ESYT1;SMPD4,C-TAL
prerank,Reactome_2022__Cooperation Of PDCL (PhLP1) And TRiC/CCT In G-protein Beta Folding R-HSA-6814122,0.8173587012114559,1.1438243642089558,0.13891834570519618,0.4538680468728683,1.0,13/37,5.51%,GNG5;CCT7;GNB2;TCP1;CSNK2B;CCT6A;CCT4;CCT5;CCT2;GNB1;GNA11;CCT3;GNG10,C-TAL
prerank,Reactome_2022__HCMV Infection R-HSA-9609646,0.790915427311674,1.143636585825408,0.06625891946992865,0.4543991846208838,1.0,53/92,15.52%,VPS28;ITGB1;CHMP2A;SNF8;DYNC1H1;CD46;DUT;VPS25;CEBPD;DYNLL1;TXN2;HNRNPK;DYNC1LI2;DYNC1I2;CHMP4B;SUZ12;CHMP2B;TPR;GPS2;HSD17B4;RANBP2;MVB12A;CHMP1A;VPS4A;TRIM28;VPS36;RBBP7;DYNLL2;NCOR2;TSG101;EGFR;NCOR1;HDAC3;SEC13;CHMP6;RRM1;NUP160;NUP50;DYNC1LI1;CHMP4C;NUP62;VPS37A;NUP42;RBBP4;CBX1;NUP93;IRS1;CHMP7;VPS37B;VPS37D;NDC1;TRMU;POM121C,C-TAL
prerank,Reactome_2022__HIV Life Cycle R-HSA-162587,0.778182456646983,1.1430866177071644,0.04527162977867203,0.4579957158236165,1.0,75/147,13.02%,UBC;UBB;ELOB;POLR2L;CHMP5;RPS27A;RAN;VPS28;PPIA;UBA52;POLR2J;CHMP2A;TAF7;RANBP1;TCEA1;POLR2I;ELOC;SUPT4H1;POLR2K;FURIN;GTF2H5;POLR2E;GTF2A2;XRCC6;RNMT;POLR2F;POLR2A;CHMP4B;TAF10;NCBP2;CHMP2B;TPR;BANF1;RANBP2;GTF2H2;NELFCD;MVB12A;NMT1;SSRP1;VPS4A;NELFE;POLR2C;POLR2H;SUPT5H;VPS4B;TSG101;CCNK;TAF13;XRCC5;RANGAP1;GTF2F1;HMGA1;TAF9;SEC13;CHMP6;NELFB;NUP160;NUP50;POLR2G;VTA1;POLR2B;PDCD6IP;TAF12;TAF11;CHMP4C;NUP62;GTF2B;GTF2A1;ERCC3;TAF6;SUPT16H;PSIP1;CDK9;VPS37A;NUP42,C-TAL
prerank,Reactome_2022__WNT5A-dependent Internalization Of FZD4 R-HSA-5099900,0.8612287416656135,1.1427001402752708,0.17245240761478164,0.4603209207863189,1.0,5/15,2.54%,AP2M1;CLTC;AP2S1;CLTB;CLTA,C-TAL
prerank,Reactome_2022__Gluconeogenesis R-HSA-70263,0.831458168561684,1.142681635064156,0.12419700214132762,0.459225503983881,1.0,10/30,8.27%,ENO1;TPI1;MDH1;MDH2;SLC25A11;GOT2;G6PC3;PGK1;PGAM2;SLC25A1,C-TAL
prerank,Reactome_2022__Alpha-Linolenic (Omega3) And Linoleic (Omega6) Acid Metabolism R-HSA-2046104,0.8710875119659877,1.1425598838471058,0.16914285714285715,0.4591219866358504,1.0,6/13,10.17%,ACSL1;HSD17B4;ACAA1;ELOVL1;ACOX1;ACOT8,C-TAL
prerank,Reactome_2022__Signaling By FGFR R-HSA-190236,0.7904682833924394,1.1423259777994303,0.09035532994923857,0.4599571071234195,1.0,38/86,11.40%,UBC;UBB;HNRNPA1;POLR2L;RPS27A;UBA52;POLR2J;POLR2I;HNRNPF;POLR2K;PTBP1;POLR2E;PPP2R1A;POLR2F;POLR2A;NCBP2;FGFR3;TIAL1;FLRT3;PPP2CB;HRAS;POLR2C;POLR2H;PTPN11;PPP2CA;TIA1;HNRNPM;GRB2;GTF2F1;MAPK3;MAPK1;GALNT3;ESRP2;FGFR1;POLR2G;KL;FLRT1;POLR2B,C-TAL
prerank,Reactome_2022__Amyloid Fiber Formation R-HSA-977225,0.8027989967707932,1.1414679822425233,0.13584117032392895,0.4663135590091919,1.0,13/52,2.36%,ITM2B;UBC;UBB;APP;B2M;RPS27A;HSPG2;TSPAN33;UBA52;CST3;APH1A;SORL1;FURIN,C-TAL
prerank,Reactome_2022__Initiation Of Nuclear Envelope (NE) Reformation R-HSA-2995383,0.8418694403214674,1.1413069637962467,0.1793478260869565,0.46650746593380527,1.0,11/19,11.60%,KPNB1;LMNA;PPP2R1A;TMPO;BANF1;LBR;PPP2CA;ANKLE2;EMD;SIRT2;LEMD2,C-TAL
prerank,Reactome_2022__Downregulation Of TGF-beta Receptor Signaling R-HSA-2173788,0.8334013423059794,1.1412979500068914,0.14715359828141783,0.4653334969228556,1.0,13/26,11.64%,UBC;UBB;RPS27A;UBA52;STUB1;PPP1CA;PPP1CC;BAMBI;UCHL5;SMAD7;SMAD3;TGFBR1;PPP1CB,C-TAL
prerank,MSigDB_Hallmark_2020__Pperoxisome,0.7765351599270527,1.1412591387045254,0.10699588477366255,0.1484425958399007,0.951,51/104,12.40%,PRDX1;CAT;ITGB1BP1;ECH1;FIS1;PRDX5;SOD1;SLC25A4;ACSL1;RDH11;IDH2;TSPO;SCP2;CNBP;DHCR24;GSTK1;ISOC1;SOD2;CADM1;FDPS;SLC35B2;SERPINA6;HSD17B4;HRAS;ERCC1;ALDH9A1;SULT2B1;ECI2;ACAA1;PABPC1;IDI1;IDH1;VPS4B;ACOX1;ABCC5;ALDH1A1;CTBP1;YWHAH;CRAT;HMGCL;MVP;ACOT8;PEX2;EPHX2;GNPAT;CLN8;RETSAT;BCL10;SLC23A2;ERCC3;PEX11B,C-TAL
prerank,Reactome_2022__Post-chaperonin Tubulin Folding Pathway R-HSA-389977,0.843896034984026,1.141256179910378,0.148068669527897,0.4645085248097541,1.0,9/23,8.70%,TUBB;ARL2;TUBB4B;TUBA1B;TBCA;TBCB;TUBA1C;TUBA4A;TBCC,C-TAL
prerank,Reactome_2022__Pre-NOTCH Processing In Golgi R-HSA-1912420,0.8484401318858352,1.140861243358257,0.15946843853820597,0.4667516856144375,1.0,10/18,11.86%,B4GALT1;ST3GAL4;TMED2;FURIN;SEL1L;ATP2A2;RAB6A;RFNG;NOTCH3;NOTCH1,C-TAL
prerank,Reactome_2022__Late Phase Of HIV Life Cycle R-HSA-162599,0.7778514474640776,1.140430263187613,0.06143001007049345,0.4694158242518327,1.0,70/134,13.02%,UBC;UBB;ELOB;POLR2L;CHMP5;RPS27A;RAN;VPS28;PPIA;UBA52;POLR2J;CHMP2A;TAF7;RANBP1;TCEA1;POLR2I;ELOC;SUPT4H1;POLR2K;FURIN;GTF2H5;POLR2E;GTF2A2;RNMT;POLR2F;POLR2A;CHMP4B;TAF10;NCBP2;CHMP2B;TPR;RANBP2;GTF2H2;NELFCD;MVB12A;NMT1;SSRP1;VPS4A;NELFE;POLR2C;POLR2H;SUPT5H;VPS4B;TSG101;CCNK;TAF13;RANGAP1;GTF2F1;TAF9;SEC13;CHMP6;NELFB;NUP160;NUP50;POLR2G;VTA1;POLR2B;PDCD6IP;TAF12;TAF11;CHMP4C;NUP62;GTF2B;GTF2A1;ERCC3;TAF6;SUPT16H;CDK9;VPS37A;NUP42,C-TAL
prerank,"Reactome_2022__Tetrahydrobiopterin (BH4) Synthesis, Recycling, Salvage And Regulation R-HSA-1474151",0.8739286065141361,1.1402509052417857,0.21561771561771562,0.4697063020321175,1.0,6/10,9.91%,CALM1;PTS;HSP90AA1;AKT1;GCHFR;DHFR,C-TAL
prerank,Reactome_2022__RHOH GTPase Cycle R-HSA-9013407,0.8184678059518845,1.1402040962448252,0.13424947145877378,0.4688680844352695,1.0,18/35,10.86%,TMEM59;SLC4A7;LAMTOR1;TUBA1B;JUP;VCP;NIPSNAP2;ARHGDIA;PKN1;VAMP3;TFRC;DBN1;RAB7A;NSFL1C;ROCK2;WDR11;CSK;STOM,C-TAL
prerank,Reactome_2022__Signaling By FGFR2 R-HSA-5654738,0.7965914182592733,1.1392086111767656,0.09397344228804903,0.476374896904479,1.0,30/72,9.60%,UBC;UBB;HNRNPA1;POLR2L;RPS27A;UBA52;POLR2J;POLR2I;HNRNPF;POLR2K;PTBP1;POLR2E;PPP2R1A;POLR2F;POLR2A;NCBP2;TIAL1;PPP2CB;HRAS;POLR2C;POLR2H;PTPN11;PPP2CA;TIA1;HNRNPM;GRB2;GTF2F1;MAPK3;MAPK1;ESRP2,C-TAL
prerank,Reactome_2022__Hyaluronan Metabolism R-HSA-2142845,0.8493478003820695,1.1388499392280165,0.18604651162790697,0.4783684682897117,1.0,5/16,9.09%,HEXA;HYAL2;ABCC5;GUSB;HEXB,C-TAL
prerank,Reactome_2022__Regulation Of TNFR1 Signaling R-HSA-5357905,0.8181625234283806,1.1381037099504618,0.13995726495726496,0.48392691143623257,1.0,20/35,15.72%,UBC;RACK1;UBB;RPS27A;UBA52;RBCK1;BIRC2;SHARPIN;SPPL2B;CFLAR;TNFRSF1A;MADD;XIAP;CYLD;USP4;IKBKG;CHUK;TAX1BP1;SPPL2A;FADD,C-TAL
prerank,Reactome_2022__Regulation Of Actin Dynamics For Phagocytic Cup Formation R-HSA-2029482,0.7980335277671334,1.1380739091631753,0.13011542497376705,0.4829520882709212,1.0,23/58,9.29%,ACTG1;MYH9;ARPC3;BRK1;ARPC1A;ARPC2;ACTR2;ARPC5;CYFIP1;CDC42;ARPC1B;PKN1;HSP90AA1;CRK;WASF2;HSP90AB1;ACTR3;WASL;GRB2;CYFIP2;MAPK3;MAPK1;VAV2,C-TAL
prerank,Reactome_2022__Energy Dependent Regulation Of mTOR By LKB1-AMPK R-HSA-380972,0.8226408275756473,1.1379833347106927,0.1590909090909091,0.4825926940223742,1.0,18/29,12.37%,LAMTOR5;LAMTOR4;LAMTOR1;LAMTOR2;RRAGA;RHEB;PRKAA1;PRKAA2;CAB39;LAMTOR3;PPM1A;TSC2;PRKAG1;RRAGC;PRKAG2;MLST8;MTOR;PRKAB2,C-TAL
prerank,Reactome_2022__FLT3 Signaling In Disease R-HSA-9682385,0.8315702165815321,1.137967456600088,0.14531754574811626,0.48150302953266294,1.0,11/27,8.56%,UBC;UBB;RPS27A;UBA52;GOLGB1;TRIP11;HRAS;SPTBN1;PTPN11;LONP1;GRB2,C-TAL
prerank,Reactome_2022__Regulation Of TP53 Activity Thru Methylation R-HSA-6804760,0.8498794138009749,1.1378665970041428,0.15703380588876772,0.48120045311935206,1.0,4/19,1.21%,UBC;UBB;RPS27A;UBA52,C-TAL
prerank,Reactome_2022__DDX58/IFIH1-mediated Induction Of Interferon-Alpha/Beta R-HSA-168928,0.7813585458528673,1.1369074594870154,0.13070539419087138,0.48878625158665034,1.0,34/80,16.67%,UBC;UBB;APP;RPS27A;UBA52;UBE2D2;HSP90AA1;UBE2D3;HMGB1;HSP90AB1;NFKBIA;SIKE1;TKFC;NKIRAS2;MAVS;RELA;TRIM25;ATG12;CYLD;EP300;MAP3K1;UBE2K;OTUD5;IKBKG;CHUK;TRIM4;TAX1BP1;NLRX1;ATG5;NFKBIB;FADD;CASP10;UBE2D1;IRF3,C-TAL
prerank,Reactome_2022__Signaling By NODAL R-HSA-1181150,0.8440205519408196,1.1366457921902258,0.1696035242290749,0.49010314489540446,1.0,8/21,9.70%,DRAP1;FURIN;TDGF1;ACVR1B;MAPK3;MAPK1;SMAD3;SMAD4,C-TAL
prerank,Reactome_2022__Degradation Of Extracellular Matrix R-HSA-1474228,0.7776652508598662,1.1366346749548464,0.09785932721712538,0.48892916094415917,1.0,22/109,10.91%,HSPG2;BSG;CAPNS1;CAPN1;CTSL;CTSB;FURIN;CTSD;CAPN6;TIMP2;NCSTN;CAPN2;ADAM9;PSEN1;ADAM10;CXXC1;COL18A1;LAMA5;LAMC1;CAPN10;CAPN15;MMP15,C-TAL
prerank,Reactome_2022__Amino Acids Regulate mTORC1 R-HSA-9639288,0.7943194514356406,1.1363261902469932,0.1400208986415883,0.49048753345982243,1.0,17/54,6.81%,ATP6V1F;LAMTOR5;LAMTOR4;ATP6V0B;LAMTOR1;LAMTOR2;ATP6V1E1;ATP6V1G1;ATP6V0E2;ATP6V0C;ATP6V0E1;RRAGA;ATP6V0D1;RHEB;ATP6V1D;LAMTOR3;ATP6V1C1,C-TAL
prerank,Reactome_2022__FCGR3A-mediated Phagocytosis R-HSA-9664422,0.8002458727747562,1.136016187523944,0.14300736067297581,0.4921012387630696,1.0,21/56,9.29%,ACTG1;MYH9;ARPC3;BRK1;ARPC1A;ARPC2;ACTR2;ARPC5;CYFIP1;CDC42;ARPC1B;YES1;CRK;WASF2;ACTR3;WASL;GRB2;CYFIP2;MAPK3;MAPK1;VAV2,C-TAL
prerank,Reactome_2022__Selective Autophagy R-HSA-9663891,0.7943634701701254,1.1357006085987644,0.12435233160621761,0.4935478037467681,1.0,40/61,11.61%,UBC;UBB;PARK7;RPS27A;TOMM7;TOMM5;UBA52;TOMM6;TOMM20;PINK1;TOMM22;HSF1;SQSTM1;DYNC1H1;VCP;CSNK2B;DYNLL1;NBR1;MAP1LC3B;HSPA8;DYNC1LI2;DYNC1I2;UBE2V1;HSP90AA1;PRKAA2;MFN2;VDAC1;UBE2N;DYNLL2;MAP1LC3A;FUNDC1;TOMM40;PLIN3;HDAC6;PRKAG1;PLIN2;DYNC1LI1;PRKAG2;ATG12;ULK1,C-TAL
prerank,Reactome_2022__Signal Transduction By L1 R-HSA-445144,0.8352223180673652,1.1356094427583159,0.18797814207650274,0.49314213417724073,1.0,11/20,10.70%,ITGB1;ITGAV;MAP2K2;CSNK2B;PKN1;EGFR;MAPK3;MAPK1;VAV2;MAP2K1;FGFR1,C-TAL
prerank,Reactome_2022__Paracetamol ADME R-HSA-9753281,0.8313146237373675,1.1355589667315364,0.15210355987055016,0.49233932034650596,1.0,6/27,10.98%,GSTP1;CNDP2;GGT6;ABCC5;SLC38A1;ACY1,C-TAL
prerank,Reactome_2022__RNA Polymerase II Pre-transcription Events R-HSA-674695,0.788070322671253,1.1352626025638135,0.10531697341513292,0.4938795643097914,1.0,47/79,14.05%,ELOB;POLR2L;POLR2J;TAF7;TCEA1;POLR2I;ELOC;SUPT4H1;POLR2K;GTF2H5;POLR2E;GTF2A2;MLLT1;POLR2F;POLR2A;TAF10;NCBP2;GTF2H2;NELFCD;SSRP1;NELFE;RTF1;POLR2C;POLR2H;SUPT5H;CTR9;SUPT6H;CCNK;TAF13;GTF2F1;TAF9;DMAP1;NELFB;POLR2G;POLR2B;TAF12;TAF11;GTF2B;GTF2A1;ERCC3;TAF6;SUPT16H;CDK9;POLR2D;AFF4;CCNT1;PAF1,C-TAL
prerank,Reactome_2022__mRNA 3-End Processing R-HSA-72187,0.796463852091404,1.135240671679159,0.13485477178423236,0.4928516055541786,1.0,41/58,17.32%,SRSF9;RBM8A;SRSF7;RNPS1;SRSF2;SRRM1;THOC7;NCBP2;SRSF3;SLU7;EIF4A3;U2AF2;FYTTD1;CHTOP;SRSF1;MAGOH;CASC3;CPSF7;POLDIP3;PCF11;CSTF2T;THOC2;DDX39A;NUDT21;DDX39B;CSTF3;THOC6;SRSF11;WDR33;SRSF4;DHX38;CDC40;SARNP;UPF3B;PAPOLA;THOC1;ALYREF;SYMPK;CPSF1;PABPN1;CSTF1,C-TAL
prerank,Reactome_2022__Phenylalanine And Tyrosine Metabolism R-HSA-8963691,0.8618907009071458,1.1351966647691878,0.2180365296803653,0.49202314592639074,1.0,4/11,10.33%,PCBD1;ASRGL1;QDPR;GSTZ1,C-TAL
prerank,Reactome_2022__Signaling By MET R-HSA-6806834,0.8001601126370704,1.1351626176508152,0.10041407867494824,0.49110933766031595,1.0,34/63,15.05%,UBC;UBB;SPINT2;RPS27A;ITGB1;UBA52;SPINT1;RNMT;HRAS;CRK;RAB4A;HGS;PTPN11;RAP1B;TNS3;ARF6;LAMA5;GRB2;LAMC1;USP8;STAT3;RAPGEF1;SH3GL3;HPN;SH3GL1;MUC20;RANBP9;CRKL;NRAS;GGA3;PTPRJ;LMNB2;SRC;ITGA3,C-TAL
prerank,Reactome_2022__Glutathione Conjugation R-HSA-156590,0.8184439600195518,1.134562076594777,0.16296296296296298,0.49529770028369724,1.0,17/34,13.28%,GSTM3;GSTP1;CNDP2;MGST3;GGT6;GSTO1;GSTK1;GGCT;ESD;AKR1A1;GSTZ1;OPLAH;GSTO2;GSTM4;PRNP;GCLM;GSTA4,C-TAL
prerank,Reactome_2022__Regulation Of TP53 Expression And Degradation R-HSA-6806003,0.8191133565722992,1.1344847478897178,0.13177470775770456,0.4948106448489296,1.0,13/37,8.64%,UBC;UBB;RPS27A;UBA52;PPP2R1A;AKT2;PPP2CB;AKT1;PPP2CA;CCNG1;PDPK1;PPP2R5C;USP7,C-TAL
prerank,Reactome_2022__Cell Recruitment (Pro-Inflammatory Response) R-HSA-9664424,0.8325889170211849,1.1341270734938085,0.15342763873775844,0.4968992017146268,1.0,7/25,11.86%,TXNIP;GSDMD;TXN2;HSP90AB1;ENTPD5;RELA;SUGT1,C-TAL
prerank,Reactome_2022__Glycogen Breakdown (Glycogenolysis) R-HSA-70221,0.8580791175488737,1.1340510922467675,0.2,0.49633430543763146,1.0,7/14,12.08%,CALM1;GAA;PGM1;AGL;PYGB;PHKB;PHKG2,C-TAL
prerank,Reactome_2022__MyD88 Deficiency (TLR2/4) R-HSA-5602498,0.8428838476549037,1.133789402560817,0.20723684210526316,0.49737037210130375,1.0,3/17,9.49%,NDUFA2;HMGB1;S100A1,C-TAL
prerank,Reactome_2022__Glucagon Signaling In Metabolic Regulation R-HSA-163359,0.8186069376457327,1.133622377079491,0.14994720168954592,0.49776462571323954,1.0,14/32,14.76%,GNG5;GNB2;GNAS;PRKAR1A;GNB1;GNG10;ADCY6;ADCY5;GNG12;PRKACB;PRKAR1B;PRKAR2A;PRKAR2B;ADCY9,C-TAL
prerank,Reactome_2022__NLRP3 Inflammasome R-HSA-844456,0.8578396535482227,1.133501022191899,0.17146017699115043,0.497656146514865,1.0,4/16,5.93%,TXNIP;APP;TXN2;HSP90AB1,C-TAL
prerank,Reactome_2022__Fc Epsilon Receptor (FCERI) Signaling R-HSA-2454202,0.7700147648720327,1.133461082941782,0.10808080808080808,0.49679030481882547,1.0,65/129,12.01%,UBC;UBB;CALM1;PSMB6;RPS27A;PSMA7;PSMD8;PSMB5;UBA52;PSMB1;SKP1;PSMA1;PSMA6;PSMA2;PSMC5;PSME1;PSMD9;PSMB4;PSME2;PSMA4;PSMA5;JUN;PSMB2;PSMB3;UBE2V1;UBE2D2;PSMB7;PKN1;SEM1;PSMD14;PSMD13;HRAS;PSMC1;PSMC4;PSMD2;PSMC2;PSMF1;UBE2N;MAPK9;PSMD11;PSMD6;PSMC3;PSMA3;PSMC6;PSMD7;FOS;NFKBIA;PSMD4;PDPK1;GRB2;SPNS1;PSMD12;MAPK3;MAPK1;VAV2;PSMD3;AHCYL1;MAP2K7;PSMB8;RELA;PSME3;PIK3R2;PSMD10;BCL10;ITPR3,C-TAL
prerank,Reactome_2022__TBC/RABGAPs R-HSA-8854214,0.8083999020158423,1.133267073951628,0.12736842105263158,0.4973508282094523,1.0,23/44,11.87%,GABARAP;TBC1D16;GABARAPL2;RAB5C;MAP1LC3B;RAB5B;RAB11A;TBC1D24;RAB8A;RAB5A;TBC1D17;OPTN;RAB4A;TBC1D14;RAB6A;ARF6;RAB35;GGA1;RAB7A;TSC2;TBC1D13;ULK1;TBC1D20,C-TAL
prerank,Reactome_2022__Inhibition Of DNA Recombination At Telomere R-HSA-9670095,0.8406053588679976,1.133108837225183,0.16593886462882096,0.4975569850449708,1.0,16/20,13.44%,POLR2L;POLR2J;POLR2I;POLR2K;POLR2E;POLR2F;POLR2A;TERF2IP;POLR2C;POLR2H;ATRX;POLR2G;POLR2B;TINF2;TERF1;POLR2D,C-TAL
prerank,Reactome_2022__SARS-CoV-2 Targets Host Intracellular Signaling And Regulatory Pathways R-HSA-9755779,0.8612381184766865,1.1330065920265913,0.18140589569160998,0.49731216805302336,1.0,9/13,8.92%,REXO2;YWHAB;YWHAQ;AKT2;YWHAG;AKT1;YWHAE;PDPK1;YWHAH,C-TAL
prerank,Reactome_2022__Transferrin Endocytosis And Recycling R-HSA-917977,0.8159850979305532,1.132921987466696,0.16149732620320856,0.49682478802498126,1.0,13/31,8.65%,ATP6V1F;ATP6V0B;ATP6V1E1;ATP6V1G1;ATP6V0E2;ATP6V0C;ATP6V0E1;ATP6V0D1;ATP6AP1;ATP6V1D;MCOLN1;ATP6V1C1;TFRC,C-TAL
prerank,Reactome_2022__NOTCH3 Activation And Transmission Of Signal To Nucleus R-HSA-9013507,0.8272794315071305,1.132771067509162,0.19188596491228072,0.4968525648947832,1.0,15/25,10.73%,UBC;UBB;RPS27A;YBX1;UBA52;APH1A;JAG1;NCSTN;PSEN1;ADAM10;EGFR;TACC3;MIB2;NOTCH3;PSENEN,C-TAL
prerank,Reactome_2022__Regulation Of TP53 Degradation R-HSA-6804757,0.8193415353944326,1.1325191574406845,0.13340448239060831,0.49799460680034174,1.0,13/36,8.64%,UBC;UBB;RPS27A;UBA52;PPP2R1A;AKT2;PPP2CB;AKT1;PPP2CA;CCNG1;PDPK1;PPP2R5C;USP7,C-TAL
prerank,Reactome_2022__Unfolded Protein Response (UPR) R-HSA-381119,0.7798871449102601,1.1322094467794188,0.09674134419551934,0.49966785056097135,1.0,47/89,10.82%,HERPUD1;HDGF;ACADVL;PDIA6;MBTPS1;MYDGF;ATP6V0D1;SSR1;LMNA;EIF2S2;YIF1A;TLN1;HSPA5;ADD1;SRPRA;EIF2S1;EXOSC4;NFYB;KLHDC3;DNAJB9;DCTN1;WFS1;CALR;ATF4;DNAJB11;GFPT1;GSK3A;CREBRF;KHSRP;EXOSC7;SERP1;CXXC1;SRPRB;GOSR2;HYOU1;EXOSC8;DCP2;SEC31A;SYVN1;CTDSP2;EXTL2;EIF2S3;EXOSC6;ATF6;DNAJC3;ARFGAP1;DDIT3,C-TAL
prerank,Reactome_2022__mRNA Decay By 5 To 3 Exoribonuclease R-HSA-430039,0.8510973171968984,1.131883466762722,0.20428893905191872,0.5015386266054527,1.0,12/15,12.99%,LSM7;LSM3;LSM4;LSM5;LSM2;LSM1;DDX6;LSM6;DCP2;PATL1;EDC4;DCP1A,C-TAL
prerank,Reactome_2022__PTEN Regulation R-HSA-6807070,0.7681598571587636,1.1316795942963334,0.08629441624365482,0.5021509816746182,1.0,85/138,12.11%,UBC;UBB;LAMTOR5;PSMB6;RPS27A;PSMA7;PSMD8;LAMTOR4;PSMB5;LAMTOR1;LAMTOR2;UBA52;STUB1;PSMB1;PSMA1;PSMA6;PSMA2;PSMC5;PSME1;PSMD9;PSMB4;CSNK2B;PSME2;RRAGA;PSMA4;PSMA5;JUN;PSMB2;MAF1;RHEB;PSMB3;HDAC1;MKRN1;PSMB7;SUZ12;REST;AKT2;SEM1;PHC2;PSMD14;PSMD13;CBX6;CHD3;AKT1;PSMC1;PSMC4;PSMD2;PSMC2;PSMF1;CHD4;PSMD11;PSMD6;RBBP7;PSMC3;LAMTOR3;VAPA;PSMA3;PSMC6;PSMD7;KDM1A;PSMD4;CBX4;RING1;GATAD2A;ATN1;USP7;HDAC2;PSMD12;MAPK3;HDAC7;MAPK1;HDAC3;PSMD3;PSMB8;CNOT6L;RRAGC;RNF146;TRIM27;PSME3;XIAP;PSMD10;EGR1;MLST8;AGO2;MTOR,C-TAL
prerank,Reactome_2022__Role Of Nef In HIV-1 Replication And Disease Pathogenesis R-HSA-164952,0.8240623682113029,1.1316768768903849,0.1976112920738328,0.5009715609934582,1.0,11/27,12.33%,AP2M1;B2M;AP2S1;HLA-A;AP1S1;AP1M2;AP2B1;AP1B1;AP1G1;AP2A2;AP1S3,C-TAL
prerank,Reactome_2022__Interferon Alpha/Beta Signaling R-HSA-909733,0.785246172251294,1.1312634813519407,0.11806981519507187,0.5034856003754818,1.0,32/72,17.97%,IFITM3;HLA-B;HLA-C;HLA-A;KPNB1;IFITM2;IFNAR1;HLA-E;ADAR;PTPN11;IFI6;ABCE1;SOCS1;IP6K2;PSMB8;STAT1;IFIT1;EGR1;IRF6;JAK1;IRF9;IRF5;SOCS3;IFIT5;STAT2;IRF2;IFI27;BST2;IRF3;IRF1;KPNA1;IFIT2,C-TAL
prerank,Reactome_2022__rRNA Modification In Nucleus And Cytosol R-HSA-6790901,0.793936814107832,1.131169167105585,0.1415289256198347,0.5031017226667897,1.0,35/60,16.30%,RPS9;RPS14;RPS2;RPS6;RPS7;NOP10;TRMT112;SNU13;BUD23;NHP2;KRR1;DDX52;TSR3;FBL;RRP7A;EMG1;THUMPD1;IMP4;WDR46;DDX49;GAR1;UTP18;PDCD11;NOP56;UTP3;RRP36;NOL11;NOP58;DKC1;NOC4L;SPPL2A;DCAF13;MPHOSPH10;BMS1;UTP11,C-TAL
prerank,Reactome_2022__Digestion Of Dietary Carbohydrate R-HSA-189085,-0.723717602712863,-1.130393982361919,0.36936936936936937,0.8319244708840965,1.0,1/11,4.45%,MGAM,C-TAL
prerank,Reactome_2022__Hormone Ligand-Binding Receptors R-HSA-375281,-0.7388313030580694,-1.1301113745940545,0.3879310344827586,0.810175109227297,1.0,5/12,14.94%,GNRH1;TSHR;GNRHR;LHCGR;FSHR,C-TAL
prerank,Reactome_2022__Inflammasomes R-HSA-622312,0.8404351143061708,1.1298132262451235,0.15916575192096596,0.5140071020940453,1.0,7/21,11.86%,TXNIP;APP;TXN2;HSP90AB1;BCL2L1;RELA;SUGT1,C-TAL
prerank,Reactome_2022__Spry Regulation Of FGF Signaling R-HSA-1295596,0.8599140882003199,1.129442007374221,0.16409691629955947,0.5161756008366433,1.0,11/16,9.27%,UBC;UBB;RPS27A;UBA52;PPP2R1A;PPP2CB;PTPN11;PPP2CA;GRB2;MAPK3;MAPK1,C-TAL
prerank,Reactome_2022__RNA Polymerase III Transcription Initiation From Type 1 Promoter R-HSA-76061,0.821793032877722,1.12940132247316,0.2050163576881134,0.5152896601489012,1.0,17/27,13.81%,POLR2L;GTF3C6;POLR2K;POLR2E;POLR2F;GTF3A;POLR1D;POLR3GL;POLR2H;GTF3C1;GTF3C2;GTF3C5;GTF3C3;POLR3K;GTF3C4;BDP1;BRF1,C-TAL
prerank,Reactome_2022__Glucose Metabolism R-HSA-70326,0.7767411910997387,1.129338985890316,0.1362704918032787,0.5146963495058772,1.0,41/87,15.82%,ENO1;PKM;PFKFB3;TPI1;MDH1;MDH2;SLC25A11;PFKL;PGP;PPP2R1A;GOT2;PFKM;TPR;HOOK2;RANBP2;PPP2CB;G6PC3;PGK1;PPP2CA;PGAM2;SLC25A1;BPGM;SEC13;NUP160;NUP50;HOOK3;ADPGK;PRKACB;SLC25A10;NUP62;PFKP;PPP2R5D;NUP42;SLC37A4;PPP2R1B;NUP93;PFKFB2;NDC1;FBP1;POM121C;GNPDA1,C-TAL
prerank,Reactome_2022__Activation Of BAD And Translocation To Mitochondria R-HSA-111447,0.8476384813478182,1.1291146487703907,0.20310765815760268,0.5155190064674658,1.0,9/15,8.92%,REXO2;YWHAB;BAD;YWHAQ;AKT2;YWHAG;AKT1;YWHAE;YWHAH,C-TAL
prerank,Reactome_2022__Class I MHC Mediated Antigen Processing And Presentation R-HSA-983169,0.7562452856977424,1.1289095198538373,0.031031031031031032,0.5161417352446438,1.0,162/377,13.90%,UBC;UBB;PSMB6;B2M;ELOB;RPS27A;RBX1;SEC61B;PSMA7;VAMP8;HLA-B;PSMD8;ITGAV;HLA-C;FBXW5;PSMB5;UBA52;STUB1;ANAPC11;HLA-A;PSMB1;NDUFA2;SKP1;CTSL;FBXO2;SEC61G;PSMA1;PSMA6;PSMA2;ANAPC13;RNF7;ELOC;PSMC5;KLHL21;PSME1;PSMD9;UBE2M;TAPBP;PSMB4;PSME2;SAR1B;ANAPC5;PSMA4;SEC61A1;UBE2Q1;PSMA5;PSMB2;RNF114;PSMB3;HLA-E;UBE2V1;UBE2A;UBA1;UBE2D2;MKRN1;FBXO7;PSMB7;RNF213;RBCK1;HSPA5;UBE2L3;ARIH2;UBE2B;UBE2D3;SEM1;PSMD14;PSMD13;UBE2Z;FBXL3;PSMC1;CDC26;PSMC4;HMGB1;PSMD2;BECN1;ITGB5;PSMC2;PSMF1;UBE2N;BTBD1;PDIA3;CALR;LNPEP;PJA2;PSMD11;PSMD6;FBXL15;CYBA;PSMC3;BTBD6;UBE4A;ASB13;PSMA3;PSMC6;PSMD7;UBE2J2;UBAC1;FBXO44;MYLIP;KLHL9;RBBP6;FBXW2;VAMP3;PSMD4;FBXO9;KEAP1;RNF130;MIB2;SOCS1;UBA5;CDC23;ASB8;PSMD12;FBXW4;SEC31A;STX4;UBE2G2;UBE2V2;RNF144B;S100A1;PSMD3;UBE2J1;UBE2F;FBXL5;NPEPPS;RNF6;UBA6;FBXO17;RNF126;SEC13;PSMB8;UBA3;PJA1;LRRC41;UBE2D4;SEC22B;FBXO21;CDC16;RNF115;PSME3;RLIM;PSMD10;TRIM37;UFL1;UBE2G1;FBXO22;SEC24C;LMO7;ANAPC7;TRAF7;RNF123;UBE2K;RCHY1;TRIM41;CDC27;IKBKG;RNF220;AREL1;CHUK;RNF14;SOCS3;UBE2R2,C-TAL
prerank,Reactome_2022__Mitochondrial Biogenesis R-HSA-1592230,0.7762812617181252,1.1288989868194725,0.1260245901639344,0.5150312762741575,1.0,44/89,12.37%,CALM1;ATP5F1E;ATP5PF;ATP5MC3;MICOS10;CYCS;ATP5F1B;ATP5MC1;ATP5PO;DNAJC11;HSPA9;MICOS13;ATP5F1A;ATP5F1D;ATP5MF;ATP5MG;ATP5F1C;IDH2;ATP5PD;ESRRA;SSBP1;ATP5MC2;ATP5PB;ATP5ME;PRKAA2;IMMT;HCFC1;MTX1;MBD4;TFAM;NCOR1;CARM1;TMEM11;HDAC3;RXRA;PPARA;PRKAG1;SIRT3;PRKAG2;SAMM50;NCOA6;ACSS2;CRTC2;PRKAB2,C-TAL
prerank,Reactome_2022__Phase II - Conjugation Of Compounds R-HSA-156580,0.773940470161584,1.128793488541632,0.12804878048780488,0.5148204816704947,1.0,32/104,14.17%,GSTM3;GSTP1;COMT;CNDP2;TRMT112;MGST3;GGT6;UGP2;GSTO1;GSTK1;GGCT;ESD;SLC35B2;TPMT;MAT2B;SULT2B1;ABHD14B;SLC38A1;AKR1A1;MAT2A;PODXL2;GSTZ1;OPLAH;PAPSS1;GSTO2;AHCY;GSTM4;PRNP;GCLM;GSTA4;SLC35B3;GGT7,C-TAL
prerank,Reactome_2022__MicroRNA (miRNA) Biogenesis R-HSA-203927,0.8271647457522991,1.1285313255037166,0.18443496801705758,0.5159805705053196,1.0,11/24,6.64%,POLR2L;RAN;POLR2J;POLR2I;POLR2K;POLR2E;POLR2F;PRKRA;POLR2A;POLR2C;POLR2H,C-TAL
prerank,Reactome_2022__RNA Polymerase III Chain Elongation R-HSA-73780,0.839586089356508,1.1283848776462786,0.2100558659217877,0.5160807474956445,1.0,7/17,6.64%,POLR2L;POLR2K;POLR2E;POLR2F;POLR1D;POLR3GL;POLR2H,C-TAL
prerank,Reactome_2022__Hyaluronan Uptake And Degradation R-HSA-2160916,0.8476633980587154,1.128126135851497,0.23687150837988827,0.5171956329137289,1.0,4/12,9.09%,HEXA;HYAL2;GUSB;HEXB,C-TAL
prerank,Reactome_2022__Post-translational Modification: Synthesis Of GPI-anchored Proteins R-HSA-163125,0.7719816076585864,1.1277148481070913,0.14285714285714285,0.519760157626,1.0,20/91,13.76%,MELTF;THY1;DPM3;GPAA1;PIGP;PIGS;PIGT;PIGH;PIGX;DPM2;PIGQ;PIGK;LSAMP;PIGF;PIGM;PIGV;PIGG;PIGC;PIGO;LY6E,C-TAL
prerank,Reactome_2022__MAP2K And MAPK Activation R-HSA-5674135,0.8064365506248162,1.1276900283240532,0.1902231668437832,0.5188151770754637,1.0,15/37,10.32%,PEBP1;LAMTOR2;MAP2K2;YWHAB;TLN1;VCL;HRAS;LAMTOR3;RAP1B;IQGAP1;MAPK3;MAPK1;MAP2K1;ARAF;CSK,C-TAL
prerank,MSigDB_Hallmark_2020__TGF-beta Signaling,0.7905675758036153,1.127544565405033,0.17445482866043613,0.21586246450749705,0.985,30/54,12.90%,RHOA;PPP1CA;FURIN;HIPK2;JUNB;FKBP1A;HDAC1;UBE2D3;CDH1;KLF10;TGIF1;BMPR2;SPTBN1;NCOR2;IFNGR2;SMAD7;ID1;WWTR1;CDKN1C;PPM1A;SMAD3;APC;TRIM33;TGFBR1;THBS1;SKIL;XIAP;SLC20A1;SMAD1;CDK9,C-TAL
prerank,MSigDB_Hallmark_2020__Interferon Alpha Response,0.7747531097608613,1.1273474903289933,0.12222222222222222,0.2081546372893758,0.985,53/96,20.10%,TXNIP;LGALS3BP;B2M;CD74;CNP;IFITM3;HLA-C;PSME1;PSME2;IFITM2;LAP3;MVB12A;ADAR;GMPR;PARP14;PSMA3;NUB1;CMTR1;PLSCR1;PSMB8;TRIM25;EIF2AK2;OGFR;IRF9;PNPT1;LY6E;PARP9;TRAFD1;STAT2;IRF2;ELF1;PARP12;CD47;IFI27;BST2;NMI;SP110;HERC6;LPAR6;TAP1;IRF1;IFI30;IFIT2;RNF31;TRIM5;SLC25A28;USP18;PSMB9;SAMD9;MOV10;IFIT3;DDX60;IRF7,C-TAL
prerank,Reactome_2022__Disorders Of Developmental Biology R-HSA-9675151,0.855022186658312,1.1272638598125087,0.2523041474654378,0.5215452003039789,1.0,6/12,9.31%,CALM1;HDAC1;GPS2;NCOR2;NCOR1;HDAC3,C-TAL
prerank,Reactome_2022__Chromosome Maintenance R-HSA-73886,0.7818391995261609,1.1270990432189052,0.12487205731832139,0.5218303512614383,1.0,38/89,14.99%,POLR2L;NOP10;POLR2J;CENPX;NPM1;POLR2I;POLR2K;POLR2E;RPA3;NHP2;POLR2F;POLR2A;POLD2;TERF2IP;POLR2C;POLD4;RBBP7;POLR2H;PCNA;SMARCA5;PPP6C;RSF1;GAR1;ATRX;POLR2G;RUVBL2;POLR2B;TINF2;TERF1;STN1;RBBP4;CENPT;MIS18A;POLR2D;RUVBL1;DKC1;CENPW;MIS18BP1,C-TAL
prerank,Reactome_2022__Regulation Of Localization Of FOXO Transcription Factors R-HSA-9614399,0.8588736099000238,1.1268119606738813,0.21557562076749437,0.52320898659922,1.0,6/12,5.32%,REXO2;YWHAB;YWHAQ;AKT2;YWHAG;AKT1,C-TAL
prerank,Reactome_2022__TAK1-dependent IKK And NF-kappa-B Activation R-HSA-445989,0.7999004663961029,1.125811565404831,0.1650692225772098,0.5310759004944129,1.0,13/45,10.73%,UBC;UBB;APP;RPS27A;UBA52;UBE2V1;HMGB1;UBE2N;NFKBIA;USP14;NKIRAS2;RELA;IRAK1,C-TAL
prerank,Reactome_2022__RNA Polymerase III Transcription Initiation From Type 2 Promoter R-HSA-76066,0.8194212151687408,1.1254152168255467,0.2257360959651036,0.5334466132938493,1.0,16/26,13.81%,POLR2L;GTF3C6;POLR2K;POLR2E;POLR2F;POLR1D;POLR3GL;POLR2H;GTF3C1;GTF3C2;GTF3C5;GTF3C3;POLR3K;GTF3C4;BDP1;BRF1,C-TAL
prerank,MSigDB_Hallmark_2020__Interferon Gamma Response,0.7565517002582312,1.1254120630734454,0.08625877632898696,0.2105847679830891,0.99,78/198,17.99%,TXNIP;LGALS3BP;B2M;CD74;VAMP8;IFITM3;HLA-B;SRI;BTG1;HLA-A;PSMA2;PSME1;TAPBP;SERPING1;PSME2;TNFSF10;IFITM2;PSMB2;ISOC1;SOD2;LAP3;HIF1A;RNF213;RBCK1;NAMPT;ADAR;PARP14;PNP;PSMA3;NFKBIA;SOCS1;BPGM;CMTR1;HLA-DRB1;PLSCR1;STAT3;MVP;PSMB8;STAT1;TRIM25;HLA-DMA;IFIT1;EIF2AK2;SSPN;OGFR;PFKP;IRF9;PNPT1;ZNFX1;LY6E;IRF5;SOCS3;NUP93;TRAFD1;STAT2;PSMB10;IRF2;UPP1;LATS2;ARL4A;SPPL2A;PARP12;VAMP5;IFI27;CASP7;BST2;NMI;SP110;TOR1B;HERC6;TAP1;RIPK1;IRF1;PIM1;LYSMD2;IFI30;IFIT2;RNF31,C-TAL
prerank,"Reactome_2022__Platelet Activation, Signaling And Aggregation R-HSA-76002",0.7572596951541105,1.125207530982952,0.06412825651302605,0.5341936847898677,1.0,65/252,9.29%,RARRES2;GAS6;CALM1;PFN1;APP;LGALS3BP;CD63;TMSB4X;GNG5;RHOA;TEX264;SERPINA1;PPIA;SOD1;ANXA5;VEGFB;CD9;TAGLN2;APLP2;WDR1;GNB2;ACTN4;SCCPDH;SELENOP;CAP1;SERPING1;LAMP2;CHID1;CLU;AAMP;CYB5R1;GNAI2;RHOB;TLN1;GNB1;ABHD12;VTI1B;VCL;CDC42;GNA11;HSPA5;MAGED2;AKT1;GNG10;RAPGEF3;FLNA;CRK;MANF;GNAI3;QSOX1;TUBA4A;VEGFA;PTPN11;FAM3C;CALU;BCAR1;RAP1B;PDPK1;GRB2;SPNS1;RHOG;MAPK3;STX4;MAPK1;VAV2,C-TAL
prerank,Reactome_2022__RNA Polymerase III Transcription Termination R-HSA-73980,0.8304702526720691,1.1243951027102759,0.2017738359201774,0.54051987364402,1.0,8/21,6.64%,POLR2L;POLR2K;POLR2E;SSB;POLR2F;POLR1D;POLR3GL;POLR2H,C-TAL
prerank,Reactome_2022__Signaling By Activated Point Mutants Of FGFR1 R-HSA-1839122,-0.7344454765689614,-1.1240884856595552,0.38461538461538464,0.8055094122207325,1.0,2/11,2.82%,FGF13;FGF9,C-TAL
prerank,Reactome_2022__TP53 Regulates Transcription Of Genes Involved In G2 Cell Cycle Arrest R-HSA-6804114,0.8379803066485567,1.1233263658396375,0.20846905537459284,0.5491784329482722,1.0,11/18,12.88%,REXO2;PRMT1;GADD45A;E2F4;BAX;PCNA;CARM1;TFDP1;TFDP2;EP300;RBL2,C-TAL
prerank,Reactome_2022__Positive Epigenetic Regulation Of rRNA Expression R-HSA-5250913,0.8023863770619531,1.1233221161565554,0.17716115261472787,0.5479815009915897,1.0,21/42,10.35%,POLR2L;POLR2K;SF3B1;CBX3;POLR2E;DEK;HDAC1;POLR2F;POLR1D;CHD3;TAF1C;CHD4;RBBP7;POLR2H;EHMT2;SMARCA5;GATAD2A;HDAC2;BAZ1B;TTF1;TAF1D,C-TAL
prerank,MSigDB_Hallmark_2020__Myogenesis,0.7568105259390744,1.1231763534413224,0.10040160642570281,0.21581583115354125,0.992,52/199,10.62%,APP;SOD3;BAG1;CRYAB;MYL6B;MYH9;ITGB1;IGFBP7;SYNGR2;GAA;GPX3;GABARAPL2;PLXNB2;SPTAN1;ACSL1;COX7A1;GADD45B;CLU;IGFBP3;PDE4DIP;ATP6AP1;AK1;AGRN;FDPS;PFKM;KIFC3;AKT2;ANKRD2;TPM3;ITGB5;OCEL1;FLII;MYO1C;EIF4A2;AGL;IFRD1;PGAM2;CNN3;ERBB3;RB1;WWTR1;SLC6A8;COL4A2;LPIN1;SORBS3;GSN;CRAT;FABP3;PVALB;TSC2;SIRT2;CTF1,C-TAL
prerank,Reactome_2022__Nef-mediated Downmodulation Of Cell Surface Receptors By Recruitment To Clathrin Adapters R-HSA-164938,0.8341965457460365,1.1230480949591366,0.22087912087912087,0.5494119484023134,1.0,11/20,12.33%,AP2M1;B2M;AP2S1;HLA-A;AP1S1;AP1M2;AP2B1;AP1B1;AP1G1;AP2A2;AP1S3,C-TAL
prerank,MSigDB_Hallmark_2020__Androgen Response,0.769231515179484,1.1229638570634977,0.14241803278688525,0.2093350286402991,0.993,40/99,10.02%,DBI;MYL12A;SAT1;SLC38A2;B2M;TMEM50A;ITGAV;LMAN1;TSC22D1;B4GALT1;NCOA4;SELENOP;SPCS3;SMS;DHCR24;XRCC6;UBE2I;PA2G4;KRT8;TMPRSS2;INSIG1;ADRM1;CCND1;KRT19;AKT1;ELK4;DNAJB9;TPD52;RAB4A;GNAI3;VAPA;IDI1;ANKH;ABHD2;XRCC5;SRP19;GSR;UAP1;UBE2J1;ZBTB10,C-TAL
prerank,Reactome_2022__Downregulation Of ERBB2:ERBB3 Signaling R-HSA-1358803,0.853050362383037,1.1226526970643314,0.24177071509648126,0.551803563866257,1.0,7/13,5.32%,UBC;UBB;RPS27A;UBA52;ERBB2;AKT2;AKT1,C-TAL
prerank,Reactome_2022__Keratan Sulfate/Keratin Metabolism R-HSA-1638074,0.8053076228008124,1.1226041997828158,0.21367521367521367,0.55099318026098,1.0,11/33,12.16%,GNS;HEXA;B4GALT1;ST3GAL4;B4GAT1;B4GALT2;GLB1;HEXB;B3GNT2;B4GALT5;B4GALT3,C-TAL
prerank,MSigDB_Hallmark_2020__KRAS Signaling Dn,-0.4725421255495988,-1.1222630073417763,0.001,0.21473158551810237,0.27893738140417457,13/199,0.86%,CLDN16;PRKN;THRB;EGF;TFCP2L1;CPEB3;HSD11B2;CDKAL1;SLC16A7;ATP6V1B1;NR6A1;GP2;NOS1,C-TAL
prerank,Reactome_2022__Biosynthesis Of Specialized Proresolving Mediators (SPMs) R-HSA-9018678,0.8361323538509912,1.1222179040466629,0.2591397849462366,0.5532434597267124,1.0,5/18,12.65%,GPX4;PTGR1;LTA4H;EPHX2;GSTM4,C-TAL
prerank,Reactome_2022__Nuclear Envelope (NE) Reassembly R-HSA-2995410,0.7802906141484707,1.1216343917284937,0.15479876160990713,0.5573770059539191,1.0,30/73,12.14%,TUBB;TUBB4B;RAN;SUMO1;TUBA1B;CHMP2A;KPNB1;LMNA;PPP2R1A;UBE2I;CHMP4B;TMPO;CHMP2B;BANF1;IST1;VPS4A;LBR;TUBA1C;TUBA4A;PPP2CA;ANKLE2;RANGAP1;EMD;SEC13;SIRT2;CHMP6;NUP160;LEMD2;CHMP4C;NUP62,C-TAL
prerank,Reactome_2022__PKA-mediated Phosphorylation Of CREB R-HSA-111931,0.8347743153517879,1.1215950578827751,0.22160970231532526,0.5565174466973954,1.0,10/19,14.76%,CALM1;PRKAR1A;PRKX;ADCY6;ADCY5;PRKACB;PRKAR1B;PRKAR2A;PRKAR2B;ADCY9,C-TAL
prerank,Reactome_2022__Paradoxical Activation Of RAF Signaling By Kinase Inactive BRAF R-HSA-6802955,0.7986996362726456,1.1213606334125303,0.19936373276776245,0.557387131307911,1.0,15/40,11.48%,PEBP1;CALM1;MAP2K2;YWHAB;TLN1;VCL;HRAS;RAP1B;IQGAP1;MAPK3;MAPK1;MAP2K1;ARAF;CSK;CAMK2G,C-TAL
prerank,Reactome_2022__Binding And Uptake Of Ligands By Scavenger Receptors R-HSA-2173782,0.8055078738508292,1.120789819197913,0.19137749737118823,0.56164532465416,1.0,8/40,8.73%,FTH1;FTL;C1D;COL4A1;HSP90AA1;CALR;HYOU1;COL4A2,C-TAL
prerank,Reactome_2022__Uptake And Function Of Anthrax Toxins R-HSA-5210891,0.8538760943810063,1.1205202074869711,0.2502883506343714,0.562812943372175,1.0,6/11,11.58%,CALM1;MAP2K2;FURIN;MAP2K1;MAP2K7;PDCD6IP,C-TAL
prerank,"Reactome_2022__Regulation Of Glycolysis By Fructose 2,6-Bisphosphate Metabolism R-HSA-9634600",0.8469883486116417,1.1202877418557604,0.24197247706422018,0.5637641827686467,1.0,8/12,14.48%,PFKFB3;PPP2R1A;PPP2CB;PPP2CA;PRKACB;PPP2R5D;PPP2R1B;PFKFB2,C-TAL
prerank,Reactome_2022__ECM Proteoglycans R-HSA-3000178,0.7860273967773507,1.120018756713705,0.20041536863966772,0.5651942211047513,1.0,9/55,9.94%,ITGB1;ITGAV;HSPG2;AGRN;DAG1;ITGB5;LAMA5;LAMC1;BGN,C-TAL
prerank,Reactome_2022__GPER1 Signaling R-HSA-9634597,0.7935476650179024,1.1197845951014813,0.1891327063740857,0.566120711581969,1.0,22/43,16.17%,GNG5;ITGB1;GNB2;GNAS;PRKAR1A;GNAI2;GNB1;GNG10;ADCY6;GNAI3;ADCY5;GNG12;PRKACB;GPER1;PRKAR1B;PRKAR2A;PRKAR2B;ADCY9;SRC;SHC1;GNB5;GNAI1,C-TAL
prerank,Reactome_2022__Signaling By High-Kinase Activity BRAF Mutants R-HSA-6802948,0.8061115697933182,1.119672439205234,0.21108742004264391,0.5659152773217327,1.0,13/33,10.32%,PEBP1;MAP2K2;YWHAB;TLN1;VCL;HRAS;RAP1B;IQGAP1;MAPK3;MAPK1;MAP2K1;ARAF;CSK,C-TAL
prerank,Reactome_2022__Reproduction R-HSA-1474165,0.7703374323566918,1.1195149780972224,0.17520491803278687,0.566194922919208,1.0,19/82,12.28%,HSPA2;CD9;B4GALT1;LMNA;RPA3;SYNE2;UBE2I;RAD21;SUN1;SMC3;TERF2IP;SUN2;CDK4;SMC1A;RAD50;MLH3;RAD51C;TINF2;TERF1,C-TAL
prerank,Reactome_2022__Fatty Acid Metabolism R-HSA-8978868,0.7606891747785621,1.1193310867838362,0.10943775100401607,0.566593040150202,1.0,61/172,14.44%,DBI;CBR1;ACAA2;HADHA;NDUFAB1;HSD17B12;ACADM;ACADVL;ECI1;MID1IP1;HACD2;ECHS1;ACSL1;GPX4;HACD3;ALDH3A2;PTGR1;CPT1A;ACBD5;HADHB;PTGES3;TECR;PRKAA2;HSD17B4;LTA4H;PTGES2;ECI2;PPT1;CROT;MAPKAPK2;ACAA1;PON2;ELOVL1;ACOX1;PHYH;AMACR;SLC25A1;FASN;HADH;PTGR2;PRXL2B;ACADS;CRAT;PECR;ACOT2;ACOT8;RXRA;ACOT13;EPHX2;PRKAG2;NUDT7;DECR2;PRKAB2;ACLY;ACOT9;THEM4;MMUT;CPT2;DECR1;MCAT;SLC22A5,C-TAL
prerank,Reactome_2022__Acetylcholine Regulates Insulin Secretion R-HSA-399997,-0.701918460159584,-1.119300687237166,0.37267080745341613,0.7973814665770415,1.0,1/10,0.04%,PLCB1,C-TAL
prerank,Reactome_2022__Regulation Of TP53 Activity R-HSA-5633007,0.7593958616342673,1.1189321346870547,0.13516260162601626,0.5691239986710472,1.0,73/156,16.23%,UBC;UBB;RPS27A;UBA52;TAF7;CSNK2B;HIPK2;RPA3;PPP2R1A;BRD7;HDAC1;PRKAA1;TAF10;AKT2;PRKAA2;PPP2CB;CHD3;AKT1;SSRP1;KAT5;CHD4;RBBP7;MEAF6;PPP2CA;CCNG1;HIPK1;EHMT2;PDPK1;PPP2R5C;TAF13;GATAD2A;USP7;HDAC2;NOC2L;TAF9;RAD50;TP53INP1;MAPKAPK5;PRKAG1;KMT5A;RAD17;PRMT5;PRKAG2;PIP4P1;ING3;TAF12;PIP4K2C;MLST8;TAF11;MTOR;ING5;EP300;CDK5;PRKAB2;TAF6;SUPT16H;BRPF3;RBBP4;SETD9;BRD1;BANP;TTC5;STK11;ATM;PPP2R1B;TOPBP1;CSNK2A2;PRKAB1;RHNO1;GATAD2B;RMI1;RNF34;MAPK14,C-TAL
prerank,Reactome_2022__HIV Transcription Initiation R-HSA-167161,0.7946560191998111,1.1188349746852932,0.20964360587002095,0.5687404802526936,1.0,25/46,12.44%,POLR2L;POLR2J;TAF7;POLR2I;POLR2K;GTF2H5;POLR2E;GTF2A2;POLR2F;POLR2A;TAF10;GTF2H2;POLR2C;POLR2H;TAF13;GTF2F1;TAF9;POLR2G;POLR2B;TAF12;TAF11;GTF2B;GTF2A1;ERCC3;TAF6,C-TAL
prerank,Reactome_2022__Cytosolic Iron-Sulfur Cluster Assembly R-HSA-2564830,0.8547477455515567,1.1186672920067076,0.23191733639494833,0.56915210558848,1.0,6/12,11.15%,CIAO2B;CIAO1;NUBP2;CIAPIN1;CIAO3;MMS19,C-TAL
prerank,Reactome_2022__Uptake Of Dietary Cobalamins Into Enterocytes R-HSA-9758881,0.8656049736231359,1.1185459763156773,0.25704225352112675,0.5689643517544142,1.0,2/10,6.02%,ABCD4;LMBRD1,C-TAL
prerank,Reactome_2022__Negative Regulation Of NMDA Receptor-Mediated Neuronal Transmission R-HSA-9617324,0.8265846602972915,1.1185242427367865,0.24153005464480876,0.5679443019876804,1.0,1/21,0.14%,CALM1,C-TAL
prerank,Reactome_2022__RHO GTPases Activate Formins R-HSA-5663220,0.7654580713775025,1.1181964037545178,0.14878542510121456,0.5697276124295267,1.0,49/117,16.14%,ACTG1;PFN1;RHOA;RPS27;ITGB1;DYNC1H1;DVL3;DYNLL1;NUDC;RHOB;PPP2R1A;DYNC1LI2;DYNC1I2;PAFAH1B1;CDC42;RANBP2;PPP2CB;PFN2;RHOC;PPP1CC;RHOD;DYNLL2;SKA2;MAPRE1;PPP2CA;BUB3;PPP2R5C;RCC2;RANGAP1;SEC13;NUP160;DYNC1LI1;CKAP5;DIAPH1;EVL;PPP2R5D;PPP2R5E;CENPT;PPP2R5B;DVL2;PPP2R1B;DIAPH2;MAD1L1;SRC;NDEL1;PPP2R5A;B9D2;SPDL1;KIF2A,C-TAL
prerank,Reactome_2022__EPH-Ephrin Signaling R-HSA-2682334,0.7707825665668744,1.1179863903906033,0.17543859649122806,0.5703672124978714,1.0,30/90,7.22%,MYL12B;MYL6;MYL12A;ACTG1;AP2M1;RHOA;MYH9;SDC2;ARPC3;CLTC;AP2S1;APH1A;ARPC1A;CLTB;ARPC2;CLTA;ACTR2;ARPC5;SDCBP;CDC42;ARPC1B;PKN1;YES1;NCSTN;HRAS;ACTR3;WASL;PSEN1;ADAM10;MYL9,C-TAL
prerank,Reactome_2022__Cargo Recognition For Clathrin-Mediated Endocytosis R-HSA-8856825,0.7702047089645966,1.1177995047757252,0.15353535353535352,0.57085434643427,1.0,42/102,12.55%,UBC;UBB;AP2M1;NEDD8;RPS27A;VAMP8;CLTC;EPN1;TGOLN2;UBA52;AP2S1;CLTB;CLTA;SCARB2;COPS6;DAB2;COPS8;GPS1;M6PR;GRK2;COPS5;COPS7A;HGS;VAMP2;COPS2;IGF2R;EGFR;VAMP3;AP2B1;UBQLN1;GRB2;TFRC;VAMP7;SH3GL3;NECAP2;COPS4;SH3GL1;TOR1A;LDLRAP1;COPS3;AP2A2;STON1,C-TAL
prerank,Reactome_2022__Glycolysis R-HSA-70171,0.7786910144414314,1.117791414194636,0.17395833333333333,0.5697151976556301,1.0,30/68,14.72%,ENO1;PKM;PFKFB3;TPI1;PFKL;PGP;PPP2R1A;PFKM;TPR;HOOK2;RANBP2;PPP2CB;PGK1;PPP2CA;PGAM2;BPGM;SEC13;NUP160;NUP50;HOOK3;ADPGK;PRKACB;NUP62;PFKP;PPP2R5D;NUP42;PPP2R1B;NUP93;PFKFB2;NDC1,C-TAL
prerank,Reactome_2022__Synthesis Of Active Ubiquitin: Roles Of E1 And E2 Enzymes R-HSA-8866652,0.8221624012123574,1.1175940377524995,0.1984978540772532,0.5701931240895396,1.0,19/30,14.28%,UBC;UBB;RPS27A;UBA52;UBE2A;UBA1;UBE2D2;UBE2L3;UBE2B;UBE2Z;USP5;USP7;UBE2G2;UBA6;UCHL3;UBE2G1;UBE2K;UBE2R2;UBE2Q2,C-TAL
prerank,Reactome_2022__RNA Polymerase III Abortive And Retractive Initiation R-HSA-749476,0.7935206531642868,1.1175911122674809,0.22905620360551432,0.5690177391258902,1.0,21/39,14.43%,POLR2L;GTF3C6;POLR2K;POLR2E;SSB;POLR2F;GTF3A;POLR1D;POLR3GL;POLR2H;GTF3C1;GTF3C2;GTF3C5;GTF3C3;POLR3K;SNAPC5;SNAPC3;GTF3C4;BDP1;BRF1;NFIA,C-TAL
prerank,Reactome_2022__Molecules Associated With Elastic Fibres R-HSA-2129379,0.8144446745900769,1.1175124698239425,0.20403825717321997,0.5685174872740211,1.0,8/28,11.29%,ITGB1;ITGAV;LTBP3;ITGB5;LTBP1;ITGB8;EFEMP2;EFEMP1,C-TAL
prerank,Reactome_2022__Signaling By Interleukins R-HSA-449147,0.7460534520897231,1.1172005362892932,0.022,0.5701884305402363,1.0,160/451,14.95%,UBC;UBB;APP;PSMB6;RPS27A;RBX1;PSMA7;AURKAIP1;SDC1;PSMD8;CLSTN1;ITGB1;PPIA;PSMB5;HSPA9;SOD1;UBA52;RPLP0;PSMB1;SQSTM1;SKP1;PSMA1;PSMA6;PSMA2;TCP1;PSMC5;HNRNPF;PSME1;PSMD9;CEBPD;PSMB4;PSME2;TALDO1;SOCS2;PSMA4;GSTO1;PSMA5;JUN;GSDMD;PSMB2;MSN;PPP2R1A;SIGIRR;HSPA8;HNRNPA2B1;HNRNPDL;PSMB3;UBE2V1;ANXA2;PSMB7;CDC42;HIF1A;P4HB;DUSP3;CCND1;TOLLIP;HSP90AA1;SEM1;IL6ST;PSMD14;PSMD13;YES1;PPP2CB;TOX4;PITPNA;AKT1;PSMC1;PSMC4;MAOA;HMGB1;PSMD2;CRK;PSMC2;PSMF1;UBE2N;MAPK9;PSMD11;PSMD6;PSMC3;MCL1;PSMA3;VEGFA;MAPKAPK2;PTPN11;PPP2CA;VAMP2;PSMC6;PSMD7;BCL6;RAP1B;FOS;MAPKAPK3;NFKBIA;INPPL1;PTPN18;PSMD4;USP14;SOCS1;LAMA5;SMARCA4;LONP1;GRB2;PSMD12;MAPK3;VAMP7;STX4;MAPK1;CAPZA1;SNRPA1;STAT6;SMAD3;PSMD3;TNFRSF1A;STAT3;MAP2K1;IL17RC;RAPGEF1;IL10RB;MAP2K7;NKIRAS2;STX3;PSMB8;STAT1;BCL2L1;RELA;CTF1;PTPN23;PDCD4;IRAK1;PSME3;VIM;PIK3R2;PSMD10;IL11RA;RPS6KA3;RPS6KA1;CRKL;IL1R2;JAK1;PPP2R5D;PIK3R3;TIMP1;IL17RA;CNN2;TXLNA;IKBKG;TIFA;CHUK;SOCS3;PPP2R1B;IRS1;MAP2K3;IL13RA1;POMC;STAT2;TNIP2;PSMB10;STXBP2;NLRX1;HSP90B1,C-TAL
prerank,Reactome_2022__Meiotic Synapsis R-HSA-1221632,0.8068330047593048,1.1171593852088593,0.21551724137931033,0.5694048525544485,1.0,12/32,12.28%,HSPA2;LMNA;SYNE2;UBE2I;RAD21;SUN1;SMC3;TERF2IP;SUN2;SMC1A;TINF2;TERF1,C-TAL
prerank,Reactome_2022__Biological Oxidations R-HSA-211859,0.7519008037068488,1.1169550590855497,0.09919839679358718,0.5701186059857348,1.0,58/210,14.46%,GSTM3;GSTP1;COMT;VDAC2;CNDP2;AURKAIP1;TRMT112;MGST3;GGT6;AKR7A2;CYB5R3;FDX1;UGP2;GSTO1;GSTK1;CYP51A1;ADH5;FDX2;GGCT;ESD;CYB5B;EPHX1;SLC35B2;TPMT;PTGES3;MAT2B;MAOA;HSP90AB1;SULT2B1;ABHD14B;ALDH1A1;SLC38A1;ALDH2;AKR1A1;MAT2A;ARNT2;MIA3;ACSS1;PODXL2;RXRA;CES2;GSTZ1;OPLAH;CMBL;ACY1;PAPSS1;GSTO2;ACSS2;AHCY;AHR;GSTM4;PRNP;GCLM;GSTA4;SLC35B3;AKR7A3;GGT7;POMC,C-TAL
prerank,Reactome_2022__Telomere Maintenance R-HSA-157579,0.7860757431519348,1.1168746917200345,0.16391752577319588,0.5695571699662294,1.0,28/64,14.24%,POLR2L;NOP10;POLR2J;POLR2I;POLR2K;POLR2E;RPA3;NHP2;POLR2F;POLR2A;POLD2;TERF2IP;POLR2C;POLD4;POLR2H;PCNA;PPP6C;GAR1;ATRX;POLR2G;RUVBL2;POLR2B;TINF2;TERF1;STN1;POLR2D;RUVBL1;DKC1,C-TAL
prerank,Reactome_2022__FLT3 Signaling R-HSA-9607240,0.8101377989456288,1.1167932078462697,0.1785334750265675,0.5691365887493661,1.0,11/37,8.56%,UBC;UBB;RPS27A;UBA52;SOCS2;AKT2;AKT1;HRAS;CDKN1B;PTPN11;GRB2,C-TAL
prerank,Reactome_2022__TNF Signaling R-HSA-75893,0.7988960093748284,1.116767523975655,0.1694915254237288,0.5681524113946217,1.0,22/44,15.72%,UBC;RACK1;UBB;RPS27A;UBA52;RBCK1;BIRC2;SHARPIN;SPPL2B;CFLAR;TNFRSF1A;MADD;XIAP;CYLD;BAG4;USP4;IKBKG;CHUK;TAX1BP1;ADAM17;SPPL2A;FADD,C-TAL
prerank,Reactome_2022__Formation Of HIV Elongation Complex In Absence Of HIV Tat R-HSA-167152,0.799052412490951,1.1165256386201285,0.17567567567567569,0.5689004170041867,1.0,30/45,13.89%,ELOB;POLR2L;POLR2J;TCEA1;POLR2I;ELOC;SUPT4H1;POLR2K;GTF2H5;POLR2E;POLR2F;POLR2A;NCBP2;GTF2H2;NELFCD;SSRP1;NELFE;POLR2C;POLR2H;SUPT5H;CCNK;GTF2F1;NELFB;POLR2G;POLR2B;ERCC3;SUPT16H;CDK9;POLR2D;CCNT1,C-TAL
prerank,Reactome_2022__Citric Acid Cycle (TCA Cycle) R-HSA-71403,0.8268290624643791,1.1164735115253046,0.21972132904608788,0.568231542979897,1.0,14/21,10.92%,MDH2;SDHD;SDHA;IDH2;SUCLG1;IDH3G;SDHB;ACO2;CS;DLST;IDH3B;OGDH;FAHD1;SUCLA2,C-TAL
prerank,Reactome_2022__G Beta:Gamma Signaling Thru CDC42 R-HSA-8964616,0.822991088144012,1.1162909238104664,0.23778501628664495,0.568772339472354,1.0,6/20,5.51%,GNG5;GNB2;GNB1;CDC42;PKN1;GNG10,C-TAL
prerank,Reactome_2022__Regulation Of TP53 Activity Thru Phosphorylation R-HSA-6804756,0.7720291758574653,1.115606102530156,0.15751295336787566,0.5738459337738565,1.0,37/89,16.23%,UBC;UBB;RPS27A;UBA52;TAF7;CSNK2B;HIPK2;RPA3;PRKAA1;TAF10;PRKAA2;SSRP1;KAT5;HIPK1;TAF13;NOC2L;TAF9;RAD50;TP53INP1;MAPKAPK5;PRKAG1;RAD17;PRKAG2;TAF12;TAF11;CDK5;PRKAB2;TAF6;SUPT16H;STK11;ATM;TOPBP1;CSNK2A2;PRKAB1;RHNO1;RMI1;MAPK14,C-TAL
prerank,Reactome_2022__Triglyceride Metabolism R-HSA-8979227,0.8057354883377889,1.1155606233237407,0.1913978494623656,0.5731046402905828,1.0,11/36,11.64%,LPIN2;PPP1CA;DGAT1;PPP1CC;ABHD5;LPIN1;FABP3;PLIN3;PNPLA4;PRKACB;PPP1CB,C-TAL
prerank,Reactome_2022__RNA Polymerase III Transcription Initiation R-HSA-76046,0.796572475418364,1.115134558223769,0.24919786096256685,0.5756812222933809,1.0,19/35,13.81%,POLR2L;GTF3C6;POLR2K;POLR2E;POLR2F;GTF3A;POLR1D;POLR3GL;POLR2H;GTF3C1;GTF3C2;GTF3C5;GTF3C3;POLR3K;SNAPC5;SNAPC3;GTF3C4;BDP1;BRF1,C-TAL
prerank,Reactome_2022__NOTCH4 Activation And Transmission Of Signal To Nucleus R-HSA-9013700,0.8490895881321613,1.1147346738586579,0.2669735327963176,0.5781068110202189,1.0,7/11,12.47%,APH1A;JAG1;NCSTN;PSEN1;ADAM10;PSENEN;APH1B,C-TAL
prerank,Reactome_2022__SUMOylation Of Immune Response Proteins R-HSA-4755510,0.850340798136432,1.1144205779252856,0.27823050058207216,0.579770722097866,1.0,8/11,13.58%,SUMO2;SUMO1;UBE2I;NFKBIA;TOPORS;RELA;PIAS4;IKBKG,C-TAL
prerank,Reactome_2022__CD28 Dependent Vav1 Pathway R-HSA-389359,0.845222280921234,1.1144080585203358,0.2641946697566628,0.5786780726227749,1.0,3/12,8.56%,CDC42;PKN1;GRB2,C-TAL
prerank,Reactome_2022__PKA Activation R-HSA-163615,0.8327996633566878,1.1139626255904793,0.25609756097560976,0.5817428968708086,1.0,9/17,14.76%,CALM1;PRKAR1A;ADCY6;ADCY5;PRKACB;PRKAR1B;PRKAR2A;PRKAR2B;ADCY9,C-TAL
prerank,Reactome_2022__Synaptic Adhesion-Like Molecules R-HSA-8849932,0.8256961255476131,1.1133076786145222,0.22209821428571427,0.5862441569325479,1.0,4/21,5.84%,RTN3;PTPRF;FLOT2;FLOT1,C-TAL
prerank,Reactome_2022__Negative Regulation Of FGFR3 Signaling R-HSA-5654732,0.8131323103156625,1.1129315881409805,0.23010752688172043,0.5882923714120243,1.0,12/29,9.27%,UBC;UBB;RPS27A;UBA52;PPP2R1A;FGFR3;PPP2CB;PTPN11;PPP2CA;GRB2;MAPK3;MAPK1,C-TAL
prerank,Reactome_2022__Glycerophospholipid Biosynthesis R-HSA-1483206,0.7550973898072783,1.1126497094292092,0.17658930373360243,0.5896820002776578,1.0,49/126,14.74%,LPIN2;HADHA;PLD3;STARD7;CSNK2B;CDIPT;AGPAT1;PTPMT1;HADHB;PCYT2;CPNE3;PNPLA2;PRKCSH;STARD10;AGPAT3;DGAT1;PCYT1A;CHKB;AGPAT2;LPCAT3;SLC44A2;MBOAT7;LIPH;CDS2;LPCAT1;PLA2G12A;MIGA1;LPIN1;AGPAT5;PITPNM1;CRLS1;SLC44A3;ABHD4;PTDSS1;CPNE1;GNPAT;SELENOI;PLA2G15;OSBPL8;GPAT4;PLAAT3;MIGA2;PTDSS2;DDHD2;AGK;GPAM;PISD;LPCAT2;CSNK2A2,C-TAL
prerank,Reactome_2022__Basigin Interactions R-HSA-210991,0.8202991200713279,1.1126077001308137,0.21359223300970873,0.5888304688777206,1.0,11/25,13.61%,ITGB1;PPIA;BSG;DEAF1;ATP1B3;PPIL2;ITGA6;SLC7A5;SLC3A2;ATP1B1;L1CAM,C-TAL
prerank,Reactome_2022__TP53 Regulates Transcription Of Cell Cycle Genes R-HSA-6791312,0.7893300990515577,1.1125023953294682,0.18875927889713678,0.5885487672489994,1.0,21/49,13.99%,REXO2;NPM1;PRMT1;GADD45A;E2F4;BAX;CNOT7;CDKN1B;PCNA;CNOT8;CARM1;CNOT1;TFDP1;CNOT6L;TFDP2;EP300;RBL2;CNOT3;BTG2;RGCC;CNOT11,C-TAL
prerank,Reactome_2022__Hedgehog Ligand Biogenesis R-HSA-5358346,0.7774327794339837,1.1123442772915548,0.21599169262720663,0.5887726455432815,1.0,46/64,9.57%,UBC;UBB;PSMB6;RPS27A;PSMA7;PSMD8;PSMB5;UBA52;PSMB1;PSMA1;PSMA6;PSMA2;PSMC5;PSME1;PSMD9;PSMB4;VCP;OS9;PSME2;PSMA4;PSMA5;PSMB2;PSMB3;PSMB7;DERL2;P4HB;SEM1;PSMD14;PSMD13;ERLEC1;PSMC1;SEL1L;PSMC4;PSMD2;PSMC2;PSMF1;PSMD11;PSMD6;PSMC3;PSMA3;PSMC6;PSMD7;PSMD4;PSMD12;SYVN1;PSMD3,C-TAL
prerank,Reactome_2022__PINK1-PRKN Mediated Mitophagy R-HSA-5205685,0.8179062186185843,1.1118712600045861,0.2552255225522552,0.5920706720099331,1.0,14/22,5.37%,UBC;UBB;RPS27A;TOMM7;TOMM5;UBA52;TOMM6;TOMM20;PINK1;TOMM22;SQSTM1;MAP1LC3B;MFN2;VDAC1,C-TAL
prerank,Reactome_2022__Metabolism Of Steroids R-HSA-8957322,0.7479618101676239,1.11168756224053,0.15725806451612903,0.5925044197541677,1.0,55/153,14.60%,AKR1B1;SUMO2;RAN;HSD17B12;MBTPS1;OSBP;FDX1;TSPO;KPNB1;SAR1B;MVK;TM7SF2;DHCR24;CYP51A1;PMVK;UBE2I;AKR1C1;FDX2;INSIG2;FDPS;SERPINA6;INSIG1;HSD17B4;NFYB;ARV1;LBR;LGMN;MBD4;IDI1;GGPS1;SCAP;AMACR;FDFT1;FASN;OSBPL2;CARM1;OSBPL1A;ACOT8;RXRA;PPARA;STARD3;SREBF1;MSMO1;HSD17B1;NCOA6;LDLRAP1;STARD3NL;SC5D;SEC24C;DHCR7;PIAS4;SLC27A5;GPAM;POMC;SREBF2,C-TAL
prerank,Reactome_2022__CREB1 Phosphorylation Thru Activation Of Adenylate Cyclase R-HSA-442720,0.8416815755104494,1.1115877136200165,0.28784403669724773,0.5921954231674044,1.0,7/12,14.48%,CALM1;PRKAR1A;PRKX;PRKACB;PRKAR1B;PRKAR2A;PRKAR2B,C-TAL
prerank,Reactome_2022__Mitotic Prophase R-HSA-68875,0.7645714190077019,1.1114860404655262,0.20841889117043122,0.5919198246163483,1.0,45/82,17.38%,SET;LPIN2;RAB1B;RAB2A;LMNA;PPP2R1A;ENSA;TMPO;RAB1A;CTDNEP1;TPR;BANF1;RANBP2;PPP2CB;NUMA1;ARPP19;GORASP2;PPP2CA;GOLGA2;RB1;LPIN1;MAPK3;EMD;USO1;MAPK1;SEC13;KMT5A;NUP160;NUP50;LEMD2;NCAPD3;NUP62;PHF8;PPP2R2D;NUP42;PPP2R1B;NUP93;NDC1;SMC4;POM121C;GORASP1;AAAS;NUP43;CNEP1R1;NUP210,C-TAL
prerank,Reactome_2022__RHOBTB1 GTPase Cycle R-HSA-9013422,0.8171042142661548,1.1113714788359486,0.24035281146637266,0.5917696737477544,1.0,15/23,14.74%,CCT7;TXNL1;SRRM1;RBMX;CCT2;GPS1;COPS2;RBBP6;CPSF7;DBN1;ROCK2;COPS4;VIM;RNF20;STK38,C-TAL
prerank,Reactome_2022__Deubiquitination R-HSA-5688426,0.7456039707211998,1.1106761271493057,0.105,0.5968578807829791,1.0,113/253,14.20%,UBC;UBB;NEDD8;PSMB6;RPS27A;VDAC2;RHOA;PSMA7;PSMD8;PSMB5;UBA52;TOMM20;PSMB1;PSMA1;PSMA6;PSMA2;PSMC5;RAD23A;PSME1;PSMD9;PSMB4;VCP;PSME2;FKBP8;PSMA4;PSMA5;PSMB2;SNX3;PSMB3;RNF128;JOSD2;PSMB7;TAF10;HIF1A;ADRM1;MUL1;OTUB1;SEM1;PSMD14;HCFC1;PSMD13;BIRC2;USP22;VDAC1;MAT2B;PSMC1;SUDS3;TNIP1;PSMC4;PSMD2;BECN1;PSMC2;PSMF1;MCRS1;YY1;UCHL5;PSMD11;PSMD6;BABAM1;USP33;HGS;USP5;PSMC3;PSMA3;ACTL6A;RAD23B;PSMC6;PSMD7;TADA3;NFKBIA;PSMD4;KEAP1;USP14;SMAD7;UFD1;USP7;PSMD12;STAMBP;INO80E;WDR48;SMAD3;USP8;PSMD3;SMAD4;PSMB8;MAVS;MBD6;TRIM25;UCHL3;TGFBR1;RNF146;PSME3;PSMD10;CYLD;USP11;EP300;JOSD1;FOXK2;TADA2B;SMAD1;USP4;RNF123;OTUD5;MYSM1;FOXK1;IKBKG;RUVBL1;USP19;ZRANB1;ABRAXAS1;NFRKB;TRIM4;ASXL2,C-TAL
prerank,Reactome_2022__TP53 Regulates Transcription Of DNA Repair Genes R-HSA-6796648,0.7845915979574335,1.1106402088391292,0.1826625386996904,0.5959913477514296,1.0,37/61,15.60%,ELOB;POLR2L;POLR2J;TCEA1;POLR2I;ELOC;SUPT4H1;POLR2K;GTF2H5;POLR2E;JUN;POLR2F;POLR2A;GTF2H2;NELFCD;SSRP1;NELFE;POLR2C;POLR2H;SUPT5H;FOS;CCNK;GTF2F1;NELFB;POLR2G;POLR2B;PMS2;ERCC3;SUPT16H;CDK9;POLR2D;CCNT1;ATM;MLH1;NELFA;MDC1;ELOA,C-TAL
prerank,Reactome_2022__Interleukin-21 Signaling R-HSA-9020958,0.8520164882645969,1.1102906406618147,0.25925925925925924,0.5980506478644468,1.0,3/10,12.51%,STAT3;STAT1;JAK1,C-TAL
prerank,Reactome_2022__Collagen Degradation R-HSA-1442490,0.7887626373362145,1.1102400289536138,0.23764458464773922,0.5973244547856555,1.0,13/40,17.55%,CTSL;CTSB;FURIN;CTSD;ADAM9;ADAM10;COL18A1;MMP15;PHYKPL;ADAM17;COL9A2;COL26A1;MMP14,C-TAL
prerank,Reactome_2022__Synthesis Of Glycosylphosphatidylinositol (GPI) R-HSA-162710,0.8286062668764951,1.109989765970841,0.24613686534216336,0.598364267467764,1.0,11/18,13.09%,PIGP;PIGH;PIGX;DPM2;PIGQ;PIGF;PIGM;PIGV;PIGG;PIGC;PIGO,C-TAL
prerank,Reactome_2022__Formation Of HIV-1 Elongation Complex Containing HIV-1 Tat R-HSA-167200,0.7984195086290363,1.1096526459447258,0.2031413612565445,0.6002222847345035,1.0,29/43,13.89%,ELOB;POLR2L;POLR2J;TCEA1;POLR2I;ELOC;SUPT4H1;POLR2K;GTF2H5;POLR2E;POLR2F;POLR2A;NCBP2;GTF2H2;NELFCD;SSRP1;NELFE;POLR2C;POLR2H;SUPT5H;GTF2F1;NELFB;POLR2G;POLR2B;ERCC3;SUPT16H;CDK9;POLR2D;CCNT1,C-TAL
prerank,Reactome_2022__Recruitment Of NuMA To Mitotic Centrosomes R-HSA-380320,0.7648681735104902,1.1085447920386764,0.19855222337125128,0.6089787367566171,1.0,36/79,15.43%,TUBB;TUBB4B;SSNA1;DYNC1H1;MZT2B;DCTN2;TUBGCP2;DYNLL1;MZT2A;CETN2;DCTN3;PPP2R1A;DYNC1I2;PAFAH1B1;ACTR1A;YWHAG;HSP90AA1;NUMA1;DCTN1;YWHAE;TUBA4A;MAPRE1;CSNK1D;CSNK1E;MZT1;CEP290;CKAP5;TUBG1;AKAP9;PCNT;TUBGCP4;HAUS4;CEP78;PRKAR2B;CEP164;NEDD1,C-TAL
prerank,Reactome_2022__Assembly Of HIV Virion R-HSA-175474,0.8297373708174429,1.1080033794188922,0.25468577728776187,0.6125866734113331,1.0,7/17,2.36%,UBC;UBB;RPS27A;VPS28;PPIA;UBA52;FURIN,C-TAL
prerank,Reactome_2022__Negative Regulators Of DDX58/IFIH1 Signaling R-HSA-936440,0.7974279079315839,1.1079769366571464,0.2535059331175836,0.6115986142589273,1.0,16/34,15.06%,UBC;UBB;RPS27A;UBA52;UBE2D2;UBE2D3;MAVS;TRIM25;ATG12;CYLD;UBE2K;OTUD5;TRIM4;TAX1BP1;NLRX1;ATG5,C-TAL
prerank,Reactome_2022__Retrograde Neurotrophin Signaling R-HSA-177504,0.8355696057520892,1.1079363257401103,0.2965050732807215,0.6107402707839444,1.0,5/14,3.73%,AP2M1;CLTC;AP2S1;CLTA;DNM2,C-TAL
prerank,Reactome_2022__Negative Regulation Of FGFR4 Signaling R-HSA-5654733,0.8063265526771529,1.107817438634277,0.2537634408602151,0.6105837916020769,1.0,11/31,9.27%,UBC;UBB;RPS27A;UBA52;PPP2R1A;PPP2CB;PTPN11;PPP2CA;GRB2;MAPK3;MAPK1,C-TAL
prerank,Reactome_2022__Formation Of RNA Pol II Elongation Complex R-HSA-112382,0.7843562928689892,1.1077715710492957,0.2066115702479339,0.6098052254588872,1.0,37/57,14.05%,ELOB;POLR2L;POLR2J;TCEA1;POLR2I;ELOC;SUPT4H1;POLR2K;GTF2H5;POLR2E;MLLT1;POLR2F;POLR2A;NCBP2;GTF2H2;NELFCD;SSRP1;NELFE;RTF1;POLR2C;POLR2H;SUPT5H;CTR9;SUPT6H;CCNK;GTF2F1;DMAP1;NELFB;POLR2G;POLR2B;ERCC3;SUPT16H;CDK9;POLR2D;AFF4;CCNT1;PAF1,C-TAL
prerank,Reactome_2022__Triglyceride Catabolism R-HSA-163560,0.8118248321689916,1.107721352075758,0.24809575625680086,0.6090570733073768,1.0,8/23,11.64%,PPP1CA;PPP1CC;ABHD5;FABP3;PLIN3;PNPLA4;PRKACB;PPP1CB,C-TAL
prerank,Reactome_2022__Transcriptional Regulation By RUNX1 R-HSA-8878171,0.750970286954498,1.1072447057115953,0.1495983935742972,0.6120412391450982,1.0,72/174,12.17%,UBC;UBB;PSMB6;RPS27A;PSMA7;PSMD8;PSMB5;UBA52;PSMB1;CTSL;PSMA1;PSMA6;PRMT1;PSMA2;PSMC5;PSME1;PSMD9;PSMB4;CSNK2B;PSME2;DPY30;PSMA4;HIPK2;PSMA5;PSMB2;SMARCE1;PSMB3;HDAC1;PSMB7;CCND1;SEM1;PHC2;PSMD14;PSMD13;CBX6;PSMC1;ZFPM1;PSMC4;PSMD2;PSMC2;PSMF1;SMARCB1;PSMD11;PSMD6;PSMC3;PSMA3;PTPN11;KMT2A;ACTL6A;MYL9;PSMC6;PSMD7;PRMT6;PSMD4;CBX4;RING1;SMARCA4;SMARCD2;PSMD12;SMARCC2;RBBP5;PSMD3;ELOF1;PSMB8;PCGF5;SOCS4;THBS1;PSME3;PSMD10;SMARCD1;AGO2;EP300,C-TAL
prerank,Reactome_2022__Prostacyclin Signaling Thru Prostacyclin Receptor R-HSA-392851,0.815976887325839,1.1067258014976935,0.2737186477644493,0.6154439705692347,1.0,5/19,5.51%,GNG5;GNB2;GNAS;GNB1;GNG10,C-TAL
prerank,Reactome_2022__HCMV Late Events R-HSA-9610379,0.7767896881890366,1.106598396042697,0.2032854209445585,0.6153692215329198,1.0,35/62,15.52%,VPS28;CHMP2A;SNF8;CD46;VPS25;CEBPD;TXN2;HNRNPK;CHMP4B;CHMP2B;TPR;HSD17B4;RANBP2;MVB12A;CHMP1A;VPS4A;VPS36;TSG101;SEC13;CHMP6;RRM1;NUP160;NUP50;CHMP4C;NUP62;VPS37A;NUP42;NUP93;IRS1;CHMP7;VPS37B;VPS37D;NDC1;TRMU;POM121C,C-TAL
prerank,Reactome_2022__Centrosome Maturation R-HSA-380287,0.7635755627672617,1.106513750475544,0.21030927835051547,0.6149302062821312,1.0,46/80,18.71%,TUBB;TUBB4B;SSNA1;DYNC1H1;MZT2B;DCTN2;TUBGCP2;DYNLL1;MZT2A;CETN2;DCTN3;PPP2R1A;DYNC1I2;PAFAH1B1;ACTR1A;YWHAG;HSP90AA1;DCTN1;YWHAE;TUBA4A;MAPRE1;CSNK1D;CSNK1E;MZT1;CEP290;CKAP5;TUBG1;AKAP9;PCNT;TUBGCP4;HAUS4;CEP78;PRKAR2B;CEP164;NEDD1;TUBA1A;CDK11B;TUBGCP6;CEP131;HAUS1;CEP41;TUBGCP5;CDK11A;PCM1;TUBG2;CEP250,C-TAL
prerank,Reactome_2022__Elastic Fibre Formation R-HSA-1566948,0.7925278649016263,1.1064917700533072,0.2431865828092243,0.6139064794329515,1.0,9/39,11.29%,ITGB1;ITGAV;FURIN;LTBP3;ITGB5;LTBP1;ITGB8;EFEMP2;EFEMP1,C-TAL
prerank,Reactome_2022__Metabolism Of Nucleotides R-HSA-15869,0.7617649551351693,1.106280853267709,0.22551020408163266,0.614584612135536,1.0,50/92,16.86%,NME2;APRT;DNPH1;DUT;COASY;GUK1;TXN2;NME4;AK1;CMPK1;RRM2B;AK6;AK2;NT5C;PAICS;NUDT5;GMPR;GMPR2;AMPD2;DCTD;DGUOK;DCTPP1;NT5C3A;ITPA;UCK1;DTYMK;ENTPD5;GSR;GMPS;NUDT9;TK1;RRM1;ATIC;ENTPD6;TXNRD1;IMPDH2;NUDT15;DCK;NME3;UCKL1;NUDT1;ADAL;UPP1;NUDT16;PFAS;TK2;CTPS1;SCO2;UMPS;NT5C2,C-TAL
prerank,Reactome_2022__Ion Transport By P-type ATPases R-HSA-936837,0.7819574881977058,1.105923948522975,0.23294858342077648,0.6166539795428966,1.0,10/52,8.17%,CALM1;FXYD2;SRI;ATP1B3;ATP11A;ATP2A2;FXYD4;ATP13A1;ATP9A;ATP13A2,C-TAL
prerank,Reactome_2022__Cell-extracellular Matrix Interactions R-HSA-446353,0.8253227646418227,1.1057506367028598,0.3006535947712418,0.617000931150586,1.0,10/16,15.46%,ITGB1;ILK;FLNA;FERMT2;LIMS1;RSU1;TESK1;VASP;ACTN1;PARVA,C-TAL
prerank,Reactome_2022__Synthesis Of Very Long-Chain Fatty acyl-CoAs R-HSA-75876,0.8062570353705891,1.1055526596423964,0.27904451682953313,0.6176154090231792,1.0,6/24,7.71%,HSD17B12;HACD2;ACSL1;HACD3;TECR;ELOVL1,C-TAL
prerank,Reactome_2022__Defective GALNT3 Causes HFTC R-HSA-5083625,0.8212298543035974,1.1050909881048656,0.28822882288228824,0.6205468015686185,1.0,3/17,11.26%,MUC15;GALNT3;MUC20,C-TAL
prerank,Reactome_2022__Vitamin D (Calciferol) Metabolism R-HSA-196791,0.8401857621756267,1.1048673847476709,0.29073856975381007,0.6213682927159347,1.0,5/12,13.32%,SUMO2;UBE2I;LGMN;LDLRAP1;PIAS4,C-TAL
prerank,Reactome_2022__Transcriptional Regulation Of Testis Differentiation R-HSA-9690406,-0.6942831933712371,-1.1045907216362851,0.336283185840708,0.8156811673834256,1.0,2/13,3.83%,FGF9;PTGDS,C-TAL
prerank,Reactome_2022__Sealing Of Nuclear Envelope (NE) By ESCRT-III R-HSA-9668328,0.8041652951874618,1.104330808393095,0.25717321997874604,0.6248349947363798,1.0,15/29,14.34%,TUBB;TUBB4B;TUBA1B;CHMP2A;CHMP4B;CHMP2B;IST1;VPS4A;TUBA1C;TUBA4A;CHMP6;LEMD2;CHMP4C;TUBB2A;CHMP7,C-TAL
prerank,Reactome_2022__Negative Regulation Of FGFR2 Signaling R-HSA-5654727,0.8007801962485981,1.1042553191013886,0.26495726495726496,0.6243435084422165,1.0,11/34,9.27%,UBC;UBB;RPS27A;UBA52;PPP2R1A;PPP2CB;PTPN11;PPP2CA;GRB2;MAPK3;MAPK1,C-TAL
prerank,MSigDB_Hallmark_2020__Angiogenesis,0.7932633434739079,1.103573095575429,0.2425531914893617,0.3252149433931584,1.0,14/36,12.97%,APP;LRPAP1;S100A4;ITGAV;SERPINA5;JAG1;VEGFA;VAV2;FGFR1;LPL;PDGFA;TNFRSF21;FSTL1;TIMP1,C-TAL
prerank,Reactome_2022__Budding And Maturation Of HIV Virion R-HSA-162588,0.8016182809505235,1.1032460625240164,0.2398286937901499,0.6322137460939471,1.0,14/27,7.76%,UBC;UBB;CHMP5;RPS27A;VPS28;PPIA;UBA52;CHMP2A;CHMP4B;CHMP2B;MVB12A;VPS4A;VPS4B;TSG101,C-TAL
prerank,Reactome_2022__Thromboxane Signaling Thru TP Receptor R-HSA-428930,0.8050605995098102,1.1031377310739008,0.2620837808807734,0.6319113187746213,1.0,6/24,5.51%,GNG5;GNB2;AAMP;GNB1;GNA11;GNG10,C-TAL
prerank,Reactome_2022__Intrinsic Pathway For Apoptosis R-HSA-109606,0.776061257056386,1.1030047608264393,0.24528301886792453,0.631896170446186,1.0,24/55,11.69%,CYCS;REXO2;YWHAB;DYNLL1;BAD;YWHAQ;C1QBP;APIP;GSDMD;AKT2;YWHAG;AKT1;NMT1;YWHAE;BAX;DYNLL2;MAPK3;YWHAH;MAPK1;STAT3;BCL2L1;TFDP1;XIAP;TFDP2,C-TAL
prerank,Reactome_2022__PKA Activation In Glucagon Signaling R-HSA-164378,0.8253772700131704,1.1029072233405166,0.2873051224944321,0.6316030586646604,1.0,9/16,14.76%,GNAS;PRKAR1A;ADCY6;ADCY5;PRKACB;PRKAR1B;PRKAR2A;PRKAR2B;ADCY9,C-TAL
prerank,Reactome_2022__Cyclin D Associated Events In G1 R-HSA-69231,0.7854991192635072,1.1028623577138668,0.23734177215189872,0.6308126998882472,1.0,16/47,10.49%,UBC;UBB;RPS27A;UBA52;SKP1;PPP2R1A;CCND1;PPP2CB;E2F4;CDKN1B;PPP2CA;CKS1B;CDK4;RB1;CDKN1C;TFDP1,C-TAL
prerank,MSigDB_Hallmark_2020__Myc Targets V2,0.7692925455084219,1.1026098162496496,0.2346193952033368,0.3220026199018623,1.0,38/58,19.44%,NPM1;PHB;CBX3;PA2G4;HSPE1;HSPD1;TBRG4;DCTPP1;SLC29A2;NOLC1;CDK4;SRM;AIMP2;IMP4;NDUFAF4;NOP56;GRWD1;LAS1L;FARSA;NIP7;UNG;GNL3;MRTO4;WDR74;MCM5;NOC4L;DDX18;PES1;MPHOSPH10;EXOSC5;WDR43;TMEM97;TCOF1;MCM4;TFB2M;RRP9;MYBBP1A;IPO4,C-TAL
prerank,Reactome_2022__Organelle Biogenesis And Maintenance R-HSA-1852241,0.7359218545598217,1.1025938115028755,0.14744232698094284,0.6320225265998147,1.0,126/269,15.22%,CALM1;ATP5F1E;ATP5PF;DYNLRB1;TUBB;ATP5MC3;MICOS10;CYCS;TUBB4B;SSNA1;ATP5F1B;ATP5MC1;ATP5PO;DNAJC11;HSPA9;MICOS13;ATP5F1A;ATP5F1D;ATP5MF;ATP5MG;DYNC1H1;ATP5F1C;TCP1;DCTN2;IDH2;DYNLL1;ATP5PD;ESRRA;CCT4;CETN2;SSBP1;ATP5MC2;DCTN3;CCT5;CCT2;PPP2R1A;DYNC1I2;ATP5PB;TRIP11;UNC119B;ATP5ME;PAFAH1B1;ACTR1A;YWHAG;HSP90AA1;PRKAA2;IMMT;HCFC1;ARL3;CCT3;IFT20;RAB11A;MTX1;ARF4;IFT22;PTGES2;RAB8A;HSPB11;DCTN1;YWHAE;IFT57;MBD4;DYNLL2;TUBA4A;IFT27;MAPRE1;EXOC3;KIF3B;MKKS;TFAM;NCOR1;KIF3A;BBIP1;CSNK1D;CCT8;CSNK1E;CARM1;TMEM11;TCTN3;HDAC3;PKD1;CLUAP1;IFT122;HDAC6;RAB11FIP3;RXRA;PPARA;PRKAG1;BBS1;CEP290;SIRT3;EXOC7;PRKAG2;CYS1;DYNLRB2;TCTN1;RAB3IP;SAMM50;NCOA6;CKAP5;ACSS2;BBS2;TUBG1;CRTC2;PRKAB2;SEPTIN2;IFT52;AKAP9;IFT140;ALAS1;IFT88;PCNT;EXOC5;POLRMT;HAUS4;CEP78;IFT43;LZTFL1;PRKAR2B;GLUD1;NPHP1;IFT46;CEP164;MKS1;B9D1;PRKAB1,C-TAL
prerank,Reactome_2022__RHO GTPases Activate KTN1 R-HSA-5625970,0.8414082705533273,1.1022718918218393,0.33136094674556216,0.6336998168859184,1.0,5/10,8.73%,RHOA;KTN1;KIF5B;CDC42;RHOG,C-TAL
prerank,Reactome_2022__RHOC GTPase Cycle R-HSA-9013106,0.7682046943320665,1.1021615876805764,0.22429906542056074,0.6335462952940433,1.0,38/73,15.93%,RHOA;LMAN1;JUP;ACBD5;C1QBP;ARHGDIA;TMPO;PKN1;FLOT2;ARHGEF10L;RHOC;FLOT1;SLK;LBR;ARHGAP1;VAMP3;TFRC;IQGAP1;CAVIN1;VAV2;ROCK2;RTKN;ARHGEF5;ARHGEF17;STOM;VAPB;ARHGAP35;DIAPH1;DHDDS;ARHGAP18;MCF2L;DLC1;TJP2;VANGL1;ARHGEF1;STX5;ARHGAP5;MYO9B,C-TAL
prerank,Reactome_2022__Synthesis Of PC R-HSA-1483191,0.8051525340363439,1.1021052562879439,0.26935312831389185,0.6328668907308325,1.0,10/27,9.70%,LPIN2;STARD7;CSNK2B;STARD10;PCYT1A;CHKB;SLC44A2;LPCAT1;LPIN1;SLC44A3,C-TAL
prerank,Reactome_2022__Tandem Pore Domain Potassium Channels R-HSA-1296346,0.8380359985756038,1.1015110547545377,0.31542857142857145,0.6370370975750352,1.0,1/12,6.70%,KCNK1,C-TAL
prerank,Reactome_2022__Signaling By BRAF And RAF1 Fusions R-HSA-6802952,0.7687604272316908,1.1014108014272008,0.26666666666666666,0.6366784726666697,1.0,35/62,17.31%,PEBP1;CALM1;MAP2K2;YWHAB;LMNA;TLN1;VCL;HRAS;RAP1B;AGTRAP;IQGAP1;MAPK3;MPRIP;MAPK1;MAP2K1;ARAF;AGGF1;CSK;ZC3HAV1;TRIM24;PAPSS1;CAMK2G;TRAK1;AKAP9;NRAS;AGK;FXR1;SRC;KSR1;ESRP1;TENT4A;ARRB1;CNKSR1;MARK3;CLCN6,C-TAL
prerank,Reactome_2022__Mitochondrial Fatty Acid Beta-Oxidation R-HSA-77289,0.7952058956289365,1.1012658334569678,0.2449628844114528,0.6367999839918469,1.0,9/36,2.95%,DBI;ACAA2;HADHA;NDUFAB1;ACADM;ACADVL;ECI1;ECHS1;HADHB,C-TAL
prerank,Reactome_2022__AURKA Activation By TPX2 R-HSA-8854518,0.7632938963140179,1.101195528388004,0.22245322245322247,0.6362330113616641,1.0,30/71,15.43%,TUBB;TUBB4B;SSNA1;DYNC1H1;DCTN2;DYNLL1;CETN2;DCTN3;PPP2R1A;DYNC1I2;PAFAH1B1;ACTR1A;YWHAG;HSP90AA1;DCTN1;YWHAE;TUBA4A;MAPRE1;CSNK1D;CSNK1E;CEP290;CKAP5;TUBG1;AKAP9;PCNT;HAUS4;CEP78;PRKAR2B;CEP164;NEDD1,C-TAL
prerank,Reactome_2022__Signaling By ALK Fusions And Activated Point Mutants R-HSA-9725370,0.7728100117759353,1.1011927706753986,0.27150259067357513,0.6350704928570854,1.0,28/54,10.64%,RPS6;RBX1;MYH9;EEF1G;CLTC;SQSTM1;SKP1;NPM1;MSN;PRKAR1A;KIF5B;PPFIBP1;VCL;RNF213;TPR;RANBP2;STRN;TPM3;GCC2;DCTN1;RRBP1;TFG;GRB2;MAPK3;SEC31A;MAPK1;STAT3;TPM4,C-TAL
prerank,Reactome_2022__Arachidonic Acid Metabolism R-HSA-2142753,0.777187194481774,1.1011484200177901,0.22657054582904224,0.6342976428655042,1.0,11/58,10.38%,CBR1;GPX4;PTGR1;PTGES3;LTA4H;PTGES2;MAPKAPK2;PON2;PTGR2;PRXL2B;EPHX2,C-TAL
prerank,Reactome_2022__Synthesis Of Substrates In N-glycan Biosythesis R-HSA-446219,0.7724583855301517,1.1010625207892955,0.22048066875653083,0.633904895777137,1.0,32/62,17.16%,DPM3;NUDT14;ST3GAL4;DPM2;CTSA;ALG5;GFPT1;NUS1;GMDS;ST6GALNAC6;GLB1;UAP1;CMAS;GNE;GNPNAT1;SLC35A1;PMM1;DHDDS;NANS;PGM3;SLC17A5;NAGK;NANP;SLPI;GMPPB;DOLPP1;GMPPA;ST6GAL1;SRD5A3;DPM1;MVD;FCSK,C-TAL
prerank,Reactome_2022__Activation Of AMPK Downstream Of NMDARs R-HSA-9619483,0.844008860088501,1.1010623252178322,0.30823529411764705,0.632732843589649,1.0,6/10,12.37%,CALM1;PRKAA1;PRKAA2;PRKAG1;PRKAG2;PRKAB2,C-TAL
prerank,Reactome_2022__Transport Of Mature Transcript To Cytoplasm R-HSA-72202,0.7597277556156301,1.1009481307077111,0.22833843017329256,0.6325839471164708,1.0,49/83,17.38%,SRSF9;RBM8A;SRSF7;RNPS1;SRSF2;SRRM1;THOC7;NCBP2;SRSF3;TPR;SLU7;RANBP2;EIF4A3;U2AF2;FYTTD1;CHTOP;SRSF1;MAGOH;CASC3;POLDIP3;NXT1;THOC2;SEC13;DDX39A;NUP160;NUP50;DDX39B;EIF4E;SLBP;NUP62;THOC6;SRSF11;NUP42;WDR33;SRSF4;NUP93;NDC1;DHX38;CDC40;SARNP;UPF3B;POM121C;THOC1;AAAS;ALYREF;SYMPK;NUP43;CPSF1;NUP210,C-TAL
prerank,Reactome_2022__G Beta:Gamma Signaling Thru PI3Kgamma R-HSA-392451,0.8093384468070253,1.1009371600070086,0.2562162162162162,0.631517960681471,1.0,9/25,9.92%,GNG5;RHOA;GNB2;GNB1;AKT2;AKT1;GNG10;PDPK1;GNG12,C-TAL
prerank,Reactome_2022__Peroxisomal Lipid Metabolism R-HSA-390918,0.7997445951505104,1.100903367980947,0.2938034188034188,0.6306376219659813,1.0,14/29,11.47%,ALDH3A2;ACBD5;HSD17B4;ECI2;CROT;ACAA1;ACOX1;PHYH;AMACR;CRAT;PECR;ACOT8;NUDT7;DECR2,C-TAL
prerank,Reactome_2022__EGFR Downregulation R-HSA-182971,0.8000073749925133,1.1007791957177007,0.2632135306553911,0.6305831757192522,1.0,11/31,10.95%,UBC;UBB;RPS27A;EPN1;UBA52;CDC42;HGS;EGFR;GRB2;SH3GL3;SH3GL1,C-TAL
prerank,Reactome_2022__Biosynthesis Of DHA-derived SPMs R-HSA-9018677,0.8227745462831497,1.1006328279289443,0.3257328990228013,0.6305984249675127,1.0,4/16,12.65%,GPX4;LTA4H;EPHX2;GSTM4,C-TAL
prerank,Reactome_2022__Aggrephagy R-HSA-9646399,0.8097654389287204,1.1006087815862067,0.26129032258064516,0.6296260312466152,1.0,15/24,6.75%,UBC;UBB;PARK7;RPS27A;UBA52;HSF1;DYNC1H1;VCP;DYNLL1;DYNC1LI2;DYNC1I2;UBE2V1;HSP90AA1;UBE2N;DYNLL2,C-TAL
prerank,Reactome_2022__Mitophagy R-HSA-5205647,0.7980231401790614,1.1003615238707631,0.2810810810810811,0.6306487998157336,1.0,18/28,8.61%,UBC;UBB;RPS27A;TOMM7;TOMM5;UBA52;TOMM6;TOMM20;PINK1;TOMM22;SQSTM1;CSNK2B;MAP1LC3B;MFN2;VDAC1;MAP1LC3A;FUNDC1;TOMM40,C-TAL
prerank,Reactome_2022__Transport Of Mature mRNA Derived From An Intron-Containing Transcript R-HSA-159236,0.7643168068776224,1.100356444784486,0.2262026612077789,0.6295416325693652,1.0,44/74,17.38%,SRSF9;RBM8A;SRSF7;RNPS1;SRSF2;SRRM1;THOC7;NCBP2;SRSF3;TPR;SLU7;RANBP2;EIF4A3;U2AF2;FYTTD1;CHTOP;SRSF1;MAGOH;CASC3;POLDIP3;NXT1;THOC2;SEC13;DDX39A;NUP160;NUP50;DDX39B;NUP62;THOC6;SRSF11;NUP42;SRSF4;NUP93;NDC1;DHX38;CDC40;SARNP;UPF3B;POM121C;THOC1;AAAS;ALYREF;NUP43;NUP210,C-TAL
prerank,Reactome_2022__Depolymerisation Of Nuclear Lamina R-HSA-4419969,0.8249384896636156,1.1000841710912084,0.30734966592427615,0.6306752060149029,1.0,7/15,11.60%,LPIN2;LMNA;TMPO;CTDNEP1;LPIN1;EMD;LEMD2,C-TAL
prerank,Reactome_2022__Loss Of Nlp From Mitotic Centrosomes R-HSA-380259,0.7638954710318165,1.0999001386472873,0.22860125260960334,0.6311105816181677,1.0,30/68,15.43%,TUBB;TUBB4B;SSNA1;DYNC1H1;DCTN2;DYNLL1;CETN2;DCTN3;PPP2R1A;DYNC1I2;PAFAH1B1;ACTR1A;YWHAG;HSP90AA1;DCTN1;YWHAE;TUBA4A;MAPRE1;CSNK1D;CSNK1E;CEP290;CKAP5;TUBG1;AKAP9;PCNT;HAUS4;CEP78;PRKAR2B;CEP164;NEDD1,C-TAL
prerank,Reactome_2022__STAT3 Nuclear Events Downstream Of ALK Signaling R-HSA-9701898,0.8382097050032826,1.0996714943487689,0.3154121863799283,0.6319079696897482,1.0,6/10,12.17%,HDAC1;HIF1A;HDAC2;HDAC3;STAT3;EP300,C-TAL
prerank,Reactome_2022__RHOD GTPase Cycle R-HSA-9013405,0.7755169049793014,1.0995488605212869,0.26458333333333334,0.6318574280912997,1.0,28/51,15.92%,LMAN1;SLC4A7;HINT2;PGRMC2;CAPZB;TMPO;LBR;RHOD;ARHGAP1;PLXNB1;VAMP3;EMD;DBN1;RAB7A;ESYT1;ANKFY1;WHAMM;VAPB;PIK3R2;ARHGAP35;DIAPH1;VANGL1;ACTN1;DIAPH2;PLXNA1;STEAP3;EFHD2;ARHGAP5,C-TAL
prerank,Reactome_2022__Intraflagellar Transport R-HSA-5620924,0.7914111483181105,1.0994105284913978,0.2646744930629669,0.6319656784678086,1.0,21/36,16.18%,DYNLRB1;DYNLL1;TRIP11;IFT20;IFT22;HSPB11;IFT57;DYNLL2;IFT27;KIF3B;KIF3A;CLUAP1;IFT122;DYNLRB2;IFT52;IFT140;IFT88;IFT43;IFT46;TTC30B;TTC30A,C-TAL
prerank,Reactome_2022__Bicarbonate Transporters R-HSA-425381,0.8446745248299303,1.0988777914700003,0.3305785123966942,0.6355854275244337,1.0,2/10,2.00%,SLC4A7;SLC4A2,C-TAL
prerank,Reactome_2022__HCMV Early Events R-HSA-9609690,0.7653887550460263,1.0983769367493548,0.2312435765673176,0.6387449578117377,1.0,32/68,14.72%,ITGB1;DYNC1H1;CD46;DUT;DYNLL1;TXN2;DYNC1LI2;DYNC1I2;SUZ12;TPR;GPS2;HSD17B4;RANBP2;TRIM28;RBBP7;DYNLL2;NCOR2;EGFR;NCOR1;HDAC3;SEC13;RRM1;NUP160;NUP50;DYNC1LI1;NUP62;NUP42;RBBP4;CBX1;NUP93;IRS1;NDC1,C-TAL
prerank,Reactome_2022__Clathrin-mediated Endocytosis R-HSA-8856828,0.7511105089367638,1.098365093707537,0.19838872104733132,0.6376624640706056,1.0,63/139,12.81%,UBC;UBB;AP2M1;NEDD8;RPS27A;VAMP8;ARPC3;CLTC;EPN1;TGOLN2;UBA52;AP2S1;ARPC1A;CLTB;ARPC2;CTTN;CLTA;SCARB2;COPS6;DAB2;ACTR2;RAB5C;HSPA8;ARPC5;DNM2;PACSIN2;COPS8;GPS1;M6PR;RAB5B;GRK2;COPS5;HIP1R;RAB5A;COPS7A;ACTR3;HGS;WASL;VAMP2;COPS2;IGF2R;ARF6;EGFR;VAMP3;AP2B1;UBQLN1;GRB2;TFRC;VAMP7;TRIP10;SH3GL3;NECAP2;ARFGAP1;COPS4;SH3GL1;TOR1A;SNX18;LDLRAP1;COPS3;AP2A2;GAK;STON1;BIN1,C-TAL
prerank,Reactome_2022__Reactions Specific To Complex N-glycan Synthesis Pathway R-HSA-975578,0.8330023612352278,1.0982186233808537,0.3414351851851852,0.637702253221693,1.0,2/10,9.21%,FUCA1;MAN2A2,C-TAL
prerank,Reactome_2022__Deadenylation-dependent mRNA Decay R-HSA-429914,0.7724584388033984,1.0978564464142544,0.2678002125398512,0.6396942456109431,1.0,32/53,13.99%,LSM7;EIF4A1;EIF4G1;LSM3;DCPS;LSM4;LSM5;EIF4B;EIF4A3;LSM2;EXOSC4;LSM1;PAIP1;CNOT7;EIF4A2;PABPC1;EXOSC7;CNOT8;DDX6;LSM6;EXOSC8;DCP2;NT5C3B;EXOSC6;CNOT1;CNOT6L;EIF4E;PATL1;EDC4;DCP1A;CNOT3;CNOT11,C-TAL
prerank,Reactome_2022__SARS-CoV-2 Activates/Modulates Innate And Adaptive Immune Responses R-HSA-9705671,0.7492323418649628,1.0972311559141377,0.2434077079107505,0.6439881366338256,1.0,52/119,17.91%,B2M;HLA-B;HLA-C;HLA-A;SAR1B;CNBP;IFNAR1;HLA-E;UBE2V1;TPR;HSP90AA1;RANBP2;LARP1;BECN1;HSP90AB1;UBE2N;PTPN11;G3BP2;SIKE1;TKFC;IL17RC;SEC13;MAVS;STAT1;G3BP1;IRAK1;NUP160;NUP50;TRIM25;NUP62;JAK1;SEC24C;NUP42;IL17RA;IKBKG;CHUK;TRIM4;NUP93;KPNA2;STAT2;NDC1;PIK3R4;POM121C;AAAS;TAB2;IRF3;NUP43;NUP210;TAB3;TBK1;ATG14;TRAF3,C-TAL
prerank,Reactome_2022__Trafficking Of GluR2-containing AMPA Receptors R-HSA-416993,0.8248167408523361,1.0970906554027586,0.28507795100222716,0.6440537935798928,1.0,6/17,13.59%,AP2M1;AP2S1;AP2B1;TSPAN7;AP2A2;PICK1,C-TAL
prerank,"Reactome_2022__Glutamate Binding, Activation Of AMPA Receptors And Synaptic Plasticity R-HSA-399721",0.798649685472524,1.0970285639759798,0.26552462526766596,0.643428089977916,1.0,8/31,13.59%,AP2M1;AP2S1;AP2B1;TSPAN7;CAMK2G;AP2A2;EPB41L1;PICK1,C-TAL
prerank,Reactome_2022__Antigen Processing: Ubiquitination And Proteasome Degradation R-HSA-983168,0.7362811211663182,1.0969289562862519,0.12725450901803606,0.643143354139492,1.0,132/306,13.90%,UBC;UBB;PSMB6;ELOB;RPS27A;RBX1;PSMA7;PSMD8;FBXW5;PSMB5;UBA52;STUB1;ANAPC11;PSMB1;SKP1;FBXO2;PSMA1;PSMA6;PSMA2;ANAPC13;RNF7;ELOC;PSMC5;KLHL21;PSME1;PSMD9;UBE2M;PSMB4;PSME2;ANAPC5;PSMA4;UBE2Q1;PSMA5;PSMB2;RNF114;PSMB3;UBE2V1;UBE2A;UBA1;UBE2D2;MKRN1;FBXO7;PSMB7;RNF213;RBCK1;UBE2L3;ARIH2;UBE2B;UBE2D3;SEM1;PSMD14;PSMD13;UBE2Z;FBXL3;PSMC1;CDC26;PSMC4;PSMD2;PSMC2;PSMF1;UBE2N;BTBD1;LNPEP;PJA2;PSMD11;PSMD6;FBXL15;PSMC3;BTBD6;UBE4A;ASB13;PSMA3;PSMC6;PSMD7;UBE2J2;UBAC1;FBXO44;MYLIP;KLHL9;RBBP6;FBXW2;PSMD4;FBXO9;KEAP1;RNF130;MIB2;SOCS1;UBA5;CDC23;ASB8;PSMD12;FBXW4;UBE2G2;UBE2V2;RNF144B;PSMD3;UBE2J1;UBE2F;FBXL5;NPEPPS;RNF6;UBA6;FBXO17;RNF126;PSMB8;UBA3;PJA1;LRRC41;UBE2D4;FBXO21;CDC16;RNF115;PSME3;RLIM;PSMD10;TRIM37;UFL1;UBE2G1;FBXO22;LMO7;ANAPC7;TRAF7;RNF123;UBE2K;RCHY1;TRIM41;CDC27;RNF220;AREL1;RNF14;SOCS3;UBE2R2,C-TAL
prerank,Reactome_2022__HDACs Deacetylate Histones R-HSA-3214815,0.7954918112701495,1.0968069650586403,0.2808145766345123,0.643018962492362,1.0,16/32,9.31%,SAP18;HMG20B;HDAC1;REST;GPS2;CHD3;SUDS3;SAP30L;CHD4;RBBP7;NCOR2;KDM1A;NCOR1;GATAD2A;HDAC2;HDAC3,C-TAL
prerank,Reactome_2022__Oncogene Induced Senescence R-HSA-2559585,0.7990199228313075,1.0963210404339758,0.27194860813704497,0.6460336023965133,1.0,12/33,11.69%,UBC;UBB;RPS27A;UBA52;ETF1;CDK4;ID1;RB1;MAPK3;MAPK1;TFDP1;TFDP2,C-TAL
prerank,Reactome_2022__CREB1 Phosphorylation Thru NMDA Receptor-Mediated Activation Of RAS Signaling R-HSA-442742,0.7990767876662075,1.0962997446228417,0.2939914163090129,0.6450630615503076,1.0,9/27,12.91%,CALM1;HRAS;PDPK1;MAPK3;MAPK1;CAMK2G;RPS6KA3;RPS6KA1;NRAS,C-TAL
prerank,Reactome_2022__Mitotic Prometaphase R-HSA-68877,0.7404444278066233,1.096165267332524,0.178714859437751,0.6449782010274469,1.0,83/183,18.71%,TUBB;TUBB4B;SSNA1;RPS27;DYNC1H1;MZT2B;DCTN2;TUBGCP2;CSNK2B;DYNLL1;NUDC;MZT2A;CETN2;DCTN3;PPP2R1A;DYNC1LI2;DYNC1I2;RAD21;PAFAH1B1;ACTR1A;YWHAG;HSP90AA1;RANBP2;PPP2CB;NUMA1;DCTN1;SMC3;YWHAE;PPP1CC;DYNLL2;TUBA4A;SKA2;MAPRE1;PPP2CA;BUB3;PPP2R5C;SMC1A;CSNK1D;RCC2;RANGAP1;CSNK1E;SEC13;MZT1;CEP290;NUP160;DYNC1LI1;CKAP5;TUBG1;AKAP9;PPP2R5D;PPP2R5E;CENPT;PPP2R5B;WAPL;PCNT;TUBGCP4;HAUS4;PPP2R1B;CEP78;PRKAR2B;MAD1L1;CSNK2A2;CEP164;SMC4;NDEL1;NEDD1;PPP2R5A;B9D2;SPDL1;KIF2A;TUBA1A;STAG2;NUP43;ITGB3BP;TUBGCP6;CEP131;HAUS1;CEP41;TUBGCP5;PCM1;CLIP1;TUBG2;CEP250,C-TAL
prerank,Reactome_2022__RHOU GTPase Cycle R-HSA-9013420,0.7845992044450595,1.0961574595136696,0.2848101265822785,0.6438916516807913,1.0,20/39,16.73%,CLTC;SPTAN1;TXNL1;CDC42;WDR6;PKN1;PARD6A;SPTBN1;HGS;GRB2;IQGAP1;PIK3R2;GIT1;DST;NCK2;VANGL1;PAK4;SRC;EPHA2;GIT2,C-TAL
prerank,Reactome_2022__Mucopolysaccharidoses R-HSA-2206281,0.8394113035378903,1.096118454265218,0.323094425483504,0.6430686355201607,1.0,9/11,14.87%,GNS;NAGLU;GUSB;GLB1;HGSNAT;GALNS;IDS;SGSH;IDUA,C-TAL
prerank,Reactome_2022__Vasopressin Regulates Renal Water Homeostasis Via Aquaporins R-HSA-432040,0.777340133959221,1.0957703838096873,0.28601472134595163,0.6449741498455815,1.0,20/42,16.35%,GNG5;GNB2;GNAS;PRKAR1A;GNB1;AQP2;RAB11A;GNG10;ADCY6;ADCY5;GNG12;AQP3;PRKACB;PRKAR1B;PRKAR2A;PRKAR2B;ADCY9;MYO5B;GNB5;RAB11FIP2,C-TAL
prerank,Reactome_2022__DNA Repair R-HSA-73894,0.7380547497951231,1.095543635211832,0.14414414414414414,0.6458010728767357,1.0,119/279,14.66%,UBC;UBB;SUMO2;POLR2L;RPS27A;RBX1;SUMO1;UBA52;POLR2J;CENPX;TCEA1;POLR2I;RAD23A;POLR2K;PPP4C;VCP;UBXN1;GTF2H5;COPS6;FAAP20;POLR2E;XRCC6;PRKDC;HMGN1;CETN2;RPA3;UBE2I;POLR2F;DDB1;PPP4R2;POLR2A;COPS8;GPS1;UBE2B;SEM1;APEX1;GTF2H2;POLD2;FAN1;ERCC1;KAT5;COPS5;POLE4;UBE2N;COPS7A;TERF2IP;MCRS1;POLR2C;YY1;POLD4;MBD4;BABAM1;POLR2H;PCNA;MGMT;ACTL6A;ALKBH5;RAD23B;XPA;COPS2;PARP1;POLE3;CUL4B;RNF8;SMARCA5;MPG;UFD1;XAB2;POLM;USP7;AQR;XRCC5;BAZ1B;INO80E;WDR48;UBE2V2;RAD50;PPIE;NPLOC4;PPP5C;RAD17;PNKP;USP1;COPS4;TRIM25;POLR2G;RAD51C;POLR2B;FANCF;COPS3;TINF2;MSH6;PMS2;EP300;ERCC3;TERF1;CUL4A;ERCC5;ZNF830;XRCC1;SMUG1;RCHY1;PIAS4;POLI;POLR2D;XPC;NEIL1;RUVBL1;ASCC2;MUTYH;ABRAXAS1;UNG;ATM;NFRKB;NTHL1;KPNA2;MLH1;LRIF1;TOPBP1,C-TAL
prerank,Reactome_2022__B-WICH Complex Positively Regulates rRNA Expression R-HSA-5250924,0.8050262627606076,1.094954137461515,0.2702407002188184,0.649709503324289,1.0,13/27,12.17%,POLR2L;POLR2K;SF3B1;POLR2E;DEK;POLR2F;POLR1D;TAF1C;POLR2H;SMARCA5;BAZ1B;TAF1D;EP300,C-TAL
prerank,Reactome_2022__RAF Activation R-HSA-5673000,0.7943748439454998,1.0947762174731952,0.284640171858217,0.650040839222795,1.0,23/31,15.74%,CALM1;MAP2K2;YWHAB;PPP2R1A;PPP2CB;HRAS;PPP1CC;PPP2CA;PPP2R5C;MAP2K1;ARAF;CAMK2G;PPP1CB;MRAS;PPP2R5D;PPP2R5E;NRAS;PPP2R5B;PPP2R1B;MAP3K11;SRC;KSR1;PPP2R5A,C-TAL
prerank,Reactome_2022__Surfactant Metabolism R-HSA-5683826,0.7994538333070571,1.094633603595029,0.2748663101604278,0.6500457383157593,1.0,5/29,9.08%,CTSH;ZDHHC2;CCDC59;CKAP4;TTF1,C-TAL
prerank,Reactome_2022__Metabolism Of Steroid Hormones R-HSA-196071,0.7848327850454087,1.094603079426036,0.2849576271186441,0.6491754563580135,1.0,6/35,4.37%,AKR1B1;HSD17B12;FDX1;TSPO;FDX2;SERPINA6,C-TAL
prerank,Reactome_2022__Aquaporin-mediated Transport R-HSA-445717,0.7685943716426775,1.0942733510046878,0.2851196670135276,0.6508268557588753,1.0,20/50,16.35%,GNG5;GNB2;GNAS;PRKAR1A;GNB1;AQP2;RAB11A;GNG10;ADCY6;ADCY5;GNG12;AQP3;PRKACB;PRKAR1B;PRKAR2A;PRKAR2B;ADCY9;MYO5B;GNB5;RAB11FIP2,C-TAL
prerank,Reactome_2022__Biosynthesis Of N-glycan Precursor (Dolichol LLO) And Transfer To Protein R-HSA-446193,0.759635266390235,1.0941748445461057,0.24557752341311134,0.6505171610247703,1.0,43/76,18.88%,DPM3;NUDT14;ST3GAL4;MPDU1;DPM2;CTSA;ALG5;GFPT1;NUS1;DPAGT1;GMDS;ST6GALNAC6;GLB1;UAP1;CMAS;GNE;GNPNAT1;ALG12;SLC35A1;ALG3;PMM1;ALG13;ALG2;DHDDS;NANS;ALG10B;PGM3;SLC17A5;NAGK;NANP;SLPI;GMPPB;DOLPP1;GMPPA;ST6GAL1;SRD5A3;DPM1;MVD;FCSK;ALG11;EGFL7;ALG8;AMDHD2,C-TAL
prerank,Reactome_2022__Negative Regulation Of FGFR1 Signaling R-HSA-5654726,0.7951289008657769,1.0940276579645416,0.29069767441860467,0.6505643858459242,1.0,13/33,11.01%,UBC;UBB;RPS27A;UBA52;PPP2R1A;PPP2CB;PTPN11;PPP2CA;GRB2;MAPK3;MAPK1;FGFR1;KL,C-TAL
prerank,Reactome_2022__MASTL Facilitates Mitotic Progression R-HSA-2465910,0.830153068853865,1.0938952123462997,0.32523148148148145,0.6505459193142787,1.0,7/10,14.15%,PPP2R1A;ENSA;PPP2CB;ARPP19;PPP2CA;PPP2R2D;PPP2R1B,C-TAL
prerank,Reactome_2022__N-glycan Antennae Elongation In medial/trans-Golgi R-HSA-975576,0.8011728127448297,1.0936673858308728,0.2790948275862069,0.6512419147247692,1.0,9/26,12.16%,FUCA1;B4GALT1;ST3GAL4;MGAT4B;B4GALT2;MGAT4A;MAN2A2;B4GALT5;B4GALT3,C-TAL
prerank,Reactome_2022__Drug ADME R-HSA-9748784,0.7489680215315058,1.0935668540649601,0.27533265097236437,0.6509576988241824,1.0,22/93,14.98%,NME2;GSTP1;CNDP2;BSG;GGT6;GUK1;SLC22A2;TPMT;SLC29A1;SLC29A2;ABCC5;SLC38A1;VAV2;GMPS;CES2;ACY1;ABCB1;IMPDH2;NUDT15;GGT7;ADAL;ABCC4,C-TAL
prerank,Reactome_2022__Synthesis Of Prostaglandins (PG) And Thromboxanes (TX) R-HSA-2162123,0.8277974791188663,1.093525956122505,0.30429988974641675,0.650216418640182,1.0,5/15,8.71%,CBR1;PTGES3;PTGES2;PTGR2;PRXL2B,C-TAL
prerank,Reactome_2022__Integrin Cell Surface Interactions R-HSA-216083,0.7699943844321434,1.093274253909276,0.2510204081632653,0.6512416307756829,1.0,15/66,10.96%,ITGB1;ITGAV;HSPG2;BSG;AGRN;ITGAE;F11R;COL4A1;ITGB5;ITGA6;CXXC1;COL18A1;COL4A2;ITGB8;THBS1,C-TAL
prerank,Reactome_2022__Ion Channel Transport R-HSA-983712,0.7374114192015646,1.0932145045345631,0.2241206030150754,0.6506101132744128,1.0,29/174,8.17%,UBC;CLCNKA;ATP6V1F;UBB;CALM1;FXYD2;RPS27A;ATP6V0B;SRI;UBA52;ATP6V1E1;ATP6V1G1;ATP6V0E2;ATP6V0C;CLCN7;ATP6V0E1;ATP1B3;ATP6V0D1;ATP6AP1;BSND;ATP6V1D;ATP11A;ATP2A2;MCOLN1;FXYD4;ATP6V1C1;ATP13A1;ATP9A;ATP13A2,C-TAL
prerank,MSigDB_Hallmark_2020__IL-6/JAK/STAT3 Signaling,0.758611279235748,1.0931970095166381,0.2533197139938713,0.3712257024194259,1.0,26/87,15.39%,CD9;JUN;IFNAR1;HAX1;IL6ST;TNFRSF12A;PTPN11;IFNGR2;ACVR1B;SOCS1;GRB2;IFNGR1;TNFRSF1A;LTBR;STAT3;IL10RB;STAT1;TNFRSF21;IL1R2;IRF9;IL17RA;SOCS3;IL13RA1;STAT2;BAK1;TNFRSF1B,C-TAL
prerank,Reactome_2022__Metal Ion SLC Transporters R-HSA-425410,0.7991420644779829,1.0931352681984337,0.2829581993569132,0.6501070545239765,1.0,12/26,14.33%,SLC40A1;SLC39A1;SLC39A7;SLC39A6;SLC30A5;SLC39A3;SLC11A2;SLC31A1;SLC39A4;SLC39A14;SLC30A1;SLC11A1,C-TAL
prerank,"Reactome_2022__PTK6 Regulates RHO GTPases, RAS GTPase And MAP Kinases R-HSA-8849471",0.8193346107970101,1.0929703830061146,0.35599078341013823,0.6503639001922438,1.0,6/13,12.91%,RHOA;HRAS;CRK;BCAR1;ARHGAP35;NRAS,C-TAL
prerank,Reactome_2022__Formation Of Early Elongation Complex R-HSA-113418,0.7938870850650974,1.0928269986759562,0.2902208201892745,0.6505059104252107,1.0,21/33,12.22%,POLR2L;POLR2J;POLR2I;SUPT4H1;POLR2K;GTF2H5;POLR2E;POLR2F;POLR2A;NCBP2;GTF2H2;NELFCD;NELFE;POLR2C;POLR2H;SUPT5H;GTF2F1;NELFB;POLR2G;POLR2B;ERCC3,C-TAL
prerank,Reactome_2022__RHOBTB GTPase Cycle R-HSA-9706574,0.7885912260405019,1.0926665622179013,0.278494623655914,0.6507357317915335,1.0,21/35,11.30%,ACTG1;CCT7;TXNL1;CCT6A;SRRM1;RBMX;CCT2;GPS1;HSP90AA1;HSP90AB1;TWF1;TMOD3;CDC37;COPS2;RBBP6;CPSF7;DBN1;ROCK2;COPS4;DDX39B;VIM,C-TAL
prerank,Reactome_2022__Interferon Signaling R-HSA-913531,0.7375523493149331,1.0925787431813028,0.18637274549098196,0.65031555093151,1.0,65/196,14.72%,UBC;UBB;B2M;RPS27A;IFITM3;HLA-B;HLA-C;SUMO1;UBA52;HLA-A;EIF4A1;EIF4G1;EIF4E2;KPNB1;EIF4G2;HLA-DRA;IFITM2;IFNAR1;HLA-E;TRIM8;TPR;RANBP2;EIF4A3;ADAR;FLNA;UBE2N;EIF4A2;PTPN11;IFI6;ABCE1;IFNGR2;SMAD7;SOCS1;IP6K2;MAPK3;HLA-DRB1;KPNA4;IFNGR1;SEC13;PSMB8;STAT1;NUP160;NUP50;TRIM25;IFIT1;EIF2AK2;CAMK2G;EIF4E;PDE12;EGR1;NUP62;IRF6;JAK1;IRF9;NUP42;IRF5;SOCS3;TRIM38;GNL3;IFIT5;NUP93;KPNA2;KPNA3;STAT2;NDC1,C-TAL
prerank,Reactome_2022__RHO GTPases Activate IQGAPs R-HSA-5626467,0.8256444439666338,1.0925270338237922,0.3543859649122807,0.6496108125257241,1.0,4/11,8.81%,CALM1;CDC42;CTNNA1;IQGAP1,C-TAL
prerank,Reactome_2022__Degradation Of Cysteine And Homocysteine R-HSA-1614558,0.8330156997609546,1.092238366486766,0.3138357705286839,0.6509627086108503,1.0,8/13,13.17%,TSTD1;TXN2;GOT2;MPST;ETHE1;ADO;SLC25A10;SUOX,C-TAL
prerank,MSigDB_Hallmark_2020__Epithelial Mesenchymal Transition,0.7407878699078512,1.0921811029729331,0.19979919678714858,0.36567619719519606,1.0,59/200,14.95%,CD59;SAT1;PPIB;SDC1;ITGB1;TPM1;ITGAV;THY1;FUCA1;IGFBP2;GADD45B;DAB2;IGFBP3;JUN;RHOB;CAPG;CADM1;GADD45A;PLOD2;COL4A1;SGCB;TNFRSF12A;PFN2;TNFRSF11B;FLNA;ITGB5;CCN1;FERMT2;QSOX1;VEGFA;MYL9;CALU;GPC1;SERPINH1;SLC6A8;COL4A2;COPA;CALD1;MCM7;LAMC1;EFEMP2;BGN;TIMP3;TPM4;THBS1;FZD8;VIM;FSTL1;CCN2;DST;TIMP1;PLOD3;PDLIM4;PLOD1;PCOLCE;LGALS1;EDIL3;COLGALT1;FBLN5,C-TAL
prerank,Reactome_2022__Acyl Chain Remodelling Of PI R-HSA-1482922,0.808040272089628,1.0919385699524107,0.33699231613611413,0.652264494569789,1.0,3/17,12.43%,MBOAT7;PLA2G12A;PLAAT3,C-TAL
prerank,MSigDB_Hallmark_2020__Hedgehog Signaling,0.7804984725119117,1.0918850204405024,0.30623020063357975,0.356551962438261,1.0,8/36,9.93%,MYH9;DPYSL2;THY1;NRCAM;VLDLR;VEGFA;CELSR1;TLE3,C-TAL
prerank,Reactome_2022__ERCC6 (CSB) And EHMT2 (G9a) Positively Regulate rRNA Expression R-HSA-427389,0.817316221892682,1.0918550691168483,0.31712707182320443,0.6518378358424134,1.0,12/16,15.83%,CBX3;HDAC1;CHD3;CHD4;RBBP7;EHMT2;GATAD2A;HDAC2;TTF1;RBBP4;GATAD2B;MTA1,C-TAL
prerank,Reactome_2022__Laminin Interactions R-HSA-3000157,0.799744091061569,1.0916209071138994,0.31905781584582443,0.6526227922611226,1.0,7/22,9.44%,ITGB1;ITGAV;HSPG2;ITGA6;COL18A1;LAMA5;LAMC1,C-TAL
prerank,Reactome_2022__Mitochondrial Iron-Sulfur Cluster Biogenesis R-HSA-1362409,0.8279061119851957,1.0912142165962657,0.3223981900452489,0.6549052114410747,1.0,11/13,15.25%,GLRX5;ISCU;FDX1;ISCA2;FDX2;ISCA1;SLC25A37;LYRM4;NFS1;FXN;HSCB,C-TAL
prerank,Reactome_2022__Receptor Mediated Mitophagy R-HSA-8934903,0.8282637807111036,1.0911406278567943,0.34114888628370454,0.6544276863907363,1.0,10/10,17.20%,CSNK2B;MAP1LC3B;MAP1LC3A;FUNDC1;ATG12;ULK1;CSNK2A2;SRC;ATG5;PGAM5,C-TAL
prerank,Reactome_2022__Pyroptosis R-HSA-5620971,0.7987463769311143,1.091021010384466,0.2807399347116431,0.6543966061659541,1.0,15/25,18.32%,CYCS;CHMP2A;GSDMD;CHMP4B;CHMP2B;HMGB1;BAX;CHMP6;CHMP4C;CHMP7;BAK1;IRF2;GSDME;IRF1;CASP3,C-TAL
prerank,Reactome_2022__Signaling By Hedgehog R-HSA-5358351,0.741260355964764,1.0909985043562245,0.2515151515151515,0.6534757659982143,1.0,58/135,10.17%,UBC;UBB;PSMB6;RPS27A;RBX1;PSMA7;PSMD8;PSMB5;UBA52;PSMB1;SKP1;PSMA1;PSMA6;PSMA2;PSMC5;PSME1;PSMD9;PSMB4;VCP;OS9;PSME2;GNAS;PSMA4;PSMA5;PSMB2;PRKAR1A;PSMB3;PSMB7;DERL2;P4HB;SEM1;PSMD14;PSMD13;ULK3;ERLEC1;GRK2;PSMC1;SEL1L;PSMC4;PSMD2;PSMC2;ADCY6;PSMF1;IFT57;PSMD11;PSMD6;PSMC3;PSMA3;PSMC6;PSMD7;PSMD4;KIF3A;ADCY5;PSMD12;SYVN1;PSMD3;IFT122;PSMB8,C-TAL
prerank,Reactome_2022__Oncogenic MAPK Signaling R-HSA-6802957,0.7566973080212973,1.0905459469946748,0.28778467908902694,0.6561631787008043,1.0,39/77,17.31%,PEBP1;CALM1;MAP2K2;YWHAB;LMNA;TLN1;VCL;HRAS;PPP1CC;RAP1B;AGTRAP;IQGAP1;MAPK3;MPRIP;MAPK1;MAP2K1;ARAF;AGGF1;CSK;ZC3HAV1;TRIM24;PAPSS1;CAMK2G;PPP1CB;TRAK1;MRAS;AKAP9;NRAS;AGK;MAP3K11;FXR1;SRC;KSR1;ESRP1;TENT4A;ARRB1;CNKSR1;MARK3;CLCN6,C-TAL
prerank,Reactome_2022__Cholesterol Biosynthesis R-HSA-191273,0.7961594673164111,1.0901965923414239,0.3224400871459695,0.6578815110840659,1.0,18/26,16.73%,MVK;TM7SF2;DHCR24;CYP51A1;PMVK;FDPS;ARV1;LBR;IDI1;GGPS1;FDFT1;SREBF1;MSMO1;SC5D;DHCR7;SREBF2;PLPP6;MVD,C-TAL
prerank,Reactome_2022__ADP Signaling Thru P2Y Purinoceptor 12 R-HSA-392170,0.802595576235479,1.0900911976405492,0.30444203683640303,0.6575574956624459,1.0,7/22,9.92%,GNG5;GNB2;GNAI2;GNB1;GNG10;GNAI3;GNG12,C-TAL
prerank,Reactome_2022__Trafficking And Processing Of Endosomal TLR R-HSA-1679131,0.8293581914066935,1.0898342019569756,0.32293986636971045,0.6585032550312216,1.0,6/13,14.95%,CTSL;CTSB;LGMN;CNPY3;UNC93B1;HSP90B1,C-TAL
prerank,Reactome_2022__Processing Of Capped Intronless Pre-mRNA R-HSA-75067,0.7907492117522941,1.0897011291058145,0.315450643776824,0.6584259784009618,1.0,19/29,17.32%,SNRPG;SNRPE;SNRPB;SNRPF;SNRPD3;NCBP2;CPSF7;PCF11;LSM10;CSTF2T;NUDT21;CSTF3;SLBP;WDR33;PAPOLA;SYMPK;CPSF1;PABPN1;CSTF1,C-TAL
prerank,Reactome_2022__Lysosphingolipid And LPA Receptors R-HSA-419408,-0.688353381864664,-1.0894934584910219,0.40145985401459855,0.8351038181289155,1.0,1/14,0.91%,PLPPR1,C-TAL
prerank,Reactome_2022__Other Interleukin Signaling R-HSA-449836,0.8009529802432056,1.089196045078825,0.3023758099352052,0.6613638955725268,1.0,8/24,14.87%,SDC1;VAMP2;STX4;IL10RB;STX3;JAK1;TXLNA;STXBP2,C-TAL
prerank,Reactome_2022__Resolution Of AP Sites Via Multiple-Nucleotide Patch Replacement Pathway R-HSA-110373,0.793720669499803,1.0891708769896058,0.33120340788072417,0.6604850970763775,1.0,8/24,7.54%,RPA3;APEX1;POLD2;POLE4;POLD4;PCNA;PARP1;POLE3,C-TAL
prerank,Reactome_2022__Triglyceride Biosynthesis R-HSA-75109,0.8265452450533606,1.0887522599513244,0.3314285714285714,0.6626273541546095,1.0,3/13,8.82%,LPIN2;DGAT1;LPIN1,C-TAL
prerank,Reactome_2022__Signaling By Activin R-HSA-1502540,0.8290614998283826,1.088643649689792,0.3222591362126246,0.6624483870366438,1.0,6/15,9.70%,DRAP1;ACVR1B;MAPK3;MAPK1;SMAD3;SMAD4,C-TAL
prerank,Reactome_2022__Vitamin B5 (Pantothenate) Metabolism R-HSA-199220,0.8126686080072784,1.0881722914160876,0.3424507658643326,0.6650926657464384,1.0,10/17,15.88%,COASY;PPCS;PANK2;FASN;PANK3;AASDHPPT;ENPP2;SLC5A6;PANK4;PDZD11,C-TAL
prerank,Reactome_2022__FGFR1c Ligand Binding And Activation R-HSA-190373,-0.7300711974088571,-1.0881024887957176,0.39669421487603307,0.8188567685022634,1.0,2/12,2.82%,FGF13;FGF9,C-TAL
prerank,Reactome_2022__Recycling Pathway Of L1 R-HSA-437239,0.7946165212909151,1.0880573029681375,0.32793959007551243,0.6648659705532057,1.0,14/28,12.26%,AP2M1;CLTC;DPYSL2;AP2S1;CLTA;EZR;MSN;DNM2;AP2B1;MAPK1;RDX;RPS6KA3;AP2A2;RPS6KA1,C-TAL
prerank,Reactome_2022__Recruitment And ATM-mediated Phosphorylation Of Repair And Signal Proteins At DNA Double Strand Breaks R-HSA-5693565,0.7788567726203522,1.0869439417489137,0.2815126050420168,0.6725024445055862,1.0,16/43,10.14%,UBC;UBB;RPS27A;SUMO1;UBA52;UBXN1;UBE2I;KAT5;UBE2N;BABAM1;RNF8;SMARCA5;BAZ1B;UBE2V2;RAD50;PPP5C,C-TAL
prerank,Reactome_2022__Regulation Of FZD By Ubiquitination R-HSA-4641263,0.8095400291957072,1.0866838517113158,0.34623655913978496,0.6734702065867882,1.0,4/20,1.21%,UBC;UBB;RPS27A;UBA52,C-TAL
prerank,Reactome_2022__RAF-independent MAPK1/3 Activation R-HSA-112409,0.8058674419185421,1.0865012671957124,0.3231441048034934,0.6738540637610921,1.0,8/23,12.51%,MAP2K2;IL6ST;PTPN11;PEA15;MAPK3;MAPK1;MAP2K1;JAK1,C-TAL
prerank,Reactome_2022__Translation Of Replicase And Assembly Of Replication Transcription Complex R-HSA-9679504,0.8289000669948438,1.086413861070893,0.34689265536723163,0.6734484151370319,1.0,9/11,15.51%,CHMP2A;MAP1LC3B;CHMP4B;CHMP2B;BECN1;CHMP6;CHMP4C;CHMP7;PIK3R4,C-TAL
prerank,Reactome_2022__Regulation Of Gene Expression By Hypoxia-inducible Factor R-HSA-1234158,0.833715116209285,1.0859910516783102,0.3620689655172414,0.6757171710650838,1.0,6/11,12.17%,HIGD1A;CITED2;HIF1A;VEGFA;MIA3;EP300,C-TAL
prerank,Reactome_2022__Glucagon-type Ligand Receptors R-HSA-420092,0.7820106754575068,1.085885954505582,0.3248136315228967,0.675459154244009,1.0,5/33,5.51%,GNG5;GNB2;GNAS;GNB1;GNG10,C-TAL
prerank,Reactome_2022__Activation Of Phototransduction Cascade R-HSA-2485179,0.8225810386276546,1.0857262973072372,0.3567318757192175,0.6755779728789203,1.0,2/11,3.56%,RNF7;GNB1,C-TAL
prerank,Reactome_2022__Sulfur Amino Acid Metabolism R-HSA-1614635,0.7999814050979525,1.0856953363534279,0.31370449678800855,0.6747191077223563,1.0,14/25,13.17%,BHMT2;TSTD1;ADI1;APIP;TXN2;GOT2;ENOPH1;MPST;MRI1;ETHE1;ADO;SLC25A10;AHCY;SUOX,C-TAL
prerank,Reactome_2022__Nef Mediated Downregulation Of MHC Class I Complex Cell Surface Expression R-HSA-164940,0.8293357107338145,1.0854833697070099,0.3652275379229872,0.6752345186911048,1.0,8/10,14.29%,B2M;HLA-A;AP1S1;AP1M2;AP1B1;AP1G1;AP1S3;AP1M1,C-TAL
prerank,Reactome_2022__Disorders Of Transmembrane Transporters R-HSA-5619115,0.7356243279710385,1.0853144923392355,0.2288306451612903,0.6754676332993689,1.0,64/176,11.44%,UBC;UBB;PSMB6;RPS27A;PSMA7;PSMD8;PSMB5;UBA52;BSG;PSMB1;PSMA1;PSMA6;RNF5;PSMA2;PSMC5;SLC40A1;PSME1;PSMD9;PSMB4;VCP;OS9;PSME2;PSMA4;PSMA5;PSMB2;PSMB3;ERLIN2;PSMB7;DERL2;TPR;SEM1;PSMD14;RANBP2;PSMD13;SLC2A1;ERLEC1;PSMC1;SEL1L;PSMC4;PSMD2;PSMC2;ABCD4;PSMF1;LMBRD1;PSMD11;PSMD6;PSMC3;PSMA3;PSMC6;PSMD7;SLC35A3;PSMD4;PSMD12;DERL1;PSMD3;SLC27A4;SEC13;PSMB8;SLC11A2;NUP160;NUP50;SLC35A1;PSME3;PSMD10,C-TAL
prerank,Reactome_2022__Inhibition Of Replication Initiation Of Damaged DNA By RB1/E2F1 R-HSA-113501,0.8225992629204879,1.0852345274112563,0.3474860335195531,0.6749915061887486,1.0,7/13,14.15%,PPP2R1A;PPP2CB;PPP2CA;RB1;TFDP1;TFDP2;PPP2R1B,C-TAL
prerank,Reactome_2022__Anchoring Of Basal Body To Plasma Membrane R-HSA-5620912,0.7427417780797876,1.0851352979889615,0.3145491803278688,0.6746873210051931,1.0,51/96,19.23%,TUBB;TUBB4B;SSNA1;DYNC1H1;DCTN2;DYNLL1;CETN2;DCTN3;PPP2R1A;DYNC1I2;PAFAH1B1;ACTR1A;YWHAG;HSP90AA1;RAB11A;RAB8A;DCTN1;YWHAE;TUBA4A;MAPRE1;CSNK1D;CSNK1E;TCTN3;CEP290;TCTN1;RAB3IP;CKAP5;TUBG1;SEPTIN2;AKAP9;PCNT;HAUS4;CEP78;PRKAR2B;NPHP1;CEP164;MKS1;B9D1;NEDD1;B9D2;TUBA1A;CEP89;CEP131;HAUS1;CEP41;PCM1;CEP250;MARK4;TCTN2;TMEM216;CCP110,C-TAL
prerank,Reactome_2022__Nicotinate Metabolism R-HSA-196807,0.7811714530647436,1.0850351245655816,0.35501066098081024,0.6744097957296962,1.0,14/31,15.80%,NAXE;NAMPT;NMRK1;QPRT;PARP14;NADK2;NADK;NAPRT;NUDT12;NAXD;PARP9;PARP6;PARP10;PARP4,C-TAL
prerank,Reactome_2022__Aberrant Regulation Of Mitotic Cell Cycle Due To RB1 Defects R-HSA-9687139,0.7818073527282076,1.0849442559670353,0.30531914893617024,0.67405624594124,1.0,20/36,17.19%,ANAPC11;ANAPC5;ANAPC15;CCND1;CDC26;ANAPC16;CDKN1B;CDK4;RB1;CDC23;CDKN1C;TFDP1;CDC16;TFDP2;ANAPC7;CDC27;FZR1;UBE2D1;UBE2S;CCND3,C-TAL
prerank,Reactome_2022__Deposition Of New CENPA-containing Nucleosomes At Centromere R-HSA-606279,0.7952348533765352,1.0849178921832867,0.3279569892473118,0.6732334714765495,1.0,11/26,14.99%,CENPX;NPM1;RBBP7;SMARCA5;RSF1;RBBP4;CENPT;MIS18A;RUVBL1;CENPW;MIS18BP1,C-TAL
prerank,Reactome_2022__Zinc Transporters R-HSA-435354,0.8034677354219343,1.0849014456399826,0.3519736842105263,0.6722583961130972,1.0,8/17,14.20%,SLC39A1;SLC39A7;SLC39A6;SLC30A5;SLC39A3;SLC39A4;SLC39A14;SLC30A1,C-TAL
prerank,Reactome_2022__Carnitine Metabolism R-HSA-200425,0.8247877973887987,1.084725736762813,0.3436426116838488,0.6725335302152166,1.0,8/11,14.44%,MID1IP1;CPT1A;PRKAA2;RXRA;PRKAG2;PRKAB2;CPT2;SLC22A5,C-TAL
prerank,MSigDB_Hallmark_2020__Pancreas Beta Cells,0.7783375125736038,1.0843367410446199,0.31483457844183566,0.39300995893609564,1.0,4/40,2.43%,SRP14;SPCS1;SEC11A;SRP9,C-TAL
prerank,Reactome_2022__Ras Activation Upon Ca2+ Influx Thru NMDA Receptor R-HSA-442982,0.8026774589933428,1.084123580294055,0.35462555066079293,0.6760542724095948,1.0,4/19,12.91%,CALM1;HRAS;CAMK2G;NRAS,C-TAL
prerank,Reactome_2022__Metalloprotease DUBs R-HSA-5689901,0.8034033734730031,1.0841139852613313,0.350606394707828,0.6750650566862625,1.0,6/20,6.60%,UBC;UBB;RPS27A;UBA52;PSMD14;BABAM1,C-TAL
prerank,Reactome_2022__Rab Regulation Of Trafficking R-HSA-9007101,0.7387745410629817,1.0838952833099231,0.2802030456852792,0.6757073816363283,1.0,52/120,12.04%,RAB13;GABARAP;TBC1D16;RAB14;GABARAPL2;TRAPPC5;TRAPPC1;RAB1B;GDI2;RAB5C;RAB18;MAP1LC3B;TRAPPC2L;TRAPPC4;RAB9A;RAB1A;AKT2;RAB5B;RAB11A;AKT1;TBC1D24;TRAPPC6A;TRAPPC3;RAB8A;RAB5A;TBC1D17;YWHAE;MON1B;OPTN;RAB4A;GDI1;TBC1D14;RAB6A;ARF6;HPS1;RAB35;GGA1;CCZ1B;RAB32;DENND2D;RAB7A;RAB21;TSC2;RIN2;DENND4B;HPS4;MADD;TBC1D13;RAB3IP;ULK1;TBC1D20;RAB27A,C-TAL
prerank,Reactome_2022__Constitutive Signaling By Ligand-Responsive EGFR Cancer Variants R-HSA-1236382,0.803701756398784,1.0838378792386836,0.3567567567567568,0.6750879057849762,1.0,9/18,8.56%,UBC;UBB;RPS27A;UBA52;HSP90AA1;HRAS;CDC37;EGFR;GRB2,C-TAL
prerank,Reactome_2022__Signaling By EGFR In Cancer R-HSA-1643713,0.7943541099777786,1.0836001101920145,0.32694355697550587,0.6759717966702352,1.0,9/24,8.56%,UBC;UBB;RPS27A;UBA52;HSP90AA1;HRAS;CDC37;EGFR;GRB2,C-TAL
prerank,Reactome_2022__Translocation Of ZAP-70 To Immunological Synapse R-HSA-202430,0.8199818444779006,1.083347281220858,0.3447488584474886,0.6768465676824278,1.0,2/14,9.23%,HLA-DRA;HLA-DRB1,C-TAL
prerank,Reactome_2022__Methylation R-HSA-156581,0.8134173526133146,1.0833032821450557,0.35674470457079155,0.676114680114447,1.0,6/14,8.84%,COMT;TRMT112;GSTO1;TPMT;MAT2B;MAT2A,C-TAL
prerank,Reactome_2022__Acyl Chain Remodelling Of PG R-HSA-1482925,0.8010112529869172,1.0832821485396344,0.3708609271523179,0.6752181986042497,1.0,5/18,16.97%,LPCAT1;PLA2G12A;CRLS1;LPCAT4;LPGAT1,C-TAL
prerank,Reactome_2022__Apoptotic Factor-Mediated Response R-HSA-111471,0.797386948804066,1.083133227021534,0.332244008714597,0.6753118270153541,1.0,14/20,18.32%,CYCS;C1QBP;APIP;GSDMD;BAX;MAPK3;MAPK1;XIAP;BAK1;CASP7;UACA;GSDME;CARD8;CASP3,C-TAL
prerank,Reactome_2022__RHOG GTPase Cycle R-HSA-9013408,0.7498406621404287,1.0829221522635548,0.302158273381295,0.675855644110417,1.0,36/73,14.35%,ITGB1;KTN1;LMAN1;LAMTOR1;NDUFA5;NDUFS3;ARHGDIA;PGRMC2;PRKCSH;CYFIP1;TMPO;HSPE1;CDC42;DSG2;LBR;YKT6;ARHGAP1;ANKLE2;ARHGEF16;LETM1;VAMP3;TFRC;RHOG;EMD;VAV2;RAB7A;ESYT1;ARHGEF5;VAPB;PLEKHG3;ARHGAP35;ARFGAP3;MCF2L;VANGL1;PAK4;MAP3K11,C-TAL
prerank,Reactome_2022__Canonical Retinoid Cycle In Rods (Twilight Vision) R-HSA-2453902,0.800750188496143,1.082883668181674,0.31768558951965065,0.6751173803751017,1.0,5/23,11.57%,RDH10;RDH11;NAPEPLD;ABCA4;HSD17B1,C-TAL
prerank,Reactome_2022__Membrane Binding And Targetting Of GAG Proteins R-HSA-174490,0.8152581703967694,1.0826936251085095,0.3311036789297659,0.6754829840795151,1.0,5/15,1.21%,UBC;UBB;RPS27A;VPS28;UBA52,C-TAL
prerank,Reactome_2022__PCNA-Dependent Long Patch Base Excision Repair R-HSA-5651801,0.794679333341483,1.0824678189996677,0.34233261339092874,0.6761817628666495,1.0,7/21,7.54%,RPA3;APEX1;POLD2;POLE4;POLD4;PCNA;POLE3,C-TAL
prerank,Reactome_2022__Processing Of DNA Double-Strand Break Ends R-HSA-5693607,0.7583015987225624,1.0824444397108948,0.3169968717413973,0.6753076322752493,1.0,16/62,10.44%,UBC;UBB;SUMO2;RPS27A;UBA52;PPP4C;RPA3;UBE2I;PPP4R2;KAT5;UBE2N;BABAM1;RNF8;UBE2V2;RAD50;RAD17,C-TAL
prerank,Reactome_2022__TP53 Regulates Transcription Of Death Receptors And Ligands R-HSA-6803211,0.8239341061401823,1.081882381321706,0.36753100338218714,0.6786177622835837,1.0,3/12,8.30%,TMEM219;IGFBP3;FASN,C-TAL
prerank,Reactome_2022__Neurotoxicity Of Clostridium Toxins R-HSA-168799,0.8289539745905598,1.081791781987514,0.38569753810082064,0.6782339188284944,1.0,1/10,7.29%,VAMP2,C-TAL
prerank,Reactome_2022__Defective GALNT12 Causes CRCS1 R-HSA-5083636,0.8047024404875205,1.0809807659329036,0.369281045751634,0.6833859865869617,1.0,2/17,11.26%,MUC15;MUC20,C-TAL
prerank,Reactome_2022__FGFR2 Mutant Receptor Activation R-HSA-1839126,0.7844890185844426,1.0805706904388312,0.32800851970181044,0.6854512804316996,1.0,13/33,11.40%,POLR2L;POLR2J;POLR2I;POLR2K;POLR2E;POLR2F;POLR2A;NCBP2;POLR2C;POLR2H;GTF2F1;POLR2G;POLR2B,C-TAL
prerank,Reactome_2022__TP53 Regulates Transcription Of Additional Cell Death Genes With Uncertain Roles In P53-Dependent Apoptosis R-HSA-6803205,0.8152094260356415,1.080554816420953,0.3584070796460177,0.6845200167196742,1.0,4/14,7.42%,PERP;TP53I3;RABGGTB;BCL6,C-TAL
prerank,Reactome_2022__Signaling By FGFR3 R-HSA-5654741,0.7770974526675279,1.080436386317422,0.35737009544008486,0.6843488346338126,1.0,14/39,9.53%,UBC;UBB;RPS27A;UBA52;PPP2R1A;FGFR3;PPP2CB;HRAS;PTPN11;PPP2CA;GRB2;MAPK3;MAPK1;GALNT3,C-TAL
prerank,Reactome_2022__Platelet Sensitization By LDL R-HSA-432142,0.8080448829231175,1.080294152460508,0.3519736842105263,0.6844296755094748,1.0,11/17,16.23%,PPP2R1A;PPP2CB;PTPN11;PPP2CA;PPP2R5C;PPP2R5D;PPP2R5E;PPP2R5B;PPP2R1B;PPP2R5A;MAPK14,C-TAL
prerank,Reactome_2022__Transport Of Organic Anions R-HSA-879518,0.8211802233644648,1.080001844336267,0.36946386946386944,0.6855470344675856,1.0,4/11,15.40%,SLCO4C1;SLCO3A1;SLCO4A1;SLC16A2,C-TAL
prerank,Reactome_2022__mRNA Capping R-HSA-72086,0.7866886744778835,1.0793168039880305,0.35331230283911674,0.689658779086222,1.0,18/29,12.22%,POLR2L;POLR2J;POLR2I;POLR2K;GTF2H5;POLR2E;RNMT;POLR2F;POLR2A;NCBP2;GTF2H2;POLR2C;POLR2H;SUPT5H;GTF2F1;POLR2G;POLR2B;ERCC3,C-TAL
prerank,Reactome_2022__Activation Of Matrix Metalloproteinases R-HSA-1592389,0.7773122874495636,1.079122897798441,0.35607675906183367,0.690151865439727,1.0,5/33,12.97%,FURIN;TIMP2;COL18A1;MMP15;TIMP1,C-TAL
prerank,Reactome_2022__DNA Double Strand Break Response R-HSA-5693606,0.7726764301342866,1.0790100841304915,0.31092436974789917,0.6898951320007837,1.0,16/44,10.14%,UBC;UBB;RPS27A;SUMO1;UBA52;UBXN1;UBE2I;KAT5;UBE2N;BABAM1;RNF8;SMARCA5;BAZ1B;UBE2V2;RAD50;PPP5C,C-TAL
prerank,"Reactome_2022__Nucleotide-binding Domain, Leucine Rich Repeat Containing NLR Signaling Pathways R-HSA-168643",0.7596211372521243,1.0788028618303285,0.3382507903055848,0.690435334083095,1.0,21/53,18.26%,TXNIP;APP;AAMP;TXN2;UBE2V1;BIRC2;HSP90AB1;UBE2N;BCL2L1;RELA;IRAK1;SUGT1;CYLD;IKBKG;CHUK;MAPK14;TAB2;CASP2;TAB3;MAPK13;PYCARD,C-TAL
prerank,Reactome_2022__Signal Amplification R-HSA-392518,0.7787745065548504,1.0787965786805886,0.3404255319148936,0.6894146017660033,1.0,8/33,6.54%,GNG5;GNB2;AAMP;GNAI2;GNB1;GNA11;GNG10;GNAI3,C-TAL
prerank,Reactome_2022__Toll-like Receptor Cascades R-HSA-168898,0.7284213136270352,1.0786595918902981,0.29939516129032256,0.6894089738905566,1.0,74/161,17.91%,UBC;UBB;APP;RPS27A;UBA52;NDUFA2;SKP1;CTSL;CTSB;JUN;GSDMD;PPP2R1A;SIGIRR;DNM2;UBE2V1;UBE2D2;DUSP3;UBE2D3;BIRC2;PPP2CB;HMGB1;UBE2N;MAPK9;LGMN;MAPKAPK2;PTPN11;PPP2CA;FOS;MAPKAPK3;NFKBIA;CNPY3;USP14;SOCS1;MAPK3;MAPK1;S100A1;MAP2K1;TLR5;MAP2K7;NKIRAS2;RELA;IRAK1;RPS6KA3;RPS6KA1;ECSIT;PPP2R5D;RBSN;MAP3K1;IKBKG;TIFA;CHUK;PPP2R1B;MAP2K3;UNC93B1;TNIP2;NLRX1;HSP90B1;NFKBIB;PIK3R4;FADD;LRRC14;MAPK14;IRAK4;TAB2;UBE2D1;IRF3;GSDME;VRK3;PLCG2;RIPK1;TAB3;MAPK7;TBK1;TRAF3,C-TAL
prerank,Reactome_2022__Mitotic Spindle Checkpoint R-HSA-69618,0.7421646562974671,1.0785769970691672,0.2967479674796748,0.6889446306957595,1.0,47/108,17.31%,RPS27;ANAPC11;DYNC1H1;DYNLL1;ANAPC5;NUDC;ANAPC15;PPP2R1A;DYNC1LI2;DYNC1I2;PAFAH1B1;RANBP2;PPP2CB;CDC26;ANAPC16;PPP1CC;DYNLL2;SKA2;MAPRE1;PPP2CA;BUB3;PPP2R5C;CDC23;RCC2;RANGAP1;SEC13;CDC16;NUP160;DYNC1LI1;CKAP5;PPP2R5D;PPP2R5E;ANAPC7;CENPT;PPP2R5B;CDC27;PPP2R1B;MAD1L1;NDEL1;PPP2R5A;B9D2;SPDL1;KIF2A;UBE2D1;UBE2S;NUP43;ITGB3BP,C-TAL
prerank,Reactome_2022__Interferon Gamma Signaling R-HSA-877300,0.7430144899229053,1.0785249387525286,0.332657200811359,0.688341708797605,1.0,23/86,13.89%,B2M;HLA-B;HLA-C;SUMO1;HLA-A;HLA-DRA;HLA-E;TRIM8;PTPN11;IFNGR2;SMAD7;SOCS1;HLA-DRB1;IFNGR1;STAT1;TRIM25;CAMK2G;IRF6;JAK1;IRF9;IRF5;SOCS3;TRIM38,C-TAL
prerank,Reactome_2022__PECAM1 Interactions R-HSA-210990,0.8156830156799457,1.0784910892728719,0.3865450399087799,0.687549182955191,1.0,3/12,7.07%,ITGAV;YES1;PTPN11,C-TAL
prerank,Reactome_2022__PERK Regulates Gene Expression R-HSA-381042,0.7785706889193392,1.0783331393753972,0.34069400630914826,0.6876708283248976,1.0,15/32,10.82%,HERPUD1;EIF2S2;HSPA5;EIF2S1;EXOSC4;NFYB;ATF4;KHSRP;EXOSC7;EXOSC8;DCP2;EIF2S3;EXOSC6;ATF6;DDIT3,C-TAL
prerank,"Reactome_2022__Base-Excision Repair, AP Site Formation R-HSA-73929",0.8022862450645663,1.0782418713118416,0.37735849056603776,0.6872937466850518,1.0,15/17,18.91%,TERF2IP;MBD4;MPG;TINF2;TERF1;SMUG1;NEIL1;MUTYH;UNG;NTHL1;TDG;TERF2;NEIL2;OGG1;ACD,C-TAL
prerank,Reactome_2022__Cellular Senescence R-HSA-2559583,0.7361908036065821,1.077883968138414,0.3165322580645161,0.6888961138664429,1.0,54/128,14.27%,UBC;UBB;RPS27A;IGFBP7;UBA52;ANAPC11;ETF1;ANAPC5;JUN;TXN2;ANAPC15;SUZ12;PHC2;CBX6;CDC26;ANAPC16;KAT5;MAPK9;TERF2IP;RBBP7;CDKN1B;MAPKAPK2;EHMT2;FOS;MAPKAPK3;CDK4;CBX4;RING1;ID1;RB1;CDC23;MAPK3;HMGA1;MAPK1;RAD50;STAT3;MAPKAPK5;MAP2K7;TFDP1;RELA;CDC16;TFDP2;TINF2;RPS6KA3;UBN1;ASF1A;RPS6KA1;TERF1;ANAPC7;RBBP4;KDM6B;CDC27;ATM;MAP2K3,C-TAL
prerank,Reactome_2022__Plasma Lipoprotein Remodeling R-HSA-8963899,0.7791701886810488,1.07775019608391,0.3465665236051502,0.6889079431772037,1.0,10/33,18.00%,MBTPS1;FURIN;P4HB;ABCG1;LMF2;LPL;LIPG;ANGPTL3;TRNP1;MBTPS2,C-TAL
prerank,Reactome_2022__Diseases Of Mitotic Cell Cycle R-HSA-9675126,0.7755856231734112,1.0772726995832478,0.3333333333333333,0.6914258479738637,1.0,21/38,17.19%,ANAPC11;ANAPC5;ANAPC15;CCND1;CDC26;ANAPC16;CDKN1B;CDK4;RB1;CDC23;CDKN1C;TFDP1;ATRX;CDC16;TFDP2;ANAPC7;CDC27;FZR1;UBE2D1;UBE2S;CCND3,C-TAL
prerank,Reactome_2022__G Beta:Gamma Signaling Thru BTK R-HSA-8964315,0.7989663426691221,1.0770515328631007,0.3648351648351648,0.691971323350723,1.0,5/18,9.92%,GNG5;GNB2;GNB1;GNG10;GNG12,C-TAL
prerank,Reactome_2022__Metabolism Of Cofactors R-HSA-8978934,0.8039183025930051,1.076768241085925,0.3634336677814939,0.6931089726189974,1.0,9/19,11.80%,CALM1;PTS;HSP90AA1;AKT1;COQ9;IDH1;GCHFR;DHFR;COQ6,C-TAL
prerank,Reactome_2022__RNA Polymerase III Transcription Initiation From Type 3 Promoter R-HSA-76071,0.7797573375520822,1.0767115838567,0.3691639522258415,0.6925064501796175,1.0,11/27,12.49%,POLR2L;POLR2K;POLR2E;POLR2F;POLR1D;POLR3GL;POLR2H;POLR3K;SNAPC5;SNAPC3;BDP1,C-TAL
prerank,Reactome_2022__Viral Messenger RNA Synthesis R-HSA-168325,0.7616068623946635,1.0762275614028889,0.3572170301142264,0.6949723231997451,1.0,28/47,17.38%,POLR2L;POLR2J;POLR2I;POLR2K;POLR2E;POLR2F;POLR2A;TPR;RANBP2;POLR2C;POLR2H;GTF2F1;SEC13;NUP160;NUP50;POLR2G;POLR2B;NUP62;NUP42;POLR2D;BLOC1S6;GNL3;NUP93;NDC1;POM121C;AAAS;NUP43;NUP210,C-TAL
prerank,Reactome_2022__Non-integrin membrane-ECM Interactions R-HSA-3000171,0.767364551003097,1.076185482248313,0.3503184713375796,0.6942131692030175,1.0,16/41,11.99%,SDC2;SDC1;ITGB1;ITGAV;HSPG2;AGRN;TRAPPC4;DAG1;DDR1;ITGB5;ITGA6;NTN4;LAMA5;LAMC1;THBS1;PDGFA,C-TAL
prerank,MSigDB_Hallmark_2020__Apical Junction,0.7248251815141062,1.0761580471233296,0.281563126252505,0.43643342822606385,1.0,78/200,16.23%,MYL12B;ACTG1;PFN1;MYH9;CLDN4;ITGB1;ACTB;THY1;CLDN19;JUP;B4GALT1;ACTN4;ARPC2;CAP1;NECTIN2;MSN;GNAI2;LIMA1;MPZL1;VCL;AKT2;INSIG1;TIAL1;CDH1;HRAS;TNFRSF11B;ADAM9;CRB3;WASL;MYL9;CTNNA1;RHOF;CLDN7;EGFR;INPPL1;CX3CL1;HADH;SKAP2;GRB7;GTF2F1;YWHAH;SORBS3;STX4;VAV2;PKD1;CRAT;RSU1;MPP5;TMEM8B;CLDN8;NF2;LDLRAP1;TUBG1;ZYX;PBX2;EVL;PIK3R3;CERCAM;VASP;CNN2;GAMT;IKBKG;CLDN15;CD276;TSPAN4;ACTN1;IRS1;CD99;SRC;ITGA3;PARVA;SIRPA;MDK;SYK;THBS3;SHC1;GNAI1;MAPK14,C-TAL
prerank,Reactome_2022__Meiosis R-HSA-1500620,0.7565351914700812,1.076084468783313,0.3474128827877508,0.6939150491939973,1.0,19/57,14.53%,HSPA2;LMNA;RPA3;SYNE2;UBE2I;RAD21;SUN1;SMC3;TERF2IP;SUN2;CDK4;SMC1A;RAD50;MLH3;RAD51C;TINF2;TERF1;ATM;MLH1,C-TAL
prerank,Reactome_2022__Signaling By EGFR R-HSA-177929,0.7653626756787866,1.0758347087543716,0.328141225337487,0.6946906327623096,1.0,16/49,10.95%,UBC;UBB;RPS27A;EPN1;UBA52;AAMP;CDC42;HRAS;HGS;PTPN11;ADAM10;EGFR;GRB2;SH3GL3;CSK;SH3GL1,C-TAL
prerank,Reactome_2022__Nicotinamide Salvaging R-HSA-197264,0.7943703127885424,1.0754057992325483,0.3787047200878156,0.696734745971881,1.0,10/19,15.80%,NAXE;NAMPT;PARP14;NAPRT;NUDT12;NAXD;PARP9;PARP6;PARP10;PARP4,C-TAL
prerank,Reactome_2022__RAS Processing R-HSA-9648002,0.8011417051574123,1.0749525374374194,0.3555070883315158,0.6990806975128417,1.0,8/18,10.44%,CALM1;ARL2;LYPLA1;ICMT;HRAS;GOLGA7;ABHD17A;BCL2L1,C-TAL
prerank,Reactome_2022__RNA Pol II CTD Phosphorylation And Interaction With CE R-HSA-77075,0.7840075862403206,1.0749195412142705,0.3711882229232387,0.6982898838893862,1.0,17/27,12.22%,POLR2L;POLR2J;POLR2I;POLR2K;GTF2H5;POLR2E;RNMT;POLR2F;POLR2A;GTF2H2;POLR2C;POLR2H;SUPT5H;GTF2F1;POLR2G;POLR2B;ERCC3,C-TAL
prerank,Reactome_2022__Glutathione Synthesis And Recycling R-HSA-174403,0.8194757477255239,1.0749181283898708,0.3977401129943503,0.6972626276875695,1.0,7/12,14.17%,CNDP2;GGT6;GGCT;OPLAH;PRNP;GCLM;GGT7,C-TAL
prerank,Reactome_2022__Aberrant Regulation Of Mitotic Exit In Cancer Due To RB1 Defects R-HSA-9687136,0.7967298197124364,1.0748535083435091,0.36363636363636365,0.696688648945798,1.0,13/20,16.75%,ANAPC11;ANAPC5;ANAPC15;CDC26;ANAPC16;RB1;CDC23;CDC16;ANAPC7;CDC27;FZR1;UBE2D1;UBE2S,C-TAL
prerank,Reactome_2022__MAPK3 (ERK1) Activation R-HSA-110056,0.8247561754081298,1.0748365282660322,0.3829296424452134,0.6957540661932811,1.0,5/10,12.51%,IL6ST;PTPN11;MAPK3;MAP2K1;JAK1,C-TAL
prerank,Reactome_2022__Signaling By FGFR In Disease R-HSA-1226099,0.7575430731232251,1.0744554568362754,0.3309203722854188,0.6974284765033778,1.0,26/60,13.44%,POLR2L;POLR2J;LRRFIP1;POLR2I;POLR2K;POLR2E;ERLIN2;POLR2F;POLR2A;NCBP2;FGFR3;HRAS;POLR2C;POLR2H;FGFR1OP2;GRB2;GTF2F1;STAT3;STAT1;FGFR1;POLR2G;POLR2B;TRIM24;BAG4;NRAS;POLR2D,C-TAL
prerank,Reactome_2022__CS/DS Degradation R-HSA-2024101,0.813196135603441,1.074329553336626,0.3872767857142857,0.6973286171967442,1.0,5/14,14.87%,HEXA;HEXB;BGN;IDS;IDUA,C-TAL
prerank,Reactome_2022__MyD88:MAL(TIRAP) Cascade Initiated On Plasma Membrane R-HSA-166058,0.7322074950613415,1.0739695685520056,0.3394495412844037,0.6988411687215396,1.0,48/112,16.38%,UBC;UBB;APP;RPS27A;UBA52;NDUFA2;SKP1;JUN;PPP2R1A;SIGIRR;UBE2V1;DUSP3;PPP2CB;HMGB1;UBE2N;MAPK9;MAPKAPK2;PPP2CA;FOS;MAPKAPK3;NFKBIA;USP14;SOCS1;MAPK3;MAPK1;S100A1;MAP2K1;MAP2K7;NKIRAS2;RELA;IRAK1;RPS6KA3;RPS6KA1;ECSIT;PPP2R5D;MAP3K1;IKBKG;TIFA;CHUK;PPP2R1B;MAP2K3;TNIP2;NLRX1;NFKBIB;LRRC14;MAPK14;IRAK4;TAB2,C-TAL
prerank,MSigDB_Hallmark_2020__Spermatogenesis,0.7318214776705773,1.0739344497715788,0.33367037411526795,0.4368828634728348,1.0,25/134,14.77%,PEBP1;GSTM3;HSPA2;VDAC3;PCSK1N;TALDO1;TSN;TLE4;LPIN1;ZC3H14;RAD17;NF2;PSMG1;GMCL1;PHKG2;MTOR;IFT88;PRKAR2A;COIL;AGFG1;POMC;TOPBP1;CLPB;CSNK2A2;NPHP1,C-TAL
prerank,Reactome_2022__Conversion From APC/C:Cdc20 To APC/C:Cdh1 In Late Anaphase R-HSA-176407,0.7924670244252818,1.0738584557003819,0.38199780461031835,0.698648375381445,1.0,12/20,16.75%,ANAPC11;ANAPC5;ANAPC15;CDC26;ANAPC16;CDC23;CDC16;ANAPC7;CDC27;FZR1;UBE2D1;UBE2S,C-TAL
prerank,Reactome_2022__Epigenetic Regulation Of Gene Expression R-HSA-212165,0.7426608473253887,1.0737631965037333,0.35173824130879344,0.6983592675015335,1.0,39/84,15.83%,POLR2L;SAP18;POLR2K;SF3B1;GTF2H5;CBX3;POLR2E;DEK;HDAC1;POLR2F;SUZ12;GTF2H2;POLR1D;CHD3;SUDS3;TAF1C;SAP30L;CHD4;RBBP7;POLR2H;UBTF;EHMT2;SMARCA5;GATAD2A;HDAC2;BAZ1B;TTF1;TAF1D;PHF1;EP300;ERCC3;SAP30BP;RBBP4;DNMT1;BAZ2A;TDG;DDX56;GATAD2B;MTA1,C-TAL
prerank,Reactome_2022__Inactivation Of APC/C Via Direct Inhibition Of APC/C Complex R-HSA-141430,0.7937680048940255,1.0736009240270947,0.37458926615553123,0.698482887562349,1.0,12/21,16.75%,ANAPC11;ANAPC5;ANAPC15;CDC26;ANAPC16;BUB3;CDC23;CDC16;ANAPC7;CDC27;UBE2D1;UBE2S,C-TAL
prerank,Reactome_2022__MyD88-independent TLR4 Cascade R-HSA-166166,0.7297811809729867,1.0734740312171562,0.3574338085539715,0.6984129488000315,1.0,55/106,17.91%,UBC;UBB;APP;RPS27A;UBA52;NDUFA2;SKP1;JUN;PPP2R1A;UBE2V1;UBE2D2;DUSP3;UBE2D3;BIRC2;PPP2CB;HMGB1;UBE2N;MAPK9;MAPKAPK2;PTPN11;PPP2CA;FOS;MAPKAPK3;NFKBIA;USP14;MAPK3;MAPK1;MAP2K1;MAP2K7;NKIRAS2;RELA;IRAK1;RPS6KA3;RPS6KA1;PPP2R5D;IKBKG;TIFA;CHUK;PPP2R1B;MAP2K3;TNIP2;NLRX1;NFKBIB;FADD;LRRC14;MAPK14;TAB2;UBE2D1;IRF3;VRK3;RIPK1;TAB3;MAPK7;TBK1;TRAF3,C-TAL
prerank,Reactome_2022__Diseases Associated With N-glycosylation Of Proteins R-HSA-3781860,0.7908446855437127,1.0731574663101917,0.36403995560488345,0.6997798286066707,1.0,11/20,11.81%,B4GALT1;MPDU1;CTSA;MAN1B1;DPAGT1;MOGS;GLB1;ALG12;ALG3;ALG13;ALG2,C-TAL
prerank,Reactome_2022__Adenylate Cyclase Inhibitory Pathway R-HSA-170670,0.8108225967042395,1.0729824080035224,0.38288288288288286,0.6999854662687447,1.0,6/13,16.17%,GNAI2;ADCY6;GNAI3;ADCY5;ADCY9;GNAI1,C-TAL
prerank,Reactome_2022__Signaling By NOTCH1 R-HSA-1980143,0.7403208734476767,1.0728993082675373,0.36793422404933196,0.699562455920154,1.0,32/73,12.47%,UBC;UBB;RPS27A;RBX1;UBA52;SKP1;APH1A;DNER;JAG1;HDAC1;HIF1A;TLE4;NCSTN;DTX1;HDAC11;PSEN1;ADAM10;NCOR2;NCOR1;MIB2;HDAC2;HDAC7;SNW1;HDAC3;TLE3;HDAC6;PSENEN;RBPJ;CCNC;NOTCH1;EP300;APH1B,C-TAL
prerank,Reactome_2022__IRAK4 Deficiency (TLR2/4) R-HSA-5603041,0.7983111248506226,1.0727072840122016,0.37102085620197583,0.6998944005337367,1.0,3/18,9.49%,NDUFA2;HMGB1;S100A1,C-TAL
prerank,Reactome_2022__SUMOylation Of DNA Methylation Proteins R-HSA-4655427,0.8122931748048622,1.0726705777553167,0.36455981941309257,0.6991167867240767,1.0,6/15,8.29%,SUMO1;PCGF2;UBE2I;PHC2;CBX4;RING1,C-TAL
prerank,"Reactome_2022__GABA Synthesis, Release, Reuptake And Degradation R-HSA-888590",0.7978842713172304,1.0724977696643587,0.3724212812160695,0.6993352496001778,1.0,4/19,8.10%,SLC6A12;HSPA8;VAMP2;DNAJC5,C-TAL
prerank,Reactome_2022__Role Of Second Messengers In Netrin-1 Signaling R-HSA-418890,0.8159582921633263,1.0724525399829155,0.4180522565320665,0.6986490805072342,1.0,1/10,5.30%,PITPNA,C-TAL
prerank,Reactome_2022__Regulation Of Pyruvate Dehydrogenase (PDH) Complex R-HSA-204174,0.8032301614729968,1.0724160282200137,0.3859060402684564,0.6979215048862479,1.0,12/16,17.97%,PDK3;PDHA1;PDHB;PDK2;PDPK1;RXRA;GSTZ1;DLAT;PDPR;PDP2;PLPP6;LDHD,C-TAL
prerank,Reactome_2022__Signaling By RAF1 Mutants R-HSA-9656223,0.7672897632792844,1.0722330456262106,0.3646055437100213,0.6981595288958939,1.0,20/38,17.28%,CALM1;MAP2K2;YWHAB;TLN1;VCL;HRAS;RAP1B;IQGAP1;MAPK3;MAPK1;MAP2K1;ARAF;CSK;CAMK2G;NRAS;SRC;KSR1;ARRB1;CNKSR1;MARK3,C-TAL
prerank,Reactome_2022__PD-1 Signaling R-HSA-389948,0.79795830064059,1.0718810593276333,0.39325842696629215,0.6996820631825235,1.0,4/18,10.32%,HLA-DRA;PTPN11;HLA-DRB1;CSK,C-TAL
prerank,Reactome_2022__Xenobiotics R-HSA-211981,0.7877191214534298,1.0716587773307262,0.407244785949506,0.7002207666145228,1.0,3/22,12.64%,ARNT2;MIA3;AHR,C-TAL
prerank,Reactome_2022__G-protein Activation R-HSA-202040,0.7791854251773537,1.0715436546504027,0.3818770226537217,0.7000200877051259,1.0,5/24,5.51%,GNG5;GNB2;GNB1;GNA11;GNG10,C-TAL
prerank,Reactome_2022__Repression Of WNT Target Genes R-HSA-4641265,0.804009475619279,1.0714623055664645,0.4126984126984127,0.6995988141554528,1.0,5/14,9.93%,TLE5;HDAC1;TLE4;CTBP1;TLE3,C-TAL
prerank,Reactome_2022__Diseases Of Signal Transduction By Growth Factor Receptors And Second Messengers R-HSA-5663202,0.7140828979304735,1.0713925197564538,0.184,0.6990740620246982,1.0,188/420,12.98%,PEBP1;UBC;UBB;CALM1;PSMB6;RPS6;POLR2L;RPS27A;RBX1;MYH9;PSMA7;PSMD8;CLSTN1;EEF1G;CLTC;PSMB5;UBA52;MAP2K2;POLR2J;LRRFIP1;YWHAB;PSMB1;SQSTM1;SKP1;APH1A;NPM1;PSMA1;PSMA6;PSMA2;POLR2I;PSMC5;POLR2K;PSME1;PSMD9;ERBB2;GOLGB1;PSMB4;VCP;OS9;PSME2;BAD;PSMA4;POLR2E;PSMA5;LMNA;PSMB2;RNMT;MSN;PRKAR1A;FKBP1A;TLN1;PPP2R1A;JAG1;KIF5B;PSMB3;PPFIBP1;TRIP11;ERLIN2;HDAC1;POLR2F;POLR2A;PSMB7;VCL;DERL2;NCBP2;RNF213;AKT2;TPR;FGFR3;HSP90AA1;SEM1;PSMD14;RANBP2;PSMD13;YES1;PPP2CB;NCSTN;ERLEC1;AKT1;HRAS;STRN;TPM3;PSMC1;SEL1L;PSMC4;PSMD2;GCC2;PSMC2;DCTN1;PSMF1;SPTBN1;PPP1CC;POLR2C;PSMD11;PSMD6;POLR2H;HDAC11;CDKN1B;PSMC3;PSMA3;RRBP1;GSK3A;PSEN1;PTPN11;ADAM10;NCOR2;PPP2CA;CDC37;PSMC6;PSMD7;RAP1B;AGTRAP;AKT1S1;EGFR;PSMD4;NCOR1;PDPK1;PPP2R5C;MIB2;FGFR1OP2;ERBB3;CTBP1;TFG;LONP1;GRB2;RHOG;HDAC2;GTF2F1;IQGAP1;PSMD12;MAPK3;FZD6;SEC31A;HDAC7;SYVN1;SNW1;MPRIP;MAPK1;WDR48;HDAC3;SMAD3;PSMD3;SMAD4;STAT3;MAP2K1;RPS6KB2;ARAF;HDAC6;PSMB8;TSC2;AGGF1;CSK;STAT1;BCL2L1;TPM4;FGFR1;PSENEN;TGFBR1;POLR2G;RBPJ;KL;FZD8;PSME3;CCNC;ZC3HAV1;PIK3R2;POLR2B;TRIM24;PSMD10;PAPSS1;CAMK2G;ATIC;PPP1CB;TRAK1;NOTCH1;MLST8;PDGFA;BAG4;MTOR;EP300;MRAS;AKAP9;APH1B;PPP2R5D;PIK3R3;PPP2R5E;NRAS;LMO7,C-TAL
prerank,Reactome_2022__RNA Polymerase I Transcription R-HSA-73864,0.7634073410344273,1.0709387839210949,0.3656480505795574,0.7014235323919495,1.0,22/47,10.35%,POLR2L;POLR2K;GTF2H5;CBX3;POLR2E;HDAC1;POLR2F;GTF2H2;POLR1D;CHD3;TAF1C;CHD4;RBBP7;POLR2H;UBTF;EHMT2;GATAD2A;HDAC2;MAPK3;TTF1;CAVIN1;TAF1D,C-TAL
prerank,Reactome_2022__NoRC Negatively Regulates rRNA Expression R-HSA-427413,0.764487566896059,1.0709221250610819,0.3856691253951528,0.7005272963613802,1.0,21/42,13.17%,POLR2L;SAP18;POLR2K;GTF2H5;POLR2E;HDAC1;POLR2F;GTF2H2;POLR1D;SUDS3;TAF1C;SAP30L;POLR2H;UBTF;SMARCA5;HDAC2;TTF1;TAF1D;ERCC3;SAP30BP;DNMT1,C-TAL
prerank,Reactome_2022__RHOBTB2 GTPase Cycle R-HSA-9013418,0.789802279945623,1.0706506463472074,0.37458926615553123,0.7014414228975252,1.0,14/23,10.93%,ACTG1;CCT7;TXNL1;CCT6A;SRRM1;RBMX;CCT2;HSP90AA1;HSP90AB1;TWF1;TMOD3;CDC37;DBN1;DDX39B,C-TAL
prerank,Reactome_2022__Signaling By FGFR4 R-HSA-5654743,0.7702161848398701,1.0704240358537584,0.3806998939554613,0.7021076765397545,1.0,12/40,9.27%,UBC;UBB;RPS27A;UBA52;PPP2R1A;PPP2CB;HRAS;PTPN11;PPP2CA;GRB2;MAPK3;MAPK1,C-TAL
prerank,Reactome_2022__Purine Catabolism R-HSA-74259,0.8052523253641385,1.0703332787150235,0.37816979051819183,0.7016841838806475,1.0,9/16,16.86%,DNPH1;NT5C;NUDT5;ITPA;NUDT9;NUDT15;NUDT1;NUDT16;NT5C2,C-TAL
prerank,Reactome_2022__Signaling By Retinoic Acid R-HSA-5362517,0.765183925664087,1.069841463073309,0.3865814696485623,0.704172419660264,1.0,14/41,13.40%,RDH10;RDH11;CPT1A;PDK3;PDHA1;PDHB;PDK2;RDH14;RXRB;PDPK1;ALDH1A1;RXRA;DHRS4;DLAT,C-TAL
prerank,Reactome_2022__Transcriptional Regulation By Small RNAs R-HSA-5578749,0.7583190431107484,1.0686010136495163,0.37122002085505734,0.7117720221378533,1.0,29/47,17.38%,POLR2L;RAN;POLR2J;POLR2I;POLR2K;POLR2E;POLR2F;POLR2A;TPR;RANBP2;POLR2C;POLR2H;SEC13;NUP160;NUP50;POLR2G;POLR2B;AGO2;NUP62;NUP42;POLR2D;NUP93;NDC1;POM121C;AGO1;IPO8;AAAS;NUP43;NUP210,C-TAL
prerank,Reactome_2022__NOTCH4 Intracellular Domain Regulates Transcription R-HSA-9013695,-0.6244896418447788,-1.0685985387835497,0.40816326530612246,0.851995969015183,1.0,5/19,3.11%,MAML2;MAML3;KAT2B;CREBBP;KAT2A,C-TAL
prerank,Reactome_2022__RNA Polymerase I Promoter Escape R-HSA-73772,0.7832612181221853,1.068560931364993,0.38924731182795697,0.7110870563272101,1.0,11/27,6.71%,POLR2L;POLR2K;GTF2H5;CBX3;POLR2E;POLR2F;GTF2H2;POLR1D;TAF1C;POLR2H;UBTF,C-TAL
prerank,Reactome_2022__Amino Acid Transport Across Plasma Membrane R-HSA-352230,0.7754173151141264,1.0683729712564152,0.3919491525423729,0.7113568615573581,1.0,6/33,9.47%,SLC38A2;SLC6A12;SLC43A2;SLC25A29;SLC38A1;SLC7A5,C-TAL
prerank,Reactome_2022__Cleavage Of Damaged Pyrimidine R-HSA-110329,0.8004575359726422,1.068301994245405,0.40592930444697833,0.7108200470788567,1.0,13/15,18.91%,TERF2IP;MBD4;TINF2;TERF1;SMUG1;NEIL1;UNG;NTHL1;TDG;TERF2;NEIL2;OGG1;ACD,C-TAL
prerank,Reactome_2022__Defective C1GALT1C1 Causes TNPS R-HSA-5083632,0.792266151397761,1.068159644814383,0.41106290672451196,0.7108000519115617,1.0,4/18,15.64%,MUC15;C1GALT1C1;MUC20;C1GALT1,C-TAL
prerank,Reactome_2022__TRAF6 Mediated NF-kB Activation R-HSA-933542,0.7826140683705516,1.067524165335033,0.39082969432314413,0.7143426276306561,1.0,12/24,15.42%,APP;HMGB1;NFKBIA;NKIRAS2;MAVS;RELA;TRIM25;MAP3K1;IKBKG;CHUK;TRIM4;NFKBIB,C-TAL
prerank,Reactome_2022__Pentose Phosphate Pathway R-HSA-71336,0.8062005444708125,1.0672833324684976,0.38598442714126807,0.7149568497063352,1.0,10/14,17.71%,TALDO1;PGLS;UBL4A;PRPS2;TKT;RBKS;DERA;RPE;PHGDH;SHPK,C-TAL
prerank,Reactome_2022__Transcription Of E2F Targets Under Negative Control By DREAM Complex R-HSA-1362277,0.7969898607417572,1.0671284999710724,0.39655172413793105,0.7150013946089319,1.0,8/19,13.11%,HDAC1;E2F4;PCNA;TFDP1;MAX;TFDP2;RBL2;RBBP4,C-TAL
prerank,Reactome_2022__RHOJ GTPase Cycle R-HSA-9013409,0.7518968186182499,1.0671126688420407,0.38590956887486855,0.7141150791938312,1.0,26/54,16.73%,SLC4A7;LAMTOR1;JUP;NIPSNAP2;TMPO;CDC42;PKN1;WASL;ARHGAP1;VAMP3;TFRC;RAB7A;CDC42BPB;STOM;PIK3R2;WIPF2;GIT1;ARHGAP35;VANGL1;PAK4;STEAP3;ARHGAP5;OCRL;FNBP1;SYDE1;GIT2,C-TAL
prerank,Reactome_2022__Toll Like Receptor 9 (TLR9) Cascade R-HSA-168138,0.727000849212566,1.0669791217446918,0.3766497461928934,0.7140233015316133,1.0,47/105,16.38%,UBC;UBB;APP;RPS27A;UBA52;NDUFA2;SKP1;JUN;PPP2R1A;UBE2V1;DUSP3;PPP2CB;HMGB1;UBE2N;MAPK9;MAPKAPK2;PPP2CA;FOS;MAPKAPK3;NFKBIA;USP14;MAPK3;MAPK1;MAP2K1;MAP2K7;NKIRAS2;RELA;IRAK1;RPS6KA3;RPS6KA1;ECSIT;PPP2R5D;RBSN;MAP3K1;IKBKG;TIFA;CHUK;PPP2R1B;MAP2K3;TNIP2;NLRX1;NFKBIB;PIK3R4;LRRC14;MAPK14;IRAK4;TAB2,C-TAL
prerank,Reactome_2022__G Alpha (Z) Signaling Events R-HSA-418597,0.7579897478455653,1.0669665950580616,0.37407797681770283,0.7130890539341604,1.0,10/47,9.92%,GNG5;GNB2;GNAS;GNAI2;GNB1;GNG10;ADCY6;GNAI3;ADCY5;GNG12,C-TAL
prerank,Reactome_2022__RNA Polymerase I Promoter Clearance R-HSA-73854,0.7608580202787424,1.066807298124819,0.3814541622760801,0.7131527435640568,1.0,21/46,10.35%,POLR2L;POLR2K;GTF2H5;CBX3;POLR2E;HDAC1;POLR2F;GTF2H2;POLR1D;CHD3;TAF1C;CHD4;RBBP7;POLR2H;UBTF;EHMT2;GATAD2A;HDAC2;MAPK3;TTF1;TAF1D,C-TAL
prerank,Reactome_2022__Translocation Of SLC2A4 (GLUT4) To Plasma Membrane R-HSA-1445148,0.752899672712547,1.0665733279559342,0.3693121693121693,0.7137969736235149,1.0,30/51,12.83%,CALM1;RAB13;MYH9;REXO2;YWHAB;RAB14;YWHAQ;AKT2;YWHAG;PRKAA2;RAB11A;AKT1;RAB8A;YWHAE;RHOQ;LNPEP;RAB4A;EXOC3;KIF3B;VAMP2;KIF3A;YWHAH;STX4;PRKAG1;EXOC7;PRKAG2;STXBP3;PRKAB2;TBC1D1;RALGAPB,C-TAL
prerank,Reactome_2022__TRAF6 Mediated Induction Of NFkB And MAP Kinases Upon TLR7/8 Or 9 Activation R-HSA-975138,0.7280499223877587,1.0665611985620054,0.3790650406504065,0.7128850845710087,1.0,45/100,16.38%,UBC;UBB;APP;RPS27A;UBA52;NDUFA2;SKP1;JUN;PPP2R1A;UBE2V1;DUSP3;PPP2CB;HMGB1;UBE2N;MAPK9;MAPKAPK2;PPP2CA;FOS;MAPKAPK3;NFKBIA;USP14;MAPK3;MAPK1;MAP2K1;MAP2K7;NKIRAS2;RELA;IRAK1;RPS6KA3;RPS6KA1;ECSIT;PPP2R5D;MAP3K1;IKBKG;TIFA;CHUK;PPP2R1B;MAP2K3;TNIP2;NLRX1;NFKBIB;LRRC14;MAPK14;IRAK4;TAB2,C-TAL
prerank,Reactome_2022__N-Glycan Antennae Elongation R-HSA-975577,0.8050134576843356,1.0663926836992506,0.39250275633958104,0.7130573728518719,1.0,9/15,16.39%,B4GALT1;ST3GAL4;MGAT4B;B4GALT2;MGAT4A;B4GALT5;B4GALT3;B4GALT6;ST6GAL1,C-TAL
prerank,Reactome_2022__Toll Like Receptor 3 (TLR3) Cascade R-HSA-168164,0.7242623123145331,1.0661211765832677,0.3934760448521916,0.7139867948067048,1.0,53/103,17.91%,UBC;UBB;APP;RPS27A;UBA52;SKP1;JUN;PPP2R1A;UBE2V1;UBE2D2;DUSP3;UBE2D3;BIRC2;PPP2CB;HMGB1;UBE2N;MAPK9;MAPKAPK2;PPP2CA;FOS;MAPKAPK3;NFKBIA;USP14;MAPK3;MAPK1;MAP2K1;MAP2K7;NKIRAS2;RELA;IRAK1;RPS6KA3;RPS6KA1;PPP2R5D;IKBKG;TIFA;CHUK;PPP2R1B;MAP2K3;TNIP2;NLRX1;NFKBIB;FADD;LRRC14;MAPK14;TAB2;UBE2D1;IRF3;VRK3;RIPK1;TAB3;MAPK7;TBK1;TRAF3,C-TAL
prerank,Reactome_2022__Extracellular Matrix Organization R-HSA-1474244,0.7190925449622617,1.065700466241729,0.26,0.7158464860131429,1.0,70/291,15.88%,PPIB;SDC2;SDC1;ITGB1;ITGAV;HSPG2;CD151;BSG;CAPNS1;CAPN1;CTSL;CTSB;FURIN;CTSD;LTBP3;CAPN6;AGRN;TIMP2;ITGAE;TRAPPC4;PLEC;PLOD2;F11R;P4HB;COL4A1;DAG1;DDR1;NCSTN;ITGB5;LTBP1;CAPN2;ADAM9;PSEN1;ADAM10;ITGA6;CXXC1;NTN4;COL18A1;LAMA5;SERPINH1;COL4A2;ITGB8;LAMC1;CAPN10;EFEMP2;COL27A1;BGN;CRTAP;CAPN15;MMP15;THBS1;P3H2;EFEMP1;PDGFA;P4HA1;DST;TIMP1;PLOD3;PHYKPL;PLOD1;PCOLCE;ACTN1;COLGALT1;LMNB2;FBLN5;ITGA3;ADAM17;SMIM6;CD47;FZR1,C-TAL
prerank,Reactome_2022__Aflatoxin Activation And Detoxification R-HSA-5423646,0.7932660264080269,1.0653494717830085,0.4037199124726477,0.717250472621772,1.0,3/18,2.26%,MGST3;GGT6;AKR7A2,C-TAL
prerank,Reactome_2022__Syndecan Interactions R-HSA-3000170,0.783415058518478,1.0652984066380775,0.40522875816993464,0.7166128317767358,1.0,7/20,7.40%,SDC2;SDC1;ITGB1;ITGAV;TRAPPC4;ITGB5;ITGA6,C-TAL
prerank,Reactome_2022__Diseases Associated With Glycosylation Precursor Biosynthesis R-HSA-5609975,0.801981516019358,1.0651025719111362,0.40757238307349664,0.7169114659752317,1.0,12/15,17.85%,DPM3;DPM2;GFPT1;PGM1;NUS1;GALE;GNE;DHDDS;SLPI;SRD5A3;DPM1;GALT,C-TAL
prerank,Reactome_2022__Beta-catenin Independent WNT Signaling R-HSA-3858494,0.7263923511293296,1.0649151215834682,0.34178498985801214,0.7171664777098247,1.0,59/142,10.17%,UBC;UBB;CALM1;PFN1;AP2M1;PSMB6;RPS27A;GNG5;RHOA;PSMA7;PSMD8;CLTC;PSMB5;UBA52;AP2S1;PSMB1;PSMA1;PSMA6;PSMA2;GNB2;CLTB;PSMC5;DVL3;PSME1;PSMD9;PSMB4;CLTA;PSME2;PSMA4;PSMA5;PSMB2;GNB1;PSMB3;PSMB7;SEM1;PSMD14;PSMD13;PARD6A;PSMC1;GNG10;PSMC4;RYK;PSMD2;PSMC2;PSMF1;PSMD11;PSMD6;PSMC3;PSMA3;PSMC6;PSMD7;PSMD4;AP2B1;PSMD12;FZD6;PSMD3;WNT11;GNG12;PSMB8,C-TAL
prerank,Reactome_2022__Formation Of Apoptosome R-HSA-111458,0.8146849357325293,1.0646337385132847,0.3986175115207373,0.7181004247716418,1.0,5/11,11.31%,CYCS;APIP;MAPK3;MAPK1;XIAP,C-TAL
prerank,Reactome_2022__ERKs Are Inactivated R-HSA-202670,0.8061347493338857,1.064481579450538,0.4263565891472868,0.718095651147058,1.0,10/13,17.74%,PPP2R1A;DUSP3;PPP2CB;PPP2CA;MAPK3;MAPK1;PPP2R5D;PPP2R1B;VRK3;MAPK7,C-TAL
prerank,Reactome_2022__MyD88 Dependent Cascade Initiated On Endosome R-HSA-975155,0.7263632655885482,1.0644101304846894,0.38109756097560976,0.7175671000189667,1.0,45/101,16.38%,UBC;UBB;APP;RPS27A;UBA52;NDUFA2;SKP1;JUN;PPP2R1A;UBE2V1;DUSP3;PPP2CB;HMGB1;UBE2N;MAPK9;MAPKAPK2;PPP2CA;FOS;MAPKAPK3;NFKBIA;USP14;MAPK3;MAPK1;MAP2K1;MAP2K7;NKIRAS2;RELA;IRAK1;RPS6KA3;RPS6KA1;ECSIT;PPP2R5D;MAP3K1;IKBKG;TIFA;CHUK;PPP2R1B;MAP2K3;TNIP2;NLRX1;NFKBIB;LRRC14;MAPK14;IRAK4;TAB2,C-TAL
prerank,Reactome_2022__Class I Peroxisomal Membrane Protein Import R-HSA-9603798,0.7868274360029562,1.0643714664691597,0.4154852780806979,0.7168395637398487,1.0,9/20,12.40%,FIS1;PXMP2;ALDH3A2;ACBD5;PEX19;PEX2;PEX16;PEX26;PEX11B,C-TAL
prerank,Reactome_2022__Toll Like Receptor 7/8 (TLR7/8) Cascade R-HSA-168181,0.7263587978361943,1.0642361417274577,0.383756345177665,0.7167707363109924,1.0,45/102,16.38%,UBC;UBB;APP;RPS27A;UBA52;NDUFA2;SKP1;JUN;PPP2R1A;UBE2V1;DUSP3;PPP2CB;HMGB1;UBE2N;MAPK9;MAPKAPK2;PPP2CA;FOS;MAPKAPK3;NFKBIA;USP14;MAPK3;MAPK1;MAP2K1;MAP2K7;NKIRAS2;RELA;IRAK1;RPS6KA3;RPS6KA1;ECSIT;PPP2R5D;MAP3K1;IKBKG;TIFA;CHUK;PPP2R1B;MAP2K3;TNIP2;NLRX1;NFKBIB;LRRC14;MAPK14;IRAK4;TAB2,C-TAL
prerank,Reactome_2022__Synthesis Of PA R-HSA-1483166,0.7608194922840423,1.064107641102649,0.4038257173219979,0.7166747157010733,1.0,16/39,16.04%,AGPAT1;PRKCSH;AGPAT3;AGPAT2;LIPH;LPCAT1;PLA2G12A;MIGA1;AGPAT5;GNPAT;GPAT4;MIGA2;DDHD2;GPAM;GPD1L;LPCAT4,C-TAL
prerank,Reactome_2022__Caspase-mediated Cleavage Of Cytoskeletal Proteins R-HSA-264870,0.7964563643106067,1.0632344934804248,0.43184421534937,0.7214695591896672,1.0,9/12,18.32%,SPTAN1;PLEC;ADD1;DBNL;GSN;VIM;CASP7;CASP6;CASP3,C-TAL
prerank,Reactome_2022__MyD88 Cascade Initiated On Plasma Membrane R-HSA-975871,0.7265677441206327,1.063005804385074,0.390194075587334,0.7220841801529913,1.0,45/96,16.38%,UBC;UBB;APP;RPS27A;UBA52;SKP1;JUN;PPP2R1A;UBE2V1;DUSP3;PPP2CB;HMGB1;UBE2N;MAPK9;MAPKAPK2;PPP2CA;FOS;MAPKAPK3;NFKBIA;USP14;MAPK3;MAPK1;MAP2K1;TLR5;MAP2K7;NKIRAS2;RELA;IRAK1;RPS6KA3;RPS6KA1;ECSIT;PPP2R5D;MAP3K1;IKBKG;TIFA;CHUK;PPP2R1B;MAP2K3;TNIP2;NLRX1;NFKBIB;LRRC14;MAPK14;IRAK4;TAB2,C-TAL
prerank,Reactome_2022__Phosphorylation Of CD3 And TCR Zeta Chains R-HSA-202427,0.7884611734438136,1.062767938259925,0.42567567567567566,0.7227121179671265,1.0,4/17,14.12%,HLA-DRA;HLA-DRB1;CSK;PTPRJ,C-TAL
prerank,Reactome_2022__Cilium Assembly R-HSA-5617833,0.7122401029148522,1.062597121734906,0.3782696177062374,0.7229175958543453,1.0,84/180,16.31%,DYNLRB1;TUBB;TUBB4B;SSNA1;DYNC1H1;TCP1;DCTN2;DYNLL1;CCT4;CETN2;DCTN3;CCT5;CCT2;PPP2R1A;DYNC1I2;TRIP11;UNC119B;PAFAH1B1;ACTR1A;YWHAG;HSP90AA1;ARL3;CCT3;IFT20;RAB11A;ARF4;IFT22;PTGES2;RAB8A;HSPB11;DCTN1;YWHAE;IFT57;DYNLL2;TUBA4A;IFT27;MAPRE1;EXOC3;KIF3B;MKKS;KIF3A;BBIP1;CSNK1D;CCT8;CSNK1E;TCTN3;PKD1;CLUAP1;IFT122;HDAC6;RAB11FIP3;BBS1;CEP290;EXOC7;CYS1;DYNLRB2;TCTN1;RAB3IP;CKAP5;BBS2;TUBG1;SEPTIN2;IFT52;AKAP9;IFT140;IFT88;PCNT;EXOC5;HAUS4;CEP78;IFT43;LZTFL1;PRKAR2B;NPHP1;IFT46;CEP164;MKS1;B9D1;NEDD1;B9D2;TTC30B;TUBA1A;TTC30A;PDE6D,C-TAL
prerank,Reactome_2022__Signaling By BMP R-HSA-201451,0.7762521939517982,1.0625222306260893,0.4038876889848812,0.7224235891221484,1.0,14/27,19.21%,UBE2D3;ZFYVE16;BMPR2;SMAD5;SMAD7;SMAD4;FSTL1;SMAD1;SKI;SMURF2;UBE2D1;BMPR1B;SMAD9;ACVR2B,C-TAL
prerank,Reactome_2022__Constitutive Signaling By NOTCH1 HD+PEST Domain Mutants R-HSA-2894862,0.7422986873561767,1.0622054455838783,0.40932642487046633,0.7234653799872315,1.0,27/57,12.47%,UBC;UBB;RPS27A;RBX1;UBA52;SKP1;APH1A;JAG1;HDAC1;NCSTN;HDAC11;PSEN1;ADAM10;NCOR2;NCOR1;MIB2;HDAC2;HDAC7;SNW1;HDAC3;HDAC6;PSENEN;RBPJ;CCNC;NOTCH1;EP300;APH1B,C-TAL
prerank,Reactome_2022__Condensation Of Prophase Chromosomes R-HSA-2299718,0.8001327411383177,1.0614999213429703,0.44874715261959,0.7271229153184401,1.0,6/13,15.23%,SET;RB1;KMT5A;NCAPD3;PHF8;SMC4,C-TAL
prerank,Reactome_2022__Removal Of Flap Intermediate R-HSA-69166,0.7984690659262237,1.0613137609108028,0.4195338512763596,0.7273944120588014,1.0,4/14,6.93%,RPA3;POLD2;POLD4;PCNA,C-TAL
prerank,Reactome_2022__Zinc Influx Into Cells By SLC39 Gene Family R-HSA-442380,0.8087446604348294,1.0612296665649665,0.46135552913198574,0.7269984416912482,1.0,6/10,13.93%,SLC39A1;SLC39A7;SLC39A6;SLC39A3;SLC39A4;SLC39A14,C-TAL
prerank,Reactome_2022__Negative Epigenetic Regulation Of rRNA Expression R-HSA-5250941,0.7551531761031237,1.0611591133342442,0.42962184873949577,0.7264617354357678,1.0,21/45,13.17%,POLR2L;SAP18;POLR2K;GTF2H5;POLR2E;HDAC1;POLR2F;GTF2H2;POLR1D;SUDS3;TAF1C;SAP30L;POLR2H;UBTF;SMARCA5;HDAC2;TTF1;TAF1D;ERCC3;SAP30BP;DNMT1,C-TAL
prerank,Reactome_2022__Stimuli-sensing Channels R-HSA-2672351,0.7272516677782328,1.0611422993969855,0.3971486761710794,0.7255771595568978,1.0,9/100,3.31%,UBC;CLCNKA;UBB;CALM1;RPS27A;SRI;UBA52;CLCN7;BSND,C-TAL
prerank,Reactome_2022__Toll Like Receptor 4 (TLR4) Cascade R-HSA-166016,0.7176740029100295,1.0603899900166096,0.3700707785642063,0.7294657350694856,1.0,63/139,17.91%,UBC;UBB;APP;RPS27A;UBA52;NDUFA2;SKP1;JUN;PPP2R1A;SIGIRR;DNM2;UBE2V1;UBE2D2;DUSP3;UBE2D3;BIRC2;PPP2CB;HMGB1;UBE2N;MAPK9;MAPKAPK2;PTPN11;PPP2CA;FOS;MAPKAPK3;NFKBIA;USP14;SOCS1;MAPK3;MAPK1;S100A1;MAP2K1;MAP2K7;NKIRAS2;RELA;IRAK1;RPS6KA3;RPS6KA1;ECSIT;PPP2R5D;MAP3K1;IKBKG;TIFA;CHUK;PPP2R1B;MAP2K3;TNIP2;NLRX1;NFKBIB;FADD;LRRC14;MAPK14;IRAK4;TAB2;UBE2D1;IRF3;VRK3;PLCG2;RIPK1;TAB3;MAPK7;TBK1;TRAF3,C-TAL
prerank,Reactome_2022__Processive Synthesis On Lagging Strand R-HSA-69183,0.7939067306194731,1.060170998240472,0.4367436743674367,0.7298963395961401,1.0,4/15,6.93%,RPA3;POLD2;POLD4;PCNA,C-TAL
prerank,Reactome_2022__Transcriptional Regulation By E2F6 R-HSA-8953750,0.7693699623487764,1.0601204191385285,0.4519230769230769,0.7292310094140121,1.0,13/33,14.81%,UXT;CBX5;CBX3;PCGF2;SUZ12;RBBP7;EHMT2;RING1;TFDP1;MAX;TFDP2;RBBP4;L3MBTL2,C-TAL
prerank,Reactome_2022__Apoptotic Execution Phase R-HSA-75153,0.7447662381234867,1.059864069670369,0.4261780104712042,0.7300202855578941,1.0,23/46,18.32%,BCAP31;SPTAN1;KPNB1;LMNA;PLEC;ADD1;DSG2;BIRC2;HMGB1;DBNL;GSN;DFFA;VIM;SATB1;ACIN1;STK24;TJP2;HMGB2;FZR1;CASP7;CASP6;KPNA1;CASP3,C-TAL
prerank,Reactome_2022__TFAP2 (AP-2) Family Regulates Transcription Of Growth Factors And Their Receptors R-HSA-8866910,0.801540151242436,1.0595069288163081,0.4161979752530934,0.7313915361431077,1.0,4/13,7.85%,ERBB2;YY1;VEGFA;EGFR,C-TAL
prerank,Reactome_2022__Signaling By NTRK1 (TRKA) R-HSA-187037,0.7210050609041591,1.0591450192803098,0.4166666666666667,0.7327336859534108,1.0,47/114,14.23%,AP2M1;RHOA;CLTC;MAP2K2;AP2S1;YWHAB;JUND;CLTA;PPP2R1A;DNM2;REST;DUSP3;RALB;ID4;PPP2CB;HRAS;CRK;CHD4;MAPKAPK2;PPP2CA;FOS;MAPKAPK3;ID1;AP2B1;GRB2;MAPK3;MAPK1;STAT3;MAP2K1;RAPGEF1;SH3GL3;FOSB;PIK3R2;KIDINS220;EGR1;RPS6KA3;AP2A2;EP300;CDK5;RPS6KA1;CRKL;PPP2R5D;NRAS;NAB1;PPP2R1B;IRS1;DNAL4,C-TAL
prerank,Reactome_2022__TNFR1-induced NFkappaB Signaling Pathway R-HSA-5357956,0.7762038441468274,1.058264197098879,0.4069264069264069,0.7373336050356104,1.0,15/26,18.28%,RACK1;RBCK1;BIRC2;SHARPIN;TNFRSF1A;XIAP;CYLD;USP4;IKBKG;CHUK;TAB2;RIPK1;TAB3;RNF31;TRADD,C-TAL
prerank,Reactome_2022__STING Mediated Induction Of Host Immune Responses R-HSA-1834941,0.8004671087056867,1.0582331001993184,0.40268456375838924,0.7365320116154381,1.0,5/15,9.45%,XRCC6;PRKDC;DDX41;XRCC5;STAT6,C-TAL
prerank,Reactome_2022__Interleukin-20 Family Signaling R-HSA-8854691,0.7718969075916616,1.05813958377676,0.41711229946524064,0.7361802835296525,1.0,7/26,14.60%,PTPN11;STAT3;IL10RB;STAT1;JAK1;SOCS3;STAT2,C-TAL
prerank,Reactome_2022__Signaling By FGFR2 IIIa TM R-HSA-8851708,0.7924058438199663,1.0577900767755348,0.4069264069264069,0.7373877759712201,1.0,13/19,11.40%,POLR2L;POLR2J;POLR2I;POLR2K;POLR2E;POLR2F;POLR2A;NCBP2;POLR2C;POLR2H;GTF2F1;POLR2G;POLR2B,C-TAL
prerank,Reactome_2022__Phosphorylation Of APC/C R-HSA-176412,0.7861356568409638,1.0577201535986958,0.4214046822742475,0.7368551072391007,1.0,11/20,16.75%,ANAPC11;ANAPC5;ANAPC15;CDC26;ANAPC16;CDC23;CDC16;ANAPC7;CDC27;UBE2D1;UBE2S,C-TAL
prerank,Reactome_2022__Base Excision Repair R-HSA-73884,0.7538410649784322,1.057583976158461,0.40421052631578946,0.7367910255286625,1.0,30/44,20.52%,RPA3;APEX1;POLD2;POLE4;TERF2IP;POLD4;MBD4;PCNA;PARP1;POLE3;MPG;PNKP;TINF2;TERF1;XRCC1;SMUG1;NEIL1;MUTYH;UNG;NTHL1;TDG;TERF2;NEIL2;OGG1;POLE;RFC2;ACD;POLD3;PARP2;RFC4,C-TAL
prerank,Reactome_2022__Resolution Of Sister Chromatid Cohesion R-HSA-2500257,0.7281880695441998,1.0572201755190844,0.4093211752786221,0.7380339766553592,1.0,41/104,17.31%,RPS27;DYNC1H1;DYNLL1;NUDC;PPP2R1A;DYNC1LI2;DYNC1I2;RAD21;PAFAH1B1;RANBP2;PPP2CB;SMC3;PPP1CC;DYNLL2;SKA2;MAPRE1;PPP2CA;BUB3;PPP2R5C;SMC1A;RCC2;RANGAP1;SEC13;NUP160;DYNC1LI1;CKAP5;PPP2R5D;PPP2R5E;CENPT;PPP2R5B;WAPL;PPP2R1B;MAD1L1;NDEL1;PPP2R5A;B9D2;SPDL1;KIF2A;STAG2;NUP43;ITGB3BP,C-TAL
prerank,Reactome_2022__Peptide Hormone Metabolism R-HSA-2980736,0.7277921538219806,1.05721903816406,0.4067622950819672,0.7370617938008386,1.0,18/89,12.04%,ATP6AP2;CPE;SPCS1;SEC11A;SEC11C;SPCS3;CTSD;GNB1;CTSZ;KIF5B;SLC30A5;EXOC3;VAMP2;DPP4;SPCS2;EXOC7;ERO1B;RAB27A,C-TAL
prerank,Reactome_2022__Regulation Of Cholesterol Biosynthesis By SREBP (SREBF) R-HSA-1655829,0.7408247836358388,1.0571982252384768,0.43333333333333335,0.7361900104704475,1.0,28/55,14.60%,RAN;MBTPS1;KPNB1;SAR1B;MVK;TM7SF2;CYP51A1;PMVK;INSIG2;FDPS;INSIG1;NFYB;MBD4;IDI1;GGPS1;SCAP;FDFT1;FASN;CARM1;RXRA;PPARA;SREBF1;NCOA6;SC5D;SEC24C;DHCR7;GPAM;SREBF2,C-TAL
prerank,Reactome_2022__L1CAM Interactions R-HSA-373760,0.72536411216297,1.0564609072917825,0.4260958205912334,0.7397932104598064,1.0,34/99,12.26%,AP2M1;CD24;ITGB1;ITGAV;CLTC;DPYSL2;MAP2K2;AP2S1;SPTAN1;ANK2;CSNK2B;CLTA;EZR;MSN;HSPA8;DNM2;SDCBP;LYPLA2;PKN1;NRCAM;SPTBN1;EGFR;AP2B1;MAPK3;MAPK1;VAV2;LAMC1;MAP2K1;FGFR1;RDX;RPS6KA3;RANBP9;AP2A2;RPS6KA1,C-TAL
prerank,Reactome_2022__Antiviral Mechanism By IFN-stimulated Genes R-HSA-1169410,0.7291052371972762,1.056167732587209,0.42433537832310836,0.7407144702910512,1.0,35/82,14.72%,UBC;UBB;RPS27A;UBA52;EIF4A1;EIF4G1;EIF4E2;KPNB1;EIF4G2;TPR;RANBP2;EIF4A3;FLNA;UBE2N;EIF4A2;ABCE1;MAPK3;KPNA4;SEC13;STAT1;NUP160;NUP50;TRIM25;IFIT1;EIF2AK2;EIF4E;PDE12;NUP62;JAK1;NUP42;GNL3;NUP93;KPNA2;KPNA3;NDC1,C-TAL
prerank,Reactome_2022__rRNA Processing In Mitochondrion R-HSA-8868766,0.7986564697905172,1.0561097704583646,0.4636150234741784,0.7401085994095591,1.0,6/10,15.27%,HSD17B10;ELAC2;TRMT10C;MTERF4;NSUN4;MRM3,C-TAL
prerank,Reactome_2022__Metabolism Of Carbohydrates R-HSA-71387,0.707402078874349,1.0560326260899284,0.325,0.7396003167902226,1.0,113/283,15.01%,ENO1;UBC;AKR1B1;PKM;PFKFB3;UBB;CALM1;RPS27A;GNS;SDC2;SDC1;TPI1;HSPG2;MDH1;UBA52;MDH2;GAA;HEXA;B4GALT1;ST3GAL4;SLC25A11;CHPF;HS6ST1;TALDO1;UGP2;PGLS;PFKL;PGP;PPP2R1A;AGRN;GOT2;PFKM;SLC35B2;CRYL1;TPR;B3GAT3;HOOK2;DCXR;RANBP2;SLC2A1;PPP2CB;NAGLU;NDST1;HYAL2;G6PC3;PGK1;PGM1;B4GAT1;B4GALT7;AGL;PPP2CA;UBL4A;B4GALT2;GALE;PGAM2;GPC1;ABCC5;ALDH1A1;PYGB;SLC25A1;GUSB;AKR1A1;BPGM;ST6GALNAC6;GLB1;TKFC;HEXB;PRPS2;B4GALNT2;B3GNT2;ABO;BGN;SEC13;B4GALT5;GPC3;GPC4;NUP160;NUP50;PHKB;TKT;PAPSS1;HOOK3;ADPGK;PRKACB;GBE1;CHST12;SLC25A10;PHKG2;NUP62;B4GALT3;PFKP;XYLT2;NDST2;PPP2R5D;RBKS;DERA;NUP42;RPE;B3GALT6;IDS;MAN2C1;SLC37A4;SLC35B3;PPP2R1B;NUP93;KHK;PFKFB2;NDC1;SGSH;MAN2B1;IDUA;B4GALT6;CHPF2,C-TAL
prerank,Reactome_2022__Costimulation By CD28 Family R-HSA-388841,0.7390210551435306,1.0558712562629373,0.4214360041623309,0.7397066352939665,1.0,26/65,15.74%,HLA-DRA;PPP2R1A;CDC42;AKT2;PKN1;YES1;PPP2CB;AKT1;PTPN11;PPP2CA;PDPK1;PPP2R5C;GRB2;HLA-DRB1;CSK;PIK3R2;MLST8;MTOR;PPP2R5D;PIK3R3;PPP2R5E;PPP2R5B;THEM4;PPP2R1B;SRC;PPP2R5A,C-TAL
prerank,Reactome_2022__Plasma Lipoprotein Assembly R-HSA-8963898,0.7843527962573402,1.0558182055739083,0.43855693348365277,0.7390415317151455,1.0,6/16,17.25%,SAR1B;P4HB;ZDHHC8;PRKACB;ABCA1;TRNP1,C-TAL
prerank,Reactome_2022__Metabolism Of Non-Coding RNA R-HSA-194441,0.7424836835299167,1.0556665025424876,0.45114345114345117,0.7390409061404591,1.0,29/52,19.03%,SNRPG;SNRPE;SNRPD2;SNRPB;SNRPF;SNRPD3;NCBP2;TPR;RANBP2;PHAX;GEMIN6;SEC13;CLNS1A;PRMT5;NUP160;NUP50;NUP62;NUP42;NUP93;NDC1;POM121C;SNUPN;AAAS;NUP43;NUP210;DDX20;WDR77;GEMIN7;SEH1L,C-TAL
prerank,Reactome_2022__Deactivation Of Beta-Catenin Transactivating Complex R-HSA-3769402,0.7506981754266393,1.055110657727758,0.42133051742344246,0.7416288623414856,1.0,19/42,14.07%,UBC;UBB;RPS27A;SOX4;UBA52;HDAC1;AKT2;TLE4;AKT1;CTBP1;CBY1;RBBP5;TLE3;XIAP;PYGO2;CHD8;CTNNBIP1;ASH2L;SOX13,C-TAL
prerank,Reactome_2022__RHOQ GTPase Cycle R-HSA-9013406,0.7390238360094168,1.0541779419211574,0.4405010438413361,0.7465587802973809,1.0,31/59,18.58%,SLC4A7;LAMTOR1;JUP;CDC42EP3;CDC42;PKN1;RHOQ;WASL;ARHGAP1;VAMP3;TFRC;IQGAP1;RAB7A;TRIP10;CDC42BPB;STOM;PLEKHG3;GIT1;ARHGAP35;DLC1;VANGL1;PAK4;STEAP3;ARHGAP5;ARHGEF9;FNBP1;SYDE1;GIT2;CDC42EP2;SNAP23;CDC42EP4,C-TAL
prerank,Reactome_2022__SUMOylation Of Chromatin Organization Proteins R-HSA-4551638,0.7417685971691856,1.0541294522046643,0.41865284974093264,0.7458960177611167,1.0,29/55,17.50%,SUMO2;SUMO1;CBX5;PCGF2;UBE2I;HDAC1;SUZ12;TPR;PHC2;RANBP2;CHD3;CBX4;RING1;HDAC2;SEC13;NUP160;NUP50;ZBED1;NUP62;SATB1;NUP42;NUP93;NDC1;L3MBTL2;POM121C;AAAS;NUP43;NUP210;PHC1,C-TAL
prerank,Reactome_2022__Signaling By FGFR1 R-HSA-5654736,0.7519283464557892,1.0540822286126705,0.4309623430962343,0.7451932953032814,1.0,16/49,11.29%,UBC;UBB;RPS27A;UBA52;PPP2R1A;FLRT3;PPP2CB;HRAS;PTPN11;PPP2CA;GRB2;MAPK3;MAPK1;FGFR1;KL;FLRT1,C-TAL
prerank,Reactome_2022__Termination Of O-glycan Biosynthesis R-HSA-977068,0.7726684786086974,1.0540733593857092,0.4236186348862405,0.7442764094411932,1.0,2/24,2.51%,ST3GAL4;MUC15,C-TAL
prerank,Reactome_2022__Urea Cycle R-HSA-70635,0.8142763412250804,1.053619084930197,0.44678362573099417,0.7461519354113195,1.0,6/10,17.99%,ARG2;TINAGL1;ASS1;ASL;NMRAL1;SLC25A15,C-TAL
prerank,Reactome_2022__Activation Of BH3-only Proteins R-HSA-114452,0.7666445290267103,1.052715504706688,0.4405144694533762,0.7507609465557976,1.0,13/30,11.69%,REXO2;YWHAB;DYNLL1;BAD;YWHAQ;AKT2;YWHAG;AKT1;YWHAE;DYNLL2;YWHAH;TFDP1;TFDP2,C-TAL
prerank,Reactome_2022__Keratan Sulfate Biosynthesis R-HSA-2022854,0.7672419651227694,1.052596139989041,0.4431202600216685,0.7505415971943563,1.0,11/28,18.85%,B4GALT1;ST3GAL4;B4GAT1;B4GALT2;B3GNT2;B4GALT5;B4GALT3;B4GALT6;SLC35D2;B4GALT4;B3GNT3,C-TAL
prerank,Reactome_2022__IRF3-mediated Induction Of Type I IFN R-HSA-3270619,0.806711498735245,1.052576796438482,0.43778280542986425,0.7496820725142185,1.0,7/12,18.64%,XRCC6;PRKDC;DDX41;XRCC5;IRF3;TBK1;MRE11,C-TAL
prerank,Reactome_2022__Signaling By FGFR2 In Disease R-HSA-5655253,0.7531780689407528,1.0520222588979722,0.43051201671891326,0.7520333967597512,1.0,17/42,13.44%,POLR2L;POLR2J;POLR2I;POLR2K;POLR2E;POLR2F;POLR2A;NCBP2;HRAS;POLR2C;POLR2H;GRB2;GTF2F1;POLR2G;POLR2B;NRAS;POLR2D,C-TAL
prerank,Reactome_2022__Assembly Of Active LPL And LIPC Lipase Complexes R-HSA-8963889,0.7792734832370476,1.0517064272694252,0.45253863134657835,0.7530681822746246,1.0,6/19,18.00%,MBTPS1;FURIN;LMF2;LPL;ANGPTL3;MBTPS2,C-TAL
prerank,Reactome_2022__Signaling By Leptin R-HSA-2586552,0.7996484703691915,1.051703307148436,0.4491916859122402,0.7521223343282649,1.0,5/11,14.19%,LEPROT;PTPN11;STAT3;SOCS3;IRS1,C-TAL
prerank,Reactome_2022__Aberrant Regulation Of Mitotic G1/S Transition In Cancer Due To RB1 Defects R-HSA-9659787,0.7833636384700982,1.0516680817942672,0.4660831509846827,0.7513772431442609,1.0,7/17,11.69%,CCND1;CDKN1B;CDK4;RB1;CDKN1C;TFDP1;TFDP2,C-TAL
prerank,Reactome_2022__Miscellaneous Transport And Binding Events R-HSA-5223345,0.7712909671483354,1.050952139463041,0.4562162162162162,0.7547379664880044,1.0,11/23,14.80%,MAGT1;NIPAL3;ADD1;MMGT1;TUSC3;NIPA1;ANKH;MRS2;NIPA2;LRRC8A;CTNS,C-TAL
prerank,Reactome_2022__Phase I - Functionalization Of Compounds R-HSA-211945,0.7200924215611842,1.0504893162504245,0.4240246406570842,0.7565769744100488,1.0,22/100,12.64%,VDAC2;AURKAIP1;CYB5R3;FDX1;CYP51A1;ADH5;FDX2;CYB5B;EPHX1;PTGES3;MAOA;HSP90AB1;ALDH1A1;ALDH2;ARNT2;MIA3;ACSS1;RXRA;CES2;CMBL;ACSS2;AHR,C-TAL
prerank,Reactome_2022__Signaling By NTRKs R-HSA-166520,0.7128831420363247,1.0500289864888472,0.43597560975609756,0.7583997037649812,1.0,51/132,14.23%,AP2M1;RHOA;CLTC;MAP2K2;AP2S1;YWHAB;JUND;FURIN;CLTA;PPP2R1A;DNM2;REST;DUSP3;RALB;ID4;PPP2CB;HRAS;CRK;CHD4;BAX;MAPKAPK2;PTPN11;PPP2CA;FOS;MAPKAPK3;ID1;AP2B1;GRB2;MAPK3;MAPK1;STAT3;MAP2K1;RAPGEF1;SH3GL3;FOSB;NELFB;PIK3R2;KIDINS220;EGR1;RPS6KA3;AP2A2;EP300;CDK5;RPS6KA1;CRKL;PPP2R5D;NRAS;NAB1;PPP2R1B;IRS1;DNAL4,C-TAL
prerank,Reactome_2022__Androgen Biosynthesis R-HSA-193048,0.8008004258281394,1.0498150881285058,0.4447004608294931,0.7586803985453643,1.0,1/11,1.36%,HSD17B12,C-TAL
prerank,"Reactome_2022__Inactivation, Recovery And Regulation Of Phototransduction Cascade R-HSA-2514859",0.7603726194567001,1.0496890733699638,0.44683136412459723,0.7584754499396299,1.0,4/30,5.45%,CALM1;RNF7;GNB1;NMT1,C-TAL
prerank,Reactome_2022__Ephrin Signaling R-HSA-3928664,0.7850321691849997,1.0496454183595432,0.4551569506726457,0.7577701138980626,1.0,10/18,18.58%,MYL12A;SDCBP;PKN1;EPHB4;GIT1;NCK2;SRC;EPHB3;EPHB2;EPHB6,C-TAL
prerank,Reactome_2022__Signaling By WNT R-HSA-195721,0.7042362994454221,1.0493034448030458,0.358,0.758831572827067,1.0,112/264,13.87%,UBC;UBB;CALM1;PFN1;AP2M1;PSMB6;RPS27A;RBX1;GNG5;RHOA;PSMA7;PSMD8;SOX4;CLTC;PSMB5;WNT7B;UBA52;AP2S1;PSMB1;SKP1;PSMA1;PSMA6;PSMA2;GNB2;CLTB;PSMC5;DVL3;PSME1;PSMD9;VPS29;PSMB4;CSNK2B;CLTA;PSME2;PSMA4;PSMA5;TMED5;PSMB2;SNX3;PPP2R1A;GNB1;TLE5;PSMB3;HDAC1;PSMB7;AKT2;TLE4;SEM1;PSMD14;PSMD13;PPP2CB;PARD6A;AKT1;PSMC1;GNG10;PSMC4;RYK;KAT5;PSMD2;PSMC2;PSMF1;PSMD11;PSMD6;CSNK1G2;PSMC3;PSMA3;PPP2CA;PSMC6;PSMD7;VPS35;VPS26A;PSMD4;PPP2R5C;SMARCA4;CTBP1;AP2B1;CBY1;CSNK1E;PSMD12;FZD6;USP8;RBBP5;PSMD3;WNT11;ZNRF3;GNG12;TLE3;PSMB8;RNF146;FZD8;PSME3;XIAP;PSMD10;PYGO2;ITPR3;LGR5;AGO2;AP2A2;EP300;CHD8;PPP2R5D;CTNNBIP1;PPP2R5E;NRAS;FZD1;PPP2R5B;ASH2L;DVL2;RUVBL1;RNF43;FZD4;ZRANB1,C-TAL
prerank,Reactome_2022__RNA Polymerase I Transcription Termination R-HSA-73863,0.7684480113374184,1.0491019446637229,0.46737967914438505,0.7590771407199097,1.0,13/27,10.35%,POLR2L;POLR2K;GTF2H5;POLR2E;POLR2F;GTF2H2;POLR1D;TAF1C;POLR2H;UBTF;TTF1;CAVIN1;TAF1D,C-TAL
prerank,MSigDB_Hallmark_2020__Inflammatory Response,0.7065597769809606,1.0488890646585936,0.4002006018054162,0.5705716692525367,1.0,63/200,22.68%,SRI;CD82;TAPBP;TNFSF10;IFNAR1;SEMA4D;SELENOS;HIF1A;ADRM1;NAMPT;ATP2A2;GNAI3;PSEN1;IFNGR2;NFKBIA;KLF6;CX3CL1;ACVR1B;RAF1;RHOG;ITGB8;RNF144B;MET;DCBLD2;RELA;GPC3;SLC11A2;HPN;SLC31A1;EIF2AK2;AHR;TIMP1;BTG2;LY6E;TNFRSF1B;BST2;PVR;NMI;SLC7A2;ABCA1;MMP14;IRF1;CD55;EMP3;P2RX4;SLC7A1;TPBG;IL1R1;IRF7;OSMR;EDN1;ICOSLG;TLR3;CCL2;RASGRP1;LYN;GCH1;CD40;CALCRL;BDKRB1;RGS16;P2RY2;SLC31A2,C-TAL
prerank,Reactome_2022__CTLA4 Inhibitory Signaling R-HSA-389513,0.777925451216402,1.0486036756551125,0.45098039215686275,0.7610889265397203,1.0,14/21,15.74%,PPP2R1A;AKT2;YES1;PPP2CB;AKT1;PTPN11;PPP2CA;PPP2R5C;PPP2R5D;PPP2R5E;PPP2R5B;PPP2R1B;SRC;PPP2R5A,C-TAL
prerank,Reactome_2022__Caspase Activation Via Death Receptors In Presence Of Ligand R-HSA-140534,0.7829064212140336,1.0483924749707993,0.47592385218365063,0.7613627716951153,1.0,4/15,8.52%,NDUFA2;TNFSF10;FASN;CFLAR,C-TAL
prerank,MSigDB_Hallmark_2020__Mitotic Spindle,0.7072352076740361,1.0482677375796685,0.4144144144144144,0.558542444556388,1.0,94/199,18.82%,MYH9;UXT;MID1IP1;SPTAN1;DYNC1H1;ACTN4;CTTN;TUBGCP2;ARHGDIA;EZR;CAPZB;KIF5B;PAFAH1B1;RALBP1;PPP4R2;VCL;CDC42;NEDD9;ARHGAP29;STAU1;NUMA1;MARCKS;FLNA;WASF2;LRPPRC;SMC3;SPTBN1;YWHAE;RHOT2;ATG4B;DYNLL2;TUBA4A;KIF22;WASL;MAPRE1;ARFIP2;KIF3B;BCAR1;CYTH2;RHOF;ARL8A;RFC1;NET1;SUN2;ARF6;SMC1A;CSNK1D;SEPTIN9;GSN;APC;BCR;HDAC6;PCGF5;PXN;HOOK3;CKAP5;RANBP9;DST;BIN1;NCK2;PKD2;CDC27;PCNT;KATNA1;MAP3K11;SMC4;ARHGAP4;ARHGAP5;MYO9B;SAC3D1;MAP1S;TBCD;TAOK2;FLNB;TUBGCP6;EPB41L2;SYNPO;CEP131;CDC42EP2;NIN;PALLD;FGD6;TUBGCP5;KIF20B;PCM1;CLIP1;CLIP2;KATNB1;CDC42EP4;ECT2;CEP250;MARK4;CCDC88A;CNTROB,C-TAL
prerank,Reactome_2022__Ethanol Oxidation R-HSA-71384,0.7991919652226047,1.0480595763410816,0.47093023255813954,0.7623494905798837,1.0,6/11,16.26%,ADH5;ALDH1A1;ALDH2;ACSS1;ACSS2;ALDH1B1,C-TAL
prerank,Reactome_2022__tRNA Processing In Nucleus R-HSA-6784531,0.7382740073883047,1.0480433010305827,0.45482866043613707,0.7614531291961273,1.0,34/57,20.05%,RAN;RTRAF;RPP21;TPR;DDX1;RANBP2;POP7;RTCB;POP5;TSEN34;ELAC2;SEC13;RPP14;XPOT;NUP160;NUP50;TRNT1;NUP62;TSEN15;NUP42;NUP93;FAM98B;NDC1;ZBTB8OS;POM121C;AAAS;NUP43;CPSF1;NUP210;CPSF4;SEH1L;NUP54;RPP25;NUP188,C-TAL
prerank,Reactome_2022__Gene Silencing By RNA R-HSA-211000,0.7309206802376466,1.0480034613053186,0.4387229660144181,0.7607426843690873,1.0,32/79,16.24%,POLR2L;RAN;POLR2J;POLR2I;POLR2K;POLR2E;TSN;POLR2F;PRKRA;POLR2A;TPR;HSP90AA1;RANBP2;POLR2C;POLR2H;TSNAX;ELAC2;SEC13;NUP160;NUP50;POLR2G;POLR2B;AGO2;NUP62;NUP42;POLR2D;NUP93;NDC1;POM121C;AGO1;IPO8;AAAS,C-TAL
prerank,Reactome_2022__TP53 Regulates Transcription Of Cell Death Genes R-HSA-5633008,0.7475599111633175,1.0477980200751906,0.4680628272251309,0.7609510706670417,1.0,12/44,10.41%,PERP;TMEM219;PRELID1;TP53I3;BNIP3L;IGFBP3;BAX;RABGGTB;BCL6;FASN;TP53INP1;TRIAP1,C-TAL
prerank,Reactome_2022__HDR Thru Homologous Recombination (HRR) Or Single Strand Annealing (SSA) R-HSA-5693567,0.7188527072459695,1.0476527061215533,0.4482051282051282,0.7608645884492562,1.0,22/96,9.45%,UBC;UBB;SUMO2;RPS27A;UBA52;PPP4C;RPA3;UBE2I;PPP4R2;SEM1;POLD2;ERCC1;KAT5;POLE4;UBE2N;POLD4;BABAM1;PCNA;POLE3;RNF8;UBE2V2;RAD50,C-TAL
prerank,Reactome_2022__Unattached Kinetochores Signal Amplification Via A MAD2 Inhibitory Signal R-HSA-141444,0.7260429810216874,1.0471367175095416,0.4458077709611452,0.7630404886658183,1.0,34/91,16.14%,RPS27;DYNC1H1;DYNLL1;NUDC;PPP2R1A;DYNC1LI2;DYNC1I2;PAFAH1B1;RANBP2;PPP2CB;PPP1CC;DYNLL2;SKA2;MAPRE1;PPP2CA;BUB3;PPP2R5C;RCC2;RANGAP1;SEC13;NUP160;DYNC1LI1;CKAP5;PPP2R5D;PPP2R5E;CENPT;PPP2R5B;PPP2R1B;MAD1L1;NDEL1;PPP2R5A;B9D2;SPDL1;KIF2A,C-TAL
prerank,Reactome_2022__Oxidative Stress Induced Senescence R-HSA-2559580,0.736707103973568,1.0470958068872325,0.46487603305785125,0.7623278494977388,1.0,22/63,10.49%,UBC;UBB;RPS27A;UBA52;JUN;TXN2;SUZ12;PHC2;CBX6;MAPK9;RBBP7;MAPKAPK2;FOS;MAPKAPK3;CDK4;CBX4;RING1;MAPK3;MAPK1;MAPKAPK5;MAP2K7;TFDP1,C-TAL
prerank,Reactome_2022__Regulation Of IFNG Signaling R-HSA-877312,0.7926822059996248,1.0468221316774813,0.48148148148148145,0.7629837169733438,1.0,8/14,13.88%,SUMO1;PTPN11;IFNGR2;SOCS1;IFNGR1;STAT1;JAK1;SOCS3,C-TAL
prerank,Reactome_2022__Fcgamma Receptor (FCGR) Dependent Phagocytosis R-HSA-2029480,0.7251546150765272,1.0463053972365173,0.47199170124481327,0.7649828036368094,1.0,32/83,12.01%,ACTG1;MYH9;ARPC3;BRK1;ARPC1A;PLD3;ARPC2;ACTR2;ARPC5;PRKCSH;CYFIP1;CDC42;ARPC1B;PKN1;HSP90AA1;YES1;CRK;PLPP5;WASF2;HSP90AB1;ACTR3;WASL;GRB2;CYFIP2;MAPK3;MAPK1;VAV2;AHCYL1;NF2;PIK3R2;WIPF2;ITPR3,C-TAL
prerank,Reactome_2022__NOTCH1 Intracellular Domain Regulates Transcription R-HSA-2122947,0.7391888642489647,1.0461960844986748,0.4779874213836478,0.764663322216264,1.0,22/47,12.17%,UBC;UBB;RPS27A;RBX1;UBA52;SKP1;HDAC1;HIF1A;TLE4;HDAC11;NCOR2;NCOR1;HDAC2;HDAC7;SNW1;HDAC3;TLE3;HDAC6;RBPJ;CCNC;NOTCH1;EP300,C-TAL
prerank,Reactome_2022__Interleukin-17 Signaling R-HSA-448424,0.7271506294546941,1.046145532329237,0.46506777893639206,0.7639722870175668,1.0,31/69,14.62%,UBC;UBB;RPS27A;UBA52;SKP1;JUN;PPP2R1A;UBE2V1;DUSP3;PPP2CB;UBE2N;MAPK9;MAPKAPK2;PPP2CA;FOS;MAPKAPK3;MAPK3;MAPK1;MAP2K1;IL17RC;MAP2K7;IRAK1;RPS6KA3;RPS6KA1;PPP2R5D;IL17RA;IKBKG;CHUK;PPP2R1B;MAP2K3;TNIP2,C-TAL
prerank,Reactome_2022__Resolution Of Abasic Sites (AP Sites) R-HSA-73933,0.7511469992071421,1.046140165119249,0.4409282700421941,0.7630388180705662,1.0,25/37,20.52%,RPA3;APEX1;POLD2;POLE4;POLD4;MBD4;PCNA;PARP1;POLE3;MPG;PNKP;XRCC1;SMUG1;NEIL1;MUTYH;UNG;NTHL1;TDG;NEIL2;OGG1;POLE;RFC2;POLD3;PARP2;RFC4,C-TAL
prerank,"Reactome_2022__Transport Of Bile Salts And Organic Acids, Metal Ions And Amine Compounds R-HSA-425366",0.7255997335761548,1.046139431289493,0.44,0.7620876822545026,1.0,19/86,14.44%,SLC6A12;BSG;SLC5A3;SLC40A1;SLC22A2;SLC39A1;SLC39A7;SLC39A6;SLC44A2;SLC30A5;SLC39A3;SLC44A3;SLC11A2;SLC31A1;SLC39A4;SLC39A14;SLC30A1;SLC11A1;SLC22A5,C-TAL
prerank,Reactome_2022__MAP Kinase Activation R-HSA-450294,0.7296013507603463,1.0457897945131627,0.48020833333333335,0.7630898927706139,1.0,29/62,14.62%,UBC;UBB;RPS27A;UBA52;SKP1;JUN;PPP2R1A;UBE2V1;DUSP3;PPP2CB;UBE2N;MAPK9;MAPKAPK2;PPP2CA;FOS;MAPKAPK3;MAPK3;MAPK1;MAP2K1;MAP2K7;IRAK1;RPS6KA3;RPS6KA1;PPP2R5D;IKBKG;CHUK;PPP2R1B;MAP2K3;TNIP2,C-TAL
prerank,Reactome_2022__ISG15 Antiviral Mechanism R-HSA-1169408,0.7247610570983619,1.0454781082157498,0.45987654320987653,0.7639024767522213,1.0,32/74,14.72%,UBC;UBB;RPS27A;UBA52;EIF4A1;EIF4G1;EIF4E2;KPNB1;EIF4G2;TPR;RANBP2;EIF4A3;UBE2N;EIF4A2;MAPK3;KPNA4;SEC13;STAT1;NUP160;NUP50;TRIM25;IFIT1;EIF2AK2;EIF4E;NUP62;JAK1;NUP42;GNL3;NUP93;KPNA2;KPNA3;NDC1,C-TAL
prerank,Reactome_2022__RNA Polymerase I Transcription Initiation R-HSA-73762,0.7491587817191256,1.0449922488737418,0.46284501061571126,0.7657209568459522,1.0,19/43,10.35%,POLR2L;POLR2K;GTF2H5;POLR2E;HDAC1;POLR2F;GTF2H2;POLR1D;CHD3;TAF1C;CHD4;RBBP7;POLR2H;UBTF;EHMT2;GATAD2A;HDAC2;TTF1;TAF1D,C-TAL
prerank,Reactome_2022__Signaling By Insulin Receptor R-HSA-74752,0.7255901054792783,1.044836297972644,0.45314109165808447,0.7656223493013665,1.0,23/77,11.36%,ATP6V1F;ATP6V0B;ATP6V1E1;ATP6V1G1;ATP6V0E2;ATP6V0C;ATP6V0E1;ATP6V0D1;ATP6AP1;ATP6V1D;AKT2;FGFR3;HRAS;ATP6V1C1;PTPN11;PDPK1;GRB2;MAPK3;MAPK1;ATP6V0A1;FGFR1;KL;PIK3R2,C-TAL
prerank,Reactome_2022__ADP Signaling Thru P2Y Purinoceptor 1 R-HSA-418592,0.7658024660318975,1.0446600744476942,0.45375408052230687,0.7656395667776184,1.0,5/25,5.51%,GNG5;GNB2;GNB1;GNA11;GNG10,C-TAL
prerank,Reactome_2022__Prolonged ERK Activation Events R-HSA-169893,0.7924642946486435,1.0441195433666999,0.4733257661748014,0.7677097498872197,1.0,9/14,12.36%,MAP2K2;YWHAB;CRK;MAPK3;MAPK1;MAP2K1;RAPGEF1;KIDINS220;CRKL,C-TAL
prerank,Reactome_2022__Phototransduction Cascade R-HSA-2514856,0.7535258766167134,1.0440861205449303,0.4765957446808511,0.7669606763333466,1.0,4/31,5.45%,CALM1;RNF7;GNB1;NMT1,C-TAL
prerank,Reactome_2022__Apoptotic Cleavage Of Cellular Proteins R-HSA-111465,0.7398298853264929,1.0440258661196824,0.48628691983122363,0.7663719476333933,1.0,16/38,16.15%,BCAP31;SPTAN1;LMNA;PLEC;ADD1;DSG2;BIRC2;DBNL;GSN;VIM;SATB1;ACIN1;STK24;TJP2;FZR1;CASP7,C-TAL
prerank,Reactome_2022__Neurotransmitter Release Cycle R-HSA-112310,0.7406277419674354,1.043888783500848,0.45426195426195426,0.7662323357058395,1.0,9/50,8.10%,SLC38A2;ARL6IP5;SLC6A12;SLC22A2;HSPA8;LIN7C;MAOA;VAMP2;DNAJC5,C-TAL
prerank,Reactome_2022__EML4 And NUDC In Mitotic Spindle Formation R-HSA-9648025,0.7206074031586255,1.0438604660161752,0.4659206510681587,0.7654421793726613,1.0,34/95,16.14%,RPS27;DYNC1H1;DYNLL1;NUDC;PPP2R1A;DYNC1LI2;DYNC1I2;PAFAH1B1;RANBP2;PPP2CB;PPP1CC;DYNLL2;SKA2;MAPRE1;PPP2CA;BUB3;PPP2R5C;RCC2;RANGAP1;SEC13;NUP160;DYNC1LI1;CKAP5;PPP2R5D;PPP2R5E;CENPT;PPP2R5B;PPP2R1B;MAD1L1;NDEL1;PPP2R5A;B9D2;SPDL1;KIF2A,C-TAL
prerank,Reactome_2022__Regulated Proteolysis Of p75NTR R-HSA-193692,0.7970795455772526,1.0433684488243467,0.4676674364896074,0.7673122954807202,1.0,7/11,15.27%,APH1A;NCSTN;PSEN1;RELA;PSENEN;APH1B;ADAM17,C-TAL
prerank,Reactome_2022__Regulation Of IFNA/IFNB Signaling R-HSA-912694,0.767247565297734,1.0432629185077131,0.45112781954887216,0.7669046877980977,1.0,10/25,21.39%,IFNAR1;PTPN11;SOCS1;STAT1;JAK1;SOCS3;STAT2;USP18;PTPN6;IFNAR2,C-TAL
prerank,Reactome_2022__Cytochrome C-Mediated Apoptotic Response R-HSA-111461,0.7909539828140881,1.043253937412411,0.45219347581552305,0.7660108038933392,1.0,9/13,18.32%,CYCS;APIP;MAPK3;MAPK1;XIAP;CASP7;UACA;CARD8;CASP3,C-TAL
prerank,Reactome_2022__Diseases Associated With Visual Transduction R-HSA-2474795,0.7900508963811289,1.042893927969402,0.4845360824742268,0.7671654002181876,1.0,4/13,18.75%,NAPEPLD;ABCA4;RBP1;RBP4,C-TAL
prerank,Reactome_2022__SUMOylation Of RNA Binding Proteins R-HSA-4570464,0.7374531368838416,1.0427047499210467,0.4722513089005236,0.767342532833297,1.0,23/46,17.50%,SUMO2;SUMO1;HNRNPK;PCGF2;UBE2I;TPR;PHC2;RANBP2;CBX4;RING1;SEC13;NUP160;NUP50;NUP62;NUP42;NOP58;NUP93;NDC1;POM121C;AAAS;NUP43;NUP210;PHC1,C-TAL
prerank,Reactome_2022__KSRP (KHSRP) Binds And Destabilizes mRNA R-HSA-450604,0.7728218772846379,1.0426081575502808,0.4845814977973568,0.76694057132162,1.0,12/17,19.42%,EXOSC4;AKT1;KHSRP;EXOSC7;EXOSC8;DCP2;EXOSC6;MAPK14;EXOSC5;DIS3;EXOSC1;EXOSC2,C-TAL
prerank,Reactome_2022__Butyrate Response Factor 1 Binds And Destabilizes mRNA R-HSA-450385,0.7746986750875107,1.042211821131895,0.49832026875699886,0.7681962986145495,1.0,13/17,19.42%,YWHAB;EXOSC4;AKT1;MAPKAPK2;EXOSC7;EXOSC8;DCP2;EXOSC6;DCP1A;EXOSC5;DIS3;EXOSC1;EXOSC2,C-TAL
prerank,Reactome_2022__MAPK1/MAPK3 Signaling R-HSA-5684996,0.7003174219279525,1.0416503308676426,0.371,0.7703942944717334,1.0,97/275,12.91%,PEBP1;UBC;UBB;CALM1;PSMB6;RPS27A;ARL2;RBX1;PSMA7;PSMD8;PSMB5;LAMTOR2;UBA52;MAP2K2;YWHAB;PSMB1;SPTAN1;PSMA1;PSMA6;PSMA2;PSMC5;PSME1;PSMD9;ERBB2;PSMB4;PSME2;PSMA4;PSMA5;PSMB2;RNMT;TLN1;PPP2R1A;PSMB3;LYPLA1;PSMB7;VCL;FGFR3;RGL2;SEM1;IL6ST;PSMD14;PSMD13;ICMT;PPP2CB;HRAS;PSMC1;PSMC4;PSMD2;PSMC2;PSMF1;SPTBN1;GOLGA7;PPP1CC;PSMD11;PSMD6;PSMC3;LAMTOR3;PSMA3;PTPN11;PPP2CA;PSMC6;PSMD7;RAP1B;EGFR;DAB2IP;PSMD4;PPP2R5C;ERBB3;ABHD17A;GRB2;SPNS1;PEA15;IQGAP1;PSMD12;MAPK3;MAPK1;PSMD3;MAP2K1;ARAF;PPP5C;PSMB8;CSK;BCL2L1;FGFR1;KL;PSME3;PIK3R2;PSMD10;CAMK2G;PPP1CB;RANBP9;PDGFA;MRAS;JAK1;PPP2R5D;PPP2R5E;NRAS,C-TAL
prerank,Reactome_2022__Blood Group Systems Biosynthesis R-HSA-9033658,0.7637521807988829,1.0410837656806855,0.47925764192139736,0.7726479762786285,1.0,6/22,17.91%,ST3GAL4;ST6GALNAC6;B4GALNT2;ABO;B3GALT4;FUT11,C-TAL
prerank,Reactome_2022__Nucleotide Biosynthesis R-HSA-8956320,0.7952551922693197,1.0409799042174923,0.47766323024054985,0.7722707681958465,1.0,9/11,19.20%,COASY;PAICS;GMPS;ATIC;IMPDH2;PFAS;UMPS;GART;DHODH,C-TAL
prerank,Reactome_2022__HDR Thru Homologous Recombination (HRR) R-HSA-5685942,0.7273044864208208,1.0406519320370682,0.46242171189979125,0.7730361957293539,1.0,15/66,11.37%,UBC;UBB;RPS27A;UBA52;RPA3;SEM1;POLD2;KAT5;POLE4;POLD4;PCNA;POLE3;RAD50;RAD17;RAD51C,C-TAL
prerank,Reactome_2022__mRNA Decay By 3 To 5 Exoribonuclease R-HSA-429958,0.7868489629830836,1.0402091677183944,0.49430523917995445,0.7746151371608199,1.0,11/13,19.42%,DCPS;EXOSC4;EXOSC7;EXOSC8;NT5C3B;EXOSC6;EXOSC5;DIS3;HBS1L;EXOSC1;EXOSC2,C-TAL
prerank,Reactome_2022__Lewis Blood Group Biosynthesis R-HSA-9037629,0.7704296434978464,1.040197114623218,0.484118291347207,0.7737567854470675,1.0,5/18,17.91%,ST3GAL4;ST6GALNAC6;B4GALNT2;B3GALT4;FUT11,C-TAL
prerank,Reactome_2022__Regulation Of MECP2 Expression And Activity R-HSA-9022692,0.7472790628107381,1.0401300742452488,0.49842271293375395,0.7731421157011699,1.0,11/31,12.06%,CALM1;HIPK2;HDAC1;GPS2;LBR;NCOR2;NCOR1;HDAC2;HDAC3;CAMK2G;AGO2,C-TAL
prerank,Reactome_2022__Thrombin Signaling Thru Proteinase Activated Receptors (PARs) R-HSA-456926,0.7485433670328038,1.0401287262218037,0.4833512352309345,0.7722161040937511,1.0,13/32,17.35%,GNG5;GNB2;GNB1;GNA11;GNG10;MAPK3;MAPK1;GNG12;GNA12;SRC;GNB5;ARRB1;GNA13,C-TAL
prerank,Reactome_2022__Constitutive Signaling By Overexpressed ERBB2 R-HSA-9634285,0.7942654128332499,1.0398438609191045,0.48216340621403914,0.7727759094083778,1.0,8/10,17.90%,ERBB2;HSP90AA1;HRAS;CDC37;GRB2;NRAS;SHC1;PTPN12,C-TAL
prerank,Reactome_2022__Interleukin-10 Signaling R-HSA-6783783,0.7348466996973828,1.0398259430161894,0.5052083333333334,0.7719275853380819,1.0,9/45,21.76%,TNFRSF1A;STAT3;IL10RB;IL1R2;JAK1;TIMP1;TNFRSF1B;IL1R1;CCL2,C-TAL
prerank,Reactome_2022__DNA Double-Strand Break Repair R-HSA-5693532,0.7094385526839664,1.0393710682626014,0.47724974721941354,0.7734528943314798,1.0,49/131,16.58%,UBC;UBB;SUMO2;RPS27A;SUMO1;UBA52;PPP4C;UBXN1;XRCC6;PRKDC;RPA3;UBE2I;PPP4R2;SEM1;POLD2;ERCC1;KAT5;POLE4;UBE2N;POLD4;BABAM1;PCNA;PARP1;POLE3;RNF8;SMARCA5;POLM;XRCC5;BAZ1B;UBE2V2;RAD50;PPP5C;RAD17;RAD51C;XRCC1;PIAS4;ABRAXAS1;ATM;KPNA2;LRIF1;TOPBP1;MDC1;TDP2;RHNO1;BRCC3;RNF168;RMI1;MUS81;SIRT6,C-TAL
prerank,Reactome_2022__Regulation Of TP53 Activity Thru Acetylation R-HSA-6804758,0.7523070086905718,1.039260727445794,0.5005291005291005,0.7730860618442106,1.0,20/29,16.61%,BRD7;HDAC1;AKT2;CHD3;AKT1;CHD4;RBBP7;MEAF6;GATAD2A;HDAC2;PIP4P1;ING3;PIP4K2C;ING5;EP300;BRPF3;RBBP4;BRD1;GATAD2B;PIP4K2B,C-TAL
prerank,Reactome_2022__Homology Directed Repair R-HSA-5693538,0.7127784034974591,1.039183420641171,0.48770491803278687,0.7725646434925442,1.0,37/101,16.58%,UBC;UBB;SUMO2;RPS27A;UBA52;PPP4C;RPA3;UBE2I;PPP4R2;SEM1;POLD2;ERCC1;KAT5;POLE4;UBE2N;POLD4;BABAM1;PCNA;PARP1;POLE3;RNF8;UBE2V2;RAD50;RAD17;RAD51C;XRCC1;PIAS4;ABRAXAS1;ATM;TOPBP1;MDC1;RHNO1;BRCC3;RNF168;RMI1;MUS81;SIRT6,C-TAL
prerank,Reactome_2022__RAF/MAP Kinase Cascade R-HSA-5673001,0.6987234592927397,1.0390969266968406,0.399,0.7721287479114738,1.0,95/269,12.91%,PEBP1;UBC;UBB;CALM1;PSMB6;RPS27A;ARL2;RBX1;PSMA7;PSMD8;PSMB5;LAMTOR2;UBA52;MAP2K2;YWHAB;PSMB1;SPTAN1;PSMA1;PSMA6;PSMA2;PSMC5;PSME1;PSMD9;ERBB2;PSMB4;PSME2;PSMA4;PSMA5;PSMB2;RNMT;TLN1;PPP2R1A;PSMB3;LYPLA1;PSMB7;VCL;FGFR3;RGL2;SEM1;PSMD14;PSMD13;ICMT;PPP2CB;HRAS;PSMC1;PSMC4;PSMD2;PSMC2;PSMF1;SPTBN1;GOLGA7;PPP1CC;PSMD11;PSMD6;PSMC3;LAMTOR3;PSMA3;PPP2CA;PSMC6;PSMD7;RAP1B;EGFR;DAB2IP;PSMD4;PPP2R5C;ERBB3;ABHD17A;GRB2;SPNS1;PEA15;IQGAP1;PSMD12;MAPK3;MAPK1;PSMD3;MAP2K1;ARAF;PPP5C;PSMB8;CSK;BCL2L1;FGFR1;KL;PSME3;PIK3R2;PSMD10;CAMK2G;PPP1CB;RANBP9;PDGFA;MRAS;JAK1;PPP2R5D;PPP2R5E;NRAS,C-TAL
prerank,Reactome_2022__SUMOylation Of Transcription Factors R-HSA-3232118,0.7659605795958099,1.0386849821649915,0.5135135135135135,0.7733182240143857,1.0,3/19,3.54%,SUMO2;SUMO1;UBE2I,C-TAL
prerank,Reactome_2022__RAB GEFs Exchange GTP For GDP On RABs R-HSA-8876198,0.712577232812365,1.038604865099357,0.48463114754098363,0.7728236286724661,1.0,37/88,12.04%,RAB13;RAB14;TRAPPC5;TRAPPC1;RAB1B;GDI2;RAB5C;RAB18;TRAPPC2L;TRAPPC4;RAB9A;RAB1A;AKT2;RAB5B;AKT1;TRAPPC6A;TRAPPC3;RAB8A;RAB5A;YWHAE;MON1B;GDI1;RAB6A;HPS1;RAB35;CCZ1B;RAB32;DENND2D;RAB7A;RAB21;RIN2;DENND4B;HPS4;MADD;RAB3IP;ULK1;RAB27A,C-TAL
prerank,Reactome_2022__ATF6 (ATF6-alpha) Activates Chaperones R-HSA-381033,0.7934788638311537,1.0382264784966782,0.5096921322690992,0.7739794204236258,1.0,7/11,10.82%,MBTPS1;HSPA5;NFYB;CALR;ATF4;ATF6;DDIT3,C-TAL
prerank,Reactome_2022__HuR (ELAVL1) Binds And Stabilizes mRNA R-HSA-450520,0.8004112853684024,1.0374754529740913,0.4947613504074505,0.7771234669479805,1.0,5/10,11.63%,SET;TNFSF13;ELAVL1;ANP32A;ENPP2,C-TAL
prerank,Reactome_2022__MAPK Family Signaling Cascades R-HSA-5683057,0.695362079512096,1.0372887732245089,0.383,0.7771465779268257,1.0,107/316,12.91%,PEBP1;UBC;UBB;CALM1;PSMB6;RPS27A;ARL2;RBX1;PSMA7;PSMD8;PSMB5;LAMTOR2;UBA52;MAP2K2;YWHAB;PSMB1;SPTAN1;PSMA1;PSMA6;PSMA2;PSMC5;PSME1;PSMD9;ERBB2;PSMB4;PSME2;PSMA4;PSMA5;JUN;PSMB2;RNMT;SEPTIN7;TLN1;PPP2R1A;PSMB3;LYPLA1;CDC42EP3;HSPB1;PSMB7;VCL;CDC42;FGFR3;PKN1;RGL2;SEM1;IL6ST;PSMD14;PSMD13;ICMT;PPP2CB;HRAS;PSMC1;PSMC4;PSMD2;PSMC2;PSMF1;SPTBN1;GOLGA7;PPP1CC;PSMD11;PSMD6;PSMC3;LAMTOR3;PSMA3;PTPN11;PPP2CA;PSMC6;PSMD7;RAP1B;DNAJB1;EGFR;DAB2IP;PSMD4;PPP2R5C;ERBB3;ABHD17A;GRB2;SPNS1;PEA15;IQGAP1;PSMD12;MAPK3;MAPK1;PSMD3;MAP2K1;ARAF;MAPKAPK5;PPP5C;PSMB8;CSK;BCL2L1;FGFR1;KL;PSME3;PIK3R2;PSMD10;CAMK2G;PRKACB;PPP1CB;RANBP9;PDGFA;AGO2;MRAS;JAK1;PPP2R5D;PPP2R5E;NRAS,C-TAL
prerank,Reactome_2022__Maturation Of Nucleoprotein R-HSA-9683610,0.7927506984382857,1.0370492638350741,0.49483352468427094,0.7774827500397703,1.0,8/12,15.80%,SUMO1;UBE2I;PARP14;GSK3A;PARP9;PARP6;PARP10;PARP4,C-TAL
prerank,Reactome_2022__Mismatch Repair (MMR) Directed By MSH2:MSH6 (MutSalpha) R-HSA-5358565,0.7838201444282585,1.03701286470513,0.4916759156492786,0.776746201200169,1.0,7/14,14.53%,RPA3;POLD2;POLD4;PCNA;MSH6;PMS2;MLH1,C-TAL
prerank,Reactome_2022__Cleavage Of Damaged Purine R-HSA-110331,0.7951676345747336,1.0368431596563834,0.5069767441860465,0.776721990829096,1.0,8/10,18.91%,TERF2IP;MPG;TINF2;TERF1;MUTYH;TERF2;OGG1;ACD,C-TAL
prerank,Reactome_2022__Generation Of Second Messenger Molecules R-HSA-202433,0.7525796286097333,1.0365892629325943,0.5021551724137931,0.777151539906092,1.0,7/29,13.35%,HLA-DRA;PKN1;SPNS1;HLA-DRB1;EVL;ENAH;VASP,C-TAL
prerank,Reactome_2022__Signaling To RAS R-HSA-167044,0.7659091264899088,1.036516944744333,0.4961832061068702,0.7765904856536276,1.0,11/19,18.16%,RALB;HRAS;MAPKAPK2;MAPKAPK3;GRB2;NRAS;SRC;SHC1;MAPK14;RALGDS;MAPK13,C-TAL
prerank,MSigDB_Hallmark_2020__Hypoxia,0.6992580440009958,1.0353740490827155,0.44120603015075377,0.6108612605519368,1.0,70/200,12.67%,ENO1;LDHA;PFKFB3;GAPDH;MYH9;SDC2;S100A4;TPI1;SELENBP1;PRDX5;BTG1;GAA;CSRP2;HEXA;MIF;HDLBP;GRHPR;BNIP3L;UGP2;HK1;IGFBP3;PNRC1;JUN;PDK3;ILVBL;GPI;PFKL;CITED2;ANXA2;FAM162A;HSPA5;IER3;MXI1;SLC2A1;NDST1;SULT2B1;CCN1;TPD52;DUSP1;PGK1;VLDLR;CDKN1B;PGM1;VEGFA;ZFP36;PGAM2;FOS;GPC1;KLF6;EGFR;SLC25A1;HOXB9;EFNA1;CAVIN1;CDKN1C;B4GALNT2;BGN;ALDOA;GPC3;GPC4;PLIN2;DDIT3;RBPJ;TES;GBE1;PFKP;CCN2;P4HA1;NDST2;ANKZF1,C-TAL
prerank,Reactome_2022__Transcription Of E2F Targets Under Negative Control By P107 (RBL1) And P130 (RBL2) In Complex With HDAC1 R-HSA-1362300,0.7732755281108075,1.0347265647528163,0.517051705170517,0.7849287329088844,1.0,6/16,13.11%,HDAC1;E2F4;TFDP1;TFDP2;RBL2;RBBP4,C-TAL
prerank,Reactome_2022__Signaling By VEGF R-HSA-194138,0.7041753434805599,1.0345896175478004,0.49183673469387756,0.7846587702968522,1.0,37/102,13.06%,CALM1;RHOA;ITGAV;VEGFB;JUP;BRK1;AAMP;HSPB1;CYFIP1;CDC42;AKT2;PKN1;HSP90AA1;AKT1;HRAS;CRK;WASF2;CYBA;VEGFA;MAPKAPK2;BCAR1;CTNNA1;MAPKAPK3;PDPK1;CYFIP2;VAV2;AHCYL1;ROCK2;PRKCZ;SHB;PIK3R2;PRKACB;MLST8;ITPR3;MTOR;NRAS;NCK2,C-TAL
prerank,Reactome_2022__Response Of EIF2AK1 (HRI) To Heme Deficiency R-HSA-9648895,0.7830181870060129,1.0342797671003545,0.5027685492801772,0.7852285387371323,1.0,10/15,17.70%,EIF2S2;EIF2AK1;EIF2S1;ATF4;EIF2S3;DDIT3;CEBPG;ATF5;PPP1R15A;CHAC1,C-TAL
prerank,Reactome_2022__Dimerization Of Procaspase-8 R-HSA-69416,0.7813139092339925,1.034041383190418,0.523590333716916,0.7845987833172556,1.0,6/11,18.28%,TNFSF10;FASN;CFLAR;FADD;RIPK1;TRADD,C-TAL
prerank,Reactome_2022__CASP8 Activity Is Inhibited R-HSA-5218900,0.7813139092339925,1.034041383190418,0.523590333716916,0.7845987833172556,1.0,6/11,18.28%,TNFSF10;FASN;CFLAR;FADD;RIPK1;TRADD,C-TAL
prerank,Reactome_2022__TNFs Bind Their Physiological Receptors R-HSA-5669034,0.755605652472924,1.03368314680044,0.483493077742279,0.7855338703613278,1.0,4/29,15.39%,TNFRSF11B;TNFSF13;TNFRSF1A;TNFRSF1B,C-TAL
prerank,Reactome_2022__Tryptophan Catabolism R-HSA-71240,0.7815785182924776,1.033209041546469,0.5,0.7870234888678367,1.0,4/14,15.77%,AFMID;SLC7A5;SLC3A2;KYAT3,C-TAL
prerank,Reactome_2022__E2F Mediated Regulation Of DNA Replication R-HSA-113510,0.7586015119911317,1.0324548924835486,0.49564270152505446,0.7899810946266169,1.0,8/22,14.72%,PPP2R1A;PPP2CB;PPP2CA;RB1;TFDP1;TFDP2;PPP2R1B;MCM8,C-TAL
prerank,Reactome_2022__Scavenging Of Heme From Plasma R-HSA-2168880,0.7821809971102683,1.0323422821454415,0.5286697247706422,0.7896332623108672,1.0,3/11,17.64%,C1D;DLC1;AMBP,C-TAL
prerank,Reactome_2022__SUMOylation Of SUMOylation Proteins R-HSA-4085377,0.7393406425656014,1.0321195667751357,0.5189473684210526,0.7897681524283685,1.0,18/35,17.38%,SUMO2;SUMO1;UBE2I;TPR;RANBP2;TOPORS;SEC13;NUP160;NUP50;NUP62;NUP42;PIAS4;NUP93;NDC1;POM121C;AAAS;NUP43;NUP210,C-TAL
prerank,Reactome_2022__Josephin Domain DUBs R-HSA-5689877,0.7916774328549597,1.0317104896882072,0.508551881413911,0.7909405288443916,1.0,7/12,3.83%,UBC;UBB;RPS27A;UBA52;RAD23A;VCP;JOSD2,C-TAL
prerank,Reactome_2022__p38MAPK Events R-HSA-171007,0.7855337646256253,1.0316937522378877,0.5125570776255708,0.7900932655538498,1.0,9/12,18.16%,RALB;HRAS;MAPKAPK2;MAPKAPK3;NRAS;SRC;MAPK14;RALGDS;MAPK13,C-TAL
prerank,Reactome_2022__Beta-oxidation Of Very Long Chain Fatty Acids R-HSA-390247,0.7942033769979824,1.0309837754670317,0.5005714285714286,0.7927944701061335,1.0,9/11,20.03%,HSD17B4;ECI2;ACAA1;ACOX1;ACOT8;DECR2;MLYCD;EHHADH;ABCD1,C-TAL
prerank,Reactome_2022__Interleukin-6 Signaling R-HSA-1059683,0.7967451959289991,1.0306596649579542,0.4931350114416476,0.7934654885642994,1.0,6/11,13.88%,IL6ST;PTPN11;STAT3;STAT1;JAK1;SOCS3,C-TAL
prerank,Reactome_2022__Death Receptor Signaling R-HSA-73887,0.6971108579712781,1.0303322421166825,0.49899193548387094,0.7941559663714549,1.0,48/139,13.84%,UBC;RACK1;UBB;RTN4;RPS27A;RHOA;UBA52;BEX3;SQSTM1;APH1A;TNFSF10;BAD;ARHGDIA;HDAC1;RBCK1;ARHGEF35;BIRC2;NCSTN;ARHGEF10L;YWHAE;PSEN1;PRKCI;ARHGEF16;SHARPIN;NFKBIA;SPPL2B;FASN;CFLAR;HDAC2;PRPF38B;VAV2;HDAC3;TNFRSF1A;ARHGEF5;RELA;ARHGEF17;IRAK1;PSENEN;MADD;XIAP;ARHGEF18;CYLD;BAG4;APH1B;USP4;IKBKG;MCF2L;CHUK,C-TAL
prerank,Reactome_2022__Synthesis Of PIPs At Early Endosome Membrane R-HSA-1660516,-0.6165525380997127,-1.029819280042678,0.4368932038834951,0.9375257557666501,1.0,3/16,3.49%,INPP4B;PIK3C2A;MTMR4,C-TAL
prerank,Reactome_2022__Disassembly Of Destruction Complex And Recruitment Of AXIN To Membrane R-HSA-4641262,0.7451626211176607,1.0287775532361862,0.5415778251599147,0.8009254860571922,1.0,14/29,15.74%,DVL3;PPP2R1A;PPP2CB;CSNK1G2;PPP2CA;PPP2R5C;PPP2R5D;PPP2R5E;FZD1;PPP2R5B;DVL2;PPP2R1B;LRP5;PPP2R5A,C-TAL
prerank,MSigDB_Hallmark_2020__KRAS Signaling Up,0.6922848229155754,1.0287733373142296,0.48694779116465864,0.6254087924447078,1.0,62/199,18.75%,CA2;PLAU;CPE;G0S2;FUCA1;JUP;PIGR;RBM4;PCSK1N;EMP1;IGFBP3;TRIB2;AKT2;TSPAN1;PCP4;STRN;TOR1AIP2;TMEM176A;PRELID3B;CROT;GYPC;MTMR10;TMEM176B;ANKH;BPGM;F2RL1;GALNT3;ZNF639;PSMB8;TSPAN7;DCBLD2;TFPI;SEMA3B;SATB1;ABCB1;MAP3K1;WDR33;GPRC5B;PEG3;YRDC;ADAM17;TNFRSF1B;PPP1R15A;SLPI;ST6GAL1;NRP1;MAFB;CAB39L;ERO1A;VWA5A;ETS1;BTBD3;DNMBP;NAP1L2;EPHB2;NIN;TRIB1;GADD45G;CDADC1;PLVAP;GNG11;RBP4,C-TAL
prerank,Reactome_2022__PRC2 Methylates Histones And DNA R-HSA-212300,0.7873370820647292,1.0285779742840622,0.5251141552511416,0.8009807826443438,1.0,5/13,13.17%,SUZ12;RBBP7;PHF1;RBBP4;DNMT1,C-TAL
prerank,Reactome_2022__Signaling To ERKs R-HSA-187687,0.7441849509690497,1.028005573645819,0.5295381310418904,0.8029839680416543,1.0,20/33,18.16%,MAP2K2;YWHAB;RALB;HRAS;CRK;MAPKAPK2;MAPKAPK3;GRB2;MAPK3;MAPK1;MAP2K1;RAPGEF1;KIDINS220;CRKL;NRAS;SRC;SHC1;MAPK14;RALGDS;MAPK13,C-TAL
prerank,Reactome_2022__Mismatch Repair R-HSA-5358508,0.7763106276416358,1.0279104807466017,0.5110132158590308,0.8025308166740058,1.0,7/15,14.53%,RPA3;POLD2;POLD4;PCNA;MSH6;PMS2;MLH1,C-TAL
prerank,Reactome_2022__TNF Receptor Superfamily (TNFSF) Members Mediating Non-Canonical NF-kB Pathway R-HSA-5676594,0.7591649697845355,1.0276333790153531,0.5334796926454446,0.8029650773015239,1.0,5/17,17.91%,TNFRSF12A;BIRC2;LTBR;TNFSF12;TRAF3,C-TAL
prerank,Reactome_2022__G Alpha (S) Signaling Events R-HSA-418555,-0.42430309419628165,-1.0275678122465035,0.4,0.9230148247551222,1.0,11/152,1.61%,PTH2R;PDE4D;PDE1A;PTH1R;PDE7B;PDE10A;CALCR;GNGT1;PDE8A;PDE8B;GPR39,C-TAL
prerank,Reactome_2022__Extra-nuclear Estrogen Signaling R-HSA-9009391,0.713792058224721,1.0273637392794372,0.5149023638232272,0.8032776536068686,1.0,27/73,12.91%,CALM1;GNG5;UHMK1;PRMT1;GNB2;GNAI2;GNB1;AKT2;CCND1;ZDHHC7;HSP90AA1;AKT1;HRAS;STRN;GNG10;GNAI3;CDKN1B;FOS;EGFR;PDPK1;MAPK3;MAPK1;GNG12;PRKCZ;PIK3R2;PIK3R3;NRAS,C-TAL
prerank,MSigDB_Hallmark_2020__Estrogen Response Late,0.6945305637824833,1.0270291588807383,0.4834170854271357,0.6175171243317953,1.0,57/200,12.51%,CA2;BAG1;AMFR;PERP;CPE;SERPINA1;COX6C;SERPINA5;CD9;IMPA2;ST14;FOXC1;ETFB;CELSR2;ALDH3A2;DYNLT3;IDH2;BLVRB;PPIF;XBP1;TOB1;PDZK1;FGFR3;CCND1;DCXR;IL6ST;MOCS2;KRT19;ARL3;PCP4;CDH1;SULT2B1;WFS1;FKBP4;ZFP36;SLC29A1;NCOR2;PLXNB1;GALE;FOS;TFF3;TSTA3;FDFT1;ABHD2;NXT1;SLC7A5;PDCD4;EMP2;ASS1;HMGCS2;SEMA3B;GPER1;ITPK1;TST;LSR;PLAAT3;JAK1,C-TAL
prerank,Reactome_2022__Glyoxylate Metabolism And Glycine Degradation R-HSA-389661,0.745758191025101,1.0262481717371434,0.5289079229122056,0.8078823293072704,1.0,15/31,13.40%,NDUFAB1;GCSH;PXMP2;GRHPR;PDHA1;PDHB;GOT2;DLST;BCKDHA;AMT;HOGA1;OGDH;DHTKD1;LIPT1;DLAT,C-TAL
prerank,Reactome_2022__RHOV GTPase Cycle R-HSA-9013424,0.7381458053894525,1.0259617714343943,0.5270988310308182,0.8083273833587388,1.0,19/36,14.35%,CLTC;PARD6B;SPTAN1;TXNL1;CDC42;WDR6;PKN1;PARD6A;TPM3;SPTBN1;WASL;IQGAP1;TPM4;GIT1;DST;NCK2;VANGL1;PAK4;MAP3K11,C-TAL
prerank,Reactome_2022__Keratinization R-HSA-6805567,0.6898023742667695,1.025739652907895,0.48897795591182364,0.8083840505461116,1.0,15/206,6.63%,PERP;KRT10;KRT18;JUP;CAPNS1;CAPN1;ST14;PRSS8;FURIN;KRT8;KRT7;DSG2;PPL;KRT19;EVPL,C-TAL
prerank,Reactome_2022__Fatty acyl-CoA Biosynthesis R-HSA-75105,0.7311651729177043,1.0245715090398244,0.5452609158679447,0.8128882662090589,1.0,9/37,8.30%,HSD17B12;HACD2;ACSL1;HACD3;TECR;PPT1;ELOVL1;SLC25A1;FASN,C-TAL
prerank,Reactome_2022__Unwinding Of DNA R-HSA-176974,0.7799578072858884,1.0245073079331133,0.5309633027522935,0.8122427461331168,1.0,5/11,18.52%,MCM3;MCM7;MCM8;MCM5;MCM4,C-TAL
prerank,Reactome_2022__Sensory Processing Of Sound By Outer Hair Cells Of Cochlea R-HSA-9662361,0.7274982551703142,1.0239338462743013,0.5264797507788161,0.8140565129245345,1.0,13/53,11.04%,MYH9;EPS8L2;SPTAN1;EZR;MSN;TRIOBP;TWF1;SPTBN1;GSN;TPRN;ESPN;RDX;PLS1,C-TAL
prerank,Reactome_2022__ATF4 Activates Genes In Response To Endoplasmic Reticulum Stress R-HSA-380994,0.7458879691564275,1.0237212362733592,0.5308510638297872,0.814130472498616,1.0,20/27,21.76%,HERPUD1;EXOSC4;NFYB;ATF4;KHSRP;EXOSC7;EXOSC8;DCP2;EXOSC6;ATF6;DDIT3;CEBPG;EXOSC5;DIS3;EXOSC1;EXOSC2;ATF3;CEBPB;NFYA;CCL2,C-TAL
prerank,Reactome_2022__TP53 Regulates Transcription Of Additional Cell Cycle Genes With Uncertain Roles In P53 Pathway R-HSA-6804115,0.7556646078121013,1.0228528261919663,0.5305895439377085,0.8172817756565856,1.0,10/21,15.60%,NPM1;CNOT7;CNOT8;CNOT1;CNOT6L;CNOT3;BTG2;RGCC;CNOT11;TNKS1BP1,C-TAL
prerank,Reactome_2022__Deadenylation Of mRNA R-HSA-429947,0.7456849066814534,1.0224849127907125,0.5442622950819672,0.8181154610174722,1.0,15/25,15.60%,EIF4A1;EIF4G1;EIF4B;EIF4A3;PAIP1;CNOT7;EIF4A2;PABPC1;CNOT8;CNOT1;CNOT6L;EIF4E;CNOT3;CNOT11;TNKS1BP1,C-TAL
prerank,Reactome_2022__AKT Phosphorylates Targets In Cytosol R-HSA-198323,0.7666575277358899,1.0223794720455706,0.54524627720504,0.8176649182779466,1.0,8/14,10.18%,BAD;MKRN1;AKT2;AKT1;CDKN1B;GSK3A;AKT1S1;TSC2,C-TAL
prerank,Reactome_2022__Carboxyterminal Post-Translational Modifications Of Tubulin R-HSA-8955332,0.7321849373725099,1.0219762744009864,0.531578947368421,0.8186131029136398,1.0,7/39,7.58%,TUBB;TUBB4B;TUBA1B;SVBP;TUBA1C;TPGS1;TPGS2,C-TAL
prerank,Reactome_2022__SUMOylation Of DNA Replication Proteins R-HSA-4615885,0.7219767109924042,1.0216442949871039,0.5525210084033614,0.8191379955658347,1.0,19/45,17.38%,SUMO2;SUMO1;UBE2I;TPR;RANBP2;PCNA;RANGAP1;SEC13;NUP160;NUP50;NUP62;NUP42;PIAS4;NUP93;NDC1;POM121C;AAAS;NUP43;NUP210,C-TAL
prerank,Reactome_2022__Kinesins R-HSA-983189,0.7342579663454147,1.021586486188721,0.5419766206163655,0.8184866584865857,1.0,13/42,18.27%,KIF1C;KIF5B;KIF9;KIF12;KIF22;KIF3B;KIF3A;KIF21A;KLC4;KIF2A;KLC3;KIF26A;KIF20B,C-TAL
prerank,Reactome_2022__Frs2-mediated Activation R-HSA-170968,0.7795972867541794,1.0214920945883394,0.5544100801832761,0.817965827039012,1.0,7/12,12.36%,MAP2K2;YWHAB;MAPK3;MAPK1;MAP2K1;RAPGEF1;CRKL,C-TAL
prerank,Reactome_2022__Sialic Acid Metabolism R-HSA-4085001,0.7400787382872567,1.0214638119262378,0.5373931623931624,0.8171496819577605,1.0,11/33,16.39%,ST3GAL4;CTSA;ST6GALNAC6;GLB1;CMAS;GNE;SLC35A1;NANS;SLC17A5;NANP;ST6GAL1,C-TAL
prerank,Reactome_2022__P75 NTR Receptor-Mediated Signaling R-HSA-193704,0.7030959417841501,1.0213144112647807,0.564729867482161,0.8168730586479488,1.0,29/95,10.73%,UBC;UBB;RTN4;RPS27A;RHOA;UBA52;BEX3;SQSTM1;APH1A;BAD;ARHGDIA;HDAC1;ARHGEF35;NCSTN;ARHGEF10L;YWHAE;PSEN1;PRKCI;ARHGEF16;NFKBIA;HDAC2;PRPF38B;VAV2;HDAC3;ARHGEF5;RELA;ARHGEF17;IRAK1;PSENEN,C-TAL
prerank,Reactome_2022__Regulation Of Signaling By NODAL R-HSA-1433617,0.7891121823214196,1.0208172527985504,0.5536529680365296,0.8182207103221901,1.0,2/10,7.98%,TDGF1;ACVR1B,C-TAL
prerank,Reactome_2022__Regulation Of Gene Expression In Late Stage (Branching Morphogenesis) Pancreatic Bud Precursor Cells R-HSA-210744,-0.5960878741719846,-1.0206756617000428,0.3925233644859813,0.9209828010053766,1.0,5/15,3.11%,MAML2;MAML3;KAT2B;CREBBP;KAT2A,C-TAL
prerank,Reactome_2022__G1/S-Specific Transcription R-HSA-69205,0.7410198765687646,1.0204642280145375,0.55863539445629,0.8189152080436912,1.0,9/29,13.11%,HDAC1;E2F4;PCNA;DHFR;TFDP1;TK1;TFDP2;RBL2;RBBP4,C-TAL
prerank,Reactome_2022__Activated TAK1 Mediates P38 MAPK Activation R-HSA-450302,0.7493390396076923,1.0203695101632537,0.5361050328227571,0.81844453333654,1.0,10/19,17.69%,UBE2V1;UBE2N;MAPKAPK2;MAPKAPK3;IRAK1;IKBKG;MAP2K3;MAPK14;TAB2;TAB3,C-TAL
prerank,"Reactome_2022__Tristetraprolin (TTP, ZFP36) Binds And Destabilizes mRNA R-HSA-450513",0.7589100395437934,1.020000141891916,0.5756207674943566,0.8192267758017214,1.0,13/17,19.42%,YWHAB;EXOSC4;ZFP36;MAPKAPK2;EXOSC7;EXOSC8;DCP2;EXOSC6;DCP1A;EXOSC5;DIS3;EXOSC1;EXOSC2,C-TAL
prerank,Reactome_2022__Regulation Of FOXO Transcriptional Activity By Acetylation R-HSA-9617629,0.784113371079697,1.0199078178416243,0.5445086705202312,0.8187568167555432,1.0,4/10,12.17%,TXNIP;TXN2;SIRT3;EP300,C-TAL
prerank,Reactome_2022__Prolactin Receptor Signaling R-HSA-1170546,0.7663841130157538,1.0191003337807185,0.5495495495495496,0.8215247012946647,1.0,3/15,7.07%,RBX1;SKP1;PTPN11,C-TAL
prerank,Reactome_2022__FOXO-mediated Transcription R-HSA-9614085,0.7092454088957371,1.0189121632348068,0.5561385099685204,0.8214588947543284,1.0,22/64,11.07%,TXNIP;REXO2;BTG1;PINK1;YWHAB;YWHAQ;TXN2;CITED2;HDAC1;GADD45A;AKT2;YWHAG;AKT1;NFYB;CDKN1B;BCL6;HDAC2;SMAD3;SMAD4;DDIT3;SIRT3;SREBF1,C-TAL
prerank,Reactome_2022__GPCR Ligand Binding R-HSA-500792,-0.3755963481025115,-1.018132130215171,0.001,0.9084206434619527,1.0,14/455,1.75%,PTH2R;CASR;PTH1R;PTGER3;CXCL12;KNG1;SUCNR1;PLPPR1;CALCR;GNGT1;GPNMB;NPY1R;GPR39;GRM1,C-TAL
prerank,Reactome_2022__Integrin Signaling R-HSA-354192,0.7396412101190383,1.0163329715156868,0.5767991407089151,0.8322667945729999,1.0,12/27,15.98%,TLN1;AKT1;RAPGEF3;CRK;BCAR1;RAP1B;PDPK1;GRB2;CSK;SRC;SYK;SHC1,C-TAL
prerank,Reactome_2022__Telomere Extension By Telomerase R-HSA-171319,0.7517750790509675,1.016194920704779,0.5686274509803921,0.8319578466756722,1.0,11/23,16.20%,NOP10;NHP2;TERF2IP;PPP6C;GAR1;RUVBL2;TINF2;TERF1;RUVBL1;DKC1;TERF2,C-TAL
prerank,Reactome_2022__Mismatch Repair (MMR) Directed By MSH2:MSH3 (MutSbeta) R-HSA-5358606,0.7707985364161726,1.016182995147689,0.5517241379310345,0.831065083018875,1.0,6/14,14.53%,RPA3;POLD2;POLD4;PCNA;PMS2;MLH1,C-TAL
prerank,Reactome_2022__Metabolism Of Water-Soluble Vitamins And Cofactors R-HSA-196849,0.6966234420458266,1.0160594276521888,0.5565749235474006,0.8306670670968624,1.0,55/121,18.01%,PDXK;NAXE;COASY;PPCS;SHMT1;CYB5R3;GSTO1;PANK2;MOCS2;NAMPT;SLC2A1;PNPO;NMRK1;QPRT;ABCD4;LMBRD1;CD320;PARP14;MMAB;NADK2;NADK;RFK;FASN;PANK3;MCCC2;NAPRT;MMADHC;DHFR;NUDT12;AASDHPPT;MCCC1;MTHFD2L;MTHFD1;NAXD;ENPP2;LDLRAP1;GSTO2;TCN2;NFS1;SLC52A2;MMUT;PARP9;PARP6;SLC46A1;SLC5A6;PARP10;PANK4;PARP4;PDZD11;MTRR;SLC25A19;MOCS1;MMACHC;FLAD1;FPGS,C-TAL
prerank,Reactome_2022__Establishment Of Sister Chromatid Cohesion R-HSA-2468052,0.7781009134845885,1.0157272549735006,0.5522388059701493,0.8312026127246932,1.0,6/11,17.52%,RAD21;SMC3;SMC1A;WAPL;STAG2;ESCO1,C-TAL
prerank,Reactome_2022__VEGFA-VEGFR2 Pathway R-HSA-4420097,0.6943435165810437,1.0155172453143235,0.5635245901639344,0.8311600250625315,1.0,35/93,13.06%,CALM1;RHOA;ITGAV;JUP;BRK1;HSPB1;CYFIP1;CDC42;AKT2;PKN1;HSP90AA1;AKT1;HRAS;CRK;WASF2;CYBA;VEGFA;MAPKAPK2;BCAR1;CTNNA1;MAPKAPK3;PDPK1;CYFIP2;VAV2;AHCYL1;ROCK2;PRKCZ;SHB;PIK3R2;PRKACB;MLST8;ITPR3;MTOR;NRAS;NCK2,C-TAL
prerank,Reactome_2022__Glutamate Neurotransmitter Release Cycle R-HSA-210500,0.744294976781992,1.014434475775332,0.5742145178764897,0.8350561813056251,1.0,2/23,0.45%,SLC38A2;ARL6IP5,C-TAL
prerank,Reactome_2022__Ketone Body Metabolism R-HSA-74182,0.7766421125411269,1.0139450586651553,0.5416191562143672,0.836389081185157,1.0,6/10,13.29%,BDH2;AACS;HMGCL;HMGCS2;SOAT1;OXCT1,C-TAL
prerank,Reactome_2022__MET Promotes Cell Motility R-HSA-8875878,0.7398933848762931,1.013908755748221,0.5551982851018221,0.835606983489888,1.0,14/28,15.80%,ITGB1;RNMT;CRK;RAP1B;TNS3;LAMA5;GRB2;LAMC1;RAPGEF1;CRKL;LMNB2;SRC;ITGA3;PIGU,C-TAL
prerank,Reactome_2022__Signaling By Hippo R-HSA-2028269,0.7496726129918437,1.0129801521872925,0.5764192139737991,0.8387889148657465,1.0,12/20,16.47%,YWHAB;MOB1A;YWHAE;AMOTL2;WWTR1;WWC1;SAV1;STK24;DVL2;TJP2;LATS2;MOB1B,C-TAL
prerank,Reactome_2022__APC Truncation Mutants Have Impaired AXIN Binding R-HSA-5467337,0.7671408426937195,1.0118382812347515,0.5651685393258427,0.8426646568399623,1.0,9/14,15.74%,PPP2R1A;PPP2CB;PPP2CA;PPP2R5C;PPP2R5D;PPP2R5E;PPP2R5B;PPP2R1B;PPP2R5A,C-TAL
prerank,Reactome_2022__Interactions Of Rev With Host Cellular Proteins R-HSA-177243,0.7249069771227868,1.0113398934020166,0.5577942735949099,0.8438069292347546,1.0,18/37,17.38%,RAN;NPM1;RANBP1;KPNB1;TPR;RANBP2;RANGAP1;SEC13;NUP160;NUP50;NUP62;NUP42;NUP93;NDC1;POM121C;AAAS;NUP43;NUP210,C-TAL
prerank,Reactome_2022__Passive Transport By Aquaporins R-HSA-432047,0.7662372314199188,1.0110726037586186,0.580091533180778,0.8440011623180449,1.0,2/12,11.47%,AQP2;AQP3,C-TAL
prerank,Reactome_2022__Processing Of Intronless Pre-mRNAs R-HSA-77595,0.7483521480779025,1.009934728935577,0.5767138193688792,0.8478113892433936,1.0,14/20,20.02%,NCBP2;CPSF7;PCF11;CSTF2T;NUDT21;CSTF3;WDR33;PAPOLA;SYMPK;CPSF1;PABPN1;CSTF1;CPSF4;CPSF2,C-TAL
prerank,Reactome_2022__Heme Degradation R-HSA-189483,0.7571043818294287,1.009907084509451,0.5651697699890471,0.8469784536566015,1.0,4/16,13.63%,BLVRB;HMOX2;GUSB;BLVRA,C-TAL
prerank,Reactome_2022__Platelet Aggregation (Plug Formation) R-HSA-76009,0.7255840847272819,1.008890058976765,0.5786096256684492,0.8502352346603759,1.0,14/36,18.46%,TLN1;AKT1;RAPGEF3;CRK;BCAR1;RAP1B;PDPK1;GRB2;CSK;SRC;SYK;SHC1;ADRA2C;FN1,C-TAL
prerank,Reactome_2022__RUNX3 Regulates p14-ARF R-HSA-8951936,0.7765022390803281,1.008761093496796,0.5821596244131455,0.8498460416249966,1.0,4/10,12.91%,BRD2;CCND1;EP300;NRAS,C-TAL
prerank,Reactome_2022__Signaling By Receptor Tyrosine Kinases R-HSA-9006934,0.6735681261131101,1.0081051908912255,0.518,0.851644948133929,1.0,165/496,12.47%,UBC;ATP6V1F;UBB;CALM1;AP2M1;SPINT2;HNRNPA1;POLR2L;RPS27A;RHOA;MXD4;ITGB1;ATP6V0B;ITGAV;CLTC;EPN1;UBA52;MAP2K2;SPINT1;AP2S1;VEGFB;POLR2J;ATP6V1E1;STUB1;JUP;BRK1;YWHAB;ATP6V1G1;ATP6V0E2;APH1A;JUND;ATP6V0C;POLR2I;HNRNPF;POLR2K;ERBB2;FURIN;PTBP1;CLTA;ATP6V0E1;ATP6V0D1;STMN1;POLR2E;ATP6AP1;AAMP;RNMT;PPP2R1A;DNM2;ATP6V1D;HSPB1;HDAC1;POLR2F;CYFIP1;POLR2A;CDC42;REST;NCBP2;HIF1A;COL4A1;AKT2;DUSP3;FGFR3;PKN1;TIAL1;HSP90AA1;FLRT3;RALB;ID4;YES1;PPP2CB;NCSTN;AKT1;HRAS;CRK;WASF2;CHD4;POLR2C;RAB4A;BAX;CYBA;POLR2H;HGS;ATP6V1C1;VEGFA;MAPKAPK2;PSEN1;PTPN11;ADAM10;PPP2CA;BCAR1;CDC37;CTNNA1;COPS2;TIA1;RAP1B;FOS;MAPKAPK3;TNS3;ARF6;EGFR;PTPN18;CXXC1;NCOR1;PDPK1;SOCS1;ERBB3;ID1;LAMA5;HNRNPM;AP2B1;GRB2;CYFIP2;GRB7;HDAC2;COL4A2;GTF2F1;MAPK3;MAPK1;VAV2;HDAC3;LAMC1;STAT6;USP8;GALNT3;AHCYL1;ESRP2;STAT3;ROCK2;MAP2K1;RAPGEF1;SH3GL3;FOSB;CSK;STAT1;NELFB;ATP6V0A1;PRKCZ;HPN;FGFR1;PSENEN;SH3GL1;THBS1;POLR2G;KL;SHB;MUC20;FLRT1;PIK3R2;POLR2B;KIDINS220;PRKACB;EGR1;RPS6KA3;RANBP9;MLST8;PDGFA;ITPR3;MTOR;AP2A2;EP300;CDK5;RPS6KA1;CRKL;DIAPH1;APH1B,C-TAL
prerank,Reactome_2022__Other Semaphorin Interactions R-HSA-416700,0.7463112039108039,1.0074065850996123,0.5848017621145375,0.8535427410342092,1.0,3/19,5.06%,ITGB1;SEMA4D;SEMA4A,C-TAL
prerank,Reactome_2022__Diseases Associated With TLR Signaling Cascade R-HSA-5602358,0.7269547666812988,1.0072999172963353,0.5997854077253219,0.8530395700662814,1.0,14/31,21.26%,NDUFA2;HMGB1;NFKBIA;S100A1;TLR5;RELA;IKBKG;CHUK;UNC93B1;IRAK4;TRAF3;TICAM1;MYD88;TLR3,C-TAL
prerank,Reactome_2022__Postmitotic Nuclear Pore Complex (NPC) Reformation R-HSA-9615933,0.7281107629031188,1.006082134142555,0.5705059203444564,0.8570111392384571,1.0,10/27,14.72%,RAN;SUMO1;KPNB1;UBE2I;RANGAP1;SEC13;NUP160;NUP62;NUP93;NDC1,C-TAL
prerank,Reactome_2022__DNA Damage/Telomere Stress Induced Senescence R-HSA-2559586,0.7321418884003459,1.0056043825838452,0.586864406779661,0.8580234703241397,1.0,15/28,18.91%,KAT5;TERF2IP;CDKN1B;RB1;HMGA1;RAD50;TINF2;UBN1;ASF1A;TERF1;ATM;TERF2;EP400;MRE11;ACD,C-TAL
prerank,Reactome_2022__Nuclear Envelope Breakdown R-HSA-2980766,0.7066070450456723,1.005229795495562,0.5857740585774058,0.8585721019051382,1.0,22/53,17.38%,LPIN2;LMNA;TMPO;CTDNEP1;TPR;BANF1;RANBP2;LPIN1;EMD;SEC13;NUP160;NUP50;LEMD2;NUP62;NUP42;NUP93;NDC1;POM121C;AAAS;NUP43;CNEP1R1;NUP210,C-TAL
prerank,Reactome_2022__Muscle Contraction R-HSA-397014,0.6800268913260384,1.0047376852266496,0.5791583166332666,0.8596959886212703,1.0,40/194,12.53%,MYL12B;MYL6;MYL12A;CALM1;FXYD2;MYL6B;TPM1;SRI;ATP1B3;HIPK2;TLN1;ANXA2;VCL;PKN1;ORAI2;TPM3;ITGB5;KCNQ1;TMOD3;ATP2A2;KCNK1;FXYD4;MYL9;HIPK1;WWTR1;ALDH2;ANXA6;SORBS3;CALD1;AHCYL1;NANOS1;TPM4;RANGRF;VIM;CAMK2G;FXYD3;ITPR3;ORAI1;AKAP9;NPR1,C-TAL
prerank,Reactome_2022__EGR2 And SOX10-mediated Initiation Of Schwann Cell Myelination R-HSA-9619665,0.7300743299203053,1.0043839619399522,0.5995740149094781,0.8602580501212813,1.0,11/29,14.60%,PXMP2;CYP51A1;DAG1;UTRN;SMARCA4;WWTR1;HDAC2;LAMC1;NAB1;GJB1;SREBF2,C-TAL
prerank,Reactome_2022__FCGR Activation R-HSA-2029481,0.7658885668241431,1.0034068604799835,0.5997679814385151,0.8631723493272218,1.0,3/10,15.87%,YES1;SRC;SYK,C-TAL
prerank,Reactome_2022__Nuclear Import Of Rev Protein R-HSA-180746,0.723636256376368,1.003381787088212,0.5851063829787234,0.8623291248612477,1.0,16/34,17.38%,RAN;NPM1;KPNB1;TPR;RANBP2;SEC13;NUP160;NUP50;NUP62;NUP42;NUP93;NDC1;POM121C;AAAS;NUP43;NUP210,C-TAL
prerank,Reactome_2022__Downstream Signal Transduction R-HSA-186763,0.7347891540708102,1.0033324525465281,0.6021390374331551,0.8616071403217478,1.0,17/28,16.69%,HRAS;CRK;PTPN11;BCAR1;GRB2;GRB7;STAT6;STAT3;RAPGEF1;STAT1;PIK3R2;PDGFA;CRKL;NRAS;NCK2;SRC;PDGFB,C-TAL
prerank,Reactome_2022__Signaling By NOTCH2 R-HSA-1980145,0.723890978753562,1.0032982981038172,0.5963597430406852,0.8608046841895594,1.0,14/31,12.47%,UBC;UBB;RPS27A;UBA52;APH1A;JAG1;NCSTN;PSEN1;ADAM10;MIB2;PSENEN;RBPJ;EP300;APH1B,C-TAL
prerank,Reactome_2022__MET Activates RAP1 And RAC1 R-HSA-8875555,0.7602518135934073,1.003252983231658,0.5783410138248848,0.8600433318243373,1.0,7/11,15.80%,RNMT;CRK;RAP1B;GRB2;RAPGEF1;CRKL;PIGU,C-TAL
prerank,Reactome_2022__Gastrin-CREB Signaling Pathway Via PKC And MAPK R-HSA-881907,0.7522456917265544,1.0026413710846909,0.5932017543859649,0.8614703057630365,1.0,8/17,12.91%,HRAS;EGFR;GRB2;MAPK3;MAPK1;RPS6KA3;RPS6KA1;NRAS,C-TAL
prerank,"Reactome_2022__Gamma Carboxylation, Hypusine Formation And Arylsulfatase Activation R-HSA-163841",0.7179398918909499,1.0026253106554357,0.6159496327387198,0.8605779409520753,1.0,13/41,14.29%,GAS6;EEF2;FURIN;SUMF2;DHPS;ICMT;ARSD;GGCX;FN3KRP;DPH3;DOHH;FN3K;DPH7,C-TAL
prerank,Reactome_2022__Adherens Junctions Interactions R-HSA-418990,0.7292550781000626,1.0020124395918824,0.6023706896551724,0.8620665698798557,1.0,4/29,7.36%,JUP;NECTIN2;CADM1;CTNNA1,C-TAL
prerank,Reactome_2022__CTNNB1 S33 Mutants Not Phosphorylated R-HSA-5358747,0.754009521834028,1.0018429378431208,0.5917686318131257,0.8617902882315305,1.0,9/15,15.74%,PPP2R1A;PPP2CB;PPP2CA;PPP2R5C;PPP2R5D;PPP2R5E;PPP2R5B;PPP2R1B;PPP2R5A,C-TAL
prerank,Reactome_2022__HSP90 Chaperone Cycle For Steroid Hormone Receptors (SHR) In Presence Of Ligand R-HSA-3371497,0.7183110356737745,1.0013616465585913,0.5934182590233545,0.8627297965633939,1.0,25/38,9.37%,HSPA2;DYNC1H1;DCTN2;CAPZA2;DYNLL1;HSPA1A;CAPZB;DCTN3;HSPA8;DYNC1LI2;DYNC1I2;DNAJA1;PTGES3;ACTR1A;HSP90AA1;DNAJA2;HSP90AB1;DCTN1;FKBP4;DYNLL2;DCTN6;STIP1;DNAJB1;ACTR10;CAPZA1,C-TAL
prerank,Reactome_2022__Aspirin ADME R-HSA-9749641,0.713894341857474,1.0013446624770268,0.6151385927505331,0.8618584057344745,1.0,6/43,21.99%,BSG;CES2;UGT2A3;UGT3A1;CES1;GLYATL1,C-TAL
prerank,Reactome_2022__RUNX1 And FOXP3 Control Development Of Regulatory T Lymphocytes (Tregs) R-HSA-8877330,-0.6456740625360001,-1.0012589188201675,0.5,0.9346074292839104,1.0,2/10,6.96%,CBFB;RUNX1,C-TAL
prerank,Reactome_2022__G0 And Early G1 R-HSA-1538133,0.7318882709353471,1.00062671274481,0.5968085106382979,0.8637068292720353,1.0,8/27,13.11%,HDAC1;E2F4;PCNA;TFDP1;MAX;TFDP2;RBL2;RBBP4,C-TAL
prerank,Reactome_2022__Expression And Translocation Of Olfactory Receptors R-HSA-9752946,-0.23354681978798586,-1.0,1.0,0.9193338553312468,1.0,377/377,76.89%,OR2A7;OR2L2;REEP1;OR2T11;OR6N2;OR10D3;OR51I2;OR10A2;OR14J1;OR12D2;OR2G6;OR2T2;OR7C1;OR2C1;OR52I1;OR2A4;OR4D2;OR1I1;OR4F17;OR1E1;OR1A1;OR1D2;OR1G1;OR1D5;OR1A2;OR7G3;OR7G1;OR7G2;OR1M1;OR7A17;OR7A10;OR7A5;OR10H4;OR7C2;OR1E2;OR3A3;OR2Z1;OR7E24;OR7D4;OR11H1;OR5K1;OR5K3;OR5H2;OR5H6;OR5H15;OR5H14;OR5K4;OR13H1;OR5H1;OR5AC2;OR5K2;OR2B6;OR2B2;OR2Y1;OR4F3;OR2V2;OR2V1;RTP2;RTP1;OR2J3;OR2J1;OR2B3;OR2W1;OR2H2;OR5V1;OR2J2;OR2H1;OR10C1;OR11A1;OR12D3;OR10J1;OR10R2;OR6Y1;OR10T2;OR10K2;OR10K1;OR6P1;OR10X1;OR10Z1;OR6K2;OR9A2;OR4F21;OR10J5;OR6K3;OR6K6;OR10G2;OR4E2;OR4E1;OR5AU1;OR6J1;OR2F2;OR6B1;OR2A5;OR6V1;OR9A4;OR2A25;OR2A12;OR2A2;OR2A14;OR4K2;OR4K5;OR6S1;OR4Q3;OR4M1;OR4K15;OR11H2;OR4N2;OR4L1;OR4K1;OR4K14;OR4K13;OR4K17;OR4N5;OR11G2;OR11H6;OR11H4;OR10H5;OR10H1;OR10H3;OR10H2;OR4F15;OR4F6;OR1F1;OR2L13;OR2L3;OR2M7;OR2M5;OR4A15;OR4X2;OR2T3;OR2T1;OR2T6;OR2M2;OR5D13;OR4A5;OR4C46;OR5J2;OR4A16;OR2T4;OR14C36;OR2T12;OR2T33;OR2M4;OR4C5;OR4C3;OR4S1;OR4X1;OR4B1;OR5D14;OR2T5;OR5T1;OR8H2;OR5M9;OR8U1;OR8J1;OR8K1;OR8K3;OR8H1;OR5AP2;OR5T3;OR8J3;OR4C6;OR4S2;OR4P4;OR4C11;OR4C16;OR8I2;OR5B21;OR5B12;OR5B2;OR5B3;OR5B17;OR5T2;OR4C15;OR5AS1;OR5F1;OR10AG1;OR5I1;OR5D16;OR5L2;OR5D18;OR5L1;OR8K5;OR8H3;OR5M3;OR4C12;OR4C13;OR4A47;OR5M8;OR5M11;OR5W2;OR5AK2;OR9G4;OR5AR1;OR6Q1;OR9Q1;OR5M1;OR5M10;OR51L1;OR51V1;OR52E6;OR52N2;OR51I1;OR51S1;OR51B6;OR51B2;OR51B4;OR52E8;OR52A1;OR52E2;OR52J3;OR51Q1;OR51F2;OR52R1;OR51F1;OR10A4;OR52N1;OR52N5;OR56B1;OR52B6;OR52D1;OR2W3;OR2D3;OR2D2;OR10A5;OR2AG1;OR2AG2;OR2L5;OR2AK2;OR2L8;OR56A5;OR11L1;OR52E5;OR52B2;OR56B4;OR56A4;OR52L1;OR2AJ1;OR56A3;OR10A6;OR5P3;OR2G2;OR14I1;OR2T8;OR2T27;OR2T35;OR2T34;OR52E4;OR51E2;OR52I2;OR52M1;OR52K1;OR52K2;OR51A4;OR51A2;OR10A3;OR52W1;OR51G1;OR51G2;OR51A7;OR51T1;OR51D1;OR14A16;OR1C1;OR14K1;OR14A2;OR13G1;OR2G3;OR2B11;OR5P2;OR4N4;OR13A1;OR8D1;OR8G5;OR8G1;OR10G7;OR10G8;OR10G9;OR8B2;OR8D2;OR10S1;OR8A1;OR8B12;OR6X1;OR5A1;OR4D11;OR10V1;OR1S1;OR10W1;OR10Q1;OR1S2;OR9Q2;OR4D9;OR4D6;OR6T1;OR10G6;OR4D5;OR6M1;OR8B8;OR8B4;OR8B3;OR2AT4;OR9I1;OR5A2;OR5AN1;OR6B3;OR6B2;OR10A7;OR2S2;OR9K2;OR6C2;OR6C70;OR6C68;OR6C4;OR2AP1;OR10P1;OR1Q1;OR1L8;OR1B1;OR13J1;OR6C76;OR6C75;OR6C65;OR6C3;OR6C1;OR6C6;OR6C74;OR10AD1;OR13D1;OR2K2;OR1L1;OR1N1;OR1N2;OR1L3;OR1J4;LHX2;OR1L6;OR5C1;OR1J1;OR1J2;OR1K1;OR1L4;OR13C8;OR13C3;OR13C4;OR13F1;OR13C2;OR13C9;OR2T10;OR6A2;OR13C5;OR4D10;OR2AE1;OR10G3;OR10G4;OR52N4;OR56A1;OR52H1;OR8S1;OR2M3;OR52A5;OR51M1;OR6F1;OR2I1P;OR6N1;OR8D4;OR2C3;OR2A1;OR2F1;OR3A1;OR51B5;OR7D2;OR3A2;OR4D1;OR51E1;EBF1;LDB2,C-TAL
prerank,Reactome_2022__RET Signaling R-HSA-8853659,0.7152183647789974,0.9999134616958655,0.6077405857740585,0.8654407291905748,1.0,11/40,15.98%,RAP1GAP;CLSTN1;PTPN11;GRB2;GRB7;PIK3R2;PRKACB;PIK3R3;SRC;PIGU;SHC1,C-TAL
prerank,Reactome_2022__Retrograde Transport At Trans-Golgi-Network R-HSA-6811440,0.7081637908105971,0.9997217199661205,0.5899581589958159,0.8652932311551632,1.0,25/48,14.84%,NAA38;TGOLN2;SCOC;VPS51;RAB9A;M6PR;ARFRP1;GCC2;SYS1;STX10;ARFIP2;RAB6A;TMF1;NAA30;IGF2R;VAMP3;STX16;COG8;COG2;PLIN3;VPS52;COG4;COG1;STX6;NAPG,C-TAL
prerank,Reactome_2022__Transcriptional Regulation Of Granulopoiesis R-HSA-9616222,0.7237943289157124,0.9997208861547371,0.6267379679144385,0.8643601404192768,1.0,8/30,12.17%,DEK;KMT2A;CDK4;STAT3;RXRA;TFDP1;TFDP2;EP300,C-TAL
prerank,Reactome_2022__Collagen Formation R-HSA-1474290,0.6929009472950209,0.999156929829795,0.6199186991869918,0.8655834003615626,1.0,21/90,14.67%,PPIB;CD151;CTSL;CTSB;PLEC;PLOD2;P4HB;COL4A1;ITGA6;COL18A1;SERPINH1;COL4A2;COL27A1;CRTAP;P3H2;P4HA1;DST;PLOD3;PLOD1;PCOLCE;COLGALT1,C-TAL
prerank,Reactome_2022__SUMOylation Of DNA Damage Response And Repair Proteins R-HSA-3108214,0.6961888400848993,0.9989524786320071,0.6041237113402061,0.8653736624776531,1.0,37/75,17.50%,SUMO2;SUMO1;CETN2;PCGF2;UBE2I;RAD21;TPR;PHC2;RANBP2;SMC3;PARP1;SMC1A;CBX4;RING1;HDAC7;SEC13;NSMCE1;NUP160;NUP50;NUP62;NUP42;PIAS4;XPC;NUP93;SMC6;NSMCE3;NDC1;TDG;MDC1;POM121C;RNF168;AAAS;STAG2;NSMCE4A;NUP43;NUP210;PHC1,C-TAL
prerank,Reactome_2022__Azathioprine ADME R-HSA-9748787,0.7302064152637464,0.9988783767136935,0.6038961038961039,0.8647193585109344,1.0,8/21,9.52%,NME2;GUK1;TPMT;SLC29A1;SLC29A2;ABCC5;VAV2;GMPS,C-TAL
prerank,Reactome_2022__Activation Of Pre-Replicative Complex R-HSA-68962,0.7219518310095036,0.9987885397165057,0.6159574468085106,0.8640826132115343,1.0,11/32,18.52%,MCM3;RPA3;POLE4;POLE3;MCM7;GMNN;MCM8;MCM5;POLE;SLC25A15;MCM4,C-TAL
prerank,Reactome_2022__Lysine Catabolism R-HSA-71064,0.763032393095282,0.9979259986754131,0.5973154362416108,0.8664384604935833,1.0,8/12,20.50%,ALDH7A1;DLST;OGDH;GCDH;PHYKPL;LDHD;HYKK;AADAT,C-TAL
prerank,Reactome_2022__Synthesis Of PE R-HSA-1483213,0.7538186606549204,0.9957627267364312,0.600896860986547,0.8735429573780426,1.0,5/13,10.72%,LPIN2;PCYT2;CHKB;LPIN1;SELENOI,C-TAL
prerank,Reactome_2022__Caspase Activation Via Extrinsic Apoptotic Signaling Pathway R-HSA-5357769,0.7311058514910651,0.9954028220666766,0.6195069667738478,0.8739051408940612,1.0,13/25,21.23%,NDUFA2;APPL1;TNFSF10;FASN;CFLAR;FADD;DAPK3;RIPK1;TRADD;CASP3;CASP9;TICAM1;TNFRSF10B,C-TAL
prerank,Reactome_2022__Activation Of HOX Genes During Differentiation R-HSA-5619507,0.6947596804259543,0.9951130788565478,0.6260416666666667,0.8740500548371616,1.0,32/62,13.62%,POLR2L;POLR2J;HOXB2;POLR2I;POLR2K;POLR2E;JUN;PCGF2;POLR2F;POLR2A;SUZ12;PAGR1;POLR2C;YY1;RBBP7;POLR2H;CTCF;NCOR1;HDAC3;RBBP5;HOXA4;RXRA;HOXB4;POLR2G;POLR2B;NCOA6;EP300;HOXC4;RBBP4;POLR2D;ASH2L;AJUBA,C-TAL
prerank,Reactome_2022__Digestion R-HSA-8935690,-0.5905685341668904,-0.9950509241991469,0.46875,0.9131653969293843,1.0,2/22,5.05%,MGAM;CEL,C-TAL
prerank,Reactome_2022__Lagging Strand Synthesis R-HSA-69186,0.7310673599768549,0.9943286149222493,0.6279569892473118,0.8759846754099617,1.0,4/20,6.93%,RPA3;POLD2;POLD4;PCNA,C-TAL
prerank,Reactome_2022__tRNA Processing R-HSA-72306,0.6819081310868312,0.9938764126881097,0.6160896130346232,0.8767430423669428,1.0,55/104,20.07%,RAN;TRMT112;RTRAF;HSD17B10;RPP21;TPR;DDX1;RANBP2;LAGE3;POP7;RTCB;URM1;POP5;TSEN34;ELAC2;TRMT10C;SEC13;TYW3;RPP14;XPOT;NUP160;NUP50;TRNT1;NUP62;TSEN15;NUP42;TRMT61A;NUP93;FAM98B;NDC1;GTPBP3;ZBTB8OS;QTRT1;TRMU;OSGEP;POM121C;AAAS;TRMT5;NSUN2;NUP43;CPSF1;NUP210;CTU2;TP53RK;CPSF4;THG1L;PUS7;SEH1L;TRDMT1;LCMT2;CTU1;NUP54;RPP25;NUP188;TRMT10A,C-TAL
prerank,Reactome_2022__VEGFR2 Mediated Vascular Permeability R-HSA-5218920,0.7209056811817779,0.9938275950248567,0.6281352235550709,0.8759892216664873,1.0,11/27,12.11%,CALM1;JUP;AKT2;PKN1;HSP90AA1;AKT1;CTNNA1;PDPK1;VAV2;MLST8;MTOR,C-TAL
prerank,Reactome_2022__NOD1/2 Signaling Pathway R-HSA-168638,0.7143811750337932,0.9925407274315659,0.6147278548559232,0.8797659835376497,1.0,15/33,20.09%,AAMP;UBE2V1;BIRC2;UBE2N;IRAK1;CYLD;IKBKG;CHUK;MAPK14;TAB2;CASP2;TAB3;MAPK13;TAB1;CASP9,C-TAL
prerank,Reactome_2022__tRNA Aminoacylation R-HSA-379724,0.7255418472856782,0.9920690955225614,0.6240681576144835,0.8805477211876163,1.0,9/24,11.79%,EEF1E1;PPA1;IARS2;AIMP1;AIMP2;CARS2;VARS2;FARSA;DTD1,C-TAL
prerank,Reactome_2022__Formation Of beta-catenin:TCF Transactivating Complex R-HSA-201722,0.721167634748466,0.9914637323856018,0.6208378088077336,0.8818027186737732,1.0,15/30,18.00%,HDAC1;TLE4;KAT5;SMARCA4;RBBP5;TLE3;PYGO2;EP300;ASH2L;RUVBL1;MEN1;AXIN2;KMT2D;LEO1;BCL9L,C-TAL
prerank,Reactome_2022__Aspartate And Asparagine Metabolism R-HSA-8963693,0.7622755782201183,0.9913963822472432,0.6182033096926713,0.8811041575158024,1.0,2/11,4.17%,NAT8L;GOT2,C-TAL
prerank,Reactome_2022__Extension Of Telomeres R-HSA-180786,0.7042530417600151,0.9913830226701252,0.627471383975026,0.8802168812414201,1.0,15/50,14.24%,NOP10;RPA3;NHP2;POLD2;TERF2IP;POLD4;PCNA;PPP6C;GAR1;RUVBL2;TINF2;TERF1;STN1;RUVBL1;DKC1,C-TAL
prerank,Reactome_2022__Nucleotide Catabolism R-HSA-8956319,0.7143075931222947,0.989547201305476,0.6324786324786325,0.8858191617101219,1.0,17/34,19.57%,DNPH1;NT5C;NUDT5;NT5C3A;ITPA;ENTPD5;NUDT9;ENTPD6;NUDT15;NUDT1;UPP1;NUDT16;SCO2;NT5C2;ENTPD7;NT5M;ENTPD4,C-TAL
prerank,Reactome_2022__p130Cas Linkage To MAPK Signaling For Integrins R-HSA-372708,0.741821345042655,0.9879438362388678,0.6378923766816144,0.8903841788650964,1.0,4/15,7.55%,TLN1;CRK;BCAR1;RAP1B,C-TAL
prerank,Reactome_2022__RHOF GTPase Cycle R-HSA-9035034,0.709527739723138,0.9877835159898556,0.6405919661733616,0.8899824010663633,1.0,20/42,18.48%,SLC4A7;CAPZB;TMPO;ARHGAP1;RHOF;VAMP3;RAB7A;ESYT1;PIK3R2;DIAPH1;SOWAHC;VANGL1;ACTN1;DIAPH2;STEAP3;ARHGAP5;MYO9B;SYDE1;TOR1AIP1;SNAP23,C-TAL
prerank,Reactome_2022__SARS-CoV-2 Modulates Autophagy R-HSA-9754560,0.7508380737774943,0.9865149922016735,0.6206509539842873,0.8934212608450607,1.0,4/11,13.22%,TUFM;MAP1LC3B;VPS41;VPS18,C-TAL
prerank,Reactome_2022__PIP3 Activates AKT Signaling R-HSA-1257604,0.6610195963040938,0.9864580755741341,0.626,0.8926799438495167,1.0,113/267,12.11%,UBC;UBB;LAMTOR5;PSMB6;RPS27A;PSMA7;PSMD8;CLSTN1;LAMTOR4;PSMB5;LAMTOR1;LAMTOR2;UBA52;STUB1;PSMB1;PSMA1;PSMA6;PSMA2;PSMC5;PSME1;PSMD9;ERBB2;PSMB4;CSNK2B;PSME2;RRAGA;BAD;PSMA4;PSMA5;JUN;PSMB2;RNMT;MAF1;PPP2R1A;RHEB;PSMB3;HDAC1;MKRN1;PSMB7;SUZ12;REST;AKT2;IER3;FGFR3;SEM1;PHC2;PSMD14;PSMD13;CBX6;PPP2CB;CHD3;AKT1;STRN;PSMC1;PSMC4;PSMD2;PSMC2;PSMF1;CHD4;PSMD11;PSMD6;RBBP7;CDKN1B;PSMC3;LAMTOR3;VAPA;PSMA3;GSK3A;PTPN11;PPP2CA;PSMC6;PSMD7;KDM1A;AKT1S1;EGFR;PSMD4;PDPK1;PPP2R5C;CBX4;RING1;ERBB3;GATAD2A;ATN1;GRB2;USP7;RHOG;HDAC2;PSMD12;MAPK3;HDAC7;MAPK1;HDAC3;PSMD3;RPS6KB2;PSMB8;TSC2;CNOT6L;RRAGC;FGFR1;IRAK1;RNF146;KL;TRIM27;PSME3;XIAP;PIK3R2;PSMD10;EGR1;PIP4K2C;MLST8;PDGFA;AGO2;MTOR,C-TAL
prerank,Reactome_2022__Acyl Chain Remodelling Of PE R-HSA-1482839,0.7148370797823566,0.9864036392227719,0.6507936507936508,0.8919159130824882,1.0,10/29,22.16%,LPCAT3;PLA2G12A;ABHD4;PLAAT3;LPCAT4;PNPLA8;PLA2G6;PLAAT4;PLBD1;MBOAT1,C-TAL
prerank,Reactome_2022__Acyl Chain Remodelling Of PC R-HSA-1482788,0.7154187665360525,0.986116277437866,0.6409431939978564,0.8919825126698765,1.0,8/27,19.22%,LPCAT3;LPCAT1;PLA2G12A;PLAAT3;LPCAT2;LPCAT4;PNPLA8;PLA2G6,C-TAL
prerank,Reactome_2022__NGF-stimulated Transcription R-HSA-9031628,0.7050043969680985,0.9858247151683113,0.6494066882416397,0.892045810626424,1.0,13/39,13.13%,JUND;DNM2;REST;ID4;CHD4;FOS;ID1;SH3GL3;FOSB;EGR1;EP300;CDK5;NAB1,C-TAL
prerank,Reactome_2022__O-linked Glycosylation Of Mucins R-HSA-913709,0.6940424170531219,0.985813055304546,0.63107822410148,0.891124890330801,1.0,15/57,16.39%,ST3GAL4;MUC15;C1GALT1C1;GALNT11;GALNT1;B3GNT2;GALNT3;B4GALT5;MUC20;GALNT9;GALNT6;GALNT2;B4GALT6;C1GALT1;ST6GAL1,C-TAL
prerank,Reactome_2022__Sphingolipid Metabolism R-HSA-428157,0.6868478911775459,0.9857725206179158,0.6611740473738414,0.8903562611943471,1.0,33/87,10.92%,GLTP;SPNS2;ASAH1;CERS2;DEGS2;HEXA;ORMDL1;OSBP;ALDH3A2;SGPL1;CPTP;KDSR;SUMF2;ESYT2;GBA2;ORMDL2;CTSA;ORMDL3;SPTSSA;CSNK1G2;ARSD;SPTLC1;VAPA;SMPD1;SPTLC2;DEGS1;PRKD3;GLB1;HEXB;PLPP3;ESYT1;SMPD4;VAPB,C-TAL
prerank,Reactome_2022__FOXO-mediated Transcription Of Cell Cycle Genes R-HSA-9617828,0.7369636722807422,0.985749938018506,0.6415730337078651,0.8895031290721398,1.0,6/17,12.88%,BTG1;GADD45A;CDKN1B;SMAD3;SMAD4;RBL2,C-TAL
prerank,Reactome_2022__Synthesis Of Pyrophosphates In Cytosol R-HSA-1855167,0.7571448798091418,0.9856301172941242,0.6394948335246843,0.8889518565508236,1.0,3/10,12.01%,NUDT4;NUDT3;ITPK1,C-TAL
prerank,Reactome_2022__Interleukin-7 Signaling R-HSA-1266695,0.7271678549457048,0.9848122505071721,0.639697950377562,0.8907651411464931,1.0,8/23,14.19%,SOCS2;SOCS1;SMARCA4;STAT3;PIK3R2;JAK1;PIK3R3;IRS1,C-TAL
prerank,Reactome_2022__Condensation Of Prometaphase Chromosomes R-HSA-2514853,0.7543879285941131,0.9847448484790263,0.6251468860164512,0.8900336224415567,1.0,3/10,15.23%,CSNK2B;CSNK2A2;SMC4,C-TAL
prerank,Reactome_2022__ZBP1(DAI) Mediated Induction Of Type I IFNs R-HSA-1606322,0.7247678714742767,0.9839506100401628,0.633695652173913,0.8918001316789625,1.0,14/21,21.26%,DHX9;NFKBIA;NKIRAS2;RELA;IKBKG;CHUK;NFKBIB;IRF3;RIPK1;TBK1;TICAM1;NKIRAS1;MYD88;TLR3,C-TAL
prerank,Reactome_2022__Activation Of SMO R-HSA-5635838,0.7289702233786699,0.9836448981472099,0.6305309734513275,0.8918933884602607,1.0,9/18,21.53%,GRK2;KIF3A;IQCE;GAS8;GAS1;ARRB1;BOC;PTCH1;EVC,C-TAL
prerank,MSigDB_Hallmark_2020__PI3K/AKT/mTOR  Signaling,0.6737204903510838,0.983235431043986,0.6520408163265307,0.7695332891457739,1.0,55/105,15.07%,PFN1;AP2M1;CFL1;ARPC3;CLTC;YWHAB;SQSTM1;ARF1;RAC1;PIN1;PPP1CA;CSNK2B;ACTR2;ARHGDIA;DUSP3;PRKAA2;UBE2D3;SLC2A1;RALB;GRK2;AKT1;HRAS;UBE2N;CALR;MAPK9;CAB39;ACTR3;CDKN1B;PTPN11;AKT1S1;CDK4;EGFR;PLA2G12A;RAF1;GRB2;MAPK1;TNFRSF1A;TSC2;PRKAG1;MKNK2;DDIT3;EIF4E;RPS6KA3;RPS6KA1;ECSIT;PIK3R3;PRKAR2A;PAK4;THEM4;PPP2R1B;MAP2K3;STAT2;HSP90B1;PDK1;MKNK1,C-TAL
prerank,Reactome_2022__Phase 2 - Plateau Phase R-HSA-5576893,-0.6170531128830413,-0.9823108407846307,0.48598130841121495,0.930170561446189,1.0,1/15,0.21%,CACNB2,C-TAL
prerank,MSigDB_Hallmark_2020__IL-2/STAT5 Signaling,0.6634802658756942,0.9813877532370407,0.6452261306532663,0.7565939687121013,1.0,60/199,12.84%,CA2;IFITM3;ITGAV;CD81;SYNGR2;ST3GAL4;GPX4;EMP1;FURIN;GADD45B;TNFSF10;SOCS2;HIPK2;RNH1;GSTO1;DCPS;RHOB;CTSZ;ITGAE;XBP1;CAPG;CYFIP1;PLEC;GABARAPL1;BMPR2;AHNAK;PNP;ODC1;MYO1C;MAPKAPK2;SLC29A2;ITGA6;IGF2R;CKAP4;KLF6;CDC42SE2;AMACR;SOCS1;CD83;SWAP70;ANXA4;TWSG1;CDKN1C;IFNGR1;PLSCR1;S100A1;NCS1;PRAF2;BCL2L1;PLIN2;AHCY;TNFRSF21;IL1R2;IRF6;ETFBKMT;P4HA1;AHR;SERPINB6;PRNP;ABCB1,C-TAL
prerank,Reactome_2022__Leishmania Infection R-HSA-9658195,0.656946568501734,0.9809883936012465,0.6372745490981964,0.8997180324155455,1.0,52/242,12.01%,ACTG1;CALM1;TXNIP;GNG5;MYH9;ARPC3;BRK1;ARPC1A;GNB2;DVL3;ARPC2;FURIN;GNAS;ACTR2;JUN;GSDMD;TXN2;PRKAR1A;GNAI2;GNB1;ARPC5;PRKX;CYFIP1;CDC42;ARPC1B;YES1;GNG10;CRK;WASF2;ADCY6;HSP90AB1;GNAI3;CYBA;ACTR3;WASL;CALCA;GPBAR1;GRB2;CYFIP2;ADCY5;ENTPD5;MAPK3;MAPK1;VAV2;AHCYL1;GNG12;RELA;WIPF2;PRKACB;SUGT1;PRKAR1B;ITPR3,C-TAL
prerank,Reactome_2022__Activation Of TFAP2 (AP-2) Family Of Transcription Factors R-HSA-8866907,-0.5866303709082168,-0.9804429705936016,0.48484848484848486,0.9167486245303001,1.0,3/12,2.94%,WWOX;CREBBP;TFAP2B,C-TAL
prerank,Reactome_2022__TP53 Regulates Transcription Of Genes Involved In Cytochrome C Release R-HSA-6803204,0.7275480973309939,0.9802597559725036,0.6480086114101185,0.9011216861326936,1.0,7/20,15.79%,PRELID1;BNIP3L;BAX;TP53INP1;TRIAP1;ATM;STEAP3,C-TAL
prerank,Reactome_2022__HDL Remodeling R-HSA-8964058,0.7588051638324749,0.9802259369530963,0.638525564803805,0.9002738100845108,1.0,2/10,14.18%,ABCG1;LIPG,C-TAL
prerank,Reactome_2022__G2/M DNA Damage Checkpoint R-HSA-69473,0.6883902484330549,0.9800177359930656,0.6761006289308176,0.8999936881682286,1.0,30/59,19.84%,REXO2;YWHAB;YWHAQ;RPA3;YWHAG;KAT5;UBE2N;YWHAE;BABAM1;RNF8;YWHAH;WEE1;UBE2V2;RAD50;RAD17;PIAS4;ABRAXAS1;ATM;TOPBP1;MDC1;RHNO1;BRCC3;RNF168;RMI1;HUS1;RFC2;MRE11;BARD1;TOP3A;RRAD,C-TAL
prerank,Reactome_2022__MET Activates PTK2 Signaling R-HSA-8874081,0.7323222697818619,0.9797282455654657,0.6449834619625138,0.8999885327594505,1.0,7/17,15.05%,ITGB1;RNMT;LAMA5;LAMC1;LMNB2;SRC;ITGA3,C-TAL
prerank,Reactome_2022__YAP1- And WWTR1 (TAZ)-stimulated Gene Expression R-HSA-2032785,0.737863978132615,0.9791272452524914,0.6256921373200443,0.90091365498911,1.0,5/15,12.57%,HIPK2;HIPK1;WWTR1;TEAD2;CCN2,C-TAL
prerank,Reactome_2022__Removal Of Flap Intermediate From C-strand R-HSA-174437,0.7343822467634759,0.9786375503995962,0.6733333333333333,0.9015485203147185,1.0,7/17,12.28%,RPA3;POLD2;TERF2IP;POLD4;PCNA;TINF2;TERF1,C-TAL
prerank,Reactome_2022__HATs Acetylate Histones R-HSA-3214847,0.6802025827831575,0.9785338251262355,0.6604747162022704,0.9009294380293678,1.0,46/77,17.08%,ELP5;ENY2;KDELR2;MORF4L1;TAF10;HCFC1;USP22;KAT5;MCRS1;RBBP7;MEAF6;ACTL6A;TADA3;MBIP;ELP6;DR1;JADE1;TAF9;HAT1;MSL1;BRD8;DMAP1;SUPT7L;KAT8;RUVBL2;JADE2;ING3;TAF12;ING5;EP300;TADA2B;BRPF3;ING4;MSL3;BRD1;RUVBL1;MRGBP;KAT14;KAT7;VPS72;ATXN7L3;WDR5;CLOCK;KANSL2;MORF4L2;SGF29,C-TAL
prerank,Reactome_2022__TNFR1-induced Proapoptotic Signaling R-HSA-5357786,0.7371382892446675,0.9781091767973419,0.64501679731243,0.9013259511827231,1.0,6/13,18.28%,TNFRSF1A;CYLD;USP4;FADD;RIPK1;TRADD,C-TAL
prerank,Reactome_2022__Processive Synthesis On C-strand Of Telomere R-HSA-174414,0.7279295807092718,0.977937370478189,0.6732673267326733,0.900887255150496,1.0,7/19,12.28%,RPA3;POLD2;TERF2IP;POLD4;PCNA;TINF2;TERF1,C-TAL
prerank,Reactome_2022__SUMOylation Of Transcription Cofactors R-HSA-3899300,0.6961945421514341,0.9772901765335273,0.6488469601677149,0.901964680996837,1.0,16/42,8.44%,PARK7;SUMO2;SUMO1;NPM1;HIPK2;PCGF2;UBE2I;DDX5;PHC2;TRIM28;MBD1;NCOR2;CBX4;RING1;CTBP1;TOPORS,C-TAL
prerank,Reactome_2022__Defects In Cobalamin (B12) Metabolism R-HSA-3296469,0.7397031642636852,0.977254413624098,0.6576271186440678,0.90115994459487,1.0,10/13,19.11%,ABCD4;LMBRD1;CD320;MMAB;MMADHC;TCN2;MMUT;MTRR;MMACHC;AMN,C-TAL
prerank,Reactome_2022__RHO GTPases Activate NADPH Oxidases R-HSA-5668599,0.717096365884348,0.9770371691496824,0.6531284302963776,0.9008763597934466,1.0,6/24,16.23%,CYBA;MAPK3;MAPK1;PRKCZ;PIK3R4;MAPK14,C-TAL
prerank,Reactome_2022__Nuclear Events (Kinase And Transcription Factor Activation) R-HSA-198725,0.6850721087162348,0.9769937657041604,0.6635120925341745,0.9000620544034678,1.0,30/61,18.13%,JUND;PPP2R1A;DNM2;REST;DUSP3;ID4;PPP2CB;CHD4;MAPKAPK2;PPP2CA;FOS;ID1;MAPK3;MAPK1;SH3GL3;FOSB;EGR1;RPS6KA3;EP300;CDK5;RPS6KA1;PPP2R5D;NAB1;PPP2R1B;MEF2D;MAPK14;VRK3;MAPK7;TRIB1;ID3,C-TAL
prerank,Reactome_2022__Polymerase Switching On C-strand Of Telomere R-HSA-174411,0.7188448368728622,0.9761891710900149,0.6545064377682404,0.9015360101269214,1.0,13/25,21.06%,POLD2;TERF2IP;POLD4;PCNA;TINF2;TERF1;STN1;TERF2;RFC2;ACD;POLD3;RFC4;CTC1,C-TAL
prerank,Reactome_2022__Ion Homeostasis R-HSA-5578775,0.6969254264737216,0.9760956796468947,0.6708333333333333,0.9009261567349779,1.0,13/49,12.25%,CALM1;FXYD2;SRI;ATP1B3;ORAI2;ATP2A2;FXYD4;AHCYL1;NANOS1;CAMK2G;FXYD3;ITPR3;ORAI1,C-TAL
prerank,Reactome_2022__Branched-chain Amino Acid Catabolism R-HSA-70895,0.7224396037586064,0.9760670450845162,0.6408296943231441,0.9000783890489674,1.0,13/21,12.24%,ECHS1;HSD17B10;IVD;BCKDK;BCKDHA;ACADSB;ACAD8;MCCC2;MCCC1;PPM1K;ALDH6A1;SLC25A44;SOAT1,C-TAL
prerank,Reactome_2022__Synthesis Of Bile Acids And Bile Salts Via 24-Hydroxycholesterol R-HSA-193775,0.7302292507874035,0.9760380887540282,0.6485260770975056,0.8992344165938614,1.0,6/14,21.53%,AKR1C1;AMACR;SLC27A5;AKR1C3;HSD3B7;AKR1C2,C-TAL
prerank,Reactome_2022__Erythropoietin Activates Phosphoinositide-3-kinase (PI3K) R-HSA-9027276,0.7391617569588403,0.975792622724592,0.649103139013453,0.8990815816783299,1.0,1/12,0.75%,CLSTN1,C-TAL
prerank,Reactome_2022__DAP12 Interactions R-HSA-2172127,0.701498679157358,0.9755456538873049,0.668769716088328,0.8988891510780154,1.0,10/38,12.91%,B2M;HLA-B;HLA-C;HLA-E;HRAS;GRB2;SPNS1;VAV2;PIK3R2;NRAS,C-TAL
prerank,Reactome_2022__Organic Anion Transporters R-HSA-428643,0.7496899637275674,0.9752851392233026,0.6495327102803738,0.8987768523698237,1.0,4/10,23.34%,SLC25A10;SLC17A5;SLC25A22;SLC5A8,C-TAL
prerank,Reactome_2022__Signaling By WNT In Cancer R-HSA-4791275,0.7045371177056308,0.9749281563001354,0.6663090128755365,0.8989415354608277,1.0,16/33,17.59%,PPP2R1A;PPP2CB;PPP2CA;PPP2R5C;CTBP1;FZD6;FZD8;PPP2R5D;PPP2R5E;PPP2R5B;RNF43;FZD4;PPP2R1B;LRP5;PPP2R5A;KREMEN1,C-TAL
prerank,Reactome_2022__Abacavir ADME R-HSA-2161522,0.7473436604224044,0.9748171018487906,0.66,0.8983601308443342,1.0,5/10,16.86%,GUK1;SLC22A2;ABCB1;ADAL;NT5C2,C-TAL
prerank,Reactome_2022__Cohesin Loading Onto Chromatin R-HSA-2470946,0.7590322194188798,0.9747499469061698,0.6433566433566433,0.8976443701708546,1.0,6/10,16.58%,RAD21;SMC3;SMC1A;MAU2;WAPL;STAG2,C-TAL
prerank,Reactome_2022__Creatine Metabolism R-HSA-71288,0.7514443270773313,0.9746145605864547,0.6666666666666666,0.8971184192114285,1.0,4/10,13.51%,SLC6A12;GATM;SLC6A8;GAMT,C-TAL
prerank,Reactome_2022__Negative Regulation Of PI3K/AKT Network R-HSA-199418,-0.39741095484598504,-0.9745730720653317,0.7142857142857143,0.9158729687210605,1.0,18/113,3.13%,ERBB4;EGF;FGF13;NRG1;AKT3;NRG3;PIK3R1;PIK3CB;FGFR2;INSR;PIP5K1A;PHLPP1;KITLG;PIK3CA;FGF9;SOS1;PIP5K1B;PIP4K2A,C-TAL
prerank,"Reactome_2022__PI5P, PP2A And IER3 Regulate PI3K/AKT Signaling R-HSA-6811558",-0.40365459404555576,-0.9741873854469918,0.7,0.9000552978511327,1.0,16/106,3.13%,ERBB4;EGF;FGF13;NRG1;NRG3;PIK3R1;PIK3CB;FGFR2;INSR;PIP5K1A;KITLG;PIK3CA;FGF9;SOS1;PIP5K1B;PIP4K2A,C-TAL
prerank,Reactome_2022__Defective Pyroptosis R-HSA-9710421,0.7361997065781133,0.9732953706299261,0.6692913385826772,0.9001105200469203,1.0,5/13,17.40%,SUZ12;RBBP7;RBBP4;DNMT1;GSDME,C-TAL
prerank,Reactome_2022__Gastrulation R-HSA-9758941,0.7260424351952074,0.9724731616792015,0.6548279689234184,0.9016649501591931,1.0,3/17,10.01%,SMAD3;SMAD4;TRIM33,C-TAL
prerank,Reactome_2022__SLC-mediated Transmembrane Transport R-HSA-425407,0.654701665104693,0.9720735446358245,0.6706706706706707,0.901906884743426,1.0,65/247,15.97%,CALM1;SLC38A2;SLC25A6;ARL2;SLC25A5;SRI;SLC4A7;SLC6A12;BSG;SLC5A3;SLC25A4;SLC4A2;SLC40A1;SLC22A2;SLC39A1;SLC43A2;SLCO4C1;SLC39A7;LCN12;SLC35B2;SLC39A6;SLC25A29;SLC2A1;SLCO3A1;SLC44A2;SLC30A5;SLC29A1;SLC29A2;SLC35A3;ARL2BP;SLC38A1;SLC39A3;SLC35B4;SLC50A1;SLC8B1;SLC7A5;SLC44A3;SLC27A4;SLC29A4;SLC11A2;SLC12A4;SLC35A1;SLC31A1;SLC2A11;SLC39A4;SLC12A7;SLC25A10;SLC20A1;SLC3A2;SLCO4A1;SLC25A26;SLC39A14;SLC35B3;SLC30A1;SLC11A1;SLC22A5;CTNS;SLC17A5;SLC35A2;SLC16A2;SLC5A6;SLC4A8;SLC35D2;PDZD11;SLC2A8,C-TAL
prerank,"Reactome_2022__Cobalamin (Cbl, Vitamin B12) Transport And Metabolism R-HSA-196741",0.7203465401113839,0.9720050404045051,0.6644808743169399,0.901185072963402,1.0,11/21,19.11%,ABCD4;LMBRD1;CD320;MMAB;MMADHC;LDLRAP1;TCN2;MMUT;MTRR;MMACHC;AMN,C-TAL
prerank,Reactome_2022__Mitotic Telophase/Cytokinesis R-HSA-68884,0.7424292056233313,0.9719431960503567,0.6599552572706935,0.9004586507528481,1.0,6/13,16.58%,RAD21;SMC3;SMC1A;MAU2;WAPL;STAG2,C-TAL
prerank,Reactome_2022__Sema3A PAK Dependent Axon Repulsion R-HSA-399954,0.7253815943400518,0.9707536732809082,0.6744704570791528,0.9029667014145701,1.0,9/16,21.53%,PKN1;HSP90AA1;HSP90AB1;PLXNA1;VPS72;NRP1;PLXNA4;RNASE1;PLXNA3,C-TAL
prerank,Reactome_2022__RIP-mediated NFkB Activation Via ZBP1 R-HSA-1810476,0.7214236439251503,0.970548516768823,0.6648471615720524,0.9026847270850941,1.0,12/17,21.26%,DHX9;NFKBIA;NKIRAS2;RELA;IKBKG;CHUK;NFKBIB;RIPK1;TICAM1;NKIRAS1;MYD88;TLR3,C-TAL
prerank,Reactome_2022__Rev-mediated Nuclear Export Of HIV RNA R-HSA-165054,0.6953642053762682,0.970479805863777,0.672322375397667,0.9019751509181545,1.0,16/35,17.38%,RAN;RANBP1;TPR;RANBP2;RANGAP1;SEC13;NUP160;NUP50;NUP62;NUP42;NUP93;NDC1;POM121C;AAAS;NUP43;NUP210,C-TAL
prerank,Reactome_2022__CD28 Co-Stimulation R-HSA-389356,0.7026685944151594,0.9704136687269815,0.6716738197424893,0.9012559141160573,1.0,13/34,14.90%,CDC42;AKT2;PKN1;YES1;AKT1;PDPK1;GRB2;PIK3R2;MLST8;MTOR;PIK3R3;THEM4;SRC,C-TAL
prerank,Reactome_2022__Dectin-2 Family R-HSA-5621480,0.7130529224549759,0.9703975011012531,0.6512378902045209,0.9003889773368473,1.0,4/27,17.47%,MUC15;MUC20;SYK;PLCG2,C-TAL
prerank,Reactome_2022__BBSome-mediated Cargo-Targeting To Cilium R-HSA-5620922,0.7166600778387744,0.9701897308921562,0.6662983425414365,0.9000825561532859,1.0,11/23,12.12%,TCP1;CCT4;CCT5;CCT2;CCT3;MKKS;BBIP1;CCT8;BBS1;RAB3IP;BBS2,C-TAL
prerank,Reactome_2022__Activation Of Arylsulfatases R-HSA-1663150,0.7410386154739725,0.970132322307633,0.6674157303370787,0.8993533257101204,1.0,2/12,6.66%,SUMF2;ARSD,C-TAL
prerank,Reactome_2022__Crosslinking Of Collagen Fibrils R-HSA-2243919,0.7399577439761813,0.9697339492373755,0.6556213017751479,0.8996403655691693,1.0,4/10,22.07%,PCOLCE;LOXL1;BMP1;LOXL4,C-TAL
prerank,Reactome_2022__FOXO-mediated Transcription Of Cell Death Genes R-HSA-9614657,0.7296925452544174,0.9695740017396867,0.6878483835005574,0.8991589656518811,1.0,7/16,13.97%,PINK1;CITED2;NFYB;BCL6;DDIT3;EP300;STK11,C-TAL
prerank,Reactome_2022__Beta-catenin Phosphorylation Cascade R-HSA-196299,0.7257594715333181,0.9692569277351665,0.664079822616408,0.899166864303693,1.0,10/17,17.49%,PPP2R1A;PPP2CB;PPP2CA;PPP2R5C;PPP2R5D;PPP2R5E;PPP2R5B;PPP2R1B;PPP2R5A;FRAT2,C-TAL
prerank,Reactome_2022__Interleukin-6 Family Signaling R-HSA-6783589,0.7124249423056187,0.967914899672691,0.6713211600429646,0.9021057890137312,1.0,8/24,13.88%,IL6ST;PTPN11;STAT3;STAT1;CTF1;IL11RA;JAK1;SOCS3,C-TAL
prerank,MSigDB_Hallmark_2020__G2-M Checkpoint,0.6487435885589925,0.9672245313159137,0.6847389558232931,0.7806204228957198,1.0,76/195,15.56%,KPNB1;STMN1;SRSF2;HOXC10;MCM3;EWSR1;HNRNPU;SNRPD1;HSPA8;KIF5B;RAD21;PAFAH1B1;TMPO;HIF1A;AMD1;CCND1;SYNCRIP;GSPT1;RPA2;UPF1;CHMP1A;NUMA1;MARCKS;SRSF10;NCL;E2F4;LBR;ILF3;SMC2;SFPQ;CDKN1B;ODC1;KIF22;SRSF1;PRPF4B;RAD23B;CKS1B;NOLC1;PURA;CDK4;BUB3;CTCF;DR1;TACC3;SMC1A;SLC38A1;DTYMK;HMGA1;SLC7A5;SMAD3;TLE3;DDX39A;KMT5A;TFDP1;G3BP1;ATRX;PRMT5;NUP50;CDC25B;JPT1;NASP;CUL4A;HNRNPD;CBX1;CDC27;CCNT1;HMGN2;KATNA1;HMGB3;DKC1;KPNA2;ATF5;MCM5;SMC4;CASP8AP2;CKS2,C-TAL
prerank,Reactome_2022__Regulation Of Signaling By CBL R-HSA-912631,0.7240539533968998,0.9671671664867176,0.6645021645021645,0.9032725460519029,1.0,8/18,12.76%,CLSTN1;YES1;CRK;GRB2;RAPGEF1;PIK3R2;CRKL;PIK3R3,C-TAL
prerank,Reactome_2022__DNA Strand Elongation R-HSA-69190,0.699290712584882,0.9669343012771209,0.6884368308351178,0.9029733817347795,1.0,12/31,20.52%,MCM3;RPA3;POLD2;POLD4;PCNA;MCM7;MCM8;MCM5;RFC2;MCM4;POLD3;RFC4,C-TAL
prerank,Reactome_2022__RHOB GTPase Cycle R-HSA-9013026,0.6741834686014472,0.9662816271061898,0.6898340248962656,0.9039401849954848,1.0,31/69,15.93%,JUP;RHOB;PKN1;FLOT2;ARHGEF10L;FLOT1;SLK;ARHGAP1;VAMP3;TFRC;PRPF38B;CAVIN1;VAV2;ROCK2;RTKN;ARHGEF5;ARHGEF17;STOM;PIK3R2;ARHGAP35;DIAPH1;DHDDS;SOWAHC;MCF2L;DLC1;STARD8;TJP2;VANGL1;ARHGEF1;ARHGAP5;MYO9B,C-TAL
prerank,Reactome_2022__NS1 Mediated Effects On Host Pathways R-HSA-168276,0.6877366582803615,0.9662209830447822,0.6743455497382199,0.9031909830758073,1.0,28/42,22.18%,KPNB1;TPR;RANBP2;KPNA4;SEC13;NUP160;NUP50;EIF2AK2;NUP62;NUP42;GNL3;NUP93;KPNA2;KPNA3;NDC1;POM121C;AAAS;NUP43;PABPN1;NUP210;KPNA1;CPSF4;SEH1L;NUP54;NUP188;NUP155;ISG15;NUP35,C-TAL
prerank,Reactome_2022__SUMOylation Of Ubiquitinylation Proteins R-HSA-3232142,0.6926683750662692,0.9659676452799902,0.6923890063424947,0.9029715382627634,1.0,21/39,20.05%,SUMO1;UBE2I;TPR;RANBP2;SEC13;NUP160;NUP50;TRIM27;NUP62;NUP42;PIAS4;NUP93;VHL;NDC1;POM121C;AAAS;NUP43;NUP210;SEH1L;NUP54;NUP188,C-TAL
prerank,Reactome_2022__Butyrophilin (BTN) Family Interactions R-HSA-8851680,0.7399538906026799,0.9649466950984011,0.6685456595264938,0.9048823744456658,1.0,1/12,4.89%,PPL,C-TAL
prerank,Reactome_2022__RMTs Methylate Histone Arginines R-HSA-3214858,0.7052936258525514,0.964055592096578,0.677765843179377,0.9065078893856865,1.0,16/30,11.58%,RPS2;PRMT1;COPRS;SMARCE1;CCND1;SMARCB1;RBBP7;ACTL6A;PRMT6;CDK4;SMARCA4;SMARCD2;CARM1;SMARCC2;PRMT5;SMARCD1,C-TAL
prerank,Reactome_2022__RA Biosynthesis Pathway R-HSA-5365859,0.7142459336751554,0.9639234610048709,0.6964091403699674,0.9059499120858843,1.0,7/22,17.13%,RDH10;RDH11;RDH14;ALDH1A1;DHRS4;AKR1C3;RDH13,C-TAL
prerank,Reactome_2022__PI-3K cascade:FGFR2 R-HSA-5654695,-0.5313176395127266,-0.9636796640586414,0.5128205128205128,0.9114783545895455,1.0,5/23,2.82%,FGF13;PIK3R1;FGFR2;PIK3CA;FGF9,C-TAL
prerank,Reactome_2022__TRAF3-dependent IRF Activation Pathway R-HSA-918233,0.7265592279709723,0.9633148179242286,0.667420814479638,0.9066568088456833,1.0,11/14,21.89%,SIKE1;MAVS;TRIM25;EP300;TRIM4;IRF3;TBK1;TRAF3;RNF135;IRF7;IFIH1,C-TAL
prerank,"Reactome_2022__Interleukin-3, Interleukin-5 And GM-CSF Signaling R-HSA-512988",0.6883329647483271,0.9625843336429751,0.690200210748156,0.9077471000786241,1.0,13/44,15.98%,CLSTN1;YES1;CRK;PTPN11;INPPL1;GRB2;RAPGEF1;PIK3R2;CRKL;JAK1;PIK3R3;SYK;SHC1,C-TAL
prerank,Reactome_2022__Factors Involved In Megakaryocyte Development And Platelet Production R-HSA-983231,0.6514185068819783,0.960573219802778,0.7062374245472837,0.9122979645843057,1.0,43/133,18.27%,CAPZA2;CBX5;KIF1C;PRKAR1A;CAPZB;KIF5B;HMG20B;HDAC1;CDC42;KIF9;MFN2;ZFPM1;RAB5A;KIF12;KIF22;KIF3B;KDM1A;AKAP1;KIF3A;HDAC2;EHD1;MAFK;WEE1;CAPZA1;DOCK11;KIF21A;RAD51C;PRKACB;PRKAR1B;ITPK1;KLC4;CDK5;RBSN;PRKAR2A;PRKAR2B;IRF2;GATA3;KIF2A;KLC3;KIF26A;IRF1;CABLES1;KIF20B,C-TAL
prerank,Reactome_2022__Intrinsic Pathway Of Fibrin Clot Formation R-HSA-140837,0.709439615674083,0.9605634689837609,0.6893523600439078,0.9114157631783687,1.0,3/21,2.85%,SERPINA5;SERPING1;C1QBP,C-TAL
prerank,Reactome_2022__Constitutive Signaling By AKT1 E17K In Cancer R-HSA-5674400,0.7029681161722807,0.9605426014218107,0.6834061135371179,0.9105817859647828,1.0,12/26,13.84%,BAD;AKT2;AKT1;CDKN1B;GSK3A;AKT1S1;PDPK1;RPS6KB2;TSC2;MLST8;MTOR;CHUK,C-TAL
prerank,Reactome_2022__IRAK1 Recruits IKK Complex R-HSA-937039,0.7375948990008001,0.9604351254908036,0.6778290993071594,0.909966783133569,1.0,5/10,13.84%,UBE2V1;UBE2N;IRAK1;IKBKG;CHUK,C-TAL
prerank,Reactome_2022__Intracellular Signaling By Second Messengers R-HSA-9006925,0.643380969538751,0.960118786139455,0.717,0.9099332636205774,1.0,124/305,12.11%,UBC;UBB;CALM1;LAMTOR5;PSMB6;RPS27A;PSMA7;PSMD8;CLSTN1;LAMTOR4;PSMB5;LAMTOR1;LAMTOR2;UBA52;STUB1;PSMB1;PSMA1;PSMA6;PSMA2;PSMC5;PSME1;PSMD9;ERBB2;PSMB4;CSNK2B;PSME2;RRAGA;BAD;PSMA4;PSMA5;JUN;PSMB2;RNMT;PRKAR1A;MAF1;PPP2R1A;RHEB;PSMB3;PRKX;HDAC1;MKRN1;PSMB7;SUZ12;REST;AKT2;IER3;FGFR3;SEM1;PHC2;PSMD14;PSMD13;CBX6;PPP2CB;CHD3;GRK2;AKT1;STRN;PSMC1;PSMC4;PSMD2;PSMC2;ADCY6;PSMF1;CHD4;PSMD11;PSMD6;RBBP7;CDKN1B;PSMC3;LAMTOR3;VAPA;PSMA3;GSK3A;PTPN11;PPP2CA;PSMC6;PSMD7;KDM1A;AKT1S1;EGFR;PSMD4;PDPK1;PPP2R5C;CBX4;RING1;ERBB3;GATAD2A;ATN1;GRB2;ADCY5;USP7;RHOG;HDAC2;PSMD12;MAPK3;HDAC7;MAPK1;HDAC3;PSMD3;AHCYL1;RPS6KB2;PSMB8;TSC2;CNOT6L;RRAGC;FGFR1;IRAK1;RNF146;KL;TRIM27;PSME3;XIAP;PIK3R2;PSMD10;CAMK2G;PRKACB;EGR1;PIP4K2C;MLST8;PDGFA;PRKAR1B;ITPR3;AGO2;MTOR,C-TAL
prerank,"Reactome_2022__Cell Death Signaling Via NRAGE, NRIF And NADE R-HSA-204998",0.6663104919940797,0.9591114747263023,0.7025641025641025,0.9116290263340108,1.0,20/74,11.45%,UBC;UBB;RPS27A;UBA52;BEX3;SQSTM1;APH1A;BAD;ARHGEF35;NCSTN;ARHGEF10L;YWHAE;PSEN1;ARHGEF16;PRPF38B;VAV2;ARHGEF5;ARHGEF17;PSENEN;ARHGEF18,C-TAL
prerank,Reactome_2022__Leading Strand Synthesis R-HSA-69109,0.7206562020756548,0.9582861560797644,0.6808988764044944,0.912867400781234,1.0,3/14,6.93%,POLD2;POLD4;PCNA,C-TAL
prerank,Reactome_2022__TRAF6 Mediated IRF7 Activation R-HSA-933541,0.6980241388471761,0.958182041362885,0.6920565832426551,0.9122446987202472,1.0,10/27,21.89%,SIKE1;MAVS;TRIM25;EP300;TRIM4;IRF3;TBK1;RNF135;IRF7;IFIH1,C-TAL
prerank,Reactome_2022__Physiological Factors R-HSA-5578768,0.7276521439269468,0.9576447031817482,0.6862527716186253,0.9126376325594289,1.0,6/14,18.99%,HIPK2;HIPK1;WWTR1;NPR1;NPRL2;NPPC,C-TAL
prerank,Reactome_2022__Phospholipid Metabolism R-HSA-1483257,0.6426373645017727,0.9570518641125516,0.6947791164658634,0.9132674324571787,1.0,86/207,16.97%,CLSTN1;LPIN2;HADHA;RAB14;PLD3;STARD7;CSNK2B;CDIPT;AGPAT1;PTPMT1;HADHB;PCYT2;CPNE3;PNPLA2;PRKCSH;PNPLA6;ARF3;STARD10;AGPAT3;PLEKHA1;GDE1;DGAT1;PCYT1A;CHKB;RAB5A;AGPAT2;LPCAT3;RAB4A;SLC44A2;MBOAT7;LIPH;CDS2;PLEKHA3;MTMR10;LPCAT1;PLA2G12A;INPPL1;MIGA1;LPIN1;AGPAT5;PITPNM1;CRLS1;SLC44A3;ABHD4;PTDSS1;MTMR14;PI4K2A;CPNE1;GNPAT;SELENOI;INPP5J;PIP4P1;PIK3R2;PLA2G15;OSBPL8;GPAT4;PI4KB;PIP4K2C;MTMR6;VAC14;PLAAT3;MIGA2;PIK3R3;PLEKHA2;TNFAIP8;PTDSS2;DDHD2;AGK;GPAM;PISD;LPCAT2;RUFY1;CSNK2A2;MTMR12;PIP5K1C;MTMR2;GPD1L;SBF1;PIK3R4;OCRL;LPCAT4;INPP5K;MTMR9;PIP4K2B;PEMT;LPGAT1,C-TAL
prerank,Reactome_2022__FGFR1 Ligand Binding And Activation R-HSA-190242,-0.5910244894831774,-0.9568233636661527,0.5353535353535354,0.9126677615540559,1.0,2/16,2.82%,FGF13;FGF9,C-TAL
prerank,Reactome_2022__Acyl Chain Remodelling Of PS R-HSA-1482801,0.7039612466991619,0.956203260310017,0.7006437768240343,0.9144679262262656,1.0,6/22,17.93%,LPCAT3;PLA2G12A;OSBPL8;PLAAT3;LPCAT4;OSBPL5,C-TAL
prerank,Reactome_2022__Interleukin-2 Signaling R-HSA-9020558,0.7284567179949757,0.9555337736512772,0.6947976878612717,0.9152456161384777,1.0,4/12,22.56%,JAK1;SYK;SHC1;PTK2B,C-TAL
prerank,Reactome_2022__Synthesis Of PIPs At Golgi Membrane R-HSA-1660514,0.7041578274842567,0.9545409234559142,0.6961748633879782,0.9167306399824025,1.0,7/17,19.45%,ARF3;PI4K2A;PI4KB;VAC14;PIK3R4;OCRL;PIK3C2G,C-TAL
prerank,Reactome_2022__Export Of Viral Ribonucleoproteins From Nucleus R-HSA-168274,0.6837348569630541,0.9545172299023408,0.6861081654294804,0.915887733999051,1.0,20/36,20.05%,RAN;HSPA1A;TPR;RANBP2;SEC13;NUP160;NUP50;NUP62;NUP42;BLOC1S6;GNL3;NUP93;NDC1;POM121C;AAAS;NUP43;NUP210;SEH1L;NUP54;NUP188,C-TAL
prerank,Reactome_2022__Metabolic Disorders Of Biological Oxidation Enzymes R-HSA-5579029,0.6898636620284843,0.953609603483673,0.7126068376068376,0.9172519559708412,1.0,9/34,13.23%,FDX1;FDX2;TPMT;MAOA;OPLAH;ACY1;AHCY;PRNP;GCLM,C-TAL
prerank,Reactome_2022__Diseases Of Metabolism R-HSA-5668914,0.641781752555184,0.9534311858909714,0.7317317317317318,0.9168045810036919,1.0,80/245,13.72%,UBC;UBB;RPS27A;GNS;SDC2;SDC1;HSPG2;DPM3;UBA52;GAA;APRT;HEXA;B4GALT1;MUC15;FDX1;TALDO1;AGRN;FDX2;TPMT;DAG1;MPDU1;C1GALT1C1;B3GAT3;DCXR;NAGLU;DPM2;MAOA;CTSA;ABCD4;LMBRD1;G6PC3;CD320;MMAB;GFPT1;PGM1;B4GAT1;B4GALT7;NUS1;IDH1;MAN1B1;GALE;GPC1;DPAGT1;GUSB;MOGS;MCCC2;GLB1;HEXB;MMADHC;GALNT3;NOTCH3;ADAMTS15;POMGNT1;BGN;GNE;MCCC1;ALG12;OPLAH;GPC3;GPC4;HGSNAT;THBS1;ACY1;ALG3;MUC20;ALG13;ALG2;GBE1;NOTCH1;TCN2;GALNS;AHCY;DHDDS;PRNP;POMT1;GCLM;B3GALT6;IDS;ADAMTSL2;SLC37A4,C-TAL
prerank,Reactome_2022__NF-kB Activation Thru FADD/RIP-1 Pathway Mediated By Caspase-8 And -10 R-HSA-933543,0.726926285379828,0.9531756240932833,0.7004662004662005,0.9165882426117461,1.0,10/12,21.89%,MAVS;TRIM25;IKBKG;CHUK;TRIM4;FADD;CASP10;RIPK1;RNF135;IFIH1,C-TAL
prerank,Reactome_2022__Polo-like Kinase Mediated Events R-HSA-156711,0.7162703664317617,0.9531241689048441,0.6978818283166109,0.9157994355306917,1.0,6/16,21.65%,WEE1;EP300;RBBP4;LIN37;CCNB1;LIN54,C-TAL
prerank,Reactome_2022__RUNX2 Regulates Bone Development R-HSA-8941326,0.6936739145101913,0.9525860779070527,0.7071583514099783,0.9161879807647938,1.0,10/29,14.90%,YES1;RB1;WWTR1;MAPK3;MAPK1;HDAC3;SMAD4;HDAC6;SMAD1;SRC,C-TAL
prerank,Reactome_2022__Impaired BRCA2 Binding To RAD51 R-HSA-9709570,0.6874814119194986,0.9523758807562297,0.7182497331910352,0.9158279888605672,1.0,16/34,20.52%,RPA3;SEM1;KAT5;RAD50;RAD17;ATM;TOPBP1;RHNO1;RMI1;HUS1;RFC2;MRE11;BARD1;TOP3A;RRAD;RFC4,C-TAL
prerank,Reactome_2022__Transcriptional Regulation By VENTX R-HSA-8853884,0.6848054238083414,0.9521527510724965,0.6976495726495726,0.9154949280247761,1.0,16/39,16.75%,ANAPC11;ANAPC5;ANAPC15;CCND1;CDC26;ANAPC16;EHMT2;CDC23;RELA;CDC16;ANAPC7;CDC27;AGO1;FZR1;UBE2D1;UBE2S,C-TAL
prerank,Reactome_2022__Meiotic Recombination R-HSA-912446,0.6997631753321288,0.9503069693950887,0.7074756229685807,0.9189853576168541,1.0,10/26,19.47%,RPA3;CDK4;RAD50;MLH3;RAD51C;ATM;MLH1;HID1;MRE11;TOP3A,C-TAL
prerank,Reactome_2022__Killing Mechanisms R-HSA-9664420,0.7228464774199597,0.9500617212932391,0.7071178529754959,0.9186867169222994,1.0,3/11,6.62%,DVL3;JUN;CYBA,C-TAL
prerank,Reactome_2022__Activation Of ATR In Response To Replication Stress R-HSA-176187,0.684303333166805,0.9499037149515712,0.7083333333333334,0.9181590926873484,1.0,17/35,24.80%,MCM3;RPA3;MCM7;RAD17;MCM8;MCM5;HUS1;SLC25A15;RFC2;MCM4;RRAD;RFC4;DBF4;CDK2;CDC7;ATRIP;POLR1B,C-TAL
prerank,Reactome_2022__RUNX2 Regulates Osteoblast Differentiation R-HSA-8940973,0.6993222090914777,0.949853789613506,0.7136659436008677,0.9173934750142195,1.0,7/23,10.03%,YES1;RB1;WWTR1;MAPK3;MAPK1;HDAC3;HDAC6,C-TAL
prerank,MSigDB_Hallmark_2020__Wnt-beta Catenin Signaling,0.6738157775558333,0.9498417110587938,0.7159329140461216,0.8071990561522869,1.0,19/42,21.26%,JAG1;NCSTN;HDAC11;NCOR2;HDAC2;CSNK1E;RBPJ;FZD8;NOTCH1;FZD1;DVL2;ADAM17;AXIN2;GNAI1;PTCH1;PSEN2;AXIN1;CCND2;FRAT1,C-TAL
prerank,Reactome_2022__Activation Of Gene Expression By SREBF (SREBP) R-HSA-2426168,0.6729805761265623,0.9487496041620676,0.7195378151260504,0.9190433058626057,1.0,20/42,14.60%,MVK;TM7SF2;CYP51A1;PMVK;FDPS;NFYB;MBD4;IDI1;GGPS1;FDFT1;FASN;CARM1;RXRA;PPARA;SREBF1;NCOA6;SC5D;DHCR7;GPAM;SREBF2,C-TAL
prerank,Reactome_2022__Metabolism Of Vitamins And Cofactors R-HSA-196854,0.6418939256595482,0.948669161051428,0.7439516129032258,0.9183517166068438,1.0,64/185,12.63%,CALM1;SDC2;SDC1;PDXK;HSPG2;NAXE;VKORC1;LRP10;COASY;PPCS;SHMT1;RDH11;CYB5R3;GSTO1;C1D;PTS;AGRN;AKR1C1;PANK2;HSP90AA1;MOCS2;NAMPT;SLC2A1;AKT1;PNPO;COQ9;NMRK1;QPRT;ABCD4;LMBRD1;CD320;PARP14;MMAB;NADK2;NADK;IDH1;RFK;GPC1;GCHFR;FASN;PANK3;MCCC2;NAPRT;MMADHC;DHFR;NUDT12;AASDHPPT;MCCC1;GPC3;GPC4;MTHFD2L;VKORC1L1;MTHFD1;NAXD;RETSAT;ENPP2;LDLRAP1;GSTO2;LPL;COQ6;TCN2;NFS1;SLC52A2;UBIAD1,C-TAL
prerank,Reactome_2022__Purine Salvage R-HSA-74217,0.7152808249942302,0.9474371762029818,0.6942242355605889,0.9203891642967998,1.0,5/13,6.85%,APRT;GMPR;GMPR2;AMPD2;DGUOK,C-TAL
prerank,Reactome_2022__Signaling By KIT In Disease R-HSA-9669938,0.7065158020166875,0.9467946604298892,0.7207009857612268,0.9209719405472884,1.0,9/19,14.90%,YES1;HRAS;GRB2;STAT3;STAT1;PIK3R2;PIK3R3;NRAS;SRC,C-TAL
prerank,Reactome_2022__Interleukin Receptor SHC Signaling R-HSA-912526,0.6891953464851699,0.9465916557166734,0.7182497331910352,0.9205703582554767,1.0,6/27,12.76%,CLSTN1;INPPL1;GRB2;PIK3R2;JAK1;PIK3R3,C-TAL
prerank,Reactome_2022__Formation Of Fibrin Clot (Clotting Cascade) R-HSA-140877,0.6759829092739089,0.9459654419806515,0.7098501070663812,0.9211479862389828,1.0,5/37,11.14%,SERPINA5;SERPING1;C1QBP;TFPI;PRCP,C-TAL
prerank,Reactome_2022__Voltage Gated Potassium Channels R-HSA-1296072,0.6719829381338766,0.945885499945389,0.7267932489451476,0.9204519350533277,1.0,1/43,5.86%,KCNQ1,C-TAL
prerank,Reactome_2022__Transport Of Mature mRNAs Derived From Intronless Transcripts R-HSA-159234,0.6726737903461477,0.945671198560147,0.7289915966386554,0.920047213242924,1.0,25/43,20.05%,NCBP2;TPR;RANBP2;SEC13;NUP160;NUP50;EIF4E;SLBP;NUP62;NUP42;WDR33;NUP93;NDC1;POM121C;AAAS;ALYREF;SYMPK;NUP43;CPSF1;NUP210;CPSF4;SEH1L;NUP54;CPSF2;NUP188,C-TAL
prerank,Reactome_2022__Interleukin-35 Signaling R-HSA-8984722,0.7182181978843537,0.9456503560334647,0.7149321266968326,0.9192106253968889,1.0,4/12,12.51%,IL6ST;STAT3;STAT1;JAK1,C-TAL
prerank,Reactome_2022__Regulation Of Beta-Cell Development R-HSA-186712,-0.47766618122020155,-0.9452415734943569,0.5111111111111111,0.9254140804308448,1.0,7/40,3.11%,MAML2;MAML3;AKT3;FOXO1;KAT2B;CREBBP;KAT2A,C-TAL
prerank,Reactome_2022__Erythropoietin Activates RAS R-HSA-9027284,0.7202608446044187,0.9436975322208401,0.7389830508474576,0.9227861081847017,1.0,6/13,15.98%,HRAS;GRB2;RAPGEF1;CRKL;NRAS;SHC1,C-TAL
prerank,Reactome_2022__Elevation Of Cytosolic Ca2+ Levels R-HSA-139853,-0.5663113737957287,-0.9432437358341851,0.5086206896551724,0.9146349594885246,1.0,2/15,0.52%,ITPR2;ITPR1,C-TAL
prerank,Reactome_2022__Phospholipase C-mediated Cascade: FGFR1 R-HSA-5654219,-0.5796842719109204,-0.9426865536775814,0.5463917525773195,0.9002142127596017,1.0,2/16,2.82%,FGF13;FGF9,C-TAL
prerank,Reactome_2022__SEMA3A-Plexin Repulsion Signaling By Inhibiting Integrin Adhesion R-HSA-399955,0.7088679408389793,0.9419482547787623,0.7232346241457859,0.9257122668441725,1.0,8/14,21.53%,TLN1;PIP5K1C;PLXNA1;NRP1;RRAS;PLXNA4;RNASE1;PLXNA3,C-TAL
prerank,Reactome_2022__Pyrimidine Salvage R-HSA-73614,0.7121553603556793,0.9404167180770701,0.7176196032672112,0.9282808024079864,1.0,9/11,20.13%,UCK1;TK1;DCK;UCKL1;UPP1;TK2;SCO2;PUDP;CDA,C-TAL
prerank,Reactome_2022__Interleukin-27 Signaling R-HSA-9020956,0.721357517245183,0.9400816419757138,0.714448236632537,0.9281075091172604,1.0,4/11,12.51%,IL6ST;STAT3;STAT1;JAK1,C-TAL
prerank,Reactome_2022__CD209 (DC-SIGN) Signaling R-HSA-5621575,0.6970704850601787,0.939558569317421,0.7284623773173392,0.9284309956579907,1.0,6/20,12.91%,PKN1;HRAS;RELA;PRKACB;EP300;NRAS,C-TAL
prerank,Reactome_2022__Sensory Processing Of Sound R-HSA-9659379,0.6544032870782474,0.9390363493519336,0.7405128205128205,0.9287214340961152,1.0,18/75,11.04%,MYH9;EPS8L2;SPTAN1;CAPZA2;EZR;MSN;CAPZB;TRIOBP;TWF1;SPTBN1;VAMP2;DNAJC5;GSN;TPRN;CAPZA1;ESPN;RDX;PLS1,C-TAL
prerank,Reactome_2022__RAC2 GTPase Cycle R-HSA-9013404,0.6482276934398141,0.9389087093247612,0.7461617195496417,0.9281108437473332,1.0,31/86,11.90%,ITGB1;LMAN1;LAMTOR1;BRK1;ARMCX3;ARHGDIA;PGRMC2;CYFIP1;TMPO;CDC42;DSG2;PKN1;MTX1;WASF2;LBR;CYBA;ARHGAP1;ANKLE2;VAMP3;TFRC;SWAP70;IQGAP1;EMD;VAV2;RAB7A;ESYT1;VAPB;PIK3R2;SAMM50;GIT1;ARHGAP35,C-TAL
prerank,Reactome_2022__HDR Thru Single Strand Annealing (SSA) R-HSA-5685938,0.6744789237769666,0.9385856098334565,0.7173447537473233,0.9279240952644583,1.0,16/36,20.52%,RPA3;ERCC1;KAT5;RAD50;RAD17;ATM;TOPBP1;RHNO1;RMI1;HUS1;RFC2;MRE11;BARD1;TOP3A;RRAD;RFC4,C-TAL
prerank,Reactome_2022__NCAM1 Interactions R-HSA-419037,-0.5050835109227969,-0.937044569569198,0.5531914893617021,0.8991409461215777,1.0,8/37,3.85%,CACNB2;COL6A1;COL4A3;CACNB4;CACNA1H;COL4A4;CACNA1D;COL4A5,C-TAL
prerank,Reactome_2022__Signaling By Cytosolic FGFR1 Fusion Mutants R-HSA-1839117,0.7035434899301973,0.9353526403177778,0.7486218302094818,0.9339186647688605,1.0,6/16,11.43%,LRRFIP1;FGFR1OP2;GRB2;STAT3;STAT1;TRIM24,C-TAL
prerank,Reactome_2022__Chondroitin Sulfate Biosynthesis R-HSA-2022870,0.6957245643994039,0.9353079107493784,0.7341227125941873,0.9331129344816531,1.0,4/20,15.01%,CHPF;BGN;CHST12;CHPF2,C-TAL
prerank,Reactome_2022__Transport Of Mature mRNA Derived From An Intronless Transcript R-HSA-159231,0.6679393898213016,0.9349269466097284,0.7444794952681388,0.9329447377164164,1.0,24/42,20.05%,NCBP2;TPR;RANBP2;SEC13;NUP160;NUP50;EIF4E;NUP62;NUP42;WDR33;NUP93;NDC1;POM121C;AAAS;ALYREF;SYMPK;NUP43;CPSF1;NUP210;CPSF4;SEH1L;NUP54;CPSF2;NUP188,C-TAL
prerank,Reactome_2022__Signaling By NOTCH3 R-HSA-9012852,0.6606239353998267,0.9347214461718051,0.741901776384535,0.9324923563969056,1.0,22/48,12.47%,UBC;UBB;RPS27A;YBX1;UBA52;APH1A;JAG1;NCSTN;PSEN1;ADAM10;EGFR;TACC3;MIB2;SNW1;NOTCH3;WWC1;STAT1;PSENEN;RBPJ;NOTCH1;EP300;APH1B,C-TAL
prerank,Reactome_2022__Peptide Hormone Biosynthesis R-HSA-209952,0.7064794862612381,0.9341446624501317,0.7285223367697594,0.9327608950471246,1.0,1/12,14.46%,POMC,C-TAL
prerank,Reactome_2022__Telomere C-strand (Lagging Strand) Synthesis R-HSA-174417,0.6773726310434495,0.9338118724943945,0.7386243386243386,0.9325764739401271,1.0,14/33,21.06%,RPA3;POLD2;TERF2IP;POLD4;PCNA;TINF2;TERF1;STN1;TERF2;RFC2;ACD;POLD3;RFC4;CTC1,C-TAL
prerank,Reactome_2022__RHO GTPase Cycle R-HSA-9012999,0.6237267508078796,0.9331896884394425,0.8,0.9329437164149967,1.0,160/438,14.35%,ACTG1;RHOA;ITGB1;KTN1;CLTC;TMEM59;LMAN1;SLC4A7;LAMTOR1;NDUFA5;CCT7;BCAP31;TUBA1B;JUP;BRK1;DDRGK1;PARD6B;SPTAN1;TXNL1;ALDH3A2;NDUFS3;HINT2;VCP;CCT6A;NIPSNAP2;NUDC;ACBD5;ARMCX3;C1QBP;SRRM1;ATP6AP1;ARHGDIA;RBMX;PGRMC2;CAPZB;RHOB;CCT2;JAG1;PRKCSH;CDC42EP3;CYFIP1;TMPO;HSPE1;CDC42;WDR6;GPS1;DSG2;PKN1;HSP90AA1;TMEM87A;ARHGAP29;PARD6A;TPM3;FLOT2;ARHGEF10L;RHOC;EMC3;MTX1;FLOT1;WASF2;RHPN1;HSP90AB1;TWF1;TMOD3;SLK;LBR;SPTBN1;ARFGAP2;RHOQ;CCDC115;FERMT2;GOLGA3;RHOD;CYBA;HGS;YKT6;TNFAIP1;WASL;ARHGAP1;CDC37;HMOX2;PLXNB1;COPS2;RHOF;ANKLE2;CKAP4;STIP1;ARHGEF16;RBBP6;LETM1;WDR91;VAMP3;CDC42SE2;CPSF7;GRB2;CYFIP2;TFRC;GRB7;SWAP70;RHOG;IQGAP1;EMD;PRPF38B;CAVIN1;VAV2;DOCK11;DBN1;RAB7A;NSFL1C;TRIP10;ROCK2;CDC42BPB;RTKN;RAPGEF1;WDR11;ESYT1;CSK;ARHGEF5;ANKFY1;COPS4;NISCH;WHAMM;TPM4;ARHGEF17;STOM;VAPB;DDX39B;PLEKHG3;VIM;PIK3R2;FAF2;ARHGEF18;WIPF2;KIDINS220;SAMM50;GIT1;TEX2;ARHGAP35;ARFGAP3;ARAP1;DIAPH1;DHDDS;PIK3R3;DST;NCK2;FAM13A;ARHGAP18;SOWAHC;MCF2L;DLC1;STARD8;TJP2;RNF20;VANGL1;PAK4;SHKBP1;ACTN1;DIAPH2;OSBPL11;MAP3K11,C-TAL
prerank,Reactome_2022__Sensory Processing Of Sound By Inner Hair Cells Of Cochlea R-HSA-9662360,0.6547149683367292,0.9329231886426025,0.759545923632611,0.9325809132928339,1.0,17/67,11.04%,MYH9;EPS8L2;SPTAN1;CAPZA2;EZR;MSN;CAPZB;TRIOBP;TWF1;SPTBN1;VAMP2;DNAJC5;TPRN;CAPZA1;ESPN;RDX;PLS1,C-TAL
prerank,Reactome_2022__Circadian Clock R-HSA-400253,0.648273050479254,0.9318814987103914,0.748712667353244,0.933831851405636,1.0,27/66,12.28%,UBC;UBB;RPS27A;UBA52;SKP1;RBM4;PPP1CA;CPT1A;HIF1A;NAMPT;HSD17B4;FBXL3;PPP1CC;MBD4;NCOR1;CSNK1D;CSNK1E;CARM1;HDAC3;RXRA;PPARA;CRY2;SREBF1;NCOA6;PPP1CB;EP300;CRTC2,C-TAL
prerank,Reactome_2022__Signaling By Nuclear Receptors R-HSA-9006931,0.6261974974383295,0.9306959474649725,0.771,0.9353303084164245,1.0,92/231,13.44%,CALM1;POLR2L;GNG5;POLR2J;UHMK1;JUND;PRMT1;GNB2;POLR2I;POLR2K;RDH10;CXXC5;RDH11;CPT1A;POLR2E;GTF2A2;JUN;CTSD;PDK3;USF2;GNAI2;PDHA1;GNB1;PDHB;DDX5;PDK2;HDAC1;POLR2F;RAD21;POLR2A;PTGES3;AKT2;CCND1;ZDHHC7;HSP90AA1;GPS2;AKT1;HRAS;STRN;RDH14;GNG10;KAT5;HSP90AB1;SMC3;POLR2C;YY1;MBD4;GNAI3;NR1H2;POLR2H;CDKN1B;FKBP4;NCOR2;MYLIP;KDM1A;FOS;RXRB;EGFR;ABCG1;NCOR1;TFF3;PDPK1;ALDH1A1;SMC1A;FASN;GTF2F1;MAPK3;CARM1;MAPK1;HDAC3;GNG12;TLE3;PPP5C;RXRA;FOSB;PRKCZ;POLR2G;SREBF1;PIK3R2;POLR2B;AGO2;GTF2A1;EP300;PPID;CHD1;EBAG9;PIK3R3;CDK9;NRAS;DHRS4;DLAT;POLR2D,C-TAL
prerank,Reactome_2022__PI3K/AKT Signaling In Cancer R-HSA-2219528,-0.42202517022916,-0.929119654832668,0.6875,0.9048766676615315,1.0,16/105,2.95%,ERBB4;EGF;FGF13;NRG1;AKT3;NRG3;PIK3R1;FOXO1;PIK3CB;FGFR2;GSK3B;RICTOR;KITLG;PIK3CA;FGF9;SOS1,C-TAL
prerank,Reactome_2022__CRMPs In Sema3A Signaling R-HSA-399956,0.6988507296256956,0.9289008947363986,0.7433920704845814,0.9380270774463871,1.0,5/16,19.13%,DPYSL2;CDK5;PLXNA1;NRP1;PLXNA4,C-TAL
prerank,Reactome_2022__Cytochrome P450 - Arranged By Substrate Type R-HSA-211897,0.6491475296604423,0.928321302347799,0.7546777546777547,0.9382697909953102,1.0,9/63,14.46%,VDAC2;FDX1;CYP51A1;FDX2;ARNT2;MIA3;RXRA;AHR;POMC,C-TAL
prerank,Reactome_2022__ABC Transporters In Lipid Homeostasis R-HSA-1369062,0.6948586487359434,0.9282370035422546,0.7400442477876106,0.9375698692708939,1.0,7/18,20.03%,PEX19;ABCG1;ABCA2;PEX3;ABCA7;ABCA3;ABCD1,C-TAL
prerank,Reactome_2022__NEP/NS2 Interacts With Cellular Export Machinery R-HSA-168333,0.6661809334528451,0.9278910354094505,0.7380699893955461,0.9373588209549358,1.0,19/35,20.05%,RAN;TPR;RANBP2;SEC13;NUP160;NUP50;NUP62;NUP42;BLOC1S6;GNL3;NUP93;NDC1;POM121C;AAAS;NUP43;NUP210;SEH1L;NUP54;NUP188,C-TAL
prerank,Reactome_2022__Metabolism Of Porphyrins R-HSA-189445,0.6764379068961945,0.9272221243050975,0.7585470085470085,0.9377976300343313,1.0,12/28,18.74%,BLVRB;HMOX2;UROS;GUSB;UROD;ALAD;ALAS1;PPOX;BLVRA;HMBS;COX15;FLVCR1,C-TAL
prerank,Reactome_2022__Glucuronidation R-HSA-156588,0.6771010930296226,0.9271731392196735,0.7502726281352236,0.937015739935609,1.0,1/25,2.69%,UGP2,C-TAL
prerank,Reactome_2022__Nucleotide Salvage R-HSA-8956321,0.6804880061764527,0.927160490355414,0.7232635060639471,0.9361603786127433,1.0,13/23,16.10%,APRT;GMPR;GMPR2;AMPD2;DGUOK;UCK1;TK1;DCK;UCKL1;ADAL;UPP1;TK2;SCO2,C-TAL
prerank,Reactome_2022__Signaling By Erythropoietin R-HSA-9006335,0.6801683364073988,0.9269282914089174,0.7521551724137931,0.9357296423526206,1.0,9/24,17.47%,CLSTN1;HRAS;GRB2;RAPGEF1;CRKL;NRAS;PIGU;SHC1;PLCG2,C-TAL
prerank,MSigDB_Hallmark_2020__Bile Acid Metabolism,0.630966755057971,0.926562653247988,0.7563451776649747,0.8379745749123174,1.0,41/112,13.57%,CAT;PRDX5;SOD1;BMP6;ACSL1;PXMP2;IDH2;SCP2;DHCR24;GSTK1;ISOC1;PFKM;SLC35B2;SERPINA6;HSD17B4;ALDH9A1;SULT2B1;PEX19;OPTN;CROT;SLC29A1;IDI1;IDH1;PHYH;AMACR;ALDH1A1;ABCA4;NUDT12;PECR;EFHC1;RXRA;EPHX2;GNPAT;PEX16;RETSAT;SLC23A2;PEX26;GCLM;PEX1;SLC27A5;ABCA2,C-TAL
prerank,"Reactome_2022__WNT5A-dependent Internalization Of FZD2, FZD5 And ROR2 R-HSA-5140745",0.7042861805333483,0.9261884186344543,0.7306818181818182,0.9362010583278509,1.0,5/11,2.54%,AP2M1;CLTC;AP2S1;CLTB;CLTA,C-TAL
prerank,Reactome_2022__Transport Of SLBP Dependant Mature mRNA R-HSA-159230,0.6617776378740852,0.9259816754564352,0.7505285412262156,0.935717846026858,1.0,20/36,20.05%,NCBP2;TPR;RANBP2;SEC13;NUP160;NUP50;EIF4E;SLBP;NUP62;NUP42;NUP93;NDC1;POM121C;AAAS;ALYREF;NUP43;NUP210;SEH1L;NUP54;NUP188,C-TAL
prerank,Reactome_2022__Transport Of Ribonucleoproteins Into Host Nucleus R-HSA-168271,0.6671347371534636,0.9258180822633498,0.7560718057022175,0.9351748771527562,1.0,20/35,20.05%,KPNB1;TPR;RANBP2;SEC13;NUP160;NUP50;NUP62;NUP42;BLOC1S6;GNL3;NUP93;NDC1;POM121C;AAAS;NUP43;NUP210;KPNA1;SEH1L;NUP54;NUP188,C-TAL
prerank,Reactome_2022__Nonhomologous End-Joining (NHEJ) R-HSA-5693571,0.6764730358165655,0.9246918621214943,0.7823779193205945,0.9365023466112691,1.0,18/34,15.84%,XRCC6;PRKDC;KAT5;UBE2N;BABAM1;RNF8;POLM;XRCC5;UBE2V2;RAD50;PIAS4;ABRAXAS1;ATM;LRIF1;MDC1;TDP2;BRCC3;RNF168,C-TAL
prerank,Reactome_2022__Signaling By ALK R-HSA-201556,0.6714470352501607,0.9243139155003807,0.7367853290183387,0.9363173588755377,1.0,10/26,15.98%,HDAC1;HIF1A;HDAC2;HDAC3;STAT3;PIK3R2;EP300;IRS1;SRC;SHC1,C-TAL
prerank,Reactome_2022__Telomere C-strand Synthesis Initiation R-HSA-174430,0.703006159949563,0.9241096781667841,0.7431192660550459,0.9358256056677166,1.0,7/12,21.06%,TERF2IP;TINF2;TERF1;STN1;TERF2;ACD;CTC1,C-TAL
prerank,Reactome_2022__Metabolism Of Folate And Pterines R-HSA-196757,0.6874695835047073,0.922082286656957,0.7433333333333333,0.938735872301529,1.0,6/16,18.01%,SHMT1;DHFR;MTHFD2L;MTHFD1;SLC46A1;FPGS,C-TAL
prerank,Reactome_2022__Antimicrobial Peptides R-HSA-6803157,0.6339179998146494,0.9218997173519246,0.7625383828045036,0.9382279192432442,1.0,3/87,8.40%,ATOX1;CLU;RO60,C-TAL
prerank,Reactome_2022__RORA Activates Gene Expression R-HSA-1368082,-0.5101239389015754,-0.9206640772633193,0.5483870967741935,0.91149031855857,1.0,6/18,2.42%,RORA;NCOA2;CHD9;NCOA1;CREBBP;TBL1XR1,C-TAL
prerank,Reactome_2022__Glucagon-like Peptide-1 (GLP1) Regulates Insulin Secretion R-HSA-381676,0.6562995753115044,0.920325142074435,0.7615546218487395,0.9402080582297417,1.0,16/42,14.48%,GNG5;GNB2;GNAS;PRKAR1A;GNB1;GNG10;RAPGEF3;ADCY6;ADCY5;IQGAP1;GNG12;PRKACB;PRKAR1B;ITPR3;PRKAR2A;PRKAR2B,C-TAL
prerank,Reactome_2022__Signal Regulatory Protein Family Interactions R-HSA-391160,0.6944172862016227,0.9174685450468902,0.7572254335260116,0.9445339780070345,1.0,6/13,15.87%,PTPN11;GRB2;SKAP2;SRC;SIRPA;CD47,C-TAL
prerank,Reactome_2022__Phase 4 - Resting Membrane Potential R-HSA-5576886,0.6787211918191713,0.9162874077662911,0.7415485278080698,0.9457079452132245,1.0,4/19,22.92%,KCNK1;KCNK5;KCNJ12;KCNK15,C-TAL
prerank,Reactome_2022__Transport Of SLBP Independent Mature mRNA R-HSA-159227,0.6560959075044103,0.9152388849014806,0.7755532139093783,0.946671505080077,1.0,19/35,20.05%,NCBP2;TPR;RANBP2;SEC13;NUP160;NUP50;EIF4E;NUP62;NUP42;NUP93;NDC1;POM121C;AAAS;ALYREF;NUP43;NUP210;SEH1L;NUP54;NUP188,C-TAL
prerank,Reactome_2022__Assembly Of Collagen Fibrils And Other Multimeric Structures R-HSA-2022090,0.6475926118375627,0.9151772862050972,0.778238341968912,0.9459200007999469,1.0,9/57,9.90%,CD151;CTSL;CTSB;PLEC;COL4A1;ITGA6;COL18A1;COL4A2;COL27A1,C-TAL
prerank,Reactome_2022__Cellular Hexose Transport R-HSA-189200,0.6768231664215447,0.914828701707901,0.7685589519650655,0.9456049706197923,1.0,5/21,19.25%,SLC2A1;SLC50A1;SLC2A11;SLC2A8;SLC45A3,C-TAL
prerank,Reactome_2022__NR1H2 And NR1H3-mediated Signaling R-HSA-9024446,0.6426841423155423,0.9137017802048066,0.7605042016806722,0.9466988445494481,1.0,21/46,19.64%,GPS2;NR1H2;NCOR2;MYLIP;KDM1A;RXRB;ABCG1;NCOR1;FASN;HDAC3;RXRA;SREBF1;AGO2;EP300;AGO1;ANGPTL3;KDM3A;ABCA1;KDM1B;KDM4A;MOV10,C-TAL
prerank,Reactome_2022__RUNX3 Regulates NOTCH Signaling R-HSA-8941856,-0.5651479776601565,-0.911905912393129,0.49122807017543857,0.9190895327054838,1.0,5/13,3.11%,MAML2;MAML3;KAT2B;CREBBP;KAT2A,C-TAL
prerank,Reactome_2022__Transcriptional Activation Of Mitochondrial Biogenesis R-HSA-2151201,0.637906459000011,0.9113309228949285,0.7811203319502075,0.9499897364390631,1.0,19/52,12.95%,CALM1;CYCS;ATP5F1B;IDH2;ESRRA;SSBP1;HCFC1;MBD4;TFAM;NCOR1;CARM1;HDAC3;RXRA;PPARA;SIRT3;NCOA6;ACSS2;CRTC2;ALAS1,C-TAL
prerank,Reactome_2022__GPVI-mediated Activation Cascade R-HSA-114604,0.6599030902625294,0.9099651576767748,0.7886266094420601,0.9514192929734117,1.0,11/32,12.76%,RHOA;RHOB;CDC42;PTPN11;PDPK1;SPNS1;RHOG;VAV2;PRKCZ;PIK3R2;PIK3R3,C-TAL
prerank,Reactome_2022__STAT5 Activation Downstream Of FLT3 ITD Mutants R-HSA-9702518,0.6963014307128756,0.9096885536494941,0.7656065959952886,0.9510212003543466,1.0,4/10,10.44%,PTPN11;LONP1;GRB2;BCL2L1,C-TAL
prerank,Reactome_2022__Regulation Of PTEN Gene Transcription R-HSA-8943724,0.6383004791803873,0.9084767979919746,0.7905759162303665,0.9522605136900791,1.0,31/60,12.11%,LAMTOR5;LAMTOR4;LAMTOR1;LAMTOR2;RRAGA;JUN;MAF1;RHEB;HDAC1;SUZ12;REST;PHC2;CBX6;CHD3;CHD4;RBBP7;LAMTOR3;KDM1A;CBX4;RING1;GATAD2A;ATN1;HDAC2;MAPK3;HDAC7;MAPK1;HDAC3;RRAGC;EGR1;MLST8;MTOR,C-TAL
prerank,Reactome_2022__Interactions Of Vpr With Host Cellular Proteins R-HSA-176033,0.6496030434140261,0.9077531632622964,0.7716701902748414,0.9525541086362703,1.0,20/38,17.84%,SLC25A6;SLC25A5;SLC25A4;TPR;BANF1;RANBP2;HMGA1;SEC13;NUP160;NUP50;NUP62;PSIP1;NUP42;NUP93;NDC1;POM121C;AAAS;NUP43;NUP210;KPNA1,C-TAL
prerank,Reactome_2022__RUNX1 Regulates Genes Involved In Megakaryocyte Differentiation And Platelet Function R-HSA-8936459,0.6585633479743579,0.9067217311859856,0.7978723404255319,0.953408847325238,1.0,18/37,18.61%,PRMT1;DPY30;HDAC1;ZFPM1;KMT2A;MYL9;PRMT6;RBBP5;THBS1;EP300;ASH2L;KMT2E;KMT2B;AGO1;WDR5;KMT2D;SETD1A;SETD1B,C-TAL
prerank,Reactome_2022__Signaling By NTRK3 (TRKC) R-HSA-9034015,0.6754012798834905,0.9060241041814651,0.7669584245076586,0.953656832500372,1.0,8/16,15.98%,HRAS;BAX;GRB2;NELFB;NRAS;IRS1;SRC;SHC1,C-TAL
prerank,Reactome_2022__Cargo Trafficking To Periciliary Membrane R-HSA-5620920,0.6396296414029561,0.9060051330192364,0.7858649789029536,0.9528022960263879,1.0,22/50,12.12%,TCP1;CCT4;CCT5;CCT2;UNC119B;ARL3;CCT3;RAB11A;ARF4;PTGES2;RAB8A;EXOC3;MKKS;BBIP1;CCT8;PKD1;RAB11FIP3;BBS1;EXOC7;CYS1;RAB3IP;BBS2,C-TAL
prerank,Reactome_2022__Signaling By FLT3 Fusion Proteins R-HSA-9703465,0.6779250519631826,0.9059966983741012,0.7864293659621802,0.9519401763821672,1.0,6/18,8.56%,GOLGB1;TRIP11;HRAS;SPTBN1;LONP1;GRB2,C-TAL
prerank,Reactome_2022__Interleukin-2 Family Signaling R-HSA-451927,0.6480032914861737,0.9059003741097357,0.7861702127659574,0.9512168011593454,1.0,10/44,15.98%,CLSTN1;INPPL1;GRB2;STAT3;STAT1;PIK3R2;JAK1;PIK3R3;SYK;SHC1,C-TAL
prerank,Reactome_2022__Defective B3GALTL Causes PpS R-HSA-5083635,-0.4925265199955627,-0.9054779171599936,0.6785714285714286,0.9205016893141305,1.0,4/37,2.60%,THSD4;ADAMTS17;THSD7A;ADAMTS9,C-TAL
prerank,"Reactome_2022__Adrenaline,noradrenaline Inhibits Insulin Secretion R-HSA-400042",0.6565655768316414,0.9045467369000117,0.7869379014989293,0.9526124278056997,1.0,8/28,9.92%,GNG5;GNB2;GNAI2;GNB1;GNG10;ADCY6;ADCY5;GNG12,C-TAL
prerank,Reactome_2022__Cell Junction Organization R-HSA-446728,0.6256716722563898,0.9036558254648791,0.7950819672131147,0.9531694264611685,1.0,24/85,9.74%,CLDN4;ITGB1;CD151;CLDN3;CLDN19;JUP;PARD6B;CLDN10;NECTIN2;ILK;CADM1;PLEC;F11R;PARD6A;FLNA;FERMT2;CRB3;PRKCI;CTNNA1;ITGA6;CLDN7;CLDN12;LIMS1;RSU1,C-TAL
prerank,Reactome_2022__Cell-Cell Communication R-HSA-1500931,0.6171639489674713,0.9033174272069815,0.8080808080808081,0.952838120232393,1.0,46/119,16.01%,CLDN4;ITGB1;CD151;CLDN3;CLDN19;JUP;PARD6B;SPTAN1;ACTN4;CLDN10;NECTIN2;ILK;CADM1;PLEC;F11R;PARD6A;FLNA;SPTBN1;FERMT2;CRB3;WASL;PTPN11;PRKCI;CTNNA1;ITGA6;CLDN7;GRB2;SKAP2;IQGAP1;CLDN12;LIMS1;RSU1;CLDN8;PIK3R2;TESK1;DST;NCK2;VASP;CLDN15;ACTN1;SRC;PARVA;SIRPA;CD47;FZR1;CDH13,C-TAL
prerank,Reactome_2022__FCGR3A-mediated IL10 Synthesis R-HSA-9664323,0.6546077216331544,0.9001023739978874,0.813903743315508,0.957192160204804,1.0,15/35,15.87%,CALM1;PRKAR1A;PRKX;YES1;ADCY6;ADCY5;AHCYL1;PRKACB;PRKAR1B;ITPR3;PRKAR2A;PRKAR2B;ADCY9;SRC;SYK,C-TAL
prerank,Reactome_2022__RHOA GTPase Cycle R-HSA-8980692,0.6092131228101595,0.8969640425198738,0.8108651911468813,0.9613352637197426,1.0,56/147,13.96%,RHOA;KTN1;LMAN1;BCAP31;JUP;DDRGK1;ACBD5;C1QBP;ATP6AP1;ARHGDIA;PGRMC2;PRKCSH;TMPO;PKN1;TMEM87A;ARHGAP29;FLOT2;ARHGEF10L;EMC3;FLOT1;RHPN1;SLK;LBR;CCDC115;YKT6;ARHGAP1;HMOX2;VAMP3;TFRC;IQGAP1;PRPF38B;CAVIN1;VAV2;ROCK2;RTKN;ARHGEF5;ARHGEF17;STOM;VAPB;PLEKHG3;PIK3R2;FAF2;ARHGEF18;TEX2;ARHGAP35;ARAP1;DIAPH1;DHDDS;FAM13A;ARHGAP18;SOWAHC;MCF2L;DLC1;STARD8;TJP2;VANGL1,C-TAL
prerank,Reactome_2022__Intra-Golgi Traffic R-HSA-6811438,0.6354385908993903,0.8968866540958579,0.7843551797040169,0.9605754470328005,1.0,18/42,15.84%,TRIP11;YKT6;CYTH2;GOSR2;STX16;COG8;BET1L;MAN2A2;COG2;CYTH1;SNAP29;COG4;COG1;STX6;NAPG;MAN1A2;MAN1C1;STX5,C-TAL
prerank,Reactome_2022__P2Y Receptors R-HSA-417957,0.6789129867141833,0.8929716814118793,0.7839080459770115,0.9657300677368127,1.0,3/11,26.10%,LPAR6;P2RY2;P2RY6,C-TAL
prerank,Reactome_2022__IL-6-type Cytokine Receptor Ligand Interactions R-HSA-6788467,0.6670819484195185,0.8926271088669453,0.7899343544857768,0.9654088012253477,1.0,6/17,20.14%,IL6ST;CTF1;IL11RA;JAK1;CCM2;OSMR,C-TAL
prerank,Reactome_2022__Defects Of Contact Activation System (CAS) And Kallikrein/Kinin System (KKS) R-HSA-9651496,0.6721755156789463,0.8917040003022372,0.7882882882882883,0.9659442599665826,1.0,2/15,7.46%,SERPING1;GGCX,C-TAL
prerank,Reactome_2022__Recycling Of Bile Acids And Salts R-HSA-159418,-0.5235747136177046,-0.8914707333517501,0.5833333333333334,0.9401204739955149,1.0,4/18,6.01%,NCOA2;NCOA1;SLC10A1;NR1H4,C-TAL
prerank,Reactome_2022__Signaling By SCF-KIT R-HSA-1433557,0.6363698491932666,0.8912242275089427,0.805672268907563,0.9657502374328393,1.0,12/42,14.90%,YES1;HRAS;PTPN11;SOCS1;GRB2;GRB7;STAT3;STAT1;PIK3R2;PIK3R3;NRAS;SRC,C-TAL
prerank,Reactome_2022__O-linked Glycosylation R-HSA-5173105,0.609571962305674,0.8903550580952116,0.8100616016427105,0.9661839271759665,1.0,28/105,16.74%,ST3GAL4;MUC15;DAG1;C1GALT1C1;GALNT11;POMGNT2;B4GAT1;GALNT1;B3GNT2;GALNT3;ADAMTS15;POMGNT1;B4GALT5;THBS1;MUC20;GALNT9;POFUT2;GALNT6;POMT1;LARGE2;ADAMTSL2;GALNT2;B4GALT6;SBSPON;C1GALT1;POMT2;ST6GAL1;B3GALNT2,C-TAL
prerank,Reactome_2022__ERK/MAPK Targets R-HSA-198753,0.6574408723276339,0.8893069284534705,0.8008705114254625,0.966876409742732,1.0,13/22,17.74%,PPP2R1A;DUSP3;PPP2CB;PPP2CA;MAPK3;MAPK1;RPS6KA3;RPS6KA1;PPP2R5D;PPP2R1B;MAPK14;VRK3;MAPK7,C-TAL
prerank,Reactome_2022__Formation Of Cornified Envelope R-HSA-6809371,0.6162655904109703,0.8886741089308193,0.805181347150259,0.966964909028421,1.0,10/73,6.63%,PERP;JUP;CAPNS1;CAPN1;ST14;PRSS8;FURIN;DSG2;PPL;EVPL,C-TAL
prerank,Reactome_2022__Collagen Biosynthesis And Modifying Enzymes R-HSA-1650814,0.6235349168192749,0.888158955510406,0.8053553038105047,0.966792332681162,1.0,15/67,14.67%,PPIB;PLOD2;P4HB;COL4A1;COL18A1;SERPINH1;COL4A2;COL27A1;CRTAP;P3H2;P4HA1;PLOD3;PLOD1;PCOLCE;COLGALT1,C-TAL
prerank,Reactome_2022__SUMOylation Of Intracellular Receptors R-HSA-4090294,-0.4848071690012241,-0.8877326769283503,0.7222222222222222,0.9353860459218716,1.0,3/29,0.18%,NR3C2;RORA;THRB,C-TAL
prerank,Reactome_2022__ESR-mediated Signaling R-HSA-8939211,0.6033090324671057,0.8870582902241824,0.8449144008056395,0.967502228701804,1.0,69/159,12.91%,CALM1;POLR2L;GNG5;POLR2J;UHMK1;JUND;PRMT1;GNB2;POLR2I;POLR2K;CXXC5;POLR2E;GTF2A2;JUN;CTSD;USF2;GNAI2;GNB1;DDX5;HDAC1;POLR2F;RAD21;POLR2A;PTGES3;AKT2;CCND1;ZDHHC7;HSP90AA1;AKT1;HRAS;STRN;GNG10;KAT5;HSP90AB1;SMC3;POLR2C;YY1;MBD4;GNAI3;POLR2H;CDKN1B;FKBP4;KDM1A;FOS;EGFR;TFF3;PDPK1;SMC1A;GTF2F1;MAPK3;CARM1;MAPK1;GNG12;TLE3;PPP5C;FOSB;PRKCZ;POLR2G;PIK3R2;POLR2B;AGO2;GTF2A1;EP300;PPID;CHD1;EBAG9;PIK3R3;CDK9;NRAS,C-TAL
prerank,Reactome_2022__Mitochondrial tRNA Aminoacylation R-HSA-379726,0.6591984198327392,0.8868940941424717,0.8145336225596529,0.9668617617488452,1.0,12/18,21.80%,IARS2;CARS2;VARS2;DTD1;SARS2;NARS2;AARS2;PARS2;EARS2;DARS2;TARS2;MARS2,C-TAL
prerank,Reactome_2022__Platelet Calcium Homeostasis R-HSA-418360,0.6522277659052069,0.8862217421070026,0.7978260869565217,0.96692474400103,1.0,4/26,6.26%,CALM1;SRI;ORAI2;ATP2A2,C-TAL
prerank,MSigDB_Hallmark_2020__Notch Signaling,0.6364466461390901,0.885183574453189,0.8081457663451233,0.8889116692898494,1.0,11/32,13.01%,RBX1;SKP1;APH1A;HES1;JAG1;CCND1;DTX1;NOTCH3;PSENEN;NOTCH1;FZD1,C-TAL
prerank,Reactome_2022__GRB2:SOS Provides Linkage To MAPK Signaling For Integrins R-HSA-354194,0.6606693074189164,0.884173524571283,0.7935982339955849,0.9689864390051086,1.0,5/15,18.46%,TLN1;RAP1B;GRB2;SRC;FN1,C-TAL
prerank,Reactome_2022__Signal Attenuation R-HSA-74749,0.6764943773918772,0.8832411272385423,0.8025114155251142,0.9693871195908648,1.0,5/10,15.98%,GRB2;MAPK3;MAPK1;IRS1;SHC1,C-TAL
prerank,Reactome_2022__Effects Of PIP2 Hydrolysis R-HSA-114508,-0.49948321648039157,-0.8810017740389694,0.5666666666666667,0.937131878830049,1.0,5/27,2.60%,ITPR2;ITPR1;PRKCE;MGLL;PRKCQ,C-TAL
prerank,Reactome_2022__Defective TPR May Confer Susceptibility Towards Thyroid Papillary Carcinoma (TPC) R-HSA-5619107,0.6331965602714108,0.8808916642543677,0.8027426160337553,0.971676346138305,1.0,19/32,22.18%,TPR;RANBP2;SEC13;NUP160;NUP50;NUP62;NUP42;NUP93;NDC1;POM121C;AAAS;NUP43;NUP210;MAP4K2;SEH1L;NUP54;NUP188;NUP155;NUP35,C-TAL
prerank,Reactome_2022__Signaling By PDGFRA Extracellular Domain Mutants R-HSA-9673770,0.6747135491521331,0.8807908131858495,0.8029612756264237,0.9709425998157423,1.0,6/11,12.91%,HRAS;GRB2;STAT3;STAT1;PIK3R2;NRAS,C-TAL
prerank,Reactome_2022__Organic Cation/Anion/Zwitterion Transport R-HSA-549132,0.6650214942854459,0.8772258698438467,0.8089385474860336,0.9749365002811143,1.0,3/15,17.41%,SLC22A2;SLC22A5;SLC22A18,C-TAL
prerank,Reactome_2022__Gap Junction Assembly R-HSA-190861,0.6563705836095173,0.874748512224899,0.8097345132743363,0.9772960628233639,1.0,1/16,13.25%,GJB1,C-TAL
prerank,Reactome_2022__NR1H3 And NR1H2 Regulate Gene Expression Linked To Cholesterol Transport And Efflux R-HSA-9029569,0.6245322246419032,0.8746951971806863,0.8121664887940235,0.9764876705040297,1.0,17/36,19.64%,GPS2;NR1H2;NCOR2;KDM1A;RXRB;ABCG1;NCOR1;HDAC3;RXRA;AGO2;EP300;AGO1;KDM3A;ABCA1;KDM1B;KDM4A;MOV10,C-TAL
prerank,Reactome_2022__Nuclear Pore Complex (NPC) Disassembly R-HSA-3301854,0.6250338916085333,0.8720427256094346,0.8223404255319149,0.9790025140514236,1.0,19/36,22.18%,TPR;RANBP2;SEC13;NUP160;NUP50;NUP62;NUP42;NUP93;NDC1;POM121C;AAAS;NUP43;NUP210;SEH1L;NUP54;NUP188;NUP155;CCNB1;NUP35,C-TAL
prerank,Reactome_2022__Pre-NOTCH Expression And Processing R-HSA-1912422,0.6179511858318913,0.871942901570316,0.8254963427377221,0.9782637042294277,1.0,21/49,12.17%,B4GALT1;ST3GAL4;TMED2;FURIN;JUN;ELF3;CCND1;SEL1L;ATP2A2;RAB6A;PRKCI;POFUT1;RFNG;SNW1;NOTCH3;TFDP1;RBPJ;TFDP2;NOTCH1;AGO2;EP300,C-TAL
prerank,Reactome_2022__Organic Cation Transport R-HSA-549127,0.6728845621971644,0.8714013269306752,0.8078703703703703,0.9780830210758243,1.0,3/10,17.41%,SLC22A2;SLC22A5;SLC22A18,C-TAL
prerank,Reactome_2022__Transcriptional Regulation Of Pluripotent Stem Cells R-HSA-452723,-0.4651954249087677,-0.8691583215108979,0.7441860465116279,0.9512101092510674,1.0,4/30,0.76%,PBX1;FGF13;FOXP1;NR6A1,C-TAL
prerank,Reactome_2022__Tie2 Signaling R-HSA-210993,0.6474892971607481,0.8683717527938619,0.8150984682713348,0.9809926545051161,1.0,7/17,15.98%,HRAS;PTPN11;GRB2;GRB7;PIK3R2;NRAS;SHC1,C-TAL
prerank,Reactome_2022__EPH-ephrin Mediated Repulsion Of Cells R-HSA-3928665,0.614414228306475,0.8637523097707186,0.8408851422550052,0.985892298022297,1.0,17/49,12.47%,AP2M1;CLTC;AP2S1;APH1A;CLTB;CLTA;YES1;NCSTN;PSEN1;ADAM10;AP2B1;EFNA1;VAV2;EPHB4;PSENEN;AP2A2;APH1B,C-TAL
prerank,Reactome_2022__Early SARS-CoV-2 Infection Events R-HSA-9772572,0.6211109369752499,0.86321543547072,0.8514644351464435,0.9856536720229087,1.0,21/36,10.78%,SDC2;SDC1;HSPG2;CHMP2A;CTSL;ZCRB1;ISCU;FURIN;VCP;MAP1LC3B;AGRN;DDX5;TMPRSS2;CHMP4B;CHMP2B;BECN1;GPC1;RB1;CHMP6;GPC3;GPC4,C-TAL
prerank,Reactome_2022__PKMTs Methylate Histone Lysines R-HSA-3214841,-0.46526593162381163,-0.863140166232648,0.7317073170731707,0.9515541207618698,1.0,9/44,3.36%,MECOM;SMYD3;ASH1L;SETDB2;ATF7IP;AEBP2;SETD2;NFKB1;NSD3,C-TAL
prerank,Reactome_2022__CD28 Dependent PI3K/Akt Signaling R-HSA-389357,0.6411947904418722,0.8628485366568849,0.8403083700440529,0.9852536501331438,1.0,8/23,14.03%,AKT2;AKT1;PDPK1;PIK3R2;MLST8;MTOR;PIK3R3;THEM4,C-TAL
prerank,Reactome_2022__Signaling By PDGF R-HSA-186797,0.6129949030941912,0.8627026614945842,0.8471933471933472,0.9845603016240978,1.0,24/52,16.78%,FURIN;COL4A1;HRAS;CRK;PTPN11;BCAR1;CXXC1;GRB2;GRB7;COL4A2;STAT6;STAT3;RAPGEF1;STAT1;THBS1;PIK3R2;PDGFA;CRKL;NRAS;NCK2;SRC;THBS3;PDGFB;COL9A2,C-TAL
prerank,Reactome_2022__Growth Hormone Receptor Signaling R-HSA-982772,0.6317464486998102,0.862349905763782,0.83745963401507,0.9841522027568701,1.0,9/24,15.27%,SOCS2;SOCS1;MAPK3;MAPK1;STAT3;STAT1;SOCS3;IRS1;ADAM17,C-TAL
prerank,Reactome_2022__Visual Phototransduction R-HSA-2187338,0.5927152731664157,0.8621452566623076,0.8490374873353597,0.9835160468149736,1.0,23/96,12.23%,CALM1;SDC2;SDC1;HSPG2;LRP10;RNF7;RDH10;RDH11;C1D;NAPEPLD;GNB1;AGRN;AKR1C1;NMT1;GPC1;ABCA4;GPC3;METAP2;GPC4;RETSAT;HSD17B1;LPL;METAP1,C-TAL
prerank,Reactome_2022__Formation Of Senescence-Associated Heterochromatin Foci (SAHF) R-HSA-2559584,0.6562855344673718,0.8620957680793431,0.8022598870056498,0.9827047140905903,1.0,5/11,17.73%,RB1;HMGA1;UBN1;ASF1A;EP400,C-TAL
prerank,MSigDB_Hallmark_2020__Estrogen Response Early,0.5802579947736566,0.8598445916221804,0.8866599799398195,0.9027804145820296,1.0,62/200,15.70%,RAB17;BAG1;AMFR;KRT18;B4GALT1;FOXC1;CELSR2;HES1;SYNGR1;DYNLT3;ELF3;BLVRB;PPIF;XBP1;KRT8;TOB1;PDZK1;CCND1;SLC39A6;IL6ST;SLC2A1;KRT19;ARL3;KLF10;SULT2B1;WFS1;RHOD;FKBP4;ASB13;NCOR2;CLDN7;FOS;AKAP1;CELSR1;TFF3;FDFT1;FASN;ABHD2;NXT1;SLC7A5;ESRP2;WWC1;SEMA3B;AQP3;ITPK1;MED24;PLAAT3;TGIF2;DHCR7;DLC1;MINDY1;SCNN1A;SLC22A5;UGCG;ADCY9;UNC119;GLA;FAM102A;ELF1;CANT1;OPN3;PEX11A,C-TAL
prerank,Reactome_2022__Sphingolipid De Novo Biosynthesis R-HSA-1660661,0.6151688631695975,0.8597592034737559,0.8397905759162304,0.984639770739265,1.0,18/44,9.56%,SPNS2;CERS2;DEGS2;ORMDL1;OSBP;ALDH3A2;SGPL1;KDSR;ORMDL2;ORMDL3;SPTSSA;CSNK1G2;SPTLC1;VAPA;SPTLC2;DEGS1;PRKD3;PLPP3,C-TAL
prerank,Reactome_2022__Chromatin Modifying Enzymes R-HSA-3247509,0.579233834637936,0.8580889650038039,0.8917835671342685,0.9857064538944764,1.0,114/204,18.75%,RPS2;SAP18;PRMT1;ELP5;COPRS;DPY30;SMARCE1;PADI2;ENY2;KDELR2;HMG20B;MORF4L1;HDAC1;SUZ12;TAF10;REST;CCND1;GPS2;HCFC1;CHD3;USP22;SUDS3;KAT5;SETD3;SAP30L;CHD4;MCRS1;SMARCB1;RBBP7;MEAF6;PRDM16;KMT2A;ACTL6A;NCOR2;EHMT2;TADA3;KDM1A;PRMT6;KDM5B;CDK4;MBIP;ELP6;NCOR1;DR1;JADE1;SMARCA4;GATAD2A;HDAC2;SMARCD2;TAF9;CARM1;SMARCC2;HAT1;HDAC3;RBBP5;MSL1;BRD8;KMT5A;DMAP1;RELA;PRMT5;SUPT7L;KAT8;RUVBL2;JADE2;SMARCD1;ING3;TAF12;ING5;EP300;KDM5D;PHF8;TADA2B;BRPF3;RBBP4;KDM6B;KDM5C;ING4;ASH2L;MSL3;BRD1;RUVBL1;KMT5B;MRGBP;KMT2E;DOT1L;KMT2B;KAT14;KAT7;KDM2B;GATAD2B;VPS72;ATXN7L3;MTA1;NSD1;WDR5;CLOCK;KANSL2;MORF4L2;KMT2D;KDM3A;SGF29;PHF2;PRMT7;SETD1A;EP400;SETDB1;KDM4B;TAF5L;SETD6;SETD1B;WDR77;KDM1B;KDM4A,C-TAL
prerank,Reactome_2022__Post NMDA Receptor Activation Events R-HSA-438064,-0.4204337636367187,-0.8571850426157434,0.75,0.951529647246001,1.0,2/61,0.64%,ERBB4;NRG1,C-TAL
prerank,Reactome_2022__Nephrin Family Interactions R-HSA-373753,0.6294342164254862,0.855924582909063,0.8356605800214822,0.9874003776362079,1.0,8/22,14.19%,SPTAN1;ACTN4;SPTBN1;WASL;IQGAP1;PIK3R2;NCK2;ACTN1,C-TAL
prerank,Reactome_2022__Potassium Channels R-HSA-1296071,0.5871130491005045,0.855856871140898,0.8568548387096774,0.9865964243900163,1.0,10/102,6.70%,GNG5;GNB2;KCNJ5;KCNJ15;GNB1;GNG10;KCNQ1;KCNN3;KCNJ1;KCNK1,C-TAL
prerank,Reactome_2022__Signaling By FLT3 ITD And TKD Mutants R-HSA-9703648,0.6388294999386159,0.8533378525586016,0.8399545970488081,0.9885961613913102,1.0,6/15,12.91%,HRAS;PTPN11;LONP1;GRB2;BCL2L1;NRAS,C-TAL
prerank,Reactome_2022__Caspase Activation Via Dependence Receptors In Absence Of Ligand R-HSA-418889,0.6617427030641425,0.8530463438688349,0.8283752860411899,0.9880472590937839,1.0,1/10,2.26%,APPL1,C-TAL
prerank,Reactome_2022__Estrogen-dependent Nuclear Events Downstream Of ESR-membrane Signaling R-HSA-9634638,0.6283600029284166,0.8523001323989727,0.8658008658008658,0.9880240985512093,1.0,9/24,9.27%,UHMK1;AKT2;CCND1;AKT1;CDKN1B;FOS;EGFR;MAPK3;MAPK1,C-TAL
prerank,Reactome_2022__Acetylcholine Neurotransmitter Release Cycle R-HSA-264642,-0.5078119512981965,-0.8518529548374121,0.6344086021505376,0.9505334503879755,1.0,1/17,0.32%,PPFIA2,C-TAL
prerank,Reactome_2022__Bile Acid And Bile Salt Metabolism R-HSA-194068,0.6001357910458738,0.8513772775613794,0.839622641509434,0.9881778011527952,1.0,8/45,10.18%,OSBP;AKR1C1;HSD17B4;AMACR;OSBPL2;OSBPL1A;ACOT8;RXRA,C-TAL
prerank,Reactome_2022__PI-3K cascade:FGFR4 R-HSA-5654720,-0.4861256836742876,-0.850517811287271,0.6551724137931034,0.940164731241877,1.0,4/20,2.82%,FGF13;PIK3R1;PIK3CA;FGF9,C-TAL
prerank,Reactome_2022__Regulation Of KIT Signaling R-HSA-1433559,0.6406038518260089,0.8504930944012185,0.8256578947368421,0.9883461746025887,1.0,8/16,21.86%,YES1;SOCS1;GRB2;SRC;SOCS6;PTPN6;CBL;LYN,C-TAL
prerank,Reactome_2022__Antigen Activates B Cell Receptor Leading To Second Messenger Generation R-HSA-983695,0.6198102995713521,0.8502399719974817,0.8398727465535525,0.9877256613580654,1.0,7/30,12.25%,CALM1;CLSTN1;ORAI2;GRB2;AHCYL1;ITPR3;ORAI1,C-TAL
prerank,MSigDB_Hallmark_2020__Apical Surface,0.6046106249965182,0.8501508265645242,0.8511087645195353,0.8956334647723192,1.0,14/44,11.64%,GSTM3;APP;MAL;THY1;B4GALT1;HSPB1;FLOT2;ADAM10;AFAP1L2;CX3CL1;EPHB4;DCBLD2;TMEM8B;NCOA6,C-TAL
prerank,Reactome_2022__Rap1 Signaling R-HSA-392517,0.6323396938967942,0.8501332568375636,0.8270089285714286,0.986974632133307,1.0,5/16,8.36%,RAP1GAP;YWHAB;RAPGEF3;RAP1B;SIPA1,C-TAL
prerank,Reactome_2022__Cytosolic Sulfonation Of Small Molecules R-HSA-156584,0.6260210081199513,0.8499553529053425,0.8406889128094726,0.9863099559148867,1.0,6/21,13.94%,SLC35B2;SULT2B1;ABHD14B;PODXL2;PAPSS1;SLC35B3,C-TAL
prerank,"Reactome_2022__Sensory Perception Of Sweet, Bitter, And Umami (Glutamate) Taste R-HSA-9717207",0.6033058808335631,0.8498175619413341,0.8524762908324552,0.9855895177524895,1.0,2/41,12.01%,GNB1;ITPR3,C-TAL
prerank,Reactome_2022__Sensory Perception Of Taste R-HSA-9717189,0.6007230832565151,0.8494139152320345,0.8458289334741288,0.9851486196234562,1.0,5/47,17.35%,GNB1;ITPR3;SCNN1A;SCNN1B;SCNN1G,C-TAL
prerank,Reactome_2022__RUNX1 Interacts With Co-Factors Whose Precise Effect On RUNX1 Targets Is Not Known R-HSA-8939243,0.6147158987829372,0.8485465258155882,0.858359957401491,0.9852182183096265,1.0,15/34,12.17%,CSNK2B;HIPK2;SMARCE1;PHC2;CBX6;SMARCB1;ACTL6A;CBX4;RING1;SMARCA4;SMARCD2;SMARCC2;PCGF5;SMARCD1;EP300,C-TAL
prerank,Reactome_2022__Assembly And Cell Surface Presentation Of NMDA Receptors R-HSA-9609736,0.6234801581332345,0.8478180491394393,0.8473451327433629,0.9851217215017114,1.0,3/25,16.19%,LIN7C;CAMK2G;NEFL,C-TAL
prerank,Reactome_2022__CDC42 GTPase Cycle R-HSA-9013148,0.5717174367099184,0.8463319735360483,0.8742454728370221,0.9858737356572378,1.0,58/148,18.68%,KTN1;LAMTOR1;JUP;ARHGDIA;PRKCSH;CDC42EP3;TMPO;CDC42;PKN1;ARHGAP29;PARD6A;LBR;ARFGAP2;YKT6;WASL;ARHGAP1;ARHGEF16;WDR91;VAMP3;CDC42SE2;TFRC;IQGAP1;VAV2;DOCK11;RAB7A;CDC42BPB;ARHGEF5;STOM;PLEKHG3;PIK3R2;WIPF2;GIT1;ARHGAP35;ARFGAP3;ARAP1;MCF2L;DLC1;STARD8;VANGL1;PAK4;SHKBP1;MAP3K11;STEAP3;ARHGAP4;ARHGAP5;ARHGEF9;MYO9B;PLEKHG4B;FNBP1;SYDE1;GIT2;DNMBP;GNA13;CDC42EP2;SH3PXD2A;SNAP23;CDC42EP4;ECT2,C-TAL
prerank,Reactome_2022__Heme Biosynthesis R-HSA-189451,0.6421102878477128,0.8460710801234074,0.8469387755102041,0.9852867610788933,1.0,8/14,18.74%,UROS;UROD;ALAD;ALAS1;PPOX;HMBS;COX15;FLVCR1,C-TAL
prerank,Reactome_2022__Nucleotide-like (Purinergic) Receptors R-HSA-418038,0.6362510527516186,0.8453505784552571,0.837471783295711,0.9851747748357073,1.0,3/15,26.10%,LPAR6;P2RY2;P2RY6,C-TAL
prerank,Reactome_2022__Diseases Of DNA Repair R-HSA-9675135,0.5969850198207326,0.8443562911398638,0.8633017875920084,0.9853563403569763,1.0,26/50,21.73%,RPA3;SEM1;KAT5;RAD50;RAD17;RAD51C;MSH6;PMS2;NEIL1;MUTYH;ATM;NTHL1;MLH1;TOPBP1;RHNO1;RMI1;HUS1;OGG1;RFC2;MRE11;BARD1;TOP3A;RRAD;RFC4;PALB2;RAD51D,C-TAL
prerank,Reactome_2022__Synthesis Of Bile Acids And Bile Salts R-HSA-192105,0.6057161585454015,0.8439958454776498,0.8507462686567164,0.9848722429208047,1.0,8/34,10.18%,OSBP;AKR1C1;HSD17B4;AMACR;OSBPL2;OSBPL1A;ACOT8;RXRA,C-TAL
prerank,Reactome_2022__DAP12 Signaling R-HSA-2424491,0.613415664340784,0.8439005056683692,0.8537886872998933,0.9841248211399648,1.0,10/28,15.98%,B2M;HLA-E;HRAS;GRB2;SPNS1;VAV2;PIK3R2;NRAS;SYK;SHC1,C-TAL
prerank,Reactome_2022__Negative Regulation Of Activity Of TFAP2 (AP-2) Family Transcription Factors R-HSA-8866904,-0.5211503709988139,-0.8437792606994622,0.6029411764705882,0.9427190302240077,1.0,2/10,0.19%,WWOX;KCTD1,C-TAL
prerank,Reactome_2022__GABA Receptor Activation R-HSA-977443,0.591130564399513,0.8435352581372868,0.852880658436214,0.9836322212122307,1.0,13/59,10.93%,GNG5;GNB2;KCNJ5;NPTN;KCNJ15;GNAI2;GNB1;GNG10;ADCY6;GNAI3;ADCY5;GNG12;KCNJ10,C-TAL
prerank,Reactome_2022__Chemokine Receptors Bind Chemokines R-HSA-380108,-0.4207306508312978,-0.8434369870904488,0.8541666666666666,0.9307570760354497,1.0,1/56,0.31%,CXCL12,C-TAL
prerank,Reactome_2022__O-glycosylation Of TSR Domain-Containing Proteins R-HSA-5173214,-0.4522708572968014,-0.8433033988698783,0.7857142857142857,0.918584093238517,1.0,4/38,2.60%,THSD4;ADAMTS17;THSD7A;ADAMTS9,C-TAL
prerank,Reactome_2022__FGFR1 Mutant Receptor Activation R-HSA-1839124,0.6128110488508173,0.84199024335417,0.8413205537806177,0.9843566612983582,1.0,9/29,12.11%,LRRFIP1;ERLIN2;FGFR1OP2;GRB2;STAT3;STAT1;FGFR1;TRIM24;BAG4,C-TAL
prerank,Reactome_2022__Signaling By FGFR1 In Disease R-HSA-5655302,0.6069560643561451,0.8417510391953474,0.8447729672650475,0.9837823791784568,1.0,11/35,12.91%,LRRFIP1;ERLIN2;HRAS;FGFR1OP2;GRB2;STAT3;STAT1;FGFR1;TRIM24;BAG4;NRAS,C-TAL
prerank,Reactome_2022__VEGFR2 Mediated Cell Proliferation R-HSA-5218921,0.6270213893981567,0.8408087792954864,0.8386388583973655,0.9839096527682876,1.0,8/18,12.91%,CALM1;HRAS;VEGFA;PDPK1;AHCYL1;PRKCZ;ITPR3;NRAS,C-TAL
prerank,Reactome_2022__ALK Mutants Bind TKIs R-HSA-9700645,0.6335746332401607,0.8376308970190686,0.8254879448909299,0.9862948867621545,1.0,4/12,5.43%,CLTC;NPM1;PRKAR1A;STRN,C-TAL
prerank,Reactome_2022__Ca-dependent Events R-HSA-111996,0.602460065181201,0.8356260370075527,0.8577494692144374,0.9874199328243027,1.0,14/35,14.76%,CALM1;PRKAR1A;PRKX;GRK2;ADCY6;ADCY5;MAPK1;CAMK2G;PRKACB;PRKAR1B;PRKAR2A;KPNA2;PRKAR2B;ADCY9,C-TAL
prerank,Reactome_2022__G-protein Beta:Gamma Signaling R-HSA-397795,0.6063973837002138,0.8356107265810686,0.8688172043010752,0.986579829643003,1.0,11/32,9.92%,GNG5;RHOA;GNB2;GNB1;CDC42;AKT2;PKN1;AKT1;GNG10;PDPK1;GNG12,C-TAL
prerank,Reactome_2022__HS-GAG Biosynthesis R-HSA-2022928,-0.4656956537828793,-0.8346672712146417,0.7428571428571429,0.9250378585439074,1.0,4/30,0.41%,GPC5;HS6ST2;EXT1;GPC6,C-TAL
prerank,Reactome_2022__Signaling By PDGFR In Disease R-HSA-9671555,0.6198157393977144,0.8346207093748753,0.8425624321389794,0.9866999256419317,1.0,8/19,12.91%,HRAS;STRN;GRB2;WDR48;STAT3;STAT1;PIK3R2;NRAS,C-TAL
prerank,Reactome_2022__DARPP-32 Events R-HSA-180024,0.6099870443274448,0.833006423602187,0.8670953912111469,0.9874173252565778,1.0,14/24,14.48%,CALM1;PPP1CA;PRKAR1A;PPP2R1A;PPP2CB;PDE4A;PPP2CA;PRKACB;PRKAR1B;CDK5;PPP2R5D;PRKAR2A;PPP2R1B;PRKAR2B,C-TAL
prerank,Reactome_2022__Serotonin Neurotransmitter Release Cycle R-HSA-181429,-0.5050015322325679,-0.8329350982723688,0.6790123456790124,0.9163120610198454,1.0,1/18,0.32%,PPFIA2,C-TAL
prerank,Reactome_2022__Diseases Associated With O-glycosylation Of Proteins R-HSA-3906995,0.5807213016460456,0.8325105794270663,0.8726708074534162,0.9870549310983071,1.0,16/68,15.99%,MUC15;DAG1;C1GALT1C1;B4GAT1;GALNT3;NOTCH3;ADAMTS15;POMGNT1;THBS1;MUC20;NOTCH1;POMT1;ADAMTSL2;SBSPON;C1GALT1;POMT2,C-TAL
prerank,Reactome_2022__TRP Channels R-HSA-3295583,0.6040646707635933,0.8311354467458918,0.8428417653390743,0.9875478584600329,1.0,6/25,22.14%,MCOLN1;TRPV4;TRPM3;TRPV1;MCOLN3;TRPV6,C-TAL
prerank,Reactome_2022__Insulin Receptor Signaling Cascade R-HSA-74751,0.5864449743193404,0.8305056925557021,0.8590814196242171,0.9872977741762039,1.0,17/53,15.98%,AKT2;FGFR3;HRAS;PTPN11;PDPK1;GRB2;MAPK3;MAPK1;FGFR1;KL;PIK3R2;NRAS;THEM4;IRS1;PIK3R4;PIGU;SHC1,C-TAL
prerank,Reactome_2022__Activation Of GABAB Receptors R-HSA-991365,0.5891907423123189,0.8281211274167862,0.8601472134595163,0.9887691721159244,1.0,12/42,10.93%,GNG5;GNB2;KCNJ5;KCNJ15;GNAI2;GNB1;GNG10;ADCY6;GNAI3;ADCY5;GNG12;KCNJ10,C-TAL
prerank,Reactome_2022__HDR Thru MMEJ (alt-NHEJ) R-HSA-5685939,0.6306735046449923,0.8260175935024603,0.8462401795735129,0.9899530144819788,1.0,5/12,20.30%,PARP1;RAD50;XRCC1;MRE11;PARP2,C-TAL
prerank,Reactome_2022__Activation Of NMDA Receptors And Postsynaptic Events R-HSA-442755,-0.39934647567719345,-0.8257016309446404,0.95,0.9188474909108052,1.0,2/74,0.64%,ERBB4;NRG1,C-TAL
prerank,Reactome_2022__PLC Beta Mediated Events R-HSA-112043,-0.4290017031320981,-0.8250856601489985,0.7777777777777778,0.9082890734290637,1.0,4/47,0.52%,PLCB1;PDE1A;ITPR2;ITPR1,C-TAL
prerank,Reactome_2022__Early Phase Of HIV Life Cycle R-HSA-162594,0.613652871146812,0.8246795910640733,0.8453947368421053,0.9903448243435978,1.0,5/15,8.92%,PPIA;XRCC6;BANF1;XRCC5;HMGA1,C-TAL
prerank,Reactome_2022__Endogenous Sterols R-HSA-211976,0.6019888321083239,0.8233943740250451,0.8721804511278195,0.990687967280364,1.0,8/27,14.46%,FDX1;CYP51A1;FDX2;ARNT2;MIA3;RXRA;AHR;POMC,C-TAL
prerank,Reactome_2022__CaM Pathway R-HSA-111997,0.5950726012476755,0.8228411557596116,0.8705882352941177,0.9903189486507439,1.0,13/33,14.76%,CALM1;PRKAR1A;PRKX;GRK2;ADCY6;ADCY5;CAMK2G;PRKACB;PRKAR1B;PRKAR2A;KPNA2;PRKAR2B;ADCY9,C-TAL
prerank,Reactome_2022__Cell-cell Junction Organization R-HSA-421270,0.5750997032346751,0.8215347496895583,0.8770833333333333,0.9907025910616998,1.0,14/60,7.65%,CLDN4;CLDN3;CLDN19;JUP;PARD6B;CLDN10;NECTIN2;CADM1;F11R;PARD6A;CRB3;PRKCI;CTNNA1;CLDN7,C-TAL
prerank,Reactome_2022__Activation Of Kainate Receptors Upon Glutamate Binding R-HSA-451326,0.5945600628366298,0.8205181576629658,0.8646055437100213,0.990764164905378,1.0,5/29,5.51%,CALM1;GNG5;GNB2;GNB1;GNG10,C-TAL
prerank,Reactome_2022__Transcriptional Regulation By AP-2 (TFAP2) Family Of Transcription Factors R-HSA-8864260,0.5911882406654322,0.8200611388193045,0.8788522848034006,0.9903345356603734,1.0,11/36,7.85%,SUMO1;NPM1;ERBB2;DEK;UBE2I;CITED2;HSPD1;YY1;VEGFA;KDM5B;EGFR,C-TAL
prerank,Reactome_2022__Integration Of Energy Metabolism R-HSA-163685,0.5623949035991886,0.8185536329787026,0.8972533062054934,0.9908485954719527,1.0,38/105,14.76%,GNG5;GNB2;TALDO1;AGPAT1;GNAS;PRKAR1A;GNAI2;PPP2R1A;GNB1;GNA11;ADIPOR1;PRKAA2;SLC2A1;PPP2CB;GNG10;MARCKS;RAPGEF3;ADCY6;PPP2CA;VAMP2;FASN;ADCY5;IQGAP1;AHCYL1;GNG12;PRKAG2;TKT;PRKACB;PRKAR1B;ITPR3;PRKAB2;ACLY;PPP2R5D;PRKAR2A;STK11;PPP2R1B;PRKAR2B;ADCY9,C-TAL
prerank,Reactome_2022__RAC1 GTPase Cycle R-HSA-9013149,0.5536974669570633,0.8174669549326842,0.9215291750503019,0.9909891802015857,1.0,46/176,14.02%,ITGB1;KTN1;LAMTOR1;BRK1;ARHGDIA;JAG1;PRKCSH;CYFIP1;TMPO;CDC42;PKN1;ARHGAP29;PARD6A;WASF2;LBR;FERMT2;CYBA;YKT6;WASL;ARHGAP1;VAMP3;CYFIP2;TFRC;SWAP70;IQGAP1;EMD;VAV2;DOCK11;RAB7A;ESYT1;ARHGEF5;NISCH;PLEKHG3;PIK3R2;ARHGEF18;WIPF2;GIT1;ARHGAP35;ARAP1;DHDDS;PIK3R3;FAM13A;MCF2L;DLC1;VANGL1;PAK4,C-TAL
prerank,Reactome_2022__Integration Of Provirus R-HSA-162592,0.6222560743053791,0.8156326195681254,0.8400460299194477,0.9917692960810094,1.0,5/10,8.92%,PPIA;XRCC6;BANF1;XRCC5;HMGA1,C-TAL
prerank,Reactome_2022__PPARA Activates Gene Expression R-HSA-1989781,0.55707551737441,0.815373252974032,0.8990825688073395,0.9911325917203876,1.0,51/115,15.84%,G0S2;ACADM;ACSL1;CPT1A;ESRRA;GPS2;NFYB;MED21;MED4;MBD4;NR1H2;MED10;NCOR2;MED16;RXRB;NCOR1;ACOX1;MED7;FDFT1;MED8;CARM1;ARNT2;HDAC3;MIA3;MED31;MED12;RXRA;PPARA;PLIN2;SREBF1;CCNC;HMGCS2;MED28;NCOA6;MED24;EP300;TNFRSF21;MED25;MED9;AHR;MED22;ALAS1;TXNRD1;CPT2;MED19;SREBF2;MED29;THRAP3;MED30;PEX11A;MED11,C-TAL
prerank,Reactome_2022__Apoptotic Cleavage Of Cell Adhesion Proteins R-HSA-351906,0.6204083526103282,0.8140845553468792,0.8615023474178404,0.9913890844198688,1.0,4/11,18.32%,DSG2;TJP2;FZR1;CASP3,C-TAL
prerank,Reactome_2022__Reversible Hydration Of Carbon Dioxide R-HSA-1475029,0.6144433207462658,0.8137262248034727,0.829185520361991,0.9908328131982111,1.0,1/12,0.06%,CA2,C-TAL
prerank,Reactome_2022__G Alpha (12/13) Signaling Events R-HSA-416482,0.5644729592070391,0.8120368827157781,0.8831967213114754,0.9913905158231969,1.0,18/78,11.45%,GNG5;RHOA;GNB2;RHOB;GNB1;ARHGEF35;GNG10;ARHGEF10L;RHOC;PLXNB1;ARHGEF16;PRPF38B;VAV2;ROCK2;GNG12;ARHGEF5;ARHGEF17;ARHGEF18,C-TAL
prerank,Reactome_2022__Regulation Of Lipid Metabolism By PPARalpha R-HSA-400206,0.5543296080053516,0.8110378110410337,0.9051020408163265,0.9913712954068661,1.0,51/117,15.84%,G0S2;ACADM;ACSL1;CPT1A;ESRRA;GPS2;NFYB;MED21;MED4;MBD4;NR1H2;MED10;NCOR2;MED16;RXRB;NCOR1;ACOX1;MED7;FDFT1;MED8;CARM1;ARNT2;HDAC3;MIA3;MED31;MED12;RXRA;PPARA;PLIN2;SREBF1;CCNC;HMGCS2;MED28;NCOA6;MED24;EP300;TNFRSF21;MED25;MED9;AHR;MED22;ALAS1;TXNRD1;CPT2;MED19;SREBF2;MED29;THRAP3;MED30;PEX11A;MED11,C-TAL
prerank,Reactome_2022__Pyrimidine Catabolism R-HSA-73621,0.6100828359125602,0.8107126905765466,0.8543799772468714,0.9908139157320428,1.0,5/12,19.11%,NT5C;NT5C3A;UPP1;SCO2;NT5M,C-TAL
prerank,Reactome_2022__Glutamate And Glutamine Metabolism R-HSA-8964539,0.6119570872125054,0.8100360181584149,0.859392575928009,0.9905826644686402,1.0,3/13,5.77%,GOT2;GLUL;PYCR2,C-TAL
prerank,Reactome_2022__MAPK Targets/ Nuclear Events Mediated By MAP Kinases R-HSA-450282,0.588414744734881,0.8097045019741687,0.8729989327641409,0.9900277466824597,1.0,17/30,17.74%,JUN;PPP2R1A;DUSP3;PPP2CB;MAPK9;MAPKAPK2;PPP2CA;FOS;MAPK3;MAPK1;RPS6KA3;RPS6KA1;PPP2R5D;PPP2R1B;MAPK14;VRK3;MAPK7,C-TAL
prerank,Reactome_2022__IRS-mediated Signaling R-HSA-112399,0.5739100776216635,0.8096531028823706,0.8706986444212722,0.9892336795392287,1.0,14/47,15.80%,AKT2;FGFR3;HRAS;PTPN11;PDPK1;GRB2;FGFR1;KL;PIK3R2;NRAS;THEM4;IRS1;PIK3R4;PIGU,C-TAL
prerank,Reactome_2022__Diseases Of Glycosylation R-HSA-3781865,0.5471763312287435,0.8089310718339696,0.9165829145728643,0.9890170254859845,1.0,45/142,13.64%,SDC2;SDC1;HSPG2;DPM3;HEXA;B4GALT1;MUC15;AGRN;DAG1;MPDU1;C1GALT1C1;B3GAT3;DPM2;CTSA;GFPT1;PGM1;B4GAT1;B4GALT7;NUS1;MAN1B1;GALE;GPC1;DPAGT1;MOGS;GLB1;HEXB;GALNT3;NOTCH3;ADAMTS15;POMGNT1;BGN;GNE;ALG12;GPC3;GPC4;THBS1;ALG3;MUC20;ALG13;ALG2;NOTCH1;DHDDS;POMT1;B3GALT6;ADAMTSL2,C-TAL
prerank,Reactome_2022__Estrogen-dependent Gene Expression R-HSA-9018519,0.5603543983990156,0.8076473058303018,0.9185336048879837,0.9892615394627469,1.0,48/90,14.32%,POLR2L;POLR2J;JUND;PRMT1;POLR2I;POLR2K;CXXC5;POLR2E;GTF2A2;JUN;CTSD;USF2;DDX5;HDAC1;POLR2F;RAD21;POLR2A;PTGES3;CCND1;HSP90AA1;KAT5;HSP90AB1;SMC3;POLR2C;YY1;MBD4;POLR2H;FKBP4;KDM1A;FOS;TFF3;SMC1A;GTF2F1;CARM1;TLE3;FOSB;POLR2G;POLR2B;AGO2;GTF2A1;EP300;CHD1;EBAG9;CDK9;POLR2D;CCNT1;GPAM;KPNA2,C-TAL
prerank,Reactome_2022__Transcriptional Regulation By MECP2 R-HSA-8986944,0.5667657824545148,0.807293275072707,0.9,0.9887382875735987,1.0,15/60,12.06%,CALM1;HIPK2;RNMT;HDAC1;GPS2;LBR;NCOR2;NCOR1;HDAC2;HDAC3;PVALB;IRAK1;CAMK2G;NOTCH1;AGO2,C-TAL
prerank,Reactome_2022__Synthesis Of Bile Acids And Bile Salts Via 7Alpha-Hydroxycholesterol R-HSA-193368,0.5852315561522958,0.8070596907959665,0.865301724137931,0.9881063912334056,1.0,7/24,15.66%,AKR1C1;HSD17B4;AMACR;ACOT8;RXRA;SLC27A5;AKR1C3,C-TAL
prerank,Reactome_2022__RAC3 GTPase Cycle R-HSA-9013423,0.5554494151009588,0.8066725757893554,0.9037871033776868,0.987584157027935,1.0,28/92,11.90%,ITGB1;LMAN1;LAMTOR1;BRK1;PGRMC2;JAG1;CYFIP1;TMPO;CDC42;DSG2;PKN1;WASF2;LBR;FERMT2;CYBA;YKT6;ARHGAP1;VAMP3;TFRC;SWAP70;EMD;VAV2;RAB7A;RAPGEF1;ESYT1;PIK3R2;GIT1;ARHGAP35,C-TAL
prerank,Reactome_2022__Interleukin-4 And Interleukin-13 Signaling R-HSA-6785807,0.558078824169072,0.8064918859455282,0.9188640973630832,0.9869004701333767,1.0,29/107,16.40%,ITGB1;CEBPD;HSPA8;HIF1A;CCND1;HSP90AA1;AKT1;MAOA;MCL1;VEGFA;BCL6;FOS;SOCS1;LAMA5;LONP1;STAT6;STAT3;STAT1;BCL2L1;VIM;JAK1;TIMP1;SOCS3;IL13RA1;POMC;HSP90B1;TNFRSF1B;GATA3;RORC,C-TAL
prerank,Reactome_2022__Protein-protein Interactions At Synapses R-HSA-6794362,0.5535676551073608,0.8062492878398266,0.8949536560247168,0.9862498713720939,1.0,14/88,13.87%,RTN3;PPFIBP1;LIN7C;PTPRF;SYT7;FLOT2;FLOT1;DBNL;SHARPIN;SLITRK4;HOMER3;PPFIA1;EPB41L1;LRFN3,C-TAL
prerank,Reactome_2022__Regulation Of Gene Expression In Beta Cells R-HSA-210745,0.5983006953114598,0.8054274472455644,0.8717105263157895,0.9860571613250378,1.0,2/20,5.32%,AKT2;AKT1,C-TAL
prerank,Reactome_2022__MECP2 Regulates Neuronal Receptors And Channels R-HSA-9022699,0.5960213938455086,0.8035355835075969,0.8697104677060133,0.9867683628712091,1.0,4/18,11.86%,RNMT;HDAC1;HDAC2;NOTCH1,C-TAL
prerank,Reactome_2022__Anti-inflammatory Response Favoring Leishmania Infection R-HSA-9662851,0.5413318574289129,0.8014308137832855,0.9195171026156942,0.9876183608210931,1.0,33/161,16.23%,CALM1;GNG5;MYH9;GNB2;FURIN;GNAS;PRKAR1A;GNAI2;GNB1;PRKX;YES1;GNG10;ADCY6;GNAI3;CALCA;GPBAR1;ADCY5;AHCYL1;GNG12;PRKACB;PRKAR1B;ITPR3;PRKAR2A;SCTR;POMC;PRKAR2B;ADCY9;SRC;ADAM17;SYK;GNB5;GNAI1;MAPK14,C-TAL
prerank,"Reactome_2022__Defective EXT1 Causes Exostoses 1, TRPS2 And CHDS R-HSA-3656253",-0.4946849466868303,-0.8013101270324969,0.6792452830188679,0.9438913925548663,1.0,3/13,0.41%,GPC5;EXT1;GPC6,C-TAL
prerank,Reactome_2022__Eicosanoids R-HSA-211979,0.6045241996523114,0.8007261065453238,0.8531390134529148,0.9873470921093899,1.0,2/12,25.20%,TBXAS1;PTGIS,C-TAL
prerank,Reactome_2022__SUMOylation R-HSA-2990846,0.5397137334658167,0.7999488125233493,0.9264112903225806,0.9871792141827856,1.0,71/172,15.84%,PARK7;SUMO2;SUMO1;NPM1;CBX5;HIPK2;HNRNPK;CETN2;PCGF2;UBE2I;DDX5;HDAC1;RAD21;SUZ12;TPR;THRA;PHC2;RANBP2;CHD3;SMC3;TRIM28;MBD1;NR1H2;PCNA;NCOR2;PARP1;NFKBIA;SMC1A;CBX4;RING1;CTBP1;TOPORS;UBA2;HDAC2;RANGAP1;HDAC7;SEC13;NSMCE1;RXRA;PPARA;RELA;NUP160;NUP50;ZBED1;TRIM27;SAFB;ING3;NUP62;EP300;SATB1;NUP42;DNMT1;PIAS4;XPC;NR2C1;IKBKG;NOP58;SP3;SENP2;NUP93;SMC6;NSMCE3;VHL;NDC1;L3MBTL2;TDG;MDC1;CASP8AP2;POM121C;MTA1;RNF168,C-TAL
prerank,Reactome_2022__AKT Phosphorylates Targets In Nucleus R-HSA-198693,0.6142175340876772,0.7993687059771682,0.8710801393728222,0.9867975584334115,1.0,3/10,9.81%,AKT2;AKT1;RPS6KB2,C-TAL
prerank,Reactome_2022__SUMO E3 Ligases SUMOylate Target Proteins R-HSA-3108232,0.540166181993544,0.7981044956243625,0.9363636363636364,0.9869570909612557,1.0,69/166,15.84%,PARK7;SUMO2;SUMO1;NPM1;CBX5;HIPK2;HNRNPK;CETN2;PCGF2;UBE2I;DDX5;HDAC1;RAD21;SUZ12;TPR;THRA;PHC2;RANBP2;CHD3;SMC3;TRIM28;MBD1;NR1H2;PCNA;NCOR2;PARP1;NFKBIA;SMC1A;CBX4;RING1;CTBP1;TOPORS;HDAC2;RANGAP1;HDAC7;SEC13;NSMCE1;RXRA;PPARA;RELA;NUP160;NUP50;ZBED1;TRIM27;SAFB;ING3;NUP62;EP300;SATB1;NUP42;DNMT1;PIAS4;XPC;NR2C1;IKBKG;NOP58;SP3;NUP93;SMC6;NSMCE3;VHL;NDC1;L3MBTL2;TDG;MDC1;CASP8AP2;POM121C;MTA1;RNF168,C-TAL
prerank,Reactome_2022__Glycosaminoglycan Metabolism R-HSA-1630316,0.5415877754569299,0.7963740614198881,0.907258064516129,0.9874402467503822,1.0,40/120,15.01%,GNS;SDC2;SDC1;HSPG2;HEXA;B4GALT1;ST3GAL4;CHPF;HS6ST1;AGRN;SLC35B2;B3GAT3;NAGLU;NDST1;HYAL2;B4GAT1;B4GALT7;B4GALT2;GPC1;ABCC5;GUSB;GLB1;HEXB;B3GNT2;BGN;B4GALT5;GPC3;GPC4;PAPSS1;CHST12;B4GALT3;XYLT2;NDST2;B3GALT6;IDS;SLC35B3;SGSH;IDUA;B4GALT6;CHPF2,C-TAL
prerank,Reactome_2022__Ca2+ Pathway R-HSA-4086398,-0.39497462945547773,-0.7934139705425909,0.8378378378378378,0.9470385124291019,1.0,10/61,2.07%,PLCB1;PRKG1;ITPR2;ITPR1;TNRC6A;GNGT1;TNRC6B;AGO3;PRKG2;NLK,C-TAL
prerank,Reactome_2022__Signaling By ERBB2 R-HSA-1227986,0.5609591193278466,0.789168961191003,0.8996865203761756,0.9921838613181313,1.0,19/49,9.52%,UBC;UBB;RPS27A;RHOA;UBA52;STUB1;ERBB2;AKT2;HSP90AA1;YES1;AKT1;HRAS;CDC37;EGFR;PTPN18;ERBB3;GRB2;GRB7;USP8,C-TAL
prerank,Reactome_2022__tRNA Modification In Nucleus And Cytosol R-HSA-6782315,0.5666745350372016,0.7882394366723549,0.8978723404255319,0.9920193080877587,1.0,24/41,22.37%,TRMT112;LAGE3;URM1;TYW3;TRMT61A;QTRT1;TRMU;OSGEP;TRMT5;NSUN2;CTU2;TP53RK;THG1L;PUS7;TRDMT1;LCMT2;CTU1;TRMT10A;ADAT1;PUS1;TRMT6;FTSJ1;ALKBH8;METTL1,C-TAL
prerank,Reactome_2022__Signaling By Type 1 Insulin-like Growth Factor 1 Receptor (IGF1R) R-HSA-2404192,0.5543900301526926,0.7878710818826279,0.8879668049792531,0.9914836557968069,1.0,15/53,15.98%,AKT2;FGFR3;HRAS;PTPN11;PDPK1;GRB2;FGFR1;KL;PIK3R2;NRAS;THEM4;IRS1;PIK3R4;PIGU;SHC1,C-TAL
prerank,Reactome_2022__NRAGE Signals Death Thru JNK R-HSA-193648,-0.3944245756414875,-0.787414037785351,0.9473684210526315,0.9463582924484027,1.0,12/57,3.67%,FGD4;VAV3;ARHGEF38;MAPK8;SOS2;TIAM2;ITSN1;ARHGEF11;SOS1;OBSCN;TRIO;RASGRF2,C-TAL
prerank,Reactome_2022__IGF1R Signaling Cascade R-HSA-2428924,0.5547780551378336,0.7868685314099941,0.8920041536863966,0.9913915122174104,1.0,15/52,15.98%,AKT2;FGFR3;HRAS;PTPN11;PDPK1;GRB2;FGFR1;KL;PIK3R2;NRAS;THEM4;IRS1;PIK3R4;PIGU;SHC1,C-TAL
prerank,Reactome_2022__Signaling By ERBB2 ECD Mutants R-HSA-9665348,0.5859771610030015,0.7851681993863535,0.8808743169398907,0.9918190774542298,1.0,9/15,15.98%,ERBB2;HSP90AA1;HRAS;CDC37;EGFR;GRB2;NRAS;PIGU;SHC1,C-TAL
prerank,Reactome_2022__Inwardly Rectifying K+ Channels R-HSA-1296065,0.564874022919224,0.7846567865560272,0.8944033790918691,0.991402875706006,1.0,7/35,6.29%,GNG5;GNB2;KCNJ5;KCNJ15;GNB1;GNG10;KCNJ1,C-TAL
prerank,Reactome_2022__Defective Homologous Recombination Repair (HRR) Due To BRCA2 Loss Of Function R-HSA-9701190,0.5616345454815174,0.7833615969333022,0.9051172707889126,0.9914944383070834,1.0,19/40,21.73%,RPA3;SEM1;KAT5;RAD50;RAD17;RAD51C;ATM;TOPBP1;RHNO1;RMI1;HUS1;RFC2;MRE11;BARD1;TOP3A;RRAD;RFC4;PALB2;RAD51D,C-TAL
prerank,Reactome_2022__Presynaptic Phase Of Homologous DNA Pairing And Strand Exchange R-HSA-5693616,0.562641044895051,0.7820813803758309,0.9063829787234042,0.991567605862453,1.0,17/39,20.52%,RPA3;SEM1;KAT5;RAD50;RAD17;RAD51C;ATM;TOPBP1;RHNO1;RMI1;HUS1;RFC2;MRE11;BARD1;TOP3A;RRAD;RFC4,C-TAL
prerank,Reactome_2022__Signaling By Non-Receptor Tyrosine Kinases R-HSA-9006927,0.5508992507543934,0.7804902949166745,0.9010526315789473,0.9919173788368608,1.0,17/52,8.31%,UBC;UBB;RPS27A;RHOA;UBA52;ERBB2;KHDRBS1;HIF1A;CCND1;AKT1;HRAS;CRK;CDKN1B;BCAR1;CDK4;EGFR;ERBB3,C-TAL
prerank,Reactome_2022__Homologous DNA Pairing And Strand Exchange R-HSA-5693579,0.5582095519661673,0.7803204211382995,0.9040511727078892,0.991213563412053,1.0,19/42,21.73%,RPA3;SEM1;KAT5;RAD50;RAD17;RAD51C;ATM;TOPBP1;RHNO1;RMI1;HUS1;RFC2;MRE11;BARD1;TOP3A;RRAD;RFC4;PALB2;RAD51D,C-TAL
prerank,Reactome_2022__IRS-related Events Triggered By IGF1R R-HSA-2428928,0.5511121224661214,0.7803027902013968,0.8909657320872274,0.9904025596278687,1.0,14/51,15.80%,AKT2;FGFR3;HRAS;PTPN11;PDPK1;GRB2;FGFR1;KL;PIK3R2;NRAS;THEM4;IRS1;PIK3R4;PIGU,C-TAL
prerank,Reactome_2022__FGFR3 Mutant Receptor Activation R-HSA-2033514,-0.5213782035179422,-0.7800751204377387,0.7401574803149606,0.9483411726768443,1.0,2/12,2.82%,FGF13;FGF9,C-TAL
prerank,Reactome_2022__Defective B3GALT6 Causes EDSP2 And SEMDJL1 R-HSA-4420332,-0.43834188968865523,-0.7795774350342707,0.7906976744186046,0.9380725705047601,1.0,2/20,0.41%,GPC5;GPC6,C-TAL
prerank,Reactome_2022__Transport Of Inorganic Cations/Anions And Amino Acids/Oligopeptides R-HSA-425393,0.5346881354447415,0.7764608455511139,0.9351570415400202,0.9922086565952033,1.0,25/104,17.13%,CALM1;SLC38A2;SRI;SLC4A7;SLC6A12;SLC4A2;SLC43A2;SLC25A29;SLC38A1;SLC8B1;SLC7A5;SLC12A4;SLC12A7;SLC25A10;SLC20A1;SLC3A2;SLC25A26;CTNS;SLC17A5;SLC4A8;SLC9A8;SLC15A4;SLC9A1;SLC16A10;SLC7A2,C-TAL
prerank,Reactome_2022__Interleukin-37 Signaling R-HSA-9008059,0.5724712420874045,0.7758432124211228,0.8900979325353645,0.9917961974005537,1.0,6/21,10.63%,SIGIRR;PTPN11;PTPN18;SMAD3;STAT3;PTPN23,C-TAL
prerank,Reactome_2022__Signaling By NTRK2 (TRKB) R-HSA-9006115,0.5684774773204023,0.775678085411166,0.8833693304535637,0.9910700599617792,1.0,8/23,15.98%,HRAS;PTPN11;GRB2;CDK5;NRAS;SRC;PIGU;SHC1,C-TAL
prerank,Reactome_2022__CLEC7A (Dectin-1) Induces NFAT Activation R-HSA-5607763,0.5914239745850616,0.7756545427734748,0.8689655172413793,0.9902659801571274,1.0,1/11,0.14%,CALM1,C-TAL
prerank,Reactome_2022__Transcriptional Regulation Of White Adipocyte Differentiation R-HSA-381340,0.5335599917118595,0.7738212531185906,0.9171779141104295,0.9906675241604884,1.0,38/84,17.19%,CEBPD;NR2F2;MED21;MED4;MBD4;MED10;NCOR2;MED16;CDK4;NCOR1;MED7;MED8;CARM1;HDAC3;MED31;MED12;RXRA;PPARA;RELA;SREBF1;CCNC;MED28;NCOA6;LPL;MED24;EP300;MED25;MED9;MED22;MED19;ZNF467;SREBF2;MED29;THRAP3;MED30;MED11;KLF5;CCND3,C-TAL
prerank,Reactome_2022__Insulin Processing R-HSA-264876,0.5581084987222299,0.7703571788411224,0.8950749464668094,0.9921573012273608,1.0,9/27,13.74%,CPE;KIF5B;SLC30A5;EXOC3;VAMP2;EXOC7;ERO1B;RAB27A;EXOC5,C-TAL
prerank,Reactome_2022__Activation Of PPARGC1A (PGC-1alpha) By Phosphorylation R-HSA-2151209,-0.4888091645029721,-0.7693726176455407,0.7046979865771812,0.9436875607183458,1.0,1/10,0.19%,PPARGC1A,C-TAL
prerank,Reactome_2022__Activation Of G Protein Gated Potassium Channels R-HSA-1296041,0.5579434826760045,0.7688646753434597,0.9066523605150214,0.9923477397021698,1.0,6/29,5.51%,GNG5;GNB2;KCNJ5;KCNJ15;GNB1;GNG10,C-TAL
prerank,Reactome_2022__PI3K Cascade R-HSA-109704,0.5453704353192826,0.7684268928916155,0.894901144640999,0.9918221689142477,1.0,12/44,15.80%,AKT2;FGFR3;PTPN11;PDPK1;GRB2;FGFR1;KL;PIK3R2;THEM4;IRS1;PIK3R4;PIGU,C-TAL
prerank,Reactome_2022__Signaling By FGFR4 In Disease R-HSA-5655291,0.5886208899528809,0.7670586153420588,0.888,0.9919345731013086,1.0,4/10,15.80%,HRAS;GRB2;NRAS;PIGU,C-TAL
prerank,Reactome_2022__Regulation Of TP53 Activity Thru Association With Co-factors R-HSA-6804759,0.5773239708227067,0.7643479684097216,0.8967813540510544,0.9928252960406233,1.0,7/14,21.29%,AKT2;AKT1;BANP;PPP1R13L;TP53BP2;PPP1R13B;ZNF385A,C-TAL
prerank,Reactome_2022__Platelet Homeostasis R-HSA-418346,0.5309840340017202,0.764055209459857,0.9177800616649537,0.9921998101773685,1.0,22/82,13.29%,CALM1;GNG5;SRI;GNB2;GNAS;PPP2R1A;GNB1;PPP2CB;ORAI2;GNG10;ATP2A2;PTPN11;PPP2CA;PAFAH2;PPP2R5C;GNG12;NANOS1;ITPR3;ORAI1;PPP2R5D;PPP2R5E;PPP2R5B,C-TAL
prerank,Reactome_2022__Peptide Ligand-Binding Receptors R-HSA-375276,0.5122290258192017,0.7639634072992124,0.9536757301107754,0.9914508652858667,1.0,8/195,12.55%,APP;HEBP1;ECE1;CX3CL1;F2RL1;CCL28;GPER1;CXCL16,C-TAL
prerank,Reactome_2022__Phospholipase C-mediated Cascade; FGFR3 R-HSA-5654227,-0.5102255349241795,-0.7619611382389423,0.8090909090909091,0.944391625754366,1.0,2/13,2.82%,FGF13;FGF9,C-TAL
prerank,Reactome_2022__Norepinephrine Neurotransmitter Release Cycle R-HSA-181430,0.5644796778392683,0.7619379341167988,0.8905908096280087,0.9919240845765291,1.0,4/18,11.80%,SLC22A2;MAOA;VAMP2;PPFIA1,C-TAL
prerank,Reactome_2022__Metallothioneins Bind Metals R-HSA-5661231,-0.495865457611861,-0.760815094429936,0.7518796992481203,0.9353160886140474,1.0,4/11,3.86%,MT2A;MT1G;MT3;MT1E,C-TAL
prerank,Reactome_2022__Downstream Signaling Of Activated FGFR1 R-HSA-5654687,0.5534708200289216,0.7595242045565436,0.9173728813559322,0.9926908812203542,1.0,10/30,15.98%,FLRT3;HRAS;PTPN11;GRB2;FGFR1;KL;FLRT1;NRAS;PIGU;SHC1,C-TAL
prerank,Reactome_2022__Cardiac Conduction R-HSA-5576891,0.5209092354402204,0.7576893555823886,0.9373104145601617,0.9929891087604974,1.0,21/125,12.53%,CALM1;FXYD2;SRI;ATP1B3;HIPK2;ORAI2;KCNQ1;ATP2A2;KCNK1;FXYD4;HIPK1;WWTR1;AHCYL1;NANOS1;RANGRF;CAMK2G;FXYD3;ITPR3;ORAI1;AKAP9;NPR1,C-TAL
prerank,Reactome_2022__RND3 GTPase Cycle R-HSA-9696264,-0.39372739413217595,-0.7551995479781127,0.9622641509433962,0.9331987869694313,1.0,4/42,1.86%,PKP4;PTPN13;PIK3R1;ANKRD26,C-TAL
prerank,Reactome_2022__Cyclin A/B1/B2 Associated Events During G2/M Transition R-HSA-69273,0.5548667184965632,0.7551563688192824,0.9222462203023758,0.9937178594936357,1.0,8/25,14.75%,PPP2R1A;PPP2CB;PPP2CA;WEE1;CDC25B;PPP2R1B;PPME1;LCMT1,C-TAL
prerank,Reactome_2022__Interleukin-15 Signaling R-HSA-8983432,0.5659223915102629,0.754994993474862,0.9008908685968819,0.9930000998708325,1.0,4/14,15.98%,GRB2;STAT3;JAK1;SHC1,C-TAL
prerank,Reactome_2022__Metabolism Of Fat-Soluble Vitamins R-HSA-6806667,0.5391611282075157,0.7528506823022338,0.9286474973375932,0.9935923640094081,1.0,9/47,3.76%,SDC2;SDC1;HSPG2;VKORC1;LRP10;RDH11;C1D;AGRN;AKR1C1,C-TAL
prerank,Reactome_2022__FRS-mediated FGFR3 Signaling R-HSA-5654706,0.5580743293280345,0.7526978722641934,0.9010989010989011,0.9928832085087717,1.0,5/19,12.91%,FGFR3;HRAS;PTPN11;GRB2;NRAS,C-TAL
prerank,Reactome_2022__SHC-mediated cascade:FGFR2 R-HSA-5654699,-0.4270764148329781,-0.7502595282716829,0.8522727272727273,0.930200521888558,1.0,4/22,2.95%,FGF13;FGFR2;FGF9;SOS1,C-TAL
prerank,Reactome_2022__Negative Regulation Of TCF-dependent Signaling By WNT Ligand Antagonists R-HSA-3772470,0.560530199891276,0.747973110029088,0.8976640711902113,0.9948781378991849,1.0,3/15,21.67%,LRP5;KREMEN1;WNT5A,C-TAL
prerank,Reactome_2022__FCERI Mediated MAPK Activation R-HSA-2871796,0.5419008908353447,0.747137547855069,0.9011815252416756,0.9945381838140087,1.0,15/28,15.98%,JUN;PKN1;HRAS;MAPK9;FOS;GRB2;SPNS1;MAPK3;MAPK1;VAV2;MAP2K7;NRAS;MAP3K1;SYK;SHC1,C-TAL
prerank,Reactome_2022__Downregulation Of ERBB2 Signaling R-HSA-8863795,0.544133884858419,0.7459880077929605,0.9346195069667739,0.9943669337358582,1.0,13/29,8.31%,UBC;UBB;RPS27A;UBA52;STUB1;ERBB2;AKT2;HSP90AA1;AKT1;CDC37;EGFR;PTPN18;ERBB3,C-TAL
prerank,Reactome_2022__Neuronal System R-HSA-112316,0.5001159354580212,0.7448890727177985,0.994,0.994191904282698,1.0,64/386,12.37%,CALM1;AP2M1;SLC38A2;COMT;ARL6IP5;GNG5;AP2S1;SLC6A12;RTN3;GNB2;KCNJ5;SLC22A2;NPTN;KCNJ15;PRKAR1A;GNAI2;GNB1;HSPA8;PRKX;PPFIBP1;LIN7C;PRKAA1;GLUL;PTPRF;PRKAA2;SYT7;HRAS;GNG10;FLOT2;MAOA;FLOT1;KCNQ1;ADCY6;KCNN3;KCNJ1;GNAI3;KCNK1;DBNL;VAMP2;SHARPIN;SLITRK4;PDPK1;DNAJC5;SLC38A1;ALDH2;AP2B1;ADCY5;MAPK3;HOMER3;MAPK1;GNG12;TSPAN7;PRKAG1;KCNJ10;PRKAG2;CAMK2G;PRKACB;PPFIA1;RPS6KA3;GIT1;PRKAR1B;AP2A2;RPS6KA1;PRKAB2,C-TAL
prerank,Reactome_2022__Defects In Vitamin And Cofactor Metabolism R-HSA-3296482,0.548705586092031,0.7429807920322602,0.9107929515418502,0.9944964585140366,1.0,12/21,19.11%,ABCD4;LMBRD1;CD320;MMAB;MCCC2;MMADHC;MCCC1;TCN2;MMUT;MTRR;MMACHC;AMN,C-TAL
prerank,Reactome_2022__Tight Junction Interactions R-HSA-420029,0.5380322655345705,0.7421051838995617,0.9213602550478215,0.9941522479199099,1.0,11/29,9.24%,CLDN4;CLDN3;CLDN19;PARD6B;CLDN10;F11R;PARD6A;CRB3;PRKCI;CLDN7;CLDN12,C-TAL
prerank,Reactome_2022__Activation Of AP-1 Family Of Transcription Factors R-HSA-450341,0.5648073024973926,0.7388081418743658,0.8963911525029103,0.9951526632777913,1.0,5/10,9.27%,JUN;MAPK9;FOS;MAPK3;MAPK1,C-TAL
prerank,Reactome_2022__CYP2E1 Reactions R-HSA-211999,0.5604521984340244,0.7343913419580718,0.9042553191489362,0.996793817685139,1.0,3/10,29.94%,CYP2S1;CYP2E1;CYP2C9,C-TAL
prerank,Reactome_2022__FRS-mediated FGFR1 Signaling R-HSA-5654693,0.5435986909714572,0.7317484963355054,0.9282608695652174,0.9973984106997399,1.0,6/22,12.91%,HRAS;PTPN11;GRB2;FGFR1;KL;NRAS,C-TAL
prerank,Reactome_2022__Biotin Transport And Metabolism R-HSA-196780,-0.48432998630958135,-0.7284346972744675,0.7948717948717948,0.9499688289183106,1.0,5/11,6.64%,PCCA;ACACA;PCCB;ACACB;HLCS,C-TAL
prerank,Reactome_2022__Netrin-1 Signaling R-HSA-373752,0.5133323542287146,0.7266760532489274,0.9295478443743428,0.9992418591624833,1.0,7/49,8.19%,EZR;CDC42;PKN1;PITPNA;WASL;PTPN11;NTN4,C-TAL
prerank,Reactome_2022__Synthesis Of IP3 And IP4 In Cytosol R-HSA-1855204,-0.41156980310737035,-0.7256647874588998,0.8513513513513513,0.9436219693830192,1.0,1/26,0.04%,PLCB1,C-TAL
prerank,Reactome_2022__Miscellaneous Substrates R-HSA-211958,0.5492152453487528,0.7222425845984148,0.9147727272727273,1.0,1.0,2/11,25.19%,CYP2U1;CYP2S1,C-TAL
prerank,Reactome_2022__Retinoid Metabolism And Transport R-HSA-975634,0.5184726106421301,0.7217824347044913,0.940677966101695,1.0,1.0,8/43,3.76%,SDC2;SDC1;HSPG2;LRP10;RDH11;C1D;AGRN;AKR1C1,C-TAL
prerank,Reactome_2022__PI-3K cascade:FGFR1 R-HSA-5654689,-0.39947116273642325,-0.7213515873598584,0.8493150684931506,0.9386638333217715,1.0,4/21,2.82%,FGF13;PIK3R1;PIK3CA;FGF9,C-TAL
prerank,"Reactome_2022__BMAL1:CLOCK,NPAS2 Activates Circadian Gene Expression R-HSA-1368108",0.5206476184696348,0.7172080710535309,0.917470525187567,1.0,1.0,7/25,11.64%,NAMPT;HSD17B4;MBD4;CARM1;RXRA;PPARA;NCOA6,C-TAL
prerank,Reactome_2022__Receptor-type Tyrosine-Protein Phosphatases R-HSA-388844,0.527997708584403,0.7160979335747517,0.9150110375275938,1.0,1.0,4/20,11.80%,PPFIBP1;PTPRF;SLITRK4;PPFIA1,C-TAL
prerank,Reactome_2022__VxPx Cargo-Targeting To Cilium R-HSA-5620916,0.5272431942367108,0.7156401226924861,0.9270152505446623,1.0,1.0,10/21,13.74%,RAB11A;ARF4;PTGES2;RAB8A;EXOC3;PKD1;RAB11FIP3;EXOC7;RAB3IP;EXOC5,C-TAL
prerank,Reactome_2022__RHOBTB3 ATPase Cycle R-HSA-9706019,0.5510410342849867,0.7146863483635137,0.9158878504672897,1.0,1.0,5/10,14.71%,RAB9A;HGS;PLIN3;LRRC41;VHL,C-TAL
prerank,Reactome_2022__ADORA2B Mediated Anti-Inflammatory Cytokine Production R-HSA-9660821,0.4834075915456993,0.7142131780298601,0.9636363636363636,0.9999729307241606,1.0,21/130,14.76%,GNG5;GNB2;GNAS;PRKAR1A;GNAI2;GNB1;PRKX;GNG10;ADCY6;GNAI3;CALCA;GPBAR1;ADCY5;GNG12;PRKACB;PRKAR1B;PRKAR2A;SCTR;POMC;PRKAR2B;ADCY9,C-TAL
prerank,Reactome_2022__Transmission Across Chemical Synapses R-HSA-112315,0.4797720524425457,0.7112694751024211,0.989,1.0,1.0,50/246,12.37%,CALM1;AP2M1;SLC38A2;COMT;ARL6IP5;GNG5;AP2S1;SLC6A12;GNB2;KCNJ5;SLC22A2;NPTN;KCNJ15;PRKAR1A;GNAI2;GNB1;HSPA8;PRKX;LIN7C;PRKAA1;GLUL;PRKAA2;HRAS;GNG10;MAOA;ADCY6;GNAI3;VAMP2;PDPK1;DNAJC5;SLC38A1;ALDH2;AP2B1;ADCY5;MAPK3;MAPK1;GNG12;TSPAN7;PRKAG1;KCNJ10;PRKAG2;CAMK2G;PRKACB;PPFIA1;RPS6KA3;GIT1;PRKAR1B;AP2A2;RPS6KA1;PRKAB2,C-TAL
prerank,Reactome_2022__Opioid Signaling R-HSA-111885,0.48986974855726984,0.7073611246526124,0.9630390143737166,1.0,1.0,33/88,14.76%,CALM1;GNG5;GNB2;PPP1CA;PRKAR1A;GNAI2;PPP2R1A;GNB1;PRKX;GNA11;PPP2CB;PDE4A;GRK2;GNG10;ADCY6;GNAI3;PPP2CA;ADCY5;MAPK1;AHCYL1;GNG12;CAMK2G;PRKACB;PRKAR1B;ITPR3;CDK5;PPP2R5D;PRKAR2A;PPP2R1B;KPNA2;POMC;PRKAR2B;ADCY9,C-TAL
prerank,MSigDB_Hallmark_2020__UV Response Dn,0.4812343210486458,0.7041260572442026,0.9768378650553877,0.9702026463952519,1.0,44/144,17.04%,SDC2;SRI;ERBB2;DAB2;NR1D2;CITED2;ANXA2;IGFBP5;INSIG1;LTBP1;CCN1;DUSP1;VLDLR;CDKN1B;MGMT;DBP;SMAD7;ID1;ANXA4;VAV2;DDAH1;LAMC1;SMAD3;PLPP3;MET;RXRA;AGGF1;ATRX;TFPI;EFEMP1;PIK3R3;MIOS;DLC1;IRS1;PRKAR2B;FBLN5;MTA1;PRDM2;ARHGEF9;MAPK14;NRP1;TENT4A;TGFBR3;ATRN,C-TAL
prerank,Reactome_2022__Vpr-mediated Nuclear Import Of PICs R-HSA-180910,0.5027916310974394,0.7015661528566102,0.945031712473573,1.0,1.0,20/35,20.05%,TPR;BANF1;RANBP2;HMGA1;SEC13;NUP160;NUP50;NUP62;PSIP1;NUP42;NUP93;NDC1;POM121C;AAAS;NUP43;NUP210;KPNA1;SEH1L;NUP54;NUP188,C-TAL
prerank,Reactome_2022__DAG And IP3 Signaling R-HSA-1489509,0.5053817337438677,0.6992541920597003,0.9498933901918977,1.0,1.0,15/39,14.76%,CALM1;PRKAR1A;PRKX;GRK2;ADCY6;ADCY5;AHCYL1;CAMK2G;PRKACB;PRKAR1B;ITPR3;PRKAR2A;KPNA2;PRKAR2B;ADCY9,C-TAL
prerank,Reactome_2022__Regulation Of Insulin Secretion R-HSA-422356,0.485909863398847,0.6984144868324167,0.9586776859504132,1.0,1.0,20/77,12.01%,GNG5;GNB2;GNAS;PRKAR1A;GNAI2;GNB1;GNA11;SLC2A1;GNG10;MARCKS;RAPGEF3;ADCY6;VAMP2;ADCY5;IQGAP1;AHCYL1;GNG12;PRKACB;PRKAR1B;ITPR3,C-TAL
prerank,Reactome_2022__PI Metabolism R-HSA-1483255,0.4800573875732118,0.6978436934521983,0.9495365602471678,1.0,1.0,33/82,16.61%,CLSTN1;RAB14;PNPLA6;ARF3;PLEKHA1;GDE1;RAB5A;RAB4A;PLEKHA3;MTMR10;INPPL1;MTMR14;PI4K2A;INPP5J;PIP4P1;PIK3R2;PI4KB;PIP4K2C;MTMR6;VAC14;PIK3R3;PLEKHA2;TNFAIP8;RUFY1;MTMR12;PIP5K1C;MTMR2;SBF1;PIK3R4;OCRL;INPP5K;MTMR9;PIP4K2B,C-TAL
prerank,Reactome_2022__Signaling By ERBB4 R-HSA-1236394,0.48947567221613436,0.6975742650869169,0.9513457556935818,1.0,1.0,15/57,8.56%,UBC;UBB;RPS27A;MXD4;UBA52;APH1A;STMN1;NCSTN;HRAS;PSEN1;COPS2;EGFR;NCOR1;ERBB3;GRB2,C-TAL
prerank,Reactome_2022__Presynaptic Nicotinic Acetylcholine Receptors R-HSA-622323,-0.4552633539614632,-0.6946532566802197,0.8372093023255814,0.9573547562230533,1.0,3/12,19.38%,CHRNE;CHRNA3;CHRNA6,C-TAL
prerank,Reactome_2022__Interaction Between L1 And Ankyrins R-HSA-445095,0.5040483415821411,0.6937779825750366,0.9365750528541226,1.0,1.0,4/29,6.15%,SPTAN1;ANK2;NRCAM;SPTBN1,C-TAL
prerank,Reactome_2022__TP53 Regulates Transcription Of Genes Involved In G1 Cell Cycle Arrest R-HSA-6804116,0.5207676245349155,0.6908216908113792,0.9333333333333333,1.0,1.0,1/14,6.73%,CDKN1B,C-TAL
prerank,Reactome_2022__Chondroitin Sulfate/Dermatan Sulfate Metabolism R-HSA-1793185,0.48737886088273,0.6870988065491742,0.9573804573804574,1.0,1.0,19/50,15.01%,SDC2;SDC1;HSPG2;HEXA;CHPF;AGRN;B3GAT3;B4GALT7;GPC1;HEXB;BGN;GPC3;GPC4;CHST12;XYLT2;B3GALT6;IDS;IDUA;CHPF2,C-TAL
prerank,Reactome_2022__NCAM Signaling For Neurite Out-Growth R-HSA-375165,0.4829364676255741,0.685721569997759,0.954498448810755,1.0,1.0,13/57,13.26%,SPTAN1;AGRN;COL4A1;HRAS;SPTBN1;GRB2;COL4A2;MAPK3;MAPK1;FGFR1;PRNP;NRAS;PTPRA,C-TAL
prerank,Reactome_2022__Role Of LAT2/NTAL/LAB On Calcium Mobilization R-HSA-2730905,0.5213070531414083,0.6854129834521686,0.9364548494983278,1.0,1.0,5/13,15.98%,PDPK1;GRB2;PIK3R2;SYK;SHC1,C-TAL
prerank,Reactome_2022__Amine Ligand-Binding Receptors R-HSA-375280,0.4867173146726759,0.6853026245551972,0.9379679144385027,1.0,1.0,8/40,30.16%,ADRA2C;GPR143;ADRB1;HRH2;DHX34;HTR1F;ADRA2B;DRD4,C-TAL
prerank,Reactome_2022__Constitutive Signaling By EGFRvIII R-HSA-5637810,0.5134857832725327,0.6845302022885715,0.9360529217199559,1.0,1.0,8/14,15.98%,HSP90AA1;HRAS;CDC37;EGFR;GRB2;NRAS;PIGU;SHC1,C-TAL
prerank,Reactome_2022__Phase 0 - Rapid Depolarisation R-HSA-5576892,0.49476695307812407,0.6834287285184084,0.9527389903329753,1.0,1.0,1/32,0.14%,CALM1,C-TAL
prerank,Reactome_2022__Response To Metal Ions R-HSA-5660526,-0.41887427029716134,-0.6827783833815172,0.9158878504672897,0.958665886696434,1.0,4/14,3.86%,MT2A;MT1G;MT3;MT1E,C-TAL
prerank,Reactome_2022__Neurotransmitter Receptors And Postsynaptic Signal Transmission R-HSA-112314,0.46063154218067065,0.6823548057735209,0.9839518555667001,1.0,1.0,50/182,16.19%,CALM1;AP2M1;GNG5;AP2S1;GNB2;KCNJ5;NPTN;KCNJ15;PRKAR1A;GNAI2;GNB1;PRKX;LIN7C;PRKAA1;PRKAA2;HRAS;GNG10;ADCY6;GNAI3;PDPK1;AP2B1;ADCY5;MAPK3;MAPK1;GNG12;TSPAN7;PRKAG1;KCNJ10;PRKAG2;CAMK2G;PRKACB;RPS6KA3;GIT1;PRKAR1B;AP2A2;RPS6KA1;PRKAB2;NRAS;EPB41L1;PICK1;PRKAR2A;KPNA2;PRKAR2B;ADCY9;SRC;PRKAB1;ARHGEF9;GNB5;GNAI1;NEFL,C-TAL
prerank,Reactome_2022__SHC-mediated cascade:FGFR3 R-HSA-5654704,0.5079337990173535,0.6816819188397693,0.9386845039018952,1.0,1.0,5/17,15.98%,FGFR3;HRAS;GRB2;NRAS;SHC1,C-TAL
prerank,Reactome_2022__Downstream Signaling Of Activated FGFR3 R-HSA-5654708,0.49925602381009243,0.6796003623965452,0.9448648648648649,1.0,1.0,7/24,15.98%,FGFR3;HRAS;PTPN11;GRB2;NRAS;PIGU;SHC1,C-TAL
prerank,Reactome_2022__Resolution Of D-loop Structures Thru Synthesis-Dependent Strand Annealing (SDSA) R-HSA-5693554,0.49103344357162937,0.6734651995853909,0.9524324324324325,1.0,1.0,14/27,23.77%,SEM1;KAT5;RAD50;RAD51C;ATM;RMI1;MRE11;BARD1;TOP3A;PALB2;RAD51D;RTEL1;DNA2;RMI2,C-TAL
prerank,Reactome_2022__Diseases Associated With Glycosaminoglycan Metabolism R-HSA-3560782,0.4776116983357172,0.6717753282011469,0.9534391534391534,1.0,1.0,13/40,10.78%,SDC2;SDC1;HSPG2;HEXA;B4GALT1;AGRN;B3GAT3;B4GALT7;GPC1;HEXB;BGN;GPC3;GPC4,C-TAL
prerank,Reactome_2022__Defective HDR Thru Homologous Recombination (HRR) Due To BRCA1 Loss-Of-Function R-HSA-9701192,0.4913821500764309,0.6707299136980285,0.9503239740820735,1.0,1.0,11/25,21.73%,SEM1;KAT5;RAD50;RAD51C;ATM;RMI1;MRE11;BARD1;TOP3A;PALB2;RAD51D,C-TAL
prerank,Reactome_2022__Synthesis Of PIPs At Late Endosome Membrane R-HSA-1660517,0.5062475121543504,0.6648771958654194,0.9331026528258363,1.0,1.0,4/11,16.35%,VAC14;MTMR2;PIK3R4;MTMR9,C-TAL
prerank,Reactome_2022__FGFR3 Ligand Binding And Activation R-HSA-190239,-0.43217371701568297,-0.6642843960105018,0.8861788617886179,0.9643429519709523,1.0,2/13,2.82%,FGF13;FGF9,C-TAL
prerank,Reactome_2022__Acetylcholine Binding And Downstream Events R-HSA-181431,-0.41874275953968626,-0.6598148463855213,0.8803418803418803,0.9580461675419224,1.0,4/14,19.38%,CHRNE;CHRNA9;CHRNA3;CHRNA6,C-TAL
prerank,Reactome_2022__SHC-mediated cascade:FGFR1 R-HSA-5654688,0.4901378723520211,0.6573693988447177,0.9506578947368421,1.0,1.0,6/20,15.98%,HRAS;GRB2;FGFR1;KL;NRAS;SHC1,C-TAL
prerank,Reactome_2022__FCERI Mediated Ca+2 Mobilization R-HSA-2871809,0.48190663431489755,0.6572136715935414,0.9655543595263725,1.0,1.0,6/28,12.01%,CALM1;GRB2;SPNS1;VAV2;AHCYL1;ITPR3,C-TAL
prerank,Reactome_2022__Regulation Of RUNX1 Expression And Activity R-HSA-8934593,0.4877817676940939,0.6545779989947439,0.9520697167755992,1.0,1.0,10/17,21.69%,CCND1;PTPN11;AGO2;SRC;AGO1;CCND3;MOV10;CCND2;AGO4;PML,C-TAL
prerank,Reactome_2022__HDMs Demethylate Histones R-HSA-3214842,0.474471171458578,0.6519036307631044,0.9451022604951561,1.0,1.0,12/23,18.75%,KDM1A;KDM5B;KDM5D;PHF8;KDM6B;KDM5C;KDM2B;KDM3A;PHF2;KDM4B;KDM1B;KDM4A,C-TAL
prerank,Reactome_2022__JNK (c-Jun Kinases) Phosphorylation And Activation Mediated By Activated Human TAK1 R-HSA-450321,0.48151574556948107,0.6515553821989157,0.9383938393839384,1.0,1.0,8/18,17.69%,UBE2V1;UBE2N;MAPK9;MAP2K7;IRAK1;IKBKG;TAB2;TAB3,C-TAL
prerank,"Reactome_2022__FOXO-mediated Transcription Of Oxidative Stress, Metabolic And Neuronal Genes R-HSA-9615017",-0.3877446529448422,-0.64848136859675,0.9878048780487805,0.9562900062015366,1.0,9/28,5.94%,PPARGC1A;FOXO1;SMAD2;SIN3A;ATXN3;FBXO32;FOXO3;PCK1;NR3C1,C-TAL
prerank,Reactome_2022__Class B/2 (Secretin Family Receptors) R-HSA-373080,0.44409076443603773,0.6461859430808637,0.9715447154471545,1.0,1.0,14/92,13.92%,GNG5;WNT7B;GNB2;GNAS;GNB1;GNG10;CALCA;FZD6;WNT11;GNG12;FZD8;FZD1;FZD4;SCTR,C-TAL
prerank,Reactome_2022__Presynaptic Function Of Kainate Receptors R-HSA-500657,0.47706254940137904,0.6444746638563732,0.962882096069869,1.0,1.0,4/21,5.51%,GNG5;GNB2;GNB1;GNG10,C-TAL
prerank,Reactome_2022__G Beta:Gamma Signaling Thru PLC Beta R-HSA-418217,0.477176166614667,0.6437853292826667,0.9660460021905805,1.0,1.0,4/20,5.51%,GNG5;GNB2;GNB1;GNG10,C-TAL
prerank,Reactome_2022__LGI-ADAM Interactions R-HSA-5682910,0.4833628582761851,0.640706272547265,0.9582417582417583,1.0,1.0,4/14,26.64%,LGI2;LLGL1;LGI4;STX1A,C-TAL
prerank,Reactome_2022__G Alpha (I) Signaling Events R-HSA-418594,0.4275520683653172,0.6402108662082923,1.0,1.0,1.0,42/310,14.90%,CALM1;APP;GNG5;GNB2;PPP1CA;GNAS;HEBP1;PRKAR1A;GNAI2;PPP2R1A;GNB1;PRKX;GNA11;PPP2CB;PDE4A;GRK2;GNG10;ADCY6;GNAI3;PPP2CA;CX3CL1;ADCY5;MAPK1;AHCYL1;CCL28;GNG12;CAMK2G;PRKACB;GPER1;PRKAR1B;ITPR3;CDK5;CXCL16;PPP2R5D;RGS5;PRKAR2A;PPP2R1B;KPNA2;POMC;PRKAR2B;ADCY9;SRC,C-TAL
prerank,Reactome_2022__DCC Mediated Attractive Signaling R-HSA-418885,0.4767693156523588,0.6331691972549381,0.9518900343642611,1.0,1.0,2/14,6.93%,CDC42;WASL,C-TAL
prerank,Reactome_2022__RND2 GTPase Cycle R-HSA-9696270,0.4546785769444868,0.632801696158618,0.9852164730728616,1.0,1.0,16/42,12.77%,KTN1;TXNL1;ALDH3A2;NUDC;RBMX;WDR6;GOLGA3;TNFAIP1;ARHGAP1;CKAP4;TFRC;NISCH;PIK3R2;KIDINS220;ARHGAP35;DST,C-TAL
prerank,Reactome_2022__Neurexins And Neuroligins R-HSA-6794361,0.44362123383376945,0.6317122252934727,0.975991649269311,1.0,1.0,9/57,18.78%,LIN7C;SYT7;DBNL;SHARPIN;HOMER3;EPB41L1;APBA3;EPB41L2;STXBP1,C-TAL
prerank,Reactome_2022__Inositol Phosphate Metabolism R-HSA-1483249,0.44465103845758586,0.6290873895598427,0.9756613756613757,1.0,1.0,10/48,12.01%,CALM1;ISYNA1;IMPA2;NUDT4;NUDT3;INPPL1;IP6K2;INPP1;INPP5J;ITPK1,C-TAL
prerank,Reactome_2022__FRS-mediated FGFR4 Signaling R-HSA-5654712,0.4628853523460032,0.6256144253730113,0.9660087719298246,1.0,1.0,4/21,12.91%,HRAS;PTPN11;GRB2;NRAS,C-TAL
prerank,Reactome_2022__Notch-HLH Transcription Pathway R-HSA-350054,0.45391101046813376,0.6222842641607564,0.9785637727759914,1.0,1.0,12/28,11.86%,HDAC1;HDAC11;NCOR2;NCOR1;HDAC2;HDAC7;SNW1;HDAC3;NOTCH3;HDAC6;RBPJ;NOTCH1,C-TAL
prerank,Reactome_2022__Resolution Of D-Loop Structures R-HSA-5693537,0.4440135429836539,0.6167552812810083,0.9785177228786252,1.0,1.0,17/34,23.77%,SEM1;KAT5;RAD50;RAD51C;ATM;RMI1;MUS81;EME2;MRE11;BARD1;TOP3A;PALB2;RAD51D;SLX4;RTEL1;DNA2;RMI2,C-TAL
prerank,Reactome_2022__GAG Synthesis Requires Tetrasaccharide Linker Sequence R-HSA-1971475,0.4506741763018761,0.6150545087733857,0.9773706896551724,1.0,1.0,10/26,10.78%,SDC2;SDC1;HSPG2;AGRN;B3GAT3;B4GALT7;GPC1;BGN;GPC3;GPC4,C-TAL
prerank,Reactome_2022__Role Of Phospholipids In Phagocytosis R-HSA-2029485,0.45004247812381803,0.6120898832748392,0.9719827586206896,1.0,1.0,6/23,12.01%,PLD3;PRKCSH;PLPP5;AHCYL1;PIK3R2;ITPR3,C-TAL
prerank,Reactome_2022__Resolution Of D-loop Structures Thru Holliday Junction Intermediates R-HSA-5693568,0.44093090370424304,0.6103202027404125,0.9807073954983923,1.0,1.0,16/33,23.77%,SEM1;KAT5;RAD50;RAD51C;ATM;RMI1;MUS81;EME2;MRE11;BARD1;TOP3A;PALB2;RAD51D;SLX4;DNA2;RMI2,C-TAL
prerank,Reactome_2022__Metabolism Of Amine-Derived Hormones R-HSA-209776,-0.3507201912461111,-0.6103043762546445,0.9770114942528736,0.9695990844694263,1.0,2/18,5.38%,DIDO1;IYD,C-TAL
prerank,Reactome_2022__Defective B3GAT3 Causes JDSSDHD R-HSA-3560801,0.45234826874604445,0.6090294125488486,0.9769736842105263,1.0,1.0,9/20,10.78%,SDC2;SDC1;HSPG2;AGRN;B3GAT3;GPC1;BGN;GPC3;GPC4,C-TAL
prerank,Reactome_2022__G Alpha (Q) Signaling Events R-HSA-416476,0.4093616700835577,0.6084275226270716,0.9959798994974874,1.0,1.0,22/211,12.91%,APP;GNG5;GNB2;GNB1;ABHD12;GNA11;GRK2;HRAS;GNG10;EGFR;GRB2;MAPK3;F2RL1;MAPK1;GNG12;PTGER1;PIK3R2;RPS6KA3;ITPR3;RPS6KA1;PIK3R3;NRAS,C-TAL
prerank,Reactome_2022__Signaling By FGFR3 In Disease R-HSA-5655332,0.447332179659975,0.6066929937813942,0.9685807150595883,1.0,1.0,5/21,15.80%,FGFR3;HRAS;GRB2;NRAS;PIGU,C-TAL
prerank,Reactome_2022__HS-GAG Degradation R-HSA-2024096,0.44520771239742896,0.6018932881330299,0.9827586206896551,1.0,1.0,10/21,10.78%,SDC2;SDC1;HSPG2;AGRN;NAGLU;GPC1;GUSB;GLB1;GPC3;GPC4,C-TAL
prerank,Reactome_2022__G-protein Mediated Events R-HSA-112040,0.4255808460492675,0.6012287110601784,0.9812108559498957,1.0,1.0,19/52,14.76%,CALM1;PRKAR1A;GNAI2;PRKX;GNA11;GRK2;ADCY6;GNAI3;ADCY5;MAPK1;AHCYL1;CAMK2G;PRKACB;PRKAR1B;ITPR3;PRKAR2A;KPNA2;PRKAR2B;ADCY9,C-TAL
prerank,"Reactome_2022__Defective B4GALT7 Causes EDS, Progeroid Type R-HSA-3560783",0.44594315252977507,0.6005168536429519,0.976998904709748,1.0,1.0,9/20,10.78%,SDC2;SDC1;HSPG2;AGRN;B4GALT7;GPC1;BGN;GPC3;GPC4,C-TAL
prerank,Reactome_2022__FRS-mediated FGFR2 Signaling R-HSA-5654700,0.439738572258523,0.6000913773515479,0.9739978331527628,1.0,1.0,4/24,12.91%,HRAS;PTPN11;GRB2;NRAS,C-TAL
prerank,Reactome_2022__Heparan Sulfate/Heparin (HS-GAG) Metabolism R-HSA-1638091,0.42408052868347274,0.5999916392583202,0.9853095487932844,1.0,1.0,21/53,14.87%,SDC2;SDC1;HSPG2;HS6ST1;AGRN;B3GAT3;NAGLU;NDST1;B4GALT7;GPC1;GUSB;GLB1;BGN;GPC3;GPC4;XYLT2;NDST2;B3GALT6;IDS;SGSH;IDUA,C-TAL
prerank,Reactome_2022__SHC1 Events In EGFR Signaling R-HSA-180336,0.449263769849031,0.5976591284390472,0.9731843575418995,1.0,1.0,6/13,16.28%,HRAS;EGFR;GRB2;NRAS;SHC1;TGFA,C-TAL
prerank,Reactome_2022__PI-3K cascade:FGFR3 R-HSA-5654710,0.44691866734192087,0.5965765317880329,0.9767955801104973,1.0,1.0,3/18,8.56%,FGFR3;PTPN11;GRB2,C-TAL
prerank,Reactome_2022__Dermatan Sulfate Biosynthesis R-HSA-2022923,0.4545800848153392,0.5960699457059231,0.9635535307517085,1.0,1.0,2/11,19.09%,BGN;CHST14,C-TAL
prerank,Reactome_2022__Calcitonin-like Ligand Receptors R-HSA-419812,0.4526866250786093,0.5887046255186759,0.9651567944250871,1.0,1.0,4/10,22.26%,CALCA;RAMP2;RAMP3;CALCRL,C-TAL
prerank,"Reactome_2022__POU5F1 (OCT4), SOX2, NANOG Activate Genes Related To Proliferation R-HSA-2892247",0.44655330142437005,0.588319923713322,0.9664429530201343,1.0,1.0,3/12,9.79%,SALL1;TDGF1;STAT3,C-TAL
prerank,Reactome_2022__Pre-NOTCH Transcription And Translation R-HSA-1912408,0.42871434218739957,0.587474883072285,0.9871244635193133,1.0,1.0,12/33,12.17%,JUN;ELF3;CCND1;PRKCI;SNW1;NOTCH3;TFDP1;RBPJ;TFDP2;NOTCH1;AGO2;EP300,C-TAL
prerank,Reactome_2022__Serotonin Receptors R-HSA-390666,0.4426833071588351,0.5837297721337898,0.9720605355064028,1.0,1.0,2/11,34.15%,HTR1F;HTR4,C-TAL
prerank,Reactome_2022__Synthesis Of PIPs At Plasma Membrane R-HSA-1660499,0.4105700895785553,0.5822174348669411,0.9852786540483701,1.0,1.0,22/51,16.61%,CLSTN1;RAB14;PLEKHA1;RAB5A;RAB4A;PLEKHA3;INPPL1;MTMR14;PI4K2A;INPP5J;PIK3R2;PIP4K2C;MTMR6;PIK3R3;PLEKHA2;RUFY1;PIP5K1C;MTMR2;OCRL;INPP5K;MTMR9;PIP4K2B,C-TAL
prerank,Reactome_2022__Impaired BRCA2 Binding To PALB2 R-HSA-9709603,0.4241279855528774,0.5787410109500942,0.9848484848484849,1.0,1.0,12/24,23.77%,KAT5;RAD50;RAD51C;ATM;RMI1;MRE11;BARD1;TOP3A;PALB2;RAD51D;DNA2;RMI2,C-TAL
prerank,"Reactome_2022__Synthesis Of IP2, IP, And Ins In Cytosol R-HSA-1855183",0.43368696337441925,0.5745140426662273,0.9785794813979707,1.0,1.0,2/14,1.65%,ISYNA1;IMPA2,C-TAL
prerank,Reactome_2022__Dopamine Neurotransmitter Release Cycle R-HSA-212676,0.42009217840547314,0.5718971032958599,0.9837310195227765,1.0,1.0,3/23,11.80%,LIN7C;VAMP2;PPFIA1,C-TAL
prerank,Reactome_2022__GAB1 Signalosome R-HSA-180292,0.4261689230736373,0.5716387733598687,0.9824753559693319,1.0,1.0,7/17,16.28%,PTPN11;EGFR;GRB2;CSK;SRC;PIGU;TGFA,C-TAL
prerank,Reactome_2022__Competing Endogenous RNAs (ceRNAs) Regulate PTEN Translation R-HSA-8948700,0.44010784361919525,0.5703870847978164,0.9756662804171495,1.0,1.0,6/10,21.46%,VAPA;CNOT6L;AGO2;AGO1;MOV10;AGO4,C-TAL
prerank,Reactome_2022__Glycoprotein Hormones R-HSA-209822,0.4336561174978675,0.5700781689388358,0.966589861751152,1.0,1.0,2/10,33.24%,INHA;INHBB,C-TAL
prerank,Reactome_2022__GRB2 Events In EGFR Signaling R-HSA-179812,0.4316003030654002,0.5700557302420846,0.9797979797979798,1.0,1.0,5/12,16.28%,HRAS;EGFR;GRB2;NRAS;TGFA,C-TAL
prerank,Reactome_2022__Synthesis Of Bile Acids And Bile Salts Via 27-Hydroxycholesterol R-HSA-193807,0.42192379701958693,0.5661807056157001,0.9710144927536232,1.0,1.0,3/15,15.66%,AKR1C1;RXRA;AKR1C3,C-TAL
prerank,Reactome_2022__Downstream Signaling Of Activated FGFR4 R-HSA-5654716,0.4143744946902218,0.5652651247327831,0.9891774891774892,0.9996787686934775,1.0,6/26,15.98%,HRAS;PTPN11;GRB2;NRAS;PIGU;SHC1,C-TAL
prerank,Reactome_2022__RND1 GTPase Cycle R-HSA-9696273,0.402684430187564,0.5639276622772414,0.9957805907172996,0.9992143149448155,1.0,18/42,16.04%,TMEM59;TXNL1;ALDH3A2;RBMX;WDR6;FLOT2;STIP1;TFRC;GRB7;PIK3R2;KIDINS220;ARHGAP35;DST;VANGL1;PLXNA1;ARHGAP5;EPHA2;RRAS2,C-TAL
prerank,Reactome_2022__DSCAM Interactions R-HSA-376172,0.42394084669496107,0.5584795102673443,0.9743290548424738,0.9995289206429809,1.0,4/11,20.66%,PKN1;MAPK14;MAPK13;RNASE1,C-TAL
prerank,Reactome_2022__Myogenesis R-HSA-525793,0.40292455654575665,0.555080158420579,0.9925611052072264,0.9993427884506138,1.0,8/29,20.20%,CDC42;BNIP2;CTNNA1;MEF2D;MAPK14;BOC;TCF7L1;CDH2,C-TAL
prerank,Reactome_2022__Class A/1 (Rhodopsin-like Receptors) R-HSA-373076,0.3685759489421586,0.5542675887236347,1.0,0.9987087223326181,1.0,10/325,12.55%,APP;HEBP1;GPBAR1;ECE1;CX3CL1;F2RL1;CCL28;PTGER1;GPER1;CXCL16,C-TAL
prerank,Reactome_2022__Glucocorticoid Biosynthesis R-HSA-194002,0.42282237068664735,0.5529405021019743,0.9658421672555948,0.9981811386612356,1.0,2/10,14.46%,SERPINA6;POMC,C-TAL
prerank,Reactome_2022__Regulation Of PTEN mRNA Translation R-HSA-8943723,0.41970640869964526,0.5477603444649205,0.9771689497716894,0.9982649784045184,1.0,6/11,21.46%,VAPA;CNOT6L;AGO2;AGO1;MOV10;AGO4,C-TAL
prerank,Reactome_2022__SLC Transporter Disorders R-HSA-5619102,0.3737821503406798,0.5431339622743404,1.0,0.998219079847628,1.0,29/99,18.34%,BSG;SLC40A1;TPR;RANBP2;SLC2A1;SLC35A3;SLC27A4;SEC13;SLC11A2;NUP160;NUP50;SLC35A1;SLC39A4;NUP62;NUP42;SLC3A2;NUP93;SLC22A5;NDC1;SLC17A5;SLC35A2;POM121C;AAAS;NUP43;NUP210;SLC22A18;AVPR2;SLC26A2;MAP4K2,C-TAL
prerank,Reactome_2022__Downstream Signaling Of Activated FGFR2 R-HSA-5654696,0.39551540524086254,0.5428859778028537,0.9903225806451613,0.9974923647492713,1.0,6/29,15.98%,HRAS;PTPN11;GRB2;NRAS;PIGU;SHC1,C-TAL
prerank,Reactome_2022__SHC-mediated cascade:FGFR4 R-HSA-5654719,0.3917869391423382,0.5305035392775779,0.9911504424778761,0.9983984286673028,1.0,4/19,15.98%,HRAS;GRB2;NRAS;SHC1,C-TAL
prerank,Reactome_2022__Fatty Acids R-HSA-211935,0.396434334986073,0.5279528798485699,0.992108229988726,0.997953998764596,1.0,7/14,43.10%,CYP4B1;CYP4F3;CYP2J2;CYP4A11;CYP4F2;CYP4A22;CYP2B6,C-TAL
prerank,Reactome_2022__Activation Of RAC1 R-HSA-428540,0.3978966464550356,0.5244671170915876,0.9895591647331786,0.9976024331779633,1.0,3/11,14.02%,PKN1;NCK2;PAK4,C-TAL
prerank,Reactome_2022__TP53 Regulates Transcription Of Caspase Activators And Caspases R-HSA-6803207,0.3813682570827014,0.5000896845164082,0.9865168539325843,0.9989828142251636,1.0,6/12,21.25%,ATM;CASP10;CASP2;CASP6;PIDD1;APAF1,C-TAL
prerank,Reactome_2022__Collagen Chain Trimerization R-HSA-8948216,0.3545626421626756,0.4947201189764172,1.0,0.9985857311848578,1.0,4/44,9.90%,COL4A1;COL18A1;COL4A2;COL27A1,C-TAL
prerank,Reactome_2022__Highly Calcium Permeable Postsynaptic Nicotinic Acetylcholine Receptors R-HSA-629594,-0.31218912271112326,-0.48407618464788166,0.9629629629629629,0.9944948699796067,1.0,11/11,68.79%,CHRNA9;CHRNA3;CHRNA6;CHRNA1;CHRNA2;CHRNB3;CHRNB4;CHRNA4;CHRNB2;CHRFAM7A;CHRNA5,C-TAL
prerank,Reactome_2022__Creation Of C4 And C2 Activators R-HSA-166786,0.29062497150949024,0.38376951458489833,0.9988851727982163,1.0,1.0,5/13,33.89%,C1R;COLEC10;COLEC11;MASP1;C1QC,C-TAL
prerank,Reactome_2022__Initial Triggering Of Complement R-HSA-166663,0.2614352661783283,0.3518204304967283,1.0,0.9999751386397521,1.0,7/20,34.26%,CFB;C1R;COLEC10;COLEC11;MASP1;C1QC;GZMM,C-TAL
