Name,Term,ES,NES,NOM p-val,FDR q-val,FWER p-val,Tag %,Gene %,Lead_genes,cell_type
prerank,MSigDB_Hallmark_2020__Oxidative Phosphorylation,0.8446783850666145,1.7616831969302005,0.001,0.001,0.001,121/200,7.90%,ATP5MG;ATP5MC3;COX6A1;ATP5F1B;ATP5PF;UQCRH;COX7C;LDHB;ATP1B1;ATP5F1D;COX8A;NDUFA6;SLC25A5;MDH1;ATP5F1A;ATP5MC2;COX5B;NDUFB7;ATP5MF;COX7A2;ATP5PO;ATP6V0C;NDUFB8;TOMM22;COX6B1;BAX;NDUFA4;COX4I1;MRPS12;CYCS;UQCRB;NDUFB1;UQCRQ;TIMM10;UQCRC1;NDUFA5;SLC25A3;COX7B;NDUFV2;MPC1;TIMM13;HSD17B10;LDHA;NDUFA3;ATP5F1C;PHB2;HTRA2;COX17;ACADM;NDUFB5;UQCRFS1;FH;CYC1;NDUFB6;ATP6AP1;NDUFS4;NDUFA7;IDH3B;PRDX3;ECH1;NDUFB2;SURF1;MGST3;FDX1;PMPCA;SUCLG1;MRPS30;ATP5F1E;COX6C;CYB5A;NDUFS3;NDUFA1;GPI;NDUFS6;MRPL15;NDUFC2;ECHS1;NDUFB4;SLC25A6;NDUFB3;BCKDHA;GLUD1;ATP6V1G1;DLST;MTX2;VDAC3;ACAT1;SUCLA2;IDH3A;RHOT2;PDHB;COX5A;TOMM70;ATP5MC1;BDH2;IDH1;MRPS22;OPA1;SDHA;ATP6V0E1;POR;CS;ATP5PD;NQO2;ISCU;ATP5PB;COX10;ETFA;ATP5ME;NDUFAB1;OGDH;COX11;MRPL34;MFN2;TIMM17A;ETFB;AFG3L2;NDUFA8;DLD;ACADSB;GRPEL1,T cells
prerank,"Reactome_2022__Respiratory Electron Transport, ATP Synthesis By Chemiosmotic Coupling, Heat Production By Uncoupling Proteins R-HSA-163200",0.8607894687346781,1.7182260928205813,0.001,0.001,0.001,54/112,3.41%,ATP5MG;ATP5MC3;COX6A1;ATP5F1B;ATP5PF;UQCRH;COX7C;ATP5F1D;NDUFA11;COX8A;NDUFA6;ATP5F1A;ATP5MC2;COX5B;NDUFB7;NDUFS5;NDUFA12;NDUFB11;COX16;ATP5MF;ATP5PO;NDUFB8;COX6B1;COX4I1;CYCS;UQCRB;NDUFB1;UQCRQ;UQCRC1;NDUFA5;COX7B;NDUFV2;NDUFB10;UCP2;NDUFA3;ATP5F1C;NDUFB5;UQCRFS1;NDUFB6;NDUFS4;NDUFA7;COA1;NDUFAF3;NDUFB2;SURF1;NDUFA13;ATP5F1E;COX6C;NDUFS3;NDUFA1;NDUFS6;NDUFC2;NDUFB4;NDUFB3,T cells
prerank,Reactome_2022__Citric Acid (TCA) Cycle And Respiratory Electron Transport R-HSA-1428517,0.8255814702920433,1.6885286312876229,0.001,0.001,0.001,78/163,6.64%,ATP5MG;ATP5MC3;COX6A1;ATP5F1B;ATP5PF;UQCRH;COX7C;LDHB;ATP5F1D;NDUFA11;COX8A;NDUFA6;ATP5F1A;ATP5MC2;COX5B;NDUFB7;NDUFS5;NDUFA12;NDUFB11;COX16;ATP5MF;ATP5PO;NDUFB8;COX6B1;COX4I1;CYCS;UQCRB;NDUFB1;UQCRQ;UQCRC1;NDUFA5;COX7B;NDUFV2;MPC1;NDUFB10;LDHA;UCP2;NDUFA3;ATP5F1C;NDUFB5;UQCRFS1;NDUFB6;NDUFS4;NDUFA7;COA1;NDUFAF3;IDH3B;NDUFB2;SURF1;NDUFA13;SUCLG1;ATP5F1E;COX6C;NDUFS3;NDUFA1;NDUFS6;BSG;NDUFC2;NDUFB4;NDUFB3;DLST;SUCLA2;IDH3A;PDHB;COX5A;ATP5MC1;SDHA;CS;ATP5PD;RXRA;ATP5PB;ETFA;ATP5ME;PDK2;SCO2;NDUFAB1;OGDH;SLC25A14,T cells
prerank,Reactome_2022__Regulation Of Expression Of SLITs And ROBOs R-HSA-9010553,0.8240534940587517,1.6881978074930226,0.001,0.001,0.001,87/167,6.26%,RPS9;RPS15A;RPS13;RPL29;RPS24;RPS16;RPS15;RPS7;RPL15;RPS12;RPLP1;UBB;RPL26;RPL18A;RPL23;RPL28;PSMB7;PSMB9;RPS19;RPL7A;RPL37;RPLP0;PSMB3;PSMD8;PSMA1;PSME2;RPSA;RPL12;RPL11;RPS21;RPL37A;RPL19;RPS14;PSMB5;RPS10;RPL32;UBC;PSMA2;RPS4X;PSMD4;PSMA5;PSMB2;RPS2;PSMA3;RPL41;RPS23;RPS6;RPL35A;RPL27;RPL36AL;PSMD14;RBX1;PSMA7;RPL10A;RPL18;EIF4A3;RPS8;RPS5;RPL14;RPL9;PSMD12;RPL34;RPL5;FAU;PSMB4;ZSWIM8;UBA52;RPL27A;NCBP2;PSMD7;RPL38;PSMD6;RPL39L;RPL23A;RPS11;PSMD2;MAGOHB;RSL24D1;RPL13A;PSMD13;PSMA6;RPL30;RBM8A;RPS3A;RPS27A;RPS27L;PSMB6,T cells
prerank,Reactome_2022__GTP Hydrolysis And Joining Of 60S Ribosomal Subunit R-HSA-72706,0.8464627359521688,1.6855077319625436,0.001,0.001,0.001,62/109,4.23%,RPS9;RPS15A;RPS13;RPL29;RPS24;RPS16;RPS15;RPS7;RPL15;RPS12;RPLP1;EIF3K;RPL26;RPL18A;RPL23;RPL28;EIF4A1;RPS19;RPL7A;RPL37;RPLP0;RPSA;RPL12;RPL11;RPS21;RPL37A;RPL19;EIF3M;RPS14;RPS10;RPL32;RPS4X;EIF4E;RPS2;RPL41;RPS23;RPS6;EIF3F;RPL35A;RPL27;RPL36AL;RPL10A;RPL18;RPS8;RPS5;RPL14;EIF3A;EIF3I;RPL9;EIF3G;RPL34;RPL5;EIF2S1;FAU;EIF5;UBA52;EIF3L;RPL27A;RPL38;RPL39L;RPL23A;RPS11,T cells
prerank,Reactome_2022__Translation R-HSA-72766,0.7965251374744473,1.6839491841624714,0.001,0.001,0.001,140/263,6.97%,RPS9;RPS15A;RPS13;RPL29;RPS24;SEC61G;RPS16;RPS15;RPS7;MRPS6;RPL15;RPS12;RPLP1;EIF3K;MRPL33;RPL26;RPL18A;RPL23;RPL28;SEC11C;EIF4A1;MRPL51;RPS19;RPL7A;RPL37;RPLP0;SEC61B;RPSA;RPL12;RPL11;MRPS33;MRPS36;SRP14;RPS21;AURKAIP1;RPL37A;RPL19;MRPS24;EIF3M;RPS14;RPS10;RPL32;SRP19;SSR4;RPS4X;MRPL12;MRPL20;EIF4E;RPS2;RPL41;RPS23;RPS6;MRPL52;EIF3F;MRPL21;TRMT112;RPL35A;RPL27;MRPL54;MRPL57;RPL36AL;TUFM;EEF1B2;RPL10A;RPL18;MRPS23;RPS8;SRP54;RPS5;PPA1;MRPL40;RPL14;EIF3A;EIF3I;RPL9;GADD45GIP1;EIF3G;RPL34;RPL5;MRPS21;MRPL48;EIF2S1;MRPL18;MRPL24;MRPS31;MRPS26;SEC11A;FAU;EIF5;MRPS30;MRPL37;DDOST;MTIF3;APEH;UBA52;MRPL41;MRPL15;MRPS9;EIF3L;RPL27A;RPN1;MRPL4;MRPL30;RPL38;RPL39L;RARS2;RPL23A;MRPS18A;RPS11;MRPL1;MRPS7;MRPL10;AIMP2;MRPL58;RSL24D1;MRPL47;RPN2;MRPS22;MRPS27;MRPL9;SRPRB;MTRF1L;RPL13A;MRPS18C;PTCD3;RPL30;WARS2;RPS3A;RPS27A;MRPL16;RPS27L;SSR3;MRPL19;MRPL17;IARS2;EIF2B4;MRPS14;MRPL34;SRP72;SSR2,T cells
prerank,Reactome_2022__L13a-mediated Translational Silencing Of Ceruloplasmin Expression R-HSA-156827,0.8459271172862147,1.6835621634741935,0.001,0.001,0.001,61/108,4.23%,RPS9;RPS15A;RPS13;RPL29;RPS24;RPS16;RPS15;RPS7;RPL15;RPS12;RPLP1;EIF3K;RPL26;RPL18A;RPL23;RPL28;EIF4A1;RPS19;RPL7A;RPL37;RPLP0;RPSA;RPL12;RPL11;RPS21;RPL37A;RPL19;EIF3M;RPS14;RPS10;RPL32;RPS4X;EIF4E;RPS2;RPL41;RPS23;RPS6;EIF3F;RPL35A;RPL27;RPL36AL;RPL10A;RPL18;RPS8;RPS5;RPL14;EIF3A;EIF3I;RPL9;EIF3G;RPL34;RPL5;EIF2S1;FAU;UBA52;EIF3L;RPL27A;RPL38;RPL39L;RPL23A;RPS11,T cells
prerank,Reactome_2022__Cap-dependent Translation Initiation R-HSA-72737,0.8389975151032305,1.683092852916303,0.001,0.001,0.001,62/116,4.23%,RPS9;RPS15A;RPS13;RPL29;RPS24;RPS16;RPS15;RPS7;RPL15;RPS12;RPLP1;EIF3K;RPL26;RPL18A;RPL23;RPL28;EIF4A1;RPS19;RPL7A;RPL37;RPLP0;RPSA;RPL12;RPL11;RPS21;RPL37A;RPL19;EIF3M;RPS14;RPS10;RPL32;RPS4X;EIF4E;RPS2;RPL41;RPS23;RPS6;EIF3F;RPL35A;RPL27;RPL36AL;RPL10A;RPL18;RPS8;RPS5;RPL14;EIF3A;EIF3I;RPL9;EIF3G;RPL34;RPL5;EIF2S1;FAU;EIF5;UBA52;EIF3L;RPL27A;RPL38;RPL39L;RPL23A;RPS11,T cells
prerank,Reactome_2022__Formation Of A Pool Of Free 40S Subunits R-HSA-72689,0.8524815562571785,1.6767179538430341,0.001,0.001,0.001,58/98,4.23%,RPS9;RPS15A;RPS13;RPL29;RPS24;RPS16;RPS15;RPS7;RPL15;RPS12;RPLP1;EIF3K;RPL26;RPL18A;RPL23;RPL28;RPS19;RPL7A;RPL37;RPLP0;RPSA;RPL12;RPL11;RPS21;RPL37A;RPL19;EIF3M;RPS14;RPS10;RPL32;RPS4X;RPS2;RPL41;RPS23;RPS6;EIF3F;RPL35A;RPL27;RPL36AL;RPL10A;RPL18;RPS8;RPS5;RPL14;EIF3A;EIF3I;RPL9;EIF3G;RPL34;RPL5;FAU;UBA52;EIF3L;RPL27A;RPL38;RPL39L;RPL23A;RPS11,T cells
prerank,Reactome_2022__SRP-dependent Cotranslational Protein Targeting To Membrane R-HSA-1799339,0.8457602569486887,1.6719197765408087,0.001,0.001,0.002,70/108,6.27%,RPS9;RPS15A;RPS13;RPL29;RPS24;SEC61G;RPS16;RPS15;RPS7;RPL15;RPS12;RPLP1;RPL26;RPL18A;RPL23;RPL28;SEC11C;RPS19;RPL7A;RPL37;RPLP0;SEC61B;RPSA;RPL12;RPL11;SRP14;RPS21;RPL37A;RPL19;RPS14;RPS10;RPL32;SRP19;SSR4;RPS4X;RPS2;RPL41;RPS23;RPS6;RPL35A;RPL27;RPL36AL;RPL10A;RPL18;RPS8;SRP54;RPS5;RPL14;RPL9;RPL34;RPL5;SEC11A;FAU;DDOST;UBA52;RPL27A;RPN1;RPL38;RPL39L;RPL23A;RPS11;RSL24D1;RPN2;SRPRB;RPL13A;RPL30;RPS3A;RPS27A;RPS27L;SSR3,T cells
prerank,Reactome_2022__Olfactory Signaling Pathway R-HSA-381753,-0.6175522166547889,-1.6663382765726216,0.001,0.7543047455505052,0.369,3/385,9.99%,GNAL;GNB1;LDB2,T cells
prerank,Reactome_2022__Eukaryotic Translation Termination R-HSA-72764,0.8516725006235331,1.6620392261356525,0.001,0.001,0.003,53/90,4.23%,RPS9;RPS15A;RPS13;RPL29;RPS24;RPS16;RPS15;RPS7;RPL15;RPS12;RPLP1;RPL26;RPL18A;RPL23;RPL28;RPS19;RPL7A;RPL37;RPLP0;RPSA;RPL12;RPL11;RPS21;RPL37A;RPL19;RPS14;RPS10;RPL32;RPS4X;RPS2;RPL41;RPS23;RPS6;TRMT112;RPL35A;RPL27;RPL36AL;RPL10A;RPL18;RPS8;RPS5;RPL14;RPL9;RPL34;RPL5;FAU;APEH;UBA52;RPL27A;RPL38;RPL39L;RPL23A;RPS11,T cells
prerank,Reactome_2022__Selenocysteine Synthesis R-HSA-2408557,0.8474435410643121,1.6616616079505828,0.001,0.001,0.003,51/89,4.23%,RPS9;RPS15A;RPS13;RPL29;RPS24;RPS16;RPS15;RPS7;RPL15;RPS12;RPLP1;RPL26;RPL18A;RPL23;RPL28;RPS19;RPL7A;RPL37;RPLP0;RPSA;RPL12;RPL11;RPS21;RPL37A;RPL19;RPS14;RPS10;RPL32;RPS4X;RPS2;RPL41;RPS23;RPS6;RPL35A;RPL27;RPL36AL;RPL10A;RPL18;RPS8;RPS5;RPL14;RPL9;RPL34;RPL5;FAU;UBA52;RPL27A;RPL38;RPL39L;RPL23A;RPS11,T cells
prerank,Reactome_2022__Selenoamino Acid Metabolism R-HSA-2408522,0.8363557177248383,1.657303916752686,0.001,0.001,0.003,53/104,4.68%,RPS9;RPS15A;RPS13;RPL29;RPS24;RPS16;RPS15;RPS7;RPL15;RPS12;RPLP1;RPL26;RPL18A;RPL23;RPL28;RPS19;RPL7A;RPL37;RPLP0;RPSA;RPL12;RPL11;RPS21;RPL37A;RPL19;RPS14;RPS10;RPL32;RPS4X;RPS2;RPL41;RPS23;RPS6;RPL35A;RPL27;RPL36AL;RPL10A;RPL18;RPS8;RPS5;RPL14;RPL9;RPL34;RPL5;FAU;UBA52;RPL27A;RPL38;RPL39L;RPL23A;RPS11;AIMP2;RSL24D1,T cells
prerank,Reactome_2022__Viral mRNA Translation R-HSA-192823,0.8506729795847421,1.655122717309801,0.001,0.001,0.003,59/90,6.33%,RPS9;RPS15A;RPS13;RPL29;RPS24;RPS16;RPS15;RPS7;RPL15;RPS12;RPLP1;RPL26;RPL18A;RPL23;RPL28;RPS19;RPL7A;RPL37;RPLP0;RPSA;RPL12;RPL11;RPS21;RPL37A;RPL19;RPS14;RPS10;RPL32;RPS4X;RPS2;RPL41;RPS23;RPS6;RPL35A;RPL27;RPL36AL;RPL10A;RPL18;RPS8;RPS5;RPL14;RPL9;RPL34;RPL5;FAU;UBA52;RPL27A;RPL38;RPL39L;RPL23A;RPS11;RSL24D1;RPL13A;RPL30;RPS3A;RPS27A;RPS27L;GRSF1;PBRM1,T cells
prerank,Reactome_2022__Response Of EIF2AK4 (GCN2) To Amino Acid Deficiency R-HSA-9633012,0.842019875388052,1.648610191800856,0.001,0.001,0.003,54/98,4.23%,RPS9;RPS15A;RPS13;RPL29;RPS24;RPS16;RPS15;RPS7;RPL15;RPS12;RPLP1;RPL26;RPL18A;RPL23;RPL28;RPS19;RPL7A;RPL37;RPLP0;RPSA;RPL12;RPL11;RPS21;RPL37A;RPL19;RPS14;RPS10;RPL32;RPS4X;RPS2;RPL41;RPS23;RPS6;RPL35A;RPL27;RPL36AL;RPL10A;RPL18;RPS8;RPS5;RPL14;RPL9;RPL34;RPL5;EIF2S1;ATF4;FAU;DDIT3;UBA52;RPL27A;RPL38;RPL39L;RPL23A;RPS11,T cells
prerank,Reactome_2022__Metabolism Of Amino Acids And Derivatives R-HSA-71291,0.7711996648170286,1.6378736085183145,0.001,0.001,0.005,120/354,7.07%,RPS9;RPS15A;RPS13;RPL29;RPS24;RPS16;RPS15;RPS7;RPL15;RPS12;RPLP1;RPL26;RPL18A;RPL23;RPL28;PSMB7;PSMB9;RPS19;RPL7A;RPL37;RPLP0;PSMB3;PSMD8;PSMA1;PSME2;RPSA;RPL12;RPL11;RPS21;RPL37A;SLC38A1;RPL19;RPS14;PSMB5;RPS10;RPL32;PSMA2;RPS4X;CKB;PSMD4;PSMA5;PSMB2;RPS2;PSMA3;RPL41;PCBD1;RPS23;RPS6;HSD17B10;RPL35A;RPL27;MCCC2;RPL36AL;PSMD14;PSMA7;RPL10A;RPL18;RPS8;RPS5;RPL14;RPL9;PSMD12;RPL34;AUH;RPL5;APIP;TSTD1;FAU;OAZ1;SOAT1;PSMB4;UBA52;HIBADH;SBDS;ECHS1;RPL27A;BCKDHA;GLUD1;DLST;PSMD7;ETHE1;DBT;RPL38;PSMD6;RPL39L;RPL23A;RPS11;PSMD2;SLC25A13;PDHB;AIMP2;RSL24D1;ASRGL1;TXN2;RPL13A;PSMD13;ACAD8;PSMA6;RPL30;SHMT1;RPS3A;ARG2;SERINC2;IVD;RPS27A;SLC3A2;RPS27L;PSMB6;NDUFAB1;GATM;GRHPR;SEPHS2;OGDH;AMT;SERINC1;SRR;PSME3;SLC44A1;ALDH9A1;PSMC6,T cells
prerank,Reactome_2022__Nonsense Mediated Decay (NMD) Independent Of Exon Junction Complex (EJC) R-HSA-975956,0.8395637987881515,1.6369994053489048,0.001,0.001,0.005,52/92,4.23%,RPS9;RPS15A;RPS13;RPL29;RPS24;RPS16;RPS15;RPS7;RPL15;RPS12;RPLP1;RPL26;RPL18A;RPL23;RPL28;RPS19;RPL7A;RPL37;RPLP0;RPSA;RPL12;RPL11;RPS21;RPL37A;RPL19;RPS14;RPS10;RPL32;RPS4X;RPS2;RPL41;RPS23;RPS6;RPL35A;RPL27;RPL36AL;RPL10A;RPL18;RPS8;RPS5;RPL14;RPL9;RPL34;RPL5;FAU;UBA52;RPL27A;NCBP2;RPL38;RPL39L;RPL23A;RPS11,T cells
prerank,Reactome_2022__Signaling By ROBO Receptors R-HSA-376176,0.7896551014050717,1.635094799398456,0.001,0.001,0.006,92/208,6.26%,RPS9;RPS15A;RPS13;RPL29;RPS24;RPS16;PFN1;RPS15;RPS7;RPL15;RPS12;RPLP1;UBB;RPL26;RPL18A;RPL23;RPL28;PSMB7;PSMB9;RPS19;RPL7A;RPL37;RPLP0;PSMB3;PSMD8;PSMA1;PSME2;RPSA;RPL12;RPL11;RPS21;RPL37A;RPL19;RPS14;PSMB5;RPS10;RPL32;UBC;PSMA2;RPS4X;PSMD4;PSMA5;PSMB2;RPS2;PSMA3;RPL41;RPS23;RPS6;RPL35A;RPL27;RPL36AL;PSMD14;RBX1;PSMA7;RPL10A;RPL18;EIF4A3;RPS8;RPS5;RPL14;RPL9;PSMD12;RPL34;RPL5;FAU;PSMB4;ZSWIM8;UBA52;SRGAP2;RPL27A;PRKCA;NCBP2;PSMD7;RPL38;PSMD6;RPL39L;PKN2;RPL23A;NELL2;RPS11;PSMD2;MAGOHB;RSL24D1;RPL13A;PSMD13;PSMA6;RPL30;RBM8A;RPS3A;RPS27A;RPS27L;PSMB6,T cells
prerank,Reactome_2022__Peptide Chain Elongation R-HSA-156902,0.8399342233405895,1.631970179564487,0.001,0.001,0.008,51/86,4.23%,RPS9;RPS15A;RPS13;RPL29;RPS24;RPS16;RPS15;RPS7;RPL15;RPS12;RPLP1;RPL26;RPL18A;RPL23;RPL28;RPS19;RPL7A;RPL37;RPLP0;RPSA;RPL12;RPL11;RPS21;RPL37A;RPL19;RPS14;RPS10;RPL32;RPS4X;RPS2;RPL41;RPS23;RPS6;RPL35A;RPL27;RPL36AL;RPL10A;RPL18;RPS8;RPS5;RPL14;RPL9;RPL34;RPL5;FAU;UBA52;RPL27A;RPL38;RPL39L;RPL23A;RPS11,T cells
prerank,Reactome_2022__rRNA Processing In Nucleus And Cytosol R-HSA-8868773,0.7878426035888378,1.6297061757991393,0.001,0.001,0.01,74/189,4.75%,RPS9;RPS15A;RPS13;RPL29;RPS24;RPS16;RPS15;RPS7;RPL15;RPS12;RPLP1;RPL26;RPL18A;RPL23;RPL28;RPS19;RPL7A;RPL37;RPLP0;RPSA;RPL12;RPL11;RPS21;RPL37A;RPL19;RPS14;RPS10;RPL32;RPS4X;RPP21;RPS2;RPL41;KRR1;RPS23;RPS6;TRMT112;RPL35A;NHP2;RPL27;RPL36AL;UTP6;NOP10;XRN2;RPL10A;RPL18;MPHOSPH10;DCAF13;RPS8;SPPL2A;RPS5;RPL14;RPL9;RPL34;RPL5;UTP11;FAU;UBA52;DIS3;FBL;MTREX;SNU13;RPL27A;ERI1;NOP58;EXOSC7;LTV1;RPL38;RPL39L;BMS1;RPL23A;RPS11;DDX49;RSL24D1;EMG1,T cells
prerank,Reactome_2022__rRNA Processing R-HSA-72312,0.7837088662926069,1.6275191864784369,0.001,0.0013471984657902468,0.018,85/199,6.18%,RPS9;RPS15A;RPS13;RPL29;RPS24;RPS16;RPS15;RPS7;RPL15;RPS12;RPLP1;RPL26;RPL18A;RPL23;RPL28;RPS19;RPL7A;RPL37;RPLP0;RPSA;RPL12;RPL11;RPS21;RPL37A;RPL19;RPS14;RPS10;RPL32;RPS4X;RPP21;RPS2;RPL41;KRR1;RPS23;RPS6;HSD17B10;TRMT112;RPL35A;NHP2;RPL27;RPL36AL;UTP6;NOP10;XRN2;RPL10A;RPL18;MPHOSPH10;DCAF13;RPS8;SPPL2A;RPS5;RPL14;RPL9;RPL34;RPL5;UTP11;FAU;UBA52;DIS3;FBL;MTREX;SNU13;RPL27A;ERI1;NOP58;EXOSC7;LTV1;PRORP;RPL38;RPL39L;BMS1;RPL23A;TRMT10C;RPS11;DDX49;RSL24D1;EMG1;RPL13A;TFB1M;RPL30;RPS3A;NOP2;MRM3;RPS27A;RPS27L,T cells
prerank,Reactome_2022__Respiratory Electron Transport R-HSA-611105,0.8323410287850064,1.6264631525186304,0.001,0.001385689850527111,0.02,42/90,3.41%,COX6A1;UQCRH;COX7C;NDUFA11;COX8A;NDUFA6;COX5B;NDUFB7;NDUFS5;NDUFA12;NDUFB11;COX16;NDUFB8;COX6B1;COX4I1;CYCS;UQCRB;NDUFB1;UQCRQ;UQCRC1;NDUFA5;COX7B;NDUFV2;NDUFB10;NDUFA3;NDUFB5;UQCRFS1;NDUFB6;NDUFS4;NDUFA7;COA1;NDUFAF3;NDUFB2;SURF1;NDUFA13;COX6C;NDUFS3;NDUFA1;NDUFS6;NDUFC2;NDUFB4;NDUFB3,T cells
prerank,Reactome_2022__Influenza Viral RNA Transcription And Replication R-HSA-168273,0.8023266988795615,1.6260001036710585,0.001,0.001322703948230424,0.02,69/137,6.33%,RPS9;RPS15A;RPS13;RPL29;RPS24;RPS16;RPS15;RPS7;RPL15;RPS12;RPLP1;RPL26;RPL18A;RPL23;RPL28;RPS19;RPL7A;RPL37;RPLP0;RPSA;RPL12;RPL11;POLR2K;RPS21;RPL37A;RPL19;RPS14;RPS10;RPL32;RPS4X;RPS2;RPL41;RPS23;RPS6;RPL35A;RPL27;RPL36AL;TPR;RPL10A;RPL18;NUP210;RPS8;RPS5;RPL14;RPL9;RPL34;RPL5;POLR2C;FAU;UBA52;POLR2I;GTF2F1;RPL27A;NUP88;RPL38;RPL39L;RPL23A;NUP214;RPS11;NDC1;RSL24D1;RPL13A;POLR2L;RPL30;RPS3A;RPS27A;RPS27L;GRSF1;PBRM1,T cells
prerank,Reactome_2022__Major Pathway Of rRNA Processing In Nucleolus And Cytosol R-HSA-6791226,0.7895507144348893,1.6248402396570423,0.001,0.0013589132350579878,0.022,71/179,4.75%,RPS9;RPS15A;RPS13;RPL29;RPS24;RPS16;RPS15;RPS7;RPL15;RPS12;RPLP1;RPL26;RPL18A;RPL23;RPL28;RPS19;RPL7A;RPL37;RPLP0;RPSA;RPL12;RPL11;RPS21;RPL37A;RPL19;RPS14;RPS10;RPL32;RPS4X;RPP21;RPS2;RPL41;KRR1;RPS23;RPS6;RPL35A;RPL27;RPL36AL;UTP6;XRN2;RPL10A;RPL18;MPHOSPH10;DCAF13;RPS8;SPPL2A;RPS5;RPL14;RPL9;RPL34;RPL5;UTP11;FAU;UBA52;DIS3;FBL;MTREX;SNU13;RPL27A;ERI1;NOP58;EXOSC7;LTV1;RPL38;RPL39L;BMS1;RPL23A;RPS11;DDX49;RSL24D1;EMG1,T cells
prerank,Reactome_2022__Nonsense Mediated Decay (NMD) Enhanced By Exon Junction Complex (EJC) R-HSA-975957,0.8193628627772026,1.6208961114996872,0.001,0.0015717315434219544,0.024,63/112,6.29%,RPS9;RPS15A;RPS13;RPL29;RPS24;RPS16;RPS15;RPS7;RPL15;RPS12;RPLP1;RPL26;RPL18A;RPL23;RPL28;RPS19;RPL7A;RPL37;RPLP0;RPSA;RPL12;RPL11;RPS21;RPL37A;RPL19;RPS14;RPS10;RPL32;RPS4X;RPS2;RPL41;RPS23;RPS6;RPL35A;RPL27;RPL36AL;RPL10A;RPL18;EIF4A3;RPS8;RPS5;RPL14;RPL9;RPL34;RPL5;SMG1;FAU;UBA52;RPL27A;NCBP2;RPL38;RPL39L;RPL23A;RPS11;MAGOHB;RSL24D1;RPL13A;RPL30;RBM8A;RPS3A;RPS27A;RPS27L;SMG6,T cells
prerank,Reactome_2022__Eukaryotic Translation Elongation R-HSA-156842,0.8314445189421319,1.619768442015995,0.001,0.0015519726325903642,0.025,52/90,4.23%,RPS9;RPS15A;RPS13;RPL29;RPS24;RPS16;RPS15;RPS7;RPL15;RPS12;RPLP1;RPL26;RPL18A;RPL23;RPL28;RPS19;RPL7A;RPL37;RPLP0;RPSA;RPL12;RPL11;RPS21;RPL37A;RPL19;RPS14;RPS10;RPL32;RPS4X;RPS2;RPL41;RPS23;RPS6;RPL35A;RPL27;RPL36AL;EEF1B2;RPL10A;RPL18;RPS8;RPS5;RPL14;RPL9;RPL34;RPL5;FAU;UBA52;RPL27A;RPL38;RPL39L;RPL23A;RPS11,T cells
prerank,Reactome_2022__Translation Initiation Complex Formation R-HSA-72649,0.8532439756243058,1.6085487832020233,0.001,0.002114065284778541,0.036,29/57,2.52%,RPS9;RPS15A;RPS13;RPS24;RPS16;RPS15;RPS7;RPS12;EIF3K;EIF4A1;RPS19;RPSA;RPS21;EIF3M;RPS14;RPS10;RPS4X;EIF4E;RPS2;RPS23;RPS6;EIF3F;RPS8;RPS5;EIF3A;EIF3I;EIF3G;EIF2S1;FAU,T cells
prerank,"Reactome_2022__mRNA Activation Upon Binding Of Cap-Binding Complex And eIFs, Subsequent Binding To 43S R-HSA-72662",0.8524010411762504,1.6080689837913806,0.001,0.0022353515284223354,0.039,29/58,2.52%,RPS9;RPS15A;RPS13;RPS24;RPS16;RPS15;RPS7;RPS12;EIF3K;EIF4A1;RPS19;RPSA;RPS21;EIF3M;RPS14;RPS10;RPS4X;EIF4E;RPS2;RPS23;RPS6;EIF3F;RPS8;RPS5;EIF3A;EIF3I;EIF3G;EIF2S1;FAU,T cells
prerank,Reactome_2022__Ribosomal Scanning And Start Codon Recognition R-HSA-72702,0.8558679848374122,1.6061225634832286,0.001,0.002194008930001259,0.04,31/57,3.24%,RPS9;RPS15A;RPS13;RPS24;RPS16;RPS15;RPS7;RPS12;EIF3K;EIF4A1;RPS19;RPSA;RPS21;EIF3M;RPS14;RPS10;RPS4X;EIF4E;RPS2;RPS23;RPS6;EIF3F;RPS8;RPS5;EIF3A;EIF3I;EIF3G;EIF2S1;FAU;EIF5;EIF3L,T cells
prerank,Reactome_2022__Cellular Response To Starvation R-HSA-9711097,0.7800116635542769,1.5958317107278919,0.001,0.004385363281744803,0.084,68/152,6.18%,RPS9;RPS15A;RPS13;RPL29;RPS24;RPS16;RPS15;RPS7;RPL15;RPS12;RPLP1;RPL26;RPL18A;RPL23;RPL28;RPS19;RPL7A;RPL37;RPLP0;RPSA;RPL12;RPL11;ATP6V0C;RPS21;RPL37A;RPL19;RPS14;RPS10;RPL32;RPS4X;RPS2;RPL41;RPS23;RPS6;RPL35A;RPL27;RPL36AL;RPL10A;RPL18;RPS8;RPS5;RPL14;RPL9;RPL34;RPL5;EIF2S1;ATF4;LAMTOR3;FAU;DDIT3;UBA52;RPL27A;ATP6V1G1;LAMTOR5;RPL38;RPL39L;RPL23A;RPS11;RSL24D1;FNIP1;RPL13A;ATP6V0D1;ATP6V0E1;RPL30;RPS3A;RPS27A;SZT2;RPS27L,T cells
prerank,Reactome_2022__SARS-CoV-2 Modulates Host Translation Machinery R-HSA-9754678,0.8768748145830157,1.5907220274054714,0.001,0.004993615646529181,0.096,25/47,2.75%,RPS9;RPS15A;RPS13;RPS24;RPS16;RPS15;RPS7;RPS12;SNRPG;RPS19;RPSA;SNRPD2;RPS21;SNRPE;RPS14;RPS10;RPS4X;RPS2;RPS23;RPS6;SNRPD3;RPS8;RPS5;FAU;SNRPB,T cells
prerank,Reactome_2022__Mitochondrial Biogenesis R-HSA-1592230,0.8116497269031205,1.5834764242725379,0.001,0.006640384695895152,0.125,40/89,7.88%,ATP5MG;ATP5MC3;ATP5F1B;ATP5PF;ATP5F1D;ATP5F1A;ATP5MC2;ATP5MF;ATP5PO;CYCS;CREB1;ATP5F1C;NCOA1;CALM1;MICOS13;ATP5F1E;CREBBP;GLUD1;MTX2;NCOR1;NCOA2;CHD9;ESRRA;CRTC3;MTERF1;ATP5MC1;PRKAA2;SSBP1;TFB1M;ATP5PD;RXRA;ATP5PB;ATP5ME;PRKAG1;TBL1XR1;NCOA6;HDAC3;PPARGC1A;DMAC2L;TBL1X,T cells
prerank,Reactome_2022__Beta Defensins R-HSA-1461957,0.8961354686884115,1.577960643449241,0.001,0.008049510833096725,0.153,1/34,0.03%,DEFB1,T cells
prerank,"Reactome_2022__Formation Of Ternary Complex, And Subsequently, 43S Complex R-HSA-72695",0.8588205164901033,1.576487970447924,0.001,0.008393454683832569,0.16,27/50,2.52%,RPS9;RPS15A;RPS13;RPS24;RPS16;RPS15;RPS7;RPS12;EIF3K;RPS19;RPSA;RPS21;EIF3M;RPS14;RPS10;RPS4X;RPS2;RPS23;RPS6;EIF3F;RPS8;RPS5;EIF3A;EIF3I;EIF3G;EIF2S1;FAU,T cells
prerank,Reactome_2022__Influenza Infection R-HSA-168255,0.7684750910822282,1.56405766765138,0.001,0.01236252709783991,0.224,77/157,6.51%,RPS9;RPS15A;RPS13;RPL29;RPS24;RPS16;RPS15;RPS7;RPL15;RPS12;RPLP1;RPL26;RPL18A;RPL23;RPL28;RPS19;RPL7A;RPL37;RPLP0;RPSA;RPL12;RPL11;POLR2K;RPS21;PABPN1;RPL37A;RPL19;RPS14;RPS10;RPL32;RPS4X;RPS2;RPL41;RPS23;RPS6;RPL35A;RPL27;RPL36AL;TPR;RPL10A;RPL18;NUP210;RPS8;RPS5;RPL14;KPNB1;RPL9;RPL34;HSPA1A;RPL5;CANX;XPO1;POLR2C;FAU;UBA52;POLR2I;GTF2F1;KPNA2;SLC25A6;RPL27A;NUP88;RPL38;RPL39L;RPL23A;NUP214;RPS11;NDC1;RSL24D1;RPL13A;POLR2L;RPL30;RPS3A;RPS27A;RPS27L;GRSF1;PBRM1;KPNA1,T cells
prerank,Reactome_2022__Binding And Uptake Of Ligands By Scavenger Receptors R-HSA-2173782,-0.7657816322613159,-1.5616795561778865,0.02,1.0,0.89,6/40,5.10%,FTL;HSP90AA1;HBA1;HSP90B1;APOL1;FTH1,T cells
prerank,Reactome_2022__Switching Of Origins To A Post-Replicative State R-HSA-69052,0.8080249320742331,1.561451501591586,0.001,0.013056277702744335,0.243,55/90,10.52%,UBB;PSMB7;PSMB9;PSMB3;PSMD8;PSMA1;PSME2;PSMB5;UBE2S;UBC;PSMA2;PSMD4;CDC26;PSMA5;PSMB2;PSMA3;PSMD14;RBX1;PSMA7;ANAPC5;PSMD12;MCM5;ANAPC11;PSMB4;UBA52;MCM7;PSMD7;PSMD6;PSMD2;UBE2E1;ANAPC4;ORC3;PSMD13;PSMA6;UBE2C;RPS27A;ORC4;PSMB6;FZR1;SKP1;PSME3;CDC16;PSMC6;MCM6;ANAPC2;MCM3;PSMC1;PSMC4;UBE2D1;SKP2;CUL1;PSMC2;ORC5;ANAPC16;ANAPC15,T cells
prerank,Reactome_2022__Orc1 Removal From Chromatin R-HSA-68949,0.8194764351162981,1.5584134769904308,0.001,0.01407073953158702,0.263,42/69,10.17%,UBB;PSMB7;PSMB9;PSMB3;PSMD8;PSMA1;PSME2;PSMB5;UBC;PSMA2;PSMD4;PSMA5;PSMB2;PSMA3;PSMD14;RBX1;PSMA7;PSMD12;MCM5;PSMB4;UBA52;MCM7;PSMD7;PSMD6;PSMD2;ORC3;PSMD13;PSMA6;RPS27A;ORC4;PSMB6;SKP1;PSME3;PSMC6;MCM6;MCM3;PSMC1;PSMC4;SKP2;CUL1;PSMC2;ORC5,T cells
prerank,Reactome_2022__Assembly Of Pre-Replicative Complex R-HSA-68867,0.813675033461443,1.5483725074108434,0.001,0.01870057113594245,0.33,49/81,8.92%,UBB;PSMB7;PSMB9;PSMB3;PSMD8;PSMA1;PSME2;PSMB5;UBE2S;UBC;PSMA2;PSMD4;CDC26;PSMA5;PSMB2;PSMA3;PSMD14;PSMA7;KPNB1;ANAPC5;PSMD12;MCM5;ANAPC11;PSMB4;UBA52;MCM7;PSMD7;PSMD6;PSMD2;UBE2E1;ANAPC4;ORC3;PSMD13;PSMA6;UBE2C;RPS27A;ORC4;PSMB6;FZR1;KPNA1;PSME3;CDC16;PSMC6;MCM6;ANAPC2;MCM3;PSMC1;PSMC4;UBE2D1,T cells
prerank,Reactome_2022__Mitochondrial Translation Termination R-HSA-5419276,0.7979801160504312,1.5483097463280024,0.001,0.01823681291585534,0.33,47/82,7.24%,MRPS6;MRPL33;MRPL51;MRPS33;MRPS36;AURKAIP1;MRPS24;MRPL12;MRPL20;MRPL52;MRPL21;MRPL54;MRPL57;MRPS23;MRPL40;GADD45GIP1;MRPS21;MRPL48;MRPL18;MRPL24;MRPS31;MRPS26;MRPS30;MRPL37;MRPL41;MRPL15;MRPS9;MRPL4;MRPL30;MRPS18A;MRPL1;MRPS7;MRPL10;MRPL58;MRPL47;MRPS22;MRPS27;MRPL9;MTRF1L;MRPS18C;PTCD3;MRPL16;MRPL19;MRPL17;MRPS14;MRPL34;MRPS35,T cells
prerank,Reactome_2022__Mitochondrial Translation Initiation R-HSA-5368286,0.7954617776009151,1.5477620599955295,0.001,0.01812845525248004,0.332,47/82,7.24%,MRPS6;MRPL33;MRPL51;MRPS33;MRPS36;AURKAIP1;MRPS24;MRPL12;MRPL20;MRPL52;MRPL21;MRPL54;MRPL57;MRPS23;MRPL40;GADD45GIP1;MRPS21;MRPL48;MRPL18;MRPL24;MRPS31;MRPS26;MRPS30;MRPL37;MTIF3;MRPL41;MRPL15;MRPS9;MRPL4;MRPL30;MRPS18A;MRPL1;MRPS7;MRPL10;MRPL58;MRPL47;MRPS22;MRPS27;MRPL9;MRPS18C;PTCD3;MRPL16;MRPL19;MRPL17;MRPS14;MRPL34;MRPS35,T cells
prerank,Reactome_2022__Mitochondrial Translation Elongation R-HSA-5389840,0.7955684910589325,1.5460293733222847,0.001,0.018699114705168624,0.348,47/82,7.24%,MRPS6;MRPL33;MRPL51;MRPS33;MRPS36;AURKAIP1;MRPS24;MRPL12;MRPL20;MRPL52;MRPL21;MRPL54;MRPL57;TUFM;MRPS23;MRPL40;GADD45GIP1;MRPS21;MRPL48;MRPL18;MRPL24;MRPS31;MRPS26;MRPS30;MRPL37;MRPL41;MRPL15;MRPS9;MRPL4;MRPL30;MRPS18A;MRPL1;MRPS7;MRPL10;MRPL58;MRPL47;MRPS22;MRPS27;MRPL9;MRPS18C;PTCD3;MRPL16;MRPL19;MRPL17;MRPS14;MRPL34;MRPS35,T cells
prerank,Reactome_2022__Hedgehog Ligand Biogenesis R-HSA-5358346,0.8263246439441285,1.5454265766926154,0.001,0.01858476712807228,0.354,32/64,7.07%,UBB;PSMB7;PSMB9;PSMB3;PSMD8;PSMA1;PSME2;PSMB5;UBC;PSMA2;VCP;PSMD4;PSMA5;PSMB2;PSMA3;PSMD14;PSMA7;PSMD12;PSMB4;ADAM17;UBA52;ERLEC1;PSMD7;P4HB;PSMD6;PSMD2;PSMD13;PSMA6;RPS27A;PSMB6;PSME3;PSMC6,T cells
prerank,Reactome_2022__Mitochondrial Translation R-HSA-5368287,0.7904784536292366,1.5448341857638503,0.0012422360248447205,0.01860416928948436,0.36,49/88,7.24%,MRPS6;MRPL33;MRPL51;MRPS33;MRPS36;AURKAIP1;MRPS24;MRPL12;MRPL20;MRPL52;MRPL21;MRPL54;MRPL57;TUFM;MRPS23;MRPL40;GADD45GIP1;MRPS21;MRPL48;MRPL18;MRPL24;MRPS31;MRPS26;MRPS30;MRPL37;MTIF3;MRPL41;MRPL15;MRPS9;MRPL4;MRPL30;MRPS18A;MRPL1;MRPS7;MRPL10;MRPL58;MRPL47;MRPS22;MRPS27;MRPL9;MTRF1L;MRPS18C;PTCD3;MRPL16;MRPL19;MRPL17;MRPS14;MRPL34;MRPS35,T cells
prerank,Reactome_2022__AUF1 (hnRNP D0) Binds And Destabilizes mRNA R-HSA-450408,0.8410320029619099,1.544697938796629,0.001,0.01819657834723198,0.361,32/54,7.07%,UBB;PSMB7;PSMB9;PSMB3;HSPB1;PSMD8;PSMA1;PSME2;HSPA8;PSMB5;UBC;PSMA2;PSMD4;PSMA5;PSMB2;PSMA3;PSMD14;PSMA7;PSMD12;HSPA1A;HNRNPD;PSMB4;UBA52;PSMD7;PSMD6;PSMD2;PSMD13;PSMA6;RPS27A;PSMB6;PSME3;PSMC6,T cells
prerank,Reactome_2022__Cooperation Of Prefoldin And TriC/CCT In Actin And Tubulin Folding R-HSA-389958,0.8803600310299726,1.5307575057353,0.001,0.02723790352652281,0.488,15/33,6.63%,PFDN5;PFDN2;TUBA4A;CCT4;CCT8;CCT6A;PFDN4;TUBB4B;TUBA1B;CCT2;CCT5;CCT3;PFDN1;TUBA1A;VBP1,T cells
prerank,Reactome_2022__Degradation Of DVL R-HSA-4641258,0.8314021843092321,1.5298653779865439,0.0013315579227696406,0.02723137165517352,0.493,29/55,7.07%,UBB;PSMB7;PSMB9;PSMB3;PSMD8;PSMA1;PSME2;PSMB5;UBC;PSMA2;PSMD4;PSMA5;PSMB2;PSMA3;PSMD14;RBX1;PSMA7;PSMD12;PSMB4;UBA52;PSMD7;PSMD6;PSMD2;PSMD13;PSMA6;RPS27A;PSMB6;PSME3;PSMC6,T cells
prerank,Reactome_2022__GSK3B And BTRC:CUL1-mediated-degradation Of NFE2L2 R-HSA-9762114,0.840681035102688,1.5289167043664742,0.002638522427440633,0.027435989625050068,0.502,31/51,7.07%,UBB;PSMB7;PSMB9;PSMB3;PSMD8;PSMA1;PSME2;PSMB5;UBC;PSMA2;PSMD4;PSMA5;PSMB2;PSMA3;PSMD14;RBX1;PSMA7;PSMD12;PSMB4;UBA52;PSMD7;PSMD6;PSMD2;PSMD13;PSMA6;NFE2L2;RPS27A;PSMB6;SKP1;PSME3;PSMC6,T cells
prerank,Reactome_2022__APC/C-mediated Degradation Of Cell Cycle Proteins R-HSA-174143,0.7985070075754402,1.528240340145981,0.001,0.027402590070116507,0.51,53/87,11.48%,UBB;PSMB7;PSMB9;PSMB3;PSMD8;PSMA1;PSME2;PSMB5;UBE2S;UBC;PSMA2;PSMD4;CDC26;PSMA5;PSMB2;PSMA3;PTTG1;PSMD14;PSMA7;RB1;ANAPC5;PSMD12;ANAPC11;PSMB4;UBA52;PSMD7;PSMD6;PSMD2;UBE2E1;ANAPC4;PSMD13;PSMA6;UBE2C;RPS27A;PSMB6;FZR1;SKP1;PSME3;CDC16;PSMC6;ANAPC2;PSMC1;PSMC4;UBE2D1;SKP2;CUL1;PSMC2;ANAPC16;ANAPC15;CDK1;CCNB1;PSMF1;PLK1,T cells
prerank,Reactome_2022__Vif-mediated Degradation Of APOBEC3G R-HSA-180585,0.8340907294097675,1.5280808236404304,0.001,0.026943969315804932,0.511,31/53,7.42%,UBB;PSMB7;PSMB9;PSMB3;PSMD8;PSMA1;PSME2;APOBEC3G;PSMB5;UBC;PSMA2;PSMD4;PSMA5;PSMB2;PSMA3;PSMD14;RBX1;PSMA7;PSMD12;PSMB4;UBA52;PSMD7;PSMD6;PSMD2;PSMD13;PSMA6;RPS27A;PSMB6;PSME3;PSMC6;CUL5,T cells
prerank,Reactome_2022__Ubiquitin Mediated Degradation Of Phosphorylated Cdc25A R-HSA-69601,0.8349600920297717,1.5257170820460135,0.0013245033112582781,0.028571605013249478,0.539,28/51,7.07%,UBB;PSMB7;PSMB9;PSMB3;PSMD8;PSMA1;PSME2;PSMB5;UBC;PSMA2;PSMD4;PSMA5;PSMB2;PSMA3;PSMD14;PSMA7;PSMD12;PSMB4;UBA52;PSMD7;PSMD6;PSMD2;PSMD13;PSMA6;RPS27A;PSMB6;PSME3;PSMC6,T cells
prerank,Reactome_2022__CDK-mediated Phosphorylation And Removal Of Cdc6 R-HSA-69017,0.8130238691837716,1.5252548925863723,0.001,0.028301945369321506,0.542,38/72,7.37%,UBB;PSMB7;PSMB9;PSMB3;PSMD8;PSMA1;PSME2;PSMB5;UBE2S;UBC;PSMA2;PSMD4;CDC26;PSMA5;PSMB2;PSMA3;PSMD14;PSMA7;ANAPC5;PSMD12;ANAPC11;PSMB4;UBA52;PSMD7;PSMD6;PSMD2;UBE2E1;ANAPC4;PSMD13;PSMA6;UBE2C;RPS27A;PSMB6;FZR1;PSME3;CDC16;PSMC6;ANAPC2,T cells
prerank,Reactome_2022__ABC Transporter Disorders R-HSA-5619084,0.7966892513919182,1.5207527664668137,0.0025188916876574307,0.03129726945624087,0.581,32/77,7.07%,UBB;PSMB7;PSMB9;PSMB3;PSMD8;PSMA1;PSME2;PSMB5;UBC;PSMA2;VCP;PSMD4;PSMA5;PSMB2;PSMA3;PSMD14;PSMA7;PSMD12;PSMB4;UBA52;ERLEC1;DERL1;PSMD7;PSMD6;PSMD2;RNF185;PSMD13;PSMA6;RPS27A;PSMB6;PSME3;PSMC6,T cells
prerank,Reactome_2022__FBXL7 Down-Regulates AURKA During Mitotic Entry And In Early Mitosis R-HSA-8854050,0.8325209347866825,1.5197379947877496,0.001326259946949602,0.0315451702297347,0.59,30/54,7.07%,UBB;PSMB7;PSMB9;PSMB3;PSMD8;PSMA1;PSME2;PSMB5;UBC;PSMA2;PSMD4;PSMA5;PSMB2;PSMA3;PSMD14;RBX1;PSMA7;PSMD12;PSMB4;UBA52;PSMD7;PSMD6;PSMD2;PSMD13;PSMA6;RPS27A;PSMB6;SKP1;PSME3;PSMC6,T cells
prerank,Reactome_2022__Hh Mutants Abrogate Ligand Secretion R-HSA-5387390,0.8271376583141636,1.519264019244468,0.001,0.03135667976224242,0.594,30/58,7.07%,UBB;PSMB7;PSMB9;PSMB3;PSMD8;PSMA1;PSME2;PSMB5;UBC;PSMA2;VCP;PSMD4;PSMA5;PSMB2;PSMA3;PSMD14;PSMA7;PSMD12;PSMB4;UBA52;ERLEC1;PSMD7;PSMD6;PSMD2;PSMD13;PSMA6;RPS27A;PSMB6;PSME3;PSMC6,T cells
prerank,Reactome_2022__Synthesis Of DNA R-HSA-69239,0.7626192999687624,1.5188743380474303,0.0036719706242350062,0.031215087414754754,0.599,63/119,10.52%,UBB;PSMB7;PSMB9;PSMB3;PSMD8;PSMA1;PSME2;PSMB5;UBE2S;UBC;PSMA2;PSMD4;CDC26;RPA3;PSMA5;PSMB2;PSMA3;PSMD14;RBX1;PSMA7;ANAPC5;PSMD12;MCM5;ANAPC11;PRIM2;POLE4;PSMB4;UBA52;MCM7;PCNA;PSMD7;PSMD6;PSMD2;UBE2E1;ANAPC4;ORC3;PSMD13;PSMA6;UBE2C;RPS27A;ORC4;PSMB6;FZR1;RFC4;POLE2;SKP1;PSME3;CDC16;PSMC6;MCM6;ANAPC2;POLR1A;MCM3;PSMC1;PSMC4;UBE2D1;SKP2;CUL1;PSMC2;ORC5;POLA1;ANAPC16;ANAPC15,T cells
prerank,Reactome_2022__APC/C:Cdc20 Mediated Degradation Of Securin R-HSA-174154,0.8176197390264416,1.51821354574694,0.001,0.031137430722046573,0.602,38/67,7.37%,UBB;PSMB7;PSMB9;PSMB3;PSMD8;PSMA1;PSME2;PSMB5;UBE2S;UBC;PSMA2;PSMD4;CDC26;PSMA5;PSMB2;PSMA3;PTTG1;PSMD14;PSMA7;ANAPC5;PSMD12;ANAPC11;PSMB4;UBA52;PSMD7;PSMD6;PSMD2;UBE2E1;ANAPC4;PSMD13;PSMA6;UBE2C;RPS27A;PSMB6;PSME3;CDC16;PSMC6;ANAPC2,T cells
prerank,Reactome_2022__Hh Mutants Are Degraded By ERAD R-HSA-5362768,0.8286932811783435,1.5180114406359735,0.001,0.030793107789491354,0.604,30/55,7.07%,UBB;PSMB7;PSMB9;PSMB3;PSMD8;PSMA1;PSME2;PSMB5;UBC;PSMA2;VCP;PSMD4;PSMA5;PSMB2;PSMA3;PSMD14;PSMA7;PSMD12;PSMB4;UBA52;ERLEC1;PSMD7;PSMD6;PSMD2;PSMD13;PSMA6;RPS27A;PSMB6;PSME3;PSMC6,T cells
prerank,Reactome_2022__SCF-beta-TrCP Mediated Degradation Of Emi1 R-HSA-174113,0.830469792836511,1.5179149470050766,0.0013227513227513227,0.030366326120128226,0.604,30/54,7.07%,UBB;PSMB7;PSMB9;PSMB3;PSMD8;PSMA1;PSME2;PSMB5;UBC;PSMA2;PSMD4;PSMA5;PSMB2;PSMA3;PSMD14;PSMA7;PSMD12;PSMB4;UBA52;PSMD7;PSMD6;PSMD2;PSMD13;PSMA6;RPS27A;PSMB6;FZR1;SKP1;PSME3;PSMC6,T cells
prerank,Reactome_2022__Defective CFTR Causes Cystic Fibrosis R-HSA-5678895,0.814647528902969,1.5175802515359786,0.001272264631043257,0.030010007203465496,0.604,32/60,7.07%,UBB;PSMB7;PSMB9;PSMB3;PSMD8;PSMA1;PSME2;PSMB5;UBC;PSMA2;VCP;PSMD4;PSMA5;PSMB2;PSMA3;PSMD14;PSMA7;PSMD12;PSMB4;UBA52;ERLEC1;DERL1;PSMD7;PSMD6;PSMD2;RNF185;PSMD13;PSMA6;RPS27A;PSMB6;PSME3;PSMC6,T cells
prerank,Reactome_2022__Complex I Biogenesis R-HSA-6799198,0.835980859393767,1.5175523387969962,0.002680965147453083,0.029519630111417474,0.604,26/51,3.41%,NDUFA11;NDUFA6;NDUFB7;NDUFS5;NDUFA12;NDUFB11;NDUFB8;NDUFB1;NDUFA5;NDUFV2;NDUFB10;NDUFA3;NDUFB5;NDUFB6;NDUFS4;NDUFA7;COA1;NDUFAF3;NDUFB2;NDUFA13;NDUFS3;NDUFA1;NDUFS6;NDUFC2;NDUFB4;NDUFB3,T cells
prerank,Reactome_2022__Nuclear Events Mediated By NFE2L2 R-HSA-9759194,0.8027038075542363,1.5174882483567436,0.0012376237623762376,0.02906356156864825,0.604,42/78,8.42%,UBB;PRDX1;PSMB7;PSMB9;PSMB3;PSMD8;PSMA1;PSME2;PSMB5;UBC;PSMA2;PSMD4;PSMA5;PSMB2;PSMA3;TALDO1;PSMD14;RBX1;PSMA7;PSMD12;ATF4;PSMB4;UBA52;CREBBP;SQSTM1;PSMD7;PSMD6;PSMD2;IDH1;PSMD13;MYC;PSMA6;NFE2L2;RPS27A;PSMB6;SKP1;PSME3;PSMC6;TXNRD1;NOTCH1;TKT;PSMC1,T cells
prerank,Reactome_2022__APC/C:Cdh1 Mediated Degradation Of Cdc20 And APC/C:Cdh1 Targets In Late Mitosis/Early G1 R-HSA-174178,0.8125785116395812,1.516974988588511,0.001,0.02902881415466722,0.613,44/73,9.10%,UBB;PSMB7;PSMB9;PSMB3;PSMD8;PSMA1;PSME2;PSMB5;UBE2S;UBC;PSMA2;PSMD4;CDC26;PSMA5;PSMB2;PSMA3;PTTG1;PSMD14;PSMA7;RB1;ANAPC5;PSMD12;ANAPC11;PSMB4;UBA52;PSMD7;PSMD6;PSMD2;UBE2E1;ANAPC4;PSMD13;PSMA6;UBE2C;RPS27A;PSMB6;FZR1;PSME3;CDC16;PSMC6;ANAPC2;PSMC1;PSMC4;UBE2D1;SKP2,T cells
prerank,Reactome_2022__Cristae Formation R-HSA-8949613,0.8862963396863708,1.5168986066181325,0.005714285714285714,0.02861275709278382,0.614,17/29,6.36%,ATP5MG;ATP5MC3;ATP5F1B;ATP5PF;ATP5F1D;ATP5F1A;ATP5MC2;ATP5MF;ATP5PO;ATP5F1C;MICOS13;ATP5F1E;MTX2;ATP5MC1;ATP5PD;ATP5PB;ATP5ME,T cells
prerank,Reactome_2022__Regulation Of Activated PAK-2p34 By Proteasome Mediated Degradation R-HSA-211733,0.8385921631512395,1.5163754692435274,0.001349527665317139,0.02868891209054278,0.622,29/49,7.07%,UBB;PSMB7;PSMB9;PSMB3;PSMD8;PSMA1;PSME2;PSMB5;UBC;PSMA2;PSMD4;PSMA5;PSMB2;PSMA3;PSMD14;PSMA7;PSMD12;PSMB4;UBA52;PSMD7;PSMD6;PKN2;PSMD2;PSMD13;PSMA6;RPS27A;PSMB6;PSME3;PSMC6,T cells
prerank,Reactome_2022__Autodegradation Of Cdh1 By Cdh1:APC/C R-HSA-174084,0.8222845481201932,1.5133643320603611,0.003942181340341655,0.0309687247323533,0.65,38/63,7.37%,UBB;PSMB7;PSMB9;PSMB3;PSMD8;PSMA1;PSME2;PSMB5;UBE2S;UBC;PSMA2;PSMD4;CDC26;PSMA5;PSMB2;PSMA3;PSMD14;PSMA7;ANAPC5;PSMD12;ANAPC11;PSMB4;UBA52;PSMD7;PSMD6;PSMD2;UBE2E1;ANAPC4;PSMD13;PSMA6;UBE2C;RPS27A;PSMB6;FZR1;PSME3;CDC16;PSMC6;ANAPC2,T cells
prerank,Reactome_2022__Regulation Of Apoptosis R-HSA-169911,0.8277631398773551,1.5122684210746724,0.005312084993359893,0.03158662249022055,0.66,29/52,7.07%,UBB;PSMB7;PSMB9;PSMB3;PSMD8;PSMA1;PSME2;PSMB5;UBC;PSMA2;PSMD4;PSMA5;PSMB2;PSMA3;PSMD14;PSMA7;PSMD12;PSMB4;UBA52;PSMD7;PSMD6;PKN2;PSMD2;PSMD13;PSMA6;RPS27A;PSMB6;PSME3;PSMC6,T cells
prerank,Reactome_2022__APC/C:Cdc20 Mediated Degradation Of Mitotic Proteins R-HSA-176409,0.8044850052092686,1.5121660729684536,0.001,0.031206015371214077,0.664,38/75,7.37%,UBB;PSMB7;PSMB9;PSMB3;PSMD8;PSMA1;PSME2;PSMB5;UBE2S;UBC;PSMA2;PSMD4;CDC26;PSMA5;PSMB2;PSMA3;PTTG1;PSMD14;PSMA7;ANAPC5;PSMD12;ANAPC11;PSMB4;UBA52;PSMD7;PSMD6;PSMD2;UBE2E1;ANAPC4;PSMD13;PSMA6;UBE2C;RPS27A;PSMB6;PSME3;CDC16;PSMC6;ANAPC2,T cells
prerank,Reactome_2022__Regulation Of APC/C Activators Between G1/S And Early Anaphase R-HSA-176408,0.7988966159931725,1.5100731792173632,0.001,0.032847513637536525,0.689,50/80,11.48%,UBB;PSMB7;PSMB9;PSMB3;PSMD8;PSMA1;PSME2;PSMB5;UBE2S;UBC;PSMA2;PSMD4;CDC26;PSMA5;PSMB2;PSMA3;PSMD14;PSMA7;ANAPC5;PSMD12;ANAPC11;PSMB4;UBA52;PSMD7;PSMD6;PSMD2;UBE2E1;ANAPC4;PSMD13;PSMA6;UBE2C;RPS27A;PSMB6;FZR1;SKP1;PSME3;CDC16;PSMC6;ANAPC2;PSMC1;PSMC4;UBE2D1;CUL1;PSMC2;ANAPC16;ANAPC15;CDK1;CCNB1;PSMF1;PLK1,T cells
prerank,Reactome_2022__Activation Of APC/C And APC/C:Cdc20 Mediated Degradation Of Mitotic Proteins R-HSA-176814,0.8015954089679443,1.509434032721649,0.001,0.03299843771500345,0.694,38/76,7.37%,UBB;PSMB7;PSMB9;PSMB3;PSMD8;PSMA1;PSME2;PSMB5;UBE2S;UBC;PSMA2;PSMD4;CDC26;PSMA5;PSMB2;PSMA3;PTTG1;PSMD14;PSMA7;ANAPC5;PSMD12;ANAPC11;PSMB4;UBA52;PSMD7;PSMD6;PSMD2;UBE2E1;ANAPC4;PSMD13;PSMA6;UBE2C;RPS27A;PSMB6;PSME3;CDC16;PSMC6;ANAPC2,T cells
prerank,Reactome_2022__Hedgehog Off State R-HSA-5610787,0.7743231117110103,1.5090703960727916,0.0024479804161566705,0.0328950721038175,0.699,43/98,9.76%,UBB;PSMB7;PSMB9;PSMB3;PSMD8;PSMA1;PSME2;PSMB5;UBC;PSMA2;PSMD4;PSMA5;PSMB2;PSMA3;PSMD14;RBX1;PSMA7;PSMD12;PSMB4;UBA52;PRKCA;PSMD7;PSMD6;PSMD2;OFD1;PSMD13;PSMA6;RPS27A;PSMB6;ITCH;SKP1;PSME3;PSMC6;IFT57;PTCH1;ADCY9;KIF3A;GNAS;PSMC1;PSMC4;CUL1;CSNK1A1;PSMC2,T cells
prerank,Reactome_2022__Negative Regulation Of NOTCH4 Signaling R-HSA-9604323,0.8279863005463005,1.50881174615871,0.0013297872340425532,0.032640694256860836,0.7,32/53,7.33%,UBB;PSMB7;PSMB9;PSMB3;PSMD8;PSMA1;PSME2;PSMB5;UBC;PSMA2;PSMD4;PSMA5;PSMB2;PSMA3;PSMD14;RBX1;PSMA7;YWHAZ;PSMD12;PSMB4;UBA52;PSMD7;PSMD6;PSMD2;PSMD13;PSMA6;RPS27A;PSMB6;SKP1;PSME3;PSMC6;TACC3,T cells
prerank,MSigDB_Hallmark_2020__Myc Targets V1,0.7254656989493221,1.507092253841297,0.001,0.031045437042741625,0.059,93/196,5.57%,EIF4G2;NPM1;DEK;EIF4A1;RACK1;SNRPG;RPLP0;PSMB3;PSMD8;PSMA1;DUT;SNRPD2;UBE2L3;HSP90AB1;RPS10;CCT4;PSMA2;C1QBP;HSPE1;PPIA;HNRNPA2B1;DDX21;EIF4E;PSMB2;SLC25A3;RPS2;PHB;COPS5;YWHAQ;RPS6;ACP1;LDHA;NHP2;HPRT1;PSMD14;APEX1;PHB2;TUFM;PSMA7;SNRPD3;EEF1B2;CYC1;RPL18;CBX3;PRPF31;RPS5;RPL14;HDAC2;NME1;KPNB1;PGK1;XRCC6;HSPD1;RPL34;SET;TRIM28;PRDX3;MCM5;CANX;XPO1;EIF2S1;RANBP1;SERBP1;PRDX4;SRSF2;HNRNPR;HNRNPD;G3BP1;CCT2;USP1;FBL;MCM7;PCNA;CCT5;KPNA2;SSB;AP3S1;ODC1;CCT3;EXOSC7;NCBP2;VDAC3;PSMD7;AIMP2;COX5A;TOMM70;UBE2E1;XPOT;SSBP1;MRPL9;SRPK1;MYC;PSMA6,T cells
prerank,Reactome_2022__Cdc20:Phospho-APC/C Mediated Degradation Of Cyclin A R-HSA-174184,0.8061809146746853,1.507082189606011,0.001,0.03377483477614985,0.723,37/72,7.37%,UBB;PSMB7;PSMB9;PSMB3;PSMD8;PSMA1;PSME2;PSMB5;UBE2S;UBC;PSMA2;PSMD4;CDC26;PSMA5;PSMB2;PSMA3;PSMD14;PSMA7;ANAPC5;PSMD12;ANAPC11;PSMB4;UBA52;PSMD7;PSMD6;PSMD2;UBE2E1;ANAPC4;PSMD13;PSMA6;UBE2C;RPS27A;PSMB6;PSME3;CDC16;PSMC6;ANAPC2,T cells
prerank,Reactome_2022__Vpu Mediated Degradation Of CD4 R-HSA-180534,0.8278524788627412,1.5067285369218388,0.0026595744680851063,0.033500335182650796,0.724,29/51,7.07%,UBB;PSMB7;PSMB9;PSMB3;PSMD8;PSMA1;PSME2;PSMB5;UBC;PSMA2;PSMD4;PSMA5;PSMB2;PSMA3;PSMD14;PSMA7;PSMD12;PSMB4;UBA52;PSMD7;PSMD6;PSMD2;PSMD13;PSMA6;RPS27A;PSMB6;SKP1;PSME3;PSMC6,T cells
prerank,Reactome_2022__APC:Cdc20 Mediated Degradation Of Cell Cycle Proteins Before Cycle Checkpoint Satisfied R-HSA-179419,0.8044512092182626,1.5063572614982315,0.001,0.03339575813279494,0.729,37/73,7.37%,UBB;PSMB7;PSMB9;PSMB3;PSMD8;PSMA1;PSME2;PSMB5;UBE2S;UBC;PSMA2;PSMD4;CDC26;PSMA5;PSMB2;PSMA3;PSMD14;PSMA7;ANAPC5;PSMD12;ANAPC11;PSMB4;UBA52;PSMD7;PSMD6;PSMD2;UBE2E1;ANAPC4;PSMD13;PSMA6;UBE2C;RPS27A;PSMB6;PSME3;CDC16;PSMC6;ANAPC2,T cells
prerank,Reactome_2022__Degradation Of GLI1 By Proteasome R-HSA-5610780,0.8094393749589817,1.5022975857415817,0.0013003901170351106,0.03652728380758853,0.756,32/59,7.07%,UBB;PSMB7;PSMB9;PSMB3;PSMD8;PSMA1;PSME2;PSMB5;UBC;PSMA2;PSMD4;PSMA5;PSMB2;PSMA3;PSMD14;RBX1;PSMA7;PSMD12;PSMB4;UBA52;PRKCA;PSMD7;PSMD6;PSMD2;PSMD13;PSMA6;RPS27A;PSMB6;ITCH;SKP1;PSME3;PSMC6,T cells
prerank,Reactome_2022__Host Interactions Of HIV Factors R-HSA-162909,0.7520819662826196,1.5012144899989297,0.0011961722488038277,0.03707490177854759,0.763,70/130,10.20%,LCK;NPM1;UBB;PSMB7;SLC25A5;PSMB9;PSMB3;PSMD8;PSMA1;PSME2;CD8B;APOBEC3G;PSMB5;UBC;PSMA2;AP1S2;PPIA;PSMD4;AP1G1;PSMA5;PSMB2;PSMA3;TPR;PSMD14;RBX1;PSMA7;NUP210;KPNB1;PSMD12;AP2A2;XPO1;RANBP1;PSMB4;UBA52;CCNT1;SLC25A6;NUP88;PSMD7;PSMD6;PKN2;NUP214;PSMD2;AP2B1;NDC1;HLA-A;PSMD13;PSMA6;RPS27A;PSMB6;KPNA1;SKP1;NUP205;PSME3;PSMC6;RANGAP1;CUL5;NUP37;NUP107;NUP133;SLC25A4;PSMC1;NUP54;PSMC4;AP1M1;NUP188;RCC1;PSMC2;ELOC;AP1M2;POM121,T cells
prerank,Reactome_2022__Oxygen-dependent Proline Hydroxylation Of Hypoxia-inducible Factor Alpha R-HSA-1234176,0.7975159585263744,1.5008427817595287,0.002583979328165375,0.03701250521802678,0.765,35/64,9.78%,UBB;PSMB7;PSMB9;PSMB3;PSMD8;PSMA1;PSME2;PSMB5;UBC;PSMA2;PSMD4;PSMA5;PSMB2;PSMA3;PSMD14;RBX1;PSMA7;PSMD12;PSMB4;UBA52;PSMD7;PSMD6;PSMD2;PSMD13;PSMA6;RPS27A;PSMB6;PSME3;PSMC6;PSMC1;PSMC4;UBE2D1;HIF1A;PSMC2;ELOC,T cells
prerank,Reactome_2022__DNA Replication R-HSA-69306,0.7497699949960165,1.49785140244833,0.004860267314702308,0.038967278220883604,0.793,65/126,10.52%,UBB;PSMB7;PSMB9;PSMB3;PSMD8;PSMA1;PSME2;PSMB5;UBE2S;UBC;PSMA2;PSMD4;CDC26;RPA3;PSMA5;PSMB2;PSMA3;PSMD14;RBX1;PSMA7;KPNB1;ANAPC5;PSMD12;MCM5;ANAPC11;PRIM2;POLE4;PSMB4;UBA52;MCM7;PCNA;PSMD7;PSMD6;PSMD2;UBE2E1;ANAPC4;ORC3;PSMD13;PSMA6;UBE2C;RPS27A;ORC4;PSMB6;FZR1;KPNA1;RFC4;POLE2;SKP1;PSME3;CDC16;PSMC6;MCM6;ANAPC2;POLR1A;MCM3;PSMC1;PSMC4;UBE2D1;SKP2;CUL1;PSMC2;ORC5;POLA1;ANAPC16;ANAPC15,T cells
prerank,Reactome_2022__Degradation Of GLI2 By Proteasome R-HSA-5610783,0.8065805725282286,1.49701183136754,0.001287001287001287,0.03942109972204691,0.801,31/59,7.07%,UBB;PSMB7;PSMB9;PSMB3;PSMD8;PSMA1;PSME2;PSMB5;UBC;PSMA2;PSMD4;PSMA5;PSMB2;PSMA3;PSMD14;RBX1;PSMA7;PSMD12;PSMB4;UBA52;PRKCA;PSMD7;PSMD6;PSMD2;PSMD13;PSMA6;RPS27A;PSMB6;SKP1;PSME3;PSMC6,T cells
prerank,Reactome_2022__Disorders Of Transmembrane Transporters R-HSA-5619115,0.7266029471004527,1.4951183509098287,0.0011547344110854503,0.04100940342446057,0.815,60/176,10.22%,UBB;PSMB7;SLC12A1;PSMB9;PSMB3;PSMD8;PSMA1;PSME2;PSMB5;UBC;PSMA2;VCP;PSMD4;PSMA5;PSMB2;PSMA3;TPR;PSMD14;PSMA7;NUP210;PSMD12;PSMB4;UBA52;BSG;ERLEC1;NUP88;DERL1;PSMD7;PSMD6;NUP214;PSMD2;NDC1;RNF185;PSMD13;PSMA6;SLC4A4;RPS27A;SLC3A2;PSMB6;SLC39A4;SLC11A2;NUP205;PSME3;PSMC6;NUP37;SLC35A3;SLC3A1;NUP107;NUP133;PSMC1;NUP54;PSMC4;NUP188;SLC24A1;MAP4K2;PSMC2;AVPR2;SLC4A1;POM121;SLC35A1,T cells
prerank,Reactome_2022__NIK To Noncanonical NF-kB Signaling R-HSA-5676590,0.802420565633107,1.4938398789004927,0.0038809831824062097,0.0420595361019715,0.823,37/58,9.80%,UBB;PSMB7;PSMB9;PSMB3;PSMD8;PSMA1;PSME2;PSMB5;UBC;PSMA2;PSMD4;PSMA5;PSMB2;PSMA3;PSMD14;UBA3;PSMA7;PSMD12;PSMB4;UBA52;PSMD7;PSMD6;PSMD2;FBXW11;PSMD13;PSMA6;RPS27A;PSMB6;SKP1;PSME3;PSMC6;CHUK;PSMC1;PSMC4;CUL1;PSMC2;NFKB2,T cells
prerank,"Reactome_2022__Sensory Perception Of Sweet, Bitter, And Umami (Glutamate) Taste R-HSA-9717207",-0.7156125574417407,-1.4936225251352069,0.03470031545741325,1.0,0.991,7/41,15.22%,ITPR3;GNB1;PLCB2;TAS2R30;SCN1B;TAS2R46;SCN2A,T cells
prerank,Reactome_2022__GLI3 Is Processed To GLI3R By Proteasome R-HSA-5610785,0.8061083607612609,1.4929232004037987,0.0012953367875647669,0.04244506771230506,0.834,31/59,7.07%,UBB;PSMB7;PSMB9;PSMB3;PSMD8;PSMA1;PSME2;PSMB5;UBC;PSMA2;PSMD4;PSMA5;PSMB2;PSMA3;PSMD14;RBX1;PSMA7;PSMD12;PSMB4;UBA52;PRKCA;PSMD7;PSMD6;PSMD2;PSMD13;PSMA6;RPS27A;PSMB6;SKP1;PSME3;PSMC6,T cells
prerank,Reactome_2022__DNA Replication Pre-Initiation R-HSA-69002,0.7727446599106123,1.491705598321924,0.0037593984962406013,0.04320235470295162,0.84,59/98,10.52%,UBB;PSMB7;PSMB9;PSMB3;PSMD8;PSMA1;PSME2;PSMB5;UBE2S;UBC;PSMA2;PSMD4;CDC26;RPA3;PSMA5;PSMB2;PSMA3;PSMD14;PSMA7;KPNB1;ANAPC5;PSMD12;MCM5;ANAPC11;PRIM2;POLE4;PSMB4;UBA52;MCM7;PSMD7;PSMD6;PSMD2;UBE2E1;ANAPC4;ORC3;PSMD13;PSMA6;UBE2C;RPS27A;ORC4;PSMB6;FZR1;KPNA1;POLE2;PSME3;CDC16;PSMC6;MCM6;ANAPC2;POLR1A;MCM3;PSMC1;PSMC4;UBE2D1;PSMC2;ORC5;POLA1;ANAPC16;ANAPC15,T cells
prerank,Reactome_2022__Ubiquitin-dependent Degradation Of Cyclin D R-HSA-75815,0.8154280761199951,1.486492966115416,0.005221932114882507,0.048992576495678085,0.873,28/51,7.07%,UBB;PSMB7;PSMB9;PSMB3;PSMD8;PSMA1;PSME2;PSMB5;UBC;PSMA2;PSMD4;PSMA5;PSMB2;PSMA3;PSMD14;PSMA7;PSMD12;PSMB4;UBA52;PSMD7;PSMD6;PSMD2;PSMD13;PSMA6;RPS27A;PSMB6;PSME3;PSMC6,T cells
prerank,Reactome_2022__Dectin-1 Mediated Noncanonical NF-kB Signaling R-HSA-5607761,0.7906899300673894,1.4838052540491973,0.005115089514066497,0.05164260785529279,0.887,37/61,9.80%,UBB;PSMB7;PSMB9;PSMB3;PSMD8;PSMA1;PSME2;PSMB5;UBC;PSMA2;PSMD4;PSMA5;PSMB2;PSMA3;PSMD14;UBA3;PSMA7;PSMD12;PSMB4;UBA52;PSMD7;PSMD6;PSMD2;FBXW11;PSMD13;PSMA6;RPS27A;PSMB6;SKP1;PSME3;PSMC6;CHUK;PSMC1;PSMC4;CUL1;PSMC2;NFKB2,T cells
prerank,Reactome_2022__Prefoldin Mediated Transfer Of Substrate To CCT/TriC R-HSA-389957,0.8815839849432698,1.4816420197219844,0.001,0.05397669523641487,0.897,14/28,6.63%,PFDN5;PFDN2;TUBA4A;CCT4;CCT8;CCT6A;PFDN4;TUBB4B;CCT2;CCT5;CCT3;PFDN1;TUBA1A;VBP1,T cells
prerank,Reactome_2022__Cellular Response To Hypoxia R-HSA-1234174,0.7760489340660383,1.4804978148109837,0.0038314176245210726,0.05495316532549053,0.9,37/73,9.78%,UBB;PSMB7;PSMB9;PSMB3;PSMD8;PSMA1;PSME2;PSMB5;UBC;PSMA2;PSMD4;PSMA5;PSMB2;PSMA3;PSMD14;RBX1;PSMA7;PSMD12;PSMB4;UBA52;CREBBP;PSMD7;PSMD6;PSMD2;PSMD13;PSMA6;RPS27A;PSMB6;PSME3;PSMC6;VEGFA;PSMC1;PSMC4;UBE2D1;HIF1A;PSMC2;ELOC,T cells
prerank,Reactome_2022__SCF(Skp2)-mediated Degradation Of P27/P21 R-HSA-187577,0.8022281482795929,1.4804213544037863,0.005221932114882507,0.05437107187451396,0.9,36/59,9.76%,UBB;PSMB7;PSMB9;PSMB3;PSMD8;PSMA1;PSME2;CKS1B;PSMB5;UBC;PSMA2;PSMD4;PSMA5;PSMB2;PSMA3;PSMD14;PSMA7;PSMD12;PSMB4;UBA52;PSMD7;PSMD6;PSMD2;PSMD13;PSMA6;RPS27A;PSMB6;SKP1;PSME3;PSMC6;CCND1;PSMC1;PSMC4;SKP2;CUL1;PSMC2,T cells
prerank,Reactome_2022__Cross-presentation Of Soluble Exogenous Antigens (Endosomes) R-HSA-1236978,0.8204324379812946,1.4789711660627707,0.002702702702702703,0.05578626374249613,0.909,24/48,7.07%,PSMB7;PSMB9;PSMB3;PSMD8;PSMA1;PSME2;PSMB5;PSMA2;PSMD4;PSMA5;PSMB2;PSMA3;PSMD14;PSMA7;PSMD12;PSMB4;PSMD7;PSMD6;PSMD2;PSMD13;PSMA6;PSMB6;PSME3;PSMC6,T cells
prerank,Reactome_2022__Downstream Signaling Events Of B Cell Receptor (BCR) R-HSA-1168372,0.7740160119748867,1.4783652489829926,0.008827238335435058,0.05601923687861286,0.911,37/79,7.07%,UBB;PRKCB;PSMB7;PSMB9;PSMB3;PSMD8;PSMA1;PSME2;PSMB5;UBC;PSMA2;PPIA;PSMD4;PSMA5;PSMB2;PSMA3;PSMD14;PSMA7;NFATC2;PSMD12;CALM1;MALT1;PSMB4;UBA52;NFATC1;PSMD7;PSMD6;PSMD2;FBXW11;NFKB1;PSMD13;PSMA6;RPS27A;PSMB6;SKP1;PSME3;PSMC6,T cells
prerank,Reactome_2022__Metabolism Of Polyamines R-HSA-351202,0.8068651526488179,1.478164800329429,0.0027210884353741495,0.05566025305771615,0.911,26/58,7.07%,PSMB7;PSMB9;PSMB3;PSMD8;PSMA1;PSME2;SLC38A1;PSMB5;PSMA2;PSMD4;PSMA5;PSMB2;PSMA3;PSMD14;PSMA7;PSMD12;OAZ1;PSMB4;PSMD7;PSMD6;PSMD2;PSMD13;PSMA6;PSMB6;PSME3;PSMC6,T cells
prerank,Reactome_2022__Degradation Of Beta-Catenin By Destruction Complex R-HSA-195253,0.7690502944386397,1.4760866165411772,0.006257822277847309,0.05760679857234075,0.919,46/84,10.15%,UBB;PSMB7;PSMB9;PSMB3;PSMD8;PSMA1;PSME2;PSMB5;UBC;PSMA2;PSMD4;PSMA5;PSMB2;PSMA3;PSMD14;RBX1;PSMA7;PSMD12;PSMB4;UBA52;HDAC1;PPP2CB;PSMD7;PSMD6;PSMD2;PPP2R5C;CTBP1;PPP2R1B;TCF7L2;PSMD13;MYC;PSMA6;TLE1;RPS27A;PSMB6;SKP1;PSME3;PSMC6;PPP2R5A;PSMC1;PSMC4;TLE4;CUL1;CSNK1A1;PSMC2;PPP2R5B,T cells
prerank,Reactome_2022__Regulation Of RAS By GAPs R-HSA-5658442,0.7903432983308378,1.4751623633903266,0.00648508430609598,0.05817554418360317,0.925,30/65,7.07%,UBB;PSMB7;PSMB9;PSMB3;PSMD8;PSMA1;PSME2;PSMB5;UBC;PSMA2;PSMD4;RASA2;PSMA5;PSMB2;PSMA3;PSMD14;RBX1;PSMA7;PSMD12;PSMB4;UBA52;PSMD7;PSMD6;PSMD2;PSMD13;PSMA6;RPS27A;PSMB6;PSME3;PSMC6,T cells
prerank,Reactome_2022__TNFR2 Non-Canonical NF-kB Pathway R-HSA-5668541,0.755344105555516,1.474422271035899,0.002472187886279357,0.05855822664634939,0.928,50/100,9.92%,UBB;PSMB7;PSMB9;LTB;PSMB3;PSMD8;PSMA1;PSME2;CD27;PSMB5;UBC;PSMA2;PSMD4;TNFSF14;PSMA5;PSMB2;PSMA3;PSMD14;UBA3;PSMA7;TNFSF12;TANK;PSMD12;PSMB4;UBA52;BIRC3;PSMD7;PSMD6;PSMD2;FBXW11;TNFRSF25;TNFRSF9;TRAF3;PSMD13;PSMA6;RPS27A;PSMB6;SKP1;PSME3;PSMC6;CD70;TNF;TNFRSF14;CHUK;PSMC1;PSMC4;CUL1;PSMC2;NFKB2;TNFRSF11B,T cells
prerank,Reactome_2022__Mitochondrial Protein Import R-HSA-1268020,0.7876171010517318,1.4725227369264982,0.008053691275167786,0.06053793956912769,0.936,29/64,8.19%,ATP5F1B;TOMM20;CHCHD2;ATP5F1A;NDUFB8;TOMM22;TIMM10;COA4;TOMM5;TIMM13;COX17;CMC2;HSPD1;CHCHD7;CHCHD10;PMPCA;SLC25A6;PMPCB;MTX2;TOMM6;SLC25A13;TOMM70;ATP5MC1;CS;COA6;TIMM17A;GRPEL1;SLC25A4;TIMM17B,T cells
prerank,Reactome_2022__Organelle Biogenesis And Maintenance R-HSA-1852241,0.6911201330733444,1.4683469408570966,0.001,0.06593614722671927,0.946,113/269,12.35%,ATP5MG;ATP5MC3;DYNLL1;ATP5F1B;ATP5PF;ATP5F1D;DYNLRB1;ATP5F1A;ATP5MC2;ATP5MF;ATP5PO;AKAP9;TUBA4A;SCLT1;CYCS;CCT4;CDK5RAP2;CCT8;CREB1;ATP5F1C;DCTN1;NCOA1;IQCB1;TUBB4B;CALM1;MICOS13;PCM1;ARL3;ATP5F1E;CEP63;CEP57;CCT2;CCT5;EXOC7;CREBBP;GLUD1;MTX2;SSNA1;CCT3;PRKCA;NCOR1;NCOA2;TTBK2;IFT43;CHD9;EXOC4;CKAP5;ESRRA;CRTC3;MTERF1;ATP5MC1;CYS1;NDE1;PRKAA2;SSBP1;OFD1;PRKD2;TFB1M;SEPTIN2;ATP5PD;EXOC8;IFT74;RXRA;TUBA1A;ATP5PB;ATP5ME;PRKAG1;TBL1XR1;UNC119B;ACTR1A;NCOA6;DCTN3;HSPB11;CENPJ;HDAC3;CEP290;IFT57;HAUS2;PPARGC1A;RAB8A;AHI1;EXOC2;KIF3A;DMAC2L;TBL1X;DNAJC11;CCP110;CEP83;MKKS;MBD4;TNPO1;CEP89;ACSS2;SFI1;HELZ2;HAUS8;CEP164;RAB11A;SAMM50;IFT20;CDK1;RAB3IP;POLG2;PLK1;TMEM11;TMEM216;MEF2C;PPRC1;GABPA;SIRT5;CHCHD3;CEP162;DCTN2,T cells
prerank,Reactome_2022__Regulation Of Ornithine Decarboxylase (ODC) R-HSA-350562,0.811123387605826,1.467274672601906,0.006720430107526882,0.06696699040365685,0.953,25/50,7.07%,PSMB7;PSMB9;PSMB3;PSMD8;PSMA1;PSME2;PSMB5;PSMA2;PSMD4;PSMA5;PSMB2;PSMA3;PSMD14;PSMA7;PSMD12;OAZ1;PSMB4;PSMD7;PSMD6;PSMD2;PSMD13;PSMA6;PSMB6;PSME3;PSMC6,T cells
prerank,Reactome_2022__Signaling By NOTCH4 R-HSA-9013694,0.7625089529867809,1.466014848115761,0.0038071065989847717,0.06816546464019105,0.958,39/80,7.46%,UBB;PSMB7;PSMB9;PSMB3;PSMD8;PSMA1;PSME2;PSMB5;UBC;PSMA2;PSMD4;PSMA5;PSMB2;PSMA3;PSMD14;RBX1;PSMA7;SNW1;YWHAZ;PSMD12;PSEN1;ADAM10;PSMB4;UBA52;CREBBP;PSMD7;PSMD6;PSENEN;PSMD2;PSMD13;PSMA6;JAG1;RPS27A;PSMB6;SKP1;PSME3;PSMC6;TACC3;NOTCH1,T cells
prerank,Reactome_2022__Degradation Of AXIN R-HSA-4641257,0.8018091534082747,1.4627319560034309,0.007905138339920948,0.07230881561282346,0.968,30/54,7.34%,UBB;PSMB7;PSMB9;PSMB3;PSMD8;PSMA1;PSME2;PSMB5;UBC;PSMA2;PSMD4;PSMA5;PSMB2;PSMA3;PSMD14;PSMA7;PSMD12;TNKS;PSMB4;UBA52;PSMD7;PSMD6;PSMD2;PSMD13;PSMA6;RPS27A;PSMB6;PSME3;PSMC6;TNKS2,T cells
prerank,Reactome_2022__Regulation Of RUNX2 Expression And Activity R-HSA-8939902,0.7712987134534156,1.4602516687002125,0.008939974457215836,0.07566084312923001,0.974,39/72,9.76%,UBB;PSMB7;PSMB9;PSMB3;PSMD8;PSMA1;PSME2;PSMB5;UBC;PSMA2;PSMD4;PSMA5;PSMB2;PSMA3;PSMD14;RBX1;PSMA7;STAT1;PSMD12;HIVEP3;PSMB4;UBA52;PSMD7;PSMD6;PSMD2;ESRRA;PSMD13;PSMA6;RPS27A;PSMB6;SKP1;PSME3;PSMC6;PPARGC1A;PSMC1;PSMC4;SKP2;CUL1;PSMC2,T cells
prerank,Reactome_2022__Asymmetric Localization Of PCP Proteins R-HSA-4608870,0.785224352263625,1.4551031241315855,0.010309278350515464,0.08412984979166933,0.985,29/62,7.61%,UBB;PSMB7;PSMB9;PSMB3;PSMD8;PSMA1;PSME2;PSMB5;UBC;PSMA2;PSMD4;PSMA5;PSMB2;PSMA3;PSMD14;PSMA7;PSMD12;PSMB4;UBA52;PSMD7;PSMD6;PSMD2;PSMD13;PSMA6;RPS27A;PSMB6;PSME3;PSMC6;FZD4,T cells
prerank,Reactome_2022__Cardiac Conduction R-HSA-5576891,0.7276589701835087,1.4549145756301467,0.003667481662591687,0.0836170073499594,0.985,9/125,4.70%,FXYD2;ATP1B1;AKAP9;ATP1B3;CALM1;RANGRF;PRKCA;FXYD4;ATP2B4,T cells
prerank,Reactome_2022__Activation Of NF-kappaB In B Cells R-HSA-1169091,0.7781223199291382,1.4534295934746437,0.01668806161745828,0.08561842484939897,0.985,33/66,7.07%,UBB;PRKCB;PSMB7;PSMB9;PSMB3;PSMD8;PSMA1;PSME2;PSMB5;UBC;PSMA2;PSMD4;PSMA5;PSMB2;PSMA3;PSMD14;PSMA7;PSMD12;MALT1;PSMB4;UBA52;PSMD7;PSMD6;PSMD2;FBXW11;NFKB1;PSMD13;PSMA6;RPS27A;PSMB6;SKP1;PSME3;PSMC6,T cells
prerank,Reactome_2022__Formation Of ATP By Chemiosmotic Coupling R-HSA-163210,0.9299540226019509,1.448286884076265,0.003067484662576687,0.09479045360461238,0.992,15/16,6.36%,ATP5MG;ATP5MC3;ATP5F1B;ATP5PF;ATP5F1D;ATP5F1A;ATP5MC2;ATP5MF;ATP5PO;ATP5F1C;ATP5F1E;ATP5MC1;ATP5PD;ATP5PB;ATP5ME,T cells
prerank,Reactome_2022__FCERI Mediated NF-kB Activation R-HSA-2871837,0.7637560551696007,1.4481510773107928,0.013888888888888888,0.09422098808434558,0.992,43/77,9.80%,UBB;PSMB7;PSMB9;PSMB3;PSMD8;PSMA1;PSME2;PSMB5;UBC;PSMA2;RASGRP2;PSMD4;PSMA5;PSMB2;PSMA3;LYN;PSMD14;PSMA7;PSMD12;MALT1;PSMB4;UBA52;PSMD7;PSMD6;UBE2N;PSMD2;FBXW11;PRKCQ;NFKB1;PSMD13;PSMA6;RPS27A;PSMB6;SKP1;PSME3;PSMC6;CHUK;PSMC1;PSMC4;UBE2D1;CUL1;PSMC2;TRAF6,T cells
prerank,Reactome_2022__Downstream TCR Signaling R-HSA-202424,0.7505128662329092,1.4447362377146227,0.011152416356877323,0.1005600256712156,0.995,52/91,9.80%,CD3D;LCK;UBB;HLA-DRB1;PSMB7;HLA-DPA1;PSMB9;PSMB3;PSMD8;PSMA1;PSME2;CD3E;PSMB5;UBC;PSMA2;PSMD4;PSMA5;PSMB2;PSMA3;TRAT1;PSMD14;PSMA7;HLA-DRA;PSMD12;MALT1;PSMB4;PIK3CA;UBA52;HLA-DQA1;PSMD7;PSMD6;UBE2N;PSMD2;FBXW11;PRKCQ;NFKB1;PSMD13;PSMA6;RPS27A;PSMB6;SKP1;PSME3;PSMC6;CHUK;PSMC1;PSMC4;UBE2D1;CUL1;HLA-DQA2;PIK3R2;PSMC2;TRAF6,T cells
prerank,Reactome_2022__Ion Transport By P-type ATPases R-HSA-936837,0.7850366880368426,1.4352217523572741,0.017496635262449527,0.12113601902962264,1.0,14/52,9.53%,FXYD2;ATP1B1;ATP11B;ATP1B3;ATP2C1;CALM1;FXYD4;ATP11C;ATP2B4;ATP8B2;CAMK2D;ATP2A2;ATP9B;SRI,T cells
prerank,Reactome_2022__HIV Infection R-HSA-162906,0.6924227749799531,1.4347831245874396,0.0011160714285714285,0.12113202803434399,1.0,104/227,9.78%,LCK;NPM1;UBB;TAF10;XRCC5;PSMB7;SLC25A5;PSMB9;PSMB3;PSMD8;PSMA1;PSME2;POLR2K;CD8B;APOBEC3G;PSMB5;UBC;PSMA2;VPS4B;AP1S2;PPIA;PSMD4;AP1G1;PSMA5;PSMB2;PSMA3;TPR;PSMD14;VPS28;RBX1;PSMA7;NUP210;KPNB1;XRCC6;PSMD12;NELFB;AP2A2;XPO1;POLR2C;RANBP1;PSMB4;UBA52;TAF9;CCNT1;POLR2I;TAF1;GTF2F1;SLC25A6;NUP88;GTF2A2;NCBP2;TAF11;PSMD7;VPS37B;PSMD6;PKN2;TCEA1;NUP214;GTF2H2;PSMD2;GTF2H4;CHMP5;AP2B1;NDC1;NMT1;NEDD4L;HLA-A;XRCC4;POLR2L;PSMD13;PSMA6;ELOA;RPS27A;PSMB6;CHMP2B;TAF2;MVB12B;KPNA1;SUPT4H1;SKP1;TSG101;NUP205;PSME3;PSMC6;RANGAP1;CUL5;CCNK;NUP37;NUP107;NUP133;SLC25A4;PSMC1;TAF9B;CCNT2;NUP54;PSMC4;AP1M1;NUP188;POLR2G;ERCC3;RCC1;SUPT16H;PSMC2;ELOC,T cells
prerank,Reactome_2022__Ion Homeostasis R-HSA-5578775,0.7838159882794284,1.431186857120658,0.009370816599732263,0.12873229784217913,1.0,7/49,4.70%,FXYD2;ATP1B1;ATP1B3;CALM1;PRKCA;FXYD4;ATP2B4,T cells
prerank,Reactome_2022__TCR Signaling R-HSA-202403,0.7247541087109237,1.430486672177683,0.01542111506524318,0.12943981736264307,1.0,61/113,9.80%,CD3D;LCK;UBB;HLA-DRB1;PSMB7;HLA-DPA1;PSMB9;PSMB3;PSMD8;PSMA1;PSME2;CD3E;PSMB5;PTPRC;UBC;PSMA2;ITK;PSMD4;FYB1;PSMA5;PSMB2;PSMA3;TRAT1;PSMD14;PSMA7;HLA-DRA;PSMD12;MALT1;PSMB4;PIK3CA;UBA52;HLA-DQA1;GRAP2;PSMD7;PSMD6;PKN2;UBE2N;PSMD2;FBXW11;PLCG2;PRKCQ;NFKB1;PSMD13;PSMA6;RPS27A;PSMB6;SKP1;PSME3;PSMC6;LCP2;CHUK;PSMC1;ARHGEF7;PSMC4;UBE2D1;PLCG1;CUL1;HLA-DQA2;PIK3R2;PSMC2;TRAF6,T cells
prerank,Reactome_2022__Regulation Of mRNA Stability By Proteins That Bind AU-rich Elements R-HSA-450531,0.7441627844359232,1.430166023349841,0.007741935483870968,0.12911550096133725,1.0,42/88,7.54%,UBB;PSMB7;PSMB9;PSMB3;HSPB1;PSMD8;PSMA1;PSME2;YWHAB;HSPA8;PSMB5;UBC;PSMA2;PSMD4;PSMA5;PSMB2;PSMA3;PSMD14;PSMA7;YWHAZ;PSMD12;SET;HSPA1A;XPO1;HNRNPD;PSMB4;UBA52;DIS3;EXOSC7;PRKCA;PSMD7;PSMD6;NUP214;PSMD2;PSMD13;PSMA6;RPS27A;PSMB6;EXOSC4;PSME3;PSMC6;EXOSC3,T cells
prerank,Reactome_2022__Regulation Of PTEN Stability And Activity R-HSA-8948751,0.7701953913667892,1.4272835717367993,0.01171875,0.1349917136568058,1.0,34/67,8.90%,UBB;PSMB7;PSMB9;PSMB3;PSMD8;PSMA1;PSME2;CSNK2B;PSMB5;UBC;PSMA2;PSMD4;PSMA5;PSMB2;PSMA3;PSMD14;PSMA7;PSMD12;TNKS;PSMB4;UBA52;PSMD7;PSMD6;PSMD2;PSMD13;PSMA6;RPS27A;PSMB6;PSME3;PSMC6;TNKS2;WWP2;PSMC1;PSMC4,T cells
prerank,Reactome_2022__Formation Of Tubulin Folding Intermediates By CCT/TriC R-HSA-389960,0.850454745869219,1.4267922525894392,0.009971509971509971,0.13525872596534078,1.0,10/26,6.00%,TUBA4A;CCT4;CCT8;CCT6A;TUBB4B;TUBA1B;CCT2;CCT5;CCT3;TUBA1A,T cells
prerank,Reactome_2022__Mitotic Anaphase R-HSA-68882,0.6878609181041494,1.4258019572192067,0.0033632286995515697,0.1365796957884342,1.0,96/228,10.70%,DYNLL1;UBB;PSMB7;PSMB9;PSMB3;PSMD8;PSMA1;PSME2;PPP1CC;TUBA4A;PSMB5;UBE2S;UBC;PSMA2;PSMD4;CDC26;PSMA5;PSMB2;PSMA3;PTTG1;IST1;SMC3;PSMD14;PSMA7;SKA2;KPNB1;ANAPC5;PSMD12;SUMO1;TUBB4B;WAPL;XPO1;LBR;MIS12;ANAPC11;UBE2I;TUBA1B;PSMB4;UBA52;PPP2CB;KANSL1;ANKLE2;PSMD7;HDAC8;PSMD6;LMNA;CKAP5;PSMD2;PPP2R5C;NDC1;PPP2R1B;UBE2E1;ANAPC4;NDE1;ITGB3BP;DYNC1LI1;PSMD13;PSMA6;UBE2C;TUBA1A;RPS27A;TAOK1;PSMB6;CHMP2B;PDS5B;NUP205;PSME3;CDC16;PSMC6;RANGAP1;ANAPC2;ZW10;KNL1;PPP2R5A;NUP37;NUP107;NUP133;PSMC1;NDEL1;CENPE;NUP54;PSMC4;UBE2D1;NUP188;RCC1;TNPO1;PSMC2;RAD21;CCNB2;CENPA;PPP2R5B;POM121;ANAPC16;ANAPC15;SPAST;CDK1,T cells
prerank,Reactome_2022__Mitotic Metaphase And Anaphase R-HSA-2555396,0.6874128457684259,1.424242989677195,0.003374578177727784,0.13924832422894418,1.0,96/229,10.70%,DYNLL1;UBB;PSMB7;PSMB9;PSMB3;PSMD8;PSMA1;PSME2;PPP1CC;TUBA4A;PSMB5;UBE2S;UBC;PSMA2;PSMD4;CDC26;PSMA5;PSMB2;PSMA3;PTTG1;IST1;SMC3;PSMD14;PSMA7;SKA2;KPNB1;ANAPC5;PSMD12;SUMO1;TUBB4B;WAPL;XPO1;LBR;MIS12;ANAPC11;UBE2I;TUBA1B;PSMB4;UBA52;PPP2CB;KANSL1;ANKLE2;PSMD7;HDAC8;PSMD6;LMNA;CKAP5;PSMD2;PPP2R5C;NDC1;PPP2R1B;UBE2E1;ANAPC4;NDE1;ITGB3BP;DYNC1LI1;PSMD13;PSMA6;UBE2C;TUBA1A;RPS27A;TAOK1;PSMB6;CHMP2B;PDS5B;NUP205;PSME3;CDC16;PSMC6;RANGAP1;ANAPC2;ZW10;KNL1;PPP2R5A;NUP37;NUP107;NUP133;PSMC1;NDEL1;CENPE;NUP54;PSMC4;UBE2D1;NUP188;RCC1;TNPO1;PSMC2;RAD21;CCNB2;CENPA;PPP2R5B;POM121;ANAPC16;ANAPC15;SPAST;CDK1,T cells
prerank,Reactome_2022__ABC-family Proteins Mediated Transport R-HSA-382556,0.7313716490125076,1.4234475349304203,0.01098901098901099,0.1400805249959431,1.0,42/102,8.93%,UBB;PSMB7;PSMB9;PSMB3;PSMD8;PSMA1;PSME2;PSMB5;UBC;PSMA2;VCP;PSMD4;PSMA5;PSMB2;PSMA3;PSMD14;PSMA7;PSMD12;EIF2S1;PSMB4;UBA52;ERLEC1;DERL1;PSMD7;PSMD6;PSMD2;ABCF1;RNF185;PSMD13;PSMA6;ABCC5;RPS27A;PSMB6;ABCC1;PSME3;PSMC6;ABCB10;ABCG1;PSMC1;ABCB1;PSMC4;PEX3,T cells
prerank,Reactome_2022__Protein Folding R-HSA-391251,0.7283982560147336,1.4233870852211612,0.008663366336633664,0.13902159064565145,1.0,28/95,7.22%,PFDN5;GNG5;PFDN2;TUBA4A;CSNK2B;CCT4;TBCA;CCT8;CCT6A;XRN2;PFDN4;FBXW5;LONP2;TUBB4B;GNAQ;TUBA1B;CCT2;CCT5;CCT3;FBXO6;PFDN1;TBCE;TUBA1A;GNB5;VBP1;ARL2;HDAC3;USP11,T cells
prerank,Reactome_2022__S Phase R-HSA-69242,0.7001691344423223,1.4229113205074884,0.008264462809917356,0.13907693973675997,1.0,77/161,10.52%,UBB;PSMB7;PSMB9;PSMB3;PSMD8;PSMA1;PSME2;CKS1B;PSMB5;UBE2S;CDC25B;UBC;PSMA2;PSMD4;CDC26;RPA3;PSMA5;PSMB2;PSMA3;TFDP2;SMC3;PSMD14;RBX1;PSMA7;RB1;ANAPC5;PSMD12;MCM5;WAPL;ANAPC11;PRIM2;POLE4;PSMB4;UBA52;MCM7;PCNA;LIN37;PSMD7;PSMD6;PSMD2;RBL2;UBE2E1;ANAPC4;ORC3;PSMD13;MYC;PSMA6;UBE2C;RPS27A;ORC4;PSMB6;PDS5B;FZR1;RFC4;POLE2;SKP1;PSME3;CDC16;PSMC6;MCM6;ANAPC2;POLR1A;CCND1;MCM3;PSMC1;WEE1;PSMC4;UBE2D1;SKP2;CUL1;E2F5;PSMC2;RAD21;ORC5;POLA1;ANAPC16;ANAPC15,T cells
prerank,Reactome_2022__Peptide Hormone Biosynthesis R-HSA-209952,0.9425783705485256,1.4193402101840085,0.009259259259259259,0.1476986195952141,1.0,1/12,5.74%,POMC,T cells
prerank,Reactome_2022__Cyclin A:Cdk2-associated Events At S Phase Entry R-HSA-69656,0.7362959080910574,1.4185287623419616,0.014652014652014652,0.14864919945556518,1.0,45/84,9.76%,UBB;PSMB7;PSMB9;PSMB3;PSMD8;PSMA1;PSME2;CKS1B;PSMB5;CDC25B;UBC;PSMA2;PSMD4;PSMA5;PSMB2;PSMA3;TFDP2;PSMD14;PSMA7;RB1;PSMD12;PSMB4;UBA52;LIN37;PSMD7;PSMD6;PSMD2;RBL2;PSMD13;MYC;PSMA6;RPS27A;PSMB6;FZR1;SKP1;PSME3;PSMC6;CCND1;PSMC1;WEE1;PSMC4;SKP2;CUL1;E2F5;PSMC2,T cells
prerank,Reactome_2022__Defensins R-HSA-1461973,0.7921751181775744,1.418159773176234,0.02148997134670487,0.1483984016683483,1.0,1/41,0.03%,DEFB1,T cells
prerank,Reactome_2022__Interleukin-1 Signaling R-HSA-9020702,0.7178726899886588,1.4177750122914712,0.007281553398058253,0.148133935104513,1.0,53/114,9.90%,UBB;PSMB7;PSMB9;PSMB3;PSMD8;PSMA1;PSME2;PSMB5;UBC;PSMA2;PSMD4;PSMA5;PSMB2;PSMA3;PSMD14;RBX1;PSMA7;TANK;APP;PSMD12;MAP2K1;PSMB4;UBA52;NLRC5;SQSTM1;PSMD7;PSMD6;UBE2N;PSMD2;TNIP2;FBXW11;NFKB1;PSMD13;PSMA6;AGER;RPS27A;PSMB6;MAP2K6;LRRC14;SKP1;NKIRAS2;PSME3;PSMC6;USP18;CHUK;PSMC1;PSMC4;IRAK1;CUL1;PSMC2;NFKB2;TRAF6;PELI1,T cells
prerank,Reactome_2022__Role Of GTSE1 In G2/M Progression After G2 Checkpoint R-HSA-8852276,0.7690500471177548,1.417582687266014,0.02631578947368421,0.14744976781970498,1.0,29/59,7.07%,UBB;PSMB7;PSMB9;PSMB3;PSMD8;PSMA1;PSME2;HSP90AB1;PSMB5;UBC;PSMA2;PSMD4;PSMA5;PSMB2;PSMA3;PSMD14;PSMA7;PSMD12;PSMB4;UBA52;PSMD7;PSMD6;PSMD2;PSMD13;PSMA6;RPS27A;PSMB6;PSME3;PSMC6,T cells
prerank,Reactome_2022__Interleukin-7 Signaling R-HSA-1266695,-0.759687835599418,-1.4175101017118816,0.06875,1.0,1.0,9/23,2.52%,IL7R;PIK3R1;JAK1;STAT5A;STAT3;SOCS2;BRWD1;JAK3;SOCS1,T cells
prerank,Reactome_2022__rRNA Modification In Nucleus And Cytosol R-HSA-6790901,0.7570837195290768,1.4171473271103112,0.030026109660574413,0.1475390423868369,1.0,20/60,4.75%,RPS9;RPS7;RPS14;RPS2;KRR1;RPS6;TRMT112;NHP2;UTP6;NOP10;MPHOSPH10;DCAF13;SPPL2A;UTP11;FBL;SNU13;NOP58;BMS1;DDX49;EMG1,T cells
prerank,Reactome_2022__Separation Of Sister Chromatids R-HSA-2467813,0.6966244311126852,1.4168705135189814,0.00819672131147541,0.14700977322823378,1.0,68/168,8.92%,DYNLL1;UBB;PSMB7;PSMB9;PSMB3;PSMD8;PSMA1;PSME2;PPP1CC;PSMB5;UBE2S;UBC;PSMA2;PSMD4;CDC26;PSMA5;PSMB2;PSMA3;PTTG1;SMC3;PSMD14;PSMA7;SKA2;ANAPC5;PSMD12;WAPL;XPO1;MIS12;ANAPC11;PSMB4;UBA52;PPP2CB;KANSL1;PSMD7;HDAC8;PSMD6;CKAP5;PSMD2;PPP2R5C;PPP2R1B;UBE2E1;ANAPC4;NDE1;ITGB3BP;DYNC1LI1;PSMD13;PSMA6;UBE2C;RPS27A;TAOK1;PSMB6;PDS5B;PSME3;CDC16;PSMC6;RANGAP1;ANAPC2;ZW10;KNL1;PPP2R5A;NUP37;NUP107;NUP133;PSMC1;NDEL1;CENPE;PSMC4;UBE2D1,T cells
prerank,Reactome_2022__Chaperonin-mediated Protein Folding R-HSA-390466,0.7267923247289337,1.412677214439485,0.014906832298136646,0.15761144290973256,1.0,25/89,7.22%,PFDN5;GNG5;PFDN2;TUBA4A;CSNK2B;CCT4;CCT8;CCT6A;XRN2;PFDN4;FBXW5;LONP2;TUBB4B;GNAQ;TUBA1B;CCT2;CCT5;CCT3;FBXO6;PFDN1;TUBA1A;GNB5;VBP1;HDAC3;USP11,T cells
prerank,Reactome_2022__Transcriptional Activation Of Mitochondrial Biogenesis R-HSA-2151201,0.7706441918748409,1.4089316751528675,0.01634877384196185,0.16718946801483278,1.0,30/52,12.76%,ATP5F1B;CYCS;CREB1;NCOA1;CALM1;CREBBP;GLUD1;NCOR1;NCOA2;CHD9;ESRRA;CRTC3;MTERF1;SSBP1;TFB1M;RXRA;TBL1XR1;NCOA6;HDAC3;PPARGC1A;TBL1X;MBD4;ACSS2;HELZ2;POLG2;MEF2C;PPRC1;GABPA;SIRT5;HCFC1,T cells
prerank,Reactome_2022__Cyclin E Associated Events During G1/S Transition R-HSA-69202,0.730105720357505,1.407034941765676,0.023227383863080684,0.17137213113806768,1.0,43/82,9.76%,UBB;PSMB7;PSMB9;PSMB3;PSMD8;PSMA1;PSME2;CKS1B;PSMB5;UBC;PSMA2;PSMD4;PSMA5;PSMB2;PSMA3;TFDP2;PSMD14;PSMA7;RB1;PSMD12;PSMB4;UBA52;LIN37;PSMD7;PSMD6;PSMD2;RBL2;PSMD13;MYC;PSMA6;RPS27A;PSMB6;SKP1;PSME3;PSMC6;CCND1;PSMC1;WEE1;PSMC4;SKP2;CUL1;E2F5;PSMC2,T cells
prerank,Reactome_2022__Drug ADME R-HSA-9748784,0.7231013405061323,1.4070130679406978,0.014943960149439602,0.17011748626766343,1.0,21/93,14.23%,NME2;GSTP1;SLC38A1;HPRT1;GUK1;BSG;VAV3;ABCC5;ABCC1;UGT2B7;ABCB1;UGT3A1;SLC22A2;GSTA1;SLC29A1;SLC16A1;ACY1;ABCC4;UGT2A3;GSTA2;TPMT,T cells
prerank,Reactome_2022__TCF Dependent Signaling In Response To WNT R-HSA-201681,0.689361199662267,1.405825181683743,0.0068415051311288486,0.17220747148445623,1.0,63/168,10.15%,UBB;PSMB7;PSMB9;PSMB3;PSMD8;PSMA1;PSME2;CSNK2B;PSMB5;UBC;PSMA2;PSMD4;PSMA5;PSMB2;PSMA3;PSMD14;RBX1;PSMA7;SOX4;YWHAZ;PSMD12;XPO1;TNKS;USP34;RUVBL1;SMARCA4;PSMB4;UBA52;HDAC1;PPP2CB;CREBBP;PSMD7;PSMD6;PSMD2;PPP2R5C;CTBP1;ASH2L;PPP2R1B;TCF7L2;PSMD13;MYC;PSMA6;TLE1;RPS27A;CHD8;PSMB6;TRRAP;PSME3;PSMC6;SOX6;TNKS2;FZD4;PPP2R5A;PSMC1;PSMC4;TLE4;CSNK1A1;CDC73;CUL3;CBY1;PSMC2;LRP5;PPP2R5B,T cells
prerank,Reactome_2022__Hedgehog On State R-HSA-5632684,0.7272727702677116,1.4014734051931845,0.023058252427184466,0.1842221360512312,1.0,40/85,9.76%,UBB;PSMB7;PSMB9;PSMB3;PSMD8;PSMA1;PSME2;PSMB5;UBC;PSMA2;PSMD4;PSMA5;PSMB2;PSMA3;PSMD14;RBX1;PSMA7;PSMD12;PSMB4;UBA52;PSMD7;PSMD6;PSMD2;ULK3;PSMD13;PSMA6;RPS27A;PSMB6;ITCH;PSME3;PSMC6;PTCH1;KIF3A;SPOPL;PSMC1;PSMC4;CSNK1A1;CDC73;CUL3;PSMC2,T cells
prerank,MSigDB_Hallmark_2020__Adipogenesis,0.6721133794779931,1.399073846524379,0.010428736964078795,0.19869079707354642,0.428,90/199,11.20%,COX6A1;COX8A;NDUFB7;ATP5PO;UBC;UQCRQ;DNAJC15;UQCRC1;NDUFA5;COX7B;TALDO1;SCP2;UCP2;ARL4A;ATP1B3;ACADM;CYC1;TANK;G3BP2;PRDX3;ECH1;CHCHD10;MGST3;AK2;REEP5;SUCLG1;NDUFS3;VEGFB;MRPL15;ECHS1;SOD1;PIM3;BCKDHA;AGPAT3;DBT;PLIN2;ARAF;IDH3A;RTN3;ESRRA;UCK1;NMT1;SLC1A5;IDH1;PPM1B;GPX3;PTCD3;POR;CS;MTCH2;LIFR;ALDH2;RNF11;GPD2;NDUFAB1;APLP2;COQ9;APOE;BCL2L13;COQ5;ETFB;TST;CCNG2;FZD4;ITSN1;DLD;GRPEL1;CHUK;TKT;EPHX2;COL4A1;GHITM;NABP1;RREB1;MAP4K3;TOB1;PREB;LPCAT3;QDPR;ATL2;DECR1;PHLDB1;PFKFB3;ACLY;SAMM50;DRAM2;PFKL;MGLL;GPAM;PPP1R15B,T cells
prerank,MSigDB_Hallmark_2020__Fatty Acid Metabolism,0.686165689566588,1.3941091869981814,0.00831353919239905,0.16040142472083174,0.452,62/157,11.57%,S100A10;MIF;PRDX6;MDH1;PCBD1;ERP29;HSD17B10;LDHA;APEX1;OSTC;ACADM;UBE2L6;IDI1;FH;RDH11;AUH;IDH3B;YWHAH;ECH1;SMS;NBN;CRYZ;SUCLG1;ACSS1;ECHS1;XIST;CA2;DLST;ODC1;ALDH1A1;HSD17B7;SUCLA2;ACSL1;PDHB;IDH1;BPHL;SDHA;CPOX;GPD2;LGALS1;GRHPR;SERINC1;ALDH9A1;CCDC58;D2HGDH;DLD;ADSL;G0S2;ACAT2;SUCLG2;DECR1;GABARAPL1;UROD;HMGCL;MGLL;ELOVL5;CBR1;HSD17B11;BMPR1B;MAOA;HMGCS2;HPGD,T cells
prerank,Reactome_2022__Protein Localization R-HSA-9609507,0.682636750544772,1.3938859577258707,0.004656577415599534,0.20716827216527758,1.0,55/163,8.93%,SEC61G;ATP5F1B;TOMM20;UBB;CHCHD2;ATP5F1A;GET3;SEC61B;NDUFB8;TOMM22;UBC;TIMM10;COA4;TOMM5;TIMM13;COX17;VAMP2;APP;CMC2;LONP2;HSPD1;CHCHD7;ECH1;CHCHD10;PMPCA;CYB5A;UBA52;ACBD5;SLC25A6;PMPCB;MTX2;TOMM6;GET1;SLC25A13;NUDT7;GSTK1;FIS1;TOMM70;ATP5MC1;IDH1;CS;IDE;RPS27A;COA6;ATAD1;TIMM17A;SERP1;GRPEL1;SLC25A4;TIMM17B;PEX11B;EPHX2;PEX26;UBE2D1;PEX3,T cells
prerank,Reactome_2022__G2/M Checkpoints R-HSA-69481,0.6930942293326434,1.3932681274318381,0.015366430260047281,0.20772983858566943,1.0,59/130,10.70%,UBB;PSMB7;PSMB9;PSMB3;PSMD8;PSMA1;PSME2;YWHAB;PSMB5;UBC;PSMA2;PSMD4;RPA3;PSMA5;PSMB2;PSMA3;YWHAQ;UIMC1;PSMD14;PSMA7;YWHAZ;PSMD12;MCM5;YWHAH;PSMB4;MRE11;UBA52;MCM7;PSMD7;PSMD6;BLM;UBE2N;PSMD2;BRCC3;ORC3;PSMD13;PSMA6;CLSPN;RPS27A;ORC4;RAD17;RAD50;PSMB6;RFC4;PSME3;PSMC6;RBBP8;MCM6;POLR1A;MCM3;PSMC1;WEE1;PSMC4;PSMC2;CCNB2;ORC5;RAD9A;PIAS4;CDK1,T cells
prerank,Reactome_2022__Elastic Fibre Formation R-HSA-1566948,-0.6850931274672556,-1.393103390884789,0.07876712328767123,1.0,1.0,4/39,2.75%,TGFB1;FURIN;ITGAV;LTBP4,T cells
prerank,Reactome_2022__PCP/CE Pathway R-HSA-4086400,0.7177494920821353,1.3877651495255783,0.030864197530864196,0.22568106629929846,1.0,35/88,7.07%,PFN1;UBB;PRKCB;PSMB7;PSMB9;PSMB3;PSMD8;PSMA1;PSME2;PSMB5;UBC;PSMA2;PSMD4;PSMA5;PSMB2;PSMA3;PSMD14;PSMA7;PSMD12;RAC2;AP2A2;PSMB4;UBA52;PRKCA;PSMD7;PSMD6;PSMD2;AP2B1;CLTB;PSMD13;PSMA6;RPS27A;PSMB6;PSME3;PSMC6,T cells
prerank,Reactome_2022__KEAP1-NFE2L2 Pathway R-HSA-9755511,0.7174588044645923,1.387630915769555,0.02078239608801956,0.2244472858886127,1.0,50/100,9.76%,UBB;PRDX1;PSMB7;PSMB9;PSMB3;PSMD8;PSMA1;PSME2;CSNK2B;PSMB5;UBC;PSMA2;VCP;PSMD4;PSMA5;PSMB2;PSMA3;TALDO1;PSMD14;RBX1;PSMA7;PSMD12;ATF4;PSMB4;UBA52;CREBBP;UBXN7;SQSTM1;PSMD7;PSMD6;PSMD2;IDH1;PSMD13;MYC;PSMA6;NFE2L2;RPS27A;PSMB6;SKP1;PSME3;PSMC6;TXNRD1;NOTCH1;TKT;PSMC1;PSMC4;SKP2;CUL1;CUL3;PSMC2,T cells
prerank,Reactome_2022__Regulation Of IGF Transport And Uptake By IGFBPs R-HSA-381426,0.6828595980615009,1.3870266373402493,0.015439429928741092,0.22474064598791843,1.0,32/123,11.73%,GZMH;CST3;MBTPS1;KTN1;PDIA6;APP;ADAM10;CXXC1;KNG1;TRIM26;IGFBP7;P4HB;LAMB1;IGFBP5;FUCA2;PNPLA2;LGALS1;APLP2;IGFBP2;RCN1;APOE;LAMC1;QSOX1;DMTF1;SGPP2;VWA1;IGFBP4;MFGE8;FAM20C;SDC2;FN1;GOLM1,T cells
prerank,Reactome_2022__ISG15 Antiviral Mechanism R-HSA-1169408,0.7266415946163989,1.3841805672783876,0.034912718204488775,0.23277212079798187,1.0,40/74,10.37%,EIF4G2;UBB;EIF4A1;UBC;EIF4E;TPR;UBE2L6;NUP210;EIF4A3;ARIH1;KPNB1;STAT1;UBA52;MAPK3;KPNA2;NUP88;NUP214;UBE2N;NDC1;UBE2E1;EIF4E3;PPM1B;RPS27A;MX1;KPNA1;IFIT1;NUP205;FLNB;USP18;NUP37;NUP107;NUP133;EIF2AK2;NUP54;IRF3;NUP188;PLCG1;HERC5;POM121;EIF4E2,T cells
prerank,Reactome_2022__Signaling By Hedgehog R-HSA-5358351,0.6910187072238126,1.3838887425205972,0.014018691588785047,0.23209574502896144,1.0,51/135,9.76%,UBB;PSMB7;PSMB9;PSMB3;PSMD8;PSMA1;PSME2;PSMB5;UBC;PSMA2;VCP;PSMD4;PSMA5;PSMB2;PSMA3;PSMD14;RBX1;PSMA7;PSMD12;PSMB4;ADAM17;UBA52;ERLEC1;PRKCA;PSMD7;P4HB;PSMD6;PSMD2;ULK3;OFD1;PSMD13;PSMA6;RPS27A;PSMB6;ITCH;SKP1;PSME3;PSMC6;IFT57;PTCH1;ADCY9;KIF3A;SPOPL;GNAS;PSMC1;PSMC4;CUL1;CSNK1A1;CDC73;CUL3;PSMC2,T cells
prerank,Reactome_2022__RUNX1 Regulates Transcription Of Genes Involved In Differentiation Of HSCs R-HSA-8939236,0.7366279803043607,1.3838652047069884,0.021879021879021878,0.23049980011207732,1.0,30/69,7.07%,UBB;PSMB7;PSMB9;PSMB3;PSMD8;PSMA1;PSME2;PSMB5;UBC;PSMA2;PSMD4;PSMA5;PSMB2;PSMA3;PSMD14;PSMA7;PSMD12;PSMB4;UBA52;PSMD7;PSMD6;TCF12;PSMD2;PSMD13;PSMA6;RPS27A;PSMB6;ITCH;PSME3;PSMC6,T cells
prerank,Reactome_2022__Cellular Response To Chemical Stress R-HSA-9711123,0.6830221426723855,1.3837074563273228,0.011402508551881414,0.22938428438525849,1.0,88/181,9.54%,COX6A1;PRDX2;COX7C;UBB;PRDX1;COX8A;PSMB7;PSMB9;COX5B;PSMB3;PSMD8;COX16;PSMA1;PSME2;GSTP1;COX6B1;COX4I1;CSNK2B;CYCS;PSMB5;UBC;PSMA2;VCP;PSMD4;PSMA5;PSMB2;COX7B;PSMA3;TALDO1;PSMD14;RBX1;PSMA7;ERO1A;NCOA1;PSMD12;PRDX3;SURF1;ATF4;HMOX2;COX6C;PSMB4;UBA52;CREBBP;SOD1;UBXN7;SQSTM1;PSMD7;NCOR1;P4HB;NCOA2;PSMD6;CHD9;GPX7;PSMD2;SIN3B;COX5A;IDH1;TXN2;GPX3;PSMD13;MYC;PSMA6;NFE2L2;RXRA;RPS27A;PSMB6;SCO2;TBL1XR1;ABCC1;SKP1;NCOA6;PSME3;PSMC6;HDAC3;TXNRD1;NOTCH1;BLVRB;TBL1X;CYBA;TKT;PSMC1;COX18;SOD3;PSMC4;SKP2;CUL1;MBD4;CUL3,T cells
prerank,Reactome_2022__Mitotic G1 Phase And G1/S Transition R-HSA-453279,0.6832593178676506,1.3777451407604817,0.01627906976744186,0.24954734552603797,1.0,77/147,12.31%,UBB;PSMB7;PSMB9;PSMB3;PSMD8;PSMA1;PSME2;CKS1B;PSMB5;UBC;PSMA2;PSMD4;RPA3;PSMA5;PSMB2;CDK6;PSMA3;LYN;TFDP2;PSMD14;PSMA7;RB1;PSMD12;MCM5;PRIM2;POLE4;PSMB4;UBA52;MCM7;PCNA;HDAC1;PPP2CB;LIN37;PSMD7;DYRK1A;PSMD6;PSMD2;RBL2;PPP2R1B;ORC3;PSMD13;MYC;PSMA6;CCND3;RPS27A;ORC4;PSMB6;POLE2;SKP1;PSME3;PSMC6;MCM6;DHFR;POLR1A;CCND1;MCM3;PSMC1;TYMS;WEE1;PSMC4;SKP2;E2F6;CCND2;CUL1;E2F5;PSMC2;ORC5;POLA1;CDK1;JAK2;CCNB1;PSMF1;CDKN1C;TFDP1;TOP2A;MCM8;E2F1,T cells
prerank,Reactome_2022__CLEC7A (Dectin-1) Signaling R-HSA-5607764,0.7057409174728398,1.3761207898701109,0.035,0.2538007254360247,1.0,47/99,9.80%,UBB;PSMB7;PSMB9;PSMB3;PSMD8;PSMA1;PSME2;PSMB5;UBC;PSMA2;PSMD4;PSMA5;PSMB2;PSMA3;PSMD14;UBA3;PSMA7;NFATC2;PSMD12;CALM1;MALT1;PYCARD;PSMB4;UBA52;NFATC1;PSMD7;PSMD6;UBE2N;PSMD2;FBXW11;PLCG2;NFKB1;PSMD13;PSMA6;RPS27A;PSMB6;SKP1;PSME3;PSMC6;CHUK;PSMC1;PSMC4;UBE2D1;CUL1;PSMC2;NFKB2;TRAF6,T cells
prerank,Reactome_2022__G1/S Transition R-HSA-69206,0.6899571077784106,1.3733304391993555,0.020118343195266272,0.2623052336772447,1.0,63/129,10.27%,UBB;PSMB7;PSMB9;PSMB3;PSMD8;PSMA1;PSME2;CKS1B;PSMB5;UBC;PSMA2;PSMD4;RPA3;PSMA5;PSMB2;PSMA3;TFDP2;PSMD14;PSMA7;RB1;PSMD12;MCM5;PRIM2;POLE4;PSMB4;UBA52;MCM7;PCNA;HDAC1;PPP2CB;LIN37;PSMD7;PSMD6;PSMD2;RBL2;PPP2R1B;ORC3;PSMD13;MYC;PSMA6;RPS27A;ORC4;PSMB6;POLE2;SKP1;PSME3;PSMC6;MCM6;DHFR;POLR1A;CCND1;MCM3;PSMC1;TYMS;WEE1;PSMC4;SKP2;E2F6;CUL1;E2F5;PSMC2;ORC5;POLA1,T cells
prerank,Reactome_2022__Antiviral Mechanism By IFN-stimulated Genes R-HSA-1169410,0.7121803951940348,1.3704284108874782,0.03671970624235006,0.2716253578018489,1.0,43/82,10.37%,EIF4G2;UBB;EIF4A1;UBC;EIF4E;TPR;UBE2L6;NUP210;EIF4A3;ARIH1;KPNB1;STAT1;UBA52;MAPK3;KPNA2;NUP88;NUP214;OAS2;OASL;UBE2N;NDC1;UBE2E1;EIF4E3;PPM1B;RPS27A;MX1;KPNA1;IFIT1;NUP205;FLNB;USP18;NUP37;NUP107;NUP133;EIF2AK2;NUP54;IRF3;NUP188;PLCG1;HERC5;OAS3;POM121;EIF4E2,T cells
prerank,Reactome_2022__TP53 Regulates Transcription Of Caspase Activators And Caspases R-HSA-6803207,-0.8408046837889102,-1.3688934445615883,0.09973753280839895,1.0,1.0,6/12,11.31%,ATM;CASP1;PIDD1;CASP2;CRADD;APAF1,T cells
prerank,Reactome_2022__Transcriptional Regulation By AP-2 (TFAP2) Family Of Transcription Factors R-HSA-8864260,0.7835652204987624,1.3671971584212173,0.03888888888888889,0.2827545046616096,1.0,16/36,10.12%,NPM1;DEK;HSPD1;SUMO1;UBE2I;CREBBP;WWOX;MYC;NOP2;APOE;EGFR;KCTD1;VEGFA;YEATS4;KDM5B;CITED4,T cells
prerank,Reactome_2022__Striated Muscle Contraction R-HSA-390522,-0.6885819525467678,-1.3622463842822077,0.09,1.0,1.0,7/33,9.16%,TPM3;TMOD2;VIM;TPM4;MYH3;TMOD1;ACTN3,T cells
prerank,Reactome_2022__M Phase R-HSA-68886,0.6390294136757406,1.3600461624873823,0.00322234156820623,0.31056548135786965,1.0,138/345,10.70%,DYNLL1;UBB;PRKCB;PSMB7;PSMB9;PSMB3;PSMD8;PSMA1;PSME2;PPP1CC;AKAP9;TUBA4A;CSNK2B;PSMB5;UBE2S;UBC;PSMA2;CDK5RAP2;PSMD4;CDC26;PSMA5;PSMB2;PSMA3;ARPP19;PTTG1;IST1;SMC3;TPR;PSMD14;PSMA7;DCTN1;RAB2A;SKA2;NUP210;RB1;ENSA;KPNB1;ANAPC5;PSMD12;SET;SUMO1;TUBB4B;WAPL;XPO1;LBR;PCM1;MIS12;ANAPC11;UBE2I;CEP63;CEP57;TUBA1B;PSMB4;UBA52;MAPK3;PPP2CB;NUP88;SMC4;KANSL1;SSNA1;PRKCA;ANKLE2;PSMD7;HDAC8;PSMD6;LMNA;NUP214;GOLGA2;CKAP5;PSMD2;PPP2R5C;NDC1;MZT2B;PPP2R1B;UBE2E1;ANAPC4;NDE1;ITGB3BP;OFD1;DYNC1LI1;PSMD13;PSMA6;UBE2C;TUBA1A;RPS27A;TAOK1;PSMB6;CHMP2B;PDS5B;ACTR1A;NCAPG;NUP205;PSME3;DCTN3;CDC16;PSMC6;CENPJ;CEP290;RANGAP1;HAUS2;ANAPC2;ZW10;KNL1;PPP2R5A;NEK7;NUP37;PPP2R2D;NUP107;NUP133;LPIN1;BLZF1;NEK9;PSMC1;NDEL1;CCP110;CENPE;NUP54;PSMC4;UBE2D1;NUP188;CTDNEP1;RAB33B;RCC1;TNPO1;PSMC2;RAD21;CCNB2;CENPA;PPP2R5B;SFI1;POM121;ANAPC16;HAUS8;CEP164;ANAPC15;MZT1;SPAST;CDK1,T cells
prerank,Reactome_2022__Transcriptional Regulation By RUNX2 R-HSA-8878166,0.6833990199714505,1.3587033510694122,0.03773584905660377,0.314122390765876,1.0,47/117,9.40%,UBB;PSMB7;PSMB9;PSMB3;PSMD8;PSMA1;PSME2;BAX;PSMB5;UBC;PSMA2;PSMD4;PSMA5;PSMB2;PSMA3;PSMD14;YES1;RBX1;PSMA7;RB1;STAT1;PSMD12;HIVEP3;PSMB4;UBA52;MAPK3;PSMD7;PSMD6;HDAC4;PSMD2;ESRRA;PSMD13;PSMA6;RPS27A;PSMB6;SKP1;PSME3;PSMC6;HDAC3;PPARGC1A;CCND1;PSMC1;SMAD1;PSMC4;SKP2;CUL1;WWTR1,T cells
prerank,Reactome_2022__Late Endosomal Microautophagy R-HSA-9615710,0.7877307494423845,1.3568155019157075,0.05307262569832402,0.31988906808649936,1.0,12/30,6.84%,PARK7;UBB;HSPA8;UBC;VPS28;UBA52;VPS37B;PLIN2;RPS27A;CHMP2B;MVB12B;TSG101,T cells
prerank,Reactome_2022__G2/M Transition R-HSA-69275,0.6626877287896724,1.3563798009322896,0.01152073732718894,0.319686554855091,1.0,79/181,10.70%,DYNLL1;UBB;PSMB7;PSMB9;PSMB3;PSMD8;PSMA1;PSME2;AKAP9;TUBA4A;HSP90AB1;PSMB5;CDC25B;UBC;PSMA2;CDK5RAP2;PSMD4;PSMA5;PSMB2;PSMA3;PSMD14;RBX1;PSMA7;DCTN1;PSMD12;TUBB4B;XPO1;PCM1;CEP63;CEP57;PSMB4;UBA52;PPP2CB;SSNA1;PRKCA;LIN37;LCMT1;PSMD7;PSMD6;CKAP5;PSMD2;PHLDA1;FBXW11;MZT2B;PPP2R1B;NDE1;OFD1;PSMD13;PSMA6;TUBA1A;PPME1;RPS27A;PSMB6;ACTR1A;SKP1;PSME3;DCTN3;PSMC6;CENPJ;CEP290;HAUS2;PPP1CB;RAB8A;PPP1R12B;PSMC1;WEE1;CCP110;TPX2;PSMC4;CUL1;PSMC2;OPTN;CCNB2;FOXM1;SFI1;HAUS8;CEP164;MZT1;CDK1,T cells
prerank,Reactome_2022__SARS-CoV-2-host Interactions R-HSA-9705683,0.6590285413038258,1.3554669417230882,0.017064846416382253,0.321483145299584,1.0,57/193,6.19%,RPS9;RPS15A;RPS13;RPS24;RPS16;RPS15;RPS7;RPS12;SNRPG;RPS19;RPSA;SNRPD2;RPS21;SNRPE;HSP90AB1;YWHAB;RPS14;RPS10;RPS4X;RPS2;YWHAQ;RPS23;RPS6;TPR;TUFM;SNRPD3;NUP210;RPS8;RPS5;YWHAZ;SAR1B;STAT1;G3BP2;YWHAH;FAU;G3BP1;SNRPB;IRF7;KPNA2;CREBBP;PTPN11;NUP88;NUP214;RPS11;UBE2N;NDC1;TOMM70;IKBKE;TRAF3;VPS33A;HLA-A;IFNAR2;RPS3A;IFNAR1;RPS27A;RPS27L;ATG14,T cells
prerank,Reactome_2022__Molecules Associated With Elastic Fibres R-HSA-2129379,-0.7064204103507858,-1.3551057819832553,0.08917197452229299,1.0,1.0,3/28,2.75%,TGFB1;ITGAV;LTBP4,T cells
prerank,Reactome_2022__Mitotic G2-G2/M Phases R-HSA-453274,0.6607478860864419,1.3550456034731708,0.011481056257175661,0.3210643383671316,1.0,79/183,10.70%,DYNLL1;UBB;PSMB7;PSMB9;PSMB3;PSMD8;PSMA1;PSME2;AKAP9;TUBA4A;HSP90AB1;PSMB5;CDC25B;UBC;PSMA2;CDK5RAP2;PSMD4;PSMA5;PSMB2;PSMA3;PSMD14;RBX1;PSMA7;DCTN1;PSMD12;TUBB4B;XPO1;PCM1;CEP63;CEP57;PSMB4;UBA52;PPP2CB;SSNA1;PRKCA;LIN37;LCMT1;PSMD7;PSMD6;CKAP5;PSMD2;PHLDA1;FBXW11;MZT2B;PPP2R1B;NDE1;OFD1;PSMD13;PSMA6;TUBA1A;PPME1;RPS27A;PSMB6;ACTR1A;SKP1;PSME3;DCTN3;PSMC6;CENPJ;CEP290;HAUS2;PPP1CB;RAB8A;PPP1R12B;PSMC1;WEE1;CCP110;TPX2;PSMC4;CUL1;PSMC2;OPTN;CCNB2;FOXM1;SFI1;HAUS8;CEP164;MZT1;CDK1,T cells
prerank,Reactome_2022__Ion Channel Transport R-HSA-983712,0.6566246017087468,1.3546027637754672,0.02102803738317757,0.3208652028058307,1.0,42/174,10.68%,FXYD2;ATP1B1;UBB;ATP6V0C;UBC;WNK1;ATP11B;MCOLN2;ATP1B3;ATP6AP1;ATP2C1;CALM1;UBA52;ATP6V1G1;FXYD4;OSTM1;ATP11C;CLCNKA;ATP2B4;NEDD4L;ATP6V0D1;ATP6V0E1;ATP6V0A2;RPS27A;ATP8B2;CAMK2D;CLCNKB;ATP2A2;CLCN7;ASPH;TRPV2;ATP6V0A4;SCNN1G;TPCN1;ATP6V1F;CLCN5;ATP9B;SRI;ANO5;SCNN1B;SCNN1A;ATP6V1A,T cells
prerank,Reactome_2022__Ub-specific Processing Proteases R-HSA-5689880,0.6639717680120351,1.3545885821474088,0.019473081328751432,0.3188180621883824,1.0,63/175,9.80%,TOMM20;UBB;TAF10;PSMB7;PSMB9;PSMB3;PSMD8;PSMA1;PSME2;PSMB5;UBC;PSMA2;PSMD4;PSMA5;PSMB2;PSMA3;PSMD14;PSMA7;TANK;USP15;PSMD12;TGFBR1;TNKS;USP34;RUVBL1;USP22;USP7;PSMB4;SNX3;UBA52;ADRB2;BIRC3;PSMD7;PSMD6;PSMD2;PTRH2;TOMM70;PSMD13;MYC;PSMA6;CLSPN;IDE;RPS27A;PSMB6;TRRAP;PSME3;PSMC6;USP11;TNKS2;USP18;ADRM1;USP48;USP25;PSMC1;TAF9B;CCP110;SMAD1;PSMC4;USP12;SKP2;HIF1A;PSMC2;TRAF6,T cells
prerank,Reactome_2022__Regulation Of Gene Expression In Beta Cells R-HSA-210745,-0.7489220663837788,-1.3535898850712158,0.10416666666666667,1.0,1.0,4/20,6.01%,AKT2;AKT1;AKT3;FOXO1,T cells
prerank,Reactome_2022__Stabilization Of P53 R-HSA-69541,0.7390622736976055,1.3524100375199808,0.04654255319148936,0.32630731780811295,1.0,28/56,7.07%,UBB;PSMB7;PSMB9;PSMB3;PSMD8;PSMA1;PSME2;PSMB5;UBC;PSMA2;PSMD4;PSMA5;PSMB2;PSMA3;PSMD14;PSMA7;PSMD12;PSMB4;UBA52;PSMD7;PSMD6;PSMD2;PSMD13;PSMA6;RPS27A;PSMB6;PSME3;PSMC6,T cells
prerank,Reactome_2022__Autodegradation Of E3 Ubiquitin Ligase COP1 R-HSA-349425,0.7493747922817349,1.352052336634342,0.04723346828609987,0.32576308667846443,1.0,28/51,7.07%,UBB;PSMB7;PSMB9;PSMB3;PSMD8;PSMA1;PSME2;PSMB5;UBC;PSMA2;PSMD4;PSMA5;PSMB2;PSMA3;PSMD14;PSMA7;PSMD12;PSMB4;UBA52;PSMD7;PSMD6;PSMD2;PSMD13;PSMA6;RPS27A;PSMB6;PSME3;PSMC6,T cells
prerank,Reactome_2022__Interleukin Receptor SHC Signaling R-HSA-912526,-0.7306743070172432,-1.3505994772246974,0.09036144578313253,1.0,1.0,10/27,6.79%,PIK3R1;JAK1;IL2RB;GRB2;JAK3;CLSTN1;IL2RG;CSF2;PIK3CB;SHC1,T cells
prerank,Reactome_2022__Xenobiotics R-HSA-211981,-0.7276188466879976,-1.3503059168735272,0.10903426791277258,1.0,1.0,4/22,13.84%,MIA3;CYP3A5;AHR;CYP2F1,T cells
prerank,MSigDB_Hallmark_2020__DNA Repair,0.6593359319049701,1.3495973643784274,0.025,0.2502262225644975,0.672,74/150,12.61%,TAF10;APRT;DUT;POLR2K;EDF1;RPA3;NT5C;HPRT1;VPS28;ALYREF;RBX1;COX17;SRSF6;GUK1;MRPL40;NME1;NELFB;POLR2C;SURF1;TMED2;BCAM;NT5C3A;POLE4;UMPS;PNP;TAF9;PCNA;POLR2I;GTF2F1;AK3;ARL6IP1;GTF2A2;NCBP2;VPS37B;CMPK2;MPG;RAE1;ERCC5;DCTN4;ELOA;ERCC4;RFC4;SUPT4H1;TSG101;NFX1;RAD52;USP11;ADA;ITPA;ADRM1;CLP1;TYMS;CSTF3;UPF3B;LIG1;DAD1;POLR2G;ERCC3;POLH;POLR3C;POM121;POLA1;AGO4;TAF1C;EIF1B;POLR2J;DGCR8;ERCC8;GPX4;RFC2;TAF13;DDB1;RALA;TAF12,T cells
prerank,Reactome_2022__Endosomal/Vacuolar Pathway R-HSA-1236977,-0.8372408592989549,-1.3489046585880755,0.1235632183908046,1.0,1.0,4/11,2.34%,HLA-E;HLA-B;HLA-F;HLA-C,T cells
prerank,Reactome_2022__G1/S DNA Damage Checkpoints R-HSA-69615,0.7183195550335997,1.3479363688387063,0.05078125,0.3425534576369368,1.0,28/67,7.07%,UBB;PSMB7;PSMB9;PSMB3;PSMD8;PSMA1;PSME2;PSMB5;UBC;PSMA2;PSMD4;PSMA5;PSMB2;PSMA3;PSMD14;PSMA7;PSMD12;PSMB4;UBA52;PSMD7;PSMD6;PSMD2;PSMD13;PSMA6;RPS27A;PSMB6;PSME3;PSMC6,T cells
prerank,Reactome_2022__N-glycan Trimming In ER And Calnexin/Calreticulin Cycle R-HSA-532668,0.7800175859963054,1.3472492484530267,0.0754985754985755,0.34330762134384074,1.0,18/34,8.42%,UBB;PDIA3;TRIM13;UBC;VCP;AMFR;CANX;UBA52;DERL1;EDEM3;MOGS;NGLY1;RNF185;UBXN1;RPS27A;GANAB;CALR;PSMC1,T cells
prerank,Reactome_2022__Mitophagy R-HSA-5205647,0.7952392050251622,1.3465483877839275,0.06762589928057554,0.34421693080316096,1.0,14/28,6.96%,TOMM20;UBB;TOMM22;CSNK2B;UBC;TOMM5;ATG5;UBA52;TOMM6;SQSTM1;TOMM70;FUNDC1;RPS27A;MFN2,T cells
prerank,MSigDB_Hallmark_2020__Glycolysis,0.6510604345996261,1.3462507032908926,0.019585253456221197,0.21680063534847901,0.684,72/199,12.35%,MIF;ENO1;MDH1;STMN1;PKM;FAM162A;PPIA;ME2;ARPP19;TALDO1;FKBP4;LDHA;NASP;ERO1A;HAX1;PGK1;PGLS;B4GALT1;HDLBP;TPI1;CYB5A;GOT1;AK3;PPP2CB;SOD1;ZNF292;B3GAT1;BPNT1;SLC25A13;HS2ST1;GFPT1;PMM2;IDH1;TXN;MED24;PAM;GALK2;COPB2;STC1;ALDH9A1;B3GAT3;GLRX;EGFR;VEGFA;DLD;SLC35A3;RPE;CHST12;PHKA2;ALDH7A1;SDC1;IL13RA1;PSMC4;PGAM1;QSOX1;HOMER1;ALDOB;TPST1;CLDN3;CENPA;GUSB;CDK1;B4GALT4;GNE;SDC2;IRS2;MET;PLOD2;CASP6;GMPPB;GALE;KIF2A,T cells
prerank,Reactome_2022__Signaling By B Cell Receptor (BCR) R-HSA-983705,0.6823420768097411,1.345947145185926,0.047044632086851626,0.344644063210391,1.0,39/108,7.07%,UBB;PRKCB;PSMB7;PSMB9;PSMB3;PSMD8;PSMA1;PSME2;PSMB5;UBC;PSMA2;PPIA;PSMD4;PSMA5;PSMB2;PSMA3;LYN;PSMD14;PSMA7;NFATC2;PSMD12;CALM1;MALT1;PSMB4;UBA52;NFATC1;PSMD7;PSMD6;PSMD2;FBXW11;PLCG2;NFKB1;PSMD13;PSMA6;RPS27A;PSMB6;SKP1;PSME3;PSMC6,T cells
prerank,Reactome_2022__Activation Of IRF3/IRF7 Mediated By TBK1/IKK Epsilon R-HSA-936964,0.8600727930746029,1.3449248518746768,0.06259541984732825,0.346740077076902,1.0,11/16,8.93%,UBB;UBC;TANK;UBA52;IRF7;PTPN11;IKBKE;TRAF3;RPS27A;TICAM1;IRF3,T cells
prerank,Reactome_2022__PD-1 Signaling R-HSA-389948,0.8441966446371217,1.3446737211961686,0.07280832095096583,0.34568439032944837,1.0,8/18,3.48%,CD3D;LCK;HLA-DRB1;HLA-DPA1;CD3E;HLA-DRA;PTPN11;HLA-DQA1,T cells
prerank,Reactome_2022__p53-Dependent G1 DNA Damage Response R-HSA-69563,0.7186904513475585,1.3407588363898542,0.05759162303664921,0.36147092052542484,1.0,28/65,7.07%,UBB;PSMB7;PSMB9;PSMB3;PSMD8;PSMA1;PSME2;PSMB5;UBC;PSMA2;PSMD4;PSMA5;PSMB2;PSMA3;PSMD14;PSMA7;PSMD12;PSMB4;UBA52;PSMD7;PSMD6;PSMD2;PSMD13;PSMA6;RPS27A;PSMB6;PSME3;PSMC6,T cells
prerank,MSigDB_Hallmark_2020__E2F Targets,0.6443183216061906,1.340704462888806,0.018223234624145785,0.20046482204741733,0.714,76/198,9.96%,JPT1;DEK;STMN1;NAA38;DUT;CKS1B;UBE2S;CDC25B;RPA3;PTTG1;SMC3;NASP;NME1;XRCC6;MCM5;XPO1;CKS2;EIF2S1;RANBP1;PRDX4;LBR;CBX5;SRSF2;HELLS;PRIM2;NBN;CSE1L;AK2;HNRNPD;POLE4;SNRPB;MRE11;ANP32E;USP1;MCM7;PCNA;PHF5A;KPNA2;SMC4;IPO7;EZH2;DDX39A;PAICS;LUC7L3;MTHFD2;TBRG4;RAD51C;SMC6;MYC;SHMT1;PPP1R8;BRMS1L;UNG;RAD50;MSH2;ILF3;PDS5B;NUP205;MCM6;TACC3;ZW10;RPA1;EED;RACGAP1;NUP107;MCM3;WEE1;CCP110;RAD51AP1;CENPE;LIG1;RBBP7;RAD21;DCTPP1;CCNB2;BRCA2,T cells
prerank,Reactome_2022__Paracetamol ADME R-HSA-9753281,0.7922002171465616,1.3396702023663725,0.06695156695156695,0.364195978334595,1.0,4/27,6.51%,GSTP1;SLC38A1;ABCC5;ABCC1,T cells
prerank,Reactome_2022__Phosphorylation Of CD3 And TCR Zeta Chains R-HSA-202427,0.8513854973169669,1.335753300965246,0.060382916053019146,0.3795496124258038,1.0,8/17,3.48%,CD3D;LCK;HLA-DRB1;HLA-DPA1;CD3E;PTPRC;HLA-DRA;HLA-DQA1,T cells
prerank,Reactome_2022__SARS-CoV Infections R-HSA-9679506,0.6293008902674204,1.3356814478262753,0.006437768240343348,0.3775375837130921,1.0,138/362,9.89%,FXYD2;RPS9;RPS15A;RPS13;RPS24;RPS16;RPS15;RPS7;SAP18;RPS12;ATP1B1;UBB;SNRPG;RPS19;RPSA;SNRPD2;PARP14;RPS21;SNRPE;HSP90AB1;YWHAB;RPS14;RPS10;UBC;VCP;RPS4X;RPS2;YWHAQ;RPS23;RPS6;FKBP4;COMT;TPR;TUFM;RBX1;SNRPD3;ATP1B3;BRD4;NUP210;RPS8;RB1;RPS5;HDAC2;YWHAZ;HMG20B;SAR1B;STAT1;SUMO1;G3BP2;AP2A2;CANX;YWHAH;FAU;ZDHHC20;ITGA4;G3BP1;UBE2I;SNRPB;DDOST;UBA52;IRF7;HDAC1;ITGB1;GATAD2B;KPNA2;CREBBP;PTPN11;RPN1;CRBN;NUP88;CHD4;PRMT1;ST6GAL1;FXYD4;NUP214;MTA1;RPS11;UBE2N;AP2B1;NDC1;RPN2;TOMM70;PLCG2;IKBKE;ARID4A;TRAF3;VPS33A;HLA-A;MOGS;SRPK1;IFNAR2;NFE2L2;RPS3A;BRMS1L;ISCU;IFNAR1;RPS27A;RPS27L;ATG14;CHMP2B;GOLGA7;ZDHHC2;UVRAG;NUP205;PHF21A;CYSLTR1;VEGFA;S1PR1;NUP37;GEMIN8;NUP107;NUP133;GEMIN6;GANAB;RPS3;CHUK;ST3GAL1;MAVS;SOS1;SDC1;TMPRSS2;HSPG2;NUP54;IRF3;NUP188;DAD1;IRAK1;CSNK1A1;SEC24C;RBBP7;CUL3;PARP16;TJP1;RCOR1;SEC24A;TRAF6;ZDHHC8;ZDHHC5,T cells
prerank,Reactome_2022__APC/C:Cdc20 Mediated Degradation Of Cyclin B R-HSA-174048,0.8149542414465321,1.3343079413627412,0.08151382823871907,0.3820230277343436,1.0,18/24,11.05%,UBB;UBE2S;UBC;CDC26;ANAPC5;ANAPC11;UBA52;UBE2E1;ANAPC4;UBE2C;RPS27A;CDC16;ANAPC2;UBE2D1;ANAPC16;ANAPC15;CDK1;CCNB1,T cells
prerank,Reactome_2022__Translesion Synthesis By POLK R-HSA-5655862,0.8562720487368862,1.334180997617365,0.060092449922958396,0.3803449663755385,1.0,9/17,8.02%,UBB;UBC;RPA3;POLK;UBA52;PCNA;RPS27A;RFC4;POLR1A,T cells
prerank,Reactome_2022__Muscle Contraction R-HSA-397014,0.6431546258582689,1.3327127383292041,0.02161547212741752,0.38508901774229476,1.0,26/194,9.53%,FXYD2;ATP1B1;MYL6;AKAP9;ANXA6;ATP1B3;CALM1;RANGRF;PRKCA;PKN2;FXYD4;ATP2B4;TPM1;MYL12A;ALDH2;MYL6B;ANXA2;CAMK2D;MYL9;CALD1;MYL12B;ATP2A2;ASPH;TLN1;WWTR1;SRI,T cells
prerank,Reactome_2022__Calnexin/calreticulin Cycle R-HSA-901042,0.8029500691109572,1.331171171321445,0.07737226277372262,0.38964828769127624,1.0,12/25,8.34%,UBB;PDIA3;TRIM13;UBC;AMFR;CANX;UBA52;EDEM3;RNF185;RPS27A;GANAB;CALR,T cells
prerank,Reactome_2022__Scavenging Of Heme From Plasma R-HSA-2168880,-0.8422576505452113,-1.3308161096289852,0.14206128133704735,1.0,1.0,2/11,3.05%,HBA1;APOL1,T cells
prerank,Reactome_2022__TICAM1-dependent Activation Of IRF3/IRF7 R-HSA-9013973,0.8943124065768107,1.329526968973565,0.04732824427480916,0.3952632469097254,1.0,10/12,8.93%,UBB;UBC;TANK;UBA52;IRF7;IKBKE;TRAF3;RPS27A;TICAM1;IRF3,T cells
prerank,Reactome_2022__HCMV Early Events R-HSA-9609690,0.7056963250636025,1.3284770292980306,0.06521739130434782,0.39770566661625295,1.0,31/68,10.88%,DYNLL1;DUT;CREB1;TPR;NUP210;CD46;TRIM28;ITGB1;NUP88;NCOR1;EZH2;NUP214;NDC1;TXN2;NFKB1;DYNC1LI1;TBL1XR1;NUP205;HDAC3;EGFR;EED;TBL1X;NUP37;NUP107;NUP133;RRM1;NUP54;NUP188;RBBP7;POM121;NUP42,T cells
prerank,Reactome_2022__C-type Lectin Receptors (CLRs) R-HSA-5621481,0.6620684883358041,1.3275949717987658,0.043580683156654886,0.39969724025740383,1.0,55/139,9.80%,UBB;PSMB7;PSMB9;PSMB3;PSMD8;PSMA1;PSME2;PSMB5;UBC;PSMA2;PSMD4;PSMA5;PSMB2;PSMA3;LYN;PSMD14;UBA3;PSMA7;NFATC2;PSMD12;CALM1;MALT1;PYCARD;PSMB4;UBA52;CREBBP;PRKCA;NFATC1;PSMD7;PSMD6;PKN2;UBE2N;PSMD2;FBXW11;PLCG2;MUC1;NFKB1;PSMD13;PSMA6;RPS27A;PSMB6;SKP1;PSME3;PSMC6;MUC15;CHUK;PSMC1;ARHGEF7;PSMC4;UBE2D1;CUL1;RPS6KA5;PSMC2;NFKB2;TRAF6,T cells
prerank,Reactome_2022__Amyloid Fiber Formation R-HSA-977225,0.721409995617873,1.3272512636065201,0.06989247311827956,0.3989461949764346,1.0,15/52,8.85%,UBB;CST3;UBC;ITM2B;TSPAN14;UBE2L6;APP;ADAM10;UBA52;PSENEN;RPS27A;APOE;SORL1;TSPAN33;HSPG2,T cells
prerank,Reactome_2022__Transcriptional Regulation By RUNX1 R-HSA-8878171,0.645087865752143,1.326312912452787,0.03110599078341014,0.4009511826971574,1.0,65/174,8.98%,IFNG;UBB;PRKCB;PSMB7;PSMB9;PSMB3;PSMD8;PSMA1;PSME2;CSNK2B;PSMB5;UBC;PSMA2;ELF2;PSMD4;PSMA5;PSMB2;CDK6;PSMA3;ELOF1;PSMD14;PSMA7;NFATC2;YAF2;PSMD12;SMARCA4;PSMB4;UBA52;HDAC1;CREBBP;PTPN11;SMARCE1;PSMD7;PSMD6;PRMT1;TCF12;PSMD2;SIN3B;ASH2L;PRKCQ;PSMD13;PSMA6;LIFR;CCND3;RPS27A;CBX4;PSMB6;PBRM1;ITCH;SMARCD1;KMT2B;RNF2;PSME3;PSMC6;TNRC6B;ARID2;MYL9;SMARCC1;PRMT6;CCND1;PSMC1;ARID1A;MOV10;PSMC4;SETD1B,T cells
prerank,Reactome_2022__HDACs Deacetylate Histones R-HSA-3214815,0.7839251000087417,1.3258315190058962,0.08739255014326648,0.40087051727576545,1.0,17/32,9.71%,SAP18;HDAC2;HMG20B;HDAC1;GATAD2B;CHD4;NCOR1;HDAC8;MTA1;ARID4A;BRMS1L;TBL1XR1;HDAC3;PHF21A;TBL1X;RBBP7;RCOR1,T cells
prerank,"Reactome_2022__Cell Cycle, Mitotic R-HSA-69278",0.6119682746996267,1.3233844872244445,0.0031282586027111575,0.4099301681368247,1.0,209/488,12.41%,DYNLL1;UBB;PRKCB;PSMB7;PSMB9;PSMB3;PSMD8;PSMA1;PSME2;PPP1CC;AKAP9;CKS1B;TUBA4A;HSP90AB1;CSNK2B;PSMB5;UBE2S;CDC25B;UBC;PSMA2;CDK5RAP2;PSMD4;CDC26;RPA3;PSMA5;PSMB2;CDK6;PSMA3;LYN;ARPP19;PTTG1;TFDP2;IST1;SMC3;TPR;PSMD14;RBX1;PSMA7;DCTN1;RAB2A;SKA2;NUP210;RB1;ENSA;KPNB1;ANAPC5;PSMD12;SET;SUMO1;TUBB4B;MCM5;WAPL;XPO1;LBR;PCM1;MIS12;ANAPC11;PRIM2;POLE4;UBE2I;CEP63;CEP57;TUBA1B;PSMB4;UBA52;MCM7;PCNA;HDAC1;MAPK3;PPP2CB;NUP88;SMC4;KANSL1;SSNA1;PRKCA;ANKLE2;LIN37;LCMT1;PSMD7;DYRK1A;HDAC8;PSMD6;LMNA;NUP214;GOLGA2;CKAP5;PSMD2;PPP2R5C;PHLDA1;RBL2;NDC1;FBXW11;MZT2B;PPP2R1B;UBE2E1;ANAPC4;ORC3;NDE1;ITGB3BP;OFD1;DYNC1LI1;PSMD13;MYC;PSMA6;UBE2C;TUBA1A;PPME1;CCND3;RPS27A;TAOK1;ORC4;PSMB6;CHMP2B;PDS5B;FZR1;RFC4;ACTR1A;NCAPG;POLE2;SKP1;NUP205;PSME3;DCTN3;CDC16;PSMC6;CENPJ;CEP290;RANGAP1;MCM6;HAUS2;ANAPC2;ZW10;PPP1CB;KNL1;PPP2R5A;RAB8A;NEK7;DHFR;NUP37;PPP2R2D;POLR1A;NUP107;NUP133;LPIN1;PPP1R12B;BLZF1;CCND1;MCM3;NEK9;PSMC1;TYMS;WEE1;NDEL1;CCP110;CENPE;TPX2;NUP54;PSMC4;UBE2D1;NUP188;SKP2;E2F6;CTDNEP1;RAB33B;CCND2;CUL1;RCC1;E2F5;TNPO1;PSMC2;RAD21;OPTN;CCNB2;FOXM1;CENPA;PPP2R5B;ORC5;SFI1;POM121;POLA1;ANAPC16;HAUS8;CEP164;ANAPC15;MZT1;SPAST;CDK1;NUP42;JAK2;CCNB1;TUBGCP5;PSMF1;BIRC5;PLK1;GTSE1;CDKN1C;RCC2;RFC2;TFDP1;TUBGCP4;TOP2A;VRK1;MCM8;E2F1;CHMP4B;CENPN;KIF2A;DCTN2;CDCA8,T cells
prerank,Reactome_2022__Apoptosis R-HSA-109581,0.6503933089753755,1.323286886915528,0.03592120509849363,0.408029673511526,1.0,60/171,7.08%,DYNLL1;UBB;PSMB7;PSMB9;PSMB3;PSMD8;PSMA1;PSME2;BAX;YWHAB;CYCS;PSMB5;UBC;PSMA2;C1QBP;PSMD4;PSMA5;PSMB2;SPTAN1;PSMA3;YWHAQ;TFDP2;PSMD14;PSMA7;STK24;TANK;YWHAZ;KPNB1;PSMD12;YWHAH;APIP;PSMB4;UBA52;MAPK3;PMAIP1;PPP3CC;PSMD7;PSMD6;LMNA;PKN2;PSMD2;NMT1;FADD;PRKCQ;PSMD13;PSMA6;CASP3;CLSPN;RPS27A;BAD;MAPK8;PSMB6;FZR1;KPNA1;UACA;DSG2;TRADD;PSME3;PSMC6;DFFB,T cells
prerank,MSigDB_Hallmark_2020__mTORC1 Signaling,0.6333995408360618,1.3221754566807338,0.024,0.22339779072006163,0.78,96/198,11.88%,PRDX1;ENO1;SDF2L1;ITGB2;CORO1A;CTSC;TUBA4A;HSPA4;BTG2;PSMB5;HSPE1;PPIA;ACTR2;PSMA3;COPS5;LDHA;HPRT1;CCT6A;PSMD14;IDI1;ARPC5L;ERO1A;RDH11;PPA1;PGK1;HSPD1;PSMD12;CANX;SEC11A;DDIT3;NFYC;TPI1;PNP;GOT1;GPI;PPP1R15A;RPN1;SLC6A6;SQSTM1;DDX39A;GLA;TCEA1;CYP51A1;SLC2A3;NUPR1;PITPNB;CD9;NMT1;MTHFD2;SQLE;ATP5MC1;SLC1A5;IDH1;INSIG1;RIT1;PSMD13;IGFBP5;SYTL2;UNG;CYB5B;NIBAN1;UFM1;STC1;NUP205;PSME3;PSMC6;GAPDH;TXNRD1;SSR1;GLRX;RPA1;SERP1;DHFR;FKBP2;SHMT2;LDLR;ATP2A2;CALR;PSMC4;PDK1;CACYBP;RRP9;QDPR;PSMC2;NAMPT;ACLY;HMGCR;TRIB3;PFKL;SORD;ELOVL5;NFKBIB;PLK1;PLOD2;MTHFD2L;SC5D,T cells
prerank,Reactome_2022__Translesion Synthesis By POLI R-HSA-5656121,0.8470642033511958,1.322074369456236,0.07585139318885449,0.41131415305821994,1.0,11/17,12.00%,UBB;UBC;RPA3;UBA52;PCNA;RPS27A;RFC4;POLR1A;POLI;RFC2;MAD2L2,T cells
prerank,Reactome_2022__Infection With Mycobacterium Tuberculosis R-HSA-9635486,0.7957222772195772,1.3211318280017577,0.08645533141210375,0.41351424369053885,1.0,11/26,6.51%,UBB;ENO1;CORO1A;UBC;KPNB1;PGK1;UBA52;MAPK3;RNF213;RPS27A;KPNA1,T cells
prerank,Reactome_2022__MAPK6/MAPK4 Signaling R-HSA-5687128,0.6790885445556708,1.3185416394866438,0.06516290726817042,0.42340265167747904,1.0,40/90,8.90%,UBB;PSMB7;PSMB9;PSMB3;HSPB1;PSMD8;PSMA1;PSME2;PSMB5;UBC;PSMA2;PSMD4;PSMA5;PSMB2;PSMA3;PSMD14;PSMA7;PSMD12;XPO1;PSMB4;SEPTIN7;UBA52;PRKCA;PSMD7;PSMD6;PKN2;PSMD2;PSMD13;MYC;PSMA6;CCND3;RPS27A;PSMB6;PSME3;PSMC6;TNRC6B;PSMC1;ARHGEF7;MOV10;PSMC4,T cells
prerank,Reactome_2022__Folding Of Actin By CCT/TriC R-HSA-390450,0.9144639439242993,1.3170025762601671,0.04636785162287481,0.4284749751574038,1.0,6/10,3.57%,CCT4;CCT8;CCT6A;CCT2;CCT5;CCT3,T cells
prerank,Reactome_2022__Nuclear Events (Kinase And Transcription Factor Activation) R-HSA-198725,-0.6070426684912387,-1.3158739529747838,0.09053497942386832,1.0,1.0,18/61,6.36%,FOSB;JUND;DUSP6;MAPK1;ID2;MAPK14;RPS6KA3;EP300;RPS6KA1;FOS;DUSP7;PPP2CA;PPP2R5D;DNM2;PPP2R1A;TPH1;MEF2D;REST,T cells
prerank,Reactome_2022__MAP3K8 (TPL2)-dependent MAPK1/3 Activation R-HSA-5684264,0.8526606878378913,1.3152410652157764,0.07507507507507508,0.4344201479277748,1.0,11/16,9.34%,UBB;UBC;MAP2K1;UBA52;TNIP2;FBXW11;NFKB1;RPS27A;SKP1;CHUK;CUL1,T cells
prerank,Reactome_2022__Cooperation Of PDCL (PhLP1) And TRiC/CCT In G-protein Beta Folding R-HSA-6814122,0.744426628686671,1.314639431481403,0.07883817427385892,0.4348223689936098,1.0,9/37,3.57%,GNG5;CSNK2B;CCT4;CCT8;CCT6A;GNAQ;CCT2;CCT5;CCT3,T cells
prerank,Reactome_2022__Translesion Synthesis By REV1 R-HSA-110312,0.8517563260158467,1.3144332820474431,0.07608695652173914,0.4335122704627509,1.0,8/16,8.02%,UBB;UBC;RPA3;UBA52;PCNA;RPS27A;RFC4;POLR1A,T cells
prerank,Reactome_2022__ECM Proteoglycans R-HSA-3000178,-0.6177881107256615,-1.313958013873575,0.07720588235294118,1.0,1.0,4/55,2.88%,TGFB1;NCAM1;ITGAV;ITGAX,T cells
prerank,Reactome_2022__Cell Cycle Checkpoints R-HSA-69620,0.6259091534920908,1.3133876062160394,0.024581005586592177,0.4363458683001932,1.0,110/251,12.61%,DYNLL1;UBB;PSMB7;PSMB9;PSMB3;PSMD8;PSMA1;PSME2;PPP1CC;YWHAB;PSMB5;UBE2S;UBC;PSMA2;PSMD4;CDC26;RPA3;PSMA5;PSMB2;PSMA3;YWHAQ;UIMC1;PSMD14;PSMA7;SKA2;YWHAZ;ANAPC5;PSMD12;MCM5;XPO1;YWHAH;MIS12;ANAPC11;PSMB4;MRE11;UBA52;MCM7;PPP2CB;KANSL1;PSMD7;PSMD6;CKAP5;BLM;UBE2N;PSMD2;BRCC3;PPP2R5C;PPP2R1B;UBE2E1;ANAPC4;ORC3;NDE1;ITGB3BP;DYNC1LI1;PSMD13;PSMA6;CLSPN;UBE2C;RPS27A;TAOK1;ORC4;RAD17;RAD50;PSMB6;RFC4;PSME3;CDC16;PSMC6;RBBP8;RANGAP1;MCM6;ANAPC2;ZW10;KNL1;PPP2R5A;NUP37;POLR1A;NUP107;NUP133;MCM3;PSMC1;WEE1;NDEL1;CENPE;PSMC4;UBE2D1;PSMC2;CCNB2;CENPA;PPP2R5B;ORC5;RAD9A;PHF20;ANAPC16;PIAS4;ANAPC15;CDK1;CCNB1;PSMF1;BIRC5;PLK1;GTSE1;RCC2;RFC2;MCM8;CENPN;KIF2A;CDCA8;NSD2;PSMA4,T cells
prerank,Reactome_2022__Signaling By WNT R-HSA-195721,0.622838778718777,1.3128110433013294,0.01843817787418655,0.43684184630175843,1.0,87/264,10.87%,PFN1;UBB;PRKCB;PSMB7;PSMB9;GNG5;PSMB3;PSMD8;PSMA1;PSME2;CSNK2B;PSMB5;UBC;PSMA2;PSMD4;PSMA5;PSMB2;PSMA3;PSMD14;RBX1;PSMA7;SOX4;YWHAZ;VPS26A;PSMD12;RAC2;CALM1;AP2A2;XPO1;TNKS;USP34;RUVBL1;SMARCA4;PSMB4;SNX3;UBA52;HDAC1;PPP2CB;CREBBP;PRKCA;NFATC1;PSMD7;PSMD6;PSMD2;PPP2R5C;AP2B1;CTBP1;ASH2L;CLTB;PPP2R1B;TCF7L2;TMED5;PSMD13;MYC;PSMA6;TLE1;WLS;RPS27A;CHD8;PSMB6;GNB5;TRRAP;SKP1;PSME3;PSMC6;SOX6;TNKS2;TNRC6B;FZD4;PPP2R5A;GNG11;PSMC1;MOV10;PSMC4;TLE4;CUL1;CSNK1A1;CDC73;CUL3;CBY1;PSMC2;LRP5;PPP2R5B;AGO4;MAP3K7;GNG7;PYGO2,T cells
prerank,Reactome_2022__Regulation Of FZD By Ubiquitination R-HSA-4641263,0.8157942042847511,1.3124260421680518,0.09090909090909091,0.4366313685641215,1.0,12/20,16.14%,UBB;UBC;UBA52;RPS27A;FZD4;LRP5;LGR4;USP8;RNF43;LRP6;ZNRF3;FZD6,T cells
prerank,Reactome_2022__Neddylation R-HSA-8951664,0.6228593153000261,1.3122474723410436,0.02622950819672131,0.4350802660214149,1.0,88/236,11.93%,UBB;PSMB7;PSMB9;PSMB3;PSMD8;PSMA1;PSME2;COMMD1;PSMB5;UBC;PSMA2;VCP;NEDD8;PSMD4;PSMA5;PSMB2;PSMA3;COPS5;PSMD14;RBX1;UBA3;PSMA7;DCAF13;COMMD3;FBXW5;PSMD12;NUB1;DCAF5;COPS6;PSMB4;UBA52;ASB8;KLHL20;UBXN7;UCHL3;SQSTM1;PSMD7;FBXO6;PSMD6;COMMD8;PSMD2;FBXW11;WSB2;DCUN1D1;PSMD13;COPS3;PSMA6;NFE2L2;OBSL1;RPS27A;PSMB6;SKP1;LRRC41;PSME3;PSMC6;GPS1;CUL5;WSB1;PSMC1;CUL4B;DCUN1D3;PSMC4;UBE2D1;SKP2;CUL1;HIF1A;RBBP7;CUL3;PSMC2;ELOC;CCDC22;FBXO4;LMO7;SPSB3;UBE2F;KLHL22;KLHL3;SOCS6;DCAF10;PSMF1;BIRC5;SPSB1;DTL;ERCC8;FBXL5;FBXL4;FBXO44;FBXO2,T cells
prerank,Reactome_2022__Defective C1GALT1C1 Causes TNPS R-HSA-5083632,0.8191369770620271,1.3097793212090143,0.10089020771513353,0.4449939851490908,1.0,3/18,7.40%,C1GALT1;MUC1;MUC15,T cells
prerank,Reactome_2022__APC-Cdc20 Mediated Degradation Of Nek2A R-HSA-179409,0.7948132407214702,1.308208217653268,0.09956709956709957,0.4503663087034163,1.0,16/26,10.52%,UBB;UBE2S;UBC;CDC26;ANAPC5;ANAPC11;UBA52;UBE2E1;ANAPC4;UBE2C;RPS27A;CDC16;ANAPC2;UBE2D1;ANAPC16;ANAPC15,T cells
prerank,Reactome_2022__Insertion Of Tail-Anchored Proteins Into Endoplasmic Reticulum Membrane R-HSA-9609523,0.8029585125591401,1.3076787996027555,0.09200603318250378,0.45066766698344973,1.0,7/22,3.92%,SEC61G;GET3;SEC61B;VAMP2;APP;CYB5A;GET1,T cells
prerank,Reactome_2022__Interaction Between L1 And Ankyrins R-HSA-445095,0.7762627200532062,1.3075031387309275,0.09131075110456553,0.44918277139588186,1.0,5/29,8.70%,SPTAN1;ANK3;SPTBN1;ANK2;L1CAM,T cells
prerank,Reactome_2022__Response Of Mtb To Phagocytosis R-HSA-9637690,0.8043899752259833,1.306872172102901,0.10294117647058823,0.4498969276506529,1.0,11/22,6.51%,UBB;ENO1;CORO1A;UBC;KPNB1;PGK1;UBA52;MAPK3;RNF213;RPS27A;KPNA1,T cells
prerank,Reactome_2022__mRNA Splicing - Minor Pathway R-HSA-72165,0.7114120092096642,1.3063375173466363,0.09633649932157395,0.45018486514657957,1.0,22/49,5.41%,YBX1;SNRPG;SF3B5;SNRPD2;POLR2K;SNRPE;SNRPD3;RNPC3;SRSF6;SNRNP40;POLR2C;SNRNP25;ZRSR2;SRSF2;SNRPB;POLR2I;GTF2F1;PRPF8;NCBP2;SF3B6;SNRNP48;POLR2L,T cells
prerank,Reactome_2022__Beta-catenin Independent WNT Signaling R-HSA-3858494,0.6479059244790248,1.30627693285855,0.04079254079254079,0.44816431931449485,1.0,47/142,8.90%,PFN1;UBB;PRKCB;PSMB7;PSMB9;GNG5;PSMB3;PSMD8;PSMA1;PSME2;PSMB5;UBC;PSMA2;PSMD4;PSMA5;PSMB2;PSMA3;PSMD14;PSMA7;PSMD12;RAC2;CALM1;AP2A2;PSMB4;UBA52;PRKCA;NFATC1;PSMD7;PSMD6;PSMD2;AP2B1;CLTB;TCF7L2;PSMD13;MYC;PSMA6;RPS27A;PSMB6;GNB5;PSME3;PSMC6;TNRC6B;FZD4;GNG11;PSMC1;MOV10;PSMC4,T cells
prerank,"Reactome_2022__Transport Of Vitamins, Nucleosides, And Related Molecules R-HSA-425397",0.7287884671848421,1.3050861125694513,0.09598853868194843,0.45215020344356316,1.0,13/43,11.95%,SLC25A5;SLC25A6;SLC35D2;ARL2;SLCO3A1;SLC35A3;SLC25A4;SLC35A1;LCN12;SLC29A1;SLC35B4;SLC27A4;SLC35A2,T cells
prerank,Reactome_2022__Response To Metal Ions R-HSA-5660526,0.8496806058579544,1.30460959549704,0.09831029185867896,0.45205381988822935,1.0,6/14,6.40%,MT1E;MT2A;MT1F;MT1X;MT1G;CSRP1,T cells
prerank,MSigDB_Hallmark_2020__Myc Targets V2,0.703519548702445,1.3042857308133267,0.09530386740331492,0.250663158345099,0.852,31/58,14.40%,NPM1;DUSP2;WDR74;HSPE1;PHB;MPHOSPH10;CBX3;HSPD1;MCM5;AIMP2;TBRG4;MYC;GRWD1;NOP2;UNG;PPAN;WDR43;RRP9;PUS1;DCTPP1;DDX18;NIP7;SORD;PLK1;PPRC1;NOP16;NDUFAF4;RCL1;NOC4L;PES1;BYSL,T cells
prerank,Reactome_2022__Post-chaperonin Tubulin Folding Pathway R-HSA-389977,0.7880414042975971,1.3042225297950776,0.1027900146842878,0.45160828001646003,1.0,9/23,10.89%,TUBA4A;TBCA;TUBB4B;TUBA1B;TBCE;TUBA1A;ARL2;TBCD;TBCC,T cells
prerank,Reactome_2022__SARS-CoV-2 Infection R-HSA-9694516,0.6204210145678343,1.3035529433888449,0.02287581699346405,0.4525770361136568,1.0,106/279,9.89%,RPS9;RPS15A;RPS13;RPS24;RPS16;RPS15;RPS7;RPS12;UBB;SNRPG;RPS19;RPSA;SNRPD2;PARP14;RPS21;SNRPE;HSP90AB1;YWHAB;RPS14;RPS10;UBC;VCP;RPS4X;RPS2;YWHAQ;RPS23;RPS6;TPR;TUFM;SNRPD3;NUP210;RPS8;RB1;RPS5;YWHAZ;SAR1B;STAT1;SUMO1;G3BP2;CANX;YWHAH;FAU;ZDHHC20;G3BP1;UBE2I;SNRPB;DDOST;UBA52;IRF7;KPNA2;CREBBP;PTPN11;RPN1;NUP88;PRMT1;ST6GAL1;NUP214;RPS11;UBE2N;NDC1;RPN2;TOMM70;IKBKE;TRAF3;VPS33A;HLA-A;MOGS;SRPK1;IFNAR2;RPS3A;ISCU;IFNAR1;RPS27A;RPS27L;ATG14;CHMP2B;GOLGA7;ZDHHC2;UVRAG;NUP205;NUP37;GEMIN8;NUP107;NUP133;GEMIN6;GANAB;RPS3;CHUK;ST3GAL1;MAVS;SDC1;TMPRSS2;HSPG2;NUP54;IRF3;NUP188;DAD1;IRAK1;CSNK1A1;SEC24C;PARP16;TJP1;SEC24A;TRAF6;ZDHHC8;ZDHHC5,T cells
prerank,Reactome_2022__PINK1-PRKN Mediated Mitophagy R-HSA-5205685,0.8009615031460541,1.3011248662101127,0.10283159463487332,0.4617952626433647,1.0,12/22,6.96%,TOMM20;UBB;TOMM22;UBC;TOMM5;ATG5;UBA52;TOMM6;SQSTM1;TOMM70;RPS27A;MFN2,T cells
prerank,Reactome_2022__Selective Autophagy R-HSA-9663891,0.6881442428779122,1.2992501861014578,0.08129032258064516,0.46846401690617406,1.0,25/61,6.96%,PARK7;DYNLL1;TOMM20;UBB;TOMM22;CSNK2B;HSPA8;UBC;VCP;TOMM5;NBR1;ATG5;UBA52;TOMM6;SQSTM1;PLIN2;UBE2N;TOMM70;PRKAA2;DYNC1LI1;FUNDC1;RPS27A;PRKAG1;HSF1;MFN2,T cells
prerank,Reactome_2022__Translesion Synthesis By POLH R-HSA-110320,0.8192915117116556,1.2989070134104763,0.08782742681047766,0.467763393274204,1.0,11/19,9.41%,UBB;UBC;VCP;RPA3;RCHY1;UBA52;PCNA;RPS27A;RFC4;POLR1A;POLH,T cells
prerank,Reactome_2022__Scavenging By Class A Receptors R-HSA-3000480,-0.7194996387322725,-1.2985105111453012,0.14285714285714285,1.0,1.0,3/19,5.10%,FTL;HSP90B1;FTH1,T cells
prerank,Reactome_2022__UCH Proteinases R-HSA-5689603,0.6732865010219203,1.2972038422611785,0.065,0.4737603476033464,1.0,39/84,8.42%,UBB;PSMB7;PSMB9;PSMB3;PSMD8;PSMA1;PSME2;PSMB5;UBC;PSMA2;NEDD8;PSMD4;PSMA5;PSMB2;PSMA3;PSMD14;PSMA7;USP15;PSMD12;TGFBR1;RUVBL1;PSMB4;UBA52;UCHL3;ASXL1;PSMD7;PSMD6;TFPT;PSMD2;ACTR8;PSMD13;PSMA6;RPS27A;PSMB6;PSME3;PSMC6;ADRM1;OGT;PSMC1,T cells
prerank,Reactome_2022__Azathioprine ADME R-HSA-9748787,0.7904423632804642,1.2933787421573408,0.11061285500747384,0.4904067873302269,1.0,5/21,5.57%,NME2;HPRT1;GUK1;VAV3;ABCC5,T cells
prerank,Reactome_2022__Regulation Of RUNX3 Expression And Activity R-HSA-8941858,0.7059010811353137,1.2933071663257873,0.09814323607427056,0.4883779348082988,1.0,28/54,7.07%,UBB;PSMB7;PSMB9;PSMB3;PSMD8;PSMA1;PSME2;PSMB5;UBC;PSMA2;PSMD4;PSMA5;PSMB2;PSMA3;PSMD14;PSMA7;PSMD12;PSMB4;UBA52;PSMD7;PSMD6;PSMD2;PSMD13;PSMA6;RPS27A;PSMB6;PSME3;PSMC6,T cells
prerank,Reactome_2022__Interleukin-15 Signaling R-HSA-8983432,-0.7912425074181177,-1.2920838739157272,0.17008797653958943,1.0,1.0,8/14,6.79%,JAK1;IL2RB;STAT5A;STAT3;GRB2;JAK3;IL2RG;SHC1,T cells
prerank,Reactome_2022__TP53 Regulates Transcription Of Additional Cell Cycle Genes With Uncertain Roles In P53 Pathway R-HSA-6804115,0.7981454530402623,1.290955752627342,0.11027190332326284,0.49763539816341773,1.0,9/21,11.33%,NPM1;BTG2;CNOT10;CNOT4;RGCC;CNOT11;CENPJ;CNOT2;CNOT6,T cells
prerank,Reactome_2022__Branched-chain Amino Acid Catabolism R-HSA-70895,0.7908591530446714,1.2891432936007428,0.13056379821958458,0.5043335553661452,1.0,12/21,10.28%,HSD17B10;MCCC2;AUH;SOAT1;HIBADH;ECHS1;BCKDHA;DBT;ACAD8;IVD;ACADSB;BCAT2,T cells
prerank,Reactome_2022__Citric Acid Cycle (TCA Cycle) R-HSA-71403,0.7914306494810833,1.2876682768939038,0.12338593974175036,0.5092175905301778,1.0,12/21,9.67%,IDH3B;SUCLG1;DLST;SUCLA2;IDH3A;SDHA;CS;OGDH;LDLR;SUCLG2;NNT;FAHD1,T cells
prerank,Reactome_2022__Signaling By NTRK1 (TRKA) R-HSA-187037,-0.5421155887026684,-1.2870115843052061,0.06153846153846154,1.0,1.0,34/114,6.79%,FOSB;JUND;PIK3R1;DUSP6;BRAF;RHOA;STAT3;MAPK1;GRB2;ID2;AP2M1;AP2S1;MAPK14;RPS6KA3;EP300;RAP1A;RPS6KA1;FOS;MAP2K2;DUSP7;CRKL;CRK;CLTC;PPP2CA;PPP2R5D;DNM2;PPP2R1A;PIK3CB;TPH1;ADORA2A;MEF2D;REST;HRAS;SHC1,T cells
prerank,Reactome_2022__Eicosanoids R-HSA-211979,-0.8040661061759475,-1.2866574155232249,0.1918918918918919,1.0,1.0,1/12,0.85%,TBXAS1,T cells
prerank,Reactome_2022__Interaction With Cumulus Cells And Zona Pellucida R-HSA-2534343,0.9018714898320538,1.286393250239538,0.06699346405228758,0.5129820865775616,1.0,1/10,2.30%,B4GALT1,T cells
prerank,Reactome_2022__Budding And Maturation Of HIV Virion R-HSA-162588,0.7689301445579113,1.2862470322498565,0.09496402877697842,0.5113423918383191,1.0,13/27,6.84%,UBB;UBC;VPS4B;PPIA;VPS28;UBA52;VPS37B;CHMP5;NEDD4L;RPS27A;CHMP2B;MVB12B;TSG101,T cells
prerank,Reactome_2022__Immunoregulatory Interactions Between A Lymphoid And A non-Lymphoid Cell R-HSA-198933,-0.5446380848436291,-1.2855499523700011,0.050314465408805034,1.0,1.0,22/116,3.89%,KLRB1;HLA-E;KLRF1;IFITM1;HLA-B;CD160;CD247;KLRD1;CD99;CD40LG;KIR3DL1;ICAM3;SH2D1B;TYROBP;HLA-F;SLAMF6;CLEC2D;CD226;HLA-C;CD96;SLAMF7;CD81,T cells
prerank,Reactome_2022__Keratinization R-HSA-6805567,0.6238576847746203,1.284475593030742,0.04772727272727273,0.5180529810811394,1.0,12/206,11.59%,CAPN1;KRT18;KRT8;PERP;KRT19;JUP;PKP4;KRT7;DSG2;PRSS8;ST14;PPL,T cells
prerank,"Reactome_2022__PTK6 Regulates RHO GTPases, RAS GTPase And MAP Kinases R-HSA-8849471",-0.7778818968207452,-1.2841778774912482,0.1864406779661017,1.0,1.0,6/13,6.66%,RHOA;ARHGAP35;ELMO1;CRK;HRAS;SYNGAP1,T cells
prerank,Reactome_2022__Translocation Of ZAP-70 To Immunological Synapse R-HSA-202430,0.8370032604964579,1.2837104627221525,0.11208151382823872,0.5193775711790858,1.0,7/14,3.48%,CD3D;LCK;HLA-DRB1;HLA-DPA1;CD3E;HLA-DRA;HLA-DQA1,T cells
prerank,Reactome_2022__Phospholipase C-mediated Cascade: FGFR1 R-HSA-5654219,0.8198323124629925,1.2832013727628477,0.10207336523125997,0.5195712362290369,1.0,4/16,14.51%,KL;PLCG1;FGFR1;FGF9,T cells
prerank,Reactome_2022__Disorders Of Developmental Biology R-HSA-9675151,0.865823536623457,1.2825311784214137,0.09642301710730948,0.5204613490748724,1.0,8/12,7.88%,CALM1;HDAC1;PRKCA;NCOR1;MECP2;TBL1XR1;HDAC3;TBL1X,T cells
prerank,Reactome_2022__HDR Thru MMEJ (alt-NHEJ) R-HSA-5685939,0.8754594970751511,1.2818989732565997,0.07763975155279502,0.5213280343412239,1.0,8/12,9.96%,MRE11;POLK;RAD50;RBBP8;RAD52;PARP2;PARP1;BRCA2,T cells
prerank,Reactome_2022__Interleukin-1 Family Signaling R-HSA-446652,0.6314302818969368,1.2818385412244397,0.056338028169014086,0.5192391124966896,1.0,58/152,10.07%,UBB;PSMB7;PSMB9;PSMB3;PSMD8;PSMA1;PSME2;PSMB5;UBC;PSMA2;PSMD4;PSMA5;PSMB2;PSMA3;PSMD14;RBX1;PSMA7;TANK;APP;PSMD12;MAP2K1;PSMB4;UBA52;PTPN7;PTPN11;NLRC5;SQSTM1;PSMD7;PSMD6;UBE2N;PSMD2;TNIP2;IL18BP;FBXW11;NFKB1;PSMD13;PSMA6;AGER;RPS27A;MAPK8;PSMB6;MAP2K6;LRRC14;SKP1;NKIRAS2;PSME3;PSMC6;USP18;CHUK;PSMC1;PSMC4;IRAK1;CUL1;PSMC2;NFKB2;TRAF6;PELI1;IL18,T cells
prerank,Reactome_2022__Killing Mechanisms R-HSA-9664420,-0.8245485030487231,-1.2792428373191755,0.17201166180758018,1.0,1.0,1/11,0.02%,JUN,T cells
prerank,Reactome_2022__ER Quality Control Compartment (ERQC) R-HSA-901032,0.795834376145875,1.2789127502801767,0.12084592145015106,0.5317891306868842,1.0,8/20,6.11%,UBB;TRIM13;UBC;AMFR;UBA52;EDEM3;RNF185;RPS27A,T cells
prerank,Reactome_2022__MAPK1/MAPK3 Signaling R-HSA-5684996,0.6064519142155543,1.277148435794778,0.042951541850220265,0.5386658212136877,1.0,81/275,10.15%,PEBP1;UBB;PSMB7;PSMB9;PSMB3;PSMD8;PSMA1;PSME2;PPP1CC;YWHAB;PSMB5;UBC;PSMA2;DUSP2;PSMD4;RASA2;PSMA5;PSMB2;SPTAN1;PSMA3;PSMD14;RBX1;PSMA7;PSMD12;SHOC2;CALM1;EGF;RANBP9;LAMTOR3;MAP2K1;PSMB4;PIK3CA;UBA52;MAPK3;PTPN7;DUSP5;PPP2CB;PTPN11;LYPLA1;ABHD17B;PSMD7;PSMD6;ARAF;PSMD2;PPP2R5C;PPP2R1B;PTPRA;PRKCQ;PSMD13;PSMA6;KSR1;RPS27A;PSMB6;GOLGA7;KL;IL6ST;ARL2;SPTBN1;LAMTOR2;PSME3;MARK3;PSMC6;CAMK2D;PPP1CB;EGFR;PPP2R5A;MAP3K11;PSMC1;ERBB4;SOS1;DLG1;DUSP10;FGFR3;PSMC4;TLN1;CUL3;PIK3R2;PSMC2;ABHD17C;DAB2IP;PPP2R5B,T cells
prerank,Reactome_2022__Glycogen Synthesis R-HSA-3322077,0.852676337659281,1.276902839817114,0.0960960960960961,0.5374951089934518,1.0,4/13,6.11%,UBB;UBC;UBA52;RPS27A,T cells
prerank,Reactome_2022__RAF/MAP Kinase Cascade R-HSA-5673001,0.6057830767942938,1.2750014676092798,0.0429042904290429,0.5448341265667149,1.0,79/269,10.15%,PEBP1;UBB;PSMB7;PSMB9;PSMB3;PSMD8;PSMA1;PSME2;PPP1CC;YWHAB;PSMB5;UBC;PSMA2;DUSP2;PSMD4;RASA2;PSMA5;PSMB2;SPTAN1;PSMA3;PSMD14;RBX1;PSMA7;PSMD12;SHOC2;CALM1;EGF;RANBP9;LAMTOR3;MAP2K1;PSMB4;PIK3CA;UBA52;MAPK3;PTPN7;DUSP5;PPP2CB;LYPLA1;ABHD17B;PSMD7;PSMD6;ARAF;PSMD2;PPP2R5C;PPP2R1B;PTPRA;PRKCQ;PSMD13;PSMA6;KSR1;RPS27A;PSMB6;GOLGA7;KL;ARL2;SPTBN1;LAMTOR2;PSME3;MARK3;PSMC6;CAMK2D;PPP1CB;EGFR;PPP2R5A;MAP3K11;PSMC1;ERBB4;SOS1;DLG1;DUSP10;FGFR3;PSMC4;TLN1;CUL3;PIK3R2;PSMC2;ABHD17C;DAB2IP;PPP2R5B,T cells
prerank,Reactome_2022__Estrogen-dependent Gene Expression R-HSA-9018519,-0.5574575769296076,-1.2738666562023586,0.0958904109589041,1.0,1.0,27/90,5.43%,JUN;FOSB;DDX5;JUND;HSP90AA1;CTSD;NCOA3;BCL2;CXXC5;PTGES3;RUNX1;ZNF217;GATA3;TNRC6C;EBAG9;EP300;FOS;TLE3;STAG2;GTF2F2;AGO2;POLR2A;POLR2F;POLR2D;POLR2E;CHD1;CDK9,T cells
prerank,Reactome_2022__Acyl Chain Remodelling Of PC R-HSA-1482788,0.7537728364271746,1.2722566136483857,0.1303724928366762,0.5568681600120324,1.0,10/27,15.97%,LPCAT4;LPCAT1;PNPLA8;LPCAT3;PLA2G6;LPCAT2;MBOAT2;PLA2G4B;PLA2G12A;PLA2R1,T cells
prerank,Reactome_2022__Metabolism Of Nucleotides R-HSA-15869,0.6499682364592331,1.2696435514953681,0.10506329113924051,0.5678667082370299,1.0,28/92,8.51%,NME2;SAMHD1;APRT;DUT;DNPH1;NT5C;HPRT1;GUK1;AK2;NT5C3A;UMPS;ATIC;AK6;GART;PAICS;UCK1;TXN2;AK5;SCO2;NUDT1;TXNRD1;ADA;COASY;ITPA;GLRX;ADSL;RRM1;TYMS,T cells
prerank,Reactome_2022__TP53 Regulates Metabolic Genes R-HSA-5628897,0.6642504114398312,1.268135779722701,0.10052219321148825,0.5731103642702862,1.0,34/81,9.67%,COX6A1;PRDX2;COX7C;PRDX1;COX8A;COX5B;COX16;COX6B1;COX4I1;YWHAB;CYCS;COX7B;YWHAQ;YWHAZ;YWHAH;SURF1;LAMTOR3;COX6C;TIGAR;LAMTOR5;COX5A;PRKAA2;TXN2;PRKAG1;SCO2;LAMTOR2;TXNRD1;TNRC6B;SESN3;MOV10;COX18;RRAGB;RHEB;RRAGA,T cells
prerank,Reactome_2022__Telomere Extension By Telomerase R-HSA-171319,0.7596646074732435,1.266776566663468,0.13737075332348597,0.5774128871869351,1.0,11/23,12.25%,NHP2;NOP10;PPP6R3;RUVBL1;PPP6C;POT1;TERF1;TERF2IP;ACD;TINF2;TERF2,T cells
prerank,Reactome_2022__FGFR1 Ligand Binding And Activation R-HSA-190242,0.8075691928039559,1.2657895970220032,0.12974683544303797,0.580094036523096,1.0,3/16,14.51%,KL;FGFR1;FGF9,T cells
prerank,Reactome_2022__HCMV Infection R-HSA-9609646,0.652522355086727,1.2656946231490234,0.09189842805320435,0.5780283749770896,1.0,39/92,10.88%,DYNLL1;DUT;HNRNPK;CREB1;TPR;VPS28;NUP210;CD46;TRIM28;SNF8;ITGB1;NUP88;NCOR1;EZH2;VPS37B;NUP214;NDC1;TXN2;NFKB1;DYNC1LI1;CHMP2B;MVB12B;TBL1XR1;TSG101;NUP205;HDAC3;EGFR;EED;TBL1X;NUP37;NUP107;NUP133;RRM1;NUP54;NUP188;RBBP7;POM121;VPS25;NUP42,T cells
prerank,Reactome_2022__Suppression Of Phagosomal Maturation R-HSA-9637687,0.8534367459364528,1.264764291968409,0.09480122324159021,0.580191882985624,1.0,7/13,6.51%,UBB;CORO1A;UBC;KPNB1;UBA52;RPS27A;KPNA1,T cells
prerank,Reactome_2022__TRAF6-mediated Induction Of TAK1 Complex Within TLR4 Complex R-HSA-937072,0.8292767831140341,1.2638329224780447,0.1274658573596358,0.5827161561298126,1.0,13/15,16.51%,UBB;UBC;UBA52;RPS27A;TICAM1;TRAF6;MAP3K7;NDUFA2;LY96;IRAK2;TAB2;TAB1;SARM1,T cells
prerank,Reactome_2022__Gluconeogenesis R-HSA-70263,0.7356906069449802,1.263146624807082,0.15261627906976744,0.5837670937937977,1.0,5/30,4.33%,ENO1;MDH1;PGK1;TPI1;SLC25A13,T cells
prerank,Reactome_2022__Post-translational Protein Phosphorylation R-HSA-8957275,0.6359109219342116,1.2625157732933279,0.08384710234278668,0.5844464624585657,1.0,30/106,11.73%,CST3;MBTPS1;KTN1;PDIA6;APP;ADAM10;CXXC1;KNG1;TRIM26;IGFBP7;P4HB;LAMB1;IGFBP5;FUCA2;PNPLA2;LGALS1;APLP2;RCN1;APOE;LAMC1;QSOX1;DMTF1;SGPP2;VWA1;IGFBP4;MFGE8;FAM20C;SDC2;FN1;GOLM1,T cells
prerank,Reactome_2022__ER-Phagosome Pathway R-HSA-1236974,0.6533791582471278,1.261255660770817,0.09535759096612297,0.5887093288733629,1.0,34/89,7.07%,SEC61G;UBB;PSMB7;PSMB9;PDIA3;SEC61B;PSMB3;PSMD8;PSMA1;PSME2;TAPBP;PSMB5;UBC;PSMA2;PSMD4;PSMA5;PSMB2;PSMA3;PSMD14;PSMA7;PSMD12;PSMB4;SEC22B;UBA52;PSMD7;PSMD6;PSMD2;HLA-A;PSMD13;PSMA6;RPS27A;PSMB6;PSME3;PSMC6,T cells
prerank,Reactome_2022__Synthesis Of Active Ubiquitin: Roles Of E1 And E2 Enzymes R-HSA-8866652,0.7344188949358699,1.2605981337965788,0.15164520743919885,0.5893567549789028,1.0,16/30,6.11%,UBB;UBE2L3;UBE2S;UBC;UBE2G1;USP7;UBA52;UBE2K;UBE2Z;UCHL3;UBA6;UBE2A;UBE2E1;UBE2C;UBE2E3;RPS27A,T cells
prerank,Reactome_2022__Transcriptional Regulation By RUNX3 R-HSA-8878159,0.6523970370477046,1.2601850999546989,0.09864364981504316,0.5889394231000838,1.0,47/94,10.22%,UBB;PSMB7;PSMB9;PSMB3;PSMD8;PSMA1;PSME2;PSMB5;UBC;PSMA2;PSMD4;PSMA5;PSMB2;PSMA3;PSMD14;PSMA7;SNW1;PSMD12;CXXC1;ITGA4;PSMB4;BRD2;UBA52;CREBBP;PSMD7;PSMD6;HDAC4;PSMD2;TCF7L2;PSMD13;MYC;PSMA6;JAG1;ITGAL;RPS27A;PSMB6;PSME3;PSMC6;NOTCH1;TEAD1;CCND1;PSMC1;PSMC4;WWTR1;PSMC2;CCN2;MAML1,T cells
prerank,Reactome_2022__Regulation Of MECP2 Expression And Activity R-HSA-9022692,0.7277350619015306,1.2589108362712618,0.1590909090909091,0.5929014665975212,1.0,17/31,13.17%,CREB1;HDAC2;CALM1;LBR;HDAC1;PRKCA;NCOR1;MECP2;TBL1XR1;HDAC3;CAMK2D;TNRC6B;TBL1X;MOV10;AGO4;AGO1;AGO3,T cells
prerank,Reactome_2022__Antimicrobial Peptides R-HSA-6803157,0.6508681214071785,1.258502467472108,0.11603650586701435,0.5924172836369391,1.0,2/87,1.54%,DEFB1;CLU,T cells
prerank,Reactome_2022__IRAK2 Mediated Activation Of TAK1 Complex Upon TLR7/8 Or 9 Stimulation R-HSA-975163,0.8359844020400745,1.2584451913038623,0.13671274961597543,0.5902357383839087,1.0,11/14,14.61%,UBB;UBC;UBA52;RPS27A;TICAM1;TRAF6;MAP3K7;NDUFA2;LY96;IRAK2;TAB2,T cells
prerank,Reactome_2022__Aggrephagy R-HSA-9646399,0.7508099666245932,1.258372512905728,0.1480916030534351,0.588100081449276,1.0,10/24,6.79%,PARK7;DYNLL1;UBB;UBC;VCP;UBA52;UBE2N;DYNC1LI1;RPS27A;HSF1,T cells
prerank,Reactome_2022__Synthesis Of PIPs At Late Endosome Membrane R-HSA-1660517,-0.8037979235481442,-1.2549806542147304,0.18055555555555555,1.0,1.0,4/11,6.29%,PIK3C3;PIKFYVE;MTMR4;PIK3C2A,T cells
prerank,Reactome_2022__Ethanol Oxidation R-HSA-71384,0.8633761778500468,1.2547342520335887,0.11363636363636363,0.6044453187372422,1.0,5/11,10.07%,ADH5;ACSS1;ALDH1A1;ALDH2;ACSS2,T cells
prerank,Reactome_2022__Integration Of Provirus R-HSA-162592,0.8623777527648971,1.2539021050162227,0.14960629921259844,0.6060445884828245,1.0,5/10,6.51%,XRCC5;PPIA;XRCC6;XRCC4;KPNA1,T cells
prerank,Reactome_2022__NGF-stimulated Transcription R-HSA-9031628,-0.6267215723513233,-1.2533149050761199,0.15985130111524162,1.0,1.0,9/39,6.36%,FOSB;JUND;ID2;EP300;FOS;DNM2;TPH1;MEF2D;REST,T cells
prerank,Reactome_2022__Signaling By NOTCH R-HSA-157118,0.6076020835286788,1.2522765467885095,0.07981755986316989,0.6119234725047862,1.0,72/173,9.49%,YBX1;UBB;PSMB7;PSMB9;PSMB3;PSMD8;PSMA1;PSME2;PSMB5;UBC;PSMA2;PSMD4;PSMA5;PSMB2;PSMA3;CREB1;TFDP2;PSMD14;RBX1;PSMA7;HDAC2;SNW1;YWHAZ;STAT1;PSMD12;PSEN1;ADAM10;RAB6A;B4GALT1;EGF;TMED2;PSMB4;ADAM17;UBA52;HDAC1;CREBBP;PSMD7;NCOR1;HDAC8;PSMD6;PSENEN;HDAC4;PSMD2;PSMD13;MYC;PSMA6;TLE1;JAG1;RPS27A;PSMB6;TBL1XR1;ITCH;SKP1;PSME3;PSMC6;HDAC3;TACC3;NOTCH1;TNRC6B;EGFR;TBL1X;ATP2A2;CCND1;HDAC5;WWP2;PSMC1;MOV10;NOTCH3;PSMC4;TLE4;CUL1;HIF1A,T cells
prerank,Reactome_2022__Cytosolic Iron-Sulfur Cluster Assembly R-HSA-2564830,0.8425944209768622,1.2516307429399025,0.1450381679389313,0.6125037824715357,1.0,1/12,0.06%,CIAO2B,T cells
prerank,Reactome_2022__NRIF Signals Cell Death From Nucleus R-HSA-205043,0.8026782135201964,1.2512092586168335,0.17261904761904762,0.6122430073328257,1.0,9/16,6.22%,UBB;UBC;PSEN1;UBA52;SQSTM1;PSENEN;ITGB3BP;RPS27A;MAPK8,T cells
prerank,Reactome_2022__Aberrant Regulation Of Mitotic Exit In Cancer Due To RB1 Defects R-HSA-9687136,0.790850479151955,1.2509143324304886,0.15477996965098634,0.6112629124796983,1.0,15/20,10.52%,UBE2S;CDC26;RB1;ANAPC5;ANAPC11;UBE2E1;ANAPC4;UBE2C;FZR1;CDC16;ANAPC2;UBE2D1;SKP2;ANAPC16;ANAPC15,T cells
prerank,Reactome_2022__Passive Transport By Aquaporins R-HSA-432047,0.8390502090320361,1.2499713148403908,0.13270142180094788,0.6134842435771942,1.0,3/12,9.94%,AQP2;AQP3;AQP11,T cells
prerank,Reactome_2022__Generation Of Second Messenger Molecules R-HSA-202433,0.7391289416668835,1.2495972455742024,0.16073968705547653,0.6128118713010073,1.0,12/29,4.97%,CD3D;LCK;HLA-DRB1;HLA-DPA1;CD3E;ITK;FYB1;HLA-DRA;HLA-DQA1;GRAP2;PKN2;PLCG2,T cells
prerank,Reactome_2022__Interconversion Of Nucleotide Di- And Triphosphates R-HSA-499943,0.7454799905134406,1.2485339767712604,0.15249266862170088,0.6158797518514211,1.0,13/28,10.50%,NME2;DUT;GUK1;AK2;AK6;TXN2;AK5;TXNRD1;GLRX;RRM1;TYMS;DCTPP1;DTYMK,T cells
prerank,Reactome_2022__CaMK IV-mediated Phosphorylation Of CREB R-HSA-111932,0.8686328266385631,1.2476762739077067,0.11525974025974026,0.6176828295816895,1.0,4/10,7.26%,CREB1;CALM1;KPNA2;CAMK2D,T cells
prerank,Reactome_2022__p75NTR Recruits Signaling Complexes R-HSA-209543,0.8357348815032938,1.244033642965543,0.17076923076923076,0.6341235907250686,1.0,8/13,10.71%,UBB;UBC;UBA52;SQSTM1;RPS27A;IRAK1;TRAF6;PRKCI,T cells
prerank,Reactome_2022__Programmed Cell Death R-HSA-5357801,0.6034134381297018,1.243866426247074,0.0683371298405467,0.6324879506810082,1.0,69/200,8.42%,DYNLL1;UBB;PSMB7;PSMB9;PSMB3;PSMD8;PSMA1;PSME2;BAX;YWHAB;CYCS;PSMB5;UBC;PSMA2;C1QBP;PSMD4;PSMA5;PSMB2;SPTAN1;PSMA3;YWHAQ;TFDP2;PSMD14;PSMA7;STK24;TANK;YWHAZ;KPNB1;PSMD12;YWHAH;APIP;PSMB4;UBA52;MAPK3;PMAIP1;CASP4;PPP3CC;BIRC3;PSMD7;PSMD6;LMNA;PKN2;PSMD2;NMT1;FADD;PRKCQ;PSMD13;PSMA6;CASP3;CLSPN;RPS27A;BAD;MAPK8;PSMB6;CHMP2B;FZR1;KPNA1;UACA;DSG2;TRADD;PSME3;PSMC6;DFFB;TJP2;CDC37;RRM1;TICAM1;OGT;PSMC1,T cells
prerank,Reactome_2022__Activation Of AP-1 Family Of Transcription Factors R-HSA-450341,-0.8056173564385589,-1.2435166207237844,0.24193548387096775,1.0,1.0,4/10,2.81%,JUN;MAPK1;MAPK14;FOS,T cells
prerank,Reactome_2022__NOTCH1 Intracellular Domain Regulates Transcription R-HSA-2122947,0.6951553353425772,1.2428782474756008,0.14188267394270124,0.6349643943227741,1.0,26/47,11.17%,UBB;UBC;RBX1;HDAC2;SNW1;UBA52;HDAC1;CREBBP;NCOR1;HDAC8;HDAC4;MYC;TLE1;RPS27A;TBL1XR1;SKP1;HDAC3;NOTCH1;TBL1X;HDAC5;TLE4;CUL1;HIF1A;MAML1;CDK8;HDAC10,T cells
prerank,Reactome_2022__Glycogen Storage Diseases R-HSA-3229121,0.820271864665358,1.2414990372818022,0.1443609022556391,0.639386858416687,1.0,4/14,6.11%,UBB;UBC;UBA52;RPS27A,T cells
prerank,MSigDB_Hallmark_2020__Xenobiotic Metabolism,0.5967208494874997,1.240485441508472,0.0835214446952596,0.43908596457450905,0.971,61/197,13.18%,NINJ1;SERTAD1;ARPP19;ACP1;ADH5;PMM1;DDAH2;HPRT1;COMT;MCCC2;SPINT2;SAR1B;PGD;PTGR1;ECH1;MAN1A1;CYB5A;TMBIM6;NPC1;CA2;SLC6A6;MT2A;GART;PGRMC1;JUP;NMT1;SLC1A5;DCXR;IDH1;CYFIP2;BPHL;HACL1;POR;ALDH2;ARG2;SSR3;HES6;PDLIM5;APOE;ALDH9A1;BLVRB;SHMT2;ATP2A2;NDRG2;TPST1;RAP1GAP;TMEM176B;GABARAPL1;LONP1;IGFBP4;ELOVL5;CBR1;UPP1;MAOA;CASP6;CROT;PPARD;PEMT;FAH;FAS;PLG,T cells
prerank,Reactome_2022__FOXO-mediated Transcription Of Cell Cycle Genes R-HSA-9617828,-0.721291442104712,-1.2400952588590577,0.19142857142857142,1.0,1.0,7/17,6.37%,BTG1;GADD45A;CDKN1B;SMAD2;CDKN1A;FOXO1;SMAD3,T cells
prerank,Reactome_2022__Amine Ligand-Binding Receptors R-HSA-375280,0.6970889924799125,1.2366578169649844,0.17464788732394365,0.6621818600806652,1.0,9/40,25.32%,ADRB2;HRH2;CHRM5;ADRA2C;DHX34;CHRM3;ADRB1;HRH4;GPR143,T cells
prerank,Reactome_2022__Regulation Of Cholesterol Biosynthesis By SREBP (SREBF) R-HSA-1655829,0.6684530103476106,1.2365465511418339,0.16238159675236807,0.6601443555193262,1.0,31/55,12.05%,MBTPS1;IDI1;NCOA1;KPNB1;SAR1B;NFYC;CREBBP;PMVK;NCOA2;CHD9;CYP51A1;SQLE;INSIG1;RXRA;SCAP;TBL1XR1;FDPS;NCOA6;TBL1X;INSIG2;MVD;SEC24C;MBD4;SEC24A;NFYA;HELZ2;HMGCR;SREBF2;GPAM;SC5D;FDFT1,T cells
prerank,Reactome_2022__Josephin Domain DUBs R-HSA-5689877,0.8393403845731484,1.236133639786348,0.15109034267912771,0.6598226642362596,1.0,6/12,6.11%,UBB;UBC;VCP;UBA52;RAD23A;RPS27A,T cells
prerank,Reactome_2022__NOTCH3 Activation And Transmission Of Signal To Nucleus R-HSA-9013507,0.7425793802048679,1.236015323071537,0.1493411420204978,0.6577553303084752,1.0,14/25,8.82%,YBX1;UBB;UBC;PSEN1;ADAM10;EGF;UBA52;PSENEN;JAG1;RPS27A;TACC3;EGFR;WWP2;NOTCH3,T cells
prerank,Reactome_2022__Clathrin-mediated Endocytosis R-HSA-8856828,0.6164530583384327,1.234347578568302,0.10714285714285714,0.6640684641410622,1.0,46/139,8.45%,CD3D;UBB;ARPC3;HSPA8;UBC;NEDD8;ACTR2;COPS5;PICALM;ARF6;ARPC2;VAMP2;RAB5C;AP2A2;ARPC5;EGF;EPS15L1;EPN1;COPS6;UBA52;ADRB2;GAPVD1;HIP1;SYNJ1;BIN1;AP2B1;CLTB;SNX18;GAK;COPS3;REPS1;RPS27A;HIP1R;SYNJ2;ARFGAP1;GPS1;NECAP2;CBL;FNBP1;PACSIN2;FZD4;EGFR;ITSN1;WASL;LDLR;FNBP1L,T cells
prerank,Reactome_2022__MHC Class II Antigen Presentation R-HSA-2132295,0.6301702828694817,1.2338986271007164,0.12109862671660425,0.6638152040373217,1.0,36/102,10.02%,DYNLL1;HLA-DRB1;HLA-DPA1;CD74;CTSC;AP1S2;AP1G1;SEC31A;CAPZA2;DCTN1;CAPZB;HLA-DRA;SAR1B;AP2A2;LAG3;CANX;CTSS;HLA-DQA1;HLA-DMA;CTSH;AP2B1;CTSF;DYNC1LI1;HLA-DMB;DCTN4;ACTR1A;DCTN3;KIF11;KIF3A;RACGAP1;CENPE;AP1M1;SEC24C;HLA-DQA2;SEC24A;AP1M2,T cells
prerank,Reactome_2022__Interactions Of Rev With Host Cellular Proteins R-HSA-177243,0.7047755010681176,1.2337845122073043,0.15172413793103448,0.6618067906046886,1.0,19/37,10.88%,NPM1;TPR;NUP210;KPNB1;XPO1;RANBP1;NUP88;NUP214;NDC1;NUP205;RANGAP1;NUP37;NUP107;NUP133;NUP54;NUP188;RCC1;POM121;NUP42,T cells
prerank,Reactome_2022__Glucose Metabolism R-HSA-70326,0.6330152135266048,1.2337257025857156,0.14430379746835442,0.6595716594125695,1.0,30/87,10.97%,ENO1;MDH1;PKM;TPR;NUP210;PGK1;PGP;TPI1;PPP2CB;NUP88;PRKCA;NUP214;SLC25A13;NDC1;PPP2R1B;HOOK3;NUP205;SLC37A1;BPGM;NUP37;NUP107;NUP133;NUP54;NUP188;MAP4K2;ALDOB;POM121;PFKFB3;NUP42;PFKL,T cells
prerank,"Reactome_2022__TICAM1,TRAF6-dependent Induction Of TAK1 Complex R-HSA-9014325",0.8562263349855972,1.233234224457771,0.15396341463414634,0.6593095663884865,1.0,7/11,10.64%,UBB;UBC;UBA52;RPS27A;TICAM1;TRAF6;MAP3K7,T cells
prerank,Reactome_2022__Defective GALNT3 Causes HFTC R-HSA-5083625,0.7876583499744361,1.2327984736323923,0.17037037037037037,0.6590121824301515,1.0,3/17,7.40%,MUC1;GALNT3;MUC15,T cells
prerank,Reactome_2022__Glucocorticoid Biosynthesis R-HSA-194002,0.847175534967615,1.2291394168524472,0.1631321370309951,0.6753831094843078,1.0,3/10,15.29%,HSD11B2;POMC;HSD11B1,T cells
prerank,Reactome_2022__Glucuronidation R-HSA-156588,0.742022751136367,1.228890760374622,0.17705382436260622,0.674096976450423,1.0,6/25,14.64%,UGT2B7;UGT3A1;ABHD10;UGT2A3;UGP2;SLC35D1,T cells
prerank,Reactome_2022__Telomere Maintenance R-HSA-157579,0.6507095562542249,1.2278452619359435,0.15405405405405406,0.6770578960285895,1.0,26/64,12.25%,POLR2K;RPA3;NHP2;NOP10;PPP6R3;POLR2C;RUVBL1;PRIM2;PPP6C;PCNA;POLR2I;POT1;BLM;POLR2L;RFC4;TERF1;POLR1A;TERF2IP;POLR2G;ACD;CTC1;POLA1;POLR2J;RFC2;TINF2;TERF2,T cells
prerank,Reactome_2022__Fc Epsilon Receptor (FCERI) Signaling R-HSA-2454202,0.6140961646318356,1.227692710141366,0.12014134275618374,0.6753056842851244,1.0,59/129,9.80%,UBB;PSMB7;PSMB9;PSMB3;PSMD8;PSMA1;PSME2;PSMB5;UBC;PSMA2;ITK;RASGRP2;PSMD4;PSMA5;PSMB2;PSMA3;LYN;PSMD14;PSMA7;NFATC2;PSMD12;CALM1;MALT1;PSMB4;PIK3CA;UBA52;MAPK3;VAV3;GRAP2;MAP3K1;NFATC1;PSMD7;PSMD6;PKN2;UBE2N;PSMD2;FBXW11;PLCG2;PRKCQ;NFKB1;PSMD13;PSMA6;RPS27A;MAPK8;PSMB6;SKP1;PSME3;PSMC6;LCP2;CHUK;PSMC1;SOS1;PSMC4;UBE2D1;PLCG1;CUL1;PIK3R2;PSMC2;TRAF6,T cells
prerank,Reactome_2022__Phosphorylation Of APC/C R-HSA-176412,0.7697335792711855,1.227315979819275,0.18777943368107303,0.6748152701517914,1.0,17/20,14.21%,UBE2S;CDC26;ANAPC5;ANAPC11;UBE2E1;ANAPC4;UBE2C;CDC16;ANAPC2;UBE2D1;ANAPC16;ANAPC15;CDK1;CCNB1;PLK1;CDC23;CDC27,T cells
prerank,Reactome_2022__Late Phase Of HIV Life Cycle R-HSA-162599,0.607121638336701,1.2266731565403592,0.1207897793263647,0.6756169918002769,1.0,55/134,9.78%,UBB;TAF10;POLR2K;UBC;VPS4B;PPIA;TPR;VPS28;NUP210;NELFB;XPO1;POLR2C;RANBP1;UBA52;TAF9;CCNT1;POLR2I;TAF1;GTF2F1;NUP88;GTF2A2;NCBP2;TAF11;VPS37B;TCEA1;NUP214;GTF2H2;GTF2H4;CHMP5;NDC1;NMT1;NEDD4L;POLR2L;ELOA;RPS27A;CHMP2B;TAF2;MVB12B;SUPT4H1;TSG101;NUP205;RANGAP1;CCNK;NUP37;NUP107;NUP133;TAF9B;CCNT2;NUP54;NUP188;POLR2G;ERCC3;RCC1;SUPT16H;ELOC,T cells
prerank,Reactome_2022__HIV Life Cycle R-HSA-162587,0.6054672204553762,1.225405550149394,0.11382113821138211,0.6795612168171374,1.0,59/147,9.78%,UBB;TAF10;XRCC5;POLR2K;UBC;VPS4B;PPIA;TPR;VPS28;NUP210;XRCC6;NELFB;XPO1;POLR2C;RANBP1;UBA52;TAF9;CCNT1;POLR2I;TAF1;GTF2F1;NUP88;GTF2A2;NCBP2;TAF11;VPS37B;TCEA1;NUP214;GTF2H2;GTF2H4;CHMP5;NDC1;NMT1;NEDD4L;XRCC4;POLR2L;ELOA;RPS27A;CHMP2B;TAF2;MVB12B;KPNA1;SUPT4H1;TSG101;NUP205;RANGAP1;CCNK;NUP37;NUP107;NUP133;TAF9B;CCNT2;NUP54;NUP188;POLR2G;ERCC3;RCC1;SUPT16H;ELOC,T cells
prerank,Reactome_2022__Detoxification Of Reactive Oxygen Species R-HSA-3299685,0.7190909545395129,1.2249067550967458,0.16119828815977175,0.6795630995362187,1.0,14/33,8.75%,PRDX2;PRDX1;GSTP1;CYCS;ERO1A;PRDX3;SOD1;P4HB;GPX7;TXN2;GPX3;TXNRD1;CYBA;SOD3,T cells
prerank,Reactome_2022__Alpha-protein Kinase 1 Signaling Pathway R-HSA-9645460,0.8425051814558514,1.2247456478750711,0.17771084337349397,0.6779383137529698,1.0,6/11,10.64%,UBB;UBC;UBA52;RPS27A;TRAF6;MAP3K7,T cells
prerank,Reactome_2022__Metallothioneins Bind Metals R-HSA-5661231,0.8440208908888901,1.2242933026304537,0.18700475435816163,0.6777785419134416,1.0,6/11,11.61%,MT1E;MT2A;MT1F;MT1X;MT1G;MT1H,T cells
prerank,Reactome_2022__P2Y Receptors R-HSA-417957,0.8273706663747987,1.2242040521950628,0.19071310116086235,0.6756553261993701,1.0,2/11,7.97%,LPAR6;P2RY10,T cells
prerank,Reactome_2022__Acyl Chain Remodelling Of PE R-HSA-1482839,0.7258572412554395,1.2238331914214002,0.18077474892395984,0.6750177536326318,1.0,10/29,16.41%,LPCAT4;PNPLA8;MBOAT1;LPCAT3;PLA2G6;MBOAT2;PLA2G4B;PLA2G12A;PLA2R1;PLAAT4,T cells
prerank,MSigDB_Hallmark_2020__Allograft Rejection,0.5968169184591289,1.2235075748722413,0.10686164229471316,0.46605786396891513,0.986,46/196,6.10%,RPS9;GZMA;CD3D;LCK;IFNG;NPM1;CCL5;CCL4;PRKCB;RPS19;ITGB2;CD74;LTB;CD8B;TAPBP;CD3E;PTPRC;ITK;SIT1;FYB1;LYN;CD3G;CD8A;TRAT1;GBP2;HLA-DRA;EIF3A;NME1;RPL9;STAT1;TAP1;LY75;IRF7;CTSS;HLA-DQA1;HLA-DMA;GLMN;UBE2N;IRF4;STAT4;HLA-A;IFNAR2;HLA-DMB;RPS3A;ITGAL;CCND3,T cells
prerank,Reactome_2022__Transcriptional Regulation By TP53 R-HSA-3700989,0.5684252456546137,1.2230243289547895,0.05496828752642706,0.6768048743726961,1.0,117/353,9.79%,COX6A1;PRDX2;COX7C;NPM1;UBB;TAF10;PRDX1;COX8A;COX5B;PRELID1;COX16;EHMT1;POLR2K;COX6B1;BAX;BTG2;COX4I1;YWHAB;CSNK2B;CYCS;UBC;RPA3;COX7B;YWHAQ;TFDP2;RABGGTB;PRDM1;HDAC2;YWHAZ;NELFB;YWHAH;POLR2C;SURF1;MEAF6;LAMTOR3;USP7;COX6C;NOC2L;RNF34;MRE11;UBA52;TAF9;CCNT1;PCNA;HDAC1;POLR2I;TIGAR;TAF1;GATAD2B;GTF2F1;PPP2CB;PMAIP1;CREBBP;BRD7;LAMTOR5;CHD4;TAF11;PRMT1;PERP;TCEA1;BLM;GTF2H2;TMEM219;CNOT10;PPP2R5C;GTF2H4;RBL2;CNOT4;COX5A;RGCC;PPP2R1B;PRKAA2;TXN2;CNOT11;POLR2L;ELOA;RPS27A;RAD17;RAD50;MSH2;SMYD2;MAP2K6;TAF2;PRKAG1;SCO2;RFC4;SUPT4H1;LAMTOR2;BRPF3;CENPJ;RBBP8;TXNRD1;CDK5;TP53I3;TNRC6B;CCNK;TRIAP1;POLR1A;SESN3;TAF9B;MOV10;CCNT2;COX18;PPP1R13L;TPX2;MAPKAP1;RRAGB;POLR2G;ERCC3;RHEB;RBBP7;FANCI;SUPT16H;RRAGA;EHMT2;ELOC;CNOT2,T cells
prerank,Reactome_2022__Antigen Processing: Ubiquitination And Proteasome Degradation R-HSA-983168,0.575540504282791,1.2208723425366605,0.08485499462943072,0.685458512820255,1.0,96/306,9.78%,UBB;PSMB7;PSMB9;PSMB3;PSMD8;PSMA1;PSME2;RNF126;UBE2L3;ANAPC13;PSMB5;UBE2S;UBC;PSMA2;PSMD4;RBBP6;CDC26;PSMA5;PSMB2;PSMA3;UBE2G1;PSMD14;UBE3C;RBX1;UBA3;PSMA7;RNF19A;UBE2L6;RCHY1;FBXW5;ANAPC5;PSMD12;RNF6;ANAPC11;PSMB4;RNF34;ATG7;UBA52;RNF111;UBE2K;ASB8;KLHL20;UBE2Z;UBA6;PJA1;PSMD7;FBXO6;PSMD6;DZIP3;UBE2A;GLMN;UBE2N;PSMD2;ARIH2;RNF213;FBXW11;HUWE1;UBE2E1;ANAPC4;DCAF1;NEDD4L;RLIM;TRAF7;PSMD13;PSMA6;HACE1;UBE2C;UBE2E3;RPS27A;UBE2O;PSMB6;FZR1;ITCH;MYLIP;SKP1;LRRC41;PJA2;PSME3;CDC16;PSMC6;TRIM39;ANAPC2;CUL5;WSB1;PSMC1;PSMC4;UBE2D1;SKP2;HECW2;HERC5;CUL1;UBE2E2;CUL3;PSMC2;UFL1;ELOC,T cells
prerank,MSigDB_Hallmark_2020__Androgen Response,0.6100079536394014,1.2204519002563685,0.15659679408138102,0.4391204595045565,0.988,43/99,11.57%,XRCC5;SAT1;SRP19;CDK6;TNFAIP8;IDI1;LMAN1;XRCC6;SELENOP;PIAS1;SMS;B4GALT1;GNAI3;UBE2I;KRT8;PLPP1;APPBP2;RAB4A;SLC38A2;KRT19;INSIG1;NGLY1;MYL12A;STK39;LIFR;CCND3;NCOA4;PDLIM5;ADRM1;ZMIZ1;ZBTB10;CCND1;DBI;TMPRSS2;ADAMTS1;UAP1;ARID5B;HMGCR;SORD;ELOVL5;B2M;BMPR1B;HPGD,T cells
prerank,Reactome_2022__Eicosanoid Ligand-Binding Receptors R-HSA-391903,-0.7313610501242022,-1.2203857699647402,0.23119777158774374,1.0,1.0,2/15,2.42%,PTGDR;PTGER4,T cells
prerank,Reactome_2022__TP53 Regulates Transcription Of Genes Involved In G1 Cell Cycle Arrest R-HSA-6804116,-0.7532196319367451,-1.2200312562598337,0.21024258760107817,1.0,1.0,6/14,10.48%,CDKN1B;CDKN1A;ARID3A;E2F8;PCBP4;CDK2,T cells
prerank,Reactome_2022__Recycling Of Bile Acids And Salts R-HSA-159418,0.7667377916529892,1.2181597596899725,0.2009273570324575,0.6966358367697854,1.0,4/18,5.92%,NCOA1;SLC27A5;NCOA2;RXRA,T cells
prerank,Reactome_2022__SLC Transporter Disorders R-HSA-5619102,0.6198993722929249,1.217249383761665,0.13927227101631118,0.6985399766661445,1.0,34/99,13.98%,SLC12A1;TPR;NUP210;BSG;NUP88;NUP214;NDC1;SLC4A4;SLC3A2;SLC39A4;SLC11A2;NUP205;NUP37;SLC35A3;SLC3A1;NUP107;NUP133;NUP54;NUP188;SLC24A1;MAP4K2;AVPR2;SLC4A1;POM121;SLC35A1;NUP42;SLC27A4;SLC35A2;SLC16A1;SLC12A6;NUP155;SLC9A7;SEH1L;MAP4K5,T cells
prerank,Reactome_2022__Antigen processing-Cross Presentation R-HSA-1236975,0.6223074674066588,1.2170851260564313,0.1440677966101695,0.6968936075223758,1.0,39/104,8.42%,SEC61G;UBB;PSMB7;PSMB9;PDIA3;SEC61B;PSMB3;PSMD8;PSMA1;PSME2;TAPBP;PSMB5;UBC;PSMA2;PSMD4;PSMA5;PSMB2;PSMA3;PSMD14;PSMA7;PSMD12;PSMB4;SEC22B;UBA52;CTSS;PSMD7;PSMD6;PSMD2;HLA-A;PSMD13;PSMA6;RPS27A;PSMB6;PSME3;PSMC6;CYBA;CHUK;CALR;PSMC1,T cells
prerank,Reactome_2022__Glycolysis R-HSA-70171,0.6418346355275639,1.216810612861856,0.17470664928292046,0.6958289767881919,1.0,27/68,10.97%,ENO1;PKM;TPR;NUP210;PGK1;PGP;TPI1;PPP2CB;NUP88;PRKCA;NUP214;NDC1;PPP2R1B;HOOK3;NUP205;BPGM;NUP37;NUP107;NUP133;NUP54;NUP188;MAP4K2;ALDOB;POM121;PFKFB3;NUP42;PFKL,T cells
prerank,Reactome_2022__PTEN Regulation R-HSA-6807070,0.6088562055553042,1.216085679010089,0.10928319623971798,0.6970279316621997,1.0,60/138,9.90%,UBB;PSMB7;PSMB9;PSMB3;PSMD8;PSMA1;PSME2;CSNK2B;PSMB5;UBC;PSMA2;PSMD4;PSMA5;PSMB2;PSMA3;PSMD14;PSMA7;HDAC2;PSMD12;TNKS;LAMTOR3;USP7;PSMB4;MECOM;UBA52;HDAC1;MAPK3;GATAD2B;LAMTOR5;CHD4;PSMD7;EZH2;PSMD6;MTA1;PSMD2;PSMD13;PSMA6;RPS27A;CBX4;PSMB6;RNF2;LAMTOR2;PSME3;PSMC6;HDAC3;TNKS2;TNRC6B;EED;HDAC5;WWP2;PSMC1;MOV10;PSMC4;RRAGB;RHEB;RBBP7;RRAGA;RCOR1;PSMC2;MAF1,T cells
prerank,Reactome_2022__Response To Elevated Platelet Cytosolic Ca2+ R-HSA-76005,0.60173532845286,1.2155970106348475,0.13196125907990314,0.6969596542919263,1.0,35/128,9.13%,PFN1;CTSW;PRKCB;CD63;TUBA4A;TMSB4X;PPIA;FAM3C;CLU;APP;SELENOP;CALM1;EGF;KNG1;ANXA5;VEGFB;SOD1;PRKCA;MANF;LGALS3BP;CD9;FERMT3;PLEK;CDC37L1;PHACTR2;OLA1;APLP2;SCCPDH;BRPF3;LAMP2;VEGFA;SOS1;ACTN4;QSOX1;TLN1,T cells
prerank,Reactome_2022__Aspirin ADME R-HSA-9749641,0.6871794362641782,1.2147714994670273,0.1888111888111888,0.6984068618680239,1.0,8/43,18.04%,BSG;UGT2B7;UGT3A1;SLC16A1;UGT2A3;ACSM2A;ALB;GLYAT,T cells
prerank,Reactome_2022__Transcriptional Regulation By MECP2 R-HSA-8986944,0.6471661115159684,1.2146158078476141,0.15810276679841898,0.6967290062709037,1.0,27/60,13.99%,CREB1;HDAC2;CALM1;LBR;HDAC1;PRKCA;NCOR1;SLC2A3;MECP2;PTPN1;TBL1XR1;HDAC3;CAMK2D;NOTCH1;TNRC6B;OPRM1;TBL1X;MOV10;PVALB;IRAK1;AGO4;DGCR8;MEF2C;AGO1;PPARG;AGO3;SGK1,T cells
prerank,Reactome_2022__Synthesis Of Prostaglandins (PG) And Thromboxanes (TX) R-HSA-2162123,-0.7326394487433625,-1.2145237816415806,0.23314606741573032,1.0,1.0,5/15,5.25%,PTGES3;TBXAS1;PTGDS;AKR1C3;PTGES2,T cells
prerank,Reactome_2022__Cholesterol Biosynthesis R-HSA-191273,0.7213535682605234,1.2139728709165745,0.22046109510086456,0.6973556259116592,1.0,16/26,14.51%,IDI1;LBR;MSMO1;PMVK;CYP51A1;SQLE;FDPS;MVD;HMGCR;SREBF2;SC5D;FDFT1;DHCR24;DHCR7;TM7SF2;SH3D19,T cells
prerank,Reactome_2022__EPH-Ephrin Signaling R-HSA-2682334,0.6281867867457522,1.2136828514229274,0.14050632911392405,0.6964484778599771,1.0,27/90,8.54%,ARPC1B;MYL6;ARPC3;ACTR2;LYN;YES1;ARPC2;PSEN1;ACTG1;ADAM10;AP2A2;ARPC5;VAV3;GIT1;PKN2;PSENEN;AP2B1;CLTB;MYL12A;MYH9;MYL9;ITSN1;MYL12B;WASL;EFNA4;EFNA5;ARHGEF7,T cells
prerank,Reactome_2022__Extension Of Telomeres R-HSA-180786,0.659504246855909,1.2133951639356002,0.18601398601398603,0.6955250061011636,1.0,20/50,12.25%,RPA3;NHP2;NOP10;PPP6R3;RUVBL1;PRIM2;PPP6C;PCNA;POT1;BLM;RFC4;TERF1;POLR1A;TERF2IP;ACD;CTC1;POLA1;RFC2;TINF2;TERF2,T cells
prerank,Reactome_2022__MAPK Targets/ Nuclear Events Mediated By MAP Kinases R-HSA-450282,-0.6283905859849575,-1.2128219697984612,0.19365079365079366,1.0,1.0,11/30,5.66%,JUN;DUSP6;MAPK1;MAPK14;RPS6KA3;RPS6KA1;FOS;DUSP7;PPP2CA;PPP2R5D;PPP2R1A,T cells
prerank,Reactome_2022__Transport Of Nucleosides And Free Purine And Pyrimidine Bases Across Plasma Membrane R-HSA-83936,0.8275892822957003,1.212252866587053,0.1964856230031949,0.6987569866227197,1.0,5/12,11.65%,SLC25A5;SLC25A6;ARL2;SLC25A4;SLC29A1,T cells
prerank,Reactome_2022__Biological Oxidations R-HSA-211859,0.5809153169102806,1.2121423650915057,0.09692132269099202,0.6969306449312342,1.0,62/210,16.29%,GSTP1;AURKAIP1;HSP90AB1;SLC38A1;ADH5;TRMT112;COMT;NCOA1;GSTM3;MGST3;FDX1;ACSS1;ESD;NCOA2;ALDH1A1;BPNT1;CYP51A1;GSTK1;BPHL;NQO2;POMC;RXRA;ALDH2;SULT1B1;CYB5B;AKR7A2;UGT2B7;MGST1;GSTO2;UGT3A1;TPST1;CYP2U1;ACSS2;CYP1B1;ABHD10;GSTA4;GSTA1;MAOA;CYB5R3;ACY1;NR1H4;MAOB;UGT2A3;GSTA2;MGST2;UGP2;TPMT;GSTM4;GGCT;PRNP;SLC35D1;GSTM2;GGT6;AKR7A3;ACSM2A;OPLAH;PAPSS2;DPEP1;PTGS1;AOC1;AS3MT;CYP4F22,T cells
prerank,Reactome_2022__SMAD2/SMAD3:SMAD4 Heterotrimer Regulates Transcription R-HSA-2173796,0.6883783260177214,1.210952879608795,0.21671388101983002,0.7002400825561255,1.0,18/36,10.39%,YBX1;UBB;UBC;TFDP2;UBA52;RNF111;CCNT1;HDAC1;MAPK3;TGIF1;MYC;RPS27A;CCNK;TGIF2;CCNT2;WWTR1;E2F5;CDK8,T cells
prerank,Reactome_2022__Metabolism Of Fat-Soluble Vitamins R-HSA-6806667,0.6623634941642461,1.2094039307671434,0.1970705725699068,0.7051190154082283,1.0,23/47,18.08%,RDH11;VKORC1;UBIAD1;APOE;LDLR;VKORC1L1;SDC1;HSPG2;LRP10;SDC2;LRP12;LRP2;AKR1C1;AGRN;APOM;SDC3;GPC3;LPL;RBP4;SDC4;APOA1;APOC2;RBP1,T cells
prerank,Reactome_2022__Diseases Of Signal Transduction By Growth Factor Receptors And Second Messengers R-HSA-5663202,0.5646664494052385,1.2089559623844781,0.05654450261780105,0.7048505208918963,1.0,149/420,10.45%,LCK;PEBP1;NPM1;UBB;PSMB7;PSMB9;MSN;PSMB3;PSMD8;PSMA1;PSME2;PPP1CC;AKAP9;POLR2K;YWHAB;PSMB5;UBC;PSMA2;VCP;FXR1;BIRC6;PSMD4;PSMA5;PSMB2;PSMA3;LYN;SEC31A;TRAT1;GOLGB1;CREB1;RPS6;TPR;PSMD14;AP3B1;YES1;RBX1;PSMA7;DCTN1;HDAC2;SNW1;STAT1;PSMD12;PSEN1;LRRFIP1;SHOC2;RAC2;TGFBR1;CALM1;ADAM10;POLR2C;TNKS;GCC2;EGF;MAP2K1;PSMB4;ATG7;PIK3CA;ADAM17;UBA52;STAT5B;ZMYM2;HDAC1;ATIC;MAPK3;POLR2I;GTF2F1;ERLEC1;HIP1;PPP2CB;CREBBP;PTPN11;EIF2AK3;ERBIN;NCBP2;SQSTM1;PSMD7;NCOR1;HDAC8;PSMD6;LMNA;PSENEN;KDM7A;ARAF;HDAC4;PSMD2;PPP2R5C;RNF213;CTBP1;MECP2;PPP2R1B;PPM1B;TCF7L2;POLR2L;PSMD13;MYC;PSMA6;KSR1;JAG1;BIN2;RPS27A;BAD;PSMB6;KL;TBL1XR1;SKP1;SPTBN1;PSME3;CPSF6;MARK3;PSMC6;HDAC3;CAMK2D;CBL;TNKS2;NOTCH1;PPP1CB;MYH9;FZD4;EGFR;PPP2R5A;CDC37;TBL1X;ZC3HC1;HDAC5;CHUK;MAP3K11;PSMC1;ERBB4;SOS1;DUSP10;FGFR3;MAPKAP1;PSMC4;TLN1;PLCG1;POLR2G;CUL1;CSNK1A1;TGFBR2;AKT1S1;PIK3R2;PSMC2;LRP5;PPP2R5B;MAML1;LMO7;LONP1;CDK8;NR4A1,T cells
prerank,Reactome_2022__Conversion From APC/C:Cdc20 To APC/C:Cdh1 In Late Anaphase R-HSA-176407,0.7634609455845957,1.2081675334368827,0.21699544764795145,0.7064208763420873,1.0,13/20,10.52%,UBE2S;CDC26;ANAPC5;ANAPC11;UBE2E1;ANAPC4;UBE2C;FZR1;CDC16;ANAPC2;UBE2D1;ANAPC16;ANAPC15,T cells
prerank,Reactome_2022__IRAK2 Mediated Activation Of TAK1 Complex R-HSA-937042,0.8442531962917122,1.208161100557473,0.17727272727272728,0.7040311544031798,1.0,6/10,10.64%,UBB;UBC;UBA52;RPS27A;TRAF6;MAP3K7,T cells
prerank,Reactome_2022__Interleukin-4 And Interleukin-13 Signaling R-HSA-6785807,-0.5185536700754513,-1.2071816292028241,0.15675675675675677,1.0,1.0,18/107,2.88%,TGFB1;HSP90AA1;MCL1;PIK3R1;JAK1;BCL2;HSP90B1;STAT3;VIM;FASLG;JAK3;ITGAM;GATA3;AKT1;RORA;SOCS1;FOS;ITGAX,T cells
prerank,Reactome_2022__ESR-mediated Signaling R-HSA-8939211,-0.48994816724500195,-1.2069740755783556,0.09202453987730061,1.0,1.0,41/159,5.43%,JUN;FOSB;DDX5;JUND;HSP90AA1;PIK3R1;CTSD;NCOA3;BCL2;CXXC5;PTGES3;RUNX1;MAPK1;CDKN1B;FKBP5;GNB2;ZNF217;UHMK1;AKT2;GNAI2;GATA3;AKT1;TNRC6C;EBAG9;EP300;FOS;TLE3;STAG2;GTF2F2;AGO2;POLR2A;AKT3;AREG;POLR2F;POLR2D;POLR2E;GNB1;GNGT2;CHD1;PPP5C;CDK9,T cells
prerank,Reactome_2022__Metabolism Of Steroids R-HSA-8957322,0.5921902002377648,1.2061407371142199,0.12707838479809977,0.7117916197082296,1.0,53/153,13.93%,MBTPS1;OSBP;IDI1;NCOA1;KPNB1;SAR1B;LBR;OSBPL9;FDX1;MSMO1;NFYC;UBE2I;CREBBP;PMVK;SLC27A5;NCOA2;CHD9;CYP51A1;AKR1B1;HSD11B2;SQLE;INSIG1;OSBPL3;HSD17B12;POMC;RXRA;SCAP;TBL1XR1;FDPS;NCOA6;TBL1X;INSIG2;MVD;SEC24C;MBD4;SEC24A;NFYA;LDLRAP1;HELZ2;HMGCR;SREBF2;PIAS4;GPAM;HSD17B11;SC5D;FDFT1;NR1H4;LGMN;LRP2;AKR1C1;DHCR24;DHCR7;TM7SF2,T cells
prerank,Reactome_2022__Diseases Of Mitotic Cell Cycle R-HSA-9675126,0.6880957253328371,1.2054165849607874,0.21309192200557103,0.7130364059426648,1.0,23/38,12.31%,UBE2S;CDC26;CDK6;TFDP2;RB1;ANAPC5;ANAPC11;UBE2E1;ANAPC4;UBE2C;CCND3;FZR1;CDC16;ANAPC2;CCND1;UBE2D1;SKP2;CCND2;ANAPC16;ANAPC15;CDKN1C;TFDP1;E2F1,T cells
prerank,Reactome_2022__Plasma Lipoprotein Clearance R-HSA-8964043,0.6888424143986506,1.205035862315474,0.20422535211267606,0.7124533500034061,1.0,12/35,8.04%,UBB;UBC;AP2A2;HDLBP;SOAT1;UBA52;AP2B1;RPS27A;MYLIP;APOE;APOBR;LDLR,T cells
prerank,Reactome_2022__ERCC6 (CSB) And EHMT2 (G9a) Positively Regulate rRNA Expression R-HSA-427389,0.7852840543270817,1.2050181679138983,0.23494860499265785,0.7101483631643194,1.0,8/16,9.77%,CBX3;HDAC2;HDAC1;GATAD2B;CHD4;MTA1;RBBP7;EHMT2,T cells
prerank,Reactome_2022__Processing Of SMDT1 R-HSA-8949664,0.7980670811022046,1.2038986065293382,0.21684867394695787,0.7133747005948591,1.0,10/15,7.98%,YME1L1;SMDT1;STOML2;PHB2;PMPCA;PMPCB;MAIP1;MCU;AFG3L2;MICU2,T cells
prerank,Reactome_2022__Aberrant Regulation Of Mitotic Cell Cycle Due To RB1 Defects R-HSA-9687139,0.6948624064072851,1.203748135335994,0.20768136557610242,0.7116896872352653,1.0,23/36,12.31%,UBE2S;CDC26;CDK6;TFDP2;RB1;ANAPC5;ANAPC11;UBE2E1;ANAPC4;UBE2C;CCND3;FZR1;CDC16;ANAPC2;CCND1;UBE2D1;SKP2;CCND2;ANAPC16;ANAPC15;CDKN1C;TFDP1;E2F1,T cells
prerank,Reactome_2022__Other Interleukin Signaling R-HSA-449836,-0.646937326817247,-1.202687152965277,0.24342105263157895,1.0,1.0,5/24,2.53%,IL16;JAK1;STXBP2;STX4;CD4,T cells
prerank,Reactome_2022__Arachidonic Acid Metabolism R-HSA-2142753,-0.5542838910123347,-1.202234068140032,0.17886178861788618,1.0,1.0,6/58,5.25%,ALOX5AP;PTGES3;TBXAS1;PTGDS;AKR1C3;PTGES2,T cells
prerank,Reactome_2022__DNA Damage Recognition In GG-NER R-HSA-5696394,0.6965745177992241,1.202165971302625,0.20527045769764216,0.7167276065223617,1.0,16/37,8.62%,UBB;UBC;COPS5;RBX1;RUVBL1;COPS6;UBA52;TFPT;ACTR8;COPS3;RAD23A;RPS27A;GPS1;PARP2;PARP1;CUL4B,T cells
prerank,Reactome_2022__DNA Damage Bypass R-HSA-73893,0.6616432719956716,1.2013329013290803,0.19113573407202217,0.7184196277196543,1.0,24/48,12.27%,UBB;UBC;VCP;RPA3;RBX1;UBE2L6;RCHY1;POLE4;POLK;USP1;UBA52;PCNA;RPS27A;RFC4;POLE2;PCLAF;POLR1A;CUL4B;POLI;POLH;DTL;RFC2;MAD2L2;DDB1,T cells
prerank,Reactome_2022__Phase I - Functionalization Of Compounds R-HSA-211945,0.6102577677634446,1.2009627438357062,0.14754098360655737,0.7177766007912564,1.0,22/100,13.41%,AURKAIP1;HSP90AB1;ADH5;NCOA1;FDX1;ACSS1;NCOA2;ALDH1A1;CYP51A1;BPHL;NQO2;POMC;RXRA;ALDH2;CYB5B;CYP2U1;ACSS2;CYP1B1;MAOA;CYB5R3;NR1H4;MAOB,T cells
prerank,Reactome_2022__FGFR3 Ligand Binding And Activation R-HSA-190239,0.812546498485244,1.2008994484093185,0.18789808917197454,0.7157139059939067,1.0,3/13,14.51%,GALNT3;FGFR3;FGF9,T cells
prerank,MSigDB_Hallmark_2020__IL-6/JAK/STAT3 Signaling,-0.5294573029029597,-1.2006088230426208,0.13617021276595745,0.8600852272727273,0.615,16/87,5.49%,JUN;TGFB1;IRF1;STAT3;GRB2;IFNGR1;STAM2;BAK1;SOCS1;CD44;IRF9;IL2RG;IL18R1;CD38;CSF2;TNFRSF1B,T cells
prerank,Reactome_2022__Phospholipase C-mediated Cascade; FGFR3 R-HSA-5654227,0.8042866356379781,1.1999512874312994,0.2082670906200318,0.7180541145464673,1.0,3/13,14.51%,FGFR3;PLCG1;FGF9,T cells
prerank,Reactome_2022__Biosynthesis Of DHA-derived SPMs R-HSA-9018677,0.7664713785790163,1.1997986501605429,0.25541795665634676,0.7164330535890122,1.0,5/16,14.24%,EPHX2;HPGD;GPX4;LTA4H;GSTM4,T cells
prerank,Reactome_2022__MAPK Family Signaling Cascades R-HSA-5683057,0.5643004834491933,1.1972975942946573,0.1025081788440567,0.7259641747037677,1.0,92/316,10.15%,PEBP1;UBB;PSMB7;PSMB9;PSMB3;HSPB1;PSMD8;PSMA1;PSME2;PPP1CC;YWHAB;PSMB5;UBC;PSMA2;DUSP2;PSMD4;RASA2;PSMA5;PSMB2;SPTAN1;PSMA3;PSMD14;RBX1;PSMA7;PSMD12;SHOC2;CALM1;XPO1;EGF;RANBP9;LAMTOR3;MAP2K1;PSMB4;SEPTIN7;PIK3CA;UBA52;MAPK3;PTPN7;DUSP5;PPP2CB;PTPN11;LYPLA1;ABHD17B;PRKCA;PSMD7;PSMD6;PKN2;ARAF;PSMD2;PPP2R5C;PPP2R1B;PTPRA;PRKCQ;PSMD13;MYC;PSMA6;KSR1;CCND3;RPS27A;PSMB6;GOLGA7;KL;IL6ST;ARL2;SPTBN1;LAMTOR2;PSME3;MARK3;PSMC6;CAMK2D;TNRC6B;PPP1CB;EGFR;PPP2R5A;MAP3K11;PSMC1;ERBB4;SOS1;ARHGEF7;DLG1;DUSP10;MOV10;FGFR3;PSMC4;TLN1;MAPK6;CUL3;PIK3R2;PSMC2;ABHD17C;DAB2IP;PPP2R5B,T cells
prerank,Reactome_2022__PECAM1 Interactions R-HSA-210990,0.8081629397610269,1.197215665574715,0.20421393841166938,0.7239298631595485,1.0,4/12,3.26%,LCK;LYN;YES1;PTPN11,T cells
prerank,MSigDB_Hallmark_2020__heme Metabolism,0.5776889626395793,1.1969965556860809,0.128,0.4934632416101419,0.996,74/194,14.36%,PRDX2;GYPC;GLRX5;BTG2;TOP1;PICALM;TFDP2;UCP2;NARF;HTRA2;RNF19A;USP15;PGLS;TRAK2;MGST3;BCAM;TENT5C;BSG;GAPVD1;ADIPOR1;CA2;SYNJ1;TCEA1;SLC66A2;KDM7A;PPOX;CDR2;DCUN1D1;MINPP1;VEZF1;RAD23A;CPOX;NUDT4;CCND3;NCOA4;CCDC28A;SLC11A2;AQP3;LAMP2;MARK3;TNRC6B;BLVRB;KLF3;BPGM;NEK7;ACP5;TMEM9B;NNT;RAP1GAP;OPTN;SLC4A1;PPP2R5B;SLC25A38;RBM38;LRP10;UROD;ISCA1;DCAF10;ALDH1L1;BACH1;ATG4A;RIOK3;ALAD;RCL1;SELENBP1;CTNS;IGSF3;MBOAT2;HEBP1;CTSB;EPOR;CDC27;SDCBP;FBXO7,T cells
prerank,Reactome_2022__MET Activates RAP1 And RAC1 R-HSA-8875555,-0.7621931791308594,-1.1968298710128262,0.2923076923076923,1.0,1.0,6/11,7.05%,RAP1B;GRB2;RAP1A;CRKL;CRK;RNMT,T cells
prerank,Reactome_2022__Cytoprotection By HMOX1 R-HSA-9707564,0.647432378591987,1.1948770371004747,0.1942257217847769,0.7326828815706931,1.0,28/57,7.88%,COX6A1;COX7C;COX8A;COX5B;COX16;COX6B1;COX4I1;CYCS;COX7B;NCOA1;SURF1;HMOX2;COX6C;CREBBP;NCOR1;NCOA2;CHD9;SIN3B;COX5A;NFE2L2;RXRA;SCO2;TBL1XR1;ABCC1;NCOA6;HDAC3;BLVRB;TBL1X,T cells
prerank,Reactome_2022__Platelet Degranulation R-HSA-114608,0.5911233991239293,1.1948607513497398,0.16019417475728157,0.7303775245987923,1.0,35/123,9.96%,PFN1;CTSW;CD63;TUBA4A;TMSB4X;PPIA;FAM3C;CLU;APP;SELENOP;CALM1;EGF;KNG1;ANXA5;VEGFB;SOD1;MANF;LGALS3BP;CD9;FERMT3;PLEK;CDC37L1;PHACTR2;OLA1;APLP2;SCCPDH;BRPF3;LAMP2;VEGFA;SOS1;ACTN4;QSOX1;TLN1;SGPP2;SERPING1,T cells
prerank,Reactome_2022__Chaperone Mediated Autophagy R-HSA-9613829,0.7329344837997072,1.1948518462628346,0.22023809523809523,0.728059185891496,1.0,9/20,6.99%,PARK7;UBB;HSP90AB1;HSPA8;UBC;UBA52;PLIN2;RPS27A;LAMP2,T cells
prerank,"Reactome_2022__Synthesis, Secretion, And Deacylation Of Ghrelin R-HSA-422085",0.7350298296041602,1.1947437524468525,0.2545454545454545,0.7262633938236154,1.0,2/19,2.36%,SEC11C;SEC11A,T cells
prerank,Reactome_2022__TP53 Regulates Transcription Of Cell Cycle Genes R-HSA-6791312,0.6582982728854943,1.1939509399945234,0.19168900804289543,0.727691633801927,1.0,18/49,12.31%,NPM1;BAX;BTG2;TFDP2;PCNA;PRMT1;CNOT10;RBL2;CNOT4;RGCC;CNOT11;CENPJ;CNOT2;CDK1;CCNB1;CNOT6;TFDP1;E2F1,T cells
prerank,Reactome_2022__Regulation Of BACH1 Activity R-HSA-9708530,0.8133501340449593,1.193009831417595,0.23939393939393938,0.7298844939248317,1.0,8/11,9.34%,UBB;UBC;RBX1;UBA52;RPS27A;SKP1;SKP2;CUL1,T cells
prerank,Reactome_2022__Synthesis Of Bile Acids And Bile Salts R-HSA-192105,0.6834118526015561,1.192211781626115,0.24177396280400573,0.7312300590214654,1.0,7/34,5.92%,OSBP;NCOA1;OSBPL9;SLC27A5;NCOA2;OSBPL3;RXRA,T cells
prerank,Reactome_2022__Translesion Synthesis By Y Family DNA Polymerases Bypasses Lesions On DNA Template R-HSA-110313,0.6715830000307627,1.192123724104867,0.21233859397417504,0.7293166155579847,1.0,17/39,9.41%,UBB;UBC;VCP;RPA3;UBE2L6;RCHY1;POLE4;POLK;UBA52;PCNA;RPS27A;RFC4;POLE2;PCLAF;POLR1A;POLI;POLH,T cells
prerank,Reactome_2022__Sealing Of Nuclear Envelope (NE) By ESCRT-III R-HSA-9668328,0.6870284980739022,1.1900968585856109,0.22708039492242596,0.7363795367650541,1.0,6/29,6.27%,TUBA4A;IST1;TUBB4B;TUBA1B;TUBA1A;CHMP2B,T cells
prerank,Reactome_2022__Nuclear Envelope Breakdown R-HSA-2980766,0.6479812186727858,1.189580162007557,0.21750663129973474,0.7365355703362054,1.0,30/53,13.91%,PRKCB;TPR;NUP210;NUP88;PRKCA;LMNA;NUP214;NDC1;NUP205;NEK7;NUP37;NUP107;NUP133;LPIN1;NEK9;NUP54;NUP188;CTDNEP1;CCNB2;POM121;CDK1;NUP42;CCNB1;PLK1;VRK1;LEMD3;NUP155;LPIN3;SEH1L;LMNB1,T cells
prerank,Reactome_2022__Potential Therapeutics For SARS R-HSA-9679191,0.6141531887123036,1.189492453292059,0.1853720050441362,0.7346438977614045,1.0,31/94,7.89%,FXYD2;SAP18;ATP1B1;HSP90AB1;FKBP4;COMT;RBX1;ATP1B3;BRD4;HDAC2;HMG20B;AP2A2;ITGA4;HDAC1;ITGB1;GATAD2B;CRBN;CHD4;FXYD4;MTA1;AP2B1;PLCG2;ARID4A;IFNAR2;NFE2L2;BRMS1L;IFNAR1;PHF21A;CYSLTR1;VEGFA;S1PR1,T cells
prerank,Reactome_2022__ABC Transporters In Lipid Homeostasis R-HSA-1369062,-0.6770736692555244,-1.189159312290968,0.22988505747126436,1.0,1.0,4/18,5.11%,ABCA5;ABCA2;ABCD2;PEX19,T cells
prerank,Reactome_2022__IRF3-mediated Induction Of Type I IFN R-HSA-3270619,0.8015905750268603,1.1890594003385029,0.21608832807570977,0.7344926035488425,1.0,3/12,2.86%,XRCC5;XRCC6;MRE11,T cells
prerank,Reactome_2022__Intrinsic Pathway Of Fibrin Clot Formation R-HSA-140837,0.747518986569272,1.1883782386137305,0.2383177570093458,0.7354538022034315,1.0,7/21,13.35%,C1QBP;KNG1;PRCP;FAM110A;SERPING1;F8;KLKB1,T cells
prerank,Reactome_2022__Peptide Hormone Metabolism R-HSA-2980736,0.6078639315949539,1.187413016958568,0.17280813214739518,0.7376349439702983,1.0,14/89,6.66%,GZMH;SEC11C;RAB27A;ERO1A;VAMP2;SEC11A;EXOC7;SLC30A7;EXOC4;SLC30A6;TCF7L2;POMC;EXOC8;CPE,T cells
prerank,Reactome_2022__Regulation Of PLK1 Activity At G2/M Transition R-HSA-2565942,0.6129714985022396,1.1873633948474995,0.18476903870162298,0.7355921860972446,1.0,39/86,11.48%,DYNLL1;UBB;AKAP9;TUBA4A;UBC;CDK5RAP2;DCTN1;TUBB4B;PCM1;CEP63;CEP57;UBA52;SSNA1;PRKCA;CKAP5;FBXW11;NDE1;OFD1;TUBA1A;RPS27A;ACTR1A;SKP1;DCTN3;CENPJ;CEP290;HAUS2;PPP1CB;RAB8A;PPP1R12B;CCP110;CUL1;OPTN;CCNB2;SFI1;HAUS8;CEP164;CDK1;CCNB1;PLK1,T cells
prerank,Reactome_2022__E2F Mediated Regulation Of DNA Replication R-HSA-113510,0.7305207279599154,1.187355214027197,0.24566473988439305,0.7333579444683385,1.0,14/22,12.31%,TFDP2;RB1;PRIM2;PPP2CB;PPP2R1B;ORC3;ORC4;ORC5;POLA1;CDK1;CCNB1;TFDP1;MCM8;E2F1,T cells
prerank,MSigDB_Hallmark_2020__TGF-beta Signaling,-0.5598234649718896,-1.1869819306664053,0.19318181818181818,0.47022964015151514,0.638,14/54,5.43%,TGFB1;JUNB;SMURF2;SKIL;RHOA;SMAD7;ID2;PPP1CA;FURIN;UBE2D3;FKBP1A;SKI;CTNNB1;CDK9,T cells
prerank,Reactome_2022__Cargo Concentration In ER R-HSA-5694530,0.6761219429251601,1.1864759309159387,0.23871906841339155,0.7350181360772933,1.0,11/32,9.75%,CTSC;LMAN1;SAR1B;LMAN2;TMED2;SEC22B;CD59;CNIH1;PREB;SEC24C;SEC24A,T cells
prerank,Reactome_2022__Endosomal Sorting Complex Required For Transport (ESCRT) R-HSA-917729,0.7014481085816634,1.1864095291344594,0.2244039270687237,0.7330622446839294,1.0,12/29,6.84%,UBB;UBC;VPS4B;VPS28;SNF8;UBA52;VPS37B;CHMP5;RPS27A;CHMP2B;MVB12B;TSG101,T cells
prerank,Reactome_2022__Signaling By NTRKs R-HSA-166520,-0.4895742691028729,-1.185677540739776,0.125,1.0,1.0,37/132,7.15%,FOSB;JUND;PIK3R1;DUSP6;BRAF;RHOA;STAT3;MAPK1;GRB2;ID2;AP2M1;AP2S1;MAPK14;FURIN;RPS6KA3;EP300;RAP1A;RPS6KA1;FOS;MAP2K2;FYN;DUSP7;CRKL;CRK;CLTC;PPP2CA;PPP2R5D;DNM2;PPP2R1A;PIK3CB;TPH1;ADORA2A;MEF2D;REST;HRAS;SHC1;TIAM1,T cells
prerank,Reactome_2022__Mitochondrial Iron-Sulfur Cluster Biogenesis R-HSA-1362409,0.7780008026891889,1.1853543349643985,0.27230046948356806,0.7355720204118942,1.0,6/13,10.74%,GLRX5;FDX1;ISCU;LYRM4;ISCA2;ISCA1,T cells
prerank,Reactome_2022__GRB2:SOS Provides Linkage To MAPK Signaling For Integrins R-HSA-354194,-0.7068674149135208,-1.1852490622889498,0.2747875354107649,1.0,1.0,4/15,2.68%,RAP1B;GRB2;APBB1IP;RAP1A,T cells
prerank,Reactome_2022__p75NTR Signals Via NF-kB R-HSA-193639,0.7676940331860767,1.1849191268217922,0.24274809160305344,0.7354116739132344,1.0,9/16,10.71%,UBB;UBC;UBA52;SQSTM1;NFKB1;RPS27A;IRAK1;TRAF6;PRKCI,T cells
prerank,Reactome_2022__Deubiquitination R-HSA-5688426,0.5663853467923533,1.1840930947843953,0.11293859649122807,0.7371111948175161,1.0,81/253,9.80%,TOMM20;UBB;TAF10;PSMB7;PSMB9;PSMB3;PSMD8;PSMA1;PSME2;PSMB5;UBC;PSMA2;VCP;NEDD8;PSMD4;PSMA5;PSMB2;PSMA3;UIMC1;PSMD14;PSMA7;TANK;USP15;PSMD12;TGFBR1;TNKS;USP34;RUVBL1;USP22;USP7;PSMB4;SNX3;UBA52;ADRB2;STAMBP;UCHL3;BIRC3;ASXL1;PSMD7;PSMD6;TFPT;PSMD2;TNIP2;BRCC3;PTRH2;TOMM70;OTUD5;TRAF3;TNIP1;ACTR8;PSMD13;MYC;PSMA6;RAD23A;CLSPN;IDE;RPS27A;PSMB6;TRRAP;PSME3;PSMC6;USP11;TNKS2;USP18;ADRM1;USP48;OGT;USP25;PSMC1;TAF9B;MAVS;CCP110;SMAD1;PSMC4;UBE2D1;USP12;SKP2;TGFBR2;HIF1A;PSMC2;TRAF6,T cells
prerank,Reactome_2022__Sphingolipid De Novo Biosynthesis R-HSA-1660661,0.6477312308352444,1.1840411405282225,0.217753120665742,0.7351169150329891,1.0,25/44,17.43%,OSBP;SPTLC2;SPTSSA;ORMDL1;ORMDL3;PLPP1;SPTLC1;SGMS1;PRKD2;PRKD1;PLPP3;SGPL1;SGPP2;DEGS1;SPHK2;ORMDL2;ALDH3A2;PRKD3;PPM1L;ACER3;ALDH3B1;SPNS2;CERS2;SGPP1;ACER2,T cells
prerank,Reactome_2022__BBSome-mediated Cargo-Targeting To Cilium R-HSA-5620922,0.7247357314676397,1.1837510687308177,0.22865853658536586,0.734235448340175,1.0,5/23,3.57%,CCT4;CCT8;CCT2;CCT5;CCT3,T cells
prerank,MSigDB_Hallmark_2020__Unfolded Protein Response,0.5953163920623354,1.1834458156691106,0.1762545899632803,0.5085538258430057,0.999,43/110,9.32%,NPM1;EIF4A1;CKS1B;RPS14;EIF4E;SEC31A;NHP2;YIF1A;DCTN1;ERO1A;EIF4A3;PDIA6;LSM1;YWHAZ;EIF2S1;CXXC1;SEC11A;ATF4;MTREX;EIF2AK3;CNOT4;MTHFD2;HERPUD1;SDAD1;XPOT;SRPRB;ATP6V0D1;IMP3;PAIP1;IFIT1;EXOSC4;ARFGAP1;NOP14;SSR1;VEGFA;EXOC2;SERP1;ALDH18A1;CALR;FKBP14;NABP1;PREB;RRP9,T cells
prerank,"Reactome_2022__GABA Synthesis, Release, Reuptake And Degradation R-HSA-888590",0.7484348005564576,1.182591387108956,0.2465331278890601,0.7374417434630451,1.0,6/19,15.51%,HSPA8;VAMP2;SLC6A13;ABAT;GAD1;SLC6A12,T cells
prerank,Reactome_2022__Regulation Of FOXO Transcriptional Activity By Acetylation R-HSA-9617629,-0.773594416256054,-1.1818908871384488,0.27586206896551724,1.0,1.0,6/10,7.33%,TXNIP;EP300;SIRT1;FOXO1;KAT2B;SIRT3,T cells
prerank,Reactome_2022__NF-kB Is Activated And Signals Survival R-HSA-209560,0.7967141080327935,1.1806292046299387,0.2445141065830721,0.7444480339032925,1.0,8/13,9.80%,UBB;UBC;UBA52;SQSTM1;NFKB1;RPS27A;IRAK1;TRAF6,T cells
prerank,Reactome_2022__Chromosome Maintenance R-HSA-73886,0.6077515602654235,1.180526766140275,0.19764397905759162,0.7426115032185809,1.0,35/89,12.34%,NPM1;POLR2K;RPA3;NHP2;NOP10;PPP6R3;POLR2C;RUVBL1;PRIM2;PPP6C;PCNA;POLR2I;POT1;BLM;ITGB3BP;POLR2L;RFC4;MIS18BP1;KNL1;TERF1;POLR1A;TERF2IP;POLR2G;ACD;RBBP7;CTC1;CENPA;POLA1;POLR2J;SMARCA5;RFC2;TINF2;TERF2;CENPN;CENPW,T cells
prerank,Reactome_2022__Cilium Assembly R-HSA-5617833,0.5698741889195871,1.1802919642495877,0.15022935779816513,0.7414397783399987,1.0,57/180,10.94%,DYNLL1;DYNLRB1;AKAP9;TUBA4A;SCLT1;CCT4;CDK5RAP2;CCT8;DCTN1;IQCB1;TUBB4B;PCM1;ARL3;CEP63;CEP57;CCT2;CCT5;EXOC7;SSNA1;CCT3;PRKCA;TTBK2;IFT43;EXOC4;CKAP5;CYS1;NDE1;OFD1;PRKD2;SEPTIN2;EXOC8;IFT74;TUBA1A;UNC119B;ACTR1A;DCTN3;HSPB11;CENPJ;CEP290;IFT57;HAUS2;RAB8A;AHI1;EXOC2;KIF3A;CCP110;CEP83;MKKS;TNPO1;CEP89;SFI1;HAUS8;CEP164;RAB11A;IFT20;CDK1;RAB3IP,T cells
prerank,Reactome_2022__Fanconi Anemia Pathway R-HSA-6783310,0.671453089918027,1.1776289477483148,0.2413793103448276,0.751375339771632,1.0,14/36,12.95%,UBB;UBC;RPA3;USP1;UBA52;RPS27A;ERCC4;POLR1A;FAN1;FAAP100;FANCI;DCLRE1A;FANCC;DCLRE1B,T cells
prerank,Reactome_2022__Autophagy R-HSA-9612973,0.5794573213712236,1.1771412951434246,0.1768219832735962,0.7513555068525789,1.0,41/127,6.99%,PARK7;DYNLL1;TOMM20;UBB;TOMM22;HSP90AB1;CSNK2B;HSPA8;UBC;VCP;TOMM5;VPS28;NBR1;ATG5;LAMTOR3;ATG7;UBA52;LAMTOR5;TOMM6;SQSTM1;VPS37B;GABARAPL2;ATG3;PLIN2;UBE2N;TOMM70;PRKAA2;DYNC1LI1;FUNDC1;RPS27A;ATG14;CHMP2B;PRKAG1;MVB12B;ATG101;UVRAG;HSF1;TSG101;LAMTOR2;MFN2;LAMP2,T cells
prerank,Reactome_2022__Metabolism Of Non-Coding RNA R-HSA-194441,0.6456556322179564,1.1764080789551705,0.2327127659574468,0.7524488345285897,1.0,23/52,10.88%,SNRPG;SNRPD2;SNRPE;TPR;SNRPD3;NUP210;SNRPB;NUP88;NCBP2;NUP214;NDC1;WDR77;NUP205;PHAX;NUP37;GEMIN8;NUP107;NUP133;GEMIN6;NUP54;NUP188;POM121;NUP42,T cells
prerank,Reactome_2022__Termination Of Translesion DNA Synthesis R-HSA-5656169,0.6784884173470572,1.1752853278954474,0.24890829694323144,0.7552562499325652,1.0,15/32,9.41%,UBB;UBC;RPA3;UBE2L6;POLE4;POLK;UBA52;PCNA;RPS27A;RFC4;POLE2;PCLAF;POLR1A;POLI;POLH,T cells
prerank,Reactome_2022__Formation Of Cornified Envelope R-HSA-6809371,0.621657865690989,1.1740839511988688,0.23324742268041238,0.7586720259537831,1.0,8/73,11.59%,CAPN1;PERP;JUP;PKP4;DSG2;PRSS8;ST14;PPL,T cells
prerank,Reactome_2022__Glycogen Metabolism R-HSA-8982491,0.7062819737588101,1.1738734557510975,0.2859237536656892,0.7574259749541001,1.0,7/24,8.60%,UBB;UBC;CALM1;UBA52;PHKG1;RPS27A;PHKA2,T cells
prerank,Reactome_2022__Processing Of Capped Intron-Containing Pre-mRNA R-HSA-72203,0.5601821196213679,1.1737971889161576,0.1583710407239819,0.7555120694939134,1.0,101/241,9.25%,YBX1;U2SURP;SNRPG;SF3B5;SRSF9;SNRPD2;POLR2K;PABPN1;SNRPE;HSPA8;PAPOLA;HNRNPA2B1;HNRNPK;EIF4E;HNRNPM;SARNP;SF1;SLU7;PPIH;SRSF11;PRPF38A;TPR;ALYREF;SNRPD3;HNRNPF;RNPC3;NUP210;EIF4A3;SRSF6;PRPF31;SNW1;SNRNP40;POLR2C;SNRNP25;ZRSR2;SRSF2;HNRNPR;HNRNPD;CWC27;PQBP1;SNRPC;SNRPB;HNRNPL;MTREX;PUF60;PHF5A;POLR2I;GTF2F1;SNU13;SNRPN;THOC2;NUP88;PPIL4;PRPF8;NCBP2;NXT1;DDX39A;FYTTD1;U2AF1L4;GPKOW;NUP214;SF3B6;USP39;MAGOHB;NDC1;THOC3;CHTOP;LSM6;SNRNP48;LSM8;PPWD1;HNRNPH1;POLR2L;SRSF4;RBM8A;WDR33;RBM22;CCAR1;SYF2;CRNKL1;BCAS2;NUP205;CPSF6;THOC6;AQR;SUGP1;SF3A1;NUP37;TXNL4A;NUP107;NUP133;SNRNP27;CDC40;CWC22;CSTF3;NUP54;UPF3B;NUP188;SNRNP35;HNRNPA3;POLR2G,T cells
prerank,Reactome_2022__Nuclear Import Of Rev Protein R-HSA-180746,0.6775395667456366,1.17303166750245,0.23480662983425415,0.7567004393725966,1.0,16/34,10.88%,NPM1;TPR;NUP210;KPNB1;NUP88;NUP214;NDC1;NUP205;NUP37;NUP107;NUP133;NUP54;NUP188;RCC1;POM121;NUP42,T cells
prerank,Reactome_2022__Diseases Of Metabolism R-HSA-5668914,0.5630414209790588,1.1729299343746935,0.14317180616740088,0.7548471179126769,1.0,79/245,15.87%,UBB;APRT;UBC;C1GALT1;TALDO1;HPRT1;MCCC2;DPM3;B4GALT1;FDX1;CD320;UBA52;THSD7A;PCCA;HEXA;GFPT1;PMM2;MUC1;DCXR;IDH1;MOGS;GALT;MMAB;POMC;ALG3;LARGE1;RPS27A;GALNT3;ARSB;ALG14;GALNS;B3GAT3;ADA;MUC15;NOTCH1;ALG8;POMGNT1;MMADHC;MMUT;ALG9;SDC1;NOTCH3;HSPG2;ADAMTS1;ALDOB;TCN2;CYP2U1;CYP1B1;KHK;DPM1;GUSB;ALG12;LMBRD1;GNE;SDC2;DHDDS;MAOA;GALE;G6PC3;ACY1;POMT1;PPP1R3C;ADAMTS15;AGRN;MPDU1;TPMT;PRNP;SLC37A4;SLC35D1;ABCA3;ST3GAL3;GAA;SDC3;BGN;SPON1;OPLAH;PAPSS2;GPC3;PAH,T cells
prerank,Reactome_2022__SUMOylation Of Chromatin Organization Proteins R-HSA-4551638,0.6420060763314231,1.1723602662227233,0.2335958005249344,0.7550595716137523,1.0,24/55,11.15%,TPR;NUP210;HDAC2;SUMO1;PIAS1;CBX5;UBE2I;HDAC1;NUP88;NUP214;HDAC4;NDC1;CBX4;L3MBTL2;RNF2;NUP205;NUP37;NUP107;NUP133;NUP54;NUP188;POM121;NUP42;SATB1,T cells
prerank,Reactome_2022__Mitotic Prophase R-HSA-68875,0.6104764052127294,1.1713817326465439,0.20358514724711907,0.7571850651481884,1.0,43/82,13.91%,PRKCB;ARPP19;TPR;RAB2A;NUP210;RB1;ENSA;SET;MAPK3;PPP2CB;NUP88;SMC4;PRKCA;LMNA;NUP214;GOLGA2;NDC1;PPP2R1B;NUP205;NEK7;NUP37;PPP2R2D;NUP107;NUP133;LPIN1;BLZF1;NEK9;NUP54;NUP188;CTDNEP1;RAB33B;CCNB2;POM121;CDK1;NUP42;CCNB1;PLK1;VRK1;LEMD3;NUP155;LPIN3;SEH1L;LMNB1,T cells
prerank,Reactome_2022__PIP3 Activates AKT Signaling R-HSA-1257604,0.5576580749185155,1.1709459542469347,0.1471861471861472,0.7568709367886997,1.0,87/267,10.60%,LCK;UBB;PSMB7;PSMB9;PSMB3;PSMD8;PSMA1;PSME2;CSNK2B;PSMB5;UBC;PSMA2;PSMD4;PSMA5;PSMB2;PSMA3;TRAT1;CREB1;PSMD14;PSMA7;HDAC2;PSMD12;RAC2;TNKS;EGF;LAMTOR3;USP7;PSMB4;MECOM;PIK3CA;UBA52;HDAC1;MAPK3;GATAD2B;PPP2CB;PTPN11;LAMTOR5;CHD4;PSMD7;EZH2;PSMD6;MTA1;PSMD2;PPP2R5C;PPP2R1B;PSMD13;PSMA6;RPS27A;CBX4;BAD;PSMB6;KL;RNF2;LAMTOR2;PSME3;PSMC6;HDAC3;TNKS2;TNRC6B;EGFR;PPP2R5A;EED;HDAC5;CHUK;WWP2;PSMC1;ERBB4;SOS1;MOV10;FGFR3;MAPKAP1;PSMC4;RRAGB;IRAK1;RHEB;RBBP7;AKT1S1;PIK3R2;RRAGA;RCOR1;PSMC2;TRAF6;MAF1;PPP2R5B;NR4A1;AGO4;TRIB3,T cells
prerank,Reactome_2022__Negative Regulation Of MAPK Pathway R-HSA-5675221,0.6549382665803868,1.1699738474672643,0.2388663967611336,0.759115965102766,1.0,19/41,8.59%,PEBP1;UBB;YWHAB;UBC;DUSP2;MAP2K1;UBA52;MAPK3;PTPN7;DUSP5;PPP2CB;ARAF;PPP2R5C;PPP2R1B;KSR1;RPS27A;MARK3;PPP2R5A;DUSP10,T cells
prerank,Reactome_2022__Bile Acid And Bile Salt Metabolism R-HSA-194068,0.6439216524052037,1.1693743234224694,0.24447513812154695,0.759580777859899,1.0,7/45,5.92%,OSBP;NCOA1;OSBPL9;SLC27A5;NCOA2;OSBPL3;RXRA,T cells
prerank,Reactome_2022__Iron Uptake And Transport R-HSA-917937,0.6208549487053049,1.1685752704897605,0.21948051948051947,0.7610184767890574,1.0,21/59,10.83%,UBB;GLRX3;ATP6V0C;UBC;NEDD8;ATP6AP1;HMOX2;UBA52;ATP6V1G1;IREB2;ATP6V0D1;ATP6V0E1;ATP6V0A2;RPS27A;SLC11A2;SKP1;ATP6V0A4;ATP6V1F;CUL1;ATP6V1A;CYBRD1,T cells
prerank,MSigDB_Hallmark_2020__Pancreas Beta Cells,0.6595985704208898,1.167834365196711,0.2503576537911302,0.5335675779745861,0.999,5/40,8.60%,SRP14;ELP4;SEC11A;SRPRB;SRP9,T cells
prerank,Reactome_2022__TNF Signaling R-HSA-75893,0.6487176210707855,1.167530577377879,0.2418918918918919,0.7635504006006554,1.0,18/44,11.30%,UBB;RACK1;UBC;SPPL2A;TANK;ADAM17;UBA52;BIRC3;FADD;RPS27A;TRADD;TNF;USP25;CHUK;USP4;MADD;MAP3K7;NSMAF,T cells
prerank,Reactome_2022__Pyruvate Metabolism And Citric Acid (TCA) Cycle R-HSA-71406,0.6334394474692295,1.1675202325010312,0.24360699865410498,0.7614119383784158,1.0,20/54,9.67%,LDHB;MPC1;LDHA;IDH3B;SUCLG1;BSG;DLST;SUCLA2;IDH3A;PDHB;SDHA;CS;RXRA;PDK2;OGDH;D2HGDH;LDLR;SUCLG2;NNT;FAHD1,T cells
prerank,Reactome_2022__Macroautophagy R-HSA-1632852,0.579410731949842,1.1658043831850873,0.20627261761158022,0.7668422546857842,1.0,43/113,9.86%,PARK7;DYNLL1;TOMM20;UBB;TOMM22;CSNK2B;HSPA8;UBC;VCP;TOMM5;NBR1;ATG5;LAMTOR3;ATG7;UBA52;LAMTOR5;TOMM6;SQSTM1;GABARAPL2;ATG3;PLIN2;UBE2N;TOMM70;PRKAA2;DYNC1LI1;FUNDC1;RPS27A;ATG14;CHMP2B;PRKAG1;ATG101;UVRAG;HSF1;LAMTOR2;MFN2;ATG13;PLIN3;MAP1LC3A;RRAGB;RHEB;AMBRA1;RRAGA;GABARAPL1,T cells
prerank,Reactome_2022__Sensory Processing Of Sound By Outer Hair Cells Of Cochlea R-HSA-9662361,0.6302090800136501,1.1651062547416635,0.24966622162883845,0.7676398094366725,1.0,12/53,9.87%,MSN;SPTAN1;RIPOR2;RDX;EPS8L2;ATP2B4;EPB41L1;SPTBN1;MYH9;MYO3B;EPS8;TWF1,T cells
prerank,Reactome_2022__Reactions Specific To Complex N-glycan Synthesis Pathway R-HSA-975578,-0.7609145466186268,-1.1646983520402772,0.29476584022038566,1.0,1.0,2/10,6.16%,FUT8;MAN2A1,T cells
prerank,Reactome_2022__Costimulation By CD28 Family R-HSA-388841,0.6280389600359841,1.1645358967305213,0.21495327102803738,0.7680481496978911,1.0,16/65,4.95%,CD3D;LCK;HLA-DRB1;HLA-DPA1;CD3E;LYN;YES1;HLA-DRA;PIK3CA;PPP2CB;PTPN11;HLA-DQA1;GRAP2;PKN2;PPP2R5C;PPP2R1B,T cells
prerank,Reactome_2022__Formation Of Fibrin Clot (Clotting Cascade) R-HSA-140877,0.6675376502912165,1.163375236305507,0.2547307132459971,0.771069422459586,1.0,7/37,13.35%,C1QBP;KNG1;PRCP;FAM110A;SERPING1;F8;KLKB1,T cells
prerank,Reactome_2022__Transcriptional Regulation By VENTX R-HSA-8853884,0.6563818893448645,1.1630161073169842,0.2571428571428571,0.7705519833289521,1.0,21/39,10.52%,EHMT1;UBE2S;CDC26;ANAPC5;ANAPC11;UBE2E1;ANAPC4;TCF7L2;NFKB1;UBE2C;FZR1;CDC16;ANAPC2;TNRC6B;CCND1;MOV10;UBE2D1;EHMT2;ANAPC16;AGO4;ANAPC15,T cells
prerank,Reactome_2022__Creatine Metabolism R-HSA-71288,0.8087115500051059,1.1628715577700022,0.24610591900311526,0.7690293228695956,1.0,4/10,15.51%,CKB;GATM;CKMT2;SLC6A12,T cells
prerank,Reactome_2022__Inactivation Of APC/C Via Direct Inhibition Of APC/C Complex R-HSA-141430,0.7327101751638503,1.1628438567497839,0.26656626506024095,0.7670170689184587,1.0,12/21,10.52%,UBE2S;CDC26;ANAPC5;ANAPC11;UBE2E1;ANAPC4;UBE2C;CDC16;ANAPC2;UBE2D1;ANAPC16;ANAPC15,T cells
prerank,Reactome_2022__Formation Of Incision Complex In GG-NER R-HSA-5696395,0.6616164433897017,1.1608782713664911,0.261968085106383,0.7736742527829431,1.0,21/42,9.34%,UBB;UBC;RPA3;RBX1;SUMO1;PIAS1;UBE2I;UBA52;RNF111;GTF2H2;UBE2N;GTF2H4;RAD23A;ERCC5;RPS27A;ERCC4;PARP2;POLR1A;PARP1;CUL4B;ERCC3,T cells
prerank,Reactome_2022__Diseases Of Carbohydrate Metabolism R-HSA-5663084,0.6844228400756887,1.1607107154184917,0.24679029957203993,0.7721976489663192,1.0,11/32,10.67%,UBB;UBC;TALDO1;UBA52;DCXR;RPS27A;ARSB;GALNS;ALDOB;KHK;GUSB,T cells
prerank,Reactome_2022__Na+/Cl- Dependent Neurotransmitter Transporters R-HSA-442660,0.7323002128052116,1.1599958129469563,0.2865761689291101,0.7731751621632331,1.0,4/19,15.51%,SLC6A6;SLC6A13;SLC22A2;SLC6A12,T cells
prerank,Reactome_2022__Phospholipase C-mediated Cascade; FGFR2 R-HSA-5654221,0.729409835169341,1.1599685747049773,0.2854938271604938,0.7711647638913013,1.0,5/18,27.06%,PLCG1;FGF9;FGFR2;FGF13;FGF7,T cells
prerank,Reactome_2022__Asparagine N-linked Glycosylation R-HSA-446203,0.5493681896848631,1.159706152883494,0.14175824175824175,0.7702878900774528,1.0,87/280,9.41%,DYNLL1;UBB;UMOD;PDIA3;TRIM13;CTSC;UBC;VCP;TRAPPC4;COPB1;SPTAN1;TMED9;SEC31A;GOLGB1;PMM1;COPA;CAPZA2;PPP6R3;DCTN1;CAPZB;LMAN1;NAPG;AMFR;SAR1B;DPM3;LMAN2;CANX;MAN1A1;B4GALT1;NANS;TMED2;TRAPPC2;PPP6C;B4GALT5;NAGK;DDOST;SEC22B;UBA52;CD59;RPN1;CNIH1;DERL1;ST6GAL1;GOLGA2;COPG1;ANK3;ALG5;GFPT1;RPN2;GOSR1;PMM2;COG5;EDEM3;ARFGAP3;MOGS;NGLY1;RNF185;DYNC1LI1;UBXN1;ALG3;DCTN4;RPS27A;ARF3;ST8SIA6;ALG14;COPB2;ACTR1A;AMDHD2;SPTBN1;TRAPPC3;DCTN3;ARFGAP1;ANK2;ALG8;PPP6R1;GANAB;STX17;CALR;PSMC1;ST3GAL1;ALG9;MVD;UAP1;PREB;DAD1;SEC22A;SEC24C,T cells
prerank,Reactome_2022__Synthesis Of PIPs At Early Endosome Membrane R-HSA-1660516,-0.666666272780667,-1.1594011191673674,0.29607250755287007,1.0,1.0,5/16,6.29%,INPP4B;PIK3C3;PIKFYVE;MTMR4;PIK3C2A,T cells
prerank,Reactome_2022__Interactions Of Vpr With Host Cellular Proteins R-HSA-176033,0.6592517126363255,1.158788753385174,0.25558659217877094,0.7722097070423222,1.0,20/38,13.81%,SLC25A5;TPR;NUP210;SLC25A6;NUP88;NUP214;NDC1;KPNA1;NUP205;NUP37;NUP107;NUP133;SLC25A4;NUP54;NUP188;POM121;NUP42;NUP155;SGIP1;SEH1L,T cells
prerank,Reactome_2022__Neurotransmitter Clearance R-HSA-112311,0.7982743417694694,1.158634540136805,0.27603305785123966,0.7707574097224666,1.0,4/10,11.50%,COMT;ALDH2;SLC22A2;MAOA,T cells
prerank,Reactome_2022__Activation Of Gene Expression By SREBF (SREBP) R-HSA-2426168,0.648770155452538,1.1581301989772939,0.2577903682719547,0.7708071686590263,1.0,25/42,13.93%,IDI1;NCOA1;NFYC;CREBBP;PMVK;NCOA2;CHD9;CYP51A1;SQLE;RXRA;TBL1XR1;FDPS;NCOA6;TBL1X;MVD;MBD4;NFYA;HELZ2;HMGCR;SREBF2;GPAM;SC5D;FDFT1;DHCR7;TM7SF2,T cells
prerank,Reactome_2022__Association Of TriC/CCT With Target Proteins During Biosynthesis R-HSA-390471,0.6633083222159557,1.1581207403167448,0.26770538243626063,0.7687394191928656,1.0,14/37,10.18%,CCT4;CCT8;CCT6A;XRN2;FBXW5;LONP2;CCT2;CCT5;CCT3;FBXO6;HDAC3;USP11;FKBP9;FBXO4,T cells
prerank,Reactome_2022__IRAK4 Deficiency (TLR2/4) R-HSA-5603041,-0.6654061512354373,-1.1578300636274619,0.25748502994011974,1.0,1.0,3/18,5.86%,HMGB1;IRAK4;TLR6,T cells
prerank,Reactome_2022__Deactivation Of Beta-Catenin Transactivating Complex R-HSA-3769402,0.6526864091555302,1.15737277492918,0.26519337016574585,0.7699308977960878,1.0,16/42,9.60%,UBB;UBC;SOX4;YWHAZ;XPO1;UBA52;HDAC1;CTBP1;ASH2L;TCF7L2;TLE1;RPS27A;CHD8;SOX6;TLE4;CBY1,T cells
prerank,Reactome_2022__Negative Regulation Of Activity Of TFAP2 (AP-2) Family Transcription Factors R-HSA-8866904,0.7980619975296445,1.1569821873255803,0.30618892508143325,0.769426045505247,1.0,4/10,7.66%,SUMO1;UBE2I;WWOX;KCTD1,T cells
prerank,Reactome_2022__Phenylalanine And Tyrosine Metabolism R-HSA-8963691,0.7858239336019652,1.1567748924919683,0.2897196261682243,0.7682200274701712,1.0,7/11,15.87%,PCBD1;ASRGL1;QDPR;FAH;KYAT1;HPD;PAH,T cells
prerank,Reactome_2022__Signaling By Nuclear Receptors R-HSA-9006931,-0.4534226310887901,-1.1564145747554402,0.12605042016806722,1.0,1.0,46/231,5.43%,JUN;FOSB;DDX5;JUND;HSP90AA1;DHRS3;PIK3R1;CTSD;NCOA3;BCL2;CXXC5;PTGES3;RUNX1;MAPK1;PDHA1;CDKN1B;FKBP5;GNB2;ZNF217;UHMK1;PDK3;AKT2;GNAI2;GATA3;AKT1;TNRC6C;EBAG9;EP300;FOS;TLE3;STAG2;GTF2F2;AGO2;POLR2A;AKT3;AKR1C3;AREG;POLR2F;CPT1A;POLR2D;POLR2E;GNB1;GNGT2;CHD1;PPP5C;CDK9,T cells
prerank,Reactome_2022__DNA Repair R-HSA-73894,0.5459317762498925,1.1556682402554868,0.16757344940152338,0.7710257130795264,1.0,113/279,12.53%,UBB;XRCC5;POLR2K;UBC;VCP;RPA3;COPS5;UIMC1;APEX1;RBX1;PPP4C;UBE2L6;RCHY1;XRCC6;SUMO1;PIAS1;POLR2C;RUVBL1;USP7;POLE4;TDP2;UBE2I;COPS6;PARG;MRE11;POLK;USP1;UBA52;RNF111;PCNA;POLR2I;KPNA2;DCLRE1C;POT1;TCEA1;TFPT;BLM;GTF2H2;UBE2N;BRCC3;GTF2H4;RAD51C;XRCC4;POLR2L;ACTR8;COPS3;MPG;RAD23A;UBXN1;ERCC5;CLSPN;MSH6;UNG;RPS27A;RAD17;RAD50;MSH2;MAPK8;ERCC4;RFC4;POLE2;PCLAF;GEN1;RBBP8;GPS1;RAD52;PARP2;AQR;TERF1;POLR1A;PPP4R2;FAN1;NHEJ1;PARP1;TERF2IP;CUL4B;SMUG1;RAD51AP1;POLI;TDG;HMGN1;POLR2G;ERCC3;POLH;FAAP100;MBD4;ACD;FANCI;XAB2;BRCA2;EYA4;RAD9A;PIAS4;PRPF19;POLR2J;POLG2;DCLRE1A;DTL;SMARCA5;KDM4A;ERCC8;RFC2;TINF2;RAD23B;FANCC;INO80C;MAD2L2;RAD51B;BAZ1B;TERF2;DDB1;CHD1L;NSD2,T cells
prerank,Reactome_2022__Intraflagellar Transport R-HSA-5620924,0.6621413963687256,1.155428336330764,0.2756598240469208,0.7699845652864,1.0,9/36,10.63%,DYNLL1;DYNLRB1;IFT43;IFT74;HSPB11;IFT57;KIF3A;TNPO1;IFT20,T cells
prerank,Reactome_2022__Nef-mediated Downmodulation Of Cell Surface Receptors By Recruitment To Clathrin Adapters R-HSA-164938,0.7239047558151573,1.155096932117255,0.2844175491679274,0.7694270532273344,1.0,7/20,5.16%,LCK;CD8B;AP1S2;AP1G1;AP2A2;AP2B1;HLA-A,T cells
prerank,Reactome_2022__RHOH GTPase Cycle R-HSA-9013407,0.6625672910867033,1.1532131926255738,0.26011560693641617,0.7752119480617629,1.0,13/35,7.20%,LCK;RHOH;NSFL1C;VCP;SLC4A7;TUBA1B;NIPSNAP2;DBT;PKN2;JUP;SLC1A5;UACA;OSBPL11,T cells
prerank,Reactome_2022__Constitutive Signaling By NOTCH1 HD+PEST Domain Mutants R-HSA-2894862,0.6311001269348971,1.1530590193327905,0.25311203319502074,0.7737846914227463,1.0,27/57,10.39%,UBB;UBC;RBX1;HDAC2;SNW1;PSEN1;ADAM10;ADAM17;UBA52;HDAC1;CREBBP;NCOR1;HDAC8;PSENEN;HDAC4;MYC;JAG1;RPS27A;TBL1XR1;SKP1;HDAC3;NOTCH1;TBL1X;HDAC5;CUL1;MAML1;CDK8,T cells
prerank,Reactome_2022__RUNX3 Regulates p14-ARF R-HSA-8951936,-0.7498439309344724,-1.1530036522800737,0.3183183183183183,1.0,1.0,3/10,2.66%,TGFB1;RUNX1;EP300,T cells
prerank,Reactome_2022__Signaling By NOTCH3 R-HSA-9012852,0.6331290594416592,1.152647307653576,0.2448700410396717,0.7733853251238965,1.0,18/48,8.82%,YBX1;UBB;UBC;SNW1;STAT1;PSEN1;ADAM10;EGF;UBA52;CREBBP;PSENEN;JAG1;RPS27A;TACC3;NOTCH1;EGFR;WWP2;NOTCH3,T cells
prerank,MSigDB_Hallmark_2020__Protein Secretion,0.5863280685470382,1.1522019154481884,0.22066326530612246,0.561275630535233,0.999,39/96,7.62%,ATP1A1;CD63;CTSC;VPS4B;AP1G1;COPB1;SEC31A;AP3B1;LMAN1;RAB2A;NAPG;SCAMP1;SCAMP3;ADAM10;TMED2;KRT18;TMED10;ANP32E;SEC22B;SOD1;AP3S1;CLN5;GLA;SGMS1;AP2B1;ARFIP1;ARFGAP3;STX12;BNIP3;PAM;MON2;YIPF6;COPB2;TSG101;LAMP2;ARF1;ZW10;EGFR;TSPAN8,T cells
prerank,Reactome_2022__Regulation Of TP53 Activity Thru Association With Co-factors R-HSA-6804759,-0.6945627472718622,-1.1521999086525205,0.29376854599406527,1.0,1.0,4/14,3.49%,AKT2;PPP1R13B;AKT1;AKT3,T cells
prerank,Reactome_2022__SLBP Dependent Processing Of Replication-Dependent Histone Pre-mRNAs R-HSA-77588,0.7868037576373256,1.1519754605414767,0.3099510603588907,0.7741604324170792,1.0,6/11,3.73%,SNRPG;SNRPE;SNRPD3;LSM10;SNRPB;NCBP2,T cells
prerank,"Reactome_2022__Plasma Lipoprotein Assembly, Remodeling, And Clearance R-HSA-174824",0.605675344329094,1.1515016152657458,0.2585987261146497,0.774216733588924,1.0,18/71,8.04%,UBB;MBTPS1;UBC;SAR1B;AP2A2;HDLBP;SOAT1;UBA52;PCSK5;PRKCA;P4HB;AP2B1;RPS27A;MYLIP;APOE;APOBR;ABCG1;LDLR,T cells
prerank,Reactome_2022__Anchoring Of Basal Body To Plasma Membrane R-HSA-5620912,0.5831424111102023,1.150554030221268,0.22358722358722358,0.7762030085351822,1.0,46/96,14.41%,DYNLL1;AKAP9;TUBA4A;SCLT1;CDK5RAP2;DCTN1;IQCB1;TUBB4B;PCM1;CEP63;CEP57;SSNA1;PRKCA;TTBK2;CKAP5;NDE1;OFD1;SEPTIN2;TUBA1A;ACTR1A;DCTN3;CENPJ;CEP290;HAUS2;RAB8A;AHI1;CCP110;CEP83;CEP89;SFI1;HAUS8;CEP164;RAB11A;CDK1;RAB3IP;PLK1;TMEM216;CEP162;DCTN2;TUBG1;MARK4;HAUS1;HAUS7;NPHP4;CETN2;HAUS5,T cells
prerank,Reactome_2022__mRNA Splicing R-HSA-72172,0.557206541269881,1.1504924108935748,0.19463869463869463,0.7743796310536591,1.0,81/188,9.25%,YBX1;U2SURP;SNRPG;SF3B5;SRSF9;SNRPD2;POLR2K;PABPN1;SNRPE;HSPA8;PAPOLA;HNRNPA2B1;HNRNPK;HNRNPM;SF1;SLU7;PPIH;SRSF11;PRPF38A;ALYREF;SNRPD3;HNRNPF;RNPC3;EIF4A3;SRSF6;PRPF31;SNW1;SNRNP40;POLR2C;SNRNP25;ZRSR2;SRSF2;HNRNPR;HNRNPD;CWC27;PQBP1;SNRPC;SNRPB;HNRNPL;MTREX;PUF60;PHF5A;POLR2I;GTF2F1;SNU13;SNRPN;PPIL4;PRPF8;NCBP2;U2AF1L4;GPKOW;SF3B6;USP39;MAGOHB;LSM6;SNRNP48;LSM8;PPWD1;HNRNPH1;POLR2L;SRSF4;RBM8A;WDR33;RBM22;CCAR1;SYF2;CRNKL1;BCAS2;CPSF6;AQR;SUGP1;SF3A1;TXNL4A;SNRNP27;CDC40;CWC22;CSTF3;UPF3B;SNRNP35;HNRNPA3;POLR2G,T cells
prerank,Reactome_2022__SLBP Independent Processing Of Histone Pre-mRNAs R-HSA-111367,0.7978537186177654,1.1500766021722295,0.31158238172920066,0.7740775487847045,1.0,6/10,3.73%,SNRPG;SNRPE;SNRPD3;LSM10;SNRPB;NCBP2,T cells
prerank,Reactome_2022__Assembly Of HIV Virion R-HSA-175474,0.735200301154305,1.1489998265683061,0.2927927927927928,0.7764332608780584,1.0,9/17,6.84%,UBB;UBC;PPIA;VPS28;UBA52;VPS37B;RPS27A;MVB12B;TSG101,T cells
prerank,MSigDB_Hallmark_2020__Complement,0.557736127794496,1.1485529544321278,0.18807339449541285,0.5425037939704184,0.999,41/200,6.99%,GZMA;LCK;PFN1;CCL5;PSMB9;CTSC;APOBEC3G;GZMK;LYN;PPP4C;CLU;CD46;USP15;PSEN1;HSPA1A;CALM1;FDX1;GNAI3;GMFB;ANXA5;PIK3CA;IRF7;CTSS;CD59;S100A13;DUSP5;PPP2CB;CASP4;RABIF;CA2;RAF1;CTSH;PRCP;PLEK;AKAP10;EHD1;CASP3;CSRP1;GPD2;BRPF3;LAMP2,T cells
prerank,Reactome_2022__Cytosolic Sensors Of Pathogen-Associated DNA R-HSA-1834949,0.6137480353991382,1.148252434308357,0.2628120893561104,0.7776142398863046,1.0,26/62,11.29%,UBB;XRCC5;POLR2K;UBC;XRCC6;LRRFIP1;CRCP;MRE11;UBA52;IRF7;CREBBP;NFKB1;POLR2L;RPS27A;NKIRAS2;STAT6;POLR3E;TICAM1;CHUK;IRF3;DHX36;POLR3C;NFKB2;POLR3H;TRIM21;NFKBIB,T cells
prerank,Reactome_2022__Interferon Signaling R-HSA-913531,0.5581043828088472,1.1481860476444457,0.20604703247480402,0.7758146628092015,1.0,71/196,9.29%,IFNG;EIF4G2;UBB;HLA-DRB1;SAMHD1;HLA-DPA1;GBP1;EIF4A1;GBP4;IFITM3;UBC;EIF4E;TPR;GBP2;UBE2L6;NUP210;EIF4A3;ARIH1;IFI35;HLA-DRA;KPNB1;STAT1;SUMO1;PIAS1;TRIM14;IFI6;UBA52;IRF7;MAPK3;KPNA2;PTPN11;TRIM26;NUP88;HLA-DQA1;MT2A;GBP5;NUP214;OAS2;OASL;UBE2N;ADAR;IRF4;NDC1;UBE2E1;EIF4E3;HLA-A;PPM1B;IFNAR2;TRIM2;IFNAR1;PTPN1;RPS27A;MX1;KPNA1;IFIT1;NUP205;FLNB;CAMK2D;USP18;NUP37;NUP107;NUP133;TRIM8;EIF2AK2;IP6K2;NUP54;IRF3;NUP188;PLCG1;IFI27;HERC5,T cells
prerank,Reactome_2022__DAP12 Interactions R-HSA-2172127,-0.557814847617717,-1.147176130524347,0.22448979591836735,1.0,1.0,10/38,4.27%,HLA-E;HLA-B;PIK3R1;KLRD1;GRB2;TYROBP;SYK;HLA-C;FYN;SPNS1,T cells
prerank,Reactome_2022__Meiotic Synapsis R-HSA-1221632,0.6757888198908968,1.1468857862474653,0.2958152958152958,0.7791999459687858,1.0,16/32,14.46%,SMC3;SYNE2;UBE2I;POT1;LMNA;HSPA2;TERF1;TERF2IP;ACD;RAD21;SYNE1;REC8;TINF2;TERF2;LMNB1;BRCA1,T cells
prerank,Reactome_2022__Golgi Associated Vesicle Biogenesis R-HSA-432722,0.6195474178957406,1.1457861015812436,0.2656042496679947,0.7819265867251184,1.0,18/55,6.60%,SNX5;HSPA8;BLOC1S1;AP1S2;AP1G1;DTNBP1;PICALM;GOLGB1;AP3B1;VAMP2;RAB5C;AP3S1;SNAPIN;GAK;BLOC1S4;ACBD3;HIP1R;YIPF6,T cells
prerank,Reactome_2022__Activated Point Mutants Of FGFR2 R-HSA-2033519,0.7293898972228294,1.145236331273073,0.30171073094867806,0.7822211228736476,1.0,4/17,27.06%,FGF9;FGFR2;FGF13;FGF7,T cells
prerank,Reactome_2022__FOXO-mediated Transcription R-HSA-9614085,-0.5325029333683343,-1.1451309220248795,0.21224489795918366,1.0,1.0,22/64,7.57%,TXNIP;BTG1;NR3C1;NFYB;GADD45A;CDKN1B;FASLG;YWHAG;AKT2;AKT1;BBC3;EP300;SMAD2;AKT3;CDKN1A;SIRT1;FOXO1;KAT2B;SMAD3;PINK1;SIRT3;FBXO32,T cells
prerank,Reactome_2022__Regulation Of TP53 Activity Thru Phosphorylation R-HSA-6804756,0.5876996275979122,1.1450895206579015,0.2364341085271318,0.7808487628507785,1.0,39/89,15.28%,UBB;TAF10;CSNK2B;UBC;RPA3;NOC2L;MRE11;UBA52;TAF9;TAF1;TAF11;BLM;PRKAA2;RPS27A;RAD17;RAD50;TAF2;PRKAG1;RFC4;RBBP8;CDK5;POLR1A;TAF9B;TPX2;SUPT16H;RAD9A;RFC2;TAF13;CDK5R1;TAF12;KAT5;PDZD2;MDM2;RFC5;BRCA1;STK11;RRAD;MDM4;AURKA,T cells
prerank,Reactome_2022__Regulation Of TNFR1 Signaling R-HSA-5357905,0.6617275283227211,1.1444511133182285,0.28592162554426703,0.7813695547007523,1.0,13/35,8.33%,UBB;RACK1;UBC;SPPL2A;TANK;UBA52;BIRC3;FADD;RPS27A;TRADD;TNF;USP25;CHUK,T cells
prerank,Reactome_2022__RHO GTPases Activate WASPs And WAVEs R-HSA-5663213,0.6497239384166456,1.1443384741530327,0.2803867403314917,0.7798679102295207,1.0,12/35,7.75%,ARPC1B;ARPC3;ACTR2;ARPC2;ACTG1;ARPC5;BRK1;WIPF2;MAPK3;CYFIP2;NCKAP1;WASL,T cells
prerank,Reactome_2022__Pyrimidine Catabolism R-HSA-73621,0.7737326165726383,1.1438979426437998,0.3036565977742448,0.7797336006431034,1.0,5/12,12.42%,NT5C;NT5C3A;SCO2;UPP1;DPYD,T cells
prerank,Reactome_2022__Regulation Of HSF1-mediated Heat Shock Response R-HSA-3371453,0.5915948562731185,1.1433568332107908,0.25761421319796957,0.7799279916017398,1.0,33/80,11.27%,UBB;HSPA4;HSPA8;RPA3;HSBP1;FKBP4;TPR;BAG1;RPS19BP1;NUP210;HSPA1A;MRPL18;MAPK3;NUP88;NUP214;NDC1;HSPA14;HSPA2;HSF1;NUP205;BAG5;NUP37;POLR1A;NUP107;NUP133;NUP54;NUP188;HSPA13;POM121;DNAJB6;NUP42;CCAR2;ST13,T cells
prerank,Reactome_2022__Cyclin D Associated Events In G1 R-HSA-69231,0.6326515694404986,1.143270436687163,0.28067885117493474,0.7783040475332661,1.0,23/47,12.31%,UBB;CKS1B;UBC;CDK6;LYN;TFDP2;RB1;UBA52;PPP2CB;RBL2;PPP2R1B;CCND3;RPS27A;SKP1;CCND1;SKP2;CCND2;CUL1;E2F5;JAK2;CDKN1C;TFDP1;E2F1,T cells
prerank,Reactome_2022__TNFR1-induced NFkappaB Signaling Pathway R-HSA-5357956,0.6767294649686272,1.142004518040787,0.30415430267062316,0.7813970492682185,1.0,9/26,10.64%,RACK1;TANK;BIRC3;TRADD;TNF;USP25;CHUK;USP4;MAP3K7,T cells
prerank,Reactome_2022__Nuclear Envelope (NE) Reassembly R-HSA-2995410,0.6034473666696758,1.1419196503901907,0.24968632371392724,0.7797393240008962,1.0,33/73,13.91%,TUBA4A;IST1;KPNB1;SUMO1;TUBB4B;LBR;UBE2I;TUBA1B;ANKLE2;LMNA;NDC1;TUBA1A;CHMP2B;NUP205;RANGAP1;NUP37;NUP107;NUP133;NUP54;NUP188;RCC1;TNPO1;CCNB2;POM121;SPAST;CDK1;CCNB1;VRK1;CHMP4B;LEMD3;NUP155;SEH1L;LMNB1,T cells
prerank,Reactome_2022__Reversible Hydration Of Carbon Dioxide R-HSA-1475029,0.7661316729459934,1.140950945803359,0.3218210361067504,0.7818607837318331,1.0,6/12,20.40%,CA2;CA12;CA13;CA4;CA1;CA5B,T cells
prerank,Reactome_2022__Aflatoxin Activation And Detoxification R-HSA-5423646,0.7264739786877158,1.1408891384388926,0.32872503840245776,0.7801585491195386,1.0,9/18,18.05%,MGST3;AKR7A2;MGST1;ACY1;MGST2;GGT6;AKR7A3;DPEP1;ACY3,T cells
prerank,Reactome_2022__Formation Of TC-NER Pre-Incision Complex R-HSA-6781823,0.6262690672722201,1.14083528001735,0.27979274611398963,0.7784024505713601,1.0,25/51,10.70%,UBB;POLR2K;UBC;COPS5;RBX1;POLR2C;USP7;COPS6;UBA52;POLR2I;TCEA1;GTF2H2;GTF2H4;POLR2L;COPS3;RPS27A;GPS1;AQR;CUL4B;HMGN1;POLR2G;ERCC3;XAB2;PRPF19;POLR2J,T cells
prerank,MSigDB_Hallmark_2020__Interferon Gamma Response,0.5504855441327177,1.140733549047907,0.2016036655211913,0.5388108073418046,1.0,71/198,10.34%,GZMA;HLA-DRB1;CCL5;SAMHD1;PSMB9;GBP4;CD74;IFITM3;PSME2;PARP14;TAPBP;PSMA2;PSMB2;PSMA3;ARL4A;UBE2L6;IFI35;SPPL2A;STAT1;LY6E;TAP1;AUTS2;TRIM14;PNP;IRF7;TRIM26;NLRC5;CASP4;HLA-DQA1;HLA-DMA;MT2A;CMPK2;OAS2;OASL;LGALS3BP;IL18BP;RNF213;ADAR;IRF4;MTHFD2;EIF4E3;STAT4;HLA-A;NFKB1;KLRK1;IFNAR2;CASP3;ITGB7;APOL6;PTPN1;MX1;IFIT1;DDX58;SP110;USP18;VAMP5;BPGM;LCP2;TRAFD1;EIF2AK2;ARID5B;IFI27;LATS2;IL4R;HIF1A;SRI;PELI1;SERPING1;OAS3;NAMPT;HELZ2,T cells
prerank,Reactome_2022__Lysosome Vesicle Biogenesis R-HSA-432720,0.6524787289977476,1.1400965238207288,0.3113342898134864,0.7794605989717828,1.0,7/34,4.82%,HSPA8;BLOC1S1;AP1S2;AP1G1;VAMP2;APP;CLTB,T cells
prerank,Reactome_2022__p130Cas Linkage To MAPK Signaling For Integrins R-HSA-372708,-0.6844754655024844,-1.1392341048941619,0.33043478260869563,1.0,1.0,4/15,4.43%,RAP1B;APBB1IP;RAP1A;CRK,T cells
prerank,Reactome_2022__Canonical Retinoid Cycle In Rods (Twilight Vision) R-HSA-2453902,0.6889095096470688,1.138863782645843,0.32348596750369274,0.7825203976761277,1.0,2/23,2.13%,RDH11;NAPEPLD,T cells
prerank,Reactome_2022__Synaptic Adhesion-Like Molecules R-HSA-8849932,0.6993960787259584,1.1388134127915583,0.2943854324734446,0.7807176773070376,1.0,7/21,15.85%,RTN3;PTPRF;DLG1;LRFN1;PTPRS;PTPRD;LRFN3,T cells
prerank,Reactome_2022__TP53 Regulates Transcription Of DNA Repair Genes R-HSA-6796648,-0.5190904205130481,-1.138717032967906,0.23170731707317074,1.0,1.0,16/61,5.43%,JUN;ATM;CDK13;MNAT1;GTF2H3;CDK7;FOS;GTF2F2;POLR2A;ELL;NELFCD;NELFE;POLR2F;POLR2D;POLR2E;CDK9,T cells
prerank,Reactome_2022__VLDLR Internalisation And Degradation R-HSA-8866427,0.7391996564461923,1.1380005649865743,0.32866043613707163,0.7821652874130909,1.0,7/16,6.73%,UBB;UBC;AP2A2;UBA52;AP2B1;RPS27A;MYLIP,T cells
prerank,Reactome_2022__Nucleotide Excision Repair R-HSA-5696398,0.580519334378623,1.137939045652411,0.2591240875912409,0.7804474869361274,1.0,51/107,12.49%,UBB;POLR2K;UBC;RPA3;COPS5;RBX1;SUMO1;PIAS1;POLR2C;RUVBL1;USP7;POLE4;UBE2I;COPS6;POLK;UBA52;RNF111;PCNA;POLR2I;TCEA1;TFPT;GTF2H2;UBE2N;GTF2H4;POLR2L;ACTR8;COPS3;RAD23A;ERCC5;RPS27A;ERCC4;RFC4;POLE2;GPS1;PARP2;AQR;POLR1A;PARP1;CUL4B;HMGN1;POLR2G;ERCC3;XAB2;PRPF19;POLR2J;ERCC8;RFC2;RAD23B;INO80C;DDB1;CHD1L,T cells
prerank,Reactome_2022__Mitochondrial Calcium Ion Transport R-HSA-8949215,0.7108450798243456,1.1378496194263272,0.3217522658610272,0.7788318134020821,1.0,11/21,7.98%,YME1L1;SMDT1;STOML2;PHB2;PMPCA;LETM1;PMPCB;MAIP1;MCU;AFG3L2;MICU2,T cells
prerank,Reactome_2022__Membrane Binding And Targetting Of GAG Proteins R-HSA-174490,0.7423098974199883,1.1378295990178056,0.32370820668693007,0.7769680371573817,1.0,8/15,6.84%,UBB;UBC;VPS28;UBA52;VPS37B;RPS27A;MVB12B;TSG101,T cells
prerank,Reactome_2022__Gap-filling DNA Repair Synthesis And Ligation In GG-NER R-HSA-5696397,0.6834071112519294,1.1372857258909213,0.30952380952380953,0.777308899282832,1.0,11/25,8.02%,UBB;UBC;RPA3;POLE4;POLK;UBA52;PCNA;RPS27A;RFC4;POLE2;POLR1A,T cells
prerank,"Reactome_2022__Glutamate Binding, Activation Of AMPA Receptors And Synaptic Plasticity R-HSA-399721",0.6630404372537935,1.1369054521632438,0.3023255813953488,0.7769260369984131,1.0,8/31,8.58%,PRKCB;AP2A2;PRKCA;AP2B1;MYO6;EPB41L1;CAMK2D;DLG1,T cells
prerank,Reactome_2022__Constitutive Signaling By NOTCH1 HD Domain Mutants R-HSA-2691232,0.7447670457609046,1.136843646300354,0.3184,0.7752369164606491,1.0,8/15,7.46%,UBB;UBC;ADAM10;ADAM17;UBA52;JAG1;RPS27A;NOTCH1,T cells
prerank,Reactome_2022__Tryptophan Catabolism R-HSA-71240,0.755867036621626,1.1365811528267151,0.3004694835680751,0.774359111873757,1.0,6/14,17.83%,SLC3A2;AFMID;SLC36A4;KYAT1;ACMSD;KYAT3,T cells
prerank,Reactome_2022__Phospholipase C-mediated Cascade; FGFR4 R-HSA-5654228,0.737768545345214,1.1357766747228795,0.30368098159509205,0.7757280758068742,1.0,4/15,26.22%,PLCG1;FGF9;FGFR4;FGF13,T cells
prerank,Reactome_2022__G-protein Beta:Gamma Signaling R-HSA-397795,-0.5915428136064459,-1.135711279774124,0.27526132404181186,1.0,1.0,11/32,4.94%,PLCB1;RHOA;ARHGEF6;GNB2;AKT2;AKT1;PIK3CG;AKT3;GNB1;PLCB2;GNGT2,T cells
prerank,Reactome_2022__SUMOylation Of Transcription Cofactors R-HSA-3899300,0.6409898101963406,1.1349254856501678,0.27132867132867133,0.7772769981424076,1.0,16/42,7.36%,PARK7;NPM1;NCOA1;TRIM28;SUMO1;PIAS1;SAFB;DDX17;UBE2I;CREBBP;CASP8AP2;NCOA2;CTBP1;CBX4;RNF2;PPARGC1A,T cells
prerank,Reactome_2022__Oncogene Induced Senescence R-HSA-2559585,0.6516846758844663,1.1346254084545095,0.31029619181946405,0.7764740611411909,1.0,18/33,13.99%,UBB;UBC;CDK6;TFDP2;RB1;UBA52;MAPK3;ID1;RPS27A;TNRC6B;MOV10;AGO4;TFDP1;E2F1;AGO1;AGO3;MDM2;ETS2,T cells
prerank,Reactome_2022__Metabolism Of Carbohydrates R-HSA-71387,0.5323642797996524,1.1340693132781223,0.18642241379310345,0.7768417219229751,1.0,90/283,14.59%,UBB;ENO1;MDH1;PKM;UBC;TALDO1;TPR;NUP210;PGK1;FUT11;PGP;CALM1;CSGALNACT2;PGLS;B4GALT1;CHST11;TPI1;B4GALT5;UBA52;PPP2CB;NUP88;PRKCA;HEXA;ALDH1A1;B3GAT1;NUP214;SLC25A13;PHKG1;CHORDC1;HS2ST1;AKR1B1;CRYL1;NDC1;SLC35D2;PPP2R1B;DCXR;GALT;HOOK3;ABCC5;RPS27A;ARSB;NUP205;B3GAT3;SLC37A1;BPGM;NUP37;NUP107;NUP133;FUT10;TKT;ST3GAL1;RPE;CHST12;PHKA2;SDC1;HSPG2;NUP54;NUP188;MAN2C1;MAP4K2;ALDOB;NDST1;KHK;POM121;PFKFB3;B4GALT3;GUSB;NUP42;PFKL;B4GALT4;SORD;SDC2;GALE;G6PC3;CSGALNACT1;GLYCTK;NUP155;PPP1R3C;HMMR;B4GALT2;AGRN;SEH1L;PFKP;CHST7;MAP4K5;UGP2;B3GAT2;SLC37A4;CHSY3;NDST2,T cells
prerank,Reactome_2022__Transcriptional Regulation By E2F6 R-HSA-8953750,0.6606890541520594,1.1328985152122784,0.29329608938547486,0.7796449550342385,1.0,15/33,9.77%,EHMT1;UXT;TFDP2;CBX3;YAF2;CBX5;EZH2;L3MBTL2;RNF2;RBBP8;PCGF6;EED;E2F6;RBBP7;EHMT2,T cells
prerank,MSigDB_Hallmark_2020__Reactive Oxygen Species Pathway,0.6257196468853293,1.1328604293960725,0.29581151832460734,0.5368137324443183,1.0,22/49,7.58%,PRDX2;PRDX1;PRDX6;NDUFA6;SELENOS;IPCEF1;PTPA;PRDX4;HMOX2;EGLN2;NDUFB4;SOD1;LAMTOR5;LSP1;SBNO2;GPX3;TXN;PDLIM1;ABCC1;TXNRD1;OXSR1;GLRX,T cells
prerank,Reactome_2022__mRNA Splicing - Major Pathway R-HSA-72163,0.5503646203519635,1.13259477942556,0.23770491803278687,0.7789957103559619,1.0,76/180,9.25%,YBX1;U2SURP;SNRPG;SF3B5;SRSF9;SNRPD2;POLR2K;PABPN1;SNRPE;HSPA8;PAPOLA;HNRNPA2B1;HNRNPK;HNRNPM;SF1;SLU7;PPIH;SRSF11;PRPF38A;ALYREF;SNRPD3;HNRNPF;EIF4A3;SRSF6;PRPF31;SNW1;SNRNP40;POLR2C;SRSF2;HNRNPR;HNRNPD;CWC27;PQBP1;SNRPC;SNRPB;HNRNPL;MTREX;PUF60;PHF5A;POLR2I;GTF2F1;SNU13;SNRPN;PPIL4;PRPF8;NCBP2;U2AF1L4;GPKOW;SF3B6;USP39;MAGOHB;LSM6;LSM8;PPWD1;HNRNPH1;POLR2L;SRSF4;RBM8A;WDR33;RBM22;CCAR1;SYF2;CRNKL1;BCAS2;CPSF6;AQR;SUGP1;SF3A1;TXNL4A;SNRNP27;CDC40;CWC22;CSTF3;UPF3B;HNRNPA3;POLR2G,T cells
prerank,Reactome_2022__G Alpha (Z) Signaling Events R-HSA-418597,0.6238889891511532,1.1321616918833899,0.27298050139275765,0.779014428894915,1.0,13/47,10.77%,PRKCB;GNG5;GNAI3;PRKCA;PRKCQ;GNB5;RGS19;ADCY9;GNAS;GNG11;RGS17;GNAI1;GNG7,T cells
prerank,Reactome_2022__Intracellular Signaling By Second Messengers R-HSA-9006925,0.5364795418647884,1.1316575853260735,0.19093851132686085,0.7790382389734531,1.0,93/305,10.60%,LCK;UBB;PSMB7;PSMB9;PSMB3;PSMD8;PSMA1;PSME2;CSNK2B;PSMB5;UBC;PSMA2;PSMD4;PSMA5;PSMB2;PSMA3;TRAT1;CREB1;PSMD14;PSMA7;HDAC2;PSMD12;RAC2;CALM1;TNKS;EGF;LAMTOR3;USP7;PSMB4;MECOM;PIK3CA;UBA52;HDAC1;MAPK3;GATAD2B;KPNA2;PPP2CB;PTPN11;LAMTOR5;PRKCA;CHD4;PSMD7;EZH2;PSMD6;MTA1;PSMD2;PPP2R5C;PPP2R1B;PSMD13;PSMA6;RPS27A;CBX4;BAD;PSMB6;KL;RNF2;LAMTOR2;PSME3;PSMC6;HDAC3;CAMK2D;TNKS2;TNRC6B;ADCY9;EGFR;PPP2R5A;EED;HDAC5;CHUK;WWP2;PSMC1;ERBB4;SOS1;MOV10;FGFR3;MAPKAP1;PSMC4;RRAGB;PLCG1;IRAK1;RHEB;RBBP7;AKT1S1;PIK3R2;RRAGA;RCOR1;PSMC2;TRAF6;MAF1;PPP2R5B;NR4A1;AGO4;TRIB3,T cells
prerank,Reactome_2022__FGFR3 Mutant Receptor Activation R-HSA-2033514,0.7741685316573005,1.131432355643287,0.32102728731942215,0.7780642972380989,1.0,2/12,14.51%,FGFR3;FGF9,T cells
prerank,Reactome_2022__SUMOylation Of Transcription Factors R-HSA-3232118,0.7094535763687375,1.1311621008455075,0.32978723404255317,0.7771001722515867,1.0,10/19,16.98%,SUMO1;PIAS1;UBE2I;MTA1;PIAS4;MDM2;HIC1;MITF;TFAP2A;SUMO2,T cells
prerank,Reactome_2022__Metalloprotease DUBs R-HSA-5689901,0.703707614856871,1.1310239338259067,0.35259259259259257,0.7758371277299968,1.0,8/20,6.11%,UBB;UBC;UIMC1;PSMD14;UBA52;STAMBP;BRCC3;RPS27A,T cells
prerank,Reactome_2022__TNF Receptor Superfamily (TNFSF) Members Mediating Non-Canonical NF-kB Pathway R-HSA-5676594,0.7154533520928679,1.1289032551187799,0.3450920245398773,0.7824785298541332,1.0,6/17,5.09%,LTB;TNFSF14;TNFSF12;TANK;BIRC3;TRAF3,T cells
prerank,Reactome_2022__FGFR1c Ligand Binding And Activation R-HSA-190373,0.7569947078560655,1.1279692634039677,0.3453125,0.7844291866803151,1.0,2/12,14.51%,FGFR1;FGF9,T cells
prerank,Reactome_2022__DNA Double-Strand Break Repair R-HSA-5693532,0.5638056371038055,1.1274974167319203,0.26772616136919314,0.7844551506317896,1.0,50/131,12.19%,UBB;XRCC5;UBC;RPA3;UIMC1;PPP4C;XRCC6;SUMO1;POLE4;TDP2;UBE2I;MRE11;POLK;UBA52;PCNA;KPNA2;DCLRE1C;BLM;UBE2N;BRCC3;RAD51C;XRCC4;UBXN1;CLSPN;RPS27A;RAD17;RAD50;MAPK8;ERCC4;RFC4;POLE2;GEN1;RBBP8;RAD52;PARP2;POLR1A;PPP4R2;NHEJ1;PARP1;RAD51AP1;POLH;BRCA2;EYA4;RAD9A;PIAS4;SMARCA5;KDM4A;RFC2;RAD51B;BAZ1B,T cells
prerank,Reactome_2022__Regulation Of KIT Signaling R-HSA-1433559,0.7169353514703712,1.126665544169805,0.3410493827160494,0.7858823330159941,1.0,6/16,8.53%,LCK;LYN;YES1;PRKCA;CBL;SOS1,T cells
prerank,Reactome_2022__WNT Ligand Biogenesis And Trafficking R-HSA-3238698,0.6630226728765303,1.1262587789044207,0.315028901734104,0.7855234646794179,1.0,4/26,5.93%,VPS26A;SNX3;TMED5;WLS,T cells
prerank,Reactome_2022__Tandem Pore Domain Potassium Channels R-HSA-1296346,0.7577415829171901,1.1256384067418883,0.34937888198757766,0.7861679668178133,1.0,2/12,23.70%,KCNK1;KCNK13,T cells
prerank,Reactome_2022__Deadenylation-dependent mRNA Decay R-HSA-429914,0.6152987018746265,1.125510083971731,0.30598052851182195,0.7848310220912436,1.0,24/53,11.86%,EIF4A1;EIF4E;TUT4;EIF4A3;LSM1;HBS1L;DIS3;TUT7;EXOSC7;CNOT10;CNOT4;DCPS;LSM6;CNOT11;PAIP1;EXOSC4;NT5C3B;EXOSC3;CNOT2;XRN1;LSM5;PATL1;CNOT6;EIF4G1,T cells
prerank,Reactome_2022__Amino Acid Transport Across Plasma Membrane R-HSA-352230,0.6472994823972678,1.1249034747540008,0.3255172413793103,0.785549847886525,1.0,15/33,17.04%,SLC38A1;SLC6A6;SLC38A2;SLC1A5;SLC3A2;SLC3A1;SLC43A2;SLC7A1;SLC36A4;SLC38A5;SLC7A6;SLC16A10;SLC6A12;SLC7A7;SLC36A1,T cells
prerank,Reactome_2022__Acyl Chain Remodelling Of PG R-HSA-1482925,0.7120710580360259,1.1240330328771182,0.3611940298507463,0.787020753074795,1.0,6/18,15.97%,LPCAT4;LPCAT1;CRLS1;PLA2G4B;PLA2G12A;PLA2R1,T cells
prerank,"Reactome_2022__Cobalamin (Cbl, Vitamin B12) Transport And Metabolism R-HSA-196741",0.7025422931237534,1.122134282712201,0.3199426111908178,0.792607416620904,1.0,9/21,13.43%,CD320;MMAB;ABCC1;MMADHC;MMUT;TCN2;LDLRAP1;LMBRD1;LRP2,T cells
prerank,Reactome_2022__MECP2 Regulates Neuronal Receptors And Channels R-HSA-9022699,0.7083920624478501,1.1220301713499652,0.32407407407407407,0.7911751957420452,1.0,8/18,7.67%,CREB1;HDAC2;HDAC1;SLC2A3;MECP2;PTPN1;NOTCH1;OPRM1,T cells
prerank,Reactome_2022__Fertilization R-HSA-1187000,0.6725193076465052,1.121765224146768,0.32727272727272727,0.7903122559898685,1.0,6/25,18.17%,B4GALT1;CD9;CATSPERG;CATSPERB;HVCN1;ZP3,T cells
prerank,Reactome_2022__FGFR4 Ligand Binding And Activation R-HSA-190322,0.7377483805723344,1.121459980109281,0.3307926829268293,0.7896903184666374,1.0,3/14,26.22%,FGF9;FGFR4;FGF13,T cells
prerank,Reactome_2022__Transcriptional Activity Of SMAD2/SMAD3:SMAD4 Heterotrimer R-HSA-2173793,0.6171955691242631,1.120602117778285,0.32075471698113206,0.7911695230227951,1.0,25/51,9.61%,YBX1;UBB;UBC;TFDP2;SNW1;STAT1;TRIM33;UBA52;RNF111;CCNT1;HDAC1;MAPK3;NCOR1;NEDD4L;TGIF1;MYC;RPS27A;PPM1A;CCNK;TGIF2;PARP1;CCNT2;UBE2D1;WWTR1;E2F5,T cells
prerank,Reactome_2022__SHC-mediated cascade:FGFR2 R-HSA-5654699,-0.6315577985197287,-1.1205729427471336,0.3130699088145897,1.0,1.0,3/22,6.79%,GRB2;HRAS;SHC1,T cells
prerank,Reactome_2022__Smooth Muscle Contraction R-HSA-445355,0.6344027114706435,1.1199241916821723,0.3131868131868132,0.7921154481575003,1.0,13/42,9.13%,MYL6;ANXA6;CALM1;PKN2;TPM1;MYL12A;ALDH2;MYL6B;ANXA2;MYL9;CALD1;MYL12B;TLN1,T cells
prerank,Reactome_2022__Class I MHC Mediated Antigen Processing And Presentation R-HSA-983169,0.5256966881443751,1.1197865695515676,0.19406150583244963,0.7908271784746462,1.0,112/377,9.78%,SEC61G;UBB;PSMB7;PSMB9;PDIA3;SEC61B;PSMB3;PSMD8;PSMA1;PSME2;TAPBP;RNF126;UBE2L3;ANAPC13;PSMB5;UBE2S;UBC;PSMA2;PSMD4;RBBP6;CDC26;PSMA5;PSMB2;PSMA3;SEC31A;UBE2G1;PSMD14;UBE3C;RBX1;UBA3;PSMA7;RNF19A;UBE2L6;RCHY1;FBXW5;SAR1B;ANAPC5;PSMD12;RNF6;CANX;ANAPC11;PSMB4;RNF34;ATG7;SEC22B;UBA52;CTSS;RNF111;UBE2K;ASB8;KLHL20;UBE2Z;UBA6;PJA1;PSMD7;FBXO6;PSMD6;DZIP3;UBE2A;GLMN;UBE2N;PSMD2;ARIH2;RNF213;FBXW11;HUWE1;UBE2E1;ANAPC4;DCAF1;NEDD4L;HLA-A;RLIM;TRAF7;PSMD13;PSMA6;HACE1;UBE2C;UBE2E3;RPS27A;UBE2O;ATG14;PSMB6;FZR1;ITCH;MYLIP;SKP1;LRRC41;PJA2;PSME3;CDC16;PSMC6;TRIM39;ANAPC2;CUL5;WSB1;CYBA;CHUK;CALR;PSMC1;PSMC4;UBE2D1;SKP2;HECW2;HERC5;CUL1;UBE2E2;SEC24C;CUL3;SEC24A;PSMC2;UFL1;ELOC,T cells
prerank,Reactome_2022__Defective GALNT12 Causes CRCS1 R-HSA-5083636,0.712135118137708,1.1183779477185782,0.361890694239291,0.7945306885710691,1.0,2/17,7.40%,MUC1;MUC15,T cells
prerank,Reactome_2022__Endogenous Sterols R-HSA-211976,0.6664754998064751,1.1173369830891784,0.32653061224489793,0.7966117090080496,1.0,7/27,10.10%,NCOA1;FDX1;NCOA2;CYP51A1;POMC;RXRA;CYP1B1,T cells
prerank,Reactome_2022__ALK Mutants Bind TKIs R-HSA-9700645,0.7540167129738533,1.1172265160077555,0.3600605143721634,0.795203887103989,1.0,5/12,5.20%,NPM1;BIRC6;HIP1;EIF2AK3;PPM1B,T cells
prerank,Reactome_2022__Neutrophil Degranulation R-HSA-6798695,0.5157507002912619,1.1168483556710123,0.1922675026123302,0.7948728726456593,1.0,106/461,7.22%,NME2;DYNLL1;XRCC5;PSMB7;CD63;APRT;CYSTM1;ITGB2;PKM;CST3;DPP7;ATP6V0C;SRP14;GSTP1;CTSC;HSP90AB1;CSNK2B;HSPA8;DIAPH1;PTPRC;PSMA2;VCP;COTL1;PPIA;ACTR2;COPB1;PSMA5;SPTAN1;CPNE1;CCT8;ATP11B;IST1;PSMD14;RAB27A;TSPAN14;RAB5C;SCAMP1;COMMD3;KPNB1;XRCC6;PSMD12;CAPN1;PSEN1;HSPA1A;TUBB4B;ADAM10;AP2A2;RAB6A;ARPC5;PRDX4;B4GALT1;LAMTOR3;PYCARD;HMOX2;CAB39;DDOST;ATG7;CCT2;GRN;APEH;CTSS;CD59;ORMDL3;SELL;NDUFC2;RAP2B;GMFG;PSMD7;CTSH;PSMD6;PRCP;SLC2A3;PGRMC1;PSMD2;DYNLT1;JUP;PDXK;HUWE1;NHLRC3;IDH1;METTL7A;GLIPR1;HLA-A;KCMF1;NFKB1;DYNC1LI1;PSMD13;HOOK3;SERPINB1;PAFAH1B2;LPCAT1;GGH;PIGR;ITGAL;FUCA2;BIN2;ANXA2;GOLGA7;ARSB;TMEM63A;CNN2;LAMTOR2;LAMP2;CREG1;CEP290;GALNS,T cells
prerank,Reactome_2022__Trafficking Of GluR2-containing AMPA Receptors R-HSA-416993,0.7090274537901848,1.1164347945014328,0.3623853211009174,0.7945580595090396,1.0,4/17,4.48%,PRKCB;AP2A2;PRKCA;AP2B1,T cells
prerank,Reactome_2022__Inhibition Of DNA Recombination At Telomere R-HSA-9670095,0.6837544716089033,1.1163261620968392,0.3525073746312684,0.7931253690672221,1.0,12/20,12.25%,POLR2K;POLR2C;POLR2I;POT1;POLR2L;TERF1;TERF2IP;POLR2G;ACD;POLR2J;TINF2;TERF2,T cells
prerank,"Reactome_2022__TICAM1, RIP1-mediated IKK Complex Recruitment R-HSA-168927",0.7038731039020548,1.1146906170787847,0.37026239067055394,0.7976926705801863,1.0,10/19,9.80%,UBB;UBC;UBA52;BIRC3;UBE2N;RPS27A;TICAM1;CHUK;UBE2D1;TRAF6,T cells
prerank,Reactome_2022__Complement Cascade R-HSA-166658,0.6019087870395258,1.1145297066479656,0.3013698630136986,0.7965513160808706,1.0,6/54,3.02%,GZMM;CPNE1;PSMA7;CLU;CD46;CD59,T cells
prerank,Reactome_2022__Deadenylation Of mRNA R-HSA-429947,0.6675546743886605,1.1140401699512046,0.3338323353293413,0.7966069486679536,1.0,9/25,6.60%,EIF4A1;EIF4E;TUT4;EIF4A3;TUT7;CNOT10;CNOT4;CNOT11;PAIP1,T cells
prerank,Reactome_2022__EPHB-mediated Forward Signaling R-HSA-3928662,0.649092807897065,1.1136445099237726,0.30823863636363635,0.7962966198171901,1.0,8/33,2.25%,ARPC1B;ARPC3;ACTR2;LYN;YES1;ARPC2;ACTG1;ARPC5,T cells
prerank,Reactome_2022__Role Of Phospholipids In Phagocytosis R-HSA-2029485,-0.612245705190248,-1.1135968607672375,0.3396825396825397,1.0,1.0,9/23,6.28%,PIK3R1;CD247;SYK;ITPR3;AHCYL1;ITPR2;PLD3;PIK3CB;PRKCD,T cells
prerank,Reactome_2022__Positive Epigenetic Regulation Of rRNA Expression R-HSA-5250913,0.6233511643866348,1.1118655670740776,0.2914364640883978,0.8013208969505095,1.0,16/42,12.19%,DEK;POLR2K;CBX3;HDAC2;HDAC1;GATAD2B;CHD4;MTA1;POLR2L;POLR1A;RBBP7;TAF1A;EHMT2;TAF1C;SMARCA5;BAZ1B,T cells
prerank,Reactome_2022__Phase II - Conjugation Of Compounds R-HSA-156580,0.5599478411214055,1.1115436304716257,0.2928311057108141,0.8006759132342284,1.0,34/104,16.73%,GSTP1;SLC38A1;TRMT112;COMT;GSTM3;MGST3;ESD;BPNT1;GSTK1;SULT1B1;UGT2B7;MGST1;GSTO2;UGT3A1;TPST1;ABHD10;GSTA4;GSTA1;UGT2A3;GSTA2;MGST2;UGP2;TPMT;GSTM4;GGCT;PRNP;SLC35D1;GSTM2;GGT6;ACSM2A;OPLAH;PAPSS2;AS3MT;CHAC2,T cells
prerank,Reactome_2022__L1CAM Interactions R-HSA-373760,0.5641997018143311,1.1109070114190283,0.2939024390243902,0.801323270298223,1.0,22/99,9.48%,MSN;CD24;CSNK2B;HSPA8;SPTAN1;RDX;AP2A2;RANBP9;MAP2K1;MAPK3;ITGB1;AP2B1;ANK3;LAMB1;SPTBN1;ANK2;EGFR;DPYSL2;DLG1;L1CAM;LAMC1;RPS6KA5,T cells
prerank,Reactome_2022__Retinoid Metabolism And Transport R-HSA-975634,0.6159316185374172,1.110674896748777,0.32926829268292684,0.8004555210350766,1.0,20/43,18.08%,RDH11;APOE;LDLR;SDC1;HSPG2;LRP10;SDC2;LRP12;LRP2;AKR1C1;AGRN;APOM;SDC3;GPC3;LPL;RBP4;SDC4;APOA1;APOC2;RBP1,T cells
prerank,Reactome_2022__Recognition Of DNA Damage By PCNA-containing Replication Complex R-HSA-110314,0.6573169730975128,1.1106221530518208,0.3313521545319465,0.7988874927038689,1.0,13/30,8.62%,UBB;UBC;RPA3;RBX1;POLE4;USP1;UBA52;PCNA;RPS27A;RFC4;POLE2;POLR1A;CUL4B,T cells
prerank,Reactome_2022__CD28 Dependent Vav1 Pathway R-HSA-389359,0.7390243418487219,1.1104179953182662,0.37248840803709427,0.7978856098481787,1.0,2/12,4.00%,LCK;PKN2,T cells
prerank,Reactome_2022__Signaling By NOTCH1 R-HSA-1980143,0.5892069841065222,1.1099973546018338,0.30040053404539385,0.7977084012922602,1.0,31/73,10.39%,UBB;UBC;RBX1;HDAC2;SNW1;PSEN1;ADAM10;ADAM17;UBA52;HDAC1;CREBBP;NCOR1;HDAC8;PSENEN;HDAC4;MYC;TLE1;JAG1;RPS27A;TBL1XR1;ITCH;SKP1;HDAC3;NOTCH1;TBL1X;HDAC5;TLE4;CUL1;HIF1A;MAML1;CDK8,T cells
prerank,Reactome_2022__Inwardly Rectifying K+ Channels R-HSA-1296065,0.6383473925397304,1.1087856574389616,0.323943661971831,0.8003441403883573,1.0,9/35,12.28%,GNG5;KCNJ16;KCNJ1;GNB5;GNG11;KCNJ15;GNG7;KCNJ3;GNG2,T cells
prerank,Reactome_2022__STING Mediated Induction Of Host Immune Responses R-HSA-1834941,0.7175460560017174,1.1082595462582652,0.33640552995391704,0.8004495412995319,1.0,6/15,11.16%,XRCC5;XRCC6;MRE11;STAT6;IRF3;TRIM21,T cells
prerank,Reactome_2022__Long-term Potentiation R-HSA-9620244,0.6729926680875613,1.1073961227547409,0.3353115727002967,0.8019970175749056,1.0,6/23,15.88%,CALM1;CAMK2D;ERBB4;DLG1;SRC;NEFL,T cells
prerank,Reactome_2022__Gap-filling DNA Repair Synthesis And Ligation In TC-NER R-HSA-6782210,0.5941339292801142,1.1072311821429999,0.31125827814569534,0.8008763988271771,1.0,31/63,12.27%,UBB;POLR2K;UBC;RPA3;RBX1;POLR2C;USP7;POLE4;POLK;UBA52;PCNA;POLR2I;TCEA1;GTF2H2;GTF2H4;POLR2L;RPS27A;RFC4;POLE2;AQR;POLR1A;CUL4B;HMGN1;POLR2G;ERCC3;XAB2;PRPF19;POLR2J;ERCC8;RFC2;DDB1,T cells
prerank,Reactome_2022__Intrinsic Pathway For Apoptosis R-HSA-109606,0.5908364442284091,1.1057531010630446,0.3221476510067114,0.8045363112656098,1.0,18/55,6.52%,DYNLL1;BAX;YWHAB;CYCS;C1QBP;YWHAQ;TFDP2;YWHAZ;YWHAH;APIP;MAPK3;PMAIP1;PPP3CC;NMT1;CASP3;BAD;MAPK8;UACA,T cells
prerank,Reactome_2022__Activation Of ATR In Response To Replication Stress R-HSA-176187,0.6370999184931654,1.105494522441443,0.3434343434343434,0.8037021303215185,1.0,18/35,15.81%,RPA3;MCM5;MCM7;ORC3;CLSPN;ORC4;RAD17;RFC4;MCM6;POLR1A;MCM3;ORC5;RAD9A;RFC2;MCM8;RFC5;RRAD;SLC25A15,T cells
prerank,Reactome_2022__Dissolution Of Fibrin Clot R-HSA-75205,0.7318026974844685,1.1052128190124555,0.3891402714932127,0.8030453404690676,1.0,4/13,9.69%,S100A10;ANXA2;PLAT;PLAU,T cells
prerank,Reactome_2022__PI-3K cascade:FGFR2 R-HSA-5654695,-0.5996657911867733,-1.10500702882294,0.32285714285714284,1.0,1.0,2/23,1.13%,PIK3R1;GRB2,T cells
prerank,"Reactome_2022__Synthesis, Secretion, And Inactivation Of Glucose-dependent Insulinotropic Polypeptide (GIP) R-HSA-400511",0.7180736566977068,1.1049074702953523,0.4047244094488189,0.8023843773631103,1.0,2/13,2.36%,SEC11C;SEC11A,T cells
prerank,Reactome_2022__Apoptotic Cleavage Of Cell Adhesion Proteins R-HSA-351906,0.7651940311156924,1.1041181256128447,0.37116564417177916,0.8035217671065964,1.0,5/11,9.68%,CASP3;FZR1;DSG2;TJP2;TJP1,T cells
prerank,Reactome_2022__Telomere C-strand Synthesis Initiation R-HSA-174430,0.7354690198395921,1.1032136377739108,0.37920489296636084,0.8050951344010362,1.0,9/12,12.25%,PRIM2;POT1;TERF1;TERF2IP;ACD;CTC1;POLA1;TINF2;TERF2,T cells
prerank,Reactome_2022__Nucleotide Biosynthesis R-HSA-8956320,0.7538963501302324,1.1029458375004417,0.3787638668779715,0.8042594438381425,1.0,7/11,11.06%,UMPS;ATIC;GART;PAICS;COASY;ADSL;PFAS,T cells
prerank,MSigDB_Hallmark_2020__TNF-alpha Signaling via NF-kB,-0.4425981610239679,-1.102857179124212,0.211864406779661,0.5341698232323233,0.818,37/200,5.24%,JUN;FOSB;IER2;GADD45B;DUSP1;IL7R;JUNB;BTG1;KLF6;MCL1;IRF1;BHLHE40;FOSL2;CEBPB;STAT5A;LITAF;GADD45A;ID2;RELA;CCL20;ATP2B1;PTGER4;REL;ZFP36;NFIL3;FOS;CFLAR;YRDC;SOD2;MAP2K3;MAFF;AREG;IFIT2;CD44;TRAF1;CDKN1A;CSF2,T cells
prerank,Reactome_2022__Phase 2 - Plateau Phase R-HSA-5576893,0.7234884388992784,1.1027316872172805,0.4059561128526646,0.8032136618399981,1.0,1/15,0.50%,AKAP9,T cells
prerank,Reactome_2022__Chk1/Chk2(Cds1) Mediated Inactivation Of Cyclin B:Cdk1 Complex R-HSA-75035,0.7309141338090687,1.1026157896714006,0.3688394276629571,0.8018942465327793,1.0,7/13,11.05%,YWHAB;YWHAQ;YWHAZ;YWHAH;WEE1;CDK1;CCNB1,T cells
prerank,Reactome_2022__Global Genome Nucleotide Excision Repair (GG-NER) R-HSA-5696399,0.57864081073612,1.1025455187000521,0.3316519546027743,0.8004301627929282,1.0,32/82,8.62%,UBB;UBC;RPA3;COPS5;RBX1;SUMO1;PIAS1;RUVBL1;POLE4;UBE2I;COPS6;POLK;UBA52;RNF111;PCNA;TFPT;GTF2H2;UBE2N;GTF2H4;ACTR8;COPS3;RAD23A;ERCC5;RPS27A;ERCC4;RFC4;POLE2;GPS1;PARP2;POLR1A;PARP1;CUL4B,T cells
prerank,Reactome_2022__Cargo Trafficking To Periciliary Membrane R-HSA-5620920,0.603378792051635,1.1015020253525123,0.32968536251709984,0.8025148753774243,1.0,17/50,10.94%,CCT4;CCT8;ARL3;CCT2;CCT5;EXOC7;CCT3;EXOC4;CYS1;PRKD2;EXOC8;UNC119B;RAB8A;EXOC2;MKKS;RAB11A;RAB3IP,T cells
prerank,Reactome_2022__Neurotoxicity Of Clostridium Toxins R-HSA-168799,0.7584251735553643,1.1010219063511473,0.38819875776397517,0.8025387920397318,1.0,1/10,1.68%,VAMP2,T cells
prerank,Reactome_2022__Signaling By Activated Point Mutants Of FGFR1 R-HSA-1839122,0.7569986733726979,1.1000838827249297,0.3926282051282051,0.8042286517230067,1.0,2/11,14.51%,FGFR1;FGF9,T cells
prerank,Reactome_2022__Ovarian Tumor Domain Proteases R-HSA-5689896,0.6345340340498424,1.099924219510892,0.3460490463215259,0.8030770442523668,1.0,16/38,13.11%,UBB;UBC;VCP;UBA52;TNIP2;OTUD5;TRAF3;TNIP1;RPS27A;MAVS;UBE2D1;TRAF6;CDK1;YOD1;RNF135;OTUB1,T cells
prerank,Reactome_2022__RAF Activation R-HSA-5673000,0.6387177635839034,1.0996300697918522,0.3536931818181818,0.8024726385737759,1.0,17/31,10.93%,PPP1CC;YWHAB;SHOC2;CALM1;MAP2K1;PPP2CB;ARAF;PPP2R5C;PPP2R1B;KSR1;MARK3;CAMK2D;PPP1CB;PPP2R5A;MAP3K11;PPP2R5B;JAK2,T cells
prerank,Reactome_2022__Heme Biosynthesis R-HSA-189451,0.7189358110346503,1.0989490920541873,0.38161993769470404,0.8032225591764467,1.0,11/14,21.74%,PPOX;CPOX;COX10;COX15;UROD;ALAD;ALB;FECH;FLVCR1;UROS;ALAS1,T cells
prerank,Reactome_2022__EGFR Downregulation R-HSA-182971,0.6469006957346133,1.098457337288375,0.34339080459770116,0.803253841098754,1.0,10/31,8.54%,UBB;UBC;EGF;EPS15L1;EPN1;UBA52;RPS27A;CBL;EGFR;ARHGEF7,T cells
prerank,Reactome_2022__FGFR2c Ligand Binding And Activation R-HSA-190375,0.7377555482671914,1.0979741109254022,0.390282131661442,0.8032736222664036,1.0,3/13,26.22%,FGF9;FGFR2;FGF13,T cells
prerank,Reactome_2022__Transcription-Coupled Nucleotide Excision Repair (TC-NER) R-HSA-6781827,0.5789732235167481,1.0974169426072415,0.32432432432432434,0.8037040029614451,1.0,34/76,10.70%,UBB;POLR2K;UBC;RPA3;COPS5;RBX1;POLR2C;USP7;POLE4;COPS6;POLK;UBA52;PCNA;POLR2I;TCEA1;GTF2H2;GTF2H4;POLR2L;COPS3;ERCC5;RPS27A;ERCC4;RFC4;POLE2;GPS1;AQR;POLR1A;CUL4B;HMGN1;POLR2G;ERCC3;XAB2;PRPF19;POLR2J,T cells
prerank,Reactome_2022__Metabolism Of Porphyrins R-HSA-189445,0.6403579493442617,1.0971512303699313,0.34210526315789475,0.8030185893759717,1.0,11/28,12.93%,HMOX2;PPOX;CPOX;COX10;ABCC1;BLVRB;COX15;UROD;GUSB;GSTA1;ALAD,T cells
prerank,Reactome_2022__EGR2 And SOX10-mediated Initiation Of Schwann Cell Myelination R-HSA-9619665,0.6364900800027868,1.0964894844114614,0.35043988269794724,0.8037188344823678,1.0,14/29,16.52%,HDAC2;SMARCA4;CYP51A1;LAMB1;TEAD1;LAMC1;WWTR1;HMGCR;SREBF2;YAP1;NAB2;PRX;POU3F1;UTRN,T cells
prerank,Reactome_2022__Unwinding Of DNA R-HSA-176974,0.7437837445214431,1.095774144971112,0.40865384615384615,0.8046055466320451,1.0,5/11,12.14%,MCM5;MCM7;MCM6;MCM3;MCM8,T cells
prerank,Reactome_2022__Mitotic Spindle Checkpoint R-HSA-69618,0.557967769829258,1.0954981602517055,0.33499377334993774,0.8039225436876692,1.0,50/108,14.62%,DYNLL1;PPP1CC;UBE2S;CDC26;SKA2;ANAPC5;XPO1;MIS12;ANAPC11;PPP2CB;KANSL1;CKAP5;PPP2R5C;PPP2R1B;UBE2E1;ANAPC4;NDE1;ITGB3BP;DYNC1LI1;UBE2C;TAOK1;CDC16;RANGAP1;ANAPC2;ZW10;KNL1;PPP2R5A;NUP37;NUP107;NUP133;NDEL1;CENPE;UBE2D1;CENPA;PPP2R5B;ANAPC16;ANAPC15;BIRC5;PLK1;RCC2;CENPN;KIF2A;CDCA8;SPC25;SEH1L;CDC23;CDC27;DSN1;CENPF;CENPM,T cells
prerank,"Reactome_2022__Unblocking Of NMDA Receptors, Glutamate Binding And Activation R-HSA-438066",0.6678332471752058,1.0951999567409847,0.3688888888888889,0.8032783118813162,1.0,3/21,8.58%,CALM1;CAMK2D;DLG1,T cells
prerank,Reactome_2022__TBC/RABGAPs R-HSA-8854214,0.609748525203879,1.0946082403007342,0.3509015256588072,0.8037369241934146,1.0,21/44,12.02%,ARF6;RAB5C;SYTL1;RAB6A;RABGAP1;RABEP1;RAB4A;GABARAPL2;RAB43;TBC1D14;RAB8B;RABGEF1;RAB8A;TBC1D16;TBC1D10A;RAB33B;OPTN;RAB11A;TBC1D10B;TBC1D7;RAB35,T cells
prerank,Reactome_2022__IKK Complex Recruitment Mediated By RIP1 R-HSA-937041,0.6760107049178623,1.094317751740076,0.3661360347322721,0.8031740111425575,1.0,10/22,9.80%,UBB;UBC;UBA52;BIRC3;UBE2N;RPS27A;TICAM1;CHUK;UBE2D1;TRAF6,T cells
prerank,Reactome_2022__Condensation Of Prometaphase Chromosomes R-HSA-2514853,0.759522054106962,1.0924909825949949,0.3910891089108911,0.8079018105497542,1.0,7/10,11.05%,CSNK2B;SMC4;NCAPG;RAB33B;CCNB2;CDK1;CCNB1,T cells
prerank,"Reactome_2022__Incretin Synthesis, Secretion, And Inactivation R-HSA-400508",0.644311336260502,1.0919356906188564,0.36148148148148146,0.8081876997890545,1.0,3/24,5.26%,SEC11C;SEC11A;TCF7L2,T cells
prerank,Reactome_2022__Rev-mediated Nuclear Export Of HIV RNA R-HSA-165054,0.6253061912732708,1.0892339790847134,0.36262203626220363,0.8160144993290457,1.0,17/35,10.88%,TPR;NUP210;XPO1;RANBP1;NUP88;NUP214;NDC1;NUP205;RANGAP1;NUP37;NUP107;NUP133;NUP54;NUP188;RCC1;POM121;NUP42,T cells
prerank,Reactome_2022__MET Activates PTK2 Signaling R-HSA-8874081,0.677724431865392,1.0887242734346163,0.3805031446540881,0.8160031003530999,1.0,8/17,16.21%,ITGB1;LAMB1;SOS1;LAMA5;LAMC1;PTK2;SRC;LAMC2,T cells
prerank,Reactome_2022__HIV Elongation Arrest And Recovery R-HSA-167287,0.6221739038302616,1.08867558076504,0.36401673640167365,0.8144580996697983,1.0,16/33,10.70%,POLR2K;NELFB;POLR2C;CCNT1;POLR2I;GTF2F1;TCEA1;POLR2L;ELOA;SUPT4H1;CCNK;CCNT2;POLR2G;SUPT16H;ELOC;POLR2J,T cells
prerank,Reactome_2022__Pre-NOTCH Expression And Processing R-HSA-1912422,-0.5218578517134316,-1.088553028587176,0.3146067415730337,1.0,1.0,17/49,6.21%,JUN;RBPJ;RUNX1;ST3GAL4;RFNG;MFNG;TNRC6C;FURIN;EP300;SEL1L;POFUT1;AGO2;NOTCH2;LFNG;KAT2B;SIRT6;ATP2A3,T cells
prerank,Reactome_2022__Viral Messenger RNA Synthesis R-HSA-168325,0.5994961459554343,1.0884608295532865,0.36666666666666664,0.8135245660050786,1.0,21/47,10.88%,POLR2K;TPR;NUP210;POLR2C;POLR2I;GTF2F1;NUP88;NUP214;NDC1;POLR2L;PBRM1;NUP205;NUP37;NUP107;NUP133;NUP54;NUP188;POLR2G;POM121;POLR2J;NUP42,T cells
prerank,Reactome_2022__SHC-mediated cascade:FGFR4 R-HSA-5654719,-0.6341322458659298,-1.0880149243110557,0.3668639053254438,1.0,1.0,3/19,6.79%,GRB2;HRAS;SHC1,T cells
prerank,Reactome_2022__Chondroitin Sulfate Biosynthesis R-HSA-2022870,0.6826505631588468,1.087820608743262,0.40212443095599393,0.8140605142445098,1.0,7/20,15.68%,CSGALNACT2;CHST11;CHST12;CSGALNACT1;CHST7;CHSY3;BGN,T cells
prerank,Reactome_2022__Intra-Golgi Traffic R-HSA-6811438,-0.5373489189617623,-1.0875127354307217,0.3210702341137124,1.0,1.0,16/42,10.27%,GOLGA8B;STX16;CYTH4;YKT6;CYTH1;COG4;MAN1A2;STX5;COG3;MAN2A1;MAN1C1;VTI1A;COG6;CYTH2;GOSR2;TRIP11,T cells
prerank,Reactome_2022__Insulin Processing R-HSA-264876,0.6522226848577913,1.0869099503484398,0.3669590643274854,0.8156258440510545,1.0,10/27,7.83%,RAB27A;ERO1A;VAMP2;EXOC7;SLC30A7;EXOC4;SLC30A6;EXOC8;CPE;EXOC2,T cells
prerank,Reactome_2022__HSF1 Activation R-HSA-3371511,0.6385613390513329,1.086572006489025,0.3678832116788321,0.815215857607774,1.0,8/29,2.23%,UBB;HSP90AB1;VCP;RPA3;HSBP1;FKBP4;HSPA1A;MRPL18,T cells
prerank,Reactome_2022__Activation Of BH3-only Proteins R-HSA-114452,0.6255473664123777,1.0847308602839294,0.37714285714285717,0.8201744259731022,1.0,10/30,6.22%,DYNLL1;YWHAB;YWHAQ;TFDP2;YWHAZ;YWHAH;PMAIP1;PPP3CC;BAD;MAPK8,T cells
prerank,Reactome_2022__Nuclear Pore Complex (NPC) Disassembly R-HSA-3301854,0.618269232332453,1.0842392132710341,0.3603851444291609,0.8203143378624499,1.0,20/36,13.81%,TPR;NUP210;NUP88;NUP214;NDC1;NUP205;NEK7;NUP37;NUP107;NUP133;NEK9;NUP54;NUP188;CCNB2;POM121;CDK1;NUP42;CCNB1;NUP155;SEH1L,T cells
prerank,Reactome_2022__Signaling By FGFR R-HSA-190236,0.5591130083467719,1.083721502985375,0.3130659767141009,0.8205605865049967,1.0,25/86,9.25%,UBB;POLR2K;UBC;HNRNPM;HNRNPF;FGFBP2;POLR2C;PIK3CA;UBA52;MAPK3;POLR2I;GTF2F1;PPP2CB;PTPN11;NCBP2;HNRNPH1;POLR2L;RPS27A;GALNT3;KL;CBL;SOS1;FGFR3;PLCG1;POLR2G,T cells
prerank,Reactome_2022__Negative Regulation Of FLT3 R-HSA-9706369,0.7153619458662599,1.0829148073689303,0.4279141104294479,0.8216201468317442,1.0,8/15,11.74%,UBB;UBC;UBA52;RPS27A;CBL;ABL2;SOCS6;CSK,T cells
prerank,Reactome_2022__Activation Of SMO R-HSA-5635838,-0.6196977895498539,-1.0828705746851865,0.37254901960784315,1.0,1.0,4/18,4.16%,GRK2;ARRB2;ARRB1;EFCAB7,T cells
prerank,Reactome_2022__Organic Cation/Anion/Zwitterion Transport R-HSA-549132,-0.6563845885137858,-1.0815432819500563,0.3797814207650273,1.0,1.0,2/15,7.64%,RUNX1;SLC22A18,T cells
prerank,Reactome_2022__VEGFA-VEGFR2 Pathway R-HSA-4420097,-0.46443798519594437,-1.081315286258492,0.2765957446808511,1.0,1.0,31/93,7.31%,NCF1;HSP90AA1;PIK3R1;WASF2;RHOA;PRKACB;SH2D2A;AKT2;MAPK14;AKT1;ELMO1;ITGAV;ROCK1;ROCK2;MTOR;FYN;ITPR3;AKT3;AHCYL1;PTK2B;CRK;ITPR2;CTNNB1;PIK3CB;PRKCD;HRAS;SYNGAP1;RICTOR;NCK2;THEM4;MLST8,T cells
prerank,Reactome_2022__G0 And Early G1 R-HSA-1538133,0.638236215389064,1.0812949988969458,0.3831360946745562,0.8256935938813397,1.0,13/27,13.92%,TFDP2;PCNA;HDAC1;LIN37;DYRK1A;RBL2;MYC;E2F5;CDK1;TFDP1;TOP2A;E2F1;RBL1,T cells
prerank,Reactome_2022__Hormone Ligand-Binding Receptors R-HSA-375281,0.7303287873404576,1.079499547304799,0.4437400950871632,0.8305486673579562,1.0,3/12,26.97%,GNRH1;GNRH2;TSHR,T cells
prerank,Reactome_2022__G-protein Activation R-HSA-202040,0.6476654880567649,1.0794887837798732,0.3951734539969834,0.8289176899117249,1.0,8/24,12.28%,GNG5;GNAQ;POMC;GNB5;OPRM1;GNG11;GNG7;GNG2,T cells
prerank,Reactome_2022__Regulation Of TP53 Activity R-HSA-5633007,0.5309812198527628,1.0794844644037396,0.31666666666666665,0.8272759707514883,1.0,49/156,10.90%,UBB;TAF10;EHMT1;CSNK2B;UBC;RPA3;PRDM1;HDAC2;MEAF6;USP7;NOC2L;RNF34;MRE11;UBA52;TAF9;HDAC1;TAF1;GATAD2B;PPP2CB;BRD7;CHD4;TAF11;BLM;PPP2R5C;PPP2R1B;PRKAA2;RPS27A;RAD17;RAD50;SMYD2;MAP2K6;TAF2;PRKAG1;RFC4;BRPF3;RBBP8;CDK5;POLR1A;TAF9B;PPP1R13L;TPX2;MAPKAP1;RBBP7;SUPT16H;EHMT2;RAD9A;PHF20;CDK1;BANP,T cells
prerank,Reactome_2022__Signaling By VEGF R-HSA-194138,-0.4545515174539024,-1.0788370231006805,0.26256983240223464,1.0,1.0,32/102,7.31%,NCF1;HSP90AA1;PIK3R1;WASF2;RHOA;PRKACB;SH2D2A;AKT2;MAPK14;AKT1;ELMO1;ITGAV;ROCK1;ROCK2;MTOR;FYN;ITPR3;AKT3;AAMP;AHCYL1;PTK2B;CRK;ITPR2;CTNNB1;PIK3CB;PRKCD;HRAS;SYNGAP1;RICTOR;NCK2;THEM4;MLST8,T cells
prerank,MSigDB_Hallmark_2020__Bile Acid Metabolism,0.5487739462671857,1.0784947364783908,0.33209417596034696,0.708042934154794,1.0,33/112,13.98%,LCK;ATXN1;SCP2;IDI1;LONP2;NPC1;SOD1;SLC27A5;ALDH1A1;ACSL1;GSTK1;IDH1;TFCP2L1;HACL1;PEX1;RXRA;SULT1B1;ALDH9A1;PNPLA8;EPHX2;PEX26;OPTN;BCAR3;HSD17B11;SLC29A1;CROT;SLC23A2;PEX6;ABCD1;NR1H4;BMP6;DHCR24;ABCD3,T cells
prerank,Reactome_2022__DNA Strand Elongation R-HSA-69190,0.6268303265587114,1.0783497784580935,0.3746312684365782,0.8295595493651834,1.0,12/31,12.14%,RPA3;MCM5;PRIM2;MCM7;PCNA;RFC4;MCM6;POLR1A;MCM3;POLA1;RFC2;MCM8,T cells
prerank,Reactome_2022__COPI-mediated Anterograde Transport R-HSA-6807878,0.5636103670352269,1.0782271639824588,0.3553299492385787,0.8282780533114364,1.0,27/80,7.39%,DYNLL1;COPB1;SPTAN1;TMED9;GOLGB1;COPA;CAPZA2;DCTN1;CAPZB;NAPG;TMED2;CD59;GOLGA2;COPG1;ANK3;GOSR1;COG5;ARFGAP3;DYNC1LI1;DCTN4;ARF3;COPB2;ACTR1A;SPTBN1;DCTN3;ARFGAP1;ANK2,T cells
prerank,Reactome_2022__Dual Incision In GG-NER R-HSA-5696400,0.6173734430668025,1.0781202026415804,0.38461538461538464,0.826988781240701,1.0,20/41,9.34%,UBB;UBC;RPA3;RBX1;POLE4;POLK;UBA52;PCNA;GTF2H2;GTF2H4;ERCC5;RPS27A;ERCC4;RFC4;POLE2;PARP2;POLR1A;PARP1;CUL4B;ERCC3,T cells
prerank,Reactome_2022__Epigenetic Regulation Of Gene Expression R-HSA-212165,0.557340297543784,1.0780464946202757,0.3691358024691358,0.8255803611288697,1.0,24/84,9.77%,SAP18;DEK;POLR2K;MTF2;CBX3;HDAC2;HDAC1;GATAD2B;CHD4;EZH2;MTA1;GTF2H2;GTF2H4;SIN3B;PHF1;POLR2L;JARID2;EED;POLR1A;TDG;ERCC3;RBBP7;TAF1A;EHMT2,T cells
prerank,Reactome_2022__Glutathione Conjugation R-HSA-156590,0.6182344175930526,1.0780438941016182,0.3732590529247911,0.823948720087578,1.0,18/34,16.73%,GSTP1;GSTM3;MGST3;ESD;GSTK1;MGST1;GSTO2;GSTA4;GSTA1;GSTA2;MGST2;GSTM4;GGCT;PRNP;GSTM2;GGT6;OPLAH;CHAC2,T cells
prerank,Reactome_2022__SUMOylation Of SUMOylation Proteins R-HSA-4085377,0.6136499940357276,1.0780011337914557,0.3684931506849315,0.822496409229783,1.0,16/35,10.88%,TPR;NUP210;SUMO1;UBE2I;NUP88;NUP214;NDC1;NUP205;NUP37;NUP107;NUP133;NUP54;NUP188;POM121;PIAS4;NUP42,T cells
prerank,Reactome_2022__RNA Polymerase II Pre-transcription Events R-HSA-674695,0.5611033839452124,1.0773943784551117,0.3486590038314176,0.822926331771997,1.0,32/79,10.79%,TAF10;POLR2K;AFF4;NELFB;POLR2C;TAF9;CCNT1;POLR2I;TAF1;GTF2F1;GTF2A2;NCBP2;TAF11;TCEA1;GTF2H2;GTF2H4;POLR2L;MLLT3;ELOA;TAF2;SUPT4H1;RTF1;CCNK;TAF9B;CCNT2;POLR2G;ERCC3;CDC73;SUPT16H;ELOC;POLR2J;MLLT1,T cells
prerank,Reactome_2022__Regulation Of NF-kappa B Signaling R-HSA-9758274,0.6888196047658425,1.0773044190049959,0.41887905604719766,0.8216284437255291,1.0,10/18,9.80%,UBB;UBC;TANK;UBA52;NLRC5;RPS27A;LRRC14;USP18;CHUK;TRAF6,T cells
prerank,Reactome_2022__RHO GTPase Effectors R-HSA-195258,0.5180818884040612,1.077190145838002,0.3194130925507901,0.820373853777487,1.0,65/237,8.69%,PFN1;DYNLL1;PRKCB;ARPC1B;MYL6;PPP1CC;ARPC3;YWHAB;DIAPH1;ACTR2;YWHAQ;ARPC2;KTN1;SKA2;YWHAZ;RAC2;CALM1;ACTG1;XPO1;YWHAH;ARPC5;BRK1;MIS12;WIPF2;MAPK3;SRGAP2;ITGB1;PPP2CB;KANSL1;PRKCA;NCOA2;PKN2;CKAP5;PPP2R5C;PPP2R1B;CYFIP2;NDE1;ITGB3BP;DYNC1LI1;FMNL1;TAX1BP3;NF2;TAOK1;FZR1;PFN2;SCAI;RANGAP1;NCKAP1;ZW10;PPP1CB;MYH9;MYL9;KNL1;PPP2R5A;MYL12B;WASL;NUP37;NUP107;NUP133;PPP1R12B;CYBA;ARHGEF7;KDM4C;NDEL1;CENPE,T cells
prerank,"Reactome_2022__Platelet Activation, Signaling And Aggregation R-HSA-76002",0.5104440277173963,1.0771541571646372,0.30803080308030806,0.8188446960925266,1.0,65/252,11.23%,LCK;PFN1;CTSW;PRKCB;CD63;GNG5;TUBA4A;RASGRP2;TMSB4X;PPIA;FAM3C;LYN;CLU;YWHAZ;APP;SELENOP;RAC2;CALM1;GNAQ;EGF;KNG1;ABHD12;GNAI3;ANXA5;PIK3CA;VEGFB;MAPK3;PTPN11;SOD1;VAV3;PRKCA;MANF;LGALS3BP;CD9;FERMT3;PLEK;PLCG2;CDC37L1;PRKCQ;PHACTR2;PTPN1;OLA1;APLP2;GNB5;SCCPDH;BRPF3;LAMP2;VEGFA;LCP2;GNG11;SOS1;RAPGEF3;ACTN4;QSOX1;TLN1;SGPP2;PIK3R2;SERPING1;GNAI1;PECAM1;PRKCZ;GNG7;TIMP3;MGLL;RHOB,T cells
prerank,Reactome_2022__ER To Golgi Anterograde Transport R-HSA-199977,0.533740632875824,1.077015432409984,0.33777239709443097,0.8176385229786735,1.0,45/133,9.75%,DYNLL1;CTSC;TRAPPC4;COPB1;SPTAN1;TMED9;SEC31A;GOLGB1;COPA;CAPZA2;PPP6R3;DCTN1;CAPZB;LMAN1;NAPG;SAR1B;LMAN2;TMED2;TRAPPC2;PPP6C;SEC22B;CD59;CNIH1;GOLGA2;COPG1;ANK3;GOSR1;COG5;ARFGAP3;DYNC1LI1;DCTN4;ARF3;COPB2;ACTR1A;SPTBN1;TRAPPC3;DCTN3;ARFGAP1;ANK2;PPP6R1;STX17;PREB;SEC22A;SEC24C;SEC24A,T cells
prerank,Reactome_2022__Transcriptional Regulation Of Testis Differentiation R-HSA-9690406,-0.6587093256107789,-1.07700094326616,0.36046511627906974,1.0,1.0,1/13,2.29%,PTGDS,T cells
prerank,Reactome_2022__Nef Mediated Downregulation Of MHC Class I Complex Cell Surface Expression R-HSA-164940,0.74991187643427,1.0759216042276027,0.44532488114104596,0.8198074396199946,1.0,7/10,12.83%,AP1S2;AP1G1;HLA-A;AP1M1;AP1M2;B2M;AP1S3,T cells
prerank,Reactome_2022__Basigin Interactions R-HSA-210991,0.6427069942530963,1.075762169893623,0.39361702127659576,0.818732502615186,1.0,7/25,6.17%,ATP1B1;PPIA;ATP1B3;ITGB1;BSG;ITGA6;SLC3A2,T cells
prerank,Reactome_2022__MASTL Facilitates Mitotic Progression R-HSA-2465910,0.7542505703061847,1.0754833738857053,0.44212218649517687,0.8180819352566467,1.0,7/10,11.05%,ARPP19;ENSA;PPP2CB;PPP2R1B;PPP2R2D;CDK1;CCNB1,T cells
prerank,Reactome_2022__MyD88 Deficiency (TLR2/4) R-HSA-5602498,-0.621155630303347,-1.0752105325216463,0.36363636363636365,1.0,1.0,2/17,5.86%,HMGB1;TLR6,T cells
prerank,"Reactome_2022__Synthesis, Secretion, And Inactivation Of Glucagon-like Peptide-1 (GLP-1) R-HSA-381771",0.6481227358694728,1.0734117076476015,0.4071207430340557,0.823223183279342,1.0,3/21,5.26%,SEC11C;SEC11A;TCF7L2,T cells
prerank,Reactome_2022__FGFR2 Alternative Splicing R-HSA-6803529,0.6323487854195441,1.072900982823991,0.39741750358680056,0.8234118877619605,1.0,9/26,5.41%,POLR2K;HNRNPM;HNRNPF;POLR2C;POLR2I;GTF2F1;NCBP2;HNRNPH1;POLR2L,T cells
prerank,Reactome_2022__Vitamin D (Calciferol) Metabolism R-HSA-196791,0.7246697400701286,1.072868628545706,0.4343598055105348,0.8219226509589417,1.0,6/12,16.98%,UBE2I;LDLRAP1;PIAS4;LGMN;LRP2;SUMO2,T cells
prerank,Reactome_2022__Inhibition Of Replication Initiation Of Damaged DNA By RB1/E2F1 R-HSA-113501,0.706793874063742,1.0728643708472914,0.43558282208588955,0.8203411971564882,1.0,8/13,12.31%,TFDP2;RB1;PRIM2;PPP2CB;PPP2R1B;POLA1;TFDP1;E2F1,T cells
prerank,Reactome_2022__Miscellaneous Substrates R-HSA-211958,0.7244831524631251,1.0724931880875965,0.42586750788643535,0.8199372358185075,1.0,2/11,16.29%,CYP2U1;CYP4F22,T cells
prerank,Reactome_2022__AURKA Activation By TPX2 R-HSA-8854518,0.5593874640747949,1.0721878894747665,0.3581514762516046,0.8194372306661958,1.0,26/71,10.70%,DYNLL1;AKAP9;TUBA4A;CDK5RAP2;DCTN1;TUBB4B;PCM1;CEP63;CEP57;SSNA1;PRKCA;CKAP5;NDE1;OFD1;TUBA1A;ACTR1A;DCTN3;CENPJ;CEP290;HAUS2;CCP110;TPX2;SFI1;HAUS8;CEP164;CDK1,T cells
prerank,Reactome_2022__Degradation Of Cysteine And Homocysteine R-HSA-1614558,0.7159881951294216,1.0720102843675265,0.4325153374233129,0.818452084549915,1.0,3/13,5.21%,TSTD1;ETHE1;TXN2,T cells
prerank,Reactome_2022__Attenuation Phase R-HSA-3371568,0.6472687007960694,1.0714405964960658,0.3927007299270073,0.8187160383824962,1.0,10/26,6.79%,UBB;HSP90AB1;HSPA8;HSBP1;FKBP4;HSPA1A;MRPL18;CREBBP;HSPA2;HSF1,T cells
prerank,Reactome_2022__Dual Incision In TC-NER R-HSA-6782135,0.5749213238300586,1.0714081558697222,0.37763157894736843,0.8172714971717213,1.0,33/64,12.27%,UBB;POLR2K;UBC;RPA3;RBX1;POLR2C;USP7;POLE4;POLK;UBA52;PCNA;POLR2I;TCEA1;GTF2H2;GTF2H4;POLR2L;ERCC5;RPS27A;ERCC4;RFC4;POLE2;AQR;POLR1A;CUL4B;HMGN1;POLR2G;ERCC3;XAB2;PRPF19;POLR2J;ERCC8;RFC2;DDB1,T cells
prerank,Reactome_2022__Nucleotide Catabolism R-HSA-8956319,0.6172924996170056,1.0711189931704417,0.3897810218978102,0.8167268343352176,1.0,7/34,7.57%,SAMHD1;DNPH1;NT5C;NT5C3A;SCO2;NUDT1;ITPA,T cells
prerank,Reactome_2022__Loss Of Nlp From Mitotic Centrosomes R-HSA-380259,0.5618229279292674,1.0698189851337307,0.35989717223650386,0.8195512181332023,1.0,25/68,10.70%,DYNLL1;AKAP9;TUBA4A;CDK5RAP2;DCTN1;TUBB4B;PCM1;CEP63;CEP57;SSNA1;PRKCA;CKAP5;NDE1;OFD1;TUBA1A;ACTR1A;DCTN3;CENPJ;CEP290;HAUS2;CCP110;SFI1;HAUS8;CEP164;CDK1,T cells
prerank,MSigDB_Hallmark_2020__Pperoxisome,0.5393692582191276,1.069687237125411,0.3508557457212714,0.7094128756623944,1.0,37/104,12.75%,PRDX1;ATXN1;ITGB1BP1;VPS4B;SCP2;IDI1;RDH11;LONP2;YWHAH;ECH1;SOD1;ALDH1A1;ACSL1;CTBP1;HSD11B2;GSTK1;FIS1;IDH1;ABCC5;IDE;MSH2;FDPS;ALDH9A1;SMARCC1;SLC25A4;PEX11B;EPHX2;ABCB1;ERCC3;CADM1;HMGCL;ELOVL5;HSD17B11;TOP2A;SLC23A2;PEX6;ABCD1,T cells
prerank,Reactome_2022__Biosynthesis Of Specialized Proresolving Mediators (SPMs) R-HSA-9018678,-0.6129911265492798,-1.0688225513784306,0.3835227272727273,1.0,1.0,1/18,0.08%,ALOX5AP,T cells
prerank,Reactome_2022__NOTCH2 Activation And Transmission Of Signal To Nucleus R-HSA-2979096,0.6618569574172205,1.0687464273031204,0.41478129713423834,0.8214020445369766,1.0,8/21,6.11%,UBB;UBC;PSEN1;ADAM10;UBA52;PSENEN;JAG1;RPS27A,T cells
prerank,Reactome_2022__FGFRL1 Modulation Of FGFR1 Signaling R-HSA-5658623,-0.665548030459051,-1.0687235936425685,0.38268156424581007,1.0,1.0,2/13,9.87%,SPRED2;FGFRL1,T cells
prerank,Reactome_2022__FLT3 Signaling In Disease R-HSA-9682385,0.6328670491710198,1.068677606204099,0.4040114613180516,0.8200678794784694,1.0,12/27,8.53%,UBB;UBC;GOLGB1;PIK3CA;UBA52;STAT5B;ZMYM2;PTPN11;RPS27A;SPTBN1;CBL;SOS1,T cells
prerank,Reactome_2022__IRE1alpha Activates Chaperones R-HSA-381070,0.5906886295604435,1.0680256923346132,0.392235609103079,0.820599803249587,1.0,18/48,10.15%,SEC31A;YIF1A;DCTN1;PDIA6;CXXC1;LMNA;GFPT1;SRPRB;ATP6V0D1;ARFGAP1;SSR1;SERP1;FKBP14;DNAJB11;TLN1;PREB;ACD;PPP2R5B,T cells
prerank,Reactome_2022__AKT Phosphorylates Targets In Cytosol R-HSA-198323,-0.6329907171245297,-1.0677378229557517,0.3700564971751412,1.0,1.0,6/14,6.00%,CDKN1B;AKT2;AKT1;AKT3;CDKN1A;MKRN1,T cells
prerank,Reactome_2022__Presynaptic Nicotinic Acetylcholine Receptors R-HSA-622323,-0.6706446418335259,-1.0675258207499956,0.3923705722070845,1.0,1.0,3/12,13.63%,CHRNG;CHRNA5;CHRNA1,T cells
prerank,Reactome_2022__Signaling By FGFR2 R-HSA-5654738,0.5606299334451738,1.067134091194306,0.3536423841059603,0.8220890807623616,1.0,22/72,9.25%,UBB;POLR2K;UBC;HNRNPM;HNRNPF;FGFBP2;POLR2C;PIK3CA;UBA52;MAPK3;POLR2I;GTF2F1;PPP2CB;PTPN11;NCBP2;HNRNPH1;POLR2L;RPS27A;CBL;SOS1;PLCG1;POLR2G,T cells
prerank,Reactome_2022__XBP1(S) Activates Chaperone Genes R-HSA-381038,0.5933094191875635,1.066672852664179,0.3891891891891892,0.8220263781929938,1.0,18/46,10.15%,SEC31A;YIF1A;DCTN1;PDIA6;CXXC1;LMNA;GFPT1;SRPRB;ATP6V0D1;ARFGAP1;SSR1;SERP1;FKBP14;DNAJB11;TLN1;PREB;ACD;PPP2R5B,T cells
prerank,Reactome_2022__Signaling By ERBB4 R-HSA-1236394,0.5714293616579942,1.0665977610738593,0.38095238095238093,0.8207458414733091,1.0,17/57,8.53%,UBB;STMN1;UBC;PSEN1;EGF;PIK3CA;ADAM17;UBA52;NCOR1;PSENEN;WWOX;RPS27A;ITCH;APOE;EGFR;ERBB4;SOS1,T cells
prerank,Reactome_2022__CTLA4 Inhibitory Signaling R-HSA-389513,0.6596126176351048,1.0664172970101202,0.40822320117474303,0.8198334401467327,1.0,7/21,4.95%,LCK;LYN;YES1;PPP2CB;PTPN11;PPP2R5C;PPP2R1B,T cells
prerank,Reactome_2022__ERK/MAPK Targets R-HSA-198753,-0.5878405008312012,-1.065808026653606,0.3879310344827586,1.0,1.0,9/22,5.66%,DUSP6;MAPK1;MAPK14;RPS6KA3;RPS6KA1;DUSP7;PPP2CA;PPP2R5D;PPP2R1A,T cells
prerank,Reactome_2022__FGFR2 Ligand Binding And Activation R-HSA-190241,0.6605288834373816,1.0657136608588198,0.4052388289676425,0.8205289518851522,1.0,1/20,1.87%,FGFBP2,T cells
prerank,Reactome_2022__NCAM1 Interactions R-HSA-419037,-0.5445344177107192,-1.064354910339099,0.36428571428571427,1.0,1.0,5/37,7.94%,ST8SIA4;NCAM1;CACNB2;CACNB1;COL6A2,T cells
prerank,Reactome_2022__Late SARS-CoV-2 Infection Events R-HSA-9772573,0.5776954739665358,1.064117331981493,0.3658854166666667,0.8240749825817466,1.0,28/58,10.91%,UBB;PARP14;UBC;SUMO1;CANX;ZDHHC20;UBE2I;DDOST;UBA52;RPN1;PRMT1;ST6GAL1;RPN2;MOGS;SRPK1;RPS27A;GOLGA7;ZDHHC2;GANAB;ST3GAL1;DAD1;CSNK1A1;PARP16;ZDHHC8;ZDHHC5;PARP10;ST6GALNAC3;SRPK2,T cells
prerank,Reactome_2022__RAB Geranylgeranylation R-HSA-8873719,0.5675147160863941,1.0635087325582664,0.36421319796954316,0.8246126123795033,1.0,16/62,7.81%,PTP4A2;RABGGTB;RAB27A;RAB2A;RAB5C;RAB6A;RAB29;RAB13;RAB21;RAB4A;RAB12;RAB43;RAB17;RAB8B;RAB10;RAB8A,T cells
prerank,Reactome_2022__Depolymerisation Of Nuclear Lamina R-HSA-4419969,0.7042554578982464,1.0632802458574704,0.44976076555023925,0.823836791297673,1.0,10/15,13.91%,PRKCB;PRKCA;LMNA;LPIN1;CTDNEP1;CDK1;CCNB1;LEMD3;LPIN3;LMNB1,T cells
prerank,MSigDB_Hallmark_2020__G2-M Checkpoint,0.514408969294708,1.0630193484706485,0.3593570608495982,0.7026617250673853,1.0,86/195,13.92%,JPT1;STMN1;CKS1B;SLC38A1;HSPA8;UBE2S;CDC25B;TOP1;PTTG1;NASP;MTF2;SS18;KPNB1;AMD1;MCM5;XPO1;CKS2;LBR;EGF;SRSF2;PRIM2;HNRNPD;G3BP1;PURA;CCNT1;KPNA2;CASP8AP2;SMC4;ODC1;MT2A;EZH2;DDX39A;SQLE;ARID4A;MYC;UBE2C;ILF3;PDS5B;MCM6;TACC3;CUL5;KNL1;KIF11;RACGAP1;SMARCC1;SMC2;FOXN3;EFNA5;CCND1;MCM3;CENPE;TPX2;NUSAP1;CUL1;RPS6KA5;HIF1A;CUL3;RAD21;CCNB2;BRCA2;CENPA;ORC5;EWSR1;MKI67;DTYMK;CDK1;TTK;BIRC5;PLK1;TFDP1;RAD23B;FANCC;SLC7A1;TOP2A;UCK2;E2F1;PRMT5;NSD2;CDKN3;TENT4A;KIF4A;HMMR;KATNA1;SAP30;LMNB1;RBL1,T cells
prerank,Reactome_2022__Insulin Receptor Signaling Cascade R-HSA-74751,-0.5062927111530487,-1.0629970710447338,0.3218390804597701,1.0,1.0,11/53,7.30%,PIK3R1;PIK3C3;MAPK1;GRB2;AKT2;PDE3B;PIK3CB;GRB10;HRAS;SHC1;THEM4,T cells
prerank,Reactome_2022__trans-Golgi Network Vesicle Budding R-HSA-199992,0.5630234616872947,1.0624099498887523,0.37989556135770236,0.8251429743446959,1.0,20/71,6.60%,SNX5;HSPA8;BLOC1S1;AP1S2;AP1G1;DTNBP1;PICALM;GOLGB1;AP3B1;VAMP2;RAB5C;APP;AP3S1;SNAPIN;CLTB;GAK;BLOC1S4;ACBD3;HIP1R;YIPF6,T cells
prerank,Reactome_2022__Cleavage Of Damaged Purine R-HSA-110331,0.7376443633473277,1.061254643816222,0.4518167456556082,0.8273293794636679,1.0,7/10,12.25%,POT1;MPG;TERF1;TERF2IP;ACD;TINF2;TERF2,T cells
prerank,Reactome_2022__Circadian Clock R-HSA-400253,0.564894012058941,1.0612204425179224,0.3795811518324607,0.8259077821204505,1.0,28/66,10.34%,UBB;PPP1CC;UBC;CREB1;NCOA1;UBA52;CREBBP;PER2;NCOR1;NCOA2;CHD9;CRTC3;RXRA;RPS27A;TBL1XR1;SKP1;NCOA6;HDAC3;PPARGC1A;PPP1CB;PER1;TBL1X;RBM4;CUL1;MBD4;HIF1A;NAMPT;HELZ2,T cells
prerank,Reactome_2022__Transport Of Ribonucleoproteins Into Host Nucleus R-HSA-168271,0.6126490251474779,1.0609656628960489,0.4097222222222222,0.8251913030798447,1.0,16/35,10.88%,TPR;NUP210;KPNB1;NUP88;NUP214;NDC1;PBRM1;KPNA1;NUP205;NUP37;NUP107;NUP133;NUP54;NUP188;POM121;NUP42,T cells
prerank,Reactome_2022__Cell-cell Junction Organization R-HSA-421270,0.5726997859413051,1.0594564271362061,0.37383177570093457,0.8284871394694228,1.0,24/60,18.04%,CLDN7;JUP;FZR1;CLDN10;CLDN8;NECTIN2;AFDN;CLDN12;CLDN3;CADM1;PRKCI;F11R;CLDN4;CLDN15;PARD6B;CLDN14;CLDN19;ANG;SDK1;CADM2;PARD3;NECTIN4;NECTIN1;CDH2,T cells
prerank,Reactome_2022__Downregulation Of ERBB2:ERBB3 Signaling R-HSA-1358803,0.6941610383118699,1.0589610328238859,0.4561933534743202,0.828531538821886,1.0,4/13,6.11%,UBB;UBC;UBA52;RPS27A,T cells
prerank,Reactome_2022__Metabolism Of Water-Soluble Vitamins And Cofactors R-HSA-196849,0.5305998339486442,1.0584804299415016,0.3776470588235294,0.82857378585428,1.0,42/121,13.44%,PARP14;MCCC2;CYB5A;AASDHPPT;CD320;PCCA;PANK3;SLC2A3;SLC52A2;MTHFD2;PDXK;FPGS;NADSYN1;MMAB;SHMT1;ABCC1;QPRT;MOCS2;COASY;DHFR;ACP5;SHMT2;MMADHC;MMUT;PNPO;MOCS3;GSTO2;SLC25A16;PARP16;TCN2;NAMPT;PARP10;LDLRAP1;DHFR2;LMBRD1;PANK2;ALDH1L1;MTHFD2L;CYB5R3;FLAD1;LRP2;PANK1,T cells
prerank,Reactome_2022__Protein Ubiquitination R-HSA-8852135,0.5665178896118007,1.0584200674182431,0.40591397849462363,0.8272324557990325,1.0,27/64,7.31%,UBB;UBE2L3;UBE2S;UBC;VCP;UBE2G1;SELENOS;RNF181;USP7;UBA52;PCNA;UBE2K;UBE2Z;UCHL3;UBA6;DERL1;UBE2A;UBE2N;UBE2E1;HLA-A;HLTF;UBE2C;UBE2E3;TMEM129;RPS27A;RTF1;RNF20,T cells
prerank,Reactome_2022__Activated NOTCH1 Transmits Signal To Nucleus R-HSA-2122948,0.6149753580793883,1.0574936069445968,0.40772532188841204,0.8285607364226464,1.0,11/31,7.46%,UBB;UBC;PSEN1;ADAM10;ADAM17;UBA52;PSENEN;JAG1;RPS27A;ITCH;NOTCH1,T cells
prerank,Reactome_2022__SUMOylation Of RNA Binding Proteins R-HSA-4570464,0.588920849054841,1.057161026815635,0.39183673469387753,0.8280865596415451,1.0,22/46,13.81%,HNRNPK;TPR;NUP210;SUMO1;UBE2I;NUP88;NOP58;NUP214;NDC1;CBX4;RNF2;NUP205;NUP37;NUP107;NUP133;NUP54;NUP188;POM121;NUP42;PHC2;NUP155;SEH1L,T cells
prerank,Reactome_2022__Transcriptional Regulation By Small RNAs R-HSA-5578749,0.5815203821868165,1.0567286473023667,0.41970310391363025,0.8279773205302726,1.0,20/47,10.88%,POLR2K;TPR;NUP210;POLR2C;POLR2I;NUP88;NUP214;NDC1;IPO8;POLR2L;NUP205;NUP37;NUP107;NUP133;NUP54;NUP188;POLR2G;POM121;POLR2J;NUP42,T cells
prerank,Reactome_2022__Class C/3 (Metabotropic Glutamate/Pheromone Receptors) R-HSA-420499,-0.5226024717025792,-1.056677985015377,0.33114754098360655,1.0,1.0,4/39,13.09%,TAS2R30;GRM7;GRM2;TAS2R46,T cells
prerank,Reactome_2022__Pausing And Recovery Of Tat-mediated HIV Elongation R-HSA-167238,0.6090178728062103,1.056672923877667,0.42163661581137307,0.8266528004601491,1.0,14/31,10.70%,POLR2K;NELFB;POLR2C;CCNT1;POLR2I;GTF2F1;TCEA1;POLR2L;ELOA;SUPT4H1;POLR2G;SUPT16H;ELOC;POLR2J,T cells
prerank,Reactome_2022__Synthesis Of Leukotrienes (LT) And Eoxins (EX) R-HSA-2142691,-0.6022527430959609,-1.056582977178956,0.3712374581939799,1.0,1.0,1/21,0.08%,ALOX5AP,T cells
prerank,Reactome_2022__Telomere C-strand (Lagging Strand) Synthesis R-HSA-174417,0.6126906377954335,1.0565080029679748,0.4051724137931034,0.8256595887776117,1.0,15/33,12.25%,RPA3;PRIM2;PCNA;POT1;BLM;RFC4;TERF1;POLR1A;TERF2IP;ACD;CTC1;POLA1;RFC2;TINF2;TERF2,T cells
prerank,Reactome_2022__Processing Of Capped Intronless Pre-mRNA R-HSA-75067,0.6239539889507387,1.056206679445016,0.4065281899109792,0.8251352573363837,1.0,10/29,7.00%,SNRPG;PABPN1;SNRPE;PAPOLA;SNRPD3;LSM10;SNRPB;NCBP2;WDR33;CPSF6,T cells
prerank,Reactome_2022__Export Of Viral Ribonucleoproteins From Nucleus R-HSA-168274,0.6010045215390369,1.0559090597949792,0.4119278779472954,0.8246030347479181,1.0,16/36,10.88%,TPR;NUP210;HSPA1A;XPO1;NUP88;NUP214;NDC1;PBRM1;NUP205;NUP37;NUP107;NUP133;NUP54;NUP188;POM121;NUP42,T cells
prerank,Reactome_2022__G1/S-Specific Transcription R-HSA-69205,0.6253155392042345,1.0553225169428764,0.42050520059435365,0.8250018463920791,1.0,14/29,13.92%,TFDP2;PCNA;HDAC1;LIN37;RBL2;DHFR;TYMS;E2F6;E2F5;POLA1;CDK1;TFDP1;E2F1;RBL1,T cells
prerank,Reactome_2022__Pre-NOTCH Transcription And Translation R-HSA-1912408,-0.5380895165367348,-1.0550192980477986,0.36394557823129253,1.0,1.0,12/33,8.49%,JUN;RBPJ;RUNX1;TNRC6C;EP300;AGO2;NOTCH2;KAT2B;SIRT6;MAML2;MAML3;KAT2A,T cells
prerank,Reactome_2022__Regulation Of TLR By Endogenous Ligand R-HSA-5686938,-0.6101605643414618,-1.0546457254049415,0.40059347181008903,1.0,1.0,3/18,9.72%,HMGB1;TLR6;GSDMD,T cells
prerank,Reactome_2022__RND2 GTPase Cycle R-HSA-9696270,-0.5089736511562658,-1.054308252892189,0.34701492537313433,1.0,1.0,11/42,7.49%,PIK3R1;ARHGAP35;NUDC;RBMX;NISCH;ANKRD26;UBXN11;PLXND1;ARHGAP1;TNFAIP1;PRAG1,T cells
prerank,Reactome_2022__SUMOylation Of Ubiquitinylation Proteins R-HSA-3232142,0.5976889868458748,1.0541189853019608,0.3997233748271093,0.8272071924568362,1.0,20/39,13.81%,TPR;NUP210;SUMO1;PIAS1;UBE2I;NUP88;NUP214;NDC1;NUP205;NUP37;NUP107;NUP133;NUP54;NUP188;POM121;PIAS4;NUP42;NUP155;MDM2;SEH1L,T cells
prerank,Reactome_2022__Antigen Activates B Cell Receptor Leading To Second Messenger Generation R-HSA-983695,-0.5458883365376872,-1.0539831806759947,0.35240963855421686,1.0,1.0,10/30,4.93%,PIK3R1;GRB2;CLSTN1;SYK;SH3KBP1;FYN;ITPR3;PIK3AP1;AHCYL1;ITPR2,T cells
prerank,Reactome_2022__Stimuli-sensing Channels R-HSA-2672351,0.5366261469339425,1.0527277553574412,0.38257575757575757,0.8300710969449401,1.0,21/100,10.58%,UBB;UBC;WNK1;MCOLN2;CALM1;UBA52;OSTM1;CLCNKA;NEDD4L;RPS27A;CLCNKB;CLCN7;ASPH;TRPV2;SCNN1G;TPCN1;CLCN5;SRI;ANO5;SCNN1B;SCNN1A,T cells
prerank,Reactome_2022__Negative Regulation Of FGFR1 Signaling R-HSA-5654726,0.6009775411905777,1.0519988653626093,0.41354466858789624,0.8308547430520746,1.0,9/33,7.33%,UBB;UBC;UBA52;MAPK3;PPP2CB;PTPN11;RPS27A;KL;CBL,T cells
prerank,Reactome_2022__NS1 Mediated Effects On Host Pathways R-HSA-168276,0.5915564659227658,1.0515285658811553,0.42761394101876676,0.8308393830529148,1.0,18/42,10.88%,PABPN1;TPR;NUP210;KPNB1;KPNA2;NUP88;NUP214;NDC1;KPNA1;NUP205;NUP37;NUP107;NUP133;EIF2AK2;NUP54;NUP188;POM121;NUP42,T cells
prerank,Reactome_2022__Condensation Of Prophase Chromosomes R-HSA-2299718,0.6973909045970724,1.0514130192712219,0.45754716981132076,0.8297153048919794,1.0,7/13,11.48%,RB1;SET;SMC4;RAB33B;CDK1;CCNB1;PLK1,T cells
prerank,Reactome_2022__Transport Of Inorganic Cations/Anions And Amino Acids/Oligopeptides R-HSA-425393,0.5346303927095801,1.051147809034587,0.3635220125786163,0.829026753414381,1.0,34/104,15.91%,SLC12A1;SLC38A1;SLC20A1;SLC4A7;CALM1;SLC6A6;SLC38A2;SLC1A5;SLC4A4;SLC3A2;SLC4A8;SLC26A11;SLC3A1;SLC24A1;SLC4A2;SRI;SLC4A1;SLC9A4;SLC43A2;SLC7A1;SLC36A4;SLC12A6;CTNS;SLC5A12;SLC9A7;SLC38A5;SLC25A26;SLC7A6;SLC16A10;SLC6A12;SLC9A2;SLC5A5;SLC12A5;SLC7A7,T cells
prerank,Reactome_2022__Cellular Response To Heat Stress R-HSA-3371556,0.5328810520411784,1.05092274951734,0.39254658385093166,0.8282769314411884,1.0,39/98,11.27%,UBB;HSPA4;HSP90AB1;HSPA8;VCP;RPA3;HSBP1;FKBP4;TPR;BAG1;RPS19BP1;NUP210;CRYAB;HSPA1A;MRPL18;MAPK3;CREBBP;NUP88;NUP214;NDC1;HSPA14;HSPA2;HSF1;NUP205;BAG5;CAMK2D;NUP37;POLR1A;NUP107;NUP133;NUP54;NUP188;AKT1S1;HSPA13;POM121;DNAJB6;NUP42;CCAR2;ST13,T cells
prerank,Reactome_2022__Regulation Of Complement Cascade R-HSA-977606,0.5849184957744277,1.0507247512606206,0.3940256045519203,0.8273890473097564,1.0,5/44,3.02%,CPNE1;PSMA7;CLU;CD46;CD59,T cells
prerank,Reactome_2022__RND1 GTPase Cycle R-HSA-9696273,-0.5028106682812625,-1.0506413185651662,0.3483606557377049,1.0,1.0,5/42,3.14%,PIK3R1;ARHGAP35;RBMX;ANKRD26;UBXN11,T cells
prerank,Reactome_2022__Cargo Recognition For Clathrin-Mediated Endocytosis R-HSA-8856825,0.5379538428179165,1.0497928561840897,0.38461538461538464,0.8288407612466072,1.0,26/102,8.04%,CD3D;UBB;UBC;NEDD8;COPS5;PICALM;VAMP2;AP2A2;EGF;EPS15L1;EPN1;COPS6;UBA52;ADRB2;AP2B1;CLTB;COPS3;REPS1;RPS27A;GPS1;NECAP2;CBL;FZD4;EGFR;ITSN1;LDLR,T cells
prerank,Reactome_2022__Organic Cation Transport R-HSA-549127,-0.6902304857304928,-1.048278883136859,0.45646437994722955,1.0,1.0,2/10,7.64%,RUNX1;SLC22A18,T cells
prerank,Reactome_2022__Transcription Of HIV Genome R-HSA-167172,0.551636652728138,1.048129585617546,0.4046692607003891,0.83256192787316,1.0,26/69,9.78%,TAF10;POLR2K;NELFB;POLR2C;TAF9;CCNT1;POLR2I;TAF1;GTF2F1;GTF2A2;NCBP2;TAF11;TCEA1;GTF2H2;GTF2H4;POLR2L;ELOA;TAF2;SUPT4H1;CCNK;TAF9B;CCNT2;POLR2G;ERCC3;SUPT16H;ELOC,T cells
prerank,Reactome_2022__Transport Of SLBP Independent Mature mRNA R-HSA-159227,0.598464328651341,1.047470021639159,0.42779291553133514,0.8331823223338926,1.0,16/35,10.88%,EIF4E;TPR;ALYREF;NUP210;NUP88;NCBP2;NUP214;NDC1;NUP205;NUP37;NUP107;NUP133;NUP54;NUP188;POM121;NUP42,T cells
prerank,Reactome_2022__Signaling By TGFB Family Members R-HSA-9006936,0.5254536101932475,1.0474354910304169,0.38674698795180723,0.8317981404800696,1.0,46/119,10.87%,YBX1;UBB;DRAP1;PPP1CC;UBC;NEDD8;TFDP2;SNW1;STAT1;USP15;TGFBR1;XPO1;TRIM33;UBA52;RNF111;CCNT1;HDAC1;PPP1R15A;MAPK3;ITGB1;NCOR1;BMPR2;NEDD4L;TGIF1;ARHGEF18;MYC;RPS27A;PPM1A;CBL;PPP1CB;CCNK;ITGB8;TGIF2;PARP1;CCNT2;SMAD1;UBE2D1;ZFYVE16;WWTR1;TGFBR2;ACVR1B;E2F5;CDK8;ACVR2A;PRKCZ;F11R,T cells
prerank,Reactome_2022__Signaling By EGFR R-HSA-177929,0.5753447942584169,1.0471593996711468,0.4048913043478261,0.8312004332746764,1.0,16/49,9.17%,UBB;UBC;ADAM10;EGF;EPS15L1;EPN1;PIK3CA;ADAM17;UBA52;PTPN11;RPS27A;CBL;EGFR;SOS1;ARHGEF7;PLCG1,T cells
prerank,Reactome_2022__Translation Of Structural Proteins R-HSA-9683701,0.6172413660829259,1.0470088597863956,0.43626062322946174,0.8301947212521055,1.0,15/30,10.84%,UBB;PARP14;UBC;SUMO1;CANX;UBE2I;UBA52;ST6GAL1;MOGS;RPS27A;GANAB;ST3GAL1;PARP16;PARP10;ST6GALNAC3,T cells
prerank,Reactome_2022__Negative Regulators Of DDX58/IFIH1 Signaling R-HSA-936440,0.6045318961823084,1.0464975746476743,0.4261119081779053,0.8302531842479118,1.0,16/34,9.29%,UBB;UBC;UBE2L6;ATG5;UBA52;UBE2K;NLRC5;IKBKE;OTUD5;TRAF3;RPS27A;ITCH;MAVS;UBE2D1;IRF3;HERC5,T cells
prerank,Reactome_2022__FGFR2b Ligand Binding And Activation R-HSA-190377,0.7226673045135064,1.0464328067500308,0.496742671009772,0.829001783539423,1.0,1/10,1.87%,FGFBP2,T cells
prerank,Reactome_2022__Transmission Across Chemical Synapses R-HSA-112315,0.49524220300800265,1.0459022906059865,0.38063063063063063,0.8291418343524328,1.0,45/246,12.28%,PRKCB;GNG5;SLC38A1;HSPA8;ARL6IP5;CREB1;COMT;NCALD;VAMP2;CALM1;AP2A2;NPTN;GNAI3;MAPK3;KPNA2;PRKCA;GIT1;KCNJ16;AP2B1;SLC38A2;PRKAA2;MYO6;ALDH2;EPB41L1;PRKAG1;GNB5;CAMK2D;ADCY9;GNG11;ERBB4;ARHGEF7;DLG1;KCNJ15;SLC6A13;GABRA2;GNAI1;GNG7;CACNA2D2;SLC22A2;KCNJ3;MAOA;AP2A1;LIN7B;GNG2;ABAT,T cells
prerank,Reactome_2022__Metabolism Of Folate And Pterines R-HSA-196757,0.6712763349931808,1.0458534089381566,0.444104134762634,0.8278551145900155,1.0,8/16,11.83%,MTHFD2;FPGS;SHMT1;DHFR;SHMT2;DHFR2;ALDH1L1;MTHFD2L,T cells
prerank,Reactome_2022__Interferon Alpha/Beta Signaling R-HSA-909733,-0.46629065391158236,-1.0450172067776602,0.33488372093023255,1.0,1.0,11/72,2.52%,HLA-E;IFITM1;HLA-B;IRF1;JAK1;BST2;HLA-F;PSMB8;HLA-C;IFITM2;SOCS1,T cells
prerank,Reactome_2022__HCMV Late Events R-HSA-9610379,0.5633227271378465,1.044874623062806,0.41161290322580646,0.8295358008560881,1.0,24/62,10.88%,HNRNPK;TPR;VPS28;NUP210;CD46;SNF8;NUP88;VPS37B;NUP214;NDC1;TXN2;CHMP2B;MVB12B;TSG101;NUP205;NUP37;NUP107;NUP133;RRM1;NUP54;NUP188;POM121;VPS25;NUP42,T cells
prerank,Reactome_2022__Collagen Chain Trimerization R-HSA-8948216,0.5879282543014112,1.0445932164842568,0.4171270718232044,0.8289625955797143,1.0,21/44,27.26%,COL4A1;COL4A2;COL27A1;COL4A4;COL4A6;COL4A5;COL18A1;COL13A1;COL9A2;COL28A1;COL4A3;COL25A1;COL5A3;COL15A1;COL1A2;COL14A1;COL9A3;COL3A1;COL11A2;COL8A2;COL19A1,T cells
prerank,Reactome_2022__Interleukin-37 Signaling R-HSA-9008059,-0.5757302965960982,-1.0444408511874343,0.3808139534883721,1.0,1.0,7/21,6.37%,SIGIRR;CASP1;STAT3;PTPN18;PTPN4;IL18R1;SMAD3,T cells
prerank,Reactome_2022__GABA Receptor Activation R-HSA-977443,0.5611803882631222,1.0435592832183316,0.41952506596306066,0.8304621233482277,1.0,13/59,12.28%,GNG5;NPTN;GNAI3;KCNJ16;GNB5;ADCY9;GNG11;KCNJ15;GABRA2;GNAI1;GNG7;KCNJ3;GNG2,T cells
prerank,Reactome_2022__Mitotic Prometaphase R-HSA-68877,0.5057554413426937,1.043206630896856,0.39862542955326463,0.8300962017595506,1.0,72/183,12.52%,DYNLL1;PPP1CC;AKAP9;TUBA4A;CSNK2B;CDK5RAP2;SMC3;DCTN1;SKA2;TUBB4B;WAPL;XPO1;PCM1;MIS12;CEP63;CEP57;PPP2CB;SMC4;KANSL1;SSNA1;PRKCA;HDAC8;CKAP5;PPP2R5C;MZT2B;PPP2R1B;NDE1;ITGB3BP;OFD1;DYNC1LI1;TUBA1A;TAOK1;PDS5B;ACTR1A;NCAPG;DCTN3;CENPJ;CEP290;RANGAP1;HAUS2;ZW10;KNL1;PPP2R5A;NEK7;NUP37;NUP107;NUP133;NEK9;NDEL1;CCP110;CENPE;RAB33B;RAD21;CCNB2;CENPA;PPP2R5B;SFI1;HAUS8;CEP164;MZT1;CDK1;CCNB1;TUBGCP5;BIRC5;PLK1;RCC2;TUBGCP4;CENPN;KIF2A;DCTN2;CDCA8;TUBG1,T cells
prerank,Reactome_2022__Negative Regulation Of FGFR2 Signaling R-HSA-5654727,0.5978021320147359,1.042730914459811,0.4329446064139942,0.8300732835503094,1.0,8/34,7.33%,UBB;UBC;UBA52;MAPK3;PPP2CB;PTPN11;RPS27A;CBL,T cells
prerank,Reactome_2022__PI-3K cascade:FGFR4 R-HSA-5654720,-0.6005450819396976,-1.0426280456688837,0.42729970326409494,1.0,1.0,2/20,1.13%,PIK3R1;GRB2,T cells
prerank,Reactome_2022__Activation Of G Protein Gated Potassium Channels R-HSA-1296041,0.6192936669323681,1.0426126957178665,0.43686502177068215,0.8290139222717692,1.0,8/29,12.28%,GNG5;KCNJ16;GNB5;GNG11;KCNJ15;GNG7;KCNJ3;GNG2,T cells
prerank,Reactome_2022__Creation Of C4 And C2 Activators R-HSA-166786,0.6890071482431049,1.0425198357062286,0.4789391575663027,0.8278534572281065,1.0,4/13,22.65%,C1S;C1R;COLEC10;MASP2,T cells
prerank,Reactome_2022__HSF1-dependent Transactivation R-HSA-3371571,0.600143739627948,1.0414777326540372,0.4117647058823529,0.8295268318215762,1.0,12/36,7.26%,UBB;HSP90AB1;HSPA8;HSBP1;FKBP4;CRYAB;HSPA1A;MRPL18;CREBBP;HSPA2;HSF1;CAMK2D,T cells
prerank,Reactome_2022__Defective B3GAT3 Causes JDSSDHD R-HSA-3560801,0.6465508379331286,1.040980897465273,0.4590909090909091,0.8295479438797148,1.0,9/20,16.75%,B3GAT3;SDC1;HSPG2;SDC2;AGRN;SDC3;BGN;GPC3;SDC4,T cells
prerank,Reactome_2022__Diseases Associated With Visual Transduction R-HSA-2474795,0.697697656836641,1.0408586954504038,0.4889240506329114,0.8284837785828261,1.0,1/13,2.13%,NAPEPLD,T cells
prerank,Reactome_2022__Transport To Golgi And Subsequent Modification R-HSA-948021,0.5090316291008563,1.040677642746598,0.3953216374269006,0.8275477825417308,1.0,46/164,8.20%,DYNLL1;CTSC;TRAPPC4;COPB1;SPTAN1;TMED9;SEC31A;GOLGB1;COPA;CAPZA2;PPP6R3;DCTN1;CAPZB;LMAN1;NAPG;SAR1B;LMAN2;MAN1A1;B4GALT1;TMED2;TRAPPC2;PPP6C;B4GALT5;SEC22B;CD59;CNIH1;ST6GAL1;GOLGA2;COPG1;ANK3;GOSR1;COG5;ARFGAP3;DYNC1LI1;DCTN4;ARF3;ST8SIA6;COPB2;ACTR1A;SPTBN1;TRAPPC3;DCTN3;ARFGAP1;ANK2;PPP6R1;STX17,T cells
prerank,Reactome_2022__HDL Remodeling R-HSA-8964058,0.7212452582370303,1.0399741655359866,0.4899845916795069,0.8282214441412236,1.0,7/10,20.08%,APOE;ABCG1;ALB;APOA1;APOC2;CETP;PLTP,T cells
prerank,Reactome_2022__Transport Of SLBP Dependant Mature mRNA R-HSA-159230,0.5914903672754483,1.0398094367949362,0.43365253077975374,0.8272965226046199,1.0,16/36,10.88%,EIF4E;TPR;ALYREF;NUP210;NUP88;NCBP2;NUP214;NDC1;NUP205;NUP37;NUP107;NUP133;NUP54;NUP188;POM121;NUP42,T cells
prerank,Reactome_2022__Apoptotic Factor-Mediated Response R-HSA-111471,0.6449398152893978,1.0392017105699172,0.44583987441130296,0.8276780672391642,1.0,7/20,6.52%,BAX;CYCS;C1QBP;APIP;MAPK3;CASP3;UACA,T cells
prerank,Reactome_2022__Carboxyterminal Post-Translational Modifications Of Tubulin R-HSA-8955332,0.5784313155155383,1.038744519900908,0.4303448275862069,0.8276209270819566,1.0,8/39,10.23%,TUBB4B;TUBA1B;AGTPBP1;TUBA1A;TPGS2;TTLL1;SVBP;TPGS1,T cells
prerank,Reactome_2022__RHOC GTPase Cycle R-HSA-9013106,-0.45679353929457944,-1.0377496894190563,0.3423076923076923,1.0,1.0,16/73,6.13%,AKAP13;STOM;RHOC;PIK3R1;RHOA;ARHGAP35;ARHGDIA;ROCK1;ROCK2;TMPO;ARHGEF40;STX5;ARHGAP1;VAPB;RTKN;PREX1,T cells
prerank,Reactome_2022__Defective TPR May Confer Susceptibility Towards Thyroid Papillary Carcinoma (TPC) R-HSA-5619107,0.5982718906256916,1.0373309479227932,0.44813278008298757,0.8300750680998122,1.0,17/32,13.98%,TPR;NUP210;NUP88;NUP214;NDC1;NUP205;NUP37;NUP107;NUP133;NUP54;NUP188;MAP4K2;POM121;NUP42;NUP155;SEH1L;MAP4K5,T cells
prerank,MSigDB_Hallmark_2020__Spermatogenesis,0.5169445368654949,1.036602186829367,0.4009546539379475,0.7655624801192011,1.0,24/134,12.08%,PEBP1;TALDO1;ARL4A;MAST2;GSTM3;ZC3H14;VDAC3;EZH2;RPL39L;IP6K1;POMC;NF2;IDE;RAD17;HSPA2;RFC4;PARP2;PCSK1N;LPIN1;TLE4;CCNB2;CDK1;TTK;CLPB,T cells
prerank,Reactome_2022__Gene And Protein Expression By JAK-STAT Signaling After Interleukin-12 Stimulation R-HSA-8950505,0.5937522693374991,1.0362692893969887,0.44337016574585636,0.8318366586988033,1.0,14/35,6.75%,IFNG;MSN;RPLP0;PSME2;AURKAIP1;PPIA;HNRNPA2B1;TALDO1;HNRNPF;SOD1;PKN2;STAT4;ANXA2;CNN2,T cells
prerank,Reactome_2022__RAS Processing R-HSA-9648002,0.6530174756410516,1.0355125703519243,0.444104134762634,0.8326099628845807,1.0,7/18,9.96%,CALM1;LYPLA1;ABHD17B;PRKCQ;GOLGA7;ARL2;ABHD17C,T cells
prerank,Reactome_2022__Role Of Nef In HIV-1 Replication And Disease Pathogenesis R-HSA-164952,0.6173454834176272,1.0353733033581984,0.45321637426900585,0.8316411927785223,1.0,8/27,5.16%,LCK;CD8B;AP1S2;AP1G1;AP2A2;PKN2;AP2B1;HLA-A,T cells
prerank,Reactome_2022__Centrosome Maturation R-HSA-380287,0.5380066645690826,1.0345057332039516,0.43167305236270753,0.8326903343004438,1.0,32/80,12.52%,DYNLL1;AKAP9;TUBA4A;CDK5RAP2;DCTN1;TUBB4B;PCM1;CEP63;CEP57;SSNA1;PRKCA;CKAP5;MZT2B;NDE1;OFD1;TUBA1A;ACTR1A;DCTN3;CENPJ;CEP290;HAUS2;CCP110;SFI1;HAUS8;CEP164;MZT1;CDK1;TUBGCP5;PLK1;TUBGCP4;DCTN2;TUBG1,T cells
prerank,Reactome_2022__Resolution Of Sister Chromatid Cohesion R-HSA-2500257,0.5238978940816603,1.0340582383104318,0.4248768472906404,0.8325467313409631,1.0,39/104,12.41%,DYNLL1;PPP1CC;SMC3;SKA2;WAPL;XPO1;MIS12;PPP2CB;KANSL1;HDAC8;CKAP5;PPP2R5C;PPP2R1B;NDE1;ITGB3BP;DYNC1LI1;TAOK1;PDS5B;RANGAP1;ZW10;KNL1;PPP2R5A;NUP37;NUP107;NUP133;NDEL1;CENPE;RAD21;CCNB2;CENPA;PPP2R5B;CDK1;CCNB1;BIRC5;PLK1;RCC2;CENPN;KIF2A;CDCA8,T cells
prerank,Reactome_2022__Early Phase Of HIV Life Cycle R-HSA-162594,0.6673266927873561,1.0336924154288565,0.4696048632218845,0.832219428838137,1.0,5/15,6.51%,XRCC5;PPIA;XRCC6;XRCC4;KPNA1,T cells
prerank,MSigDB_Hallmark_2020__Hedgehog Signaling,0.5875080229080499,1.0334026139937105,0.43977591036414565,0.7454354383262739,1.0,15/36,13.99%,CDK6;ADGRG1;TLE1;PTCH1;MYH9;VEGFA;DPYSL2;L1CAM;RASA1;THY1;NRP1;CDK5R1;PLG;OPHN1;ETS2,T cells
prerank,MSigDB_Hallmark_2020__Estrogen Response Late,0.4983262178921951,1.0324036421208724,0.4245939675174014,0.7185569888332691,1.0,79/200,15.97%,DUSP2;FABP5;CKB;FKBP4;HPRT1;BAG1;AMFR;ARL3;COX6C;AFF1;FARP1;SNX10;CA2;RABEP1;NXT1;BTG3;GLA;PERP;PDZK1;CD9;KRT19;ATP2B4;DCXR;DNAJC1;LARGE1;IL6ST;CPE;FLNB;RBBP8;ETFB;MOCS2;TST;BLVRB;MAPK13;CCND1;FGFR3;TOB1;FAM102A;CHPT1;SCNN1A;CACNA2D2;IGFBP4;CDH1;JAK2;SORD;ELOVL5;PLXNB1;TSPAN13;HMGCS2;ST14;SLC29A1;CA12;CXCL14;TOP2A;FDFT1;GALE;SLC16A1;CELSR2;ALDH3A2;FOXC1;SIAH2;TFPI2;DHCR7;SGK1;IMPA2;NAB2;PTGER3;NBL1;BATF;OVOL2;ABCA3;EGR3;SEMA3B;ALDH3B1;PCP4;CAV1;PAPSS2;CDC20;PRKAR2B,T cells
prerank,Reactome_2022__Defects In Cobalamin (B12) Metabolism R-HSA-3296469,0.6859040446711016,1.0322951197627708,0.4954268292682927,0.8347915293269265,1.0,6/13,10.74%,CD320;MMAB;MMADHC;MMUT;TCN2;LMBRD1,T cells
prerank,Reactome_2022__SUMO E3 Ligases SUMOylate Target Proteins R-HSA-3108232,0.49900079863381347,1.0304999240792545,0.4149425287356322,0.8384418010552711,1.0,53/166,9.80%,PARK7;NPM1;TOP1;HNRNPK;SMC3;TPR;NUP210;NCOA1;HDAC2;TRIM28;SUMO1;PIAS1;CBX5;SAFB;DDX17;UBE2I;PCNA;HDAC1;CREBBP;CASP8AP2;NUP88;NOP58;NR4A2;NCOA2;NUP214;MTA1;BLM;HDAC4;CTBP1;NDC1;IKBKE;XRCC4;SMC6;RXRA;CBX4;L3MBTL2;RNF2;NUP205;RAD52;RANGAP1;PPARGC1A;THRB;NUP37;POLR1A;NUP107;NUP133;PARP1;NUP54;NUP188;TDG;NR2C1;RAD21;NFKB2,T cells
prerank,Reactome_2022__TP53 Regulates Transcription Of Genes Involved In G2 Cell Cycle Arrest R-HSA-6804114,0.6556613548194524,1.029553135026726,0.4809384164222874,0.8398934198131135,1.0,10/18,15.28%,BAX;TFDP2;PCNA;PRMT1;RBL2;CDK1;CCNB1;TFDP1;RBL1;AURKA,T cells
prerank,Reactome_2022__HIV Transcription Initiation R-HSA-167161,0.5730976637874878,1.029546354346883,0.43036211699164345,0.8384927023892861,1.0,16/46,9.34%,TAF10;POLR2K;POLR2C;TAF9;POLR2I;TAF1;GTF2F1;GTF2A2;TAF11;GTF2H2;GTF2H4;POLR2L;TAF2;TAF9B;POLR2G;ERCC3,T cells
prerank,Reactome_2022__Base Excision Repair R-HSA-73884,0.5691759060141909,1.0286903441836488,0.44070080862533695,0.8395415341188922,1.0,24/44,13.16%,RPA3;APEX1;POLE4;PARG;PCNA;POT1;MPG;UNG;RFC4;POLE2;PARP2;TERF1;POLR1A;PARP1;TERF2IP;SMUG1;TDG;MBD4;ACD;POLG2;RFC2;TINF2;TERF2;PNKP,T cells
prerank,Reactome_2022__G Alpha (12/13) Signaling Events R-HSA-416482,-0.46272201154920783,-1.0269646596080333,0.36,1.0,1.0,15/78,7.78%,AKAP13;RHOC;PRPF38B;RHOA;ARHGEF6;GNB2;ROCK1;ROCK2;GNB1;GNGT2;ARHGEF40;PREX1;TIAM1;ARHGEF26;ARHGEF9,T cells
prerank,Reactome_2022__Fatty acyl-CoA Biosynthesis R-HSA-75105,0.5941558568891799,1.0269125216179416,0.4665757162346521,0.8432695147139461,1.0,12/37,11.15%,CBR4;HACD3;MORC2;ACSL1;HSD17B8;HSD17B12;TECR;ELOVL1;ACLY;SLC27A3;PPT1;ELOVL5,T cells
prerank,Reactome_2022__SUMOylation Of DNA Replication Proteins R-HSA-4615885,0.5641357713668519,1.0263787389094154,0.4536784741144414,0.8434039122949356,1.0,24/45,13.81%,TOP1;TPR;NUP210;SUMO1;UBE2I;PCNA;NUP88;NUP214;NDC1;NUP205;RANGAP1;NUP37;NUP107;NUP133;NUP54;NUP188;POM121;PIAS4;NUP42;BIRC5;TOP2A;CDCA8;NUP155;SEH1L,T cells
prerank,Reactome_2022__RHOB GTPase Cycle R-HSA-9013026,-0.4629111871682563,-1.0256276881480977,0.3412698412698413,1.0,1.0,11/69,6.13%,AKAP13;STOM;PIK3R1;PRPF38B;ARHGAP35;SNAP23;ROCK1;ROCK2;ARHGAP1;RTKN;PREX1,T cells
prerank,"Reactome_2022__Antigen Presentation: Folding, Assembly, Peptide Loading Of Class I MHC R-HSA-983170",-0.5425827980365961,-1.0253989790099585,0.4033333333333333,1.0,1.0,7/28,2.34%,HLA-E;HLA-B;PIK3C3;ERAP1;HLA-F;SEC23A;HLA-C,T cells
prerank,Reactome_2022__Negative Regulation Of FGFR4 Signaling R-HSA-5654733,0.5981215747878973,1.0239594848270535,0.46911764705882353,0.8490921872314406,1.0,8/31,7.33%,UBB;UBC;UBA52;MAPK3;PPP2CB;PTPN11;RPS27A;CBL,T cells
prerank,Reactome_2022__Metabolism Of Angiotensinogen To Angiotensins R-HSA-2022377,0.6467802613658324,1.0239178842236618,0.5015151515151515,0.8478081609033917,1.0,1/18,0.01%,GZMH,T cells
prerank,Reactome_2022__FCGR3A-mediated Phagocytosis R-HSA-9664422,0.549695301328981,1.0236600182901894,0.43203230148048455,0.8470861163240031,1.0,16/56,7.75%,ARPC1B;ARPC3;ACTR2;LYN;YES1;ARPC2;ACTG1;ARPC5;BRK1;WIPF2;MAPK3;VAV3;CYFIP2;NCKAP1;MYH9;WASL,T cells
prerank,Reactome_2022__PI3K Cascade R-HSA-109704,-0.5070219637318094,-1.0233416576024335,0.3985239852398524,1.0,1.0,7/44,7.30%,PIK3R1;PIK3C3;GRB2;AKT2;PDE3B;PIK3CB;THEM4,T cells
prerank,Reactome_2022__RHO GTPases Activate PAKs R-HSA-5627123,0.6314739774060458,1.0230337661234692,0.4739970282317979,0.8474764546818081,1.0,11/21,9.70%,MYL6;CALM1;PKN2;NF2;PPP1CB;MYH9;MYL9;MYL12B;PPP1R12B;ARHGEF7;CTTN,T cells
prerank,Reactome_2022__Transcription Of E2F Targets Under Negative Control By DREAM Complex R-HSA-1362277,0.6377140032796959,1.020938983160266,0.46636085626911317,0.8519423935100254,1.0,11/19,13.92%,TFDP2;PCNA;HDAC1;LIN37;RBL2;MYC;E2F5;TFDP1;TOP2A;E2F1;RBL1,T cells
prerank,Reactome_2022__Signaling By Type 1 Insulin-like Growth Factor 1 Receptor (IGF1R) R-HSA-2404192,-0.4868911303240085,-1.0207577565834827,0.42528735632183906,1.0,1.0,9/53,7.30%,PIK3R1;PIK3C3;GRB2;AKT2;PDE3B;PIK3CB;HRAS;SHC1;THEM4,T cells
prerank,Reactome_2022__Interleukin-12 Family Signaling R-HSA-447115,0.5629703035617213,1.0205828462205373,0.44609164420485176,0.8515150800832212,1.0,19/54,6.89%,IFNG;MSN;RPLP0;PSME2;AURKAIP1;PPIA;HNRNPA2B1;TALDO1;HNRNPF;STAT1;CANX;SOD1;P4HB;PKN2;STAT4;ANXA2;IL6ST;CNN2;IL27RA,T cells
prerank,Reactome_2022__Recruitment Of NuMA To Mitotic Centrosomes R-HSA-380320,0.5295819138978114,1.0204572969778256,0.4525916561314791,0.8504656824521731,1.0,32/79,12.52%,DYNLL1;AKAP9;TUBA4A;CDK5RAP2;DCTN1;TUBB4B;PCM1;CEP63;CEP57;SSNA1;PRKCA;CKAP5;MZT2B;NDE1;OFD1;TUBA1A;ACTR1A;DCTN3;CENPJ;CEP290;HAUS2;CCP110;SFI1;HAUS8;CEP164;MZT1;CDK1;TUBGCP5;PLK1;TUBGCP4;DCTN2;TUBG1,T cells
prerank,Reactome_2022__Cleavage Of Damaged Pyrimidine R-HSA-110329,0.6688746838902724,1.0204033907975032,0.5014836795252225,0.8492116660403726,1.0,10/15,12.25%,POT1;UNG;TERF1;TERF2IP;SMUG1;TDG;MBD4;ACD;TINF2;TERF2,T cells
prerank,Reactome_2022__Cell Recruitment (Pro-Inflammatory Response) R-HSA-9664424,-0.542701933071222,-1.0187145901596613,0.42038216560509556,1.0,1.0,5/25,4.99%,TXNIP;CASP1;RELA;PSTPIP1;C3AR1,T cells
prerank,MSigDB_Hallmark_2020__IL-2/STAT5 Signaling,-0.41244221617278687,-1.017801620335278,0.38345864661654133,0.656042850378788,0.945,56/199,8.61%,GADD45B;CDC42SE2;HOPX;DHRS3;KLF6;XBP1;PLEC;AHNAK;BHLHE40;IL2RB;NCOA3;BCL2;TNFRSF18;SERPINB6;SOCS2;IFNGR1;ST3GAL4;SLC39A8;GSTO1;PRKCH;PRAF2;CAPG;RORA;PLSCR1;FURIN;LRRC8C;SOCS1;ITGAV;NFIL3;TNFRSF4;CD81;SYNGR2;MAFF;GLIPR2;CD44;TRAF1;IL18R1;CSF2;TNFRSF1B;IGF2R;SYT11;POU2F1;CTLA4;TIAM1;GPR65;PHTF2;TNFSF10;CISH;CDC6;ADAM19;MAPKAPK2;MYO1E;ALCAM;PDCD2L;IL10RA;ITGAE,T cells
prerank,Reactome_2022__Processing Of DNA Double-Strand Break Ends R-HSA-5693607,0.5484289049373767,1.0165108280207868,0.44986449864498645,0.8587109604067252,1.0,19/62,8.10%,UBB;UBC;RPA3;UIMC1;PPP4C;UBE2I;MRE11;UBA52;BLM;UBE2N;BRCC3;CLSPN;RPS27A;RAD17;RAD50;RFC4;RBBP8;POLR1A;PPP4R2,T cells
prerank,Reactome_2022__RHO GTPases Activate Formins R-HSA-5663220,0.5112353358321321,1.0161130511080545,0.45012165450121655,0.8584756328814309,1.0,41/117,12.41%,PFN1;DYNLL1;PPP1CC;DIAPH1;SKA2;ACTG1;XPO1;MIS12;SRGAP2;ITGB1;PPP2CB;KANSL1;CKAP5;PPP2R5C;PPP2R1B;NDE1;ITGB3BP;DYNC1LI1;FMNL1;TAOK1;PFN2;SCAI;RANGAP1;ZW10;KNL1;PPP2R5A;NUP37;NUP107;NUP133;NDEL1;CENPE;CENPA;PPP2R5B;RHOB;BIRC5;PLK1;RHOD;RCC2;CENPN;KIF2A;CDCA8,T cells
prerank,Reactome_2022__IGF1R Signaling Cascade R-HSA-2428924,-0.48689312389658657,-1.0157151323881246,0.4377358490566038,1.0,1.0,9/52,7.30%,PIK3R1;PIK3C3;GRB2;AKT2;PDE3B;PIK3CB;HRAS;SHC1;THEM4,T cells
prerank,Reactome_2022__Bicarbonate Transporters R-HSA-425381,0.7087470518051687,1.0141450974856334,0.5501618122977346,0.862690151348662,1.0,5/10,10.02%,SLC4A7;SLC4A4;SLC4A8;SLC4A2;SLC4A1,T cells
prerank,Reactome_2022__Pyruvate Metabolism R-HSA-70268,0.5897454554589315,1.0138439223661981,0.46628407460545196,0.862108076316795,1.0,7/31,6.42%,LDHB;MPC1;LDHA;BSG;PDHB;RXRA;PDK2,T cells
prerank,Reactome_2022__IRS-mediated Signaling R-HSA-112399,-0.49785634586387,-1.013805302787665,0.45038167938931295,1.0,1.0,8/47,7.30%,PIK3R1;PIK3C3;GRB2;AKT2;PDE3B;PIK3CB;HRAS;THEM4,T cells
prerank,Reactome_2022__Processive Synthesis On C-strand Of Telomere R-HSA-174414,0.6314382619964055,1.0119163773180277,0.4650817236255572,0.866218185780006,1.0,10/19,12.25%,RPA3;PCNA;POT1;BLM;TERF1;POLR1A;TERF2IP;ACD;TINF2;TERF2,T cells
prerank,Reactome_2022__Negative Regulation Of MET Activity R-HSA-6807004,0.6313716452996194,1.0118789616784851,0.5078616352201258,0.8649260696497844,1.0,7/21,8.53%,UBB;UBC;UBA52;PTPN1;RPS27A;CBL;SOS1,T cells
prerank,Reactome_2022__Insulin Receptor Recycling R-HSA-77387,0.6014798013296122,1.011608267528998,0.476831091180867,0.8642939669852268,1.0,9/26,10.68%,ATP6V0C;ATP6AP1;ATP6V1G1;ATP6V0D1;ATP6V0E1;ATP6V0A2;ATP6V0A4;ATP6V1F;ATP6V1A,T cells
prerank,Reactome_2022__EPH-ephrin Mediated Repulsion Of Cells R-HSA-3928665,0.5555875630951999,1.0108935911465515,0.4781420765027322,0.8648785960405238,1.0,11/49,8.21%,LYN;YES1;PSEN1;ADAM10;AP2A2;VAV3;PSENEN;AP2B1;CLTB;EFNA4;EFNA5,T cells
prerank,Reactome_2022__Diseases Of Programmed Cell Death R-HSA-9645723,0.5733815051618608,1.0104842393599311,0.47295423023578365,0.864669214976568,1.0,15/42,7.84%,PRDX2;PRDX1;CDC25B;C1QBP;TANK;APP;CAPN1;PRIM2;EZH2;LMNA;GOLGA2;FADD;TRADD;CDK5;EED,T cells
prerank,Reactome_2022__Signaling By FGFR3 In Disease R-HSA-5655332,-0.564417079559377,-1.0092359672975324,0.44476744186046513,1.0,1.0,2/21,1.13%,PIK3R1;GRB2,T cells
prerank,Reactome_2022__Negative Regulation Of FGFR3 Signaling R-HSA-5654732,0.5939979752534064,1.0091634889299281,0.47858197932053176,0.8668802221344927,1.0,9/29,8.72%,UBB;UBC;UBA52;MAPK3;PPP2CB;PTPN11;RPS27A;CBL;FGFR3,T cells
prerank,Reactome_2022__Syndecan Interactions R-HSA-3000170,-0.5583946411730605,-1.0084471272674376,0.43352601156069365,1.0,1.0,3/20,2.58%,TGFB1;CASK;ITGAV,T cells
prerank,Reactome_2022__Constitutive Signaling By Overexpressed ERBB2 R-HSA-9634285,-0.6747525264141883,-1.0082508448855487,0.5144356955380578,1.0,1.0,5/10,7.26%,HSP90AA1;GRB2;HRAS;SHC1;ERBB2,T cells
prerank,Reactome_2022__Post-translational Modification: Synthesis Of GPI-anchored Proteins R-HSA-163125,0.5169739949024346,1.008249825416553,0.46371463714637146,0.8680412390143342,1.0,19/91,14.60%,PIGC;CD52;LY6E;DPM3;PIGH;PIGF;RECK;PIGG;PIGO;PIGX;PIGS;DPM1;NTNG2;THY1;PGAP1;LYPD6B;PIGT;PIGW;PIGB,T cells
prerank,Reactome_2022__Signaling By Interleukins R-HSA-449147,0.4691370367961566,1.0077580650050206,0.46260683760683763,0.8680544698284695,1.0,123/451,9.90%,LCK;IFNG;UBB;CCL5;CCL4;PSMB7;PSMB9;MSN;ITGB2;RPLP0;PSMB3;PSMD8;PSMA1;PSME2;AURKAIP1;HSPA8;PSMB5;UBC;PSMA2;CCM2;PPIA;HNRNPA2B1;PSMD4;PSMA5;PSMB2;PSMA3;LYN;CREB1;TALDO1;PSMD14;YES1;RBX1;PSMA7;HNRNPF;VAMP2;TANK;YWHAZ;APP;STAT1;PSMD12;MAPKAPK3;CANX;SMARCA4;MAP2K1;PSMB4;PIK3CA;UBA52;STAT5B;MAPK3;ITGB1;PTPN7;PPP2CB;PTPN11;SOD1;NLRC5;PRKCA;SQSTM1;PSMD7;P4HB;PSMD6;PKN2;CCL3;UBE2N;PSMD2;TNIP2;IL18BP;IRF4;FBXW11;LGALS9;PPP2R1B;MUC1;STAT4;NFKB1;PSMD13;MYC;PSMA6;AGER;CASP3;POMC;LIFR;RPS27A;MAPK8;ANXA2;PSMB6;MAP2K6;IL6ST;LRRC14;RHOU;CNN2;SKP1;IL27RA;NKIRAS2;STAT6;PSME3;PSMC6;CBL;USP18;OPRM1;VEGFA;IFNL1;S1PR1;TNF;CCND1;ZEB1;CHUK;PSMC1;SOS1;SDC1;IL13RA1;LAMA5;DUSP3;PSMC4;IRAK1;CUL1;IL4R;RPS6KA5;PITPNA;HIF1A;PIK3R2;PSMC2;NFKB2;TRAF6;PELI1,T cells
prerank,Reactome_2022__SUMOylation R-HSA-2990846,0.4864448156934059,1.0075770064212293,0.46810933940774485,0.8671309305597221,1.0,54/172,9.80%,PARK7;NPM1;TOP1;HNRNPK;SMC3;TPR;NUP210;NCOA1;HDAC2;TRIM28;SUMO1;PIAS1;CBX5;SAFB;DDX17;UBE2I;PCNA;HDAC1;CREBBP;CASP8AP2;NUP88;NOP58;NR4A2;NCOA2;NUP214;MTA1;BLM;HDAC4;CTBP1;NDC1;IKBKE;XRCC4;SMC6;RXRA;CBX4;L3MBTL2;RNF2;NUP205;RAD52;RANGAP1;PPARGC1A;THRB;NUP37;POLR1A;NUP107;NUP133;PARP1;NUP54;NUP188;TDG;NR2C1;SENP2;RAD21;NFKB2,T cells
prerank,Reactome_2022__Prolactin Receptor Signaling R-HSA-1170546,0.6452529179194681,1.0067701658108028,0.5224806201550387,0.8679521676921279,1.0,6/15,10.93%,RBX1;STAT5B;PTPN11;SKP1;CUL1;JAK2,T cells
prerank,Reactome_2022__Regulation Of Beta-Cell Development R-HSA-186712,-0.49805088456473223,-1.0066592946173722,0.44285714285714284,1.0,1.0,10/40,8.49%,RBPJ;AKT2;AKT1;EP300;AKT3;FOXO1;KAT2B;MAML2;MAML3;KAT2A,T cells
prerank,Reactome_2022__Translocation Of SLC2A4 (GLUT4) To Plasma Membrane R-HSA-1445148,0.545074522828028,1.006325921798477,0.4535367545076283,0.8677190339864017,1.0,20/51,7.84%,YWHAB;YWHAQ;VAMP2;YWHAZ;CALM1;YWHAH;RAB13;EXOC7;TBC1D4;RAB4A;TBC1D1;EXOC4;PRKAA2;EXOC8;PRKAG1;MYH9;RAB10;RAB8A;EXOC2;KIF3A,T cells
prerank,"Reactome_2022__POU5F1 (OCT4), SOX2, NANOG Activate Genes Related To Proliferation R-HSA-2892247",-0.6373761526530013,-1.00516148115805,0.4986072423398329,1.0,1.0,1/12,0.97%,STAT3,T cells
prerank,Reactome_2022__NEP/NS2 Interacts With Cellular Export Machinery R-HSA-168333,0.5758241050371768,1.0046940589513267,0.4861111111111111,0.87071819349349,1.0,15/35,10.88%,TPR;NUP210;XPO1;NUP88;NUP214;NDC1;PBRM1;NUP205;NUP37;NUP107;NUP133;NUP54;NUP188;POM121;NUP42,T cells
prerank,Reactome_2022__Inflammasomes R-HSA-622312,-0.5620518958212637,-1.0044342819021945,0.4461538461538462,1.0,1.0,5/21,3.22%,TXNIP;BCL2;CASP1;RELA;PSTPIP1,T cells
prerank,Reactome_2022__NOTCH4 Activation And Transmission Of Signal To Nucleus R-HSA-9013700,0.6813931565219487,1.0043458387887656,0.5509259259259259,0.8702512850282936,1.0,5/11,5.92%,YWHAZ;PSEN1;ADAM10;PSENEN;JAG1,T cells
prerank,Reactome_2022__Regulation Of PTEN Gene Transcription R-HSA-8943724,-0.4582077147758032,-1.0041338340072505,0.41739130434782606,1.0,1.0,9/60,3.13%,JUN;CBX6;RPTOR;MAPK1;HDAC7;RING1;LAMTOR1;LAMTOR4;MTOR,T cells
prerank,Reactome_2022__Neuronal System R-HSA-112316,0.46503542583722984,1.0041180637890068,0.4925531914893617,0.869466345223343,1.0,80/386,16.32%,PRKCB;GNG5;SLC38A1;HSPA8;ARL6IP5;CREB1;COMT;NCALD;VAMP2;CALM1;AP2A2;NPTN;GNAI3;MAPK3;KPNA2;PRKCA;GIT1;KCNJ16;KCNJ1;RTN3;AP2B1;SLC38A2;PRKAA2;MYO6;ALDH2;PTPRF;EPB41L1;KCNQ5;PRKAG1;GNB5;PDLIM5;CAMK2D;ADCY9;GNG11;ERBB4;ARHGEF7;DLG1;KCNJ15;SLC6A13;HOMER1;EPB41L5;SIPA1L1;GABRA2;GNAI1;EPB41L2;GNG7;CACNA2D2;SLC22A2;KCNAB2;PPFIBP2;KCNJ3;DLGAP1;MAOA;LRFN1;SHANK2;AP2A1;LIN7B;GNG2;ABAT;KCNC4;KCNN4;RPS6KA6;KCNMA1;MDM2;PDPK1;PTPRS;NAAA;KCNK1;GAD1;CACNB3;SLC6A12;PTPRD;SRC;LRFN3;NEFL;PRKAR2B;SLITRK4;PLCB3;GRM1;CACNB4,T cells
prerank,Reactome_2022__Cell Surface Interactions At Vascular Wall R-HSA-202733,0.5015633851951766,1.004066409739321,0.4620938628158845,0.8682252230921362,1.0,34/133,11.11%,LCK;ATP1B1;ITGB2;CD74;GYPC;PPIA;LYN;YES1;ATP1B3;SELENOP;EPCAM;ITGA4;PIK3CA;SELL;ITGB1;BSG;PTPN11;CD48;ITGA6;ITGAL;SLC3A2;DOK2;CXADR;SOS1;L1CAM;SDC1;CD2;PLCG1;PIK3R2;SIRPG;INPP5D;PECAM1;F11R;SDC2,T cells
prerank,Reactome_2022__ERBB2 Activates PTK6 Signaling R-HSA-8847993,0.6780080604290396,1.0038188295662558,0.5299401197604791,0.8675458838468639,1.0,6/13,19.20%,EGF;EGFR;ERBB4;NRG2;BTC;PTK6,T cells
prerank,Reactome_2022__Vpr-mediated Nuclear Import Of PICs R-HSA-180910,0.5741878560441928,1.0037732411849012,0.48739495798319327,0.8662945944396007,1.0,17/35,13.81%,TPR;NUP210;NUP88;NUP214;NDC1;KPNA1;NUP205;NUP37;NUP107;NUP133;NUP54;NUP188;POM121;NUP42;NUP155;SGIP1;SEH1L,T cells
prerank,Reactome_2022__Signaling By TGF-beta Receptor Complex R-HSA-170834,0.5169880348940638,1.0035034977814055,0.4742138364779874,0.8656736944126322,1.0,37/91,9.61%,YBX1;UBB;PPP1CC;UBC;NEDD8;TFDP2;SNW1;STAT1;USP15;TGFBR1;XPO1;TRIM33;UBA52;RNF111;CCNT1;HDAC1;PPP1R15A;MAPK3;ITGB1;NCOR1;NEDD4L;TGIF1;ARHGEF18;MYC;RPS27A;PPM1A;CBL;PPP1CB;CCNK;ITGB8;TGIF2;PARP1;CCNT2;UBE2D1;WWTR1;TGFBR2;E2F5,T cells
prerank,Reactome_2022__VEGFR2 Mediated Cell Proliferation R-HSA-5218921,0.6322415054875078,1.0030536529869256,0.5119047619047619,0.8655242533741457,1.0,6/18,10.61%,PRKCB;CALM1;PRKCA;VEGFA;PLCG1;PRKCZ,T cells
prerank,Reactome_2022__Synthesis Of Bile Acids And Bile Salts Via 27-Hydroxycholesterol R-HSA-193807,0.6529616494702821,1.0027566650651134,0.5220125786163522,0.8649937943607069,1.0,5/15,13.45%,NCOA1;NCOA2;RXRA;NR1H4;AKR1C1,T cells
prerank,Reactome_2022__G-protein Mediated Events R-HSA-112040,-0.4717996877970638,-1.0027082211515375,0.3968253968253968,1.0,1.0,12/52,4.93%,PLCB1;GRK2;PRKACB;MAPK1;GNAI2;PRKX;ITPR3;AHCYL1;GNAL;ADCY7;PLCB2;ITPR2,T cells
prerank,Reactome_2022__Nucleotide-like (Purinergic) Receptors R-HSA-418038,0.6555495237725494,1.0026711136547664,0.5205696202531646,0.8638432984610379,1.0,2/15,7.97%,LPAR6;P2RY10,T cells
prerank,Reactome_2022__COPI-independent Golgi-to-ER Retrograde Traffic R-HSA-6811436,0.5711344581363914,1.0022176897529966,0.48356164383561645,0.86370428424875,1.0,13/34,6.96%,DYNLL1;CAPZA2;DCTN1;CAPZB;PAFAH1B3;RAB6A;AGPAT3;DYNC1LI1;PAFAH1B2;DCTN4;ACTR1A;BICD1;DCTN3,T cells
prerank,Reactome_2022__Synthesis Of PIPs At Plasma Membrane R-HSA-1660499,-0.47044474670923897,-1.0021355012700996,0.40160642570281124,1.0,1.0,13/51,7.70%,PIK3R1;INPP4B;MTMR14;CLSTN1;PIP4K2A;PLEKHA1;PIP5K1A;PIK3CG;PIK3CB;PIK3C2A;RAB14;PIP5K1C;PLEKHA4,T cells
prerank,Reactome_2022__Signaling By MET R-HSA-6806834,0.5269589026182304,1.00201997428289,0.4828042328042328,0.8628965794057832,1.0,19/63,8.78%,UBB;UBC;ARF6;SPINT2;RANBP9;PIK3CA;UBA52;ITGB1;PTPN11;RAB4A;LAMB1;PTPN1;RPS27A;SPINT1;CBL;HPN;SOS1;LAMA5;LAMC1,T cells
prerank,Reactome_2022__Aspartate And Asparagine Metabolism R-HSA-8963693,0.6789104659740023,1.0018438511574437,0.5312,0.8619996260390999,1.0,4/11,15.57%,SLC25A13;NAT8L;ASPA;FOLH1,T cells
prerank,MSigDB_Hallmark_2020__KRAS Signaling Dn,0.4829380001867334,1.001109178324658,0.48412698412698413,0.7996190130624093,1.0,22/199,7.62%,IFNG;BTG2;SELENOP;SLC16A7;MFSD6;EGF;EFHD1;TENT5C;CDH16;NR4A2;HSD11B2;TFCP2L1;FGGY;SIDT1;GPRC5C;MX1;PDK2;IGFBP2;SLC25A23;DTNB;CLDN8;THRB,T cells
prerank,Reactome_2022__Downregulation Of SMAD2/3:SMAD4 Transcriptional Activity R-HSA-2173795,0.5899439225217278,1.0007921597551153,0.501412429378531,0.8633153275207639,1.0,18/31,9.40%,UBB;UBC;SNW1;STAT1;TRIM33;UBA52;RNF111;HDAC1;MAPK3;NCOR1;NEDD4L;TGIF1;RPS27A;PPM1A;TGIF2;PARP1;UBE2D1;WWTR1,T cells
prerank,Reactome_2022__DDX58/IFIH1-mediated Induction Of Interferon-Alpha/Beta R-HSA-168928,0.5208531804526826,0.9995799491326538,0.48435544430538174,0.865235249122572,1.0,30/80,9.80%,UBB;HSP90AB1;UBC;UBE2L6;TANK;ATG5;APP;UBA52;IRF7;UBE2K;CREBBP;NLRC5;MAP3K1;TOMM70;IKBKE;FADD;OTUD5;TRAF3;NFKB1;AGER;RPS27A;ITCH;NKIRAS2;CHUK;MAVS;UBE2D1;IRF3;HERC5;NFKB2;TRAF6,T cells
prerank,Reactome_2022__G Alpha (S) Signaling Events R-HSA-418555,-0.40545191777006034,-0.9993360950363701,0.3716216216216216,1.0,1.0,15/152,4.94%,PTGDR;GRK2;PRKACB;ARRB2;GNB2;GNAI2;PTGER4;ARRB1;PDE4D;RAMP1;PDE7A;PDE3B;ADCY7;GNB1;GNGT2,T cells
prerank,Reactome_2022__Transferrin Endocytosis And Recycling R-HSA-917977,0.5818019783863287,0.9992468669275827,0.49072753209700426,0.8647246084568988,1.0,11/31,13.36%,ATP6V0C;ATP6AP1;ATP6V1G1;ATP6V0D1;ATP6V0E1;ATP6V0A2;ATP6V0A4;ATP6V1F;ATP6V1A;ATP6V1B2;STEAP2,T cells
prerank,"Reactome_2022__Tetrahydrobiopterin (BH4) Synthesis, Recycling, Salvage And Regulation R-HSA-1474151",-0.6595425210523195,-0.9990439337269539,0.49363867684478374,1.0,1.0,3/10,3.58%,HSP90AA1;AKT1;GCHFR,T cells
prerank,Reactome_2022__Glutamate Neurotransmitter Release Cycle R-HSA-210500,0.6070338441618186,0.9990296811643585,0.49624060150375937,0.8639638662617728,1.0,3/23,4.56%,ARL6IP5;VAMP2;SLC38A2,T cells
prerank,Reactome_2022__PI-3K cascade:FGFR3 R-HSA-5654710,-0.5743535085811331,-0.9986711571830551,0.4507042253521127,1.0,1.0,2/18,1.13%,PIK3R1;GRB2,T cells
prerank,Reactome_2022__RNA Polymerase II Transcription Termination R-HSA-73856,0.5308729323704644,0.9985737021730695,0.48183041722745623,0.8638616055172637,1.0,26/67,5.73%,SNRPG;SRSF9;PABPN1;SNRPE;PAPOLA;SARNP;SLU7;SRSF11;ALYREF;SNRPD3;EIF4A3;SRSF6;SRSF2;LSM10;SNRPB;THOC2;NCBP2;DDX39A;FYTTD1;U2AF1L4;MAGOHB;THOC3;CHTOP;SRSF4;RBM8A;WDR33,T cells
prerank,Reactome_2022__tRNA Aminoacylation R-HSA-379724,0.6074082264708138,0.9983708866055344,0.506006006006006,0.8630389131583834,1.0,9/24,10.93%,PPA1;RARS2;AIMP2;WARS2;IARS2;SARS2;LARS2;VARS2;YARS2,T cells
prerank,Reactome_2022__Highly Calcium Permeable Postsynaptic Nicotinic Acetylcholine Receptors R-HSA-629594,-0.6459494207515544,-0.9977859205441403,0.5230352303523035,1.0,1.0,2/11,13.63%,CHRNA5;CHRNA1,T cells
prerank,Reactome_2022__TAK1-dependent IKK And NF-kappa-B Activation R-HSA-445989,0.5579139126719843,0.9972889793572599,0.4918918918918919,0.8646954470971707,1.0,19/45,11.29%,UBB;UBC;TANK;APP;UBA52;NLRC5;UBE2N;NFKB1;AGER;RPS27A;LRRC14;NKIRAS2;USP18;CHUK;IRAK1;NFKB2;TRAF6;MAP3K7;NFKBIB,T cells
prerank,Reactome_2022__Initiation Of Nuclear Envelope (NE) Reformation R-HSA-2995383,0.6188782690559292,0.9972266281843384,0.5072674418604651,0.863513087147982,1.0,11/19,14.52%,KPNB1;LBR;ANKLE2;LMNA;CCNB2;CDK1;CCNB1;VRK1;LEMD3;LMNB1;SIRT2,T cells
prerank,Reactome_2022__Leishmania Infection R-HSA-9658195,-0.38824781634241035,-0.9971844517438428,0.41509433962264153,1.0,1.0,32/242,4.99%,TXNIP;JUN;PTGDR;CD247;WASF2;PRKACB;CASP1;MAPK1;GRB2;GNB2;RHBDF2;SYK;RELA;GNAI2;MAPK14;ELMO1;PTGER4;FURIN;PRKX;FYN;ITPR3;PSTPIP1;WAS;AHCYL1;MYO5A;RAMP1;CRK;ADCY7;GNB1;ITPR2;GNGT2;C3AR1,T cells
prerank,Reactome_2022__IRS-related Events Triggered By IGF1R R-HSA-2428928,-0.4780449940257056,-0.9961780265473853,0.46691176470588236,1.0,1.0,8/51,7.30%,PIK3R1;PIK3C3;GRB2;AKT2;PDE3B;PIK3CB;HRAS;THEM4,T cells
prerank,Reactome_2022__DNA Double Strand Break Response R-HSA-5693606,0.5531424176913131,0.99546997727718,0.5006954102920723,0.8668767474067739,1.0,14/44,6.22%,UBB;UBC;UIMC1;SUMO1;UBE2I;MRE11;UBA52;KPNA2;UBE2N;BRCC3;UBXN1;RPS27A;RAD50;MAPK8,T cells
prerank,Reactome_2022__Signaling By PDGFR In Disease R-HSA-9671555,-0.5710087945962506,-0.9952423194610913,0.46607669616519176,1.0,1.0,8/19,7.88%,PIK3R1;STAT3;GRB2;GOLGA4;FIP1L1;PIK3CB;HRAS;WDR48,T cells
prerank,Reactome_2022__Regulation Of Innate Immune Responses To Cytosolic DNA R-HSA-3134975,0.6567893500190395,0.9951780783052692,0.5350734094616639,0.8662804107339982,1.0,4/14,6.11%,UBB;UBC;UBA52;RPS27A,T cells
prerank,Reactome_2022__Homology Directed Repair R-HSA-5693538,0.5084196985814894,0.9949441817376823,0.484394506866417,0.8656124016385089,1.0,34/101,10.49%,UBB;UBC;RPA3;UIMC1;PPP4C;POLE4;UBE2I;MRE11;POLK;UBA52;PCNA;BLM;UBE2N;BRCC3;RAD51C;CLSPN;RPS27A;RAD17;RAD50;ERCC4;RFC4;POLE2;GEN1;RBBP8;RAD52;PARP2;POLR1A;PPP4R2;PARP1;RAD51AP1;POLH;BRCA2;RAD9A;PIAS4,T cells
prerank,Reactome_2022__Golgi-to-ER Retrograde Transport R-HSA-8856688,0.4996950233850264,0.9947599829864788,0.4944649446494465,0.8647229008133884,1.0,31/112,7.89%,DYNLL1;COPB1;TMED9;COPA;CAPZA2;DCTN1;CAPZB;NAPG;PAFAH1B3;RAB6A;TMED2;KIF12;KIF13B;SEC22B;UBE2Z;AGPAT3;COPG1;ARFGAP3;DYNC1LI1;PAFAH1B2;DCTN4;ARF3;COPB2;ACTR1A;BICD1;DCTN3;ARFGAP1;ZW10;KIF11;KIF3A;RACGAP1,T cells
prerank,Reactome_2022__RET Signaling R-HSA-8853659,-0.4954645346653636,-0.99456701721672,0.4391891891891892,1.0,1.0,8/40,7.02%,PIK3R1;PRKACB;GRB2;CLSTN1;PIK3CB;GRB10;SHC1;DOK6,T cells
prerank,MSigDB_Hallmark_2020__Apical Junction,0.48052568983862554,0.9943388870385028,0.4954022988505747,0.7897039318872203,1.0,73/200,16.25%,PFN1;MSN;PTPRC;FYB1;ARPC2;LIMA1;RAC2;ACTG1;YWHAH;B4GALT1;ITGB1;GTF2F1;MPP5;EXOC4;CTNND1;CLDN7;JUP;INSIG1;RSU1;NF2;TAOK2;TSPAN4;CNN2;MYH9;MYL9;CLDN8;EGFR;MYL12B;WASL;MAPK13;DLG1;SGCE;MVD;NECTIN2;ACTN4;PLCG1;AMIGO2;MAP4K2;TMEM8B;TJP1;TNFRSF11B;GNAI1;MPZL2;LDLRAP1;CDK8;RASA1;PECAM1;EPB41L2;THY1;CDH1;CLDN4;DHX16;TUBG1;RRAS;MPZL1;CLDN15;TIAL1;ATP1A3;ACTN1;PTK2;MYH10;CLDN14;CD34;CLDN19;SDC3;GRB7;CD276;ITGB4;CD274;SRC;CADM2;LAMC2;CX3CL1,T cells
prerank,Reactome_2022__E3 Ubiquitin Ligases Ubiquitinate Target Proteins R-HSA-8866654,0.5588525700209958,0.9943123263532528,0.5034770514603616,0.8645690922009549,1.0,22/44,10.13%,UBB;UBE2L3;UBC;VCP;SELENOS;RNF181;UBA52;PCNA;DERL1;UBE2A;UBE2N;UBE2E1;HLA-A;HLTF;TMEM129;RPS27A;RTF1;RNF20;UBE2D1;CDC73;RRAGA;RNF152,T cells
prerank,Reactome_2022__Interleukin-12 Signaling R-HSA-9020591,0.5582184496041255,0.993684471088652,0.4979757085020243,0.8648714772936543,1.0,15/44,6.75%,IFNG;MSN;RPLP0;PSME2;AURKAIP1;PPIA;HNRNPA2B1;TALDO1;HNRNPF;SOD1;P4HB;PKN2;STAT4;ANXA2;CNN2,T cells
prerank,Reactome_2022__Phase 0 - Rapid Depolarisation R-HSA-5576892,0.5792288050764621,0.9931773962221179,0.5,0.8648474440664439,1.0,4/32,10.78%,CALM1;RANGRF;CAMK2D;CACNA2D2,T cells
prerank,Reactome_2022__SARS-CoV-2 Activates/Modulates Innate And Adaptive Immune Responses R-HSA-9705671,-0.4183064610157797,-0.9918024097153911,0.46987951807228917,1.0,1.0,20/119,6.24%,HLA-E;HSP90AA1;HLA-B;JAK1;PIK3C3;SIKE1;TKFC;UBE2V1;HLA-F;SEC23A;NUP85;HLA-C;TRIM4;CNBP;NUP153;POM121C;NUP98;NUP43;IKBKB;SEC24D,T cells
prerank,Reactome_2022__PI Metabolism R-HSA-1483255,-0.4324944078498936,-0.9911281103254201,0.4,1.0,1.0,20/82,7.70%,PIK3R1;INPP4B;MTMR14;PIK3C3;PIKFYVE;CLSTN1;PIP4K2A;PLEKHA1;PIP5K1A;PIK3CG;SACM1L;MTMR4;SBF1;PIK3CB;GDPD5;PIK3C2A;GDE1;RAB14;PIP5K1C;PLEKHA4,T cells
prerank,Reactome_2022__Metabolism Of Vitamins And Cofactors R-HSA-196854,0.48115118253008865,0.9910135079781633,0.5280898876404494,0.8691179389739594,1.0,72/185,16.84%,PARP14;MCCC2;RDH11;CALM1;VKORC1;CYB5A;AASDHPPT;CD320;PCCA;PANK3;SLC2A3;SLC52A2;MTHFD2;PDXK;IDH1;UBIAD1;FPGS;NADSYN1;MMAB;SHMT1;ABCC1;QPRT;COQ9;APOE;COQ5;MOCS2;COASY;DHFR;ACP5;SHMT2;LDLR;MMADHC;VKORC1L1;MMUT;PNPO;SDC1;MOCS3;GSTO2;HSPG2;SLC25A16;PARP16;TCN2;NAMPT;PARP10;LDLRAP1;LRP10;DHFR2;LMBRD1;SDC2;PANK2;ALDH1L1;MTHFD2L;CYB5R3;LRP12;FLAD1;LRP2;PANK1;AKR1C1;AGRN;NAXD;PPCDC;APOM;SDC3;GPC3;SLC52A3;MOCS1;LPL;RBP4;PANK4;PDZD11;SDC4;SLC25A32,T cells
prerank,Reactome_2022__Defects In Vitamin And Cofactor Metabolism R-HSA-3296482,0.6155532317562393,0.9904998773615303,0.5355029585798816,0.8691371229018231,1.0,8/21,10.74%,MCCC2;CD320;PCCA;MMAB;MMADHC;MMUT;TCN2;LMBRD1,T cells
prerank,Reactome_2022__RUNX1 And FOXP3 Control Development Of Regulatory T Lymphocytes (Tregs) R-HSA-8877330,0.6740778200095711,0.9902207107824188,0.5543130990415336,0.8684867812610183,1.0,2/10,1.92%,IFNG;NFATC2,T cells
prerank,"Reactome_2022__Base-Excision Repair, AP Site Formation R-HSA-73929",0.6378316766438458,0.9895843552357305,0.5361890694239291,0.8687692981669917,1.0,11/17,12.25%,POT1;MPG;UNG;TERF1;TERF2IP;SMUG1;TDG;MBD4;ACD;TINF2;TERF2,T cells
prerank,Reactome_2022__tRNA Modification In Nucleus And Cytosol R-HSA-6782315,0.554322849161866,0.9895087066839849,0.49157303370786515,0.8676386586479532,1.0,18/41,17.13%,TRMT112;URM1;TRMT11;TYW1;LAGE3;THADA;CTU1;THG1L;TRMT61A;PUS1;QTRT2;ALKBH8;CTU2;WDR4;OSGEP;ADAT1;TRMT5;DUS2,T cells
prerank,Reactome_2022__PLC Beta Mediated Events R-HSA-112043,-0.4794855981081391,-0.9887592333713233,0.43609022556390975,1.0,1.0,11/47,6.28%,PLCB1;GRK2;PRKACB;MAPK1;PRKX;ITPR3;AHCYL1;ADCY7;PLCB2;ITPR2;PRKCD,T cells
prerank,Reactome_2022__Activation Of RAC1 R-HSA-428540,0.6789729576140663,0.9887328981005815,0.5507936507936508,0.8683230934612906,1.0,7/11,19.18%,PKN2;SOS1;ARHGEF7;NCK1;PAK4;RNASE1;SLIT2,T cells
prerank,Reactome_2022__Signaling By BMP R-HSA-201451,-0.5376939912205064,-0.9882543134714815,0.4772727272727273,1.0,1.0,6/27,6.99%,SMURF2;SMAD7;UBE2D3;SMAD5;SKI;BMPR1A,T cells
prerank,Reactome_2022__Unfolded Protein Response (UPR) R-HSA-381119,0.5124270239094911,0.9875685807644056,0.5069885641677255,0.8700010541078419,1.0,32/89,10.29%,MBTPS1;SEC31A;YIF1A;DCTN1;PDIA6;EIF2S1;CXXC1;ATF4;DDIT3;NFYC;DIS3;EIF2AK3;EXOSC7;LMNA;GFPT1;HERPUD1;SRPRB;ATP6V0D1;CREBRF;EXOSC4;ARFGAP1;EXOSC3;SSR1;SERP1;CALR;FKBP14;DNAJB11;TLN1;PREB;ACD;PPP2R5B;NFYA,T cells
prerank,Reactome_2022__Aquaporin-mediated Transport R-HSA-445717,0.5391285328356907,0.987427222900401,0.4979253112033195,0.8690443066359421,1.0,13/50,12.28%,GNG5;AQP2;PRKCA;GNB5;AQP3;ADCY9;GNAS;GNG11;AVPR2;AQP11;RAB11A;GNG7;GNG2,T cells
prerank,Reactome_2022__CDC42 GTPase Cycle R-HSA-9013148,-0.4038347001242438,-0.9873453735054063,0.41509433962264153,1.0,1.0,30/148,8.24%,CDC42SE2;STOM;PIK3R1;ARHGAP35;ARHGEF6;DEF6;SNAP23;YKT6;ARHGAP27;LAMTOR1;DOCK8;TAGAP;ARHGDIA;ARHGAP17;ARFGAP2;WAS;TMPO;PLEKHG3;ARHGAP9;GIT2;ARHGAP1;FAM13B;PREX1;ARHGAP45;PLEKHG1;TIAM1;ARHGEF26;ARHGEF9;GOLGA8R;DAAM1,T cells
prerank,MSigDB_Hallmark_2020__PI3K/AKT/mTOR  Signaling,0.4996123740362767,0.9868296245507742,0.48951911220715166,0.7851169274987623,1.0,32/105,9.54%,LCK;PFN1;PRKCB;ARPC3;YWHAB;CSNK2B;ACTR2;EIF4E;DDIT3;CAB39;PTPN11;VAV3;SQSTM1;RAF1;UBE2N;MKNK2;RALB;PPP2R1B;PRKAA2;RIT1;MAPK8;MAP2K6;PRKAG1;ARF1;EGFR;CALR;DUSP3;ECSIT;MAPKAP1;PLCG1;PDK1;AKT1S1,T cells
prerank,Reactome_2022__COPII-mediated Vesicle Transport R-HSA-204005,0.5165671594566927,0.986823429338874,0.5085413929040736,0.8693631398042838,1.0,22/66,9.75%,CTSC;TRAPPC4;SEC31A;PPP6R3;LMAN1;NAPG;SAR1B;LMAN2;TMED2;TRAPPC2;PPP6C;SEC22B;CD59;CNIH1;GOLGA2;TRAPPC3;PPP6R1;STX17;PREB;SEC22A;SEC24C;SEC24A,T cells
prerank,Reactome_2022__Prostacyclin Signaling Thru Prostacyclin Receptor R-HSA-392851,0.6146644478135396,0.9838810434175868,0.5523076923076923,0.8755849646309951,1.0,6/19,12.28%,GNG5;GNB5;GNAS;GNG11;GNG7;GNG2,T cells
prerank,Reactome_2022__Notch-HLH Transcription Pathway R-HSA-350054,0.5799918978430869,0.9827150722310966,0.5312954876273653,0.8773103376331444,1.0,15/28,11.17%,HDAC2;SNW1;HDAC1;CREBBP;NCOR1;HDAC8;HDAC4;TBL1XR1;HDAC3;NOTCH1;TBL1X;HDAC5;NOTCH3;MAML1;HDAC10,T cells
prerank,"Reactome_2022__Interleukin-3, Interleukin-5 And GM-CSF Signaling R-HSA-512988",-0.49078481802661994,-0.9821758701605146,0.4826388888888889,1.0,1.0,15/44,6.79%,PIK3R1;JAK1;IL2RB;STAT5A;GRB2;JAK3;CLSTN1;SYK;FYN;CRKL;CRK;IL2RG;CSF2;PIK3CB;SHC1,T cells
prerank,Reactome_2022__Defective Intrinsic Pathway For Apoptosis R-HSA-9734009,0.5985558859333202,0.982085963033066,0.5164179104477612,0.8776429368659834,1.0,8/24,4.25%,PRDX2;PRDX1;CDC25B;C1QBP;APP;CAPN1;LMNA;GOLGA2,T cells
prerank,Reactome_2022__Sensory Processing Of Sound R-HSA-9659379,0.5137470520332216,0.9815299345074048,0.4960212201591512,0.8776831131097482,1.0,16/75,10.78%,MSN;SPTAN1;RIPOR2;CAPZA2;CAPZB;VAMP2;RDX;EPS8L2;ATP2B4;EPB41L1;SPTBN1;MYH9;MYO3B;EPS8;TWF1;CACNA2D2,T cells
prerank,Reactome_2022__Regulation Of IFNG Signaling R-HSA-877312,0.6445836137912972,0.9813602109810261,0.5606758832565284,0.876768953377612,1.0,6/14,6.05%,IFNG;STAT1;SUMO1;PIAS1;PTPN11;PTPN1,T cells
prerank,"Reactome_2022__Transport Of Bile Salts And Organic Acids, Metal Ions And Amine Compounds R-HSA-425366",-0.4362601705922627,-0.9811202101430475,0.4298642533936652,1.0,1.0,7/86,4.29%,EMB;RUNX1;SLC44A2;SLC39A8;SLC39A7;SLC16A3;SLC30A1,T cells
prerank,Reactome_2022__Acyl Chain Remodelling Of PS R-HSA-1482801,0.599350125842985,0.9807626546973849,0.5182926829268293,0.8769320596499135,1.0,6/22,15.97%,LPCAT4;MBOAT1;LPCAT3;PLA2G4B;PLA2G12A;PLA2R1,T cells
prerank,Reactome_2022__Negative Regulation Of NMDA Receptor-Mediated Neuronal Transmission R-HSA-9617324,0.6035828347807335,0.9806461543649175,0.5247376311844077,0.8758953648631287,1.0,3/21,8.58%,CALM1;CAMK2D;DLG1,T cells
prerank,Reactome_2022__TNFR1-induced Proapoptotic Signaling R-HSA-5357786,0.6372616679535915,0.9803311185180691,0.5572755417956656,0.8754265547628637,1.0,6/13,10.56%,TANK;FADD;TRADD;TNF;USP25;USP4,T cells
prerank,Reactome_2022__PI-3K cascade:FGFR1 R-HSA-5654689,-0.5387460089887018,-0.9799190847569683,0.46368715083798884,1.0,1.0,2/21,1.13%,PIK3R1;GRB2,T cells
prerank,Reactome_2022__Activation Of GABAB Receptors R-HSA-991365,0.5467400096668457,0.9798825175374072,0.5188679245283019,0.8753760345929429,1.0,11/42,12.28%,GNG5;GNAI3;KCNJ16;GNB5;ADCY9;GNG11;KCNJ15;GNAI1;GNG7;KCNJ3;GNG2,T cells
prerank,Reactome_2022__Peptide Ligand-Binding Receptors R-HSA-375276,0.46842348392655625,0.9798333715710321,0.5215869311551925,0.8742043448023044,1.0,12/195,10.22%,CCL5;CCL4;APP;KNG1;CCL3;POMC;CCR7;OPRM1;ACKR3;MC1R;AVPR2;CCL28,T cells
prerank,MSigDB_Hallmark_2020__Inflammatory Response,0.4710736530765373,0.9797578435300268,0.5348314606741573,0.777563302484299,1.0,48/200,12.38%,EMP3;LCK;CCL5;TAPBP;BTG2;LYN;SELENOS;LY6E;ATP2C1;PSEN1;GNAI3;IRF7;SELL;SEMA4D;CD48;RAF1;TNFRSF9;NFKB1;MYC;SLC4A4;IFNAR1;SLC11A2;RGS1;P2RX4;CD70;CCR7;ITGB8;ADRM1;LCP2;LDLR;EIF2AK2;ATP2A2;HPN;SLAMF1;IL4R;HIF1A;SRI;ACVR1B;IL18;NAMPT;ACVR2A;GPR183;P2RX7;MET;TLR1;SLC7A1;MXD1;IFNGR2,T cells
prerank,Reactome_2022__Listeria Monocytogenes Entry Into Host Cells R-HSA-8876384,0.6224733175915345,0.9795319995965882,0.5608308605341247,0.8737288876750635,1.0,6/19,7.33%,UBB;UBC;UBA52;RPS27A;FZR1;CBL,T cells
prerank,Reactome_2022__HDR Thru Homologous Recombination (HRR) Or Single Strand Annealing (SSA) R-HSA-5693567,0.5032611361349119,0.9793756488243209,0.5101265822784811,0.8728913073114639,1.0,32/96,10.49%,UBB;UBC;RPA3;UIMC1;PPP4C;POLE4;UBE2I;MRE11;POLK;UBA52;PCNA;BLM;UBE2N;BRCC3;RAD51C;CLSPN;RPS27A;RAD17;RAD50;ERCC4;RFC4;POLE2;GEN1;RBBP8;RAD52;POLR1A;PPP4R2;RAD51AP1;POLH;BRCA2;RAD9A;PIAS4,T cells
prerank,"Reactome_2022__Defective B4GALT7 Causes EDS, Progeroid Type R-HSA-3560783",0.6096445922801338,0.9792972500909124,0.5360983102918587,0.8717928070104806,1.0,13/20,25.84%,SDC1;HSPG2;SDC2;AGRN;SDC3;BGN;GPC3;SDC4;GPC1;B4GALT7;GPC6;GPC2;GPC4,T cells
prerank,Reactome_2022__Signaling By KIT In Disease R-HSA-9669938,0.6074525387998171,0.9791299916539857,0.5450381679389313,0.8709445624410261,1.0,6/19,3.03%,LCK;LYN;YES1;STAT1;PIK3CA;STAT5B,T cells
prerank,Reactome_2022__RHOJ GTPase Cycle R-HSA-9013409,-0.44862489806952405,-0.9791128402553497,0.46963562753036436,1.0,1.0,12/54,6.13%,STOM;PIK3R1;ARHGAP35;SNAP23;LAMTOR1;DOCK8;WAS;ARL13B;TMPO;GIT2;ARHGAP1;PREX1,T cells
prerank,Reactome_2022__Sensory Processing Of Sound By Inner Hair Cells Of Cochlea R-HSA-9662360,0.5176654886347186,0.9777523956000526,0.5100671140939598,0.87302624287233,1.0,16/67,10.78%,MSN;SPTAN1;RIPOR2;CAPZA2;CAPZB;VAMP2;RDX;EPS8L2;ATP2B4;EPB41L1;SPTBN1;MYH9;MYO3B;EPS8;TWF1;CACNA2D2,T cells
prerank,Reactome_2022__HDR Thru Homologous Recombination (HRR) R-HSA-5685942,0.5211221479228251,0.9765514917854924,0.5207496653279786,0.8747643469506846,1.0,22/66,10.36%,UBB;UBC;RPA3;POLE4;MRE11;POLK;UBA52;PCNA;BLM;RAD51C;RPS27A;RAD17;RAD50;RFC4;POLE2;GEN1;RBBP8;POLR1A;RAD51AP1;POLH;BRCA2;RAD9A,T cells
prerank,Reactome_2022__Synthesis Of PC R-HSA-1483191,0.5828639527932307,0.9764452887987088,0.5219298245614035,0.8737669788670277,1.0,11/27,13.72%,CSNK2B;LPCAT1;SLC44A1;CEPT1;LPIN1;CHKB;STARD7;CHPT1;PEMT;SLC44A3;LPIN3,T cells
prerank,MSigDB_Hallmark_2020__Hypoxia,-0.3868510286712679,-0.9763668545179326,0.4666666666666667,0.6575757575757576,0.971,31/200,5.72%,JUN;DUSP1;PLAC8;BTG1;NR3C1;KLF6;CXCR4;BHLHE40;DDIT4;RBPJ;FOSL2;BCL2;IDS;S100A4;CDKN1B;PDK3;HK1;RORA;ZFP36;TPST2;NFIL3;FOS;JMJD6;PGM2;ETS1;MAFF;B3GALT6;ANKZF1;CDKN1A;TKTL1;CHST2,T cells
prerank,Reactome_2022__Tight Junction Interactions R-HSA-420029,0.5846476425201823,0.9759403210025367,0.5389133627019089,0.8737674158281782,1.0,13/29,17.53%,CLDN7;CLDN10;CLDN8;CLDN12;CLDN3;PRKCI;F11R;CLDN4;CLDN15;PARD6B;CLDN14;CLDN19;PARD3,T cells
prerank,Reactome_2022__Death Receptor Signaling R-HSA-73887,0.48679236218002603,0.9758559488085884,0.5169902912621359,0.8726853168376117,1.0,47/139,11.75%,UBB;RACK1;UBC;BEX3;RTN4;SPPL2A;TANK;HDAC2;PSEN1;ADAM17;UBA52;HDAC1;VAV3;BIRC3;SQSTM1;PSENEN;FADD;ITGB3BP;NFKB1;ARHGEF18;CASP3;RPS27A;BAD;MAPK8;ECT2;TRADD;HDAC3;FGD4;ITSN1;TNF;USP25;CHUK;SOS1;ARHGEF7;IRAK1;TRAF6;ARHGEF35;ARHGEF10;ARHGEF39;USP4;MADD;MAP3K7;PRKCI;AATF;NSMAF;ARHGEF3;BCL2L11,T cells
prerank,Reactome_2022__P75 NTR Receptor-Mediated Signaling R-HSA-193704,0.49917426861061936,0.9757963354590351,0.5081555834378921,0.8715539525940725,1.0,34/95,11.75%,UBB;UBC;BEX3;RTN4;HDAC2;PSEN1;ADAM17;UBA52;HDAC1;VAV3;SQSTM1;PSENEN;ITGB3BP;NFKB1;ARHGEF18;CASP3;RPS27A;BAD;MAPK8;ECT2;HDAC3;FGD4;ITSN1;SOS1;ARHGEF7;IRAK1;TRAF6;ARHGEF35;ARHGEF10;ARHGEF39;PRKCI;AATF;ARHGEF3;BCL2L11,T cells
prerank,Reactome_2022__InlB-mediated Entry Of Listeria Monocytogenes Into Host Cell R-HSA-8875360,0.6422041536214051,0.9740990474713991,0.583596214511041,0.8745718794294763,1.0,5/15,7.33%,UBB;UBC;UBA52;RPS27A;CBL,T cells
prerank,Reactome_2022__tRNA Processing R-HSA-72306,0.4962554407263473,0.9739850012531255,0.5234567901234568,0.8735694484601699,1.0,32/104,10.88%,RPP21;HSD17B10;TRMT112;TPR;URM1;NUP210;TRMT11;DDX1;NUP88;RTRAF;PRORP;TRNT1;TRMT10C;NUP214;NDC1;TYW1;XPOT;LAGE3;THADA;NUP205;CTU1;NUP37;NUP107;NUP133;THG1L;NUP54;TRMT61A;NUP188;PUS1;POM121;QTRT2;NUP42,T cells
prerank,Reactome_2022__Signaling By ALK Fusions And Activated Point Mutants R-HSA-9725370,0.5315325707264502,0.9738336290875841,0.5098039215686274,0.8726965704479109,1.0,18/54,5.20%,NPM1;MSN;BIRC6;SEC31A;RPS6;TPR;RBX1;DCTN1;GCC2;PIK3CA;ATIC;MAPK3;HIP1;EIF2AK3;SQSTM1;RNF213;MECP2;PPM1B,T cells
prerank,Reactome_2022__FCERI Mediated MAPK Activation R-HSA-2871796,-0.5139734172779655,-0.9734133901684148,0.504950495049505,1.0,1.0,11/28,7.63%,JUN;MAPK1;GRB2;SYK;FOS;SPNS1;MAP2K4;MAP2K7;HRAS;SHC1;MAPK9,T cells
prerank,"Reactome_2022__Nucleotide-binding Domain, Leucine Rich Repeat Containing NLR Signaling Pathways R-HSA-168643",-0.45729486443716016,-0.9726643762368473,0.45985401459854014,1.0,1.0,9/53,3.86%,TXNIP;BCL2;CASP1;UBE2V1;RELA;MAPK14;CASP8;PSTPIP1;AAMP,T cells
prerank,Reactome_2022__Signaling By SCF-KIT R-HSA-1433557,0.5472941256317878,0.9725569254161806,0.5398351648351648,0.874640751277415,1.0,15/42,11.02%,LCK;LYN;YES1;STAT1;PIK3CA;STAT5B;PTPN11;GRAP2;PRKCA;GRAP;CBL;SOS1;PIK3R2;JAK2;SOCS6,T cells
prerank,Reactome_2022__Triglyceride Catabolism R-HSA-163560,0.5920127061959845,0.9722425828132542,0.5454545454545454,0.8741317956237398,1.0,8/23,11.07%,PPP1CC;ABHD5;PRKCA;GPD2;FABP3;PPP1CB;PLIN3;MGLL,T cells
prerank,Reactome_2022__Recruitment And ATM-mediated Phosphorylation Of Repair And Signal Proteins At DNA Double Strand Breaks R-HSA-5693565,0.5409404232221682,0.9714597571297211,0.5438108484005564,0.8747919001481751,1.0,13/43,6.22%,UBB;UBC;UIMC1;SUMO1;UBE2I;MRE11;UBA52;UBE2N;BRCC3;UBXN1;RPS27A;RAD50;MAPK8,T cells
prerank,Reactome_2022__Defective B3GALTL Causes PpS R-HSA-5083635,-0.47898404231494274,-0.9713601424960763,0.4778156996587031,1.0,1.0,2/37,2.70%,SPON2;ADAMTS17,T cells
prerank,Reactome_2022__Synthesis Of Very Long-Chain Fatty acyl-CoAs R-HSA-75876,0.5956315035203458,0.9710792218452711,0.5763688760806917,0.8744604273338741,1.0,8/24,14.22%,HACD3;ACSL1;HSD17B12;TECR;ELOVL1;SLC27A3;ELOVL5;HACD4,T cells
prerank,Reactome_2022__DAP12 Signaling R-HSA-2424491,-0.5159735795826381,-0.9701473625191029,0.4769736842105263,1.0,1.0,11/28,6.79%,HLA-E;PIK3R1;KLRD1;GRB2;TYROBP;SYK;FYN;SPNS1;PIK3CB;HRAS;SHC1,T cells
prerank,Reactome_2022__HS-GAG Biosynthesis R-HSA-2022928,0.5577949105158905,0.9699631831337904,0.5261627906976745,0.8759680809184189,1.0,18/30,24.16%,HS2ST1;SLC35D2;SDC1;HSPG2;NDST1;SDC2;AGRN;NDST2;SDC3;GPC3;SDC4;HS3ST1;GPC1;HS6ST1;HS3ST3A1;GPC6;HS3ST6;GPC2,T cells
prerank,Reactome_2022__Synthesis Of Glycosylphosphatidylinositol (GPI) R-HSA-162710,0.6089452166662009,0.969355497853554,0.5617469879518072,0.8761865063487353,1.0,8/18,14.60%,PIGC;PIGH;PIGF;PIGG;PIGO;PIGX;PIGW;PIGB,T cells
prerank,Reactome_2022__Downstream Signaling Of Activated FGFR2 R-HSA-5654696,-0.5075879851394292,-0.9689510497277477,0.4888888888888889,1.0,1.0,4/29,6.79%,PIK3R1;GRB2;HRAS;SHC1,T cells
prerank,Reactome_2022__Erythrocytes Take Up Carbon Dioxide And Release Oxygen R-HSA-1237044,-0.6227330072287954,-0.9687299913372883,0.5192307692307693,1.0,1.0,2/11,1.61%,HBA1;CYB5R1,T cells
prerank,Reactome_2022__Dopamine Neurotransmitter Release Cycle R-HSA-212676,-0.5241115001923333,-0.9682395050802262,0.4984894259818731,1.0,1.0,3/23,2.28%,CASK;TSPOAP1;LIN7C,T cells
prerank,Reactome_2022__MicroRNA (miRNA) Biogenesis R-HSA-203927,0.5799748484136648,0.9682199862130885,0.5393586005830904,0.8776700367753107,1.0,14/24,14.45%,POLR2K;POLR2C;POLR2I;POLR2L;PRKRA;DICER1;POLR2G;AGO4;POLR2J;DGCR8;AGO1;AGO3;XPO5;BCDIN3D,T cells
prerank,Reactome_2022__Constitutive Signaling By Aberrant PI3K In Cancer R-HSA-2219530,0.506846361751619,0.968171924905592,0.5342639593908629,0.8764978804377866,1.0,14/78,11.12%,LCK;TRAT1;RAC2;EGF;PIK3CA;PTPN11;KL;EGFR;ERBB4;SOS1;FGFR3;PIK3R2;FGFR1;IRS2,T cells
prerank,Reactome_2022__Sialic Acid Metabolism R-HSA-4085001,-0.5005630846123225,-0.9681199681857833,0.4612546125461255,1.0,1.0,4/33,1.31%,ST8SIA4;ST3GAL2;ST6GALNAC6;ST3GAL4,T cells
prerank,Reactome_2022__Signaling By WNT In Cancer R-HSA-4791275,0.5625125570150532,0.9678896259222702,0.5316804407713499,0.8759289178413722,1.0,12/33,10.15%,TNKS;PPP2CB;PPP2R5C;CTBP1;PPP2R1B;TCF7L2;TNKS2;FZD4;PPP2R5A;CSNK1A1;LRP5;PPP2R5B,T cells
prerank,Reactome_2022__Postmitotic Nuclear Pore Complex (NPC) Reformation R-HSA-9615933,0.586851303637839,0.9675845844270887,0.5523012552301255,0.8754442665910392,1.0,14/27,10.20%,KPNB1;SUMO1;UBE2I;NDC1;NUP205;RANGAP1;NUP37;NUP107;NUP133;NUP54;NUP188;RCC1;TNPO1;POM121,T cells
prerank,Reactome_2022__Gamma-carboxylation Of Protein Precursors R-HSA-159740,0.6643356283904112,0.9674233277783258,0.6074918566775245,0.8745685374386796,1.0,4/10,16.77%,GGCX;FAM110A;PROS1;GAS6,T cells
prerank,Reactome_2022__Reproduction R-HSA-1474165,0.5012588142997088,0.9670925802950022,0.5420918367346939,0.8740125979658603,1.0,25/82,12.25%,RPA3;SMC3;SYNE2;B4GALT1;UBE2I;MRE11;POT1;LMNA;BLM;CD9;RAD51C;RAD50;HSPA2;RBBP8;CATSPERG;TERF1;POLR1A;TERF2IP;ACD;RAD21;BRCA2;SYNE1;REC8;TINF2;TERF2,T cells
prerank,Reactome_2022__Unattached Kinetochores Signal Amplification Via A MAD2 Inhibitory Signal R-HSA-141444,0.49790728747093665,0.9669430164044281,0.5516372795969773,0.8731647499496957,1.0,31/91,12.41%,DYNLL1;PPP1CC;SKA2;XPO1;MIS12;PPP2CB;KANSL1;CKAP5;PPP2R5C;PPP2R1B;NDE1;ITGB3BP;DYNC1LI1;TAOK1;RANGAP1;ZW10;KNL1;PPP2R5A;NUP37;NUP107;NUP133;NDEL1;CENPE;CENPA;PPP2R5B;BIRC5;PLK1;RCC2;CENPN;KIF2A;CDCA8,T cells
prerank,Reactome_2022__Activation Of Phototransduction Cascade R-HSA-2485179,-0.6170538627072173,-0.9667385974932134,0.5356200527704486,1.0,1.0,3/11,7.18%,RNF7;GNB1;PDE6B,T cells
prerank,Reactome_2022__Metabolism Of Amine-Derived Hormones R-HSA-209776,-0.5640490906575215,-0.9667005965066509,0.49714285714285716,1.0,1.0,3/18,6.59%,DIDO1;TPH1;DBH,T cells
prerank,Reactome_2022__Integrin Cell Surface Interactions R-HSA-216083,0.5133675608219924,0.9660884686971395,0.5282051282051282,0.8739708714139418,1.0,19/66,13.70%,ITGB2;CXXC1;ITGA4;ITGB1;BSG;ITGA6;ITGB7;ITGAL;FZR1;ITGB8;COL4A1;HSPG2;PECAM1;COL4A2;F11R;FN1;COL4A4;ITGB6;AGRN,T cells
prerank,Reactome_2022__Regulation Of Signaling By NODAL R-HSA-1433617,0.6658372326789798,0.9660722235715689,0.594855305466238,0.8727414907066443,1.0,3/10,18.59%,ACVR1B;ACVR2A;ACVR2B,T cells
prerank,"Reactome_2022__Cell Death Signaling Via NRAGE, NRIF And NADE R-HSA-204998",0.5096188732695633,0.9653558387290256,0.5362694300518135,0.8731593357335252,1.0,26/74,11.75%,UBB;UBC;BEX3;PSEN1;UBA52;VAV3;SQSTM1;PSENEN;ITGB3BP;ARHGEF18;CASP3;RPS27A;BAD;MAPK8;ECT2;FGD4;ITSN1;SOS1;ARHGEF7;TRAF6;ARHGEF35;ARHGEF10;ARHGEF39;AATF;ARHGEF3;BCL2L11,T cells
prerank,Reactome_2022__O-glycosylation Of TSR Domain-Containing Proteins R-HSA-5173214,-0.4759215734361868,-0.9653077611154215,0.5052631578947369,1.0,1.0,5/38,10.29%,SPON2;ADAMTS17;ADAMTS10;B3GLCT;POFUT2,T cells
prerank,Reactome_2022__FGFR1 Mutant Receptor Activation R-HSA-1839124,-0.49294262983792786,-0.9643787720760164,0.4594594594594595,1.0,1.0,5/29,1.28%,PIK3R1;STAT5A;STAT3;GRB2;CNTRL,T cells
prerank,Reactome_2022__Signaling By ERBB2 KD Mutants R-HSA-9664565,-0.5185765937176915,-0.9636051757655513,0.4984520123839009,1.0,1.0,3/24,1.13%,HSP90AA1;PIK3R1;GRB2,T cells
prerank,Reactome_2022__Regulation Of Lipid Metabolism By PPARalpha R-HSA-400206,0.48529758479818697,0.9628479594163826,0.5554187192118226,0.8781726709840058,1.0,40/117,12.05%,MED4;MED21;ACADM;MED31;NCOA1;NFYC;MED13L;CREBBP;MED19;NCOR1;NCOA2;CHD9;PLIN2;ACSL1;MED11;ESRRA;SIN3B;GLIPR1;MED24;MED23;RXRA;TBL1XR1;NCOA6;HDAC3;TXNRD1;PPARGC1A;MED28;TBL1X;G0S2;MED29;MBD4;NFYA;HELZ2;HMGCR;CDK8;SREBF2;TRIB3;HMGCS2;MED25;FDFT1,T cells
prerank,Reactome_2022__Removal Of Flap Intermediate From C-strand R-HSA-174437,0.6093122196887567,0.9624285582509029,0.5547112462006079,0.8779833096101536,1.0,9/17,12.25%,RPA3;PCNA;POT1;TERF1;POLR1A;TERF2IP;ACD;TINF2;TERF2,T cells
prerank,Reactome_2022__FCERI Mediated Ca+2 Mobilization R-HSA-2871809,0.5737071472459434,0.9617541257591035,0.5571847507331378,0.8784088117691987,1.0,11/28,9.17%,ITK;LYN;NFATC2;CALM1;VAV3;GRAP2;NFATC1;PLCG2;LCP2;SOS1;PLCG1,T cells
prerank,Reactome_2022__Chromatin Modifying Enzymes R-HSA-3247509,0.470175732963268,0.9617084018381916,0.5627906976744186,0.8772602793651614,1.0,76/204,9.80%,SAP18;TAF10;EHMT1;RPS2;ENY2;JADE2;NCOA1;HDAC2;HMG20B;ASH1L;MEAF6;RUVBL1;YEATS2;USP22;SMARCA4;MECOM;SETD2;TAF9;HDAC1;GATAD2B;CREBBP;SMARCE1;MSL3;KANSL1;SUPT3H;CHD4;NCOR1;NCOA2;EZH2;HDAC8;PRMT1;MTA1;KDM7A;MORF4L1;KANSL3;ASH2L;ARID4A;NFKB1;ELP5;BRMS1L;SMYD2;PHF2;WDR77;PBRM1;JADE1;SMYD3;TBL1XR1;SMARCD1;TRRAP;KMT2B;BRPF3;HDAC3;PHF21A;ELP3;ARID2;EED;TBL1X;SMARCC1;KMT5B;PRMT6;CCND1;OGT;KDM4C;ARID1A;KDM5A;SETD1B;MBIP;ARID5B;YEATS4;KAT8;RIOX2;KDM5B;RBBP7;RCOR1;EHMT2;NFKB2,T cells
prerank,Reactome_2022__Potassium Channels R-HSA-1296071,0.49282574387509465,0.9613840203738596,0.547945205479452,0.8767997490656854,1.0,22/102,19.53%,GNG5;KCNJ16;KCNJ1;KCNQ5;GNB5;GNG11;KCNJ15;GNG7;KCNAB2;KCNJ3;GNG2;KCNC4;KCNN4;KCNMA1;KCNK1;KCNAB3;GNG10;KCND1;GNG12;KCNH3;KCNC1;KCNMB3,T cells
prerank,Reactome_2022__Signaling By ERBB2 In Cancer R-HSA-1227990,-0.5136814212115887,-0.9613579092749958,0.5015673981191222,1.0,1.0,3/25,1.13%,HSP90AA1;PIK3R1;GRB2,T cells
prerank,Reactome_2022__Interleukin-21 Signaling R-HSA-9020958,-0.6184371615817474,-0.9611364269553546,0.5259067357512953,1.0,1.0,5/10,4.94%,JAK1;STAT5A;STAT3;JAK3;IL2RG,T cells
prerank,Reactome_2022__Vasopressin Regulates Renal Water Homeostasis Via Aquaporins R-HSA-432040,0.5339640414372735,0.9609527055818616,0.5373961218836565,0.8766272158516731,1.0,12/42,12.28%,GNG5;AQP2;PRKCA;GNB5;AQP3;ADCY9;GNAS;GNG11;AVPR2;RAB11A;GNG7;GNG2,T cells
prerank,Reactome_2022__Synthesis Of PIPs At Golgi Membrane R-HSA-1660514,-0.5537353231684904,-0.9609346838779673,0.5172413793103449,1.0,1.0,4/17,6.29%,PIK3C3;PIKFYVE;SACM1L;PIK3C2A,T cells
prerank,Reactome_2022__Signaling By Receptor Tyrosine Kinases R-HSA-9006934,0.4404981185386967,0.9584838477952845,0.6150670794633643,0.8813755090036667,1.0,131/496,11.12%,LCK;UBB;PRKCB;STMN1;HSPB1;ATP6V0C;POLR2K;BAX;YWHAB;DIAPH1;UBC;HNRNPM;LYN;CREB1;ARF6;YES1;PRDM1;HNRNPF;ATP6AP1;SPINT2;HDAC2;FGFBP2;STAT1;PSEN1;MAPKAPK3;NELFB;CALM1;ADAM10;AP2A2;POLR2C;CXXC1;EGF;BRK1;EPS15L1;RANBP9;MAP2K1;EPN1;PIK3CA;ADAM17;UBA52;VEGFB;STAT5B;HDAC1;MAPK3;POLR2I;ITGB1;GTF2F1;PPP2CB;PCSK5;PTPN11;ATP6V1G1;VAV3;GRAP2;PRKCA;ERBIN;NCBP2;CHD4;NCOR1;PKN2;PSENEN;RAB4A;TCF12;AP2B1;JUP;ID1;WWOX;RALB;PPP2R1B;CYFIP2;LAMB1;HNRNPH1;POLR2L;ATP6V0D1;ATP6V0E1;MYC;ATP6V0A2;PTPN1;GRAP;RPS27A;GALNT3;KL;ITCH;KIDINS220;SPINT1;APOE;STAT6;HDAC3;CBL;NCKAP1;CDK5;CUL5;EGFR;VEGFA;CDC37;IGF1R;MAPK13;CYBA;HPN;ERBB4;SOS1;ARHGEF7;ATP6V0A4;PLAT;FGFR3;LAMA5;DUSP3;LAMC1;SHB;COL4A1;MAPKAP1;ATP6V1F;PLCG1;POLR2G;RPS6KA5;HIF1A;PIK3R2;DOCK1;ID3;ELMO2;COL4A2;TRIB3;PRKCZ;ADAP1;ATP6V1A;POLR2J;ABI2;JAK2;TNS3;FGFR1;SOCS6;IRS2,T cells
prerank,Reactome_2022__Cytochrome P450 - Arranged By Substrate Type R-HSA-211897,0.5050646484071393,0.9583651263758968,0.5288713910761155,0.8804280206745567,1.0,8/63,10.10%,NCOA1;FDX1;NCOA2;CYP51A1;POMC;RXRA;CYP2U1;CYP1B1,T cells
prerank,Reactome_2022__Glucagon-type Ligand Receptors R-HSA-420092,0.556930988004412,0.9582165674319192,0.5637393767705382,0.8795305401338459,1.0,6/33,12.28%,GNG5;GNB5;GNAS;GNG11;GNG7;GNG2,T cells
prerank,Reactome_2022__SLC-mediated Transmembrane Transport R-HSA-425407,0.45252804761192217,0.9579083871132177,0.5681818181818182,0.8790685312374196,1.0,68/247,15.91%,SLC12A1;SLC25A5;SLC5A3;SLC38A1;SLC20A1;SLC4A7;SLC16A7;CALM1;BSG;SLC25A6;SLC6A6;SLC30A7;SLC2A3;SLC38A2;SLC35D2;SLC1A5;SLC30A6;SLC4A4;SLC2A13;SLC3A2;SLC39A10;SLC39A4;SLC11A2;ARL2;SLC44A1;SLC4A8;SLCO3A1;SLC26A11;SLC35A3;SLC3A1;SLC25A4;SLC6A13;SLC24A1;SLC4A2;SRI;SLC39A6;SLC4A1;SLC9A4;SLC35A1;SLC43A2;SLC39A14;SLC22A2;LCN12;SLC29A1;SLC35B4;SLC27A4;SLC35A2;SLC7A1;SLC16A1;SLC36A4;SLC12A6;SLC39A1;CTNS;SLC44A3;SLC5A12;SLC9A7;SLC38A5;SLC25A26;SLC7A6;SLC35D1;SLC16A10;SLC41A1;SLC6A12;SLC9A2;RHCG;SLC5A5;SLC12A5;SLC7A7,T cells
prerank,Reactome_2022__mRNA Decay By 3 To 5 Exoribonuclease R-HSA-429958,0.6326485521098507,0.9576028522825161,0.5914826498422713,0.8785971716437958,1.0,7/13,7.54%,HBS1L;DIS3;EXOSC7;DCPS;EXOSC4;NT5C3B;EXOSC3,T cells
prerank,Reactome_2022__Phospholipid Metabolism R-HSA-1483257,-0.3754930453203548,-0.9575890644124972,0.5436893203883495,1.0,1.0,55/207,10.57%,PIK3R1;INPP4B;MTMR14;PIK3C3;CPNE3;MIGA1;PIKFYVE;SLC44A2;GPCPD1;PITPNM2;CLSTN1;PIP4K2A;PLEKHA1;HADHB;PITPNM1;PIP5K1A;PIK3CG;GPAT4;ACP6;SACM1L;PTDSS1;LPIN2;PGS1;MTMR4;CPNE7;AGPAT4;GNPAT;SBF1;PLD3;CSNK2A2;PIK3CB;GDPD5;PIK3C2A;LPGAT1;GDE1;RAB14;CDIPT;OSBPL5;OSBPL8;PIP5K1C;PLEKHA4;PCYT2;PLAAT2;PRKCSH;PI4KB;MBOAT7;PIP4K2B;AGPAT1;PIP4P1;CDS2;SELENOI;PLEKHA8;PCYT1A;DGAT1;INPP4A,T cells
prerank,Reactome_2022__Lewis Blood Group Biosynthesis R-HSA-9037629,-0.5465969112078835,-0.9568327230391648,0.5238095238095238,1.0,1.0,3/18,1.56%,ST6GALNAC6;ST3GAL4;B3GALT4,T cells
prerank,Reactome_2022__Aberrant Regulation Of Mitotic G1/S Transition In Cancer Due To RB1 Defects R-HSA-9659787,0.6068386677017105,0.9563365715419164,0.5709828393135725,0.8803647452412892,1.0,9/17,12.31%,CDK6;TFDP2;RB1;CCND3;CCND1;CCND2;CDKN1C;TFDP1;E2F1,T cells
prerank,MSigDB_Hallmark_2020__UV Response Up,-0.3937406262046247,-0.9546691116156238,0.5118110236220472,0.6185487689393939,0.982,31/156,6.76%,FOSB;JUNB;BTG1;MGAT1;POLE3;IRF1;MARK2;PDAP1;ARRB2;YKT6;PPP1R2;CYB5R1;GRINA;HLA-F;AP2S1;BAK1;FURIN;FOS;AGO2;HNRNPU;SOD2;STARD3;CDC5L;PRKACA;TGFBRAP1;EPHX1;DNAJB1;WIZ;PRKCD;NPTXR;BID,T cells
prerank,Reactome_2022__Interleukin-10 Signaling R-HSA-6783783,0.5363471354853162,0.9541199986542943,0.5643153526970954,0.8843177706158433,1.0,3/45,4.10%,CCL5;CCL4;CCL3,T cells
prerank,Reactome_2022__VEGFR2 Mediated Vascular Permeability R-HSA-5218920,-0.4955414115970749,-0.9535034861542708,0.5,1.0,1.0,9/27,7.31%,HSP90AA1;AKT2;AKT1;MTOR;AKT3;CTNNB1;RICTOR;THEM4;MLST8,T cells
prerank,Reactome_2022__Signaling By NOTCH2 R-HSA-1980145,0.5568342591524225,0.9530486169356738,0.561119293078056,0.885531173147237,1.0,9/31,6.11%,UBB;UBC;CREB1;PSEN1;ADAM10;UBA52;PSENEN;JAG1;RPS27A,T cells
prerank,Reactome_2022__Purine Catabolism R-HSA-74259,0.6072724408560619,0.9525164442678323,0.5858267716535434,0.8855226338007772,1.0,4/16,7.57%,DNPH1;NT5C;NUDT1;ITPA,T cells
prerank,Reactome_2022__Collagen Biosynthesis And Modifying Enzymes R-HSA-1650814,0.5114043007556546,0.9523318776470714,0.5804749340369393,0.8846600739384067,1.0,21/67,20.14%,PPIB;P4HB;COL4A1;P3H2;COL4A2;PLOD3;COL27A1;PLOD2;COL4A4;COL4A6;COL4A5;COL18A1;COL13A1;COL9A2;COL28A1;COL4A3;COL25A1;COL5A3;COL15A1;TLL1;BMP1,T cells
prerank,Reactome_2022__Spry Regulation Of FGF Signaling R-HSA-1295596,0.6116257484216383,0.9515528260971351,0.5795981452859351,0.8852580744319011,1.0,8/16,7.33%,UBB;UBC;UBA52;MAPK3;PPP2CB;PTPN11;RPS27A;CBL,T cells
prerank,Reactome_2022__PPARA Activates Gene Expression R-HSA-1989781,0.4798130815722417,0.9505447020885021,0.5590062111801242,0.8863412778380855,1.0,39/115,12.05%,MED4;MED21;ACADM;MED31;NCOA1;NFYC;MED13L;CREBBP;MED19;NCOR1;NCOA2;CHD9;PLIN2;ACSL1;MED11;ESRRA;GLIPR1;MED24;MED23;RXRA;TBL1XR1;NCOA6;HDAC3;TXNRD1;PPARGC1A;MED28;TBL1X;G0S2;MED29;MBD4;NFYA;HELZ2;HMGCR;CDK8;SREBF2;TRIB3;HMGCS2;MED25;FDFT1,T cells
prerank,Reactome_2022__Early SARS-CoV-2 Infection Events R-HSA-9772572,-0.462784804152914,-0.9503958876952887,0.48333333333333334,1.0,1.0,9/36,7.10%,DDX5;PIK3C3;ZCRB1;FURIN;MAP1LC3B;CHMP2A;GPC5;VHL;CTSL,T cells
prerank,Reactome_2022__rRNA Processing In Mitochondrion R-HSA-8868766,0.6527848632115962,0.950193417559157,0.6133768352365416,0.8859658790935045,1.0,5/10,5.98%,HSD17B10;PRORP;TRMT10C;TFB1M;MRM3,T cells
prerank,Reactome_2022__Interleukin-2 Family Signaling R-HSA-451927,-0.46785182746044857,-0.9493291457422408,0.494949494949495,1.0,1.0,14/44,5.79%,PIK3R1;JAK1;HAVCR2;IL2RB;STAT5A;STAT3;GRB2;JAK3;CLSTN1;SYK;PTK2B;IL2RG;CSF2;PIK3CB,T cells
prerank,Reactome_2022__Sensory Perception Of Taste R-HSA-9717189,-0.4482560773830021,-0.9483282449982074,0.5234899328859061,1.0,1.0,4/47,5.84%,ITPR3;GNB1;PLCB2;TAS2R30,T cells
prerank,Reactome_2022__Formation Of RNA Pol II Elongation Complex R-HSA-112382,0.5109552149889106,0.9478947834019622,0.5611038107752957,0.8903234446637568,1.0,25/57,10.79%,POLR2K;AFF4;NELFB;POLR2C;CCNT1;POLR2I;GTF2F1;NCBP2;TCEA1;GTF2H2;GTF2H4;POLR2L;MLLT3;ELOA;SUPT4H1;RTF1;CCNK;CCNT2;POLR2G;ERCC3;CDC73;SUPT16H;ELOC;POLR2J;MLLT1,T cells
prerank,Reactome_2022__NoRC Negatively Regulates rRNA Expression R-HSA-427413,0.5270072544007822,0.9475833636838548,0.5645161290322581,0.8898354693161593,1.0,12/42,10.50%,SAP18;POLR2K;HDAC2;HDAC1;GTF2H2;GTF2H4;SIN3B;POLR2L;POLR1A;ERCC3;TAF1A;TAF1C,T cells
prerank,Reactome_2022__RORA Activates Gene Expression R-HSA-1368082,0.6020110953823337,0.9474529624915045,0.5880551301684533,0.8889081544296762,1.0,10/18,10.34%,NCOA1;CREBBP;NCOA2;CHD9;RXRA;TBL1XR1;NCOA6;TBL1X;MBD4;HELZ2,T cells
prerank,Reactome_2022__Regulation Of TP53 Activity Thru Methylation R-HSA-6804760,0.5905571165188228,0.9469256262061438,0.5649546827794562,0.888981839169747,1.0,6/19,6.21%,UBB;EHMT1;UBC;UBA52;RPS27A;SMYD2,T cells
prerank,Reactome_2022__Constitutive Signaling By EGFRvIII R-HSA-5637810,-0.5816284591393986,-0.9469109101531822,0.5403899721448467,1.0,1.0,3/14,1.13%,HSP90AA1;PIK3R1;GRB2,T cells
prerank,Reactome_2022__EPHA-mediated Growth Cone Collapse R-HSA-3928663,0.6176443192285723,0.9464999171024168,0.5867507886435331,0.8887997068229934,1.0,6/15,7.73%,MYL6;LYN;YES1;MYH9;MYL9;MYL12B,T cells
prerank,Reactome_2022__FLT3 Signaling R-HSA-9607240,0.5408601654488642,0.9454820290885234,0.5732394366197183,0.8899869222036599,1.0,8/37,3.57%,LCK;UBB;UBC;PIK3CA;UBA52;STAT5B;PTPN11;GRAP2,T cells
prerank,Reactome_2022__Resolution Of Abasic Sites (AP Sites) R-HSA-73933,0.5329181194444346,0.9452628139500178,0.592032967032967,0.8892717321803224,1.0,17/37,11.84%,RPA3;APEX1;POLE4;PARG;PCNA;MPG;UNG;RFC4;POLE2;PARP2;POLR1A;PARP1;SMUG1;TDG;MBD4;POLG2;RFC2,T cells
prerank,MSigDB_Hallmark_2020__Notch Signaling,0.5505447921154248,0.9452510891405969,0.5888252148997135,0.8519902772429727,1.0,15/32,13.87%,RBX1;PRKCA;PSENEN;FBXW11;HES1;TCF7L2;JAG1;SKP1;NOTCH1;CCND1;NOTCH3;CUL1;PPARD;FZD1;SAP30,T cells
prerank,Reactome_2022__Adherens Junctions Interactions R-HSA-418990,0.5536292229714606,0.9452465765410398,0.5811209439528023,0.888080671734377,1.0,10/29,18.04%,JUP;FZR1;NECTIN2;AFDN;CADM1;ANG;CADM2;NECTIN4;NECTIN1;CDH2,T cells
prerank,Reactome_2022__Transcription Of E2F Targets Under Negative Control By P107 (RBL1) And P130 (RBL2) In Complex With HDAC1 R-HSA-1362300,0.6111145632480092,0.9451130897716842,0.6049766718506998,0.8871798037905141,1.0,10/16,15.78%,TFDP2;HDAC1;LIN37;RBL2;E2F5;CDK1;TFDP1;E2F1;RBL1;MYBL2,T cells
prerank,Reactome_2022__SARS-CoV-2 Targets Host Intracellular Signaling And Regulatory Pathways R-HSA-9755779,0.6305053033679907,0.9446202060067801,0.6164596273291926,0.8870875098816748,1.0,4/13,2.20%,YWHAB;YWHAQ;YWHAZ;YWHAH,T cells
prerank,Reactome_2022__Thromboxane Signaling Thru TP Receptor R-HSA-428930,0.5689512584207572,0.9444083330045324,0.5737704918032787,0.8863713482211703,1.0,6/24,12.28%,GNG5;GNAQ;GNB5;GNG11;GNG7;GNG2,T cells
prerank,Reactome_2022__RHO GTPases Activate PKNs R-HSA-5625740,0.5419112998141031,0.9440207322310176,0.5683139534883721,0.8860568722638688,1.0,13/33,8.55%,MYL6;YWHAB;YWHAQ;YWHAZ;YWHAH;NCOA2;PKN2;PPP1CB;MYH9;MYL9;MYL12B;PPP1R12B;KDM4C,T cells
prerank,Reactome_2022__ADP Signaling Thru P2Y Purinoceptor 12 R-HSA-392170,0.5784114503491177,0.9431042554291249,0.5896296296296296,0.8868993734150897,1.0,7/22,12.28%,GNG5;GNAI3;GNB5;GNG11;GNAI1;GNG7;GNG2,T cells
prerank,MSigDB_Hallmark_2020__Cholesterol Homeostasis,0.4970819745338834,0.9431039637016364,0.5739795918367347,0.8296809594196778,1.0,39/74,15.28%,FABP5;CLU;IDI1;ACTG1;ECH1;ANXA5;PMVK;ETHE1;FBXO6;HSD17B7;CYP51A1;MAL2;CD9;SQLE;JAG1;NIBAN1;FDPS;LDLR;MVD;ACAT2;PNRC1;ACSS2;GNAI1;HMGCR;SREBF2;TRIB3;GUSB;TNFRSF12A;SC5D;FDFT1;PPARG;LGMN;GPX8;DHCR7;TM7SF2;GSTM2;SCD;GLDC;SEMA3B,T cells
prerank,Reactome_2022__Diseases Associated With N-glycosylation Of Proteins R-HSA-3781860,0.5808129688319307,0.94246909143029,0.57847533632287,0.8871298206274074,1.0,7/20,10.67%,B4GALT1;MOGS;ALG3;ALG14;ALG8;ALG9;ALG12,T cells
prerank,Reactome_2022__FGFR2 Mutant Receptor Activation R-HSA-1839126,0.5403153389311749,0.9412551482991237,0.5576102418207681,0.8887263711062166,1.0,6/33,5.41%,POLR2K;POLR2C;POLR2I;GTF2F1;NCBP2;POLR2L,T cells
prerank,Reactome_2022__Establishment Of Sister Chromatid Cohesion R-HSA-2468052,0.6319227498205908,0.9411847688854798,0.6272,0.8876447753663679,1.0,4/11,9.80%,SMC3;WAPL;PDS5B;RAD21,T cells
prerank,Reactome_2022__Cyclin A/B1/B2 Associated Events During G2/M Transition R-HSA-69273,0.5604411727215266,0.9408883499940567,0.5835777126099707,0.8871233894032003,1.0,12/25,11.48%,CDC25B;XPO1;PPP2CB;LCMT1;PPP2R1B;PPME1;WEE1;CCNB2;FOXM1;CDK1;CCNB1;PLK1,T cells
prerank,Reactome_2022__Acetylcholine Binding And Downstream Events R-HSA-181431,-0.5777038643355386,-0.9405081291807112,0.5397260273972603,1.0,1.0,3/14,13.63%,CHRNG;CHRNA5;CHRNA1,T cells
prerank,Reactome_2022__Signaling By FGFR3 R-HSA-5654741,0.5289701549895582,0.9397928601742189,0.5788732394366197,0.8882890740706976,1.0,13/39,9.17%,UBB;UBC;PIK3CA;UBA52;MAPK3;PPP2CB;PTPN11;RPS27A;GALNT3;CBL;SOS1;FGFR3;PLCG1,T cells
prerank,Reactome_2022__Protein Methylation R-HSA-8876725,0.5939531452587903,0.9394200852928146,0.5759878419452887,0.8879309938177127,1.0,11/17,12.97%,HSPA8;VCP;RPS2;CALM1;KIN;ETFB;VCPKMT;EEF1AKMT1;EEF2KMT;METTL21A;CAMKMT,T cells
prerank,Reactome_2022__Anti-inflammatory Response Favoring Leishmania Infection R-HSA-9662851,-0.38229320440925485,-0.9389979578246221,0.6282051282051282,1.0,1.0,19/161,4.94%,PTGDR;CD247;PRKACB;GNB2;RHBDF2;SYK;GNAI2;MAPK14;PTGER4;FURIN;PRKX;FYN;ITPR3;AHCYL1;RAMP1;ADCY7;GNB1;ITPR2;GNGT2,T cells
prerank,Reactome_2022__Sphingolipid Metabolism R-HSA-428157,0.4810185899201752,0.9381212451603463,0.5933926302414231,0.8896605798847096,1.0,29/87,13.81%,OSBP;SPTLC2;SPTSSA;ORMDL1;ORMDL3;UGCG;PLPP1;HEXA;SPTLC1;SGMS1;SMPD1;PRKD2;ARSB;PRKD1;ARSK;PLPP3;ARSD;SGPL1;SGPP2;DEGS1;UGT8;ARSA;SPHK2;ORMDL2;ALDH3A2;PRKD3;PPM1L;NAT8;ACER3,T cells
prerank,Reactome_2022__EML4 And NUDC In Mitotic Spindle Formation R-HSA-9648025,0.4830577429586512,0.9378769022988523,0.6147959183673469,0.8889915902625168,1.0,33/95,12.41%,DYNLL1;PPP1CC;SKA2;XPO1;MIS12;PPP2CB;KANSL1;CKAP5;PPP2R5C;PPP2R1B;NDE1;ITGB3BP;DYNC1LI1;TAOK1;RANGAP1;ZW10;KNL1;PPP2R5A;NEK7;NUP37;NUP107;NUP133;NEK9;NDEL1;CENPE;CENPA;PPP2R5B;BIRC5;PLK1;RCC2;CENPN;KIF2A;CDCA8,T cells
prerank,Reactome_2022__Triglyceride Metabolism R-HSA-8979227,0.5378775232815229,0.9377088983959211,0.6005586592178771,0.8881418664027432,1.0,10/36,11.10%,PPP1CC;ABHD5;PRKCA;GPD2;FABP3;PPP1CB;LPIN1;PLIN3;MGLL;GPAM,T cells
prerank,Reactome_2022__Ras Activation Upon Ca2+ Influx Thru NMDA Receptor R-HSA-442982,0.58505159299339,0.9376242812198643,0.582089552238806,0.8871383932318032,1.0,3/19,8.58%,CALM1;CAMK2D;DLG1,T cells
prerank,Reactome_2022__G Beta:Gamma Signaling Thru BTK R-HSA-8964315,0.5957561939491895,0.9371379336132216,0.5993788819875776,0.8869838184301078,1.0,5/18,12.28%,GNG5;GNB5;GNG11;GNG7;GNG2,T cells
prerank,Reactome_2022__Diseases Of Glycosylation R-HSA-3781865,0.46681242505643084,0.936464276197864,0.6025943396226415,0.887247092369774,1.0,43/142,17.00%,C1GALT1;DPM3;B4GALT1;THSD7A;HEXA;GFPT1;PMM2;MUC1;MOGS;GALT;ALG3;LARGE1;GALNT3;ALG14;B3GAT3;MUC15;NOTCH1;ALG8;POMGNT1;ALG9;SDC1;NOTCH3;HSPG2;ADAMTS1;DPM1;ALG12;GNE;SDC2;DHDDS;GALE;POMT1;ADAMTS15;AGRN;MPDU1;ST3GAL3;SDC3;BGN;SPON1;PAPSS2;GPC3;SDC4;C1GALT1C1;MUC20,T cells
prerank,MSigDB_Hallmark_2020__Apoptosis,-0.38420979032008906,-0.9354906134982486,0.5984848484848485,0.5867660984848485,0.985,31/159,5.74%,TXNIP;JUN;GADD45B;MCL1;IRF1;BCL10;SMAD7;CASP1;EBP;FEZ1;IFNGR1;GADD45A;CDKN1B;FASLG;RELA;PRF1;CASP8;ROCK1;CFLAR;BCAP31;SOD2;TSPO;PSEN2;ADD1;CD44;PLCB2;CD38;CDKN1A;CTNNB1;PDCD4;IGF2R,T cells
prerank,MSigDB_Hallmark_2020__Apical Surface,0.519828435219457,0.9349441444174095,0.582109479305741,0.8266494392568348,1.0,14/44,9.60%,HSPB1;LYN;MAL;APP;GSTM3;ADAM10;B4GALT1;CRYBG1;PKHD1;NCOA6;CROCC;EFNA5;ATP6V0A4;TMEM8B,T cells
prerank,Reactome_2022__Lagging Strand Synthesis R-HSA-69186,0.5751127597094505,0.933702656117499,0.6060606060606061,0.892375548708953,1.0,7/20,11.84%,RPA3;PRIM2;PCNA;RFC4;POLR1A;POLA1;RFC2,T cells
prerank,Reactome_2022__Chemokine Receptors Bind Chemokines R-HSA-380108,0.5033981465027115,0.9329318392018776,0.5970548862115127,0.8929427255530037,1.0,5/56,7.70%,CCL5;CCL4;CCL3;CCR7;ACKR3,T cells
prerank,Reactome_2022__Downstream Signaling Of Activated FGFR4 R-HSA-5654716,-0.508274787748281,-0.932847479457381,0.5403726708074534,1.0,1.0,4/26,6.79%,PIK3R1;GRB2;HRAS;SHC1,T cells
prerank,Reactome_2022__Transport Of Mature mRNA Derived From An Intronless Transcript R-HSA-159231,0.5211821496315607,0.9326839691308341,0.5912806539509536,0.892329216920427,1.0,17/42,10.88%,EIF4E;TPR;ALYREF;NUP210;NUP88;NCBP2;NUP214;NDC1;WDR33;NUP205;NUP37;NUP107;NUP133;NUP54;NUP188;POM121;NUP42,T cells
prerank,Reactome_2022__DNA Damage/Telomere Stress Induced Senescence R-HSA-2559586,-0.49310619148165413,-0.9326152979088118,0.551829268292683,1.0,1.0,5/28,5.21%,ATM;EP400;CDKN1B;HMGA1;CDKN1A,T cells
prerank,Reactome_2022__Neurotransmitter Receptors And Postsynaptic Signal Transmission R-HSA-112314,0.45299475076699514,0.9323468195689084,0.6165501165501166,0.8919300137332762,1.0,33/182,12.28%,PRKCB;GNG5;CREB1;NCALD;CALM1;AP2A2;NPTN;GNAI3;MAPK3;KPNA2;PRKCA;GIT1;KCNJ16;AP2B1;PRKAA2;MYO6;EPB41L1;PRKAG1;GNB5;CAMK2D;ADCY9;GNG11;ERBB4;ARHGEF7;DLG1;KCNJ15;GABRA2;GNAI1;GNG7;KCNJ3;AP2A1;LIN7B;GNG2,T cells
prerank,Reactome_2022__SHC-mediated cascade:FGFR3 R-HSA-5654704,-0.5621536885167742,-0.9321788996255713,0.5555555555555556,1.0,1.0,3/17,6.79%,GRB2;HRAS;SHC1,T cells
prerank,Reactome_2022__B-WICH Complex Positively Regulates rRNA Expression R-HSA-5250924,0.5495637921525266,0.9319011096813673,0.5758928571428571,0.8917052468183642,1.0,8/27,12.19%,DEK;POLR2K;POLR2L;POLR1A;TAF1A;TAF1C;SMARCA5;BAZ1B,T cells
prerank,Reactome_2022__Activation Of Pre-Replicative Complex R-HSA-68962,0.5454808811333851,0.9314043221432418,0.6041055718475073,0.8916556584112408,1.0,13/32,10.27%,RPA3;MCM5;PRIM2;POLE4;MCM7;ORC3;ORC4;POLE2;MCM6;POLR1A;MCM3;ORC5;POLA1,T cells
prerank,Reactome_2022__Chondroitin Sulfate/Dermatan Sulfate Metabolism R-HSA-1793185,0.5051061940392942,0.929791678628791,0.597544338335607,0.8941190519242845,1.0,19/50,16.75%,CSGALNACT2;CHST11;HEXA;B3GAT1;ARSB;B3GAT3;CHST12;SDC1;HSPG2;SDC2;CSGALNACT1;AGRN;CHST7;B3GAT2;CHSY3;SDC3;BGN;GPC3;SDC4,T cells
prerank,Reactome_2022__RNA Polymerase II Transcribes snRNA Genes R-HSA-6807505,0.4825319283660596,0.9293346184376776,0.586427656850192,0.8940102549451662,1.0,29/74,10.70%,POLR2K;POLR2C;ZC3H8;TAF9;CCNT1;POLR2I;GTF2F1;GTF2A2;NCBP2;TAF11;INTS8;INTS11;POLR2L;POU2F2;SUPT4H1;ICE1;PHAX;RPRD2;CCNK;TAF8;ZNF143;CCNT2;INTS2;NABP1;POLR2G;SNAPC2;SNAPC1;SSU72;POLR2J,T cells
prerank,Reactome_2022__Heme Signaling R-HSA-9707616,0.5182996823395725,0.9291060138198831,0.5975103734439834,0.8932953291552579,1.0,17/44,10.34%,CREB1;NCOA1;XPO1;CREBBP;NCOR1;NCOA2;CHD9;CRTC3;NFE2L2;RXRA;TBL1XR1;NCOA6;HDAC3;PPARGC1A;TBL1X;MBD4;HELZ2,T cells
prerank,Reactome_2022__Assembly And Cell Surface Presentation Of NMDA Receptors R-HSA-9609736,-0.49517415409683707,-0.9289346093526138,0.5769230769230769,1.0,1.0,4/25,10.11%,CASK;LIN7C;LRRC7;CAMK2G,T cells
prerank,Reactome_2022__Ketone Body Metabolism R-HSA-74182,0.6356320809004595,0.9284081594807101,0.6310077519379845,0.8936414097911581,1.0,5/10,11.51%,SOAT1;BDH2;BDH1;HMGCL;HMGCS2,T cells
prerank,Reactome_2022__Resolution Of AP Sites Via Multiple-Nucleotide Patch Replacement Pathway R-HSA-110373,0.5575563475961657,0.9282284202351645,0.6198224852071006,0.8928987788982027,1.0,12/24,11.84%,RPA3;APEX1;POLE4;PARG;PCNA;RFC4;POLE2;PARP2;POLR1A;PARP1;POLG2;RFC2,T cells
prerank,Reactome_2022__ERKs Are Inactivated R-HSA-202670,-0.5720935812408667,-0.9281736827750496,0.550561797752809,1.0,1.0,6/13,5.66%,DUSP6;MAPK1;DUSP7;PPP2CA;PPP2R5D;PPP2R1A,T cells
prerank,Reactome_2022__Signaling By FGFR1 In Disease R-HSA-5655302,-0.4554875686844041,-0.9277623351474781,0.5288135593220339,1.0,1.0,5/35,1.28%,PIK3R1;STAT5A;STAT3;GRB2;CNTRL,T cells
prerank,Reactome_2022__NR1H2 And NR1H3-mediated Signaling R-HSA-9024446,0.5153596915147718,0.9273186189627352,0.6137640449438202,0.8937497111087703,1.0,19/46,15.32%,NCOA1;NCOR1;RXRA;TBL1XR1;MYLIP;APOE;HDAC3;TNRC6B;TBL1X;ABCG1;MOV10;AGO4;KDM4A;AGO1;AGO3;KDM1B;RXRB;SCD;EEPD1,T cells
prerank,Reactome_2022__Vitamin B5 (Pantothenate) Metabolism R-HSA-199220,0.5871379595197522,0.9270187880840937,0.5945121951219512,0.893267625704296,1.0,12/17,20.28%,AASDHPPT;PANK3;COASY;SLC25A16;PANK2;PANK1;PPCDC;PANK4;PDZD11;SLC5A6;ENPP2;VNN2,T cells
prerank,MSigDB_Hallmark_2020__Coagulation,0.45470717912237785,0.926835029689096,0.631079478054567,0.8222964142775463,1.0,57/138,20.14%,A2M;CLU;S100A13;MSRB2;RABIF;CTSH;CD9;PLEK;ISCU;CSRP1;LAMP2;USP11;CRIP2;HPN;PLAT;RAPGEF3;KLF7;PLAU;SERPING1;PECAM1;TIMP3;HMGCS2;FN1;RGN;PREP;F8;CAPN2;ARF4;PLG;S100A1;LGMN;KLKB1;C2;TFPI2;C1S;LTA4H;DUSP14;CTSB;SIRT2;MST1;ANG;MMP7;PROS1;CFI;ANXA1;APOA1;SPARC;C1R;FBN1;APOC2;MMP15;GNG12;GP1BA;CFB;F12;CPB2;BMP1,T cells
prerank,Reactome_2022__Transport Of Mature mRNAs Derived From Intronless Transcripts R-HSA-159234,0.5158743847760785,0.9267832256836016,0.607094133697135,0.8925598456322194,1.0,17/43,10.88%,EIF4E;TPR;ALYREF;NUP210;NUP88;NCBP2;NUP214;NDC1;WDR33;NUP205;NUP37;NUP107;NUP133;NUP54;NUP188;POM121;NUP42,T cells
prerank,Reactome_2022__Transport Of Mature mRNA Derived From An Intron-Containing Transcript R-HSA-159236,0.48492812083068443,0.9263537180513927,0.5867014341590613,0.8923286650726172,1.0,33/74,9.08%,SRSF9;SARNP;SLU7;SRSF11;TPR;ALYREF;NUP210;EIF4A3;SRSF6;SRSF2;THOC2;NUP88;NCBP2;NXT1;DDX39A;FYTTD1;U2AF1L4;NUP214;MAGOHB;NDC1;THOC3;CHTOP;SRSF4;RBM8A;NUP205;THOC6;NUP37;NUP107;NUP133;CDC40;NUP54;UPF3B;NUP188,T cells
prerank,Reactome_2022__RNA Polymerase III Transcription Termination R-HSA-73980,0.5641636479348049,0.9242523053934106,0.6071428571428571,0.8958396409404875,1.0,9/21,10.78%,POLR2K;CRCP;SSB;POLR2L;NFIA;NFIB;POLR3E;POLR3C;POLR3H,T cells
prerank,Reactome_2022__Regulation Of Actin Dynamics For Phagocytic Cup Formation R-HSA-2029482,0.4925303950476685,0.9239505130937814,0.5923482849604221,0.8953317491427135,1.0,16/58,7.75%,ARPC1B;ARPC3;HSP90AB1;ACTR2;ARPC2;ACTG1;ARPC5;BRK1;WIPF2;MAPK3;VAV3;CYFIP2;NF2;NCKAP1;MYH9;WASL,T cells
prerank,Reactome_2022__Diseases Associated With Glycosylation Precursor Biosynthesis R-HSA-5609975,0.6007751681785739,0.9237551079145283,0.6259426847662142,0.8945937402219571,1.0,8/15,12.12%,DPM3;GFPT1;PMM2;GALT;DPM1;GNE;DHDDS;GALE,T cells
prerank,Reactome_2022__WNT5A-dependent Internalization Of FZD4 R-HSA-5099900,0.6083164741825766,0.9236481585012662,0.6276083467094703,0.8936506302973022,1.0,6/15,7.61%,PRKCB;AP2A2;PRKCA;AP2B1;CLTB;FZD4,T cells
prerank,Reactome_2022__TRAF6 Mediated IRF7 Activation R-HSA-933541,0.5501655458833914,0.9235033370843807,0.6020114942528736,0.8927482374642512,1.0,8/27,12.37%,TANK;IRF7;CREBBP;IKBKE;MAVS;IRF3;TRAF6;RNF135,T cells
prerank,Reactome_2022__RIPK1-mediated Regulated Necrosis R-HSA-5213460,0.5373480081480211,0.9228750502624209,0.6086350974930362,0.8930023484948928,1.0,11/31,8.29%,UBB;UBC;TANK;UBA52;BIRC3;FADD;RPS27A;TRADD;CDC37;RRM1;OGT,T cells
prerank,Reactome_2022__Blood Group Systems Biosynthesis R-HSA-9033658,-0.5146220143423125,-0.9227471550054758,0.5843373493975904,1.0,1.0,3/22,1.56%,ST6GALNAC6;ST3GAL4;B3GALT4,T cells
prerank,Reactome_2022__Receptor-type Tyrosine-Protein Phosphatases R-HSA-388844,0.5685969802904314,0.9216541592572504,0.5987841945288754,0.8944041786082197,1.0,7/20,22.23%,PTPRF;PPFIBP2;PTPRS;PTPRD;SLITRK4;PPFIA1;SLITRK6,T cells
prerank,Reactome_2022__Signaling By FGFR1 R-HSA-5654736,0.5041026447520869,0.9207542338791054,0.6127247579529738,0.8951858722766944,1.0,12/49,9.17%,UBB;UBC;PIK3CA;UBA52;MAPK3;PPP2CB;PTPN11;RPS27A;KL;CBL;SOS1;PLCG1,T cells
prerank,Reactome_2022__PI3K Events In ERBB4 Signaling R-HSA-1250342,-0.591652959066159,-0.9201603675573359,0.5819672131147541,1.0,1.0,1/10,0.21%,PIK3R1,T cells
prerank,Reactome_2022__Transport Of Mature Transcript To Cytoplasm R-HSA-72202,0.4772488166272863,0.9193112408180405,0.6167979002624672,0.8971390818540133,1.0,35/83,9.08%,SRSF9;EIF4E;SARNP;SLU7;SRSF11;TPR;ALYREF;NUP210;EIF4A3;SRSF6;SRSF2;THOC2;NUP88;NCBP2;NXT1;DDX39A;FYTTD1;U2AF1L4;NUP214;MAGOHB;NDC1;THOC3;CHTOP;SRSF4;RBM8A;WDR33;NUP205;THOC6;NUP37;NUP107;NUP133;CDC40;NUP54;UPF3B;NUP188,T cells
prerank,Reactome_2022__Heme Degradation R-HSA-189483,0.5855513891753228,0.9187488852103437,0.6205287713841369,0.8971835263679822,1.0,5/16,11.36%,HMOX2;ABCC1;BLVRB;GUSB;GSTA1,T cells
prerank,Reactome_2022__Purine Salvage R-HSA-74217,0.6106871617207577,0.9180868566870285,0.6321656050955414,0.8974442498414784,1.0,2/13,1.30%,APRT;HPRT1,T cells
prerank,Reactome_2022__Surfactant Metabolism R-HSA-5683826,0.5374923512751052,0.9175023851861657,0.5962643678160919,0.8974783579382287,1.0,7/29,19.62%,CTSH;ZDHHC2;LMCD1;ABCA3;NAPSA;ADGRF5;ADRA2C,T cells
prerank,Reactome_2022__RHOBTB1 GTPase Cycle R-HSA-9013422,-0.5027163601123167,-0.9170151725638934,0.546031746031746,1.0,1.0,8/23,3.13%,SRRM1;VIM;RBMX;CPSF7;TRA2B;HNRNPC;ROCK1;ROCK2,T cells
prerank,Reactome_2022__Estrogen-dependent Nuclear Events Downstream Of ESR-membrane Signaling R-HSA-9634638,-0.4904672824965872,-0.9169784778585118,0.5662251655629139,1.0,1.0,9/24,4.36%,BCL2;MAPK1;CDKN1B;UHMK1;AKT2;AKT1;FOS;AKT3;AREG,T cells
prerank,MSigDB_Hallmark_2020__Angiogenesis,0.521956208875313,0.9167804154485762,0.6228813559322034,0.8218214172461438,1.0,12/36,16.19%,APP;LRPAP1;JAG1;STC1;VEGFA;CCND2;FGFR1;NRP1;PTK2;FSTL1;PDGFA;LPL,T cells
prerank,Reactome_2022__Deregulated CDK5 Triggers Neurodegenerative Pathways In Alzheimers Disease Models R-HSA-8862803,0.5706315119622133,0.9166812257536694,0.6382978723404256,0.8980253288367865,1.0,7/21,4.25%,PRDX2;PRDX1;CDC25B;APP;CAPN1;LMNA;GOLGA2,T cells
prerank,Reactome_2022__Interleukin-20 Family Signaling R-HSA-8854691,-0.490295021563515,-0.9161134750608477,0.5609756097560976,1.0,1.0,4/26,1.43%,JAK1;STAT5A;STAT3;JAK3,T cells
prerank,Reactome_2022__G2/M DNA Damage Checkpoint R-HSA-69473,0.48728013039789375,0.9158003386916341,0.6063408190224571,0.8986996502097405,1.0,27/59,15.18%,YWHAB;RPA3;YWHAQ;UIMC1;YWHAZ;YWHAH;MRE11;BLM;UBE2N;BRCC3;RAD17;RAD50;RFC4;RBBP8;POLR1A;WEE1;RAD9A;PIAS4;CDK1;CCNB1;RFC2;NSD2;KAT5;RFC5;BRCA1;RRAD;MDC1,T cells
prerank,Reactome_2022__Paradoxical Activation Of RAF Signaling By Kinase Inactive BRAF R-HSA-6802955,0.519261670490181,0.9152159201927034,0.6104815864022662,0.8988046866223384,1.0,15/40,11.74%,PEBP1;YWHAB;CALM1;MAP2K1;MAPK3;ARAF;KSR1;MARK3;CAMK2D;MAP3K11;TLN1;IQGAP1;JAK2;FN1;CSK,T cells
prerank,Reactome_2022__Uptake Of Dietary Cobalamins Into Enterocytes R-HSA-9758881,-0.595976748797792,-0.9139478940979916,0.5936599423631124,1.0,1.0,3/10,10.34%,ABCD4;AMN;CUBN,T cells
prerank,Reactome_2022__Cell-extracellular Matrix Interactions R-HSA-446353,-0.5275042551182565,-0.9133657234155486,0.5552407932011332,1.0,1.0,3/16,1.25%,ARHGEF6;FLNA;VASP,T cells
prerank,Reactome_2022__Negative Epigenetic Regulation Of rRNA Expression R-HSA-5250941,0.5024288715871872,0.9132171690026083,0.6157965194109772,0.9019486748162772,1.0,8/45,5.41%,SAP18;POLR2K;HDAC2;HDAC1;GTF2H2;GTF2H4;SIN3B;POLR2L,T cells
prerank,Reactome_2022__RHOBTB GTPase Cycle R-HSA-9706574,-0.4571982707863723,-0.9128781924932065,0.519163763066202,1.0,1.0,11/35,3.13%,HSP90AA1;SRRM1;PHIP;VIM;RBMX;CPSF7;TRA2B;HNRNPC;DDX39B;ROCK1;ROCK2,T cells
prerank,Reactome_2022__NLRP3 Inflammasome R-HSA-844456,-0.5431624880268684,-0.9125944298411985,0.5764705882352941,1.0,1.0,4/16,3.22%,TXNIP;CASP1;RELA;PSTPIP1,T cells
prerank,Reactome_2022__Negative Regulation Of TCF-dependent Signaling By WNT Ligand Antagonists R-HSA-3772470,0.5923009675695472,0.9122559423325528,0.616822429906542,0.90288439480892,1.0,4/15,22.79%,LRP5;LRP6;KREMEN1;WNT9A,T cells
prerank,Reactome_2022__Synthesis Of Bile Acids And Bile Salts Via 7Alpha-Hydroxycholesterol R-HSA-193368,0.5492969003662774,0.9122529839419854,0.5881481481481482,0.9017248397689385,1.0,4/24,5.92%,NCOA1;SLC27A5;NCOA2;RXRA,T cells
prerank,Reactome_2022__RNA Polymerase I Promoter Clearance R-HSA-73854,0.5052945038996919,0.9120142721616289,0.6164199192462988,0.90109672659177,1.0,18/46,10.50%,POLR2K;CBX3;HDAC2;HDAC1;MAPK3;GATAD2B;CHD4;MTA1;GTF2H2;GTF2H4;RRN3;POLR2L;POLR1A;ERCC3;RBBP7;TAF1A;EHMT2;TAF1C,T cells
prerank,Reactome_2022__Ephrin Signaling R-HSA-3928664,0.5716550181666784,0.9119551587734619,0.6316590563165906,0.9000757947740434,1.0,9/18,18.84%,GIT1;PKN2;MYL12A;ARHGEF7;SDCBP;SRC;EFNB1;RNASE1;EPHB3,T cells
prerank,"Reactome_2022__BMAL1:CLOCK,NPAS2 Activates Circadian Gene Expression R-HSA-1368108",0.5520444607279846,0.9119127446201742,0.6418128654970761,0.8990214268373296,1.0,12/25,12.25%,NCOA1;CREBBP;NCOA2;CHD9;RXRA;TBL1XR1;NCOA6;TBL1X;MBD4;NAMPT;HELZ2;NOCT,T cells
prerank,Reactome_2022__Signaling By FGFR4 In Disease R-HSA-5655291,-0.6113616397414676,-0.9110192950919569,0.6127320954907162,1.0,1.0,2/10,1.13%,PIK3R1;GRB2,T cells
prerank,Reactome_2022__RHO GTPases Activate ROCKs R-HSA-5627117,-0.5124750534807213,-0.9104031643205743,0.5742857142857143,1.0,1.0,7/19,3.56%,RHOC;RHOA;PPP1R12A;LIMK2;ROCK1;ROCK2;LIMK1,T cells
prerank,Reactome_2022__Signaling By PDGFRA Extracellular Domain Mutants R-HSA-9673770,-0.578268551015626,-0.910178022341839,0.6,1.0,1.0,5/11,6.52%,PIK3R1;STAT3;GRB2;PIK3CB;HRAS,T cells
prerank,Reactome_2022__Glycosphingolipid Metabolism R-HSA-1660662,-0.4475201480636049,-0.909975525464659,0.5787545787545788,1.0,1.0,16/43,12.22%,CERK;ESYT2;GM2A;ASAH1;SUMF2;GLB1;SMPD2;SUMF1;SMPD4;STS;NEU3;GALC;GBA2;GLTP;ESYT1;CPTP,T cells
prerank,Reactome_2022__Receptor Mediated Mitophagy R-HSA-8934903,0.6262576310763779,0.9095569177295854,0.665086887835703,0.9028570867742917,1.0,4/10,8.88%,CSNK2B;ATG5;FUNDC1;MAP1LC3A,T cells
prerank,Reactome_2022__Oncogenic MAPK Signaling R-HSA-6802957,0.47316062246518215,0.9095310613346084,0.6275252525252525,0.9017423643018267,1.0,30/77,13.07%,PEBP1;PPP1CC;AKAP9;YWHAB;FXR1;AP3B1;SHOC2;CALM1;MAP2K1;ATG7;MAPK3;LMNA;KDM7A;ARAF;KSR1;MARK3;CAMK2D;PPP1CB;MAP3K11;DUSP10;TLN1;IQGAP1;JAK2;FN1;CSK;BCL2L11;TRAK1;DUSP9;DUSP16;TENT4A,T cells
prerank,Reactome_2022__ADP Signaling Thru P2Y Purinoceptor 1 R-HSA-418592,0.546830815592252,0.9085636808343311,0.6310240963855421,0.9026533704038217,1.0,6/25,12.28%,GNG5;GNAQ;GNB5;GNG11;GNG7;GNG2,T cells
prerank,Reactome_2022__SUMOylation Of DNA Damage Response And Repair Proteins R-HSA-3108214,0.47602850999518265,0.9082011485428333,0.6551724137931034,0.9022234699479966,1.0,28/75,10.88%,SMC3;TPR;NUP210;SUMO1;PIAS1;UBE2I;NUP88;NUP214;BLM;NDC1;XRCC4;SMC6;CBX4;RNF2;NUP205;RAD52;NUP37;POLR1A;NUP107;NUP133;PARP1;NUP54;NUP188;TDG;RAD21;POM121;PIAS4;NUP42,T cells
prerank,Reactome_2022__Signaling By ERBB2 ECD Mutants R-HSA-9665348,-0.5529419005125003,-0.90804077861293,0.5945205479452055,1.0,1.0,6/15,7.26%,HSP90AA1;PIK3R1;GRB2;HRAS;SHC1;ERBB2,T cells
prerank,Reactome_2022__Signaling By FGFR4 R-HSA-5654743,0.51204572938566,0.907772524568831,0.632183908045977,0.9020027784123495,1.0,11/40,9.17%,UBB;UBC;PIK3CA;UBA52;MAPK3;PPP2CB;PTPN11;RPS27A;CBL;SOS1;PLCG1,T cells
prerank,Reactome_2022__Abortive Elongation Of HIV-1 Transcript In Absence Of Tat R-HSA-167242,0.5447538306211681,0.9067866966862985,0.6202898550724638,0.9030035599474509,1.0,10/23,10.70%,POLR2K;NELFB;POLR2C;POLR2I;GTF2F1;NCBP2;POLR2L;SUPT4H1;POLR2G;POLR2J,T cells
prerank,Reactome_2022__RNA Polymerase I Transcription R-HSA-73864,0.5003558350065165,0.9066616584330137,0.6284953395472703,0.902122584077886,1.0,18/47,10.50%,POLR2K;CBX3;HDAC2;HDAC1;MAPK3;GATAD2B;CHD4;MTA1;GTF2H2;GTF2H4;RRN3;POLR2L;POLR1A;ERCC3;RBBP7;TAF1A;EHMT2;TAF1C,T cells
prerank,Reactome_2022__HSP90 Chaperone Cycle For Steroid Hormone Receptors (SHR) In Presence Of Ligand R-HSA-3371497,0.5139146936062531,0.9063923822428113,0.637956204379562,0.9015211868373794,1.0,14/38,6.96%,DYNLL1;HSP90AB1;DNAJA1;HSPA8;FKBP4;CAPZA2;DCTN1;CAPZB;HSPA1A;DYNC1LI1;DCTN4;HSPA2;ACTR1A;DCTN3,T cells
prerank,Reactome_2022__Regulation Of Necroptotic Cell Death R-HSA-5675482,0.530536457776222,0.905311774128137,0.6334269662921348,0.9027066149358656,1.0,10/29,8.29%,UBB;UBC;TANK;UBA52;BIRC3;FADD;RPS27A;TRADD;CDC37;OGT,T cells
prerank,Reactome_2022__Signaling By NTRK2 (TRKB) R-HSA-9006115,-0.4929311867290591,-0.9050504232511506,0.5953079178885631,1.0,1.0,6/23,7.15%,PIK3R1;GRB2;FYN;HRAS;SHC1;TIAM1,T cells
prerank,Reactome_2022__Mitochondrial Fatty Acid Beta-Oxidation R-HSA-77289,0.5164640905055459,0.9047393278826897,0.6355685131195336,0.9027400602307487,1.0,19/36,17.01%,ACADM;ACOT13;ECHS1;PCCA;ACOT9;NDUFAB1;MMUT;DBI;DECR1;ACAD10;HADHA;ACBD6;ACOT11;ACSF2;MECR;MCAT;ACOT2;ACOT7;ACAD11,T cells
prerank,Reactome_2022__Downstream Signaling Of Activated FGFR3 R-HSA-5654708,-0.48781505888237664,-0.9041771926975032,0.5803571428571429,1.0,1.0,4/24,6.79%,PIK3R1;GRB2;HRAS;SHC1,T cells
prerank,Reactome_2022__RHO GTPases Activate KTN1 R-HSA-5625970,-0.5954395005106196,-0.9036547372485466,0.618798955613577,1.0,1.0,3/10,3.18%,RHOA;RHOG;KIF5B,T cells
prerank,Reactome_2022__Deposition Of New CENPA-containing Nucleosomes At Centromere R-HSA-606279,0.5418598348981378,0.9029904781118953,0.6460431654676259,0.9052954855841903,1.0,10/26,12.34%,NPM1;RUVBL1;ITGB3BP;MIS18BP1;KNL1;RBBP7;CENPA;SMARCA5;CENPN;CENPW,T cells
prerank,Reactome_2022__ATF6 (ATF6-alpha) Activates Chaperones R-HSA-381033,0.61662966628989,0.9021790278292695,0.6814580031695721,0.9058473695228091,1.0,4/11,2.57%,MBTPS1;ATF4;DDIT3;NFYC,T cells
prerank,Reactome_2022__Fcgamma Receptor (FCGR) Dependent Phagocytosis R-HSA-2029480,0.4683252340101333,0.9018486294238395,0.6517285531370038,0.9053951313528686,1.0,27/83,10.92%,ARPC1B;ARPC3;HSP90AB1;ACTR2;LYN;YES1;ARPC2;ACTG1;ARPC5;BRK1;WIPF2;PIK3CA;MAPK3;VAV3;PLPP5;PLCG2;CYFIP2;NF2;NCKAP1;MYH9;WASL;PLCG1;PIK3R2;DOCK1;ELMO2;ABI2;PLA2G6,T cells
prerank,Reactome_2022__Extra-nuclear Estrogen Signaling R-HSA-9009391,-0.39742085216161427,-0.9010118403422465,0.6570247933884298,1.0,1.0,15/73,4.94%,HSP90AA1;PIK3R1;BCL2;MAPK1;CDKN1B;GNB2;UHMK1;AKT2;GNAI2;AKT1;FOS;AKT3;AREG;GNB1;GNGT2,T cells
prerank,Reactome_2022__Processive Synthesis On Lagging Strand R-HSA-69183,0.5825738937487804,0.9006255389036294,0.6594090202177294,0.9067561974104132,1.0,5/15,10.27%,RPA3;PRIM2;PCNA;POLR1A;POLA1,T cells
prerank,"Reactome_2022__Inactivation, Recovery And Regulation Of Phototransduction Cascade R-HSA-2514859",0.5269209853597814,0.9001409964785769,0.624113475177305,0.9066074136025297,1.0,6/30,6.62%,CALM1;PRKCA;METAP2;NMT1;PRKCQ;GNB5,T cells
prerank,Reactome_2022__Regulation Of Localization Of FOXO Transcription Factors R-HSA-9614399,0.6053077419104826,0.8994930249089699,0.6656050955414012,0.9067892640309206,1.0,3/12,1.81%,YWHAB;YWHAQ;YWHAZ,T cells
prerank,Reactome_2022__Sema4D In Semaphorin Signaling R-HSA-400685,-0.4832110421691121,-0.8991001116422376,0.6081081081081081,1.0,1.0,7/24,3.56%,RHOC;RHOA;ARHGAP35;LIMK2;ROCK1;ROCK2;LIMK1,T cells
prerank,Reactome_2022__Interferon Gamma Signaling R-HSA-877300,0.46898547428473675,0.8983988337587243,0.6616541353383458,0.9078597395162601,1.0,23/86,6.05%,IFNG;HLA-DRB1;HLA-DPA1;GBP1;GBP4;GBP2;HLA-DRA;STAT1;SUMO1;PIAS1;TRIM14;IRF7;PTPN11;TRIM26;HLA-DQA1;MT2A;GBP5;OAS2;OASL;IRF4;HLA-A;TRIM2;PTPN1,T cells
prerank,Reactome_2022__Advanced Glycosylation Endproduct Receptor Signaling R-HSA-879415,-0.5466941593426747,-0.8981158558878927,0.606951871657754,1.0,1.0,3/13,1.11%,CAPZA1;HMGB1;MAPK1,T cells
prerank,Reactome_2022__Dermatan Sulfate Biosynthesis R-HSA-2022923,0.6049140021621653,0.8978632702881313,0.6503067484662577,0.9078036703808666,1.0,3/11,20.22%,BGN;UST;CHST14,T cells
prerank,Reactome_2022__Intra-Golgi And Retrograde Golgi-to-ER Traffic R-HSA-6811442,0.4342985086130621,0.897793011186017,0.705950991831972,0.9068324595469445,1.0,52/181,10.92%,DYNLL1;NAA38;COPB1;TMED9;COPA;CAPZA2;DCTN1;CAPZB;NAPG;PAFAH1B3;RAB6A;MAN1A1;GCC2;TMED2;KIF12;KIF13B;SEC22B;UBE2Z;VPS51;AGPAT3;COPG1;GOSR1;COG5;ARFGAP3;RAB43;DYNC1LI1;TMF1;PAFAH1B2;DCTN4;SCOC;ARF3;COPB2;ACTR1A;SYS1;BICD1;DCTN3;ARFGAP1;ZW10;KIF11;KIF3A;RACGAP1;GOLIM4;VPS52;PLIN3;CENPE;RAB33B;GOLGA1;USP6NL;KIF1C;NAA30;KIF27;PLA2G6,T cells
prerank,Reactome_2022__RAC3 GTPase Cycle R-HSA-9013423,-0.39661585881265005,-0.8973468838044462,0.6378378378378379,1.0,1.0,14/92,6.13%,NCF1;PIK3R1;WASF2;ARHGAP35;NCOA3;SNAP23;YKT6;LAMTOR1;ARHGAP17;EMD;TMPO;GIT2;ARHGAP1;PREX1,T cells
prerank,Reactome_2022__Signaling By BRAF And RAF1 Fusions R-HSA-6802952,0.48045739670405596,0.8968127545528537,0.6438896189224704,0.9076162271208008,1.0,15/62,7.26%,PEBP1;AKAP9;YWHAB;FXR1;AP3B1;CALM1;MAP2K1;ATG7;MAPK3;LMNA;KDM7A;ARAF;KSR1;MARK3;CAMK2D,T cells
prerank,Reactome_2022__Free Fatty Acids Regulate Insulin Secretion R-HSA-400451,-0.556596871953489,-0.8960014513131033,0.58311345646438,1.0,1.0,2/11,4.79%,PLCB1;PLCB2,T cells
prerank,Reactome_2022__CD28 Co-Stimulation R-HSA-389356,0.518735849614581,0.895341503214748,0.6304347826086957,0.9094487776394692,1.0,6/34,4.00%,LCK;LYN;YES1;PIK3CA;GRAP2;PKN2,T cells
prerank,Reactome_2022__Non-integrin membrane-ECM Interactions R-HSA-3000171,-0.4400355945432315,-0.8951427266505384,0.6233766233766234,1.0,1.0,3/41,2.58%,TGFB1;CASK;ITGAV,T cells
prerank,Reactome_2022__Senescence-Associated Secretory Phenotype (SASP) R-HSA-2559582,0.49561088729899483,0.895126761091984,0.6558265582655827,0.908747582476382,1.0,19/52,7.37%,UBB;EHMT1;UBE2S;UBC;CDC26;CDK6;ANAPC5;ANAPC11;UBA52;MAPK3;IGFBP7;UBE2E1;ANAPC4;NFKB1;UBE2C;RPS27A;FZR1;CDC16;ANAPC2,T cells
prerank,Reactome_2022__Neurotransmitter Release Cycle R-HSA-112310,0.4908535011947708,0.8950205931712178,0.6479663394109397,0.9078218109589499,1.0,12/50,15.51%,HSPA8;ARL6IP5;VAMP2;SLC38A2;SLC6A13;SLC22A2;MAOA;LIN7B;ABAT;NAAA;GAD1;SLC6A12,T cells
prerank,Reactome_2022__Removal Of Flap Intermediate R-HSA-69166,0.5832013397034153,0.8947477322301688,0.6692667706708268,0.907245494255967,1.0,5/14,10.27%,RPA3;PRIM2;PCNA;POLR1A;POLA1,T cells
prerank,Reactome_2022__Diseases Associated With TLR Signaling Cascade R-HSA-5602358,-0.4555728861402684,-0.8941581153785229,0.6378205128205128,1.0,1.0,8/31,10.71%,HMGB1;RELA;IRAK4;TLR6;IKBKB;NFKBIA;MYD88;TLR10,T cells
prerank,Reactome_2022__Retrograde Transport At Trans-Golgi-Network R-HSA-6811440,0.4905205232937063,0.8934792729502622,0.666214382632293,0.9086635277939065,1.0,15/48,10.70%,NAA38;NAPG;RAB6A;GCC2;VPS51;COG5;RAB43;TMF1;SCOC;SYS1;VPS52;PLIN3;GOLGA1;USP6NL;NAA30,T cells
prerank,Reactome_2022__Metabolism Of Cofactors R-HSA-8978934,-0.5188108599673075,-0.89291268787196,0.6253602305475504,1.0,1.0,4/19,3.58%,HSP90AA1;AKT1;COQ7;GCHFR,T cells
prerank,Reactome_2022__Impaired BRCA2 Binding To PALB2 R-HSA-9709603,-0.47481159001479173,-0.8919814659285488,0.6006389776357828,1.0,1.0,1/24,0.06%,ATM,T cells
prerank,Reactome_2022__Transcriptional Regulation Of White Adipocyte Differentiation R-HSA-381340,-0.38800135283177384,-0.8918656124733898,0.679144385026738,1.0,1.0,12/84,3.76%,TGFB1;MED15;MED10;NCOA3;CEBPB;MED16;CDK4;RELA;EP300;THRAP3;LIN9;MED8,T cells
prerank,Reactome_2022__Cell-Cell Communication R-HSA-1500931,-0.37703897719776164,-0.8914816967473372,0.7049180327868853,1.0,1.0,16/119,5.79%,PIK3R1;PLEC;SKAP2;ARHGEF6;CASK;FLNA;GRB2;VASP;TYROBP;PATJ;FYN;PTK2B;CD47;CD2AP;CTNNB1;PIK3CB,T cells
prerank,Reactome_2022__Signaling By FLT3 ITD And TKD Mutants R-HSA-9703648,-0.5322424766494731,-0.8910892784046976,0.5888594164456233,1.0,1.0,5/15,6.52%,PIK3R1;STAT5A;GRB2;CDKN1A;HRAS,T cells
prerank,Reactome_2022__CLEC7A (Dectin-1) Induces NFAT Activation R-HSA-5607763,0.6118074248790348,0.890854706981908,0.685126582278481,0.9129328151827957,1.0,3/11,3.67%,NFATC2;CALM1;NFATC1,T cells
prerank,Reactome_2022__Meiosis R-HSA-1500620,0.4861388176329107,0.8907478631772779,0.6684491978609626,0.9120037629885203,1.0,22/57,12.25%,RPA3;SMC3;SYNE2;UBE2I;MRE11;POT1;LMNA;BLM;RAD51C;RAD50;HSPA2;RBBP8;TERF1;POLR1A;TERF2IP;ACD;RAD21;BRCA2;SYNE1;REC8;TINF2;TERF2,T cells
prerank,Reactome_2022__Elevation Of Cytosolic Ca2+ Levels R-HSA-139853,-0.5486248044394285,-0.8906949709846376,0.6005221932114883,1.0,1.0,6/15,11.22%,ITPR3;ITPR2;STIM1;TRPC3;ORAI2;ORAI1,T cells
prerank,Reactome_2022__Polymerase Switching On C-strand Of Telomere R-HSA-174411,0.5334931413244501,0.8905367483726093,0.6366279069767442,0.9112724882913786,1.0,13/25,14.17%,PRIM2;PCNA;POT1;RFC4;TERF1;TERF2IP;ACD;CTC1;POLA1;RFC2;TINF2;TERF2;RFC5,T cells
prerank,Reactome_2022__NR1H3 And NR1H2 Regulate Gene Expression Linked To Cholesterol Transport And Efflux R-HSA-9029569,0.5132714391043364,0.8904452101339115,0.6428571428571429,0.9103250695116755,1.0,17/36,15.32%,NCOA1;NCOR1;RXRA;TBL1XR1;APOE;HDAC3;TNRC6B;TBL1X;ABCG1;MOV10;AGO4;KDM4A;AGO1;AGO3;KDM1B;RXRB;EEPD1,T cells
prerank,Reactome_2022__MAP2K And MAPK Activation R-HSA-5674135,0.5110780783238432,0.8900905445000757,0.6487252124645893,0.9099449206184442,1.0,9/37,7.04%,PEBP1;YWHAB;LAMTOR3;MAP2K1;MAPK3;ARAF;KSR1;LAMTOR2;MARK3,T cells
prerank,Reactome_2022__Formation Of HIV Elongation Complex In Absence Of HIV Tat R-HSA-167152,0.48954244566299665,0.8897696023275967,0.6414073071718539,0.9094243235419055,1.0,20/45,10.70%,POLR2K;NELFB;POLR2C;CCNT1;POLR2I;GTF2F1;NCBP2;TCEA1;GTF2H2;GTF2H4;POLR2L;ELOA;SUPT4H1;CCNK;CCNT2;POLR2G;ERCC3;SUPT16H;ELOC;POLR2J,T cells
prerank,Reactome_2022__Activation Of AMPK Downstream Of NMDARs R-HSA-9619483,0.6138958444472128,0.8894626013957421,0.6944908180300501,0.9089409831786102,1.0,3/10,6.40%,CALM1;PRKAA2;PRKAG1,T cells
prerank,Reactome_2022__RUNX1 Regulates Genes Involved In Megakaryocyte Differentiation And Platelet Function R-HSA-8936459,-0.4360936044287977,-0.889424797517652,0.6219081272084805,1.0,1.0,9/37,6.25%,KMT2A;KMT2E;RUNX1;TNRC6C;EP300;RBBP5;DPY30;KAT2B;ZFPM1,T cells
prerank,Reactome_2022__PRC2 Methylates Histones And DNA R-HSA-212300,0.5851347816197537,0.889320070125556,0.6298600311041991,0.9081115584215738,1.0,7/13,12.22%,MTF2;EZH2;PHF1;JARID2;EED;RBBP7;AEBP2,T cells
prerank,Reactome_2022__Hyaluronan Metabolism R-HSA-2142845,0.5718763131130447,0.8889439853067028,0.6604938271604939,0.9077599345154822,1.0,5/16,13.60%,HEXA;CHORDC1;ABCC5;GUSB;HMMR,T cells
prerank,Reactome_2022__Pexophagy R-HSA-9664873,0.6068795378575395,0.8888401892409284,0.6880597014925374,0.9068464060874896,1.0,6/11,6.11%,UBB;UBC;NBR1;UBA52;SQSTM1;RPS27A,T cells
prerank,Reactome_2022__RHO GTPase Cycle R-HSA-9012999,0.41424816725462676,0.8885439128598074,0.7963752665245203,0.9063089601081294,1.0,157/438,14.06%,LCK;RHOH;NSFL1C;HSP90AB1;DIAPH1;VCP;C1QBP;HSPE1;CKB;RBBP6;CCDC115;NDUFA5;SPTAN1;PICALM;CCT6A;CAPZB;LMAN1;KTN1;ATP6AP1;MTMR1;SLC4A7;RAC2;ACTG1;MYO9A;DOCK11;LBR;BRK1;HMOX2;WIPF2;LETM1;TUBA1B;CCT2;NDUFS3;PIK3CA;TXNL1;PEAK1;FARP1;ARHGAP26;SRGAP2;ITGB1;ACBD5;NIPSNAP2;HINT2;VAV3;GIT1;ERBIN;ANKLE2;EMC3;DBT;PKN2;TAOK3;JUP;PKP4;ARHGAP29;SLC1A5;CYFIP2;ARFGAP3;ARHGEF18;KCTD13;MYO6;FMNL1;ARHGAP24;WHAMM;REPS1;JAG1;ARAP1;ECT2;UACA;KIDINS220;RHOU;DSG2;FAM13A;SPTBN1;FAM135A;GPS1;OSBPL11;RNF20;FNBP1;NCKAP1;TJP2;FGD4;ITSN1;WASL;CDC37;RACGAP1;FARP2;STK10;SHMT2;CYBA;DOCK5;MAP3K11;WWP2;FNBP1L;SOS1;ARHGEF7;SPATA13;CCP110;KCTD3;AMIGO2;ARHGAP30;ARHGAP12;CUL3;PIK3R2;CDC42BPA;PGRMC2;TWF1;ARHGAP21;ARHGEF10;FERMT2;DOCK1;SWAP70;ARHGEF39;SLK;DDRGK1;ELMO2;SAMM50;IQGAP1;ABI2;ABL2;IL32;ARHGEF28;RHOB;FAM91A1;DHDDS;PLXNB1;RHOD;ARHGEF3;CSK;WDR91;MYO9B;PTPN13;SHKBP1;STIP1;CCT7;ALDH3A2;TRIO;CDC42BPB;LRRC1;ARAP2;ARHGAP31;TMOD3;LEMD3;STK38;WIPF1;OPHN1;ARHGEF11;ARHGAP11B;SH3PXD2A;KIF14;CAVIN1;HGS;RAB7A;NCK1;LMNB1;ABCD3;ACTN1;ANKFY1,T cells
prerank,Reactome_2022__G Beta:Gamma Signaling Thru PI3Kgamma R-HSA-392451,-0.482503792495883,-0.8873137844694186,0.5950155763239875,1.0,1.0,8/25,4.94%,RHOA;GNB2;AKT2;AKT1;PIK3CG;AKT3;GNB1;GNGT2,T cells
prerank,Reactome_2022__SARS-CoV-1 Infection R-HSA-9678108,0.48462262247061366,0.8872545782780146,0.6653333333333333,0.907882011200958,1.0,20/50,10.84%,UBB;PARP14;UBC;VCP;RB1;SUMO1;CANX;UBE2I;UBA52;ST6GAL1;MOGS;RPS27A;CHMP2B;UVRAG;GANAB;ST3GAL1;TMPRSS2;PARP16;PARP10;ST6GALNAC3,T cells
prerank,Reactome_2022__Signaling By FGFR2 IIIa TM R-HSA-8851708,0.5507769087302594,0.8862164384516515,0.6568483063328424,0.908788677941303,1.0,6/19,5.41%,POLR2K;POLR2C;POLR2I;GTF2F1;NCBP2;POLR2L,T cells
prerank,Reactome_2022__Semaphorin Interactions R-HSA-373755,-0.40560800264326163,-0.884864581177085,0.6541666666666667,1.0,1.0,13/64,3.56%,HSP90AA1;RHOC;RHOA;ARHGAP35;TYROBP;LIMK2;FES;PLXNA3;ITGA1;ROCK1;ROCK2;FYN;LIMK1,T cells
prerank,Reactome_2022__Platelet Homeostasis R-HSA-418346,0.45540646296928816,0.8848186656414466,0.6814621409921671,0.9105595559823414,1.0,18/82,11.09%,GNG5;CALM1;PPP2CB;PTPN11;PPP2R5C;ATP2B4;PPP2R1B;GNB5;P2RX4;PPP2R5A;ATP2A2;GNAS;GNG11;SRI;PPP2R5B;PECAM1;GNG7;P2RX7,T cells
prerank,Reactome_2022__Reduction Of Cytosolic Ca++ Levels R-HSA-418359,0.5949594457943024,0.8848145111907133,0.6666666666666666,0.9094595508299749,1.0,4/11,9.53%,CALM1;ATP2B4;ATP2A2;SRI,T cells
prerank,Reactome_2022__Downregulation Of ERBB2 Signaling R-HSA-8863795,0.5168671606630063,0.8845762782694596,0.6592797783933518,0.9088246964593916,1.0,10/29,8.48%,UBB;UBC;EGF;UBA52;ERBIN;RPS27A;CUL5;EGFR;CDC37;ERBB4,T cells
prerank,Reactome_2022__Platelet Aggregation (Plug Formation) R-HSA-76009,-0.45251371983405986,-0.8835756733483511,0.6797385620915033,1.0,1.0,7/36,4.43%,RAP1B;GRB2;SYK;APBB1IP;AKT1;RAP1A;CRK,T cells
prerank,Reactome_2022__RNA Polymerase III Abortive And Retractive Initiation R-HSA-749476,0.4910121022467432,0.8835488504051492,0.6657303370786517,0.9097705261375262,1.0,14/39,10.78%,POLR2K;GTF3C6;CRCP;SSB;POLR2L;NFIA;NFIB;GTF3C4;POLR3E;ZNF143;POLR3C;SNAPC2;SNAPC1;POLR3H,T cells
prerank,Reactome_2022__Phototransduction Cascade R-HSA-2514856,0.5168988048080206,0.8834338121435508,0.6523605150214592,0.9088818590005318,1.0,7/31,9.32%,CALM1;PRKCA;METAP2;NMT1;PRKCQ;GNB5;SLC24A1,T cells
prerank,MSigDB_Hallmark_2020__p53 Pathway,0.42609499716365457,0.883287391763731,0.7290470723306545,0.8772257824962869,1.0,60/196,9.58%,S100A10;RPS12;LDHB;RACK1;NINJ1;SAT1;BAX;BTG2;FAM162A;PMM1;EI24;RPL18;RCHY1;RB1;APP;MAPKAPK3;ELP1;EPS8L2;TAP1;DDIT3;KIF13B;HINT1;PCNA;PPP1R15A;RAP2B;PERP;CGRRF1;NUPR1;CTSF;MKNK2;DCXR;CYFIP2;RAD51C;ABCC5;TAX1BP3;ERCC5;RXRA;ISCU;CCND3;SLC3A2;RPS27L;ZMAT3;PLXNB2;HDAC3;ADA;NOTCH1;CCNK;TRIAP1;TRAFD1;ZFP36L1;IP6K2;CCP110;SDC1;DNTTIP2;TOB1;CCND2;IRAK1;POLH;RPL36;ACVR1B,T cells
prerank,Reactome_2022__Expression And Translocation Of Olfactory Receptors R-HSA-9752946,0.4107843151817986,0.8820128947263602,0.7704569606801275,0.9105026883190813,1.0,4/377,26.23%,OR4D1;OR2A7;OR3A2;REEP1,T cells
prerank,Reactome_2022__Mismatch Repair (MMR) Directed By MSH2:MSH6 (MutSalpha) R-HSA-5358565,0.5739138563209717,0.8817692066785994,0.6607142857142857,0.9098578539619282,1.0,5/14,8.02%,RPA3;PCNA;MSH6;MSH2;POLR1A,T cells
prerank,MSigDB_Hallmark_2020__Mitotic Spindle,0.42699230935229526,0.881726641562855,0.735593220338983,0.856566604629273,1.0,87/199,15.28%,SSH2;UXT;TUBA4A;CDK5RAP2;RASA2;SPTAN1;ARF6;SMC3;CAPZB;PCM1;RANBP9;RALBP1;CEP57;FARP1;APC;RABGAP1;SMC4;STK38L;CKAP5;BIN1;RHOT2;ARHGAP29;HOOK3;TAOK2;ECT2;SORBS2;PDLIM5;TUBD1;SPTBN1;BCR;FLNB;CENPJ;LATS1;PXN;MYH9;FGD4;ITSN1;KIF11;PALLD;WASL;RACGAP1;PPP4R2;MAP3K11;SOS1;ARHGEF7;DLG1;CENPE;TPX2;TBCD;ACTN4;NUSAP1;PKD2;CDC42BPA;CTTN;CCNB2;BRCA2;RASA1;EPB41L2;CDK1;TUBGCP5;TTK;BIRC5;PLK1;ARHGEF3;BCL2L11;MYO9B;MAP1S;TOP2A;ARFIP2;TRIO;CLIP2;KIF4A;OPHN1;ARHGEF11;RFC1;KATNA1;NCK1;LMNB1;MARK4;CDC27;MYH10;CENPF;HDAC6;NDC80;LRPPRC;GEMIN4;AURKA,T cells
prerank,Reactome_2022__Nonhomologous End-Joining (NHEJ) R-HSA-5693571,0.5045184777325903,0.881334966093049,0.6661870503597123,0.9095969749271601,1.0,10/34,6.19%,XRCC5;UIMC1;XRCC6;TDP2;MRE11;DCLRE1C;UBE2N;BRCC3;XRCC4;RAD50,T cells
prerank,Reactome_2022__Downstream Signaling Of Activated FGFR1 R-HSA-5654687,-0.45029436799349265,-0.8807929369448435,0.6253776435045317,1.0,1.0,4/30,6.79%,PIK3R1;GRB2;HRAS;SHC1,T cells
prerank,Reactome_2022__Golgi Cisternae Pericentriolar Stack Reorganization R-HSA-162658,0.5754050590109766,0.8807368850230802,0.6611694152923538,0.9097225771982124,1.0,8/14,11.48%,RAB2A;MAPK3;GOLGA2;BLZF1;CCNB2;CDK1;CCNB1;PLK1,T cells
prerank,Reactome_2022__Signaling By Cytosolic FGFR1 Fusion Mutants R-HSA-1839117,-0.5151560953874161,-0.8806086799590597,0.5909090909090909,1.0,1.0,5/16,1.28%,PIK3R1;STAT5A;STAT3;GRB2;CNTRL,T cells
prerank,Reactome_2022__Downstream Signal Transduction R-HSA-186763,-0.4734236395824233,-0.8803400398048055,0.6111111111111112,1.0,1.0,10/28,7.18%,PIK3R1;STAT5A;STAT3;GRB2;CRKL;CRK;PIK3CB;HRAS;SYNGAP1;NCK2,T cells
prerank,Reactome_2022__Signal Amplification R-HSA-392518,0.50457918230111,0.8794944297739222,0.6779184247538678,0.9109987907106548,1.0,8/33,12.28%,GNG5;GNAQ;GNAI3;GNB5;GNG11;GNAI1;GNG7;GNG2,T cells
prerank,MSigDB_Hallmark_2020__Estrogen Response Early,0.4236411152755971,0.8784983471695941,0.7437070938215103,0.8405482157166794,1.0,72/200,15.45%,FKBP4;BAG1;AMFR;FCMR;B4GALT1;ARL3;MED13L;KRT18;AFF1;TIPARP;KRT8;FARP1;UGCG;PMAIP1;NXT1;GLA;PDZK1;SH3BP5;CLDN7;KRT19;MUC1;HES1;NADSYN1;MED24;MYC;RAB17;IL6ST;AQP3;FLNB;INPP5F;RBBP8;MAST4;SLC37A1;BLVRB;ADCY9;IGF1R;TGIF2;CCND1;TOB1;FAM102A;CHPT1;SLC39A6;DEPTOR;SVIL;SCNN1A;AKAP1;IGFBP4;JAK2;ELOVL5;MPPED2;RHOD;WWC1;CA12;FDFT1;ABAT;SLC16A1;CELSR2;FOXC1;SIAH2;ASB13;TBC1D30;DHCR7;KDM4B;NBL1;OVOL2;ABCA3;MINDY1;EGR3;ELF3;KLF10;SEMA3B;ALDH3B1,T cells
prerank,Reactome_2022__Plasma Lipoprotein Remodeling R-HSA-8963899,0.5129677060359253,0.87816674177923,0.6816901408450704,0.9124715474012907,1.0,5/33,8.02%,MBTPS1;PCSK5;P4HB;APOE;ABCG1,T cells
prerank,Reactome_2022__Mitotic Telophase/Cytokinesis R-HSA-68884,0.5702472562514461,0.8772157675361889,0.676923076923077,0.913210942028982,1.0,5/13,11.48%,SMC3;WAPL;PDS5B;RAD21;PLK1,T cells
prerank,Reactome_2022__Nucleotide Salvage R-HSA-8956321,0.534040424748047,0.8762968514357165,0.6701337295690936,0.9137871471916227,1.0,5/23,7.27%,APRT;HPRT1;UCK1;SCO2;ADA,T cells
prerank,Reactome_2022__Diseases Associated With Glycosaminoglycan Metabolism R-HSA-3560782,0.48489136148454376,0.8754080142463233,0.6634746922024624,0.9144256657071389,1.0,13/40,16.75%,B4GALT1;HEXA;B3GAT3;SDC1;HSPG2;SDC2;AGRN;ST3GAL3;SDC3;BGN;PAPSS2;GPC3;SDC4,T cells
prerank,Reactome_2022__Peroxisomal Protein Import R-HSA-9033241,0.4653804680273913,0.8749475196224118,0.6874189364461738,0.9142329012193503,1.0,13/63,8.92%,UBB;UBC;LONP2;ECH1;UBA52;NUDT7;GSTK1;IDH1;IDE;RPS27A;EPHX2;PEX26;UBE2D1,T cells
prerank,Reactome_2022__Activation Of HOX Genes During Differentiation R-HSA-5619507,-0.39924455458561126,-0.8739687114649856,0.7261904761904762,1.0,1.0,12/62,4.82%,JUN;NCOA3;EP300;HOXB2;RBBP5;POLR2A;POLR2F;CTCF;POLR2D;POLR2E;CNOT9;PAXIP1,T cells
prerank,Reactome_2022__mTORC1-mediated Signaling R-HSA-166208,0.5298128353700347,0.8738341417790968,0.6580829756795422,0.9153479181657238,1.0,12/24,12.40%,YWHAB;EIF4E;RPS6;LAMTOR3;LAMTOR5;LAMTOR2;RRAGB;RHEB;AKT1S1;RRAGA;EIF4G1;EEF2K,T cells
prerank,Reactome_2022__Synthesis Of PE R-HSA-1483213,0.5829971890856576,0.8736498094977887,0.6857142857142857,0.9146169245744191,1.0,5/13,13.72%,ETNK1;CEPT1;LPIN1;CHKB;LPIN3,T cells
prerank,Reactome_2022__HATs Acetylate Histones R-HSA-3214847,-0.39301086036581656,-0.873459900165556,0.7162162162162162,1.0,1.0,23/77,6.19%,SUPT20H;ATXN7;EPC1;TADA3;EP400;ING4;KAT6A;MRGBP;DR1;KANSL2;TADA2B;ATXN7L3;ING3;MSL2;EP300;BRD8;KDELR2;KAT6B;HAT1;CLOCK;MORF4L2;TADA2A;KAT2B,T cells
prerank,Reactome_2022__Nuclear Signaling By ERBB4 R-HSA-1251985,0.5096117303756529,0.8731448932217837,0.6746987951807228,0.9144686148679816,1.0,10/32,11.66%,STMN1;PSEN1;ADAM17;NCOR1;PSENEN;WWOX;APOE;ERBB4;ADAP1;YAP1,T cells
prerank,Reactome_2022__RHOG GTPase Cycle R-HSA-9013408,0.45794324306919953,0.8731015522811941,0.6920152091254753,0.9134470817671958,1.0,22/73,10.48%,HSPE1;NDUFA5;LMAN1;KTN1;LBR;LETM1;NDUFS3;ITGB1;VAV3;ERBIN;ANKLE2;PKN2;ARFGAP3;DSG2;ITSN1;SHMT2;DOCK5;MAP3K11;PGRMC2;ARHGAP21;DOCK1;ELMO2,T cells
prerank,Reactome_2022__Inactivation Of CSF3 (G-CSF) Signaling R-HSA-9705462,0.5345344493310782,0.872985583706882,0.6870451237263464,0.9126164418963572,1.0,10/25,9.78%,UBB;UBC;LYN;STAT1;UBA52;STAT5B;RPS27A;CUL5;UBE2D1;ELOC,T cells
prerank,Reactome_2022__GPER1 Signaling R-HSA-9634597,0.4814166812247546,0.8724574328851606,0.6621438263229308,0.9126064217627952,1.0,10/43,10.77%,GNG5;GNAI3;ITGB1;PRKCA;GNB5;ADCY9;GNAS;GNG11;GNAI1;GNG7,T cells
prerank,Reactome_2022__Glutathione Synthesis And Recycling R-HSA-174403,-0.5373917473848875,-0.8718714383909135,0.6299435028248588,1.0,1.0,2/12,4.24%,GCLM;GCLC,T cells
prerank,Reactome_2022__Signaling By Erythropoietin R-HSA-9006335,-0.48638532513123534,-0.8714452411065425,0.6489028213166145,1.0,1.0,9/24,6.79%,PIK3R1;STAT5A;GRB2;CLSTN1;PIK3CG;CRKL;PIK3CB;HRAS;SHC1,T cells
prerank,Reactome_2022__Cytochrome C-Mediated Apoptotic Response R-HSA-111461,0.5718872977160634,0.8710407676449586,0.6872037914691943,0.9141519005988947,1.0,5/13,6.52%,CYCS;APIP;MAPK3;CASP3;UACA,T cells
prerank,Reactome_2022__SHC1 Events In ERBB4 Signaling R-HSA-1250347,-0.5232021052043877,-0.8707249890393203,0.6456043956043956,1.0,1.0,3/13,6.79%,GRB2;HRAS;SHC1,T cells
prerank,Reactome_2022__SUMOylation Of Immune Response Proteins R-HSA-4755510,0.5878493072911621,0.8705951069578034,0.6998368678629691,0.9139047142674482,1.0,5/11,10.49%,SUMO1;UBE2I;IKBKE;NFKB2;PIAS4,T cells
prerank,"Reactome_2022__Defective EXT1 Causes Exostoses 1, TRPS2 And CHDS R-HSA-3656253",0.5733468231605116,0.8705700912293085,0.6768,0.9128539729669851,1.0,11/13,25.84%,SDC1;HSPG2;SDC2;AGRN;SDC3;GPC3;SDC4;GPC1;GPC6;GPC2;GPC4,T cells
prerank,"Reactome_2022__Gamma Carboxylation, Hypusine Formation And Arylsulfatase Activation R-HSA-163841",-0.43825669309075593,-0.8702772816035395,0.6773049645390071,1.0,1.0,10/41,8.50%,EEF2;DPH3;FURIN;TPST2;SUMF2;DOHH;SUMF1;EIF5A2;DHPS;STS,T cells
prerank,Reactome_2022__TNFs Bind Their Physiological Receptors R-HSA-5669034,0.5116414673969027,0.8689731425604557,0.6876790830945558,0.9146887381483144,1.0,7/29,9.92%,CD27;TNFSF14;TNFRSF25;TNFRSF9;CD70;TNFRSF14;TNFRSF11B,T cells
prerank,Reactome_2022__PI3K/AKT Signaling In Cancer R-HSA-2219528,0.44097921538304746,0.8688445540629199,0.7040690505548706,0.9138343545079705,1.0,20/105,11.12%,LCK;TRAT1;CREB1;RAC2;EGF;PIK3CA;PTPN11;BAD;KL;EGFR;CHUK;ERBB4;SOS1;FGFR3;MAPKAP1;AKT1S1;PIK3R2;NR4A1;FGFR1;IRS2,T cells
prerank,Reactome_2022__NOTCH2 Intracellular Domain Regulates Transcription R-HSA-2197563,-0.5538547486095182,-0.8671067968379916,0.6417112299465241,1.0,1.0,6/11,8.43%,RBPJ;GZMB;EP300;NOTCH2;MAML2;MAML3,T cells
prerank,Reactome_2022__Translation Of Replicase And Assembly Of Replication Transcription Complex R-HSA-9679504,-0.542204768278175,-0.8669579106244161,0.6339522546419099,1.0,1.0,3/11,4.88%,PIK3C3;MAP1LC3B;CHMP2A,T cells
prerank,Reactome_2022__Activation Of TFAP2 (AP-2) Family Of Transcription Factors R-HSA-8866907,0.5852419167952059,0.8661064848626331,0.7161084529505582,0.9179138346660023,1.0,7/12,19.66%,CREBBP;WWOX;YEATS4;CITED4;TFAP2A;TFAP2E;TFAP2B,T cells
prerank,Reactome_2022__Signaling By CSF3 (G-CSF) R-HSA-9674555,0.513167018202473,0.8659066509258995,0.680731364275668,0.917157373748112,1.0,7/30,3.26%,UBB;UBC;LYN;STAT1;UBA52;STAT5B;PTPN11,T cells
prerank,Reactome_2022__MyD88-independent TLR4 Cascade R-HSA-166166,0.43645809739848623,0.8654221139415441,0.7234803337306317,0.9169441387086953,1.0,40/106,9.80%,UBB;UBC;CREB1;TANK;APP;MAPKAPK3;MAP2K1;UBA52;IRF7;MAPK3;PPP2CB;PTPN11;NLRC5;BIRC3;UBE2N;TNIP2;FBXW11;PPP2R1B;IKBKE;FADD;TRAF3;NFKB1;AGER;RPS27A;MAPK8;MAP2K6;LRRC14;SKP1;NKIRAS2;USP18;TICAM1;CHUK;DUSP3;UBE2D1;IRF3;IRAK1;CUL1;RPS6KA5;NFKB2;TRAF6,T cells
prerank,Reactome_2022__Mitochondrial tRNA Aminoacylation R-HSA-379726,0.5514380375331619,0.8653645830699016,0.6948640483383686,0.9159521058704628,1.0,7/18,10.93%,RARS2;WARS2;IARS2;SARS2;LARS2;VARS2;YARS2,T cells
prerank,Reactome_2022__Gene Silencing By RNA R-HSA-211000,0.4511260573972288,0.8646845841712175,0.7215189873417721,0.9161497364385771,1.0,31/79,14.45%,POLR2K;TPR;NUP210;POLR2C;POLR2I;NUP88;NUP214;NDC1;IPO8;POLR2L;PRKRA;DICER1;NUP205;TNRC6B;NUP37;NUP107;NUP133;NUP54;NUP188;POLR2G;POM121;AGO4;POLR2J;NUP42;DGCR8;AGO1;NUP155;AGO3;SEH1L;XPO5;BCDIN3D,T cells
prerank,Reactome_2022__Defective HDR Thru Homologous Recombination (HRR) Due To BRCA1 Loss-Of-Function R-HSA-9701192,-0.460875323585299,-0.8643243081873363,0.6580645161290323,1.0,1.0,1/25,0.06%,ATM,T cells
prerank,Reactome_2022__Gap Junction Assembly R-HSA-190861,0.5604022488060506,0.8637521456582796,0.7026194144838213,0.9168355182552804,1.0,4/16,23.89%,GJA5;GJA4;GJB7;GJA1,T cells
prerank,Reactome_2022__RHOBTB2 GTPase Cycle R-HSA-9013418,-0.46444079632721513,-0.8636856874189268,0.6538461538461539,1.0,1.0,7/23,2.33%,HSP90AA1;SRRM1;PHIP;RBMX;TRA2B;HNRNPC;DDX39B,T cells
prerank,Reactome_2022__Formation Of beta-catenin:TCF Transactivating Complex R-HSA-201722,0.5115765011586536,0.863296756488368,0.6979768786127167,0.9165804565618317,1.0,15/30,13.96%,RUVBL1;SMARCA4;HDAC1;CREBBP;ASH2L;TCF7L2;MYC;TLE1;TRRAP;TLE4;CDC73;PYGO2;BCL9;KAT5;RUNX3,T cells
prerank,"Reactome_2022__PI5P, PP2A And IER3 Regulate PI3K/AKT Signaling R-HSA-6811558",0.4364296721645911,0.8628528262374813,0.7307692307692307,0.9163463068398192,1.0,22/106,11.12%,LCK;TRAT1;RAC2;EGF;PIK3CA;MAPK3;PPP2CB;PTPN11;PPP2R5C;PPP2R1B;KL;EGFR;PPP2R5A;ERBB4;SOS1;FGFR3;IRAK1;PIK3R2;TRAF6;PPP2R5B;FGFR1;IRS2,T cells
prerank,Reactome_2022__Signaling By Activin R-HSA-1502540,0.5557226214251487,0.8620175871262589,0.6856702619414484,0.9168164211392827,1.0,4/15,10.52%,DRAP1;MAPK3;ACVR1B;ACVR2A,T cells
prerank,Reactome_2022__Signaling By EGFR In Cancer R-HSA-1643713,0.5249937628775485,0.8617621669342527,0.6788856304985337,0.9161937407376796,1.0,11/24,9.17%,UBB;UBC;EGF;PIK3CA;UBA52;RPS27A;CBL;EGFR;CDC37;SOS1;PLCG1,T cells
prerank,Reactome_2022__GAG Synthesis Requires Tetrasaccharide Linker Sequence R-HSA-1971475,0.5129660334923472,0.8614934719243937,0.7037593984962406,0.9156319758561665,1.0,11/26,16.75%,B3GAT1;B3GAT3;SDC1;HSPG2;SDC2;AGRN;B3GAT2;SDC3;BGN;GPC3;SDC4,T cells
prerank,Reactome_2022__Constitutive Signaling By AKT1 E17K In Cancer R-HSA-5674400,-0.4558409867055771,-0.8614591362188374,0.6583850931677019,1.0,1.0,10/26,7.31%,CDKN1B;AKT2;AKT1;MTOR;AKT3;RPS6KB2;CDKN1A;FOXO1;RICTOR;MLST8,T cells
prerank,Reactome_2022__COPI-dependent Golgi-to-ER Retrograde Traffic R-HSA-6811434,0.44773003152031826,0.8611761854944407,0.6967741935483871,0.915152391620857,1.0,19/78,8.69%,COPB1;TMED9;COPA;NAPG;TMED2;KIF12;KIF13B;SEC22B;UBE2Z;COPG1;ARFGAP3;ARF3;COPB2;ARFGAP1;ZW10;KIF11;KIF3A;RACGAP1;CENPE,T cells
prerank,Reactome_2022__SHC-mediated cascade:FGFR1 R-HSA-5654688,-0.4775719182745165,-0.8611641949140375,0.6373937677053825,1.0,1.0,3/20,6.79%,GRB2;HRAS;SHC1,T cells
prerank,Reactome_2022__mRNA 3-End Processing R-HSA-72187,0.4637468555095144,0.8602138439371018,0.6811989100817438,0.9158450782397317,1.0,26/58,8.92%,SRSF9;PABPN1;PAPOLA;SARNP;SLU7;SRSF11;ALYREF;EIF4A3;SRSF6;SRSF2;THOC2;NCBP2;DDX39A;FYTTD1;U2AF1L4;MAGOHB;THOC3;CHTOP;SRSF4;RBM8A;WDR33;CPSF6;THOC6;CDC40;CSTF3;UPF3B,T cells
prerank,Reactome_2022__Cellular Senescence R-HSA-2559583,0.43000310641640715,0.8601816170226727,0.7544483985765125,0.9148394623074945,1.0,47/128,10.52%,UBB;EHMT1;UBE2S;UBC;CDC26;CDK6;TFDP2;RB1;ANAPC5;MAPKAPK3;ANAPC11;MRE11;UBA52;MAPK3;IGFBP7;POT1;EZH2;MAP3K5;ID1;UBE2E1;ANAPC4;MAP4K4;TXN2;NFKB1;CABIN1;UBE2C;RPS27A;CBX4;RAD50;MAPK8;MAP2K6;FZR1;RNF2;CDC16;ANAPC2;TNRC6B;TERF1;EED;TERF2IP;MOV10;UBE2D1;ACD;RBBP7;EHMT2;ANAPC16;AGO4;ANAPC15,T cells
prerank,Reactome_2022__Sodium/Calcium Exchangers R-HSA-425561,0.5908361058891393,0.8587717186516455,0.7092084006462036,0.9162649303755751,1.0,3/10,9.53%,CALM1;SLC24A1;SRI,T cells
prerank,Reactome_2022__Sema3A PAK Dependent Axon Repulsion R-HSA-399954,-0.5145079343474391,-0.8587100235099924,0.6685714285714286,1.0,1.0,5/16,3.56%,HSP90AA1;FES;PLXNA3;FYN;LIMK1,T cells
prerank,Reactome_2022__PI3K Events In ERBB2 Signaling R-HSA-1963642,-0.48921900932289125,-0.8583797705356321,0.6501457725947521,1.0,1.0,2/16,1.13%,PIK3R1;GRB2,T cells
prerank,Reactome_2022__Tie2 Signaling R-HSA-210993,-0.5023008000276569,-0.8582068527923294,0.6307277628032345,1.0,1.0,5/17,6.79%,PIK3R1;GRB2;PIK3CB;HRAS;SHC1,T cells
prerank,Reactome_2022__Uptake And Actions Of Bacterial Toxins R-HSA-5339562,-0.4573633406115422,-0.8577521813295633,0.6677740863787376,1.0,1.0,8/29,6.30%,HSP90AA1;EEF2;ANTXR2;FURIN;MAP2K2;MAP2K3;MAP2K4;MAP2K7,T cells
prerank,Reactome_2022__Constitutive Signaling By Ligand-Responsive EGFR Cancer Variants R-HSA-1236382,0.5473865858866045,0.857641509424536,0.6945288753799392,0.9172066705705146,1.0,11/18,9.17%,UBB;UBC;EGF;PIK3CA;UBA52;RPS27A;CBL;EGFR;CDC37;SOS1;PLCG1,T cells
prerank,Reactome_2022__Defective Pyroptosis R-HSA-9710421,0.5657116353861613,0.8575617081008187,0.6918429003021148,0.9162632780375225,1.0,5/13,10.27%,PRIM2;EZH2;EED;RBBP7;POLA1,T cells
prerank,Reactome_2022__Toll Like Receptor 4 (TLR4) Cascade R-HSA-166016,0.4231311282232985,0.8570030363914221,0.7802071346375143,0.9162179140827902,1.0,45/139,9.90%,UBB;ITGB2;UBC;CREB1;TANK;APP;MAPKAPK3;MAP2K1;UBA52;IRF7;MAPK3;PPP2CB;PTPN11;NLRC5;MAP3K1;BIRC3;UBE2N;TNIP2;FBXW11;PPP2R1B;PLCG2;IKBKE;FADD;TRAF3;NFKB1;AGER;RPS27A;MAPK8;MAP2K6;LRRC14;SKP1;NKIRAS2;USP18;TICAM1;CHUK;DUSP3;ECSIT;UBE2D1;IRF3;IRAK1;CUL1;RPS6KA5;NFKB2;TRAF6;PELI1,T cells
prerank,Reactome_2022__Formation Of HIV-1 Elongation Complex Containing HIV-1 Tat R-HSA-167200,0.47645463601872806,0.8566362362346337,0.6830601092896175,0.9157816547685794,1.0,18/43,10.70%,POLR2K;NELFB;POLR2C;CCNT1;POLR2I;GTF2F1;NCBP2;TCEA1;GTF2H2;GTF2H4;POLR2L;ELOA;SUPT4H1;POLR2G;ERCC3;SUPT16H;ELOC;POLR2J,T cells
prerank,Reactome_2022__tRNA Processing In Nucleus R-HSA-6784531,0.4661125807434081,0.8565224359809192,0.7329842931937173,0.9149032885009615,1.0,18/57,10.88%,RPP21;TPR;NUP210;DDX1;NUP88;RTRAF;TRNT1;NUP214;NDC1;XPOT;NUP205;NUP37;NUP107;NUP133;NUP54;NUP188;POM121;NUP42,T cells
prerank,Reactome_2022__Class B/2 (Secretin Family Receptors) R-HSA-373080,0.4380479807973644,0.8561507193909852,0.7314356435643564,0.9144933221808228,1.0,14/92,13.77%,GNG5;PTRH2;GNB5;PTCH1;FZD4;GNAS;GNG11;GNG7;RAMP2;PTH2R;GNG2;PTH1R;FZD1;WNT9B,T cells
prerank,Reactome_2022__Signaling By ERBB2 TMD/JMD Mutants R-HSA-9665686,-0.4713369513515081,-0.8553845481747213,0.6918429003021148,1.0,1.0,5/21,7.26%,HSP90AA1;GRB2;HRAS;SHC1;ERBB2,T cells
prerank,Reactome_2022__Regulation Of Signaling By CBL R-HSA-912631,-0.4995045397748565,-0.8548249266135128,0.6467236467236467,1.0,1.0,8/18,5.79%,PIK3R1;GRB2;CLSTN1;SYK;FYN;CRKL;CRK;PIK3CB,T cells
prerank,Reactome_2022__Integrin Signaling R-HSA-354192,-0.4652000943936965,-0.8540831315385181,0.6576576576576577,1.0,1.0,7/27,4.43%,RAP1B;GRB2;SYK;APBB1IP;AKT1;RAP1A;CRK,T cells
prerank,Reactome_2022__Toll Like Receptor 3 (TLR3) Cascade R-HSA-168164,0.433241908151554,0.8537543306608508,0.7470023980815348,0.9178708234519483,1.0,39/103,9.80%,UBB;UBC;CREB1;TANK;APP;MAPKAPK3;MAP2K1;UBA52;IRF7;MAPK3;PPP2CB;NLRC5;BIRC3;UBE2N;TNIP2;FBXW11;PPP2R1B;IKBKE;FADD;TRAF3;NFKB1;AGER;RPS27A;MAPK8;MAP2K6;LRRC14;SKP1;NKIRAS2;USP18;TICAM1;CHUK;DUSP3;UBE2D1;IRF3;IRAK1;CUL1;RPS6KA5;NFKB2;TRAF6,T cells
prerank,Reactome_2022__Initial Triggering Of Complement R-HSA-166663,0.5232798038312296,0.8534782706603947,0.7065868263473054,0.9172824872368421,1.0,1/20,0.60%,GZMM,T cells
prerank,Reactome_2022__NRAGE Signals Death Thru JNK R-HSA-193648,-0.39540881590599897,-0.8533948233705223,0.7459677419354839,1.0,1.0,8/57,7.78%,AKAP13;PRPF38B;ARHGEF6;ARHGEF40;PREX1;TIAM1;ARHGEF26;ARHGEF9,T cells
prerank,Reactome_2022__RHOQ GTPase Cycle R-HSA-9013406,-0.39914770663790683,-0.8530504212960172,0.7587719298245614,1.0,1.0,12/59,6.50%,STOM;ARHGAP35;SNAP23;LAMTOR1;ARHGAP17;GOPC;ARL13B;PLEKHG3;GIT2;ARHGAP1;PREX1;RHOQ,T cells
prerank,Reactome_2022__Interleukin-6 Family Signaling R-HSA-6783589,0.5113464255467467,0.8521661670083248,0.6926536731634183,0.9185706870046743,1.0,10/24,14.37%,CCM2;STAT1;PTPN11;LIFR;IL6ST;CBL;JAK2;CLCF1;SOCS3;IL11RA,T cells
prerank,Reactome_2022__Pentose Phosphate Pathway R-HSA-71336,0.5628454539221303,0.8514774043195524,0.7091988130563798,0.9187221493113014,1.0,4/14,8.52%,TALDO1;PGLS;TKT;RPE,T cells
prerank,Reactome_2022__Regulated Necrosis R-HSA-5218859,0.46199461969591665,0.8513731226175489,0.7331536388140162,0.9178191221556387,1.0,16/56,8.29%,UBB;BAX;CYCS;UBC;TANK;UBA52;CASP4;BIRC3;FADD;CASP3;RPS27A;CHMP2B;TRADD;CDC37;RRM1;OGT,T cells
prerank,Reactome_2022__ADORA2B Mediated Anti-Inflammatory Cytokine Production R-HSA-9660821,-0.3612592791149631,-0.851253416369852,0.8695652173913043,1.0,1.0,10/130,4.94%,PTGDR;PRKACB;GNB2;GNAI2;PTGER4;PRKX;RAMP1;ADCY7;GNB1;GNGT2,T cells
prerank,Reactome_2022__TP53 Regulates Transcription Of Additional Cell Death Genes With Uncertain Roles In P53-Dependent Apoptosis R-HSA-6803205,0.5577065087286311,0.8509692261868023,0.6990445859872612,0.9174756799576064,1.0,5/14,12.39%,RABGGTB;PERP;TP53I3;BIRC5;BCL6,T cells
prerank,Reactome_2022__Role Of LAT2/NTAL/LAB On Calcium Mobilization R-HSA-2730905,-0.5238072195746688,-0.8501828125604496,0.6684782608695652,1.0,1.0,6/13,6.79%,PIK3R1;GRB2;SYK;FYN;PIK3CB;SHC1,T cells
prerank,Reactome_2022__Activation Of BAD And Translocation To Mitochondria R-HSA-111447,0.5499622218207993,0.850168408700196,0.7112462006079028,0.9179292550396958,1.0,6/15,6.19%,YWHAB;YWHAQ;YWHAZ;YWHAH;PPP3CC;BAD,T cells
prerank,Reactome_2022__Regulation Of Insulin Secretion R-HSA-422356,-0.37817638158857114,-0.850039602100949,0.7689243027888446,1.0,1.0,13/77,5.40%,PLCB1;PRKACB;GNB2;GNAI2;RAP1A;ITPR3;AHCYL1;CACNA1A;GNB1;PLCB2;ITPR2;GNGT2;CACNB2,T cells
prerank,Reactome_2022__RMTs Methylate Histone Arginines R-HSA-3214858,0.49450576420908704,0.8499127660479818,0.7067238912732475,0.9173362375306752,1.0,16/30,12.33%,RPS2;SMARCA4;SMARCE1;PRMT1;WDR77;PBRM1;SMARCD1;ARID2;SMARCC1;PRMT6;CCND1;ARID1A;RBBP7;COPRS;JAK2;PRMT5,T cells
prerank,Reactome_2022__RHOA GTPase Cycle R-HSA-8980692,-0.35638253195374947,-0.8498222805760378,0.8579545454545454,1.0,1.0,27/147,6.37%,AKAP13;STOM;PIK3R1;PRPF38B;RHOA;ARHGAP35;FAF2;DEF6;SNAP23;YKT6;TAGAP;ARHGDIA;ROCK1;ROCK2;BCAP31;TMPO;ARHGEF40;PLEKHG3;STX5;ARHGAP9;DOCK2;TMEM87A;ARHGAP1;VAPB;RTKN;PREX1;ARHGAP45,T cells
prerank,Reactome_2022__Caspase-mediated Cleavage Of Cytoskeletal Proteins R-HSA-264870,-0.5375913205053603,-0.8488503854047696,0.654434250764526,1.0,1.0,4/12,4.63%,PLEC;VIM;CASP8;ADD1,T cells
prerank,Reactome_2022__G Alpha (I) Signaling Events R-HSA-418594,0.39510814356237917,0.8484446124971999,0.8421633554083885,0.9188654525949148,1.0,29/310,8.25%,CCL5;CCL4;GNG5;S1PR4;CREB1;APP;CALM1;GNAQ;KNG1;GNAI3;KPNA2;PPP2CB;RGS10;PPP3CC;PRKCA;PPP2R1B;RGS3;POMC;GNB5;RGS1;CAMK2D;RGS19;CDK5;CCR7;ADCY9;OPRM1;ACKR3;GNAS;GNG11,T cells
prerank,Reactome_2022__Transcriptional Regulation Of Pluripotent Stem Cells R-HSA-452723,-0.4378734477489119,-0.8480796582526969,0.6741214057507987,1.0,1.0,8/30,15.25%,STAT3;SMAD2;HHEX;SMAD4;KLF4;EPAS1;EPHA1;HIF3A,T cells
prerank,MSigDB_Hallmark_2020__Interferon Alpha Response,0.43759170258650143,0.8479402069883932,0.7580645161290323,0.8794573191739455,1.0,23/96,4.61%,PSMB9;GBP4;CD74;IFITM3;PSME2;PARP14;PSMA3;GBP2;UBE2L6;NCOA7;IFI35;LY6E;NUB1;TAP1;TRIM14;IRF7;SELL;TRIM26;CMPK2;LPAR6;OASL;LGALS3BP;ADAR,T cells
prerank,"Reactome_2022__Adrenaline,noradrenaline Inhibits Insulin Secretion R-HSA-400042",0.4975922314228949,0.8472506079583135,0.7288888888888889,0.9198782360986375,1.0,7/28,12.28%,GNG5;GNB5;GNG11;GNAI1;GNG7;CACNA2D2;GNG2,T cells
prerank,Reactome_2022__Rab Regulation Of Trafficking R-HSA-9007101,0.42409265856158296,0.8470064683671229,0.766388557806913,0.9193195912323452,1.0,36/120,10.94%,TRAPPC4;ARF6;RAB27A;RAB5C;SYTL1;DENND6A;RAB6A;TRAPPC2;RAB13;RIN3;GAPVD1;RABGAP1;RAB21;RABEP1;RAB4A;GABARAPL2;RAB12;RAB43;ANKRD27;MON1A;TRAPPC12;TRAPPC3;TBC1D14;RAB8B;RABGEF1;RAB10;RAB8A;DENND4C;TBC1D16;TBC1D10A;RAB33B;OPTN;RAB11A;MADD;TBC1D10B;RAB3IP,T cells
prerank,Reactome_2022__Biotin Transport And Metabolism R-HSA-196780,0.5750237998395809,0.8461633660966137,0.7290015847860539,0.919721602675939,1.0,2/11,3.66%,MCCC2;PCCA,T cells
prerank,Reactome_2022__Cohesin Loading Onto Chromatin R-HSA-2470946,0.5785982894122405,0.8458762290935548,0.7298578199052133,0.9191594868245779,1.0,4/10,9.80%,SMC3;WAPL;PDS5B;RAD21,T cells
prerank,Reactome_2022__Resolution Of D-loop Structures Thru Synthesis-Dependent Strand Annealing (SDSA) R-HSA-5693554,-0.44636112766454455,-0.8456845221242659,0.6966666666666667,1.0,1.0,1/27,0.06%,ATM,T cells
prerank,Reactome_2022__Role Of Second Messengers In Netrin-1 Signaling R-HSA-418890,0.5852075550852736,0.8452429377838708,0.7266982622432859,0.9192359591877444,1.0,2/10,9.48%,PLCG1;PITPNA,T cells
prerank,Reactome_2022__TGF-beta Receptor Signaling Activates SMADs R-HSA-2173789,0.46751980583346253,0.8449408641466649,0.7222222222222222,0.9187076307973634,1.0,15/44,7.60%,UBB;PPP1CC;UBC;NEDD8;USP15;TGFBR1;XPO1;UBA52;PPP1R15A;ITGB1;NEDD4L;RPS27A;CBL;PPP1CB;ITGB8,T cells
prerank,Reactome_2022__Synthesis Of IP3 And IP4 In Cytosol R-HSA-1855204,-0.4510592407258364,-0.8443780438515092,0.7005988023952096,1.0,1.0,5/26,4.98%,PLCB1;ITPKB;PLCE1;PLCB2;INPP5B,T cells
prerank,Reactome_2022__SEMA3A-Plexin Repulsion Signaling By Inhibiting Integrin Adhesion R-HSA-399955,-0.5228695401062025,-0.8438096204349089,0.6530054644808743,1.0,1.0,5/14,9.54%,FES;PLXNA3;FYN;PIP5K1C;PLXNA4,T cells
prerank,Reactome_2022__Sulfur Amino Acid Metabolism R-HSA-1614635,0.5062900985610268,0.8437466082709423,0.7120115774240231,0.9197787313121618,1.0,5/25,8.85%,APIP;TSTD1;ETHE1;TXN2;BHMT2,T cells
prerank,Reactome_2022__Collagen Degradation R-HSA-1442490,-0.41328712389826894,-0.8431938560147373,0.7083333333333334,1.0,1.0,2/40,2.47%,CTSD;FURIN,T cells
prerank,Reactome_2022__Activation Of Kainate Receptors Upon Glutamate Binding R-HSA-451326,0.49694253454189363,0.842972515619538,0.7132459970887919,0.9200773918835673,1.0,8/29,12.28%,GNG5;NCALD;CALM1;GNB5;GNG11;DLG1;GNG7;GNG2,T cells
prerank,Reactome_2022__Regulation Of IFNA/IFNB Signaling R-HSA-912694,0.511336304301136,0.842655162773085,0.7043478260869566,0.9195523578909367,1.0,6/25,7.40%,STAT1;PTPN11;IFNAR2;IFNAR1;PTPN1;USP18,T cells
prerank,Reactome_2022__Thyroxine Biosynthesis R-HSA-209968,-0.5536766433510245,-0.8421988208782101,0.6770025839793282,1.0,1.0,1/10,4.90%,DIDO1,T cells
prerank,Reactome_2022__Post NMDA Receptor Activation Events R-HSA-438064,0.44988940211595035,0.8420683469396635,0.7273936170212766,0.9194750333421154,1.0,12/61,8.58%,CREB1;CALM1;MAPK3;KPNA2;PRKCA;GIT1;PRKAA2;PRKAG1;CAMK2D;ERBB4;ARHGEF7;DLG1,T cells
prerank,Reactome_2022__CREB1 Phosphorylation Thru Activation Of Adenylate Cyclase R-HSA-442720,0.5644725878035469,0.841857080290557,0.7285491419656787,0.918797907310001,1.0,3/12,3.61%,CREB1;CALM1;PRKCA,T cells
prerank,Reactome_2022__RNA Polymerase I Transcription Termination R-HSA-73863,-0.44145858785279124,-0.8416708777693891,0.6840277777777778,1.0,1.0,7/27,4.75%,TAF1D;MNAT1;GTF2H3;CDK7;UBTF;POLR2F;POLR2E,T cells
prerank,MSigDB_Hallmark_2020__KRAS Signaling Up,0.40423098646342054,0.8413863759429754,0.8138728323699422,0.8682108547337658,1.0,53/199,12.35%,ITGB2;GYPC;RABGAP1L;PRDM1;ERO1A;CBR4;CCSER2;PRELID3B;ADAM17;CTSS;PPP1R15A;ZNF639;CA2;MAP3K1;BIRC3;CDADC1;ST6GAL1;JUP;WDR33;PIGR;GALNT3;TSPAN1;CPE;CBL;GLRX;BPGM;PCSK1N;ZNF277;GNG11;ABCB1;TOR1AIP2;PLAT;G0S2;RBM4;USP12;CCND2;TMEM176A;PLAU;TMEM176B;MPZL2;FBXO4;PECAM1;ATG10;GPRC5B;SATB1;NRP1;TSPAN13;PEG3;NAP1L2;PTBP2;CROT;AVL9;SPRY2,T cells
prerank,Reactome_2022__Class I Peroxisomal Membrane Protein Import R-HSA-9603798,-0.46607418902757664,-0.8412023109748411,0.6747720364741642,1.0,1.0,6/20,5.28%,PEX2;ABCD2;PEX16;PXMP2;PEX19;PXMP4,T cells
prerank,Reactome_2022__Response Of EIF2AK1 (HRI) To Heme Deficiency R-HSA-9648895,0.5448589197367834,0.8398784954888199,0.7274096385542169,0.9211786093851743,1.0,4/15,3.09%,EIF2S1;ATF4;DDIT3;PPP1R15A,T cells
prerank,Reactome_2022__Beta-oxidation Of Very Long Chain Fatty Acids R-HSA-390247,-0.5321504190359775,-0.8398106434022498,0.6938775510204082,1.0,1.0,4/11,9.86%,ACOT8;ACAA1;ECI2;HSD17B4,T cells
prerank,Reactome_2022__Other Semaphorin Interactions R-HSA-416700,0.530492432198326,0.8396710877767849,0.7101910828025477,0.9204559783773061,1.0,3/19,3.13%,PTPRC;SEMA4D;ITGB1,T cells
prerank,Reactome_2022__PCNA-Dependent Long Patch Base Excision Repair R-HSA-5651801,0.508464059066027,0.8392992508215341,0.7174887892376681,0.9200382142580267,1.0,9/21,11.84%,RPA3;APEX1;POLE4;PCNA;RFC4;POLE2;POLR1A;POLG2;RFC2,T cells
prerank,Reactome_2022__Signal Attenuation R-HSA-74749,-0.5428582470819995,-0.8384181714644208,0.6760925449871465,1.0,1.0,4/10,6.79%,MAPK1;GRB2;GRB10;SHC1,T cells
prerank,Reactome_2022__Inositol Phosphate Metabolism R-HSA-1483249,-0.4034321956148495,-0.8381243794717037,0.7253521126760564,1.0,1.0,10/48,6.38%,PLCB1;INPP4B;ITPKB;IMPA1;IPMK;PLCE1;PLCB2;INPP5B;NUDT3;MIOX,T cells
prerank,Reactome_2022__Regulation Of TP53 Expression And Degradation R-HSA-6806003,0.4777329696724121,0.837495066954385,0.7077363896848138,0.922036010739101,1.0,10/37,6.11%,UBB;UBC;PRDM1;USP7;RNF34;UBA52;PPP2CB;PPP2R5C;PPP2R1B;RPS27A,T cells
prerank,Reactome_2022__MTOR Signaling R-HSA-165159,0.47450348481796073,0.8359083936097144,0.7270233196159122,0.923772924814327,1.0,14/41,9.67%,YWHAB;EIF4E;RPS6;LAMTOR3;CAB39;LAMTOR5;PRKAA2;PPM1A;PRKAG1;LAMTOR2;RRAGB;RHEB;AKT1S1;RRAGA,T cells
prerank,Reactome_2022__Signaling By High-Kinase Activity BRAF Mutants R-HSA-6802948,0.4859522084339389,0.8355724704420284,0.7409024745269287,0.9233273492217319,1.0,11/33,11.74%,PEBP1;YWHAB;MAP2K1;MAPK3;ARAF;KSR1;MARK3;TLN1;IQGAP1;FN1;CSK,T cells
prerank,Reactome_2022__RAC2 GTPase Cycle R-HSA-9013404,-0.36547937480406556,-0.8340425002051116,0.7839195979899497,1.0,1.0,15/86,6.13%,NCF1;PIK3R1;WASF2;ARHGAP35;DEF6;LAMTOR1;ARHGDIA;ARHGAP17;EMD;TMPO;DOCK2;GIT2;ARHGAP1;VAPB;PREX1,T cells
prerank,Reactome_2022__Myogenesis R-HSA-525793,0.48532171392344164,0.8327480278802474,0.7181688125894135,0.9272374549142659,1.0,8/29,13.11%,TCF12;SPAG9;TCF7L2;MAP2K6;BNIP2;NEO1;MEF2C;MEF2A,T cells
prerank,Reactome_2022__HuR (ELAVL1) Binds And Stabilizes mRNA R-HSA-450520,0.5770631724980482,0.8323752304010673,0.7438423645320197,0.9267877769197749,1.0,4/10,4.16%,SET;XPO1;PRKCA;NUP214,T cells
prerank,Reactome_2022__Mucopolysaccharidoses R-HSA-2206281,-0.5285540465677984,-0.8321074559086994,0.680327868852459,1.0,1.0,4/11,7.30%,IDS;GLB1;NAGLU;HGSNAT,T cells
prerank,Reactome_2022__Toll Like Receptor 7/8 (TLR7/8) Cascade R-HSA-168181,0.42241339134711164,0.832061715089902,0.7757575757575758,0.9262737895900052,1.0,36/102,9.90%,UBB;UBC;CREB1;TANK;APP;MAPKAPK3;MAP2K1;UBA52;IRF7;MAPK3;PPP2CB;NLRC5;MAP3K1;UBE2N;TNIP2;FBXW11;PPP2R1B;NFKB1;AGER;RPS27A;MAPK8;MAP2K6;LRRC14;SKP1;NKIRAS2;USP18;TICAM1;CHUK;DUSP3;ECSIT;IRAK1;CUL1;RPS6KA5;NFKB2;TRAF6;PELI1,T cells
prerank,Reactome_2022__MyD88 Dependent Cascade Initiated On Endosome R-HSA-975155,0.4224160846091151,0.8320342363328462,0.7734470158343484,0.9252824877991337,1.0,36/101,9.90%,UBB;UBC;CREB1;TANK;APP;MAPKAPK3;MAP2K1;UBA52;IRF7;MAPK3;PPP2CB;NLRC5;MAP3K1;UBE2N;TNIP2;FBXW11;PPP2R1B;NFKB1;AGER;RPS27A;MAPK8;MAP2K6;LRRC14;SKP1;NKIRAS2;USP18;TICAM1;CHUK;DUSP3;ECSIT;IRAK1;CUL1;RPS6KA5;NFKB2;TRAF6;PELI1,T cells
prerank,Reactome_2022__Formation Of Apoptosome R-HSA-111458,0.5588056840593958,0.8315264860526238,0.7368421052631579,0.9251865097432337,1.0,4/11,6.52%,CYCS;APIP;MAPK3;UACA,T cells
prerank,Reactome_2022__RHO GTPases Activate CIT R-HSA-5625900,-0.46676853349804126,-0.83152355451103,0.6994219653179191,1.0,1.0,4/19,1.33%,RHOC;RHOA;PPP1R12A;CDKN1B,T cells
prerank,Reactome_2022__RNA Polymerase I Transcription Initiation R-HSA-73762,0.46560566329704367,0.8313622778326925,0.7425068119891008,0.9244204624239427,1.0,16/43,10.50%,POLR2K;HDAC2;HDAC1;GATAD2B;CHD4;MTA1;GTF2H2;GTF2H4;RRN3;POLR2L;POLR1A;ERCC3;RBBP7;TAF1A;EHMT2;TAF1C,T cells
prerank,Reactome_2022__GPVI-mediated Activation Cascade R-HSA-114604,0.4902582330606972,0.8306073078592799,0.7319587628865979,0.924729068915885,1.0,7/32,4.97%,LCK;LYN;RAC2;PIK3CA;PTPN11;VAV3;PLCG2,T cells
prerank,Reactome_2022__Presynaptic Depolarization And Calcium Channel Opening R-HSA-112308,-0.5265939105395838,-0.8302141142567192,0.7096774193548387,1.0,1.0,3/12,6.07%,CACNA1A;CACNB2;CACNB1,T cells
prerank,Reactome_2022__Visual Phototransduction R-HSA-2187338,0.42243226542070716,0.8298667563567144,0.7814407814407814,0.9248974552843794,1.0,30/96,18.08%,RDH11;NAPEPLD;CALM1;PRKCA;METAP2;NMT1;PRKCQ;GNB5;APOE;LDLR;SDC1;HSPG2;SLC24A1;LRP10;SDC2;LRP12;RDH10;CAMKMT;LRP2;AKR1C1;AGRN;APOM;SDC3;GPC3;LPL;RBP4;SDC4;APOA1;APOC2;RBP1,T cells
prerank,Reactome_2022__Signal Transduction By L1 R-HSA-445144,0.5093849544266866,0.829631595471306,0.7272727272727273,0.9243049073431602,1.0,8/20,11.33%,CSNK2B;MAP2K1;MAPK3;ITGB1;EGFR;L1CAM;FGFR1;NRP1,T cells
prerank,Reactome_2022__Methylation R-HSA-156581,0.538229377623729,0.8293351223175174,0.7495961227786753,0.9237664868873288,1.0,2/14,1.32%,TRMT112;COMT,T cells
prerank,Reactome_2022__PKMTs Methylate Histone Lysines R-HSA-3214841,0.4630819799190462,0.8293221728202674,0.7265415549597856,0.9227605171109329,1.0,16/44,9.80%,EHMT1;ASH1L;MECOM;SETD2;EZH2;ASH2L;NFKB1;SMYD2;SMYD3;KMT2B;EED;KMT5B;SETD1B;RBBP7;EHMT2;NFKB2,T cells
prerank,Reactome_2022__Transport Of Organic Anions R-HSA-879518,0.5687996739471937,0.8290898845197799,0.7353896103896104,0.9221304058641081,1.0,1/11,7.27%,SLCO3A1,T cells
prerank,Reactome_2022__N-glycan Antennae Elongation In medial/trans-Golgi R-HSA-975576,-0.43128218374518285,-0.8284971121179732,0.760655737704918,1.0,1.0,5/26,6.16%,MGAT4A;ST3GAL4;FUT8;MGAT5;MAN2A1,T cells
prerank,Reactome_2022__Regulation Of RUNX1 Expression And Activity R-HSA-8934593,0.5160430210284285,0.828064010151407,0.7337367624810892,0.9227481135557699,1.0,10/17,13.17%,CDK6;PTPN11;CCND3;TNRC6B;CCND1;MOV10;CCND2;AGO4;AGO1;AGO3,T cells
prerank,Reactome_2022__Laminin Interactions R-HSA-3000157,0.49573870462708347,0.8279592024677949,0.7335375191424196,0.9219067290988788,1.0,9/22,16.37%,ITGB1;ITGA6;LAMB1;LAMA5;LAMC1;HSPG2;ITGB4;LAMC2;COL18A1,T cells
prerank,Reactome_2022__Signal Regulatory Protein Family Interactions R-HSA-391160,-0.5025879595835159,-0.823378847848095,0.6891891891891891,1.0,1.0,5/13,4.66%,SKAP2;GRB2;TYROBP;PTK2B;CD47,T cells
prerank,Reactome_2022__RNA Polymerase III Transcription Initiation From Type 2 Promoter R-HSA-76066,0.48499501514628895,0.8208128823830616,0.7232796486090776,0.9327459120385769,1.0,8/26,10.78%,POLR2K;GTF3C6;CRCP;POLR2L;GTF3C4;POLR3E;POLR3C;POLR3H,T cells
prerank,Reactome_2022__Resolution Of D-Loop Structures R-HSA-5693537,-0.41202097577993907,-0.8204625126141438,0.7558528428093646,1.0,1.0,1/34,0.06%,ATM,T cells
prerank,Reactome_2022__Assembly Of Active LPL And LIPC Lipase Complexes R-HSA-8963889,0.5197196005814606,0.820406730613318,0.7442218798151001,0.9324222868161265,1.0,2/19,3.23%,MBTPS1;PCSK5,T cells
prerank,Reactome_2022__Butyrate Response Factor 1 Binds And Destabilizes mRNA R-HSA-450385,0.5232581028528023,0.8200648759501207,0.7188498402555911,0.9320029144001533,1.0,7/17,9.86%,YWHAB;DIS3;EXOSC7;EXOSC4;EXOSC3;ZFP36L1;XRN1,T cells
prerank,Reactome_2022__Signaling By ERBB2 R-HSA-1227986,0.45582776423369914,0.8198988451193808,0.7643142476697736,0.9312418689359613,1.0,16/49,9.17%,UBB;DIAPH1;UBC;YES1;EGF;PIK3CA;UBA52;PRKCA;ERBIN;RPS27A;CUL5;EGFR;CDC37;ERBB4;SOS1;PLCG1,T cells
prerank,Reactome_2022__Neurexins And Neuroligins R-HSA-6794361,-0.3738863195956318,-0.8198177581275111,0.852589641434263,1.0,1.0,6/57,8.77%,CASK;EPB41;LIN7C;APBA2;STX1A;DLGAP3,T cells
prerank,Reactome_2022__Negative Regulation Of PI3K/AKT Network R-HSA-199418,0.4150559124564771,0.8195631248718358,0.8067632850241546,0.9307498618563015,1.0,23/113,11.12%,LCK;TRAT1;RAC2;EGF;PIK3CA;MAPK3;PPP2CB;PTPN11;PPP2R5C;PPP2R1B;KL;EGFR;PPP2R5A;ERBB4;SOS1;FGFR3;IRAK1;PIK3R2;TRAF6;PPP2R5B;TRIB3;FGFR1;IRS2,T cells
prerank,Reactome_2022__ERBB2 Regulates Cell Motility R-HSA-6785631,0.5400069645467527,0.8188102425372342,0.7447447447447447,0.9309841704421016,1.0,4/15,8.48%,DIAPH1;EGF;EGFR;ERBB4,T cells
prerank,"Reactome_2022__Tristetraprolin (TTP, ZFP36) Binds And Destabilizes mRNA R-HSA-450513",0.5296139245249327,0.8168547056485017,0.7416798732171157,0.9331102660289461,1.0,7/17,9.86%,YWHAB;DIS3;EXOSC7;EXOSC4;EXOSC3;TNPO1;XRN1,T cells
prerank,Reactome_2022__Diseases Associated With O-glycosylation Of Proteins R-HSA-3906995,0.4340551305861904,0.8160619473311443,0.7740693196405648,0.9334362138240498,1.0,10/68,8.95%,C1GALT1;THSD7A;MUC1;LARGE1;GALNT3;MUC15;NOTCH1;POMGNT1;NOTCH3;ADAMTS1,T cells
prerank,Reactome_2022__TRAF6 Mediated Induction Of NFkB And MAP Kinases Upon TLR7/8 Or 9 Activation R-HSA-975138,0.41433868187223327,0.8156091012924834,0.8017135862913096,0.9331521751608706,1.0,35/100,9.90%,UBB;UBC;CREB1;TANK;APP;MAPKAPK3;MAP2K1;UBA52;MAPK3;PPP2CB;NLRC5;MAP3K1;UBE2N;TNIP2;FBXW11;PPP2R1B;NFKB1;AGER;RPS27A;MAPK8;MAP2K6;LRRC14;SKP1;NKIRAS2;USP18;TICAM1;CHUK;DUSP3;ECSIT;IRAK1;CUL1;RPS6KA5;NFKB2;TRAF6;PELI1,T cells
prerank,Reactome_2022__MyD88 Cascade Initiated On Plasma Membrane R-HSA-975871,0.41519111444193,0.8153227856076157,0.8019680196801968,0.9325768663885753,1.0,34/96,9.90%,UBB;UBC;CREB1;TANK;APP;MAPKAPK3;MAP2K1;UBA52;MAPK3;PPP2CB;NLRC5;MAP3K1;UBE2N;TNIP2;FBXW11;PPP2R1B;NFKB1;AGER;RPS27A;MAPK8;MAP2K6;LRRC14;SKP1;NKIRAS2;USP18;CHUK;DUSP3;ECSIT;IRAK1;CUL1;RPS6KA5;NFKB2;TRAF6;PELI1,T cells
prerank,Reactome_2022__SARS-CoV-2 Modulates Autophagy R-HSA-9754560,0.5533117313865065,0.8147228129987145,0.7720706260032103,0.9324997909797222,1.0,3/11,6.50%,TUFM;VPS33A;UVRAG,T cells
prerank,Reactome_2022__Signaling By RAF1 Mutants R-HSA-9656223,-0.39657138921465,-0.8136358404352577,0.7953795379537953,1.0,1.0,8/38,3.67%,BRAF;RAP1B;ARRB2;MAPK1;APBB1IP;RAP1A;MAP2K2;ARRB1,T cells
prerank,Reactome_2022__Repression Of WNT Target Genes R-HSA-4641265,0.5315980982280991,0.8129378783335066,0.7539432176656151,0.934427468376441,1.0,6/14,9.16%,HDAC1;CTBP1;TCF7L2;MYC;TLE1;TLE4,T cells
prerank,Reactome_2022__Glucagon Signaling In Metabolic Regulation R-HSA-163359,0.47111972505756455,0.8124540603942273,0.7717231222385862,0.9341753907919079,1.0,7/32,12.28%,GNG5;PRKCA;ADCY9;GNAS;GNG11;GNG7;GNG2,T cells
prerank,Reactome_2022__Plasma Lipoprotein Assembly R-HSA-8963898,0.5193640552191516,0.8123871515119836,0.7372372372372372,0.9332696781392369,1.0,5/16,9.84%,SAR1B;PRKCA;P4HB;APOE;ZDHHC8,T cells
prerank,Reactome_2022__TRAF6 Mediated NF-kB Activation R-HSA-933542,0.49223021384547544,0.8120726772448968,0.7652303120356612,0.9327725979409129,1.0,12/24,12.37%,TANK;APP;MAP3K1;NFKB1;AGER;NKIRAS2;CHUK;MAVS;NFKB2;TRAF6;NFKBIB;RNF135,T cells
prerank,Reactome_2022__Signaling By NODAL R-HSA-1181150,0.49687293388094417,0.8114745578529359,0.740909090909091,0.9327509084882751,1.0,4/21,10.52%,DRAP1;MAPK3;ACVR1B;ACVR2A,T cells
prerank,Reactome_2022__Resolution Of D-loop Structures Thru Holliday Junction Intermediates R-HSA-5693568,-0.41406312655661315,-0.8114314653295791,0.773972602739726,1.0,1.0,1/33,0.06%,ATM,T cells
prerank,Reactome_2022__VxPx Cargo-Targeting To Cilium R-HSA-5620916,0.4985872873810104,0.8101751067511384,0.7627118644067796,0.9337964702456489,1.0,11/21,15.10%,EXOC7;EXOC4;PRKD2;EXOC8;RAB8A;EXOC2;RAB11A;RAB3IP;ARF4;EXOC6;EXOC1,T cells
prerank,Reactome_2022__STAT3 Nuclear Events Downstream Of ALK Signaling R-HSA-9701898,0.5631066370289087,0.8091498248266272,0.7503974562798092,0.9343653108873371,1.0,5/10,9.49%,PRDM1;HDAC2;HDAC1;HDAC3;HIF1A,T cells
prerank,Reactome_2022__Toll-like Receptor Cascades R-HSA-168898,0.3957562449403617,0.8088854288073463,0.8671171171171171,0.9338071790854253,1.0,46/161,9.90%,UBB;ITGB2;UBC;CREB1;TANK;APP;MAPKAPK3;MAP2K1;UBA52;IRF7;CTSS;MAPK3;PPP2CB;PTPN11;NLRC5;MAP3K1;BIRC3;UBE2N;TNIP2;FBXW11;PPP2R1B;PLCG2;IKBKE;FADD;TRAF3;NFKB1;AGER;RPS27A;MAPK8;MAP2K6;LRRC14;SKP1;NKIRAS2;USP18;TICAM1;CHUK;DUSP3;ECSIT;UBE2D1;IRF3;IRAK1;CUL1;RPS6KA5;NFKB2;TRAF6;PELI1,T cells
prerank,Reactome_2022__Signaling By FGFR In Disease R-HSA-1226099,0.43598605739275126,0.808527798880354,0.7912234042553191,0.933371827300821,1.0,18/60,11.02%,POLR2K;STAT1;LRRFIP1;POLR2C;PIK3CA;STAT5B;ZMYM2;POLR2I;GTF2F1;NCBP2;POLR2L;CPSF6;SOS1;FGFR3;PLCG1;POLR2G;POLR2J;FGFR1,T cells
prerank,Reactome_2022__Androgen Biosynthesis R-HSA-193048,0.5419670131537228,0.8084981574672654,0.7484375,0.9324084646598428,1.0,2/11,5.74%,HSD17B12;POMC,T cells
prerank,Reactome_2022__RNA Polymerase III Transcription Initiation From Type 1 Promoter R-HSA-76061,0.4739431013822759,0.8063724446236841,0.7398843930635838,0.9347691103627374,1.0,8/27,10.78%,POLR2K;GTF3C6;CRCP;POLR2L;GTF3C4;POLR3E;POLR3C;POLR3H,T cells
prerank,Reactome_2022__Gap Junction Trafficking R-HSA-190828,-0.42947202211837865,-0.8062407472493172,0.7407407407407407,1.0,1.0,3/25,4.87%,AP2M1;CLTC;DNM2,T cells
prerank,"Reactome_2022__FOXO-mediated Transcription Of Oxidative Stress, Metabolic And Neuronal Genes R-HSA-9615017",-0.4230983145356093,-0.8044939804112098,0.78125,1.0,1.0,6/28,7.57%,NR3C1;SMAD2;FOXO1;SMAD3;SIRT3;FBXO32,T cells
prerank,Reactome_2022__Synthesis Of Pyrophosphates In Cytosol R-HSA-1855167,0.5542234844649043,0.8044420489115495,0.7737341772151899,0.936918421369241,1.0,2/10,6.08%,IP6K1;NUDT4,T cells
prerank,Reactome_2022__DAG And IP3 Signaling R-HSA-1489509,-0.39704414842638563,-0.803788833108875,0.8129251700680272,1.0,1.0,8/39,6.28%,GRK2;PRKACB;PRKX;ITPR3;AHCYL1;ADCY7;ITPR2;PRKCD,T cells
prerank,Reactome_2022__CRMPs In Sema3A Signaling R-HSA-399956,-0.4849378015346514,-0.8028959881167018,0.7595307917888563,1.0,1.0,3/16,3.20%,FES;PLXNA3;FYN,T cells
prerank,Reactome_2022__MAP Kinase Activation R-HSA-450294,0.428939620521945,0.8015935212931121,0.8005215123859192,0.9403934123488605,1.0,23/62,9.80%,UBB;UBC;CREB1;MAPKAPK3;MAP2K1;UBA52;MAPK3;PPP2CB;UBE2N;TNIP2;FBXW11;PPP2R1B;NFKB1;RPS27A;MAPK8;MAP2K6;SKP1;CHUK;DUSP3;IRAK1;CUL1;RPS6KA5;TRAF6,T cells
prerank,Reactome_2022__RND3 GTPase Cycle R-HSA-9696264,-0.392503051115025,-0.8013331879310615,0.8411552346570397,1.0,1.0,7/42,3.14%,PIK3R1;ARHGAP35;RBMX;NISCH;ROCK1;ANKRD26;UBXN11,T cells
prerank,Reactome_2022__Keratan Sulfate Degradation R-HSA-2022857,0.540629319530933,0.79976720591245,0.7800632911392406,0.9422192713231773,1.0,1/12,3.71%,HEXA,T cells
prerank,Reactome_2022__mRNA Decay By 5 To 3 Exoribonuclease R-HSA-430039,0.5188634468029446,0.7992213410885929,0.7581903276131046,0.9420308499598055,1.0,8/15,16.74%,LSM1;LSM6;XRN1;LSM5;PATL1;EDC4;EDC3;DCP2,T cells
prerank,Reactome_2022__Interleukin-17 Signaling R-HSA-448424,0.4230510235389143,0.798662526594517,0.8116129032258065,0.9419576868969906,1.0,23/69,9.80%,UBB;UBC;CREB1;MAPKAPK3;MAP2K1;UBA52;MAPK3;PPP2CB;UBE2N;TNIP2;FBXW11;PPP2R1B;NFKB1;RPS27A;MAPK8;MAP2K6;SKP1;CHUK;DUSP3;IRAK1;CUL1;RPS6KA5;TRAF6,T cells
prerank,Reactome_2022__Toll Like Receptor 9 (TLR9) Cascade R-HSA-168138,0.40272662809953036,0.7978669980666876,0.8463385354141657,0.9421674479918615,1.0,36/105,9.90%,UBB;UBC;CREB1;TANK;APP;MAPKAPK3;MAP2K1;UBA52;IRF7;MAPK3;PPP2CB;NLRC5;MAP3K1;UBE2N;TNIP2;FBXW11;PPP2R1B;NFKB1;AGER;RPS27A;MAPK8;MAP2K6;LRRC14;SKP1;NKIRAS2;USP18;TICAM1;CHUK;DUSP3;ECSIT;IRAK1;CUL1;RPS6KA5;NFKB2;TRAF6;PELI1,T cells
prerank,Reactome_2022__Downregulation Of TGF-beta Receptor Signaling R-HSA-2173788,0.4753958221042287,0.7977846502023375,0.7800891530460624,0.9412781622581421,1.0,10/26,6.11%,UBB;PPP1CC;UBC;USP15;TGFBR1;XPO1;UBA52;PPP1R15A;NEDD4L;RPS27A,T cells
prerank,Reactome_2022__KSRP (KHSRP) Binds And Destabilizes mRNA R-HSA-450604,-0.46865044664408806,-0.7977721483953065,0.7393617021276596,1.0,1.0,8/17,5.89%,MAPK14;PARN;AKT1;KHSRP;EXOSC2;EXOSC8;EXOSC6;EXOSC1,T cells
prerank,Reactome_2022__TP53 Regulates Transcription Of Death Receptors And Ligands R-HSA-6803211,-0.49261734603370105,-0.7974724205438365,0.7220630372492837,1.0,1.0,5/12,13.91%,PPP1R13B;TNFRSF10A;FASN;IGFBP3;TP53BP2,T cells
prerank,Reactome_2022__Sema4D Induced Cell Migration And Growth-Cone Collapse R-HSA-416572,-0.4474853188421577,-0.7974135107399942,0.7537993920972644,1.0,1.0,6/20,3.56%,RHOC;RHOA;LIMK2;ROCK1;ROCK2;LIMK1,T cells
prerank,Reactome_2022__Glycosaminoglycan Metabolism R-HSA-1630316,0.39480889239949535,0.7969305288087546,0.8535414165666266,0.9415841829888257,1.0,34/120,15.81%,CSGALNACT2;B4GALT1;CHST11;B4GALT5;HEXA;B3GAT1;CHORDC1;HS2ST1;SLC35D2;ABCC5;ARSB;B3GAT3;ST3GAL1;CHST12;SDC1;HSPG2;NDST1;B4GALT3;GUSB;B4GALT4;SDC2;CSGALNACT1;HMMR;B4GALT2;AGRN;CHST7;B3GAT2;CHSY3;NDST2;ST3GAL3;SDC3;BGN;PAPSS2;GPC3,T cells
prerank,Reactome_2022__PKA-mediated Phosphorylation Of CREB R-HSA-111931,0.5000283496838146,0.7965864518000215,0.7746478873239436,0.9411490939502507,1.0,4/19,7.52%,CREB1;CALM1;PRKCA;ADCY9,T cells
prerank,Reactome_2022__PKA Activation In Glucagon Signaling R-HSA-164378,-0.4579675492397982,-0.7964772745473752,0.75,1.0,1.0,2/16,4.52%,PRKACB;ADCY7,T cells
prerank,Reactome_2022__Degradation Of Extracellular Matrix R-HSA-1474228,0.40783362733606177,0.796228255864018,0.8458646616541353,0.9407010895720669,1.0,14/109,8.95%,CAPN1;PSEN1;ADAM10;CXXC1;ADAM17;CTSS;BSG;LAMB1;CASP3;FZR1;LAMA5;LAMC1;HSPG2;ADAMTS1,T cells
prerank,Reactome_2022__Defective B3GALT6 Causes EDSP2 And SEMDJL1 R-HSA-4420332,0.49225500939559613,0.7960695316675346,0.7717717717717718,0.9399266814691011,1.0,8/20,16.75%,SDC1;HSPG2;SDC2;AGRN;SDC3;BGN;GPC3;SDC4,T cells
prerank,Reactome_2022__Gastrulation R-HSA-9758941,-0.44927060023796556,-0.7957713938003586,0.7243401759530792,1.0,1.0,4/17,6.37%,TCF7;SMAD2;CTNNB1;SMAD3,T cells
prerank,Reactome_2022__Ca-dependent Events R-HSA-111996,-0.40221571861841987,-0.7955939964625195,0.7792207792207793,1.0,1.0,6/35,6.28%,GRK2;PRKACB;MAPK1;PRKX;ADCY7;PRKCD,T cells
prerank,Reactome_2022__Nuclear Events Stimulated By ALK Signaling In Cancer R-HSA-9725371,0.5003313666789576,0.7954481184559248,0.7627627627627628,0.9399023716764098,1.0,8/19,9.34%,NPM1;RPS6;RBX1;MAPK3;MECP2;SKP1;ZC3HC1;CUL1,T cells
prerank,Reactome_2022__MET Promotes Cell Motility R-HSA-8875878,-0.41793464024985844,-0.7951144682541087,0.7810650887573964,1.0,1.0,6/28,7.05%,RAP1B;GRB2;RAP1A;CRKL;CRK;RNMT,T cells
prerank,Reactome_2022__Signaling By PDGF R-HSA-186797,-0.38343363069663267,-0.7913599586432045,0.83984375,1.0,1.0,12/52,7.94%,PIK3R1;STAT5A;STAT3;GRB2;FURIN;CRKL;CRK;PIK3CB;HRAS;SYNGAP1;NCK2;COL6A2,T cells
prerank,Reactome_2022__RNA Polymerase III Chain Elongation R-HSA-73780,0.49590490382870844,0.791328855065451,0.7671232876712328,0.9451921431528177,1.0,6/17,10.78%,POLR2K;CRCP;POLR2L;POLR3E;POLR3C;POLR3H,T cells
prerank,Reactome_2022__Collagen Formation R-HSA-1474290,0.41011058466330597,0.791196768707745,0.8475222363405337,0.9443786560413275,1.0,28/90,20.14%,PPIB;CTSS;P4HB;ITGA6;COL4A1;P3H2;COL4A2;PLOD3;COL27A1;PLOD2;COL4A4;COL4A6;COL4A5;CTSB;MMP7;ITGB4;LAMC2;COL18A1;COL13A1;DST;COL9A2;COL28A1;COL4A3;COL25A1;COL5A3;COL15A1;TLL1;BMP1,T cells
prerank,Reactome_2022__Maturation Of Nucleoprotein R-HSA-9683610,0.53724123289781,0.7911444269881245,0.7844408427876823,0.9434417943483738,1.0,3/12,2.70%,PARP14;SUMO1;UBE2I,T cells
prerank,Reactome_2022__Signaling By Retinoic Acid R-HSA-5362517,-0.39038505368469695,-0.7907217496531554,0.8266666666666667,1.0,1.0,5/41,4.44%,DHRS3;PDHA1;PDK3;AKR1C3;CPT1A,T cells
prerank,Reactome_2022__Pyroptosis R-HSA-5620971,-0.4287588341402177,-0.7903164721223147,0.7859237536656891,1.0,1.0,5/25,2.41%,IRF1;HMGB1;CASP1;GZMB;BAK1,T cells
prerank,Reactome_2022__Pre-NOTCH Processing In Golgi R-HSA-1912420,-0.4535878156599365,-0.7899948675019354,0.7545454545454545,1.0,1.0,8/18,6.21%,ST3GAL4;RFNG;MFNG;FURIN;SEL1L;NOTCH2;LFNG;ATP2A3,T cells
prerank,Reactome_2022__Regulation Of TP53 Degradation R-HSA-6804757,0.45063830426048207,0.7892915722153818,0.7997138769670958,0.9452013229097518,1.0,9/36,6.11%,UBB;UBC;USP7;RNF34;UBA52;PPP2CB;PPP2R5C;PPP2R1B;RPS27A,T cells
prerank,Reactome_2022__Hyaluronan Uptake And Degradation R-HSA-2160916,0.5374733771216037,0.78898116457159,0.7866043613707165,0.9447271475524924,1.0,4/12,13.60%,HEXA;CHORDC1;GUSB;HMMR,T cells
prerank,Reactome_2022__Abacavir ADME R-HSA-2161522,0.5444834592076457,0.7886440252347271,0.7971698113207547,0.944243681878631,1.0,3/10,11.07%,GUK1;ABCB1;SLC22A2,T cells
prerank,Reactome_2022__NOTCH4 Intracellular Domain Regulates Transcription R-HSA-9013695,-0.44506438868422926,-0.7879819030513803,0.7385057471264368,1.0,1.0,8/19,8.49%,RBPJ;EP300;NOTCH2;KAT2B;SMAD3;MAML2;MAML3;KAT2A,T cells
prerank,Reactome_2022__CYP2E1 Reactions R-HSA-211999,-0.503997091494405,-0.7855021801173145,0.76,1.0,1.0,1/10,13.84%,CYP2F1,T cells
prerank,Reactome_2022__Formation Of Early Elongation Complex R-HSA-113418,0.44951605685361223,0.7836678040134268,0.7902777777777777,0.9506586691466391,1.0,12/33,9.34%,POLR2K;NELFB;POLR2C;POLR2I;GTF2F1;NCBP2;GTF2H2;GTF2H4;POLR2L;SUPT4H1;POLR2G;ERCC3,T cells
prerank,Reactome_2022__CREB1 Phosphorylation Thru NMDA Receptor-Mediated Activation Of RAS Signaling R-HSA-442742,0.4683587385734439,0.7835505751755436,0.7901785714285714,0.9498240112075722,1.0,5/27,8.58%,CREB1;CALM1;MAPK3;CAMK2D;DLG1,T cells
prerank,Reactome_2022__Regulation Of TP53 Activity Thru Acetylation R-HSA-6804758,-0.40306651151516787,-0.7808877623776803,0.8,1.0,1.0,9/29,4.42%,KAT6A;ING3;PIP4K2A;AKT2;AKT1;EP300;AKT3;PML;MTA2,T cells
prerank,Reactome_2022__RNA Polymerase III Transcription Initiation R-HSA-76046,0.4404528795440136,0.7805186352439922,0.8020086083213773,0.9533363693950733,1.0,11/35,10.78%,POLR2K;GTF3C6;CRCP;POLR2L;GTF3C4;POLR3E;ZNF143;POLR3C;SNAPC2;SNAPC1;POLR3H,T cells
prerank,Reactome_2022__Butyrophilin (BTN) Family Interactions R-HSA-8851680,0.5272089717274586,0.780501057763112,0.7792998477929984,0.9523605140845434,1.0,4/12,16.81%,BTN3A2;PPL;BTN3A3;BTN2A2,T cells
prerank,Reactome_2022__Mismatch Repair R-HSA-5358508,0.5030886698122149,0.7789074208338481,0.7957860615883307,0.9537049822486415,1.0,5/15,8.02%,RPA3;PCNA;MSH6;MSH2;POLR1A,T cells
prerank,Reactome_2022__HS-GAG Degradation R-HSA-2024096,-0.43824288554670676,-0.7784547369542563,0.8202898550724638,1.0,1.0,5/21,7.21%,IDS;GLB1;NAGLU;GPC5;HPSE,T cells
prerank,Reactome_2022__Factors Involved In Megakaryocyte Development And Platelet Production R-HSA-983231,0.38671915618326935,0.7774757689906195,0.8741092636579573,0.9548647137672235,1.0,42/133,15.38%,CAPZA2;CAPZB;HDAC2;HMG20B;DOCK11;CBX5;KIF12;KIF13B;HDAC1;AK3;PRKCA;RAD51C;AKAP10;EHD1;MFN2;PHF21A;CDK5;KIF11;KIF3A;RACGAP1;DOCK5;WEE1;CENPE;RCOR1;DOCK1;AKAP1;KIF1C;CARMIL1;KIF27;JAK2;VPS45;RAD51B;KIF2A;CABLES2;KIF4A;DOCK7;KLC4;KIFC2;IRF2;GATA2;MFN1;KIF9,T cells
prerank,Reactome_2022__TP53 Regulates Transcription Of Genes Involved In Cytochrome C Release R-HSA-6803204,0.4819183302448735,0.7752193882871997,0.8160237388724035,0.9571463227587967,1.0,4/20,3.25%,PRELID1;BAX;PMAIP1;CREBBP,T cells
prerank,Reactome_2022__Meiotic Recombination R-HSA-912446,-0.42129230864062905,-0.7751622356588461,0.7938461538461539,1.0,1.0,5/26,7.63%,ATM;CDK4;MSH5;PSMC3IP;MLH1,T cells
prerank,Reactome_2022__TP53 Regulates Transcription Of Cell Death Genes R-HSA-5633008,0.43204433235307693,0.7750230743927321,0.8163265306122449,0.9564326313896946,1.0,7/44,4.26%,PRELID1;BAX;RABGGTB;PMAIP1;CREBBP;PERP;TMEM219,T cells
prerank,Reactome_2022__Biosynthesis Of N-glycan Precursor (Dolichol LLO) And Transfer To Protein R-HSA-446193,0.4067683012202863,0.773809782003177,0.8470437017994858,0.9572685150638666,1.0,26/76,12.77%,PMM1;DPM3;NANS;NAGK;ST6GAL1;ALG5;GFPT1;PMM2;ALG3;ST8SIA6;ALG14;AMDHD2;ALG8;ST3GAL1;ALG9;MVD;UAP1;SLC35A1;DPM1;ALG12;ST6GALNAC3;FPGT;GNE;DHDDS;GMPPB;ST8SIA1,T cells
prerank,Reactome_2022__GAB1 Signalosome R-HSA-180292,-0.44701204014854773,-0.7736306025715778,0.8011695906432749,1.0,1.0,5/17,8.23%,PIK3R1;GRB2;AREG;TGFA;PAG1,T cells
prerank,Reactome_2022__Lysosphingolipid And LPA Receptors R-HSA-419408,-0.4630768107543898,-0.772591680590522,0.7976878612716763,1.0,1.0,2/14,1.02%,S1PR5;LPAR2,T cells
prerank,Reactome_2022__RNA Pol II CTD Phosphorylation And Interaction With CE R-HSA-77075,0.4614828411742617,0.771639422499772,0.797432239657632,0.9594600300416496,1.0,10/27,10.70%,POLR2K;POLR2C;POLR2I;GTF2F1;GTF2H2;GTF2H4;POLR2L;POLR2G;ERCC3;POLR2J,T cells
prerank,Reactome_2022__IL-6-type Cytokine Receptor Ligand Interactions R-HSA-6788467,0.4896188342839323,0.7707050906696653,0.8012326656394453,0.959765108893918,1.0,6/17,14.37%,CCM2;LIFR;IL6ST;JAK2;CLCF1;IL11RA,T cells
prerank,Reactome_2022__RA Biosynthesis Pathway R-HSA-5365859,-0.4206832426999922,-0.769602187942168,0.7964601769911505,1.0,1.0,2/22,3.55%,DHRS3;AKR1C3,T cells
prerank,Reactome_2022__Recycling Pathway Of L1 R-HSA-437239,0.45173338494040405,0.7694073172721965,0.8127659574468085,0.960693157017453,1.0,11/28,13.25%,MSN;RDX;AP2A2;AP2B1;DPYSL2;L1CAM;RPS6KA5;SHTN1;AP2A1;KIF4A;RPS6KA6,T cells
prerank,Reactome_2022__PERK Regulates Gene Expression R-HSA-381042,0.44553734133245515,0.7690468921144061,0.8321060382916053,0.9601848831553728,1.0,10/32,7.54%,EIF2S1;ATF4;DDIT3;NFYC;DIS3;EIF2AK3;EXOSC7;HERPUD1;EXOSC4;EXOSC3,T cells
prerank,Reactome_2022__SUMOylation Of DNA Methylation Proteins R-HSA-4655427,0.49780241049276086,0.768351654966202,0.7961309523809523,0.9601883679457259,1.0,8/15,17.30%,SUMO1;UBE2I;CBX4;RNF2;PHC2;PCGF2;PHC3;SCMH1,T cells
prerank,Reactome_2022__Nuclear Receptor Transcription Pathway R-HSA-383280,-0.3598583217675853,-0.7682671782482924,0.9191176470588235,1.0,1.0,9/53,7.97%,NR3C1;NR3C2;NRBP1;RORA;AREG;NRBF2;NR2C2AP;NR4A3;RARA,T cells
prerank,Reactome_2022__Erythropoietin Activates Phosphoinositide-3-kinase (PI3K) R-HSA-9027276,-0.48012730139477244,-0.7679387080013357,0.7634408602150538,1.0,1.0,4/12,5.79%,PIK3R1;CLSTN1;PIK3CG;PIK3CB,T cells
prerank,Reactome_2022__Fatty Acid Metabolism R-HSA-8978868,0.371366069569364,0.7666424036163217,0.9203233256351039,0.9616885449400998,1.0,55/172,16.55%,ACADM;CBR4;ACOT13;PTGR1;HACD3;ACBD5;ECHS1;PCCA;MORC2;ACSL1;NUDT7;PRKAA2;HSD17B8;HSD17B12;RXRA;ACOT9;TECR;NDUFAB1;ABCC1;ELOVL1;MMUT;EPHX2;DBI;DECR1;CYP2U1;CYP1B1;ACLY;SLC27A3;PRXL2B;PPT1;ELOVL5;CBR1;HPGD;GPX4;ACAD10;HADHA;CROT;ACBD6;PPARD;ALDH3A2;ABCD1;ACOT4;ACOT11;LTA4H;HACD4;ACSF2;MECR;MCAT;SCD;DPEP1;PTGS1;CYP4F22;ACOT2;PON2;ACOT7,T cells
prerank,Reactome_2022__Uptake And Function Of Anthrax Toxins R-HSA-5210891,-0.49042956396488563,-0.7664859992064914,0.7632978723404256,1.0,1.0,6/11,6.30%,ANTXR2;FURIN;MAP2K2;MAP2K3;MAP2K4;MAP2K7,T cells
prerank,Reactome_2022__Pregnenolone Biosynthesis R-HSA-196108,-0.4781582884135514,-0.766472590742455,0.7665706051873199,1.0,1.0,5/12,6.14%,TSPOAP1;TSPO;STARD3;STARD4;STARD3NL,T cells
prerank,Reactome_2022__GPCR Ligand Binding R-HSA-500792,0.35203989439624345,0.7661620083484681,0.9775880469583778,0.9613765753161213,1.0,32/455,11.55%,CCL5;CCL4;GNG5;S1PR4;APP;KNG1;ADRB2;CCL3;LPAR6;PTRH2;POMC;GNB5;PTGER1;CYSLTR1;PTCH1;CCR7;FZD4;OPRM1;ACKR3;S1PR1;P2RY10;GNAS;GNG11;MC1R;AVPR2;CCL28;GNG7;GPR183;RAMP2;CNOT6;PTH2R;GPR55,T cells
prerank,Reactome_2022__Metabolism Of Nitric Oxide: NOS3 Activation And Regulation R-HSA-202131,0.4891102448625181,0.765740087225298,0.8077519379844961,0.9610011976516923,1.0,4/15,3.39%,NOSIP;DDAH2;CALM1;LYPLA1,T cells
prerank,Reactome_2022__Integration Of Energy Metabolism R-HSA-163685,0.3867941871119727,0.7656696251697728,0.8789407313997478,0.9601045626185706,1.0,20/105,10.80%,GNG5;TALDO1;VAMP2;GNAQ;PPP2CB;ADIPOR1;PRKCA;PPP2R1B;PRKAA2;GNB5;ADCY9;GNAS;GNG11;TKT;RAPGEF3;GNAI1;ACLY;GNG7;CACNA2D2;IQGAP1,T cells
prerank,Reactome_2022__Pyrimidine Salvage R-HSA-73614,-0.49516668155808763,-0.7654154557336668,0.7768361581920904,1.0,1.0,2/11,1.68%,DCK;TK2,T cells
prerank,Reactome_2022__Ca2+ Pathway R-HSA-4086398,0.41081582114764725,0.7650326869565166,0.8505897771952818,0.9600026921248008,1.0,18/61,13.82%,GNG5;CALM1;PRKCA;NFATC1;TCF7L2;MYC;GNB5;TNRC6B;FZD4;GNG11;MOV10;AGO4;MAP3K7;GNG7;GNG2;AGO1;AGO3;PPP3R1,T cells
prerank,Reactome_2022__Gap Junction Degradation R-HSA-190873,-0.4841915934700135,-0.7647494888074151,0.7801047120418848,1.0,1.0,3/10,4.87%,AP2M1;CLTC;DNM2,T cells
prerank,Reactome_2022__Opioid Signaling R-HSA-111885,0.3894268597468961,0.7643335218823529,0.8856088560885609,0.960057879811027,1.0,17/88,8.25%,GNG5;CREB1;CALM1;GNAQ;GNAI3;KPNA2;PPP2CB;PPP3CC;PRKCA;PPP2R1B;POMC;GNB5;CAMK2D;CDK5;ADCY9;OPRM1;GNG11,T cells
prerank,Reactome_2022__Termination Of O-glycan Biosynthesis R-HSA-977068,-0.41261146375614133,-0.7641337909028881,0.8263665594855305,1.0,1.0,2/24,1.31%,ST3GAL2;ST3GAL4,T cells
prerank,Reactome_2022__Signaling To ERKs R-HSA-187687,-0.39415964435622414,-0.7640076438497984,0.8620689655172413,1.0,1.0,10/33,6.79%,BRAF;MAPK1;GRB2;MAPK14;RAP1A;MAP2K2;CRKL;CRK;HRAS;SHC1,T cells
prerank,Reactome_2022__Lysine Catabolism R-HSA-71064,0.520266847553655,0.7634960038980405,0.8158730158730159,0.9603043306070635,1.0,4/12,12.69%,DLST;OGDH;ALDH7A1;AASS,T cells
prerank,Reactome_2022__ROS And RNS Production In Phagocytes R-HSA-1222556,0.4365598107632378,0.7634710450109697,0.8242074927953891,0.9593405864927476,1.0,10/36,10.68%,ATP6V0C;RAC2;ATP6V1G1;ATP6V0D1;ATP6V0E1;ATP6V0A2;CYBA;ATP6V0A4;ATP6V1F;ATP6V1A,T cells
prerank,Reactome_2022__Thrombin Signaling Thru Proteinase Activated Receptors (PARs) R-HSA-456926,0.44690854886449766,0.7633411425134348,0.8513119533527697,0.958527380621943,1.0,5/32,8.25%,GNG5;GNAQ;MAPK3;GNB5;GNG11,T cells
prerank,Reactome_2022__Cytosolic Sulfonation Of Small Molecules R-HSA-156584,-0.4223795435480949,-0.7624280489991403,0.8005865102639296,1.0,1.0,3/21,3.66%,SLC26A2;TPST2;PAPSS1,T cells
prerank,Reactome_2022__G Alpha (Q) Signaling Events R-HSA-416476,0.36597309381374515,0.7614804879104908,0.9382151029748284,0.9601659187226105,1.0,24/211,9.69%,GNG5;RASGRP2;CREB1;APP;GNAQ;KNG1;ABHD12;PIK3CA;MAPK3;PRKCA;LPAR6;PRKCQ;RGS3;GNB5;PTGER1;RGS1;RGS19;CYSLTR1;EGFR;P2RY10;GNG11;SOS1;PIK3R2;RGS17,T cells
prerank,Reactome_2022__Defects Of Contact Activation System (CAS) And Kallikrein/Kinin System (KKS) R-HSA-9651496,0.4994777557317719,0.7607828261309282,0.80623973727422,0.9601582380982921,1.0,6/15,13.35%,GGCX;FAM110A;TPST1;SERPING1;F8;KLKB1,T cells
prerank,Reactome_2022__TRAF3-dependent IRF Activation Pathway R-HSA-918233,0.49920775503316,0.7596262718481853,0.823051948051948,0.9607451220874391,1.0,8/14,14.60%,IRF7;CREBBP;IKBKE;TRAF3;MAVS;IRF3;RNF135;TBK1,T cells
prerank,Reactome_2022__Retrograde Neurotrophin Signaling R-HSA-177504,-0.4697791823469581,-0.7595894975348975,0.7900874635568513,1.0,1.0,4/14,4.87%,AP2M1;AP2S1;CLTC;DNM2,T cells
prerank,Reactome_2022__MAPK3 (ERK1) Activation R-HSA-110056,0.5257500334903039,0.7585130445981546,0.8303715670436187,0.961306325518303,1.0,6/10,10.93%,MAP2K1;MAPK3;PTPN11;IL6ST;CDK1;JAK2,T cells
prerank,Reactome_2022__Signaling By FGFR2 In Disease R-HSA-5655253,0.42538244792620833,0.7584792808457567,0.851063829787234,0.9603552873639694,1.0,11/42,10.70%,POLR2K;POLR2C;PIK3CA;POLR2I;GTF2F1;NCBP2;POLR2L;SOS1;PLCG1;POLR2G;POLR2J,T cells
prerank,Reactome_2022__Defective Homologous Recombination Repair (HRR) Due To BRCA2 Loss Of Function R-HSA-9701190,0.4287965878455027,0.7581897858668293,0.8358831710709318,0.9597491817915637,1.0,18/40,14.85%,RPA3;MRE11;BLM;RAD51C;RAD17;RAD50;RFC4;RBBP8;POLR1A;RAD51AP1;BRCA2;RAD9A;RFC2;RAD51B;KAT5;RFC5;BRCA1;RRAD,T cells
prerank,Reactome_2022__MyD88:MAL(TIRAP) Cascade Initiated On Plasma Membrane R-HSA-166058,0.3803409755102759,0.7578369857619214,0.9065868263473054,0.9592297013597317,1.0,34/112,9.90%,UBB;UBC;CREB1;TANK;APP;MAPKAPK3;MAP2K1;UBA52;MAPK3;PPP2CB;NLRC5;MAP3K1;UBE2N;TNIP2;FBXW11;PPP2R1B;NFKB1;AGER;RPS27A;MAPK8;MAP2K6;LRRC14;SKP1;NKIRAS2;USP18;CHUK;DUSP3;ECSIT;IRAK1;CUL1;RPS6KA5;NFKB2;TRAF6;PELI1,T cells
prerank,Reactome_2022__Rap1 Signaling R-HSA-392517,-0.4439713929226703,-0.7578354860972141,0.8103448275862069,1.0,1.0,4/16,2.68%,SIPA1;PRKACB;RAP1B;RAP1A,T cells
prerank,Reactome_2022__Nephrin Family Interactions R-HSA-373753,-0.4163804305409604,-0.7572123689871986,0.808641975308642,1.0,1.0,6/22,7.18%,PIK3R1;CASK;FYN;CD2AP;PIK3CB;NCK2,T cells
prerank,MSigDB_Hallmark_2020__Myogenesis,0.3630687392815554,0.7571091319265016,0.9365079365079365,0.9838040286869465,1.0,33/199,9.40%,CKB;SPTAN1;BAG1;CLU;ATP6AP1;RB1;CRYAB;APP;CNN3;ITGB1;LSP1;COX7A1;IGFBP7;FLII;GABARAPL2;BIN1;ACSL1;GPX3;RIT1;LARGE1;MYL6B;FDPS;PLXNB2;FABP3;NOTCH1;ADCY9;MYH9;LPIN1;HDAC5;SOD3;PVALB;PKIA;WWTR1,T cells
prerank,Reactome_2022__CD28 Dependent PI3K/Akt Signaling R-HSA-389357,0.46049292797063185,0.7565711676403349,0.802962962962963,0.9600050423125841,1.0,2/23,2.88%,LCK;PIK3CA,T cells
prerank,Reactome_2022__RHOF GTPase Cycle R-HSA-9035034,0.4241325878905964,0.7554945818115995,0.8491620111731844,0.9605641246578429,1.0,6/42,3.12%,DIAPH1;CAPZB;MTMR1;SLC4A7;FARP1;SRGAP2,T cells
prerank,Reactome_2022__SHC1 Events In EGFR Signaling R-HSA-180336,-0.4573958695974847,-0.7537572471972966,0.8140161725067385,1.0,1.0,5/13,7.10%,GRB2;AREG;HRAS;SHC1;TGFA,T cells
prerank,Reactome_2022__Oxidative Stress Induced Senescence R-HSA-2559580,0.40045166861166026,0.7517301675201261,0.8772378516624041,0.9646814276012402,1.0,19/63,8.62%,UBB;UBC;CDK6;TFDP2;MAPKAPK3;UBA52;MAPK3;EZH2;MAP3K5;MAP4K4;TXN2;RPS27A;CBX4;MAPK8;MAP2K6;RNF2;TNRC6B;EED;MOV10,T cells
prerank,MSigDB_Hallmark_2020__Wnt-beta Catenin Signaling,0.4219950366407392,0.751195123789244,0.853021978021978,0.9682895132282089,1.0,14/42,13.57%,HDAC2;ADAM17;MYC;JAG1;PTCH1;NOTCH1;HDAC5;SKP2;CCND2;CUL1;GNAI1;MAML1;PPARD;FZD1,T cells
prerank,Reactome_2022__RAB GEFs Exchange GTP For GDP On RABs R-HSA-8876198,0.3885196637310373,0.7510281292627019,0.8975308641975308,0.9646526273408058,1.0,20/88,8.33%,TRAPPC4;RAB27A;RAB5C;DENND6A;RAB6A;TRAPPC2;RAB13;RIN3;GAPVD1;RAB21;RAB12;ANKRD27;MON1A;TRAPPC12;TRAPPC3;RAB8B;RABGEF1;RAB10;RAB8A;DENND4C,T cells
prerank,Reactome_2022__G Beta:Gamma Signaling Thru CDC42 R-HSA-8964616,0.462018541701442,0.7495246337732926,0.8484848484848485,0.9657126761173306,1.0,5/20,12.28%,GNG5;GNB5;GNG11;GNG7;GNG2,T cells
prerank,MSigDB_Hallmark_2020__Epithelial Mesenchymal Transition,0.3582871619060664,0.7491501573363278,0.9586206896551724,0.9476742853475623,1.0,42/200,11.85%,EMP3;SAT1;PPIB;COPA;TGFBR3;CD59;MCM7;ITGB1;GPX7;TPM1;GLIPR1;SNTB1;LGALS1;IGFBP2;PFN2;SGCB;MYL9;CALD1;VEGFA;SDC1;LAMC1;COL4A1;QSOX1;TNFRSF11B;MXRA5;FERMT2;CCN2;CADM1;COL4A2;THY1;IGFBP4;IL32;TPM2;TIMP3;RHOB;PLOD3;SLIT3;FBLN2;PLOD2;FN1;TNFRSF12A;FBLN5,T cells
prerank,Reactome_2022__RHOV GTPase Cycle R-HSA-9013424,0.42258935528213537,0.7469305914058789,0.8441379310344828,0.968248342906684,1.0,13/36,10.80%,SPTAN1;MYO9A;TXNL1;PEAK1;GIT1;PKN2;SPTBN1;WASL;MAP3K11;ARHGEF7;CCP110;ARHGAP12;IQGAP1,T cells
prerank,Reactome_2022__TRP Channels R-HSA-3295583,0.45160713862286705,0.7453301030688326,0.8472834067547724,0.96940933835106,1.0,5/25,15.46%,MCOLN2;TRPV2;TRPM3;TRPV4;MCOLN3,T cells
prerank,Reactome_2022__Activation Of Arylsulfatases R-HSA-1663150,0.5007245618560339,0.7452793107267844,0.828393135725429,0.9684949284104354,1.0,4/12,10.93%,ARSB;ARSK;ARSD;ARSA,T cells
prerank,Reactome_2022__Homologous DNA Pairing And Strand Exchange R-HSA-5693579,0.4178371438664972,0.7450691849887932,0.8672199170124482,0.9677724461839257,1.0,18/42,14.85%,RPA3;MRE11;BLM;RAD51C;RAD17;RAD50;RFC4;RBBP8;POLR1A;RAD51AP1;BRCA2;RAD9A;RFC2;RAD51B;KAT5;RFC5;BRCA1;RRAD,T cells
prerank,Reactome_2022__STAT5 Activation Downstream Of FLT3 ITD Mutants R-HSA-9702518,-0.48511487283762283,-0.7434933047015098,0.8065326633165829,1.0,1.0,3/10,5.21%,STAT5A;GRB2;CDKN1A,T cells
prerank,Reactome_2022__Netrin-1 Signaling R-HSA-373752,0.41283882844238345,0.743117224384033,0.8857142857142857,0.9694385284125362,1.0,16/49,14.19%,PTPN11;PRKCQ;MAPK8;WASL;MAPK13;NTN4;PLCG1;PITPNA;DOCK1;NEO1;SLIT3;TRIO;SIAH2;MYO10;NCK1;PTK2,T cells
prerank,Reactome_2022__Class A/1 (Rhodopsin-like Receptors) R-HSA-373076,0.34671795833635977,0.7427309998068489,0.9844617092119867,0.9689489924975716,1.0,16/325,7.97%,CCL5;CCL4;S1PR4;APP;KNG1;ADRB2;CCL3;LPAR6;POMC;PTGER1;CYSLTR1;CCR7;OPRM1;ACKR3;S1PR1;P2RY10,T cells
prerank,Reactome_2022__Glycerophospholipid Biosynthesis R-HSA-1483206,0.37260754572742955,0.7416994875065566,0.9290780141843972,0.9693344876521094,1.0,35/126,14.15%,CSNK2B;CPNE1;ETNK1;AGPAT3;PITPNB;LPCAT4;LPCAT1;PNPLA2;DDHD2;GPD2;SLC44A1;PNPLA8;MBOAT1;CEPT1;LPIN1;CHKB;STARD7;DDHD1;LPCAT3;CHPT1;PLA2G6;MGLL;GPAM;LPCAT2;HADHA;PEMT;PLA2G15;GPAT3;SLC44A3;LIPH;MBOAT2;LPIN3;AGPAT2;CRLS1;PLA2G4B,T cells
prerank,Reactome_2022__RNA Polymerase III Transcription Initiation From Type 3 Promoter R-HSA-76071,0.4330715789752313,0.7416741516398331,0.8460388639760837,0.9683777460091285,1.0,9/27,10.78%,POLR2K;CRCP;POLR2L;POLR3E;ZNF143;POLR3C;SNAPC2;SNAPC1;POLR3H,T cells
prerank,MSigDB_Hallmark_2020__UV Response Dn,0.3698303184173321,0.7410468717447342,0.9300947867298578,0.9358153638814016,1.0,57/144,13.82%,ATXN1;RASA2;PHF3;MT1E;ATP2C1;TGFBR3;MRPS31;ATRN;TOGARAM1;PRKCA;NR1D2;DYRK1A;MTA1;ATP2B4;ID1;INSIG1;NFKB1;MYC;IGFBP5;NFIB;RXRA;ANXA2;ABCC1;PDLIM5;SYNJ2;ZMIZ1;DMAC2L;NEK7;IGF1R;LDLR;SFMBT1;RBPMS;PLPP3;DLG1;LAMC1;TGFBR2;SRI;CDC42BPA;TJP1;ADGRL2;SIPA1L1;ACVR2A;ANXA4;SYNE1;MGLL;SDC2;NRP1;MET;DDAH1;FBLN5;SLC7A1;PPARG;MIOS;TENT4A;EFEMP1;KCNMA1;GRK5,T cells
prerank,Reactome_2022__Regulated Proteolysis Of p75NTR R-HSA-193692,0.5061240382090106,0.7403729999350434,0.8393135725429017,0.9691182836152736,1.0,5/11,9.80%,PSEN1;ADAM17;PSENEN;NFKB1;TRAF6,T cells
prerank,Reactome_2022__Signaling By Insulin Receptor R-HSA-74752,0.3879001736033023,0.7402421442866565,0.8983050847457628,0.9683089296157404,1.0,19/77,11.12%,ATP6V0C;ATP6AP1;PIK3CA;MAPK3;PTPN11;ATP6V1G1;ATP6V0D1;ATP6V0E1;ATP6V0A2;KL;SOS1;ATP6V0A4;FGFR3;ATP6V1F;PIK3R2;TRIB3;ATP6V1A;FGFR1;IRS2,T cells
prerank,Reactome_2022__Voltage Gated Potassium Channels R-HSA-1296072,-0.3596852732542008,-0.7399686085522678,0.937007874015748,1.0,1.0,6/43,13.58%,KCNA3;KCNA2;KCNQ1;KCNB1;KCNG1;KCNQ3,T cells
prerank,Reactome_2022__Presynaptic Phase Of Homologous DNA Pairing And Strand Exchange R-HSA-5693616,0.419781737717676,0.7386766650764969,0.8665730337078652,0.9693545663679289,1.0,17/39,14.85%,RPA3;MRE11;BLM;RAD51C;RAD17;RAD50;RFC4;RBBP8;POLR1A;BRCA2;RAD9A;RFC2;RAD51B;KAT5;RFC5;BRCA1;RRAD,T cells
prerank,Reactome_2022__RAC1 GTPase Cycle R-HSA-9013149,0.358937812536407,0.7383029405071578,0.9561707035755479,0.9688757134549287,1.0,58/176,13.41%,KTN1;DOCK11;LBR;BRK1;WIPF2;PIK3CA;FARP1;ARHGAP26;SRGAP2;ITGB1;VAV3;GIT1;ERBIN;PKN2;TAOK3;ARHGAP29;SLC1A5;CYFIP2;ARHGEF18;FMNL1;ARHGAP24;REPS1;JAG1;ARAP1;ECT2;FAM13A;NCKAP1;WASL;RACGAP1;FARP2;CYBA;DOCK5;SOS1;ARHGEF7;SPATA13;AMIGO2;ARHGAP30;ARHGAP12;PIK3R2;CDC42BPA;ARHGAP21;ARHGEF10;FERMT2;DOCK1;SWAP70;ARHGEF39;IQGAP1;ABI2;ABL2;DHDDS;MYO9B;TRIO;ARAP2;ARHGAP31;LEMD3;WIPF1;OPHN1;ARHGEF11,T cells
prerank,Reactome_2022__Metabolism Of Steroid Hormones R-HSA-196071,0.4183922213489123,0.7378850722322334,0.8432732316227461,0.9684479056018955,1.0,5/35,5.74%,FDX1;AKR1B1;HSD11B2;HSD17B12;POMC,T cells
prerank,Reactome_2022__Cell Junction Organization R-HSA-446728,0.3814533378994928,0.7361304722700857,0.9194373401534527,0.9697838743241828,1.0,36/85,18.04%,ITGB1;CLDN7;JUP;ITGA6;LIMS1;RSU1;FZR1;CLDN10;CLDN8;NECTIN2;AFDN;CLDN12;FERMT2;CLDN3;CADM1;PRKCI;F11R;CLDN4;PARVB;ILK;CLDN15;ACTN1;PARD6B;CLDN14;CLDN19;ANG;ITGB4;SDK1;CADM2;LAMC2;LIMS2;PARD3;DST;NECTIN4;NECTIN1;CDH2,T cells
prerank,Reactome_2022__AKT Phosphorylates Targets In Nucleus R-HSA-198693,-0.48138697166455025,-0.7358334215417954,0.8316062176165803,1.0,1.0,5/10,6.01%,AKT2;AKT1;AKT3;RPS6KB2;FOXO1,T cells
prerank,Reactome_2022__Metabolic Disorders Of Biological Oxidation Enzymes R-HSA-5579029,-0.3709038601156906,-0.735733177004686,0.9018181818181819,1.0,1.0,3/34,4.24%,TBXAS1;GCLM;GCLC,T cells
prerank,Reactome_2022__Platelet Sensitization By LDL R-HSA-432142,0.4690746603182807,0.7357028385999927,0.8341013824884793,0.969367964456367,1.0,7/17,10.42%,PPP2CB;PTPN11;PPP2R5C;PPP2R1B;PPP2R5A;PPP2R5B;PECAM1,T cells
prerank,Reactome_2022__Growth Hormone Receptor Signaling R-HSA-982772,0.4406772718257956,0.7355397915475861,0.8338235294117647,0.968592553991594,1.0,6/24,6.05%,LYN;STAT1;ADAM17;STAT5B;MAPK3;PTPN1,T cells
prerank,Reactome_2022__Synthesis Of Substrates In N-glycan Biosythesis R-HSA-446219,0.3950769324199452,0.735405868716236,0.8842652795838751,0.9678165351801254,1.0,21/62,12.77%,PMM1;DPM3;NANS;NAGK;ST6GAL1;ALG5;GFPT1;PMM2;ST8SIA6;AMDHD2;ST3GAL1;MVD;UAP1;SLC35A1;DPM1;ST6GALNAC3;FPGT;GNE;DHDDS;GMPPB;ST8SIA1,T cells
prerank,Reactome_2022__APC Truncation Mutants Have Impaired AXIN Binding R-HSA-5467337,0.4843243943274815,0.735057576693667,0.8256880733944955,0.9673237016133877,1.0,6/14,10.15%,PPP2CB;PPP2R5C;PPP2R1B;PPP2R5A;CSNK1A1;PPP2R5B,T cells
prerank,Reactome_2022__Activation Of NMDA Receptors And Postsynaptic Events R-HSA-442755,0.3819957367191621,0.7343006968769287,0.9086229086229086,0.967249543301037,1.0,12/74,8.58%,CREB1;CALM1;MAPK3;KPNA2;PRKCA;GIT1;PRKAA2;PRKAG1;CAMK2D;ERBB4;ARHGEF7;DLG1,T cells
prerank,Reactome_2022__Apoptotic Execution Phase R-HSA-75153,0.41171022583630373,0.7340315170601237,0.8616010854816825,0.966589630787942,1.0,13/46,7.42%,SPTAN1;STK24;KPNB1;LMNA;PKN2;PRKCQ;CASP3;CLSPN;FZR1;KPNA1;DSG2;DFFB;TJP2,T cells
prerank,Reactome_2022__FCGR3A-mediated IL10 Synthesis R-HSA-9664323,0.4174454179221113,0.733351084177559,0.8620199146514936,0.9664904385847166,1.0,8/35,9.17%,LYN;CREB1;YES1;CALM1;PRKCA;PLCG2;ADCY9;PLCG1,T cells
prerank,Reactome_2022__FOXO-mediated Transcription Of Cell Death Genes R-HSA-9614657,-0.4340599120208519,-0.7330153130696981,0.8347107438016529,1.0,1.0,6/16,7.11%,NFYB;FASLG;BBC3;EP300;FOXO1;PINK1,T cells
prerank,Reactome_2022__Glucagon-like Peptide-1 (GLP1) Regulates Insulin Secretion R-HSA-381676,0.40843685448733663,0.7326042721710221,0.8673323823109843,0.9665036440759457,1.0,9/42,12.28%,GNG5;PRKCA;GNB5;GNAS;GNG11;RAPGEF3;GNG7;IQGAP1;GNG2,T cells
prerank,Reactome_2022__mRNA Capping R-HSA-72086,0.43046403930737265,0.7325551457833808,0.8379888268156425,0.9656082725108636,1.0,8/29,5.41%,POLR2K;POLR2C;POLR2I;GTF2F1;NCBP2;GTF2H2;GTF2H4;POLR2L,T cells
prerank,Reactome_2022__RUNX2 Regulates Osteoblast Differentiation R-HSA-8940973,-0.40664407596088925,-0.7317615364991014,0.8558282208588958,1.0,1.0,4/23,4.36%,MAF;MAPK1;RUNX2;AREG,T cells
prerank,Reactome_2022__Signaling By Non-Receptor Tyrosine Kinases R-HSA-9006927,0.3998144578484258,0.7315743948614228,0.880674448767834,0.9658344392741205,1.0,15/52,10.48%,UBB;UBC;EGF;UBA52;LRRK2;ARAP1;PTPN1;RPS27A;CBL;EGFR;CCND1;ERBB4;HIF1A;DOCK1;ELMO2,T cells
prerank,Reactome_2022__Extracellular Matrix Organization R-HSA-1474244,0.34391687108852215,0.7295624122812582,0.9857456140350878,0.9674605956465999,1.0,64/291,16.37%,ITGB2;TRAPPC4;PPIB;CAPN1;PSEN1;ADAM10;CXXC1;ITGA4;ADAM17;CTSS;ITGB1;BSG;PRKCA;P4HB;ITGA6;LAMB1;CASP3;ITGB7;DDR1;ITGAL;FZR1;ITGB8;NTN4;SDC1;LAMA5;LAMC1;COL4A1;HSPG2;ADAMTS1;DMTF1;P3H2;PECAM1;COL4A2;F11R;SDC2;PLOD3;COL27A1;FBLN2;PLOD2;FN1;FBLN5;COL4A4;CAPN2;PLG;KLKB1;ITGB6;EFEMP1;SH3PXD2A;AGRN;COL4A6;COL4A5;ACTN1;CTSB;CAPN7;PTPRS;DDR2;PDGFA;SDC3;MMP7;BGN;ITGB4;SMIM6;LAMC2;COL18A1,T cells
prerank,Reactome_2022__Zinc Influx Into Cells By SLC39 Gene Family R-HSA-442380,-0.4857592208952297,-0.7294896426549007,0.8020304568527918,1.0,1.0,3/10,5.70%,SLC39A8;SLC39A7;SLC39A3,T cells
prerank,Reactome_2022__Urea Cycle R-HSA-70635,0.5070120745690475,0.7290470164508093,0.8441971383147854,0.9671439734574181,1.0,3/10,15.81%,ARG2;TINAGL1;SLC25A15,T cells
prerank,Reactome_2022__Prolonged ERK Activation Events R-HSA-169893,-0.45071732055466585,-0.7286485098910085,0.8497267759562842,1.0,1.0,6/14,4.43%,BRAF;MAPK1;RAP1A;MAP2K2;CRKL;CRK,T cells
prerank,Reactome_2022__FRS-mediated FGFR1 Signaling R-HSA-5654693,0.444051766880416,0.7281525671026503,0.8683385579937304,0.9673131881303957,1.0,5/22,14.51%,PTPN11;KL;SOS1;FGFR1;FGF9,T cells
prerank,Reactome_2022__RHOD GTPase Cycle R-HSA-9013405,0.3925688337707464,0.7280187566158638,0.8861788617886179,0.9665169089479356,1.0,20/51,14.06%,DIAPH1;CAPZB;LMAN1;SLC4A7;LBR;ARHGAP26;HINT2;WHAMM;RACGAP1;ARHGAP12;PIK3R2;PGRMC2;ARHGAP21;PLXNB1;RHOD;LEMD3;RAB7A;LMNB1;ACTN1;ANKFY1,T cells
prerank,Reactome_2022__SUMOylation Of Intracellular Receptors R-HSA-4090294,0.4259658909622826,0.7278185028256473,0.8680659670164917,0.9657886353343303,1.0,11/29,13.23%,SUMO1;PIAS1;UBE2I;NR4A2;HDAC4;RXRA;THRB;NR2C1;PIAS4;PPARG;NR1H4,T cells
prerank,Reactome_2022__Signaling By Hippo R-HSA-2028269,0.4573226774366029,0.7268851519841292,0.8599695585996956,0.9659886592821223,1.0,13/20,11.72%,YWHAB;STK24;CASP3;AMOTL2;LATS1;TJP2;LATS2;MOB1B;WWTR1;TJP1;MOB1A;YAP1;WWC1,T cells
prerank,Reactome_2022__Transcriptional Regulation Of Granulopoiesis R-HSA-9616222,0.42019236898272383,0.7262672185109709,0.8702623906705539,0.9657884036377911,1.0,5/30,5.92%,DEK;CREB1;TFDP2;MYC;RXRA,T cells
prerank,Reactome_2022__Platelet Calcium Homeostasis R-HSA-418360,0.42513708483977103,0.7253577350831366,0.8696296296296296,0.9659741454446084,1.0,6/26,11.09%,CALM1;ATP2B4;P2RX4;ATP2A2;SRI;P2RX7,T cells
prerank,Reactome_2022__Processing Of Intronless Pre-mRNAs R-HSA-77595,0.4491600313939108,0.7241798147280287,0.8530734632683659,0.9664369622982283,1.0,7/20,10.35%,PABPN1;PAPOLA;NCBP2;WDR33;CPSF6;CSTF3;CSTF1,T cells
prerank,Reactome_2022__Miscellaneous Transport And Binding Events R-HSA-5223345,-0.3950044077986708,-0.7237597000739161,0.8828828828828829,1.0,1.0,6/23,11.29%,ADD3;LRRC8C;ADD1;NIPA1;LRRC8D;NIPAL3,T cells
prerank,Reactome_2022__Frs2-mediated Activation R-HSA-170968,-0.45808011928757875,-0.7232464800168535,0.8186813186813187,1.0,1.0,5/12,4.03%,BRAF;MAPK1;RAP1A;MAP2K2;CRKL,T cells
prerank,Reactome_2022__Mismatch Repair (MMR) Directed By MSH2:MSH3 (MutSbeta) R-HSA-5358606,0.4713851122642899,0.72310687016351,0.8536585365853658,0.9667965244773875,1.0,4/14,8.02%,RPA3;PCNA;MSH2;POLR1A,T cells
prerank,Reactome_2022__Interleukin-2 Signaling R-HSA-9020558,0.4894861708738139,0.7218723277453578,0.8386581469648562,0.9673268376822733,1.0,2/12,3.03%,LCK;STAT5B,T cells
prerank,Reactome_2022__CaM Pathway R-HSA-111997,0.4173540292515992,0.7217407363273283,0.8893740902474527,0.9665325777977573,1.0,6/33,7.52%,CREB1;CALM1;KPNA2;PRKCA;CAMK2D;ADCY9,T cells
prerank,Reactome_2022__LDL Clearance R-HSA-8964038,0.45106638766300355,0.7214218553915296,0.848714069591528,0.9659715920081157,1.0,6/18,12.13%,AP2A2;SOAT1;AP2B1;LDLR;LDLRAP1;AP2A1,T cells
prerank,Reactome_2022__IRAK1 Recruits IKK Complex R-HSA-937039,0.501749591835615,0.7208841748837281,0.864297253634895,0.9656686747845395,1.0,5/10,9.90%,UBE2N;CHUK;IRAK1;TRAF6;PELI1,T cells
prerank,Reactome_2022__Interleukin-6 Signaling R-HSA-1059683,-0.45553312877059043,-0.7203603756529053,0.8113207547169812,1.0,1.0,2/11,0.97%,JAK1;STAT3,T cells
prerank,Reactome_2022__Platelet Adhesion To Exposed Collagen R-HSA-75892,-0.448607434503985,-0.7199016835260816,0.837465564738292,1.0,1.0,3/12,3.20%,FCER1G;ITGA1;FYN,T cells
prerank,Reactome_2022__Effects Of PIP2 Hydrolysis R-HSA-114508,0.4295539303155243,0.7181191823813639,0.854493580599144,0.968010893835195,1.0,3/27,5.28%,RASGRP2;ABHD12;PRKCQ,T cells
prerank,Reactome_2022__p38MAPK Events R-HSA-171007,0.4818830294998252,0.7177510212829722,0.8416801292407108,0.9674935587348449,1.0,5/12,15.83%,MAPKAPK3;RALB;MAPK13;RALA;SRC,T cells
prerank,"Reactome_2022__Regulation Of Glycolysis By Fructose 2,6-Bisphosphate Metabolism R-HSA-9634600",-0.4529391785693145,-0.7171588138023809,0.82,1.0,1.0,4/12,5.66%,PRKACB;PPP2CA;PPP2R5D;PPP2R1A,T cells
prerank,Reactome_2022__FRS-mediated FGFR2 Signaling R-HSA-5654700,-0.38672497933814387,-0.7155231357225568,0.9023668639053254,1.0,1.0,2/24,6.52%,GRB2;HRAS,T cells
prerank,Reactome_2022__SHC1 Events In ERBB2 Signaling R-HSA-1250196,0.44439334040639744,0.7154872925510335,0.8478915662650602,0.9691359336616047,1.0,5/21,8.53%,EGF;PRKCA;EGFR;ERBB4;SOS1,T cells
prerank,Reactome_2022__RHOU GTPase Cycle R-HSA-9013420,0.40200421262267344,0.7148966456197678,0.9077134986225895,0.9688966752909666,1.0,17/39,13.87%,SPTAN1;TXNL1;PEAK1;SRGAP2;GIT1;PKN2;MYO6;RHOU;SPTBN1;WWP2;ARHGEF7;ARHGAP30;PIK3R2;IQGAP1;ARHGAP31;HGS;NCK1,T cells
prerank,Reactome_2022__TGF-beta Receptor Signaling In EMT (Epithelial To Mesenchymal Transition) R-HSA-2173791,0.4555543202979231,0.7144224675717862,0.8536585365853658,0.9684708632085496,1.0,6/16,6.11%,UBB;UBC;TGFBR1;UBA52;ARHGEF18;RPS27A,T cells
prerank,Reactome_2022__eNOS Activation R-HSA-203615,-0.45772384611048056,-0.7138559023231953,0.8485639686684073,1.0,1.0,2/11,2.07%,HSP90AA1;AKT1,T cells
prerank,Reactome_2022__Regulation Of Gene Expression By Hypoxia-inducible Factor R-HSA-1234158,0.48610132495554115,0.713458379656526,0.839607201309329,0.9685916259641497,1.0,3/11,9.49%,CREBBP;VEGFA;HIF1A,T cells
prerank,Reactome_2022__DARPP-32 Events R-HSA-180024,0.4239751964297011,0.7133847889194332,0.8687845303867403,0.9677134855072317,1.0,6/24,7.40%,CALM1;PPP2CB;PPP3CC;PRKCA;PPP2R1B;CDK5,T cells
prerank,Reactome_2022__O-linked Glycosylation Of Mucins R-HSA-913709,0.38494915189815176,0.7130800526678749,0.918918918918919,0.9671151931411136,1.0,18/57,17.60%,C1GALT1;B4GALT5;ST6GAL1;MUC1;GALNT3;MUC15;ST3GAL1;B3GNTL1;ST6GALNAC3;GALNT14;GCNT4;ST3GAL3;B3GNT8;B3GNT9;C1GALT1C1;MUC20;GALNT18;GALNT8,T cells
prerank,Reactome_2022__Dectin-2 Family R-HSA-5621480,0.42168530154547856,0.7125873689776595,0.8820143884892087,0.9667054141014223,1.0,4/27,7.40%,LYN;PLCG2;MUC1;MUC15,T cells
prerank,Reactome_2022__Fatty Acids R-HSA-211935,0.4609134292792604,0.7114783029306156,0.8779342723004695,0.9670692665309641,1.0,4/14,28.75%,CYP4F22;CYP2B6;CYP4B1;CYP4A11,T cells
prerank,Reactome_2022__Acetylcholine Regulates Insulin Secretion R-HSA-399997,-0.46070579451482,-0.7112476936629344,0.8297297297297297,1.0,1.0,2/10,4.79%,PLCB1;PLCB2,T cells
prerank,Reactome_2022__RHO GTPases Activate NADPH Oxidases R-HSA-5668599,0.43298918337645476,0.7110022677823595,0.878234398782344,0.9667265092138512,1.0,4/24,3.61%,PRKCB;RAC2;MAPK3;PRKCA,T cells
prerank,Reactome_2022__Gap Junction Trafficking And Regulation R-HSA-157858,-0.3750840229925677,-0.7105516089259015,0.9242902208201893,1.0,1.0,3/27,4.87%,AP2M1;CLTC;DNM2,T cells
prerank,Reactome_2022__HDR Thru Single Strand Annealing (SSA) R-HSA-5685938,0.40340891160914905,0.7101125718767833,0.90633608815427,0.9668535120583747,1.0,16/36,14.85%,RPA3;MRE11;BLM;RAD17;RAD50;ERCC4;RFC4;RBBP8;RAD52;POLR1A;RAD9A;RFC2;KAT5;RFC5;BRCA1;RRAD,T cells
prerank,Reactome_2022__NOD1/2 Signaling Pathway R-HSA-168638,-0.3563747678451722,-0.7095720770700633,0.9159159159159159,1.0,1.0,8/33,8.25%,CASP1;UBE2V1;MAPK14;CASP8;AAMP;IKBKB;CASP2;RIPK2,T cells
prerank,Reactome_2022__Nicotinate Metabolism R-HSA-196807,0.41539767941491834,0.7082934519787759,0.8942857142857142,0.9680003643971415,1.0,6/31,10.24%,PARP14;NADSYN1;QPRT;PARP16;NAMPT;PARP10,T cells
prerank,Reactome_2022__YAP1- And WWTR1 (TAZ)-stimulated Gene Expression R-HSA-2032785,-0.42478220482326157,-0.7076434760627752,0.8734939759036144,1.0,1.0,3/15,6.31%,RUNX2;KAT2B;HIPK1,T cells
prerank,Reactome_2022__Mitochondrial Fatty Acid Beta-Oxidation Of Saturated Fatty Acids R-HSA-77286,0.4705119904181947,0.7049831094958741,0.8580645161290322,0.9707024486020177,1.0,2/11,3.22%,ACADM;ECHS1,T cells
prerank,Reactome_2022__Interleukin-27 Signaling R-HSA-9020956,-0.45074942241858,-0.7038682273800179,0.8252688172043011,1.0,1.0,2/11,0.97%,JAK1;STAT3,T cells
prerank,"Reactome_2022__WNT5A-dependent Internalization Of FZD2, FZD5 And ROR2 R-HSA-5140745",-0.4544474290060298,-0.7036778051371332,0.8651399491094147,1.0,1.0,4/11,4.48%,AP2M1;AP2S1;RORA;CLTC,T cells
prerank,Reactome_2022__Signaling By NTRK3 (TRKC) R-HSA-9034015,0.45698597560520055,0.7016524740055924,0.8710691823899371,0.973310344783512,1.0,5/16,9.17%,BAX;NELFB;PIK3CA;SOS1;PLCG1,T cells
prerank,Reactome_2022__Diseases Of DNA Repair R-HSA-9675135,0.382911532390544,0.6996665897214529,0.9306122448979591,0.9744977742622836,1.0,20/50,14.85%,RPA3;MRE11;BLM;RAD51C;MSH6;RAD17;RAD50;MSH2;RFC4;RBBP8;POLR1A;RAD51AP1;BRCA2;RAD9A;RFC2;RAD51B;KAT5;RFC5;BRCA1;RRAD,T cells
prerank,"Reactome_2022__Synthesis Of IP2, IP, And Ins In Cytosol R-HSA-1855183",-0.4243169866702479,-0.6990764053164609,0.850253807106599,1.0,1.0,6/14,10.57%,INPP4B;IMPA1;INPP5B;MIOX;INPP1;INPP4A,T cells
prerank,Reactome_2022__Nitric Oxide Stimulates Guanylate Cyclase R-HSA-392154,0.4301334593524735,0.6975421096765682,0.8704819277108434,0.9757507846143727,1.0,7/20,21.19%,KCNMA1;PDE1A;PDE5A;PDE10A;KCNMB3;GUCY1B1;PRKG1,T cells
prerank,Reactome_2022__GRB2 Events In EGFR Signaling R-HSA-179812,-0.42761384367079047,-0.6973378526887843,0.8783068783068783,1.0,1.0,4/12,7.10%,GRB2;AREG;HRAS;TGFA,T cells
prerank,Reactome_2022__Glyoxylate Metabolism And Glycine Degradation R-HSA-389661,0.4071824570271909,0.6967358936472018,0.893740902474527,0.9756387814352304,1.0,8/31,6.68%,BCKDHA;DLST;DBT;PDHB;NDUFAB1;GRHPR;OGDH;AMT,T cells
prerank,Reactome_2022__Energy Dependent Regulation Of mTOR By LKB1-AMPK R-HSA-380972,0.4112100241085321,0.6965150790290002,0.8957142857142857,0.974925576316581,1.0,10/29,9.67%,LAMTOR3;CAB39;LAMTOR5;PRKAA2;PPM1A;PRKAG1;LAMTOR2;RRAGB;RHEB;RRAGA,T cells
prerank,Reactome_2022__Serotonin Neurotransmitter Release Cycle R-HSA-181429,0.4350840777942568,0.6963814995716668,0.8699690402476781,0.9741137833409892,1.0,1/18,1.68%,VAMP2,T cells
prerank,Reactome_2022__RNA Polymerase I Promoter Escape R-HSA-73772,0.4088961570839496,0.6960069854022275,0.9141630901287554,0.9735438686109853,1.0,10/27,10.50%,POLR2K;CBX3;GTF2H2;GTF2H4;RRN3;POLR2L;POLR1A;ERCC3;TAF1A;TAF1C,T cells
prerank,Reactome_2022__Beta-catenin Phosphorylation Cascade R-HSA-196299,0.4440447462838635,0.695407151237427,0.8683431952662722,0.9732234468184157,1.0,6/17,10.15%,PPP2CB;PPP2R5C;PPP2R1B;PPP2R5A;CSNK1A1;PPP2R5B,T cells
prerank,Reactome_2022__NCAM Signaling For Neurite Out-Growth R-HSA-375165,0.375882616115196,0.6951732373951323,0.9312169312169312,0.972493512625456,1.0,18/57,16.32%,SPTAN1;CREB1;MAPK3;PTPRA;SPTBN1;SOS1;COL4A1;RPS6KA5;COL4A2;FGFR1;COL4A4;AGRN;COL4A5;PTK2;PRNP;CACNB3;SRC;CACNB4,T cells
prerank,Reactome_2022__Leading Strand Synthesis R-HSA-69109,0.45423378636594636,0.6941520048248927,0.8835403726708074,0.9725896401193382,1.0,6/14,14.17%,PRIM2;PCNA;RFC4;POLA1;RFC2;RFC5,T cells
prerank,Reactome_2022__Acetylcholine Neurotransmitter Release Cycle R-HSA-264642,0.43666289103484673,0.6940159335168633,0.8647798742138365,0.9717767419415029,1.0,1/17,1.68%,VAMP2,T cells
prerank,Reactome_2022__Signaling By Leptin R-HSA-2586552,-0.45147416419889286,-0.6938651673247812,0.856338028169014,1.0,1.0,2/11,0.97%,STAT5A;STAT3,T cells
prerank,Reactome_2022__Keratan Sulfate/Keratin Metabolism R-HSA-1638074,0.40564120686715,0.6937633752661999,0.9185393258426966,0.9710823956730462,1.0,7/33,10.99%,B4GALT1;B4GALT5;HEXA;SLC35D2;ST3GAL1;B4GALT3;B4GALT4,T cells
prerank,Reactome_2022__Impaired BRCA2 Binding To RAD51 R-HSA-9709570,0.3978684245281878,0.6935193768314747,0.9152542372881356,0.9704028282496768,1.0,15/34,14.85%,RPA3;MRE11;BLM;RAD17;RAD50;RFC4;RBBP8;POLR1A;BRCA2;RAD9A;RFC2;KAT5;RFC5;BRCA1;RRAD,T cells
prerank,Reactome_2022__Gastrin-CREB Signaling Pathway Via PKC And MAPK R-HSA-881907,0.4447229968109394,0.6927014151314956,0.890937019969278,0.9702835931665194,1.0,5/17,8.53%,CREB1;MAPK3;PRKCA;EGFR;SOS1,T cells
prerank,Reactome_2022__RUNX1 Interacts With Co-Factors Whose Precise Effect On RUNX1 Targets Is Not Known R-HSA-8939243,0.39423273080445925,0.6917071461635154,0.9194244604316547,0.9703215015734062,1.0,11/34,8.55%,CSNK2B;YAF2;SMARCA4;SMARCE1;CBX4;PBRM1;SMARCD1;RNF2;ARID2;SMARCC1;ARID1A,T cells
prerank,Reactome_2022__Signaling By FLT3 Fusion Proteins R-HSA-9703465,-0.4019387652418239,-0.6911241863837144,0.907185628742515,1.0,1.0,3/18,1.13%,PIK3R1;STAT5A;GRB2,T cells
prerank,Reactome_2022__Trafficking And Processing Of Endosomal TLR R-HSA-1679131,-0.42370621234126415,-0.6903855721748194,0.8944281524926686,1.0,1.0,4/13,10.94%,HSP90B1;CTSL;CNPY3;TLR9,T cells
prerank,Reactome_2022__CASP8 Activity Is Inhibited R-HSA-5218900,-0.43586647153400637,-0.690155284012259,0.8591954022988506,1.0,1.0,6/11,9.44%,FASLG;CASP8;TNFRSF10A;CFLAR;TNFSF10;FASN,T cells
prerank,Reactome_2022__Dimerization Of Procaspase-8 R-HSA-69416,-0.43586647153400637,-0.690155284012259,0.8591954022988506,1.0,1.0,6/11,9.44%,FASLG;CASP8;TNFRSF10A;CFLAR;TNFSF10;FASN,T cells
prerank,Reactome_2022__CTNNB1 S33 Mutants Not Phosphorylated R-HSA-5358747,0.4509291727599422,0.6895719985621696,0.8677811550151976,0.9714700993403993,1.0,6/15,10.15%,PPP2CB;PPP2R5C;PPP2R1B;PPP2R5A;CSNK1A1;PPP2R5B,T cells
prerank,Reactome_2022__ATF4 Activates Genes In Response To Endoplasmic Reticulum Stress R-HSA-380994,0.4098973008763212,0.6895239130780092,0.8951255539143279,0.9705835964822135,1.0,8/27,7.54%,ATF4;DDIT3;NFYC;DIS3;EXOSC7;HERPUD1;EXOSC4;EXOSC3,T cells
prerank,Reactome_2022__Activation Of Matrix Metalloproteinases R-HSA-1592389,-0.3523880655122559,-0.6882195348596958,0.9700996677740864,1.0,1.0,2/33,9.06%,FURIN;MMP16,T cells
prerank,Reactome_2022__Disassembly Of Destruction Complex And Recruitment Of AXIN To Membrane R-HSA-4641262,0.40471911866263893,0.6867329402050044,0.9042407660738714,0.9723463472715216,1.0,10/29,15.65%,PPP2CB;PPP2R5C;PPP2R1B;PPP2R5A;CSNK1A1;LRP5;PPP2R5B;FZD1;LRP6;CAV1,T cells
prerank,Reactome_2022__Adenylate Cyclase Inhibitory Pathway R-HSA-170670,-0.41295296694939015,-0.6866039943477001,0.8913043478260869,1.0,1.0,3/13,4.52%,GNAI2;GNAL;ADCY7,T cells
prerank,Reactome_2022__Carnitine Metabolism R-HSA-200425,-0.439405828902256,-0.6850211762040211,0.8679245283018868,1.0,1.0,4/11,7.29%,PRKAG2;CPT1A;MID1IP1;PRKAB2,T cells
prerank,Reactome_2022__GRB2 Events In ERBB2 Signaling R-HSA-1963640,0.4499725012901145,0.684439102199438,0.9032761310452418,0.973641927537895,1.0,4/15,8.53%,EGF;EGFR;ERBB4;SOS1,T cells
prerank,Reactome_2022__RHO GTPases Activate IQGAPs R-HSA-5626467,0.4596864756805176,0.6836920722818748,0.8933764135702746,0.973415490277809,1.0,3/11,10.80%,CALM1;FZR1;IQGAP1,T cells
prerank,Reactome_2022__PIWI-interacting RNA (piRNA) Biogenesis R-HSA-5601884,0.4015574164292286,0.681684875244712,0.9243937232524965,0.9742939304595064,1.0,4/29,5.41%,POLR2K;POLR2C;POLR2I;POLR2L,T cells
prerank,Reactome_2022__Apoptotic Cleavage Of Cellular Proteins R-HSA-111465,0.3927848090833138,0.67801330643881,0.9263888888888889,0.9768606575840528,1.0,12/38,11.76%,SPTAN1;STK24;LMNA;PRKCQ;CASP3;CLSPN;FZR1;DSG2;TJP2;TJP1;SATB1;CASP6,T cells
prerank,Reactome_2022__HDMs Demethylate Histones R-HSA-3214842,0.41290290161236803,0.6770102639085533,0.9131736526946108,0.976729132553182,1.0,11/23,13.98%,KDM7A;PHF2;KDM4C;KDM5A;ARID5B;RIOX2;KDM5B;KDM4A;KDM5D;KDM1B;KDM4B,T cells
prerank,Reactome_2022__Heparan Sulfate/Heparin (HS-GAG) Metabolism R-HSA-1638091,0.36181616011864653,0.6768950115606338,0.9681881051175657,0.9759049392991294,1.0,16/53,16.75%,B3GAT1;HS2ST1;SLC35D2;B3GAT3;SDC1;HSPG2;NDST1;GUSB;SDC2;AGRN;B3GAT2;NDST2;SDC3;BGN;GPC3;SDC4,T cells
prerank,Reactome_2022__RAF-independent MAPK1/3 Activation R-HSA-112409,0.40814589423822617,0.6758424457156311,0.9226277372262773,0.9758952304955045,1.0,11/23,12.75%,DUSP2;MAP2K1;MAPK3;DUSP5;PTPN11;IL6ST;DUSP10;CDK1;JAK2;DUSP9;DUSP16,T cells
prerank,Reactome_2022__FRS-mediated FGFR4 Signaling R-HSA-5654712,-0.38800219280037723,-0.6756102998234005,0.9279279279279279,1.0,1.0,2/21,6.52%,GRB2;HRAS,T cells
prerank,Reactome_2022__Synthesis Of PA R-HSA-1483166,0.38128587076272863,0.6745022779824819,0.9379407616361072,0.9761092644300916,1.0,13/39,15.97%,AGPAT3;LPCAT4;LPCAT1;DDHD2;GPD2;DDHD1;GPAM;GPAT3;LIPH;AGPAT2;PLA2G4B;PLA2G12A;PLA2R1,T cells
prerank,Reactome_2022__Amino Acids Regulate mTORC1 R-HSA-9639288,0.3666500587796454,0.6741377069818894,0.9551630434782609,0.9755033472640227,1.0,26/54,16.04%,ATP6V0C;LAMTOR3;ATP6V1G1;LAMTOR5;FNIP1;ATP6V0D1;ATP6V0E1;SZT2;LAMTOR2;WDR59;DEPDC5;ATP6V1F;RRAGB;RHEB;RRAGA;ATP6V1A;NPRL2;FLCN;MIOS;ATP6V1B2;SH3BP4;SEH1L;WDR24;RRAGC;ATP6V1B1;ATP6V1G3,T cells
prerank,Reactome_2022__Signaling By ALK R-HSA-201556,0.4032191652883355,0.6735247616794493,0.930635838150289,0.9751045437274749,1.0,9/26,9.67%,PRDM1;HDAC2;PIK3CA;HDAC1;MYC;HDAC3;PLCG1;HIF1A;PIK3R2,T cells
prerank,Reactome_2022__N-Glycan Antennae Elongation R-HSA-975577,-0.4042592917203915,-0.6733498830245347,0.9307228915662651,1.0,1.0,3/15,4.25%,MGAT4A;ST3GAL4;MGAT5,T cells
prerank,Reactome_2022__CD209 (DC-SIGN) Signaling R-HSA-5621575,0.4182862579351854,0.6707916392404669,0.9289940828402367,0.9765370541053817,1.0,7/20,9.48%,LYN;CREBBP;PRKCA;PKN2;NFKB1;ARHGEF7;RPS6KA5,T cells
prerank,Reactome_2022__DCC Mediated Attractive Signaling R-HSA-418885,-0.39729383119969675,-0.6706343712714917,0.9121212121212121,1.0,1.0,2/14,3.20%,ABLIM1;FYN,T cells
prerank,Reactome_2022__RUNX2 Regulates Bone Development R-HSA-8941326,0.3948814542980227,0.6704485643533453,0.9292929292929293,0.975908024334289,1.0,7/29,9.40%,YES1;RB1;MAPK3;HDAC4;HDAC3;SMAD1;WWTR1,T cells
prerank,Reactome_2022__Formation Of Senescence-Associated Heterochromatin Foci (SAHF) R-HSA-2559584,-0.4247825292892037,-0.6689454797615032,0.9054054054054054,1.0,1.0,3/11,5.21%,EP400;HMGA1;CDKN1A,T cells
prerank,Reactome_2022__NOTCH3 Intracellular Domain Regulates Transcription R-HSA-9013508,0.39925286334381405,0.6687209360355933,0.9452662721893491,0.9764331799478254,1.0,8/24,12.16%,SNW1;STAT1;CREBBP;NOTCH1;NOTCH3;MAML1;WWC1;PBX1,T cells
prerank,Reactome_2022__Interleukin-35 Signaling R-HSA-8984722,0.45446796400192113,0.6686940647893095,0.9030769230769231,0.9755311690882209,1.0,5/12,6.89%,STAT1;CANX;STAT4;IL6ST;IL27RA,T cells
prerank,Reactome_2022__Activated TAK1 Mediates P38 MAPK Activation R-HSA-450302,0.4163695043116771,0.6686376787159757,0.9096477794793262,0.9746582575775619,1.0,9/19,16.49%,MAPKAPK3;UBE2N;MAP2K6;IRAK1;TRAF6;MAP3K7;IRAK2;TAB2;TAB1,T cells
prerank,Reactome_2022__FCGR Activation R-HSA-2029481,0.4582380089843691,0.6663556044852919,0.9108589951377634,0.9756028548014333,1.0,2/10,1.39%,LYN;YES1,T cells
prerank,Reactome_2022__Kinesins R-HSA-983189,0.37260033023059935,0.6658835430080883,0.9479768786127167,0.9750445124618753,1.0,13/42,15.38%,KIF12;KIF13B;KIF11;KIF3A;RACGAP1;CENPE;KIF1C;KIF27;KIF2A;KIF4A;KLC4;KIFC2;KIF9,T cells
prerank,Reactome_2022__Digestion Of Dietary Carbohydrate R-HSA-189085,-0.42260655744872316,-0.6653787739187899,0.9008264462809917,1.0,1.0,2/11,14.44%,MGAM;PMEL,T cells
prerank,Reactome_2022__Erythropoietin Activates RAS R-HSA-9027284,0.4357598761177681,0.664759829418855,0.9120370370370371,0.9749426096832222,1.0,5/13,14.17%,LYN;SOS1;JAK2;IRS2;EPOR,T cells
prerank,Reactome_2022__Metal Ion SLC Transporters R-HSA-425410,0.3981650272406284,0.6643140861926077,0.9335347432024169,0.9743697577652732,1.0,9/26,14.84%,SLC30A7;SLC30A6;SLC39A10;SLC39A4;SLC11A2;SLC39A6;SLC39A14;SLC39A1;SLC41A1,T cells
prerank,Reactome_2022__Protein-protein Interactions At Synapses R-HSA-6794362,0.33990853235461244,0.664212933086039,0.9872611464968153,0.9735353579775508,1.0,26/88,20.80%,RTN3;PTPRF;EPB41L1;PDLIM5;DLG1;HOMER1;EPB41L5;SIPA1L1;EPB41L2;PPFIBP2;DLGAP1;LRFN1;SHANK2;LIN7B;PTPRS;PTPRD;LRFN3;SLITRK4;GRM1;NLGN2;NLGN4Y;SYT7;NRXN1;HOMER3;PPFIA1;LLGL1,T cells
prerank,Reactome_2022__Keratan Sulfate Biosynthesis R-HSA-2022854,0.39464519876648035,0.6633204977703031,0.9381153305203939,0.9733160762922024,1.0,8/28,15.08%,B4GALT1;B4GALT5;SLC35D2;ST3GAL1;B4GALT3;B4GALT4;B4GALT2;ST3GAL3,T cells
prerank,Reactome_2022__Removal Of Aminoterminal Propeptides From Gamma-Carboxylated Proteins R-HSA-159782,-0.4256661482697874,-0.6616714734419388,0.8954423592493298,1.0,1.0,1/10,2.47%,FURIN,T cells
prerank,Reactome_2022__Polo-like Kinase Mediated Events R-HSA-156711,-0.39169707135961185,-0.661417161609177,0.9295392953929539,1.0,1.0,5/16,6.42%,EP300;LIN9;LIN54;LIN52;RBBP4,T cells
prerank,Reactome_2022__O-linked Glycosylation R-HSA-5173105,0.33665158089716246,0.6593587876396956,0.995249406175772,0.975468475801056,1.0,30/105,18.91%,C1GALT1;B4GALT5;THSD7A;ST6GAL1;MUC1;LARGE1;GALNT3;MUC15;POMGNT1;ST3GAL1;ADAMTS1;B3GALNT2;B3GNTL1;ST6GALNAC3;GALNT14;GCNT4;POMT1;ADAMTS15;ST3GAL3;B3GNT8;SPON1;LARGE2;B3GNT9;C1GALT1C1;MUC20;GALNT18;GALNT8;ADAMTSL5;ADAMTSL3;THSD1,T cells
prerank,Reactome_2022__CS/DS Degradation R-HSA-2024101,-0.4016557548038321,-0.6589199921677251,0.9512893982808023,1.0,1.0,1/14,0.97%,IDS,T cells
prerank,Reactome_2022__RIP-mediated NFkB Activation Via ZBP1 R-HSA-1810476,-0.3877410095882931,-0.6525689605094713,0.9546925566343042,1.0,1.0,6/17,10.37%,RELA;ZBP1;RIPK3;IKBKB;NFKBIA;MYD88,T cells
prerank,Reactome_2022__Organic Anion Transporters R-HSA-428643,-0.42214894846752793,-0.6507078469094271,0.9,1.0,1.0,1/10,6.05%,SLC25A22,T cells
prerank,Reactome_2022__Regulation Of Pyruvate Dehydrogenase (PDH) Complex R-HSA-204174,-0.3850684515258069,-0.650500522138245,0.9425287356321839,1.0,1.0,2/16,1.68%,PDHA1;PDK3,T cells
prerank,Reactome_2022__Signaling To RAS R-HSA-167044,-0.3583986289642477,-0.6471600444034584,0.9652406417112299,1.0,1.0,5/19,8.26%,GRB2;MAPK14;HRAS;SHC1;MAPKAPK2,T cells
prerank,Reactome_2022__FRS-mediated FGFR3 Signaling R-HSA-5654706,0.40216002562107356,0.6453557287420771,0.9359756097560976,0.9844349354341428,1.0,3/19,8.72%,PTPN11;SOS1;FGFR3,T cells
prerank,Reactome_2022__cGMP Effects R-HSA-418457,0.42570901471436123,0.6444181510837759,0.9344773790951638,0.984113510387933,1.0,6/14,21.19%,KCNMA1;PDE1A;PDE5A;PDE10A;KCNMB3;PRKG1,T cells
prerank,Reactome_2022__Presynaptic Function Of Kainate Receptors R-HSA-500657,0.3960960034934912,0.6434025108574496,0.9393939393939394,0.9838339052668824,1.0,5/21,12.28%,GNG5;GNB5;GNG11;GNG7;GNG2,T cells
prerank,Reactome_2022__Norepinephrine Neurotransmitter Release Cycle R-HSA-181430,0.40241923658182294,0.6432464398493649,0.9329173166926678,0.9830284973624045,1.0,3/18,11.50%,VAMP2;SLC22A2;MAOA,T cells
prerank,Reactome_2022__JNK (c-Jun Kinases) Phosphorylation And Activation Mediated By Activated Human TAK1 R-HSA-450321,0.40860040517373636,0.6409561916306148,0.9418960244648318,0.9835803175004174,1.0,9/18,16.49%,UBE2N;MAPK8;IRAK1;TRAF6;MAP3K7;MAPK10;IRAK2;TAB2;TAB1,T cells
prerank,Reactome_2022__PKA Activation R-HSA-163615,0.4089386771568454,0.6380294658858049,0.9075235109717869,0.9844629604416538,1.0,3/17,7.52%,CALM1;PRKCA;ADCY9,T cells
prerank,Reactome_2022__Nicotinamide Salvaging R-HSA-197264,0.39846565758554314,0.6362393535790004,0.9611360239162929,0.984598746679618,1.0,4/19,10.24%,PARP14;PARP16;NAMPT;PARP10,T cells
prerank,Reactome_2022__G Beta:Gamma Signaling Thru PLC Beta R-HSA-418217,0.39609935742024366,0.6351488948684749,0.948170731707317,0.9843329982469217,1.0,5/20,12.28%,GNG5;GNB5;GNG11;GNG7;GNG2,T cells
prerank,Reactome_2022__Competing Endogenous RNAs (ceRNAs) Regulate PTEN Translation R-HSA-8948700,-0.40682376102792317,-0.6283954499950359,0.9197860962566845,1.0,1.0,2/10,3.32%,TNRC6C;AGO2,T cells
prerank,Reactome_2022__Regulation Of Gene Expression In Late Stage (Branching Morphogenesis) Pancreatic Bud Precursor Cells R-HSA-210744,0.40416607585303277,0.6278450973898533,0.9429012345679012,0.9874509856059255,1.0,5/15,10.22%,SNW1;CREBBP;NOTCH1;HNF1B;MAML1,T cells
prerank,Reactome_2022__Glycogen Breakdown (Glycogenolysis) R-HSA-70221,0.40701874983899144,0.6263993530058206,0.9367088607594937,0.9873049460038131,1.0,3/14,8.60%,CALM1;PHKG1;PHKA2,T cells
prerank,Reactome_2022__Digestion R-HSA-8935690,-0.3461182727885651,-0.6249683911296517,0.9754601226993865,1.0,1.0,3/22,16.20%,MGAM;PMEL;CEL,T cells
prerank,Reactome_2022__Caspase Activation Via Extrinsic Apoptotic Signaling Pathway R-HSA-5357769,0.3767444821962726,0.6223526631326821,0.9629101283880172,0.9884514894477777,1.0,9/25,14.42%,TANK;FADD;CASP3;TRADD;TICAM1;DAPK1;NDUFA2;LY96;TNFRSF10B,T cells
prerank,Reactome_2022__NF-kB Activation Thru FADD/RIP-1 Pathway Mediated By Caspase-8 And -10 R-HSA-933543,-0.4036970047476486,-0.6213855300185636,0.9291784702549575,1.0,1.0,3/12,5.96%,TRIM4;CASP8;IKBKB,T cells
prerank,Reactome_2022__Regulation Of PTEN mRNA Translation R-HSA-8943723,-0.39765819098773086,-0.6201294733410389,0.9337016574585635,1.0,1.0,2/11,3.32%,TNRC6C;AGO2,T cells
prerank,Reactome_2022__Zinc Transporters R-HSA-435354,0.39651082933514076,0.6191055766968514,0.9381933438985737,0.9891532428992014,1.0,7/17,13.16%,SLC30A7;SLC30A6;SLC39A10;SLC39A4;SLC39A6;SLC39A14;SLC39A1,T cells
prerank,Reactome_2022__Acyl Chain Remodelling Of PI R-HSA-1482922,-0.36783854349792877,-0.618638310205472,0.9478527607361963,1.0,1.0,3/17,15.13%,MBOAT7;PLBD1;PLAAT3,T cells
prerank,Reactome_2022__RUNX3 Regulates NOTCH Signaling R-HSA-8941856,0.4108986148763578,0.618474322235485,0.966412213740458,0.9885408655102997,1.0,5/13,10.22%,SNW1;CREBBP;JAG1;NOTCH1;MAML1,T cells
prerank,Reactome_2022__RHOBTB3 ATPase Cycle R-HSA-9706019,-0.38906747038614475,-0.6182071301121193,0.9375,1.0,1.0,2/10,6.85%,RAB9A;VHL,T cells
prerank,Reactome_2022__Assembly Of Collagen Fibrils And Other Multimeric Structures R-HSA-2022090,0.3319015551543839,0.6169835686704129,0.9945429740791268,0.9883246977128225,1.0,19/57,20.14%,CTSS;ITGA6;COL4A1;COL4A2;COL27A1;COL4A4;COL4A5;CTSB;MMP7;ITGB4;LAMC2;COL18A1;DST;COL9A2;COL4A3;COL5A3;COL15A1;TLL1;BMP1,T cells
prerank,Reactome_2022__ZBP1(DAI) Mediated Induction Of Type I IFNs R-HSA-1606322,0.38062176612213305,0.6150716939719558,0.9706314243759178,0.9882789442010603,1.0,7/21,11.29%,NFKB1;NKIRAS2;TICAM1;CHUK;IRF3;NFKB2;NFKBIB,T cells
prerank,Reactome_2022__Common Pathway Of Fibrin Clot Formation R-HSA-140875,0.3694549225105338,0.6118583389904466,0.965166908563135,0.9887815910114333,1.0,3/22,16.03%,FAM110A;F8;PROS1,T cells
prerank,Reactome_2022__Phase 4 - Resting Membrane Potential R-HSA-5576886,0.38233011253392374,0.6092319822962282,0.9482496194824962,0.9889458922635044,1.0,3/19,23.70%,KCNK1;KCNK15;KCNK13,T cells
prerank,Reactome_2022__Alpha-Linolenic (Omega3) And Linoleic (Omega6) Acid Metabolism R-HSA-2046104,0.399402708006245,0.6064984691206228,0.9611197511664075,0.989108899714953,1.0,4/13,12.75%,ACSL1;ELOVL1;ELOVL5;ABCD1,T cells
prerank,Reactome_2022__Activation Of PPARGC1A (PGC-1alpha) By Phosphorylation R-HSA-2151209,-0.39709531752417304,-0.6056607090037217,0.9507772020725389,1.0,1.0,3/10,7.29%,MAPK14;PRKAG2;PRKAB2,T cells
prerank,Reactome_2022__Synthesis Of Bile Acids And Bile Salts Via 24-Hydroxycholesterol R-HSA-193775,0.38947419503194636,0.5973037769514401,0.9616564417177914,0.9915113249697273,1.0,8/14,27.74%,SLC27A5;AKR1C1;SLC27A2;PTGIS;AKR1C2;AKR1D1;CYP27A1;CYP39A1,T cells
prerank,Reactome_2022__Glutamate And Glutamine Metabolism R-HSA-8964539,0.3989753344653452,0.5958538462952171,0.9534510433386838,0.9910402630506079,1.0,3/13,13.40%,GLUD1;ALDH18A1;KYAT1,T cells
prerank,Reactome_2022__Calcitonin-like Ligand Receptors R-HSA-419812,-0.37761548252142824,-0.591783344653843,0.9523809523809523,1.0,1.0,1/10,4.19%,RAMP1,T cells
prerank,Reactome_2022__Caspase Activation Via Death Receptors In Presence Of Ligand R-HSA-140534,0.38234461256875757,0.5915535539466932,0.9629080118694362,0.9914718232640377,1.0,7/15,14.42%,TANK;FADD;TRADD;TICAM1;NDUFA2;LY96;TNFRSF10B,T cells
prerank,Reactome_2022__TFAP2 (AP-2) Family Regulates Transcription Of Growth Factors And Their Receptors R-HSA-8866910,0.3937977953492165,0.5898783897779738,0.9664536741214057,0.9910243819474065,1.0,5/13,19.66%,EGFR;VEGFA;TFAP2A;KIT;TFAP2B,T cells
prerank,Reactome_2022__Digestion And Absorption R-HSA-8963743,-0.31127847704882994,-0.5870405444827828,0.9936507936507937,1.0,1.0,3/27,16.20%,MGAM;PMEL;CEL,T cells
prerank,Reactome_2022__Caspase Activation Via Dependence Receptors In Absence Of Ligand R-HSA-418889,0.40681981985367055,0.5847309322866535,0.9634146341463414,0.9915706404548604,1.0,2/10,9.35%,CASP3;DAPK1,T cells
prerank,Reactome_2022__LGI-ADAM Interactions R-HSA-5682910,0.3767214879406388,0.5795501428874893,0.9717425431711146,0.992051805790095,1.0,1/14,7.65%,ADAM22,T cells
prerank,Reactome_2022__Physiological Factors R-HSA-5578768,-0.35355433080731075,-0.5763080741905833,0.9830508474576272,1.0,1.0,2/14,6.31%,KAT2B;HIPK1,T cells
prerank,Reactome_2022__Cellular Hexose Transport R-HSA-189200,0.3540662610751184,0.5753539023353191,0.9923076923076923,0.9921074899903431,1.0,1/21,4.09%,SLC2A3,T cells
prerank,Reactome_2022__Peroxisomal Lipid Metabolism R-HSA-390918,0.3337643255786509,0.5690062458667772,0.9911894273127754,0.9925931917387556,1.0,6/29,13.70%,ACBD5;NUDT7;CROT;ALDH3A2;ABCD1;ACOT4,T cells
prerank,Reactome_2022__DSCAM Interactions R-HSA-376172,-0.3544014674134959,-0.564220852457236,0.978494623655914,1.0,1.0,1/11,1.96%,MAPK14,T cells
prerank,"Reactome_2022__Gamma-carboxylation, Transport, And Amino-Terminal Cleavage Of Proteins R-HSA-159854",0.38058895560532296,0.55867472240801,0.9774557165861514,0.9936473706093004,1.0,4/11,16.77%,GGCX;FAM110A;PROS1;GAS6,T cells
prerank,Reactome_2022__Triglyceride Biosynthesis R-HSA-75109,0.36555474689880796,0.552607956736121,0.9889937106918238,0.9937201147906427,1.0,6/13,22.04%,LPIN1;GPAM;LPIN3;GPAT2;GK;AGMO,T cells
prerank,Reactome_2022__Serotonin Receptors R-HSA-390666,-0.33295982508882205,-0.5186363298832768,0.9917355371900827,1.0,1.0,11/11,100.00%,HTR1F;HTR5A;HTR4;HTR6;HTR1D;HTR1E;HTR1B;HTR7;HTR1A;HTR2C;HTR2A,T cells
prerank,Reactome_2022__Crosslinking Of Collagen Fibrils R-HSA-2243919,-0.32008047312485266,-0.497073052150033,0.9919786096256684,1.0,1.0,3/10,17.68%,PCOLCE;LOXL3;LOXL2,T cells
prerank,Reactome_2022__Glycoprotein Hormones R-HSA-209822,-0.3062228416823809,-0.46570575067878517,1.0,0.9997971035291614,1.0,10/10,100.00%,INHBB;INHA;TSHB;FSHB;INHBA;CGB3;LHB;INHBE;INHBC;CHGA,T cells
