Name,Term,ES,NES,NOM p-val,FDR q-val,FWER p-val,Tag %,Gene %,Lead_genes,cell_type
prerank,Reactome_2022__Digestion And Absorption R-HSA-8963743,-0.8921011258758804,-1.6945391485244101,0.018867924528301886,0.37247306365233585,0.252,1/27,0.01%,AMY2B,CNT
prerank,Reactome_2022__Digestion R-HSA-8935690,-0.9011343352297727,-1.6828072664608444,0.014705882352941176,0.22313244850871064,0.292,1/22,0.01%,AMY2B,CNT
prerank,Reactome_2022__FGFR1 Ligand Binding And Activation R-HSA-190242,-0.8661905396150995,-1.5954668455105179,0.019230769230769232,0.4711549995413588,0.655,2/16,0.13%,KL;FGF13,CNT
prerank,Reactome_2022__Digestion Of Dietary Carbohydrate R-HSA-189085,-0.9675733476930013,-1.5891378677329586,0.001,0.37752429034101737,0.682,1/11,0.01%,AMY2B,CNT
prerank,Reactome_2022__Phospholipase C-mediated Cascade: FGFR1 R-HSA-5654219,-0.8402762152998825,-1.5468702444580142,0.035398230088495575,0.4849177621134184,0.835,2/16,0.13%,KL;FGF13,CNT
prerank,Reactome_2022__Ion Homeostasis R-HSA-5578775,-0.671749186298916,-1.531554298149584,0.029411764705882353,0.4652985048298442,0.877,8/49,3.63%,ATP1B1;ATP2A2;ITPR2;ITPR1;ATP2B4;TRPC1;FXYD2;ATP1B3,CNT
prerank,Reactome_2022__FGFR4 Ligand Binding And Activation R-HSA-190322,-0.8777646092731547,-1.5011622171953338,0.022900763358778626,0.5268335314058309,0.935,2/14,5.06%,FGF13;FGF9,CNT
prerank,Reactome_2022__Lysosphingolipid And LPA Receptors R-HSA-419408,-0.8390695139019041,-1.4767116243933578,0.03875968992248062,0.5605763531677991,0.961,1/14,0.11%,PLPPR1,CNT
prerank,Reactome_2022__PI3K Events In ERBB4 Signaling R-HSA-1250342,-0.8753503982477344,-1.4709286685322844,0.07428571428571429,0.5195686891565472,0.967,3/10,3.26%,ERBB4;PIK3CA;NRG1,CNT
prerank,Reactome_2022__Eukaryotic Translation Elongation R-HSA-156842,0.946291407081701,1.4622526271901268,0.001,0.001,0.001,78/90,3.88%,RPS3;RPS4X;RPL11;RPL34;RPS23;RPL7A;RPL35A;RPL19;RPL26;RPS15;RPS12;RPL29;RPL6;RPL30;RPS20;RPS19;EEF1D;EEF1B2;RPS15A;RPS7;RPL5;RPL23;FAU;RPS5;RPLP1;RPS13;RPS27A;RPL36AL;RPS25;RPL8;EEF2;RPS24;RPL32;RPL4;RPL18A;RPS8;RPS27L;EEF1G;RPS3A;RPL28;RPS6;EEF1A1;RPL23A;RPL36;RPS14;RPL14;RPSA;RPL9;RPL15;RPL3;RPS21;RPL41;RPS9;RPL18;UBA52;RPL36A;RPL27;MRPL13;RPL22;RPL13A;RPS2;RPL10A;RPS16;RPS28;RPS17;RPL26L1;RPS27;RPL27A;RPL31;RPL12;RPL35;RPL37;RPLP2;RSL24D1;RPL38;RPS11;RPL7;RPL22L1,CNT
prerank,Reactome_2022__Peptide Chain Elongation R-HSA-156902,0.9453788839796446,1.4606029766802238,0.001,0.001,0.001,75/86,3.88%,RPS3;RPS4X;RPL11;RPL34;RPS23;RPL7A;RPL35A;RPL19;RPL26;RPS15;RPS12;RPL29;RPL6;RPL30;RPS20;RPS19;RPS15A;RPS7;RPL5;RPL23;FAU;RPS5;RPLP1;RPS13;RPS27A;RPL36AL;RPS25;RPL8;EEF2;RPS24;RPL32;RPL4;RPL18A;RPS8;RPS27L;RPS3A;RPL28;RPS6;EEF1A1;RPL23A;RPL36;RPS14;RPL14;RPSA;RPL9;RPL15;RPL3;RPS21;RPL41;RPS9;RPL18;UBA52;RPL36A;RPL27;MRPL13;RPL22;RPL13A;RPS2;RPL10A;RPS16;RPS28;RPS17;RPL26L1;RPS27;RPL27A;RPL31;RPL12;RPL35;RPL37;RPLP2;RSL24D1;RPL38;RPS11;RPL7;RPL22L1,CNT
prerank,Reactome_2022__Viral mRNA Translation R-HSA-192823,0.9431262429924351,1.459142831106486,0.001,0.001,0.001,73/90,3.88%,RPS3;RPS4X;RPL11;RPL34;RPS23;RPL7A;RPL35A;RPL19;RPL26;RPS15;RPS12;RPL29;RPL6;RPL30;RPS20;RPS19;RPS15A;RPS7;RPL5;RPL23;FAU;RPS5;RPLP1;RPS13;RPS27A;RPL36AL;RPS25;RPL8;RPS24;RPL32;RPL4;RPL18A;RPS8;RPS27L;RPS3A;RPL28;RPS6;RPL23A;RPL36;RPS14;RPL14;RPSA;RPL9;RPL15;RPL3;RPS21;RPL41;RPS9;RPL18;UBA52;RPL36A;RPL27;MRPL13;RPL22;RPL13A;RPS2;RPL10A;RPS16;RPS28;RPS17;RPL26L1;RPS27;RPL27A;RPL31;RPL12;RPL35;RPL37;RPLP2;RSL24D1;RPL38;RPS11;RPL7;RPL22L1,CNT
prerank,Reactome_2022__Selenocysteine Synthesis R-HSA-2408557,0.9406521266588096,1.454825176784848,0.001,0.001,0.001,73/89,3.88%,RPS3;RPS4X;RPL11;RPL34;RPS23;RPL7A;RPL35A;RPL19;RPL26;RPS15;RPS12;RPL29;RPL6;RPL30;RPS20;RPS19;RPS15A;RPS7;RPL5;RPL23;FAU;RPS5;RPLP1;RPS13;RPS27A;RPL36AL;RPS25;RPL8;RPS24;RPL32;RPL4;RPL18A;RPS8;RPS27L;RPS3A;RPL28;RPS6;RPL23A;RPL36;RPS14;RPL14;RPSA;RPL9;RPL15;RPL3;RPS21;RPL41;RPS9;RPL18;UBA52;RPL36A;RPL27;MRPL13;RPL22;RPL13A;RPS2;RPL10A;RPS16;RPS28;RPS17;RPL26L1;RPS27;RPL27A;RPL31;RPL12;RPL35;RPL37;RPLP2;RSL24D1;RPL38;RPS11;RPL7;RPL22L1,CNT
prerank,Reactome_2022__Eukaryotic Translation Termination R-HSA-72764,0.9382407349892785,1.4527724670968634,0.001,0.001,0.001,74/90,3.88%,RPS3;RPS4X;RPL11;RPL34;RPS23;RPL7A;RPL35A;RPL19;RPL26;RPS15;RPS12;RPL29;RPL6;RPL30;RPS20;RPS19;RPS15A;RPS7;RPL5;RPL23;FAU;RPS5;RPLP1;RPS13;RPS27A;RPL36AL;RPS25;RPL8;RPS24;RPL32;RPL4;RPL18A;RPS8;RPS27L;RPS3A;RPL28;RPS6;RPL23A;RPL36;RPS14;RPL14;RPSA;RPL9;RPL15;RPL3;RPS21;RPL41;RPS9;RPL18;TRMT112;UBA52;RPL36A;RPL27;MRPL13;RPL22;RPL13A;RPS2;RPL10A;RPS16;RPS28;RPS17;RPL26L1;RPS27;RPL27A;RPL31;RPL12;RPL35;RPL37;RPLP2;RSL24D1;RPL38;RPS11;RPL7;RPL22L1,CNT
prerank,Reactome_2022__Response Of EIF2AK4 (GCN2) To Amino Acid Deficiency R-HSA-9633012,0.9343446069135022,1.4478123084619676,0.001,0.001,0.001,75/98,3.88%,RPS3;RPS4X;RPL11;RPL34;RPS23;RPL7A;RPL35A;RPL19;RPL26;RPS15;RPS12;RPL29;RPL6;RPL30;RPS20;RPS19;RPS15A;RPS7;RPL5;RPL23;FAU;RPS5;RPLP1;RPS13;RPS27A;RPL36AL;RPS25;RPL8;RPS24;RPL32;RPL4;RPL18A;RPS8;RPS27L;RPS3A;RPL28;RPS6;RPL23A;RPL36;RPS14;RPL14;RPSA;RPL9;RPL15;RPL3;RPS21;RPL41;RPS9;RPL18;DDIT3;UBA52;RPL36A;RPL27;MRPL13;RPL22;RPL13A;RPS2;RPL10A;RPS16;RPS28;RPS17;RPL26L1;RPS27;RPL27A;RPL31;RPL12;RPL35;RPL37;RPLP2;RSL24D1;EIF2S3;RPL38;RPS11;RPL7;RPL22L1,CNT
prerank,Reactome_2022__Nonsense Mediated Decay (NMD) Independent Of Exon Junction Complex (EJC) R-HSA-975956,0.9355346271402184,1.443816585433441,0.001,0.001,0.001,73/92,3.88%,RPS3;RPS4X;RPL11;RPL34;RPS23;RPL7A;RPL35A;RPL19;RPL26;RPS15;RPS12;RPL29;RPL6;RPL30;RPS20;RPS19;RPS15A;RPS7;RPL5;RPL23;FAU;RPS5;RPLP1;RPS13;RPS27A;RPL36AL;RPS25;RPL8;RPS24;RPL32;RPL4;RPL18A;RPS8;RPS27L;RPS3A;RPL28;RPS6;RPL23A;RPL36;RPS14;RPL14;RPSA;RPL9;RPL15;RPL3;RPS21;RPL41;RPS9;RPL18;UBA52;RPL36A;RPL27;MRPL13;RPL22;RPL13A;RPS2;RPL10A;RPS16;RPS28;RPS17;RPL26L1;RPS27;RPL27A;RPL31;RPL12;RPL35;RPL37;RPLP2;RSL24D1;RPL38;RPS11;RPL7;RPL22L1,CNT
prerank,Reactome_2022__Selenoamino Acid Metabolism R-HSA-2408522,0.9313214427536856,1.4431964096275722,0.001,0.001,0.001,76/104,3.91%,RPS3;RPS4X;RPL11;RPL34;RPS23;RPL7A;RPL35A;RPL19;RPL26;RPS15;RPS12;RPL29;RPL6;RPL30;RPS20;RPS19;RPS15A;RPS7;RPL5;RPL23;FAU;RPS5;RPLP1;RPS13;RPS27A;RPL36AL;RPS25;RPL8;RPS24;RPL32;RPL4;RPL18A;RPS8;RPS27L;RPS3A;RPL28;RPS6;RPL23A;RPL36;RPS14;RPL14;RPSA;RPL9;RPL15;RPL3;RPS21;RPL41;RPS9;RPL18;AIMP1;UBA52;RPL36A;RPL27;MRPL13;RPL22;RPL13A;RPS2;RPL10A;RPS16;RPS28;RPS17;RPL26L1;RPS27;RPL27A;RPL31;RPL12;RPL35;RPL37;RPLP2;RSL24D1;RPL38;RPS11;EEF1E1;RPL7;RPL22L1;GSR,CNT
prerank,Reactome_2022__Formation Of A Pool Of Free 40S Subunits R-HSA-72689,0.9325540558530211,1.4425219817974766,0.001,0.001,0.001,83/98,5.01%,RPS3;RPS4X;RPL11;RPL34;RPS23;RPL7A;RPL35A;RPL19;RPL26;RPS15;RPS12;RPL29;RPL6;RPL30;RPS20;RPS19;RPS15A;RPS7;RPL5;RPL23;FAU;RPS5;RPLP1;RPS13;RPS27A;RPL36AL;RPS25;RPL8;RPS24;RPL32;RPL4;RPL18A;RPS8;RPS27L;RPS3A;RPL28;EIF3K;RPS6;EIF3D;RPL23A;RPL36;RPS14;RPL14;RPSA;RPL9;RPL15;RPL3;RPS21;RPL41;RPS9;RPL18;EIF3F;EIF3G;UBA52;RPL36A;RPL27;MRPL13;RPL22;RPL13A;RPS2;RPL10A;RPS16;RPS28;RPS17;RPL26L1;RPS27;RPL27A;RPL31;RPL12;EIF3I;RPL35;RPL37;RPLP2;RSL24D1;EIF3H;RPL38;RPS11;RPL7;RPL22L1;EIF3J;RPL37A;EIF3E;RPLP0,CNT
prerank,Reactome_2022__GTP Hydrolysis And Joining Of 60S Ribosomal Subunit R-HSA-72706,0.9256650681920291,1.43863962929152,0.001,0.001,0.001,88/109,5.01%,RPS3;RPS4X;RPL11;RPL34;RPS23;RPL7A;RPL35A;RPL19;RPL26;RPS15;RPS12;RPL29;RPL6;RPL30;RPS20;RPS19;RPS15A;RPS7;RPL5;RPL23;FAU;RPS5;RPLP1;RPS13;RPS27A;RPL36AL;RPS25;RPL8;RPS24;RPL32;RPL4;RPL18A;RPS8;RPS27L;RPS3A;RPL28;EIF3K;RPS6;EIF3D;RPL23A;RPL36;RPS14;RPL14;RPSA;RPL9;RPL15;RPL3;RPS21;RPL41;RPS9;RPL18;EIF3F;EIF3G;EIF5;UBA52;RPL36A;RPL27;MRPL13;RPL22;RPL13A;RPS2;RPL10A;RPS16;RPS28;RPS17;RPL26L1;RPS27;RPL27A;RPL31;RPL12;EIF3I;RPL35;RPL37;RPLP2;RSL24D1;EIF3H;EIF2S3;RPL38;RPS11;RPL7;RPL22L1;EIF3J;EIF4A1;EIF4E;EIF4B;RPL37A;EIF3E;RPLP0,CNT
prerank,Reactome_2022__SRP-dependent Cotranslational Protein Targeting To Membrane R-HSA-1799339,0.9251535263444246,1.435034380644077,0.001,0.001,0.001,87/108,5.01%,RPS3;RPS4X;RPL11;RPL34;RPS23;RPL7A;RPL35A;RPL19;RPL26;RPS15;RPS12;RPL29;RPL6;RPL30;RPS20;RPS19;RPS15A;RPS7;RPL5;RPL23;FAU;RPS5;RPLP1;RPS13;RPS27A;RPL36AL;RPS25;RPL8;RPS24;RPL32;RPL4;RPL18A;RPS8;RPS27L;SEC61B;RPS3A;RPL28;RPS6;RPL23A;RPL36;RPS14;RPL14;RPSA;SSR4;RPL9;RPL15;RPL3;RPS21;RPL41;RPS9;RPL18;UBA52;RPL36A;RPL27;MRPL13;RPL22;RPL13A;RPS2;RPL10A;RPS16;RPS28;RPS17;SRP19;RPL26L1;RPS27;RPL27A;RPL31;DDOST;RPL12;SSR2;SRP14;RPL35;RPL37;RPLP2;RPN1;RSL24D1;SEC11C;SSR1;RPL38;RPS11;RPL7;RPL22L1;SSR3;SEC11A;RPL37A;SEC61A1;RPLP0,CNT
prerank,Reactome_2022__L13a-mediated Translational Silencing Of Ceruloplasmin Expression R-HSA-156827,0.9249915778640558,1.4345349940955094,0.001,0.001,0.001,87/108,5.01%,RPS3;RPS4X;RPL11;RPL34;RPS23;RPL7A;RPL35A;RPL19;RPL26;RPS15;RPS12;RPL29;RPL6;RPL30;RPS20;RPS19;RPS15A;RPS7;RPL5;RPL23;FAU;RPS5;RPLP1;RPS13;RPS27A;RPL36AL;RPS25;RPL8;RPS24;RPL32;RPL4;RPL18A;RPS8;RPS27L;RPS3A;RPL28;EIF3K;RPS6;EIF3D;RPL23A;RPL36;RPS14;RPL14;RPSA;RPL9;RPL15;RPL3;RPS21;RPL41;RPS9;RPL18;EIF3F;EIF3G;UBA52;RPL36A;RPL27;MRPL13;RPL22;RPL13A;RPS2;RPL10A;RPS16;RPS28;RPS17;RPL26L1;RPS27;RPL27A;RPL31;RPL12;EIF3I;RPL35;RPL37;RPLP2;RSL24D1;EIF3H;EIF2S3;RPL38;RPS11;RPL7;RPL22L1;EIF3J;EIF4A1;EIF4E;EIF4B;RPL37A;EIF3E;RPLP0,CNT
prerank,Reactome_2022__Cap-dependent Translation Initiation R-HSA-72737,0.9192614091505225,1.430167626907496,0.001,0.001,0.002,88/116,5.01%,RPS3;RPS4X;RPL11;RPL34;RPS23;RPL7A;RPL35A;RPL19;RPL26;RPS15;RPS12;RPL29;RPL6;RPL30;RPS20;RPS19;RPS15A;RPS7;RPL5;RPL23;FAU;RPS5;RPLP1;RPS13;RPS27A;RPL36AL;RPS25;RPL8;RPS24;RPL32;RPL4;RPL18A;RPS8;RPS27L;RPS3A;RPL28;EIF3K;RPS6;EIF3D;RPL23A;RPL36;RPS14;RPL14;RPSA;RPL9;RPL15;RPL3;RPS21;RPL41;RPS9;RPL18;EIF3F;EIF3G;EIF5;UBA52;RPL36A;RPL27;MRPL13;RPL22;RPL13A;RPS2;RPL10A;RPS16;RPS28;RPS17;RPL26L1;RPS27;RPL27A;RPL31;RPL12;EIF3I;RPL35;RPL37;RPLP2;RSL24D1;EIF3H;EIF2S3;RPL38;RPS11;RPL7;RPL22L1;EIF3J;EIF4A1;EIF4E;EIF4B;RPL37A;EIF3E;RPLP0,CNT
prerank,Reactome_2022__SARS-CoV-2 Modulates Host Translation Machinery R-HSA-9754678,0.9394619689810925,1.4201609355446594,0.001,0.001,0.005,35/47,3.62%,RPS3;RPS4X;RPS23;RPS15;RPS12;RPS20;RPS19;RPS15A;RPS7;FAU;RPS5;RPS13;SNRPE;RPS27A;RPS25;SNRPD2;RPS24;RPS8;RPS27L;RPS3A;RPS6;RPS14;RPSA;RPS21;SNRPF;RPS9;RPS2;RPS16;RPS28;RPS17;RPS27;SNRPD3;SNRPG;RPS11;SNRPB,CNT
prerank,Reactome_2022__Regulation Of Expression Of SLITs And ROBOs R-HSA-9010553,0.9085420295499403,1.4089657452890023,0.001,0.0012103790683064184,0.016,112/167,5.51%,RPS3;RPS4X;RPL11;RPL34;RPS23;RPL7A;RPL35A;RPL19;RPL26;RPS15;RPS12;RPL29;RPL6;RPL30;RPS20;RPS19;RPS15A;RPS7;RPL5;RPL23;FAU;RPS5;RPLP1;RPS13;UBB;RPS27A;RPL36AL;RPS25;RPL8;RPS24;RPL32;RPL4;RPL18A;RPS8;RPS27L;RPS3A;RPL28;RPS6;RPL23A;ELOC;RPL36;PSMB6;RPS14;RPL14;RPSA;RPL9;RBM8A;RPL15;RPL3;RPS21;RPL41;PSMA7;PSME2;RPS9;RPL18;PSMB1;PSMB3;PSMD8;UBA52;RPL36A;PSMD13;RPL27;MRPL13;RPL22;RPL13A;RPS2;RPL10A;RPS16;RPS28;RPS17;PSMB8;RPL26L1;RPS27;RPL27A;RPL31;MAGOH;ELOB;PSMD9;PSMA5;PSMC4;RPL12;SEM1;RPL35;RPL37;PSMA3;RPLP2;RSL24D1;PSMD2;PSME1;PSMD7;PSMA1;PSMB10;PSMC3;RBX1;RPL38;PSMC6;PSMB5;RPS11;PSMA4;PSMD4;PSMA6;RPL7;RPL22L1;PSMB7;RPL37A;PSMC5;GSPT1;RPLP0;PSMB2;RNPS1;PSMA2;DAG1,CNT
prerank,Reactome_2022__Nonsense Mediated Decay (NMD) Enhanced By Exon Junction Complex (EJC) R-HSA-975957,0.9100152280242421,1.408642154724437,0.001,0.001134730376537267,0.016,79/112,5.11%,RPS3;RPS4X;RPL11;RPL34;RPS23;RPL7A;RPL35A;RPL19;RPL26;RPS15;RPS12;RPL29;RPL6;RPL30;RPS20;RPS19;RPS15A;RPS7;RPL5;RPL23;FAU;RPS5;RPLP1;RPS13;RPS27A;RPL36AL;RPS25;RPL8;RPS24;RPL32;RPL4;RPL18A;RPS8;RPS27L;RPS3A;RPL28;RPS6;RPL23A;RPL36;RPS14;RPL14;RPSA;RPL9;RBM8A;RPL15;RPL3;RPS21;RPL41;RPS9;RPL18;UBA52;RPL36A;RPL27;MRPL13;RPL22;RPL13A;RPS2;RPL10A;RPS16;RPS28;RPS17;RPL26L1;RPS27;RPL27A;RPL31;MAGOH;RPL12;RPL35;RPL37;RPLP2;RSL24D1;RPL38;RPS11;RPL7;RPL22L1;RPL37A;GSPT1;RPLP0;RNPS1,CNT
prerank,Reactome_2022__Long-term Potentiation R-HSA-9620244,-0.7251456386595612,-1.4036183110861478,0.08433734939759036,0.75619059715078,0.994,1/23,0.02%,ERBB4,CNT
prerank,Reactome_2022__Influenza Viral RNA Transcription And Replication R-HSA-168273,0.9011029454450531,1.3995593463270206,0.001,0.0032039445925758133,0.046,83/137,4.49%,RPS3;RPS4X;RPL11;RPL34;RPS23;RPL7A;RPL35A;RPL19;RPL26;RPS15;RPS12;RPL29;RPL6;RPL30;RPS20;RPS19;RPS15A;RPS7;RPL5;RPL23;FAU;RPS5;RPLP1;RPS13;RPS27A;RPL36AL;RPS25;RPL8;RPS24;RPL32;RPL4;RPL18A;RPS8;RPS27L;RPS3A;RPL28;RPS6;RPL23A;RPL36;RPS14;RPL14;RPSA;RPL9;POLR2I;RPL15;POLR2J;RPL3;RPS21;RPL41;RPS9;RPL18;POLR2K;UBA52;RPL36A;RPL27;MRPL13;RPL22;RPL13A;RPS2;RPL10A;RPS16;RPS28;RPS17;RPL26L1;RPS27;RPL27A;RPL31;RPL12;RPL35;RPL37;RPLP2;RSL24D1;POLR2F;POLR2H;POLR2L;HSP90AA1;RPL38;POLR2E;RPS11;RPL7;RPL22L1;RPL37A;POLR2A,CNT
prerank,Reactome_2022__Ribosomal Scanning And Start Codon Recognition R-HSA-72702,0.9109801596221119,1.3902076950256215,0.001,0.006668292089280731,0.101,45/57,6.08%,RPS3;RPS4X;RPS23;RPS15;RPS12;RPS20;RPS19;RPS15A;RPS7;FAU;RPS5;RPS13;RPS27A;RPS25;RPS24;RPS8;RPS27L;RPS3A;EIF3K;RPS6;EIF3D;RPS14;RPSA;RPS21;RPS9;EIF3F;EIF3G;EIF5;RPS2;RPS16;RPS28;RPS17;RPS27;EIF3I;EIF3H;EIF2S3;RPS11;EIF3J;EIF4A1;EIF4E;EIF4B;EIF3E;EIF1AX;EIF4H;EIF3B,CNT
prerank,"Reactome_2022__Formation Of Ternary Complex, And Subsequently, 43S Complex R-HSA-72695",0.9161534145701997,1.388840838417448,0.001,0.007166718167603793,0.109,38/50,4.72%,RPS3;RPS4X;RPS23;RPS15;RPS12;RPS20;RPS19;RPS15A;RPS7;FAU;RPS5;RPS13;RPS27A;RPS25;RPS24;RPS8;RPS27L;RPS3A;EIF3K;RPS6;EIF3D;RPS14;RPSA;RPS21;RPS9;EIF3F;EIF3G;RPS2;RPS16;RPS28;RPS17;RPS27;EIF3I;EIF3H;EIF2S3;RPS11;EIF3J;EIF3E,CNT
prerank,Reactome_2022__Translation Initiation Complex Formation R-HSA-72649,0.9095376809023759,1.3865093143956486,0.001,0.008321356094606628,0.133,44/57,6.08%,RPS3;RPS4X;RPS23;RPS15;RPS12;RPS20;RPS19;RPS15A;RPS7;FAU;RPS5;RPS13;RPS27A;RPS25;RPS24;RPS8;RPS27L;RPS3A;EIF3K;RPS6;EIF3D;RPS14;RPSA;RPS21;RPS9;EIF3F;EIF3G;RPS2;RPS16;RPS28;RPS17;RPS27;EIF3I;EIF3H;EIF2S3;RPS11;EIF3J;EIF4A1;EIF4E;EIF4B;EIF3E;EIF1AX;EIF4H;EIF3B,CNT
prerank,Reactome_2022__Influenza Infection R-HSA-168255,0.890593664143469,1.3864430421392617,0.001,0.00802116287330047,0.135,87/157,4.49%,RPS3;RPS4X;RPL11;RPL34;RPS23;RPL7A;RPL35A;RPL19;RPL26;RPS15;RPS12;RPL29;RPL6;RPL30;RPS20;RPS19;RPS15A;RPS7;RPL5;RPL23;FAU;RPS5;CLTA;RPLP1;RPS13;RPS27A;RPL36AL;RPS25;RPL8;RPS24;RPL32;RPL4;RPL18A;RPS8;RPS27L;RPS3A;RPL28;RPS6;RPL23A;RPL36;HSPA1A;RPS14;RPL14;RPSA;RPL9;POLR2I;RPL15;POLR2J;RPL3;RPS21;RPL41;RPS9;RPL18;POLR2K;RAN;UBA52;RPL36A;RPL27;MRPL13;RPL22;RPL13A;RPS2;RPL10A;SLC25A6;RPS16;RPS28;RPS17;RPL26L1;RPS27;RPL27A;RPL31;RPL12;RPL35;RPL37;RPLP2;RSL24D1;POLR2F;POLR2H;POLR2L;HSP90AA1;RPL38;POLR2E;RPS11;RPL7;RPL22L1;RPL37A;POLR2A,CNT
prerank,Reactome_2022__Signaling By ROBO Receptors R-HSA-376176,0.8902046578256905,1.3858037509158259,0.001,0.008023346096728152,0.139,115/208,5.51%,RPS3;RPS4X;RPL11;RPL34;RPS23;RPL7A;RPL35A;RPL19;RPL26;RPS15;RPS12;RPL29;RPL6;RPL30;RPS20;RPS19;RPS15A;RPS7;RPL5;RPL23;FAU;RPS5;RPLP1;RPS13;UBB;RPS27A;RPL36AL;RPS25;RPL8;RPS24;RPL32;RPL4;RPL18A;RPS8;RPS27L;RPS3A;RPL28;RPS6;RPL23A;ELOC;RPL36;PSMB6;RPS14;RPL14;RPSA;RPL9;RBM8A;RPL15;RPL3;RPS21;RPL41;PSMA7;PSME2;RPS9;RPL18;PSMB1;PFN1;PSMB3;PSMD8;UBA52;RPL36A;PSMD13;RPL27;MRPL13;RPL22;RPL13A;RPS2;RPL10A;RPS16;RPS28;RPS17;PSMB8;RPL26L1;RPS27;RPL27A;RPL31;MAGOH;ELOB;PSMD9;PSMA5;PSMC4;RPL12;SEM1;RPL35;RPL37;PSMA3;RPLP2;RSL24D1;RHOA;PSMD2;PSME1;PSMD7;PSMA1;PSMB10;PSMC3;RBX1;RPL38;PSMC6;PSMB5;RPS11;PSMA4;PSMD4;PSMA6;RPL7;RPL22L1;PSMB7;CAP1;RPL37A;PSMC5;GSPT1;RPLP0;PSMB2;RNPS1;PSMA2;DAG1,CNT
prerank,"Reactome_2022__mRNA Activation Upon Binding Of Cap-Binding Complex And eIFs, Subsequent Binding To 43S R-HSA-72662",0.9068682882209558,1.3822997789078126,0.001,0.009472531838919796,0.164,45/58,6.36%,RPS3;RPS4X;RPS23;RPS15;RPS12;RPS20;RPS19;RPS15A;RPS7;FAU;RPS5;RPS13;RPS27A;RPS25;RPS24;RPS8;RPS27L;RPS3A;EIF3K;RPS6;EIF3D;RPS14;RPSA;RPS21;RPS9;EIF3F;EIF3G;RPS2;RPS16;RPS28;RPS17;RPS27;EIF3I;EIF3H;EIF2S3;RPS11;EIF3J;EIF4A1;EIF4E;EIF4B;EIF3E;EIF1AX;EIF4H;EIF3B;EIF4EBP1,CNT
prerank,Reactome_2022__Cellular Response To Starvation R-HSA-9711097,0.889288867459237,1.3822767003120684,0.001,0.009077843012298139,0.164,88/152,5.46%,RPS3;RPS4X;RPL11;RPL34;RPS23;RPL7A;RPL35A;RPL19;RPL26;RPS15;RPS12;RPL29;RPL6;RPL30;RPS20;RPS19;RPS15A;RPS7;RPL5;RPL23;FAU;RPS5;RPLP1;RPS13;RPS27A;RPL36AL;RPS25;ATP6V1G1;RPL8;RPS24;RPL32;RPL4;RPL18A;RPS8;RPS27L;RPS3A;RPL28;RPS6;RPL23A;RPL36;RPS14;RPL14;RPSA;RPL9;LAMTOR2;ATP6V0E1;RPL15;RPL3;RPS21;RPL41;RPS9;RPL18;RHEB;DDIT3;UBA52;RPL36A;RPL27;MRPL13;RPL22;RPL13A;RPS2;RPL10A;RPS16;RPS28;RPS17;ATP6V0C;RPL26L1;RPS27;RPL27A;RPL31;LAMTOR4;RPL12;RPL35;RPL37;RPLP2;RSL24D1;EIF2S3;RPL38;RPS11;RPL7;RPL22L1;ATP6V0D1;LAMTOR3;RPL37A;RPLP0;ATP6V0B;ATP6V0E2;ATF3,CNT
prerank,Reactome_2022__Translation R-HSA-72766,0.8808742294915785,1.382030972796078,0.001,0.00891645913652395,0.168,181/263,7.93%,RPS3;RPS4X;RPL11;RPL34;RPS23;RPL7A;RPL35A;RPL19;RPL26;RPS15;RPS12;RPL29;RPL6;RPL30;RPS20;RPS19;EEF1D;EEF1B2;RPS15A;RPS7;RPL5;RPL23;FAU;RPS5;RPLP1;RPS13;MRPS26;RPS27A;RPL36AL;RPS25;RPL8;EEF2;RPS24;RPL32;RPL4;MRPL54;RPL18A;RPS8;RPS27L;SEC61B;EEF1G;RPS3A;RPL28;MRPS34;EIF3K;GADD45GIP1;RPS6;EIF3D;MRPL57;EEF1A1;MRPL20;RPL23A;RPL36;RPS14;RPL14;RPSA;SSR4;RPL9;MRPL40;RPL15;RPL3;RPS21;RPL41;MRPL51;RPS9;RPL18;TRMT112;AIMP1;EIF3F;EIF3G;MRPS24;EIF5;UBA52;MRPL33;MRPL15;RPL36A;MRPL4;RPL27;MRPL13;RPL22;RPL13A;RPS2;MRPL17;MRPL52;RPL10A;RPS16;RPS28;RPS17;SRP19;RPL26L1;RPS27;RPL27A;MRPL23;MRPL21;RPL31;MRPL37;MRPS15;AURKAIP1;MRPS14;PPA1;DDOST;RPL12;EIF3I;MRPS18C;MRPL34;SSR2;CHCHD1;SRP14;RPL35;RPL37;RPLP2;RPN1;MRPL36;RSL24D1;MRPL38;SEC11C;MRPS18B;MRPL43;MRPS16;MRPS25;PPA2;MRPS6;SSR1;MRPS23;MRPS33;MRPL14;EIF3H;EIF2S3;MRPL18;MRPS7;RPL38;MRPL12;RPS11;EEF1E1;MRPS21;RPL7;MRPS36;RPL22L1;SSR3;MRPS31;EIF3J;MRPS17;SEC11A;EIF4A1;EIF4E;EIF4B;MRPL41;MRPL49;MRPS10;RPL37A;EIF3E;MRPL30;SEC61A1;GSPT1;RPLP0;MRPL50;TSFM;MRPL58;MRPL32;TUFM;EIF1AX;MRPS2;MRPS5;EIF4H;MRPS35;EIF3B;MRPS11;EIF4EBP1;EIF2B2;MTIF3;MRPL39;SRP54;MRPL55;MRPS18A;SPCS3;SEC61G;MRPL46;MRPL47;RPL39;RPS29;IARS2,CNT
prerank,Reactome_2022__Ion Transport By P-type ATPases R-HSA-936837,-0.5959073151670867,-1.3784919787496024,0.05263157894736842,0.8046025120706011,0.997,8/52,3.63%,ATP1B1;ATP2A2;ATP8A1;ATP2B4;CUTC;FXYD2;ATP7A;ATP1B3,CNT
prerank,Reactome_2022__Major Pathway Of rRNA Processing In Nucleolus And Cytosol R-HSA-6791226,0.8723924830389693,1.3639014346539706,0.001,0.02890167967590647,0.459,89/179,5.59%,RPS3;RPS4X;RPL11;RPL34;RPS23;RPL7A;RPL35A;RPL19;RPL26;RPS15;RPS12;RPL29;RPL6;RPL30;RPS20;RPS19;RPS15A;RPS7;RPL5;RPL23;FAU;RPS5;RPLP1;RPS13;RPS27A;RPL36AL;RPS25;RPL8;RPS24;RPL32;RPL4;RPL18A;RPS8;RPS27L;RPS3A;RPL28;RPS6;RPL23A;RPL36;RPS14;RPL14;RPSA;RPL9;RPL15;RPL3;RPS21;RPL41;RPS9;RPL18;UBA52;RPL36A;RPL27;MRPL13;RPL22;RPL13A;RPS2;RPL10A;RPS16;RPS28;RPS17;RPL26L1;RPS27;RPL27A;RPL31;SNU13;RPL12;EXOSC7;RPL35;RPL37;RPLP2;RSL24D1;XRN2;BUD23;DDX52;RPL38;RPS11;C1D;RPL7;RPL22L1;EBNA1BP2;DIS3;RPL37A;RPLP0;RPP21;EXOSC8;KRR1;RRP36;EXOSC10;RPP38,CNT
prerank,Reactome_2022__Complex I Biogenesis R-HSA-6799198,0.8968129841773745,1.3626701365700578,0.001,0.029362899620026077,0.473,36/51,4.44%,NDUFB7;NDUFA13;NDUFS7;NDUFAB1;NDUFB3;NDUFB4;NDUFB11;NDUFA1;NDUFA8;NDUFB8;NDUFA12;NDUFS8;NDUFAF3;NDUFA2;NDUFC2;NDUFA6;NDUFA10;NDUFV2;NDUFB5;NDUFA11;NDUFS6;NDUFS5;NDUFB6;NDUFB10;NDUFA7;TMEM126B;NDUFA5;NDUFS4;NDUFAF6;NDUFA9;NDUFS3;NDUFA3;COA1;NDUFV1;NDUFB9;NDUFB2,CNT
prerank,Reactome_2022__rRNA Processing In Nucleus And Cytosol R-HSA-8868773,0.8689792657809409,1.3580848652943323,0.001,0.03587909381051169,0.554,109/189,8.67%,RPS3;RPS4X;RPL11;RPL34;RPS23;RPL7A;RPL35A;RPL19;RPL26;RPS15;RPS12;RPL29;RPL6;RPL30;RPS20;RPS19;RPS15A;RPS7;RPL5;RPL23;FAU;RPS5;RPLP1;RPS13;RPS27A;RPL36AL;RPS25;RPL8;RPS24;RPL32;RPL4;RPL18A;RPS8;RPS27L;RPS3A;RPL28;RPS6;RPL23A;RPL36;RPS14;RPL14;RPSA;RPL9;RPL15;RPL3;RPS21;RPL41;RPS9;RPL18;TRMT112;UBA52;RPL36A;RPL27;MRPL13;RPL22;RPL13A;RPS2;RPL10A;RPS16;RPS28;TSR3;RPS17;RPL26L1;RPS27;RPL27A;RPL31;NHP2;SNU13;RPL12;EXOSC7;RPL35;RPL37;RPLP2;RSL24D1;XRN2;BUD23;DDX52;RPL38;RPS11;C1D;RPL7;RPL22L1;EBNA1BP2;DIS3;RPL37A;RPLP0;RPP21;EXOSC8;KRR1;RRP36;DKC1;EXOSC10;RPP38;NOP10;RPP14;RIOK3;WDR18;EXOSC1;CSNK1E;DNAJC5;RPL39;RPS29;NOP58;EMG1;RBM28;WDR46;CSNK1D;EXOSC3;RCL1,CNT
prerank,Reactome_2022__Respiratory Electron Transport R-HSA-611105,0.8807386587443244,1.3555865606549984,0.001,0.04013728289728755,0.601,69/90,7.99%,NDUFB7;NDUFA13;NDUFS7;NDUFAB1;NDUFB3;COX6A1;NDUFB4;NDUFB11;NDUFA1;NDUFA8;NDUFB8;NDUFA12;NDUFS8;NDUFAF3;COX4I1;NDUFA2;NDUFC2;COX5B;UQCRB;NDUFA6;SURF1;NDUFA10;NDUFV2;NDUFB5;NDUFA11;ETFB;UQCRH;COX7A2L;NDUFS6;SDHD;UQCR11;SDHB;COX7B;NDUFS5;UQCRQ;COX5A;COX7C;LRPPRC;UQCR10;COX6C;NDUFB6;NDUFB10;NDUFA7;TMEM126B;NDUFA5;NDUFS4;CCNI;NDUFAF6;COX6B1;TACO1;UQCRFS1;NDUFA9;NDUFS3;NDUFA3;COA1;NDUFV1;NDUFB9;NDUFB2;COX14;COX19;NDUFB1;UQCRC2;NDUFAF2;ETFA;TIMMDC1;COX16;SDHA;TRAP1;UQCRC1,CNT
prerank,Reactome_2022__FGFRL1 Modulation Of FGFR1 Signaling R-HSA-5658623,-0.7809679557776941,-1.3533385600951178,0.16666666666666666,0.8528520423643304,0.999,2/13,3.34%,FGF13;SPRED1,CNT
prerank,Reactome_2022__rRNA Processing R-HSA-72312,0.8641737947186047,1.3521236269708934,0.001,0.046196134440361636,0.655,112/199,8.67%,RPS3;RPS4X;RPL11;RPL34;RPS23;RPL7A;RPL35A;RPL19;RPL26;RPS15;RPS12;RPL29;RPL6;RPL30;RPS20;RPS19;RPS15A;RPS7;RPL5;RPL23;FAU;RPS5;RPLP1;RPS13;RPS27A;RPL36AL;RPS25;RPL8;RPS24;RPL32;RPL4;RPL18A;RPS8;RPS27L;RPS3A;RPL28;RPS6;RPL23A;RPL36;RPS14;RPL14;RPSA;RPL9;RPL15;RPL3;RPS21;RPL41;RPS9;RPL18;TRMT112;UBA52;RPL36A;RPL27;MRPL13;RPL22;RPL13A;RPS2;RPL10A;RPS16;RPS28;TSR3;RPS17;RPL26L1;RPS27;RPL27A;RPL31;NHP2;SNU13;RPL12;EXOSC7;RPL35;RPL37;RPLP2;RSL24D1;XRN2;BUD23;DDX52;RPL38;RPS11;C1D;RPL7;RPL22L1;EBNA1BP2;DIS3;HSD17B10;RPL37A;RPLP0;RPP21;EXOSC8;KRR1;RRP36;DKC1;EXOSC10;TRMT10C;RPP38;NOP10;RPP14;RIOK3;WDR18;EXOSC1;ELAC2;CSNK1E;DNAJC5;RPL39;RPS29;NOP58;EMG1;RBM28;WDR46;CSNK1D;EXOSC3;RCL1,CNT
prerank,Reactome_2022__Phospholipase C-mediated Cascade; FGFR4 R-HSA-5654228,-0.780712561765034,-1.349360809361707,0.125,0.8046823733621218,0.999,2/15,5.06%,FGF13;FGF9,CNT
prerank,Reactome_2022__Metabolism Of Amino Acids And Derivatives R-HSA-71291,0.8598780028135059,1.3461466513352258,0.001,0.0586643403267869,0.746,159/354,7.85%,RPS3;RPS4X;RPL11;RPL34;RPS23;RPL7A;RPL35A;RPL19;RPL26;RPS15;RPS12;RPL29;RPL6;RPL30;RPS20;RPS19;RPS15A;RPS7;RPL5;RPL23;FAU;RPS5;RPLP1;RPS13;RPS27A;RPL36AL;RPS25;NDUFAB1;RPL8;RPS24;RPL32;RPL4;RPL18A;RPS8;RPS27L;RPS3A;RPL28;RPS6;TXN2;RPL23A;RPL36;PSMB6;RPS14;RPL14;RPSA;RPL9;ECHS1;RPL15;RPL3;RPS21;PCBD1;RPL41;PSMA7;PSME2;RPS9;RPL18;AIMP1;PSMB1;HIBCH;GCSH;PSMB3;PSMD8;UBA52;RPL36A;PSMD13;RPL27;MRPL13;RPL22;RPL13A;RPS2;RPL10A;RPS16;RPS28;RPS17;PSMB8;RPL26L1;RPS27;RPL27A;OAZ1;RPL31;GLUL;PSMD9;PSMA5;PSMC4;ASL;RPL12;SEM1;SBDS;RPL35;PEMT;ARG2;RPL37;PSMA3;RPLP2;RSL24D1;GRHPR;PDHA1;PSMD2;PSME1;PSMD7;PSMA1;PSMB10;ALDH18A1;PSMC3;RPL38;PSMC6;SLC38A1;PSMB5;RPS11;ALDH9A1;PSMA4;EEF1E1;PSMD4;PSMA6;RPL7;RPL22L1;GSR;CKMT2;PSMB7;MTR;SERINC3;HSD17B10;APIP;RIDA;GAMT;RPL37A;TSTD1;AMT;PSMC5;PYCR2;LDHD;RPLP0;PSMB2;NMRAL1;DBT;QDPR;PSMA2;DLAT;PDHX;GOT2;HNMT;AZIN1;MCCC2;ETHE1;BCKDK;SLC3A2;ASPA;GCAT;DLST;HIBADH;CSAD;SERINC2;PDHB;PSMD12;CKB;PHGDH;RPL39;PSMD6;RPS29,CNT
prerank,"Reactome_2022__Respiratory Electron Transport, ATP Synthesis By Chemiosmotic Coupling, Heat Production By Uncoupling Proteins R-HSA-163200",0.8729847160402863,1.3450617304825883,0.001,0.059510304191732234,0.758,81/112,8.11%,NDUFB7;NDUFA13;NDUFS7;NDUFAB1;NDUFB3;COX6A1;ATP5PD;NDUFB4;NDUFB11;NDUFA1;NDUFA8;NDUFB8;NDUFA12;NDUFS8;NDUFAF3;COX4I1;NDUFA2;NDUFC2;COX5B;UQCRB;NDUFA6;SURF1;NDUFA10;NDUFV2;NDUFB5;ATP5F1D;NDUFA11;ETFB;UQCRH;COX7A2L;ATP5PF;NDUFS6;SDHD;UQCR11;ATP5MG;SDHB;COX7B;ATP5F1C;NDUFS5;UQCRQ;COX5A;COX7C;LRPPRC;UQCR10;COX6C;ATP5MF;NDUFB6;NDUFB10;NDUFA7;ATP5MC2;TMEM126B;NDUFA5;NDUFS4;CCNI;NDUFAF6;COX6B1;TACO1;UQCRFS1;NDUFA9;NDUFS3;NDUFA3;COA1;NDUFV1;NDUFB9;NDUFB2;COX14;ATP5PO;COX19;NDUFB1;UQCRC2;ATP5F1B;DMAC2L;NDUFAF2;ATP5MC1;ETFA;TIMMDC1;COX16;SDHA;TRAP1;UQCRC1;ATP5MC3,CNT
prerank,Reactome_2022__Metallothioneins Bind Metals R-HSA-5661231,0.9601020795571334,1.338000090889486,0.004784688995215311,0.0815783265987331,0.856,7/11,1.40%,MT1F;MT1H;MT1X;MT1G;MT1E;MT2A;MT1M,CNT
prerank,Reactome_2022__Dectin-2 Family R-HSA-5621480,0.893784287434941,1.331520173391213,0.004246284501061571,0.10217023311880649,0.919,5/27,7.26%,SYK;PLCG2;MUC20;MUC15;LYN,CNT
prerank,Reactome_2022__Response To Metal Ions R-HSA-5660526,0.9377680718519801,1.33026334503447,0.015927189988623434,0.10409259987435199,0.923,7/14,1.40%,MT1F;MT1H;MT1X;MT1G;MT1E;MT2A;MT1M,CNT
prerank,Reactome_2022__Mitochondrial Translation Elongation R-HSA-5389840,0.8630846385752549,1.3286811854567895,0.001,0.10764528658410324,0.93,59/82,7.60%,MRPS26;MRPL54;MRPS34;GADD45GIP1;MRPL57;MRPL20;MRPL40;MRPL51;MRPS24;MRPL33;MRPL15;MRPL4;MRPL13;MRPL17;MRPL52;MRPL23;MRPL21;MRPL37;MRPS15;AURKAIP1;MRPS14;MRPS18C;MRPL34;CHCHD1;MRPL36;MRPL38;MRPS18B;MRPL43;MRPS16;MRPS25;MRPS6;MRPS23;MRPS33;MRPL14;MRPL18;MRPS7;MRPL12;MRPS21;MRPS36;MRPS31;MRPS17;MRPL41;MRPL49;MRPS10;MRPL30;MRPL50;TSFM;MRPL58;MRPL32;TUFM;MRPS2;MRPS5;MRPS35;MRPS11;MRPL39;MRPL55;MRPS18A;MRPL46;MRPL47,CNT
prerank,Reactome_2022__Beta Defensins R-HSA-1461957,0.8876170463799379,1.3268322545647544,0.001,0.11179649907938338,0.94,1/34,1.83%,DEFB1,CNT
prerank,Reactome_2022__Mitochondrial Translation Termination R-HSA-5419276,0.859724451714745,1.3252375948478579,0.001,0.11567613990524937,0.949,57/82,7.60%,MRPS26;MRPL54;MRPS34;GADD45GIP1;MRPL57;MRPL20;MRPL40;MRPL51;MRPS24;MRPL33;MRPL15;MRPL4;MRPL13;MRPL17;MRPL52;MRPL23;MRPL21;MRPL37;MRPS15;AURKAIP1;MRPS14;MRPS18C;MRPL34;CHCHD1;MRPL36;MRPL38;MRPS18B;MRPL43;MRPS16;MRPS25;MRPS6;MRPS23;MRPS33;MRPL14;MRPL18;MRPS7;MRPL12;MRPS21;MRPS36;MRPS31;MRPS17;MRPL41;MRPL49;MRPS10;MRPL30;MRPL50;MRPL58;MRPL32;MRPS2;MRPS5;MRPS35;MRPS11;MRPL39;MRPL55;MRPS18A;MRPL46;MRPL47,CNT
prerank,Reactome_2022__Mitochondrial Translation Initiation R-HSA-5368286,0.8610185893449884,1.3247103074211033,0.001,0.11496014868850492,0.952,58/82,7.60%,MRPS26;MRPL54;MRPS34;GADD45GIP1;MRPL57;MRPL20;MRPL40;MRPL51;MRPS24;MRPL33;MRPL15;MRPL4;MRPL13;MRPL17;MRPL52;MRPL23;MRPL21;MRPL37;MRPS15;AURKAIP1;MRPS14;MRPS18C;MRPL34;CHCHD1;MRPL36;MRPL38;MRPS18B;MRPL43;MRPS16;MRPS25;MRPS6;MRPS23;MRPS33;MRPL14;MRPL18;MRPS7;MRPL12;MRPS21;MRPS36;MRPS31;MRPS17;MRPL41;MRPL49;MRPS10;MRPL30;MRPL50;MRPL58;MRPL32;MRPS2;MRPS5;MRPS35;MRPS11;MTIF3;MRPL39;MRPL55;MRPS18A;MRPL46;MRPL47,CNT
prerank,MSigDB_Hallmark_2020__Myc Targets V1,0.8467295892335076,1.3228889362706358,0.001,0.012123661345726408,0.011,122/196,9.29%,RPS3;RPL34;RACK1;RPL6;EEF1B2;RPS5;NDUFAB1;SNRPD2;SNRPB2;RPS6;EIF3D;NPM1;RPL14;PRPS2;PHB;CCT4;LSM7;PSMA7;RPL18;SSBP1;PPIA;RANBP1;RAN;ILF2;PSMB3;PSMD8;HDDC2;PA2G4;NME1;RPL22;SNRPD1;RPS2;VDAC3;HSPE1;HSP90AB1;PTGES3;MRPL23;LSM2;XRCC6;SRSF7;PSMC4;SNRPD3;SSB;NHP2;COX5A;ERH;CCT3;PHB2;EXOSC7;APEX1;CNBP;SNRPG;MRPS18B;AP3S1;CYC1;PSMD7;PSMA1;PRPF31;TXNL4A;CBX3;PSMC6;PSMA4;SRM;HNRNPA1;PSMA6;PRDX4;HPRT1;SERBP1;SNRPA;NAP1L1;EIF3J;CCT7;CDK4;CCT5;EIF4A1;EIF4E;TARDBP;TRIM28;GLO1;COPS5;PCNA;UBE2E1;GSPT1;RPLP0;PSMB2;RNPS1;RSL1D1;TUFM;POLE3;PSMA2;EIF1AX;HNRNPR;NOLC1;DDX21;SNRPA1;POLD2;EIF4H;GOT2;DEK;EIF3B;SRSF2;DHX15;TCP1;PWP1;TRA2B;ACP1;TFDP1;VBP1;DUT;SYNCRIP;SF3A1;UBA2;DDX18;PPM1G;IMPDH2;PABPC4;AIMP2;SLC25A3;FAM120A;CLNS1A;CCT2;HDGF,CNT
prerank,Reactome_2022__Autodegradation Of Cdh1 By Cdh1:APC/C R-HSA-174084,0.8693552848063956,1.3215798059552877,0.001017293997965412,0.12595507179563667,0.96,43/63,7.84%,ANAPC11;UBB;RPS27A;PSMB6;PSMA7;PSME2;PSMB1;PSMB3;PSMD8;UBA52;ANAPC16;PSMD13;CDC26;PSMB8;PSMD9;PSMA5;PSMC4;SEM1;ANAPC5;PSMA3;PSMD2;PSME1;PSMD7;PSMA1;PSMB10;PSMC3;PSMC6;PSMB5;PSMA4;PSMD4;PSMA6;PSMB7;PSMC5;UBE2E1;UBE2S;PSMB2;PSMA2;UBC;CDC27;UBE2D1;ANAPC15;PSMD12;PSMD6,CNT
prerank,Reactome_2022__APC/C:Cdc20 Mediated Degradation Of Securin R-HSA-174154,0.8672577341651407,1.3211762423328555,0.0010152284263959391,0.1245804797134899,0.962,43/67,7.84%,ANAPC11;UBB;RPS27A;PSMB6;PSMA7;PSME2;PSMB1;PSMB3;PSMD8;UBA52;ANAPC16;PSMD13;CDC26;PSMB8;PSMD9;PSMA5;PSMC4;SEM1;ANAPC5;PSMA3;PSMD2;PSME1;PSMD7;PSMA1;PSMB10;PSMC3;PSMC6;PSMB5;PSMA4;PSMD4;PSMA6;PSMB7;PSMC5;UBE2E1;UBE2S;PSMB2;PSMA2;UBC;CDC27;UBE2D1;ANAPC15;PSMD12;PSMD6,CNT
prerank,Reactome_2022__Hh Mutants Are Degraded By ERAD R-HSA-5362768,0.8761770599934605,1.320854744082549,0.001,0.12312725165093268,0.963,36/55,6.03%,UBB;RPS27A;PSMB6;PSMA7;PSME2;PSMB1;PSMB3;PSMD8;UBA52;PSMD13;OS9;PSMB8;PSMD9;PSMA5;PSMC4;SEM1;VCP;PSMA3;PSMD2;PSME1;PSMD7;PSMA1;PSMB10;PSMC3;DERL2;PSMC6;PSMB5;PSMA4;PSMD4;PSMA6;PSMB7;PSMC5;PSMB2;SYVN1;PSMA2;UBC,CNT
prerank,Reactome_2022__CDK-mediated Phosphorylation And Removal Of Cdc6 R-HSA-69017,0.8665224618551662,1.320086725226004,0.001,0.1235712583689576,0.967,43/72,7.84%,ANAPC11;UBB;RPS27A;PSMB6;PSMA7;PSME2;PSMB1;PSMB3;PSMD8;UBA52;ANAPC16;PSMD13;CDC26;PSMB8;PSMD9;PSMA5;PSMC4;SEM1;ANAPC5;PSMA3;PSMD2;PSME1;PSMD7;PSMA1;PSMB10;PSMC3;PSMC6;PSMB5;PSMA4;PSMD4;PSMA6;PSMB7;PSMC5;UBE2E1;UBE2S;PSMB2;PSMA2;UBC;CDC27;UBE2D1;ANAPC15;PSMD12;PSMD6,CNT
prerank,Reactome_2022__Ubiquitin Mediated Degradation Of Phosphorylated Cdc25A R-HSA-69601,0.8734528530933406,1.3179113302477852,0.0010224948875255625,0.1289237098514261,0.974,34/51,7.84%,UBB;RPS27A;PSMB6;PSMA7;PSME2;PSMB1;PSMB3;PSMD8;UBA52;PSMD13;PSMB8;PSMD9;PSMA5;PSMC4;SEM1;PSMA3;PSMD2;PSME1;PSMD7;PSMA1;PSMB10;PSMC3;PSMC6;PSMB5;PSMA4;PSMD4;PSMA6;PSMB7;PSMC5;PSMB2;PSMA2;UBC;PSMD12;PSMD6,CNT
prerank,Reactome_2022__Mitochondrial Translation R-HSA-5368287,0.8549637639003852,1.317548551480759,0.001,0.12785189269666317,0.976,60/88,7.60%,MRPS26;MRPL54;MRPS34;GADD45GIP1;MRPL57;MRPL20;MRPL40;MRPL51;MRPS24;MRPL33;MRPL15;MRPL4;MRPL13;MRPL17;MRPL52;MRPL23;MRPL21;MRPL37;MRPS15;AURKAIP1;MRPS14;MRPS18C;MRPL34;CHCHD1;MRPL36;MRPL38;MRPS18B;MRPL43;MRPS16;MRPS25;MRPS6;MRPS23;MRPS33;MRPL14;MRPL18;MRPS7;MRPL12;MRPS21;MRPS36;MRPS31;MRPS17;MRPL41;MRPL49;MRPS10;MRPL30;MRPL50;TSFM;MRPL58;MRPL32;TUFM;MRPS2;MRPS5;MRPS35;MRPS11;MTIF3;MRPL39;MRPL55;MRPS18A;MRPL46;MRPL47,CNT
prerank,Reactome_2022__Vif-mediated Degradation Of APOBEC3G R-HSA-180585,0.8778078137083236,1.3175221587065082,0.002053388090349076,0.1252698481383074,0.977,35/53,6.03%,UBB;RPS27A;ELOC;PSMB6;PSMA7;PSME2;PSMB1;PSMB3;PSMD8;UBA52;PSMD13;PSMB8;ELOB;PSMD9;PSMA5;PSMC4;SEM1;PSMA3;PSMD2;PSME1;PSMD7;PSMA1;PSMB10;PSMC3;RBX1;PSMC6;PSMB5;PSMA4;PSMD4;PSMA6;PSMB7;PSMC5;PSMB2;PSMA2;UBC,CNT
prerank,Reactome_2022__Citric Acid (TCA) Cycle And Respiratory Electron Transport R-HSA-1428517,0.8529593187585157,1.3174025874374655,0.001,0.12318396900849009,0.978,116/163,11.32%,NDUFB7;NDUFA13;NDUFS7;NDUFAB1;NDUFB3;COX6A1;ATP5PD;NDUFB4;NDUFB11;NDUFA1;NDUFA8;NDUFB8;NDUFA12;NDUFS8;NDUFAF3;COX4I1;NDUFA2;NDUFC2;COX5B;UQCRB;NDUFA6;SURF1;NDUFA10;LDHB;NDUFV2;NDUFB5;ATP5F1D;NDUFA11;ETFB;UQCRH;COX7A2L;ATP5PF;NDUFS6;SDHD;MPC2;UQCR11;HAGH;ATP5MG;IDH3G;SDHB;COX7B;ATP5F1C;NDUFS5;UQCRQ;COX5A;ACO2;COX7C;LRPPRC;UQCR10;COX6C;ATP5MF;NDUFB6;NDUFB10;NDUFA7;PDHA1;ATP5MC2;MDH2;TMEM126B;NDUFA5;NDUFS4;SUCLA2;CCNI;NDUFAF6;COX6B1;TACO1;UQCRFS1;NDUFA9;FAHD1;NDUFS3;NDUFA3;COA1;NDUFV1;NDUFB9;NDUFB2;GLO1;COX14;LDHD;ATP5PO;PDP2;COX19;DLAT;PDHX;D2HGDH;NDUFB1;UQCRC2;ATP5F1B;DMAC2L;NDUFAF2;DLST;ATP5MC1;ETFA;PDHB;TIMMDC1;COX16;SDHA;TRAP1;UQCRC1;ATP5MC3;RXRA;SUCLG1;NDUFAF1;GSTZ1;ECSIT;NDUFV3;ATP5F1A;COQ10A;BSG;COX8A;VDAC1;NDUFAF4;IDH3B;PDK4;LDHA;PDK2;NDUFAF7;TMEM186,CNT
prerank,Reactome_2022__SLBP Dependent Processing Of Replication-Dependent Histone Pre-mRNAs R-HSA-77588,0.9393004727510063,1.317296020691798,0.01932367149758454,0.12110094740711615,0.978,7/11,3.62%,SNRPE;SNRPF;SLBP;SNRPD3;SNRPG;LSM10;SNRPB,CNT
prerank,Reactome_2022__Switching Of Origins To A Post-Replicative State R-HSA-69052,0.8588075905101759,1.3165606838902417,0.001,0.12165544717161449,0.981,56/90,11.41%,ANAPC11;UBB;RPS27A;PSMB6;PSMA7;PSME2;PSMB1;SKP1;PSMB3;PSMD8;UBA52;ANAPC16;PSMD13;CDC26;PSMB8;PSMD9;PSMA5;PSMC4;SEM1;ANAPC5;PSMA3;GMNN;PSMD2;PSME1;PSMD7;PSMA1;PSMB10;PSMC3;RBX1;PSMC6;PSMB5;PSMA4;PSMD4;PSMA6;PSMB7;PSMC5;UBE2E1;UBE2S;PSMB2;PSMA2;UBC;CDC27;UBE2D1;ANAPC15;PSMD12;PSMD6;ANAPC4;ORC5;ORC3;PSMD11;ORC4;PSME3;PSMF1;MCM4;PSMD10;PSMD3,CNT
prerank,Reactome_2022__SCF(Skp2)-mediated Degradation Of P27/P21 R-HSA-187577,0.8683718881924076,1.3161055125610006,0.001,0.1209975608616983,0.982,35/59,6.03%,UBB;RPS27A;PSMB6;PSMA7;PSME2;PSMB1;SKP1;PSMB3;PSMD8;UBA52;PSMD13;PSMB8;PSMD9;PSMA5;PSMC4;SEM1;PSMA3;PSMD2;PSME1;PSMD7;PSMA1;PSMB10;PSMC3;PSMC6;PSMB5;PSMA4;PSMD4;PSMA6;CDKN1B;PSMB7;CDK4;PSMC5;PSMB2;PSMA2;UBC,CNT
prerank,Reactome_2022__Thyroxine Biosynthesis R-HSA-209968,-0.8135920783067845,-1.31594005940779,0.20224719101123595,0.890208112202778,0.999,2/10,1.87%,DIO2;DIDO1,CNT
prerank,Reactome_2022__Cdc20:Phospho-APC/C Mediated Degradation Of Cyclin A R-HSA-174184,0.8627704453287774,1.3155645570911265,0.0010141987829614604,0.12058302580823911,0.983,50/72,11.41%,ANAPC11;UBB;RPS27A;PSMB6;PSMA7;PSME2;PSMB1;PSMB3;PSMD8;UBA52;ANAPC16;PSMD13;CDC26;PSMB8;PSMD9;PSMA5;PSMC4;SEM1;ANAPC5;PSMA3;PSMD2;PSME1;PSMD7;PSMA1;PSMB10;PSMC3;PSMC6;PSMB5;PSMA4;PSMD4;PSMA6;PSMB7;PSMC5;UBE2E1;UBE2S;PSMB2;PSMA2;UBC;CDC27;UBE2D1;ANAPC15;PSMD12;PSMD6;ANAPC4;PSMD11;PSME3;BUB3;PSMF1;PSMD10;PSMD3,CNT
prerank,Reactome_2022__Regulation Of Activated PAK-2p34 By Proteasome Mediated Degradation R-HSA-211733,0.8751241300543128,1.3154408021347792,0.0020597322348094747,0.11886543157983546,0.983,34/49,7.84%,UBB;RPS27A;PSMB6;PSMA7;PSME2;PSMB1;PSMB3;PSMD8;UBA52;PSMD13;PSMB8;PSMD9;PSMA5;PSMC4;SEM1;PSMA3;PSMD2;PSME1;PSMD7;PSMA1;PSMB10;PSMC3;PSMC6;PSMB5;PSMA4;PSMD4;PSMA6;PSMB7;PSMC5;PSMB2;PSMA2;UBC;PSMD12;PSMD6,CNT
prerank,Reactome_2022__APC/C:Cdh1 Mediated Degradation Of Cdc20 And APC/C:Cdh1 Targets In Late Mitosis/Early G1 R-HSA-174178,0.8606855355889252,1.3151853864370702,0.0010141987829614604,0.11765036792877798,0.983,43/73,7.84%,ANAPC11;UBB;RPS27A;PSMB6;PSMA7;PSME2;PSMB1;PSMB3;PSMD8;UBA52;ANAPC16;PSMD13;CDC26;PSMB8;PSMD9;PSMA5;PSMC4;SEM1;ANAPC5;PSMA3;PSMD2;PSME1;PSMD7;PSMA1;PSMB10;PSMC3;PSMC6;PSMB5;PSMA4;PSMD4;PSMA6;PSMB7;PSMC5;UBE2E1;UBE2S;PSMB2;PSMA2;UBC;CDC27;UBE2D1;ANAPC15;PSMD12;PSMD6,CNT
prerank,Reactome_2022__APC:Cdc20 Mediated Degradation Of Cell Cycle Proteins Before Cycle Checkpoint Satisfied R-HSA-179419,0.8623860984964824,1.3147787889169993,0.0010141987829614604,0.11692859517898424,0.983,50/73,11.41%,ANAPC11;UBB;RPS27A;PSMB6;PSMA7;PSME2;PSMB1;PSMB3;PSMD8;UBA52;ANAPC16;PSMD13;CDC26;PSMB8;PSMD9;PSMA5;PSMC4;SEM1;ANAPC5;PSMA3;PSMD2;PSME1;PSMD7;PSMA1;PSMB10;PSMC3;PSMC6;PSMB5;PSMA4;PSMD4;PSMA6;PSMB7;PSMC5;UBE2E1;UBE2S;PSMB2;PSMA2;UBC;CDC27;UBE2D1;ANAPC15;PSMD12;PSMD6;ANAPC4;PSMD11;PSME3;BUB3;PSMF1;PSMD10;PSMD3,CNT
prerank,Reactome_2022__Degradation Of AXIN R-HSA-4641257,0.8689559515950097,1.3142273332193717,0.002044989775051125,0.11696663178270209,0.984,34/54,7.84%,UBB;RPS27A;PSMB6;PSMA7;PSME2;PSMB1;PSMB3;PSMD8;UBA52;PSMD13;PSMB8;PSMD9;PSMA5;PSMC4;SEM1;PSMA3;PSMD2;PSME1;PSMD7;PSMA1;PSMB10;PSMC3;PSMC6;PSMB5;PSMA4;PSMD4;PSMA6;PSMB7;PSMC5;PSMB2;PSMA2;UBC;PSMD12;PSMD6,CNT
prerank,Reactome_2022__Assembly Of Pre-Replicative Complex R-HSA-68867,0.8565927601436958,1.3139053295742953,0.001,0.11619278823876049,0.984,54/81,11.41%,ANAPC11;UBB;RPS27A;PSMB6;PSMA7;PSME2;PSMB1;PSMB3;PSMD8;UBA52;ANAPC16;PSMD13;CDC26;PSMB8;PSMD9;PSMA5;PSMC4;SEM1;ANAPC5;PSMA3;GMNN;PSMD2;PSME1;PSMD7;PSMA1;PSMB10;PSMC3;PSMC6;PSMB5;PSMA4;PSMD4;PSMA6;PSMB7;PSMC5;UBE2E1;UBE2S;PSMB2;PSMA2;UBC;CDC27;UBE2D1;ANAPC15;PSMD12;PSMD6;ANAPC4;ORC5;ORC3;PSMD11;ORC4;PSME3;PSMF1;MCM4;PSMD10;PSMD3,CNT
prerank,Reactome_2022__Vpu Mediated Degradation Of CD4 R-HSA-180534,0.8719304798732751,1.3138741759054124,0.004106776180698152,0.11426049187214246,0.984,35/51,7.84%,UBB;RPS27A;PSMB6;PSMA7;PSME2;PSMB1;SKP1;PSMB3;PSMD8;UBA52;PSMD13;PSMB8;PSMD9;PSMA5;PSMC4;SEM1;PSMA3;PSMD2;PSME1;PSMD7;PSMA1;PSMB10;PSMC3;PSMC6;PSMB5;PSMA4;PSMD4;PSMA6;PSMB7;PSMC5;PSMB2;PSMA2;UBC;PSMD12;PSMD6,CNT
prerank,Reactome_2022__APC/C:Cdc20 Mediated Degradation Of Mitotic Proteins R-HSA-176409,0.8618376184023241,1.313712926804211,0.0010131712259371835,0.11281219850723759,0.985,50/75,11.41%,ANAPC11;UBB;RPS27A;PSMB6;PSMA7;PSME2;PSMB1;PSMB3;PSMD8;UBA52;ANAPC16;PSMD13;CDC26;PSMB8;PSMD9;PSMA5;PSMC4;SEM1;ANAPC5;PSMA3;PSMD2;PSME1;PSMD7;PSMA1;PSMB10;PSMC3;PSMC6;PSMB5;PSMA4;PSMD4;PSMA6;PSMB7;PSMC5;UBE2E1;UBE2S;PSMB2;PSMA2;UBC;CDC27;UBE2D1;ANAPC15;PSMD12;PSMD6;ANAPC4;PSMD11;PSME3;BUB3;PSMF1;PSMD10;PSMD3,CNT
prerank,Reactome_2022__Activation Of APC/C And APC/C:Cdc20 Mediated Degradation Of Mitotic Proteins R-HSA-176814,0.8613207587580889,1.3131371385260988,0.0010131712259371835,0.11319095778611295,0.986,50/76,11.41%,ANAPC11;UBB;RPS27A;PSMB6;PSMA7;PSME2;PSMB1;PSMB3;PSMD8;UBA52;ANAPC16;PSMD13;CDC26;PSMB8;PSMD9;PSMA5;PSMC4;SEM1;ANAPC5;PSMA3;PSMD2;PSME1;PSMD7;PSMA1;PSMB10;PSMC3;PSMC6;PSMB5;PSMA4;PSMD4;PSMA6;PSMB7;PSMC5;UBE2E1;UBE2S;PSMB2;PSMA2;UBC;CDC27;UBE2D1;ANAPC15;PSMD12;PSMD6;ANAPC4;PSMD11;PSME3;BUB3;PSMF1;PSMD10;PSMD3,CNT
prerank,Reactome_2022__Class C/3 (Metabotropic Glutamate/Pheromone Receptors) R-HSA-420499,-0.6171390502779175,-1.3125682098499454,0.15217391304347827,0.8435109332994645,0.999,5/39,11.72%,CASR;GRM8;TAS2R14;GPRC6A;GABBR2,CNT
prerank,Reactome_2022__FBXL7 Down-Regulates AURKA During Mitotic Entry And In Early Mitosis R-HSA-8854050,0.8713343099295042,1.312241989835055,0.001,0.11470022754242629,0.988,36/54,7.84%,UBB;RPS27A;PSMB6;PSMA7;PSME2;PSMB1;SKP1;PSMB3;PSMD8;UBA52;PSMD13;PSMB8;PSMD9;PSMA5;PSMC4;SEM1;PSMA3;PSMD2;PSME1;PSMD7;PSMA1;PSMB10;PSMC3;RBX1;PSMC6;PSMB5;PSMA4;PSMD4;PSMA6;PSMB7;PSMC5;PSMB2;PSMA2;UBC;PSMD12;PSMD6,CNT
prerank,Reactome_2022__ER-Phagosome Pathway R-HSA-1236974,0.856136760424387,1.311859114760235,0.001,0.11434113739533994,0.989,46/89,7.84%,UBB;RPS27A;VAMP8;SEC61B;PSMB6;PSMA7;NDUFA2;HLA-C;PSME2;HLA-B;PSMB1;B2M;PSMB3;PSMD8;UBA52;PSMD13;PSMB8;HLA-E;PSMD9;PSMA5;PSMC4;SEM1;PDIA3;PSMA3;PSMD2;PSME1;PSMD7;PSMA1;PSMB10;PSMC3;PSMC6;PSMB5;PSMA4;PSMD4;PSMA6;PSMB7;TAPBP;PSMC5;SEC61A1;PSMB2;PSMA2;SNAP23;UBC;PSMD12;SEC61G;PSMD6,CNT
prerank,Reactome_2022__Role Of GTSE1 In G2/M Progression After G2 Checkpoint R-HSA-8852276,0.8669769278053039,1.3115798348901926,0.0010193679918450561,0.11357064886891273,0.989,36/59,7.84%,UBB;RPS27A;PSMB6;PSMA7;PSME2;PSMB1;PSMB3;PSMD8;UBA52;PSMD13;PSMB8;HSP90AB1;PSMD9;PSMA5;PSMC4;SEM1;PSMA3;PSMD2;PSME1;PSMD7;HSP90AA1;PSMA1;PSMB10;PSMC3;PSMC6;PSMB5;PSMA4;PSMD4;PSMA6;PSMB7;PSMC5;PSMB2;PSMA2;UBC;PSMD12;PSMD6,CNT
prerank,Reactome_2022__Orc1 Removal From Chromatin R-HSA-68949,0.8638723866557815,1.3115748391945783,0.001,0.11183198137725309,0.989,45/69,11.41%,UBB;RPS27A;PSMB6;PSMA7;PSME2;PSMB1;SKP1;PSMB3;PSMD8;UBA52;PSMD13;PSMB8;PSMD9;PSMA5;PSMC4;SEM1;PSMA3;PSMD2;PSME1;PSMD7;PSMA1;PSMB10;PSMC3;RBX1;PSMC6;PSMB5;PSMA4;PSMD4;PSMA6;PSMB7;PSMC5;PSMB2;PSMA2;UBC;PSMD12;PSMD6;ORC5;ORC3;PSMD11;ORC4;PSME3;PSMF1;MCM4;PSMD10;PSMD3,CNT
prerank,Reactome_2022__Negative Regulation Of NOTCH4 Signaling R-HSA-9604323,0.8713831655895536,1.3115285685515932,0.001,0.11025796825353779,0.989,42/53,11.41%,UBB;RPS27A;PSMB6;PSMA7;PSME2;PSMB1;SKP1;PSMB3;PSMD8;UBA52;PSMD13;PSMB8;PSMD9;PSMA5;PSMC4;SEM1;PSMA3;PSMD2;PSME1;PSMD7;PSMA1;PSMB10;PSMC3;RBX1;PSMC6;PSMB5;PSMA4;PSMD4;PSMA6;PSMB7;PSMC5;PSMB2;PSMA2;UBC;PSMD12;PSMD6;PSMD11;PSME3;PSMF1;PSMD10;AKT1;PSMD3,CNT
prerank,Reactome_2022__Regulation Of Apoptosis R-HSA-169911,0.8696583663515155,1.3115032726334157,0.0010277492291880781,0.10870135094213412,0.989,35/52,7.84%,UBB;RPS27A;PSMB6;PSMA7;PSME2;PSMB1;PSMB3;PSMD8;UBA52;PSMD13;PSMB8;PSMD9;PSMA5;PSMC4;SEM1;PSMA3;PSMD2;PSME1;PSMD7;PSMA1;PSMB10;OMA1;PSMC3;PSMC6;PSMB5;PSMA4;PSMD4;PSMA6;PSMB7;PSMC5;PSMB2;PSMA2;UBC;PSMD12;PSMD6,CNT
prerank,Reactome_2022__Defective CFTR Causes Cystic Fibrosis R-HSA-5678895,0.8696718168081351,1.3108776407793692,0.0010204081632653062,0.10899524640355272,0.989,45/60,11.41%,UBB;RPS27A;PSMB6;PSMA7;PSME2;PSMB1;PSMB3;PSMD8;UBA52;PSMD13;OS9;PSMB8;PSMD9;PSMA5;PSMC4;SEM1;VCP;PSMA3;PSMD2;PSME1;PSMD7;PSMA1;PSMB10;PSMC3;DERL2;PSMC6;PSMB5;PSMA4;PSMD4;PSMA6;ERLIN2;PSMB7;PSMC5;PSMB2;PSMA2;UBC;RNF185;PSMD12;PSMD6;RNF5;PSMD11;PSME3;PSMF1;PSMD10;PSMD3,CNT
prerank,Reactome_2022__Degradation Of GLI1 By Proteasome R-HSA-5610780,0.8647569864848013,1.3106805325872333,0.0010193679918450561,0.10812117498229724,0.99,37/59,7.84%,UBB;RPS27A;PSMB6;PSMA7;PSME2;PSMB1;SKP1;PSMB3;PSMD8;UBA52;PSMD13;PSMB8;PSMD9;PSMA5;PSMC4;SEM1;PSMA3;PSMD2;PSME1;PSMD7;PSMA1;PSMB10;PSMC3;RBX1;PSMC6;PSMB5;PSMA4;PSMD4;PSMA6;PSMB7;PSMC5;PSMB2;PSMA2;UBC;PSMD12;PRKCA;PSMD6,CNT
prerank,Reactome_2022__FGFR3 Mutant Receptor Activation R-HSA-2033514,-0.7991426272634077,-1.3103644498538833,0.16551724137931034,0.7999605745009631,0.999,2/12,5.06%,FGF13;FGF9,CNT
prerank,Reactome_2022__Antigen processing-Cross Presentation R-HSA-1236975,0.8523885364801996,1.3098123379835394,0.001,0.10915661229983986,0.992,48/104,7.84%,UBB;RPS27A;VAMP8;SEC61B;CYBA;PSMB6;PSMA7;NDUFA2;HLA-C;PSME2;HLA-B;PSMB1;B2M;PSMB3;PSMD8;UBA52;PSMD13;PSMB8;HLA-E;PSMD9;PSMA5;PSMC4;SEM1;PDIA3;PSMA3;PSMD2;PSME1;PSMD7;PSMA1;PSMB10;PSMC3;PSMC6;PSMB5;PSMA4;PSMD4;PSMA6;PSMB7;TAPBP;PSMC5;SEC61A1;PSMB2;PSMA2;SNAP23;UBC;ITGB5;PSMD12;SEC61G;PSMD6,CNT
prerank,Reactome_2022__DNA Replication Pre-Initiation R-HSA-69002,0.8503864680395169,1.3090421228728408,0.001,0.11032283609309831,0.992,57/98,11.41%,ANAPC11;UBB;RPS27A;PSMB6;PSMA7;PSME2;PSMB1;PSMB3;PSMD8;UBA52;ANAPC16;PSMD13;CDC26;POLE4;PSMB8;PSMD9;PSMA5;PSMC4;SEM1;ANAPC5;PSMA3;GMNN;PSMD2;PSME1;PSMD7;PSMA1;PSMB10;RPA3;PSMC3;PSMC6;PSMB5;PSMA4;PSMD4;PSMA6;PSMB7;PSMC5;UBE2E1;UBE2S;PSMB2;POLE3;PSMA2;UBC;CDC27;UBE2D1;ANAPC15;PSMD12;PSMD6;ANAPC4;ORC5;ORC3;PSMD11;ORC4;PSME3;PSMF1;MCM4;PSMD10;PSMD3,CNT
prerank,Reactome_2022__Regulation Of RUNX3 Expression And Activity R-HSA-8941858,0.8647546888200136,1.3085400659135005,0.001,0.1103894528844699,0.993,42/54,11.75%,UBB;RPS27A;PSMB6;PSMA7;PSME2;PSMB1;PSMB3;PSMD8;UBA52;PSMD13;PSMB8;PSMD9;PSMA5;PSMC4;SEM1;PSMA3;PSMD2;PSME1;PSMD7;PSMA1;PSMB10;PSMC3;PSMC6;PSMB5;PSMA4;PSMD4;PSMA6;PSMB7;PSMC5;PSMB2;PSMA2;UBC;PSMD12;PSMD6;PSMD11;PSME3;EP300;PSMF1;PSMD10;PSMD3;CBFB;SMURF1,CNT
prerank,Reactome_2022__Cross-presentation Of Soluble Exogenous Antigens (Endosomes) R-HSA-1236978,0.8700805977888039,1.3082546203184435,0.002070393374741201,0.10995697169825915,0.994,35/48,11.41%,PSMB6;PSMA7;PSME2;PSMB1;PSMB3;PSMD8;PSMD13;PSMB8;PSMD9;PSMA5;PSMC4;SEM1;PSMA3;PSMD2;PSME1;PSMD7;PSMA1;PSMB10;PSMC3;PSMC6;PSMB5;PSMA4;PSMD4;PSMA6;PSMB7;PSMC5;PSMB2;PSMA2;PSMD12;PSMD6;PSMD11;PSME3;PSMF1;PSMD10;PSMD3,CNT
prerank,Reactome_2022__Regulation Of Ornithine Decarboxylase (ODC) R-HSA-350562,0.865541740244077,1.308186690201356,0.00513347022587269,0.10876600794364621,0.994,38/50,11.41%,PSMB6;PSMA7;PSME2;PSMB1;PSMB3;PSMD8;PSMD13;PSMB8;OAZ1;PSMD9;PSMA5;PSMC4;SEM1;PSMA3;PSMD2;PSME1;PSMD7;PSMA1;PSMB10;PSMC3;PSMC6;PSMB5;PSMA4;PSMD4;PSMA6;PSMB7;PSMC5;PSMB2;PSMA2;AZIN1;PSMD12;PSMD6;OAZ2;PSMD11;PSME3;PSMF1;PSMD10;PSMD3,CNT
prerank,Reactome_2022__Oxygen-dependent Proline Hydroxylation Of Hypoxia-inducible Factor Alpha R-HSA-1234176,0.8604840962834752,1.3078786066236885,0.001,0.10800836959990037,0.994,41/64,7.84%,UBB;RPS27A;ELOC;PSMB6;PSMA7;PSME2;PSMB1;PSMB3;PSMD8;UBA52;PSMD13;UBE2D2;PSMB8;ELOB;PSMD9;PSMA5;PSMC4;SEM1;PSMA3;UBE2D3;PSMD2;PSME1;PSMD7;PSMA1;PSMB10;PSMC3;RBX1;PSMC6;PSMB5;PSMA4;PSMD4;PSMA6;PSMB7;PSMC5;PSMB2;PSMA2;UBC;UBE2D1;PSMD12;HIF1A;PSMD6,CNT
prerank,Reactome_2022__Cellular Response To Hypoxia R-HSA-1234174,0.8563231267026481,1.3078272456854354,0.001,0.10667147059195982,0.994,51/73,11.41%,UBB;RPS27A;ELOC;PSMB6;PSMA7;PSME2;PSMB1;CITED2;PSMB3;PSMD8;UBA52;PSMD13;UBE2D2;PSMB8;ELOB;PSMD9;PSMA5;PSMC4;SEM1;PSMA3;UBE2D3;PSMD2;PSME1;PSMD7;PSMA1;PSMB10;PSMC3;RBX1;PSMC6;PSMB5;PSMA4;PSMD4;PSMA6;PSMB7;PSMC5;PSMB2;PSMA2;UBC;UBE2D1;PSMD12;HIF1A;PSMD6;HIF1AN;HIGD1A;PSMD11;PSME3;EP300;PSMF1;EGLN1;PSMD10;PSMD3,CNT
prerank,Reactome_2022__Hh Mutants Abrogate Ligand Secretion R-HSA-5387390,0.8668404109303499,1.3072435105428266,0.001,0.1068361257625132,0.995,36/58,6.03%,UBB;RPS27A;PSMB6;PSMA7;PSME2;PSMB1;PSMB3;PSMD8;UBA52;PSMD13;OS9;PSMB8;PSMD9;PSMA5;PSMC4;SEM1;VCP;PSMA3;PSMD2;PSME1;PSMD7;PSMA1;PSMB10;PSMC3;DERL2;PSMC6;PSMB5;PSMA4;PSMD4;PSMA6;PSMB7;PSMC5;PSMB2;SYVN1;PSMA2;UBC,CNT
prerank,Reactome_2022__AUF1 (hnRNP D0) Binds And Destabilizes mRNA R-HSA-450408,0.8696947855829897,1.3061505546135275,0.003067484662576687,0.10866868214137011,0.995,34/54,6.03%,UBB;RPS27A;PSMB6;HSPA1A;PSMA7;PSME2;PSMB1;PSMB3;PSMD8;UBA52;PSMD13;PSMB8;HSPB1;PSMD9;PSMA5;PSMC4;SEM1;PSMA3;PSMD2;PSME1;PSMD7;PSMA1;PSMB10;PSMC3;PSMC6;PSMB5;PSMA4;PSMD4;PSMA6;PSMB7;PSMC5;PSMB2;PSMA2;UBC,CNT
prerank,Reactome_2022__SCF-beta-TrCP Mediated Degradation Of Emi1 R-HSA-174113,0.8670644253619713,1.3060936562382237,0.0030737704918032786,0.10738839396077941,0.995,35/54,7.84%,UBB;RPS27A;PSMB6;PSMA7;PSME2;PSMB1;SKP1;PSMB3;PSMD8;UBA52;PSMD13;PSMB8;PSMD9;PSMA5;PSMC4;SEM1;PSMA3;PSMD2;PSME1;PSMD7;PSMA1;PSMB10;PSMC3;PSMC6;PSMB5;PSMA4;PSMD4;PSMA6;PSMB7;PSMC5;PSMB2;PSMA2;UBC;PSMD12;PSMD6,CNT
prerank,Reactome_2022__SLBP Independent Processing Of Histone Pre-mRNAs R-HSA-111367,0.9352204302710985,1.3055344380465006,0.0267639902676399,0.10792546692398898,0.995,6/10,3.62%,SNRPE;SNRPF;SNRPD3;SNRPG;LSM10;SNRPB,CNT
prerank,Reactome_2022__Regulation Of APC/C Activators Between G1/S And Early Anaphase R-HSA-176408,0.8547634205552235,1.3037851502159854,0.0010131712259371835,0.11234309516907359,0.996,51/80,11.41%,ANAPC11;UBB;RPS27A;PSMB6;PSMA7;PSME2;PSMB1;SKP1;PSMB3;PSMD8;UBA52;ANAPC16;PSMD13;CDC26;PSMB8;PSMD9;PSMA5;PSMC4;SEM1;ANAPC5;PSMA3;PSMD2;PSME1;PSMD7;PSMA1;PSMB10;PSMC3;PSMC6;PSMB5;PSMA4;PSMD4;PSMA6;PSMB7;PSMC5;UBE2E1;UBE2S;PSMB2;PSMA2;UBC;CDC27;UBE2D1;ANAPC15;PSMD12;PSMD6;ANAPC4;PSMD11;PSME3;BUB3;PSMF1;PSMD10;PSMD3,CNT
prerank,Reactome_2022__Autodegradation Of E3 Ubiquitin Ligase COP1 R-HSA-349425,0.868038304955019,1.3034187280899838,0.003083247687564234,0.1124139559689586,0.996,34/51,7.84%,UBB;RPS27A;PSMB6;PSMA7;PSME2;PSMB1;PSMB3;PSMD8;UBA52;PSMD13;PSMB8;PSMD9;PSMA5;PSMC4;SEM1;PSMA3;PSMD2;PSME1;PSMD7;PSMA1;PSMB10;PSMC3;PSMC6;PSMB5;PSMA4;PSMD4;PSMA6;PSMB7;PSMC5;PSMB2;PSMA2;UBC;PSMD12;PSMD6,CNT
prerank,Reactome_2022__Defensins R-HSA-1461973,0.864449602041554,1.3030104534691678,0.001,0.1124083523621609,0.996,1/41,1.83%,DEFB1,CNT
prerank,Reactome_2022__Ubiquitin-dependent Degradation Of Cyclin D R-HSA-75815,0.8641091008396667,1.301475837651674,0.0030864197530864196,0.11637597932161611,0.997,35/51,7.84%,UBB;RPS27A;PSMB6;PSMA7;PSME2;PSMB1;PSMB3;PSMD8;UBA52;PSMD13;PSMB8;PSMD9;PSMA5;PSMC4;SEM1;PSMA3;PSMD2;PSME1;PSMD7;PSMA1;PSMB10;PSMC3;PSMC6;PSMB5;PSMA4;PSMD4;PSMA6;PSMB7;CDK4;PSMC5;PSMB2;PSMA2;UBC;PSMD12;PSMD6,CNT
prerank,Reactome_2022__Metabolism Of Polyamines R-HSA-351202,0.8583343815496769,1.3013761855465096,0.002034587995930824,0.11526551669564637,0.997,39/58,11.41%,PSMB6;PSMA7;PSME2;PSMB1;PSMB3;PSMD8;PSMD13;PSMB8;OAZ1;PSMD9;PSMA5;PSMC4;SEM1;PSMA3;PSMD2;PSME1;PSMD7;PSMA1;PSMB10;PSMC3;PSMC6;SLC38A1;PSMB5;PSMA4;PSMD4;PSMA6;PSMB7;PSMC5;PSMB2;PSMA2;AZIN1;PSMD12;PSMD6;OAZ2;PSMD11;PSME3;PSMF1;PSMD10;PSMD3,CNT
prerank,Reactome_2022__Degradation Of DVL R-HSA-4641258,0.8645130956457224,1.2998144834312624,0.001,0.11934481706247513,0.997,42/55,11.41%,UBB;RPS27A;PSMB6;PSMA7;PSME2;PSMB1;PSMB3;PSMD8;UBA52;PSMD13;PSMB8;PSMD9;PSMA5;PSMC4;SEM1;PSMA3;PSMD2;PSME1;PSMD7;PSMA1;PSMB10;PSMC3;RBX1;PSMC6;PSMB5;PSMA4;CUL3;PSMD4;PSMA6;PSMB7;PSMC5;PSMB2;PSMA2;UBC;PSMD12;PSMD6;PSMD11;DVL2;PSME3;PSMF1;PSMD10;PSMD3,CNT
prerank,Reactome_2022__ABC Transporter Disorders R-HSA-5619084,0.8535775336686081,1.2990770476398341,0.0010121457489878543,0.12042085083503466,0.997,46/77,11.41%,UBB;RPS27A;PSMB6;PSMA7;PSME2;PSMB1;PSMB3;PSMD8;UBA52;PSMD13;OS9;PSMB8;PSMD9;PSMA5;PSMC4;SEM1;VCP;PSMA3;PSMD2;PSME1;PSMD7;PSMA1;PSMB10;PSMC3;DERL2;PSMC6;PSMB5;PSMA4;PSMD4;PSMA6;ERLIN2;PSMB7;PSMC5;PSMB2;PSMA2;UBC;RNF185;PSMD12;PSMD6;ABCC6;RNF5;PSMD11;PSME3;PSMF1;PSMD10;PSMD3,CNT
prerank,Reactome_2022__Stabilization Of P53 R-HSA-69541,0.8587291451942248,1.2990529407239693,0.0030643513789581204,0.11911443621821692,0.997,34/56,7.84%,UBB;RPS27A;PSMB6;PSMA7;PSME2;PSMB1;PSMB3;PSMD8;UBA52;PSMD13;PSMB8;PSMD9;PSMA5;PSMC4;SEM1;PSMA3;PSMD2;PSME1;PSMD7;PSMA1;PSMB10;PSMC3;PSMC6;PSMB5;PSMA4;PSMD4;PSMA6;PSMB7;PSMC5;PSMB2;PSMA2;UBC;PSMD12;PSMD6,CNT
prerank,Reactome_2022__Dectin-1 Mediated Noncanonical NF-kB Signaling R-HSA-5607761,0.8576604981743168,1.2986610433533958,0.0010245901639344263,0.11919451342201424,0.997,35/61,6.03%,UBB;RPS27A;PSMB6;PSMA7;PSME2;PSMB1;SKP1;PSMB3;PSMD8;UBA52;PSMD13;PSMB8;PSMD9;PSMA5;PSMC4;SEM1;PSMA3;PSMD2;PSME1;PSMD7;PSMA1;PSMB10;PSMC3;PSMC6;PSMB5;PSMA4;PSMD4;PSMA6;UBE2M;PSMB7;PSMC5;RELA;PSMB2;PSMA2;UBC,CNT
prerank,Reactome_2022__Interleukin-12 Signaling R-HSA-9020591,0.8624307323439566,1.2980747391743395,0.001,0.12009802914502511,0.999,23/44,9.30%,SOD1;PSME2;PPIA;P4HB;AURKAIP1;GSTO1;TALDO1;PDCD4;BOLA2B;TYK2;HSPA9;MSN;HNRNPF;CNN2;RPLP0;RAP1B;SNRPA1;TOX4;TCP1;JAK1;HNRNPDL;ANXA2;RALA,CNT
prerank,Reactome_2022__NIK To Noncanonical NF-kB Signaling R-HSA-5676590,0.8565319138959764,1.2976693266165147,0.0020429009193054137,0.12000659133236577,0.999,34/58,6.03%,UBB;RPS27A;PSMB6;PSMA7;PSME2;PSMB1;SKP1;PSMB3;PSMD8;UBA52;PSMD13;PSMB8;PSMD9;PSMA5;PSMC4;SEM1;PSMA3;PSMD2;PSME1;PSMD7;PSMA1;PSMB10;PSMC3;PSMC6;PSMB5;PSMA4;PSMD4;PSMA6;UBE2M;PSMB7;PSMC5;PSMB2;PSMA2;UBC,CNT
prerank,Reactome_2022__Degradation Of GLI2 By Proteasome R-HSA-5610783,0.8571200193387097,1.296933570163501,0.0010224948875255625,0.1216206819376042,0.999,37/59,7.84%,UBB;RPS27A;PSMB6;PSMA7;PSME2;PSMB1;SKP1;PSMB3;PSMD8;UBA52;PSMD13;PSMB8;PSMD9;PSMA5;PSMC4;SEM1;PSMA3;PSMD2;PSME1;PSMD7;PSMA1;PSMB10;PSMC3;RBX1;PSMC6;PSMB5;PSMA4;PSMD4;PSMA6;PSMB7;PSMC5;PSMB2;PSMA2;UBC;PSMD12;PRKCA;PSMD6,CNT
prerank,Reactome_2022__GSK3B And BTRC:CUL1-mediated-degradation Of NFE2L2 R-HSA-9762114,0.8602924417019242,1.2967975404032264,0.0010224948875255625,0.12079405756779624,0.999,36/51,7.84%,UBB;RPS27A;PSMB6;PSMA7;PSME2;PSMB1;SKP1;PSMB3;PSMD8;UBA52;PSMD13;PSMB8;PSMD9;PSMA5;PSMC4;SEM1;PSMA3;PSMD2;PSME1;PSMD7;PSMA1;PSMB10;PSMC3;RBX1;PSMC6;PSMB5;PSMA4;PSMD4;PSMA6;PSMB7;PSMC5;PSMB2;PSMA2;UBC;PSMD12;PSMD6,CNT
prerank,Reactome_2022__Gene And Protein Expression By JAK-STAT Signaling After Interleukin-12 Stimulation R-HSA-8950505,0.8700499815721745,1.2967129632991576,0.0041841004184100415,0.11964553235894876,0.999,20/35,9.30%,SOD1;PSME2;PPIA;AURKAIP1;GSTO1;TALDO1;PDCD4;BOLA2B;HSPA9;MSN;HNRNPF;CNN2;RPLP0;RAP1B;SNRPA1;TOX4;TCP1;HNRNPDL;ANXA2;RALA,CNT
prerank,Reactome_2022__G1/S DNA Damage Checkpoints R-HSA-69615,0.8527118051077238,1.296053060374257,0.0010152284263959391,0.12048477661125451,0.999,35/67,7.84%,UBB;RPS27A;PSMB6;PSMA7;PSME2;PSMB1;PSMB3;PSMD8;UBA52;PSMD13;PSMB8;PSMD9;PSMA5;PSMC4;SEM1;PSMA3;PSMD2;PSME1;PSMD7;PSMA1;PSMB10;PSMC3;PSMC6;PSMB5;PSMA4;PSMD4;PSMA6;CDKN1B;PSMB7;PSMC5;PSMB2;PSMA2;UBC;PSMD12;PSMD6,CNT
prerank,Reactome_2022__Regulation Of PTEN Stability And Activity R-HSA-8948751,0.8495305017389811,1.2956814182018388,0.002028397565922921,0.12045847004262279,0.999,44/67,11.41%,UBB;RPS27A;PSMB6;PSMA7;PSME2;PSMB1;PSMB3;PSMD8;UBA52;PSMD13;PSMB8;PSMD9;PSMA5;PSMC4;SEM1;PSMA3;PSMD2;PSME1;PSMD7;PSMA1;PSMB10;PSMC3;PSMC6;PSMB5;PSMA4;PSMD4;PSMA6;PSMB7;PSMC5;STUB1;PSMB2;PSMA2;CSNK2B;CSNK2A2;UBC;PSMD12;PSMD6;PSMD11;PSME3;PSMF1;PSMD10;XIAP;AKT1;PSMD3,CNT
prerank,Reactome_2022__GLI3 Is Processed To GLI3R By Proteasome R-HSA-5610785,0.8569842448603489,1.2952811595501095,0.0010214504596527069,0.1206662992219513,1.0,37/59,7.84%,UBB;RPS27A;PSMB6;PSMA7;PSME2;PSMB1;SKP1;PSMB3;PSMD8;UBA52;PSMD13;PSMB8;PSMD9;PSMA5;PSMC4;SEM1;PSMA3;PSMD2;PSME1;PSMD7;PSMA1;PSMB10;PSMC3;RBX1;PSMC6;PSMB5;PSMA4;PSMD4;PSMA6;PSMB7;PSMC5;PSMB2;PSMA2;UBC;PSMD12;PRKCA;PSMD6,CNT
prerank,Reactome_2022__p53-Dependent G1 DNA Damage Response R-HSA-69563,0.8537463770053209,1.2947544779280884,0.0010183299389002036,0.12121652179731902,1.0,35/65,7.84%,UBB;RPS27A;PSMB6;PSMA7;PSME2;PSMB1;PSMB3;PSMD8;UBA52;PSMD13;PSMB8;PSMD9;PSMA5;PSMC4;SEM1;PSMA3;PSMD2;PSME1;PSMD7;PSMA1;PSMB10;PSMC3;PSMC6;PSMB5;PSMA4;PSMD4;PSMA6;CDKN1B;PSMB7;PSMC5;PSMB2;PSMA2;UBC;PSMD12;PSMD6,CNT
prerank,Reactome_2022__APC/C-mediated Degradation Of Cell Cycle Proteins R-HSA-174143,0.8450198922587127,1.2943365664554738,0.00101010101010101,0.12131866486195003,1.0,51/87,11.41%,ANAPC11;UBB;RPS27A;PSMB6;PSMA7;PSME2;PSMB1;SKP1;PSMB3;PSMD8;UBA52;ANAPC16;PSMD13;CDC26;PSMB8;PSMD9;PSMA5;PSMC4;SEM1;ANAPC5;PSMA3;PSMD2;PSME1;PSMD7;PSMA1;PSMB10;PSMC3;PSMC6;PSMB5;PSMA4;PSMD4;PSMA6;PSMB7;PSMC5;UBE2E1;UBE2S;PSMB2;PSMA2;UBC;CDC27;UBE2D1;ANAPC15;PSMD12;PSMD6;ANAPC4;PSMD11;PSME3;BUB3;PSMF1;PSMD10;PSMD3,CNT
prerank,Reactome_2022__Regulation Of RAS By GAPs R-HSA-5658442,0.8542080475772355,1.2939363678396802,0.001,0.12137755401817679,1.0,36/65,6.03%,UBB;RPS27A;PSMB6;PSMA7;PSME2;PSMB1;PSMB3;PSMD8;UBA52;PSMD13;PSMB8;PSMD9;PSMA5;PSMC4;SEM1;PSMA3;PSMD2;PSME1;PSMD7;PSMA1;PSMB10;PSMC3;RBX1;PSMC6;PSMB5;PSMA4;CUL3;HRAS;PSMD4;DAB2IP;PSMA6;PSMB7;PSMC5;PSMB2;PSMA2;UBC,CNT
prerank,Reactome_2022__Hedgehog Ligand Biogenesis R-HSA-5358346,0.8555494477941243,1.2937314397013793,0.001,0.12074244392676232,1.0,37/64,6.03%,UBB;RPS27A;PSMB6;PSMA7;PSME2;PSMB1;PSMB3;PSMD8;UBA52;P4HB;PSMD13;OS9;PSMB8;PSMD9;PSMA5;PSMC4;SEM1;VCP;PSMA3;PSMD2;PSME1;PSMD7;PSMA1;PSMB10;PSMC3;DERL2;PSMC6;PSMB5;PSMA4;PSMD4;PSMA6;PSMB7;PSMC5;PSMB2;SYVN1;PSMA2;UBC,CNT
prerank,Reactome_2022__Asymmetric Localization Of PCP Proteins R-HSA-4608870,0.8526459010328596,1.2924418104606805,0.001,0.12417480591600265,1.0,42/62,11.77%,UBB;RPS27A;PSMB6;PSMA7;PSME2;PSMB1;PSMB3;PSMD8;UBA52;PSMD13;PSMB8;PSMD9;PSMA5;PSMC4;SEM1;PSMA3;PSMD2;PSME1;PSMD7;PSMA1;PSMB10;PSMC3;PSMC6;PSMB5;PSMA4;PSMD4;PSMA6;PSMB7;PSMC5;PSMB2;PSMA2;UBC;PSMD12;PSMD6;PSMD11;DVL2;PSME3;PSMF1;PSMD10;PSMD3;SMURF1;FZD8,CNT
prerank,Reactome_2022__RUNX1 Regulates Transcription Of Genes Involved In Differentiation Of HSCs R-HSA-8939236,0.8475082423885254,1.2923268302094462,0.0010152284263959391,0.12333483080515072,1.0,45/69,11.58%,UBB;RPS27A;PSMB6;PSMA7;PSME2;PSMB1;PSMB3;PSMD8;UBA52;PSMD13;PSMB8;PSMD9;PSMA5;PSMC4;SEM1;PSMA3;RUNX1;PSMD2;PSME1;PSMD7;PSMA1;PSMB10;PSMC3;PSMC6;PSMB5;PSMA4;PSMD4;PSMA6;PSMB7;GATA3;PSMC5;PSMB2;PSMA2;UBC;MNAT1;PSMD12;CCNH;PSMD6;GATA2;PSMD11;PSME3;PSMF1;PSMD10;PSMD3;CBFB,CNT
prerank,Reactome_2022__Reversible Hydration Of Carbon Dioxide R-HSA-1475029,-0.7546552061798573,-1.2916343415172842,0.19444444444444445,0.8171877120696505,0.999,5/12,6.35%,CA2;CA12;CA5B;CA1;CA13,CNT
prerank,Reactome_2022__Synthesis Of DNA R-HSA-69239,0.8355488495266788,1.2911776258183167,0.001,0.12608115294858527,1.0,61/119,11.41%,ANAPC11;UBB;RPS27A;PSMB6;PSMA7;PSME2;PSMB1;SKP1;PSMB3;PSMD8;UBA52;ANAPC16;PSMD13;CDC26;POLE4;PSMB8;PSMD9;PSMA5;PSMC4;SEM1;ANAPC5;PSMA3;GMNN;PSMD2;PSME1;PSMD7;PSMA1;PSMB10;RPA3;PSMC3;RBX1;PSMC6;PSMB5;PSMA4;PSMD4;PSMA6;PSMB7;PSMC5;PCNA;UBE2E1;UBE2S;PSMB2;POLE3;PSMA2;POLD2;UBC;CDC27;UBE2D1;ANAPC15;PSMD12;PSMD6;ANAPC4;ORC5;ORC3;PSMD11;ORC4;PSME3;PSMF1;MCM4;PSMD10;PSMD3,CNT
prerank,Reactome_2022__Nuclear Events Mediated By NFE2L2 R-HSA-9759194,0.8458949960696861,1.2907913897861847,0.001,0.1262378363231233,1.0,54/78,11.68%,UBB;RPS27A;PSMB6;PSMA7;SQSTM1;PSME2;PSMB1;SKP1;PRDX1;PSMB3;PSMD8;UBA52;PSMD13;PSMB8;PSMD9;PSMA5;PSMC4;SEM1;TALDO1;PSMA3;PSMD2;PSME1;PSMD7;PSMA1;PSMB10;PSMC3;RBX1;PSMC6;PSMB5;PSMA4;PSMD4;PSMA6;GSR;PSMB7;PSMC5;TKT;PSMB2;PSMA2;UBC;UBL4A;PSMD12;PHGDH;PSMD6;ATF4;MAFG;SRXN1;PSMD11;PSME3;EP300;PSMF1;PSMD10;TXNRD1;PSMD3;NOTCH1,CNT
prerank,Reactome_2022__Mitophagy R-HSA-5205647,0.8813842510349397,1.2890156051464767,0.0075675675675675675,0.131473546874694,1.0,16/28,6.03%,UBB;RPS27A;TOMM6;TOMM7;SQSTM1;TOMM20;UBA52;MAP1LC3A;TOMM22;FUNDC1;MAP1LC3B;PINK1;CSNK2B;TOMM5;CSNK2A2;UBC,CNT
prerank,Reactome_2022__Inactivation Of CSF3 (G-CSF) Signaling R-HSA-9705462,0.8761625424940925,1.2885883905457536,0.0074309978768577496,0.1319889555438904,1.0,15/25,7.78%,UBB;RPS27A;ELOC;RNF7;UBA52;UBE2D2;ELOB;SYK;TYK2;UBE2D3;UBC;UBE2D1;JAK1;LYN;SOCS1,CNT
prerank,Reactome_2022__PCP/CE Pathway R-HSA-4086400,0.8391754946812351,1.2866323500590895,0.001,0.13798511689867432,1.0,51/88,11.77%,CLTA;UBB;RPS27A;PSMB6;PSMA7;PSME2;PSMB1;PFN1;PSMB3;PSMD8;UBA52;PSMD13;CLTB;PSMB8;AP2A2;PSMD9;PSMA5;PSMC4;AP2M1;SEM1;PSMA3;RHOA;PSMD2;PSME1;PSMD7;PSMA1;PSMB10;AP2S1;PSMC3;PSMC6;PSMB5;PSMA4;PSMD4;PSMA6;PSMB7;PSMC5;PSMB2;PSMA2;UBC;PSMD12;PRKCA;PSMD6;PSMD11;DVL2;PSME3;PSMF1;PSMD10;PSMD3;AP2A1;SMURF1;FZD8,CNT
prerank,Reactome_2022__NRIF Signals Cell Death From Nucleus R-HSA-205043,0.8970453281531771,1.284077097416543,0.027901785714285716,0.1460844581117178,1.0,11/16,8.15%,UBB;RPS27A;SQSTM1;UBA52;ITGB3BP;APH1A;PSEN1;PSENEN;NCSTN;UBC;TRAF6,CNT
prerank,Reactome_2022__UCH Proteinases R-HSA-5689603,0.8391096901185201,1.2824272416460827,0.001,0.15111059664504514,1.0,54/84,11.41%,UBB;RPS27A;PSMB6;PSMA7;PSME2;PSMB1;PSMB3;PSMD8;UBA52;PSMD13;PSMB8;PSMD9;PSMA5;PSMC4;UCHL1;SEM1;PSMA3;PSMD2;PSME1;PSMD7;PSMA1;PSMB10;PSMC3;PSMC6;MCRS1;PSMB5;PSMA4;NEDD8;PSMD4;PSMA6;PSMB7;ASXL1;PSMC5;PSMB2;PSMA2;HCFC1;ADRM1;UBC;RUVBL1;PSMD12;INO80;PSMD6;YY1;UCHL3;SMAD7;TFPT;USP15;PSMD11;MBD6;PSME3;PSMF1;PSMD10;INO80E;PSMD3,CNT
prerank,Reactome_2022__APC/C:Cdc20 Mediated Degradation Of Cyclin B R-HSA-174048,0.8763373180808202,1.2818068179037614,0.00857449088960343,0.15225976444888234,1.0,14/24,8.89%,ANAPC11;UBB;RPS27A;UBA52;ANAPC16;CDC26;ANAPC5;UBE2E1;UBE2S;UBC;CDC27;UBE2D1;ANAPC15;ANAPC4,CNT
prerank,Reactome_2022__DNA Replication R-HSA-69306,0.827727695749084,1.281564532520436,0.001,0.15195759030283307,1.0,61/126,11.41%,ANAPC11;UBB;RPS27A;PSMB6;PSMA7;PSME2;PSMB1;SKP1;PSMB3;PSMD8;UBA52;ANAPC16;PSMD13;CDC26;POLE4;PSMB8;PSMD9;PSMA5;PSMC4;SEM1;ANAPC5;PSMA3;GMNN;PSMD2;PSME1;PSMD7;PSMA1;PSMB10;RPA3;PSMC3;RBX1;PSMC6;PSMB5;PSMA4;PSMD4;PSMA6;PSMB7;PSMC5;PCNA;UBE2E1;UBE2S;PSMB2;POLE3;PSMA2;POLD2;UBC;CDC27;UBE2D1;ANAPC15;PSMD12;PSMD6;ANAPC4;ORC5;ORC3;PSMD11;ORC4;PSME3;PSMF1;MCM4;PSMD10;PSMD3,CNT
prerank,Reactome_2022__Defective C1GALT1C1 Causes TNPS R-HSA-5083632,0.889848175428139,1.2814240303316937,0.024498886414253896,0.15127920967841782,1.0,4/18,6.83%,MUC20;C1GALT1C1;MUC15;C1GALT1,CNT
prerank,Reactome_2022__PINK1-PRKN Mediated Mitophagy R-HSA-5205685,0.8868033669226091,1.281019115792908,0.009857612267250822,0.15184673713329255,1.0,13/22,6.03%,UBB;RPS27A;TOMM6;TOMM7;SQSTM1;TOMM20;UBA52;MAP1LC3A;TOMM22;MAP1LC3B;PINK1;TOMM5;UBC,CNT
prerank,Reactome_2022__Insertion Of Tail-Anchored Proteins Into Endoplasmic Reticulum Membrane R-HSA-9609523,0.8730744005811452,1.2798459134018962,0.020518358531317494,0.15532305433333324,1.0,14/22,10.90%,CYB5A;SEC61B;GET3;ALDH3A2;UBE2J2;STX5;UBL4A;CAMLG;SGTA;SEC61G;GET1;VAPA;BAG6;SERP1,CNT
prerank,Reactome_2022__MAPK6/MAPK4 Signaling R-HSA-5687128,0.8335817832645169,1.2779286155515346,0.002028397565922921,0.16158737517894825,1.0,50/90,11.41%,UBB;RPS27A;PSMB6;PSMA7;PSME2;PSMB1;PSMB3;PSMD8;UBA52;PSMD13;JUN;PSMB8;HSPB1;PSMD9;PSMA5;PSMC4;SEM1;PSMA3;CCND3;PSMD2;PSME1;PSMD7;PSMA1;PSMB10;PSMC3;PSMC6;PSMB5;PSMA4;DNAJB1;AGO2;PSMD4;PSMA6;PSMB7;SEPTIN7;PSMC5;PSMB2;PSMA2;UBC;PSMD12;PRKCA;MAPK4;PSMD6;ARHGEF7;PSMD11;CDC42EP3;CDC42EP2;PSME3;PSMF1;PSMD10;PSMD3,CNT
prerank,Reactome_2022__Signaling By CSF3 (G-CSF) R-HSA-9674555,0.8610521691993981,1.2772991505179636,0.00946372239747634,0.16272581778470277,1.0,17/30,7.78%,UBB;RPS27A;ELOC;RNF7;UBA52;UBE2D2;ELOB;SYK;TYK2;UBE2D3;GRB2;UBC;UBE2D1;JAK1;PTPN11;LYN;SOCS1,CNT
prerank,Reactome_2022__Cyclin E Associated Events During G1/S Transition R-HSA-69202,0.832010957117469,1.2759515021230055,0.001,0.16688797024428942,1.0,42/82,7.84%,UBB;RPS27A;PSMB6;PSMA7;PSME2;PSMB1;SKP1;PSMB3;PSMD8;UBA52;PSMD13;PSMB8;PSMD9;PSMA5;PSMC4;SEM1;PSMA3;PSMD2;PSME1;PSMD7;PSMA1;PSMB10;PSMC3;PSMC6;PSMB5;PSMA4;PSMD4;PSMA6;CDKN1B;PSMB7;CDK4;PSMC5;PSMB2;PSMA2;UBC;MNAT1;MAX;TFDP2;PSMD12;CCNH;TFDP1;PSMD6,CNT
prerank,Reactome_2022__Prefoldin Mediated Transfer Of Substrate To CCT/TriC R-HSA-389957,0.862855508305289,1.2753115229563687,0.02043010752688172,0.16810820393144701,1.0,16/28,9.11%,PFDN2;PFDN5;CCT4;TUBB4B;TUBA4A;CCT8;CCT3;PFDN1;CCT7;CCT5;TUBA1A;TCP1;CCT6A;TUBA1C;VBP1;CCT2,CNT
prerank,Reactome_2022__Cyclin A:Cdk2-associated Events At S Phase Entry R-HSA-69656,0.8311504462676623,1.2745267710574288,0.001,0.17001722929812613,1.0,42/84,7.84%,UBB;RPS27A;PSMB6;PSMA7;PSME2;PSMB1;SKP1;PSMB3;PSMD8;UBA52;PSMD13;PSMB8;PSMD9;PSMA5;PSMC4;SEM1;PSMA3;PSMD2;PSME1;PSMD7;PSMA1;PSMB10;PSMC3;PSMC6;PSMB5;PSMA4;PSMD4;PSMA6;CDKN1B;PSMB7;CDK4;PSMC5;PSMB2;PSMA2;UBC;MNAT1;MAX;TFDP2;PSMD12;CCNH;TFDP1;PSMD6,CNT
prerank,Reactome_2022__APC-Cdc20 Mediated Degradation Of Nek2A R-HSA-179409,0.8597775981158493,1.2742184103771048,0.012698412698412698,0.17008877285507631,1.0,14/26,8.89%,ANAPC11;UBB;RPS27A;UBA52;ANAPC16;CDC26;ANAPC5;UBE2E1;UBE2S;UBC;CDC27;UBE2D1;ANAPC15;ANAPC4,CNT
prerank,Reactome_2022__Cooperation Of PDCL (PhLP1) And TRiC/CCT In G-protein Beta Folding R-HSA-6814122,0.8501414090972605,1.2729262024765315,0.007337526205450734,0.17412647763219283,1.0,17/37,6.98%,GNG5;CCT4;CCT8;CCT3;RGS6;GNB2;CCT7;CCT5;GNB1;GNG10;GNAQ;GNB5;CSNK2B;GNG11;CSNK2A2;TCP1;CCT6A,CNT
prerank,Reactome_2022__Activation Of NF-kappaB In B Cells R-HSA-1169091,0.8409161958754086,1.272776924187578,0.0020429009193054137,0.1733792991852975,1.0,43/66,11.41%,UBB;RPS27A;PSMB6;PSMA7;PSME2;PSMB1;SKP1;PSMB3;PSMD8;UBA52;PSMD13;PSMB8;PSMD9;PSMA5;PSMC4;SEM1;NFKBIA;PSMA3;PSMD2;PSME1;PSMD7;PSMA1;PSMB10;PSMC3;PSMC6;PSMB5;PSMA4;PSMD4;PSMA6;PSMB7;PSMC5;RELA;PSMB2;PSMA2;UBC;PSMD12;PSMD6;PSMD11;NFKBIB;PSME3;PSMF1;PSMD10;PSMD3,CNT
prerank,Reactome_2022__TNFR2 Non-Canonical NF-kB Pathway R-HSA-5668541,0.8250981635697949,1.2722459996329063,0.001,0.1741490757841967,1.0,46/100,11.69%,UBB;RPS27A;PSMB6;PSMA7;PSME2;PSMB1;SKP1;PSMB3;PSMD8;UBA52;PSMD13;PSMB8;PSMD9;PSMA5;PSMC4;SEM1;PSMA3;PSMD2;PSME1;PSMD7;PSMA1;PSMB10;PSMC3;PSMC6;PSMB5;PSMA4;PSMD4;PSMA6;UBE2M;PSMB7;PSMC5;PSMB2;PSMA2;TNFSF12;TNFSF13;UBC;PSMD12;PSMD6;TANK;BIRC2;PSMD11;PSME3;PSMF1;PSMD10;PSMD3;UBA3,CNT
prerank,Reactome_2022__Regulation Of mRNA Stability By Proteins That Bind AU-rich Elements R-HSA-450531,0.8354862104300895,1.2711877242694107,0.001,0.17748126135064912,1.0,58/88,11.41%,UBB;RPS27A;PSMB6;HSPA1A;PSMA7;PSME2;PSMB1;PSMB3;PSMD8;UBA52;PSMD13;PSMB8;ZFP36;HSPB1;PSMD9;PSMA5;PSMC4;SEM1;EXOSC7;PSMA3;PSMD2;PSME1;PSMD7;PSMA1;PSMB10;MAPKAPK2;PSMC3;PSMC6;PSMB5;PSMA4;PSMD4;PSMA6;PSMB7;DIS3;ANP32A;PSMC5;PSMB2;EXOSC8;PSMA2;TNFSF13;UBC;DCP2;EXOSC1;DCP1A;PARN;PSMD12;XRN1;PRKCA;PSMD6;EXOSC3;NUP214;MAPK14;PSMD11;PSME3;PSMF1;PSMD10;AKT1;PSMD3,CNT
prerank,Reactome_2022__VLDLR Internalisation And Degradation R-HSA-8866427,0.8899492037199236,1.2702286903844497,0.025959367945823927,0.1801008262861049,1.0,9/16,6.03%,CLTA;UBB;RPS27A;UBA52;AP2A2;AP2M1;AP2S1;NR1H2;UBC,CNT
prerank,Reactome_2022__KEAP1-NFE2L2 Pathway R-HSA-9755511,0.828053025761896,1.2701365179320603,0.001,0.179023133396308,1.0,61/100,11.68%,UBB;RPS27A;PSMB6;PSMA7;SQSTM1;PSME2;PSMB1;SKP1;PRDX1;PSMB3;PSMD8;UBA52;PSMD13;PSMB8;PSMD9;UFD1;PSMA5;PSMC4;SEM1;TALDO1;MAP1LC3B;VCP;PSMA3;PSMD2;PSME1;PSMD7;PSMA1;PSMB10;PSMC3;RBX1;PSMC6;PSMB5;PSMA4;CUL3;PSMD4;PSMA6;GSR;PSMB7;PSMC5;TKT;PSMB2;PSMA2;CSNK2B;CSNK2A2;UBC;UBL4A;PSMD12;PHGDH;PSMD6;ATF4;MAFG;SRXN1;PSMD11;PSME3;EP300;PSMF1;PSMD10;TXNRD1;AKT1;PSMD3;NOTCH1,CNT
prerank,Reactome_2022__Cellular Response To Chemical Stress R-HSA-9711123,0.8174469844795282,1.2693897965694534,0.001,0.18095647380335045,1.0,99/181,11.41%,GSTP1;UBB;RPS27A;COX6A1;TXNIP;CYBA;SOD1;PRDX2;TXN2;PSMB6;PRDX5;PSMA7;COX4I1;SQSTM1;CCS;PSME2;PSMB1;SKP1;PRDX1;COX5B;SURF1;PSMB3;PSMD8;UBA52;COX7A2L;P4HB;PSMD13;PSMB8;COX7B;PSMD9;UFD1;PSMA5;PSMC4;COX5A;TBL1X;SEM1;COX7C;LRPPRC;TALDO1;MAP1LC3B;COX6C;VCP;PSMA3;PSMD2;PSME1;PSMD7;PSMA1;PSMB10;BLVRB;PSMC3;RBX1;PSMC6;PSMB5;TBL1XR1;PSMA4;CUL3;COX6B1;TACO1;PSMD4;PSMA6;GSR;PSMB7;PSMC5;TKT;COX14;PSMB2;COX19;ATOX1;PSMA2;CSNK2B;CSNK2A2;UBC;UBL4A;HDAC3;PSMD12;COX16;PHGDH;PSMD6;RXRA;ATF4;ERO1A;MAFG;BLVRA;MBD4;SRXN1;HMOX2;PSMD11;GPX3;NCOR2;COX8A;NUDT2;STAT3;PSME3;EP300;PSMF1;PSMD10;TXNRD1;AKT1;PSMD3,CNT
prerank,Reactome_2022__Detoxification Of Reactive Oxygen Species R-HSA-3299685,0.8477014761832024,1.2692929049547923,0.01592356687898089,0.17991284143271194,1.0,11/33,5.33%,GSTP1;CYBA;SOD1;PRDX2;TXN2;PRDX5;CCS;PRDX1;P4HB;GSR;ATOX1,CNT
prerank,Reactome_2022__Pexophagy R-HSA-9664873,0.9084432796294376,1.2686068767939171,0.04081632653061224,0.1814701794533106,1.0,7/11,6.03%,UBB;RPS27A;SQSTM1;UBA52;NBR1;MAP1LC3B;UBC,CNT
prerank,Reactome_2022__Mitochondrial Iron-Sulfur Cluster Biogenesis R-HSA-1362409,0.9014166114306548,1.2684327081029312,0.035169988276670575,0.18087660844400763,1.0,11/13,9.72%,ISCA1;ISCA2;ISCU;FDX1;SLC25A37;NFS1;GLRX5;HSCB;FDX2;LYRM4;SLC25A28,CNT
prerank,MSigDB_Hallmark_2020__Reactive Oxygen Species Pathway,0.8305451266139772,1.2682276607092384,0.009355509355509356,0.040412204485754694,0.073,27/49,11.14%,FTL;NDUFB4;SOD1;PRDX2;MBP;PRDX6;PRDX1;NDUFA6;JUNB;GPX4;CAT;PTPA;PRDX4;GSR;SELENOS;ATOX1;SOD2;LAMTOR5;EGLN2;TXN;GLRX;GLRX2;SRXN1;HMOX2;GPX3;SBNO2;TXNRD1,CNT
prerank,Reactome_2022__Hedgehog On State R-HSA-5632684,0.8294257575913251,1.2677118822461795,0.0010090817356205853,0.18301552220007564,1.0,46/85,11.75%,UBB;RPS27A;PSMB6;PSMA7;PSME2;PSMB1;PSMB3;PSMD8;UBA52;PSMD13;PSMB8;PSMD9;PSMA5;PSMC4;SEM1;PSMA3;PSMD2;PSME1;PSMD7;PSMA1;PSMB10;PSMC3;RBX1;PSMC6;PSMB5;PSMA4;CUL3;PSMD4;PSMA6;PSMB7;SPOP;PSMC5;ULK3;PSMB2;PSMA2;UBC;GAS8;PSMD12;PSMD6;PSMD11;PSME3;PSMF1;PSMD10;PSMD3;SPOPL;SMURF1,CNT
prerank,Reactome_2022__PIWI-interacting RNA (piRNA) Biogenesis R-HSA-5601884,0.8481248930096691,1.2676600189345877,0.021551724137931036,0.1819110424160779,1.0,12/29,11.17%,POLR2I;POLR2J;POLR2K;POLR2F;POLR2H;POLR2L;HSP90AA1;POLR2E;POLR2A;POLR2C;POLR2G;POLR2B,CNT
prerank,Reactome_2022__Cell Recruitment (Pro-Inflammatory Response) R-HSA-9664424,0.8572581301537947,1.2675432075036583,0.019128586609989374,0.18103725307017465,1.0,7/25,6.60%,TXNIP;TXN2;SUGT1;HSP90AB1;GSDMD;RELA;IL18,CNT
prerank,Reactome_2022__Degradation Of Beta-Catenin By Destruction Complex R-HSA-195253,0.8267972102368188,1.267132900263194,0.0020161290322580645,0.18150377344472127,1.0,49/84,11.41%,UBB;RPS27A;PSMB6;PSMA7;PSME2;PSMB1;SKP1;PSMB3;PSMD8;UBA52;PSMD13;PSMB8;PSMD9;PSMA5;PSMC4;TLE5;SEM1;PSMA3;PSMD2;PSME1;PSMD7;PSMA1;PSMB10;PPP2R5C;PSMC3;RBX1;PSMC6;PSMB5;PSMA4;PSMD4;PSMA6;PSMB7;TLE2;TLE3;PSMC5;PSMB2;PSMA2;PPP2R5E;UBC;PPP2R1A;PSMD12;PSMD6;PPP2R5A;PSMD11;PPP2CA;PSME3;PSMF1;PSMD10;PSMD3,CNT
prerank,MSigDB_Hallmark_2020__Oxidative Phosphorylation,0.8141594986672788,1.2667824148582718,0.001,0.02727823802788442,0.074,132/200,8.89%,NDUFB7;NDUFS7;CYB5A;MRPS12;NDUFAB1;ATP6V1G1;VDAC2;NDUFB3;COX6A1;ATP5PD;NDUFB4;NDUFA1;NDUFA8;NDUFB8;NDUFS8;ECHS1;ATP6V0E1;ECH1;TIMM10;COX4I1;NDUFA2;NDUFC2;COX5B;UQCRB;NDUFA6;SURF1;PHYH;LDHB;NDUFV2;NDUFB5;ACAT1;SLC25A11;ATP5F1D;ETFB;GPX4;ISCA1;MRPL15;UQCRH;COX7A2L;ATP5PF;NDUFS6;SDHD;VDAC3;SLC25A6;UQCR11;ATP6V0C;ATP5MG;IDH3G;AIFM1;SDHB;COX7B;NDUFA4;MRPS15;ATP5F1C;TOMM22;UQCRQ;ACAA2;ECI1;COX5A;ACO2;COX7C;MRPL34;ISCU;LRPPRC;PHB2;DECR1;UQCR10;COX6C;ATP5MF;COX11;NDUFB6;TIMM8B;GPI;SLC25A4;NDUFA7;POLR2F;HADHA;BDH2;PDHA1;MGST3;ATP5MC2;MDH2;CYC1;NDUFA5;HSPA9;NDUFS4;SUCLA2;NQO2;FDX1;COX6B1;SLC25A5;UQCRFS1;CPT1A;NDUFA9;NDUFS3;NDUFA3;NDUFV1;HSD17B10;NDUFB2;BAX;ACAA1;GRPEL1;ATP5PO;TIMM13;COX7A2;ATP6V0B;TIMM9;TIMM50;DLAT;PDHX;GOT2;NDUFB1;UQCRC2;FH;MRPS11;ATP5F1B;HTRA2;DLST;ATP5MC1;CYB5R3;ETFA;PDHB;SDHA;PMPCA;UQCRC1;ATP5MC3;ACADVL;SUCLG1;SDHC;ATP6V1D;TIMM17A;SLC25A3,CNT
prerank,Reactome_2022__Regulation Of RUNX2 Expression And Activity R-HSA-8939902,0.8358701871306861,1.2661454319307208,0.004098360655737705,0.18465808024684738,1.0,44/72,11.75%,UBB;RPS27A;PSMB6;PSMA7;PSME2;PSMB1;SKP1;PSMB3;PSMD8;UBA52;PSMD13;PSMB8;PSMD9;PSMA5;PSMC4;SEM1;PSMA3;PSMD2;PSME1;PSMD7;PSMA1;PSMB10;PSMC3;RBX1;PSMC6;PSMB5;PSMA4;PSMD4;PSMA6;PSMB7;PSMC5;STUB1;PSMB2;PSMA2;UBC;PSMD12;PSMD6;PSMD11;PSME3;PSMF1;PSMD10;PSMD3;CBFB;SMURF1,CNT
prerank,Reactome_2022__Senescence-Associated Secretory Phenotype (SASP) R-HSA-2559582,0.8328097618415845,1.2660285154702478,0.006103763987792472,0.1838132459165093,1.0,24/52,11.54%,ANAPC11;UBB;RPS27A;IGFBP7;UBA52;ANAPC16;CDC26;JUN;FOS;ANAPC5;CDKN1B;CDK4;UBE2E1;UBE2S;RELA;UBC;CDC27;UBE2D1;ANAPC15;EHMT2;ANAPC4;STAT3;RPS6KA2;RPS6KA3,CNT
prerank,Reactome_2022__Mitochondrial Protein Import R-HSA-1268020,0.834488531861766,1.2660104788565851,0.0030706243602865915,0.18261000870000388,1.0,44/64,10.24%,TOMM6;NDUFB8;TOMM7;TIMM10;TOMM20;TIMM17B;COA6;SLC25A6;IDH3G;DNAJC19;TOMM22;MTX1;ACO2;TIMM8B;CMC4;SLC25A4;CHCHD2;HSPA9;CCNI;COA4;CHCHD7;TIMM22;CMC2;GRPEL1;LDHD;TIMM13;COX19;TIMM9;TIMM50;TOMM5;HSCB;ATP5F1B;ATP5MC1;TIMM44;PMPCA;TIMM23;CHCHD5;TIMM17A;COQ2;ATP5F1A;GFER;MTX2;VDAC1;CHCHD10,CNT
prerank,Reactome_2022__Inflammasomes R-HSA-622312,0.8636345402432944,1.2656418941228247,0.03257328990228013,0.18306615287979983,1.0,6/21,5.38%,TXNIP;TXN2;SUGT1;HSP90AB1;RELA;BCL2L1,CNT
prerank,Reactome_2022__Cooperation Of Prefoldin And TriC/CCT In Actin And Tubulin Folding R-HSA-389958,0.8499390293396173,1.2656254319043725,0.020277481323372464,0.18180536802568753,1.0,16/33,9.11%,PFDN2;PFDN5;CCT4;TUBB4B;TUBA4A;CCT8;CCT3;PFDN1;CCT7;CCT5;TUBA1A;TCP1;CCT6A;TUBA1C;VBP1;CCT2,CNT
prerank,Reactome_2022__SUMOylation Of Immune Response Proteins R-HSA-4755510,0.9117711629128409,1.2646618282043471,0.03751465416178194,0.18466988554754224,1.0,6/11,5.60%,SUMO1;SUMO2;UBE2I;NFKBIA;RELA;TOPORS,CNT
prerank,Reactome_2022__NLRP3 Inflammasome R-HSA-844456,0.8831712032383912,1.2644843236148005,0.023755656108597284,0.18413612040342525,1.0,5/16,5.03%,TXNIP;TXN2;SUGT1;HSP90AB1;RELA,CNT
prerank,Reactome_2022__SARS-CoV-2-host Interactions R-HSA-9705683,0.8087040278123366,1.263654204618378,0.001,0.18648564971442094,1.0,70/193,9.60%,RPS3;RPS4X;RPS23;RPS15;RPS12;RPS20;RPS19;RPS15A;RPS7;FAU;RPS5;RPS13;SNRPE;RPS27A;RPS25;SNRPD2;RPS24;RPS8;RPS27L;RPS3A;RPS6;RPS14;RPSA;RPS21;SNRPF;HLA-C;HLA-B;RPS9;B2M;RPS2;RPS16;RPS28;RPS17;HSP90AB1;RPS27;HLA-E;SNRPD3;MAP1LC3B;CNBP;SNRPG;TYK2;LARP1;HSP90AA1;RPS11;YWHAH;SNRPB;TUFM;BECN1;SEC13;NUP88;RANBP2;MAVS;CRB3;JAK1;PTPN11;TRIM25;RPS29;TKFC;TRAF6;NUP214;SEH1L;SIKE1;NUP37;GEMIN7;POM121C;GEMIN6;REXO2;NUP153;YWHAQ;NUP93,CNT
prerank,Reactome_2022__Formation Of TC-NER Pre-Incision Complex R-HSA-6781823,0.8300942088647683,1.26278706258194,0.00511770726714432,0.18931351483863063,1.0,38/51,13.64%,UBB;RPS27A;POLR2I;POLR2J;POLR2K;UBA52;TCEA1;COPS8;HMGN1;GTF2H5;POLR2F;POLR2H;POLR2L;PPIE;RBX1;POLR2E;POLR2A;COPS5;DDB1;COPS3;COPS2;UBC;MNAT1;GTF2H3;CCNH;POLR2C;GPS1;PRPF19;XPA;POLR2G;EP300;COPS4;POLR2B;AQR;GTF2H2;COPS6;POLR2D;CUL4B,CNT
prerank,Reactome_2022__FCERI Mediated NF-kB Activation R-HSA-2871837,0.8263193585911834,1.262718991074664,0.003036437246963563,0.18827883723952932,1.0,42/77,8.15%,UBB;RPS27A;PSMB6;PSMA7;PSME2;PSMB1;SKP1;PSMB3;PSMD8;UBA52;PSMD13;UBE2D2;PSMB8;PSMD9;PSMA5;PSMC4;SEM1;NFKBIA;PSMA3;PSMD2;PSME1;PSMD7;PSMA1;PSMB10;PSMC3;PSMC6;PSMB5;PSMA4;PSMD4;PSMA6;PSMB7;CDC34;PSMC5;RELA;PSMB2;PSMA2;UBC;UBE2D1;LYN;PSMD12;PSMD6;TRAF6,CNT
prerank,Reactome_2022__NF-kB Is Activated And Signals Survival R-HSA-209560,0.8931724423791059,1.2624884233605371,0.051194539249146756,0.18795197650385492,1.0,8/13,8.15%,UBB;RPS27A;SQSTM1;UBA52;NFKBIA;RELA;UBC;TRAF6,CNT
prerank,Reactome_2022__Pausing And Recovery Of Tat-mediated HIV Elongation R-HSA-167238,0.8506853078253953,1.2620388306084134,0.020320855614973262,0.18890260907430517,1.0,25/31,13.53%,ELOC;POLR2I;POLR2J;POLR2K;ELOB;TCEA1;POLR2F;POLR2H;POLR2L;NELFE;NELFCD;POLR2E;POLR2A;GTF2F2;POLR2C;SSRP1;SUPT4H1;CDK9;POLR2G;NELFB;SUPT16H;POLR2B;GTF2F1;CCNT1;POLR2D,CNT
prerank,Reactome_2022__Interleukin-12 Family Signaling R-HSA-447115,0.833561352939363,1.2608476757461118,0.003089598352214212,0.19325995466212184,1.0,25/54,10.37%,SOD1;PSME2;PPIA;P4HB;AURKAIP1;GSTO1;TALDO1;PDCD4;BOLA2B;TYK2;HSPA9;MSN;HNRNPF;IL6ST;CNN2;RPLP0;RAP1B;SNRPA1;TOX4;TCP1;JAK1;HNRNPDL;ANXA2;RALA;STAT3,CNT
prerank,Reactome_2022__Host Interactions Of HIV Factors R-HSA-162909,0.8157293976874017,1.2589649295831018,0.001,0.2012426740043024,1.0,72/130,11.72%,UBB;RPS27A;ELOC;PSMB6;NPM1;PSMA7;PSME2;PSMB1;SKP1;B2M;PPIA;RANBP1;RAN;PSMB3;PSMD8;UBA52;PSMD13;SLC25A6;PSMB8;AP1S1;AP2A2;ELOB;PSMD9;PSMA5;PSMC4;AP2M1;AP1M2;SEM1;PSMA3;BANF1;SLC25A4;PSMD2;PSME1;PSMD7;PSMA1;PSMB10;AP2S1;PSMC3;RBX1;PSMC6;PSMB5;PSMA4;SLC25A5;PSMD4;PSMA6;PSMB7;PSMC5;AP1B1;PSMB2;PSMA2;UBC;SEC13;NUP88;RANBP2;PSIP1;PSMD12;PSMD6;NUP214;SEH1L;NUP37;POM121C;HMGA1;NUP153;NUP93;CDK9;PSMD11;PSME3;PSMF1;PSMD10;NUP54;PSMD3;AP2A1,CNT
prerank,Reactome_2022__Defective GALNT3 Causes HFTC R-HSA-5083625,0.8730822565497216,1.2584258027764996,0.04697986577181208,0.2022886909091842,1.0,3/17,7.16%,MUC20;MUC15;GALNT3,CNT
prerank,Reactome_2022__Regulation Of BACH1 Activity R-HSA-9708530,0.9022687898096179,1.2581904292077246,0.0447585394581861,0.20203447032217595,1.0,6/11,6.03%,UBB;RPS27A;SKP1;UBA52;RBX1;UBC,CNT
prerank,Reactome_2022__FGFR2c Ligand Binding And Activation R-HSA-190375,-0.7302190877141082,-1.2574980250867587,0.20408163265306123,0.8900895879050449,1.0,1/13,0.13%,FGF13,CNT
prerank,Reactome_2022__Protein Localization R-HSA-9609507,0.8140773598425793,1.2574849518942275,0.001,0.20391525136884522,1.0,93/163,11.06%,FIS1;CYB5A;UBB;RPS27A;TOMM6;SEC61B;NDUFB8;TOMM7;ECH1;TIMM10;TOMM20;PHYH;TIMM17B;UBA52;COA6;SLC25A6;UBE2D2;IDH3G;DNAJC19;TOMM22;MTX1;ACO2;TIMM8B;CMC4;SLC25A4;UBE2D3;CHCHD2;HSPA9;ECI2;GET3;CCNI;COA4;CHCHD7;MPV17;TIMM22;PEX19;ALDH3A2;CMC2;USP9X;ACAA1;GRPEL1;LDHD;PEX7;UBE2J2;TIMM13;COX19;CROT;ACOT2;GSTK1;HMGCL;TIMM9;PEX16;TIMM50;STX5;PEX3;TOMM5;HSCB;UBC;MLYCD;PECR;UBL4A;PEX2;UBE2D1;CAMLG;PEX10;ATP5F1B;ATP5MC1;SGTA;TIMM44;SEC61G;NUDT19;GET1;PMPCA;TIMM23;CHCHD5;TIMM17A;ACOX1;NUDT7;COQ2;ATP5F1A;GFER;VAPA;MTX2;VDAC1;CHCHD10;IDE;BAG6;AMACR;PEX14;SERP1;ACOT8;TIMM8A;PEX13,CNT
prerank,Reactome_2022__Keratinization R-HSA-6805567,0.8057663550224011,1.2562837299812752,0.001,0.20823596619969253,1.0,11/206,6.32%,KRT18;KRT10;CAPNS1;KRT8;JUP;PRSS8;CAPN1;PERP;ST14;KRT19;RCAN1,CNT
prerank,Reactome_2022__Deregulated CDK5 Triggers Neurodegenerative Pathways In Alzheimers Disease Models R-HSA-8862803,0.8665763784249297,1.2562449178587873,0.040992448759439054,0.20703188899173217,1.0,8/21,6.67%,PRDX2;PRDX1;JUN;CAPNS1;CAPN2;CAPN1;LMNA;CDK5,CNT
prerank,Reactome_2022__Scavenging By Class A Receptors R-HSA-3000480,0.8658539722049794,1.2559898059783692,0.04405286343612335,0.20679286827143648,1.0,5/19,6.18%,FTH1;FTL;MSR1;APOE;COL4A2,CNT
prerank,Reactome_2022__Downstream Signaling Events Of B Cell Receptor (BCR) R-HSA-1168372,0.8228930076171379,1.2558104423240144,0.001017293997965412,0.20633426292671592,1.0,39/79,6.03%,UBB;RPS27A;PSMB6;PSMA7;PSME2;PSMB1;SKP1;PPIA;PSMB3;PSMD8;UBA52;PSMD13;PSMB8;PSMD9;PSMA5;PSMC4;SEM1;NFKBIA;PSMA3;PSMD2;PSME1;PSMD7;PSMA1;PSMB10;PSMC3;PSMC6;PSMB5;PSMA4;HRAS;PSMD4;PSMA6;CALM1;PSMB7;FKBP1A;PSMC5;RELA;PSMB2;PSMA2;UBC,CNT
prerank,Reactome_2022__G1/S Transition R-HSA-69206,0.8118345027859071,1.2552266619441268,0.001,0.20748890641371048,1.0,60/129,11.79%,UBB;RPS27A;PSMB6;PSMA7;PSME2;PSMB1;SKP1;PSMB3;PSMD8;UBA52;PSMD13;POLE4;PSMB8;PSMD9;PSMA5;PSMC4;SEM1;PSMA3;GMNN;PSMD2;PSME1;PSMD7;PSMA1;PSMB10;RPA3;PSMC3;PSMC6;PSMB5;PSMA4;PSMD4;PSMA6;CDKN1B;PSMB7;CDK4;PSMC5;PCNA;PSMB2;POLE3;PSMA2;UBC;PPP2R1A;MNAT1;MAX;TFDP2;PSMD12;CCNH;TFDP1;PSMD6;ORC5;ORC3;PSMD11;ORC4;PPP2CA;PSME3;PSMF1;MCM4;PSMD10;AKT1;PSMD3;LIN37,CNT
prerank,Reactome_2022__Interconversion Of Nucleotide Di- And Triphosphates R-HSA-499943,0.8552320783258648,1.2551658700004447,0.023758099352051837,0.20644334012796814,1.0,18/28,11.74%,NME4;TXN2;GUK1;AK2;NME2;NME3;AK1;GSR;DCTPP1;DTYMK;GLRX;AK6;DUT;DCTD;RRM2B;CMPK1;TXNRD1;RRM1,CNT
prerank,Reactome_2022__Formation Of Tubulin Folding Intermediates By CCT/TriC R-HSA-389960,0.8494270168118893,1.253474996901248,0.03347732181425486,0.21381436184875746,1.0,12/26,9.11%,CCT4;TUBB4B;TUBA4A;CCT8;CCT3;CCT7;CCT5;TUBA1A;TCP1;CCT6A;TUBA1C;CCT2,CNT
prerank,Reactome_2022__Keratan Sulfate Degradation R-HSA-2022857,0.8868200933078776,1.2533726724943812,0.07058823529411765,0.21297819871750387,1.0,4/12,10.87%,HEXA;HEXB;GLB1;GNS,CNT
prerank,Reactome_2022__Amyloid Fiber Formation R-HSA-977225,0.8271247512838936,1.252197237373268,0.012257405515832482,0.2174876099466313,1.0,15/52,6.03%,UBB;RPS27A;SORL1;B2M;UBA52;CST3;APH1A;ITM2B;GGA2;USP9X;GSN;APOE;PSENEN;NCSTN;UBC,CNT
prerank,"Reactome_2022__Synthesis, Secretion, And Deacylation Of Ghrelin R-HSA-422085",0.8657714589898059,1.2494287395784267,0.03683640303358613,0.23045113135942413,1.0,5/19,9.43%,SEC11C;SEC11A;SPCS3;SPCS2;SPCS1,CNT
prerank,Reactome_2022__HIV Elongation Arrest And Recovery R-HSA-167287,0.8401125540716733,1.2493963723969523,0.031049250535331904,0.2291387910109071,1.0,25/33,13.53%,ELOC;POLR2I;POLR2J;POLR2K;ELOB;TCEA1;POLR2F;POLR2H;POLR2L;NELFE;NELFCD;POLR2E;POLR2A;GTF2F2;POLR2C;SSRP1;SUPT4H1;CDK9;POLR2G;NELFB;SUPT16H;POLR2B;GTF2F1;CCNT1;POLR2D,CNT
prerank,Reactome_2022__Josephin Domain DUBs R-HSA-5689877,0.8828387454178861,1.2482161109214642,0.06488991888760139,0.23394435757482185,1.0,8/12,8.05%,UBB;RPS27A;UBA52;VCP;UBC;JOSD2;RAD23A;JOSD1,CNT
prerank,Reactome_2022__Binding And Uptake Of Ligands By Scavenger Receptors R-HSA-2173782,0.8296508229217526,1.247398059158834,0.021761658031088083,0.2368159864217108,1.0,10/40,10.38%,FTH1;FTL;MSR1;HSP90AA1;HSPH1;C1D;APOE;COL4A2;HYOU1;COL4A1,CNT
prerank,Reactome_2022__Methylation R-HSA-156581,0.8704160321100339,1.2463260805291931,0.07428571428571429,0.2412332225415785,1.0,6/14,5.16%,COMT;TRMT112;GSTO1;MAT2B;MTR;TPMT,CNT
prerank,Reactome_2022__mRNA Decay By 5 To 3 Exoribonuclease R-HSA-430039,0.8748888931989978,1.246083997170208,0.06477272727272727,0.24093879090014736,1.0,12/15,11.16%,LSM4;LSM7;LSM3;LSM2;LSM6;LSM5;DCP2;DCP1A;XRN1;LSM1;PATL1;DDX6,CNT
prerank,Reactome_2022__Phosphorylation Of APC/C R-HSA-176412,0.8514827284823081,1.2449346176075293,0.050920910075839654,0.24545418094029156,1.0,10/20,8.89%,ANAPC11;ANAPC16;CDC26;ANAPC5;UBE2E1;UBE2S;CDC27;UBE2D1;ANAPC15;ANAPC4,CNT
prerank,Reactome_2022__Transport Of Nucleosides And Free Purine And Pyrimidine Bases Across Plasma Membrane R-HSA-83936,0.8947323139319163,1.24470246490128,0.05813953488372093,0.24519235856770144,1.0,4/12,3.68%,ARL2;SLC25A6;SLC25A4;SLC25A5,CNT
prerank,Reactome_2022__HIV Infection R-HSA-162906,0.7998741524316442,1.2446844685169969,0.001,0.24378691502272876,1.0,125/227,12.80%,UBB;RPS27A;ELOC;PSMB6;NPM1;POLR2I;POLR2J;PSMA7;PSME2;PSMB1;SKP1;POLR2K;B2M;PPIA;RANBP1;RAN;PSMB3;PSMD8;UBA52;PSMD13;TAF10;CHMP2A;GTF2A2;SLC25A6;PSMB8;AP1S1;AP2A2;ELOB;XRCC6;PSMD9;PSMA5;PSMC4;AP2M1;TCEA1;CHMP5;AP1M2;SEM1;VPS28;PSMA3;BANF1;SLC25A4;GTF2H5;POLR2F;POLR2H;PSMD2;PSME1;PSMD7;POLR2L;PSMA1;PSMB10;NELFE;NELFCD;AP2S1;PSMC3;RBX1;PSMC6;POLR2E;PSMB5;TAF15;PSMA4;SLC25A5;PSMD4;CHMP4B;PSMA6;RNMT;PSMB7;POLR2A;PSMC5;AP1B1;TAF9;PSMB2;VPS4A;PSMA2;MVB12A;UBC;SEC13;CHMP2B;MNAT1;GTF2F2;NUP88;RANBP2;VPS4B;VPS37B;GTF2B;PSIP1;GTF2H3;TAF6;TAF1;PSMD12;CCNH;POLR2C;PSMD6;SSRP1;SUPT4H1;TAF12;NUP214;VPS37C;SEH1L;NUP37;POM121C;HMGA1;NUP153;FURIN;NUP93;CDK9;POLR2G;PSMD11;NELFB;GTF2A1;PSME3;PSMF1;NMT2;PSMD10;SUPT16H;POLR2B;NUP54;PSMD3;AP2A1;CHMP6;NUP42;GTF2F1;GTF2H2;VPS37D;NUP43;CCNT1,CNT
prerank,Reactome_2022__Metabolism Of Nucleotides R-HSA-15869,0.8080189420726901,1.2443375327892774,0.001,0.2444034657157191,1.0,43/92,11.74%,NME4;TXN2;GUK1;APRT;AK2;DGUOK;DNPH1;NME2;GMPR2;NT5C;NUDT16;NME3;CDA;AK1;NUDT5;GSR;HPRT1;DCTPP1;UPP1;COASY;NT5C3A;DTYMK;PUDP;ADAL;ENTPD6;NUDT15;GLRX;ADSL;AK6;DUT;GMPR;ITPA;ATIC;IMPDH2;DCTD;NUDT9;RRM2B;GMPS;NT5C2;CMPK1;UCK1;TXNRD1;RRM1,CNT
prerank,Reactome_2022__HSF1 Activation R-HSA-3371511,0.843389003714648,1.2442484511115004,0.015822784810126583,0.24347605611285386,1.0,16/29,9.38%,UBB;EEF1A1;HSPA1A;HSPA1B;HSP90AB1;PTGES3;VCP;HSP90AA1;RPA3;MRPL18;HSPH1;DNAJB1;HSBP1;FKBP4;SERPINH1;DEDD2,CNT
prerank,Reactome_2022__NOTCH2 Activation And Transmission Of Signal To Nucleus R-HSA-2979096,0.8591290669771531,1.24328447370021,0.04418103448275862,0.24731960991725055,1.0,9/21,6.03%,UBB;RPS27A;UBA52;APH1A;PSEN1;JAG1;PSENEN;NCSTN;UBC,CNT
prerank,Reactome_2022__Folding Of Actin By CCT/TriC R-HSA-390450,0.8987091588999038,1.242590914225208,0.085995085995086,0.2497638318713114,1.0,8/10,9.11%,CCT4;CCT8;CCT3;CCT7;CCT5;TCP1;CCT6A;CCT2,CNT
prerank,Reactome_2022__Regulation Of Necroptotic Cell Death R-HSA-5675482,0.8388363177850842,1.2424205078483883,0.02833158447009444,0.24927045610006074,1.0,18/29,11.06%,UBB;RPS27A;UBA52;HSP90AA1;FLOT1;CDC37;STUB1;RIPK1;UBC;TNFSF10;FADD;TNFRSF10B;TANK;BIRC2;SDCBP;FLOT2;TRADD;XIAP,CNT
prerank,Reactome_2022__Attenuation Phase R-HSA-3371568,0.8495444874344279,1.241339935867621,0.019313304721030045,0.25350137469400374,1.0,18/26,12.70%,UBB;HSPA1A;HSPA1B;HSP90AB1;PTGES3;HSP90AA1;MRPL18;HSPA2;HSPH1;DNAJB1;HSBP1;FKBP4;SERPINH1;DEDD2;EP300;DNAJB6;HSF1;HSPA8,CNT
prerank,Reactome_2022__Formation Of HIV-1 Elongation Complex Containing HIV-1 Tat R-HSA-167200,0.8224045924210643,1.2408529475265166,0.024008350730688934,0.2546234100027269,1.0,30/43,13.53%,ELOC;POLR2I;POLR2J;POLR2K;ELOB;TCEA1;GTF2H5;POLR2F;POLR2H;POLR2L;NELFE;NELFCD;POLR2E;POLR2A;MNAT1;GTF2F2;GTF2H3;CCNH;POLR2C;SSRP1;SUPT4H1;CDK9;POLR2G;NELFB;SUPT16H;POLR2B;GTF2F1;GTF2H2;CCNT1;POLR2D,CNT
prerank,Reactome_2022__Abortive Elongation Of HIV-1 Transcript In Absence Of Tat R-HSA-167242,0.8440453687759354,1.2404159268235049,0.06535947712418301,0.25557222798827994,1.0,18/23,13.53%,POLR2I;POLR2J;POLR2K;POLR2F;POLR2H;POLR2L;NELFE;NELFCD;POLR2E;POLR2A;GTF2F2;POLR2C;SUPT4H1;POLR2G;NELFB;POLR2B;GTF2F1;POLR2D,CNT
prerank,Reactome_2022__IKK Complex Recruitment Mediated By RIP1 R-HSA-937041,0.8542379810261117,1.2396031256781617,0.044468546637744036,0.2584820346483561,1.0,11/22,8.41%,UBB;RPS27A;NDUFA2;UBA52;UBE2D2;UBE2D3;RIPK1;UBC;UBE2D1;TRAF6;BIRC2,CNT
prerank,Reactome_2022__Mitotic G1 Phase And G1/S Transition R-HSA-453279,0.7987494535799756,1.2394226969343802,0.001,0.2581178695712812,1.0,64/147,12.17%,UBB;RPS27A;PSMB6;PSMA7;PSME2;PSMB1;SKP1;PSMB3;PSMD8;UBA52;PSMD13;POLE4;PSMB8;PSMD9;PSMA5;PSMC4;SEM1;PSMA3;CCND3;GMNN;PSMD2;PSME1;PSMD7;PSMA1;PSMB10;RPA3;PSMC3;PSMC6;PSMB5;PSMA4;PSMD4;PSMA6;CDKN1B;PSMB7;CDK4;PSMC5;PCNA;PSMB2;POLE3;PSMA2;UBC;PPP2R1A;MNAT1;MAX;LYN;TFDP2;PSMD12;CCNH;TFDP1;PSMD6;ORC5;ORC3;PSMD11;ORC4;PPP2CA;CDKN1C;PSME3;PSMF1;MCM4;PSMD10;AKT1;PSMD3;LIN37;DYRK1A,CNT
prerank,Reactome_2022__Formation Of ATP By Chemiosmotic Coupling R-HSA-163210,0.8753913969989904,1.2382606140221428,0.04449388209121246,0.2629757017634648,1.0,13/16,9.35%,ATP5PD;ATP5F1D;ATP5PF;ATP5MG;ATP5F1C;ATP5MF;ATP5MC2;ATP5PO;ATP5F1B;DMAC2L;ATP5MC1;ATP5MC3;ATP5F1A,CNT
prerank,Reactome_2022__Signaling By NOTCH4 R-HSA-9013694,0.8097730772797225,1.2377510991236156,0.00508646998982706,0.2644902408521433,1.0,51/80,11.68%,UBB;RPS27A;PSMB6;PSMA7;PSME2;PSMB1;SKP1;PSMB3;PSMD8;UBA52;PSMD13;PSMB8;PSMD9;PSMA5;PSMC4;APH1A;SEM1;PSMA3;PSEN1;PSMD2;PSME1;PSMD7;PSMA1;PSMB10;PSMC3;RBX1;PSMC6;PSMB5;PSMA4;PSMD4;PSMA6;PSMB7;PSMC5;PSMB2;JAG1;PSMA2;PSENEN;NCSTN;UBC;PSMD12;PSMD6;RBPJ;PSMD11;PSME3;SNW1;EP300;PSMF1;PSMD10;AKT1;PSMD3;NOTCH1,CNT
prerank,Reactome_2022__p75NTR Signals Via NF-kB R-HSA-193639,0.8597626488955317,1.2372850712041585,0.07540983606557378,0.2656313952530481,1.0,8/16,8.15%,UBB;RPS27A;SQSTM1;UBA52;NFKBIA;RELA;UBC;TRAF6,CNT
prerank,Reactome_2022__Protein Folding R-HSA-391251,0.8009789945003912,1.236509172411521,0.004048582995951417,0.2684780383930226,1.0,44/95,13.35%,PFDN2;GNG5;ARL2;PFDN5;CCT4;TBCB;TUBB4B;TUBA4A;CCT8;CCT3;XRN2;RGS6;PFDN1;GNB2;FBXL3;CCT7;CCT5;GNB1;GNG10;GNAQ;TUBA1A;USP11;GNB5;CSNK2B;GNG11;CSNK2A2;DCAF7;TCP1;CCT6A;HDAC3;FBXW5;TUBA1C;VBP1;FKBP9;TBCC;CCT2;STAT3;LONP2;GNG7;TP53;TUBA1B;PFDN4;KIFC3;GNG12,CNT
prerank,"Reactome_2022__TICAM1, RIP1-mediated IKK Complex Recruitment R-HSA-168927",0.859580905954504,1.2359446130412928,0.05094130675526024,0.2704061798320259,1.0,11/19,8.41%,UBB;RPS27A;UBA52;UBE2D2;UBE2D3;RIPK1;UBC;UBE2D1;TLR3;TRAF6;BIRC2,CNT
prerank,Reactome_2022__S Phase R-HSA-69242,0.7936030429557706,1.2357977024420492,0.001,0.2697698129959034,1.0,79/161,13.82%,ANAPC11;UBB;RPS27A;PSMB6;PSMA7;PSME2;PSMB1;SKP1;PSMB3;PSMD8;UBA52;ANAPC16;PSMD13;CDC26;POLE4;PSMB8;PSMD9;PSMA5;PSMC4;SEM1;ANAPC5;PSMA3;GMNN;PSMD2;PSME1;PSMD7;PSMA1;PSMB10;RPA3;PSMC3;RBX1;PSMC6;PSMB5;PSMA4;PSMD4;PSMA6;CDKN1B;PSMB7;CDK4;RAD21;PSMC5;PCNA;UBE2E1;UBE2S;PSMB2;POLE3;PSMA2;POLD2;UBC;CDC27;UBE2D1;MNAT1;MAX;ANAPC15;TFDP2;PSMD12;CCNH;TFDP1;PSMD6;ANAPC4;ORC5;ORC3;PSMD11;ORC4;PSME3;PSMF1;MCM4;PSMD10;AKT1;PSMD3;LIN37;RFC2;ANAPC2;PRIM2;LIN54;RFC5;STAG2;E2F4;RFC3,CNT
prerank,Reactome_2022__PI-3K cascade:FGFR1 R-HSA-5654689,-0.6275807253184345,-1.235645494765407,0.20253164556962025,0.9183291944218838,1.0,3/21,1.58%,KL;FGF13;PIK3CA,CNT
prerank,Reactome_2022__NOTCH3 Activation And Transmission Of Signal To Nucleus R-HSA-9013507,0.8387367685406368,1.2344591335713155,0.049578059071729956,0.27591735815217533,1.0,11/25,6.03%,UBB;RPS27A;UBA52;APH1A;PSEN1;YBX1;JAG1;EGFR;PSENEN;NCSTN;UBC,CNT
prerank,Reactome_2022__RNA Polymerase III Transcription Termination R-HSA-73980,0.8468494497672012,1.2344213825526975,0.06133625410733844,0.2746128853899508,1.0,11/21,8.29%,POLR2K;SSB;POLR2F;POLR1D;POLR2H;POLR2L;POLR2E;POLR3GL;POLR3K;POLR3C;POLR3H,CNT
prerank,Reactome_2022__Apoptosis R-HSA-109581,0.7927182337471608,1.233782054363747,0.001,0.27668812418411026,1.0,98/171,15.68%,UBB;RPS27A;PSMB6;PSMA7;NDUFA2;PSME2;PSMB1;PSMB3;PSMD8;UBA52;PSMD13;PSMB8;PSMD9;PSMA5;PSMC4;SEM1;PSMA3;HMGB2;BAD;PSMD2;PSME1;PSMD7;PSMA1;PSMB10;OMA1;PSMC3;PSMC6;PSMB5;PSMA4;BCAP31;GSDMD;YWHAH;DYNLL2;PSMD4;PSMA6;PSMB7;GSN;APIP;BAX;PSMC5;PSMB2;BCL2L1;PSMA2;RIPK1;TJP2;APPL1;UBC;ADD1;LMNA;TNFSF10;SPTAN1;FADD;FNTA;OCLN;TFDP2;PSMD12;TFDP1;TNFRSF10B;PSMD6;DAPK1;TANK;BIRC2;PTK2;REXO2;YWHAQ;PSMD11;TRADD;STAT3;PSME3;PSMF1;STK24;PSMD10;XIAP;AKT1;PSMD3;TP53;MED12;UACA;CYCS;DBNL;CTNNB1;PLEC;PPP3CC;BCL2;YWHAG;CFLAR;DNM1L;AKT3;CASP9;CASP3;BCL2L11;MAPK3;PSMC1;C1QBP;PRKCD;DYNLL1;SATB1;DAPK3,CNT
prerank,Reactome_2022__HSP90 Chaperone Cycle For Steroid Hormone Receptors (SHR) In Presence Of Ligand R-HSA-3371497,0.8183723372196416,1.2325575552702328,0.033023735810113516,0.2820623171900414,1.0,23/38,12.72%,HSPA1A;DCTN3;HSPA1B;HSP90AB1;PTGES3;DNAJA1;DCTN1;ACTR10;CAPZB;HSP90AA1;CAPZA2;HSPA2;DCTN2;DNAJB1;DYNLL2;DCTN6;FKBP4;DYNC1LI1;ACTR1A;CAPZA1;DNAJA2;HSPA8;DYNC1LI2,CNT
prerank,Reactome_2022__Hedgehog Off State R-HSA-5610787,0.8034855695725078,1.2325481015454547,0.003036437246963563,0.2806072813560471,1.0,50/98,11.41%,UBB;RPS27A;PSMB6;PSMA7;PSME2;PSMB1;SKP1;PSMB3;PSMD8;UBA52;PSMD13;PSMB8;PSMD9;PSMA5;PSMC4;SEM1;GNAS;PSMA3;PSMD2;PSME1;PSMD7;PSMA1;PSMB10;PSMC3;RBX1;PSMC6;PSMB5;PSMA4;PSMD4;PSMA6;PSMB7;PSMC5;PSMB2;PSMA2;OFD1;UBC;INTU;IFT57;PSMD12;PRKCA;FUZ;PSMD6;MKS1;WDR35;IFT88;PSMD11;PSME3;PSMF1;PSMD10;PSMD3,CNT
prerank,Reactome_2022__Endosomal Sorting Complex Required For Transport (ESCRT) R-HSA-917729,0.8365083951440737,1.2324041845277829,0.03659849300322928,0.2799691723874732,1.0,18/29,9.10%,UBB;RPS27A;SNF8;UBA52;CHMP2A;VPS25;CHMP5;VPS28;VPS36;CHMP4B;VPS4A;MVB12A;UBC;CHMP2B;VPS4B;VPS37B;VPS37C;STAM2,CNT
prerank,Reactome_2022__Neutrophil Degranulation R-HSA-6798695,0.7859519517024798,1.2323227653808513,0.001,0.2789944875990244,1.0,168/461,11.64%,GSTP1;CSTB;CYSTM1;TRAPPC1;CD63;AGPAT2;FTH1;EEF2;CTSH;VAMP8;FTL;CYBA;EEF1A1;HSPA1A;S100A11;LAMTOR2;DYNLT1;PRDX5;NDUFA2;HLA-C;HLA-B;MLEC;APRT;NDUFC2;PSMB1;B2M;PPIA;DPP7;ILF2;TUBB4B;TMEM179B;PA2G4;SYNGR1;PSMD13;COMMD3;HSPA1B;DIAPH1;ATP6V0C;HSP90AB1;SERPINB6;AP2A2;NME2;XRCC6;PSMA5;CST3;DDOST;BST2;ITM2C;CCT8;SRP14;ACTR10;VCP;FOLR3;CD59;HEBP2;JUP;PYGB;PSEN1;RHOA;FUCA1;CREG1;PSMD2;NAPRT;PSMD7;HSP90AA1;HUWE1;PGRMC1;PPIE;RAB14;CAPN1;ARPC5;PSMC3;CDA;TOLLIP;ASAH1;RAB5C;RNASET2;GSDMD;LGALS3;CYFIP1;TOM1;COMMD9;IQGAP2;PRDX4;ADA2;PDAP1;LAMTOR3;PSMB7;PTGES2;METTL7A;CAP1;PKM;GSN;ACAA1;DNAJC13;CNN2;CD55;PTPRJ;CTSC;YPEL5;RAP1B;PSMA2;CSNK2B;CTSB;SNAP23;SLC11A1;NCSTN;NIT2;PIGR;RCAN1;GDI2;LAMTOR1;VCL;IQGAP1;CEP290;SPTAN1;PDXK;TXNDC5;CYB5R3;CAND1;CD58;PSMD12;CPNE1;DNAJC5;QSOX1;COPB1;PSMD6;TMBIM1;TIMP2;MAGT1;HEXB;GOLGA7;CANT1;SLC44A2;IMPDH2;ANXA2;ATP6V1D;SDCBP;RHOG;CTSD;GAA;CCT2;ALAD;STOM;MAPK14;CTSZ;HMOX2;PSMD11;AGA;CMTM6;RAB18;VAPA;PGM1;PAFAH1B2;RAP1A;DERA;GLB1;OSTF1;NPC2;IGF2R;GNS;PIKFYVE;DDX3X;GALNS;PSMD3;ATP11B;FUCA2;DYNC1LI1,CNT
prerank,Reactome_2022__Downstream TCR Signaling R-HSA-202424,0.8067824604436873,1.2322831984374298,0.0010152284263959391,0.2777515265643605,1.0,48/91,11.45%,UBB;RPS27A;PSMB6;PSMA7;PSME2;PSMB1;SKP1;PSMB3;PSMD8;UBA52;PSMD13;UBE2D2;PSMB8;PSMD9;PSMA5;PSMC4;SEM1;NFKBIA;PSMA3;PSMD2;PSME1;PSMD7;PSMA1;PSMB10;PSMC3;PSMC6;PSMB5;PSMA4;PSMD4;PSMA6;PSMB7;CDC34;PSMC5;RELA;PSMB2;PSMA2;UBC;UBE2D1;PSMD12;PSMD6;TRAF6;PSMD11;PSME3;PSMF1;PSMD10;HLA-DRA;PSMD3;PIK3R2,CNT
prerank,Reactome_2022__RIPK1-mediated Regulated Necrosis R-HSA-5213460,0.8316540204597408,1.2320270825048123,0.033542976939203356,0.2777548201350657,1.0,19/31,11.74%,UBB;RPS27A;UBA52;HSP90AA1;FLOT1;CDC37;STUB1;RIPK1;UBC;TNFSF10;FADD;TNFRSF10B;TANK;BIRC2;SDCBP;FLOT2;TRADD;XIAP;RRM1,CNT
prerank,MSigDB_Hallmark_2020__DNA Repair,0.7932780004128083,1.2318941222712925,0.001,0.06541725601131541,0.228,79/150,10.16%,NME4;EDF1;POLR2I;GUK1;MRPL40;DAD1;POLR2J;APRT;SURF1;POLR2K;GPX4;NME1;TAF10;MPC2;GTF2A2;POLE4;DGUOK;VPS28;GMPR2;NT5C;GTF2H5;POLR2F;POLR1D;POLR2H;NELFE;NELFCD;NME3;SMAD5;RPA3;ZNRD1;CDA;RBX1;AK1;POLR2E;BCAP31;BCAM;HPRT1;RNMT;CETN2;POLR3GL;POLR2A;PCNA;DDB1;EIF1B;SEC61A1;USP11;TAF9;NT5C3A;ADRM1;SNAPC5;MPG;SF3A3;VPS37B;GTF2B;GTF2H3;TAF6;PNP;NUDT21;ERCC1;POLR2C;DUT;POLR3C;ITPA;RPA2;SSRP1;CANT1;SUPT4H1;IMPDH2;NUDT9;BRF2;TAF12;CSTF3;SDCBP;RRM2B;RALA;ALYREF;POLR2G;BOLA2;NELFB,CNT
prerank,Reactome_2022__Transcriptional Regulation By AP-2 (TFAP2) Family Of Transcription Factors R-HSA-8864260,0.8192452166509523,1.2317703076229582,0.031217481789802288,0.2777528805286318,1.0,15/36,12.13%,SUMO1;NPM1;CITED2;UBE2I;ERBB2;APOE;EGFR;DEK;CITED4;YY1;YEATS4;TGFA;EP300;KDM5B;HSPD1,CNT
prerank,Reactome_2022__Interleukin-1 Signaling R-HSA-9020702,0.7997572557138339,1.2317004637544235,0.001004016064257028,0.27677334695273437,1.0,55/114,11.41%,UBB;RPS27A;PSMB6;PSMA7;SQSTM1;PSME2;PSMB1;SKP1;PSMB3;PSMD8;UBA52;PSMD13;PSMB8;PSMD9;PSMA5;PSMC4;SEM1;NFKBIA;PSMA3;PSMD2;PSME1;PSMD7;PSMA1;PSMB10;PSMC3;TOLLIP;RBX1;PSMC6;PSMB5;PSMA4;PSMD4;PSMA6;PSMB7;N4BP1;PSMC5;RELA;PSMB2;PSMA2;UBC;PSMD12;PSMD6;TRAF6;TANK;NKIRAS2;TNIP2;IRAK4;MAP2K1;PSMD11;USP14;NFKBIB;PSME3;PSMF1;PSMD10;IKBIP;PSMD3,CNT
prerank,Reactome_2022__RNA Polymerase III Chain Elongation R-HSA-73780,0.8563363299805565,1.2315098614443858,0.06815642458100558,0.2764676644839529,1.0,10/17,8.29%,POLR2K;POLR2F;POLR1D;POLR2H;POLR2L;POLR2E;POLR3GL;POLR3K;POLR3C;POLR3H,CNT
prerank,Reactome_2022__Thromboxane Signaling Thru TP Receptor R-HSA-428930,0.8434865625269173,1.2313599015617953,0.05597416576964478,0.27600636393906136,1.0,8/24,5.67%,GNG5;GNB2;GNB1;GNG10;AAMP;GNAQ;GNB5;GNG11,CNT
prerank,Reactome_2022__Prostacyclin Signaling Thru Prostacyclin Receptor R-HSA-392851,0.8524418216394027,1.231353928853256,0.07205240174672489,0.2746429575320031,1.0,7/19,5.67%,GNG5;GNAS;GNB2;GNB1;GNG10;GNB5;GNG11,CNT
prerank,Reactome_2022__Chaperonin-mediated Protein Folding R-HSA-390466,0.799349352857544,1.2312569380983773,0.006091370558375634,0.27382038696447925,1.0,41/89,13.35%,PFDN2;GNG5;PFDN5;CCT4;TUBB4B;TUBA4A;CCT8;CCT3;XRN2;RGS6;PFDN1;GNB2;FBXL3;CCT7;CCT5;GNB1;GNG10;GNAQ;TUBA1A;USP11;GNB5;CSNK2B;GNG11;CSNK2A2;DCAF7;TCP1;CCT6A;HDAC3;FBXW5;TUBA1C;VBP1;FKBP9;CCT2;STAT3;LONP2;GNG7;TP53;TUBA1B;PFDN4;KIFC3;GNG12,CNT
prerank,Reactome_2022__SARS-CoV-2 Infection R-HSA-9694516,0.7858358818735671,1.2305091815868616,0.001,0.27671282799931907,1.0,103/279,10.04%,RPS3;RPS4X;RPS23;RPS15;RPS12;RPS20;RPS19;RPS15A;RPS7;FAU;RPS5;RPS13;SNRPE;UBB;RPS27A;RPS25;SNRPD2;RPS24;SUMO1;RPS8;RPS27L;RPS3A;RPS6;RPS14;RPSA;DAD1;RPS21;SNRPF;HLA-C;HLA-B;RPS9;B2M;UBA52;UBE2I;RPS2;CHMP2A;RPS16;RPS28;RPS17;HSP90AB1;RPS27;HLA-E;SNRPD3;DDOST;ISCU;MAP1LC3B;VCP;CNBP;RPN1;SNRPG;TYK2;LARP1;HSP90AA1;ZDHHC5;AGRN;RPS11;YWHAH;SNRPB;CHMP4B;ZDHHC3;ZCRB1;PRMT1;DDX5;TUFM;BECN1;STT3A;UBC;SEC13;CHMP2B;GANAB;MGAT4A;NUP88;MGAT4B;RANBP2;MAVS;CRB3;JAK1;PTPN11;ST6GAL1;TRIM25;RPS29;GSK3A;TKFC;MAGT1;TRAF6;TUSC3;GOLGA7;NUP214;SEH1L;SIKE1;PARP10;NUP37;GEMIN7;POM121C;GEMIN6;REXO2;NUP153;FURIN;YWHAQ;NUP93;HSPG2;TRIM4;SDC2,CNT
prerank,Reactome_2022__Plasma Lipoprotein Clearance R-HSA-8964043,0.8215365997454255,1.23033010799497,0.030366492146596858,0.27636988726329886,1.0,12/35,6.09%,CLTA;UBB;RPS27A;UBA52;AP2A2;AP2M1;AP2S1;LSR;APOE;NR1H2;UBC;APOC1,CNT
prerank,Reactome_2022__HSF1-dependent Transactivation R-HSA-3371571,0.8277350106043879,1.2300515988319183,0.019978969505783387,0.27657960640879753,1.0,21/36,13.52%,UBB;HSPA1A;HSPA1B;HSP90AB1;PTGES3;HSP90AA1;MRPL18;HSPA2;AKT1S1;HSPH1;DNAJB1;HSBP1;CRYAB;FKBP4;SERPINH1;DEDD2;EP300;DNAJB6;HSF1;HSPA8;MLST8,CNT
prerank,Reactome_2022__Programmed Cell Death R-HSA-5357801,0.7896381930589292,1.2285493736352706,0.001,0.2839769905210046,1.0,113/200,15.68%,UBB;RPS27A;PSMB6;PSMA7;NDUFA2;PSME2;PSMB1;PSMB3;PSMD8;UBA52;PSMD13;CHMP2A;PSMB8;PSMD9;PSMA5;PSMC4;SEM1;PSMA3;HMGB2;BAD;PSMD2;PSME1;PSMD7;HSP90AA1;PSMA1;PSMB10;OMA1;PSMC3;PSMC6;PSMB5;PSMA4;BCAP31;GSDMD;YWHAH;DYNLL2;PSMD4;CHMP4B;PSMA6;PSMB7;FLOT1;GSN;APIP;BAX;PSMC5;CDC37;STUB1;PSMB2;BCL2L1;PSMA2;RIPK1;TJP2;APPL1;UBC;ADD1;CHMP2B;LMNA;TNFSF10;IL18;SPTAN1;FADD;FNTA;OCLN;TFDP2;PSMD12;TFDP1;TNFRSF10B;PSMD6;DAPK1;TANK;BIRC2;SDCBP;PTK2;REXO2;YWHAQ;PSMD11;FLOT2;TRADD;STAT3;PSME3;PSMF1;STK24;PSMD10;XIAP;AKT1;PSMD3;RRM1;CHMP6;TP53;MED12;UACA;CASP4;CYCS;DBNL;CTNNB1;PLEC;PPP3CC;IRF2;BCL2;YWHAG;CFLAR;DNM1L;AKT3;CASP9;CASP3;BCL2L11;MAPK3;IRF1;PSMC1;C1QBP;PRKCD;DYNLL1;SATB1;DAPK3,CNT
prerank,Reactome_2022__Cytosolic Sensors Of Pathogen-Associated DNA R-HSA-1834949,0.7975718655624039,1.2284279055792366,0.02142857142857143,0.28327221234236655,1.0,33/62,14.50%,UBB;RPS27A;POLR2K;UBA52;XRCC6;NFKBIA;POLR2F;POLR1D;POLR2H;POLR2L;POLR2E;POLR3GL;POLR3K;RELA;RIPK1;LRRFIP1;UBC;TLR3;TRIM56;MRE11;POLR3C;POLR3H;NKIRAS2;NFKBIB;EP300;DHX9;DHX36;IRF3;DDX41;POLR3A;CTNNB1;IRF7;TBK1,CNT
prerank,Reactome_2022__Formation Of HIV Elongation Complex In Absence Of HIV Tat R-HSA-167152,0.8135429206059973,1.2275632382345707,0.031413612565445025,0.2868598391886212,1.0,30/45,13.53%,ELOC;POLR2I;POLR2J;POLR2K;ELOB;TCEA1;GTF2H5;POLR2F;POLR2H;POLR2L;NELFE;NELFCD;POLR2E;POLR2A;MNAT1;GTF2F2;GTF2H3;CCNH;POLR2C;SSRP1;SUPT4H1;CDK9;POLR2G;NELFB;SUPT16H;POLR2B;GTF2F1;GTF2H2;CCNT1;POLR2D,CNT
prerank,Reactome_2022__Macroautophagy R-HSA-1632852,0.7895411266501668,1.2275091079132048,0.002004008016032064,0.2858198532901249,1.0,60/113,13.52%,UBB;RPS27A;TOMM6;LAMTOR2;PARK7;TOMM7;SQSTM1;RHEB;TOMM20;UBA52;NBR1;GABARAP;CHMP2A;MAP1LC3A;TOMM22;LAMTOR4;FUNDC1;MAP1LC3B;ATG3;VCP;PINK1;ATG101;HSP90AA1;GABARAPL2;DYNLL2;CHMP4B;WIPI2;LAMTOR3;WDR45;CSNK2B;BECN1;TOMM5;LAMTOR5;CSNK2A2;UBC;CHMP2B;LAMTOR1;RB1CC1;PRKAG1;PRKAA2;GABARAPL1;IFT88;RRAGA;ATG4B;VDAC1;WDR45B;ATG13;MFN1;ATG9A;DYNC1LI1;CHMP6;HSF1;TSC2;PEX5;HSPA8;DYNC1LI2;UBE2V1;SLC38A9;PLIN3;MLST8,CNT
prerank,Reactome_2022__mTORC1-mediated Signaling R-HSA-166208,0.8348596172138705,1.2274356234164951,0.06788793103448276,0.28477042475830805,1.0,12/24,6.51%,RPS6;LAMTOR2;RHEB;LAMTOR4;AKT1S1;LAMTOR3;EIF4E;EIF4B;FKBP1A;LAMTOR5;EIF4EBP1;LAMTOR1,CNT
prerank,Reactome_2022__Aberrant Regulation Of Mitotic Cell Cycle Due To RB1 Defects R-HSA-9687139,0.8189752487310008,1.2266641363962332,0.03571428571428571,0.2880469417363833,1.0,16/36,10.43%,ANAPC11;ANAPC16;CDC26;ANAPC5;CCND3;CDKN1B;CDK4;UBE2E1;UBE2S;CDC27;UBE2D1;ANAPC15;TFDP2;TFDP1;ANAPC4;CDKN1C,CNT
prerank,Reactome_2022__Chaperone Mediated Autophagy R-HSA-9613829,0.8447296215720677,1.226382644130505,0.0735930735930736,0.28824685252287663,1.0,8/20,6.03%,UBB;RPS27A;EEF1A1;PARK7;UBA52;HSP90AB1;HSP90AA1;UBC,CNT
prerank,Reactome_2022__Transcriptional Regulation By RUNX2 R-HSA-8878166,0.7961763655785487,1.2259943446857255,0.0010090817356205853,0.2891220953043844,1.0,52/117,11.75%,UBB;RPS27A;PSMB6;PSMA7;PSME2;PSMB1;SKP1;PSMB3;PSMD8;UBA52;PSMD13;PSMB8;PSMD9;PSMA5;PSMC4;SEM1;PSMA3;RUNX1;PSMD2;PSME1;PSMD7;PSMA1;PSMB10;PSMC3;RBX1;PSMC6;PSMB5;PSMA4;LGALS3;PSMD4;PSMA6;PSMB7;CDK4;BAX;PSMC5;STUB1;PSMB2;PSMA2;UBC;YES1;HDAC3;PSMD12;PSMD6;BGLAP;PSMD11;PSME3;PSMF1;PSMD10;AKT1;PSMD3;CBFB;SMURF1,CNT
prerank,Reactome_2022__Inactivation Of APC/C Via Direct Inhibition Of APC/C Complex R-HSA-141430,0.8356608708479221,1.2258445387830805,0.08143322475570032,0.28866489106931825,1.0,11/21,10.51%,ANAPC11;ANAPC16;CDC26;ANAPC5;UBE2E1;UBE2S;CDC27;UBE2D1;ANAPC15;ANAPC4;BUB3,CNT
prerank,Reactome_2022__Phospholipase C-mediated Cascade; FGFR3 R-HSA-5654227,-0.7195544547177148,-1.2250352870562249,0.20567375886524822,0.9090890328316505,1.0,1/13,0.13%,FGF13,CNT
prerank,Reactome_2022__Autophagy R-HSA-9612973,0.7872388519186991,1.2249847226081922,0.001001001001001001,0.2922703858728903,1.0,67/127,13.52%,UBB;RPS27A;TOMM6;EEF1A1;LAMTOR2;PARK7;TOMM7;SQSTM1;RHEB;TOMM20;UBA52;NBR1;GABARAP;CHMP2A;HSP90AB1;MAP1LC3A;TOMM22;LAMTOR4;FUNDC1;MAP1LC3B;VPS28;ATG3;VCP;PINK1;ATG101;HSP90AA1;GABARAPL2;DYNLL2;CHMP4B;WIPI2;LAMTOR3;WDR45;CSNK2B;BECN1;TOMM5;LAMTOR5;CSNK2A2;MVB12A;UBC;CHMP2B;LAMTOR1;RB1CC1;VPS37B;PRKAG1;PRKAA2;GABARAPL1;VPS37C;IFT88;RRAGA;ATG4B;VDAC1;WDR45B;ATG13;MFN1;ATG9A;DYNC1LI1;CHMP6;HSF1;TSC2;PEX5;HSPA8;DYNC1LI2;VPS37D;UBE2V1;SLC38A9;PLIN3;MLST8,CNT
prerank,Reactome_2022__Glyoxylate Metabolism And Glycine Degradation R-HSA-389661,0.8307804313015994,1.2247190956373928,0.04197271773347324,0.2925366874949034,1.0,12/31,7.38%,NDUFAB1;GCSH;GRHPR;PDHA1;AMT;LDHD;DBT;DLAT;PDHX;GOT2;DLST;PDHB,CNT
prerank,Reactome_2022__Dual Incision In TC-NER R-HSA-6782135,0.8030771842240887,1.224537681537638,0.020429009193054137,0.29225375587775615,1.0,40/64,13.82%,UBB;RPS27A;POLR2I;POLR2J;POLR2K;UBA52;POLE4;TCEA1;HMGN1;GTF2H5;POLR2F;POLR2H;POLR2L;PPIE;RPA3;RBX1;POLR2E;POLR2A;PCNA;DDB1;POLE3;POLD2;UBC;MNAT1;GTF2H3;CCNH;ERCC1;POLR2C;PRPF19;XPA;POLR2G;EP300;POLR2B;AQR;GTF2H2;RFC2;POLR2D;CUL4B;RFC5;RFC3,CNT
prerank,Reactome_2022__Regulation Of TNFR1 Signaling R-HSA-5357905,0.8179965536404643,1.224484690416532,0.04502617801047121,0.29122752489634707,1.0,16/35,11.06%,RACK1;UBB;RPS27A;UBA52;SHARPIN;RBCK1;RIPK1;UBC;FADD;TAX1BP1;TANK;SPPL2B;BIRC2;TRADD;RNF31;XIAP,CNT
prerank,Reactome_2022__Recognition Of DNA Damage By PCNA-containing Replication Complex R-HSA-110314,0.8228203726093041,1.223887212466162,0.06743940990516333,0.29376908637020366,1.0,17/30,14.11%,UBB;RPS27A;UBA52;POLE4;RPA3;RBX1;PCNA;DDB1;POLE3;POLD2;UBC;UBE2B;RFC2;CUL4B;RFC5;RFC3;USP1,CNT
prerank,Reactome_2022__Transcription-Coupled Nucleotide Excision Repair (TC-NER) R-HSA-6781827,0.7968825638921012,1.2238348901042024,0.01314459049544995,0.29275927510833893,1.0,47/76,13.82%,UBB;RPS27A;POLR2I;POLR2J;POLR2K;UBA52;POLE4;TCEA1;COPS8;HMGN1;GTF2H5;POLR2F;POLR2H;POLR2L;PPIE;RPA3;RBX1;POLR2E;POLR2A;COPS5;PCNA;DDB1;POLE3;POLD2;COPS3;COPS2;UBC;MNAT1;GTF2H3;CCNH;ERCC1;POLR2C;GPS1;PRPF19;XPA;POLR2G;EP300;COPS4;POLR2B;AQR;GTF2H2;COPS6;RFC2;POLR2D;CUL4B;RFC5;RFC3,CNT
prerank,Reactome_2022__Conversion From APC/C:Cdc20 To APC/C:Cdh1 In Late Anaphase R-HSA-176407,0.8391099708538429,1.2237755724096546,0.07734204793028322,0.2918096233142871,1.0,10/20,8.89%,ANAPC11;ANAPC16;CDC26;ANAPC5;UBE2E1;UBE2S;CDC27;UBE2D1;ANAPC15;ANAPC4,CNT
prerank,Reactome_2022__Gap-filling DNA Repair Synthesis And Ligation In TC-NER R-HSA-6782210,0.7999893519695599,1.2237552532718126,0.018292682926829267,0.2906291475200594,1.0,38/63,13.82%,UBB;RPS27A;POLR2I;POLR2J;POLR2K;UBA52;POLE4;TCEA1;HMGN1;GTF2H5;POLR2F;POLR2H;POLR2L;PPIE;RPA3;RBX1;POLR2E;POLR2A;PCNA;DDB1;POLE3;POLD2;UBC;MNAT1;GTF2H3;CCNH;POLR2C;PRPF19;POLR2G;EP300;POLR2B;AQR;GTF2H2;RFC2;POLR2D;CUL4B;RFC5;RFC3,CNT
prerank,Reactome_2022__Smooth Muscle Contraction R-HSA-445355,0.811743516778411,1.2233170506779742,0.03777544596012592,0.2917242793078375,1.0,14/42,11.02%,MYL12B;MYL6B;TPM4;ALDH2;MYL12A;TPM3;TLN1;MYL6;CALM1;VCL;ITGB5;ANXA2;MYL9;TPM1,CNT
prerank,Reactome_2022__Endosomal/Vacuolar Pathway R-HSA-1236977,0.8859656025318007,1.2227480711245977,0.08647990255785627,0.2936721008679355,1.0,4/11,1.70%,HLA-C;HLA-B;B2M;HLA-E,CNT
prerank,Reactome_2022__Formation Of Early Elongation Complex R-HSA-113418,0.816218326217712,1.2227467153260339,0.06118143459915612,0.2923583404966708,1.0,23/33,13.53%,POLR2I;POLR2J;POLR2K;GTF2H5;POLR2F;POLR2H;POLR2L;NELFE;NELFCD;POLR2E;POLR2A;MNAT1;GTF2F2;GTF2H3;CCNH;POLR2C;SUPT4H1;POLR2G;NELFB;POLR2B;GTF2F1;GTF2H2;POLR2D,CNT
prerank,"Reactome_2022__WNT5A-dependent Internalization Of FZD2, FZD5 And ROR2 R-HSA-5140745",0.8847776881942787,1.2212132658193697,0.07609988109393578,0.2998402048471629,1.0,5/11,3.14%,CLTA;CLTB;AP2A2;AP2M1;AP2S1,CNT
prerank,Reactome_2022__Cristae Formation R-HSA-8949613,0.8364998359721453,1.2207086667053593,0.042283298097251586,0.30150956858158284,1.0,21/29,10.03%,ATP5PD;MICOS10;ATP5F1D;ATP5PF;ATP5MG;MICOS13;ATP5F1C;MTX1;TMEM11;ATP5MF;ATP5MC2;HSPA9;APOO;ATP5PO;CHCHD6;ATP5F1B;DMAC2L;ATP5MC1;ATP5MC3;ATP5F1A;MTX2,CNT
prerank,Reactome_2022__TCR Signaling R-HSA-202403,0.7919844001007333,1.2198916483275464,0.0030241935483870967,0.3051993235161825,1.0,52/113,11.45%,UBB;RPS27A;PSMB6;PSMA7;PSME2;PSMB1;SKP1;PSMB3;PSMD8;UBA52;PSMD13;UBE2D2;PSMB8;PSMD9;PSMA5;PSMC4;SEM1;NFKBIA;PSMA3;PSMD2;PSME1;PSMD7;PSMA1;PSMB10;PSMC3;PLCG2;PSMC6;PSMB5;PSMA4;PSMD4;PSMA6;PSMB7;CDC34;PSMC5;RELA;PSMB2;PTPRJ;PSMA2;UBC;UBE2D1;PSMD12;PSMD6;TRAF6;NCK1;ARHGEF7;PSMD11;PSME3;PSMF1;PSMD10;HLA-DRA;PSMD3;PIK3R2,CNT
prerank,Reactome_2022__Pyruvate Metabolism R-HSA-70268,0.8203072520230552,1.2197474995243451,0.054140127388535034,0.3048352180068768,1.0,17/31,11.31%,LDHB;MPC2;HAGH;PDHA1;GLO1;LDHD;PDP2;DLAT;PDHX;PDHB;RXRA;GSTZ1;BSG;VDAC1;PDK4;LDHA;PDK2,CNT
prerank,Reactome_2022__Translesion Synthesis By POLH R-HSA-110320,0.8354223144256505,1.2193266853442317,0.09945945945945946,0.30571846929767443,1.0,8/19,6.03%,UBB;RPS27A;UBA52;UFD1;VCP;RPA3;PCNA;UBC,CNT
prerank,Reactome_2022__Signaling By B Cell Receptor (BCR) R-HSA-983705,0.7902412630211444,1.2191485249774463,0.008064516129032258,0.3054481826433358,1.0,55/108,11.65%,UBB;RPS27A;PSMB6;PSMA7;PSME2;PSMB1;SKP1;PPIA;PSMB3;PSMD8;UBA52;PSMD13;PSMB8;PSMD9;PSMA5;PSMC4;SEM1;NFKBIA;PSMA3;SYK;PSMD2;PSME1;PSMD7;PSMA1;PSMB10;PSMC3;PLCG2;PSMC6;PSMB5;PSMA4;CLSTN1;HRAS;PSMD4;PSMA6;CALM1;PSMB7;FKBP1A;PSMC5;RELA;GRB2;PSMB2;PSMA2;UBC;LYN;PSMD12;PSMD6;NCK1;PSMD11;NFKBIB;PSME3;PSMF1;SOS1;PSMD10;PSMD3;NFATC1,CNT
prerank,Reactome_2022__Glutathione Conjugation R-HSA-156590,0.8147730768036049,1.2188092443270897,0.05152471083070452,0.30610081415947177,1.0,14/34,10.75%,GSTP1;CNDP2;GSTO1;ESD;MGST3;GSTM3;GGCT;GSTO2;MGST2;GSTK1;GSTM4;GSTZ1;AKR1A1;GSTA4,CNT
prerank,Reactome_2022__Separation Of Sister Chromatids R-HSA-2467813,0.7871813877575212,1.2184174982244984,0.0020060180541624875,0.3071380740141606,1.0,77/168,13.04%,ANAPC11;UBB;RPS27A;PSMB6;PSMA7;PSME2;PSMB1;PSMB3;PSMD8;UBA52;ANAPC16;PSMD13;CDC26;PSMB8;ITGB3BP;RPS27;PSMD9;PSMA5;PSMC4;SEM1;ANAPC5;PSMA3;PSMD2;PSME1;PSMD7;PSMA1;PSMB10;PPP2R5C;PSMC3;PSMC6;PSMB5;PSMA4;DYNLL2;PSMD4;PSMA6;PSMB7;RAD21;PSMC5;UBE2E1;UBE2S;PSMB2;SKA2;PSMA2;PPP2R5E;UBC;SEC13;PPP2R1A;CDC27;UBE2D1;RANBP2;NUDC;ANAPC15;PSMD12;PSMD6;TAOK1;SEH1L;NUP37;ANAPC4;PAFAH1B1;CENPT;RCC2;PPP2R5A;AHCTF1;PSMD11;NDEL1;PPP2CA;PSME3;BUB3;PSMF1;PSMD10;PSMD3;DYNC1LI1;MAD1L1;DYNC1LI2;NUP43;B9D2;ANAPC2,CNT
prerank,Reactome_2022__G2/M Checkpoints R-HSA-69481,0.7881754532752819,1.218297013350204,0.00501002004008016,0.30655513437441817,1.0,62/130,14.04%,UBB;RPS27A;PSMB6;PSMA7;PSME2;PSMB1;PSMB3;PSMD8;UBA52;PSMD13;PSMB8;PSMD9;PSMA5;PSMC4;SEM1;PSMA3;PSMD2;PSME1;PSMD7;PSMA1;PSMB10;RPA3;PSMC3;PSMC6;PSMB5;PSMA4;YWHAH;PSMD4;PSMA6;PSMB7;PSMC5;PSMB2;RRAD;UIMC1;PSMA2;KAT5;UBC;MRE11;PSMD12;PSMD6;RNF8;ORC5;ORC3;REXO2;YWHAQ;UBE2V2;PSMD11;ORC4;PSME3;PSMF1;BABAM1;MCM4;PSMD10;PSMD3;TP53;RFC2;ABRAXAS1;RFC5;WRN;RAD9A;RFC3;YWHAG,CNT
prerank,Reactome_2022__Glycogen Synthesis R-HSA-3322077,0.857255981327885,1.218217797007897,0.09872241579558652,0.3057250577705005,1.0,5/13,6.03%,UBB;RPS27A;UBA52;UGP2;UBC,CNT
prerank,Reactome_2022__TP53 Regulates Metabolic Genes R-HSA-5628897,0.7921804486585441,1.2181737190851116,0.014198782961460446,0.3046726710565298,1.0,50/81,14.37%,COX6A1;PRDX2;TXN2;LAMTOR2;PRDX5;COX4I1;RHEB;PRDX1;COX5B;SURF1;COX7A2L;COX7B;LAMTOR4;COX5A;COX7C;LRPPRC;COX6C;YWHAH;COX6B1;AGO2;TACO1;GSR;LAMTOR3;COX14;COX19;LAMTOR5;UBL4A;LAMTOR1;DDIT4;PRKAG1;COX16;PRKAA2;RRM2B;REXO2;RRAGA;YWHAQ;COX8A;TXNRD1;AKT1;TSC2;AGO3;TP53;CYCS;COX18;SLC38A9;MLST8;TSC1;YWHAG;PRKAB2;AKT3,CNT
prerank,Reactome_2022__G2/M Transition R-HSA-69275,0.7835489156861393,1.2173039182451224,0.001002004008016032,0.30840096581239074,1.0,80/181,11.79%,UBB;RPS27A;MZT2B;PSMB6;PSMA7;PSME2;PSMB1;SKP1;PSMB3;TUBB4B;PSMD8;DCTN3;UBA52;PSMD13;PSMB8;MZT2A;HSP90AB1;TUBA4A;PSMD9;PSMA5;PSMC4;DCTN1;SSNA1;SEM1;PSMA3;PSMD2;PSME1;PSMD7;HSP90AA1;PSMA1;PSMB10;PSMC3;RBX1;DCTN2;PSMC6;PSMB5;PSMA4;PSMD4;PSMA6;PSMB7;CETN2;MZT1;PSMC5;TUBA1A;PSMB2;PSMA2;OFD1;UBC;PPP1R12A;LCMT1;PPP2R1A;MNAT1;AKAP9;CEP290;HAUS4;CSNK1E;PSMD12;CCNH;PRKCA;HAUS3;PSMD6;CDK11B;CSNK1D;PAFAH1B1;CEP63;RAB8A;TUBGCP4;TUBGCP6;PSMD11;CEP57;PPP2CA;PSME3;EP300;PSMF1;PSMD10;PHLDA1;PSMD3;CNTRL;ACTR1A;LIN37,CNT
prerank,Reactome_2022__RNA Polymerase II Transcribes snRNA Genes R-HSA-6807505,0.8023076105273422,1.2171894885340302,0.015368852459016393,0.30772814780601765,1.0,45/74,13.72%,POLR2I;POLR2J;SSU72;POLR2K;GTF2A2;INTS11;POLR2F;POLR2H;POLR2L;POLR2E;PHAX;POLR2A;TAF9;SNAPC5;GTF2F2;ICE1;SNAPC1;INTS1;GTF2B;TAF6;RPRD1B;INTS9;POLR2C;RPAP2;PCF11;SUPT4H1;TAF8;INTS10;CDK9;POLR2G;NABP2;SRRT;RPRD1A;GTF2A1;ICE2;SNAPC2;POLR2B;GTF2F1;ZNF143;SNAPC3;CCNT1;GTF2E2;INTS12;POLR2D;POU2F1,CNT
prerank,Reactome_2022__TRAF6 Mediated IRF7 Activation R-HSA-933541,0.828688767444906,1.2170852716470282,0.056768558951965066,0.30697982683678254,1.0,12/27,14.93%,MAVS;TRIM25;TRAF6;TANK;SIKE1;TRIM4;EP300;IRF3;IFIH1;IRF7;TBK1;RNF135,CNT
prerank,Reactome_2022__Mitotic G2-G2/M Phases R-HSA-453274,0.7833488452224207,1.2170445570687225,0.0010030090270812437,0.30594841934743955,1.0,80/183,11.79%,UBB;RPS27A;MZT2B;PSMB6;PSMA7;PSME2;PSMB1;SKP1;PSMB3;TUBB4B;PSMD8;DCTN3;UBA52;PSMD13;PSMB8;MZT2A;HSP90AB1;TUBA4A;PSMD9;PSMA5;PSMC4;DCTN1;SSNA1;SEM1;PSMA3;PSMD2;PSME1;PSMD7;HSP90AA1;PSMA1;PSMB10;PSMC3;RBX1;DCTN2;PSMC6;PSMB5;PSMA4;PSMD4;PSMA6;PSMB7;CETN2;MZT1;PSMC5;TUBA1A;PSMB2;PSMA2;OFD1;UBC;PPP1R12A;LCMT1;PPP2R1A;MNAT1;AKAP9;CEP290;HAUS4;CSNK1E;PSMD12;CCNH;PRKCA;HAUS3;PSMD6;CDK11B;CSNK1D;PAFAH1B1;CEP63;RAB8A;TUBGCP4;TUBGCP6;PSMD11;CEP57;PPP2CA;PSME3;EP300;PSMF1;PSMD10;PHLDA1;PSMD3;CNTRL;ACTR1A;LIN37,CNT
prerank,Reactome_2022__Selective Autophagy R-HSA-9663891,0.7979957123455096,1.2168720432777935,0.02459016393442623,0.30569699914243204,1.0,33/61,13.28%,UBB;RPS27A;TOMM6;PARK7;TOMM7;SQSTM1;TOMM20;UBA52;NBR1;MAP1LC3A;TOMM22;FUNDC1;MAP1LC3B;VCP;PINK1;HSP90AA1;DYNLL2;CSNK2B;TOMM5;CSNK2A2;UBC;PRKAG1;PRKAA2;IFT88;VDAC1;MFN1;DYNC1LI1;HSF1;PEX5;HSPA8;DYNC1LI2;UBE2V1;PLIN3,CNT
prerank,Reactome_2022__p75NTR Recruits Signaling Complexes R-HSA-209543,0.8619872943407006,1.2158290489624892,0.11386696730552424,0.31050781014869155,1.0,6/13,8.15%,UBB;RPS27A;SQSTM1;UBA52;UBC;TRAF6,CNT
prerank,Reactome_2022__Beta-catenin Independent WNT Signaling R-HSA-3858494,0.7845562576779134,1.2154832081717155,0.003009027081243731,0.31143305589830045,1.0,63/142,11.80%,CLTA;UBB;RPS27A;GNG5;PSMB6;PSMA7;PSME2;PSMB1;PFN1;PSMB3;PSMD8;UBA52;PSMD13;CLTB;PSMB8;AP2A2;PSMD9;PSMA5;PSMC4;AP2M1;SEM1;PSMA3;RHOA;PSMD2;PSME1;PSMD7;PSMA1;PSMB10;AP2S1;PSMC3;PSMC6;GNB2;PSMB5;PRKG1;PSMA4;AGO2;PSMD4;PSMA6;CALM1;PSMB7;GNB1;GNG10;PSMC5;PSMB2;GNB5;PSMA2;GNG11;UBC;PSMD12;PRKCA;PSMD6;PSMD11;DVL2;NLK;PSME3;PSMF1;PSMD10;PSMD3;NFATC1;AP2A1;SMURF1;FZD8;GNG7,CNT
prerank,Reactome_2022__TP53 Regulates Transcription Of DNA Repair Genes R-HSA-6796648,0.8005599097119708,1.215368021659455,0.02598752598752599,0.3108522978572705,1.0,38/61,14.11%,ELOC;POLR2I;POLR2J;POLR2K;JUN;FOS;ELOB;TCEA1;GTF2H5;POLR2F;POLR2H;POLR2L;NELFE;NELFCD;POLR2E;POLR2A;MNAT1;GTF2F2;GTF2H3;MLH1;CCNH;POLR2C;SSRP1;SUPT4H1;PMS2;CDK9;POLR2G;NELFB;SUPT16H;POLR2B;CDK12;TP53;GTF2F1;GTF2H2;CCNT1;POLR2D;CDK13;FANCC,CNT
prerank,Reactome_2022__Translesion Synthesis By POLI R-HSA-5656121,0.8417490344459576,1.2144461835244629,0.1180327868852459,0.31505700335152265,1.0,8/17,6.21%,UBB;RPS27A;UBA52;RPA3;PCNA;MAD2L2;UBC;POLI,CNT
prerank,Reactome_2022__Transcriptional Regulation By RUNX1 R-HSA-8878171,0.777451511270519,1.2137567989663964,0.0020060180541624875,0.31794034806264315,1.0,78/174,12.75%,UBB;RPS27A;PSMB6;PSMA7;PSME2;PSMB1;PSMB3;PSMD8;UBA52;PSMD13;PSMB8;DPY30;PSMD9;PSMA5;PSMC4;SEM1;PHC2;PSMA3;CCND3;RUNX1;PSMD2;PSME1;PSMD7;PSMA1;PSMB10;HIPK2;PSMC3;PSMC6;PSMB5;PSMA4;LGALS3;ZFPM1;AGO2;ELF2;PSMD4;PSMA6;PRMT1;PSMB7;GATA3;SMARCA2;PSMC5;SMARCB1;PSMB2;ELOF1;PSMA2;CSNK2B;SMARCE1;CSNK2A2;CBX6;UBC;KCTD6;MNAT1;PTPN11;ARID1A;OCLN;PSMD12;CCNH;PSMD6;PRMT6;RING1;GATA2;SMARCD1;PSMD11;RYBP;RBBP5;PSME3;EP300;PSMF1;MYL9;KMT2C;PSMD10;PSMD3;CBFB;AGO3;SMARCD3;KAT2B;KMT2B;SMARCC2,CNT
prerank,Reactome_2022__Transcription Of HIV Genome R-HSA-167172,0.7978281510917233,1.2131971301273528,0.016494845360824743,0.32001876903326976,1.0,45/69,15.33%,ELOC;POLR2I;POLR2J;POLR2K;TAF10;GTF2A2;ELOB;TCEA1;GTF2H5;POLR2F;POLR2H;POLR2L;NELFE;NELFCD;POLR2E;TAF15;RNMT;POLR2A;TAF9;MNAT1;GTF2F2;GTF2B;GTF2H3;TAF6;TAF1;CCNH;POLR2C;SSRP1;SUPT4H1;TAF12;CDK9;POLR2G;NELFB;GTF2A1;SUPT16H;POLR2B;GTF2F1;GTF2H2;CCNT1;GTF2E2;POLR2D;CCNT2;RNGTT;TAF3;GTF2H1,CNT
prerank,Reactome_2022__Aberrant Regulation Of Mitotic Exit In Cancer Due To RB1 Defects R-HSA-9687136,0.8372911050454592,1.2125877307517676,0.07555555555555556,0.3223354733096974,1.0,10/20,8.89%,ANAPC11;ANAPC16;CDC26;ANAPC5;UBE2E1;UBE2S;CDC27;UBE2D1;ANAPC15;ANAPC4,CNT
prerank,Reactome_2022__Diseases Of Mitotic Cell Cycle R-HSA-9675126,0.8060623203121553,1.212373236069991,0.04497907949790795,0.3224930381419537,1.0,16/38,10.43%,ANAPC11;ANAPC16;CDC26;ANAPC5;CCND3;CDKN1B;CDK4;UBE2E1;UBE2S;CDC27;UBE2D1;ANAPC15;TFDP2;TFDP1;ANAPC4;CDKN1C,CNT
prerank,Reactome_2022__Purine Salvage R-HSA-74217,0.8540318416378341,1.2122724712137634,0.12823529411764706,0.32175910232478955,1.0,6/13,7.85%,APRT;DGUOK;GMPR2;HPRT1;ADAL;GMPR,CNT
prerank,Reactome_2022__Iron Uptake And Transport R-HSA-917937,0.7964173013708231,1.2121744153399598,0.02634245187436677,0.3211002266222841,1.0,27/59,10.04%,UBB;RPS27A;ATP6V1G1;FTH1;FTL;ATP6V0E1;SKP1;UBA52;ATP6V0C;NEDD8;SLC40A1;GLRX3;ATP6V0D1;ATP6V0B;ATP6V0E2;MCOLN1;UBC;CAND1;ATP6V1G3;ATP6V1B2;SLC11A2;STEAP2;ATP6V1D;ALAD;SLC22A17;HMOX2;ATP6V1E1,CNT
prerank,Reactome_2022__Ub-specific Processing Proteases R-HSA-5689880,0.782412903057006,1.2117638874203143,0.003009027081243731,0.32232621433805225,1.0,77/175,11.84%,UBB;RPS27A;VDAC2;PSMB6;PSMA7;PSME2;PSMB1;TOMM20;PSMB3;PSMD8;UBA52;PSMD13;TAF10;PSMB8;PSMD9;UFD1;PSMA5;PSMC4;SEM1;NFKBIA;FKBP8;SMAD2;PSMA3;PSMD2;MAT2B;PSME1;PSMD7;PSMA1;PSMB10;PSMC3;PSMC6;PSMB5;PSMA4;PSMD4;PSMA6;PSMB7;GATA3;USP9X;PSMC5;USP11;OTUB1;PSMB2;PSMA2;RIPK1;BECN1;ADRM1;UBC;USP12;RUVBL1;PSMD12;HIF1A;PSMD6;TRAF6;TANK;BIRC2;SMAD7;TADA2B;SNX3;STAM2;TADA3;USP15;TRRAP;PSMD11;POLG2;RCE1;USP14;USP42;RNF123;VDAC1;SUDS3;IDE;PSME3;PSMF1;PSMD10;PSMD3;SIAH2;USP20,CNT
prerank,MSigDB_Hallmark_2020__Adipogenesis,0.7769205217895524,1.211711508746168,0.001,0.09860577894524146,0.377,93/199,10.95%,NDUFB7;NDUFAB1;COX6A1;SOD1;REEP5;ECHS1;ECH1;HIBCH;PHYH;ALDH2;ETFB;GPX4;MRPL15;TST;AK2;UQCR11;RAB34;IDH3G;AIFM1;DRAM2;SDHB;COX7B;UQCRQ;ACAA2;DHRS7B;ACO2;GADD45A;TALDO1;JAGN1;DECR1;UQCR10;PEMT;PDCD4;ALDOA;CAT;COQ9;MGST3;MDH2;CYC1;NDUFA5;ACADS;VEGFB;CMBL;TOB1;DDT;NDUFS3;MTCH2;TKT;GRPEL1;APOE;PREB;ATP5PO;CD151;DBT;QDPR;DNAJB9;DLAT;DHRS7;GPAT4;ABCB8;ARAF;PIM3;UBC;RIOK3;AGPAT3;ARL4A;RREB1;DNAJC15;UQCRC1;TANK;ESYT1;ELMOD3;SUCLG1;SDHC;CPT2;RNF11;ACOX1;SCP2;MAP4K3;COQ5;CD302;STOM;PPP1R15B;GPX3;COX8A;PPM1B;PGM1;CHCHD10;CMPK1;COL4A1;SULT1A1;PEX14;UCK1,CNT
prerank,Reactome_2022__DNA Damage Recognition In GG-NER R-HSA-5696394,0.8083783962123966,1.2116483080404061,0.06217616580310881,0.3218115520844162,1.0,25/37,13.64%,UBB;RPS27A;UBA52;COPS8;RBX1;MCRS1;CETN2;COPS5;DDB1;PARP1;COPS3;COPS2;UBC;RUVBL1;INO80;RAD23A;YY1;GPS1;TFPT;COPS4;INO80E;XPC;COPS6;ACTL6A;CUL4B,CNT
prerank,Reactome_2022__C-type Lectin Receptors (CLRs) R-HSA-5621481,0.7778714681631166,1.2116047271388906,0.0030211480362537764,0.32075849014680713,1.0,64/139,13.14%,UBB;RPS27A;PSMB6;PSMA7;PSME2;PSMB1;SKP1;PSMB3;PSMD8;UBA52;PSMD13;UBE2D2;PSMB8;PSMD9;PSMA5;PSMC4;SEM1;NFKBIA;PSMA3;SYK;PSMD2;PSME1;PSMD7;PSMA1;PSMB10;PSMC3;PLCG2;PSMC6;PSMB5;MUC20;PSMA4;HRAS;PSMD4;PSMA6;CALM1;UBE2M;PSMB7;CDC34;PSMC5;MUC15;RELA;PSMB2;PSMA2;UBC;UBE2D1;LYN;PSMD12;PRKCA;PSMD6;TRAF6;ARHGEF7;PSMD11;PSME3;EP300;PSMF1;PSMD10;PSMD3;NFATC1;UBA3;ICAM3;NFATC3;AHCYL1;UBE2V1;ITPR3,CNT
prerank,MSigDB_Hallmark_2020__Interferon Alpha Response,0.7858768566791577,1.211417625335962,0.007106598984771574,0.08284501919579713,0.381,44/96,16.16%,TXNIP;HLA-C;PSME2;IFITM3;B2M;LGALS3BP;PSMB8;NUB1;PLSCR1;BST2;IFITM2;PSMA3;PSME1;ADAR;IFI30;MVB12A;LAP3;CD74;TRIM25;GMPR;EIF2AK2;TRIM5;TRAFD1;SLC25A28;MX1;IFI35;TRIM26;NMI;RNF31;UBE2L6;STAT2;IFIH1;SAMD9;ELF1;IRF9;IRF2;RIPK2;IRF7;OGFR;IRF1;PARP14;NCOA7;UBA7;MOV10,CNT
prerank,Reactome_2022__G Beta:Gamma Signaling Thru BTK R-HSA-8964315,0.8396311325726731,1.2112896017900672,0.10228509249183895,0.3213708524252336,1.0,6/18,5.67%,GNG5;GNB2;GNB1;GNG10;GNB5;GNG11,CNT
prerank,Reactome_2022__Nucleotide Excision Repair R-HSA-5696398,0.7835089768794516,1.2104746801668222,0.009045226130653266,0.3249285732052362,1.0,62/107,13.82%,UBB;RPS27A;SUMO1;POLR2I;SUMO2;POLR2J;POLR2K;UBA52;UBE2I;POLE4;TCEA1;COPS8;HMGN1;GTF2H5;POLR2F;POLR2H;POLR2L;PPIE;RPA3;RBX1;MCRS1;POLR2E;CETN2;POLR2A;COPS5;PCNA;DDB1;POLE3;POLD2;PARP1;COPS3;COPS2;UBC;MNAT1;RUVBL1;GTF2H3;CCNH;INO80;ERCC1;POLR2C;RAD23A;YY1;GPS1;PRPF19;TFPT;XPA;UBE2V2;POLR2G;EP300;COPS4;POLR2B;AQR;INO80E;XPC;GTF2H2;COPS6;RFC2;ACTL6A;POLR2D;CUL4B;RFC5;RFC3,CNT
prerank,Reactome_2022__RNA Pol II CTD Phosphorylation And Interaction With CE R-HSA-77075,0.8179562579083843,1.2103124575754824,0.08315334773218143,0.32468577349717087,1.0,22/27,15.33%,POLR2I;POLR2J;POLR2K;GTF2H5;POLR2F;POLR2H;POLR2L;POLR2E;RNMT;POLR2A;MNAT1;GTF2F2;GTF2H3;CCNH;POLR2C;POLR2G;POLR2B;GTF2F1;GTF2H2;POLR2D;RNGTT;GTF2H1,CNT
prerank,Reactome_2022__Formation Of RNA Pol II Elongation Complex R-HSA-112382,0.7919016470854442,1.2097304116403678,0.03842159916926272,0.32699616731314807,1.0,36/57,13.53%,ELOC;POLR2I;POLR2J;POLR2K;ELOB;TCEA1;GTF2H5;POLR2F;POLR2H;POLR2L;NELFE;NELFCD;POLR2E;DMAP1;MLLT1;POLR2A;MNAT1;GTF2F2;IWS1;GTF2H3;CCNH;POLR2C;MLLT3;SSRP1;SUPT4H1;CDK9;POLR2G;NELFB;SUPT16H;POLR2B;PAF1;GTF2F1;GTF2H2;CCNT1;AFF4;POLR2D,CNT
prerank,Reactome_2022__HIV Transcription Initiation R-HSA-167161,0.8023824014328325,1.2093902198791866,0.04860392967942089,0.32805921993618914,1.0,29/46,13.53%,POLR2I;POLR2J;POLR2K;TAF10;GTF2A2;GTF2H5;POLR2F;POLR2H;POLR2L;POLR2E;TAF15;POLR2A;TAF9;MNAT1;GTF2F2;GTF2B;GTF2H3;TAF6;TAF1;CCNH;POLR2C;TAF12;POLR2G;GTF2A1;POLR2B;GTF2F1;GTF2H2;GTF2E2;POLR2D,CNT
prerank,MSigDB_Hallmark_2020__Apoptosis,0.771659685534172,1.2092487228479292,0.0010050251256281408,0.07663885922119909,0.403,70/159,15.08%,IER3;VDAC2;TXNIP;SOD1;TSPO;SQSTM1;MGMT;DDIT3;IFITM3;GPX4;KRT18;JUN;DNAJA1;HSPB1;GADD45A;PDCD4;HMGB2;PSEN1;GADD45B;ERBB2;RHOB;BTG2;BCAP31;LGALS3;GSR;CDKN1B;GSN;BTG3;BAX;TIMP3;RELA;BCL2L1;ATF3;SOD2;AVPR1A;SAT1;ERBB3;ADD1;SC5D;LMNA;TNFSF10;BCL2L2;IL18;SPTAN1;TIMP2;BNIP3L;EBP;SMAD7;PEA15;PTK2;ANKH;GPX3;IGF2R;XIAP;CTH;PPT1;ETF1;IGFBP6;CASP4;CLU;TNFRSF12A;CTNNB1;CFLAR;DNM1L;MCL1;CASP9;CASP3;BCL2L11;IRF1;NEDD9,CNT
prerank,Reactome_2022__Defective Intrinsic Pathway For Apoptosis R-HSA-9734009,0.8318329790267817,1.2088723108114456,0.07036247334754797,0.3299695854989044,1.0,8/24,6.67%,PRDX2;PRDX1;JUN;CAPNS1;CAPN2;CAPN1;LMNA;CDK5,CNT
prerank,Reactome_2022__Regulation Of NF-kappa B Signaling R-HSA-9758274,0.8412364229318872,1.208435033377738,0.09888888888888889,0.3312865370452765,1.0,10/18,12.33%,UBB;RPS27A;UBA52;N4BP1;UBC;TRAF6;TANK;USP14;IKBIP;TP53,CNT
prerank,Reactome_2022__G-protein Activation R-HSA-202040,0.8255977563670519,1.2083735090789822,0.091792656587473,0.3303618287143934,1.0,10/24,13.35%,GNG5;GNB2;GNB1;GNG10;GNAQ;GNB5;GNG11;GNG7;POMC;GNG12,CNT
prerank,Reactome_2022__Regulation Of Innate Immune Responses To Cytosolic DNA R-HSA-3134975,0.8486232663331184,1.207797242217947,0.11225658648339061,0.33257880495782355,1.0,5/14,6.85%,UBB;RPS27A;UBA52;UBC;TRIM56,CNT
prerank,Reactome_2022__Neddylation R-HSA-8951664,0.7766647364898832,1.207795606324022,0.001,0.33131228577579036,1.0,114/236,12.05%,COMMD6;UBB;RPS27A;ELOC;PSMB6;PSMA7;RNF7;SQSTM1;PSME2;SPSB3;PSMB1;SKP1;PSMB3;PSMD8;UBA52;PSMD13;COMMD3;UBE2D2;PSMB8;CISH;ELOB;PSMD9;UFD1;NUB1;PSMA5;PSMC4;OBSL1;SEM1;ANKRD9;COPS8;VCP;PSMA3;UBE2D3;PSMD2;PSME1;PSMD7;PSMA1;PSMB10;PSMC3;RBX1;PSMC6;PSMB5;PSMA4;UBE2F;NEDD8;CUL3;COMMD9;PSMD4;PSMA6;UBE2M;FBXL3;PSMB7;PSMC5;COPS5;RBBP7;DDB1;COMMD8;FBXL15;PSMB2;NAE1;COMMD2;PSMA2;DCAF16;DCAF11;COPS3;COPS2;FBXO9;FBXO7;FBXO21;UBC;KCTD6;UBE2D1;FBXL4;DCAF7;ASB8;FBXW5;CAND1;COMMD5;PSMD12;HIF1A;SOCS2;PSMD6;FBXL22;UCHL3;DCUN1D1;GPS1;FBXO11;COMMD4;FBXL20;PSMD11;FBXO22;KLHL5;KLHL21;RBBP5;ASB6;COMMD10;LRRC41;FBXO44;KLHL9;PSME3;PSMF1;COPS4;DCAF13;PSMD10;FEM1B;WSB2;PSMD3;FBXO17;LMO7;UBA3;FBXL12;DCAF4;DCAF8;KLHL42,CNT
prerank,Reactome_2022__Downregulation Of ERBB2:ERBB3 Signaling R-HSA-1358803,0.8523412093694354,1.2073619846708645,0.12442922374429223,0.33261555580005703,1.0,6/13,6.03%,UBB;RPS27A;UBA52;ERBB2;ERBB3;UBC,CNT
prerank,Reactome_2022__RNA Polymerase III Transcription Initiation From Type 3 Promoter R-HSA-76071,0.8202360692526198,1.2067970733421294,0.07303974221267455,0.33487537739959294,1.0,18/27,13.72%,POLR2K;POLR2F;POLR1D;POLR2H;POLR2L;POLR2E;POLR3GL;POLR3K;SNAPC5;SNAPC1;POLR3C;POLR3H;BRF2;SNAPC2;ZNF143;SNAPC3;POLR3A;POU2F1,CNT
prerank,Reactome_2022__Regulated Necrosis R-HSA-5218859,0.7972469286733274,1.2067297235386785,0.028717948717948718,0.33398133287880544,1.0,33/56,14.86%,UBB;RPS27A;UBA52;CHMP2A;HSP90AA1;GSDMD;CHMP4B;FLOT1;BAX;CDC37;STUB1;RIPK1;UBC;CHMP2B;TNFSF10;IL18;FADD;TNFRSF10B;TANK;BIRC2;SDCBP;FLOT2;TRADD;XIAP;RRM1;CHMP6;TP53;CASP4;CYCS;IRF2;CFLAR;CASP3;IRF1,CNT
prerank,Reactome_2022__Activation Of Phototransduction Cascade R-HSA-2485179,0.8732810417981096,1.2064492724595242,0.12220916568742655,0.334578463023079,1.0,2/11,4.47%,RNF7;GNB1,CNT
prerank,Reactome_2022__G Beta:Gamma Signaling Thru CDC42 R-HSA-8964616,0.8286529648907834,1.2064064778613293,0.11278195488721804,0.33356333177227665,1.0,6/20,5.67%,GNG5;GNB2;GNB1;GNG10;GNB5;GNG11,CNT
prerank,Reactome_2022__FGFR1c Ligand Binding And Activation R-HSA-190373,-0.692963121296158,-1.2061908662460867,0.2535211267605634,0.9258281496803121,1.0,1/12,0.13%,FGF13,CNT
prerank,Reactome_2022__Glucagon-type Ligand Receptors R-HSA-420092,0.8137736088840298,1.2060643083247646,0.06548856548856549,0.33437288418831995,1.0,7/33,5.67%,GNG5;GNAS;GNB2;GNB1;GNG10;GNB5;GNG11,CNT
prerank,Reactome_2022__Peroxisomal Protein Import R-HSA-9033241,0.7991341280525167,1.2057696188736582,0.02663934426229508,0.3350145596586677,1.0,36/63,13.31%,UBB;RPS27A;ECH1;PHYH;UBA52;UBE2D2;UBE2D3;ECI2;MPV17;USP9X;ACAA1;PEX7;CROT;ACOT2;GSTK1;HMGCL;UBC;MLYCD;PECR;PEX2;UBE2D1;PEX10;NUDT19;ACOX1;NUDT7;IDE;AMACR;PEX14;ACOT8;PEX13;LONP2;ZFAND6;PEX5;ZNF260;PEX26;PEX6,CNT
prerank,Reactome_2022__Constitutive Signaling By NOTCH1 HD Domain Mutants R-HSA-2691232,0.8448283801050194,1.2055316049557907,0.1197339246119734,0.3352915002724905,1.0,5/15,6.03%,UBB;RPS27A;UBA52;JAG1;UBC,CNT
prerank,Reactome_2022__Deadenylation-dependent mRNA Decay R-HSA-429914,0.795653367883971,1.2053648017707552,0.04054054054054054,0.33513304388200243,1.0,33/53,12.65%,LSM4;LSM7;LSM3;LSM2;PAIP1;LSM6;EXOSC7;CNOT7;LSM5;DCPS;DIS3;EIF4A1;EIF4E;EIF4B;EXOSC8;DCP2;CNOT4;EXOSC1;DCP1A;PARN;XRN1;LSM1;EXOSC3;CNOT8;NT5C3B;EIF4A3;TUT7;CNOT2;EIF4A2;PATL1;DDX6;EXOSC4;CNOT3,CNT
prerank,Reactome_2022__Phase II - Conjugation Of Compounds R-HSA-156580,0.7795776233950805,1.2053318345935875,0.008072653884964682,0.3341420394719466,1.0,37/104,16.69%,GSTP1;COMT;TRMT112;CNDP2;GSTO1;ESD;ABHD14B;MGST3;MAT2B;GSTM3;GGCT;GSTO2;SLC38A1;MGST2;MTR;TPMT;SLC35B2;GSTK1;UGP2;GSTM4;UGDH;GSTZ1;PAPSS1;AKR1A1;SLC35B3;SULT1A1;GSTA4;N6AMT1;BPNT1;PODXL2;GSTT2B;MAT2A;TPST1;SLC26A2;GCLC;GGT7;GSTM2,CNT
prerank,Reactome_2022__CLEC7A (Dectin-1) Signaling R-HSA-5607764,0.7801552510545953,1.2050412211199826,0.023232323232323233,0.3345785889642972,1.0,45/99,8.15%,UBB;RPS27A;PSMB6;PSMA7;PSME2;PSMB1;SKP1;PSMB3;PSMD8;UBA52;PSMD13;UBE2D2;PSMB8;PSMD9;PSMA5;PSMC4;SEM1;NFKBIA;PSMA3;SYK;PSMD2;PSME1;PSMD7;PSMA1;PSMB10;PSMC3;PLCG2;PSMC6;PSMB5;PSMA4;PSMD4;PSMA6;CALM1;UBE2M;PSMB7;CDC34;PSMC5;RELA;PSMB2;PSMA2;UBC;UBE2D1;PSMD12;PSMD6;TRAF6,CNT
prerank,MSigDB_Hallmark_2020__Unfolded Protein Response,0.7823366764750386,1.2046271014432999,0.006030150753768844,0.07804606991311376,0.445,54/110,12.16%,LSM4;EEF2;RPS14;NPM1;XBP1;DCTN1;NHP2;PDIA6;PAIP1;BANF1;HSPA9;SSR1;ALDH18A1;YIF1A;ATP6V0D1;SEC11A;EIF4A1;EIF4E;ATF6;IMP3;PREB;POP4;HERPUD1;DKC1;ATF3;EXOSC10;DNAJB9;NOLC1;DCP2;EIF4EBP1;CNOT4;TTC37;EXOSC1;DCP1A;DDIT4;BAG3;PARN;SPCS3;HYOU1;ATF4;LSM1;ERO1A;EIF4A3;SEC31A;SPCS1;CNOT2;SDAD1;EIF2S1;EIF4A2;SERP1;SLC30A5;EXOSC4;NFYB;WFS1,CNT
prerank,"Reactome_2022__Incretin Synthesis, Secretion, And Inactivation R-HSA-400508",0.8174182107651224,1.20284404955474,0.11182795698924732,0.3472561290353592,1.0,9/24,14.09%,SEC11C;SEC11A;GNB1;SPCS3;SPCS2;SPCS1;TCF7L2;CTNNB1;C1QTNF1,CNT
prerank,Reactome_2022__FLT3 Signaling R-HSA-9607240,0.8018774871293548,1.2026870745945182,0.05573080967402734,0.3469753329145066,1.0,22/37,15.86%,UBB;RPS27A;UBA52;SYK;HRAS;CDKN1B;GRB2;PTPRJ;UBC;PTPN11;SOCS2;SOS1;AKT1;CBL;NRAS;AKT3;STAT5A;BCL2L11;GRB10;PIK3R1;SEPSECS;CSK,CNT
prerank,Reactome_2022__Mitotic Anaphase R-HSA-68882,0.774167007713628,1.2022880082885703,0.001,0.34822972576711514,1.0,98/228,13.12%,ANAPC11;UBB;RPS27A;SUMO1;PSMB6;PSMA7;PSME2;PSMB1;RAN;PSMB3;TUBB4B;PSMD8;UBA52;ANAPC16;UBE2I;PSMD13;CDC26;CHMP2A;PSMB8;ITGB3BP;RPS27;TUBA4A;PSMD9;PSMA5;PSMC4;SEM1;ANAPC5;PSMA3;BANF1;PSMD2;PSME1;PSMD7;PSMA1;PSMB10;PPP2R5C;PSMC3;PSMC6;PSMB5;PSMA4;DYNLL2;PSMD4;CHMP4B;PSMA6;PSMB7;RAD21;PSMC5;UBE2E1;TUBA1A;TMPO;UBE2S;PSMB2;VPS4A;SKA2;PSMA2;PPP2R5E;UBC;SIRT2;SEC13;PPP2R1A;CDC27;CHMP2B;UBE2D1;LMNA;RANBP2;NUDC;ANAPC15;PSMD12;TUBA1C;PSMD6;TAOK1;SEH1L;NUP37;ANAPC4;PAFAH1B1;CENPT;RCC2;PPP2R5A;AHCTF1;NUP93;PSMD11;NDEL1;PPP2CA;PSME3;BUB3;PSMF1;ANKLE2;PSMD10;NUP54;PSMD3;DYNC1LI1;CHMP6;MAD1L1;TUBA1B;DYNC1LI2;NUP43;B9D2;ANAPC2;PPP2R2A,CNT
prerank,Reactome_2022__PTEN Regulation R-HSA-6807070,0.7761346013408499,1.2019325337755216,0.006024096385542169,0.34944579260706443,1.0,68/138,11.41%,UBB;RPS27A;PSMB6;LAMTOR2;PSMA7;PSME2;PSMB1;RHEB;PSMB3;PSMD8;UBA52;PSMD13;JUN;PSMB8;PSMD9;PSMA5;PSMC4;LAMTOR4;SEM1;MAF1;PHC2;PSMA3;PSMD2;PSME1;PSMD7;PSMA1;PSMB10;PSMC3;PSMC6;PSMB5;PSMA4;AGO2;PSMD4;KDM1A;PSMA6;LAMTOR3;PSMB7;GATAD2B;EGR1;PSMC5;RBBP7;STUB1;PSMB2;CHD4;PSMA2;CSNK2B;REST;LAMTOR5;CSNK2A2;CBX6;UBC;LAMTOR1;CHD3;HDAC3;HDAC5;PSMD12;PSMD6;RING1;RRAGA;PSMD11;VAPA;PSME3;PSMF1;MTA1;PSMD10;XIAP;AKT1;PSMD3,CNT
prerank,Reactome_2022__Pyruvate Metabolism And Citric Acid (TCA) Cycle R-HSA-71406,0.7964038495405744,1.2016774056952584,0.02661207778915046,0.34983377927016407,1.0,32/54,13.47%,LDHB;SDHD;MPC2;HAGH;IDH3G;SDHB;ACO2;PDHA1;MDH2;SUCLA2;FAHD1;GLO1;LDHD;PDP2;DLAT;PDHX;D2HGDH;DLST;PDHB;SDHA;RXRA;SUCLG1;GSTZ1;BSG;VDAC1;IDH3B;PDK4;LDHA;PDK2;IDH2;MPC1;ADHFE1,CNT
prerank,Reactome_2022__Negative Regulation Of FLT3 R-HSA-9706369,0.8395304021108658,1.201632174624294,0.1171875,0.34884387374237774,1.0,6/15,7.65%,UBB;RPS27A;UBA52;PTPRJ;UBC;SOCS2,CNT
prerank,Reactome_2022__Mitotic Metaphase And Anaphase R-HSA-2555396,0.7736000533359869,1.201356023477789,0.001,0.34921677563359255,1.0,98/229,13.12%,ANAPC11;UBB;RPS27A;SUMO1;PSMB6;PSMA7;PSME2;PSMB1;RAN;PSMB3;TUBB4B;PSMD8;UBA52;ANAPC16;UBE2I;PSMD13;CDC26;CHMP2A;PSMB8;ITGB3BP;RPS27;TUBA4A;PSMD9;PSMA5;PSMC4;SEM1;ANAPC5;PSMA3;BANF1;PSMD2;PSME1;PSMD7;PSMA1;PSMB10;PPP2R5C;PSMC3;PSMC6;PSMB5;PSMA4;DYNLL2;PSMD4;CHMP4B;PSMA6;PSMB7;RAD21;PSMC5;UBE2E1;TUBA1A;TMPO;UBE2S;PSMB2;VPS4A;SKA2;PSMA2;PPP2R5E;UBC;SIRT2;SEC13;PPP2R1A;CDC27;CHMP2B;UBE2D1;LMNA;RANBP2;NUDC;ANAPC15;PSMD12;TUBA1C;PSMD6;TAOK1;SEH1L;NUP37;ANAPC4;PAFAH1B1;CENPT;RCC2;PPP2R5A;AHCTF1;NUP93;PSMD11;NDEL1;PPP2CA;PSME3;BUB3;PSMF1;ANKLE2;PSMD10;NUP54;PSMD3;DYNC1LI1;CHMP6;MAD1L1;TUBA1B;DYNC1LI2;NUP43;B9D2;ANAPC2;PPP2R2A,CNT
prerank,Reactome_2022__Translesion Synthesis By REV1 R-HSA-110312,0.8390493508364918,1.2011832319282263,0.13053097345132744,0.3489494035378159,1.0,7/16,6.03%,UBB;RPS27A;UBA52;RPA3;PCNA;MAD2L2;UBC,CNT
prerank,Reactome_2022__Aggrephagy R-HSA-9646399,0.8165370357722082,1.201152211450983,0.09594882729211088,0.3478691181695728,1.0,13/24,13.01%,UBB;RPS27A;PARK7;UBA52;VCP;HSP90AA1;DYNLL2;UBC;IFT88;DYNC1LI1;HSF1;DYNC1LI2;UBE2V1,CNT
prerank,Reactome_2022__mRNA Capping R-HSA-72086,0.8085958831510157,1.2011018940581846,0.09003215434083602,0.34693598844124607,1.0,22/29,15.33%,POLR2I;POLR2J;POLR2K;GTF2H5;POLR2F;POLR2H;POLR2L;POLR2E;RNMT;POLR2A;MNAT1;GTF2F2;GTF2H3;CCNH;POLR2C;POLR2G;POLR2B;GTF2F1;GTF2H2;POLR2D;RNGTT;GTF2H1,CNT
prerank,MSigDB_Hallmark_2020__p53 Pathway,0.7697491760691999,1.2010948551416807,0.001001001001001001,0.07857928650007857,0.489,79/196,11.93%,RACK1;RPS12;S100A4;S100A10;IER3;BTG1;RPS27L;VAMP8;TXNIP;NINJ1;RPL36;RPL18;CD81;DDIT3;LDHB;MXD4;JUN;FOS;PLXNB2;CTSF;MKNK2;ISCU;GADD45A;COQ8A;HINT1;CCND3;FUCA1;SERTAD3;BLCAP;PMM1;BTG2;AK1;TOB1;ACVR1B;HRAS;EPS8L2;TM7SF3;TRAF4;TPRKB;BAX;UPP1;PCNA;PERP;CCNG1;SEC61A1;DCXR;ST14;RRAD;CGRRF1;ATF3;RAD51C;IFI30;SAT1;ABHD4;CD82;SLC3A2;DDIT4;NUDT15;HDAC3;MAPKAPK3;SOCS1;RXRA;EPHX1;HEXIM1;TCN2;CTSD;STOM;TRAFD1;IP6K2;FAM162A;NDRG1;TGFA;WRAP73;PIDD1;PPP1R15A;CDKN2AIP;NOTCH1;ZMAT3;XPC,CNT
prerank,"Reactome_2022__Inactivation, Recovery And Regulation Of Phototransduction Cascade R-HSA-2514859",0.8148923425938791,1.2009167465178616,0.0767590618336887,0.3469218709415249,1.0,10/30,10.78%,RNF7;METAP1;CALM1;GNB1;GNB5;FNTA;PRKCA;METAP2;CAMKMT;NMT2,CNT
prerank,MSigDB_Hallmark_2020__Interferon Gamma Response,0.7657959385680535,1.2005019343375836,0.002004008016032064,0.0723378460295009,0.498,73/198,15.34%,BTG1;VAMP8;TXNIP;PSME2;HLA-B;IFITM3;B2M;MT2A;LGALS3BP;PSMB8;PLSCR1;BST2;IFITM2;NFKBIA;PSMA3;RBCK1;PSME1;PSMB10;ADAR;BPGM;ISOC1;LYSMD2;SERPING1;TAPBP;UPP1;PSMB2;PSMA2;RIPK1;RNF213;SOD2;IFI30;PTPN1;LAP3;TNFSF10;CD74;ARL4A;PNP;HIF1A;HLA-DMA;AUTS2;TRIM25;LATS2;SOCS1;RAPGEF6;SRI;EIF2AK2;TRAFD1;NUP93;SLC25A28;MX1;STAT3;IFI35;TRIM26;NMI;RNF31;UBE2L6;STAT2;CASP4;IFIH1;TOR1B;IRF9;SOCS3;IRF2;VAMP5;RIPK2;IRF7;CD40;OGFR;CASP3;IRF1;PTPN6;PARP14;EIF4E3,CNT
prerank,Reactome_2022__Activated NOTCH1 Transmits Signal To Nucleus R-HSA-2122948,0.8149988645518356,1.2003979527282795,0.06546990496304118,0.348939357635086,1.0,9/31,6.03%,UBB;RPS27A;UBA52;APH1A;PSEN1;JAG1;PSENEN;NCSTN;UBC,CNT
prerank,Reactome_2022__RNA Polymerase III Transcription Initiation From Type 2 Promoter R-HSA-76066,0.818261250083778,1.2000400832922105,0.07917570498915401,0.34989510698278964,1.0,12/26,8.29%,GTF3C6;POLR2K;POLR2F;POLR1D;POLR2H;POLR2L;POLR2E;POLR3GL;POLR3K;GTF3C1;POLR3C;POLR3H,CNT
prerank,Reactome_2022__Ovarian Tumor Domain Proteases R-HSA-5689896,0.8007363839887509,1.1998447552024418,0.05759162303664921,0.34984963052718066,1.0,24/38,16.02%,UBB;RPS27A;UBA52;VCP;RHOA;OTUB1;RIPK1;UBC;UBE2D1;MAVS;TRIM25;TRAF6;TNIP1;TNIP2;TRIM4;TP53;OTUD3;IFIH1;RIPK2;RNF135;YOD1;RNF128;OTUD7A;PTEN,CNT
prerank,"Reactome_2022__Synthesis, Secretion, And Inactivation Of Glucagon-like Peptide-1 (GLP-1) R-HSA-381771",0.8190629123873833,1.1996123916888204,0.13290460878885316,0.35003291070029807,1.0,8/21,13.73%,SEC11C;SEC11A;GNB1;SPCS3;SPCS2;SPCS1;TCF7L2;CTNNB1,CNT
prerank,Reactome_2022__RNA Polymerase II Pre-transcription Events R-HSA-674695,0.7833041044885917,1.1994748876318617,0.02564102564102564,0.3496860777029012,1.0,46/79,13.53%,ELOC;POLR2I;POLR2J;POLR2K;TAF10;GTF2A2;ELOB;TCEA1;GTF2H5;POLR2F;POLR2H;POLR2L;NELFE;NELFCD;POLR2E;TAF15;DMAP1;MLLT1;POLR2A;TAF9;MNAT1;GTF2F2;IWS1;GTF2B;GTF2H3;TAF6;TAF1;CCNH;POLR2C;MLLT3;SSRP1;SUPT4H1;TAF12;CDK9;POLR2G;NELFB;GTF2A1;SUPT16H;POLR2B;PAF1;GTF2F1;GTF2H2;CCNT1;GTF2E2;AFF4;POLR2D,CNT
prerank,Reactome_2022__rRNA Modification In Nucleus And Cytosol R-HSA-6790901,0.7805391498210301,1.1993595569694946,0.04175152749490835,0.34918109869065905,1.0,32/60,14.05%,RPS7;RPS6;RPS14;RPS9;TRMT112;RPS2;TSR3;NHP2;SNU13;BUD23;DDX52;KRR1;RRP36;DKC1;NOP10;NOP58;EMG1;WDR46;RCL1;NOL11;TBL3;THUMPD1;UTP18;WDR36;DCAF13;UTP6;GAR1;UTP3;FBL;IMP4;UTP11;WDR3,CNT
prerank,Reactome_2022__Post-chaperonin Tubulin Folding Pathway R-HSA-389977,0.82024641408182,1.199299945848019,0.11220043572984749,0.34830396740902686,1.0,7/23,8.44%,ARL2;TBCB;TUBB4B;TUBA4A;TUBA1A;TUBA1C;TBCC,CNT
prerank,Reactome_2022__Gap-filling DNA Repair Synthesis And Ligation In GG-NER R-HSA-5696397,0.8169859943480264,1.1985753961003782,0.10096670247046187,0.3513773415535363,1.0,9/25,6.03%,UBB;RPS27A;UBA52;POLE4;RPA3;PCNA;POLE3;POLD2;UBC,CNT
prerank,"Reactome_2022__Plasma Lipoprotein Assembly, Remodeling, And Clearance R-HSA-174824",0.7818151272445834,1.1985672353948507,0.02330293819655522,0.35023617150035496,1.0,22/71,12.06%,CLTA;UBB;RPS27A;UBA52;P4HB;AP2A2;AP2M1;AP2S1;LSR;APOE;NR1H2;UBC;APOC1;PRKCA;LMF2;MBTPS1;FURIN;LMF1;NPC2;HDLBP;AP2A1;SOAT1,CNT
prerank,Reactome_2022__Purine Catabolism R-HSA-74259,0.8430855430837103,1.1985583217337192,0.11428571428571428,0.3490786935821267,1.0,8/16,10.08%,DNPH1;NT5C;NUDT16;NUDT5;NUDT15;ITPA;NUDT9;NT5C2,CNT
prerank,Reactome_2022__Negative Regulation Of Activity Of TFAP2 (AP-2) Family Transcription Factors R-HSA-8866904,0.8736616738740365,1.1984632657849716,0.12976190476190477,0.34849516830923377,1.0,2/10,1.12%,SUMO1;UBE2I,CNT
prerank,Reactome_2022__TGF-beta Receptor Signaling In EMT (Epithelial To Mesenchymal Transition) R-HSA-2173791,0.8295450630677386,1.1980160381097846,0.12181616832779624,0.35021326787972185,1.0,6/16,6.03%,UBB;RPS27A;UBA52;RHOA;FKBP1A;UBC,CNT
prerank,Reactome_2022__Presynaptic Function Of Kainate Receptors R-HSA-500657,0.8245859195325339,1.1979955270656386,0.10822510822510822,0.349163011298101,1.0,6/21,5.67%,GNG5;GNB2;GNB1;GNG10;GNB5;GNG11,CNT
prerank,Reactome_2022__Defective GALNT12 Causes CRCS1 R-HSA-5083636,0.8331799436648679,1.1977564453844518,0.13213885778275475,0.34937639352419414,1.0,2/17,4.97%,MUC20;MUC15,CNT
prerank,Reactome_2022__Glycogen Storage Diseases R-HSA-3229121,0.8372798338470664,1.197461519299888,0.11852704257767549,0.350146823929616,1.0,6/14,9.06%,UBB;RPS27A;UBA52;SLC37A4;UBC;GAA,CNT
prerank,Reactome_2022__EPHA-mediated Growth Cone Collapse R-HSA-3928663,0.8411134025902421,1.1971816439310787,0.11704545454545455,0.35076704437709416,1.0,8/15,10.62%,MYL12B;RHOA;MYL6;MYH10;YES1;MYH9;LYN;MYL9,CNT
prerank,Reactome_2022__Role Of Nef In HIV-1 Replication And Disease Pathogenesis R-HSA-164952,0.8113755354755793,1.1971459433095497,0.07922912205567452,0.3498499832017344,1.0,7/27,5.00%,B2M;AP1S1;AP2A2;AP2M1;AP1M2;AP2S1;AP1B1,CNT
prerank,Reactome_2022__Synthesis Of Active Ubiquitin: Roles Of E1 And E2 Enzymes R-HSA-8866652,0.8005020029561043,1.1970615845029529,0.11146496815286625,0.34916688305479565,1.0,15/30,8.24%,UBB;RPS27A;UBA52;UBE2D2;CDC34;USP9X;UBE2A;UBE2E1;UBE2S;UBE2W;UBC;UBE2D1;UBE2K;UCHL3;UBE2B,CNT
prerank,Reactome_2022__Regulation Of IFNA/IFNB Signaling R-HSA-912694,0.8070246742939435,1.1962298758180403,0.13114754098360656,0.3530472676445868,1.0,9/25,15.09%,TYK2;PTPN1;JAK1;PTPN11;SOCS1;IFNAR1;STAT2;SOCS3;PTPN6,CNT
prerank,Reactome_2022__FOXO-mediated Transcription Of Cell Cycle Genes R-HSA-9617828,0.8269386135691934,1.1961652209323845,0.14728682170542637,0.3522482714299009,1.0,4/17,4.07%,BTG1;GADD45A;SMAD2;CDKN1B,CNT
prerank,Reactome_2022__RNA Polymerase III Transcription Initiation R-HSA-76046,0.8012524304347204,1.1956257649778235,0.07692307692307693,0.35433449073661083,1.0,22/35,13.72%,GTF3C6;POLR2K;POLR2F;POLR1D;POLR2H;POLR2L;POLR2E;POLR3GL;POLR3K;SNAPC5;GTF3C1;SNAPC1;POLR3C;POLR3H;BRF2;SNAPC2;GTF3A;GTF3C2;ZNF143;SNAPC3;POLR3A;POU2F1,CNT
prerank,Reactome_2022__Signaling By Hedgehog R-HSA-5358351,0.7747400544866219,1.1956208212846628,0.006024096385542169,0.3532025017276787,1.0,66/135,13.36%,UBB;RPS27A;PSMB6;PSMA7;PSME2;PSMB1;SKP1;PSMB3;PSMD8;UBA52;P4HB;PSMD13;OS9;PSMB8;PSMD9;PSMA5;PSMC4;SEM1;GNAS;VCP;PSMA3;PSMD2;PSME1;PSMD7;PSMA1;PSMB10;PSMC3;RBX1;DERL2;PSMC6;PSMB5;PSMA4;CUL3;PSMD4;PSMA6;PSMB7;SPOP;PSMC5;ULK3;PSMB2;SYVN1;PSMA2;OFD1;UBC;GAS8;INTU;IFT57;PSMD12;PRKCA;FUZ;PSMD6;MKS1;WDR35;IFT88;PSMD11;PSME3;PSMF1;PSMD10;PSMD3;SPOPL;SMURF1;IFT52;IFT122;KIF3A;IFT140;GAS1,CNT
prerank,Reactome_2022__Inhibition Of DNA Recombination At Telomere R-HSA-9670095,0.828596041841531,1.1952533030977275,0.10666666666666667,0.3543259465373915,1.0,13/20,11.17%,POLR2I;POLR2J;POLR2K;POLR2F;POLR2H;POLR2L;POLR2E;POLR2A;TERF2IP;POLR2C;TINF2;POLR2G;POLR2B,CNT
prerank,Reactome_2022__MAP2K And MAPK Activation R-HSA-5674135,0.8030279116364673,1.195249482472298,0.07531380753138076,0.3532079308856719,1.0,17/37,15.86%,PEBP1;LAMTOR2;TLN1;HRAS;LAMTOR3;RAP1B;ARAF;MAP2K2;VCL;IQGAP1;MAP2K1;RAP1A;NRAS;BRAF;MAPK3;SRC;CSK,CNT
prerank,Reactome_2022__ABC-family Proteins Mediated Transport R-HSA-382556,0.7819846606619061,1.1949880679754536,0.017154389505549948,0.35370511913033376,1.0,54/102,11.41%,UBB;RPS27A;PSMB6;PSMA7;PSME2;PSMB1;PSMB3;PSMD8;UBA52;PSMD13;OS9;PSMB8;PSMD9;PSMA5;PSMC4;SEM1;VCP;PSMA3;PSMD2;PSME1;PSMD7;PSMA1;PSMB10;EIF2S3;PSMC3;DERL2;PSMC6;PSMB5;PSMA4;PSMD4;PEX19;PSMA6;ERLIN2;ABCA2;PSMB7;PSMC5;PSMB2;PSMA2;ABCB8;ABCF1;PEX3;UBC;RNF185;PSMD12;PSMD6;ABCC6;RNF5;PSMD11;EIF2S1;EIF2S2;PSME3;PSMF1;PSMD10;PSMD3,CNT
prerank,Reactome_2022__G Beta:Gamma Signaling Thru PLC Beta R-HSA-418217,0.8245874649693707,1.1949643660843194,0.11450381679389313,0.3527171257439321,1.0,6/20,5.67%,GNG5;GNB2;GNB1;GNG10;GNB5;GNG11,CNT
prerank,Reactome_2022__E3 Ubiquitin Ligases Ubiquitinate Target Proteins R-HSA-8866654,0.7919314334599828,1.194699656640728,0.06694560669456066,0.3531053172281875,1.0,29/44,12.40%,UBB;RPS27A;RNF181;HLA-B;UBA52;UBE2D2;VCP;UBE2D3;SHPRH;RNF40;TMEM129;SELENOS;UBE2A;PCNA;UBE2E1;UBE2J2;WAC;UBC;PEX2;UBE2D1;PEX10;UBE2B;RRAGA;UBE2V2;PEX14;PEX13;PAF1;RNF144A;PEX5,CNT
prerank,Reactome_2022__Activated Point Mutants Of FGFR2 R-HSA-2033519,-0.6491053527120043,-1.193952027179905,0.21818181818181817,0.9231965299787742,1.0,1/17,0.13%,FGF13,CNT
prerank,Reactome_2022__Interleukin-1 Family Signaling R-HSA-446652,0.7723073887508245,1.1932354804747993,0.00501002004008016,0.3613591248971941,1.0,62/152,11.41%,UBB;RPS27A;PSMB6;PSMA7;SQSTM1;PSME2;PSMB1;SKP1;PSMB3;PSMD8;UBA52;PSMD13;PSMB8;PSMD9;PSMA5;PSMC4;SEM1;NFKBIA;PSMA3;PSMD2;PSME1;PSMD7;PSMA1;PSMB10;SIGIRR;PSMC3;TOLLIP;RBX1;PSMC6;PSMB5;PSMA4;GSDMD;PSMD4;PSMA6;PSMB7;N4BP1;PSMC5;RELA;PSMB2;PSMA2;UBC;IL18;PTPN11;PSMD12;PSMD6;TRAF6;TANK;NKIRAS2;TNIP2;IRAK4;MAP2K1;PSMD11;USP14;NFKBIB;STAT3;PSME3;PSMF1;PSMD10;IKBIP;PTPN23;PTPN20;PSMD3,CNT
prerank,Reactome_2022__Neurotransmitter Clearance R-HSA-112311,0.8652493129458327,1.1927956186552549,0.13953488372093023,0.3630328992400354,1.0,3/10,5.49%,COMT;ALDH2;MAOA,CNT
prerank,Reactome_2022__Deubiquitination R-HSA-5688426,0.7663379297927355,1.1927916919674837,0.001002004008016032,0.36190205241502665,1.0,126/253,15.31%,UBB;RPS27A;VDAC2;PSMB6;PSMA7;PSME2;PSMB1;TOMM20;PSMB3;PSMD8;UBA52;PSMD13;TAF10;PSMB8;PSMD9;UFD1;PSMA5;PSMC4;UCHL1;SEM1;NFKBIA;FKBP8;SMAD2;VCP;PSMA3;RHOA;PSMD2;MAT2B;PSME1;PSMD7;PSMA1;PSMB10;PSMC3;PSMC6;MCRS1;PSMB5;PSMA4;NEDD8;PSMD4;PSMA6;PSMB7;GATA3;USP9X;ASXL1;PSMC5;USP11;OTUB1;PSMB2;UIMC1;PSMA2;HCFC1;RIPK1;BECN1;ADRM1;UBC;UBE2D1;USP12;MAVS;RUVBL1;JOSD2;PSMD12;HIF1A;INO80;TRIM25;PSMD6;RAD23A;JOSD1;YY1;TRAF6;TANK;UCHL3;TNIP1;BIRC2;SMAD7;TNIP2;TADA2B;SNX3;TFPT;STAM2;TADA3;USP15;TRRAP;PSMD11;POLG2;RCE1;USP14;USP42;TRIM4;RNF123;VDAC1;SUDS3;IDE;MBD6;PSME3;EP300;PSMF1;BABAM1;PSMD10;INO80E;PSMD3;SIAH2;USP20;TP53;KAT2B;UCHL5;STAMBP;OTUD3;ATXN3;IFIH1;ACTL6A;ABRAXAS1;USP8;HGS;TGFBR2;PTRH2;RIPK2;KEAP1;USP5;USP25;RNF135;YOD1;USP28;PSMC1;RNF128;OTUD7A;SENP8,CNT
prerank,Reactome_2022__Fanconi Anemia Pathway R-HSA-6783310,0.7944682499105339,1.1927634008593844,0.08956796628029505,0.36092617233503416,1.0,9/36,7.61%,UBB;RPS27A;CENPX;UBA52;RPA3;FAAP20;FAN1;UBC;ERCC1,CNT
prerank,Reactome_2022__Transcriptional Regulation By RUNX3 R-HSA-8878159,0.7720351060708407,1.1926857673482476,0.026262626262626262,0.3602318655673864,1.0,52/94,12.43%,UBB;RPS27A;PSMB6;PSMA7;PSME2;PSMB1;PSMB3;PSMD8;UBA52;PSMD13;PSMB8;PSMD9;PSMA5;PSMC4;SEM1;PSMA3;RUNX1;PSMD2;PSME1;PSMD7;PSMA1;PSMB10;PSMC3;PSMC6;PSMB5;PSMA4;PSMD4;PSMA6;PSMB7;PSMC5;PSMB2;BRD2;JAG1;PSMA2;UBC;PSMD12;PSMD6;RBPJ;PSMD11;PSME3;SNW1;EP300;PSMF1;PSMD10;PSMD3;CBFB;NOTCH1;SMURF1;TEAD1;CCN2;TP53;KAT2B,CNT
prerank,Reactome_2022__Nef-mediated Downmodulation Of Cell Surface Receptors By Recruitment To Clathrin Adapters R-HSA-164938,0.827531731055489,1.1925789333478012,0.10197368421052631,0.35979730738018934,1.0,7/20,5.00%,B2M;AP1S1;AP2A2;AP2M1;AP1M2;AP2S1;AP1B1,CNT
prerank,Reactome_2022__G Beta:Gamma Signaling Thru PI3Kgamma R-HSA-392451,0.8117427174251611,1.1923723322657498,0.10980810234541578,0.3600591360924141,1.0,11/25,14.37%,GNG5;RHOA;GNB2;GNB1;GNG10;GNB5;GNG11;AKT1;GNG7;GNG12;AKT3,CNT
prerank,Reactome_2022__HIV Life Cycle R-HSA-162587,0.770645959566741,1.192354663068769,0.005030181086519115,0.3590537487743359,1.0,76/147,12.80%,UBB;RPS27A;ELOC;POLR2I;POLR2J;POLR2K;PPIA;RANBP1;RAN;UBA52;TAF10;CHMP2A;GTF2A2;ELOB;XRCC6;TCEA1;CHMP5;VPS28;BANF1;GTF2H5;POLR2F;POLR2H;POLR2L;NELFE;NELFCD;POLR2E;TAF15;CHMP4B;RNMT;POLR2A;TAF9;VPS4A;MVB12A;UBC;SEC13;CHMP2B;MNAT1;GTF2F2;NUP88;RANBP2;VPS4B;VPS37B;GTF2B;PSIP1;GTF2H3;TAF6;TAF1;CCNH;POLR2C;SSRP1;SUPT4H1;TAF12;NUP214;VPS37C;SEH1L;NUP37;POM121C;HMGA1;NUP153;FURIN;NUP93;CDK9;POLR2G;NELFB;GTF2A1;NMT2;SUPT16H;POLR2B;NUP54;CHMP6;NUP42;GTF2F1;GTF2H2;VPS37D;NUP43;CCNT1,CNT
prerank,Reactome_2022__Metalloprotease DUBs R-HSA-5689901,0.8246872567787692,1.1922876856478828,0.10834236186348863,0.3583455605258699,1.0,10/20,13.38%,UBB;RPS27A;UBA52;UIMC1;UBC;EP300;BABAM1;KAT2B;STAMBP;ABRAXAS1,CNT
prerank,Reactome_2022__ER To Golgi Anterograde Transport R-HSA-199977,0.7710889224128057,1.1921336850562922,0.015120967741935484,0.3581303629216327,1.0,75/133,13.80%,TRAPPC1;TRAPPC5;ARF5;COPE;DCTN3;COPZ1;TMED9;RAB1B;TRAPPC6A;DCTN1;KDELR1;ACTR10;CD59;TRAPPC2L;CAPZB;CAPZA2;DCTN2;KDELR2;CNIH1;DYNLL2;GOSR1;PTGES2;ARF4;COG3;SPTBN2;PREB;CD55;TRAPPC4;DCTN6;CTSC;STX5;MCFD2;TBC1D20;ARFGAP2;NAPG;ANK3;TRAPPC6B;SEC13;TRAPPC2;BET1;SPTAN1;COPB1;COPB2;PPP6R1;YKT6;TMED3;TRAPPC3;CSNK1D;SEC22B;SCFD1;SEC31A;STX17;CTSZ;ARF3;TMEM115;TGFA;COG4;LMAN2;SEC24B;PPP6C;COPA;DYNC1LI1;ACTR1A;COPG1;CAPZA1;SEC23IP;COPG2;DYNC1LI2;TRAPPC9;COG1;BET1L;PPP6R3;ARFGAP1;TFG;TRAPPC10,CNT
prerank,Reactome_2022__Formation Of Incision Complex In GG-NER R-HSA-5696395,0.7974823096426624,1.1919358461550644,0.06825232678386763,0.3581898783319148,1.0,20/42,9.62%,UBB;RPS27A;SUMO1;SUMO2;UBA52;UBE2I;GTF2H5;RPA3;RBX1;CETN2;DDB1;PARP1;UBC;MNAT1;GTF2H3;CCNH;ERCC1;RAD23A;XPA;UBE2V2,CNT
prerank,Reactome_2022__Phototransduction Cascade R-HSA-2514856,0.8107510522318417,1.191474719027792,0.08663101604278074,0.35972127605358223,1.0,10/31,10.78%,RNF7;METAP1;CALM1;GNB1;GNB5;FNTA;PRKCA;METAP2;CAMKMT;NMT2,CNT
prerank,Reactome_2022__Listeria Monocytogenes Entry Into Host Cells R-HSA-8876384,0.8260924056461566,1.190898199691679,0.10867178924259056,0.3620738437381948,1.0,13/19,15.60%,UBB;RPS27A;UBA52;RNMT;GRB2;UBC;STAM2;CBLL1;CBL;CTNNB1;HGS;SH3GL2;SRC,CNT
prerank,MSigDB_Hallmark_2020__Fatty Acid Metabolism,0.7684137104685173,1.1908081828680748,0.01104417670682731,0.08642701004794356,0.603,77/157,11.40%,MIF;XIST;S100A10;ERP29;ECHS1;ECH1;PCBD1;BMPR1B;PRDX6;HIBCH;ALDH1A1;SDHD;IDH3G;GLUL;ACAA2;ECI1;ACO2;DECR1;APEX1;G0S2;ALDOA;GRHPR;PDHA1;MDH2;METAP1;PTS;PSME1;HSP90AA1;SUCLA2;ECI2;HSPH1;ACADS;ALDH9A1;CBR1;YWHAH;CPT1A;MCEE;ALDH3A2;HSD17B10;HMGCS2;ACAA1;ACSM3;RDH11;ACOT2;HMGCL;MAOA;TP53INP2;D2HGDH;MLYCD;FH;OSTC;UGDH;DLST;ADSL;PDHB;SDHA;CEL;BPHL;ACADVL;EPHX1;SUCLG1;SDHC;CPT2;GABARAPL1;ACOX1;GSTZ1;BLVRA;ADH1C;HPGD;ALAD;SERINC1;CA4;IDH3B;ACOT8;LGALS1;LDHA;UBE2L6,CNT
prerank,Reactome_2022__Infection With Mycobacterium Tuberculosis R-HSA-9635486,0.8067346706665587,1.1904151901292865,0.1003167898627244,0.3638172844565275,1.0,9/26,9.76%,UBB;RPS27A;B2M;UBA52;ENO1;RNF213;UBC;GSK3A;DUSP16,CNT
prerank,Reactome_2022__RNA Polymerase III Abortive And Retractive Initiation R-HSA-749476,0.7954744514250965,1.1900963248064398,0.07360672975814932,0.3646375567035626,1.0,23/39,13.72%,GTF3C6;POLR2K;SSB;POLR2F;POLR1D;POLR2H;POLR2L;POLR2E;POLR3GL;POLR3K;SNAPC5;GTF3C1;SNAPC1;POLR3C;POLR3H;BRF2;SNAPC2;GTF3A;GTF3C2;ZNF143;SNAPC3;POLR3A;POU2F1,CNT
prerank,Reactome_2022__Late Phase Of HIV Life Cycle R-HSA-162599,0.7705384063709808,1.1900367577554036,0.007049345417925478,0.3639274467060477,1.0,73/134,13.13%,UBB;RPS27A;ELOC;POLR2I;POLR2J;POLR2K;PPIA;RANBP1;RAN;UBA52;TAF10;CHMP2A;GTF2A2;ELOB;TCEA1;CHMP5;VPS28;GTF2H5;POLR2F;POLR2H;POLR2L;NELFE;NELFCD;POLR2E;TAF15;CHMP4B;RNMT;POLR2A;TAF9;VPS4A;MVB12A;UBC;SEC13;CHMP2B;MNAT1;GTF2F2;NUP88;RANBP2;VPS4B;VPS37B;GTF2B;GTF2H3;TAF6;TAF1;CCNH;POLR2C;SSRP1;SUPT4H1;TAF12;NUP214;VPS37C;SEH1L;NUP37;POM121C;NUP153;FURIN;NUP93;CDK9;POLR2G;NELFB;GTF2A1;NMT2;SUPT16H;POLR2B;NUP54;CHMP6;NUP42;GTF2F1;GTF2H2;VPS37D;NUP43;CCNT1;GTF2E2,CNT
prerank,Reactome_2022__Deposition Of New CENPA-containing Nucleosomes At Centromere R-HSA-606279,0.8153353909582405,1.1897229523455635,0.10452586206896551,0.3647238577846267,1.0,7/26,9.14%,NPM1;CENPX;ITGB3BP;RBBP7;RUVBL1;SMARCA5;CENPT,CNT
prerank,Reactome_2022__Regulation Of Complement Cascade R-HSA-977606,0.7941808465155304,1.189164292369675,0.06378600823045268,0.3670160859331878,1.0,7/44,8.36%,PSMA7;CD81;CD59;SERPING1;CD55;CPNE1;CFI,CNT
prerank,Reactome_2022__Urea Cycle R-HSA-70635,0.8598582458421191,1.188669923982486,0.1639751552795031,0.36892341738767187,1.0,3/10,5.31%,ASL;ARG2;NMRAL1,CNT
prerank,Reactome_2022__Signaling By High-Kinase Activity BRAF Mutants R-HSA-6802948,0.8012053805313718,1.1877248110176966,0.10770855332629356,0.3733958295469326,1.0,15/33,15.86%,PEBP1;TLN1;HRAS;RAP1B;ARAF;MAP2K2;VCL;IQGAP1;MAP2K1;RAP1A;NRAS;BRAF;MAPK3;SRC;CSK,CNT
prerank,Reactome_2022__COPI-mediated Anterograde Transport R-HSA-6807878,0.7734633719137103,1.1870594562616288,0.04158215010141988,0.37629929508548515,1.0,45/80,13.45%,ARF5;COPE;DCTN3;COPZ1;TMED9;RAB1B;DCTN1;KDELR1;ACTR10;CD59;CAPZB;CAPZA2;DCTN2;KDELR2;DYNLL2;GOSR1;PTGES2;ARF4;COG3;SPTBN2;CD55;DCTN6;STX5;ARFGAP2;NAPG;ANK3;BET1;SPTAN1;COPB1;COPB2;YKT6;TMED3;ARF3;TMEM115;COG4;COPA;DYNC1LI1;ACTR1A;COPG1;CAPZA1;COPG2;DYNC1LI2;COG1;BET1L;ARFGAP1,CNT
prerank,Reactome_2022__NGF-stimulated Transcription R-HSA-9031628,0.7918898951151644,1.1869707182359042,0.09355509355509356,0.37577044538792087,1.0,15/39,10.74%,FOS;JUND;ID4;FOSB;EGR1;ID1;CHD4;RRAD;ID3;REST;CDK5;CREB1;ID2;EP300;MEF2D,CNT
prerank,Reactome_2022__Cytoprotection By HMOX1 R-HSA-9707564,0.7771315626959068,1.1868026316899463,0.07865168539325842,0.37572637925175517,1.0,31/57,13.17%,COX6A1;TXNIP;COX4I1;COX5B;SURF1;COX7A2L;COX7B;COX5A;TBL1X;COX7C;LRPPRC;COX6C;BLVRB;TBL1XR1;COX6B1;TACO1;COX14;COX19;HDAC3;COX16;RXRA;BLVRA;MBD4;HMOX2;NCOR2;COX8A;STAT3;SMARCD3;HM13;CYCS;COX18,CNT
prerank,Reactome_2022__Gap Junction Trafficking R-HSA-190828,0.8084895845530138,1.1856381165831376,0.1235356762513312,0.3818552686404027,1.0,3/25,1.81%,CLTA;CLTB;AP2M1,CNT
prerank,Reactome_2022__ADP Signaling Thru P2Y Purinoceptor 1 R-HSA-418592,0.8080841899893905,1.184922333899479,0.12944983818770225,0.38529195983805753,1.0,10/25,13.35%,GNG5;GNB2;GNB1;GNG10;GNAQ;GNB5;GNG11;MAPK14;GNG7;GNG12,CNT
prerank,Reactome_2022__ER Quality Control Compartment (ERQC) R-HSA-901032,0.8238820975336503,1.1848157828850119,0.10822510822510822,0.3848176903923606,1.0,11/20,9.13%,UBB;RPS27A;UBA52;OS9;DERL2;SYVN1;UBC;RNF185;AMFR;RNF5;TRIM13,CNT
prerank,Reactome_2022__Biosynthesis Of Specialized Proresolving Mediators (SPMs) R-HSA-9018678,0.8145216172951758,1.1841753325061755,0.14601769911504425,0.38777624156720963,1.0,6/18,13.98%,GPX4;PTGR1;GSTM4;HPGD;LTA4H;LTC4S,CNT
prerank,Reactome_2022__Negative Regulation Of MAPK Pathway R-HSA-5675221,0.7944545447924299,1.1835110579039305,0.0811088295687885,0.39092021003452715,1.0,22/41,14.78%,UBB;RPS27A;PEBP1;UBA52;PPP2R5C;HRAS;PPP5C;ARAF;PPP2R5E;UBC;MAP2K2;PPP2R1A;PPP2R5A;MAP2K1;DUSP16;PPP2CA;DUSP6;DUSP12;DUSP9;NRAS;BRAF;MAPK3,CNT
prerank,Reactome_2022__Interleukin-7 Signaling R-HSA-1266695,0.8043881840733776,1.1832391659522146,0.13736263736263737,0.3914005292490276,1.0,12/23,15.64%,CISH;BRWD1;PIK3R3;JAK1;SOCS2;SOCS1;STAT3;SOS1;PIK3R2;IRS1;STAT5A;PIK3R1,CNT
prerank,Reactome_2022__InlB-mediated Entry Of Listeria Monocytogenes Into Host Cell R-HSA-8875360,0.8324071466088693,1.1829867741671918,0.15107102593010147,0.39180682428766006,1.0,7/15,9.10%,UBB;RPS27A;UBA52;RNMT;GRB2;UBC;STAM2,CNT
prerank,Reactome_2022__Protein Methylation R-HSA-8876725,0.8298143213768997,1.1828879421648666,0.13574660633484162,0.39136477249924373,1.0,7/17,7.25%,EEF2;EEF1A1;ETFB;RPS2;VCP;CALM1;METTL21A,CNT
prerank,Reactome_2022__N-glycan Trimming In ER And Calnexin/Calreticulin Cycle R-HSA-532668,0.8024758537634269,1.1827789165589513,0.08359456635318704,0.3909960882106606,1.0,17/34,9.13%,UBB;RPS27A;MLEC;UBA52;OS9;VCP;PDIA3;DERL2;NGLY1;SYVN1;UBC;GANAB;RNF185;UBXN1;AMFR;RNF5;TRIM13,CNT
prerank,Reactome_2022__Integrin Signaling R-HSA-354192,0.8004213463640293,1.1824453086292497,0.12352309344790548,0.3920998878298661,1.0,16/27,16.60%,TLN1;SYK;BCAR1;RAPGEF3;GRB2;RAP1B;PTPN1;PTK2;RAP1A;CRK;SOS1;AKT1;SHC1;SRC;CSK;RASGRP1,CNT
prerank,Reactome_2022__Budding And Maturation Of HIV Virion R-HSA-162588,0.8046661024571384,1.1818043142738306,0.12593383137673425,0.3951969757375865,1.0,14/27,6.69%,UBB;RPS27A;PPIA;UBA52;CHMP2A;CHMP5;VPS28;CHMP4B;VPS4A;MVB12A;UBC;CHMP2B;VPS4B;VPS37B,CNT
prerank,Reactome_2022__Golgi-to-ER Retrograde Transport R-HSA-8856688,0.7598173900131429,1.181649681946273,0.03229061553985873,0.39510690441578333,1.0,54/112,15.52%,ARF5;COPE;DCTN3;COPZ1;KIF22;TMED9;RAB1B;DCTN1;KDELR1;ACTR10;CAPZB;CAPZA2;KLC4;DCTN2;KDELR2;PAFAH1B3;DYNLL2;PTGES2;ARF4;DCTN6;ARFGAP2;NAPG;STX18;AGPAT3;RAB3GAP1;COPB1;COPB2;TMED3;SEC22B;PAFAH1B1;BNIP1;RAB18;KIF1C;ARF3;KIF12;PAFAH1B2;COPA;DYNC1LI1;ACTR1A;COPG1;BICD2;CAPZA1;KIF16B;KIF27;COPG2;DYNC1LI2;KIF3A;ARFGAP1;KIF5B;GALNT2;RACGAP1;COPZ2;KIF9;DYNLL1,CNT
prerank,Reactome_2022__MicroRNA (miRNA) Biogenesis R-HSA-203927,0.8029728835168632,1.1815848410350904,0.14086021505376345,0.3943905919366739,1.0,17/24,15.16%,POLR2I;POLR2J;POLR2K;RAN;POLR2F;POLR2H;POLR2L;POLR2E;AGO2;POLR2A;POLR2C;POLR2G;POLR2B;AGO3;POLR2D;DGCR8;BCDIN3D,CNT
prerank,"Reactome_2022__POU5F1 (OCT4), SOX2, NANOG Activate Genes Related To Proliferation R-HSA-2892247",-0.6711108210478726,-1.1814499483430196,0.2824427480916031,0.9233909748624768,1.0,1/12,0.13%,FGF13,CNT
prerank,Reactome_2022__Signaling By Activated Point Mutants Of FGFR1 R-HSA-1839122,-0.7072751616242968,-1.1810226268382615,0.2625,0.886819711691116,1.0,1/11,0.13%,FGF13,CNT
prerank,Reactome_2022__Translesion Synthesis By POLK R-HSA-5655862,0.820922663817452,1.1809236599925033,0.1566265060240964,0.3973874467032632,1.0,7/17,6.03%,UBB;RPS27A;UBA52;RPA3;PCNA;MAD2L2;UBC,CNT
prerank,MSigDB_Hallmark_2020__Myc Targets V2,0.7756651210321741,1.1807992955399673,0.06435137895812053,0.10574526840439147,0.688,30/58,16.67%,NPM1;PHB;PA2G4;HSPE1;CBX3;SRM;CDK4;DCTPP1;NOLC1;MRTO4;DDX18;RCL1;AIMP2;SUPV3L1;NDUFAF4;PPAN;MCM4;TBRG4;FARSA;TFB2M;HSPD1;NOP16;UNG;IMP4;NOP56;EXOSC5;WDR43;RABEPK;PRMT3;SORD,CNT
prerank,Reactome_2022__RNA Polymerase III Transcription Initiation From Type 1 Promoter R-HSA-76061,0.8022315587219037,1.1806900523595891,0.11700975081256772,0.3978106740999144,1.0,15/27,13.39%,GTF3C6;POLR2K;POLR2F;POLR1D;POLR2H;POLR2L;POLR2E;POLR3GL;POLR3K;GTF3C1;POLR3C;POLR3H;GTF3A;GTF3C2;POLR3A,CNT
prerank,Reactome_2022__Metabolism Of Steroid Hormones R-HSA-196071,0.7917890287799105,1.1806340203274628,0.10399159663865547,0.3970523102701544,1.0,13/35,16.73%,TSPO;FDX1;HSD17B12;FDX2;TSPOAP1;AKR1B1;HSD17B1;HSD17B14;POMC;STARD3NL;SRD5A3;SRD5A1;HSD17B11,CNT
prerank,Reactome_2022__Suppression Of Phagosomal Maturation R-HSA-9637687,0.8437817630342908,1.1801492472493036,0.12914691943127962,0.3991369070486642,1.0,4/13,6.03%,UBB;RPS27A;UBA52;UBC,CNT
prerank,Reactome_2022__Pregnenolone Biosynthesis R-HSA-196108,0.8416799946500824,1.1801329377457737,0.16209773539928488,0.39812045793282963,1.0,6/12,13.00%,TSPO;FDX1;FDX2;TSPOAP1;AKR1B1;STARD3NL,CNT
prerank,Reactome_2022__Arachidonic Acid Metabolism R-HSA-2142753,0.7736529582591585,1.1796974731715373,0.0750256937307297,0.399766084750229,1.0,17/58,17.85%,GPX4;PTGES3;PTGR1;MAPKAPK2;CBR1;PTGES2;FAAH2;PTGR2;HPGD;FA2H;TBXAS1;LTA4H;LTC4S;PTGES;PON2;AKR1C3;GPX2,CNT
prerank,Reactome_2022__M Phase R-HSA-68886,0.756498614616913,1.179376423288157,0.002,0.40085377416093215,1.0,172/345,16.81%,ANAPC11;UBB;RPS27A;MZT2B;SUMO1;PSMB6;PSMA7;PSME2;PSMB1;RAN;PSMB3;TUBB4B;PSMD8;DCTN3;UBA52;ANAPC16;UBE2I;PSMD13;CDC26;CHMP2A;PSMB8;ITGB3BP;MZT2A;RPS27;TUBA4A;RAB1B;PSMD9;PSMA5;PSMC4;DCTN1;SSNA1;SEM1;ANAPC5;PSMA3;BANF1;PSMD2;PSME1;PSMD7;HSP90AA1;PSMA1;PSMB10;PPP2R5C;ENSA;PSMC3;DCTN2;PSMC6;PSMB5;PSMA4;DYNLL2;PSMD4;CHMP4B;PSMA6;PSMB7;CETN2;RAD21;MZT1;PSMC5;UBE2E1;TUBA1A;TMPO;UBE2S;PSMB2;VPS4A;SKA2;PSMA2;CSNK2B;OFD1;PPP2R5E;CSNK2A2;CTDNEP1;UBC;SIRT2;SEC13;PPP2R1A;CDC27;CHMP2B;UBE2D1;LPIN2;LMNA;AKAP9;NUP88;RANBP2;NUDC;CEP290;HAUS4;ANAPC15;CSNK1E;PSMD12;NUMA1;TUBA1C;PRKCA;HAUS3;PSMD6;TAOK1;CSNK1D;NUP214;SEH1L;NUP37;ANAPC4;PAFAH1B1;CEP63;POM121C;CENPT;TUBGCP4;TUBGCP6;RCC2;PPP2R5A;NUP153;AHCTF1;NUP93;PSMD11;CEP57;NDEL1;LPIN1;PPP2CA;PSME3;BUB3;PSMF1;ARPP19;SMC4;ANKLE2;PSMD10;NIPBL;RAB2A;NUP54;PSMD3;CNTRL;DYNC1LI1;ACTR1A;CHMP6;MAD1L1;NUP42;TUBA1B;DYNC1LI2;NUP43;B9D2;ANAPC2;PPP2R2A;HAUS2;PCM1;CLASP2;STAG2;HAUS1;YWHAG;NUP85;LEMD3;NUP155;RB1;TUBGCP3;MAPK3;RAB33B;ZWINT;PSMC1;NEK7;SMC3;DYNLL1;CEP192;TUBGCP2;NUP58;NUP160;TUBG2;HAUS6;TUBB2B;TUBG1;TPR;LEMD2;PPP2R5B;PHF8;SET;NUP205;RANGAP1;CEP250,CNT
prerank,Reactome_2022__Metabolism Of Cofactors R-HSA-8978934,0.817013486104865,1.1791871158557787,0.13716814159292035,0.4008981762942123,1.0,11/19,12.03%,COQ9;PTS;HSP90AA1;CALM1;GCHFR;COQ6;COQ5;COQ2;COQ7;AKT1;COQ3,CNT
prerank,Reactome_2022__tRNA Processing In Nucleus R-HSA-6784531,0.7734793565443673,1.1791024625186555,0.0736949846468782,0.4002462182470818,1.0,40/57,18.41%,RTRAF;POP5;RAN;RTCB;RPP21;RPP38;TSEN34;ZBTB8OS;SEC13;RPP14;NUP88;RANBP2;ELAC2;POP7;NUP214;SEH1L;NUP37;POM121C;NUP153;NUP93;FAM98B;TSEN15;RPP30;NUP54;NUP42;CPSF4;TSEN54;NUP43;XPOT;NUP85;NUP155;TRNT1;NUP58;NUP160;TPR;NUP205;RPP40;NUP35;NUP188;NUP62,CNT
prerank,Reactome_2022__MAP3K8 (TPL2)-dependent MAPK1/3 Activation R-HSA-5684264,0.8177536092408135,1.178915511204828,0.16943521594684385,0.40031191053826204,1.0,7/16,9.59%,UBB;RPS27A;SKP1;UBA52;UBC;TNIP2;MAP2K1,CNT
prerank,Reactome_2022__Viral Messenger RNA Synthesis R-HSA-168325,0.7824229344317136,1.178838014721629,0.08921161825726141,0.3997104526856068,1.0,35/47,18.41%,POLR2I;POLR2J;POLR2K;POLR2F;POLR2H;POLR2L;POLR2E;POLR2A;SEC13;GTF2F2;NUP88;RANBP2;POLR2C;NUP214;SEH1L;NUP37;POM121C;NUP153;NUP93;POLR2G;POLR2B;NUP54;NUP42;GTF2F1;NUP43;POLR2D;NUP85;NUP155;NUP58;NUP160;TPR;NUP205;NUP35;NUP188;NUP62,CNT
prerank,Reactome_2022__Response Of EIF2AK1 (HRI) To Heme Deficiency R-HSA-9648895,0.8297538772751792,1.1784146167797767,0.15446224256292906,0.4013860418696592,1.0,8/15,11.07%,DDIT3;EIF2AK1;EIF2S3;ATF3;ATF4;EIF2S1;EIF2S2;PPP1R15A,CNT
prerank,Reactome_2022__Receptor Mediated Mitophagy R-HSA-8934903,0.8532729142770983,1.1782834073358643,0.16136919315403422,0.4010687131422305,1.0,5/10,5.87%,MAP1LC3A;FUNDC1;MAP1LC3B;CSNK2B;CSNK2A2,CNT
prerank,Reactome_2022__mRNA Splicing - Major Pathway R-HSA-72163,0.7556082897128357,1.178149817246366,0.004004004004004004,0.4007755617793674,1.0,116/180,12.85%,LSM4;SNRPE;SNRPD2;SNRPB2;POLR2I;RBM8A;SRSF9;POLR2J;LSM7;SNRPF;POLR2K;SNRPN;LSM3;BUD31;LSM2;MAGOH;SYF2;SRSF7;LSM8;SNRPD3;PPIH;SNU13;LSM6;PUF60;DDX46;SNRPG;SF3B6;POLR2F;POLR2H;LSM5;SNRNP40;POLR2L;PPIE;PRPF31;YBX1;TXNL4A;POLR2E;SNRPB;HNRNPA1;CD2BP2;SNRPA;PRPF8;BCAS2;RBM42;POLR2A;HNRNPF;PRPF6;SF1;RNPS1;DDX5;HNRNPR;PQBP1;SNRPA1;HNRNPA0;SRRM1;PLRG1;SNRPC;SNRNP70;PPIL4;SRSF2;WBP4;DHX15;GTF2F2;SF3A3;SRRM2;SF3B5;WBP11;U2SURP;RBM5;TRA2B;SRSF4;CASC3;NUDT21;POLR2C;PRPF38A;SF3A1;SMNDC1;CDC40;PCF11;WDR33;PTBP1;CTNNBL1;PPWD1;CSTF3;PRPF19;U2AF1L4;EIF4A3;HNRNPL;U2AF2;SUGP1;ALYREF;POLR2G;SNRNP200;CWC15;DNAJC8;HNRNPH2;CPSF7;SF3B4;SRRT;SNW1;HNRNPK;SF3B1;CWC22;MAGOHB;POLR2B;AQR;DHX9;SRSF1;CHERP;SRSF10;CPSF4;PRPF40A;GTF2F1;PPIL6;HSPA8;RBMX,CNT
prerank,Reactome_2022__Processing Of Capped Intronless Pre-mRNA R-HSA-75067,0.7946848412423715,1.178112841512388,0.11146161934805468,0.3999056677944623,1.0,12/29,10.01%,SNRPE;SNRPF;SLBP;SNRPD3;SNRPG;LSM10;SNRPB;NUDT21;PCF11;WDR33;CSTF3;CPSF7,CNT
prerank,Reactome_2022__Regulation Of Pyruvate Dehydrogenase (PDH) Complex R-HSA-204174,0.817496223531116,1.1777886716707873,0.1849390919158361,0.40083775871890664,1.0,10/16,11.31%,PDHA1;LDHD;PDP2;DLAT;PDHX;PDHB;RXRA;GSTZ1;PDK4;PDK2,CNT
prerank,Reactome_2022__HDACs Deacetylate Histones R-HSA-3214815,0.7910077933172716,1.1775280921919384,0.11134453781512606,0.4014423909882955,1.0,17/32,10.72%,SAP18;TBL1X;TBL1XR1;KDM1A;GATAD2B;GPS2;RBBP7;CHD4;REST;HMG20B;CHD3;HDAC3;SAP30L;ARID4B;NCOR2;SUDS3;MTA1,CNT
prerank,Reactome_2022__Platelet Aggregation (Plug Formation) R-HSA-76009,0.7881445212110858,1.177243350625059,0.11318795430944964,0.40213791559027556,1.0,16/36,16.60%,TLN1;SYK;BCAR1;RAPGEF3;GRB2;RAP1B;PTPN1;PTK2;RAP1A;CRK;SOS1;AKT1;SHC1;SRC;CSK;RASGRP1,CNT
prerank,Reactome_2022__NOTCH4 Activation And Transmission Of Signal To Nucleus R-HSA-9013700,0.8477160571084258,1.176682783124757,0.18149466192170818,0.4047888956725855,1.0,5/11,5.84%,APH1A;PSEN1;JAG1;PSENEN;NCSTN,CNT
prerank,Reactome_2022__Protein Ubiquitination R-HSA-8852135,0.7671407734590618,1.176478459229698,0.07700205338809035,0.4050305365869633,1.0,37/64,12.40%,UBB;RPS27A;RNF181;HLA-B;UBA52;UBE2D2;VCP;UBE2D3;SHPRH;RNF40;TMEM129;SELENOS;CDC34;USP9X;UBE2A;PCNA;UBE2E1;UBE2S;UBE2W;UBE2J2;WAC;UBC;PEX2;UBE2D1;PEX10;UBE2K;UCHL3;UBE2B;RRAGA;UBE2V2;UBE2Q2;PEX14;PEX13;UBE2R2;PAF1;RNF144A;PEX5,CNT
prerank,Reactome_2022__Cell Cycle Checkpoints R-HSA-69620,0.7554059833432684,1.1760298942699108,0.002,0.40686765956421933,1.0,102/251,14.15%,ANAPC11;UBB;RPS27A;PSMB6;PSMA7;PSME2;PSMB1;PSMB3;PSMD8;UBA52;ANAPC16;PSMD13;CDC26;PSMB8;ITGB3BP;RPS27;PSMD9;PSMA5;PSMC4;SEM1;ANAPC5;PSMA3;PSMD2;PSME1;PSMD7;PSMA1;PSMB10;RPA3;PPP2R5C;PSMC3;PSMC6;PSMB5;PSMA4;YWHAH;DYNLL2;PSMD4;PSMA6;CDKN1B;PSMB7;PSMC5;UBE2E1;UBE2S;PSMB2;RRAD;UIMC1;SKA2;PSMA2;KAT5;PPP2R5E;UBC;SEC13;PPP2R1A;CDC27;UBE2D1;RANBP2;NUDC;ANAPC15;MRE11;PSMD12;PSMD6;TAOK1;RNF8;SEH1L;NUP37;ANAPC4;PAFAH1B1;ORC5;CENPT;ORC3;REXO2;RCC2;PPP2R5A;YWHAQ;AHCTF1;UBE2V2;PSMD11;NDEL1;ORC4;PPP2CA;PSME3;BUB3;PSMF1;BABAM1;MCM4;PSMD10;PSMD3;DYNC1LI1;MAD1L1;TP53;DYNC1LI2;NUP43;RFC2;B9D2;ANAPC2;ABRAXAS1;CLASP2;RFC5;WRN;RAD9A;RFC3;YWHAG;NUP85,CNT
prerank,Reactome_2022__Elevation Of Cytosolic Ca2+ Levels R-HSA-139853,-0.6351206475864463,-1.1758524763080724,0.26153846153846155,0.8663512626743718,1.0,2/15,0.53%,ITPR2;ITPR1,CNT
prerank,Reactome_2022__Erythropoietin Activates RAS R-HSA-9027284,0.8340188922574934,1.1757959695780438,0.18931475029036005,0.4072640511809649,1.0,9/13,14.91%,HRAS;GRB2;EPOR;LYN;SOS1;SHC1;NRAS;CRKL;RAPGEF1,CNT
prerank,Reactome_2022__Gastrin-CREB Signaling Pathway Via PKC And MAPK R-HSA-881907,0.8116812642423982,1.175600703876728,0.17607223476297967,0.40739314806079563,1.0,12/17,16.17%,HRAS;GRB2;EGFR;CREB1;PRKCA;RPS6KA2;SOS1;RPS6KA3;NRAS;MAPK7;MAPK3;RPS6KA1,CNT
prerank,Reactome_2022__Cellular Senescence R-HSA-2559583,0.7583940435441794,1.1754452904651915,0.016112789526686808,0.4072980086430752,1.0,55/128,14.78%,ANAPC11;UBB;RPS27A;IGFBP7;TXN2;UBA52;ANAPC16;CDC26;JUN;FOS;ANAPC5;PHC2;MAPKAPK2;CDKN1B;CDK4;UBE2E1;RBBP7;UBE2S;RELA;ID1;TERF2IP;KAT5;CBX6;UBC;CDC27;UBE2D1;MAPKAPK3;ANAPC15;MRE11;TFDP2;TFDP1;EHMT2;ETS1;RING1;TINF2;ANAPC4;HMGA1;MAPK14;MAP3K5;STAT3;RPS6KA2;CABIN1;HIRA;RPS6KA3;ETF1;AGO3;TP53;ETS2;MAPKAPK5;ANAPC2;SUZ12;MAP2K7;MAPK7;RB1;MAPK3,CNT
prerank,Reactome_2022__Activation Of HOX Genes During Differentiation R-HSA-5619507,0.7717948193528624,1.174626600557102,0.06755373592630501,0.4115370394173649,1.0,28/62,11.26%,POLR2I;POLR2J;POLR2K;JUN;HOXD3;POLR2F;POLR2H;POLR2L;POLR2E;CTCF;POLR2A;KDM6A;RBBP7;HOXB2;HDAC3;HOXC4;PAGR1;POLR2C;YY1;RXRA;PCGF2;POLR2G;RBBP5;EP300;HOXD4;KMT2C;POLR2B;RARB,CNT
prerank,Reactome_2022__Regulation Of TP53 Activity Thru Methylation R-HSA-6804760,0.8151746628364984,1.174443944834351,0.14620535714285715,0.41158040025441933,1.0,10/19,12.49%,UBB;RPS27A;UBA52;UBC;EHMT2;JMY;EP300;TP53;TTC5;SETD9,CNT
prerank,Reactome_2022__Signaling By ALK Fusions And Activated Point Mutants R-HSA-9725370,0.776257708484656,1.174067102190706,0.0842754367934224,0.41299183022139807,1.0,33/54,15.64%,EEF1G;RPS6;NPM1;SQSTM1;SKP1;TPM4;TPM3;DCTN1;MSN;RBX1;RRBP1;GRB2;RNF213;RANBP2;VCL;MECP2;MYH9;ATIC;SEC31A;FRS2;PPM1B;STAT3;ZC3HC1;LMO7;TFG;SHC1;IRS1;KIF5B;STAT5A;MAPK3;PLCG1;CUL1;PIK3R1,CNT
prerank,Reactome_2022__MTOR Signaling R-HSA-165159,0.780724773613466,1.1740324339760966,0.11342351716961499,0.4120817524510157,1.0,25/41,14.22%,RPS6;LAMTOR2;RHEB;LAMTOR4;AKT1S1;LAMTOR3;EIF4E;EIF4B;FKBP1A;LAMTOR5;EIF4EBP1;LAMTOR1;PRKAG1;CAB39L;PPM1A;PRKAA2;RRAGA;STK11;AKT1;TSC2;SLC38A9;STRADB;MLST8;TSC1;PRKAB2,CNT
prerank,Reactome_2022__Late Endosomal Microautophagy R-HSA-9615710,0.7932554879988823,1.1739522445359087,0.11017838405036726,0.41152081403039353,1.0,17/30,13.28%,UBB;RPS27A;PARK7;UBA52;CHMP2A;VPS28;CHMP4B;MVB12A;UBC;CHMP2B;VPS37B;VPS37C;IFT88;CHMP6;HSPA8;VPS37D;PLIN3,CNT
prerank,Reactome_2022__Glycogen Metabolism R-HSA-8982491,0.7997091497090701,1.1735643256953925,0.14565217391304347,0.41270385226655415,1.0,11/24,12.56%,UBB;RPS27A;UBA52;PYGB;CALM1;UGP2;UBC;GAA;PGM1;PHKG2;PHKG1,CNT
prerank,Reactome_2022__G-protein Beta:Gamma Signaling R-HSA-397795,0.7894408331021052,1.1734065020818643,0.11578947368421053,0.4126204717738486,1.0,11/32,14.37%,GNG5;RHOA;GNB2;GNB1;GNG10;GNB5;GNG11;AKT1;GNG7;GNG12;AKT3,CNT
prerank,Reactome_2022__Negative Regulation Of MET Activity R-HSA-6807004,0.8096772473450773,1.1732922999030817,0.14940021810250817,0.4123854345489758,1.0,13/21,13.73%,UBB;RPS27A;UBA52;RNMT;GRB2;PTPRJ;UBC;PTPN1;STAM2;SOS1;CBL;USP8;HGS,CNT
prerank,Reactome_2022__SMAD2/SMAD3:SMAD4 Heterotrimer Regulates Transcription R-HSA-2173796,0.7877800911017385,1.1730456669947265,0.11709844559585492,0.4128648777103076,1.0,19/36,14.89%,UBB;RPS27A;UBA52;SMAD2;CCNC;YBX1;UBC;TFDP2;TFDP1;SMAD7;TGIF1;FURIN;CDK9;EP300;TGIF2;CCNT1;E2F4;MAPK3;CCNT2,CNT
prerank,Reactome_2022__Synthesis Of PC R-HSA-1483191,0.7951383803416691,1.1728931139216012,0.15096359743040685,0.4127021015316197,1.0,11/27,10.35%,PEMT;STARD10;SLC44A3;CSNK2B;CSNK2A2;CHKB;LPIN2;SLC44A2;CHPT1;LPIN1;STARD7,CNT
prerank,Reactome_2022__Activation Of IRF3/IRF7 Mediated By TBK1/IKK Epsilon R-HSA-936964,0.8333248644276918,1.1725141931734118,0.172686230248307,0.4139935877574134,1.0,7/16,8.17%,UBB;RPS27A;NDUFA2;UBA52;UBC;PTPN11;TANK,CNT
prerank,Reactome_2022__BBSome-mediated Cargo-Targeting To Cilium R-HSA-5620922,0.7969398641223826,1.1724185860467629,0.1689989235737352,0.4135488221143533,1.0,13/23,13.61%,CCT4;CCT8;CCT3;BBIP1;CCT5;TCP1;BBS1;CCT2;BBS12;BBS7;BBS2;BBS5;LZTFL1,CNT
prerank,"Reactome_2022__Synthesis, Secretion, And Inactivation Of Glucose-dependent Insulinotropic Polypeptide (GIP) R-HSA-400511",0.8256763380466972,1.1723544728951933,0.2037691401648999,0.4129193970363359,1.0,6/13,14.09%,SEC11C;SEC11A;SPCS3;SPCS2;SPCS1;C1QTNF1,CNT
prerank,Reactome_2022__NoRC Negatively Regulates rRNA Expression R-HSA-427413,0.773298660267865,1.1720172995638933,0.14690451206715635,0.41391129167677326,1.0,22/42,12.45%,SAP18;POLR2K;GTF2H5;POLR2F;POLR1D;POLR2H;POLR2L;POLR2E;MNAT1;GTF2H3;CCNH;SAP30BP;UBTF;SMARCA5;TTF1;SAP30L;TAF1B;ARID4B;SUDS3;DNMT1;BAZ2A;GTF2H2,CNT
prerank,Reactome_2022__Diseases Of Carbohydrate Metabolism R-HSA-5663084,0.7866758915394372,1.171269894245752,0.12896405919661733,0.41755457988458217,1.0,14/32,12.19%,UBB;RPS27A;UBA52;TALDO1;SLC37A4;DCXR;UBC;RPIA;SGSH;GAA;GLB1;GNS;GALNS;G6PC3,CNT
prerank,Reactome_2022__Transcriptional Regulation By TP53 R-HSA-3700989,0.7462793348520534,1.1711027876890465,0.001,0.41761213553639587,1.0,194/353,17.99%,UBB;RPS27A;TMEM219;COX6A1;PRDX2;TXN2;ELOC;NPM1;POLR2I;LAMTOR2;POLR2J;PRELID1;PRDX5;COX4I1;RHEB;PRDX1;COX5B;SURF1;POLR2K;UBA52;COX7A2L;TAF10;JUN;FOS;COX7B;ELOB;LAMTOR4;TCEA1;COX5A;COX7C;LRPPRC;GADD45A;COX6C;CNOT7;GTF2H5;POLR2F;POLR2H;POLR2L;NELFE;NELFCD;HIPK2;RPA3;BTG2;PPP2R5C;POLR2E;TAF15;YWHAH;COX6B1;AGO2;TACO1;BRD7;GSR;PRMT1;LAMTOR3;CDKN1B;GATAD2B;BAX;POLR2A;PCNA;COX14;PERP;RBBP7;CCNG1;MEAF6;TAF9;COX19;CHD4;RRAD;ING5;CSNK2B;KAT5;LAMTOR5;CSNK2A2;UBC;PPP2R1A;UBL4A;MNAT1;GTF2F2;CNOT4;LAMTOR1;CHD3;CDK5;DDIT4;GTF2H3;MLH1;TAF6;TAF1;PRKAG1;MRE11;TFDP2;COX16;CCNH;TFDP1;POLR2C;TNFRSF10B;BNIP3L;SSRP1;EHMT2;SUPT4H1;PRKAA2;TAF12;HIPK1;RRM2B;CNOT8;RNF34;REXO2;CNOT2;RRAGA;PMS2;MAPK14;YWHAQ;CDK9;POLR2G;COX8A;JMY;NELFB;NDRG1;TP53RK;PPP2CA;ZNF420;EP300;RABGGTB;PIDD1;STK11;SUPT16H;TXNRD1;POLR2B;AKT1;TSC2;CDK12;AGO3;TP53;TTC5;KAT6A;GTF2F1;GTF2H2;SETD9;CNOT3;MAPKAPK5;CCNT1;RFC2;CYCS;COX18;SLC38A9;MLST8;POLR2D;TRIAP1;RFC5;WRN;RAD9A;E2F4;RFC3;PIP4P1;CDK13;TSC1;YWHAG;FANCC;PRKAB2;AKT3;RICTOR;CASP10;CCNT2;TNFRSF10D;L3MBTL1;NOC2L;TAF3;GTF2H1;TOP3A;RAD51D;PTEN;CARM1;PRKAG2;MOV10;PPP1R13L;RABGGTA;PRR5;HUS1;BCL6;ERCC2;RAD17;PCBP4;RMI2;GTF2H4;DAXX;CASP2;TP53BP2;TP53INP1;AIFM2;IGFBP3;DDB2;GPX2;PRKAA1;TAF9B;ELL,CNT
prerank,Reactome_2022__Biosynthesis Of DHA-derived SPMs R-HSA-9018677,0.8145557993429823,1.1710651794126772,0.16535433070866143,0.41678845462780495,1.0,5/16,13.98%,GPX4;GSTM4;HPGD;LTA4H;LTC4S,CNT
prerank,Reactome_2022__Global Genome Nucleotide Excision Repair (GG-NER) R-HSA-5696399,0.7645821624684853,1.170649327902767,0.05055611729019211,0.41850104100166896,1.0,44/82,13.82%,UBB;RPS27A;SUMO1;SUMO2;UBA52;UBE2I;POLE4;COPS8;GTF2H5;RPA3;RBX1;MCRS1;CETN2;COPS5;PCNA;DDB1;POLE3;POLD2;PARP1;COPS3;COPS2;UBC;MNAT1;RUVBL1;GTF2H3;CCNH;INO80;ERCC1;RAD23A;YY1;GPS1;TFPT;XPA;UBE2V2;COPS4;INO80E;XPC;GTF2H2;COPS6;RFC2;ACTL6A;CUL4B;RFC5;RFC3,CNT
prerank,Reactome_2022__Biological Oxidations R-HSA-211859,0.7471891513526561,1.1703877857648932,0.007,0.4190820842224183,1.0,55/210,13.44%,GSTP1;VDAC2;COMT;TRMT112;ALDH2;ALDH1A1;HSP90AB1;PTGES3;ADH5;AURKAIP1;CNDP2;GSTO1;ESD;ABHD14B;CYP51A1;MGST3;MAT2B;GSTM3;GGCT;NQO2;FDX1;GSTO2;SLC38A1;CMBL;MGST2;MTR;TPMT;SLC35B2;GSTK1;MAOA;UGP2;AKR7A2;CES2;GSTM4;UGDH;CYB5R3;BPHL;RXRA;FDX2;EPHX1;GSTZ1;ADH1C;PAPSS1;AKR1A1;SLC35B3;SULT1A1;GSTA4;ACSS2;N6AMT1;TBXAS1;BPNT1;POMC;ACY1;PODXL2;AHR,CNT
prerank,Reactome_2022__ERBB2 Activates PTK6 Signaling R-HSA-8847993,-0.6523177505374211,-1.1702693125175678,0.25,0.8494507704357199,1.0,2/13,0.39%,ERBB4;EGF,CNT
prerank,Reactome_2022__Mitochondrial Fatty Acid Beta-Oxidation R-HSA-77289,0.7820918890017239,1.1700024968038245,0.1251303441084463,0.42056275947545224,1.0,13/36,5.23%,NDUFAB1;DBI;ECHS1;ACAA2;ECI1;DECR1;HADHA;ACOT13;ACADS;MCEE;THEM4;ACSM3;ACOT2,CNT
prerank,Reactome_2022__Pentose Phosphate Pathway R-HSA-71336,0.8340311306325341,1.169547346426133,0.17185697808535177,0.42240475311331244,1.0,8/14,10.27%,PRPS2;TALDO1;PGLS;TKT;UBL4A;PHGDH;RPIA;DERA,CNT
prerank,Reactome_2022__Downregulation Of SMAD2/3:SMAD4 Transcriptional Activity R-HSA-2173795,0.7993184074504994,1.1695016587705607,0.11965811965811966,0.4216462524771177,1.0,15/31,11.70%,UBB;RPS27A;UBA52;SMAD2;UBE2D3;USP9X;PARP1;UBC;UBE2D1;PPM1A;SMAD7;TGIF1;NCOR2;SNW1;TGIF2,CNT
prerank,Reactome_2022__Vitamin D (Calciferol) Metabolism R-HSA-196791,0.8289285825131113,1.169249990332507,0.1896551724137931,0.422164614477494,1.0,3/12,6.57%,SUMO2;UBE2I;LGMN,CNT
prerank,Reactome_2022__TCF Dependent Signaling In Response To WNT R-HSA-201681,0.754186152688867,1.169190873899442,0.014028056112224449,0.4214438538915908,1.0,68/168,11.77%,UBB;RPS27A;PSMB6;PSMA7;PSME2;PSMB1;PSMB3;PSMD8;UBA52;PSMD13;PSMB8;PSMD9;PSMA5;PSMC4;SEM1;CBY1;PSMA3;PSMD2;PSME1;PSMD7;PSMA1;PSMB10;PPP2R5C;PSMC3;RBX1;PSMC6;PSMB5;PSMA4;CUL3;PSMD4;PSMA6;PSMB7;TLE2;TLE3;PSMC5;PSMB2;PSMA2;CSNK2B;KAT5;PPP2R5E;CSNK2A2;UBC;PPP2R1A;RUVBL1;SFRP1;CSNK1E;PSMD12;KREMEN1;PSMD6;LRP5;SOX4;PPP2R5A;TRRAP;BCL9L;PSMD11;RBBP5;DVL2;PPP2CA;PSME3;EP300;PSMF1;CSNK1G2;PSMD10;XIAP;AKT1;PSMD3;SOX13;FZD8,CNT
prerank,Reactome_2022__Transcriptional Regulation By Small RNAs R-HSA-5578749,0.7747679226334477,1.168890477187204,0.09730848861283643,0.42239931295789623,1.0,33/47,16.71%,POLR2I;POLR2J;POLR2K;RAN;POLR2F;POLR2H;POLR2L;POLR2E;IPO8;AGO2;POLR2A;SEC13;NUP88;RANBP2;POLR2C;NUP214;SEH1L;NUP37;POM121C;NUP153;NUP93;POLR2G;POLR2B;NUP54;NUP42;NUP43;POLR2D;NUP85;NUP155;NUP58;NUP160;TPR;NUP205,CNT
prerank,Reactome_2022__Regulation Of TLR By Endogenous Ligand R-HSA-5686938,0.8110882833860795,1.1684193797973688,0.1762749445676275,0.42445029108091303,1.0,2/18,3.51%,NDUFA2;GSDMD,CNT
prerank,Reactome_2022__Platelet Degranulation R-HSA-114608,0.7561972418337406,1.1682761470751841,0.03121852970795569,0.4243567671785885,1.0,30/123,7.66%,CD63;TMSB4X;SOD1;PFN1;GAS6;PPIA;MAGED2;LGALS3BP;TEX264;TUBA4A;TAGLN2;SGPP2;TLN1;CYB5R1;FLNA;VTI1B;VEGFB;PCDH7;CALM1;CAP1;SERPING1;TIMP3;ANXA5;CHID1;VEGFC;SELENOP;SCCPDH;VCL;NHLRC2;QSOX1,CNT
prerank,Reactome_2022__Mitochondrial Fatty Acid Beta-Oxidation Of Saturated Fatty Acids R-HSA-77286,0.8382635338478442,1.1680101366939981,0.19138755980861244,0.42492009552931437,1.0,7/11,13.10%,ECHS1;HADHA;ACADS;ACSM3;ACADVL;MECR;ACADL,CNT
prerank,Reactome_2022__Activation Of Pre-Replicative Complex R-HSA-68962,0.7825257322193406,1.1678126972091483,0.14361140443505807,0.42510140874159486,1.0,9/32,13.18%,POLE4;GMNN;RPA3;POLE3;ORC5;ORC3;ORC4;MCM4;PRIM2,CNT
prerank,MSigDB_Hallmark_2020__Allograft Rejection,0.7475120524304738,1.1677451761401032,0.020080321285140562,0.14159814725585587,0.816,33/196,11.32%,RPS19;RPS3A;EIF3D;NPM1;RPL9;RPS9;CAPG;B2M;NME1;HLA-E;FLNA;CCND3;IFNGR2;PSMB10;EIF3J;TAPBP;EGFR;UBE2D1;TLR3;IL18;CD74;LYN;HIF1A;HLA-DMA;RPL39;SOCS1;ETS1;NCK1;ABI1;EIF5A;APBB1;AKT1;HLA-DRA,CNT
prerank,Reactome_2022__Fc Epsilon Receptor (FCERI) Signaling R-HSA-2454202,0.7539357743711714,1.1677085449571507,0.04036326942482341,0.4246993204611915,1.0,73/129,15.80%,UBB;RPS27A;PSMB6;PSMA7;PSME2;PSMB1;SKP1;PSMB3;PSMD8;UBA52;PSMD13;JUN;UBE2D2;PSMB8;FOS;PSMD9;PSMA5;PSMC4;SEM1;NFKBIA;PSMA3;SYK;PSMD2;PSME1;PSMD7;PSMA1;PSMB10;PSMC3;PLCG2;PSMC6;PSMB5;PSMA4;HRAS;PSMD4;PSMA6;CALM1;PSMB7;CDC34;PSMC5;RELA;GRB2;PSMB2;PSMA2;UBC;UBE2D1;LYN;PSMD12;PSMD6;TRAF6;MAP3K1;PSMD11;PSME3;PSMF1;SOS1;PSMD10;PSMD3;PIK3R2;NFATC1;NFATC3;AHCYL1;UBE2V1;ITPR3;SHC1;MAP2K7;MALT1;NRAS;MAPK3;PLCG1;PSMC1;CUL1;PIK3R1;PPP3CB;SLC7A8,CNT
prerank,Reactome_2022__Lysosome Vesicle Biogenesis R-HSA-432720,0.787334790222967,1.1676637717275515,0.1351636747624076,0.42392948340446207,1.0,18/34,16.07%,BLOC1S1;CLTA;VAMP8;CLTB;CHMP2A;AP1S1;AP1M2;AP1B1;TXNDC5;DNASE2;CTSZ;GNS;VAMP7;HSPA8;HGS;M6PR;SH3GL2;DNM2,CNT
prerank,Reactome_2022__Interferon Alpha/Beta Signaling R-HSA-909733,0.759484782051537,1.167446389273492,0.06481481481481481,0.4242097617714887,1.0,27/72,15.09%,HLA-C;HLA-B;IFITM3;PSMB8;HLA-E;BST2;IFITM2;TYK2;ADAR;EGR1;PTPN1;JAK1;PTPN11;SOCS1;IFI6;IP6K2;MX1;IFI35;IRF3;IFNAR1;STAT2;IRF9;SOCS3;IRF2;IRF7;IRF1;PTPN6,CNT
prerank,Reactome_2022__Antimicrobial Peptides R-HSA-6803157,0.7556951885947364,1.1668272689680574,0.06072874493927125,0.42720674609405695,1.0,5/87,6.33%,DEFB1;ATOX1;SLC11A1;RO60;PDZD11,CNT
prerank,Reactome_2022__Response Of Mtb To Phagocytosis R-HSA-9637690,0.7967877999347764,1.1666891526220167,0.16989247311827957,0.4270580866170575,1.0,11/22,14.78%,UBB;RPS27A;UBA52;ENO1;RNF213;UBC;GSK3A;DUSP16;HGS;RAB7A;MAPK3,CNT
prerank,Reactome_2022__Sema4D Induced Cell Migration And Growth-Cone Collapse R-HSA-416572,0.8022484877044017,1.1661927621467025,0.16375545851528384,0.4291814898829393,1.0,9/20,7.22%,MYL12B;RHOC;RHOA;MYL6;ERBB2;RHOB;MYH10;ARHGEF11;MYH9,CNT
prerank,Reactome_2022__trans-Golgi Network Vesicle Budding R-HSA-199992,0.7653061014958275,1.1661783101497192,0.08359133126934984,0.4282660010057511,1.0,34/71,13.73%,BLOC1S1;CLTA;FTH1;VAMP8;FTL;CLTB;CHMP2A;AP1S1;AP1M2;SNX5;AP3S1;SNAPIN;GAK;YIPF6;RAB5C;PTGES2;AP1B1;SNAP23;TGOLN2;TXNDC5;SNX2;DNASE2;CTSZ;NECAP1;IGF2R;ACBD3;GNS;SORT1;STX4;VAMP7;HSPA8;PIK3C2A;TBC1D8B;HGS,CNT
prerank,Reactome_2022__WNT5A-dependent Internalization Of FZD4 R-HSA-5099900,0.8278660412960737,1.1661061945690394,0.15349369988545247,0.42766479254798057,1.0,8/15,11.72%,CLTA;CLTB;AP2A2;AP2M1;AP2S1;PRKCA;DVL2;AP2A1,CNT
prerank,Reactome_2022__SARS-CoV Infections R-HSA-9679506,0.7432057982597902,1.166045905589866,0.002,0.42700472670375367,1.0,151/362,12.31%,RPS3;RPS4X;RPS23;RPS15;RPS12;RPS20;RPS19;RPS15A;RPS7;FAU;RPS5;RPS13;SNRPE;UBB;RPS27A;RPS25;SNRPD2;RPS24;SUMO1;RPS8;RPS27L;RPS3A;RPS6;COMT;RPS14;RPSA;DAD1;RPS21;SNRPF;HLA-C;HLA-B;RPS9;SAP18;B2M;UBA52;UBE2I;RPS2;CHMP2A;RPS16;RPS28;RPS17;HSP90AB1;PTGES3;RPS27;AP2A2;HLA-E;SNRPD3;AP2M1;DDOST;ISCU;MAP1LC3B;VCP;CNBP;RPN1;SYK;SNRPG;IFNGR2;TYK2;LARP1;HSP90AA1;ZDHHC5;AGRN;AP2S1;PLCG2;RBX1;RPS11;YWHAH;CUL3;SNRPB;KDM1A;CHMP4B;ZDHHC3;ZCRB1;PRMT1;GATAD2B;FKBP1A;ITGB1;RBBP7;GRB2;DDX5;CHD4;TUFM;RIPK1;ATP1B2;REST;BECN1;STT3A;UBC;HMG20B;SEC13;CHMP2B;FKBP4;GANAB;MGAT4A;NUP88;MGAT4B;CHD3;RANBP2;MAVS;CRB3;JAK1;PTPN11;FNTA;ST6GAL1;TRIM25;RPS29;GSK3A;TKFC;MAGT1;TRAF6;TUSC3;GOLGA7;IMPDH2;NCK1;NUP214;SEH1L;SIKE1;PARP10;NUP37;GEMIN7;POM121C;GEMIN6;REXO2;SAP30L;NUP153;FURIN;YWHAQ;NUP93;ARID4B;HSPG2;TRIM4;SDC2;SUDS3;FXYD4;CRBN;PARP4;MTA1;SOS1;SEC24B;AKT1;NUP54;RPN2;AP2A1;VPS41;CHMP6;MGAT5;NUP42;IRF3;IFNAR1;GPC3;STAT2,CNT
prerank,Reactome_2022__Recruitment And ATM-mediated Phosphorylation Of Repair And Signal Proteins At DNA Double Strand Breaks R-HSA-5693565,0.7737270047229917,1.1658811742761979,0.11213991769547325,0.42703840637124635,1.0,19/43,10.62%,UBB;RPS27A;SUMO1;UBA52;UBE2I;BAZ1B;PPP5C;UIMC1;KAT5;UBC;MRE11;UBXN1;KDM4B;EYA4;RNF8;SMARCA5;UBE2V2;BABAM1;APBB1,CNT
prerank,"Reactome_2022__Interleukin-3, Interleukin-5 And GM-CSF Signaling R-HSA-512988",0.7718712655283443,1.1653960183972958,0.12839248434237996,0.42905477851405,1.0,20/44,15.64%,SYK;CLSTN1;GRB2;YES1;PIK3R3;JAK1;PTPN11;LYN;PRKCA;CRK;SOS1;PIK3R2;CBL;SHC1;CRKL;STAT5A;INPPL1;RAPGEF1;PTPN6;PIK3R1,CNT
prerank,Reactome_2022__Calnexin/calreticulin Cycle R-HSA-901042,0.7981688265024235,1.1653587781139088,0.1430084745762712,0.4282120886304009,1.0,13/25,9.13%,UBB;RPS27A;UBA52;OS9;PDIA3;DERL2;SYVN1;UBC;GANAB;RNF185;AMFR;RNF5;TRIM13,CNT
prerank,Reactome_2022__Transcriptional Activity Of SMAD2/SMAD3:SMAD4 Heterotrimer R-HSA-2173793,0.7731209391680545,1.1652677094984232,0.10020449897750511,0.4278582286643194,1.0,26/51,14.89%,UBB;RPS27A;UBA52;SMAD2;UBE2D3;CCNC;YBX1;USP9X;PARP1;UBC;UBE2D1;TFDP2;TFDP1;PPM1A;SMAD7;TGIF1;FURIN;CDK9;NCOR2;SNW1;EP300;TGIF2;CCNT1;E2F4;MAPK3;CCNT2,CNT
prerank,Reactome_2022__Complement Cascade R-HSA-166658,0.7706312768834481,1.165041430923428,0.09621289662231321,0.4282876022853579,1.0,10/54,14.90%,PSMA7;CD81;CD59;SERPING1;CD55;CPNE1;CFI;PIKFYVE;CLU;C5AR1,CNT
prerank,Reactome_2022__RHO GTPases Activate CIT R-HSA-5625900,0.7977143866396784,1.1648289755928718,0.17516629711751663,0.42861744760643106,1.0,9/19,7.22%,MYL12B;RHOC;RHOA;MYL6;RHOB;MYH10;CDKN1B;PPP1R12A;MYH9,CNT
prerank,MSigDB_Hallmark_2020__Hypoxia,0.7411267360894357,1.1646401561833613,0.014014014014014014,0.14274167941575497,0.842,68/200,12.56%,MIF;S100A4;IER3;BTG1;PRDX5;TPI1;CITED2;DDIT3;FBP1;MT1E;MT2A;ADM;JUN;ZFP36;FOS;CHST3;ALDOA;GPI;SELENBP1;GRHPR;GAPDH;HOXB9;HEXA;CDKN1B;PNRC1;MXI1;DUSP1;ILVBL;CSRP2;SLC37A4;EGFR;ATF3;ENO1;UGP2;ZNF292;KLHL24;DDIT4;CAVIN3;MYH9;GLRX;GALK1;PRKCA;ANKZF1;RBPJ;BNIP3L;ETS1;ANXA2;ERO1A;GAA;CCN1;EXT1;MAP3K1;FAM162A;SDC2;PGM1;NDRG1;CDKN1C;P4HA1;XPNPEP1;PPP1R15A;LDHA;HDLBP;SIAH2;PGAM2;KLF6;CCN2;GPC3;PHKG1,CNT
prerank,Reactome_2022__Unfolded Protein Response (UPR) R-HSA-381119,0.7615725410839884,1.164526016172407,0.053643724696356275,0.4295436014054818,1.0,52/89,16.55%,DDIT3;MYDGF;TLN1;DCTN1;PDIA6;EXOSC7;CTDSP2;SSR1;EIF2S3;YIF1A;ATP6V0D1;DIS3;ATF6;KLHDC3;PREB;HERPUD1;CREBRF;EXOSC8;SYVN1;ATF3;DNAJB9;DCP2;ADD1;CREB3L2;LMNA;EXOSC1;PARN;HYOU1;GSK3A;ACADVL;ATF4;EXOSC3;MBTPS1;SEC31A;HDGF;EIF2S1;EIF2S2;SERP1;GFPT1;EXOSC4;NFYB;WFS1;ARFGAP1;SHC1;EXTL3;EXOSC6;EDEM1;WIPI1;EXOSC5;ZBTB17;PPP2R5B;CREB3L4,CNT
prerank,MSigDB_Hallmark_2020__Glycolysis,0.7433060866005542,1.1638093680539778,0.016,0.13632383646527918,0.848,74/199,13.03%,MIF;CYB5A;IER3;CLDN3;SOD1;TPI1;CITED2;PPIA;PSMC4;TALDO1;ALDOA;STMN1;RBCK1;PYGB;MDH2;PGLS;AGRN;ELF3;ALDH9A1;B3GAT3;B4GALT7;GOT1;HAX1;POLR3K;MXI1;PKM;SLC37A4;EGFR;ENO1;GOT2;PGAM1;UGP2;LHPP;FKBP4;ZNF292;TXN;GAL3ST1;DDIT4;EXT2;GLRX;PLOD2;GALK1;QSOX1;CHST12;NASP;ANKZF1;COPB2;SDHC;XYLT2;ERO1A;ALDH7A1;EXT1;NDUFV3;CHPF;AKR1A1;FAM162A;SDC2;MERTK;TGFA;P4HA1;ARPP19;LDHA;CTH;GALK2;HDLBP;GFPT1;PGAM2;NSDHL;BPNT1;GPC3;CLN6;GMPPA;IL13RA1;GPC4,CNT
prerank,Reactome_2022__p130Cas Linkage To MAPK Signaling For Integrins R-HSA-372708,0.8123053588172137,1.1635404948606987,0.19977553310886645,0.43479570521830974,1.0,6/15,10.64%,TLN1;BCAR1;RAP1B;PTK2;RAP1A;CRK,CNT
prerank,Reactome_2022__SARS-CoV-1 Infection R-HSA-9678108,0.7652718371921433,1.1634479392694506,0.10939112487100103,0.4343915989588591,1.0,18/50,8.85%,UBB;RPS27A;SUMO1;UBA52;UBE2I;CHMP2A;MAP1LC3B;VCP;CHMP4B;ZCRB1;DDX5;BECN1;UBC;CHMP2B;GANAB;ST6GAL1;GSK3A;PARP10,CNT
prerank,Reactome_2022__Dissolution Of Fibrin Clot R-HSA-75205,0.8240877023031925,1.1631302654578948,0.21380090497737556,0.4354999870211439,1.0,5/13,14.59%,S100A10;SERPINB6;ANXA2;SERPINF2;HRG,CNT
prerank,Reactome_2022__Constitutive Signaling By Overexpressed ERBB2 R-HSA-9634285,0.8416978952350385,1.1630257152124954,0.20899149453219928,0.4351611252957099,1.0,8/10,14.22%,ERBB2;HSP90AA1;HRAS;CDC37;GRB2;SOS1;SHC1;NRAS,CNT
prerank,Reactome_2022__Disorders Of Developmental Biology R-HSA-9675151,0.8328940879633517,1.1629724299609463,0.2100350058343057,0.43446844842351345,1.0,8/12,9.86%,TBL1X;TBL1XR1;CALM1;GPS2;MECP2;HDAC3;PRKCA;NCOR2,CNT
prerank,"Reactome_2022__Tristetraprolin (TTP, ZFP36) Binds And Destabilizes mRNA R-HSA-450513",0.8123000417414521,1.1629401983930354,0.2084726867335563,0.43364729090154736,1.0,10/17,8.61%,ZFP36;EXOSC7;MAPKAPK2;DIS3;EXOSC8;DCP2;EXOSC1;DCP1A;XRN1;EXOSC3,CNT
prerank,Reactome_2022__Metabolism Of Non-Coding RNA R-HSA-194441,0.7683717202933877,1.1626976126697037,0.10736196319018405,0.4341039825530806,1.0,35/52,18.41%,SNRPE;SNRPD2;SNRPF;SNRPD3;SNRPG;SNRPB;PHAX;SEC13;NUP88;RANBP2;SNUPN;NUP214;SEH1L;NUP37;GEMIN7;CLNS1A;POM121C;GEMIN6;NUP153;NUP93;NUP54;NUP42;NUP43;NUP85;NUP155;GEMIN2;NUP58;NUP160;DDX20;TPR;NUP205;WDR77;NUP35;NUP188;NUP62,CNT
prerank,Reactome_2022__COPI-dependent Golgi-to-ER Retrograde Traffic R-HSA-6811434,0.7547654059683064,1.162626551333756,0.08580183861082738,0.4334687922223843,1.0,33/78,15.35%,ARF5;COPE;COPZ1;KIF22;TMED9;RAB1B;KDELR1;KLC4;KDELR2;PTGES2;ARF4;ARFGAP2;NAPG;STX18;COPB1;COPB2;TMED3;SEC22B;BNIP1;KIF1C;ARF3;KIF12;COPA;COPG1;KIF16B;KIF27;COPG2;KIF3A;ARFGAP1;KIF5B;RACGAP1;COPZ2;KIF9,CNT
prerank,Reactome_2022__Degradation Of Cysteine And Homocysteine R-HSA-1614558,0.8261758239777535,1.1624552846938352,0.21330275229357798,0.4335312338585496,1.0,5/13,7.36%,TXN2;TSTD1;GOT2;ETHE1;CSAD,CNT
prerank,Reactome_2022__RUNX1 And FOXP3 Control Development Of Regulatory T Lymphocytes (Tregs) R-HSA-8877330,0.8390183979042347,1.1624044047791697,0.2161520190023753,0.4328054486111765,1.0,2/10,11.58%,RUNX1;CBFB,CNT
prerank,Reactome_2022__XBP1(S) Activates Chaperone Genes R-HSA-381038,0.7753158146555497,1.1622916723520798,0.10520833333333333,0.43255424732152387,1.0,29/46,16.46%,MYDGF;TLN1;DCTN1;PDIA6;CTDSP2;SSR1;YIF1A;ATP6V0D1;KLHDC3;PREB;SYVN1;DNAJB9;ADD1;LMNA;HYOU1;GSK3A;ACADVL;SEC31A;HDGF;SERP1;GFPT1;WFS1;ARFGAP1;SHC1;EXTL3;EDEM1;WIPI1;ZBTB17;PPP2R5B,CNT
prerank,Reactome_2022__IRAK2 Mediated Activation Of TAK1 Complex Upon TLR7/8 Or 9 Stimulation R-HSA-975163,0.8255552748027816,1.1616274542627851,0.20114942528735633,0.4358238651085139,1.0,6/14,8.15%,UBB;RPS27A;NDUFA2;UBA52;UBC;TRAF6,CNT
prerank,Reactome_2022__ADP Signaling Thru P2Y Purinoceptor 12 R-HSA-392170,0.7997559346344285,1.1613673747773692,0.18259935553168635,0.43643874839551955,1.0,7/22,5.67%,GNG5;GNAI3;GNB2;GNB1;GNG10;GNB5;GNG11,CNT
prerank,Reactome_2022__Activation Of Kainate Receptors Upon Glutamate Binding R-HSA-451326,0.784156354892584,1.1605801650646725,0.15828877005347594,0.44053754084804503,1.0,7/29,5.67%,GNG5;GNB2;CALM1;GNB1;GNG10;GNB5;GNG11,CNT
prerank,Reactome_2022__Cytosolic Sulfonation Of Small Molecules R-HSA-156584,0.7974737136517703,1.1602867056455664,0.20521172638436483,0.4414974936441102,1.0,9/21,15.66%,ABHD14B;SLC35B2;PAPSS1;SLC35B3;SULT1A1;BPNT1;PODXL2;TPST1;SLC26A2,CNT
prerank,Reactome_2022__Gap Junction Trafficking And Regulation R-HSA-157858,0.7890906808204724,1.1602263330436622,0.1689691817215728,0.440875661098433,1.0,3/27,1.81%,CLTA;CLTB;AP2M1,CNT
prerank,Reactome_2022__Response To Elevated Platelet Cytosolic Ca2+ R-HSA-76005,0.7509561199034559,1.1599631067694303,0.03822937625754527,0.44160390787475123,1.0,42/128,13.91%,CD63;TMSB4X;SOD1;PFN1;GAS6;PPIA;MAGED2;LGALS3BP;TEX264;TUBA4A;TAGLN2;SGPP2;TLN1;CYB5R1;FLNA;VTI1B;VEGFB;PCDH7;CALM1;CAP1;SERPING1;TIMP3;ANXA5;CHID1;VEGFC;SELENOP;SCCPDH;VCL;NHLRC2;QSOX1;PRKCA;HABP4;SERPINA4;PIKFYVE;SOS1;STX4;KNG1;SERPINF2;CDC37L1;CLU;CD9;TOR4A,CNT
prerank,Reactome_2022__Late SARS-CoV-2 Infection Events R-HSA-9772573,0.763932137352704,1.1598626721450642,0.09044715447154472,0.44122929338759037,1.0,22/58,8.85%,UBB;RPS27A;SUMO1;DAD1;UBA52;UBE2I;DDOST;RPN1;ZDHHC5;ZDHHC3;PRMT1;STT3A;UBC;GANAB;MGAT4A;MGAT4B;ST6GAL1;GSK3A;MAGT1;TUSC3;GOLGA7;PARP10,CNT
prerank,MSigDB_Hallmark_2020__UV Response Up,0.7451467531583753,1.1598307603317928,0.02108433734939759,0.1423898767427763,0.879,61/156,11.47%,BTG1;SELENOW;SQSTM1;JUNB;EIF5;TST;CLTB;EPCAM;DNAJA1;TUBA4A;MRPL23;FOS;NFKBIA;ALDOA;CYB5R1;RPN1;CCND3;AMD1;SLC25A4;CREG1;POLR2H;RHOB;EIF2S3;BTG2;AP2S1;PSMC3;HSPA2;FOSB;DNAJB1;AGO2;PDAP1;CDC34;BTG3;KLHDC3;ACAA1;IL6ST;GRPEL1;RRAD;POLE3;ATF3;MAOA;DDX21;SOD2;MMP14;FKBP4;LYN;HYAL2;YKT6;EPHX1;NR4A1;SPR;FURIN;POLG2;BSG;PPP1R2;GPX3;CDKN1C;SULT1A1;ATP6V1F;PPIF;PPT1,CNT
prerank,Reactome_2022__Association Of TriC/CCT With Target Proteins During Biosynthesis R-HSA-390471,0.7734659907819255,1.1596944961663684,0.164021164021164,0.44127009086073615,1.0,19/37,13.10%,CCT4;CCT8;CCT3;XRN2;FBXL3;CCT7;CCT5;USP11;DCAF7;TCP1;CCT6A;HDAC3;FBXW5;FKBP9;CCT2;STAT3;LONP2;TP53;KIFC3,CNT
prerank,Reactome_2022__Negative Epigenetic Regulation Of rRNA Expression R-HSA-5250941,0.7630938706789427,1.159595612167225,0.16927899686520376,0.4409744843514298,1.0,22/45,12.45%,SAP18;POLR2K;GTF2H5;POLR2F;POLR1D;POLR2H;POLR2L;POLR2E;MNAT1;GTF2H3;CCNH;SAP30BP;UBTF;SMARCA5;TTF1;SAP30L;TAF1B;ARID4B;SUDS3;DNMT1;BAZ2A;GTF2H2,CNT
prerank,Reactome_2022__Cyclin D Associated Events In G1 R-HSA-69231,0.7654254727275202,1.1595742914203784,0.14345114345114346,0.4401065067539781,1.0,16/47,10.43%,UBB;RPS27A;SKP1;UBA52;CCND3;CDKN1B;CDK4;UBC;PPP2R1A;MNAT1;LYN;TFDP2;CCNH;TFDP1;PPP2CA;CDKN1C,CNT
prerank,Reactome_2022__Presynaptic Depolarization And Calcium Channel Opening R-HSA-112308,-0.6987253484249454,-1.15914412792114,0.3141025641025641,0.8465237744677214,1.0,2/12,0.19%,CACNA2D3;CACNB4,CNT
prerank,Reactome_2022__Asparagine N-linked Glycosylation R-HSA-446203,0.7417111877134662,1.158978950182353,0.001,0.44287548529639714,1.0,134/280,14.54%,TRAPPC1;TRAPPC5;UBB;RPS27A;ARF5;COPE;DAD1;MLEC;DPM3;DCTN3;UBA52;COPZ1;OS9;DPM2;TMED9;RAB1B;TRAPPC6A;DCTN1;ALG5;DDOST;KDELR1;ACTR10;VCP;PDIA3;RPN1;CD59;NUDT14;TRAPPC2L;CAPZB;FUCA1;ALG3;PMM1;CAPZA2;DCTN2;DERL2;DPM1;KDELR2;MPDU1;CNIH1;DYNLL2;NGLY1;GOSR1;PTGES2;ARF4;COG3;SPTBN2;PREB;CD55;TRAPPC4;SYVN1;DCTN6;CTSC;STX5;MCFD2;TBC1D20;ARFGAP2;STT3A;NAPG;ANK3;UBC;TRAPPC6B;SEC13;GANAB;TRAPPC2;MGAT4A;MGAT4B;BET1;SPTAN1;RNF185;ST6GAL1;ALG13;UBXN1;AMFR;COPB1;MAGT1;GNPNAT1;COPB2;TUSC3;PPP6R1;YKT6;TMED3;TRAPPC3;MAN1A2;CSNK1D;SEC22B;FPGT;SCFD1;RNF5;TRIM13;SEC31A;STX17;CTSZ;ALG14;ARF3;TMEM115;GLB1;TGFA;COG4;ALG8;LMAN2;SEC24B;UGGT1;PPP6C;COPA;RPN2;DYNC1LI1;ACTR1A;B4GALT3;COPG1;MGAT5;GFPT1;CAPZA1;SEC23IP;DHDDS;COPG2;DYNC1LI2;GMPPA;TRAPPC9;COG1;BET1L;PGM3;EDEM3;PPP6R3;ARFGAP1;NUS1;ALG6;ST6GALNAC4;TFG;TRAPPC10;GMDS;B4GALT1;MAN2A1;SRD5A3;DOLPP1,CNT
prerank,Reactome_2022__Immunoregulatory Interactions Between A Lymphoid And A non-Lymphoid Cell R-HSA-198933,0.7519343822883564,1.1584542042937123,0.026156941649899398,0.44530020939753395,1.0,8/116,5.34%,HLA-C;HLA-B;CD81;B2M;HLA-E;NECTIN2;ITGB1;CXADR,CNT
prerank,Reactome_2022__Basigin Interactions R-HSA-210991,-0.5973868025018537,-1.1582318428185097,0.3088235294117647,0.8188007088273807,1.0,1/25,0.01%,ATP1B1,CNT
prerank,Reactome_2022__RNA Polymerase II Transcription Termination R-HSA-73856,0.7595816720965863,1.1579205234279202,0.09340101522842639,0.4475576496822554,1.0,33/67,12.20%,SNRPE;RBM8A;SRSF9;SNRPF;SLBP;THOC7;MAGOH;SRSF7;SNRPD3;DDX39B;SNRPG;LSM10;SNRPB;SARNP;RNPS1;SRRM1;SRSF2;CHTOP;SRSF4;CASC3;NUDT21;CDC40;PCF11;WDR33;CSTF3;U2AF1L4;EIF4A3;U2AF2;ALYREF;CPSF7;MAGOHB;SRSF1;CPSF4,CNT
prerank,Reactome_2022__Signaling By BMP R-HSA-201451,0.7878910204516116,1.1574255186057802,0.16090712742980562,0.44974293449059893,1.0,8/27,11.75%,BMPR1B;UBE2D3;SMAD5;UBE2D1;SMAD7;BMPR2;ZFYVE16;SMURF1,CNT
prerank,"Reactome_2022__Cell Cycle, Mitotic R-HSA-69278",0.7394619593003471,1.1574072916999871,0.001,0.4488420429376193,1.0,219/488,16.81%,ANAPC11;UBB;RPS27A;MZT2B;SUMO1;PSMB6;PSMA7;PSME2;PSMB1;SKP1;RAN;PSMB3;TUBB4B;PSMD8;DCTN3;UBA52;ANAPC16;UBE2I;PSMD13;CDC26;CHMP2A;POLE4;PSMB8;ITGB3BP;MZT2A;HSP90AB1;RPS27;TUBA4A;RAB1B;PSMD9;PSMA5;PSMC4;DCTN1;SSNA1;SEM1;ANAPC5;PSMA3;CCND3;BANF1;GMNN;PSMD2;PSME1;PSMD7;HSP90AA1;PSMA1;PSMB10;RPA3;PPP2R5C;ENSA;PSMC3;RBX1;DCTN2;PSMC6;PSMB5;PSMA4;DYNLL2;PSMD4;CHMP4B;PSMA6;CDKN1B;PSMB7;CDK4;CETN2;RAD21;MZT1;PSMC5;PCNA;UBE2E1;TUBA1A;TMPO;UBE2S;PSMB2;VPS4A;SKA2;POLE3;PSMA2;CSNK2B;OFD1;POLD2;PPP2R5E;CSNK2A2;CTDNEP1;UBC;PPP1R12A;SIRT2;LCMT1;SEC13;PPP2R1A;CDC27;CHMP2B;UBE2D1;LPIN2;MNAT1;LMNA;AKAP9;NUP88;RANBP2;NUDC;CEP290;HAUS4;MAX;LYN;ANAPC15;CSNK1E;TFDP2;PSMD12;NUMA1;CCNH;TFDP1;TUBA1C;PRKCA;HAUS3;PSMD6;CDK11B;TAOK1;CSNK1D;NUP214;SEH1L;NUP37;ANAPC4;PAFAH1B1;CEP63;RAB8A;ORC5;POM121C;CENPT;ORC3;TUBGCP4;TUBGCP6;RCC2;PPP2R5A;NUP153;AHCTF1;NUP93;PSMD11;CEP57;NDEL1;LPIN1;ORC4;PPP2CA;CDKN1C;PSME3;BUB3;EP300;PSMF1;ARPP19;MCM4;SMC4;ANKLE2;PSMD10;NIPBL;RAB2A;AKT1;PHLDA1;NUP54;PSMD3;CNTRL;DYNC1LI1;ACTR1A;LIN37;CHMP6;MAD1L1;NUP42;DYRK1A;TP53;TUBA1B;DYNC1LI2;NUP43;RFC2;B9D2;ANAPC2;PPP2R2A;PRIM2;HAUS2;PCM1;CDC14A;CLASP2;LIN54;RFC5;STAG2;HAUS1;E2F4;RFC3;YWHAG;NUP85;AKT3;LEMD3;NUP155;RB1;TUBGCP3;MAPK3;RAB33B;ZWINT;PSMC1;NEK7;SMC3;DYNLL1;CUL1;CEP192;TUBGCP2;SRC;NUP58;NUP160;TUBG2;PPP1R12B;HAUS6;E2F6;TUBB2B;TUBG1;TPR;LEMD2;PPP2R5B;ESCO1;LRIG1;PHF8;SET;NUP205;RANGAP1;CEP250,CNT
prerank,Reactome_2022__Translesion Synthesis By Y Family DNA Polymerases Bypasses Lesions On DNA Template R-HSA-110313,0.7687932007230076,1.157213125099855,0.162217659137577,0.4491181818914962,1.0,14/39,7.74%,UBB;RPS27A;UBA52;POLE4;UFD1;VCP;RPA3;PCNA;POLE3;MAD2L2;POLD2;UBC;POLI;TRIM25,CNT
prerank,Reactome_2022__Diseases Of Programmed Cell Death R-HSA-9645723,0.7745602511475469,1.1561221949630014,0.13650465356773525,0.4551489776384305,1.0,19/42,15.43%,PRDX2;PRDX1;JUN;CAPNS1;CAPN2;CAPN1;RBBP7;RIPK1;LMNA;CDK5;FADD;TANK;TRADD;DNMT1;TP53;PRIM2;SUZ12;BCL2L11;C1QBP,CNT
prerank,Reactome_2022__Interferon Signaling R-HSA-913531,0.7394214797459161,1.15604620963525,0.013052208835341365,0.45467589832242516,1.0,85/196,16.00%,UBB;RPS27A;SUMO1;HLA-C;HLA-B;IFITM3;B2M;UBA52;MT2A;PSMB8;HLA-E;BST2;IFITM2;MID1;FLNA;IFNGR2;TYK2;ADAR;TRIM8;EIF4A1;EIF4E;EGR1;UBE2E1;EIF4E2;IFI30;UBC;SEC13;TRIM38;PTPN1;NUP88;KPNA4;SP100;RANBP2;JAK1;PTPN11;FLNB;TRIM25;SOCS1;IFI6;SMAD7;NUP214;SEH1L;NUP37;EIF2AK2;POM121C;EIF4A3;TRIM5;NUP153;NUP93;KPNA3;PPM1B;IP6K2;EIF4A2;MX1;IFI35;TRIM26;NUP54;HLA-DRA;UBE2L6;NUP42;IRF3;IFNAR1;STAT2;NUP43;IRF9;SOCS3;ARIH1;IRF2;IRF7;NUP85;PIAS1;NUP155;MAPK3;IRF1;PLCG1;PTPN6;KPNA2;EIF4E3;PRKCD;TRIM35;NUP58;NUP160;HERC5;UBA7;IFIT1,CNT
prerank,MSigDB_Hallmark_2020__TNF-alpha Signaling via NF-kB,0.7410469360144109,1.1558404104415705,0.006018054162487462,0.1503571725719991,0.904,77/200,16.75%,IER2;IER3;BTG1;NINJ1;SQSTM1;JUNB;CEBPD;JUN;ZFP36;FOS;GADD45A;NFKBIA;G0S2;IFNGR2;GADD45B;LITAF;RHOB;BTG2;FOSB;HES1;EIF1;PNRC1;BTG3;EGR1;DUSP1;IL6ST;RELA;PER1;KLF10;JAG1;ATF3;SOD2;SAT1;EHD1;DNAJB4;RCAN1;IL18;ATP2B1;TANK;TNIP1;BIRC2;TNIP2;F2RL1;ID2;TGIF1;NR4A1;CCN1;PLPP3;YRDC;MARCKS;PPP1R15A;PHLDA1;CCNL1;KLF6;PDLIM5;ETS2;CD83;IFIH1;RNF19B;KLF9;SOCS3;RIPK2;B4GALT1;CFLAR;MCL1;STAT5A;SNN;IRF1;EFNA1;NFIL3;GEM;REL;BIRC3;MXD1;MAP3K8;NFKB2;BCL6,CNT
prerank,Reactome_2022__Paradoxical Activation Of RAF Signaling By Kinase Inactive BRAF R-HSA-6802955,0.7738286728207764,1.155555300797822,0.13912133891213388,0.4568025002847673,1.0,16/40,15.86%,PEBP1;TLN1;HRAS;CALM1;RAP1B;ARAF;MAP2K2;VCL;IQGAP1;MAP2K1;RAP1A;NRAS;BRAF;MAPK3;SRC;CSK,CNT
prerank,Reactome_2022__Prolonged ERK Activation Events R-HSA-169893,0.8230976120447766,1.1555525571067988,0.20945945945945946,0.455785064068144,1.0,10/14,14.91%,MAP2K2;KIDINS220;MAP2K1;FRS2;RAP1A;CRK;BRAF;CRKL;MAPK3;RAPGEF1,CNT
prerank,Reactome_2022__Chromosome Maintenance R-HSA-73886,0.7544711394736643,1.1554517457001305,0.07505070993914807,0.4554175351230634,1.0,35/89,13.82%,NPM1;POLR2I;POLR2J;POLR2K;CENPX;ITGB3BP;NHP2;POLR2F;POLR2H;POLR2L;RPA3;POLR2E;POLR2A;PCNA;RBBP7;DKC1;TERF2IP;POLD2;NOP10;RUVBL1;POLR2C;SMARCA5;TINF2;CENPT;POLR2G;POLR2B;PPP6C;GAR1;RFC2;PRIM2;PPP6R3;POLR2D;RFC5;WRN;RFC3,CNT
prerank,Reactome_2022__TNF Signaling R-HSA-75893,0.76660141913729,1.1547801036069676,0.147119341563786,0.4587913039866233,1.0,17/44,11.06%,RACK1;UBB;RPS27A;UBA52;SHARPIN;RBCK1;RIPK1;UBC;FADD;TAX1BP1;TANK;SPPL2B;BIRC2;BAG4;TRADD;RNF31;XIAP,CNT
prerank,Reactome_2022__RNA Polymerase I Promoter Escape R-HSA-73772,0.7828322525555486,1.154738770809199,0.1901639344262295,0.45802783707510014,1.0,13/27,9.64%,POLR2K;GTF2H5;POLR2F;POLR1D;POLR2H;POLR2L;CBX3;POLR2E;MNAT1;GTF2H3;CCNH;UBTF;TAF1B,CNT
prerank,Reactome_2022__Termination Of Translesion DNA Synthesis R-HSA-5656169,0.7767135453007987,1.154492324858128,0.17418677859391396,0.4587291840026944,1.0,11/32,7.74%,UBB;RPS27A;UBA52;POLE4;RPA3;PCNA;POLE3;POLD2;UBC;POLI;TRIM25,CNT
prerank,Reactome_2022__DNA Double Strand Break Response R-HSA-5693606,0.7666208365524054,1.1535132959415728,0.12268041237113401,0.4641105947447887,1.0,19/44,10.62%,UBB;RPS27A;SUMO1;UBA52;UBE2I;BAZ1B;PPP5C;UIMC1;KAT5;UBC;MRE11;UBXN1;KDM4B;EYA4;RNF8;SMARCA5;UBE2V2;BABAM1;APBB1,CNT
prerank,Reactome_2022__Dual Incision In GG-NER R-HSA-5696400,0.7700643412005085,1.1534011597972151,0.1559917355371901,0.4638157415381345,1.0,21/41,13.82%,UBB;RPS27A;UBA52;POLE4;GTF2H5;RPA3;RBX1;PCNA;DDB1;POLE3;POLD2;PARP1;UBC;GTF2H3;ERCC1;XPA;GTF2H2;RFC2;CUL4B;RFC5;RFC3,CNT
prerank,Reactome_2022__Cellular Response To Heat Stress R-HSA-3371556,0.751075335308178,1.153167119040393,0.05852674066599395,0.4643438050421151,1.0,54/98,16.28%,UBB;EEF1A1;HSPA1A;RPS19BP1;HSPA1B;HSP90AB1;PTGES3;BAG1;VCP;HSPA9;HSP90AA1;MAPKAPK2;RPA3;MRPL18;HSPA2;AKT1S1;HSPH1;DNAJB1;HSBP1;BAG5;HIKESHI;HSPA12A;CRYAB;SEC13;FKBP4;NUP88;RANBP2;BAG3;NUP214;SERPINH1;SEH1L;NUP37;POM121C;DEDD2;NUP153;NUP93;BAG4;EP300;DNAJC7;NUP54;DNAJB6;HSF1;NUP42;HSPA8;NUP43;ST13;MLST8;NUP85;NUP155;MAPK3;NUP58;NUP160;HDAC6;TPR,CNT
prerank,Reactome_2022__DNA Damage Bypass R-HSA-73893,0.7644907633892976,1.1531540187307054,0.14329580348004095,0.4633943372432964,1.0,26/48,15.91%,UBB;RPS27A;UBA52;POLE4;UFD1;VCP;RPA3;RBX1;PCNA;DDB1;POLE3;MAD2L2;POLD2;UBC;POLI;TRIM25;UBE2B;UBE2L6;RFC2;CUL4B;RFC5;RFC3;USP1;NPLOC4;SPRTN;UBA7,CNT
prerank,Reactome_2022__Citric Acid Cycle (TCA Cycle) R-HSA-71403,0.7954864083266766,1.1526241764279048,0.19292604501607716,0.46573214073180175,1.0,12/21,10.80%,SDHD;IDH3G;SDHB;ACO2;MDH2;SUCLA2;FAHD1;LDHD;DLST;SDHA;SUCLG1;IDH3B,CNT
prerank,Reactome_2022__RNA Polymerase I Transcription Termination R-HSA-73863,0.775183873992723,1.152511970136266,0.20348204570184983,0.4654606493854526,1.0,13/27,9.64%,POLR2K;GTF2H5;POLR2F;POLR1D;POLR2H;POLR2L;POLR2E;MNAT1;GTF2H3;CCNH;UBTF;TTF1;TAF1B,CNT
prerank,Reactome_2022__IRE1alpha Activates Chaperones R-HSA-381070,0.7660417629363163,1.151980152463878,0.1268041237113402,0.4679293695690076,1.0,30/48,17.05%,MYDGF;TLN1;DCTN1;PDIA6;CTDSP2;SSR1;YIF1A;ATP6V0D1;KLHDC3;PREB;SYVN1;DNAJB9;ADD1;LMNA;HYOU1;GSK3A;ACADVL;SEC31A;HDGF;SERP1;GFPT1;WFS1;ARFGAP1;SHC1;EXTL3;EDEM1;WIPI1;ZBTB17;PPP2R5B;ERN1,CNT
prerank,Reactome_2022__COPI-independent Golgi-to-ER Retrograde Traffic R-HSA-6811436,0.7730381277337277,1.151832211670875,0.1808622502628812,0.46777319003909784,1.0,19/34,12.72%,DCTN3;DCTN1;ACTR10;CAPZB;CAPZA2;DCTN2;PAFAH1B3;DYNLL2;DCTN6;AGPAT3;RAB3GAP1;PAFAH1B1;RAB18;PAFAH1B2;DYNC1LI1;ACTR1A;BICD2;CAPZA1;DYNC1LI2,CNT
prerank,Reactome_2022__TRAF6-mediated Induction Of TAK1 Complex Within TLR4 Complex R-HSA-937072,0.8149747891989911,1.1517618111632062,0.22747747747747749,0.4672133523434354,1.0,6/15,8.15%,UBB;RPS27A;NDUFA2;UBA52;UBC;TRAF6,CNT
prerank,Reactome_2022__TICAM1-dependent Activation Of IRF3/IRF7 R-HSA-9013973,0.8338779574957467,1.1517497213082093,0.21723730814639905,0.46627660890801315,1.0,9/12,14.50%,UBB;RPS27A;UBA52;UBC;TLR3;TANK;IRF3;IRF7;TBK1,CNT
prerank,Reactome_2022__EPHB-mediated Forward Signaling R-HSA-3928662,0.7724217685843418,1.1517207584292593,0.1829652996845426,0.4654620792360283,1.0,15/33,15.60%,ARPC3;ARPC2;RHOA;ARPC5;HRAS;ACTR3;ARPC1A;YES1;LYN;PTK2;SDC2;WASL;ACTG1;LIMK2;SRC,CNT
prerank,Reactome_2022__PERK Regulates Gene Expression R-HSA-381042,0.7761973437457073,1.151494552041969,0.1808622502628812,0.46592607814828524,1.0,17/32,12.05%,DDIT3;EXOSC7;EIF2S3;DIS3;ATF6;HERPUD1;EXOSC8;ATF3;DCP2;EXOSC1;PARN;ATF4;EXOSC3;EIF2S1;EIF2S2;EXOSC4;NFYB,CNT
prerank,MSigDB_Hallmark_2020__Xenobiotic Metabolism,0.7358750829636895,1.151247155448466,0.028056112224448898,0.16024561639837454,0.926,58/197,9.17%,CYB5A;SPINT2;NINJ1;COMT;ECH1;FBP1;ALDH2;MT2A;PTGES3;ADH5;PTGR1;PGD;CNDP2;ASL;ACO2;GSTO1;PEMT;ARG2;CAT;JUP;PINK1;PTS;PMM1;PGRMC1;PSMB10;DHPS;SERTAD1;BLVRB;CDA;NDRG2;ALDH9A1;CBR1;DDT;BCAR1;NFS1;GSR;SSR3;HPRT1;UPP1;APOE;DCXR;CROT;MAOA;DHRS7;LPIN2;MCCC2;GSTM4;UGDH;CSAD;ACP1;BPHL;TKFC;DDAH2;EPHX1;GABARAPL1;ACOX1;ID2;ADH1C,CNT
prerank,Reactome_2022__Caspase Activation Via Death Receptors In Presence Of Ligand R-HSA-140534,0.8122394139457352,1.1510623394303128,0.22768878718535468,0.4676755709985907,1.0,8/15,14.16%,NDUFA2;RIPK1;TNFSF10;FADD;TNFRSF10B;TANK;TRADD;CFLAR,CNT
prerank,Reactome_2022__Formation Of Cornified Envelope R-HSA-6809371,0.7489174019707021,1.15070086229132,0.1120162932790224,0.46899145558699096,1.0,8/73,9.52%,CAPNS1;JUP;PRSS8;CAPN1;PERP;ST14;RCAN1;FURIN,CNT
prerank,Reactome_2022__RHOH GTPase Cycle R-HSA-9013407,0.7743015065919554,1.150453860574827,0.17034700315457413,0.46960538712173794,1.0,20/35,15.86%,VCP;JUP;ARHGDIA;MTR;DBT;OSBPL11;LAMTOR1;NSFL1C;NIPSNAP2;RALGAPA1;DBN1;STOM;PAK4;TUBA1B;UACA;WDR11;VAMP3;RAB7A;SLC1A5;CSK,CNT
prerank,Reactome_2022__Signaling By WNT R-HSA-195721,0.7379774376732313,1.1504094777571565,0.009009009009009009,0.4688508947870558,1.0,97/264,11.80%,CLTA;UBB;RPS27A;GNG5;PSMB6;PSMA7;PSME2;PSMB1;PFN1;SKP1;PSMB3;PSMD8;UBA52;PSMD13;CLTB;PSMB8;AP2A2;PSMD9;PSMA5;PSMC4;AP2M1;TLE5;SEM1;CBY1;PSMA3;RHOA;PSMD2;PSME1;PSMD7;PSMA1;PSMB10;VPS35;AP2S1;PPP2R5C;PSMC3;RBX1;PSMC6;GNB2;PSMB5;PRKG1;PSMA4;CUL3;AGO2;PSMD4;PSMA6;CALM1;PSMB7;TLE2;GNB1;GNG10;TLE3;PSMC5;TMED5;PSMB2;GNB5;PSMA2;CSNK2B;GNG11;KAT5;PPP2R5E;CSNK2A2;UBC;VPS26A;PPP2R1A;RUVBL1;VPS29;SFRP1;CSNK1E;PSMD12;KREMEN1;PRKCA;PSMD6;LRP5;SNX3;SOX4;PPP2R5A;TRRAP;BCL9L;PSMD11;RBBP5;DVL2;PPP2CA;NLK;PSME3;EP300;PSMF1;CSNK1G2;PSMD10;XIAP;AKT1;PSMD3;SOX13;NFATC1;AP2A1;SMURF1;FZD8;GNG7,CNT
prerank,Reactome_2022__Signaling By NOTCH R-HSA-157118,0.7409805423332233,1.1502038703300992,0.033099297893681046,0.4691946768442984,1.0,75/173,12.43%,UBB;RPS27A;PSMB6;PSMA7;PSME2;PSMB1;SKP1;PSMB3;PSMD8;UBA52;PSMD13;JUN;PSMB8;PSMD9;PSMA5;PSMC4;APH1A;TBL1X;SEM1;PSMA3;PSEN1;RUNX1;PSMD2;PSME1;PSMD7;PSMA1;PSMB10;CCNC;YBX1;PSMC3;RBX1;ELF3;PSMC6;PSMB5;TBL1XR1;PSMA4;AGO2;PSMD4;PSMA6;PSMB7;TLE2;TLE3;PSMC5;PSMB2;JAG1;EGFR;PSMA2;PSENEN;NCSTN;UBC;RFNG;CREB1;HDAC3;HDAC5;TFDP2;PSMD12;HIF1A;TFDP1;PSMD6;RBPJ;FURIN;PSMD11;NCOR2;PSME3;SNW1;EP300;PSMF1;PSMD10;AKT1;PSMD3;NOTCH1;WWC1;AGO3;TP53;KAT2B,CNT
prerank,MSigDB_Hallmark_2020__mTORC1 Signaling,0.737815877703141,1.1501199883802404,0.031062124248496994,0.1570226840084653,0.934,106/198,16.25%,TPI1;SQSTM1;PRDX1;DDIT3;PPIA;XBP1;PSMD13;HSPE1;TUBA4A;PSMC4;TCEA1;PPA1;ALDOA;GPI;PSMA3;RPN1;CYP51A1;ARPC5L;GAPDH;UBE2D3;HSPA9;MTHFD2L;SSR1;BTG2;PSMC6;PSMB5;PSMA4;EEF1E1;GGA2;GSR;HPRT1;PDAP1;GOT1;SEC11A;COPS5;RDH11;CCNG1;SLC37A4;CTSC;QDPR;ENO1;IFI30;ACTR3;SC5D;PIK3R3;LGMN;DDIT4;CCT6A;ATP5MC1;GLRX;PLOD2;PNP;HMGCR;PSMD12;PHGDH;YKT6;EBP;UFM1;ATP6V1D;ERO1A;SERPINH1;GMPS;SDF2L1;TM7SF2;PGM1;NFKBIB;EIF2S2;PSME3;INSIG1;P4HA1;MCM4;SERP1;PPP1R15A;TXNRD1;LDHA;CTH;CACYBP;ETF1;HSPD1;PSPH;LTA4H;UCHL5;ADD3;UNG;IFRD1;HMGCS1;SLC6A6;SQLE;FADS1;CD9;SLC1A5;TBK1;HMBS;M6PR;ABCF2;MCM2;NFIL3;GTF2H1;EGLN3;SRD5A1;GLA;GCLC;EDEM1;RIT1;SKAP2;TUBG1,CNT
prerank,Reactome_2022__Assembly Of HIV Virion R-HSA-175474,0.8019571481077026,1.1492045433101234,0.206858407079646,0.47466213473397556,1.0,11/17,10.78%,UBB;RPS27A;PPIA;UBA52;VPS28;MVB12A;UBC;VPS37B;VPS37C;FURIN;NMT2,CNT
prerank,Reactome_2022__Mitochondrial Calcium Ion Transport R-HSA-8949215,0.7868081248489202,1.1487058193677642,0.22916666666666666,0.4770222623413382,1.0,12/21,15.54%,SMDT1;VDAC2;PHB2;MICU2;YME1L1;MAIP1;PMPCA;MICU1;VDAC1;PARL;STOML2;MCU,CNT
prerank,Reactome_2022__MyD88 Deficiency (TLR2/4) R-HSA-5602498,0.8010360963146745,1.1485501148069952,0.23509561304836896,0.47706103788695675,1.0,1/17,0.73%,NDUFA2,CNT
prerank,Reactome_2022__RHO GTPases Activate ROCKs R-HSA-5627117,0.7953092842192413,1.1481295594710519,0.20930232558139536,0.4788257024413253,1.0,8/19,7.22%,MYL12B;RHOC;RHOA;MYL6;RHOB;MYH10;PPP1R12A;MYH9,CNT
prerank,Reactome_2022__HCMV Infection R-HSA-9609646,0.7473649008563494,1.1480881007083412,0.08181818181818182,0.47807836229409484,1.0,52/92,15.73%,TXN2;SNF8;CEBPD;CHMP2A;VPS25;TBL1X;VPS28;CBX1;VPS36;TBL1XR1;DYNLL2;CHMP4B;GPS2;TRIM28;ITGB1;RBBP7;VPS4A;EGFR;MVB12A;SEC13;CHMP2B;NUP88;RANBP2;TRMU;VPS37B;CREB1;HDAC3;DUT;NUP214;VPS37C;SEH1L;NUP37;POM121C;NUP153;NUP93;NCOR2;HNRNPK;NUP54;DYNC1LI1;RRM1;CHMP6;NUP42;DYNC1LI2;VPS37D;NUP43;SUZ12;NUP85;IRS1;NUP155;DYNLL1;NUP58;NUP160,CNT
prerank,Reactome_2022__SUMOylation Of SUMOylation Proteins R-HSA-4085377,0.7713876122246348,1.1479845540934865,0.1897810218978102,0.47777559946098147,1.0,25/35,18.41%,SUMO1;SUMO2;UBE2I;TOPORS;SEC13;NUP88;RANBP2;NUP214;SEH1L;NUP37;POM121C;NUP153;NUP93;NUP54;NUP42;NUP43;NUP85;NUP155;NUP58;NUP160;TPR;NUP205;NUP35;NUP188;NUP62,CNT
prerank,Reactome_2022__Transport To Golgi And Subsequent Modification R-HSA-948021,0.7381883677081896,1.147886708347282,0.03911735205616851,0.4773975078380305,1.0,84/164,14.31%,TRAPPC1;TRAPPC5;ARF5;COPE;DCTN3;COPZ1;TMED9;RAB1B;TRAPPC6A;DCTN1;KDELR1;ACTR10;CD59;TRAPPC2L;CAPZB;FUCA1;CAPZA2;DCTN2;KDELR2;CNIH1;DYNLL2;GOSR1;PTGES2;ARF4;COG3;SPTBN2;PREB;CD55;TRAPPC4;DCTN6;CTSC;STX5;MCFD2;TBC1D20;ARFGAP2;NAPG;ANK3;TRAPPC6B;SEC13;TRAPPC2;MGAT4A;MGAT4B;BET1;SPTAN1;ST6GAL1;COPB1;COPB2;PPP6R1;YKT6;TMED3;TRAPPC3;MAN1A2;CSNK1D;SEC22B;SCFD1;SEC31A;STX17;CTSZ;ARF3;TMEM115;TGFA;COG4;LMAN2;SEC24B;PPP6C;COPA;DYNC1LI1;ACTR1A;B4GALT3;COPG1;MGAT5;CAPZA1;SEC23IP;COPG2;DYNC1LI2;TRAPPC9;COG1;BET1L;PPP6R3;ARFGAP1;TFG;TRAPPC10;B4GALT1;MAN2A1,CNT
prerank,Reactome_2022__Golgi Associated Vesicle Biogenesis R-HSA-432722,0.7580045037966618,1.1478009572685912,0.13291796469366562,0.476950933602169,1.0,25/55,13.50%,BLOC1S1;CLTA;FTH1;VAMP8;FTL;AP1S1;AP1M2;SNX5;AP3S1;SNAPIN;GAK;YIPF6;RAB5C;AP1B1;TGOLN2;TXNDC5;SNX2;NECAP1;IGF2R;ACBD3;SORT1;VAMP7;HSPA8;PIK3C2A;TBC1D8B,CNT
prerank,Reactome_2022__GRB2:SOS Provides Linkage To MAPK Signaling For Integrins R-HSA-354194,0.8048902214780551,1.1477893339650143,0.23337091319052988,0.476023101226588,1.0,6/15,10.99%,TLN1;GRB2;RAP1B;PTK2;RAP1A;SOS1,CNT
prerank,Reactome_2022__Interleukin-15 Signaling R-HSA-8983432,0.8096168014507072,1.1477753958983765,0.23509174311926606,0.4751076174079158,1.0,7/14,14.57%,GRB2;SOS2;JAK1;STAT3;SOS1;SHC1;STAT5A,CNT
prerank,Reactome_2022__HCMV Early Events R-HSA-9609690,0.7518480596183703,1.1467767052528826,0.1017293997965412,0.4803723579513386,1.0,43/68,18.41%,TXN2;TBL1X;CBX1;TBL1XR1;DYNLL2;GPS2;TRIM28;ITGB1;RBBP7;EGFR;SEC13;NUP88;RANBP2;CREB1;HDAC3;DUT;NUP214;SEH1L;NUP37;POM121C;NUP153;NUP93;NCOR2;NUP54;DYNC1LI1;RRM1;NUP42;DYNC1LI2;NUP43;SUZ12;NUP85;IRS1;NUP155;DYNLL1;NUP58;NUP160;TPR;NUP205;DAXX;NCOR1;NUP35;NUP188;NUP62,CNT
prerank,MSigDB_Hallmark_2020__heme Metabolism,0.7317188657264166,1.1467563961111749,0.04504504504504504,0.16245706203273388,0.945,89/194,15.93%,PRDX2;HEBP1;ISCA1;HAGH;PSMD9;TOP1;TCEA1;NFE2L1;EIF2AK1;CAT;LRP10;CCND3;SELENBP1;FECH;CCDC28A;MGST3;DMTN;NCOA4;PGLS;BTG2;SLC25A37;BLVRB;BPGM;TNS1;BCAM;CLCN3;SEC14L1;MXI1;GLRX5;ALDH1L1;CIR1;TRAK2;MPP1;UBAC1;VEZF1;EPOR;YPEL5;CTSB;ADIPOR1;GDE1;DCAF11;TMEM9B;FBXO9;FBXO7;ADD1;CDC27;LPIN2;RIOK3;SLC30A1;HTRA2;RBM5;TFDP2;SLC66A2;RAD23A;BNIP3L;SLC11A2;DCUN1D1;MINPP1;RCL1;SDCBP;GMPS;BLVRA;SIDT2;HDGF;ALAD;HTATIP2;USP15;PIGQ;BSG;RNF123;BMP2K;FOXJ2;SLC4A1;FBXO34;EPB41;KAT2B;RANBP10;NARF;XPO7;EZH1;DAAM1;HMBS;HBD;NEK7;PPOX;SLC25A38;KHNYN;GCLC;KLF3,CNT
prerank,Reactome_2022__Spry Regulation Of FGF Signaling R-HSA-1295596,0.8028175836133458,1.1465348195402851,0.24751381215469614,0.48092352865918236,1.0,12/16,15.60%,UBB;RPS27A;UBA52;GRB2;UBC;PPP2R1A;PTPN11;PPP2CA;CBL;BRAF;MAPK3;SRC,CNT
prerank,Reactome_2022__Branched-chain Amino Acid Catabolism R-HSA-70895,0.7905114482599604,1.1464624851761138,0.2148309705561614,0.48037549679175723,1.0,10/21,12.61%,ECHS1;HIBCH;HSD17B10;LDHD;DBT;MCCC2;BCKDK;HIBADH;SOAT1;IVD,CNT
prerank,Reactome_2022__TGF-beta Receptor Signaling Activates SMADs R-HSA-2173789,0.7648138050459582,1.1464129904899125,0.1678681771369722,0.4797144095323103,1.0,22/44,12.59%,UBB;RPS27A;UBA52;PPP1CA;SMAD2;NEDD8;UBE2M;FKBP1A;ITGB1;STUB1;UBC;ITGB5;LTBP3;SMAD7;SRFBP1;USP15;FURIN;ITGB8;PPP1R15A;SMURF1;CBL;UCHL5,CNT
prerank,Reactome_2022__Telomere Maintenance R-HSA-157579,0.7515633586142227,1.1463715258518228,0.12538226299694188,0.47898073057674234,1.0,29/64,13.82%,POLR2I;POLR2J;POLR2K;NHP2;POLR2F;POLR2H;POLR2L;RPA3;POLR2E;POLR2A;PCNA;DKC1;TERF2IP;POLD2;NOP10;RUVBL1;POLR2C;TINF2;POLR2G;POLR2B;PPP6C;GAR1;RFC2;PRIM2;PPP6R3;POLR2D;RFC5;WRN;RFC3,CNT
prerank,Reactome_2022__Nuclear Events Stimulated By ALK Signaling In Cancer R-HSA-9725371,0.7973873779275839,1.1463579810970892,0.20783460282916214,0.4780537893662963,1.0,11/19,15.52%,RPS6;NPM1;SKP1;RBX1;MECP2;STAT3;ZC3HC1;KIF5B;STAT5A;MAPK3;CUL1,CNT
prerank,Reactome_2022__Nucleotide Salvage R-HSA-8956321,0.7799816981407753,1.1461562354646417,0.23059866962305986,0.47834564232893495,1.0,9/23,7.85%,APRT;DGUOK;GMPR2;CDA;HPRT1;UPP1;PUDP;ADAL;GMPR,CNT
prerank,Reactome_2022__RAF-independent MAPK1/3 Activation R-HSA-112409,0.7892713924048547,1.1459861258554547,0.1776595744680851,0.4784782354010211,1.0,12/23,14.78%,TYK2;IL6ST;MAP2K2;JAK1;PTPN11;PEA15;MAP2K1;DUSP16;DUSP6;DUSP12;DUSP9;MAPK3,CNT
prerank,Reactome_2022__Ethanol Oxidation R-HSA-71384,0.8154730892031421,1.1456031909751037,0.26128266033254155,0.47991779107540505,1.0,5/11,11.53%,ALDH2;ALDH1A1;ADH5;ADH1C;ACSS2,CNT
prerank,Reactome_2022__Recruitment Of NuMA To Mitotic Centrosomes R-HSA-380320,0.7448812287618594,1.145439276208439,0.12234580384226491,0.47997205004699867,1.0,40/79,16.25%,MZT2B;TUBB4B;DCTN3;MZT2A;TUBA4A;DCTN1;SSNA1;HSP90AA1;DCTN2;CETN2;MZT1;TUBA1A;OFD1;PPP2R1A;AKAP9;CEP290;HAUS4;CSNK1E;NUMA1;PRKCA;HAUS3;CSNK1D;PAFAH1B1;CEP63;TUBGCP4;TUBGCP6;CEP57;CNTRL;ACTR1A;HAUS2;PCM1;HAUS1;YWHAG;TUBGCP3;DYNLL1;CEP192;TUBGCP2;TUBG2;HAUS6;TUBG1,CNT
prerank,Reactome_2022__Phase 2 - Plateau Phase R-HSA-5576893,0.79378162259372,1.1454084585720936,0.24971098265895952,0.4791827897539051,1.0,3/15,6.40%,KCNQ1;CACNA2D2;AKAP9,CNT
prerank,Reactome_2022__tRNA Processing R-HSA-72306,0.7413385396621255,1.1444091308362456,0.07150050352467271,0.48450640782656995,1.0,63/104,18.41%,RTRAF;TRMT112;POP5;RAN;TYW3;RTCB;HSD17B10;RPP21;TRMT10C;RPP38;TSEN34;ZBTB8OS;SEC13;RPP14;NUP88;RANBP2;TRMU;ELAC2;POP7;TYW5;TRMT13;NUP214;SEH1L;URM1;OSGEP;NUP37;POM121C;NUP153;NUP93;FAM98B;TSEN15;RPP30;TP53RK;NUP54;TRMT11;LAGE3;NUP42;CPSF4;TSEN54;TRMT9B;NUP43;NSUN2;XPOT;PRORP;TRMT6;FTSJ1;NUP85;NUP155;TRDMT1;TRMT12;TRNT1;NUP58;NUP160;TRMT10A;TPR;NUP205;RPP40;TRMT61A;NUP35;NUP188;ADAT1;THADA;NUP62,CNT
prerank,Reactome_2022__RNA Polymerase I Transcription Initiation R-HSA-73762,0.7528459036857058,1.1443034603290494,0.1914672216441207,0.48422984909909056,1.0,21/43,12.45%,POLR2K;GTF2H5;POLR2F;POLR1D;POLR2H;POLR2L;POLR2E;GATAD2B;RBBP7;CHD4;MNAT1;CHD3;GTF2H3;CCNH;UBTF;EHMT2;TTF1;TAF1B;MTA1;KAT2B;GTF2H2,CNT
prerank,Reactome_2022__FLT3 Signaling In Disease R-HSA-9682385,0.7702601087924046,1.1441354156468577,0.2110286320254507,0.4843467834859908,1.0,15/27,15.64%,UBB;RPS27A;UBA52;HRAS;TRIP11;GRB2;BCL2L1;UBC;PTPN11;SOS1;ETV6;CBL;NRAS;STAT5A;PIK3R1,CNT
prerank,Reactome_2022__RNA Polymerase I Promoter Clearance R-HSA-73854,0.751544072752271,1.143902076933074,0.18134715025906736,0.4847666573369507,1.0,25/46,15.33%,POLR2K;GTF2H5;POLR2F;POLR1D;POLR2H;POLR2L;CBX3;POLR2E;GATAD2B;RBBP7;CHD4;MNAT1;CHD3;GTF2H3;CCNH;UBTF;EHMT2;TTF1;TAF1B;MTA1;KAT2B;GTF2H2;MAPK3;TAF1C;GTF2H1,CNT
prerank,Reactome_2022__Oxidative Stress Induced Senescence R-HSA-2559580,0.749829107541205,1.143859876607855,0.12268041237113401,0.48406978965736747,1.0,23/63,13.86%,UBB;RPS27A;TXN2;UBA52;JUN;FOS;PHC2;MAPKAPK2;CDK4;RBBP7;CBX6;UBC;MAPKAPK3;TFDP2;TFDP1;RING1;MAPK14;MAP3K5;AGO3;TP53;MAPKAPK5;SUZ12;MAP2K7,CNT
prerank,Reactome_2022__Plasma Lipoprotein Assembly R-HSA-8963898,0.8027266394466247,1.1438072197517444,0.21973094170403587,0.4834145375053295,1.0,4/16,7.69%,P4HB;APOE;APOC1;PRKCA,CNT
prerank,Reactome_2022__COPII-mediated Vesicle Transport R-HSA-204005,0.7523005544470229,1.1433692514220783,0.1492842535787321,0.4852315951781269,1.0,36/66,13.80%,TRAPPC1;TRAPPC5;RAB1B;TRAPPC6A;CD59;TRAPPC2L;CNIH1;PREB;TRAPPC4;CTSC;STX5;MCFD2;TBC1D20;NAPG;TRAPPC6B;SEC13;TRAPPC2;BET1;PPP6R1;YKT6;TRAPPC3;CSNK1D;SEC22B;SCFD1;SEC31A;STX17;CTSZ;TGFA;LMAN2;SEC24B;PPP6C;SEC23IP;TRAPPC9;PPP6R3;TFG;TRAPPC10,CNT
prerank,Reactome_2022__Transcriptional Regulation Of Granulopoiesis R-HSA-9616222,0.7657733295609722,1.1433200979910085,0.22115384615384615,0.4845766428220231,1.0,11/30,11.58%,RUNX1;CDK4;DEK;CREB1;TFDP2;TFDP1;RXRA;GATA2;STAT3;EP300;CBFB,CNT
prerank,Reactome_2022__Uptake And Actions Of Bacterial Toxins R-HSA-5339562,0.7723850593390461,1.1431354923296757,0.19894179894179895,0.4847909120417433,1.0,10/29,13.86%,EEF2;HSP90AB1;HSP90AA1;CALM1;MAP2K2;FURIN;MAP2K1;TXNRD1;CD9;MAP2K7,CNT
prerank,Reactome_2022__SUMOylation Of DNA Replication Proteins R-HSA-4615885,0.761788503335647,1.1428136501502604,0.15970772442588727,0.4857638457602713,1.0,28/45,18.41%,SUMO1;SUMO2;UBE2I;TOP1;PCNA;TOP2B;SEC13;NUP88;RANBP2;NUP214;SEH1L;NUP37;POM121C;NUP153;NUP93;NUP54;NUP42;NUP43;NUP85;NUP155;NUP58;NUP160;TPR;NUP205;RANGAP1;NUP35;NUP188;NUP62,CNT
prerank,MSigDB_Hallmark_2020__PI3K/AKT/mTOR  Signaling,0.73548692618611,1.1427170412405012,0.10435663627152988,0.171270771392008,0.957,42/105,12.31%,ARPC3;SQSTM1;PFN1;DDIT3;ARF1;PPP1CA;AP2M1;MKNK2;SMAD2;CFL1;UBE2D3;AKT1S1;ARHGDIA;HRAS;CDKN1B;THEM4;CDK4;EIF4E;PIN1;DUSP3;GRB2;EGFR;RIPK1;CSNK2B;ACTR3;PIK3R3;RAC1;PTPN11;PRKAG1;CAB39L;NCK1;PRKAA2;ECSIT;IRAK4;ATF1;NFKBIB;PAK4;PIKFYVE;AKT1;RPS6KA3;TSC2;STAT2,CNT
prerank,Reactome_2022__Cargo Trafficking To Periciliary Membrane R-HSA-5620920,0.7535405729397875,1.1424856909057777,0.16459627329192547,0.4869410780811894,1.0,25/50,14.52%,CCT4;CCT8;CCT3;BBIP1;RAB11FIP3;EXOC7;PTGES2;CCT5;ARF4;TCP1;NUDT19;EXOC4;UNC119B;BBS1;RAB8A;CCT2;PKD1;PDE6D;BBS12;BBS7;PRKD2;BBS2;BBS5;LZTFL1;EXOC5,CNT
prerank,Reactome_2022__Signaling By RAF1 Mutants R-HSA-9656223,0.7654247875120549,1.1420602342881019,0.18808777429467086,0.4886481855613257,1.0,15/38,15.86%,TLN1;HRAS;CALM1;RAP1B;ARAF;MAP2K2;VCL;IQGAP1;MAP2K1;RAP1A;NRAS;BRAF;MAPK3;SRC;CSK,CNT
prerank,Reactome_2022__Chondroitin Sulfate Biosynthesis R-HSA-2022870,0.7869599631029687,1.1419628641828388,0.2386237513873474,0.48823655601450633,1.0,4/20,9.65%,CHST3;CSGALNACT1;CHST12;CHPF,CNT
prerank,Reactome_2022__Signaling By MET R-HSA-6806834,0.7454849175382744,1.141894669112495,0.13687436159346272,0.4877261033559623,1.0,38/63,16.56%,UBB;RPS27A;SPINT2;UBA52;RAB4A;MUC20;HRAS;RNMT;ITGB1;GRB2;PTPRJ;RAP1B;UBC;PTPN1;ITGA3;LAMB1;PTPN11;PTK2;STAM2;RAP1A;STAT3;CRK;SOS1;CBL;RANBP10;USP8;HGS;SHC1;NRAS;CRKL;RAPGEF1;SH3GL2;LMNB2;SRC;PIK3R1;GGA3;LRIG1;RANBP9,CNT
prerank,Reactome_2022__Translation Of Replicase And Assembly Of Replication Transcription Complex R-HSA-9679504,0.8211450176175609,1.14169959606031,0.26714801444043323,0.4879135079258524,1.0,5/11,6.23%,CHMP2A;MAP1LC3B;CHMP4B;BECN1;CHMP2B,CNT
prerank,Reactome_2022__Transcriptional Regulation By VENTX R-HSA-8853884,0.7531769547481886,1.141676174848043,0.19421487603305784,0.4870875170269416,1.0,17/39,13.73%,ANAPC11;ANAPC16;CDC26;ANAPC5;UBE2E1;UBE2S;RELA;CDC27;UBE2D1;ANAPC15;EHMT2;ANAPC4;AGO3;TP53;ANAPC2;TCF7L2;CTNNB1,CNT
prerank,Reactome_2022__Energy Dependent Regulation Of mTOR By LKB1-AMPK R-HSA-380972,0.7711427263449383,1.1416638949212639,0.21321961620469082,0.4862028802980636,1.0,18/29,14.22%,LAMTOR2;RHEB;LAMTOR4;LAMTOR3;LAMTOR5;LAMTOR1;PRKAG1;CAB39L;PPM1A;PRKAA2;RRAGA;STK11;TSC2;SLC38A9;STRADB;MLST8;TSC1;PRKAB2,CNT
prerank,Reactome_2022__RHO GTPases Activate PKNs R-HSA-5625740,0.7685146437416166,1.140766955130223,0.19872476089266738,0.4907018671421572,1.0,13/33,10.62%,MYL12B;RHOC;RHOA;MYL6;RHOB;YWHAH;KDM1A;MYH10;PPP1R12A;MYH9;REXO2;YWHAQ;MYL9,CNT
prerank,Reactome_2022__SUMOylation Of DNA Methylation Proteins R-HSA-4655427,0.8063627580091942,1.1406635116728576,0.24489795918367346,0.4903845622683333,1.0,6/15,10.98%,SUMO1;UBE2I;PHC2;RING1;PCGF2;DNMT1,CNT
prerank,Reactome_2022__Centrosome Maturation R-HSA-380287,0.7424901626781981,1.14033890674504,0.12032355915065723,0.49148617502322994,1.0,40/80,16.25%,MZT2B;TUBB4B;DCTN3;MZT2A;TUBA4A;DCTN1;SSNA1;HSP90AA1;DCTN2;CETN2;MZT1;TUBA1A;OFD1;PPP2R1A;AKAP9;CEP290;HAUS4;CSNK1E;PRKCA;HAUS3;CDK11B;CSNK1D;PAFAH1B1;CEP63;TUBGCP4;TUBGCP6;CEP57;CNTRL;ACTR1A;HAUS2;PCM1;HAUS1;YWHAG;TUBGCP3;DYNLL1;CEP192;TUBGCP2;TUBG2;HAUS6;TUBG1,CNT
prerank,Reactome_2022__RNA Polymerase I Transcription R-HSA-73864,0.7492048131423413,1.1398264515190795,0.18464730290456433,0.4937466755359592,1.0,25/47,15.33%,POLR2K;GTF2H5;POLR2F;POLR1D;POLR2H;POLR2L;CBX3;POLR2E;GATAD2B;RBBP7;CHD4;MNAT1;CHD3;GTF2H3;CCNH;UBTF;EHMT2;TTF1;TAF1B;MTA1;KAT2B;GTF2H2;MAPK3;TAF1C;GTF2H1,CNT
prerank,Reactome_2022__RHO GTPases Activate PAKs R-HSA-5627123,0.7836863267370269,1.1392791053938915,0.23893805309734514,0.49628508415926653,1.0,10/21,10.62%,MYL12B;FLNA;MYL6;CALM1;MYH10;PPP1R12A;NF2;MYH9;ARHGEF7;MYL9,CNT
prerank,Reactome_2022__DNA Repair R-HSA-73894,0.7300232513598419,1.1386211163143423,0.018,0.4992813656763976,1.0,144/279,17.44%,UBB;RPS27A;SUMO1;POLR2I;SUMO2;POLR2J;MGMT;POLR2K;CENPX;UBA52;UBE2I;POLE4;XRCC6;UFD1;TCEA1;SEM1;PPP4C;COPS8;APEX1;VCP;HMGN1;GTF2H5;POLR2F;POLR2H;BAZ1B;POLR2L;PPIE;RPA3;FAAP20;RBX1;MCRS1;POLR2E;ALKBH5;CETN2;POLR2A;FAN1;COPS5;PCNA;DDB1;PPP5C;RRAD;UIMC1;ASCC2;POLE3;TERF2IP;MAD2L2;RAD51C;KAT5;POLD2;PARP1;SMUG1;COPS3;COPS2;UBC;POLI;MNAT1;MPG;RUVBL1;ASCC1;GTF2H3;MLH1;MSH3;MRE11;UBXN1;CCNH;INO80;ERCC1;KDM4B;POLR2C;TRIM25;RNF4;EYA4;RAD23A;YY1;UBE2B;PNKP;RNF8;TDP2;SMARCA5;GPS1;TINF2;PRPF19;MBD4;TFPT;XPA;PMS2;UBE2V2;POLR2G;POLG2;EP300;BABAM1;APBB1;COPS4;POLR2B;AQR;MSH6;INO80E;UBE2L6;XPC;POLM;TP53;GTF2H2;UNG;COPS6;RFC2;ACTL6A;ABRAXAS1;POLR2D;CUL4B;RFC5;WRN;RAD9A;RFC3;USP1;FANCC;PIAS1;ALKBH3;NPLOC4;KPNA2;GTF2H1;SPRTN;ALKBH2;TIPIN;TOP3A;RAD52;PALB2;RAD51D;UBA7;TDG;FANCF;PARP2;LRIG1;HUS1;NSD2;POLN;ERCC2;RAD17;ABL1;RMI2;GTF2H4;XRCC1;GEN1;DCLRE1A;LRIG3,CNT
prerank,Reactome_2022__Thrombin Signaling Thru Proteinase Activated Receptors (PARs) R-HSA-456926,0.7688072807203563,1.1384127131812372,0.21894736842105264,0.4995611082345022,1.0,7/32,5.67%,GNG5;GNB2;GNB1;GNG10;GNAQ;GNB5;GNG11,CNT
prerank,Reactome_2022__CD209 (DC-SIGN) Signaling R-HSA-5621575,0.7758059326784675,1.138259750452493,0.2524698133918771,0.4995782585277853,1.0,8/20,14.22%,HRAS;RELA;LYN;PRKCA;ARHGEF7;EP300;ICAM3;NRAS,CNT
prerank,Reactome_2022__Nuclear Envelope (NE) Reassembly R-HSA-2995410,0.7432268876337533,1.1379838543828817,0.13866396761133604,0.500307676073162,1.0,37/73,16.81%,SUMO1;RAN;TUBB4B;UBE2I;CHMP2A;TUBA4A;BANF1;CHMP4B;TUBA1A;TMPO;VPS4A;SIRT2;SEC13;PPP2R1A;CHMP2B;LMNA;TUBA1C;SEH1L;NUP37;AHCTF1;NUP93;PPP2CA;ANKLE2;NUP54;CHMP6;TUBA1B;NUP43;PPP2R2A;NUP85;LEMD3;NUP155;NUP58;NUP160;TUBB2B;LEMD2;NUP205;RANGAP1,CNT
prerank,Reactome_2022__Signaling By Interleukins R-HSA-449147,0.7262391285815524,1.1376736325312264,0.006,0.5012967055813933,1.0,151/451,15.17%,UBB;RPS27A;SOD1;PSMB6;PSMA7;SQSTM1;PSME2;PSMB1;SKP1;PPIA;PSMB3;PSMD8;UBA52;P4HB;PSMD13;CEBPD;JUN;PSMB8;CISH;FOS;PSMD9;AURKAIP1;PSMA5;PSMC4;SEM1;GSTO1;TALDO1;NFKBIA;PDCD4;PSMA3;BOLA2B;SYK;TYK2;PSMD2;PSME1;PSMD7;HSPA9;HSP90AA1;PSMA1;PSMB10;MAPKAPK2;SIGIRR;MSN;PSMC3;TOLLIP;RBX1;PSMC6;PSMB5;PSMA4;GSDMD;CLSTN1;PSMD4;PSMA6;PSMB7;N4BP1;GATA3;HNRNPF;PSMC5;ITGB1;IL6ST;CNN2;RPLP0;RELA;DUSP3;GRB2;PSMB2;BCL2L1;RAP1B;PSMA2;MAOA;SNRPA1;UBC;BRWD1;SOS2;PPP2R1A;TOX4;YES1;PIK3R3;IL18;TCP1;CREB1;JAK1;PTPN11;MAPKAPK3;LYN;PSMD12;HIF1A;SOCS2;PRKCA;SOCS1;PSMD6;HNRNPDL;TRAF6;TANK;NKIRAS2;ANXA2;TNIP2;IRAK4;RALA;MAPK14;MAP2K1;PSMD11;USP14;NFKBIB;PPP2CA;STAT3;PSME3;DUSP6;PSMF1;CRK;RPS6KA2;SOS1;PSMD10;STX4;IKBIP;AKT1;PTPN23;PTPN20;PSMD3;PIK3R2;RPS6KA3;CAPZA1;CBL;STAT2;TP53;VAMP7;POMC;HSPA8;VRK3;UBE2V1;IL13RA1;IL1R1;SOCS3;POU2F1;IL1RAPL1;SHC1;MAP2K7;BCL2;RIPK2;IRS1;MCL1;TBK1;CRKL;STAT5A;MAPK7;CASP3;INPPL1;MAPK3;RAPGEF1;PTPN6;PSMC1,CNT
prerank,Reactome_2022__Activation Of AP-1 Family Of Transcription Factors R-HSA-450341,0.8130340618105323,1.1375725505614382,0.29683698296836986,0.5009526739829254,1.0,3/10,9.54%,JUN;FOS;MAPK14,CNT
prerank,Reactome_2022__Signal Amplification R-HSA-392518,0.7666204086305054,1.1372416968219166,0.21656050955414013,0.502077099404449,1.0,12/33,13.35%,GNG5;GNAI3;GNB2;GNB1;GNG10;AAMP;GNAQ;GNB5;GNG11;MAPK14;GNG7;GNG12,CNT
prerank,Reactome_2022__Disorders Of Transmembrane Transporters R-HSA-5619115,0.7343314924423106,1.137180275272031,0.04008016032064128,0.501507014445822,1.0,63/176,11.41%,UBB;RPS27A;PSMB6;PSMA7;PSME2;PSMB1;PSMB3;PSMD8;UBA52;PSMD13;OS9;PSMB8;PSMD9;PSMA5;PSMC4;SEM1;VCP;PSMA3;PSMD2;PSME1;PSMD7;PSMA1;PSMB10;SLC39A4;PSMC3;DERL2;PSMC6;PSMB5;PSMA4;SLC40A1;PSMD4;PSMA6;ERLIN2;PSMB7;PSMC5;PSMB2;PSMA2;AVPR1A;UBC;SEC13;NUP88;RANBP2;SLC3A2;RNF185;PSMD12;PSMD6;SLC11A2;NUP214;ABCC6;SEH1L;NUP37;RNF5;POM121C;NUP153;NUP93;PSMD11;BSG;PSME3;PSMF1;PSMD10;NUP54;SLC4A1;PSMD3,CNT
prerank,Reactome_2022__Androgen Biosynthesis R-HSA-193048,0.8205759689772757,1.1367141112787045,0.26705882352941174,0.5034481169969643,1.0,4/11,15.55%,HSD17B12;POMC;SRD5A3;SRD5A1,CNT
prerank,Reactome_2022__Class I MHC Mediated Antigen Processing And Presentation R-HSA-983169,0.7269537016624881,1.1366048162759324,0.006,0.5031472077968058,1.0,170/377,15.93%,ANAPC11;UBB;RPS27A;VAMP8;SEC61B;CYBA;ELOC;PSMB6;PSMA7;RNF7;NDUFA2;HLA-C;PSME2;HLA-B;PSMB1;SKP1;B2M;PSMB3;PSMD8;UBA52;PSMD13;CDC26;UBE2D2;PSMB8;ELOB;HLA-E;PSMD9;PSMA5;PSMC4;SEM1;ANAPC5;PDIA3;PSMA3;RBCK1;UBE2D3;PSMD2;PSME1;PSMD7;HUWE1;PSMA1;PSMB10;RNF114;PSMC3;RBX1;PSMC6;RNF144B;PSMB5;PSMA4;UBE2F;CUL3;PSMD4;PSMA6;UBE2M;FBXL3;ANAPC13;PSMB7;CDC34;UBE2A;TAPBP;PSMC5;UBE2E1;FBXL15;SEC61A1;STUB1;UBAC1;UBE2S;RBBP6;UBE2W;UBE2J2;PSMB2;PSMA2;SNAP23;RNF213;BECN1;MGRN1;FBXO9;FBXO7;FBXO21;UBC;SEC13;KCTD6;CDC27;UBE2D1;ARIH2;FBXL4;UBE2Q1;ITGB5;ASB8;FBXW5;PSMD12;SEC61G;SOCS1;RNF4;PSMD6;UBE2K;FBXL22;UBE2B;TRIM41;SEC22B;ANAPC4;UBE3A;RNF34;SEC31A;FBXO11;FBXL20;UBE2V2;PSMD11;FBXO22;UBE3D;KLHL5;KLHL21;UBE2O;TRIM4;ASB6;RNF123;UBA5;LONRF1;LRRC41;FBXO44;KLHL9;PSME3;PSMF1;UBE2Q2;PSMD10;STX4;SEC24B;UBE2L6;PSMD3;FBXO17;LMO7;UBA3;SIAH2;SMURF1;FBXL12;UBE2R2;ERAP2;KLHL42;ASB13;HERC3;CBLB;SH3RF1;TRAF7;UBE2V1;ANAPC2;VAMP3;RNF19B;SOCS3;RNF220;KLHL2;PJA1;KBTBD7;KEAP1;UBR4;UBE2L3;FBXL8;CUL2;RNF126;MIB2;ASB7;PSMC1;THOP1;SEC24A;TRIM39;HERC1;CUL1;AREL1;SPSB2;HERC5;UBA7;UBE2D4,CNT
prerank,Reactome_2022__Signaling To ERKs R-HSA-187687,0.7615308841780125,1.1362826465210076,0.2222222222222222,0.5042626602105506,1.0,21/33,15.60%,MAPKAPK2;HRAS;GRB2;MAP2K2;MAPKAPK3;KIDINS220;RALA;MAPK14;MAP2K1;FRS2;RAP1A;CRK;SOS1;RALGDS;SHC1;NRAS;BRAF;CRKL;MAPK3;RAPGEF1;SRC,CNT
prerank,Reactome_2022__Regulation Of PLK1 Activity At G2/M Transition R-HSA-2565942,0.7353897109014484,1.1361219107837803,0.1346153846153846,0.504307221290486,1.0,40/86,16.25%,UBB;RPS27A;SKP1;TUBB4B;DCTN3;UBA52;TUBA4A;DCTN1;SSNA1;HSP90AA1;DCTN2;CETN2;TUBA1A;OFD1;UBC;PPP1R12A;PPP2R1A;AKAP9;CEP290;HAUS4;CSNK1E;PRKCA;HAUS3;CSNK1D;PAFAH1B1;CEP63;RAB8A;CEP57;CNTRL;ACTR1A;HAUS2;PCM1;HAUS1;YWHAG;DYNLL1;CUL1;CEP192;PPP1R12B;HAUS6;TUBG1,CNT
prerank,Reactome_2022__Positive Epigenetic Regulation Of rRNA Expression R-HSA-5250913,0.7543058687795625,1.1361043895126175,0.19535374868004224,0.5034509634228579,1.0,22/42,13.55%,POLR2K;POLR2F;POLR1D;POLR2H;BAZ1B;POLR2L;CBX3;POLR2E;GATAD2B;RBBP7;CHD4;DEK;CHD3;EHMT2;SMARCA5;TTF1;TAF1B;EP300;MTA1;SF3B1;KAT2B;DDX56,CNT
prerank,Reactome_2022__Sema4D In Semaphorin Signaling R-HSA-400685,0.7756059979408605,1.1359266110764563,0.21653971708378672,0.5036066229386185,1.0,10/24,7.22%,MYL12B;RHOC;RHOA;MYL6;ERBB2;RHOB;RNMT;MYH10;ARHGEF11;MYH9,CNT
prerank,Reactome_2022__Diseases Associated With Glycosylation Precursor Biosynthesis R-HSA-5609975,0.802421416689259,1.1359059690084243,0.26072234762979685,0.5027722526083226,1.0,9/15,14.48%,DPM3;DPM2;DPM1;GALK1;PGM1;GFPT1;DHDDS;NUS1;SRD5A3,CNT
prerank,Reactome_2022__Cilium Assembly R-HSA-5617833,0.7273302767685007,1.1357395421937393,0.04104104104104104,0.5028595775608397,1.0,105/180,18.59%,DYNLRB1;CCT4;TUBB4B;DCTN3;HSPB11;TUBA4A;IFT20;DCTN1;SSNA1;CCT8;CCT3;BBIP1;HSP90AA1;RAB11FIP3;DCTN2;IFT22;EXOC7;DYNLL2;IFT43;PTGES2;CETN2;DYNC2LI1;CCT5;ARF4;TRIP11;TCTN3;TUBA1A;OFD1;TMEM216;IFT81;PPP2R1A;AKAP9;TCP1;CEP290;HAUS4;IFT57;CSNK1E;PRKCA;NUDT19;HAUS3;MKS1;WDR35;EXOC4;B9D1;IFT46;IFT27;CSNK1D;UNC119B;IFT88;PAFAH1B1;BBS1;CEP63;RAB8A;CCT2;TCTN2;CEP57;TRAF3IP1;CLUAP1;PKD1;CNTRL;ACTR1A;AHI1;IFT52;IFT122;PDE6D;BBS12;KIF3A;BBS7;B9D2;IFT140;HAUS2;PRKD2;PCM1;BBS2;BBS5;LZTFL1;MARK4;HAUS1;YWHAG;WDR19;C2CD3;EXOC5;TCTN1;CEP97;IFT80;DYNLL1;DYNLRB2;CEP192;HAUS6;HDAC6;BBS4;TUBG1;CEP83;CEP250;SEPTIN2;ATAT1;NPHP1;CCP110;CYS1;TTC30B;CEP72;ARL13B;PCNT;NINL;TTC30A,CNT
prerank,Reactome_2022__Signaling By Retinoic Acid R-HSA-5362517,0.7590768481389948,1.1355523077821112,0.2130115424973767,0.5031437074851299,1.0,16/41,11.31%,CRABP1;ALDH1A1;PDHA1;CPT1A;RDH11;DHRS3;LDHD;DLAT;PDHX;PDHB;RXRA;ADH1C;PDK4;RARB;PDK2;CRABP2,CNT
prerank,Reactome_2022__Paracetamol ADME R-HSA-9753281,0.7824823465068125,1.1354866166475404,0.22556390977443608,0.5026167852680374,1.0,3/27,3.39%,GSTP1;CNDP2;SLC38A1,CNT
prerank,"Reactome_2022__Gamma Carboxylation, Hypusine Formation And Arylsulfatase Activation R-HSA-163841",0.7582930036436972,1.1352716060049204,0.18087318087318088,0.5029098334882866,1.0,18/41,17.61%,EEF2;GAS6;ARSD;ICMT;DHPS;FN3KRP;SUMF2;DPH3;BGLAP;FURIN;ARSK;SUMF1;DPH7;FAM110A;TPST1;F8;DPH2;DPH6,CNT
prerank,Reactome_2022__Organelle Biogenesis And Maintenance R-HSA-1852241,0.7256301577392087,1.1351863283269152,0.023,0.5025452023149911,1.0,145/269,16.25%,ATP5PD;DYNLRB1;CCT4;MICOS10;SSBP1;TUBB4B;ATP5F1D;DCTN3;ATP5PF;HSPB11;TUBA4A;ATP5MG;IFT20;MICOS13;ATP5F1C;DCTN1;MTX1;TBL1X;TMEM11;SSNA1;CCT8;CCT3;ATP5MF;BBIP1;ATP5MC2;HSPA9;HSP90AA1;RAB11FIP3;APOO;DCTN2;IFT22;TBL1XR1;EXOC7;DYNLL2;IFT43;CALM1;PTGES2;CETN2;DYNC2LI1;CCT5;ARF4;TRIP11;TCTN3;TUBA1A;ATP5PO;HCFC1;CHCHD6;SIRT5;OFD1;TMEM216;IFT81;PPP2R1A;AKAP9;ATP5F1B;TCP1;DMAC2L;CEP290;CREB1;HAUS4;TFAM;ATP5MC1;HDAC3;PRKAG1;IFT57;CSNK1E;PRKCA;NUDT19;HAUS3;MKS1;ATP5MC3;RXRA;WDR35;EXOC4;B9D1;IFT46;IFT27;PRKAA2;CSNK1D;UNC119B;IFT88;PAFAH1B1;BBS1;CEP63;RAB8A;MBD4;CCT2;ATP5F1A;TCTN2;MAPK14;POLRMT;POLG2;CEP57;TFB1M;MTX2;TRAF3IP1;CRTC2;MEF2D;CLUAP1;PKD1;ACSS2;CNTRL;ATP5ME;ACTR1A;TFB2M;AHI1;IFT52;IFT122;SMARCD3;PDE6D;BBS12;KIF3A;NR1D1;BBS7;NRF1;B9D2;CYCS;IDH2;IFT140;HAUS2;PRKD2;PCM1;BBS2;BBS5;LZTFL1;MARK4;HAUS1;YWHAG;WDR19;CRTC3;PRKAB2;C2CD3;EXOC5;TCTN1;SIRT3;CEP97;IFT80;DYNLL1;DYNLRB2;CEP192;HAUS6;CARM1;HDAC6;BBS4;PRKAG2;TUBG1,CNT
prerank,Reactome_2022__Caspase Activation Via Extrinsic Apoptotic Signaling Pathway R-HSA-5357769,0.7707198497082325,1.1351657752144984,0.25,0.5016785696691828,1.0,13/25,15.68%,NDUFA2;RIPK1;APPL1;TNFSF10;FADD;TNFRSF10B;DAPK1;TANK;TRADD;CFLAR;CASP9;CASP3;DAPK3,CNT
prerank,Reactome_2022__TBC/RABGAPs R-HSA-8854214,0.7486709796040999,1.1346866756340515,0.21376433785192908,0.5038316629256699,1.0,23/44,16.38%,GABARAP;MAP1LC3B;RAB4A;GABARAPL2;RAB5C;GGA2;TBC1D14;TBC1D24;TBC1D20;RABEP1;RAB8A;RAB8B;TBC1D15;TBC1D10A;TSC2;RAB5B;TBC1D10B;TBC1D25;RAB7A;TSC1;RAB33B;GGA3;TBC1D2,CNT
prerank,Reactome_2022__Acetylcholine Regulates Insulin Secretion R-HSA-399997,0.8130085022769225,1.1346116993237279,0.2857142857142857,0.5034011205727439,1.0,4/10,10.52%,GNAQ;PRKCA;CHRM3;MARCKS,CNT
prerank,Reactome_2022__Regulation Of IFNG Signaling R-HSA-877312,0.7859179628630301,1.134575778344976,0.30369515011547343,0.5026435297550266,1.0,9/14,15.09%,SUMO1;IFNGR2;PTPN1;JAK1;PTPN11;SOCS1;SOCS3;PIAS1;PTPN6,CNT
prerank,Reactome_2022__LDL Clearance R-HSA-8964038,0.7868282359027037,1.1340005678788754,0.2591362126245847,0.5053012104818531,1.0,8/18,12.06%,CLTA;AP2A2;AP2M1;AP2S1;LSR;NPC2;AP2A1;SOAT1,CNT
prerank,"Reactome_2022__Tetrahydrobiopterin (BH4) Synthesis, Recycling, Salvage And Regulation R-HSA-1474151",0.8195255821952201,1.1334946330583506,0.2738238841978287,0.5074126591374549,1.0,4/10,4.05%,PTS;HSP90AA1;CALM1;GCHFR,CNT
prerank,Reactome_2022__KSRP (KHSRP) Binds And Destabilizes mRNA R-HSA-450604,0.792090680744839,1.1329096502386091,0.2645739910313901,0.5101417191415555,1.0,12/17,16.12%,EXOSC7;DIS3;EXOSC8;DCP2;EXOSC1;PARN;EXOSC3;MAPK14;AKT1;EXOSC4;EXOSC6;EXOSC5,CNT
prerank,"Reactome_2022__TICAM1,TRAF6-dependent Induction Of TAK1 Complex R-HSA-9014325",0.8156484296795175,1.1325584064472172,0.28691476590636256,0.5113907807975115,1.0,6/11,8.15%,UBB;RPS27A;UBA52;UBC;TLR3;TRAF6,CNT
prerank,Reactome_2022__Transcriptional Regulation By E2F6 R-HSA-8953750,0.7650152915898204,1.1324105102382176,0.21630094043887146,0.5113533436752299,1.0,15/33,13.33%,UXT;CBX3;RBBP7;CBX5;MAX;TFDP2;TFDP1;EHMT2;RING1;EPC1;PCGF2;RYBP;MGA;SUZ12;YAF2,CNT
prerank,Reactome_2022__Gap Junction Degradation R-HSA-190873,0.8305678137132673,1.1321465806628008,0.26997578692493945,0.511990345893615,1.0,3/10,1.81%,CLTA;CLTB;AP2M1,CNT
prerank,Reactome_2022__Metal Ion SLC Transporters R-HSA-425410,0.7746163825967558,1.131928896032245,0.22761596548004315,0.5124031276645994,1.0,14/26,16.76%,SLC39A4;SLC40A1;SLC39A3;SLC11A1;SLC39A1;SLC30A1;SLC30A6;SLC11A2;SLC30A5;SLC39A7;SLC39A10;SLC39A6;SLC39A14;SLC31A1,CNT
prerank,Reactome_2022__Signaling By TGFB Family Members R-HSA-9006936,0.734863941542791,1.1319201910387404,0.09337349397590361,0.5114968149450989,1.0,50/119,14.89%,UBB;RPS27A;BMPR1B;UBA52;PPP1CA;SMAD2;RHOA;UBE2D3;SMAD5;CCNC;YBX1;NEDD8;ACVR1B;UBE2M;DRAP1;USP9X;FKBP1A;ITGB1;STUB1;PARP1;UBC;UBE2D1;ITGB5;TFDP2;TFDP1;LTBP3;PPM1A;SMAD7;TGIF1;SRFBP1;USP15;BMPR2;FURIN;CDK9;NCOR2;ITGB8;SNW1;EP300;PPP1R15A;ZFYVE16;TGIF2;SMURF1;CBL;UCHL5;CCNT1;E2F4;TGFBR2;MAPK3;PARD6A;CCNT2,CNT
prerank,Reactome_2022__Interleukin-6 Signaling R-HSA-1059683,0.8118003335295818,1.1314573427062924,0.2665876777251185,0.513616072966331,1.0,7/11,13.70%,TYK2;IL6ST;JAK1;PTPN11;STAT3;CBL;SOCS3,CNT
prerank,Reactome_2022__Resolution Of Abasic Sites (AP Sites) R-HSA-73933,0.7510548651112096,1.1314245760940063,0.2476489028213166,0.5128795888488229,1.0,21/37,17.44%,POLE4;APEX1;RPA3;PCNA;POLE3;POLD2;PARP1;SMUG1;MPG;PNKP;MBD4;POLG2;UNG;RFC2;RFC5;RFC3;TDG;PARP2;LRIG1;XRCC1;LRIG3,CNT
prerank,Reactome_2022__Synthesis Of Prostaglandins (PG) And Thromboxanes (TX) R-HSA-2162123,0.8019543214798532,1.1313901499595096,0.2571103526734926,0.5121698669480885,1.0,6/15,11.79%,PTGES3;CBR1;PTGES2;PTGR2;HPGD;TBXAS1,CNT
prerank,Reactome_2022__Regulation Of Gene Expression By Hypoxia-inducible Factor R-HSA-1234158,0.7985244089617133,1.1311261099106567,0.28843861740166865,0.5127909843066247,1.0,4/11,10.53%,CITED2;HIF1A;HIGD1A;EP300,CNT
prerank,Reactome_2022__Mitochondrial Biogenesis R-HSA-1592230,0.7348774438411391,1.1310167015703105,0.14026236125126135,0.5125579185280219,1.0,48/89,13.11%,ATP5PD;MICOS10;SSBP1;ATP5F1D;ATP5PF;ATP5MG;MICOS13;ATP5F1C;MTX1;TBL1X;TMEM11;ATP5MF;ATP5MC2;HSPA9;APOO;TBL1XR1;CALM1;ATP5PO;HCFC1;CHCHD6;SIRT5;ATP5F1B;DMAC2L;CREB1;TFAM;ATP5MC1;HDAC3;PRKAG1;ATP5MC3;RXRA;PRKAA2;MBD4;ATP5F1A;MAPK14;POLRMT;POLG2;TFB1M;MTX2;CRTC2;MEF2D;ACSS2;ATP5ME;TFB2M;SMARCD3;NR1D1;NRF1;CYCS;IDH2,CNT
prerank,Reactome_2022__Synthesis Of Glycosylphosphatidylinositol (GPI) R-HSA-162710,0.7818543670731182,1.1309580653220317,0.271523178807947,0.5120514538392776,1.0,9/18,10.39%,PIGP;DPM2;PIGF;PIGG;PIGN;PIGC;PIGX;PIGQ;PIGO,CNT
prerank,Reactome_2022__Frs2-mediated Activation R-HSA-170968,0.8141583308794668,1.1307053916943677,0.271264367816092,0.5125867166367424,1.0,8/12,14.91%,MAP2K2;MAP2K1;FRS2;RAP1A;BRAF;CRKL;MAPK3;RAPGEF1,CNT
prerank,Reactome_2022__SUMOylation Of RNA Binding Proteins R-HSA-4570464,0.7496956951852413,1.1304045050596687,0.2104722792607803,0.5135124892673943,1.0,31/46,18.72%,SUMO1;SUMO2;UBE2I;PHC2;SEC13;NUP88;RANBP2;NOP58;RING1;NUP214;SEH1L;NUP37;POM121C;NUP153;PCGF2;NUP93;HNRNPK;NUP54;NUP42;NUP43;NUP85;NUP155;NUP58;NUP160;TPR;NUP205;NUP35;HNRNPC;NUP188;NUP62;CBX8,CNT
prerank,Reactome_2022__Regulation Of TP53 Activity Thru Phosphorylation R-HSA-6804756,0.7342097632415583,1.1303448933493057,0.14387755102040817,0.5129210124367592,1.0,45/89,18.18%,UBB;RPS27A;UBA52;TAF10;HIPK2;RPA3;TAF15;TAF9;RRAD;CSNK2B;KAT5;CSNK2A2;UBC;CDK5;TAF6;TAF1;PRKAG1;MRE11;SSRP1;PRKAA2;TAF12;HIPK1;MAPK14;TP53RK;STK11;SUPT16H;TP53;MAPKAPK5;RFC2;RFC5;WRN;RAD9A;RFC3;PRKAB2;NOC2L;TAF3;TOP3A;PRKAG2;HUS1;RAD17;RMI2;TP53INP1;PRKAA1;TAF9B;NUAK1,CNT
prerank,Reactome_2022__Constitutive Signaling By Ligand-Responsive EGFR Cancer Variants R-HSA-1236382,0.7847612665962077,1.1302025178740267,0.27673649393605293,0.512865239459293,1.0,9/18,6.03%,UBB;RPS27A;UBA52;HSP90AA1;HRAS;CDC37;GRB2;EGFR;UBC,CNT
prerank,Reactome_2022__Synthesis Of Leukotrienes (LT) And Eoxins (EX) R-HSA-2142691,0.7807596092705988,1.1300913818580816,0.24342105263157895,0.5126856389931304,1.0,4/21,13.98%,PTGR1;MAPKAPK2;LTA4H;LTC4S,CNT
prerank,Reactome_2022__RAB Geranylgeranylation R-HSA-8873719,0.7383980729253803,1.1300816261206783,0.17010309278350516,0.5118275783113247,1.0,26/62,15.03%,RAB13;RAB1B;RAB34;RAB17;RAB14;RAB4A;RAB5C;RAB25;RAB2B;RAB9A;PTP4A2;RAB21;RAB29;RAB8A;RAB18;RAB22A;RAB8B;RABGGTB;RAB2A;RAB15;RAB40B;RAB5B;RAB3A;RAB7A;RAB33B;RAB20,CNT
prerank,Reactome_2022__RHOBTB1 GTPase Cycle R-HSA-9013422,0.7729700595531894,1.1298707232592649,0.2676056338028169,0.5121684497204829,1.0,14/23,12.85%,CUL3;CCT7;RBBP6;SRRM1;COPS2;TRA2B;TXNL1;GPS1;CCT2;DBN1;CPSF7;COPS4;RBM15;RBMX,CNT
prerank,Reactome_2022__Antigen Processing: Ubiquitination And Proteasome Degradation R-HSA-983168,0.723924224058943,1.1298484335958703,0.025025025025025027,0.5113887845940791,1.0,147/306,15.93%,ANAPC11;UBB;RPS27A;ELOC;PSMB6;PSMA7;RNF7;PSME2;PSMB1;SKP1;PSMB3;PSMD8;UBA52;PSMD13;CDC26;UBE2D2;PSMB8;ELOB;PSMD9;PSMA5;PSMC4;SEM1;ANAPC5;PSMA3;RBCK1;UBE2D3;PSMD2;PSME1;PSMD7;HUWE1;PSMA1;PSMB10;RNF114;PSMC3;RBX1;PSMC6;RNF144B;PSMB5;PSMA4;UBE2F;CUL3;PSMD4;PSMA6;UBE2M;FBXL3;ANAPC13;PSMB7;CDC34;UBE2A;PSMC5;UBE2E1;FBXL15;STUB1;UBAC1;UBE2S;RBBP6;UBE2W;UBE2J2;PSMB2;PSMA2;RNF213;MGRN1;FBXO9;FBXO7;FBXO21;UBC;KCTD6;CDC27;UBE2D1;ARIH2;FBXL4;UBE2Q1;ASB8;FBXW5;PSMD12;SOCS1;RNF4;PSMD6;UBE2K;FBXL22;UBE2B;TRIM41;ANAPC4;UBE3A;RNF34;FBXO11;FBXL20;UBE2V2;PSMD11;FBXO22;UBE3D;KLHL5;KLHL21;UBE2O;TRIM4;ASB6;RNF123;UBA5;LONRF1;LRRC41;FBXO44;KLHL9;PSME3;PSMF1;UBE2Q2;PSMD10;UBE2L6;PSMD3;FBXO17;LMO7;UBA3;SIAH2;SMURF1;FBXL12;UBE2R2;KLHL42;ASB13;HERC3;CBLB;SH3RF1;TRAF7;UBE2V1;ANAPC2;RNF19B;SOCS3;RNF220;KLHL2;PJA1;KBTBD7;KEAP1;UBR4;UBE2L3;FBXL8;CUL2;RNF126;MIB2;ASB7;PSMC1;THOP1;TRIM39;HERC1;CUL1;AREL1;SPSB2;HERC5;UBA7;UBE2D4,CNT
prerank,Reactome_2022__SHC-mediated cascade:FGFR1 R-HSA-5654688,-0.5894155709865304,-1.1297870924303526,0.28888888888888886,0.8659332301208258,1.0,2/20,0.13%,KL;FGF13,CNT
prerank,Reactome_2022__Peroxisomal Lipid Metabolism R-HSA-390918,0.768432082567211,1.129759096563858,0.2359192348565356,0.5109867670790498,1.0,16/29,16.50%,PHYH;ECI2;ALDH3A2;ACAA1;CROT;MLYCD;PECR;NUDT19;ACOX1;NUDT7;AMACR;ACOT8;ACBD4;CRAT;ACOT4;ACOX2,CNT
prerank,Reactome_2022__Signaling By Leptin R-HSA-2586552,0.8062306463555257,1.1293183675762268,0.28896882494004794,0.512766174292834,1.0,7/11,14.57%,PTPN11;LEPROT;STAT3;SOCS3;SH2B1;IRS1;STAT5A,CNT
prerank,Reactome_2022__FCGR Activation R-HSA-2029481,0.8252879958026595,1.1292108466134123,0.2607099143206854,0.5125561999124297,1.0,3/10,7.26%,SYK;YES1;LYN,CNT
prerank,Reactome_2022__Cargo Recognition For Clathrin-Mediated Endocytosis R-HSA-8856825,0.7331478034238993,1.1289077164397314,0.1228600201409869,0.5134042559659671,1.0,40/102,13.73%,CLTA;UBB;RPS27A;VAMP8;UBA52;CLTB;AP2A2;AP2M1;COPS8;AP2S1;NEDD8;COPS5;GRB2;STON2;EPN2;EGFR;EPN1;COPS3;COPS2;UBC;ITSN2;TGOLN2;UBQLN2;GPS1;DAB2;STAM2;NECAP1;DVL2;FCHO2;TGFA;COPS4;IGF2R;AP2A1;CBL;VAMP7;SLC2A8;COPS6;VAMP3;TOR1B;HGS,CNT
prerank,Reactome_2022__ATF4 Activates Genes In Response To Endoplasmic Reticulum Stress R-HSA-380994,0.7700600477171995,1.1288846436336086,0.24680851063829787,0.5126239430173095,1.0,14/27,12.05%,DDIT3;EXOSC7;DIS3;ATF6;HERPUD1;EXOSC8;ATF3;DCP2;EXOSC1;PARN;ATF4;EXOSC3;EXOSC4;NFYB,CNT
prerank,Reactome_2022__TRAF3-dependent IRF Activation Pathway R-HSA-918233,0.7915550090562434,1.1287726877632862,0.30114942528735633,0.5123758580879688,1.0,11/14,18.15%,MAVS;TRIM25;SIKE1;TRIM4;EP300;IRF3;IFIH1;IRF7;TBK1;RNF135;TRAF3,CNT
prerank,Reactome_2022__CASP8 Activity Is Inhibited R-HSA-5218900,0.8121808128802159,1.128596233404526,0.2848557692307692,0.5116712979831749,1.0,7/11,14.16%,RIPK1;TNFSF10;FADD;TNFRSF10B;TANK;TRADD;CFLAR,CNT
prerank,Reactome_2022__Dimerization Of Procaspase-8 R-HSA-69416,0.8121808128802159,1.128596233404526,0.2848557692307692,0.5116712979831749,1.0,7/11,14.16%,RIPK1;TNFSF10;FADD;TNFRSF10B;TANK;TRADD;CFLAR,CNT
prerank,Reactome_2022__B-WICH Complex Positively Regulates rRNA Expression R-HSA-5250924,0.7580752364170187,1.1282750485716007,0.2783171521035599,0.5128740297266705,1.0,14/27,13.55%,POLR2K;POLR2F;POLR1D;POLR2H;BAZ1B;POLR2L;POLR2E;DEK;SMARCA5;TAF1B;EP300;SF3B1;KAT2B;DDX56,CNT
prerank,MSigDB_Hallmark_2020__E2F Targets,0.725932130028848,1.1278316351862874,0.048,0.2352173992909495,0.987,76/198,15.74%,RANBP1;RAN;PA2G4;NME1;SLBP;AK2;POLE4;NAA38;KIF22;XRCC6;STMN1;HMGB2;RPA3;SNRPB;CTCF;PRDX4;CDKN1B;NAP1L1;CDK4;RAD21;DCTPP1;PCNA;RBBP7;TMPO;UBE2S;GSPT1;EXOSC8;RAD51C;NOLC1;POLD2;DEK;CBX5;SRSF2;PSIP1;MLH1;RAD1;ANP32E;TRA2B;NUDT21;MRE11;POP7;DUT;NASP;SYNCRIP;CKS2;HMGB3;RPA2;SSRP1;SHMT1;RFC1;HMGA1;NUP153;PMS2;IPO7;EIF2S1;ILF3;MCM4;SMC4;DNMT1;TBRG4;SRSF1;CSE1L;TP53;JPT1;UNG;RFC2;PRIM2;RFC3;USP1;MCM2;RACGAP1;KPNA2;SMC3;DONSON;TIPIN;NOP56,CNT
prerank,Reactome_2022__Nucleotide Catabolism R-HSA-8956319,0.7599129456300422,1.1277881966029215,0.21891604675876727,0.5149047362474258,1.0,11/34,10.08%,DNPH1;NT5C;NUDT16;NUDT5;UPP1;NT5C3A;ENTPD6;NUDT15;ITPA;NUDT9;NT5C2,CNT
prerank,Reactome_2022__Signaling By EGFR In Cancer R-HSA-1643713,0.7720650154270015,1.1276409940051895,0.25834230355220666,0.5148896342615248,1.0,16/24,15.64%,UBB;RPS27A;UBA52;HSP90AA1;HRAS;CDC37;GRB2;EGFR;UBC;TGFA;SOS1;CBL;SHC1;NRAS;PLCG1;PIK3R1,CNT
prerank,Reactome_2022__Oncogene Induced Senescence R-HSA-2559585,0.7605427159857926,1.1276288726412753,0.23894736842105263,0.514050618480248,1.0,15/33,14.78%,UBB;RPS27A;UBA52;CDK4;ID1;UBC;TFDP2;TFDP1;ETS1;ETF1;AGO3;TP53;ETS2;RB1;MAPK3,CNT
prerank,Reactome_2022__mRNA Decay By 3 To 5 Exoribonuclease R-HSA-429958,0.8066827669817555,1.1274328829889406,0.3004694835680751,0.514370332620487,1.0,10/13,16.12%,EXOSC7;DCPS;DIS3;EXOSC8;EXOSC1;EXOSC3;NT5C3B;EXOSC4;EXOSC6;EXOSC5,CNT
prerank,Reactome_2022__Translation Of Structural Proteins R-HSA-9683701,0.7569420071708385,1.1272100243862389,0.24841437632135308,0.514826950639953,1.0,11/30,10.51%,UBB;RPS27A;SUMO1;UBA52;UBE2I;UBC;GANAB;ST6GAL1;GSK3A;PARP10;PARP4,CNT
prerank,Reactome_2022__TP53 Regulates Transcription Of Genes Involved In G2 Cell Cycle Arrest R-HSA-6804114,0.7796895327261125,1.1269765609609539,0.27502750275027504,0.5152431071551145,1.0,11/18,16.04%,GADD45A;PRMT1;BAX;PCNA;TFDP2;TFDP1;REXO2;EP300;TP53;E2F4;CARM1,CNT
prerank,Reactome_2022__Gene Silencing By RNA R-HSA-211000,0.7346643126301949,1.1266519999072804,0.1601642710472279,0.5163472873300538,1.0,40/79,16.71%,POLR2I;POLR2J;POLR2K;RAN;POLR2F;POLR2H;POLR2L;HSP90AA1;POLR2E;IPO8;AGO2;POLR2A;SEC13;NUP88;RANBP2;ELAC2;POLR2C;TSN;NUP214;SEH1L;NUP37;POM121C;NUP153;NUP93;POLR2G;POLR2B;NUP54;NUP42;AGO3;NUP43;POLR2D;NUP85;DGCR8;NUP155;BCDIN3D;NUP58;NUP160;TPR;ANG;NUP205,CNT
prerank,Reactome_2022__IRAK2 Mediated Activation Of TAK1 Complex R-HSA-937042,0.8154818867141179,1.1262851248840189,0.31713244228432563,0.5176236430058812,1.0,5/10,8.15%,UBB;RPS27A;UBA52;UBC;TRAF6,CNT
prerank,Reactome_2022__Interactions Of Rev With Host Cellular Proteins R-HSA-177243,0.7514220819444155,1.1261055111532632,0.2234927234927235,0.5177164510503851,1.0,25/37,18.41%,NPM1;RANBP1;RAN;SEC13;NUP88;RANBP2;NUP214;SEH1L;NUP37;POM121C;NUP153;NUP93;NUP54;NUP42;NUP43;NUP85;NUP155;NUP58;NUP160;TPR;NUP205;RANGAP1;NUP35;NUP188;NUP62,CNT
prerank,Reactome_2022__RHO GTPases Activate WASPs And WAVEs R-HSA-5663213,0.7504035241361531,1.1260537053187396,0.2565720294426919,0.5171616466086401,1.0,19/35,14.78%,ARPC3;BRK1;ARPC2;ARPC5;CYFIP1;GRB2;WASF2;ABI2;ACTR3;ARPC1A;WIPF2;NCK1;PTK2;ABI1;WASL;WASF3;ACTG1;NCKIPSD;MAPK3,CNT
prerank,Reactome_2022__PCNA-Dependent Long Patch Base Excision Repair R-HSA-5651801,0.7702305693519639,1.1254644955945072,0.2855567805953694,0.5198991364377399,1.0,10/21,13.82%,POLE4;APEX1;RPA3;PCNA;POLE3;POLD2;POLG2;RFC2;RFC5;RFC3,CNT
prerank,Reactome_2022__Signaling By Erythropoietin R-HSA-9006335,0.7638024935719976,1.1246476292150982,0.2670940170940171,0.5240710617590858,1.0,14/24,15.64%,PLCG2;CLSTN1;HRAS;GRB2;EPOR;LYN;SOS1;SHC1;NRAS;CRKL;STAT5A;RAPGEF1;PLCG1;PIK3R1,CNT
prerank,Reactome_2022__Rev-mediated Nuclear Export Of HIV RNA R-HSA-165054,0.7541154502436246,1.1243990498651368,0.22964509394572025,0.5245586736412454,1.0,24/35,18.41%,RANBP1;RAN;SEC13;NUP88;RANBP2;NUP214;SEH1L;NUP37;POM121C;NUP153;NUP93;NUP54;NUP42;NUP43;NUP85;NUP155;NUP58;NUP160;TPR;NUP205;RANGAP1;NUP35;NUP188;NUP62,CNT
prerank,Reactome_2022__HCMV Late Events R-HSA-9610379,0.7404628251443341,1.1239247539216615,0.17969543147208122,0.5265636722232411,1.0,37/62,16.71%,TXN2;SNF8;CEBPD;CHMP2A;VPS25;VPS28;VPS36;CHMP4B;VPS4A;MVB12A;SEC13;CHMP2B;NUP88;RANBP2;TRMU;VPS37B;NUP214;VPS37C;SEH1L;NUP37;POM121C;NUP153;NUP93;HNRNPK;NUP54;RRM1;CHMP6;NUP42;VPS37D;NUP43;NUP85;IRS1;NUP155;NUP58;NUP160;TPR;NUP205,CNT
prerank,Reactome_2022__tRNA Aminoacylation R-HSA-379724,0.7633057097053192,1.123528195293469,0.29978354978354976,0.5280922134129384,1.0,17/24,18.22%,AIMP1;PPA1;PPA2;EEF1E1;IARS2;AIMP2;TARS2;CARS2;FARSA;FARS2;SARS2;AARS2;FARSB;DARS2;EARS2;WARS2;MARS2,CNT
prerank,Reactome_2022__Deactivation Of Beta-Catenin Transactivating Complex R-HSA-3769402,0.7455023800834775,1.1234983114293071,0.23371251292657705,0.5273551463900854,1.0,16/42,14.67%,UBB;RPS27A;UBA52;CBY1;TLE2;TLE3;UBC;SOX4;BCL9L;RBBP5;XIAP;AKT1;SOX13;TCF7L2;CTNNB1;CTNNBIP1,CNT
prerank,Reactome_2022__Mismatch Repair (MMR) Directed By MSH2:MSH3 (MutSbeta) R-HSA-5358606,0.7918341834243716,1.1233213987443917,0.31206496519721577,0.5274750178573954,1.0,6/14,9.54%,RPA3;PCNA;POLD2;MLH1;MSH3;PMS2,CNT
prerank,Reactome_2022__Regulation Of HSF1-mediated Heat Shock Response R-HSA-3371453,0.7358409524536356,1.123118601427847,0.1698685540950455,0.5278245816125315,1.0,43/80,15.73%,UBB;HSPA1A;RPS19BP1;HSPA1B;BAG1;HSPA9;MAPKAPK2;RPA3;MRPL18;HSPA2;HSPH1;DNAJB1;HSBP1;BAG5;HIKESHI;HSPA12A;SEC13;FKBP4;NUP88;RANBP2;BAG3;NUP214;SERPINH1;SEH1L;NUP37;POM121C;DEDD2;NUP153;NUP93;BAG4;DNAJC7;NUP54;DNAJB6;HSF1;NUP42;HSPA8;NUP43;ST13;NUP85;NUP155;MAPK3;NUP58;NUP160,CNT
prerank,Reactome_2022__Signaling By TGF-beta Receptor Complex R-HSA-170834,0.733770821033018,1.1230946072002927,0.1577350859453994,0.5270364907159012,1.0,44/91,14.89%,UBB;RPS27A;UBA52;PPP1CA;SMAD2;RHOA;UBE2D3;CCNC;YBX1;NEDD8;UBE2M;USP9X;FKBP1A;ITGB1;STUB1;PARP1;UBC;UBE2D1;ITGB5;TFDP2;TFDP1;LTBP3;PPM1A;SMAD7;TGIF1;SRFBP1;USP15;FURIN;CDK9;NCOR2;ITGB8;SNW1;EP300;PPP1R15A;TGIF2;SMURF1;CBL;UCHL5;CCNT1;E2F4;TGFBR2;MAPK3;PARD6A;CCNT2,CNT
prerank,Reactome_2022__Phospholipase C-mediated Cascade; FGFR2 R-HSA-5654221,-0.5969902325499914,-1.1228853447438916,0.29906542056074764,0.8555460299316271,1.0,1/18,0.13%,FGF13,CNT
prerank,Reactome_2022__RUNX1 Interacts With Co-Factors Whose Precise Effect On RUNX1 Targets Is Not Known R-HSA-8939243,0.7546079592948892,1.122751987211504,0.23379383634431455,0.5282890828347839,1.0,19/34,13.37%,PHC2;RUNX1;HIPK2;SMARCA2;SMARCB1;CSNK2B;SMARCE1;CSNK2A2;CBX6;ARID1A;RING1;SMARCD1;RYBP;EP300;CBFB;SMARCD3;SMARCC2;YAF2;ACTL6A,CNT
prerank,Reactome_2022__Nucleotide Biosynthesis R-HSA-8956320,0.8031913650977076,1.1225675490083353,0.29651162790697677,0.5284547371620709,1.0,6/11,13.69%,COASY;ADSL;ATIC;IMPDH2;GMPS;DHODH,CNT
prerank,Reactome_2022__Activation Of Arylsulfatases R-HSA-1663150,0.8013980811938838,1.1222293739132119,0.30698739977090495,0.529690335539854,1.0,4/12,10.56%,ARSD;SUMF2;ARSK;SUMF1,CNT
prerank,Reactome_2022__Surfactant Metabolism R-HSA-5683826,0.762971489789272,1.1219514972345563,0.2566560170394036,0.5305066068617459,1.0,6/29,13.92%,CTSH;CCDC59;ADA2;TTF1;ABCA3;ADGRF5,CNT
prerank,Reactome_2022__Cargo Concentration In ER R-HSA-5694530,0.7470496474366032,1.1215727072572075,0.270042194092827,0.5319639979891141,1.0,14/32,16.93%,CD59;CNIH1;PREB;CTSC;STX5;MCFD2;SEC22B;CTSZ;TGFA;LMAN2;SEC24B;SEC24A;F8;SEC24D,CNT
prerank,Reactome_2022__Tight Junction Interactions R-HSA-420029,0.7570945659465405,1.1204417578719892,0.2658092175777063,0.5380562352360838,1.0,4/29,6.74%,CLDN4;CLDN3;CLDN7;CRB3,CNT
prerank,Reactome_2022__MHC Class II Antigen Presentation R-HSA-2132295,0.7264628562518242,1.120415136665805,0.14213709677419356,0.5373130734571931,1.0,43/102,15.52%,CLTA;CTSH;DCTN3;KIF22;AP1S1;AP2A2;DCTN1;AP2M1;CTSF;AP1M2;ACTR10;CAPZB;CAPZA2;AP2S1;KLC4;DCTN2;DYNLL2;SPTBN2;AP1B1;DCTN6;CTSC;CTSB;IFI30;SEC13;LGMN;CD74;HLA-DMA;CTSD;SEC31A;SEC24B;HLA-DRA;DYNC1LI1;AP2A1;ACTR1A;CAPZA1;DYNC1LI2;KIF3A;RAB7A;KIF5B;RACGAP1;SEC24A;SH3GL2;DYNLL1,CNT
prerank,Reactome_2022__Glucagon Signaling In Metabolic Regulation R-HSA-163359,0.7525851913797876,1.1202299555467758,0.25443169968717416,0.5374583980293564,1.0,11/32,15.82%,GNG5;GNAS;GNB2;GNB1;GNG10;GNG11;PRKCA;GNG7;GNG12;ADCY9;ADCY1,CNT
prerank,Reactome_2022__Depolymerisation Of Nuclear Lamina R-HSA-4419969,0.7893850062804519,1.1201578760511075,0.3258678611422172,0.5369636842251053,1.0,9/15,17.51%,TMPO;CTDNEP1;LPIN2;LMNA;PRKCA;LPIN1;LEMD3;LEMD2;CNEP1R1,CNT
prerank,Reactome_2022__Membrane Binding And Targetting Of GAG Proteins R-HSA-174490,0.7863085929226302,1.1197824663994342,0.298876404494382,0.5383605798711281,1.0,9/15,10.78%,UBB;RPS27A;UBA52;VPS28;MVB12A;UBC;VPS37B;VPS37C;NMT2,CNT
prerank,Reactome_2022__EPH-Ephrin Signaling R-HSA-2682334,0.7255973841132866,1.119782066304141,0.17925478348439072,0.537459162591424,1.0,31/90,11.72%,CLTA;MYL12B;ARPC3;CLTB;MYL12A;AP2A2;AP2M1;APH1A;ARPC2;PSEN1;RHOA;MYL6;ARPC5;AP2S1;HRAS;MYH10;PSENEN;NCSTN;ACTR3;ARPC1A;YES1;MYH9;LYN;SDCBP;ARHGEF7;PTK2;SDC2;WASL;MYL9;EPHB4;AP2A1,CNT
prerank,Reactome_2022__Interferon Gamma Signaling R-HSA-877300,0.725080154293268,1.1194169022135174,0.17466802860061287,0.5387896142077362,1.0,31/86,15.61%,SUMO1;HLA-C;HLA-B;B2M;MT2A;HLA-E;MID1;IFNGR2;TRIM8;IFI30;TRIM38;PTPN1;SP100;JAK1;PTPN11;TRIM25;SOCS1;SMAD7;TRIM5;TRIM26;HLA-DRA;IRF3;IRF9;SOCS3;IRF2;IRF7;PIAS1;IRF1;PTPN6;PRKCD;TRIM35,CNT
prerank,Reactome_2022__RMTs Methylate Histone Arginines R-HSA-3214858,0.7492048280151723,1.1194042343485322,0.2796610169491525,0.5379682164665712,1.0,19/30,17.88%,RPS2;COPRS;PRMT1;CDK4;SMARCA2;RBBP7;SMARCB1;SMARCE1;ARID1A;PRMT6;SMARCD1;PRMT7;SMARCD3;SMARCC2;ACTL6A;CARM1;PRMT3;WDR77;SMARCD2,CNT
prerank,Reactome_2022__SUMOylation Of Ubiquitinylation Proteins R-HSA-3232142,0.7459770851658711,1.1189459472470031,0.2520833333333333,0.5397808247191866,1.0,26/39,18.56%,SUMO1;UBE2I;SEC13;NUP88;RANBP2;NUP214;SEH1L;NUP37;POM121C;NUP153;NUP93;NUP54;NUP42;NUP43;NUP85;PIAS1;NUP155;PIAS2;NUP58;NUP160;TPR;NUP205;NUP35;NUP188;NUP62;TRIM27,CNT
prerank,Reactome_2022__Antiviral Mechanism By IFN-stimulated Genes R-HSA-1169410,0.7308856269749683,1.11836700445535,0.16260162601626016,0.542383860127482,1.0,50/82,17.99%,UBB;RPS27A;UBA52;FLNA;EIF4A1;EIF4E;UBE2E1;EIF4E2;UBC;SEC13;NUP88;KPNA4;RANBP2;JAK1;FLNB;TRIM25;NUP214;SEH1L;NUP37;EIF2AK2;POM121C;EIF4A3;NUP153;NUP93;KPNA3;PPM1B;EIF4A2;MX1;NUP54;UBE2L6;NUP42;IRF3;NUP43;ARIH1;NUP85;NUP155;MAPK3;PLCG1;KPNA2;EIF4E3;NUP58;NUP160;HERC5;UBA7;IFIT1;TPR;NUP205;EIF4G1;NUP35;NUP188,CNT
prerank,MSigDB_Hallmark_2020__TGF-beta Signaling,0.7427114214707078,1.1182537351312167,0.2323439099283521,0.2772189375104325,0.999,26/54,11.75%,JUNB;BCAR3;PPP1CA;IFNGR2;RHOA;UBE2D3;HIPK2;FKBP1A;CDH1;ID1;KLF10;ID3;FNTA;PPM1A;SMAD7;ID2;TGIF1;BMPR2;FURIN;CDK9;ARID4B;NCOR2;CDKN1C;XIAP;PPP1R15A;SMURF1,CNT
prerank,Reactome_2022__Trafficking And Processing Of Endosomal TLR R-HSA-1679131,0.7950921495132546,1.1180813742866642,0.2910360884749709,0.543214763691842,1.0,5/13,13.07%,CTSB;TLR3;LGMN;CNPY3;UNC93B1,CNT
prerank,Reactome_2022__Downregulation Of TGF-beta Receptor Signaling R-HSA-2173788,0.7567247159244737,1.1178666873010605,0.28391167192429023,0.5436015132579781,1.0,14/26,13.87%,UBB;RPS27A;UBA52;PPP1CA;SMAD2;STUB1;UBC;SMAD7;SRFBP1;USP15;PPP1R15A;SMURF1;UCHL5;TGFBR2,CNT
prerank,Reactome_2022__Regulated Proteolysis Of p75NTR R-HSA-193692,0.8069354732035537,1.11757897064587,0.319672131147541,0.5444326601569089,1.0,6/11,8.15%,APH1A;PSEN1;RELA;PSENEN;NCSTN;TRAF6,CNT
prerank,Reactome_2022__SUMOylation Of Chromatin Organization Proteins R-HSA-4551638,0.7326850449237351,1.117538715066783,0.23732251521298176,0.5437924035531718,1.0,36/55,18.72%,SUMO1;SUMO2;UBE2I;PHC2;SEC13;CBX5;NUP88;CHD3;RANBP2;RING1;NUP214;SEH1L;NUP37;POM121C;NUP153;PCGF2;NUP93;NUP54;ZBED1;NUP42;NUP43;SUZ12;NUP85;PIAS1;NUP155;PIAS2;SATB1;NUP58;NUP160;TPR;NUP205;HDAC4;NUP35;NUP188;NUP62;CBX8,CNT
prerank,Reactome_2022__Mismatch Repair R-HSA-5358508,0.7819123048214984,1.117515739482059,0.3174061433447099,0.5430106513864857,1.0,7/15,11.28%,RPA3;PCNA;POLD2;MLH1;MSH3;PMS2;MSH6,CNT
prerank,Reactome_2022__Pyroptosis R-HSA-5620971,0.7610632973547345,1.117262406078129,0.2815845824411135,0.5436969424790854,1.0,13/25,14.86%,CHMP2A;GSDMD;CHMP4B;BAX;CHMP2B;IL18;CHMP6;TP53;CASP4;CYCS;IRF2;CASP3;IRF1,CNT
prerank,Reactome_2022__Killing Mechanisms R-HSA-9664420,0.7990110048287935,1.1168061219119938,0.3032104637336504,0.545546074948462,1.0,4/11,10.12%,CYBA;JUN;NOXA1;DVL2,CNT
prerank,Reactome_2022__ISG15 Antiviral Mechanism R-HSA-1169408,0.7342574349236062,1.1167557597937992,0.1644535240040858,0.5449480839015445,1.0,50/74,18.41%,UBB;RPS27A;UBA52;EIF4A1;EIF4E;UBE2E1;EIF4E2;UBC;SEC13;NUP88;KPNA4;RANBP2;JAK1;FLNB;TRIM25;NUP214;SEH1L;NUP37;EIF2AK2;POM121C;EIF4A3;NUP153;NUP93;KPNA3;PPM1B;EIF4A2;MX1;NUP54;UBE2L6;NUP42;IRF3;NUP43;ARIH1;NUP85;NUP155;MAPK3;PLCG1;KPNA2;EIF4E3;NUP58;NUP160;HERC5;UBA7;IFIT1;TPR;NUP205;EIF4G1;NUP35;NUP188;NUP62,CNT
prerank,Reactome_2022__Signaling By NTRK1 (TRKA) R-HSA-187037,0.7223628886240465,1.1165476788668969,0.14773869346733667,0.545327529903252,1.0,60/114,16.17%,CLTA;FOS;AP2A2;AP2M1;RHOA;MAPKAPK2;AP2S1;JUND;ID4;FOSB;HRAS;EGR1;DUSP3;GRB2;ID1;CHD4;RRAD;ID3;REST;MAP2K2;PPP2R1A;CDK5;CREB1;MAP2K5;MAPKAPK3;KIDINS220;ID2;RALA;MAPK14;MAP2K1;FRS2;RAP1A;PPP2CA;STAT3;DUSP6;EP300;CRK;MEF2D;RPS6KA2;SOS1;PIK3R2;RPS6KA3;AP2A1;VRK3;RALGDS;SHC1;SRF;IRS1;NRAS;BRAF;CRKL;MAPK7;MAPK3;RAPGEF1;PLCG1;SH3GL2;SRC;PIK3R1;DNM2;RPS6KA1,CNT
prerank,Reactome_2022__DDX58/IFIH1-mediated Induction Of Interferon-Alpha/Beta R-HSA-168928,0.7275635651693413,1.116373864488336,0.17959183673469387,0.5454937312536906,1.0,36/80,15.91%,UBB;RPS27A;UBA52;UBE2D2;HSP90AB1;NFKBIA;UBE2D3;HSP90AA1;RELA;RIPK1;UBC;UBE2D1;MAVS;FADD;TAX1BP1;TRIM25;UBE2K;TKFC;RNF216;TRAF6;TANK;NKIRAS2;SIKE1;MAP3K1;TRIM4;NFKBIB;EP300;UBE2L6;IRF3;IFIH1;IRF7;TBK1;CASP10;RNF135;HERC5;UBA7,CNT
prerank,Reactome_2022__Zinc Influx Into Cells By SLC39 Gene Family R-HSA-442380,0.8150392277207162,1.116273668490178,0.2966101694915254,0.545181519442952,1.0,7/10,16.62%,SLC39A4;SLC39A3;SLC39A1;SLC39A7;SLC39A10;SLC39A6;SLC39A14,CNT
prerank,Reactome_2022__TRAF6 Mediated NF-kB Activation R-HSA-933542,0.7625308096994649,1.1160316754799497,0.3,0.5456726266932375,1.0,15/24,17.86%,NFKBIA;RELA;MAVS;TRIM25;TRAF6;TANK;NKIRAS2;MAP3K1;TRIM4;NFKBIB;IFIH1;RNF135;NFKB2;NKIRAS1;HMGB1,CNT
prerank,Reactome_2022__Signaling By FGFR In Disease R-HSA-1226099,0.7308091869954677,1.1160224539895094,0.22703818369453044,0.5448535220186372,1.0,32/60,15.64%,POLR2I;POLR2J;POLR2K;POLR2F;POLR2H;POLR2L;POLR2E;HRAS;ERLIN2;POLR2A;GRB2;LRRFIP1;GTF2F2;POLR2C;FGFR1;POLR2G;FRS2;FGFR2;BAG4;STAT3;CUX1;SOS1;POLR2B;CNTRL;GTF2F1;POLR2D;FGF7;NRAS;STAT5A;PLCG1;FGFR3;PIK3R1,CNT
prerank,Reactome_2022__MAPK3 (ERK1) Activation R-HSA-110056,0.808022429772159,1.115542379092702,0.30486358244365364,0.5468392588401556,1.0,6/10,14.78%,TYK2;IL6ST;JAK1;PTPN11;MAP2K1;MAPK3,CNT
prerank,Reactome_2022__Loss Of Nlp From Mitotic Centrosomes R-HSA-380259,0.7252923322182021,1.1148727018685105,0.21073961499493415,0.5499536685278903,1.0,36/68,18.59%,TUBB4B;DCTN3;TUBA4A;DCTN1;SSNA1;HSP90AA1;DCTN2;CETN2;TUBA1A;OFD1;PPP2R1A;AKAP9;CEP290;HAUS4;CSNK1E;PRKCA;HAUS3;CSNK1D;PAFAH1B1;CEP63;CEP57;CNTRL;ACTR1A;HAUS2;PCM1;HAUS1;YWHAG;DYNLL1;CEP192;HAUS6;TUBG1;CEP250;CCP110;CEP72;PCNT;NINL,CNT
prerank,Reactome_2022__Nuclear Import Of Rev Protein R-HSA-180746,0.7448097547412901,1.1146971292897134,0.2828810020876827,0.5501582885462261,1.0,23/34,18.41%,NPM1;RAN;SEC13;NUP88;RANBP2;NUP214;SEH1L;NUP37;POM121C;NUP153;NUP93;NUP54;NUP42;NUP43;NUP85;NUP155;NUP58;NUP160;TPR;NUP205;NUP35;NUP188;NUP62,CNT
prerank,Reactome_2022__Postmitotic Nuclear Pore Complex (NPC) Reformation R-HSA-9615933,0.7536500160741295,1.1144846293016724,0.2911795961742827,0.5505161614655045,1.0,19/27,18.41%,SUMO1;RAN;UBE2I;SEC13;SEH1L;NUP37;AHCTF1;NUP93;NUP54;NUP43;NUP85;NUP155;NUP58;NUP160;NUP205;RANGAP1;NUP35;NUP188;NUP62,CNT
prerank,Reactome_2022__Resolution Of AP Sites Via Multiple-Nucleotide Patch Replacement Pathway R-HSA-110373,0.7570619172509763,1.114108066210387,0.3133187772925764,0.5518504630555569,1.0,13/24,16.54%,POLE4;APEX1;RPA3;PCNA;POLE3;POLD2;PARP1;POLG2;RFC2;RFC5;RFC3;PARP2;LRIG1,CNT
prerank,Reactome_2022__RHO GTPases Activate NADPH Oxidases R-HSA-5668599,0.757093552623325,1.11386828129909,0.2887700534759358,0.552317055839042,1.0,6/24,15.45%,CYBA;PRKCA;NOXA1;MAPK14;MAPK3;PRKCD,CNT
prerank,Reactome_2022__FGFR2 Mutant Receptor Activation R-HSA-1839126,0.7534535457825478,1.113511757433623,0.27350427350427353,0.5535789576447693,1.0,16/33,13.60%,POLR2I;POLR2J;POLR2K;POLR2F;POLR2H;POLR2L;POLR2E;POLR2A;GTF2F2;POLR2C;POLR2G;FGFR2;POLR2B;GTF2F1;POLR2D;FGF7,CNT
prerank,Reactome_2022__Export Of Viral Ribonucleoproteins From Nucleus R-HSA-168274,0.748440300165473,1.113131863274242,0.27719665271966526,0.5549506685505607,1.0,23/36,18.41%,HSPA1A;RAN;SEC13;NUP88;RANBP2;NUP214;SEH1L;NUP37;POM121C;NUP153;NUP93;NUP54;NUP42;NUP43;NUP85;NUP155;NUP58;NUP160;TPR;NUP205;NUP35;NUP188;NUP62,CNT
prerank,Reactome_2022__Processing Of DNA Double-Strand Break Ends R-HSA-5693607,0.7303726301551803,1.112725462280918,0.2216547497446374,0.5565307363427909,1.0,28/62,17.10%,UBB;RPS27A;SUMO2;UBA52;UBE2I;PPP4C;RPA3;RRAD;UIMC1;KAT5;UBC;MRE11;RNF4;RNF8;UBE2V2;BABAM1;RFC2;ABRAXAS1;RFC5;WRN;RAD9A;RFC3;TIPIN;TOP3A;HUS1;NSD2;RAD17;RMI2,CNT
prerank,MSigDB_Hallmark_2020__Protein Secretion,0.7208358694500383,1.112310068623481,0.19817997977755308,0.30001852226038933,1.0,50/96,12.47%,CLTA;CD63;SOD1;COPE;KRT18;ARF1;RER1;AP2M1;GNAS;SCAMP3;AP3S1;STX7;RAB14;AP2S1;YIPF6;TOM1L1;NAPA;ARFGEF1;CLCN3;RAB9A;CTSC;EGFR;BNIP3;SNAP23;NAPG;BET1;VPS4B;STX12;SNX2;ANP32E;ERGIC3;COPB1;COPB2;YKT6;SEC22B;SEC31A;MON2;TMED10;RAB22A;STX16;GBF1;GALC;IGF2R;RAB2A;PPT1;RPS6KA3;SGMS1;DOP1A;ARFIP1;VAMP7,CNT
prerank,Reactome_2022__Sealing Of Nuclear Envelope (NE) By ESCRT-III R-HSA-9668328,0.7535259052582346,1.1119782991425535,0.2870864461045891,0.5601603192969222,1.0,10/29,12.62%,TUBB4B;CHMP2A;TUBA4A;CHMP4B;TUBA1A;VPS4A;CHMP2B;TUBA1C;CHMP6;TUBA1B,CNT
prerank,Reactome_2022__Intraflagellar Transport R-HSA-5620924,0.7510534386171323,1.111511985035448,0.23255813953488372,0.5619633293047435,1.0,24/36,15.54%,DYNLRB1;HSPB11;IFT20;IFT22;DYNLL2;IFT43;DYNC2LI1;TRIP11;IFT81;IFT57;WDR35;IFT46;IFT27;IFT88;TRAF3IP1;CLUAP1;IFT52;IFT122;KIF3A;IFT140;WDR19;IFT80;DYNLL1;DYNLRB2,CNT
prerank,Reactome_2022__CTLA4 Inhibitory Signaling R-HSA-389513,0.7644362535379491,1.1113602996201235,0.3278327832783278,0.5619711779174871,1.0,13/21,18.23%,PPP2R5C;PPP2R5E;PPP2R1A;YES1;PTPN11;LYN;PPP2R5A;PPP2CA;AKT1;AKT3;SRC;PPP2R5B;PPP2R5D,CNT
prerank,Reactome_2022__Phase I - Functionalization Of Compounds R-HSA-211945,0.7152035271663684,1.1113550460748929,0.19695431472081218,0.5610978454529431,1.0,19/100,9.17%,VDAC2;ALDH2;ALDH1A1;HSP90AB1;PTGES3;ADH5;AURKAIP1;CYP51A1;NQO2;FDX1;CMBL;MAOA;CES2;CYB5R3;BPHL;RXRA;FDX2;EPHX1;ADH1C,CNT
prerank,Reactome_2022__Regulation Of FOXO Transcriptional Activity By Acetylation R-HSA-9617629,0.8110636931574655,1.1112294547561221,0.3047735618115055,0.5609120890027028,1.0,8/10,17.85%,TXNIP;TXN2;EP300;KAT2B;SIRT3;FOXO4;SIRT1;FOXO1,CNT
prerank,Reactome_2022__Epigenetic Regulation Of Gene Expression R-HSA-212165,0.7176162412049725,1.1109758663323368,0.22188449848024316,0.5615151836409139,1.0,44/84,17.25%,SAP18;POLR2K;GTF2H5;POLR2F;POLR1D;POLR2H;BAZ1B;POLR2L;CBX3;POLR2E;GATAD2B;RBBP7;CHD4;DEK;MNAT1;CHD3;GTF2H3;CCNH;SAP30BP;UBTF;EHMT2;SMARCA5;TTF1;SAP30L;TAF1B;ARID4B;SUDS3;EP300;MTA1;SF3B1;DNMT1;BAZ2A;KAT2B;GTF2H2;MTF2;SUZ12;DDX56;PHF1;TAF1C;GTF2H1;TDG;ERCC2;GTF2H4;SIRT1,CNT
prerank,Reactome_2022__AURKA Activation By TPX2 R-HSA-8854518,0.7214121163270472,1.1108950982275139,0.21783181357649442,0.5611237696653444,1.0,36/71,18.59%,TUBB4B;DCTN3;TUBA4A;DCTN1;SSNA1;HSP90AA1;DCTN2;CETN2;TUBA1A;OFD1;PPP2R1A;AKAP9;CEP290;HAUS4;CSNK1E;PRKCA;HAUS3;CSNK1D;PAFAH1B1;CEP63;CEP57;CNTRL;ACTR1A;HAUS2;PCM1;HAUS1;YWHAG;DYNLL1;CEP192;HAUS6;TUBG1;CEP250;CCP110;CEP72;PCNT;NINL,CNT
prerank,Reactome_2022__Interleukin-20 Family Signaling R-HSA-8854691,0.7464786111902664,1.11075039280399,0.30934479054779807,0.5611393049449722,1.0,7/26,14.57%,TYK2;JAK1;PTPN11;STAT3;STAT2;SOCS3;STAT5A,CNT
prerank,Reactome_2022__Nef Mediated Downregulation Of MHC Class I Complex Cell Surface Expression R-HSA-164940,0.809720742832106,1.1089574646178397,0.33016627078384797,0.5708426265442442,1.0,4/10,5.00%,B2M;AP1S1;AP1M2;AP1B1,CNT
prerank,Reactome_2022__Clathrin-mediated Endocytosis R-HSA-8856828,0.7156546989187182,1.1081942619575986,0.15045135406218657,0.5744920703025007,1.0,59/139,14.71%,CLTA;UBB;RPS27A;VAMP8;ARPC3;UBA52;CLTB;AP2A2;AP2M1;ARPC2;COPS8;GAK;ARPC5;AP2S1;RAB5C;NEDD8;COPS5;GRB2;STON2;EPN2;EGFR;PACSIN2;EPN1;COPS3;ACTR3;COPS2;UBC;ARPC1A;ITSN2;TGOLN2;UBQLN2;SNX18;GPS1;DAB2;STAM2;NECAP1;DVL2;FCHO2;TGFA;WASL;COPS4;IGF2R;AP2A1;CBL;VAMP7;BIN1;RAB5B;HSPA8;SLC2A8;COPS6;PIK3C2A;VAMP3;TOR1B;ARFGAP1;HGS;PIP5K1C;CTTN;PACSIN3;M6PR,CNT
prerank,Reactome_2022__AKT Phosphorylates Targets In Nucleus R-HSA-198693,0.7973963239833582,1.107748923364651,0.35315101070154575,0.5762547075334896,1.0,7/10,17.85%,RPS6KB2;CREB1;NR4A1;AKT1;AKT3;FOXO4;FOXO1,CNT
prerank,Reactome_2022__RHO GTPase Effectors R-HSA-195258,0.7117911616970554,1.1071524159491495,0.075,0.5790220182767901,1.0,95/237,15.85%,CYBA;MYL12B;ARPC3;PFN1;BRK1;DIAPH1;ITGB3BP;RPS27;ARPC2;RHOC;FLNA;RHOA;MYL6;RHOB;ARPC5;PPP2R5C;KLC4;YWHAH;CYFIP1;DYNLL2;KDM1A;IQGAP2;CALM1;MYH10;CDKN1B;RHOD;ITGB1;GRB2;SKA2;WASF2;ABI2;PPP2R5E;ACTR3;PPP1R12A;SEC13;ARPC1A;PPP2R1A;RANBP2;IQGAP1;NUDC;NF2;MYH9;PRKCA;WIPF2;TAOK1;NCK1;SRGAP2;SEH1L;ARHGEF7;NUP37;RHOG;PAFAH1B1;PTK2;CENPT;ABI1;REXO2;RCC2;PPP2R5A;NOXA1;MAPK14;YWHAQ;AHCTF1;NDEL1;DVL2;PPP2CA;SCAI;WASL;BUB3;MYL9;DYNC1LI1;RHOQ;MAD1L1;WASF3;DHDDS;DYNC1LI2;NUP43;B9D2;ACTG1;CLASP2;CTNNB1;YWHAG;SRF;LIMK2;NUP85;CTTN;DAAM1;NCKIPSD;KIF5B;MAPK3;ZWINT;PRKCD;DYNLL1;SRC;NUP160;PPP1R12B,CNT
prerank,Reactome_2022__NF-kB Activation Thru FADD/RIP-1 Pathway Mediated By Caspase-8 And -10 R-HSA-933543,0.7910831296641592,1.106560038133007,0.3474676089517079,0.5816533249832234,1.0,8/12,14.93%,RIPK1;MAVS;FADD;TRIM25;TRIM4;IFIH1;CASP10;RNF135,CNT
prerank,Reactome_2022__MyD88-independent TLR4 Cascade R-HSA-166166,0.7148080758261921,1.1065455929694579,0.18421052631578946,0.580819933541717,1.0,53/106,16.70%,UBB;RPS27A;NDUFA2;SKP1;UBA52;JUN;UBE2D2;FOS;NFKBIA;UBE2D3;MAPKAPK2;N4BP1;RELA;DUSP3;RIPK1;UBC;PPP2R1A;UBE2D1;CREB1;PTPN11;FADD;MAPKAPK3;TRAF6;TANK;BIRC2;NKIRAS2;TNIP2;MAPK14;MAP2K1;USP14;NFKBIB;PPP2CA;DUSP6;RPS6KA2;IKBIP;RPS6KA3;IRF3;TP53;VRK3;UBE2V1;MAP2K7;RIPK2;IRF7;TBK1;MAPK7;MAPK3;CUL1;ALPK1;RPS6KA1;BIRC3;MAP3K8;TAB3;NFKB2,CNT
prerank,Reactome_2022__Signaling By FGFR2 IIIa TM R-HSA-8851708,0.7609074124463765,1.1062901831223044,0.3669623059866962,0.5814260121936922,1.0,15/19,13.53%,POLR2I;POLR2J;POLR2K;POLR2F;POLR2H;POLR2L;POLR2E;POLR2A;GTF2F2;POLR2C;POLR2G;FGFR2;POLR2B;GTF2F1;POLR2D,CNT
prerank,Reactome_2022__Activation Of TFAP2 (AP-2) Family Of Transcription Factors R-HSA-8866907,0.7872439931494909,1.1056171118248916,0.33681765389082463,0.5846032726840155,1.0,4/12,10.53%,CITED2;CITED4;YEATS4;EP300,CNT
prerank,Reactome_2022__Nuclear Envelope Breakdown R-HSA-2980766,0.7357167089202593,1.10494196113291,0.2481827622014538,0.5877816397943769,1.0,33/53,19.06%,BANF1;TMPO;CTDNEP1;SEC13;LPIN2;LMNA;NUP88;RANBP2;PRKCA;NUP214;SEH1L;NUP37;POM121C;NUP153;NUP93;LPIN1;NUP54;NUP42;NUP43;NUP85;LEMD3;NUP155;NEK7;NUP58;NUP160;TPR;LEMD2;NUP205;CNEP1R1;NUP35;NUP188;NUP62;VRK1,CNT
prerank,Reactome_2022__Creatine Metabolism R-HSA-71288,0.7909684393992923,1.1049285564529434,0.3590686274509804,0.5869501886468442,1.0,6/10,16.08%,CKMT2;GAMT;CKB;GATM;SLC6A12;CKMT1A,CNT
prerank,Reactome_2022__mRNA Splicing R-HSA-72172,0.7082978244300648,1.1043148300941912,0.12512512512512514,0.5896784003117095,1.0,120/188,12.85%,LSM4;SNRPE;SNRPD2;SNRPB2;POLR2I;RBM8A;SRSF9;POLR2J;LSM7;SNRPF;POLR2K;SNRPN;LSM3;BUD31;LSM2;MAGOH;SYF2;SRSF7;LSM8;SNRPD3;PPIH;SNU13;LSM6;PUF60;DDX46;SNRPG;SF3B6;POLR2F;POLR2H;LSM5;SNRNP40;POLR2L;PPIE;PRPF31;YBX1;TXNL4A;POLR2E;SNRPB;HNRNPA1;CD2BP2;ZCRB1;SNRPA;PRPF8;BCAS2;RBM42;POLR2A;HNRNPF;PRPF6;SF1;RNPS1;DDX5;HNRNPR;PQBP1;SNRPA1;HNRNPA0;SRRM1;PLRG1;SNRPC;SNRNP70;PPIL4;SRSF2;WBP4;DHX15;GTF2F2;SF3A3;SRRM2;SF3B5;WBP11;U2SURP;RBM5;TRA2B;SRSF4;CASC3;NUDT21;POLR2C;PRPF38A;SF3A1;SMNDC1;CDC40;PCF11;WDR33;PTBP1;CTNNBL1;PPWD1;CSTF3;PRPF19;U2AF1L4;EIF4A3;HNRNPL;U2AF2;ZMAT5;SUGP1;ALYREF;POLR2G;SNRNP200;CWC15;DNAJC8;HNRNPH2;CPSF7;SF3B4;SRRT;SNW1;HNRNPK;SF3B1;CWC22;MAGOHB;POLR2B;AQR;DHX9;SRSF1;CHERP;SRSF10;SNRNP35;CPSF4;PRPF40A;GTF2F1;PPIL6;SNRNP25;HSPA8;RBMX,CNT
prerank,Reactome_2022__Cardiac Conduction R-HSA-5576891,-0.4618105200034595,-1.1042747020848327,0.001,0.875385378064844,1.0,5/125,0.53%,ATP1B1;FGF13;ATP2A2;ITPR2;ITPR1,CNT
prerank,Reactome_2022__Miscellaneous Transport And Binding Events R-HSA-5223345,0.7568445204820557,1.1028034297455442,0.3236870310825295,0.5976836733162076,1.0,13/23,12.86%,ADD1;MMGT1;MAGT1;TUSC3;ANKH;NIPAL1;MRS2;NIPA2;NIPA1;BPNT1;LRRC8A;ADD3;NIPAL3,CNT
prerank,Reactome_2022__Base Excision Repair R-HSA-73884,0.7279933015634819,1.1028028775710135,0.30165289256198347,0.5967542729671538,1.0,23/44,17.44%,POLE4;APEX1;RPA3;PCNA;POLE3;TERF2IP;POLD2;PARP1;SMUG1;MPG;PNKP;TINF2;MBD4;POLG2;UNG;RFC2;RFC5;RFC3;TDG;PARP2;LRIG1;XRCC1;LRIG3,CNT
prerank,Reactome_2022__HDR Thru Homologous Recombination (HRR) R-HSA-5685942,0.7228120397042522,1.1027739363359355,0.23824130879345604,0.5959846295746425,1.0,26/66,17.34%,UBB;RPS27A;UBA52;POLE4;SEM1;RPA3;PCNA;RRAD;POLE3;RAD51C;KAT5;POLD2;UBC;MRE11;RFC2;RFC5;WRN;RAD9A;RFC3;TOP3A;PALB2;RAD51D;HUS1;RAD17;RMI2;GEN1,CNT
prerank,Reactome_2022__Aberrant Regulation Of Mitotic G1/S Transition In Cancer Due To RB1 Defects R-HSA-9659787,0.7717177852329734,1.1026448677226417,0.34263392857142855,0.5958266380994621,1.0,6/17,10.43%,CCND3;CDKN1B;CDK4;TFDP2;TFDP1;CDKN1C,CNT
prerank,Reactome_2022__DNA Double-Strand Break Repair R-HSA-5693532,0.7127592971234744,1.1025852917935388,0.16164658634538154,0.5952609854391557,1.0,57/131,17.44%,UBB;RPS27A;SUMO1;SUMO2;UBA52;UBE2I;POLE4;XRCC6;SEM1;PPP4C;BAZ1B;RPA3;PCNA;PPP5C;RRAD;UIMC1;POLE3;RAD51C;KAT5;POLD2;PARP1;UBC;MRE11;UBXN1;ERCC1;KDM4B;RNF4;EYA4;RNF8;TDP2;SMARCA5;UBE2V2;BABAM1;APBB1;POLM;TP53;RFC2;ABRAXAS1;RFC5;WRN;RAD9A;RFC3;KPNA2;TIPIN;TOP3A;RAD52;PALB2;RAD51D;PARP2;HUS1;NSD2;RAD17;ABL1;RMI2;XRCC1;GEN1;LRIG3,CNT
prerank,Reactome_2022__Regulation Of Signaling By CBL R-HSA-912631,0.7744023946405479,1.1022650936539797,0.3221099887766554,0.596275635674157,1.0,12/18,15.64%,SYK;CLSTN1;GRB2;YES1;PIK3R3;LYN;CRK;PIK3R2;CBL;CRKL;RAPGEF1;PIK3R1,CNT
prerank,Reactome_2022__EGFR Downregulation R-HSA-182971,0.7477456421207889,1.1019545037989311,0.29559748427672955,0.5972434984613522,1.0,13/31,13.73%,UBB;RPS27A;UBA52;GRB2;EGFR;EPN1;UBC;ARHGEF7;STAM2;SPRY1;TGFA;CBL;HGS,CNT
prerank,MSigDB_Hallmark_2020__Androgen Response,0.7153575028551008,1.1016184915537552,0.19351570415400202,0.35332390381895334,1.0,45/99,14.38%,DBI;BMPR1B;B2M;PA2G4;UBE2I;MYL12A;SRP19;XRCC6;KRT8;SLC38A2;TMEM50A;CCND3;NCOA4;GNAI3;RAB4A;CDC14B;NGLY1;IQGAP2;GSR;ZMIZ1;DNAJB9;SELENOP;ADRM1;KRT19;SAT1;HMGCR;SPCS3;ANKH;HPGD;VAPA;MERTK;NDRG1;INSIG1;AKT1;RPS6KA3;HSD17B14;HERC3;PDLIM5;HMGCS1;PGM3;FADS1;MAP7;SRF;B4GALT1;PIAS1,CNT
prerank,Reactome_2022__Processing Of Capped Intron-Containing Pre-mRNA R-HSA-72203,0.7051878145146613,1.1009624228496193,0.122,0.6022538668141842,1.0,141/241,12.85%,LSM4;SNRPE;SNRPD2;SNRPB2;POLR2I;RBM8A;SRSF9;POLR2J;LSM7;SNRPF;POLR2K;SNRPN;LSM3;SLBP;THOC7;BUD31;LSM2;MAGOH;SYF2;SRSF7;LSM8;SNRPD3;PPIH;SNU13;LSM6;PUF60;DDX46;DDX39B;SNRPG;SF3B6;POLR2F;POLR2H;LSM5;SNRNP40;POLR2L;PPIE;PRPF31;YBX1;TXNL4A;POLR2E;SNRPB;HNRNPA1;CD2BP2;ZCRB1;SNRPA;PRPF8;EIF4E;SARNP;BCAS2;RBM42;POLR2A;HNRNPF;PRPF6;SF1;RNPS1;DDX5;HNRNPR;PQBP1;SNRPA1;HNRNPA0;SRRM1;PLRG1;SEC13;SNRPC;SNRNP70;PPIL4;SRSF2;WBP4;DHX15;CHTOP;GTF2F2;NUP88;RANBP2;SF3A3;SRRM2;SF3B5;WBP11;U2SURP;RBM5;TRA2B;SRSF4;CASC3;NUDT21;POLR2C;PRPF38A;SF3A1;SMNDC1;CDC40;PCF11;WDR33;PTBP1;NUP214;CTNNBL1;PPWD1;SEH1L;CSTF3;NUP37;PRPF19;U2AF1L4;POM121C;EIF4A3;HNRNPL;U2AF2;ZMAT5;SUGP1;NUP153;METTL14;NUP93;ALYREF;POLR2G;SNRNP200;CWC15;DNAJC8;HNRNPH2;CPSF7;SF3B4;GLE1;SRRT;SNW1;HNRNPK;SF3B1;CWC22;NXT1;MAGOHB;POLR2B;AQR;NUP54;DHX9;SRSF1;CHERP;SRSF10;NUP42;SNRNP35;CPSF4;PRPF40A;GTF2F1;PPIL6;SNRNP25;HSPA8;NUP43;RBMX,CNT
prerank,Reactome_2022__Pyrimidine Catabolism R-HSA-73621,0.7860561393239851,1.1008075771146357,0.347010550996483,0.6022148737311002,1.0,3/12,5.69%,NT5C;UPP1;NT5C3A,CNT
prerank,Reactome_2022__Meiotic Recombination R-HSA-912446,0.75278044982588,1.0999181219829997,0.339662447257384,0.6063874990772253,1.0,6/26,7.39%,RPA3;CDK4;RAD51C;MLH3;MLH1;MRE11,CNT
prerank,Reactome_2022__Transport Of SLBP Dependant Mature mRNA R-HSA-159230,0.7344998034878363,1.099679787693271,0.31568016614745587,0.6068644186550515,1.0,24/36,18.41%,SLBP;EIF4E;SEC13;NUP88;RANBP2;NUP214;SEH1L;NUP37;POM121C;NUP153;NUP93;ALYREF;NUP54;NUP42;NUP43;NUP85;NUP155;NUP58;NUP160;TPR;NUP205;NUP35;NUP188;NUP62,CNT
prerank,Reactome_2022__Signaling By FGFR2 In Disease R-HSA-5655253,0.7346012500626236,1.0993516028875892,0.2930672268907563,0.6078503879332284,1.0,23/42,15.64%,POLR2I;POLR2J;POLR2K;POLR2F;POLR2H;POLR2L;POLR2E;HRAS;POLR2A;GRB2;GTF2F2;POLR2C;POLR2G;FRS2;FGFR2;SOS1;POLR2B;GTF2F1;POLR2D;FGF7;NRAS;PLCG1;PIK3R1,CNT
prerank,Reactome_2022__p38MAPK Events R-HSA-171007,0.7818600003990115,1.0991988485147108,0.36177884615384615,0.60781387570126,1.0,9/12,17.61%,MAPKAPK2;HRAS;MAPKAPK3;RALA;MAPK14;RALGDS;NRAS;SRC;MAPK13,CNT
prerank,Reactome_2022__Signaling By KIT In Disease R-HSA-9669938,0.757939233036441,1.09907401951787,0.3502202643171806,0.607658719790771,1.0,12/19,15.64%,HRAS;GRB2;YES1;PIK3R3;LYN;STAT3;SOS1;PIK3R2;NRAS;STAT5A;SRC;PIK3R1,CNT
prerank,MSigDB_Hallmark_2020__Pperoxisome,0.7134576291528792,1.098975489714258,0.22805247225025227,0.3574148623653574,1.0,47/104,14.18%,FIS1;SOD1;TSPO;ECH1;PRDX5;PRDX1;CRABP1;ALDH1A1;ITGB1BP1;CNBP;CAT;SLC25A4;ECI2;ISOC1;ALDH9A1;YWHAH;HRAS;ACAA1;RDH11;DHRS3;SLC35B2;GSTK1;HMGCL;SOD2;MLYCD;PEX2;VPS4B;CEL;ERCC1;NUDT19;ACOX1;SCP2;FDPS;IDE;PEX14;ACOT8;PEX13;SLC25A19;CRABP2;LONP2;PEX5;CLN6;IDH2;PEX6;FADS1;ABCB1;SEMA3C,CNT
prerank,MSigDB_Hallmark_2020__Coagulation,0.7057076714387878,1.0984743310973561,0.17535070140280562,0.34702109666748987,1.0,43/138,16.74%,S100A13;CTSH;ISCU;RGN;MSRB2;CAPN2;PEF1;GNB2;RAPGEF3;ARF4;GSN;SERPING1;TIMP3;HMGCS2;USP11;CTSB;MMP14;SIRT2;APOC1;RAC1;LGMN;CPQ;CSRP1;CFI;ADAM9;FURIN;PRSS23;DUSP6;LTA4H;CLU;GNG12;CD9;LRP1;HRG;CASP9;CFD;MMP7;RABIF;ANG;CRIP2;F8;ACOX2;CTSO,CNT
prerank,Reactome_2022__Zinc Transporters R-HSA-435354,0.7732037265932948,1.0983248225362452,0.31731843575418994,0.6110982167042166,1.0,10/17,16.62%,SLC39A4;SLC39A3;SLC39A1;SLC30A1;SLC30A6;SLC30A5;SLC39A7;SLC39A10;SLC39A6;SLC39A14,CNT
prerank,Reactome_2022__Mitotic Prometaphase R-HSA-68877,0.7073260191640819,1.0981016025909345,0.1402805611222445,0.6114428518244519,1.0,79/183,16.81%,MZT2B;TUBB4B;DCTN3;ITGB3BP;MZT2A;RPS27;TUBA4A;DCTN1;SSNA1;HSP90AA1;PPP2R5C;DCTN2;DYNLL2;CETN2;RAD21;MZT1;TUBA1A;SKA2;CSNK2B;OFD1;PPP2R5E;CSNK2A2;SEC13;PPP2R1A;AKAP9;RANBP2;NUDC;CEP290;HAUS4;CSNK1E;NUMA1;PRKCA;HAUS3;TAOK1;CSNK1D;SEH1L;NUP37;PAFAH1B1;CEP63;CENPT;TUBGCP4;TUBGCP6;RCC2;PPP2R5A;AHCTF1;CEP57;NDEL1;PPP2CA;BUB3;SMC4;CNTRL;DYNC1LI1;ACTR1A;MAD1L1;DYNC1LI2;NUP43;B9D2;HAUS2;PCM1;CLASP2;STAG2;HAUS1;YWHAG;NUP85;TUBGCP3;RAB33B;ZWINT;NEK7;SMC3;DYNLL1;CEP192;TUBGCP2;NUP160;TUBG2;HAUS6;TUBG1;PPP2R5B;RANGAP1;CEP250,CNT
prerank,Reactome_2022__Mitotic Spindle Checkpoint R-HSA-69618,0.7109942931567248,1.098021044303114,0.20160481444332998,0.6109835100585724,1.0,42/108,15.73%,ANAPC11;ANAPC16;CDC26;ITGB3BP;RPS27;ANAPC5;PPP2R5C;DYNLL2;UBE2E1;UBE2S;SKA2;PPP2R5E;SEC13;PPP2R1A;CDC27;UBE2D1;RANBP2;NUDC;ANAPC15;TAOK1;SEH1L;NUP37;ANAPC4;PAFAH1B1;CENPT;RCC2;PPP2R5A;AHCTF1;NDEL1;PPP2CA;BUB3;DYNC1LI1;MAD1L1;DYNC1LI2;NUP43;B9D2;ANAPC2;CLASP2;NUP85;ZWINT;DYNLL1;NUP160,CNT
prerank,Reactome_2022__ROS And RNS Production In Phagocytes R-HSA-1222556,0.7352737976799448,1.0972970516134468,0.30952380952380953,0.6143225616215092,1.0,13/36,10.97%,ATP6V1G1;CYBA;ATP6V0E1;ATP6V0C;ATP6V0D1;ATP6V0B;ATP6V0E2;SLC11A1;ATP6V1G3;ATP6V1B2;ATP6V1D;ATP6V1E1;ATP6V1F,CNT
prerank,Reactome_2022__Signaling By SCF-KIT R-HSA-1433557,0.7283254035061747,1.0972907538637042,0.3077720207253886,0.6134133160626811,1.0,21/42,15.64%,HRAS;FER;GRB2;YES1;PIK3R3;PTPN11;LYN;PRKCA;SOCS1;STAT3;SOS1;GRB7;PIK3R2;CBL;NRAS;STAT5A;PTPRU;PTPN6;GRB10;SRC;PIK3R1,CNT
prerank,Reactome_2022__Toll Like Receptor 3 (TLR3) Cascade R-HSA-168164,0.7092658452642401,1.09696242684467,0.23302938196555217,0.614525652497002,1.0,52/103,16.70%,UBB;RPS27A;SKP1;UBA52;JUN;UBE2D2;FOS;NFKBIA;UBE2D3;MAPKAPK2;N4BP1;RELA;DUSP3;RIPK1;UBC;PPP2R1A;UBE2D1;TLR3;CREB1;FADD;MAPKAPK3;TRAF6;TANK;BIRC2;NKIRAS2;TNIP2;MAPK14;MAP2K1;USP14;NFKBIB;PPP2CA;DUSP6;RPS6KA2;IKBIP;RPS6KA3;IRF3;TP53;VRK3;UBE2V1;MAP2K7;RIPK2;IRF7;TBK1;MAPK7;MAPK3;CUL1;ALPK1;RPS6KA1;BIRC3;MAP3K8;TAB3;NFKB2,CNT
prerank,MSigDB_Hallmark_2020__Apical Junction,0.7062519844351874,1.0963893292797111,0.131,0.34678722974338244,1.0,76/200,17.68%,CLDN4;MYL12B;PFN1;ARPC2;CLDN7;SYK;JUP;NECTIN2;WNK4;PCDH1;MSN;YWHAH;RSU1;HRAS;MYH10;CAP1;GAMT;TSPAN4;ITGB1;CNN2;CDH1;SGCE;EGFR;PIK3R3;VCL;CRB3;ITGA3;NF2;MYH9;TAOK2;EXOC4;ADAM9;PTK2;CX3CL1;MAPK14;TMEM8B;CERCAM;WASL;INSIG1;MYL9;STX4;GRB7;PKD1;ZYX;GTF2F1;AMIGO2;ACTG1;SHC1;SORBS3;TSC1;NEXN;B4GALT1;IRS1;AKT3;INPPL1;PARVA;PLCG1;CRAT;NECTIN3;SRC;ACTN1;CD99;PTEN;MPP5;SKAP2;RHOF;LDLRAP1;TUBG1;CD276;MDK;VASP;RASA1;SHROOM2;MAPK13;CLDN15;BAIAP2,CNT
prerank,Reactome_2022__Activation Of BH3-only Proteins R-HSA-114452,0.7328481303858879,1.0962429823534454,0.3475991649269311,0.6178121459195111,1.0,19/30,19.66%,BAD;YWHAH;DYNLL2;TFDP2;TFDP1;REXO2;YWHAQ;AKT1;TP53;PPP3CC;BCL2;YWHAG;AKT3;BCL2L11;DYNLL1;PPP3R1;TP53BP2;BBC3;PPP1R13B,CNT
prerank,Reactome_2022__Cell-extracellular Matrix Interactions R-HSA-446353,0.7626773183499478,1.0957041592950059,0.3741339491916859,0.6200556829063131,1.0,9/16,16.99%,ILK;FLNA;RSU1;ITGB1;FERMT2;PARVA;ACTN1;PARVB;VASP,CNT
prerank,Reactome_2022__Homology Directed Repair R-HSA-5693538,0.7111035645941446,1.095206881481258,0.20303030303030303,0.6220033972287781,1.0,44/101,17.44%,UBB;RPS27A;SUMO2;UBA52;UBE2I;POLE4;SEM1;PPP4C;RPA3;PCNA;RRAD;UIMC1;POLE3;RAD51C;KAT5;POLD2;PARP1;UBC;MRE11;ERCC1;RNF4;RNF8;UBE2V2;BABAM1;RFC2;ABRAXAS1;RFC5;WRN;RAD9A;RFC3;TIPIN;TOP3A;RAD52;PALB2;RAD51D;PARP2;HUS1;NSD2;RAD17;ABL1;RMI2;XRCC1;GEN1;LRIG3,CNT
prerank,Reactome_2022__Alpha-protein Kinase 1 Signaling Pathway R-HSA-9645460,0.7959689670808916,1.0950456296371036,0.37349397590361444,0.622047951447467,1.0,5/11,8.15%,UBB;RPS27A;UBA52;UBC;TRAF6,CNT
prerank,"Reactome_2022__Platelet Activation, Signaling And Aggregation R-HSA-76002",0.7030701345795729,1.095008237411068,0.125,0.6213264049648785,1.0,84/252,15.86%,CD63;GNG5;TMSB4X;SOD1;PFN1;GAS6;PPIA;MAGED2;LGALS3BP;TEX264;TUBA4A;TAGLN2;SGPP2;TLN1;CYB5R1;FLNA;SYK;RHOA;RHOB;GNAI3;VTI1B;PLCG2;VEGFB;GNB2;PCDH7;BCAR1;CALM1;RAPGEF3;CAP1;SERPING1;GNB1;TIMP3;GNG10;ANXA5;AAMP;GNAQ;GRB2;GNB5;CHID1;RAP1B;VEGFC;SELENOP;GNG11;SCCPDH;PTPN1;PIK3R3;VCL;PTPN11;NHLRC2;LYN;QSOX1;PRKCA;RHOG;PTK2;MAPK14;HABP4;SERPINA4;RAP1A;CRK;PRKCE;PIKFYVE;SOS1;STX4;AKT1;PIK3R2;KNG1;GNG7;SERPINF2;CDC37L1;ITPR3;CLU;GNG12;CD9;SHC1;TOR4A;HRG;MAPK3;DGKQ;PTPN6;PRKCD;SRC;PIK3R1;ACTN1;CSK,CNT
prerank,Reactome_2022__Processing Of SMDT1 R-HSA-8949664,0.7698313984747557,1.0947645961770653,0.36562860438292966,0.6217852972043876,1.0,10/15,15.54%,SMDT1;PHB2;MICU2;YME1L1;MAIP1;PMPCA;MICU1;PARL;STOML2;MCU,CNT
prerank,Reactome_2022__GPER1 Signaling R-HSA-9634597,0.7290736142882819,1.0942242333578092,0.3017689906347555,0.623992449364756,1.0,16/43,15.82%,GNG5;GNAS;GNAI3;GNB2;GNB1;GNG10;ITGB1;GNB5;GNG11;PRKCA;GNG7;GNG12;SHC1;ADCY9;SRC;ADCY1,CNT
prerank,Reactome_2022__Intra-Golgi And Retrograde Golgi-to-ER Traffic R-HSA-6811442,0.6990331088689794,1.0941214404065225,0.19019019019019018,0.6236759000879342,1.0,84/181,15.52%,ARF5;COPE;DCTN3;COPZ1;NAA38;KIF22;TMED9;RAB1B;DCTN1;KDELR1;ACTR10;CAPZB;CAPZA2;KLC4;DCTN2;KDELR2;PAFAH1B3;DYNLL2;GOSR1;PTGES2;RAB9A;ARF4;TRIP11;VPS51;COG3;CYTH2;SYS1;DCTN6;STX5;ARFGAP2;TMF1;NAPG;STX18;TGOLN2;AGPAT3;STX10;RAB3GAP1;COPB1;COPB2;YKT6;TMED3;MAN1A2;SEC22B;PAFAH1B1;SCOC;BNIP1;RAB18;KIF1C;ARF3;KIF12;PAFAH1B2;STX16;COG4;CUX1;IGF2R;VPS53;COPA;DYNC1LI1;ACTR1A;COPG1;BICD2;CAPZA1;KIF16B;KIF27;COPG2;GOLIM4;DYNC1LI2;KIF3A;COG1;BET1L;PLIN3;VAMP3;ARFGAP1;VPS54;ARFRP1;MAN2A1;KIF5B;M6PR;GALNT2;RACGAP1;RAB33B;COPZ2;KIF9;DYNLL1,CNT
prerank,Reactome_2022__Interleukin Receptor SHC Signaling R-HSA-912526,0.7398193010884506,1.0938574828827239,0.36706135629709363,0.6242257151652133,1.0,10/27,15.64%,CLSTN1;GRB2;PIK3R3;JAK1;SOS1;PIK3R2;SHC1;INPPL1;PTPN6;PIK3R1,CNT
prerank,Reactome_2022__Reactions Specific To Complex N-glycan Synthesis Pathway R-HSA-975578,0.7832742436813664,1.0933938631466837,0.39855072463768115,0.6261814815766727,1.0,3/10,15.94%,FUCA1;MAN2A1;MAN2A2,CNT
prerank,Reactome_2022__Anchoring Of Basal Body To Plasma Membrane R-HSA-5620912,0.7067295496712758,1.0930563434983396,0.2313131313131313,0.627188910289156,1.0,51/96,18.59%,TUBB4B;DCTN3;TUBA4A;DCTN1;SSNA1;HSP90AA1;DCTN2;CETN2;TCTN3;TUBA1A;OFD1;TMEM216;PPP2R1A;AKAP9;CEP290;HAUS4;CSNK1E;PRKCA;HAUS3;MKS1;B9D1;CSNK1D;PAFAH1B1;CEP63;RAB8A;TCTN2;CEP57;CNTRL;ACTR1A;AHI1;B9D2;HAUS2;PCM1;MARK4;HAUS1;YWHAG;C2CD3;TCTN1;CEP97;DYNLL1;CEP192;HAUS6;TUBG1;CEP83;CEP250;SEPTIN2;NPHP1;CCP110;CEP72;PCNT;NINL,CNT
prerank,Reactome_2022__ERCC6 (CSB) And EHMT2 (G9a) Positively Regulate rRNA Expression R-HSA-427389,0.7672099230461681,1.092729758735097,0.35909090909090907,0.6281017817694015,1.0,8/16,10.72%,CBX3;GATAD2B;RBBP7;CHD4;CHD3;EHMT2;TTF1;MTA1,CNT
prerank,Reactome_2022__Retrograde Neurotrophin Signaling R-HSA-177504,0.7695721962273846,1.0919065765380092,0.39110604332953247,0.6320963387759249,1.0,4/14,3.14%,CLTA;AP2A2;AP2M1;AP2S1,CNT
prerank,Reactome_2022__RAS Processing R-HSA-9648002,0.759658003229495,1.0913508575019222,0.37133182844243795,0.6343834941736365,1.0,12/18,15.91%,ARL2;ICMT;HRAS;CALM1;BCL2L1;FNTA;ABHD17A;GOLGA7;RCE1;PDE6D;NRAS;ZDHHC9,CNT
prerank,Reactome_2022__FOXO-mediated Transcription R-HSA-9614085,0.7095133315578718,1.0913133342879808,0.2870275791624106,0.6336633281613312,1.0,30/64,18.53%,BTG1;TXNIP;TXN2;CITED2;DDIT3;GADD45A;SMAD2;PINK1;CDKN1B;REXO2;YWHAQ;EP300;STK11;AKT1;NFYB;KAT2B;POMC;ATXN3;YWHAG;AKT3;BCL2L11;SIRT3;BCL6;FOXO4;PCK1;PCBP4;SIRT1;FOXO1;SIN3A;NFYA,CNT
prerank,Reactome_2022__Mismatch Repair (MMR) Directed By MSH2:MSH6 (MutSalpha) R-HSA-5358565,0.768669226518566,1.0912631336771648,0.38346727898966704,0.6329945316111606,1.0,6/14,11.28%,RPA3;PCNA;POLD2;MLH1;PMS2;MSH6,CNT
prerank,Reactome_2022__Elastic Fibre Formation R-HSA-1566948,0.7268108992167139,1.0911769987676525,0.3270042194092827,0.6325705613778958,1.0,8/39,10.10%,ITGB1;SMIM6;ITGB5;LTBP3;EFEMP1;FBLN5;FURIN;ITGB8,CNT
prerank,Reactome_2022__Glycosphingolipid Metabolism R-HSA-1660662,0.7249982786601634,1.09091151717848,0.31682146542827655,0.6331371511360071,1.0,13/43,12.55%,ARSD;ASAH1;HEXA;SMPD4;SUMF2;ESYT1;HEXB;ARSK;GLB1;SUMF1;GALC;GLTP;ESYT2,CNT
prerank,Reactome_2022__HDR Thru Homologous Recombination (HRR) Or Single Strand Annealing (SSA) R-HSA-5693567,0.7092747991103728,1.0908045031118212,0.2216599190283401,0.6327751248484107,1.0,40/96,17.34%,UBB;RPS27A;SUMO2;UBA52;UBE2I;POLE4;SEM1;PPP4C;RPA3;PCNA;RRAD;UIMC1;POLE3;RAD51C;KAT5;POLD2;UBC;MRE11;ERCC1;RNF4;RNF8;UBE2V2;BABAM1;RFC2;ABRAXAS1;RFC5;WRN;RAD9A;RFC3;TIPIN;TOP3A;RAD52;PALB2;RAD51D;HUS1;NSD2;RAD17;ABL1;RMI2;GEN1,CNT
prerank,Reactome_2022__Post-translational Protein Phosphorylation R-HSA-8957275,0.7073781473011672,1.0908005290318976,0.24096385542168675,0.6318668228094482,1.0,27/106,13.67%,IGFBP7;GAS6;P4HB;SGPP2;CST3;PDIA6;APOE;PNPLA2;VWA1;NUCB1;GOLM1;MGAT4A;TGOLN2;LAMB1;QSOX1;SHISA5;MBTPS1;SDC2;PRSS23;TRIM26;LGALS1;FUCA2;KNG1;WFS1;GPC3;EVA1A;DMTF1,CNT
prerank,Reactome_2022__Gluconeogenesis R-HSA-70263,0.7404562068579847,1.090103371965644,0.3602941176470588,0.6350061531254028,1.0,10/30,12.19%,TPI1;FBP1;SLC25A11;MDH2;SLC37A4;ENO1;GOT2;PGAM2;PCNX4;G6PC3,CNT
prerank,Reactome_2022__WNT Ligand Biogenesis And Trafficking R-HSA-3238698,0.7408614522398586,1.089927800134567,0.3700534759358289,0.6350526501689023,1.0,5/26,8.65%,VPS35;TMED5;VPS26A;VPS29;SNX3,CNT
prerank,Reactome_2022__Post-translational Modification: Synthesis Of GPI-anchored Proteins R-HSA-163125,0.70076145324087,1.089613947352535,0.28036437246963564,0.6358566055690841,1.0,16/91,11.50%,PIGP;DPM3;DPM2;DPM1;PIGF;PIGG;PIGN;CNTN4;PIGC;PIGT;PIGX;PIGK;GPAA1;PIGQ;PIGO;RTN4RL2,CNT
prerank,Reactome_2022__Nuclear Events (Kinase And Transcription Factor Activation) R-HSA-198725,0.7168859331320842,1.0892054594543583,0.29887410440122825,0.6372554367364488,1.0,29/61,16.17%,FOS;MAPKAPK2;JUND;ID4;FOSB;EGR1;DUSP3;ID1;CHD4;RRAD;ID3;REST;PPP2R1A;CDK5;CREB1;ID2;MAPK14;PPP2CA;DUSP6;EP300;MEF2D;RPS6KA2;RPS6KA3;VRK3;SRF;MAPK7;MAPK3;DNM2;RPS6KA1,CNT
prerank,Reactome_2022__Signaling By EGFR R-HSA-177929,0.7214372404704666,1.0891045993018604,0.2949640287769784,0.6369406337272863,1.0,25/49,16.54%,UBB;RPS27A;UBA52;HRAS;AAMP;GRB2;EGFR;EPN1;UBC;PTPN11;ARHGEF7;STAM2;SPRY1;TGFA;SOS1;CBL;HGS;SHC1;NRAS;PLCG1;SH3GL2;SRC;PIK3R1;CSK;LRIG1,CNT
prerank,Reactome_2022__MET Activates RAP1 And RAC1 R-HSA-8875555,0.7869206986107773,1.0890456084817017,0.3821428571428571,0.6363547366942962,1.0,8/11,14.91%,RNMT;GRB2;RAP1B;RAP1A;CRK;SOS1;CRKL;RAPGEF1,CNT
prerank,Reactome_2022__SUMOylation Of DNA Damage Response And Repair Proteins R-HSA-3108214,0.7114188804733432,1.089039831408973,0.28818737270875766,0.6354680973818401,1.0,46/75,18.72%,SUMO1;SUMO2;UBE2I;PHC2;CETN2;RAD21;NSMCE1;PARP1;SEC13;NUP88;SP100;RANBP2;NSMCE3;RING1;NUP214;SEH1L;NUP37;POM121C;NUP153;PCGF2;NUP93;NSMCE4A;SMC5;NUP54;XPC;NUP42;NUP43;STAG2;WRN;NUP85;PIAS1;NUP155;SMC3;PIAS2;NUP58;RAD52;NUP160;TDG;TPR;NUP205;NUP35;NUP188;NUP62;PMEPA1;MDC1;CBX8,CNT
prerank,Reactome_2022__Transport Of Mature Transcript To Cytoplasm R-HSA-72202,0.7110974757732027,1.0877807109818762,0.26464646464646463,0.6418307696839534,1.0,53/83,18.49%,RBM8A;SRSF9;SLBP;THOC7;MAGOH;SRSF7;DDX39B;EIF4E;SARNP;RNPS1;SRRM1;SEC13;SRSF2;CHTOP;NUP88;RANBP2;SRSF4;CASC3;CDC40;WDR33;NUP214;SEH1L;NUP37;U2AF1L4;POM121C;EIF4A3;U2AF2;NUP153;NUP93;ALYREF;GLE1;NXT1;MAGOHB;NUP54;SRSF1;NUP42;CPSF4;NUP43;CPSF3;NUP85;NUP155;NUP58;NUP160;THOC3;TPR;NUP205;THOC2;THOC6;NUP35;THOC5;NUP188;NUP62;SRSF3,CNT
prerank,Reactome_2022__NCAM1 Interactions R-HSA-419037,-0.5183292648886919,-1.087210240259287,0.2608695652173913,0.8942318378103765,1.0,5/37,2.21%,COL4A3;CACNA1D;CACNB4;COL4A5;COL4A4,CNT
prerank,Reactome_2022__Vasopressin Regulates Renal Water Homeostasis Via Aquaporins R-HSA-432040,0.7275515487499628,1.0869282710748212,0.3219461697722567,0.6456365144123264,1.0,15/42,16.72%,GNG5;GNAS;GNB2;GNB1;GNG10;GNB5;GNG11;PRKCA;AQP2;GNG7;MINDY4;GNG12;ADCY9;ADCY1;AQP3,CNT
prerank,Reactome_2022__LGI-ADAM Interactions R-HSA-5682910,0.7580018000862232,1.086917309382608,0.4099883855981417,0.6447695144110167,1.0,1/14,3.68%,ADAM22,CNT
prerank,Reactome_2022__Free Fatty Acids Regulate Insulin Secretion R-HSA-400451,-0.6475410087615342,-1.0866399214129876,0.4,0.8686778883006736,1.0,1/11,0.09%,ACSL4,CNT
prerank,Reactome_2022__Intrinsic Pathway For Apoptosis R-HSA-109606,0.7134286955659473,1.0862747572111346,0.3122448979591837,0.6474039126570944,1.0,29/55,17.48%,BAD;GSDMD;YWHAH;DYNLL2;APIP;BAX;BCL2L1;TFDP2;TFDP1;REXO2;YWHAQ;STAT3;XIAP;AKT1;TP53;UACA;CYCS;PPP3CC;BCL2;YWHAG;AKT3;CASP9;CASP3;BCL2L11;MAPK3;C1QBP;DYNLL1;PPP3R1;TP53BP2,CNT
prerank,Reactome_2022__Signaling By Nuclear Receptors R-HSA-9006931,0.6946286559726078,1.0859248792420795,0.159,0.6484798259748622,1.0,105/231,14.37%,GNG5;POLR2I;POLR2J;POLR2K;CRABP1;ALDH1A1;EBAG9;GTF2A2;JUN;HSP90AB1;PTGES3;FOS;TBL1X;ZDHHC7;POLR2F;RUNX1;PDHA1;POLR2H;POLR2L;HSP90AA1;PPID;GNAI3;JUND;POLR2E;GNB2;TBL1XR1;FOSB;AGO2;CPT1A;HRAS;KDM1A;CALM1;PRMT1;CDKN1B;RAD21;GATA3;GPS2;GNB1;POLR2A;GNG10;TLE3;USF2;RDH11;APOE;DHRS3;NR1H2;LDHD;DDX5;PPP5C;GNB5;EGFR;DLAT;PDHX;GNG11;KAT5;APOC1;KCTD6;FKBP4;GTF2F2;PIK3R3;CREB1;HDAC3;ZNF217;PDHB;KDM4B;POLR2C;YY1;RXRA;CHD1;CXXC5;PTK2;CTSD;MBD4;ADH1C;CDK9;POLR2G;NCOR2;GTF2A1;TGFA;EP300;NRIP1;PDK4;POLR2B;AKT1;RARB;PDK2;CRABP2;PIK3R2;CBFB;GNG7;AGO3;KAT2B;GTF2F1;CCNT1;RDH13;GNG12;POLR2D;POU2F1;STAG2;SHC1;USF1;BCL2;SRF;NRAS;AKT3,CNT
prerank,Reactome_2022__TP53 Regulates Transcription Of Cell Death Genes R-HSA-5633008,0.7209032184874241,1.0856708896524476,0.3367768595041322,0.6489122219982367,1.0,21/44,17.79%,TMEM219;PRELID1;BAX;PERP;TNFRSF10B;BNIP3L;NDRG1;ZNF420;RABGGTB;PIDD1;TP53;TRIAP1;CASP10;TNFRSF10D;RABGGTA;BCL6;CASP2;TP53BP2;TP53INP1;AIFM2;IGFBP3,CNT
prerank,Reactome_2022__NEP/NS2 Interacts With Cellular Export Machinery R-HSA-168333,0.729965942844117,1.085653438762541,0.35460251046025104,0.6480702066211639,1.0,22/35,18.41%,RAN;SEC13;NUP88;RANBP2;NUP214;SEH1L;NUP37;POM121C;NUP153;NUP93;NUP54;NUP42;NUP43;NUP85;NUP155;NUP58;NUP160;TPR;NUP205;NUP35;NUP188;NUP62,CNT
prerank,Reactome_2022__MyD88:MAL(TIRAP) Cascade Initiated On Plasma Membrane R-HSA-166058,0.701987448576249,1.0856364071439917,0.2527693856998993,0.6472509324237807,1.0,47/112,16.70%,UBB;RPS27A;NDUFA2;SKP1;UBA52;JUN;FOS;NFKBIA;MAPKAPK2;SIGIRR;N4BP1;RELA;DUSP3;UBC;PPP2R1A;CREB1;MAPKAPK3;SOCS1;TRAF6;TANK;NKIRAS2;TNIP2;ECSIT;IRAK4;MAP3K1;MAPK14;MAP2K1;USP14;NFKBIB;PPP2CA;DUSP6;RPS6KA2;IKBIP;RPS6KA3;TP53;VRK3;UBE2V1;MAP2K7;RIPK2;MAPK7;MAPK3;CUL1;ALPK1;RPS6KA1;MAP3K8;TAB3;NFKB2,CNT
prerank,Reactome_2022__G Alpha (Z) Signaling Events R-HSA-418597,0.7216483017518132,1.0856191747392527,0.33264033264033266,0.646416621958742,1.0,15/47,15.82%,GNG5;GNAS;GNAI3;GNB2;GNB1;GNG10;GNB5;GNG11;PRKCA;PRKCE;GNG7;GNG12;ADCY9;PRKCD;ADCY1,CNT
prerank,Reactome_2022__TRP Channels R-HSA-3295583,-0.5703524684131416,-1.085382819050549,0.3717948717948718,0.8468749727616963,1.0,3/25,4.08%,TRPM7;TRPC1;TRPM6,CNT
prerank,Reactome_2022__Acyl Chain Remodelling Of PE R-HSA-1482839,0.7312312494189346,1.0852118665628327,0.3710691823899371,0.6477582939252101,1.0,7/29,13.66%,PLBD1;PLAAT4;ABHD4;MBOAT1;PLAAT3;LPCAT4;PLA2G4F,CNT
prerank,Reactome_2022__Toll Like Receptor 7/8 (TLR7/8) Cascade R-HSA-168181,0.7013031439107699,1.0851472797420025,0.2634245187436677,0.6471799770458165,1.0,46/102,16.70%,UBB;RPS27A;NDUFA2;SKP1;UBA52;JUN;FOS;NFKBIA;MAPKAPK2;N4BP1;RELA;DUSP3;UBC;PPP2R1A;CREB1;MAPKAPK3;TRAF6;TANK;NKIRAS2;TNIP2;ECSIT;IRAK4;MAP3K1;MAPK14;MAP2K1;USP14;NFKBIB;PPP2CA;DUSP6;RPS6KA2;IKBIP;RPS6KA3;TP53;VRK3;UBE2V1;MAP2K7;RIPK2;IRF7;MAPK7;MAPK3;CUL1;ALPK1;RPS6KA1;MAP3K8;TAB3;NFKB2,CNT
prerank,Reactome_2022__MyD88 Dependent Cascade Initiated On Endosome R-HSA-975155,0.7013076979856234,1.084631896295992,0.26369168356997974,0.6491487472396263,1.0,46/101,16.70%,UBB;RPS27A;NDUFA2;SKP1;UBA52;JUN;FOS;NFKBIA;MAPKAPK2;N4BP1;RELA;DUSP3;UBC;PPP2R1A;CREB1;MAPKAPK3;TRAF6;TANK;NKIRAS2;TNIP2;ECSIT;IRAK4;MAP3K1;MAPK14;MAP2K1;USP14;NFKBIB;PPP2CA;DUSP6;RPS6KA2;IKBIP;RPS6KA3;TP53;VRK3;UBE2V1;MAP2K7;RIPK2;IRF7;MAPK7;MAPK3;CUL1;ALPK1;RPS6KA1;MAP3K8;TAB3;NFKB2,CNT
prerank,Reactome_2022__Integration Of Provirus R-HSA-162592,0.7855082719807964,1.0845303741673293,0.38424821002386633,0.6488035265811839,1.0,5/10,9.17%,PPIA;XRCC6;BANF1;PSIP1;HMGA1,CNT
prerank,Reactome_2022__Mitotic Prophase R-HSA-68875,0.7071355346927759,1.0842581780871554,0.28904665314401623,0.6493844855120201,1.0,47/82,18.41%,RAB1B;BANF1;ENSA;TMPO;CTDNEP1;SEC13;PPP2R1A;LPIN2;LMNA;NUP88;RANBP2;NUMA1;PRKCA;NUP214;SEH1L;NUP37;POM121C;NUP153;NUP93;LPIN1;PPP2CA;ARPP19;SMC4;RAB2A;NUP54;NUP42;NUP43;NUP85;LEMD3;NUP155;RB1;MAPK3;RAB33B;NEK7;NUP58;NUP160;TPR;LEMD2;PHF8;SET;NUP205;BLZF1;GORASP1;CNEP1R1;NUP35;NUP188;NUP62,CNT
prerank,Reactome_2022__Regulation Of IGF Transport And Uptake By IGFBPs R-HSA-381426,0.7019430525253602,1.083199915247158,0.23694779116465864,0.6543360394136806,1.0,30/123,13.67%,IGFBP7;GAS6;P4HB;SGPP2;CST3;PDIA6;APOE;PNPLA2;VWA1;NUCB1;GOLM1;MGAT4A;TGOLN2;LAMB1;QSOX1;SHISA5;KLK1;MBTPS1;SDC2;PRSS23;TRIM26;LGALS1;FUCA2;KNG1;IGFBP6;WFS1;GPC3;IGFALS;EVA1A;DMTF1,CNT
prerank,Reactome_2022__Sema3A PAK Dependent Axon Repulsion R-HSA-399954,0.7634316341019216,1.0831147912909775,0.38895152198421645,0.6538787395621452,1.0,3/16,8.85%,HSP90AB1;HSP90AA1;ARHGEF7,CNT
prerank,Reactome_2022__Formation Of Apoptosome R-HSA-111458,0.7693276113984397,1.082907849441414,0.41500586166471276,0.654070337507151,1.0,6/11,14.78%,APIP;XIAP;UACA;CYCS;CASP9;MAPK3,CNT
prerank,Reactome_2022__RHOBTB GTPase Cycle R-HSA-9706574,0.7229277460579728,1.0828659951265438,0.3699481865284974,0.653410120581341,1.0,21/35,13.44%,HSP90AB1;DDX39B;HSP90AA1;CUL3;CCT7;CDC37;RBBP6;SRRM1;TWF1;COPS2;CCT6A;TRA2B;TXNL1;GPS1;CCT2;DBN1;CPSF7;COPS4;RBM15;RBMX;ACTG1,CNT
prerank,Reactome_2022__Semaphorin Interactions R-HSA-373755,0.710896556800243,1.0826390657323246,0.305327868852459,0.6537347069128692,1.0,22/64,14.14%,MYL12B;HSP90AB1;TLN1;RHOC;RHOA;MYL6;ERBB2;RHOB;HSP90AA1;RNMT;MYH10;ITGB1;CDK5;ARHGEF11;MYH9;ARHGEF7;SEMA4A;MYL9;SEMA4D;LIMK2;PIP5K1C;SEMA6A,CNT
prerank,Reactome_2022__Regulation Of TP53 Activity R-HSA-5633007,0.6944722273886867,1.0824927192691065,0.2371859296482412,0.653626096798272,1.0,73/156,18.18%,UBB;RPS27A;UBA52;TAF10;HIPK2;RPA3;PPP2R5C;TAF15;BRD7;GATAD2B;RBBP7;CCNG1;MEAF6;TAF9;CHD4;RRAD;ING5;CSNK2B;KAT5;CSNK2A2;UBC;PPP2R1A;CHD3;CDK5;TAF6;TAF1;PRKAG1;MRE11;SSRP1;EHMT2;PRKAA2;TAF12;HIPK1;RNF34;MAPK14;JMY;TP53RK;PPP2CA;EP300;STK11;SUPT16H;AKT1;TP53;TTC5;KAT6A;SETD9;MAPKAPK5;RFC2;MLST8;RFC5;WRN;RAD9A;RFC3;PIP4P1;PRKAB2;AKT3;RICTOR;L3MBTL1;NOC2L;TAF3;TOP3A;PRKAG2;PPP1R13L;PRR5;HUS1;RAD17;RMI2;DAXX;TP53BP2;TP53INP1;PRKAA1;TAF9B;NUAK1,CNT
prerank,Reactome_2022__rRNA Processing In Mitochondrion R-HSA-8868766,0.7891409604783128,1.0824829903293094,0.404126213592233,0.6527470601162565,1.0,9/10,19.13%,HSD17B10;TRMT10C;ELAC2;TFB1M;MRM2;PRORP;MTERF4;MRM3;NSUN4,CNT
prerank,Reactome_2022__TRAF6 Mediated Induction Of NFkB And MAP Kinases Upon TLR7/8 Or 9 Activation R-HSA-975138,0.7004790484788171,1.082341817250238,0.2773279352226721,0.6525448327506655,1.0,45/100,16.70%,UBB;RPS27A;NDUFA2;SKP1;UBA52;JUN;FOS;NFKBIA;MAPKAPK2;N4BP1;RELA;DUSP3;UBC;PPP2R1A;CREB1;MAPKAPK3;TRAF6;TANK;NKIRAS2;TNIP2;ECSIT;IRAK4;MAP3K1;MAPK14;MAP2K1;USP14;NFKBIB;PPP2CA;DUSP6;RPS6KA2;IKBIP;RPS6KA3;TP53;VRK3;UBE2V1;MAP2K7;RIPK2;MAPK7;MAPK3;CUL1;ALPK1;RPS6KA1;MAP3K8;TAB3;NFKB2,CNT
prerank,Reactome_2022__Fatty Acid Metabolism R-HSA-8978868,0.6947229752765387,1.0822792998483841,0.221,0.6519354534520622,1.0,66/172,16.20%,NDUFAB1;DBI;TECR;ECHS1;PHYH;GPX4;PTGES3;PTGR1;ACAA2;ECI1;DECR1;HADHA;ECI2;MAPKAPK2;ACOT13;HSD17B12;ACADS;CBR1;CPT1A;MCEE;PTGES2;ALDH3A2;THEM4;ACAA1;ACSM3;HSD17B8;HACD3;SCD5;CROT;ACOT2;ELOVL1;MLYCD;PECR;FAAH2;NUDT19;ACADVL;RXRA;CPT2;PRKAA2;ACOX1;PTGR2;NUDT7;HPGD;FA2H;PCCA;AMACR;ACOT8;PPT1;MECR;TBXAS1;ACSF3;ACBD4;LTA4H;ACADL;LTC4S;MMUT;ACOT1;PRKAB2;HACD2;CRAT;ACOT4;MCAT;ACBD6;HACD1;PRKAG2;ACAD10,CNT
prerank,Reactome_2022__Transport Of Mature mRNAs Derived From Intronless Transcripts R-HSA-159234,0.7154936887181605,1.0818455986933229,0.3641025641025641,0.6534841129417177,1.0,27/43,18.41%,SLBP;EIF4E;SEC13;NUP88;RANBP2;WDR33;NUP214;SEH1L;NUP37;POM121C;NUP153;NUP93;ALYREF;NUP54;NUP42;CPSF4;NUP43;CPSF3;NUP85;NUP155;NUP58;NUP160;TPR;NUP205;NUP35;NUP188;NUP62,CNT
prerank,Reactome_2022__Defective TPR May Confer Susceptibility Towards Thyroid Papillary Carcinoma (TPC) R-HSA-5619107,0.7267032107490848,1.081566955059148,0.37356919875130074,0.6541019382864205,1.0,21/32,18.41%,SEC13;NUP88;RANBP2;NUP214;SEH1L;NUP37;POM121C;NUP153;NUP93;NUP54;NUP42;NUP43;NUP85;NUP155;NUP58;NUP160;TPR;NUP205;NUP35;NUP188;NUP62,CNT
prerank,"Reactome_2022__Antigen Presentation: Folding, Assembly, Peptide Loading Of Class I MHC R-HSA-983170",0.7284081442927354,1.0813630961750957,0.3783209351753454,0.65427241418355,1.0,11/28,12.02%,HLA-C;HLA-B;B2M;HLA-E;PDIA3;TAPBP;BECN1;SEC13;SEC31A;SEC24B;ERAP2,CNT
prerank,"Reactome_2022__Cell Death Signaling Via NRAGE, NRIF And NADE R-HSA-204998",0.704668678776335,1.0813216229571139,0.30253807106598984,0.6535580786440396,1.0,27/74,15.09%,UBB;RPS27A;SQSTM1;UBA52;ITGB3BP;APH1A;PSEN1;BAD;BEX3;PSENEN;NCSTN;UBC;SOS2;ARHGEF11;TRAF6;ARHGEF7;ARHGEF19;SOS1;PRPF38B;OBSCN;ARHGEF10L;AKAP13;ARHGEF37;APH1B;CASP3;BCL2L11;FGD1,CNT
prerank,Reactome_2022__Interleukin-2 Family Signaling R-HSA-451927,0.7182527920213376,1.0811717208831475,0.36715481171548114,0.6534184847211111,1.0,14/44,15.64%,SYK;CLSTN1;GRB2;SOS2;PIK3R3;JAK1;STAT3;SOS1;PIK3R2;SHC1;STAT5A;INPPL1;PTPN6;PIK3R1,CNT
prerank,MSigDB_Hallmark_2020__Cholesterol Homeostasis,0.7084339693439605,1.081101442005253,0.2816326530612245,0.42913580590993655,1.0,34/74,13.73%,S100A11;ECH1;PMVK;PLSCR1;CYP51A1;SREBF2;LGALS3;ABCA2;PNRC1;ANXA5;JAG1;ATF3;STX5;AVPR1A;SC5D;LGMN;ETHE1;ALCAM;HMGCR;SEMA3B;EBP;CXCL16;FDPS;TM7SF2;ACSS2;ATXN2;NSDHL;HMGCS1;CLU;ACTG1;SQLE;CD9;TNFRSF12A;CTNNB1,CNT
prerank,Reactome_2022__Interactions Of Vpr With Host Cellular Proteins R-HSA-176033,0.7222278731082002,1.0802080864366097,0.368801652892562,0.6579266742848655,1.0,27/38,18.41%,SLC25A6;BANF1;SLC25A4;SLC25A5;SEC13;NUP88;RANBP2;PSIP1;NUP214;SEH1L;NUP37;POM121C;HMGA1;NUP153;NUP93;NUP54;NUP42;NUP43;NUP85;NUP155;NUP58;NUP160;TPR;NUP205;NUP35;NUP188;NUP62,CNT
prerank,Reactome_2022__Transport Of Mature mRNA Derived From An Intron-Containing Transcript R-HSA-159236,0.7082820595562097,1.079943086704226,0.32153690596562184,0.6584791314178715,1.0,48/74,18.49%,RBM8A;SRSF9;THOC7;MAGOH;SRSF7;DDX39B;SARNP;RNPS1;SRRM1;SEC13;SRSF2;CHTOP;NUP88;RANBP2;SRSF4;CASC3;CDC40;NUP214;SEH1L;NUP37;U2AF1L4;POM121C;EIF4A3;U2AF2;NUP153;NUP93;ALYREF;GLE1;NXT1;MAGOHB;NUP54;SRSF1;NUP42;NUP43;NUP85;NUP155;NUP58;NUP160;THOC3;TPR;NUP205;THOC2;THOC6;NUP35;THOC5;NUP188;NUP62;SRSF3,CNT
prerank,Reactome_2022__SARS-CoV-2 Activates/Modulates Innate And Adaptive Immune Responses R-HSA-9705671,0.695461567339753,1.0796828349477572,0.2851365015166835,0.6591326003601476,1.0,56/119,18.41%,HLA-C;HLA-B;B2M;HSP90AB1;HLA-E;CNBP;TYK2;LARP1;HSP90AA1;BECN1;SEC13;NUP88;RANBP2;MAVS;JAK1;PTPN11;TRIM25;TKFC;TRAF6;NUP214;SEH1L;SIKE1;NUP37;POM121C;NUP153;NUP93;TRIM4;SEC24B;NUP54;NUP42;IRF3;IFNAR1;STAT2;NUP43;UBE2V1;IFIH1;RIPK2;IRF7;NUP85;TBK1;NUP155;RNF135;PTPN6;KPNA2;SEC24A;NUP58;NUP160;IL17RC;TPR;TAB3;NUP205;SEC24D;NUP35;NUP188;TRAF3;NUP62,CNT
prerank,Reactome_2022__Meiosis R-HSA-1500620,0.7156549857140196,1.0794073966321907,0.33706720977596744,0.6596299380750533,1.0,19/57,15.67%,UBE2I;SYNE2;RPA3;HSPA2;CDK4;RAD21;TERF2IP;RAD51C;SUN1;MLH3;LMNA;MLH1;MRE11;TINF2;SYNE1;SUN2;STAG2;SMC3;TOP3A,CNT
prerank,Reactome_2022__Toll Like Receptor 9 (TLR9) Cascade R-HSA-168138,0.695367235244361,1.0788189727167603,0.29003021148036257,0.6620941611840041,1.0,46/105,16.70%,UBB;RPS27A;NDUFA2;SKP1;UBA52;JUN;FOS;NFKBIA;MAPKAPK2;N4BP1;RELA;DUSP3;UBC;PPP2R1A;CREB1;MAPKAPK3;TRAF6;TANK;NKIRAS2;TNIP2;ECSIT;IRAK4;MAP3K1;MAPK14;MAP2K1;USP14;NFKBIB;PPP2CA;DUSP6;RPS6KA2;IKBIP;RPS6KA3;TP53;VRK3;UBE2V1;MAP2K7;RIPK2;IRF7;MAPK7;MAPK3;CUL1;ALPK1;RPS6KA1;MAP3K8;TAB3;NFKB2,CNT
prerank,Reactome_2022__Striated Muscle Contraction R-HSA-390522,0.7261323781998524,1.0786030037048915,0.3687566418703507,0.6623929554466089,1.0,4/33,11.02%,TPM4;TPM3;MYL3;TPM1,CNT
prerank,Reactome_2022__Death Receptor Signaling R-HSA-73887,0.6941962342810175,1.0783768386100323,0.2442211055276382,0.6627230535092379,1.0,58/139,16.64%,RACK1;UBB;RPS27A;SQSTM1;UBA52;ITGB3BP;SHARPIN;APH1A;NFKBIA;RBCK1;PSEN1;RHOA;BAD;BEX3;ARHGDIA;RELA;RIPK1;PSENEN;NCSTN;UBC;SOS2;TNFSF10;ARHGEF11;FADD;HDAC3;TAX1BP1;TNFRSF10B;TRAF6;TANK;SPPL2B;PRDM4;BIRC2;ARHGEF7;ARHGEF19;BAG4;TRADD;RNF31;SOS1;PRPF38B;XIAP;OBSCN;ARHGEF10L;AKAP13;ARHGEF37;APH1B;RIPK2;CFLAR;CASP3;BCL2L11;USP25;CASP10;TNFRSF10D;FGD1;PRKCI;ARHGEF17;BIRC3;TRIO;TAB3,CNT
prerank,Reactome_2022__Sulfur Amino Acid Metabolism R-HSA-1614635,0.7425504511190775,1.0783676553703583,0.37794432548179874,0.6618524620443266,1.0,12/25,15.97%,TXN2;MTR;APIP;TSTD1;GOT2;ETHE1;CSAD;MRI1;MPST;GOLT1A;BHMT;BHMT2,CNT
prerank,Reactome_2022__Regulation Of TP53 Degradation R-HSA-6804757,0.7271816790004461,1.078249123814024,0.3519494204425711,0.6615457197783603,1.0,14/36,14.50%,UBB;RPS27A;UBA52;PPP2R5C;CCNG1;UBC;PPP2R1A;RNF34;PPP2CA;AKT1;TP53;MLST8;AKT3;RICTOR,CNT
prerank,MSigDB_Hallmark_2020__IL-6/JAK/STAT3 Signaling,0.6993868625178695,1.0781516805200098,0.29298067141403866,0.4336566309692194,1.0,31/87,19.78%,JUN;IFNGR2;TYK2;ACVR1B;HAX1;IL6ST;GRB2;PTPN1;PTPN11;SOCS1;STAM2;STAT3;CBL;IFNAR1;STAT2;IL13RA1;IL1R1;CD9;TNFRSF12A;IRF9;SOCS3;LEPR;PDGFC;IRF1;MAP3K8;LTBR;IL1R2;CD44;MYD88;TNFRSF1A;CXCL3,CNT
prerank,MSigDB_Hallmark_2020__Myogenesis,0.6865623277378308,1.078030788538026,0.2172172172172172,0.42041728860180294,1.0,65/199,17.96%,PVALB;IGFBP7;MYL6B;TPM3;BAG1;SYNGR2;PLXNB2;COX7A1;MYO1C;GADD45B;AGRN;OCEL1;GABARAPL2;AK1;CKMT2;GSN;ITGB1;SH3BGR;PDE4DIP;CRYAB;ERBB3;SIRT2;COL4A2;SPTAN1;ITGB5;HDAC5;MYH9;CKB;MYL3;MRAS;GAA;PFKM;FDPS;GPX3;LPIN1;EIF4A2;CHRNB1;MEF2D;NOTCH1;PGAM2;TSC2;BIN1;IFRD1;KIFC3;CLU;PICK1;SORBS3;SH2B1;ADCY9;RB1;CRAT;CFD;NQO1;CNN3;RIT1;WWTR1;SSPN;FKBP1B;FOXO4;FABP3;SOD3;KLF5;IGFBP3;MYOM1;MYLPF,CNT
prerank,Reactome_2022__TP53 Regulates Transcription Of Genes Involved In Cytochrome C Release R-HSA-6803204,0.745703235570739,1.0778800181153783,0.37445414847161573,0.6626519326109793,1.0,12/20,20.37%,PRELID1;BAX;BNIP3L;ZNF420;TP53;TRIAP1;TP53BP2;TP53INP1;AIFM2;BBC3;PPP1R13B;TP53AIP1,CNT
prerank,Reactome_2022__DAP12 Interactions R-HSA-2172127,0.7265889986742348,1.0778305806779303,0.35751840168243953,0.6619948245180446,1.0,8/38,5.08%,HLA-C;HLA-B;B2M;HLA-E;SYK;PLCG2;HRAS;GRB2,CNT
prerank,Reactome_2022__Sensory Processing Of Sound By Outer Hair Cells Of Cochlea R-HSA-9662361,0.7043019766876413,1.077518795224466,0.36542443064182195,0.6627200000477461,1.0,13/53,9.38%,MSN;EPS8L2;EPS8;GSN;TRIOBP;TWF1;SPTAN1;MYH9;PLS1;CASK;EZR;TWF2;EPB41L1,CNT
prerank,Reactome_2022__Class I Peroxisomal Membrane Protein Import R-HSA-9603798,0.7397607718279915,1.0773211324809484,0.41170097508125675,0.6629319311893108,1.0,9/20,12.90%,FIS1;PEX19;ALDH3A2;PEX16;PEX3;PEX2;PEX14;PEX13;PEX26,CNT
prerank,Reactome_2022__Activation Of BAD And Translocation To Mitochondria R-HSA-111447,0.7540694120710396,1.0771980133137333,0.415819209039548,0.6627683235080007,1.0,10/15,17.13%,BAD;YWHAH;REXO2;YWHAQ;AKT1;PPP3CC;BCL2;YWHAG;AKT3;PPP3R1,CNT
prerank,Reactome_2022__Condensation Of Prometaphase Chromosomes R-HSA-2514853,0.7836740207378065,1.0767435650335409,0.4368231046931408,0.6643972435778648,1.0,4/10,15.01%,CSNK2B;CSNK2A2;SMC4;RAB33B,CNT
prerank,Reactome_2022__TP53 Regulates Transcription Of Death Receptors And Ligands R-HSA-6803211,0.7709546251900116,1.076632463430656,0.406720741599073,0.6640954767034478,1.0,7/12,19.66%,TMEM219;TNFRSF10B;TP53;TNFRSF10D;TP53BP2;IGFBP3;PPP1R13B,CNT
prerank,Reactome_2022__Regulation Of TP53 Expression And Degradation R-HSA-6806003,0.7267201852610166,1.0766313397180771,0.3495248152059134,0.6631937541900473,1.0,14/37,14.50%,UBB;RPS27A;UBA52;PPP2R5C;CCNG1;UBC;PPP2R1A;RNF34;PPP2CA;AKT1;TP53;MLST8;AKT3;RICTOR,CNT
prerank,Reactome_2022__Regulation Of Localization Of FOXO Transcription Factors R-HSA-9614399,0.7687777987800717,1.0760616176498086,0.4192399049881235,0.6653919946334341,1.0,7/12,17.85%,REXO2;YWHAQ;AKT1;YWHAG;AKT3;FOXO4;FOXO1,CNT
prerank,Reactome_2022__Downstream Signal Transduction R-HSA-186763,0.7292185370985206,1.0756850571740777,0.3876464323748669,0.6665618542822204,1.0,17/28,15.64%,HRAS;BCAR1;GRB2;PTPN11;NCK1;STAT3;CRK;SOS1;GRB7;PIK3R2;NRAS;CRKL;STAT5A;RAPGEF1;PLCG1;SRC;PIK3R1,CNT
prerank,Reactome_2022__Diseases Of Metabolism R-HSA-5668914,0.6859333726695185,1.0754191738033747,0.203,0.6670382577694247,1.0,74/245,14.48%,UBB;RPS27A;APRT;DPM3;UBA52;DPM2;CHST3;TALDO1;ALG3;AGRN;THSD7A;FDX1;DPM1;MUC20;MPDU1;HEXA;B3GAT3;HPRT1;CD320;B4GALT7;MTR;C1GALT1C1;MUC15;SLC37A4;DCXR;POMGNT1;TPMT;MAOA;DAG1;THSD4;UBC;MCCC2;SBSPON;C1GALT1;GALNT3;ALG13;GALK1;RPIA;FDX2;HEXB;MMADHC;SGSH;TCN2;GAA;EXT1;HSPG2;B4GAT1;ALG14;SDC2;PGM1;PCCA;GLB1;ALG8;GNS;POMT1;GALNS;NOTCH1;TBXAS1;GFPT1;G6PC3;GPC3;MMAB;DHDDS;POMC;ACY1;GPC4;NUS1;ABCA3;ALG6;NOTCH2;MMUT;B4GALT1;GYG1;SRD5A3,CNT
prerank,Reactome_2022__Sphingolipid Metabolism R-HSA-428157,0.6996309031385629,1.0751200602903495,0.3054989816700611,0.6677367495942247,1.0,31/87,13.23%,ARSD;SGPP2;CERS2;SPTSSA;ASAH1;HEXA;SGMS2;ALDH3A2;ORMDL1;CERS4;SMPD4;VAPB;SUMF2;DEGS2;ESYT1;HEXB;SPTLC3;ORMDL2;VAPA;FA2H;PLPP3;ARSK;GLB1;SUMF1;OSBP;CSNK1G2;GALC;GLTP;SGMS1;ESYT2;PRKD2,CNT
prerank,Reactome_2022__ZBP1(DAI) Mediated Induction Of Type I IFNs R-HSA-1606322,0.7362108050255828,1.0747000274593281,0.4133771929824561,0.6691956493347498,1.0,12/21,18.92%,NFKBIA;RELA;RIPK1;TLR3;NKIRAS2;NFKBIB;DHX9;IRF3;TBK1;NFKB2;NKIRAS1;MYD88,CNT
prerank,Reactome_2022__Early Phase Of HIV Life Cycle R-HSA-162594,0.7526737232475569,1.0745651893327668,0.4168564920273349,0.6690036817122595,1.0,5/15,9.17%,PPIA;XRCC6;BANF1;PSIP1;HMGA1,CNT
prerank,Reactome_2022__Aquaporin-mediated Transport R-HSA-445717,0.7147828072551842,1.073641324425096,0.3408856848609681,0.6730734012498353,1.0,15/50,16.72%,GNG5;GNAS;GNB2;GNB1;GNG10;GNB5;GNG11;PRKCA;AQP2;GNG7;MINDY4;GNG12;ADCY9;ADCY1;AQP3,CNT
prerank,Reactome_2022__Toll Like Receptor 4 (TLR4) Cascade R-HSA-166016,0.6906062419876003,1.0731605124996086,0.28542713567839195,0.6747031851718569,1.0,60/139,16.70%,UBB;RPS27A;NDUFA2;SKP1;UBA52;JUN;UBE2D2;FOS;NFKBIA;UBE2D3;MAPKAPK2;SIGIRR;PLCG2;N4BP1;RELA;DUSP3;RIPK1;UBC;PPP2R1A;UBE2D1;CREB1;PTPN11;FADD;MAPKAPK3;SOCS1;TRAF6;TANK;BIRC2;NKIRAS2;TNIP2;ECSIT;IRAK4;MAP3K1;MAPK14;MAP2K1;USP14;NFKBIB;PPP2CA;DUSP6;RPS6KA2;IKBIP;RPS6KA3;IRF3;TP53;VRK3;UBE2V1;MAP2K7;RIPK2;IRF7;TBK1;MAPK7;MAPK3;CUL1;DNM2;ALPK1;RPS6KA1;BIRC3;MAP3K8;TAB3;NFKB2,CNT
prerank,Reactome_2022__FOXO-mediated Transcription Of Cell Death Genes R-HSA-9614657,0.748041912511313,1.0729688471793537,0.4407744874715262,0.6748094709813695,1.0,12/16,19.38%,CITED2;DDIT3;PINK1;EP300;STK11;NFYB;BCL2L11;BCL6;FOXO4;FOXO1;NFYA;BBC3,CNT
prerank,Reactome_2022__RHOBTB2 GTPase Cycle R-HSA-9013418,0.7305701812034447,1.0726882448331172,0.39978331527627303,0.6754157168214233,1.0,13/23,9.14%,HSP90AB1;DDX39B;HSP90AA1;CUL3;CCT7;CDC37;SRRM1;TWF1;CCT6A;TRA2B;TXNL1;CCT2;DBN1,CNT
prerank,Reactome_2022__Toll-like Receptor Cascades R-HSA-168898,0.6873618607967812,1.0723951978946005,0.2782782782782783,0.6761683021953818,1.0,66/161,16.70%,UBB;RPS27A;NDUFA2;SKP1;UBA52;JUN;UBE2D2;FOS;NFKBIA;UBE2D3;MAPKAPK2;SIGIRR;PLCG2;GSDMD;N4BP1;RELA;DUSP3;RIPK1;CTSB;UBC;PPP2R1A;UBE2D1;TLR3;LGMN;CREB1;PTPN11;FADD;MAPKAPK3;SOCS1;TRAF6;TANK;BIRC2;NKIRAS2;TNIP2;CNPY3;ECSIT;IRAK4;MAP3K1;MAPK14;MAP2K1;USP14;NFKBIB;PPP2CA;DUSP6;RPS6KA2;IKBIP;RPS6KA3;IRF3;TP53;VRK3;UBE2V1;UNC93B1;MAP2K7;RIPK2;IRF7;TBK1;MAPK7;MAPK3;CUL1;DNM2;ALPK1;RPS6KA1;BIRC3;MAP3K8;TAB3;NFKB2,CNT
prerank,Reactome_2022__Meiotic Synapsis R-HSA-1221632,0.7228664276968929,1.0717517740336393,0.38662486938349006,0.6787504304864376,1.0,12/32,15.26%,UBE2I;SYNE2;HSPA2;RAD21;TERF2IP;SUN1;LMNA;TINF2;SYNE1;SUN2;STAG2;SMC3,CNT
prerank,Reactome_2022__Glucose Metabolism R-HSA-70326,0.6986152792149888,1.0713302193965377,0.34213197969543147,0.6800529688086939,1.0,48/87,19.54%,TPI1;FBP1;SLC25A11;MDH2;BPGM;PKM;PGP;SLC37A4;ENO1;GOT2;SEC13;PPP2R1A;NUP88;RANBP2;PRKCA;HOOK2;NUP214;SEH1L;NUP37;PFKM;POM121C;NUP153;NUP93;PPP2CA;NUP54;PGAM2;PCNX4;NUP42;G6PC3;NUP43;GNPDA2;NUP85;NUP155;GOLT1A;NUP58;NUP160;TPR;NUP205;PFKFB3;PCK1;NUP35;NUP188;SLC25A12;PPP2R5D;NUP62;SLC25A10;ENO2;PGM2L1,CNT
prerank,Reactome_2022__Signaling By NTRKs R-HSA-166520,0.6914300256303171,1.0710554861338113,0.286144578313253,0.6806313581861553,1.0,66/132,16.17%,CLTA;FOS;AP2A2;AP2M1;RHOA;MAPKAPK2;AP2S1;JUND;ID4;FOSB;HRAS;BAX;EGR1;DUSP3;GRB2;ID1;CHD4;RRAD;ID3;REST;MAP2K2;PPP2R1A;CDK5;CREB1;PTPN11;MAP2K5;MAPKAPK3;KIDINS220;ID2;RALA;FURIN;MAPK14;MAP2K1;FRS2;NELFB;RAP1A;PPP2CA;STAT3;DUSP6;EP300;CRK;MEF2D;RPS6KA2;SOS1;PIK3R2;RPS6KA3;AP2A1;VRK3;RALGDS;SHC1;SRF;IRS1;NRAS;BRAF;CRKL;MAPK7;MAPK3;PTPRU;RAPGEF1;PLCG1;SH3GL2;PCSK6;SRC;PIK3R1;DNM2;RPS6KA1,CNT
prerank,Reactome_2022__Butyrate Response Factor 1 Binds And Destabilizes mRNA R-HSA-450385,0.7533417895253689,1.0710169113352188,0.4296962879640045,0.6799065419005716,1.0,13/17,16.12%,EXOSC7;MAPKAPK2;DIS3;EXOSC8;DCP2;EXOSC1;DCP1A;XRN1;EXOSC3;AKT1;EXOSC4;EXOSC6;EXOSC5,CNT
prerank,Reactome_2022__Estrogen-dependent Gene Expression R-HSA-9018519,0.6899484254512156,1.0708581786554188,0.34576612903225806,0.6798080013143099,1.0,55/90,14.01%,POLR2I;POLR2J;POLR2K;EBAG9;GTF2A2;JUN;HSP90AB1;PTGES3;FOS;POLR2F;RUNX1;POLR2H;POLR2L;HSP90AA1;JUND;POLR2E;FOSB;AGO2;KDM1A;PRMT1;RAD21;GATA3;POLR2A;TLE3;USF2;DDX5;KAT5;KCTD6;FKBP4;GTF2F2;ZNF217;KDM4B;POLR2C;YY1;CHD1;CXXC5;CTSD;MBD4;CDK9;POLR2G;GTF2A1;TGFA;EP300;NRIP1;POLR2B;CBFB;AGO3;KAT2B;GTF2F1;CCNT1;POLR2D;POU2F1;STAG2;USF1;BCL2,CNT
prerank,Reactome_2022__Removal Of Aminoterminal Propeptides From Gamma-Carboxylated Proteins R-HSA-159782,0.7766640614789125,1.0704861777659938,0.4258823529411765,0.6808772790965714,1.0,4/10,14.80%,GAS6;BGLAP;FURIN;FAM110A,CNT
prerank,Reactome_2022__HATs Acetylate Histones R-HSA-3214847,0.6991162946516917,1.0703353423801047,0.3445121951219512,0.6807360161343701,1.0,46/77,17.05%,ENY2;TAF10;KAT7;MCRS1;KDELR2;HAT1;DMAP1;MORF4L1;RBBP7;MEAF6;JADE1;TAF9;ING5;ELP5;HCFC1;KAT5;MORF4L2;RUVBL1;TAF12;TADA2B;KAT6B;EPC1;TADA3;YEATS4;TRRAP;CLOCK;MRGBP;EP300;JADE3;MSL1;ING4;KAT6A;KAT2B;TADA2A;TAF6L;ACTL6A;BRD8;KAT8;KAT14;KANSL3;SGF29;YEATS2;RUVBL2;ATXN7L3;TAF5L;ELP6,CNT
prerank,Reactome_2022__Interleukin-2 Signaling R-HSA-9020558,0.7675671487510906,1.070030287391922,0.44964028776978415,0.6814479819110545,1.0,4/12,14.57%,SYK;JAK1;SHC1;STAT5A,CNT
prerank,Reactome_2022__FGFR3 Ligand Binding And Activation R-HSA-190239,-0.6214573652961114,-1.0696814421864138,0.39705882352941174,0.8619588916407358,1.0,1/13,0.13%,FGF13,CNT
prerank,Reactome_2022__Negative Regulators Of DDX58/IFIH1 Signaling R-HSA-936440,0.7190865155056267,1.0696735917283562,0.4068678459937565,0.6823780255349664,1.0,20/34,15.91%,UBB;RPS27A;UBA52;UBE2D2;UBE2D3;UBC;UBE2D1;MAVS;TAX1BP1;TRIM25;UBE2K;RNF216;TRIM4;UBE2L6;IRF3;IFIH1;TBK1;RNF135;HERC5;UBA7,CNT
prerank,Reactome_2022__Transport Of SLBP Independent Mature mRNA R-HSA-159227,0.7178049167622457,1.0692600085586257,0.39416058394160586,0.683653870899762,1.0,23/35,18.41%,EIF4E;SEC13;NUP88;RANBP2;NUP214;SEH1L;NUP37;POM121C;NUP153;NUP93;ALYREF;NUP54;NUP42;NUP43;NUP85;NUP155;NUP58;NUP160;TPR;NUP205;NUP35;NUP188;NUP62,CNT
prerank,Reactome_2022__FGFR2 Ligand Binding And Activation R-HSA-190241,-0.5719783308974697,-1.0692490861718837,0.3404255319148936,0.8389672694857809,1.0,1/20,0.13%,FGF13,CNT
prerank,Reactome_2022__Rap1 Signaling R-HSA-392517,0.7445636386976541,1.0690352626898765,0.41498881431767337,0.6839257092221518,1.0,7/16,16.65%,PRKG1;RAPGEF3;RAP1B;PRKCA;RAP1A;RASGRP1;SIPA1,CNT
prerank,Reactome_2022__RUNX3 Regulates p14-ARF R-HSA-8951936,0.7657490168880574,1.0685847879217392,0.43345543345543347,0.6852655948322582,1.0,6/10,16.88%,RUNX1;BRD2;EP300;CBFB;NRAS;HDAC4,CNT
prerank,Reactome_2022__NOTCH1 Intracellular Domain Regulates Transcription R-HSA-2122947,0.7025113671914649,1.0685034006740908,0.38666666666666666,0.6847740926017077,1.0,20/47,12.43%,UBB;RPS27A;SKP1;UBA52;TBL1X;CCNC;RBX1;TBL1XR1;TLE2;TLE3;UBC;HDAC3;HDAC5;HIF1A;RBPJ;NCOR2;SNW1;EP300;NOTCH1;KAT2B,CNT
prerank,Reactome_2022__MyD88 Cascade Initiated On Plasma Membrane R-HSA-975871,0.6931288819774134,1.0684171670945009,0.3282674772036474,0.6842985456497841,1.0,44/96,16.70%,UBB;RPS27A;SKP1;UBA52;JUN;FOS;NFKBIA;MAPKAPK2;N4BP1;RELA;DUSP3;UBC;PPP2R1A;CREB1;MAPKAPK3;TRAF6;TANK;NKIRAS2;TNIP2;ECSIT;IRAK4;MAP3K1;MAPK14;MAP2K1;USP14;NFKBIB;PPP2CA;DUSP6;RPS6KA2;IKBIP;RPS6KA3;TP53;VRK3;UBE2V1;MAP2K7;RIPK2;MAPK7;MAPK3;CUL1;ALPK1;RPS6KA1;MAP3K8;TAB3;NFKB2,CNT
prerank,MSigDB_Hallmark_2020__Complement,0.6839538768991373,1.0681714062670014,0.263,0.4667609618104668,1.0,69/200,16.74%,S100A13;CTSH;HSPA1A;CALM3;PFN1;PLSCR1;PPP4C;CD59;PSEN1;FDX1;GNAI3;CDA;GNB2;LGALS3;CALM1;GATA3;SERPING1;ANXA5;CD55;GRB2;GMFB;ATOX1;CTSC;CTSB;MMP14;APOC1;EHD1;COL4A2;LAP3;LGMN;CPQ;LYN;RNF4;CSRP1;TIMP2;PRDM4;KLK1;ADAM9;RHOG;CTSD;MT3;USP15;RCE1;USP14;DUSP6;XPNPEP1;STX4;ERAP2;MSRB1;LTA4H;CBLB;CASP4;CLU;USP8;IRF2;IRF7;LRP1;CASP9;CASP3;DOCK9;CASP10;IRF1;PRKCD;SRC;RABIF;ANG;F8;RASGRP1;CTSO,CNT
prerank,Reactome_2022__mRNA 3-End Processing R-HSA-72187,0.7048431324905051,1.0679164014042586,0.3806122448979592,0.6859453442866524,1.0,26/58,12.20%,RBM8A;SRSF9;THOC7;MAGOH;SRSF7;DDX39B;SARNP;RNPS1;SRRM1;SRSF2;CHTOP;SRSF4;CASC3;NUDT21;CDC40;PCF11;WDR33;CSTF3;U2AF1L4;EIF4A3;U2AF2;ALYREF;CPSF7;MAGOHB;SRSF1;CPSF4,CNT
prerank,MSigDB_Hallmark_2020__Inflammatory Response,0.6833096969557517,1.0674335506457564,0.25825825825825827,0.4575457545754575,1.0,52/200,16.79%,MSR1;ADM;BST2;NFKBIA;IFNGR2;PSEN1;GNAI3;BTG2;RNF144B;ACVR1B;PCDH7;SGMS2;SELENOS;TAPBP;CD55;RELA;ADRM1;MMP14;CD82;TNFSF10;TLR3;IL18;LYN;HIF1A;ATP2B1;DCBLD2;SLC11A2;SRI;RHOG;EIF2AK2;CX3CL1;ABI1;ITGB8;NMI;KLF6;IFNAR1;GPC3;SCN1B;SEMA4D;IL1R1;AHR;RIPK2;IRF7;SLC7A1;CD40;IRF1;C5AR1;SLC4A4;MXD1;RASGRP1;SLC31A1;SLC7A2,CNT
prerank,Reactome_2022__ESR-mediated Signaling R-HSA-8939211,0.6843909697608029,1.0673065794839394,0.2948846539618857,0.6882642231047235,1.0,88/159,16.16%,GNG5;POLR2I;POLR2J;POLR2K;EBAG9;GTF2A2;JUN;HSP90AB1;PTGES3;FOS;ZDHHC7;POLR2F;RUNX1;POLR2H;POLR2L;HSP90AA1;PPID;GNAI3;JUND;POLR2E;GNB2;FOSB;AGO2;HRAS;KDM1A;CALM1;PRMT1;CDKN1B;RAD21;GATA3;GNB1;POLR2A;GNG10;TLE3;USF2;DDX5;PPP5C;GNB5;EGFR;GNG11;KAT5;KCTD6;FKBP4;GTF2F2;PIK3R3;CREB1;ZNF217;KDM4B;POLR2C;YY1;CHD1;CXXC5;PTK2;CTSD;MBD4;CDK9;POLR2G;GTF2A1;TGFA;EP300;NRIP1;POLR2B;AKT1;PIK3R2;CBFB;GNG7;AGO3;KAT2B;GTF2F1;CCNT1;GNG12;POLR2D;POU2F1;STAG2;SHC1;USF1;BCL2;SRF;NRAS;AKT3;MAPK3;KPNA2;SMC3;SRC;PIK3R1;MMP7;CARM1;MOV10,CNT
prerank,Reactome_2022__Plasma Lipoprotein Remodeling R-HSA-8963899,0.7171781344867293,1.0671038265118649,0.42797055730809674,0.6884190211396479,1.0,6/33,10.05%,P4HB;APOE;LMF2;MBTPS1;FURIN;LMF1,CNT
prerank,Reactome_2022__Reproduction R-HSA-1474165,0.699843815398613,1.0667474063205726,0.331306990881459,0.6893461357334192,1.0,21/82,15.67%,UBE2I;SYNE2;RPA3;HSPA2;CDK4;RAD21;TERF2IP;RAD51C;SUN1;MLH3;LMNA;MLH1;MRE11;TINF2;SYNE1;SUN2;CD9;STAG2;B4GALT1;SMC3;TOP3A,CNT
prerank,Reactome_2022__Extra-nuclear Estrogen Signaling R-HSA-9009391,0.6982746193555249,1.0667192285712486,0.3637295081967213,0.6885950296628193,1.0,32/73,15.88%,GNG5;FOS;ZDHHC7;HSP90AA1;GNAI3;GNB2;HRAS;CALM1;PRMT1;CDKN1B;GNB1;GNG10;GNB5;EGFR;GNG11;PIK3R3;CREB1;PTK2;TGFA;AKT1;PIK3R2;GNG7;GNG12;SHC1;BCL2;SRF;NRAS;AKT3;MAPK3;SRC;PIK3R1;MMP7,CNT
prerank,Reactome_2022__Recycling Pathway Of L1 R-HSA-437239,0.71888005505722,1.0664836995204858,0.43358129649309246,0.6888624733498614,1.0,15/28,16.17%,CLTA;AP2A2;AP2M1;MSN;AP2S1;EZR;RPS6KA6;RPS6KA2;RPS6KA3;AP2A1;SH3GL2;SRC;DNM2;SHTN1;RPS6KA1,CNT
prerank,Reactome_2022__Diseases Of Signal Transduction By Growth Factor Receptors And Second Messengers R-HSA-5663202,0.6811153847429523,1.0664722332914882,0.187,0.6880321128586624,1.0,187/420,15.17%,UBB;RPS27A;PEBP1;EEF1G;RPS6;PSMB6;NPM1;POLR2I;POLR2J;PSMA7;SQSTM1;PSME2;PSMB1;SKP1;TPM4;POLR2K;PSMB3;PSMD8;UBA52;PSMD13;OS9;PSMB8;TPM3;TLN1;PSMD9;PSMA5;PSMC4;DCTN1;APH1A;TBL1X;SEM1;SMAD2;VCP;PSMA3;PSEN1;BAD;POLR2F;POLR2H;PSMD2;ERBB2;PSME1;PSMD7;POLR2L;HSP90AA1;PSMA1;PSMB10;CCNC;MSN;PPP2R5C;PSMC3;AKT1S1;RBX1;DERL2;PSMC6;POLR2E;PSMB5;TBL1XR1;PSMA4;CLSTN1;HRAS;PSMD4;SND1;RRBP1;PSMA6;ERLIN2;CALM1;AGGF1;RNMT;CDKN1B;PSMB7;AGTRAP;FKBP1A;TRIP11;POLR2A;PSMC5;CDC37;GRB2;PSMB2;SYVN1;JAG1;BCL2L1;RAP1B;EGFR;PSMA2;PSENEN;RNF213;ARAF;PPP2R5E;NCSTN;LRRFIP1;ERBB3;UBC;MAP2K2;PPP2R1A;YES1;LMNA;AKAP9;GTF2F2;PIK3R3;RPS6KB2;RANBP2;VCL;IQGAP1;MECP2;CREB1;PTPN11;HDAC3;HDAC5;MYH9;LYN;PSMD12;KREMEN1;POLR2C;PSMD6;RBPJ;GSK3A;ATIC;MRAS;LRP5;FGFR1;RHOG;NR4A1;SEC31A;PPP2R5A;PAPSS1;MAP2K1;POLR2G;PSMD11;DUSP16;FRS2;NCOR2;PPM1B;FGFR2;RAP1A;BAG4;PPP2CA;STAT3;PSME3;DUSP6;SNW1;TGFA;EP300;CUX1;PSMF1;ZC3HC1;SOS1;PSMD10;POLR2B;AKT1;PSMD3;PIK3R2;LMO7;CNTRL;NOTCH1;FZD8;ETV6;TSC2;CBL;KAT2B;GTF2F1;DUSP9;TCF7L2;MLST8;POLR2D;APH1B;FGF7;CTNNB1;TFG;RNF43;SHC1;TGFBR2;IRS1;NRAS;KIF5B;BRAF;AKT3;ESRP1;RICTOR;MIB2;STAT5A;CASP9;BCL2L11;MAPK3;PLCG1;FGFR3;TENT4A;PSMC1,CNT
prerank,Reactome_2022__Translocation Of SLC2A4 (GLUT4) To Plasma Membrane R-HSA-1445148,0.6997997132396725,1.0663850584696408,0.40518134715025905,0.6875783760282235,1.0,26/51,14.52%,RAB13;RAB14;RAB4A;YWHAH;EXOC7;CALM1;TBC1D1;SNAP23;C2CD5;MYH9;PRKAG1;EXOC4;PRKAA2;RAB8A;REXO2;RALA;YWHAQ;STX4;AKT1;RHOQ;RALGAPA2;TBC1D4;KIF3A;YWHAG;PRKAB2;EXOC5,CNT
prerank,Reactome_2022__Cytochrome P450 - Arranged By Substrate Type R-HSA-211897,0.6966968405574006,1.0658423577925487,0.3926002055498458,0.689443346909504,1.0,9/63,14.49%,VDAC2;CYP51A1;FDX1;RXRA;FDX2;TBXAS1;POMC;AHR;CYP4V2,CNT
prerank,Reactome_2022__Biosynthesis Of N-glycan Precursor (Dolichol LLO) And Transfer To Protein R-HSA-446193,0.6893077858995734,1.0658225034352662,0.37296747967479676,0.6886430931218375,1.0,34/76,19.17%,DPM3;DPM2;ALG5;NUDT14;ALG3;PMM1;DPM1;MPDU1;ST6GAL1;ALG13;GNPNAT1;FPGT;ALG14;GLB1;ALG8;GFPT1;DHDDS;GMPPA;PGM3;NUS1;ALG6;ST6GALNAC4;GMDS;SRD5A3;DOLPP1;ST6GALNAC6;FUOM;GMPPB;NANP;NPL;DOLK;FCSK;ST6GAL2;ST3GAL2,CNT
prerank,Reactome_2022__IRAK4 Deficiency (TLR2/4) R-HSA-5603041,0.7399873509595658,1.065683923570211,0.4453125,0.6884267353154534,1.0,2/18,9.28%,NDUFA2;IRAK4,CNT
prerank,Reactome_2022__Apoptotic Cleavage Of Cellular Proteins R-HSA-111465,0.7163293246997756,1.065572988709265,0.4114583333333333,0.6881086324845868,1.0,17/38,15.52%,BCAP31;GSN;TJP2;ADD1;LMNA;SPTAN1;FNTA;OCLN;BIRC2;PTK2;STK24;DBNL;CTNNB1;PLEC;CASP3;PRKCD;SATB1,CNT
prerank,Reactome_2022__Sodium/Calcium Exchangers R-HSA-425561,0.7532988584978677,1.0653184372388471,0.4607013301088271,0.6885537375157854,1.0,2/10,8.57%,CALM1;SRI,CNT
prerank,Reactome_2022__Advanced Glycosylation Endproduct Receptor Signaling R-HSA-879415,0.7624105543992531,1.0651530049283704,0.43271461716937354,0.6885175656661549,1.0,7/13,19.85%,DDOST;CAPZA2;LGALS3;CAPZA1;MAPK3;HMGB1;AGER,CNT
prerank,Reactome_2022__Platelet Sensitization By LDL R-HSA-432142,0.741752254851856,1.0645211621407462,0.4402234636871508,0.6908123556799717,1.0,10/17,18.23%,PPP2R5C;PPP2R5E;PPP2R1A;PTPN11;PPP2R5A;MAPK14;PPP2CA;PTPN6;PPP2R5B;PPP2R5D,CNT
prerank,Reactome_2022__Cytochrome C-Mediated Apoptotic Response R-HSA-111461,0.7466138913022456,1.064288531212883,0.4586206896551724,0.6910891292865424,1.0,7/13,14.78%,APIP;XIAP;UACA;CYCS;CASP9;CASP3;MAPK3,CNT
prerank,Reactome_2022__Circadian Clock R-HSA-400253,0.6947816525769996,1.0642225271819756,0.3780487804878049,0.6905898049147559,1.0,25/66,10.74%,UBB;RPS27A;SKP1;UBA52;PPP1CA;TBL1X;TBL1XR1;CPT1A;FBXL3;CREM;PER1;UBC;CRY2;CREB1;HDAC3;CSNK1E;HIF1A;RXRA;CSNK1D;MBD4;CLOCK;EP300;CRTC2;NRIP1;MEF2D,CNT
prerank,Reactome_2022__Nicotinate Metabolism R-HSA-196807,0.7120588398012614,1.0640566300598886,0.4297606659729448,0.6905030377086437,1.0,10/31,16.05%,NAPRT;NAXE;QPRT;NADK2;PARP10;PARP4;NADSYN1;NMNAT1;PARP14;NMNAT3,CNT
prerank,Reactome_2022__TNF Receptor Superfamily (TNFSF) Members Mediating Non-Canonical NF-kB Pathway R-HSA-5676594,0.7467799754014008,1.063632377922323,0.4517937219730942,0.6917799903091768,1.0,8/17,18.15%,TNFSF12;TANK;BIRC2;TNFRSF12A;CD40;BIRC3;LTBR;TRAF3,CNT
prerank,Reactome_2022__Trafficking Of GluR2-containing AMPA Receptors R-HSA-416993,0.736892816643799,1.0631771326036594,0.4552572706935123,0.6931964506438072,1.0,6/17,13.58%,AP2A2;AP2M1;AP2S1;PRKCA;AP2A1;PICK1,CNT
prerank,Reactome_2022__TNFR1-induced NFkappaB Signaling Pathway R-HSA-5357956,0.7263669009429246,1.0629428530290825,0.4227027027027027,0.6935565406825209,1.0,9/26,11.06%,RACK1;SHARPIN;RBCK1;RIPK1;TANK;BIRC2;TRADD;RNF31;XIAP,CNT
prerank,Reactome_2022__TAK1-dependent IKK And NF-kappa-B Activation R-HSA-445989,0.7059477473651359,1.0624671369488612,0.3981288981288981,0.6950357082543885,1.0,21/45,17.86%,UBB;RPS27A;UBA52;NFKBIA;N4BP1;RELA;UBC;TRAF6;TANK;NKIRAS2;USP14;NFKBIB;IKBIP;TP53;UBE2V1;RIPK2;ALPK1;TAB3;NFKB2;NKIRAS1;HMGB1,CNT
prerank,Reactome_2022__Rab Regulation Of Trafficking R-HSA-9007101,0.6824371623379732,1.062217472469157,0.3528225806451613,0.6953912238227028,1.0,54/120,16.72%,TRAPPC1;TRAPPC5;RAB13;GABARAP;RAB1B;TRAPPC6A;MAP1LC3B;TRAPPC2L;RAB14;RAB4A;GABARAPL2;RAB5C;GGA2;RAB9A;TBC1D14;TBC1D24;TRAPPC4;TBC1D20;TRAPPC6B;TRAPPC2;GDI2;RABEP1;RAB3GAP1;DENND6A;TRAPPC3;RAB21;RAB8A;RAB18;RAB8B;MON1B;TBC1D15;AKT1;TBC1D10A;DENND5B;TSC2;DENND2D;RAB5B;TRAPPC9;TBC1D10B;RAB3A;TRAPPC12;TBC1D25;TRAPPC10;RAB7A;TSC1;AKT3;RAB33B;TRAPPC8;CCZ1B;GDI1;GGA3;TBC1D2;RAB32;ANKRD27,CNT
prerank,Reactome_2022__SUMOylation Of Transcription Factors R-HSA-3232118,0.7360108088373936,1.0617850986903388,0.44692737430167595,0.6966472850080826,1.0,3/19,1.12%,SUMO1;SUMO2;UBE2I,CNT
prerank,Reactome_2022__RHO GTPases Activate Formins R-HSA-5663220,0.6861495162844893,1.061556148299478,0.3456913827655311,0.6969404981823107,1.0,48/117,16.81%,PFN1;DIAPH1;ITGB3BP;RPS27;RHOC;RHOA;RHOB;PPP2R5C;DYNLL2;RHOD;ITGB1;SKA2;PPP2R5E;SEC13;PPP2R1A;RANBP2;NUDC;TAOK1;SRGAP2;SEH1L;NUP37;PAFAH1B1;CENPT;RCC2;PPP2R5A;AHCTF1;NDEL1;DVL2;PPP2CA;SCAI;BUB3;DYNC1LI1;MAD1L1;DYNC1LI2;NUP43;B9D2;ACTG1;CLASP2;SRF;NUP85;DAAM1;ZWINT;DYNLL1;SRC;NUP160;PPP2R5B;DIAPH2;RANGAP1,CNT
prerank,Reactome_2022__Nuclear Pore Complex (NPC) Disassembly R-HSA-3301854,0.7161415998541136,1.0613983034802688,0.4275210084033613,0.6968709822911786,1.0,22/36,18.41%,SEC13;NUP88;RANBP2;NUP214;SEH1L;NUP37;POM121C;NUP153;NUP93;NUP54;NUP42;NUP43;NUP85;NUP155;NEK7;NUP58;NUP160;TPR;NUP205;NUP35;NUP188;NUP62,CNT
prerank,Reactome_2022__MAPK Family Signaling Cascades R-HSA-5683057,0.6803681390952325,1.0613461133421283,0.251,0.6962136938702026,1.0,102/316,11.45%,UBB;RPS27A;PEBP1;ARL2;PSMB6;LAMTOR2;PSMA7;PSME2;PSMB1;PSMB3;PSMD8;UBA52;PSMD13;JUN;PSMB8;HSPB1;TLN1;PSMD9;PSMA5;PSMC4;SEM1;PSMA3;CCND3;TYK2;ICMT;PSMD2;ERBB2;PSME1;PSMD7;PSMA1;PSMB10;PPP2R5C;PSMC3;RBX1;PSMC6;PSMB5;PSMA4;CUL3;DNAJB1;AGO2;HRAS;PSMD4;DAB2IP;PSMA6;CALM1;RNMT;LAMTOR3;PSMB7;SEPTIN7;PSMC5;IL6ST;SPTBN2;GRB2;PSMB2;PPP5C;BCL2L1;RAP1B;EGFR;PSMA2;ARAF;PPP2R5E;ERBB3;UBC;MAP2K2;PPP2R1A;VCL;IQGAP1;JAK1;PTPN11;SPTAN1;FNTA;PSMD12;PRKCA;ABHD17A;MAPK4;PSMD6;MRAS;GOLGA7;PTPRA;FGFR1;ARHGEF7;PEA15;PTK2;PPP2R5A;MAP2K1;PSMD11;RCE1;CDC42EP3;DUSP16;FRS2;FGFR2;CDC42EP2;RAP1A;PPP2CA;PSME3;DUSP6;TGFA;PSMF1;SOS1;PSMD10;PSMD3;PIK3R2,CNT
prerank,Reactome_2022__MAP Kinase Activation R-HSA-450294,0.6938943647065636,1.0612838177007378,0.3670756646216769,0.6956313195671712,1.0,30/62,16.64%,UBB;RPS27A;SKP1;UBA52;JUN;FOS;MAPKAPK2;DUSP3;UBC;PPP2R1A;CREB1;MAPKAPK3;TRAF6;TNIP2;MAPK14;MAP2K1;PPP2CA;DUSP6;RPS6KA2;RPS6KA3;VRK3;UBE2V1;MAP2K7;RIPK2;MAPK7;MAPK3;CUL1;RPS6KA1;MAP3K8;TAB3,CNT
prerank,Reactome_2022__MAPK1/MAPK3 Signaling R-HSA-5684996,0.6814943778365306,1.0611301231034673,0.28,0.6955149704136884,1.0,91/275,11.45%,UBB;RPS27A;PEBP1;ARL2;PSMB6;LAMTOR2;PSMA7;PSME2;PSMB1;PSMB3;PSMD8;UBA52;PSMD13;PSMB8;TLN1;PSMD9;PSMA5;PSMC4;SEM1;PSMA3;TYK2;ICMT;PSMD2;ERBB2;PSME1;PSMD7;PSMA1;PSMB10;PPP2R5C;PSMC3;RBX1;PSMC6;PSMB5;PSMA4;CUL3;HRAS;PSMD4;DAB2IP;PSMA6;CALM1;RNMT;LAMTOR3;PSMB7;PSMC5;IL6ST;SPTBN2;GRB2;PSMB2;PPP5C;BCL2L1;RAP1B;EGFR;PSMA2;ARAF;PPP2R5E;ERBB3;UBC;MAP2K2;PPP2R1A;VCL;IQGAP1;JAK1;PTPN11;SPTAN1;FNTA;PSMD12;ABHD17A;PSMD6;MRAS;GOLGA7;PTPRA;FGFR1;PEA15;PTK2;PPP2R5A;MAP2K1;PSMD11;RCE1;DUSP16;FRS2;FGFR2;RAP1A;PPP2CA;PSME3;DUSP6;TGFA;PSMF1;SOS1;PSMD10;PSMD3;PIK3R2,CNT
prerank,Reactome_2022__Growth Hormone Receptor Signaling R-HSA-982772,0.7140884743333791,1.0610492465998933,0.45757250268528465,0.6950477480849115,1.0,13/24,15.09%,CISH;PTPN1;LYN;SOCS2;SOCS1;PRLR;STAT3;SOCS3;SH2B1;IRS1;STAT5A;MAPK3;PTPN6,CNT
prerank,Reactome_2022__Signaling By Activin R-HSA-1502540,0.7514361923145013,1.0609134947987309,0.43863636363636366,0.6948313138820957,1.0,3/15,4.21%,SMAD2;ACVR1B;DRAP1,CNT
prerank,Reactome_2022__Diseases Of DNA Repair R-HSA-9675135,0.7014531687912924,1.0605374682073963,0.40518134715025905,0.695881033798112,1.0,21/50,17.10%,SEM1;RPA3;RRAD;RAD51C;KAT5;MLH1;MSH3;MRE11;PMS2;MSH6;RFC2;RFC5;WRN;RAD9A;RFC3;TOP3A;PALB2;RAD51D;HUS1;RAD17;RMI2,CNT
prerank,Reactome_2022__Synthesis Of Substrates In N-glycan Biosythesis R-HSA-446219,0.6892832864672643,1.060041881170001,0.4026639344262295,0.6975728656357488,1.0,28/62,19.17%,DPM3;DPM2;ALG5;NUDT14;PMM1;DPM1;ST6GAL1;GNPNAT1;FPGT;GLB1;GFPT1;DHDDS;GMPPA;PGM3;NUS1;ST6GALNAC4;GMDS;SRD5A3;DOLPP1;ST6GALNAC6;FUOM;GMPPB;NANP;NPL;DOLK;FCSK;ST6GAL2;ST3GAL2,CNT
prerank,"Reactome_2022__Transport Of Vitamins, Nucleosides, And Related Molecules R-HSA-425397",0.7053118143916146,1.0600058238465953,0.40560165975103735,0.6968669499938012,1.0,14/43,16.93%,ARL2;SLC25A6;SLC25A4;SLC25A5;SLC35B2;PDZD11;SLC35B3;SLC35D2;SLC35A2;SLC27A4;SLCO4A1;SLCO4C1;SLCO3A1;SLC5A6,CNT
prerank,Reactome_2022__TFAP2 (AP-2) Family Regulates Transcription Of Growth Factors And Their Receptors R-HSA-8866910,0.7538676162065026,1.0595662775142154,0.4668218859138533,0.6980947877653232,1.0,4/13,10.49%,ERBB2;EGFR;YY1;TGFA,CNT
prerank,Reactome_2022__Interleukin-17 Signaling R-HSA-448424,0.6914898418132793,1.0594586822908811,0.3826530612244898,0.6977601291640046,1.0,32/69,16.64%,UBB;RPS27A;SKP1;UBA52;JUN;FOS;MAPKAPK2;DUSP3;UBC;PPP2R1A;CREB1;MAPKAPK3;TRAF6;TNIP2;MAPK14;MAP2K1;PPP2CA;DUSP6;RPS6KA2;RPS6KA3;VRK3;UBE2V1;MAP2K7;RIPK2;MAPK7;MAPK3;CUL1;IL17RE;IL17RC;RPS6KA1;MAP3K8;TAB3,CNT
prerank,Reactome_2022__SHC1 Events In ERBB4 Signaling R-HSA-1250347,-0.630843001412476,-1.058880106695048,0.4621212121212121,0.8418394580520699,1.0,1/13,0.02%,ERBB4,CNT
prerank,Reactome_2022__P75 NTR Receptor-Mediated Signaling R-HSA-193704,0.6869730494951645,1.0582047009697175,0.3623481781376518,0.7032444664836415,1.0,34/95,15.09%,UBB;RPS27A;SQSTM1;UBA52;ITGB3BP;APH1A;NFKBIA;PSEN1;RHOA;BAD;BEX3;ARHGDIA;RELA;PSENEN;NCSTN;UBC;SOS2;ARHGEF11;HDAC3;TRAF6;PRDM4;ARHGEF7;ARHGEF19;SOS1;PRPF38B;OBSCN;ARHGEF10L;AKAP13;ARHGEF37;APH1B;RIPK2;CASP3;BCL2L11;FGD1,CNT
prerank,Reactome_2022__Signaling To RAS R-HSA-167044,0.7259345657512422,1.0576156372145935,0.45704845814977973,0.7053426927203374,1.0,12/19,17.61%,MAPKAPK2;HRAS;GRB2;MAPKAPK3;RALA;MAPK14;SOS1;RALGDS;SHC1;NRAS;SRC;MAPK13,CNT
prerank,Reactome_2022__Regulation Of PTEN Gene Transcription R-HSA-8943724,0.6923022565411813,1.0576105965820655,0.4163265306122449,0.7044806596079353,1.0,26/60,13.52%,LAMTOR2;RHEB;JUN;LAMTOR4;MAF1;PHC2;KDM1A;LAMTOR3;GATAD2B;EGR1;RBBP7;CHD4;REST;LAMTOR5;CBX6;LAMTOR1;CHD3;HDAC3;HDAC5;RING1;RRAGA;MTA1;TP53;SLC38A9;SUZ12;MLST8,CNT
prerank,Reactome_2022__IL-6-type Cytokine Receptor Ligand Interactions R-HSA-6788467,0.7324308155881399,1.057363183866144,0.45172031076581576,0.7047623224376934,1.0,3/17,6.91%,TYK2;IL6ST;JAK1,CNT
prerank,"Reactome_2022__Nucleotide-binding Domain, Leucine Rich Repeat Containing NLR Signaling Pathways R-HSA-168643",0.6932040801160371,1.0571543765386788,0.41304347826086957,0.7049737609153752,1.0,21/53,17.61%,TXNIP;TXN2;SUGT1;HSP90AB1;AAMP;RELA;BCL2L1;TRAF6;BIRC2;MAPK14;CASP4;UBE2V1;BCL2;RIPK2;CASP9;BIRC3;PYCARD;TAB3;NFKB2;CASP2;MAPK13,CNT
prerank,Reactome_2022__SUMOylation Of Intracellular Receptors R-HSA-4090294,0.7041778908133607,1.0562781680521258,0.44551282051282054,0.7083621045480225,1.0,6/29,8.15%,SUMO1;SUMO2;UBE2I;THRA;NR1H2;RXRA,CNT
prerank,Reactome_2022__PI3K Events In ERBB2 Signaling R-HSA-1963642,-0.5819457170746246,-1.0559995173062178,0.40816326530612246,0.8272684075719241,1.0,3/16,1.58%,ERBB4;EGF;PIK3CA,CNT
prerank,Reactome_2022__Regulation Of Actin Dynamics For Phagocytic Cup Formation R-HSA-2029482,0.6934522034987668,1.0559756291801317,0.4187946884576098,0.7089454973491884,1.0,26/58,15.07%,ARPC3;BRK1;HSP90AB1;ARPC2;SYK;HSP90AA1;ARPC5;CYFIP1;GRB2;WASF2;ABI2;ACTR3;ARPC1A;NF2;MYH9;WIPF2;NCK1;PTK2;ABI1;WASL;CRK;WASF3;ACTG1;NCKIPSD;MAPK3;ELMO2,CNT
prerank,Reactome_2022__Regulation Of KIT Signaling R-HSA-1433559,0.7387829297787212,1.0556739358176004,0.45514950166112955,0.7095060264519734,1.0,9/16,15.60%,GRB2;YES1;LYN;PRKCA;SOCS1;SOS1;CBL;PTPN6;SRC,CNT
prerank,Reactome_2022__Glucagon-like Peptide-1 (GLP1) Regulates Insulin Secretion R-HSA-381676,0.7063919069326383,1.055601578695147,0.4261954261954262,0.7089621834509016,1.0,14/42,13.35%,GNG5;GNAS;GNB2;RAPGEF3;GNB1;GNG10;GNB5;GNG11;IQGAP1;PRKCA;RAP1A;GNG7;ITPR3;GNG12,CNT
prerank,Reactome_2022__FCERI Mediated MAPK Activation R-HSA-2871796,0.7093011947887414,1.0552862626219723,0.4556149732620321,0.7095878690475131,1.0,14/28,14.96%,JUN;FOS;SYK;PLCG2;HRAS;GRB2;LYN;MAP3K1;SOS1;SHC1;MAP2K7;NRAS;MAPK3;PLCG1,CNT
prerank,Reactome_2022__Interleukin-6 Family Signaling R-HSA-6783589,0.7124278245238873,1.0551259003702709,0.4497863247863248,0.7094668021441187,1.0,8/24,15.99%,TYK2;IL6ST;JAK1;PTPN11;STAT3;CBL;SOCS3;IL11RA,CNT
prerank,MSigDB_Hallmark_2020__G2-M Checkpoint,0.6736708374263974,1.0549338072331944,0.3173173173173173,0.5200694139041755,1.0,72/195,15.52%,HMGN2;MT2A;SNRPD1;KIF22;TOP1;CBX1;STMN1;AMD1;SLC38A1;CUL3;CTCF;CDKN1B;CDK4;RAD21;TLE3;TMPO;UBE2S;GSPT1;DKC1;NOLC1;DTYMK;CDC27;SMC2;SRSF2;MNAT1;FOXN3;UPF1;TRA2B;HIF1A;NUMA1;TFDP1;NASP;SS18;SYNCRIP;CKS2;HMGB3;RPA2;RBM14;PAFAH1B1;ORC5;HMGA1;MAPK14;PRPF4B;ILF3;BUB3;MARCKS;SMC4;HIRA;PURA;SRSF1;ODC1;SRSF10;NCL;JPT1;MTF2;HSPA8;CCNT1;YTHDC1;PRIM2;SQLE;NOTCH2;WRN;E2F4;FANCC;SLC7A1;KIF5B;MCM2;RACGAP1;TENT4A;KPNA2;RASAL2;CUL1,CNT
prerank,Reactome_2022__RAF/MAP Kinase Cascade R-HSA-5673001,0.6774956936484938,1.054912398241852,0.31,0.7096517632461433,1.0,88/269,11.45%,UBB;RPS27A;PEBP1;ARL2;PSMB6;LAMTOR2;PSMA7;PSME2;PSMB1;PSMB3;PSMD8;UBA52;PSMD13;PSMB8;TLN1;PSMD9;PSMA5;PSMC4;SEM1;PSMA3;ICMT;PSMD2;ERBB2;PSME1;PSMD7;PSMA1;PSMB10;PPP2R5C;PSMC3;RBX1;PSMC6;PSMB5;PSMA4;CUL3;HRAS;PSMD4;DAB2IP;PSMA6;CALM1;RNMT;LAMTOR3;PSMB7;PSMC5;SPTBN2;GRB2;PSMB2;PPP5C;BCL2L1;RAP1B;EGFR;PSMA2;ARAF;PPP2R5E;ERBB3;UBC;MAP2K2;PPP2R1A;VCL;IQGAP1;JAK1;SPTAN1;FNTA;PSMD12;ABHD17A;PSMD6;MRAS;GOLGA7;PTPRA;FGFR1;PEA15;PTK2;PPP2R5A;MAP2K1;PSMD11;RCE1;DUSP16;FRS2;FGFR2;RAP1A;PPP2CA;PSME3;DUSP6;TGFA;PSMF1;SOS1;PSMD10;PSMD3;PIK3R2,CNT
prerank,Reactome_2022__Activation Of Matrix Metalloproteinases R-HSA-1592389,0.707006276062116,1.054653602296829,0.4222689075630252,0.7100440020763463,1.0,5/33,15.88%,MMP14;COL18A1;TIMP2;FURIN;MMP7,CNT
prerank,Reactome_2022__RIP-mediated NFkB Activation Via ZBP1 R-HSA-1810476,0.733421486871548,1.054432001799468,0.4768361581920904,0.71026653567378,1.0,10/17,18.92%,NFKBIA;RELA;RIPK1;TLR3;NKIRAS2;NFKBIB;DHX9;NFKB2;NKIRAS1;MYD88,CNT
prerank,Reactome_2022__IRF3-mediated Induction Of Type I IFN R-HSA-3270619,0.7538554061085769,1.0539964705803393,0.4642857142857143,0.7114759460888666,1.0,5/12,14.50%,XRCC6;MRE11;IRF3;DDX41;TBK1,CNT
prerank,Reactome_2022__Diseases Associated With N-glycosylation Of Proteins R-HSA-3781860,0.7155131938301033,1.0539738569575516,0.45874587458745875,0.710698731367291,1.0,8/20,14.14%,ALG3;MPDU1;ALG13;ALG14;GLB1;ALG8;ALG6;B4GALT1,CNT
prerank,Reactome_2022__Molecules Associated With Elastic Fibres R-HSA-2129379,0.709115951837237,1.05385793657956,0.4466950959488273,0.7103567812867674,1.0,6/28,10.10%,ITGB1;ITGB5;LTBP3;EFEMP1;FBLN5;ITGB8,CNT
prerank,Reactome_2022__ABC Transporters In Lipid Homeostasis R-HSA-1369062,-0.5433538950190188,-1.0534623453259488,0.3626373626373626,0.8121606666091329,1.0,4/18,1.76%,ABCA5;ABCA10;ABCA9;ABCA6,CNT
prerank,Reactome_2022__L1CAM Interactions R-HSA-373760,0.6787029954221856,1.0533680064856097,0.3947633434038268,0.7119160641455835,1.0,38/99,16.56%,CLTA;AP2A2;AP2M1;MSN;AP2S1;CD24;ITGB1;NRCAM;SPTBN2;EGFR;CSNK2B;CSNK2A2;ANK3;MAP2K2;LAMB1;SPTAN1;ALCAM;SCN3A;EZR;FGFR1;SDCBP;MAP2K1;RPS6KA6;SCN2A;RPS6KA2;RPS6KA3;AP2A1;CHL1;SCN1B;HSPA8;SCN7A;MAPK3;SH3GL2;SRC;DNM2;SHTN1;RPS6KA1;RANBP9,CNT
prerank,Reactome_2022__NR1H3 And NR1H2 Regulate Gene Expression Linked To Cholesterol Transport And Efflux R-HSA-9029569,0.7041864396599566,1.0531736556446716,0.43907563025210083,0.7119672278227697,1.0,13/36,12.30%,TBL1X;TBL1XR1;AGO2;KDM1A;GPS2;APOE;NR1H2;APOC1;HDAC3;RXRA;NCOR2;EP300;AGO3,CNT
prerank,Reactome_2022__Cholesterol Biosynthesis R-HSA-191273,0.7160734006967678,1.0523790415230818,0.43649946638207043,0.714938757975938,1.0,11/26,13.52%,PMVK;CYP51A1;SREBF2;SC5D;HMGCR;FDPS;TM7SF2;NSDHL;HMGCS1;ARV1;SQLE,CNT
prerank,"Reactome_2022__Gamma-carboxylation, Transport, And Amino-Terminal Cleavage Of Proteins R-HSA-159854",0.7616081659491335,1.052154017441798,0.4725787631271879,0.7151446907924786,1.0,4/11,14.80%,GAS6;BGLAP;FURIN;FAM110A,CNT
prerank,Reactome_2022__Constitutive Signaling By NOTCH1 HD+PEST Domain Mutants R-HSA-2894862,0.6938078472816812,1.0514699752686576,0.4131551901336074,0.717503553404616,1.0,22/57,12.43%,UBB;RPS27A;SKP1;UBA52;APH1A;TBL1X;PSEN1;CCNC;RBX1;TBL1XR1;JAG1;PSENEN;NCSTN;UBC;HDAC3;HDAC5;RBPJ;NCOR2;SNW1;EP300;NOTCH1;KAT2B,CNT
prerank,Reactome_2022__RA Biosynthesis Pathway R-HSA-5365859,0.7277833791077251,1.0510819459351863,0.4818880351262349,0.7184462561033477,1.0,5/22,9.17%,CRABP1;ALDH1A1;RDH11;DHRS3;ADH1C,CNT
prerank,Reactome_2022__RHOC GTPase Cycle R-HSA-9013106,0.682883101400141,1.0507301220826726,0.4170905391658189,0.7191891188006453,1.0,30/73,16.07%,DIAPH1;RHOC;JUP;RHOA;ARHGDIA;ARHGAP1;FLOT1;OPHN1;TMPO;STX5;TJP2;VAPB;IQGAP1;ARHGEF11;ARHGAP18;STARD13;STOM;FLOT2;MACO1;ARHGEF10L;DHDDS;AKAP13;VAMP3;ARHGAP39;DAAM1;SLK;RACGAP1;C1QBP;PIK3R1;ARHGEF17,CNT
prerank,Reactome_2022__NOTCH3 Intracellular Domain Regulates Transcription R-HSA-9013508,-0.5367315704498282,-1.050538697337513,0.34615384615384615,0.7988844435977224,1.0,8/24,5.87%,MAML2;PBX1;MAML3;MAMLD1;NOTCH3;MAML1;STAT1;KAT2A,CNT
prerank,Reactome_2022__PIP3 Activates AKT Signaling R-HSA-1257604,0.6720473119249557,1.0503864621726509,0.3113113113113113,0.7199227668026665,1.0,100/267,11.45%,IER3;UBB;RPS27A;PSMB6;LAMTOR2;PSMA7;PSME2;PSMB1;RHEB;PSMB3;PSMD8;UBA52;PSMD13;JUN;PSMB8;PSMD9;PSMA5;PSMC4;LAMTOR4;SEM1;MAF1;PHC2;PSMA3;BAD;PSMD2;ERBB2;PSME1;PSMD7;PSMA1;PSMB10;PPP2R5C;PSMC3;AKT1S1;PSMC6;PSMB5;PSMA4;AGO2;CLSTN1;PSMD4;KDM1A;PSMA6;RNMT;LAMTOR3;CDKN1B;PSMB7;THEM4;GATAD2B;EGR1;PSMC5;RBBP7;STUB1;GRB2;PSMB2;CHD4;EGFR;PSMA2;CSNK2B;REST;PPP2R5E;LAMTOR5;CSNK2A2;CBX6;ERBB3;UBC;PPP2R1A;LAMTOR1;PIK3R3;CHD3;RPS6KB2;CREB1;PTPN11;HDAC3;HDAC5;PSMD12;PSMD6;GSK3A;TRAF6;FGFR1;RING1;RHOG;PHLPP1;NR4A1;IRAK4;PPP2R5A;RRAGA;PSMD11;FRS2;VAPA;FGFR2;PPP2CA;PSME3;TGFA;PSMF1;MTA1;SOS1;PSMD10;XIAP;AKT1;PSMD3;PIK3R2,CNT
prerank,Reactome_2022__Transport Of Mature mRNA Derived From An Intronless Transcript R-HSA-159231,0.6976448489664686,1.0501706784411846,0.4402061855670103,0.7200166741528893,1.0,26/42,18.41%,EIF4E;SEC13;NUP88;RANBP2;WDR33;NUP214;SEH1L;NUP37;POM121C;NUP153;NUP93;ALYREF;NUP54;NUP42;CPSF4;NUP43;CPSF3;NUP85;NUP155;NUP58;NUP160;TPR;NUP205;NUP35;NUP188;NUP62,CNT
prerank,Reactome_2022__CD28 Co-Stimulation R-HSA-389356,0.6993453390336829,1.0494604834968682,0.46234309623430964,0.7225864632987017,1.0,15/34,16.58%,THEM4;GRB2;YES1;PIK3R3;LYN;ARHGEF7;AKT1;PIK3R2;MLST8;AKT3;RICTOR;SRC;PIK3R1;PRR5;MAP3K8,CNT
prerank,Reactome_2022__VxPx Cargo-Targeting To Cilium R-HSA-5620916,0.7177605977512956,1.0485535074090786,0.4729878721058434,0.7260050713011841,1.0,9/21,14.52%,RAB11FIP3;EXOC7;PTGES2;ARF4;EXOC4;RAB8A;PKD1;PRKD2;EXOC5,CNT
prerank,Reactome_2022__Amino Acids Regulate mTORC1 R-HSA-9639288,0.6941228383770963,1.0483931069114798,0.4430769230769231,0.7259304907258116,1.0,24/54,13.52%,ATP6V1G1;LAMTOR2;ATP6V0E1;RHEB;ATP6V0C;LAMTOR4;ATP6V0D1;LAMTOR3;ATP6V0B;ATP6V0E2;LAMTOR5;SEC13;LAMTOR1;ATP6V1G3;ATP6V1B2;ATP6V1D;SEH1L;FNIP1;RRAGA;ATP6V1E1;ATP6V1F;BMT2;SLC38A9;MLST8,CNT
prerank,Reactome_2022__Apoptotic Factor-Mediated Response R-HSA-111471,0.7197289824835242,1.0480308100476703,0.4633077765607886,0.7267299272313253,1.0,10/20,15.43%,GSDMD;APIP;BAX;XIAP;UACA;CYCS;CASP9;CASP3;MAPK3;C1QBP,CNT
prerank,Reactome_2022__Signaling By NOTCH2 R-HSA-1980145,0.7017965221753285,1.0479812807099682,0.45320715036803366,0.7260927912088574,1.0,11/31,7.96%,UBB;RPS27A;UBA52;APH1A;PSEN1;JAG1;PSENEN;NCSTN;UBC;CREB1;RBPJ,CNT
prerank,Reactome_2022__Aflatoxin Activation And Detoxification R-HSA-5423646,0.7337475011104118,1.0478954154427274,0.4602829162132753,0.7256124706087418,1.0,7/18,19.08%,MGST3;MGST2;AKR7A2;ACY1;GGT7;CYP3A5;MGST1,CNT
prerank,Reactome_2022__Signaling By NOTCH1 R-HSA-1980143,0.6851593461254449,1.0466184715025817,0.4306122448979592,0.7307297287409594,1.0,23/73,10.53%,UBB;RPS27A;SKP1;UBA52;APH1A;TBL1X;PSEN1;CCNC;RBX1;TBL1XR1;TLE2;TLE3;JAG1;PSENEN;NCSTN;UBC;HDAC3;HDAC5;HIF1A;RBPJ;NCOR2;SNW1;EP300,CNT
prerank,Reactome_2022__Diseases Associated With TLR Signaling Cascade R-HSA-5602358,0.7050419561520608,1.045977847858891,0.464247598719317,0.7327537795514727,1.0,10/31,18.92%,NDUFA2;NFKBIA;RELA;TLR3;IRAK4;UNC93B1;NFKB2;HMGB1;TRAF3;MYD88,CNT
prerank,Reactome_2022__Maturation Of Nucleoprotein R-HSA-9683610,0.7488797791241222,1.0458963312366722,0.4935822637106184,0.7321989367495899,1.0,5/12,10.51%,SUMO1;UBE2I;GSK3A;PARP10;PARP4,CNT
prerank,Reactome_2022__Glycolysis R-HSA-70171,0.6842714775546468,1.04554371979351,0.434560327198364,0.732841454469289,1.0,35/68,18.41%,TPI1;BPGM;PKM;PGP;ENO1;SEC13;PPP2R1A;NUP88;RANBP2;PRKCA;HOOK2;NUP214;SEH1L;NUP37;PFKM;POM121C;NUP153;NUP93;PPP2CA;NUP54;PGAM2;NUP42;NUP43;GNPDA2;NUP85;NUP155;NUP58;NUP160;TPR;NUP205;PFKFB3;NUP35;NUP188;PPP2R5D;NUP62,CNT
prerank,Reactome_2022__Drug ADME R-HSA-9748784,0.6847057754158679,1.045067872541076,0.4140386571719227,0.7340487258067628,1.0,15/93,10.57%,GSTP1;GUK1;NME2;CNDP2;SLC38A1;HPRT1;TPMT;CES2;ADAL;NUDT15;IMPDH2;GMPS;BSG;NT5C2;SULT1A1,CNT
prerank,Reactome_2022__mRNA Splicing - Minor Pathway R-HSA-72165,0.6915951563499002,1.0447614974002404,0.45417095777548916,0.7345855138522405,1.0,38/49,13.53%,SNRPE;SNRPD2;POLR2I;POLR2J;SNRPF;POLR2K;SRSF7;SNRPD3;SNRPG;SF3B6;POLR2F;POLR2H;SNRNP40;POLR2L;YBX1;TXNL4A;POLR2E;SNRPB;ZCRB1;PRPF8;POLR2A;PRPF6;SRSF2;GTF2F2;SF3B5;POLR2C;ZMAT5;POLR2G;SNRNP200;SF3B4;SF3B1;POLR2B;SRSF1;SNRNP35;GTF2F1;SNRNP25;DDX42;POLR2D,CNT
prerank,Reactome_2022__Regulation Of MECP2 Expression And Activity R-HSA-9022692,0.7035602708048793,1.0443071830495438,0.47114375655823715,0.7357768760009281,1.0,12/31,12.30%,TBL1X;HIPK2;TBL1XR1;AGO2;CALM1;GPS2;MECP2;CREB1;HDAC3;PRKCA;NCOR2;AGO3,CNT
prerank,Reactome_2022__Regulation Of Gene Expression In Beta Cells R-HSA-210745,0.7273702941314741,1.0441457510524002,0.47714604236343366,0.7356370605714954,1.0,5/20,21.91%,PDHX;AKT1;AKT3;FOXO1;FOXA3,CNT
prerank,Reactome_2022__Signaling By FGFR3 R-HSA-5654741,0.6986830404902561,1.0439462053514763,0.4652128764278297,0.735656013342481,1.0,21/39,15.64%,UBB;RPS27A;UBA52;HRAS;GRB2;UBC;PPP2R1A;PTPN11;GALNT3;FRS2;PPP2CA;SOS1;CBL;SHC1;NRAS;BRAF;MAPK3;PLCG1;FGFR3;SRC;PIK3R1,CNT
prerank,Reactome_2022__Signal Transduction By L1 R-HSA-445144,0.7211728748616659,1.0437709803365363,0.49396267837541163,0.7355251332879973,1.0,7/20,9.59%,ITGB1;EGFR;CSNK2B;CSNK2A2;MAP2K2;FGFR1;MAP2K1,CNT
prerank,Reactome_2022__Apoptotic Execution Phase R-HSA-75153,0.6912167681474362,1.0434758056061906,0.458592132505176,0.7359519777567276,1.0,19/46,15.52%,HMGB2;BCAP31;GSN;TJP2;ADD1;LMNA;SPTAN1;FNTA;OCLN;BIRC2;PTK2;STK24;DBNL;CTNNB1;PLEC;DNM1L;CASP3;PRKCD;SATB1,CNT
prerank,Reactome_2022__Initiation Of Nuclear Envelope (NE) Reformation R-HSA-2995383,0.7252111077618902,1.0433424808581342,0.47964796479647964,0.7356981390103545,1.0,10/19,16.38%,BANF1;TMPO;SIRT2;PPP2R1A;LMNA;PPP2CA;ANKLE2;PPP2R2A;LEMD3;LEMD2,CNT
prerank,Reactome_2022__Metabolism Of Carbohydrates R-HSA-71387,0.6656610328312659,1.042802962267442,0.3376753507014028,0.7373358224689345,1.0,108/283,17.04%,UBB;RPS27A;PRPS2;TPI1;FBP1;SLC25A11;UBA52;ALDH1A1;CHST3;TALDO1;PYGB;MDH2;PGLS;AGRN;BPGM;HEXA;B3GAT3;CALM1;B4GALT7;PKM;PGP;CSGALNACT1;TKT;CRYL1;SLC37A4;DCXR;SLC35B2;ENO1;GOT2;UGP2;UBC;SEC13;PPP2R1A;UBL4A;NUP88;RANBP2;GALK1;PHGDH;PRKCA;HOOK2;CHST12;HYAL2;TKFC;RPIA;HEXB;XYLT2;NUP214;SGSH;SEH1L;NUP37;GAA;PFKM;POM121C;EXT1;PAPSS1;NUP153;NUP93;AKR1B1;CHPF;HSPG2;DSE;B4GAT1;AKR1A1;CHORDC1;SDC2;PGM1;DERA;SLC35B3;GLB1;PPP2CA;HS6ST1;GNS;MAN2C1;NUP54;B3GALT4;B4GALT3;PGAM2;PCNX4;PHKG2;NUP42;G6PC3;GPC3;SLC35D2;PHKG1;NUP43;MAN2B1;GPC4;FUT10;GNPDA2;B4GALT1;NUP85;GYG1;NUP155;GOLT1A;SLC26A2;NUP58;NUP160;MAN2B2;ST6GALNAC6;NAGLU;TPR;HS3ST1;SORD;NUP205;B4GALT4;PHKA1;PFKFB3;PCK1,CNT
prerank,Reactome_2022__Signaling By BRAF And RAF1 Fusions R-HSA-6802952,0.684720099284002,1.0421734787114612,0.4492753623188406,0.73928818611504,1.0,26/62,16.66%,PEBP1;TLN1;HRAS;SND1;CALM1;AGGF1;AGTRAP;RAP1B;ARAF;MAP2K2;LMNA;AKAP9;VCL;IQGAP1;PAPSS1;MAP2K1;RAP1A;NRAS;BRAF;ESRP1;BCL2L11;MAPK3;TENT4A;SRC;CSK;ZC3HAV1,CNT
prerank,Reactome_2022__Signal Attenuation R-HSA-74749,0.7542031453657024,1.042092665123358,0.5091799265605875,0.738794730000612,1.0,6/10,15.19%,GRB2;SOS1;SHC1;IRS1;MAPK3;GRB10,CNT
prerank,Reactome_2022__TP53 Regulates Transcription Of Cell Cycle Genes R-HSA-6791312,0.6916649171776533,1.0413557686263957,0.45850622406639,0.7411604867423561,1.0,18/49,13.82%,NPM1;GADD45A;CNOT7;BTG2;PRMT1;CDKN1B;BAX;PCNA;CNOT4;TFDP2;TFDP1;CNOT8;REXO2;CNOT2;EP300;TP53;CNOT3;E2F4,CNT
prerank,Reactome_2022__Phenylalanine And Tyrosine Metabolism R-HSA-8963691,0.754932982312575,1.0409592942924843,0.5,0.7420028585912612,1.0,4/11,9.23%,PCBD1;QDPR;GSTZ1;ASRGL1,CNT
prerank,Reactome_2022__Leishmania Infection R-HSA-9658195,0.6680929180407852,1.0404781295503065,0.354,0.7432033783317469,1.0,61/242,15.07%,GNG5;TXNIP;CYBA;TXN2;ARPC3;BRK1;SUGT1;ADM;JUN;HSP90AB1;ARPC2;GNAS;SYK;GNAI3;ARPC5;PLCG2;GNB2;GSDMD;CYFIP1;CALM1;GNB1;GNG10;RELA;GRB2;GNB5;WASF2;ABI2;GNG11;ACTR3;ARPC1A;YES1;IL18;CREB1;MYH9;LYN;PRKCA;WIPF2;NCK1;PTK2;ABI1;NOXA1;FURIN;MAPK14;DVL2;WASL;CRK;GNG7;WASF3;POMC;AHCYL1;ITPR3;GNG12;ACTG1;GPR27;PTRH2;C1QTNF1;NCKIPSD;ADCY9;MAPK3;PLCG1;ELMO2,CNT
prerank,Reactome_2022__Negative Regulation Of FGFR2 Signaling R-HSA-5654727,0.7012246009965981,1.0401541186619323,0.4968553459119497,0.7437580991127875,1.0,15/34,15.60%,UBB;RPS27A;UBA52;GRB2;UBC;PPP2R1A;PTPN11;FRS2;FGFR2;PPP2CA;CBL;FGF7;BRAF;MAPK3;SRC,CNT
prerank,Reactome_2022__Defective Homologous Recombination Repair (HRR) Due To BRCA2 Loss Of Function R-HSA-9701190,0.691037380567879,1.0399753665098335,0.47717842323651455,0.7436573770345516,1.0,17/40,17.10%,SEM1;RPA3;RRAD;RAD51C;KAT5;MRE11;RFC2;RFC5;WRN;RAD9A;RFC3;TOP3A;PALB2;RAD51D;HUS1;RAD17;RMI2,CNT
prerank,Reactome_2022__Costimulation By CD28 Family R-HSA-388841,0.6807538728441347,1.0392503429857778,0.4618556701030928,0.745851987343508,1.0,25/65,16.58%,PPP2R5C;THEM4;GRB2;PPP2R5E;PPP2R1A;YES1;PIK3R3;PTPN11;LYN;ARHGEF7;PPP2R5A;PPP2CA;AKT1;HLA-DRA;PIK3R2;MLST8;AKT3;RICTOR;PTPN6;SRC;PIK3R1;CSK;PPP2R5B;PRR5;MAP3K8,CNT
prerank,Reactome_2022__Early SARS-CoV-2 Infection Events R-HSA-9772572,0.6918293265249238,1.0382845493717157,0.48472075869336145,0.7492322647161843,1.0,16/36,13.03%,CHMP2A;ISCU;MAP1LC3B;VCP;AGRN;CHMP4B;ZCRB1;DDX5;BECN1;CHMP2B;FURIN;HSPG2;SDC2;CHMP6;GPC3;GPC4,CNT
prerank,Reactome_2022__Activation Of ATR In Response To Replication Stress R-HSA-176187,0.6975280177714438,1.0381405434139934,0.4857744994731296,0.748987467980749,1.0,14/35,19.34%,RPA3;RRAD;ORC5;ORC3;ORC4;MCM4;RFC2;RFC5;RAD9A;RFC3;HUS1;RAD17;ATRIP;DBF4,CNT
prerank,Reactome_2022__Vitamin B5 (Pantothenate) Metabolism R-HSA-199220,0.7224031511374757,1.0373925687760008,0.5038932146829811,0.7513391237152928,1.0,5/17,9.33%,PPCS;COASY;PDZD11;PANK3;PPCDC,CNT
prerank,Reactome_2022__FCGR3A-mediated Phagocytosis R-HSA-9664422,0.6786720431161939,1.0371457135580282,0.49948927477017363,0.7515599628958172,1.0,26/56,15.60%,ARPC3;BRK1;ARPC2;SYK;ARPC5;CYFIP1;GRB2;WASF2;ABI2;ACTR3;ARPC1A;YES1;MYH9;LYN;WIPF2;NCK1;PTK2;ABI1;WASL;CRK;WASF3;ACTG1;NCKIPSD;MAPK3;ELMO2;SRC,CNT
prerank,Reactome_2022__Sphingolipid De Novo Biosynthesis R-HSA-1660661,0.687055500618059,1.0365584468965594,0.4779874213836478,0.7532523657159844,1.0,18/44,13.23%,SGPP2;CERS2;SPTSSA;SGMS2;ALDH3A2;ORMDL1;CERS4;VAPB;DEGS2;SPTLC3;ORMDL2;VAPA;FA2H;PLPP3;OSBP;CSNK1G2;SGMS1;PRKD2,CNT
prerank,Reactome_2022__Removal Of Flap Intermediate R-HSA-69166,0.7242001817224704,1.036516388621293,0.5149425287356322,0.7525600521109439,1.0,4/14,13.18%,RPA3;PCNA;POLD2;PRIM2,CNT
prerank,Reactome_2022__Metabolism Of Folate And Pterines R-HSA-196757,0.7246248882526489,1.0364147236483816,0.492622020431328,0.7521153160741524,1.0,3/16,8.39%,MTHFD2L;ALDH1L1;SHMT1,CNT
prerank,Reactome_2022__Glycogen Breakdown (Glycogenolysis) R-HSA-70221,0.7326052074886887,1.0357350898575521,0.5170842824601367,0.7543349752027778,1.0,8/14,16.77%,PYGB;CALM1;GAA;PGM1;PHKG2;PHKG1;GYG1;PHKA1,CNT
prerank,Reactome_2022__Fcgamma Receptor (FCGR) Dependent Phagocytosis R-HSA-2029480,0.6751124563622307,1.0338618442704717,0.46381243628950053,0.7613803410592844,1.0,40/83,15.64%,ARPC3;BRK1;HSP90AB1;ARPC2;PLD3;PLPP5;SYK;HSP90AA1;ARPC5;PLCG2;CYFIP1;GRB2;WASF2;ABI2;ACTR3;ARPC1A;YES1;NF2;MYH9;LYN;WIPF2;NCK1;PTK2;ABI1;WASL;CRK;PRKCE;PLPP4;PIK3R2;WASF3;AHCYL1;ITPR3;ACTG1;NCKIPSD;MAPK3;PLCG1;ELMO2;PRKCD;SRC;PIK3R1,CNT
prerank,Reactome_2022__Transferrin Endocytosis And Recycling R-HSA-917977,0.7002180405163914,1.0333027883323396,0.5141361256544502,0.763043137644838,1.0,13/31,10.97%,ATP6V1G1;ATP6V0E1;ATP6V0C;ATP6V0D1;ATP6V0B;ATP6V0E2;MCOLN1;ATP6V1G3;ATP6V1B2;STEAP2;ATP6V1D;ATP6V1E1;ATP6V1F,CNT
prerank,Reactome_2022__NR1H2 And NR1H3-mediated Signaling R-HSA-9024446,0.6812716021919072,1.0331586743069854,0.4803312629399586,0.7628459979191073,1.0,14/46,12.30%,TBL1X;TBL1XR1;AGO2;KDM1A;GPS2;APOE;NR1H2;APOC1;HDAC3;RXRA;NCOR2;EP300;NRIP1;AGO3,CNT
prerank,Reactome_2022__Signaling By FLT3 ITD And TKD Mutants R-HSA-9703648,0.7177222422710189,1.0331222336719283,0.5108077360637088,0.7621214814778291,1.0,8/15,15.64%,HRAS;GRB2;BCL2L1;PTPN11;SOS1;NRAS;STAT5A;PIK3R1,CNT
prerank,Reactome_2022__Peptide Hormone Metabolism R-HSA-2980736,0.6676328059654333,1.0326316608310229,0.4491869918699187,0.7633255359431769,1.0,30/89,20.44%,SEC11C;EXOC7;SEC11A;GNB1;SLC30A6;SPCS3;EXOC4;ERO1A;SPCS2;CTSD;SPCS1;CTSZ;ERO1B;CLTRN;SLC30A5;POMC;TCF7L2;CTNNB1;AOPEP;C1QTNF1;KIF5B;EXOC5;VAMP2;MYRIP;KCTD11;INHA;DPP4;ANPEP;KIF5A;GNB3,CNT
prerank,Reactome_2022__Negative Regulation Of FGFR3 Signaling R-HSA-5654732,0.6982815894135526,1.0318777517514466,0.5168067226890757,0.7656222302525956,1.0,14/29,15.60%,UBB;RPS27A;UBA52;GRB2;UBC;PPP2R1A;PTPN11;FRS2;PPP2CA;CBL;BRAF;MAPK3;FGFR3;SRC,CNT
prerank,Reactome_2022__Repression Of WNT Target Genes R-HSA-4641265,0.7253713867956004,1.030786767730851,0.5208568207440811,0.7695091531960548,1.0,3/14,4.59%,TLE5;TLE2;TLE3,CNT
prerank,Reactome_2022__Signaling By FGFR4 R-HSA-5654743,0.6906626011991729,1.030786174271028,0.509375,0.7686187914156037,1.0,19/40,15.64%,UBB;RPS27A;UBA52;HRAS;GRB2;UBC;PPP2R1A;PTPN11;FRS2;PPP2CA;SOS1;CBL;SHC1;NRAS;BRAF;MAPK3;PLCG1;SRC;PIK3R1,CNT
prerank,Reactome_2022__Sensory Perception Of Taste R-HSA-9717189,0.6842634702501236,1.0306213346263053,0.48556701030927835,0.7684609748127931,1.0,7/47,13.14%,SCNN1B;GNB1;SCNN1G;SCN3A;SCN2A;SCN1B;ITPR3,CNT
prerank,Reactome_2022__Beta-oxidation Of Very Long Chain Fatty Acids R-HSA-390247,0.7452302283204447,1.0303527156770573,0.5176886792452831,0.7687167895275243,1.0,6/11,15.33%,ECI2;ACAA1;MLYCD;ACOX1;ACOT8;ACOT4,CNT
prerank,Reactome_2022__Presynaptic Phase Of Homologous DNA Pairing And Strand Exchange R-HSA-5693616,0.6852319321908686,1.0301217632611261,0.5005202913631633,0.7687481276175635,1.0,16/39,17.10%,SEM1;RPA3;RRAD;RAD51C;KAT5;MRE11;RFC2;RFC5;WRN;RAD9A;RFC3;TOP3A;RAD51D;HUS1;RAD17;RMI2,CNT
prerank,Reactome_2022__Gamma-carboxylation Of Protein Precursors R-HSA-159740,0.7495982065212862,1.0300876239842962,0.5290628706998813,0.7679943707273732,1.0,3/10,14.80%,GAS6;BGLAP;FAM110A,CNT
prerank,Reactome_2022__Deadenylation Of mRNA R-HSA-429947,0.7031698244953332,1.0298680919203702,0.49891540130151846,0.7680567176091464,1.0,13/25,12.65%,PAIP1;CNOT7;EIF4A1;EIF4E;EIF4B;CNOT4;PARN;CNOT8;EIF4A3;TUT7;CNOT2;EIF4A2;CNOT3,CNT
prerank,Reactome_2022__Signaling By NODAL R-HSA-1181150,0.7118702002158452,1.0298118295808771,0.5119565217391304,0.7673926469119952,1.0,8/21,19.13%,SMAD2;ACVR1B;DRAP1;FURIN;MAPK3;PCSK6;TDGF1;ACVR2B,CNT
prerank,Reactome_2022__Defects In Vitamin And Cofactor Metabolism R-HSA-3296482,0.7119291992907865,1.0296609146123807,0.5221143473570659,0.7671444748503047,1.0,11/21,19.62%,CD320;MTR;MCCC2;MMADHC;TCN2;PCCA;MMAB;MMUT;MMACHC;AMN;ACACA,CNT
prerank,MSigDB_Hallmark_2020__Apical Surface,0.6879803355206364,1.0289273425347634,0.4850361197110423,0.656553993591779,1.0,16/44,14.99%,RHCG;HSPB1;MAL;GSTM3;GATA3;LYN;ATP8B1;DCBLD2;CX3CL1;FLOT2;TMEM8B;EPHB4;GAS1;ATP6V0A4;B4GALT1;PKHD1,CNT
prerank,Reactome_2022__PECAM1 Interactions R-HSA-210990,0.7344171302877777,1.0288015712619127,0.521486643437863,0.7698834024944624,1.0,6/12,15.60%,YES1;PTPN11;LYN;PLCG1;PTPN6;SRC,CNT
prerank,Reactome_2022__Glutathione Synthesis And Recycling R-HSA-174403,0.7372552431624533,1.028606922190368,0.5386444708680143,0.7698217004809761,1.0,2/12,2.86%,CNDP2;GGCT,CNT
prerank,Reactome_2022__RHOB GTPase Cycle R-HSA-9013026,0.6655953571952519,1.0282807173457986,0.5020366598778004,0.7702991658324204,1.0,26/69,16.07%,DIAPH1;JUP;RHOB;PCDH7;ARHGAP1;FLOT1;OPHN1;SNAP23;TJP2;ARHGEF11;STARD13;STOM;FLOT2;PRPF38B;PIK3R2;ARHGEF10L;DHDDS;MYO9A;AKAP13;VAMP3;ARHGAP39;DAAM1;SLK;RACGAP1;PIK3R1;ARHGEF17,CNT
prerank,Reactome_2022__Homologous DNA Pairing And Strand Exchange R-HSA-5693579,0.682333598659449,1.0281624489888652,0.4984423676012461,0.7699159324976642,1.0,17/42,17.10%,SEM1;RPA3;RRAD;RAD51C;KAT5;MRE11;RFC2;RFC5;WRN;RAD9A;RFC3;TOP3A;PALB2;RAD51D;HUS1;RAD17;RMI2,CNT
prerank,Reactome_2022__Constitutive Signaling By AKT1 E17K In Cancer R-HSA-5674400,0.6990334363300137,1.0280693921037347,0.5111821086261981,0.7694123997329225,1.0,16/26,17.85%,BAD;AKT1S1;CDKN1B;RPS6KB2;CREB1;GSK3A;NR4A1;AKT1;TSC2;MLST8;AKT3;RICTOR;CASP9;PRR5;FOXO4;FOXO1,CNT
prerank,"Reactome_2022__Cobalamin (Cbl, Vitamin B12) Transport And Metabolism R-HSA-196741",0.7089636762069292,1.027746921957433,0.5085653104925053,0.7698506553475842,1.0,10/21,18.86%,CD320;MTR;MMADHC;TCN2;MMAB;MMUT;LDLRAP1;MMACHC;LRP2;AMN,CNT
prerank,Reactome_2022__Interleukin-10 Signaling R-HSA-6783783,0.677834889059762,1.0276950525279183,0.5119418483904465,0.7692101755918025,1.0,9/45,21.43%,TYK2;IL18;JAK1;STAT3;IL1R1;IL1R2;TNFRSF1A;TIMP1;CXCL2,CNT
prerank,Reactome_2022__CD28 Dependent Vav1 Pathway R-HSA-389359,0.7377222192926682,1.027049602178026,0.5223160434258143,0.7709783432527628,1.0,2/12,8.85%,GRB2;ARHGEF7,CNT
prerank,Reactome_2022__RHOD GTPase Cycle R-HSA-9013405,0.6763580974976225,1.0263868232482878,0.4824380165289256,0.7728412802735257,1.0,22/51,16.49%,DIAPH1;CAPZB;HINT2;ARHGAP1;RHOD;TMPO;VAPB;ESYT1;ARHGAP12;DBN1;PIK3R2;MOSPD2;ADD3;VAMP3;ARHGAP39;RAB7A;LEMD3;WHAMM;RACGAP1;PIK3R1;ACTN1;DIAPH2,CNT
prerank,Reactome_2022__Physiological Factors R-HSA-5578768,0.7202221950362988,1.0259129419132145,0.5340909090909091,0.77393804100475,1.0,4/14,16.11%,HIPK2;HIPK1;KAT2B;WWTR1,CNT
prerank,Reactome_2022__E2F Mediated Regulation Of DNA Replication R-HSA-113510,0.7062218229932761,1.0255361114061787,0.5288985823336968,0.7746311417931125,1.0,9/22,14.68%,PPP2R1A;TFDP2;TFDP1;ORC5;ORC3;ORC4;PPP2CA;PRIM2;RB1,CNT
prerank,Reactome_2022__Cell Junction Organization R-HSA-446728,0.6658592402316691,1.0249761738940315,0.4883955600403633,0.7760851667373583,1.0,25/85,16.29%,CLDN4;CLDN3;ILK;CLDN7;FLNA;JUP;NECTIN2;RSU1;ITGB1;CD151;CRB3;AFDN;CLDN10;FERMT2;CTNNB1;PLEC;CLDN12;PARD6A;PARVA;SDK1;NECTIN3;ACTN1;PRKCI;PARVB;ANG,CNT
prerank,Reactome_2022__Hyaluronan Uptake And Degradation R-HSA-2160916,0.7210199707821952,1.0244476265566942,0.5386416861826698,0.7774432635217413,1.0,4/12,10.04%,HEXA;HYAL2;HEXB;CHORDC1,CNT
prerank,Reactome_2022__Regulation Of Gene Expression In Late Stage (Branching Morphogenesis) Pancreatic Bud Precursor Cells R-HSA-210744,-0.5527942600371438,-1.0242698760638103,0.3925925925925926,0.8406998158379374,1.0,5/15,4.09%,MAML2;MAML3;MAMLD1;HNF1B;MAML1,CNT
prerank,Reactome_2022__Negative Regulation Of FGFR4 Signaling R-HSA-5654733,0.6940502688478349,1.0242359239537875,0.5395152792413066,0.7774389494684805,1.0,13/31,15.60%,UBB;RPS27A;UBA52;GRB2;UBC;PPP2R1A;PTPN11;FRS2;PPP2CA;CBL;BRAF;MAPK3;SRC,CNT
prerank,Reactome_2022__Role Of LAT2/NTAL/LAB On Calcium Mobilization R-HSA-2730905,0.7297009221369857,1.0233550667172058,0.5421545667447307,0.7802232636172076,1.0,8/13,15.80%,SYK;GRB2;LYN;SOS1;PIK3R2;SHC1;PIK3R1;SLC7A8,CNT
prerank,Reactome_2022__Cell-cell Junction Organization R-HSA-421270,0.6719658789172493,1.0232666132115216,0.5239064089521872,0.7796983867170563,1.0,15/60,16.29%,CLDN4;CLDN3;CLDN7;JUP;NECTIN2;CRB3;AFDN;CLDN10;CTNNB1;CLDN12;PARD6A;SDK1;NECTIN3;PRKCI;ANG,CNT
prerank,Reactome_2022__Signaling By VEGF R-HSA-194138,0.6629987636771213,1.0228557801630276,0.501010101010101,0.7805066580622764,1.0,41/102,15.64%,CYBA;BRK1;HSPB1;JUP;RHOA;HSP90AA1;MAPKAPK2;VEGFB;CYFIP1;HRAS;BCAR1;CALM1;THEM4;AAMP;VEGFC;WASF2;ABI2;SHB;MAPKAPK3;PRKCA;NCK1;ARHGEF7;PTK2;ABI1;MAPK14;CRK;AKT1;PIK3R2;WASF3;AHCYL1;ITPR3;MLST8;CTNNB1;NRAS;AKT3;RICTOR;PLCG1;ELMO2;PRKCD;SRC;PIK3R1,CNT
prerank,Reactome_2022__Vpr-mediated Nuclear Import Of PICs R-HSA-180910,0.6860045506768022,1.0228084723320288,0.5150884495317378,0.7798143474239786,1.0,24/35,18.41%,BANF1;SEC13;NUP88;RANBP2;PSIP1;NUP214;SEH1L;NUP37;POM121C;HMGA1;NUP153;NUP93;NUP54;NUP42;NUP43;NUP85;NUP155;NUP58;NUP160;TPR;NUP205;NUP35;NUP188;NUP62,CNT
prerank,Reactome_2022__Nitric Oxide Stimulates Guanylate Cyclase R-HSA-392154,-0.5348003048775851,-1.0225100548592518,0.3711340206185567,0.8251591887998824,1.0,5/20,2.83%,ITPR1;PDE10A;GUCY1A1;PDE9A;PDE5A,CNT
prerank,Reactome_2022__Defects Of Contact Activation System (CAS) And Kallikrein/Kinin System (KKS) R-HSA-9651496,0.71878478459381,1.0220698695559414,0.5255391600454029,0.7818905662112873,1.0,6/15,20.43%,SERPING1;FAM110A;TPST1;F8;ZNF160;VWF,CNT
prerank,Reactome_2022__Intracellular Signaling By Second Messengers R-HSA-9006925,0.6525407539699111,1.021785875500584,0.447,0.7821308881656975,1.0,125/305,15.17%,IER3;UBB;RPS27A;PSMB6;LAMTOR2;PSMA7;PSME2;PSMB1;RHEB;PSMB3;PSMD8;UBA52;PSMD13;JUN;PSMB8;PSMD9;PSMA5;PSMC4;LAMTOR4;SEM1;MAF1;PHC2;PSMA3;BAD;PSMD2;ERBB2;PSME1;PSMD7;PSMA1;PSMB10;PPP2R5C;PSMC3;AKT1S1;PSMC6;PSMB5;PSMA4;AGO2;CLSTN1;PSMD4;KDM1A;PSMA6;CALM1;RNMT;LAMTOR3;CDKN1B;PSMB7;THEM4;GATAD2B;EGR1;PSMC5;RBBP7;STUB1;GRB2;PSMB2;CHD4;EGFR;PSMA2;CSNK2B;REST;PPP2R5E;LAMTOR5;CSNK2A2;CBX6;ERBB3;UBC;PPP2R1A;PDE1C;LAMTOR1;PIK3R3;CHD3;RPS6KB2;CREB1;PTPN11;HDAC3;HDAC5;PSMD12;PRKCA;PSMD6;GSK3A;TRAF6;FGFR1;RING1;RHOG;PHLPP1;NR4A1;IRAK4;PPP2R5A;RRAGA;PSMD11;FRS2;VAPA;FGFR2;PPP2CA;PSME3;TGFA;PSMF1;PRKCE;MTA1;SOS1;PSMD10;XIAP;AKT1;PSMD3;PIK3R2;TSC2;AGO3;TP53;OTUD3;AHCYL1;ITPR3;SLC38A9;SUZ12;MLST8;FGF7;PIP5K1C;IRS1;AKT3;RICTOR;ADCY9;CASP9;MAPK3;PLCG1;FGFR3;KPNA2;PSMC1,CNT
prerank,Reactome_2022__MAPK Targets/ Nuclear Events Mediated By MAP Kinases R-HSA-450282,0.6883424123296968,1.0216862417931627,0.5031847133757962,0.7816600823593225,1.0,15/30,16.17%,JUN;FOS;MAPKAPK2;DUSP3;PPP2R1A;CREB1;MAPK14;PPP2CA;DUSP6;RPS6KA2;RPS6KA3;VRK3;MAPK7;MAPK3;RPS6KA1,CNT
prerank,Reactome_2022__NS1 Mediated Effects On Host Pathways R-HSA-168276,0.6815528787655252,1.0215034235612073,0.5154639175257731,0.7815288138475217,1.0,26/42,18.41%,SEC13;NUP88;KPNA4;RANBP2;NUP214;SEH1L;NUP37;EIF2AK2;POM121C;NUP153;NUP93;KPNA3;NUP54;NUP42;CPSF4;NUP43;NUP85;NUP155;KPNA2;NUP58;NUP160;TPR;NUP205;NUP35;NUP188;NUP62,CNT
prerank,Reactome_2022__FRS-mediated FGFR1 Signaling R-HSA-5654693,-0.5332237875598874,-1.0206446310506054,0.425,0.8105661075839227,1.0,2/22,0.13%,KL;FGF13,CNT
prerank,"Reactome_2022__Sensory Perception Of Sweet, Bitter, And Umami (Glutamate) Taste R-HSA-9717207",0.6776021000649266,1.0196638231877988,0.5279503105590062,0.7881146293325155,1.0,8/41,20.44%,GNB1;SCN3A;SCN2A;SCN1B;ITPR3;TRPM5;GRM1;GNB3,CNT
prerank,Reactome_2022__Transcriptional Regulation Of Pluripotent Stem Cells R-HSA-452723,-0.5145092372527961,-1.0195131170176395,0.32,0.7949193304737217,1.0,4/30,1.17%,FGF13;PBX1;TSC22D1;FOXP1,CNT
prerank,Reactome_2022__RHOQ GTPase Cycle R-HSA-9013406,0.6673773598131467,1.018842904091507,0.5184426229508197,0.7904308443066147,1.0,23/59,15.08%,JUP;ARHGAP1;OPHN1;SNAP23;CDC42EP4;LAMTOR1;IQGAP1;CDC42BPB;SRGAP2;ARHGEF7;STOM;CDC42EP3;CDC42EP2;PAK4;WASL;OBSCN;RHOQ;CDC42BPA;PLEKHG3;VAMP3;RAB7A;SLC1A5;MPP7,CNT
prerank,Reactome_2022__Transport Of Ribonucleoproteins Into Host Nucleus R-HSA-168271,0.6850265143192691,1.0188100062369312,0.5292887029288703,0.789694493304359,1.0,21/35,18.41%,SEC13;NUP88;RANBP2;NUP214;SEH1L;NUP37;POM121C;NUP153;NUP93;NUP54;NUP42;NUP43;NUP85;NUP155;NUP58;NUP160;TPR;NUP205;NUP35;NUP188;NUP62,CNT
prerank,Reactome_2022__Activation Of AMPK Downstream Of NMDARs R-HSA-9619483,0.7360125215928894,1.0187120015993154,0.5547533092659447,0.7891694065005302,1.0,7/10,17.89%,CALM1;PRKAG1;PRKAA2;PRKAB2;PRKAG2;CAMKK2;PRKAA1,CNT
prerank,Reactome_2022__HuR (ELAVL1) Binds And Stabilizes mRNA R-HSA-450520,0.7378097083034365,1.0182168885220446,0.5501222493887531,0.7902755409571524,1.0,6/10,16.61%,ANP32A;TNFSF13;PRKCA;NUP214;PRKCD;SET,CNT
prerank,Reactome_2022__Endogenous Sterols R-HSA-211976,0.6871051303162445,1.01810772695159,0.5261472785485592,0.7898105740360496,1.0,7/27,14.49%,CYP51A1;FDX1;RXRA;FDX2;POMC;AHR;CYP4V2,CNT
prerank,Reactome_2022__Regulation Of TP53 Activity Thru Acetylation R-HSA-6804758,0.6875036751495464,1.0178173322128876,0.5432230522945571,0.7900464071151002,1.0,13/29,14.37%,BRD7;GATAD2B;RBBP7;MEAF6;CHD4;ING5;CHD3;EP300;AKT1;TP53;KAT6A;PIP4P1;AKT3,CNT
prerank,MSigDB_Hallmark_2020__IL-2/STAT5 Signaling,0.6520750306844425,1.0174777822677008,0.4844221105527638,0.6997766103140926,1.0,64/199,15.25%,AHNAK;CD81;CAPG;IFITM3;GPX4;XBP1;RNH1;SERPINB6;ITGAE;CISH;SYNGR2;PLSCR1;GSTO1;CCND3;MYO1C;GADD45B;RHOB;HUWE1;MAPKAPK2;HIPK2;CYFIP1;DCPS;COL6A1;DHRS3;BCL2L1;TNFSF10;GALM;ARL4A;ALCAM;PNP;SOCS2;TWSG1;SOCS1;SWAP70;GABARAPL1;BMPR2;FURIN;CTSZ;NDRG1;CDKN1C;AMACR;IGF2R;P4HA1;SH3BGRL2;PHTF2;PHLDA1;ODC1;KLF6;SMPDL3A;CD83;NFKBIZ;AHR;POU2F1;PLEC;ABCB1;PTRH2;BCL2;PRAF2;SLC1A5;CASP3;FAM126B;PDCD2L;NFIL3;PLIN2,CNT
prerank,Reactome_2022__Impaired BRCA2 Binding To RAD51 R-HSA-9709570,0.6821717496772695,1.0161961283979015,0.5353748680042238,0.7953956456390443,1.0,14/34,17.10%,SEM1;RPA3;RRAD;KAT5;MRE11;RFC2;RFC5;WRN;RAD9A;RFC3;TOP3A;HUS1;RAD17;RMI2,CNT
prerank,Reactome_2022__Heme Degradation R-HSA-189483,0.7136037255981054,1.0158248745694327,0.5631284916201117,0.7958657041017733,1.0,3/16,9.61%,BLVRB;BLVRA;HMOX2,CNT
prerank,Reactome_2022__tRNA Modification In Nucleus And Cytosol R-HSA-6782315,0.672445128447647,1.0152877199813868,0.5450777202072539,0.7971754467487304,1.0,20/41,18.18%,TRMT112;TYW3;TRMU;TYW5;TRMT13;URM1;OSGEP;TP53RK;TRMT11;LAGE3;TRMT9B;NSUN2;TRMT6;FTSJ1;TRDMT1;TRMT12;TRMT10A;TRMT61A;ADAT1;THADA,CNT
prerank,Reactome_2022__Mitochondrial tRNA Aminoacylation R-HSA-379726,0.703253134180739,1.0151915846010968,0.5393133997785161,0.7966875159043864,1.0,12/18,19.46%,PPA2;IARS2;TARS2;CARS2;FARS2;SARS2;AARS2;DARS2;EARS2;WARS2;MARS2;VARS2,CNT
prerank,Reactome_2022__CREB1 Phosphorylation Thru NMDA Receptor-Mediated Activation Of RAS Signaling R-HSA-442742,0.6926834491233116,1.0150265841274333,0.5618838992332968,0.7965111912016218,1.0,12/27,20.46%,HRAS;CALM1;CREB1;RPS6KA6;RPS6KA2;RPS6KA3;NRAS;MAPK3;RPS6KA1;LRRC7;CAMK2B;LLGL1,CNT
prerank,Reactome_2022__Metabolism Of Steroids R-HSA-8957322,0.6496988758024321,1.0149687958522444,0.5250501002004008,0.795868867908089,1.0,52/153,17.84%,TSPO;SUMO2;RAN;UBE2I;PMVK;TBL1X;CYP51A1;FDX1;SREBF2;INSIG2;HSD17B12;TBL1XR1;SLC27A5;SCAP;OSBPL2;SC5D;LGMN;HMGCR;RXRA;FDX2;MBTPS1;TSPOAP1;MBD4;FDPS;AKR1B1;TM7SF2;AMACR;INSIG1;OSBP;ACOT8;HSD17B1;SEC24B;HSD17B14;NSDHL;NFYB;SMARCD3;POMC;STARD3NL;HMGCS1;ARV1;SQLE;SRD5A3;SEC24A;SRD5A1;CARM1;LDLRAP1;ACOX2;HSD17B11;SEC24D;LRP2;GGPS1;AKR1C3,CNT
prerank,Reactome_2022__GRB2 Events In ERBB2 Signaling R-HSA-1963640,-0.5531261419201695,-1.0145810348160231,0.45901639344262296,0.7876594954006525,1.0,2/15,0.39%,ERBB4;EGF,CNT
prerank,Reactome_2022__Lagging Strand Synthesis R-HSA-69186,0.6907045809991502,1.0145659699253406,0.5397350993377483,0.79661332431788,1.0,8/20,16.54%,RPA3;PCNA;POLD2;RFC2;PRIM2;RFC5;RFC3;LRIG1,CNT
prerank,Reactome_2022__Glycerophospholipid Biosynthesis R-HSA-1483206,0.6493439388055834,1.013373961141777,0.5281124497991968,0.8001950507136878,1.0,37/126,14.04%,AGPAT2;PLD3;PEMT;CDS2;HADHA;PLBD1;STARD10;PTPMT1;SLC44A3;PLAAT4;PLA2G15;PNPLA2;CSNK2B;GPAT4;CSNK2A2;ABHD4;CHKB;LPIN2;AGPAT3;CPNE1;MBOAT1;SLC44A2;CRLS1;CHPT1;LPIN1;OSBPL8;STARD7;PLAAT3;AGPAT1;PTDSS2;CDIPT;LPCAT4;SELENOI;DDHD2;PLA2G4F;ETNK2;DGAT2,CNT
prerank,Reactome_2022__Transcriptional Regulation By MECP2 R-HSA-8986944,0.6659113798448747,1.0133533109135702,0.544799176107106,0.7993839795996811,1.0,17/60,12.30%,PVALB;TBL1X;HIPK2;TBL1XR1;AGO2;CALM1;RNMT;GPS2;GAMT;PTPN1;MECP2;CREB1;HDAC3;PRKCA;NCOR2;NOTCH1;AGO3,CNT
prerank,Reactome_2022__CaMK IV-mediated Phosphorylation Of CREB R-HSA-111932,0.7265946031879329,1.012042356569996,0.5610047846889952,0.8034946370688267,1.0,6/10,20.03%,CALM1;CREB1;KPNA2;CAMKK2;CAMKK1;CAMK2B,CNT
prerank,Reactome_2022__Metabolism Of Vitamins And Cofactors R-HSA-196854,0.6544359547039961,1.011880723644993,0.5050301810865191,0.8032431908866229,1.0,58/185,13.55%,CYB5A;VKORC1;GSTO1;PPCS;LRP10;COQ9;PTS;NAPRT;HSP90AA1;MTHFD2L;AGRN;GSTO2;NAXE;C1D;NFS1;CALM1;CD320;GCHFR;MTR;ALDH1L1;RDH11;APOE;SLC52A3;COASY;QPRT;MOCS2;PDZD11;MCCC2;NADK2;PDXK;CYB5R3;PANK3;VKORC1L1;RFK;SHMT1;MMADHC;TCN2;COQ6;PARP10;COQ5;COQ2;PPCDC;HSPG2;SDC2;PCCA;PARP4;COQ7;SLC25A19;AKT1;COQ3;NADSYN1;GPC3;MMAB;GPC4;LRP12;NMNAT1;FLAD1;RIMBP2,CNT
prerank,Reactome_2022__Downstream Signaling Of Activated FGFR1 R-HSA-5654687,-0.4841751417893588,-1.0106099027501616,0.3870967741935484,0.7789583569173056,1.0,3/30,1.58%,KL;FGF13;PIK3CA,CNT
prerank,Reactome_2022__Carnitine Metabolism R-HSA-200425,0.7316596299296232,1.0105084017121775,0.5677267373380448,0.8075290020280597,1.0,9/11,21.68%,CPT1A;RXRA;CPT2;PRKAA2;PRKAB2;PRKAG2;MID1IP1;SLC25A20;SLC22A5,CNT
prerank,"Reactome_2022__Transport Of Bile Salts And Organic Acids, Metal Ions And Amine Compounds R-HSA-425366",0.6583536624913774,1.0098115405742953,0.5416666666666666,0.8091880092322333,1.0,25/86,16.76%,RHCG;RUNX1;SLC39A4;SLC40A1;SLC44A3;SLC39A3;SLC11A1;SLC39A1;SLC30A1;SLC30A6;SLC11A2;SLC44A2;BSG;SLC30A5;SLC39A7;SLC22A18;SLC6A6;SLC39A10;SLC39A6;SLC22A15;SLC5A3;SLC6A12;SLC44A1;SLC39A14;SLC31A1,CNT
prerank,Reactome_2022__STAT5 Activation Downstream Of FLT3 ITD Mutants R-HSA-9702518,0.7236844589933151,1.0088889157687442,0.5712545676004872,0.8117469598588455,1.0,4/10,14.57%,GRB2;BCL2L1;PTPN11;STAT5A,CNT
prerank,Reactome_2022__Scavenging Of Heme From Plasma R-HSA-2168880,0.7236180304801652,1.0086631932788745,0.5744934445768772,0.8117339389108137,1.0,3/11,18.23%,C1D;APOL1;DLC1,CNT
prerank,Reactome_2022__Signaling By FGFR4 In Disease R-HSA-5655291,0.7329980463798401,1.0081704078074558,0.566150178784267,0.8127549774424302,1.0,7/10,15.64%,HRAS;GRB2;FRS2;SOS1;NRAS;PLCG1;PIK3R1,CNT
prerank,Reactome_2022__Defects In Cobalamin (B12) Metabolism R-HSA-3296469,0.7184734088809668,1.0079592927775443,0.5625,0.812626239013589,1.0,8/13,18.86%,CD320;MTR;MMADHC;TCN2;MMAB;MMUT;MMACHC;AMN,CNT
prerank,Reactome_2022__Diseases Of Glycosylation R-HSA-3781865,0.6434124773726235,1.007658424759674,0.528643216080402,0.8128369344687246,1.0,43/142,14.85%,DPM3;DPM2;CHST3;ALG3;AGRN;THSD7A;DPM1;MUC20;MPDU1;HEXA;B3GAT3;B4GALT7;C1GALT1C1;MUC15;POMGNT1;DAG1;THSD4;SBSPON;C1GALT1;GALNT3;ALG13;GALK1;HEXB;EXT1;HSPG2;B4GAT1;ALG14;SDC2;PGM1;GLB1;ALG8;POMT1;NOTCH1;GFPT1;GPC3;DHDDS;GPC4;NUS1;ALG6;NOTCH2;B4GALT1;SRD5A3;ADAMTS1,CNT
prerank,Reactome_2022__RAB GEFs Exchange GTP For GDP On RABs R-HSA-8876198,0.6520775081548946,1.0074472225117421,0.5542046605876393,0.8127512852869404,1.0,34/88,15.66%,TRAPPC1;TRAPPC5;RAB13;RAB1B;TRAPPC6A;TRAPPC2L;RAB14;RAB5C;RAB9A;TRAPPC4;TRAPPC6B;TRAPPC2;GDI2;RAB3GAP1;DENND6A;TRAPPC3;RAB21;RAB8A;RAB18;RAB8B;MON1B;AKT1;DENND5B;DENND2D;RAB5B;TRAPPC9;RAB3A;TRAPPC12;TRAPPC10;RAB7A;AKT3;TRAPPC8;CCZ1B;GDI1,CNT
prerank,Reactome_2022__Carboxyterminal Post-Translational Modifications Of Tubulin R-HSA-8955332,0.6735705775880574,1.0065140288857515,0.5697916666666667,0.8153830226283569,1.0,17/39,20.63%,TUBB4B;TPGS1;TUBA1A;SVBP;TUBA1C;TPGS2;LRRC49;TUBA1B;AGBL5;TUBB2B;NICN1;TTLL1;TTLL4;TTL;TTLL6;TUBB6;AGBL2,CNT
prerank,Reactome_2022__Apoptotic Cleavage Of Cell Adhesion Proteins R-HSA-351906,0.7195392079135048,1.0063514382399175,0.5742924528301887,0.8151213763115096,1.0,4/11,14.60%,TJP2;OCLN;CTNNB1;CASP3,CNT
prerank,Reactome_2022__Visual Phototransduction R-HSA-2187338,0.6577870076442541,1.0053873301273868,0.5609756097560976,0.8177031547005308,1.0,25/96,14.49%,RNF7;LRP10;METAP1;AGRN;C1D;CALM1;GNB1;RDH11;APOE;DHRS3;GNB5;FNTA;PRKCA;METAP2;HSPG2;SDC2;CAMKMT;NMT2;HSD17B1;NAPEPLD;GPC3;GPC4;LRP12;RIMBP2;CYP4V2,CNT
prerank,Reactome_2022__Assembly Of Active LPL And LIPC Lipase Complexes R-HSA-8963889,0.6939814220196371,1.0044285061807792,0.563457330415755,0.820414032218459,1.0,9/19,24.56%,LMF2;MBTPS1;FURIN;LMF1;PCSK6;MBTPS2;PCSK5;LIPC;ANGPTL8,CNT
prerank,Reactome_2022__Class B/2 (Secretin Family Receptors) R-HSA-373080,0.6566752855595606,1.0043846643091252,0.5481256332320162,0.8196740874369114,1.0,14/92,14.09%,GNG5;ADM;GNAS;GNB2;GNB1;GNG10;CD55;GNB5;GNG11;FZD8;GNG7;GNG12;PTRH2;C1QTNF1,CNT
prerank,Reactome_2022__Signal Regulatory Protein Family Interactions R-HSA-391160,0.7139340139574863,1.0043808407279176,0.5706018518518519,0.8188035178812673,1.0,6/13,16.13%,GRB2;PTPN11;PTK2;PTPN6;SRC;SKAP2,CNT
prerank,Reactome_2022__G Alpha (12/13) Signaling Events R-HSA-416482,0.6550161787273661,1.0037092495261726,0.5692464358452138,0.8203822261377413,1.0,21/78,13.35%,GNG5;RHOC;RHOA;RHOB;GNB2;GNB1;GNG10;GNB5;GNG11;SOS2;ARHGEF11;ARHGEF7;ARHGEF19;SOS1;PRPF38B;OBSCN;GNG7;ARHGEF10L;AKAP13;ARHGEF37;GNG12,CNT
prerank,Reactome_2022__Caspase-mediated Cleavage Of Cytoskeletal Proteins R-HSA-264870,0.7212413362491468,1.0035925854187908,0.58274231678487,0.8199238660498848,1.0,8/12,20.18%,GSN;ADD1;SPTAN1;DBNL;PLEC;CASP3;VIM;CASP8,CNT
prerank,Reactome_2022__Signaling By ERBB2 ECD Mutants R-HSA-9665348,0.7033255350900313,1.0035848477325315,0.5779294653014789,0.819066739714856,1.0,11/15,15.64%,ERBB2;HSP90AA1;HRAS;CDC37;GRB2;EGFR;SOS1;SHC1;NRAS;PLCG1;PIK3R1,CNT
prerank,Reactome_2022__Processive Synthesis On Lagging Strand R-HSA-69183,0.6974509568537228,1.0023192955853422,0.5735461801596351,0.8227041407766641,1.0,5/15,16.54%,RPA3;PCNA;POLD2;PRIM2;LRIG1,CNT
prerank,Reactome_2022__RHO GTPases Activate IQGAPs R-HSA-5626467,0.7204719844176696,1.0019042861263667,0.5812274368231047,0.8232523227102421,1.0,4/11,13.73%,IQGAP2;CALM1;IQGAP1;CTNNB1,CNT
prerank,Reactome_2022__SUMOylation Of Transcription Cofactors R-HSA-3899300,0.6597473879648853,1.0018945447108458,0.5815160955347871,0.822395467173457,1.0,17/42,10.59%,SUMO1;NPM1;PARK7;SUMO2;UBE2I;PHC2;HIPK2;TRIM28;DDX5;TOPORS;SAFB;RING1;PCGF2;NCOR2;ZNF350;EP300;NRIP1,CNT
prerank,Reactome_2022__Insulin Receptor Recycling R-HSA-77387,0.6829643309459605,1.001597908776979,0.5679405520169851,0.8226141777037971,1.0,11/26,10.97%,ATP6V1G1;ATP6V0E1;ATP6V0C;ATP6V0D1;ATP6V0B;ATP6V0E2;ATP6V1G3;ATP6V1B2;ATP6V1D;ATP6V1E1;ATP6V1F,CNT
prerank,Reactome_2022__EML4 And NUDC In Mitotic Spindle Formation R-HSA-9648025,0.6490899825311977,1.0008425302608865,0.5800604229607251,0.8244185220067183,1.0,34/95,16.81%,ITGB3BP;RPS27;PPP2R5C;DYNLL2;SKA2;PPP2R5E;SEC13;PPP2R1A;RANBP2;NUDC;TAOK1;SEH1L;NUP37;PAFAH1B1;CENPT;RCC2;PPP2R5A;AHCTF1;NDEL1;PPP2CA;BUB3;DYNC1LI1;MAD1L1;DYNC1LI2;NUP43;B9D2;CLASP2;NUP85;ZWINT;NEK7;DYNLL1;NUP160;PPP2R5B;RANGAP1,CNT
prerank,Reactome_2022__VEGFA-VEGFR2 Pathway R-HSA-4420097,0.651406763420233,1.0005382211799199,0.5756345177664974,0.8245707402837475,1.0,38/93,15.64%,CYBA;BRK1;HSPB1;JUP;RHOA;HSP90AA1;MAPKAPK2;CYFIP1;HRAS;BCAR1;CALM1;THEM4;WASF2;ABI2;SHB;MAPKAPK3;PRKCA;NCK1;ARHGEF7;PTK2;ABI1;MAPK14;CRK;AKT1;PIK3R2;WASF3;AHCYL1;ITPR3;MLST8;CTNNB1;NRAS;AKT3;RICTOR;PLCG1;ELMO2;PRKCD;SRC;PIK3R1,CNT
prerank,Reactome_2022__MET Promotes Cell Motility R-HSA-8875878,0.6756064562300795,1.0003082444252003,0.5671641791044776,0.824482632125417,1.0,14/28,15.60%,RNMT;ITGB1;GRB2;RAP1B;ITGA3;LAMB1;PTK2;RAP1A;CRK;SOS1;CRKL;RAPGEF1;LMNB2;SRC,CNT
prerank,Reactome_2022__STING Mediated Induction Of Host Immune Responses R-HSA-1834941,0.703052066185076,1.0001474280262894,0.5694603903559128,0.8241506497612894,1.0,5/15,14.50%,XRCC6;MRE11;IRF3;DDX41;TBK1,CNT
prerank,Reactome_2022__RAF Activation R-HSA-5673000,0.6777376011743697,1.0000089053394037,0.5932560590094836,0.8237470999819186,1.0,17/31,18.23%,PPP2R5C;HRAS;CALM1;ARAF;PPP2R5E;MAP2K2;PPP2R1A;MRAS;PPP2R5A;MAP2K1;PPP2CA;NRAS;BRAF;SRC;PPP2R5B;MAP3K11;PPP2R5D,CNT
prerank,Reactome_2022__Expression And Translocation Of Olfactory Receptors R-HSA-9752946,-0.30928421099759607,-1.0,1.0,0.7859914327934578,1.0,12/377,17.91%,OR2A7;REEP1;LDB2;OR10G4;OR8D4;OR9Q1;OR9I1;OR51I1;OR52N5;OR2T11;OR2T10;OR2F1,CNT
prerank,Reactome_2022__Interleukin-35 Signaling R-HSA-8984722,0.7141938641595653,0.9998754285527914,0.5692124105011933,0.8233347139381747,1.0,4/12,10.37%,TYK2;IL6ST;JAK1;STAT3,CNT
prerank,Reactome_2022__EPH-ephrin Mediated Repulsion Of Cells R-HSA-3928665,0.6619976810051931,0.9997864187596092,0.579002079002079,0.8227897262598122,1.0,11/49,7.26%,CLTA;CLTB;AP2A2;AP2M1;APH1A;PSEN1;AP2S1;PSENEN;NCSTN;YES1;LYN,CNT
prerank,Reactome_2022__Transcriptional Regulation Of White Adipocyte Differentiation R-HSA-381340,0.6517097793285452,0.9996200754733161,0.5686673448626653,0.8224706422734399,1.0,30/84,13.11%,ADIRF;CEBPD;TBL1X;MED21;CCND3;SREBF2;CCNC;TBL1XR1;CDK4;THRAP3;RELA;MED11;MED6;HDAC3;RXRA;MED8;MED25;MBD4;NR2F2;MED31;MED29;MED10;NCOR2;MED30;EP300;MED15;MED16;SMARCD3;MED12;MED28,CNT
prerank,Reactome_2022__Unattached Kinetochores Signal Amplification Via A MAD2 Inhibitory Signal R-HSA-141444,0.6497806078634598,0.9995808794680117,0.5770392749244713,0.8217225683813564,1.0,33/91,16.81%,ITGB3BP;RPS27;PPP2R5C;DYNLL2;SKA2;PPP2R5E;SEC13;PPP2R1A;RANBP2;NUDC;TAOK1;SEH1L;NUP37;PAFAH1B1;CENPT;RCC2;PPP2R5A;AHCTF1;NDEL1;PPP2CA;BUB3;DYNC1LI1;MAD1L1;DYNC1LI2;NUP43;B9D2;CLASP2;NUP85;ZWINT;DYNLL1;NUP160;PPP2R5B;RANGAP1,CNT
prerank,Reactome_2022__Sensory Processing Of Sound R-HSA-9659379,0.649328385580032,0.9993415042240236,0.5924024640657084,0.8217046742452312,1.0,24/75,15.12%,CAPZB;CAPZA2;MSN;EPS8L2;EPS8;GSN;TRIOBP;CACNA2D2;TWF1;SPTAN1;MYH9;PLS1;DNAJC5;CASK;ATP2B1;EZR;TWF2;EPB41L1;SYP;CAPZA1;WHRN;RAB3A;CACNB2;CIB2,CNT
prerank,Reactome_2022__Azathioprine ADME R-HSA-9748787,0.6858801888466137,0.9985055747099995,0.590465872156013,0.8236805349913029,1.0,7/21,8.93%,GUK1;NME2;HPRT1;TPMT;NUDT15;IMPDH2;GMPS,CNT
prerank,"Reactome_2022__Glutamate Binding, Activation Of AMPA Receptors And Synaptic Plasticity R-HSA-399721",0.6684134352002024,0.998419779831948,0.584051724137931,0.8230995258111246,1.0,7/31,13.58%,AP2A2;AP2M1;AP2S1;PRKCA;EPB41L1;AP2A1;PICK1,CNT
prerank,Reactome_2022__Signaling By PDGFRA Extracellular Domain Mutants R-HSA-9673770,0.7191634562788787,0.9983602624028829,0.5712589073634204,0.822435249112067,1.0,7/11,15.64%,HRAS;GRB2;STAT3;SOS1;PIK3R2;NRAS;PIK3R1,CNT
prerank,Reactome_2022__Biotin Transport And Metabolism R-HSA-196780,0.7162690844994138,0.9981179213826279,0.5936395759717314,0.822399580090599,1.0,5/11,19.62%,PDZD11;MCCC2;PCCA;SLC5A6;ACACA,CNT
prerank,Reactome_2022__Defective HDR Thru Homologous Recombination (HRR) Due To BRCA1 Loss-Of-Function R-HSA-9701192,0.6824566153681015,0.9980557663429039,0.5766345123258306,0.8217577296712948,1.0,9/25,17.10%,SEM1;RAD51C;KAT5;MRE11;WRN;TOP3A;PALB2;RAD51D;RMI2,CNT
prerank,Reactome_2022__Chromatin Modifying Enzymes R-HSA-3247509,0.6386012247876672,0.9979418305681901,0.5871743486973948,0.8212633091087241,1.0,104/204,17.88%,ENY2;SAP18;TAF10;RPS2;DPY30;TBL1X;COPRS;KAT7;MCRS1;TBL1XR1;KDELR2;HAT1;DMAP1;KDM1A;PRMT1;MORF4L1;CDK4;GATAD2B;SMARCA2;GPS2;RIOX2;KDM2A;KDM6A;RBBP7;MEAF6;SMARCB1;RELA;JADE1;TAF9;CHD4;ING5;ELP5;HCFC1;KAT5;SMARCE1;REST;PRDM16;BRWD1;HMG20B;MORF4L2;KDM3B;CHD3;RUVBL1;HDAC3;ARID1A;SETD3;KDM4B;PRMT6;EHMT2;TAF12;TADA2B;KAT6B;EPC1;TADA3;SMARCD1;SAP30L;YEATS4;TRRAP;ARID4B;NCOR2;CLOCK;RBBP5;MRGBP;SUDS3;EP300;KDM5B;MTA1;PRMT7;KMT2C;JADE3;MSL1;ING4;KAT6A;SMARCD3;KAT2B;KMT2B;TADA2A;SMARCC2;TAF6L;SUZ12;ACTL6A;BRD8;KAT8;KAT14;KANSL3;SETD6;SGF29;YEATS2;PHF21A;CARM1;PRMT3;PHF8;RUVBL2;ATXN7L3;NFKB2;NSD2;TAF5L;JMJD6;ELP6;WDR77;SETDB1;NCOR1;NSD1;SMARCD2,CNT
prerank,Reactome_2022__Signaling By NTRK3 (TRKC) R-HSA-9034015,0.6939210713527754,0.996994889539099,0.5775764439411099,0.8236275946792198,1.0,12/16,15.64%,HRAS;BAX;GRB2;NELFB;SOS1;SHC1;IRS1;NRAS;PTPRU;PLCG1;SRC;PIK3R1,CNT
prerank,Reactome_2022__RHOJ GTPase Cycle R-HSA-9013409,0.6522949096613672,0.9943235292996626,0.5849639546858908,0.8317249147346024,1.0,25/54,18.85%,JUP;ARHGAP1;OPHN1;TMPO;SNAP23;LAMTOR1;NIPSNAP2;CDC42BPB;WIPF2;ARHGEF7;STOM;PAK4;WASL;PIK3R2;CDC42BPA;VAMP3;RAB7A;SLC1A5;MPP7;PIK3R1;FNBP1L;TRIO;ARL13B;SYDE1;DOCK8,CNT
prerank,Reactome_2022__Transcription Of E2F Targets Under Negative Control By DREAM Complex R-HSA-1362277,0.6886205138128088,0.9935805549622801,0.5942028985507246,0.8333823381637918,1.0,7/19,13.82%,PCNA;MAX;TFDP2;TFDP1;LIN37;LIN54;E2F4,CNT
prerank,Reactome_2022__Dopamine Neurotransmitter Release Cycle R-HSA-212676,0.6731687735416392,0.9934198514212489,0.5920770877944326,0.8330487024420167,1.0,9/23,18.23%,PPFIA1;LIN7C;CASK;TSPOAP1;LIN7A;RAB3A;SYN2;APBA1;VAMP2,CNT
prerank,Reactome_2022__G0 And Early G1 R-HSA-1538133,0.6759581078245752,0.992591796654649,0.5923159018143009,0.8349176146273011,1.0,8/27,13.82%,PCNA;MAX;TFDP2;TFDP1;LIN37;DYRK1A;LIN54;E2F4,CNT
prerank,Reactome_2022__Removal Of Flap Intermediate From C-strand R-HSA-174437,0.6882944863319803,0.9915194951847984,0.5741360089186176,0.8375178973344343,1.0,6/17,13.75%,RPA3;PCNA;TERF2IP;POLD2;TINF2;WRN,CNT
prerank,Reactome_2022__Ketone Body Metabolism R-HSA-74182,0.7160521969515236,0.9911534100511291,0.6024390243902439,0.8378826874082876,1.0,6/10,14.64%,BDH2;HMGCS2;BDH1;HMGCL;SOAT1;AACS,CNT
prerank,Reactome_2022__Sensory Processing Of Sound By Inner Hair Cells Of Cochlea R-HSA-9662360,0.6486784883415462,0.9907206689629844,0.5995872033023736,0.8383905033880743,1.0,23/67,15.12%,CAPZB;CAPZA2;MSN;EPS8L2;EPS8;TRIOBP;CACNA2D2;TWF1;SPTAN1;MYH9;PLS1;DNAJC5;CASK;ATP2B1;EZR;TWF2;EPB41L1;SYP;CAPZA1;WHRN;RAB3A;CACNB2;CIB2,CNT
prerank,Reactome_2022__N-glycan Antennae Elongation In medial/trans-Golgi R-HSA-975576,0.6661808464515313,0.9903504930165336,0.5786096256684492,0.8387451663624615,1.0,10/26,16.76%,FUCA1;MGAT4A;MGAT4B;ST6GAL1;B4GALT3;MGAT5;B4GALT1;MAN2A1;MAN2A2;B4GALT4,CNT
prerank,Reactome_2022__Nicotinamide Salvaging R-HSA-197264,0.6843335310006713,0.9902405538426375,0.6013143483023001,0.8382318178433984,1.0,5/19,15.28%,NAPRT;NAXE;PARP10;PARP4;PARP14,CNT
prerank,Reactome_2022__AKT Phosphorylates Targets In Cytosol R-HSA-198323,0.6970634595678075,0.9902213626278086,0.5895096921322691,0.8374244305724369,1.0,8/14,14.60%,BAD;AKT1S1;CDKN1B;GSK3A;AKT1;TSC2;AKT3;CASP9,CNT
prerank,Reactome_2022__Estrogen-dependent Nuclear Events Downstream Of ESR-membrane Signaling R-HSA-9634638,0.6790036993218975,0.9900384128449603,0.6025641025641025,0.837126212090945,1.0,11/24,14.78%,FOS;CDKN1B;EGFR;CREB1;PTK2;TGFA;AKT1;BCL2;SRF;AKT3;MAPK3,CNT
prerank,Reactome_2022__Uptake And Function Of Anthrax Toxins R-HSA-5210891,0.7128830693336358,0.9898745498848256,0.585480093676815,0.8368159942833631,1.0,5/11,13.86%,CALM1;MAP2K2;FURIN;MAP2K1;MAP2K7,CNT
prerank,Reactome_2022__Interaction With Cumulus Cells And Zona Pellucida R-HSA-2534343,0.725712412938561,0.9895011065650264,0.6066584463625154,0.8371672981395858,1.0,1/10,14.14%,B4GALT1,CNT
prerank,Reactome_2022__Interleukin-27 Signaling R-HSA-9020956,0.7143317308299777,0.9893189103017473,0.6004842615012107,0.8368818236012122,1.0,4/11,10.37%,TYK2;IL6ST;JAK1;STAT3,CNT
prerank,Reactome_2022__Peptide Hormone Biosynthesis R-HSA-209952,0.7037360955478422,0.9884958604478875,0.5997666277712952,0.8386341623585865,1.0,5/12,29.63%,POMC;INHA;PCSK1;INHBC;LHB,CNT
prerank,"Reactome_2022__Adrenaline,noradrenaline Inhibits Insulin Secretion R-HSA-400042",0.6719875316338166,0.9884089143970476,0.616118769883351,0.8380607690222839,1.0,7/28,5.67%,GNG5;GNB2;GNB1;GNG10;CACNA2D2;GNB5;GNG11,CNT
prerank,Reactome_2022__ATF6 (ATF6-alpha) Activates Chaperones R-HSA-381033,0.7108124501487052,0.9876628380911517,0.6170731707317073,0.8396188659410633,1.0,5/11,12.05%,DDIT3;ATF6;ATF4;MBTPS1;NFYB,CNT
prerank,Reactome_2022__Metabolism Of Water-Soluble Vitamins And Cofactors R-HSA-196849,0.6407027210700124,0.9873680894339448,0.6167002012072434,0.8396947298596196,1.0,45/121,18.02%,CYB5A;GSTO1;PPCS;NAPRT;MTHFD2L;GSTO2;NAXE;NFS1;CD320;MTR;ALDH1L1;SLC52A3;COASY;QPRT;MOCS2;PDZD11;MCCC2;NADK2;PDXK;CYB5R3;PANK3;RFK;SHMT1;MMADHC;TCN2;PARP10;PPCDC;PCCA;PARP4;SLC25A19;NADSYN1;MMAB;NMNAT1;FLAD1;MMUT;SLC52A2;PARP14;NMNAT3;LDLRAP1;SLC5A6;MMACHC;MOCS3;LRP2;SLC19A2;SLC25A32,CNT
prerank,Reactome_2022__Signaling By NOTCH3 R-HSA-9012852,0.6500184045254225,0.9864641584662294,0.6020618556701031,0.8416488631626466,1.0,17/48,12.43%,UBB;RPS27A;UBA52;APH1A;PSEN1;YBX1;JAG1;EGFR;PSENEN;NCSTN;UBC;RBPJ;SNW1;EP300;NOTCH1;WWC1;KAT2B,CNT
prerank,Reactome_2022__Metabolism Of Angiotensinogen To Angiotensins R-HSA-2022377,0.6760366440782044,0.9852794184177674,0.5919732441471572,0.8445596228031289,1.0,8/18,24.76%,CTSD;CTSZ;AOPEP;KCTD11;ANPEP;CES1;MMP12;ACE2,CNT
prerank,Reactome_2022__Regulation Of Cholesterol Biosynthesis By SREBP (SREBF) R-HSA-1655829,0.6444204313679374,0.9852058407807001,0.595679012345679,0.8439163823138586,1.0,21/55,13.52%,RAN;PMVK;TBL1X;CYP51A1;SREBF2;INSIG2;TBL1XR1;SCAP;SC5D;HMGCR;RXRA;MBTPS1;MBD4;FDPS;TM7SF2;INSIG1;SEC24B;NFYB;SMARCD3;HMGCS1;SQLE,CNT
prerank,Reactome_2022__Prolactin Receptor Signaling R-HSA-1170546,0.6840322488624963,0.984128797741739,0.6061293984108967,0.8463482993459877,1.0,7/15,15.52%,SKP1;RBX1;PTPN11;PRLR;SH2B1;STAT5A;CUL1,CNT
prerank,Reactome_2022__Acyl Chain Remodelling Of PG R-HSA-1482925,0.6845227257620934,0.983891033222418,0.6158129175946548,0.8462577384354646,1.0,5/18,19.44%,CRLS1;LPCAT4;PLA2G4F;LPCAT1;PLA2R1,CNT
prerank,Reactome_2022__Cell-Cell Communication R-HSA-1500931,0.6357508666672906,0.982797789522777,0.607645875251509,0.8490042549208651,1.0,40/119,16.29%,CLDN4;CLDN3;ILK;CLDN7;FLNA;JUP;NECTIN2;RSU1;ITGB1;GRB2;CD151;IQGAP1;CRB3;PTPN11;SPTAN1;AFDN;CD2AP;CASK;NCK1;PTK2;WASL;CLDN10;PIK3R2;FERMT2;CTNNB1;PLEC;CLDN12;PARD6A;PARVA;PTPN6;SDK1;NECTIN3;SRC;PIK3R1;ACTN1;KIRREL1;PRKCI;PARVB;SKAP2;ANG,CNT
prerank,Reactome_2022__Oncogenic MAPK Signaling R-HSA-6802957,0.6412333720147925,0.9825755073360697,0.6180698151950719,0.848780397059801,1.0,29/77,15.86%,PEBP1;TLN1;HRAS;SND1;CALM1;AGGF1;AGTRAP;RAP1B;ARAF;MAP2K2;LMNA;AKAP9;VCL;IQGAP1;MRAS;PAPSS1;MAP2K1;DUSP16;RAP1A;DUSP6;DUSP9;NRAS;BRAF;ESRP1;BCL2L11;MAPK3;TENT4A;SRC;CSK,CNT
prerank,Reactome_2022__Antigen Activates B Cell Receptor Leading To Second Messenger Generation R-HSA-983695,0.658705641506468,0.9813318430056533,0.617740232312566,0.8518814988860658,1.0,13/30,16.21%,SYK;PLCG2;CLSTN1;CALM1;GRB2;LYN;NCK1;SOS1;AHCYL1;ITPR3;PTPN6;PIK3R1;STIM1,CNT
prerank,Reactome_2022__Alpha-Linolenic (Omega3) And Linoleic (Omega6) Acid Metabolism R-HSA-2046104,0.6954090943336536,0.9812524324903336,0.6166281755196305,0.8512305612406953,1.0,4/13,10.93%,ACAA1;ELOVL1;ACOX1;ACOT8,CNT
prerank,Reactome_2022__Ephrin Signaling R-HSA-3928664,0.6880777479323047,0.9812056475975754,0.6167597765363129,0.8505064739862912,1.0,8/18,21.26%,MYL12A;SDCBP;ARHGEF7;EPHB4;SRC;EPHB6;EFNB2;EFNB1,CNT
prerank,Reactome_2022__ERKs Are Inactivated R-HSA-202670,0.6987490917397693,0.978933793031908,0.6226851851851852,0.8565385132686539,1.0,8/13,18.23%,DUSP3;PPP2R1A;PPP2CA;DUSP6;VRK3;MAPK7;MAPK3;PPP2R5D,CNT
prerank,Reactome_2022__Constitutive Signaling By EGFRvIII R-HSA-5637810,0.6907649278987986,0.9786124660161886,0.6202964652223489,0.8566632330574077,1.0,11/14,15.64%,HSP90AA1;HRAS;CDC37;GRB2;EGFR;SOS1;CBL;SHC1;NRAS;PLCG1;PIK3R1,CNT
prerank,Reactome_2022__DAP12 Signaling R-HSA-2424491,0.6679252353564785,0.978487900355418,0.611170784103115,0.8561596125427433,1.0,12/28,15.64%,B2M;HLA-E;SYK;PLCG2;HRAS;GRB2;SOS1;PIK3R2;SHC1;NRAS;PLCG1;PIK3R1,CNT
prerank,Reactome_2022__Interleukin-21 Signaling R-HSA-9020958,0.7084979279395996,0.9784138793162692,0.5977722772277227,0.8555076295189971,1.0,3/10,14.57%,JAK1;STAT3;STAT5A,CNT
prerank,Reactome_2022__Resolution Of D-loop Structures Thru Synthesis-Dependent Strand Annealing (SDSA) R-HSA-5693554,0.6628779886793525,0.9777448730972722,0.6208732694355698,0.8566468148277693,1.0,9/27,17.10%,SEM1;RAD51C;KAT5;MRE11;WRN;TOP3A;PALB2;RAD51D;RMI2,CNT
prerank,Reactome_2022__Constitutive Signaling By Aberrant PI3K In Cancer R-HSA-2219530,-0.46879253429754325,-0.97752813405202,0.42105263157894735,0.8204034013533442,1.0,6/78,1.58%,ERBB4;KL;FGF13;EGF;KITLG;PIK3CA,CNT
prerank,Reactome_2022__MET Activates PTK2 Signaling R-HSA-8874081,0.6733227877477567,0.9768302399587463,0.60734149054505,0.8584735895946563,1.0,8/17,15.60%,RNMT;ITGB1;ITGA3;LAMB1;PTK2;SOS1;LMNB2;SRC,CNT
prerank,Reactome_2022__Leading Strand Synthesis R-HSA-69109,0.68425519028151,0.9764666851144402,0.6185446009389671,0.8587004718534061,1.0,6/14,13.82%,PCNA;POLD2;RFC2;PRIM2;RFC5;RFC3,CNT
prerank,Reactome_2022__SARS-CoV-2 Targets Host Intracellular Signaling And Regulatory Pathways R-HSA-9755779,0.6916712443042162,0.9759330551004011,0.629757785467128,0.8594142865808102,1.0,6/13,14.37%,YWHAH;REXO2;YWHAQ;AKT1;YWHAG;AKT3,CNT
prerank,Reactome_2022__Degradation Of Extracellular Matrix R-HSA-1474228,0.6316470004702278,0.975521227147529,0.6582661290322581,0.8597883839573617,1.0,18/109,11.37%,CAPNS1;PSEN1;CAPN2;CAPN1;CTSB;NCSTN;MMP14;LAMB1;COL12A1;COL18A1;TIMP2;ADAM9;CTSD;FURIN;HSPG2;BSG;CAPN7;PHYKPL,CNT
prerank,Reactome_2022__TNFR1-induced Proapoptotic Signaling R-HSA-5357786,0.6980865364660664,0.9753211133084858,0.6580188679245284,0.8595032837242476,1.0,9/13,22.23%,RIPK1;FADD;TANK;TRADD;USP25;OTUD7B;TNFRSF1A;CASP8;TNFAIP3,CNT
prerank,Reactome_2022__TP53 Regulates Transcription Of Additional Cell Cycle Genes With Uncertain Roles In P53 Pathway R-HSA-6804115,0.6732588283637057,0.9749655247472941,0.6204620462046204,0.8596596622090168,1.0,8/21,12.65%,NPM1;CNOT7;BTG2;CNOT4;CNOT8;CNOT2;TP53;CNOT3,CNT
prerank,Reactome_2022__Transcriptional Activation Of Mitochondrial Biogenesis R-HSA-2151201,0.6386851119423067,0.9749513856288079,0.6144329896907217,0.8588295571499839,1.0,27/52,16.04%,SSBP1;TBL1X;TBL1XR1;CALM1;HCFC1;SIRT5;ATP5F1B;CREB1;TFAM;HDAC3;RXRA;MBD4;POLRMT;POLG2;TFB1M;CRTC2;MEF2D;ACSS2;TFB2M;SMARCD3;NR1D1;NRF1;CYCS;IDH2;CRTC3;SIRT3;CARM1,CNT
prerank,Reactome_2022__SUMO E3 Ligases SUMOylate Target Proteins R-HSA-3108232,0.6210943144521798,0.9745896082038673,0.6633266533066132,0.8590332623897022,1.0,85/166,18.72%,SUMO1;NPM1;PARK7;SUMO2;UBE2I;TOP1;NFKBIA;PHC2;HIPK2;THRA;CETN2;RAD21;TRIM28;PCNA;NR1H2;RELA;DDX5;NSMCE1;TOP2B;TOPORS;PARP1;SEC13;CBX5;NUP88;CHD3;SP100;RANBP2;SAFB;NSMCE3;NOP58;RXRA;RING1;NUP214;SEH1L;NUP37;POM121C;NUP153;PCGF2;NUP93;NCOR2;NSMCE4A;ZNF350;EP300;HNRNPK;NRIP1;SMC5;MTA1;DNMT1;NUP54;ZBED1;XPC;NUP42;TP53;NUP43;SUZ12;STAG2;WRN;NUP85;PIAS1;NUP155;SMC3;PIAS2;SATB1;NUP58;RAD52;NUP160;TFAP2B;TDG;TPR;NFKB2;NUP205;RANGAP1;HDAC4;DAXX;RARA;NUP35;HNRNPC;NUP188;NUP62;PMEPA1;SIN3A;TRIM27;NR2C1;MDC1;CBX8,CNT
prerank,Reactome_2022__Cytosolic Iron-Sulfur Cluster Assembly R-HSA-2564830,0.6976482230424289,0.974448527903071,0.640279394644936,0.8585705820343923,1.0,7/12,17.70%,NUBP2;CIAO2B;CIAO3;CIAO1;MMS19;ERCC2;NDOR1,CNT
prerank,Reactome_2022__CD28 Dependent PI3K/Akt Signaling R-HSA-389357,0.6640189717409296,0.9742629447134112,0.6221248630887185,0.8582728692404041,1.0,10/23,16.58%,THEM4;PIK3R3;AKT1;PIK3R2;MLST8;AKT3;RICTOR;PIK3R1;PRR5;MAP3K8,CNT
prerank,Reactome_2022__Signaling By Hippo R-HSA-2028269,0.6691320194308151,0.9742079961823693,0.6179401993355482,0.8575452238571224,1.0,11/20,16.11%,MOB1A;AMOTL2;MOB1B;TJP2;LATS2;DVL2;STK4;STK24;WWC1;CASP3;WWTR1,CNT
prerank,Reactome_2022__Collagen Degradation R-HSA-1442490,0.6489888942961765,0.9731281375207891,0.6538060479666319,0.8598866812947412,1.0,8/40,11.37%,CTSB;MMP14;COL12A1;COL18A1;ADAM9;CTSD;FURIN;PHYKPL,CNT
prerank,MSigDB_Hallmark_2020__Estrogen Response Late,0.6220257551578464,0.9730402541915267,0.6546184738955824,0.8894780818401752,1.0,67/200,15.76%,ETFB;XBP1;TST;IMPA2;ZFP36;CISH;FOS;BAG1;COX6C;PDCD4;BLVRB;LSR;TOB1;HPRT1;ALDH3A2;BTG3;HMGCS2;CACNA2D2;IL6ST;PERP;CDH1;DCXR;ST14;KRT19;FKBP4;DNAJC1;MOCS2;RABEP1;JAK1;UGDH;FLNB;DYNLT3;AMFR;CELSR2;CKB;SEMA3B;PRLR;ID2;CHPT1;NCOR2;PRSS23;NRIP1;PLAAT3;RPS6KA2;NXT1;PPIF;PDZK1;SIAH2;OVOL2;WFS1;ADD3;SLC2A8;IDH2;ANXA9;ITPK1;ABCA3;CD9;MEST;NBL1;BCL2;FAM102A;FGFR3;PTPN6;MYOF;GLA;SLC26A2;TJP3,CNT
prerank,Reactome_2022__Resolution Of Sister Chromatid Cohesion R-HSA-2500257,0.6324473134436097,0.972537146998979,0.6424974823766365,0.8608054224876421,1.0,39/104,18.45%,ITGB3BP;RPS27;PPP2R5C;DYNLL2;RAD21;SKA2;PPP2R5E;SEC13;PPP2R1A;RANBP2;NUDC;TAOK1;SEH1L;NUP37;PAFAH1B1;CENPT;RCC2;PPP2R5A;AHCTF1;NDEL1;PPP2CA;BUB3;DYNC1LI1;MAD1L1;DYNC1LI2;NUP43;B9D2;CLASP2;STAG2;NUP85;ZWINT;SMC3;DYNLL1;NUP160;PPP2R5B;RANGAP1;WAPL;PPP2R5D;PMEPA1,CNT
prerank,Reactome_2022__SUMOylation R-HSA-2990846,0.6187628235053619,0.972083790250743,0.6733466933867736,0.8612768452785899,1.0,88/172,18.72%,SUMO1;NPM1;PARK7;SUMO2;UBE2I;TOP1;NFKBIA;PHC2;HIPK2;THRA;CETN2;RAD21;TRIM28;PCNA;NR1H2;RELA;DDX5;NSMCE1;TOP2B;TOPORS;PARP1;SEC13;CBX5;NUP88;CHD3;SP100;RANBP2;SAFB;NSMCE3;NOP58;UBA2;RXRA;RING1;NUP214;SEH1L;NUP37;POM121C;NUP153;PCGF2;NUP93;NCOR2;NSMCE4A;ZNF350;EP300;HNRNPK;NRIP1;SMC5;MTA1;DNMT1;NUP54;ZBED1;XPC;NUP42;TP53;NUP43;SUZ12;STAG2;WRN;NUP85;PIAS1;NUP155;SMC3;PIAS2;SATB1;NUP58;RAD52;NUP160;TFAP2B;TDG;TPR;NFKB2;NUP205;RANGAP1;HDAC4;SENP2;SAE1;DAXX;RARA;NUP35;HNRNPC;NUP188;NUP62;PMEPA1;SIN3A;TRIM27;NR2C1;MDC1;CBX8,CNT
prerank,Reactome_2022__RHO GTPase Cycle R-HSA-9012999,0.619874410207321,0.9720081125179286,0.698,0.8606210799961822,1.0,172/438,16.58%,CYBA;DDRGK1;TPM4;BRK1;HSPE1;DIAPH1;HSP90AB1;TPM3;MTX1;RHOC;DDX39B;VCP;JUP;RHOA;CAPZB;RHOB;NDUFA5;NISCH;HSP90AA1;FAM13A;BCAP31;ARHGDIA;CYFIP1;CUL3;HINT2;PCDH7;ARHGAP1;NDUFS3;IQGAP2;WDR6;MTR;FLOT1;CCT7;ALDH3A2;CCDC115;RHOD;USP9X;OPHN1;ITGB1;CDC37;TMPO;RBBP6;GRB2;DBT;JAG1;STX5;WASF2;ABI2;SNAP23;OSBPL11;TJP2;ARFGAP2;SRRM1;TWF1;CDC42EP4;COPS2;EMC3;SOS2;ITSN2;LAMTOR1;PIK3R3;NSFL1C;NIPSNAP2;VAPB;ARHGAP8;IQGAP1;ARHGEF11;NUDC;SPTAN1;CCT6A;TRA2B;RALGAPA1;KIDINS220;CDC42BPB;CKB;WIPF2;ARHGAP18;STARD13;YKT6;ESYT1;NCK1;SWAP70;SRGAP2;TXNL1;KCTD3;GPS1;ARHGAP12;ARHGEF7;RHOG;SCFD1;STAM2;CCT2;DBN1;ABI1;WDR91;STOM;NOXA1;HMOX2;CDC42EP3;FLOT2;FRS2;MACO1;CPSF7;ARHGEF19;CDC42EP2;ANKRD26;PAK4;WASL;COPS4;ANKLE2;KCTD13;SOS1;PRPF38B;OBSCN;GRB7;PIK3R2;RBM15;RHOQ;CDC42BPA;SPATA13;ARHGEF10L;WASF3;LRRC1;PLEKHG3;MOSPD2;DHDDS;TUBA1B;ADD3;SH3RF1;UACA;MYO9A;RBMX;WDR11;AMIGO2;AKAP13;VAMP3;ACTG1;FERMT2;HGS;ARHGAP39;SHKBP1;RAB7A;DAAM1;UBXN11;SLC1A5;LEMD3;GOLGA3;DOCK9;WHAMM;PARD6A;SLK;RACGAP1;RAPGEF1;ARHGAP4;ELMO2;MPP7;FGD1;CCDC88A;CEP97;C1QBP;RASAL2;SRC;PIK3R1;ACTN1;PEAK1;CSK;ARHGEF17;RHOF;DOCK5;DIAPH2;FNBP1L;TRIO,CNT
prerank,Reactome_2022__Glycoprotein Hormones R-HSA-209822,0.7036976305648931,0.9716633242956044,0.63003663003663,0.8607697026303112,1.0,3/10,29.63%,INHA;INHBC;LHB,CNT
prerank,"Reactome_2022__Base-Excision Repair, AP Site Formation R-HSA-73929",0.6734241686467951,0.9714653078662421,0.6298773690078038,0.8604728860431291,1.0,7/17,16.21%,TERF2IP;SMUG1;MPG;TINF2;MBD4;UNG;TDG,CNT
prerank,Reactome_2022__NOTCH2 Intracellular Domain Regulates Transcription R-HSA-2197563,-0.5769136004917184,-0.970751428709274,0.4941860465116279,0.8184869680392637,1.0,4/11,4.09%,MAML2;MAML3;MAMLD1;MAML1,CNT
prerank,Reactome_2022__Kinesins R-HSA-983189,0.643941830859914,0.9706105677812278,0.641213389121339,0.8619807112367888,1.0,11/42,16.55%,KIF22;KLC4;KIF1C;KIF12;KIF16B;KIF27;KIF3A;KIF5B;RACGAP1;KIF9;KIF26B,CNT
prerank,Reactome_2022__Opioid Signaling R-HSA-111885,0.6265915418907391,0.9701640719782175,0.6574923547400612,0.8624041730982653,1.0,31/88,17.45%,GNG5;PPP1CA;GNAI3;GNB2;CALM1;GNB1;GNG10;GNAQ;GNB5;GNG11;PPP2R1A;PDE1C;CDK5;CREB1;PRKCA;PPP2CA;GNG7;POMC;AHCYL1;ITPR3;GNG12;PPP3CC;PLCB4;ADCY9;KPNA2;PRKCD;PPP3CB;ADCY1;PPP3R1;PRKX;CAMKK2,CNT
prerank,MSigDB_Hallmark_2020__Spermatogenesis,0.6261256973854075,0.9700765195822769,0.6814964610717897,0.8777424466399378,1.0,31/134,17.55%,PEBP1;VDAC3;TALDO1;GSTM3;PACRG;HSPA2;ZC3H14;CSNK2A2;NF2;ARL4A;TSN;PCSK1N;IFT88;STAM2;LPIN1;IDE;PHKG2;SPATA6;POMC;MAP7;BRAF;GMCL1;MLF1;PIAS2;PARP2;COIL;RAD17;CRISP2;SIRT1;RPL39L;NPHP1,CNT
prerank,Reactome_2022__PPARA Activates Gene Expression R-HSA-1989781,0.6275059393701679,0.9700696722499315,0.6690140845070423,0.8618161215139832,1.0,39/115,13.44%,TBL1X;MED21;G0S2;SREBF2;CCNC;TBL1XR1;CPT1A;GPS2;HMGCS2;THRAP3;NR1H2;MED11;MED6;HDAC3;HMGCR;RXRA;MED8;MED25;CPT2;ACOX1;MBD4;MED31;MED29;MED10;NCOR2;CLOCK;MED30;EP300;TXNRD1;NFYB;MED15;MED16;SMARCD3;MED12;NR1D1;NRF1;HMGCS1;MED28;AHR,CNT
prerank,Reactome_2022__Signaling By ALK R-HSA-201556,0.6575883430581784,0.9700468944360602,0.6205405405405405,0.861018647767302,1.0,12/26,15.64%,HDAC3;HIF1A;FRS2;STAT3;EP300;PIK3R2;SHC1;IRS1;PLCG1;PTPN6;SRC;PIK3R1,CNT
prerank,Reactome_2022__Inhibition Of Replication Initiation Of Damaged DNA By RB1/E2F1 R-HSA-113501,0.6899749543637149,0.9698451090487408,0.6194895591647331,0.8607683624703997,1.0,6/13,14.68%,PPP2R1A;TFDP2;TFDP1;PPP2CA;PRIM2;RB1,CNT
prerank,Reactome_2022__Amino Acid Transport Across Plasma Membrane R-HSA-352230,0.6498898879162652,0.9698372820183249,0.6544502617801047,0.8599423489237241,1.0,12/33,16.79%,SLC38A2;SLC25A29;SLC38A1;SLC16A10;SLC3A2;SLC38A4;SLC6A6;SLC7A1;SLC1A5;SLC6A12;SLC7A8;SLC7A2,CNT
prerank,Reactome_2022__RET Signaling R-HSA-8853659,0.6431885616163832,0.9695322868039226,0.628125,0.859992009532044,1.0,15/40,15.64%,CLSTN1;GRB2;PIK3R3;PTPN11;PRKCA;FRS2;SOS1;GRB7;PIK3R2;SHC1;MAPK7;PLCG1;GRB10;SRC;PIK3R1,CNT
prerank,Reactome_2022__CS/DS Degradation R-HSA-2024101,0.6833653157746258,0.9695037516247237,0.6363636363636364,0.8592125720509106,1.0,2/14,8.31%,HEXA;HEXB,CNT
prerank,Reactome_2022__Extension Of Telomeres R-HSA-180786,0.6398956710955692,0.9693112427987252,0.6503067484662577,0.8589109350232231,1.0,17/50,13.82%,NHP2;RPA3;PCNA;DKC1;TERF2IP;POLD2;NOP10;RUVBL1;TINF2;PPP6C;GAR1;RFC2;PRIM2;PPP6R3;RFC5;WRN;RFC3,CNT
prerank,Reactome_2022__Processive Synthesis On C-strand Of Telomere R-HSA-174414,0.6649009538872073,0.9666192607341303,0.6301969365426696,0.8655943171714435,1.0,7/19,16.54%,RPA3;PCNA;TERF2IP;POLD2;TINF2;WRN;LRIG1,CNT
prerank,Reactome_2022__Neurotransmitter Release Cycle R-HSA-112310,0.6356177339417736,0.9664986140450604,0.6570545829042225,0.865075811634587,1.0,16/50,18.23%,SLC38A2;PPFIA1;MAOA;LIN7C;DNAJC5;CASK;TSPOAP1;NAAA;LIN7A;HSPA8;SLC1A1;RAB3A;SLC6A12;SYN2;APBA1;VAMP2,CNT
prerank,Reactome_2022__Signaling By FGFR2 R-HSA-5654738,0.634306949719732,0.9655151649799614,0.6772540983606558,0.8670044831653176,1.0,40/72,15.64%,UBB;RPS27A;POLR2I;POLR2J;POLR2K;UBA52;POLR2F;POLR2H;POLR2L;POLR2E;HNRNPA1;HRAS;POLR2A;HNRNPF;GRB2;UBC;PPP2R1A;GTF2F2;PTPN11;POLR2C;PTBP1;POLR2G;FRS2;FGFR2;PPP2CA;SOS1;POLR2B;FGFBP3;CBL;GTF2F1;POLR2D;FGF7;SHC1;NRAS;BRAF;ESRP1;MAPK3;PLCG1;SRC;PIK3R1,CNT
prerank,Reactome_2022__HDR Thru Single Strand Annealing (SSA) R-HSA-5685938,0.6443274201621787,0.9654885487874605,0.6513089005235602,0.8662109759538007,1.0,16/36,17.10%,RPA3;RRAD;KAT5;MRE11;ERCC1;RFC2;RFC5;WRN;RAD9A;RFC3;TOP3A;RAD52;HUS1;RAD17;ABL1;RMI2,CNT
prerank,Reactome_2022__Regulation Of Lipid Metabolism By PPARalpha R-HSA-400206,0.6235455868247639,0.965372956041808,0.677710843373494,0.8657023781329092,1.0,39/117,13.44%,TBL1X;MED21;G0S2;SREBF2;CCNC;TBL1XR1;CPT1A;GPS2;HMGCS2;THRAP3;NR1H2;MED11;MED6;HDAC3;HMGCR;RXRA;MED8;MED25;CPT2;ACOX1;MBD4;MED31;MED29;MED10;NCOR2;CLOCK;MED30;EP300;TXNRD1;NFYB;MED15;MED16;SMARCD3;MED12;NR1D1;NRF1;HMGCS1;MED28;AHR,CNT
prerank,Reactome_2022__FGFR2b Ligand Binding And Activation R-HSA-190377,-0.6040333124492672,-0.9636636400577653,0.5277777777777778,0.818702821701488,1.0,1/10,0.13%,FGF13,CNT
prerank,Reactome_2022__Inwardly Rectifying K+ Channels R-HSA-1296065,0.6521533383505069,0.9635286313343409,0.6501057082452432,0.869870253339188,1.0,9/35,6.42%,GNG5;GNB2;KCNJ1;GNB1;GNG10;KCNJ10;GNB5;GNG11;KCNJ3,CNT
prerank,MSigDB_Hallmark_2020__Estrogen Response Early,0.6159608448498105,0.9632743461889471,0.7155778894472362,0.8810896788265953,1.0,76/200,17.34%,SYNGR1;XBP1;KRT18;CISH;FOS;BAG1;KRT8;CLDN7;RAB17;BLVRB;ELF3;TOB1;HES1;RHOD;IL6ST;DHRS3;KLF10;KRT19;THSD4;FKBP4;MPPED2;FLNB;DYNLT3;AMFR;CELSR2;SEMA3B;KDM4B;CANT1;TMEM164;CHPT1;NCOR2;PRSS23;NRIP1;LAD1;PLAAT3;RPS6KA2;NXT1;PPIF;MINDY1;PDZK1;WWC1;TGIF2;SIAH2;ISG20L2;OVOL2;NADSYN1;WFS1;ASB13;ADD3;SLC1A1;ANXA9;ITPK1;SNX24;ABCA3;ELF1;SLC39A6;NBL1;BCL2;B4GALT1;ADCY9;FAM102A;ZNF185;MYOF;GLA;SLC26A2;TJP3;ADCY1;TUBB2B;LRIG1;RASGRP1;AQP3;SLC7A2;KAZN;PODXL;PTGES;RARA,CNT
prerank,Reactome_2022__RHOV GTPase Cycle R-HSA-9013424,0.6442328594274868,0.9620919553316157,0.6510638297872341,0.8728370451098577,1.0,20/36,17.65%,TPM4;TPM3;WDR6;USP9X;IQGAP1;SPTAN1;NCK1;TXNL1;ARHGAP12;ARHGEF7;PAK4;WASL;SH3RF1;MYO9A;PARD6A;CEP97;PIK3R1;PEAK1;MAP3K11;CCP110,CNT
prerank,Reactome_2022__STAT3 Nuclear Events Downstream Of ALK Signaling R-HSA-9701898,0.6908374695813341,0.9619580810700445,0.6477683956574186,0.872316454369579,1.0,4/10,10.53%,HDAC3;HIF1A;STAT3;EP300,CNT
prerank,Reactome_2022__Erythropoietin Activates Phosphoinositide-3-kinase (PI3K) R-HSA-9027276,0.6795459492045767,0.9615532950238351,0.6398601398601399,0.872561077850404,1.0,3/12,7.26%,CLSTN1;EPOR;LYN,CNT
prerank,Reactome_2022__Metabolism Of Amine-Derived Hormones R-HSA-209776,0.6597958434290757,0.9604465337928966,0.6410537870472008,0.874721256207769,1.0,1/18,2.22%,PEMT,CNT
prerank,Reactome_2022__Activation Of RAC1 R-HSA-428540,0.6997177876229486,0.960338630978979,0.6531585220500596,0.8741388575119943,1.0,5/11,10.99%,SOS2;NCK1;ARHGEF7;PAK4;SOS1,CNT
prerank,Reactome_2022__Glucuronidation R-HSA-156588,0.6567919307346823,0.9601164551682809,0.6587982832618026,0.87385881064467,1.0,2/25,6.97%,UGP2;UGDH,CNT
prerank,Reactome_2022__Resolution Of D-Loop Structures R-HSA-5693537,0.643300202405543,0.9601016558066169,0.6659641728134879,0.87303292052152,1.0,14/34,21.06%,SEM1;RAD51C;KAT5;MRE11;WRN;TOP3A;PALB2;RAD51D;RMI2;GEN1;SPIDR;RTEL1;BARD1;SLX1A,CNT
prerank,Reactome_2022__Regulation Of FZD By Ubiquitination R-HSA-4641263,0.6667118678503594,0.9599926190645873,0.6362637362637362,0.8724509233787873,1.0,8/20,13.77%,UBB;RPS27A;UBA52;UBC;LRP5;FZD8;USP8;RNF43,CNT
prerank,"Reactome_2022__PTK6 Regulates RHO GTPases, RAS GTPase And MAP Kinases R-HSA-8849471",0.6807538043234684,0.9595804305411642,0.6576787807737398,0.8726722437324692,1.0,6/13,15.07%,RHOA;HRAS;BCAR1;CRK;NRAS;ELMO2,CNT
prerank,Reactome_2022__Caspase Activation Via Dependence Receptors In Absence Of Ligand R-HSA-418889,0.6939176048865867,0.9583208437431207,0.6495619524405507,0.8750466266743734,1.0,5/10,15.68%,APPL1;DAPK1;CASP9;CASP3;DAPK3,CNT
prerank,Reactome_2022__Ras Activation Upon Ca2+ Influx Thru NMDA Receptor R-HSA-442982,0.6656004235335576,0.9581767501048003,0.6449438202247191,0.8745777546010325,1.0,7/19,22.03%,HRAS;CALM1;NRAS;LRRC7;CAMK2B;LLGL1;GRIN2B,CNT
prerank,Reactome_2022__Termination Of O-glycan Biosynthesis R-HSA-977068,0.649744508406605,0.9579893301733686,0.6466083150984683,0.8741876140050455,1.0,4/24,13.56%,MUC20;MUC15;ST6GAL1;ST6GALNAC4,CNT
prerank,Reactome_2022__MASTL Facilitates Mitotic Progression R-HSA-2465910,0.6928448065794193,0.9573245794580342,0.6532066508313539,0.8751040663855406,1.0,4/10,10.86%,ENSA;PPP2R1A;PPP2CA;ARPP19,CNT
prerank,Reactome_2022__CYP2E1 Reactions R-HSA-211999,0.6910989041021015,0.9573009591894103,0.6463414634146342,0.8743081576024827,1.0,4/10,30.89%,CYP2E1;CYP2C9;CYP2C8;CYP2B6,CNT
prerank,Reactome_2022__Abacavir ADME R-HSA-2161522,0.69138033539941,0.9571468922416608,0.6565064478311841,0.8738310273167813,1.0,5/10,17.04%,GUK1;ADAL;NT5C2;ABCB1;PCK1,CNT
prerank,Reactome_2022__Tie2 Signaling R-HSA-210993,0.6692649387125676,0.9556694468802839,0.6781609195402298,0.8768232834765639,1.0,9/17,15.64%,HRAS;GRB2;PTPN11;SOS1;GRB7;PIK3R2;SHC1;NRAS;PIK3R1,CNT
prerank,Reactome_2022__Metabolic Disorders Of Biological Oxidation Enzymes R-HSA-5579029,0.640845942279676,0.9538738820346904,0.6783068783068783,0.8803949167735311,1.0,7/34,15.79%,FDX1;TPMT;MAOA;FDX2;TBXAS1;ACY1;GCLC,CNT
prerank,Reactome_2022__Cleavage Of Damaged Purine R-HSA-110331,0.6863475090120255,0.9534785351804943,0.655421686746988,0.8804920159274676,1.0,3/10,8.86%,TERF2IP;MPG;TINF2,CNT
prerank,Reactome_2022__Resolution Of D-loop Structures Thru Holliday Junction Intermediates R-HSA-5693568,0.6410980014114183,0.9528308550526535,0.6828752642706131,0.8812933180325934,1.0,13/33,21.06%,SEM1;RAD51C;KAT5;MRE11;WRN;TOP3A;PALB2;RAD51D;RMI2;GEN1;SPIDR;BARD1;SLX1A,CNT
prerank,Reactome_2022__PI3K Cascade R-HSA-109704,-0.45916702454263586,-0.9526127091413974,0.6,0.8277121775659312,1.0,7/44,5.06%,KL;FGF13;PIK3CA;PDPK1;PIGU;PIK3CB;FGF9,CNT
prerank,Reactome_2022__Condensation Of Prophase Chromosomes R-HSA-2299718,0.6777561400502501,0.9523080328847419,0.6525821596244131,0.8817382807265051,1.0,5/13,16.61%,SMC4;RB1;RAB33B;PHF8;SET,CNT
prerank,Reactome_2022__DNA Strand Elongation R-HSA-69190,0.6332287250653128,0.9522944401315281,0.6518046709129511,0.8809071680947682,1.0,9/31,16.54%,RPA3;PCNA;POLD2;MCM4;RFC2;PRIM2;RFC5;RFC3;LRIG1,CNT
prerank,Reactome_2022__Platelet Homeostasis R-HSA-418346,0.6185693691083535,0.9517986473838319,0.7147239263803681,0.8813126242660555,1.0,22/82,13.35%,GNG5;GNAS;PPP2R5C;GNB2;PRKG1;CALM1;GNB1;GNG10;GNB5;GNG11;PPP2R5E;PPP2R1A;PTPN11;ATP2B1;SRI;PPP2R5A;MAPK14;PPP2CA;GNG7;PAFAH2;ITPR3;GNG12,CNT
prerank,Reactome_2022__Triglyceride Biosynthesis R-HSA-75109,0.6743411104956437,0.9516241696573985,0.6558891454965358,0.880882115899219,1.0,3/13,14.04%,LPIN2;LPIN1;DGAT2,CNT
prerank,Reactome_2022__RHO GTPases Activate KTN1 R-HSA-5625970,0.6891134316948541,0.9515690352373716,0.6811594202898551,0.880161332338252,1.0,4/10,14.34%,RHOA;KLC4;RHOG;KIF5B,CNT
prerank,Reactome_2022__Presynaptic Nicotinic Acetylcholine Receptors R-HSA-622323,0.6807510453961574,0.9509321374432051,0.6631205673758865,0.8808026913336228,1.0,2/12,31.92%,CHRNE;CHRNG,CNT
prerank,Reactome_2022__Interaction Between L1 And Ankyrins R-HSA-445095,0.6372369188726386,0.9507160543406579,0.6496272630457934,0.8804769211900363,1.0,8/29,14.08%,NRCAM;SPTBN2;ANK3;SPTAN1;SCN3A;SCN2A;SCN1B;SCN7A,CNT
prerank,Reactome_2022__Chondroitin Sulfate/Dermatan Sulfate Metabolism R-HSA-1793185,0.625615999163408,0.9501453223643977,0.6790890269151139,0.88102451696781,1.0,15/50,13.03%,CHST3;AGRN;HEXA;B3GAT3;B4GALT7;CSGALNACT1;CHST12;HEXB;XYLT2;CHPF;HSPG2;DSE;SDC2;GPC3;GPC4,CNT
prerank,Reactome_2022__TP53 Regulates Transcription Of Additional Cell Death Genes With Uncertain Roles In P53-Dependent Apoptosis R-HSA-6803205,0.6688435674196831,0.9497921788290504,0.6689419795221843,0.88098138782299,1.0,8/14,19.66%,PERP;NDRG1;RABGGTB;TP53;RABGGTA;BCL6;TP53BP2;PPP1R13B,CNT
prerank,MSigDB_Hallmark_2020__Pancreas Beta Cells,0.6328014581485887,0.9493533643012093,0.6795005202913632,0.9058900788037988,1.0,4/40,9.43%,SRP14;SEC11A;SRP9;SPCS1,CNT
prerank,Reactome_2022__Acyl Chain Remodelling Of PI R-HSA-1482922,0.6615681784100257,0.9486397589452847,0.6696132596685083,0.8829517642928739,1.0,3/17,13.66%,PLBD1;PLAAT3;PLA2G4F,CNT
prerank,Reactome_2022__NOTCH4 Intracellular Domain Regulates Transcription R-HSA-9013695,-0.505166588724828,-0.9480413205989949,0.47572815533980584,0.8215930018416205,1.0,6/19,5.87%,MAML2;MAML3;MAMLD1;MAML1;SMAD3;KAT2A,CNT
prerank,Reactome_2022__Glutamate And Glutamine Metabolism R-HSA-8964539,0.6775135319605647,0.9479079887451866,0.6538461538461539,0.8838225902118539,1.0,4/13,5.78%,GLUL;ALDH18A1;PYCR2;GOT2,CNT
prerank,Reactome_2022__Anti-inflammatory Response Favoring Leishmania Infection R-HSA-9662851,0.6118106002677967,0.9470043520527762,0.75,0.8851897849690985,1.0,32/161,16.40%,GNG5;ADM;GNAS;SYK;GNAI3;PLCG2;GNB2;CALM1;GNB1;GNG10;GNB5;GNG11;YES1;CREB1;MYH9;LYN;PRKCA;FURIN;MAPK14;GNG7;POMC;AHCYL1;ITPR3;GNG12;GPR27;PTRH2;C1QTNF1;ADCY9;PLCG1;SRC;ADCY1;RAMP2,CNT
prerank,MSigDB_Hallmark_2020__Mitotic Spindle,0.6086217845041553,0.9469256712364388,0.7537537537537538,0.8915080159086094,1.0,81/199,17.32%,UXT;SSH2;KIF22;TUBA4A;LRPPRC;RALBP1;MID1;FLNA;CAPZB;ARHGDIA;DYNLL2;BCAR1;ARFGEF1;MYH10;GSN;OPHN1;CYTH2;WASF2;CDC42EP4;CDC27;VCL;ARHGEF11;SPTAN1;FLNB;MYH9;TAOK2;NUMA1;RAB3GAP1;CD2AP;EZR;RAPGEF6;NCK1;CSNK1D;RFC1;ARHGEF7;PAFAH1B1;ABI1;TUBGCP6;ATG4B;CEP57;CDC42EP2;WASL;MARCKS;SMC4;SOS1;MAP1S;CNTRL;EPB41;CDC42BPA;SUN2;BIN1;PDLIM5;AKAP13;PCM1;NOTCH2;MARK4;TSC1;CTTN;KIF5B;FGD6;RICTOR;BCL2L11;TUBGCP3;TBCD;RACGAP1;ARHGAP4;NEDD9;SMC3;CCDC88A;RASAL2;CEP192;TUBGCP2;HDAC6;RHOF;RANBP9;TRIO;CEP250;ABL1;MID1IP1;RASA1;SHROOM2,CNT
prerank,Reactome_2022__Glucocorticoid Biosynthesis R-HSA-194002,0.6841507612791549,0.9467991566768584,0.6542617046818727,0.8848452605059957,1.0,2/10,20.88%,POMC;HSD11B2,CNT
prerank,Reactome_2022__Ca2+ Pathway R-HSA-4086398,0.6221010913800782,0.9467404746791904,0.7109053497942387,0.884124961738325,1.0,21/61,16.16%,GNG5;GNB2;PRKG1;AGO2;CALM1;GNB1;GNG10;GNB5;GNG11;PRKCA;NLK;NFATC1;GNG7;AGO3;ITPR3;GNG12;TCF7L2;CTNNB1;NRAS;PPP3CB;MOV10,CNT
prerank,Reactome_2022__Uptake Of Dietary Cobalamins Into Enterocytes R-HSA-9758881,-0.57731625551893,-0.9448068641222719,0.535031847133758,0.8135002653994592,1.0,3/10,12.17%,LMBRD1;ABCD4;CUBN,CNT
prerank,Reactome_2022__Assembly And Cell Surface Presentation Of NMDA Receptors R-HSA-9609736,0.6378125283874295,0.9444267662914826,0.679144385026738,0.8888542888892121,1.0,9/25,22.03%,LIN7C;CASK;LIN7A;APBA1;NBEA;LRRC7;CAMK2B;LLGL1;GRIN2B,CNT
prerank,Reactome_2022__Signaling By Receptor Tyrosine Kinases R-HSA-9006934,0.602771819485511,0.9443835166682918,0.817,0.8881161230552327,1.0,187/496,15.64%,CLTA;UBB;RPS27A;SPINT2;ATP6V1G1;CYBA;POLR2I;ATP6V0E1;POLR2J;POLR2K;BRK1;MXD4;UBA52;DIAPH1;ATP6V0C;FOS;HSPB1;AP2A2;AP2M1;APH1A;STMN1;JUP;PSEN1;RHOA;POLR2F;POLR2H;ERBB2;POLR2L;HSP90AA1;MAPKAPK2;RAB4A;AP2S1;JUND;POLR2E;VEGFB;ID4;MUC20;FOSB;CYFIP1;HNRNPA1;HRAS;BCAR1;CALM1;RNMT;ATP6V0D1;THEM4;BAX;POLR2A;HNRNPF;EGR1;ITGB1;COL6A1;AAMP;CDC37;APOE;FER;STUB1;DUSP3;GRB2;ID1;PTPRJ;CHD4;ATP6V0B;RRAD;ID3;ATP6V0E2;RAP1B;EGFR;VEGFC;WASF2;PSENEN;ABI2;REST;EPN1;NCSTN;COPS2;ERBB3;UBC;MAP2K2;PPP2R1A;COL4A2;PTPN1;YES1;GTF2F2;SHB;PIK3R3;CDK5;ITGA3;CREB1;LAMB1;PTPN11;MAP2K5;HDAC3;GALNT3;MAPKAPK3;LYN;KIDINS220;HIF1A;ATP6V1G3;PRKCA;POLR2C;SOCS1;ATP6V1B2;PTBP1;FGFR1;NCK1;ATP6V1D;ARHGEF7;ID2;PTK2;STAM2;SPRY1;ABI1;RALA;FURIN;MAPK14;MAP2K1;POLR2G;FRS2;FGFR2;ATP6V1E1;NELFB;RAP1A;PPP2CA;STAT3;COL4A1;DUSP6;TGFA;EP300;STK4;CRK;PRKCE;MEF2D;RPS6KA2;ATP6V1F;SOS1;POLR2B;FGFRL1;AKT1;GRB7;PIK3R2;RPS6KA3;AP2A1;FGFBP3;CBL;WASF3;GTF2F1;AHCYL1;VRK3;RALGDS;RANBP10;ITPR3;MLST8;POLR2D;APH1B;FGF7;USP8;ATP6V0A4;CTNNB1;HGS;SHC1;SRF;IRS1;NRAS;BRAF;AKT3;ESRP1;RICTOR;CRKL;STAT5A;MAPK7;PDGFC;ATP6V1C2;MAPK3;PTPRU;RAPGEF1;PLCG1;FGFR3;ELMO2;PTPN6;GRB10;SH3GL2;PCSK6;PRKCD;LMNB2;SRC;PIK3R1,CNT
prerank,Reactome_2022__Activation Of Gene Expression By SREBF (SREBP) R-HSA-2426168,0.6216400122185148,0.9433709160555505,0.6853002070393375,0.8896151408835283,1.0,15/42,13.52%,PMVK;TBL1X;CYP51A1;SREBF2;TBL1XR1;SC5D;HMGCR;RXRA;MBD4;FDPS;TM7SF2;NFYB;SMARCD3;HMGCS1;SQLE,CNT
prerank,Reactome_2022__CREB1 Phosphorylation Thru Activation Of Adenylate Cyclase R-HSA-442720,0.6726028553638895,0.9431691978339664,0.6823529411764706,0.8892391939129836,1.0,5/12,17.41%,CALM1;CREB1;PRKCA;ADCY1;PRKX,CNT
prerank,Reactome_2022__Interleukin-4 And Interleukin-13 Signaling R-HSA-6785807,0.6112541718624638,0.9427612997451607,0.7220543806646526,0.8892741470494991,1.0,23/107,14.44%,CEBPD;FOS;TYK2;HSP90AA1;GATA3;ITGB1;BCL2L1;MAOA;IL18;JAK1;HIF1A;SOCS1;STAT3;SOS1;AKT1;TP53;POMC;HSPA8;IL13RA1;SOCS3;POU2F1;BCL2;MCL1,CNT
prerank,Reactome_2022__Triglyceride Metabolism R-HSA-8979227,0.6278714174801672,0.9422200404494001,0.677115987460815,0.8897025124366318,1.0,8/36,14.04%,PPP1CA;PNPLA4;LPIN2;PRKCA;LPIN1;ABHD5;PLIN3;DGAT2,CNT
prerank,Reactome_2022__GPVI-mediated Activation Cascade R-HSA-114604,0.6286759264277881,0.9420694978866211,0.6835978835978836,0.8892249637573746,1.0,9/32,11.45%,SYK;RHOA;RHOB;PLCG2;PIK3R3;PTPN11;LYN;RHOG;PIK3R2,CNT
prerank,MSigDB_Hallmark_2020__UV Response Dn,0.6040466935375114,0.9420248043352561,0.7585170340681363,0.8848829489362932,1.0,58/144,15.24%,MGMT;CITED2;MT1E;RUNX1;NR1D2;ERBB2;AGGF1;CDKN1B;MRPS31;SPOP;DUSP1;ZMIZ1;DBP;ID1;PIK3R3;DMAC2L;MAP2K5;PRKCA;ATP2B1;PHF3;RXRA;EFEMP1;SMAD7;ANXA2;SRI;DAB2;FBLN5;CCN1;MAPK14;ADGRL2;SDC2;PLPP3;SYNE1;PRDM2;INSIG1;PRKCE;MTA1;PEX14;NIPBL;WDR37;CDC42BPA;DYRK1A;SCAF8;ADD3;PDLIM5;YTHDC1;SLC22A18;NOTCH2;TGFBR2;PTGFR;CDK13;SLC7A1;RBPMS;IRS1;PLCB4;AKT3;TENT4A;NEK7,CNT
prerank,Reactome_2022__RHOBTB3 ATPase Cycle R-HSA-9706019,0.6850645158639658,0.9419045649661408,0.67497034400949,0.8887655639702191,1.0,5/10,13.73%,CUL3;RAB9A;LRRC41;PLIN3;HGS,CNT
prerank,Reactome_2022__Activation Of G Protein Gated Potassium Channels R-HSA-1296041,0.6396342287869322,0.9401677434811906,0.6896186440677966,0.8918277384649963,1.0,8/29,6.42%,GNG5;GNB2;GNB1;GNG10;KCNJ10;GNB5;GNG11;KCNJ3,CNT
prerank,Reactome_2022__Potassium Channels R-HSA-1296071,0.6091936824089084,0.9398899264118091,0.728184553660983,0.8916009785685004,1.0,10/102,6.42%,GNG5;KCNQ1;GNB2;KCNJ1;GNB1;GNG10;KCNJ10;GNB5;GNG11;KCNJ3,CNT
prerank,Reactome_2022__Telomere C-strand (Lagging Strand) Synthesis R-HSA-174417,0.6277145363605143,0.939490601685714,0.6852046169989506,0.891689851023877,1.0,10/33,13.82%,RPA3;PCNA;TERF2IP;POLD2;TINF2;RFC2;PRIM2;RFC5;WRN;RFC3,CNT
prerank,Reactome_2022__Recycling Of Bile Acids And Salts R-HSA-159418,0.6444059009117147,0.9382437604753068,0.6696132596685083,0.8937376441141796,1.0,2/18,8.15%,SLC27A5;RXRA,CNT
prerank,Reactome_2022__RHOF GTPase Cycle R-HSA-9035034,0.6234462862547852,0.9382114065612689,0.7123572170301142,0.8929748900396186,1.0,17/42,16.49%,DIAPH1;CAPZB;ARHGAP1;TMPO;SNAP23;ESYT1;SRGAP2;ARHGAP12;PIK3R2;ADD3;VAMP3;ARHGAP39;RAB7A;PIK3R1;ACTN1;RHOF;DIAPH2,CNT
prerank,Reactome_2022__Effects Of PIP2 Hydrolysis R-HSA-114508,-0.47894618608271156,-0.9358125456126465,0.43137254901960786,0.8187054245880266,1.0,11/27,8.76%,ITPR2;ITPR1;MGLL;DGKD;PRKCQ;ABHD12;ABHD6;DGKZ;DGKE;DAGLA;DGKH,CNT
prerank,Reactome_2022__Telomere Extension By Telomerase R-HSA-171319,0.6430962991640647,0.9355395420708973,0.6802575107296137,0.8981292708431109,1.0,9/23,13.33%,NHP2;DKC1;TERF2IP;NOP10;RUVBL1;TINF2;PPP6C;GAR1;PPP6R3,CNT
prerank,Reactome_2022__SHC1 Events In EGFR Signaling R-HSA-180336,0.6621306703102809,0.9346572133729105,0.6972477064220184,0.8991955579353691,1.0,7/13,14.22%,HRAS;GRB2;EGFR;TGFA;SOS1;SHC1;NRAS,CNT
prerank,Reactome_2022__Regulation Of RUNX1 Expression And Activity R-HSA-8934593,0.6460767957032937,0.9339840177125239,0.6986607142857143,0.8998291865238853,1.0,8/17,16.16%,CCND3;RUNX1;AGO2;PTPN11;CBFB;AGO3;SRC;MOV10,CNT
prerank,Reactome_2022__ALK Mutants Bind TKIs R-HSA-9700645,0.6661677757658222,0.9334709257949588,0.6956521739130435,0.9001130585001285,1.0,2/12,9.96%,NPM1;PPM1B,CNT
prerank,Reactome_2022__Negative Regulation Of TCF-dependent Signaling By WNT Ligand Antagonists R-HSA-3772470,0.6526958244905692,0.9329610841921657,0.6937142857142857,0.9003356686755606,1.0,3/15,8.34%,SFRP1;KREMEN1;LRP5,CNT
prerank,MSigDB_Hallmark_2020__Bile Acid Metabolism,0.6054062751837763,0.9325188611958306,0.7512588116817724,0.8893034533638462,1.0,32/112,13.75%,SOD1;PRDX5;PHYH;ALDH1A1;BCAR3;CAT;ISOC1;ALDH9A1;PEX19;ABCA2;SLC27A5;PEX7;CROT;SLC35B2;GSTK1;PEX16;MLYCD;PECR;RXRA;SCP2;PFKM;AMACR;PEX13;LONP2;PEX1;PEX26;IDH2;SLC22A18;PEX6;ABCA3;FADS1;NPC1,CNT
prerank,Reactome_2022__Lysine Catabolism R-HSA-71064,0.6746667118170105,0.9318073591803435,0.694021101992966,0.9019637126651198,1.0,7/12,16.37%,LDHD;DLST;HYKK;ALDH7A1;PHYKPL;AASS;GCDH,CNT
prerank,Reactome_2022__Platelet Calcium Homeostasis R-HSA-418360,-0.4513222407296304,-0.9314975411569952,0.5064935064935064,0.813227531554832,1.0,4/26,2.39%,ATP2A2;ITPR2;ITPR1;ATP2B4,CNT
prerank,Reactome_2022__G1/S-Specific Transcription R-HSA-69205,0.6291364630684655,0.9312765946101283,0.7119914346895075,0.9022551987252968,1.0,12/29,21.67%,PCNA;TFDP2;TFDP1;LIN37;LIN54;E2F4;E2F6;E2F5;DHFR;LIN52;FBXO5;RBL1,CNT
prerank,Reactome_2022__HDL Remodeling R-HSA-8964058,0.6704658426695768,0.9303261669285546,0.6965352449223416,0.9034223191278028,1.0,3/10,20.75%,APOE;LCAT;LIPG,CNT
prerank,Reactome_2022__Diseases Associated With Glycosaminoglycan Metabolism R-HSA-3560782,0.6081827260294718,0.9282153234339696,0.6934984520123839,0.9068843630284489,1.0,15/40,17.59%,CHST3;AGRN;HEXA;B3GAT3;B4GALT7;HEXB;EXT1;HSPG2;SDC2;GPC3;GPC4;B4GALT1;SLC26A2;CHST14;B3GALT6,CNT
prerank,Reactome_2022__RUNX1 Regulates Genes Involved In Megakaryocyte Differentiation And Platelet Function R-HSA-8936459,0.6206505849795095,0.9277778168523908,0.7207112970711297,0.9069569822037242,1.0,13/37,12.51%,DPY30;RUNX1;ZFPM1;PRMT1;PRMT6;RBBP5;EP300;MYL9;KMT2C;CBFB;AGO3;KAT2B;KMT2B,CNT
prerank,Reactome_2022__Role Of Phospholipids In Phagocytosis R-HSA-2029485,0.6355701543991542,0.9255975612610278,0.7257889009793254,0.9107045719005405,1.0,12/23,15.64%,PLD3;PLPP5;SYK;PLCG2;PRKCE;PLPP4;PIK3R2;AHCYL1;ITPR3;PLCG1;PRKCD;PIK3R1,CNT
prerank,Reactome_2022__G2/M DNA Damage Checkpoint R-HSA-69473,0.6052450930725412,0.9237846314097079,0.7293156281920327,0.9136137281444608,1.0,27/59,19.00%,RPA3;YWHAH;RRAD;UIMC1;KAT5;MRE11;RNF8;REXO2;YWHAQ;UBE2V2;BABAM1;TP53;RFC2;ABRAXAS1;RFC5;WRN;RAD9A;RFC3;YWHAG;TOP3A;HUS1;NSD2;RAD17;RMI2;MDC1;WEE1;ATRIP,CNT
prerank,Reactome_2022__CaM Pathway R-HSA-111997,0.6180415416222104,0.9235357103190422,0.7174603174603175,0.9133200996763631,1.0,14/33,21.36%,CALM1;PDE1C;CREB1;PRKCA;ADCY9;KPNA2;PRKCD;ADCY1;PRKX;CAMKK2;NBEA;CAMKK1;CAMK2B;PRKAR2B,CNT
prerank,Reactome_2022__EGR2 And SOX10-mediated Initiation Of Schwann Cell Myelination R-HSA-9619665,0.6171405839949288,0.9231010717365706,0.7040598290598291,0.9133506900420812,1.0,6/29,7.35%,CYP51A1;SREBF2;SCD5;DAG1;LAMB1;HMGCR,CNT
prerank,Reactome_2022__Metabolism Of Fat-Soluble Vitamins R-HSA-6806667,0.6130486895510185,0.9214541552295573,0.7366255144032922,0.9158290543104027,1.0,17/47,17.98%,VKORC1;LRP10;AGRN;C1D;RDH11;APOE;VKORC1L1;HSPG2;SDC2;GPC3;GPC4;LRP12;RIMBP2;UBIAD1;LRP2;AKR1C3;LDLR,CNT
prerank,Reactome_2022__Signaling By ERBB2 R-HSA-1227986,0.6091889481873933,0.9207393434545642,0.7394871794871795,0.9164226211167493,1.0,28/49,15.64%,UBB;RPS27A;UBA52;DIAPH1;RHOA;ERBB2;HSP90AA1;HRAS;CDC37;STUB1;GRB2;EGFR;ERBB3;UBC;YES1;PRKCA;PRKCE;SOS1;AKT1;GRB7;USP8;SHC1;NRAS;AKT3;PLCG1;PRKCD;SRC;PIK3R1,CNT
prerank,Reactome_2022__Pyrimidine Salvage R-HSA-73614,0.6610811813322276,0.9206990536883355,0.7078787878787879,0.9156611479572808,1.0,4/11,10.95%,CDA;UPP1;PUDP;UCK1,CNT
prerank,Reactome_2022__FCGR3A-mediated IL10 Synthesis R-HSA-9664323,0.6141998877293313,0.9205866417113912,0.7231578947368421,0.9150360766886261,1.0,14/35,17.41%,SYK;PLCG2;CALM1;YES1;CREB1;LYN;PRKCA;AHCYL1;ITPR3;ADCY9;PLCG1;SRC;ADCY1;PRKX,CNT
prerank,Reactome_2022__Passive Transport By Aquaporins R-HSA-432047,0.6563442962927156,0.9197460799010851,0.7064965197215777,0.915812287436501,1.0,4/12,22.33%,AQP2;MINDY4;AQP3;AQP7,CNT
prerank,Reactome_2022__DNA Damage/Telomere Stress Induced Senescence R-HSA-2559586,0.6207933189927727,0.9190184803157562,0.7197049525816649,0.916320392942986,1.0,10/28,14.68%,CDKN1B;TERF2IP;KAT5;MRE11;TINF2;HMGA1;CABIN1;HIRA;TP53;RB1,CNT
prerank,Reactome_2022__Triglyceride Catabolism R-HSA-163560,0.622193493015166,0.9183523986601454,0.7046186895810956,0.9167985778406254,1.0,5/23,13.28%,PPP1CA;PNPLA4;PRKCA;ABHD5;PLIN3,CNT
prerank,Reactome_2022__Cleavage Of Damaged Pyrimidine R-HSA-110329,0.6455891786741736,0.9180239891331329,0.7040816326530612,0.9165819639022261,1.0,6/15,16.21%,TERF2IP;SMUG1;TINF2;MBD4;UNG;TDG,CNT
prerank,Reactome_2022__Bicarbonate Transporters R-HSA-425381,0.6655828843888069,0.917609606878872,0.7161520190023754,0.9165038451654626,1.0,4/10,15.70%,SLC4A2;SLC4A1;SLC4A9;SLC4A4,CNT
prerank,Reactome_2022__cGMP Effects R-HSA-418457,-0.5185222020077388,-0.9159470267628096,0.5661764705882353,0.8330602276472919,1.0,4/14,2.83%,ITPR1;PDE10A;PDE9A;PDE5A,CNT
prerank,Reactome_2022__Ca-dependent Events R-HSA-111996,0.6121294765797609,0.9156570194324508,0.7378947368421053,0.9194061402968009,1.0,14/35,21.36%,CALM1;PDE1C;CREB1;PRKCA;ADCY9;KPNA2;PRKCD;ADCY1;PRKX;CAMKK2;NBEA;CAMKK1;CAMK2B;PRKAR2B,CNT
prerank,Reactome_2022__Metabolism Of Nitric Oxide: NOS3 Activation And Regulation R-HSA-202131,0.6415444856672794,0.9144428888649492,0.714123006833713,0.9208837022730038,1.0,6/15,11.24%,NOSIP;HSP90AA1;CALM1;DDAH2;WASL;AKT1,CNT
prerank,Reactome_2022__ADORA2B Mediated Anti-Inflammatory Cytokine Production R-HSA-9660821,0.5947319976801524,0.9139952502958688,0.8269230769230769,0.9208390508672208,1.0,18/130,14.57%,GNG5;ADM;GNAS;GNAI3;GNB2;GNB1;GNG10;GNB5;GNG11;CREB1;PRKCA;GNG7;POMC;GNG12;GPR27;PTRH2;C1QTNF1;ADCY9,CNT
prerank,Reactome_2022__Potential Therapeutics For SARS R-HSA-9679191,0.5919668099072332,0.9134260172759088,0.7729566094853683,0.9210891746749763,1.0,43/94,12.43%,COMT;SAP18;HSP90AB1;PTGES3;AP2A2;AP2M1;SYK;IFNGR2;TYK2;HSP90AA1;AP2S1;PLCG2;RBX1;CUL3;KDM1A;GATAD2B;FKBP1A;ITGB1;RBBP7;GRB2;CHD4;RIPK1;ATP1B2;REST;HMG20B;FKBP4;CHD3;JAK1;FNTA;IMPDH2;NCK1;SAP30L;FURIN;ARID4B;SUDS3;FXYD4;CRBN;MTA1;SOS1;AP2A1;IFNAR1;STAT2;FXYD3,CNT
prerank,Reactome_2022__SLC-mediated Transmembrane Transport R-HSA-425407,0.5839645582440742,0.9133832051617428,0.854,0.9203190433306913,1.0,68/247,16.93%,RHCG;ARL2;SLC25A6;SLC38A2;SLC25A4;RUNX1;SLC25A29;SLC39A4;SLC38A1;SLC40A1;SLC25A26;SLC25A5;CALM1;SLC44A3;SLC16A10;SLC39A3;SLC35B2;SLC11A1;SLC39A1;PDZD11;SLC30A1;MFSD4B;SLC50A1;SLC30A6;SLC3A2;SLC11A2;SLC44A2;SRI;BSG;SLC35B3;SLC38A4;SLC4A2;SLC30A5;SLC4A1;SLC12A7;SLC39A7;SLC35D2;SLC2A8;SLC1A1;SLC22A18;SLC6A6;SLC15A2;SLC35A2;SLC39A10;SLC39A6;SLC22A15;SLC9A2;SLC7A1;SLC26A11;SLC9A7;SLC1A5;SLC5A3;SLC2A12;SLC4A9;SLC9A4;SLC6A12;SLC26A2;SLC27A4;SLC4A4;SLC7A8;SLC44A1;SLCO4A1;SLCO4C1;SLC39A14;SLC31A1;SLC7A2;SLCO3A1;SLC5A6,CNT
prerank,Reactome_2022__GRB2 Events In EGFR Signaling R-HSA-179812,0.6509531026057124,0.9122836041515836,0.7093023255813954,0.9215639157379021,1.0,6/12,14.22%,HRAS;GRB2;EGFR;TGFA;SOS1;NRAS,CNT
prerank,Reactome_2022__Collagen Chain Trimerization R-HSA-8948216,-0.40094079781967673,-0.912031142109201,0.7333333333333333,0.8264901102484201,1.0,7/44,3.07%,COL4A3;COL4A5;COL4A6;COL11A1;COL5A2;COL4A4;COL27A1,CNT
prerank,Reactome_2022__Signaling By ERBB4 R-HSA-1236394,0.6015495368694832,0.9117736689862525,0.771047227926078,0.9216578633906637,1.0,16/57,6.03%,UBB;RPS27A;MXD4;UBA52;APH1A;STMN1;PSEN1;HRAS;APOE;GRB2;EGFR;PSENEN;NCSTN;COPS2;ERBB3;UBC,CNT
prerank,Reactome_2022__Glutamate Neurotransmitter Release Cycle R-HSA-210500,0.6229586523813304,0.9116378697386601,0.7248908296943232,0.9210949513603858,1.0,5/23,13.50%,SLC38A2;PPFIA1;TSPOAP1;SLC1A1;RAB3A,CNT
prerank,Reactome_2022__Impaired BRCA2 Binding To PALB2 R-HSA-9709603,0.6249726546375558,0.911226345251965,0.7267818574514039,0.9209911284950042,1.0,8/24,17.10%,RAD51C;KAT5;MRE11;WRN;TOP3A;PALB2;RAD51D;RMI2,CNT
prerank,Reactome_2022__G Alpha (Q) Signaling Events R-HSA-416476,0.5839009239421021,0.9110652906903262,0.8425275827482447,0.9204363311333987,1.0,54/211,21.39%,GNG5;GNB2;HRAS;GNB1;PTGER1;GNG10;GNAQ;GRB2;GNB5;EGFR;GNG11;AVPR1A;PIK3R3;CREB1;EDNRB;PRKCA;CHRM3;F2RL1;PRKCE;RPS6KA2;SOS1;PIK3R2;RPS6KA3;KNG1;GNG7;ITPR3;GNG12;PTGFR;RIPK2;NRAS;PLCB4;MAPK7;MAPK3;DGKQ;PRKCD;PIK3R1;RPS6KA1;TRIO;RASGRP1;LPAR2;DGKA;P2RY6;PRKCH;HBEGF;GRM1;BDKRB2;PLCB1;DAGLB;NTS;GNB3;DGKI;NPSR1;BDKRB1;GPR143,CNT
prerank,Reactome_2022__Regulation Of Signaling By NODAL R-HSA-1433617,0.6667641019480487,0.910862727949994,0.7222222222222222,0.9199730696862939,1.0,3/10,19.13%,ACVR1B;TDGF1;ACVR2B,CNT
prerank,Reactome_2022__Regulation Of Beta-Cell Development R-HSA-186712,-0.41031381167137465,-0.909638160526146,0.5454545454545454,0.8175565643227792,1.0,5/40,4.09%,MAML2;MAML3;MAMLD1;HNF1B;MAML1,CNT
prerank,Reactome_2022__Gap Junction Assembly R-HSA-190861,0.6316103804500077,0.906317236260583,0.7240618101545254,0.9274340431491861,1.0,5/16,33.08%,GJB1;GJC2;GJA4;GJD4;GJA1,CNT
prerank,Reactome_2022__Acetylcholine Binding And Downstream Events R-HSA-181431,0.6410200344384618,0.9055856311342805,0.7113163972286374,0.9278927469030032,1.0,4/14,35.90%,CHRNE;CHRNG;CHRNA9;CHRFAM7A,CNT
prerank,Reactome_2022__Eicosanoids R-HSA-211979,0.6465243768900447,0.9037999892132574,0.7065727699530516,0.9301781562751694,1.0,1/12,11.79%,TBXAS1,CNT
prerank,Reactome_2022__Transport Of Organic Anions R-HSA-879518,0.654208147645865,0.9030273006931583,0.7427912341407151,0.9306528455336049,1.0,3/11,16.90%,SLCO4A1;SLCO4C1;SLCO3A1,CNT
prerank,Reactome_2022__Acyl Chain Remodelling Of PS R-HSA-1482801,0.6206922124120928,0.9024346915365303,0.7360959651035986,0.9307772740049115,1.0,8/22,20.99%,MBOAT1;OSBPL8;PLAAT3;LPCAT4;PLA2G4F;OSBPL5;PLA2R1;PLA1A,CNT
prerank,Reactome_2022__Neurexins And Neuroligins R-HSA-6794361,0.5907833072527994,0.9024282912036314,0.7614107883817427,0.9299405950583526,1.0,19/57,22.39%,SHARPIN;LIN7C;CASK;EPB41L1;LIN7A;DLGAP4;EPB41;EPB41L5;PDLIM5;APBA3;DBNL;DLGAP3;APBA1;GRM1;NLGN2;LLGL1;SYT10;GRIN2B;NLGN1,CNT
prerank,Reactome_2022__Signaling By Cytosolic FGFR1 Fusion Mutants R-HSA-1839117,0.627012520773198,0.9015853336399673,0.734717416378316,0.9306142825189572,1.0,7/16,15.64%,GRB2;LRRFIP1;STAT3;CUX1;CNTRL;STAT5A;PIK3R1,CNT
prerank,Reactome_2022__Synthesis Of PIPs At Golgi Membrane R-HSA-1660514,0.6293076868258926,0.9013992505893604,0.7337078651685394,0.9300947051017558,1.0,7/17,13.05%,SACM1L;VAC14;ARF3;PI4K2B;PIKFYVE;PIK3C2A;PI4KB,CNT
prerank,Reactome_2022__Dermatan Sulfate Biosynthesis R-HSA-2022923,0.6504359086385574,0.9011240455138512,0.7262773722627737,0.9297134896630947,1.0,7/11,29.96%,DSE;CHST14;DSEL;DCN;BCAN;VCAN;BGN,CNT
prerank,MSigDB_Hallmark_2020__Epithelial Mesenchymal Transition,0.5739260505070525,0.9010365956841485,0.8528528528528528,0.9405940594059405,1.0,43/200,14.20%,TPM4;CAPG;PPIB;JUN;SNTB1;GADD45A;FLNA;CD59;FUCA1;GADD45B;RHOB;MXRA5;TIMP3;ITGB1;VEGFC;MMP14;SAT1;COL4A2;ITGB5;COL12A1;SFRP1;PLOD2;QSOX1;SERPINH1;SGCB;ID2;DAB2;FBLN5;CCN1;COL4A1;MYL9;TPM1;LGALS1;COPA;FZD8;CCN2;PLOD3;GAS1;FERMT2;NOTCH2;TNFRSF12A;MEST;LRP1,CNT
prerank,Reactome_2022__DARPP-32 Events R-HSA-180024,0.6126565983570663,0.8997778084614143,0.74945295404814,0.9311974111566728,1.0,10/24,18.23%,PPP1CA;CALM1;PPP2R1A;CDK5;PRKCA;PPP2CA;PPP3CC;PPP3CB;PPP3R1;PPP2R5D,CNT
prerank,Reactome_2022__Activation Of GABAB Receptors R-HSA-991365,0.6003749587463469,0.8997484024939523,0.7630480167014614,0.9303943212236762,1.0,9/42,6.42%,GNG5;GNAI3;GNB2;GNB1;GNG10;KCNJ10;GNB5;GNG11;KCNJ3,CNT
prerank,Reactome_2022__Signaling By FLT3 Fusion Proteins R-HSA-9703465,0.6185277289349093,0.8993602899426137,0.7350332594235033,0.9302331418754638,1.0,8/18,15.64%,HRAS;TRIP11;GRB2;SOS1;ETV6;NRAS;STAT5A;PIK3R1,CNT
prerank,Reactome_2022__Transcription Of E2F Targets Under Negative Control By P107 (RBL1) And P130 (RBL2) In Complex With HDAC1 R-HSA-1362300,0.6269833744447199,0.8983391891654705,0.728587319243604,0.9310991595727117,1.0,9/16,23.03%,TFDP2;TFDP1;LIN37;LIN54;E2F4;E2F5;LIN52;RBL1;CDK1,CNT
prerank,Reactome_2022__Signaling By FGFR R-HSA-190236,0.5858009722210998,0.8957158180459305,0.8285714285714286,0.934655774442328,1.0,44/86,15.64%,UBB;RPS27A;POLR2I;POLR2J;POLR2K;UBA52;POLR2F;POLR2H;POLR2L;POLR2E;HNRNPA1;HRAS;POLR2A;HNRNPF;GRB2;UBC;PPP2R1A;GTF2F2;PTPN11;GALNT3;POLR2C;PTBP1;FGFR1;POLR2G;FRS2;FGFR2;PPP2CA;SOS1;POLR2B;FGFRL1;FGFBP3;CBL;GTF2F1;POLR2D;FGF7;SHC1;NRAS;BRAF;ESRP1;MAPK3;PLCG1;FGFR3;SRC;PIK3R1,CNT
prerank,Reactome_2022__VEGFR2 Mediated Vascular Permeability R-HSA-5218920,0.6098870348642531,0.8950361025836671,0.767342582710779,0.9350105410220934,1.0,11/27,16.46%,JUP;HSP90AA1;CALM1;THEM4;ARHGEF7;AKT1;MLST8;CTNNB1;AKT3;RICTOR;PRR5,CNT
prerank,Reactome_2022__Polymerase Switching On C-strand Of Telomere R-HSA-174411,0.6055177377488176,0.8946419206641164,0.7332613390928726,0.9348221086213367,1.0,8/25,13.82%,PCNA;TERF2IP;POLD2;TINF2;RFC2;PRIM2;RFC5;RFC3,CNT
prerank,Reactome_2022__N-Glycan Antennae Elongation R-HSA-975577,0.6234590452976105,0.8935441029870832,0.7332576617480137,0.935786368223365,1.0,8/15,18.99%,MGAT4A;MGAT4B;ST6GAL1;B4GALT3;MGAT5;B4GALT1;B4GALT4;B4GALT6,CNT
prerank,Reactome_2022__Synthesis Of Bile Acids And Bile Salts Via 24-Hydroxycholesterol R-HSA-193775,0.6275118243134139,0.8931716945677072,0.7378752886836027,0.9355475982823408,1.0,6/14,24.64%,SLC27A5;AMACR;AKR1C3;HSD3B7;CYP46A1;AKR1C2,CNT
prerank,Reactome_2022__Metabolism Of Porphyrins R-HSA-189445,0.6006861289907763,0.892748468387043,0.7529039070749736,0.9354064008046885,1.0,8/28,17.20%,FECH;BLVRB;BLVRA;ALAD;HMOX2;HMBS;PPOX;FLVCR1,CNT
prerank,Reactome_2022__SEMA3A-Plexin Repulsion Signaling By Inhibiting Integrin Adhesion R-HSA-399955,0.6259046232928512,0.8925346780631093,0.7296380090497737,0.9349089832281915,1.0,1/14,1.66%,TLN1,CNT
prerank,Reactome_2022__RHOU GTPase Cycle R-HSA-9013420,0.5951954128331488,0.8921038639763174,0.7625523012552301,0.9347260197995065,1.0,18/39,15.82%,WDR6;USP9X;GRB2;ITSN2;IQGAP1;SPTAN1;NCK1;SRGAP2;TXNL1;ARHGEF7;STAM2;PAK4;PIK3R2;HGS;PARD6A;SRC;PIK3R1;PEAK1,CNT
prerank,Reactome_2022__Synthesis Of PA R-HSA-1483166,0.5882693304665793,0.8911486120888935,0.7667364016736402,0.9353754751888964,1.0,6/39,13.59%,AGPAT2;GPAT4;AGPAT3;AGPAT1;LPCAT4;DDHD2,CNT
prerank,Reactome_2022__Formation Of beta-catenin:TCF Transactivating Complex R-HSA-201722,0.5958046093587904,0.8899304111290022,0.75,0.9364815024135841,1.0,10/30,13.73%,TLE2;TLE3;KAT5;RUVBL1;TRRAP;BCL9L;RBBP5;EP300;TCF7L2;CTNNB1,CNT
prerank,Reactome_2022__Highly Calcium Permeable Postsynaptic Nicotinic Acetylcholine Receptors R-HSA-629594,0.6409948073244056,0.8880215832583341,0.7488151658767772,0.9387487478249287,1.0,2/11,35.90%,CHRNA9;CHRFAM7A,CNT
prerank,Reactome_2022__Diseases Associated With O-glycosylation Of Proteins R-HSA-3906995,0.5759614148643473,0.8877115662198656,0.7975460122699386,0.9384103952917957,1.0,15/68,14.85%,THSD7A;MUC20;C1GALT1C1;MUC15;POMGNT1;DAG1;THSD4;SBSPON;C1GALT1;GALNT3;B4GAT1;POMT1;NOTCH1;NOTCH2;ADAMTS1,CNT
prerank,Reactome_2022__Integration Of Energy Metabolism R-HSA-163685,0.5753927906325096,0.8867606419880422,0.8255578093306288,0.9390190461044684,1.0,33/105,16.14%,GNG5;TALDO1;GNAS;GNB2;RAPGEF3;GNB1;GNG10;TKT;CACNA2D2;GNAQ;GNB5;ADIPOR1;GNG11;PPP2R1A;IQGAP1;PRKCA;CHRM3;PRKAA2;RAP1A;PPP2CA;MARCKS;STK11;AGPAT1;GNG7;AHCYL1;ITPR3;GNG12;PRKAB2;ADCY9;CACNB2;KCNS3;ADCY1;PRKAG2,CNT
prerank,Reactome_2022__FGFR2 Alternative Splicing R-HSA-6803529,0.5959955226167837,0.8865753319917429,0.7430997876857749,0.9384683300235425,1.0,14/26,9.64%,POLR2I;POLR2J;POLR2K;POLR2F;POLR2H;POLR2L;POLR2E;HNRNPA1;POLR2A;HNRNPF;GTF2F2;POLR2C;PTBP1;POLR2G,CNT
prerank,Reactome_2022__PKA-mediated Phosphorylation Of CREB R-HSA-111931,0.6094603957352318,0.8856060326374399,0.7522222222222222,0.9391749059953559,1.0,7/19,18.64%,CALM1;CREB1;PRKCA;ADCY9;ADCY1;PRKX;NBEA,CNT
prerank,Reactome_2022__Chk1/Chk2(Cds1) Mediated Inactivation Of Cyclin B:Cdk1 Complex R-HSA-75035,0.6301234311778873,0.8850749417251697,0.7634032634032634,0.9391711976316371,1.0,4/13,14.04%,YWHAH;REXO2;YWHAQ;YWHAG,CNT
prerank,Reactome_2022__Downregulation Of ERBB2 Signaling R-HSA-8863795,0.5982967108209811,0.8843871626273834,0.7775445960125918,0.9394389861326701,1.0,10/29,6.03%,UBB;RPS27A;UBA52;ERBB2;HSP90AA1;CDC37;STUB1;EGFR;ERBB3;UBC,CNT
prerank,Reactome_2022__SARS-CoV-2 Modulates Autophagy R-HSA-9754560,0.6312343251174705,0.8843469122512904,0.7444051825677267,0.9386464525848723,1.0,6/11,18.95%,MAP1LC3B;TUFM;VPS41;VPS11;VPS16;VPS33B,CNT
prerank,Reactome_2022__RHOG GTPase Cycle R-HSA-9013408,0.5756117791735442,0.8831865181370802,0.8138351983723296,0.9394903460410553,1.0,28/73,16.58%,HSPE1;NDUFA5;ARHGDIA;CYFIP1;ARHGAP1;NDUFS3;IQGAP2;OPHN1;ITGB1;TMPO;STX5;LAMTOR1;VAPB;YKT6;ESYT1;RHOG;PAK4;ANKLE2;PLEKHG3;VAMP3;ARHGAP39;RAB7A;LEMD3;ELMO2;MPP7;PIK3R1;DOCK5;TRIO,CNT
prerank,Reactome_2022__Synthesis Of Bile Acids And Bile Salts Via 7Alpha-Hydroxycholesterol R-HSA-193368,0.598664662700778,0.882176451703774,0.7709923664122137,0.9402054252957609,1.0,8/24,20.64%,SLC27A5;RXRA;AMACR;ACOT8;ACOX2;AKR1C3;HSD3B7;NR1H4,CNT
prerank,Reactome_2022__Cyclin A/B1/B2 Associated Events During G2/M Transition R-HSA-69273,0.6074616128520375,0.8815773026160746,0.7747844827586207,0.9403163739234819,1.0,6/25,13.12%,LCMT1;PPP2R1A;MNAT1;CCNH;PPP2CA;PPP2R2A,CNT
prerank,Reactome_2022__ERBB2 Regulates Cell Motility R-HSA-6785631,-0.4897596728781439,-0.8807279781514341,0.5945945945945946,0.8648355224329342,1.0,2/15,0.39%,ERBB4;EGF,CNT
prerank,Reactome_2022__RHOA GTPase Cycle R-HSA-8980692,0.5648730683862032,0.8796879169145718,0.8473895582329317,0.94223768234008,1.0,48/147,16.07%,DDRGK1;DIAPH1;JUP;RHOA;FAM13A;BCAP31;ARHGDIA;PCDH7;ARHGAP1;FLOT1;CCDC115;OPHN1;TMPO;STX5;SNAP23;TJP2;EMC3;VAPB;ARHGAP8;IQGAP1;ARHGEF11;ARHGAP18;STARD13;YKT6;ARHGEF7;SCFD1;STOM;HMOX2;FLOT2;MACO1;ARHGEF19;PRPF38B;OBSCN;PIK3R2;ARHGEF10L;PLEKHG3;DHDDS;MYO9A;AKAP13;VAMP3;ARHGAP39;DAAM1;SLK;RACGAP1;ARHGAP4;C1QBP;PIK3R1;ARHGEF17,CNT
prerank,Reactome_2022__G Alpha (I) Signaling Events R-HSA-418594,0.5574489266438233,0.8785915157156048,0.897,0.9430074409163225,1.0,43/310,17.45%,GNG5;HEBP1;PPP1CA;GNAS;RGS6;GNAI3;GNB2;CALM1;GNB1;GNG10;GNAQ;GNB5;GNG11;PPP2R1A;PDE1C;CDK5;CREB1;PRKCA;PCP2;CX3CL1;CXCL16;PPP2CA;GPSM1;KNG1;GNG7;POMC;AHCYL1;ITPR3;GNG12;PPP3CC;PLCB4;ADCY9;C5AR1;KPNA2;PRKCD;SRC;PPP3CB;ADCY1;RGS10;PPP3R1;LPAR2;PRKX;CAMKK2,CNT
prerank,Reactome_2022__Retrograde Transport At Trans-Golgi-Network R-HSA-6811440,0.5810080180880375,0.8748955789441555,0.8090815273477813,0.947732706927571,1.0,20/48,14.71%,NAA38;RAB9A;VPS51;COG3;SYS1;TMF1;NAPG;TGOLN2;STX10;SCOC;STX16;COG4;IGF2R;VPS53;COG1;PLIN3;VAMP3;VPS54;ARFRP1;M6PR,CNT
prerank,Reactome_2022__Keratan Sulfate/Keratin Metabolism R-HSA-1638074,0.5822903045386991,0.8741376815745789,0.7812828601472135,0.9480017343430983,1.0,12/33,19.17%,HEXA;HEXB;B4GAT1;GLB1;GNS;B4GALT3;SLC35D2;B4GALT1;B4GALT4;B3GNT7;B4GALT6;ST3GAL2,CNT
prerank,Reactome_2022__PKA Activation In Glucagon Signaling R-HSA-164378,0.6088355688975596,0.8738504123618713,0.7611111111111111,0.9475657476636073,1.0,4/16,15.82%,GNAS;PRKCA;ADCY9;ADCY1,CNT
prerank,Reactome_2022__Signaling By NTRK2 (TRKB) R-HSA-9006115,0.5913168071477511,0.8721659693661005,0.761129207383279,0.9491032780816288,1.0,11/23,15.64%,HRAS;GRB2;CDK5;PTPN11;FRS2;SOS1;SHC1;NRAS;PLCG1;SRC;PIK3R1,CNT
prerank,Reactome_2022__Defective Pyroptosis R-HSA-9710421,0.6229733695774895,0.872090112913301,0.7694090382387022,0.9483635147422756,1.0,4/13,13.29%,RBBP7;DNMT1;PRIM2;SUZ12,CNT
prerank,Reactome_2022__Platelet Adhesion To Exposed Collagen R-HSA-75892,0.6174795611877772,0.8697730108955356,0.7520759193357058,0.9508013227469385,1.0,2/12,7.26%,ITGB1;LYN,CNT
prerank,Reactome_2022__CTNNB1 S33 Mutants Not Phosphorylated R-HSA-5358747,0.6082865496200205,0.8684173484674517,0.7727784026996626,0.9518875996159452,1.0,9/15,18.23%,PPP2R5C;PPP2R5E;PPP2R1A;PPP2R5A;PPP2CA;CTNNB1;AMER1;PPP2R5B;PPP2R5D,CNT
prerank,Reactome_2022__Beta-catenin Phosphorylation Cascade R-HSA-196299,0.5999193084147392,0.8672318491530688,0.760797342192691,0.9526709674703967,1.0,9/17,18.23%,PPP2R5C;PPP2R5E;PPP2R1A;PPP2R5A;PPP2CA;CTNNB1;AMER1;PPP2R5B;PPP2R5D,CNT
prerank,Reactome_2022__Crosslinking Of Collagen Fibrils R-HSA-2243919,-0.5215130830889375,-0.8671193088448582,0.6046511627906976,0.8789573675409073,1.0,1/10,2.31%,PCOLCE,CNT
prerank,Reactome_2022__G Alpha (S) Signaling Events R-HSA-418555,0.561259415838831,0.8670577901281619,0.8881048387096774,0.9520646231255299,1.0,24/152,16.40%,GNG5;ADM;GNAS;GNAI3;PDE8B;GNB2;GNB1;GNG10;ITGB1;GNB5;GNG11;PRKCA;GNG7;POMC;GNG12;GPR27;SHC1;PTRH2;C1QTNF1;ADCY9;SRC;PDE8A;ADCY1;RAMP2,CNT
prerank,Reactome_2022__Aspartate And Asparagine Metabolism R-HSA-8963693,0.6303667960776602,0.8668894012718278,0.7666666666666667,0.9514637760871723,1.0,4/11,18.00%,GOT2;ASPA;GOLT1A;SLC25A12,CNT
prerank,Reactome_2022__GABA Receptor Activation R-HSA-977443,0.5700471189928865,0.8667939054265522,0.8317948717948718,0.9507727717389349,1.0,9/59,6.42%,GNG5;GNAI3;GNB2;GNB1;GNG10;KCNJ10;GNB5;GNG11;KCNJ3,CNT
prerank,Reactome_2022__Peptide Ligand-Binding Receptors R-HSA-375276,0.5530592197194242,0.8657800166703623,0.9059059059059059,0.9513163630278724,1.0,26/195,25.59%,HEBP1;AVPR1A;EDNRB;F2RL1;CX3CL1;CXCL16;KNG1;POMC;RIPK2;C5AR1;C5AR2;CXCL3;BDKRB2;NTS;NPSR1;BDKRB1;CXCL2;MC1R;CCL28;KISS1;NPFF;APP;CXCL10;NPY5R;XK;OPRM1,CNT
prerank,Reactome_2022__SHC1 Events In ERBB2 Signaling R-HSA-1250196,-0.4648041999613854,-0.865629610031681,0.5352112676056338,0.8677885040814436,1.0,2/21,0.39%,ERBB4;EGF,CNT
prerank,Reactome_2022__Assembly Of Collagen Fibrils And Other Multimeric Structures R-HSA-2022090,-0.3734155022345042,-0.8653487342777916,0.76,0.8543445039198455,1.0,12/57,6.63%,COL4A3;DST;COL4A5;COL11A1;COL5A2;COL4A4;PCOLCE;COL27A1;ITGA6;CTSL;COL1A2;COL10A1,CNT
prerank,Reactome_2022__Protein-protein Interactions At Synapses R-HSA-6794362,0.5561947626906191,0.8631130212912408,0.849746192893401,0.9540875770250387,1.0,21/88,16.75%,SHARPIN;FLOT1;PPFIA1;LIN7C;CASK;PTPRF;EPB41L1;LIN7A;FLOT2;DLGAP4;EPB41;EPB41L5;PDLIM5;APBA3;DBNL;RTN3;IL1RAPL1;PPFIBP2;LRFN3;SLITRK4;DLGAP3,CNT
prerank,Reactome_2022__RAC2 GTPase Cycle R-HSA-9013404,0.559751930913806,0.8610537945031216,0.8612244897959184,0.956029000476823,1.0,29/86,15.64%,CYBA;BRK1;MTX1;ARHGDIA;CYFIP1;ARHGAP1;OPHN1;ITGB1;TMPO;WASF2;ABI2;CDC42EP4;LAMTOR1;PIK3R3;VAPB;IQGAP1;ESYT1;SWAP70;ABI1;PAK4;ANKLE2;PIK3R2;VAMP3;ARHGAP39;RAB7A;LEMD3;RACGAP1;MPP7;PIK3R1,CNT
prerank,Reactome_2022__Initial Triggering Of Complement R-HSA-166663,0.5934944204104061,0.8606869532948207,0.794928335170893,0.9557052876145554,1.0,4/20,23.81%,PIKFYVE;HNRNPC;C1R;COLEC10,CNT
prerank,Reactome_2022__Inositol Phosphate Metabolism R-HSA-1483249,0.5677608660811979,0.8593886487559415,0.8256784968684759,0.9565644821251525,1.0,15/48,18.13%,IMPA2;PPIP5K2;PLCG2;CALM1;IPMK;MINPP1;INPP1;IP6K2;ITPK1;PLCB4;INPPL1;PLCG1;PTEN;PLCH1;PPIP5K1,CNT
prerank,Reactome_2022__Signaling By FGFR1 R-HSA-5654736,0.5712604807053948,0.8592595434662631,0.8350515463917526,0.9558902623223504,1.0,21/49,15.64%,UBB;RPS27A;UBA52;HRAS;GRB2;UBC;PPP2R1A;PTPN11;FGFR1;FRS2;PPP2CA;SOS1;FGFRL1;CBL;SHC1;NRAS;BRAF;MAPK3;PLCG1;SRC;PIK3R1,CNT
prerank,Reactome_2022__Nonhomologous End-Joining (NHEJ) R-HSA-5693571,0.5738038570465922,0.8577000647201883,0.8148535564853556,0.9571429822584817,1.0,15/34,19.60%,XRCC6;UIMC1;KAT5;MRE11;RNF8;TDP2;UBE2V2;BABAM1;POLM;ABRAXAS1;NSD2;PAXIP1;MDC1;DCLRE1C;LRIF1,CNT
prerank,Reactome_2022__Processing Of Intronless Pre-mRNAs R-HSA-77595,0.5906776323112714,0.8569738672688908,0.7904967602591793,0.9572441677786558,1.0,7/20,13.33%,NUDT21;PCF11;WDR33;CSTF3;CPSF7;CPSF4;CPSF3,CNT
prerank,Reactome_2022__Establishment Of Sister Chromatid Cohesion R-HSA-2468052,0.6157313610332775,0.8566568674327105,0.7792207792207793,0.9568109795192288,1.0,6/11,18.45%,RAD21;STAG2;SMC3;ESCO1;WAPL;PMEPA1,CNT
prerank,Reactome_2022__PI-3K cascade:FGFR4 R-HSA-5654720,-0.4462755382733622,-0.8555873536323032,0.6210526315789474,0.8605421776819504,1.0,4/20,5.06%,FGF13;PIK3CA;PIGU;FGF9,CNT
prerank,Reactome_2022__Norepinephrine Neurotransmitter Release Cycle R-HSA-181430,0.5917949085585545,0.8554934245443183,0.7848518111964874,0.9574934143150469,1.0,4/18,13.50%,PPFIA1;MAOA;TSPOAP1;RAB3A,CNT
prerank,Reactome_2022__RAC1 GTPase Cycle R-HSA-9013149,0.5494234050661736,0.8550070861533011,0.9028056112224448,0.9572870509509835,1.0,64/176,18.91%,CYBA;BRK1;NISCH;FAM13A;ARHGDIA;CYFIP1;ARHGAP1;IQGAP2;OPHN1;ITGB1;TMPO;JAG1;WASF2;ABI2;SNAP23;CDC42EP4;SOS2;LAMTOR1;PIK3R3;IQGAP1;ARHGEF11;WIPF2;YKT6;ESYT1;SWAP70;SRGAP2;ARHGAP12;ARHGEF7;ABI1;NOXA1;ARHGEF19;PAK4;WASL;SOS1;PIK3R2;CDC42BPA;SPATA13;WASF3;PLEKHG3;DHDDS;AMIGO2;VAMP3;FERMT2;ARHGAP39;RAB7A;SLC1A5;LEMD3;DOCK9;PARD6A;RACGAP1;ARHGAP4;MPP7;PIK3R1;DOCK5;TRIO;TAOK3;BAIAP2;PLD2;DLC1;TIAM2;WIPF1;ABR;DOCK8;ARHGEF10,CNT
prerank,Reactome_2022__Chemokine Receptors Bind Chemokines R-HSA-380108,0.5577760577265913,0.8539922948281793,0.8355739400206825,0.9577803529276258,1.0,11/56,28.51%,CX3CL1;CXCL16;CXCL3;CXCL2;CCL28;CXCL10;CXCL13;CCL2;ACKR2;CCR1;CCR9,CNT
prerank,Reactome_2022__RORA Activates Gene Expression R-HSA-1368082,0.5853861105416516,0.8527393677433124,0.7971175166297118,0.9585249607831222,1.0,7/18,12.38%,TBL1X;TBL1XR1;CPT1A;RXRA;MBD4;EP300;SMARCD3,CNT
prerank,Reactome_2022__Signaling By Non-Receptor Tyrosine Kinases R-HSA-9006927,0.5608091839581086,0.8509387542840098,0.8388090349075975,0.9599278793921963,1.0,19/52,12.22%,UBB;RPS27A;UBA52;RHOA;ERBB2;HRAS;BCAR1;CDKN1B;CDK4;EGFR;ERBB3;UBC;PTPN1;HIF1A;KHDRBS1;STAT3;CRK;AKT1;CBL,CNT
prerank,Reactome_2022__MECP2 Regulates Neuronal Receptors And Channels R-HSA-9022699,0.5928812247262375,0.8503872274116164,0.7923250564334086,0.9597786828274047,1.0,5/18,11.68%,RNMT;PTPN1;MECP2;CREB1;NOTCH1,CNT
prerank,Reactome_2022__Insulin Processing R-HSA-264876,0.5750784609595188,0.8495976569921109,0.8058887677208287,0.9599310294446631,1.0,11/27,18.77%,EXOC7;SLC30A6;EXOC4;ERO1A;ERO1B;CLTRN;SLC30A5;KIF5B;EXOC5;VAMP2;MYRIP,CNT
prerank,Reactome_2022__RUNX2 Regulates Osteoblast Differentiation R-HSA-8940973,0.5814463914924207,0.8493882175353129,0.7925531914893617,0.9593388410437937,1.0,10/23,17.03%,YES1;HDAC3;BGLAP;CBFB;RB1;MAPK3;SRC;HDAC6;WWTR1;ABL1,CNT
prerank,Reactome_2022__Generation Of Second Messenger Molecules R-HSA-202433,0.5752976406845829,0.8476746852884482,0.8066239316239316,0.960627233544272,1.0,7/29,16.99%,PLCG2;NCK1;ARHGEF7;HLA-DRA;PLCG1;ENAH;VASP,CNT
prerank,Reactome_2022__Signaling By Type 1 Insulin-like Growth Factor 1 Receptor (IGF1R) R-HSA-2404192,-0.3888395435956287,-0.8476446787211203,0.7317073170731707,0.8634989667344044,1.0,8/53,5.06%,KL;FGF13;PIK3CA;PDPK1;PIGU;PIK3CB;IGF1R;FGF9,CNT
prerank,Reactome_2022__Gastrulation R-HSA-9758941,0.5910634467792134,0.8475694865721939,0.7961711711711712,0.9599405247697678,1.0,1/17,2.23%,SMAD2,CNT
prerank,Reactome_2022__Signaling By WNT In Cancer R-HSA-4791275,0.5689079664315314,0.8457003365700418,0.8300104931794333,0.9614306895729348,1.0,13/33,16.46%,PPP2R5C;PPP2R5E;PPP2R1A;KREMEN1;LRP5;PPP2R5A;PPP2CA;FZD8;TCF7L2;CTNNB1;RNF43;AMER1;PPP2R5B,CNT
prerank,Reactome_2022__Olfactory Signaling Pathway R-HSA-381753,0.5406535751877021,0.8450849518860217,0.96,0.9613800950604683,1.0,1/385,4.47%,GNB1,CNT
prerank,Reactome_2022__Synthesis Of PIPs At Plasma Membrane R-HSA-1660499,-0.38601717399315205,-0.8450627578631108,0.7857142857142857,0.8552149127306301,1.0,16/51,5.18%,PLEKHA5;SBF2;INPP4B;PTPN13;OCRL;PIK3C2G;PIP4K2C;PIK3CA;PIP4K2B;RAB5A;PLEKHA3;PIP5K1A;PIK3CB;MTMR3;PIP4K2A;SYNJ2,CNT
prerank,Reactome_2022__Common Pathway Of Fibrin Clot Formation R-HSA-140875,0.5841845221274116,0.8447223848882327,0.8123644251626898,0.9609881586394355,1.0,9/22,29.57%,FAM110A;F8;PROS1;PROCR;SERPINA5;PROC;F13A1;CD177;F2R,CNT
prerank,Reactome_2022__Signaling By PDGF R-HSA-186797,0.5530436731084406,0.8439373627264802,0.8414006179196705,0.9611159779056215,1.0,22/52,15.64%,HRAS;BCAR1;COL6A1;GRB2;COL4A2;PTPN11;NCK1;FURIN;STAT3;COL4A1;CRK;SOS1;GRB7;PIK3R2;NRAS;CRKL;STAT5A;PDGFC;RAPGEF1;PLCG1;SRC;PIK3R1,CNT
prerank,Reactome_2022__Canonical Retinoid Cycle In Rods (Twilight Vision) R-HSA-2453902,0.5777002010759031,0.8436184286174087,0.8152524167561761,0.9606815784827122,1.0,4/23,14.49%,RDH11;HSD17B1;NAPEPLD;CYP4V2,CNT
prerank,Reactome_2022__Signaling By FGFR1 In Disease R-HSA-5655302,0.5638103483114928,0.843540627765703,0.8308510638297872,0.9599429043795131,1.0,15/35,15.64%,HRAS;ERLIN2;GRB2;LRRFIP1;FGFR1;FRS2;BAG4;STAT3;CUX1;SOS1;CNTRL;NRAS;STAT5A;PLCG1;PIK3R1,CNT
prerank,Reactome_2022__Extracellular Matrix Organization R-HSA-1474244,0.5375709273664271,0.8434957276681224,0.946,0.9591665376867389,1.0,56/291,15.88%,P4HB;PPIB;ITGAE;CAPNS1;PSEN1;CAPN2;AGRN;CAPN1;ITGB1;COL6A1;DDR1;CRTAP;CD151;TRAPPC4;DAG1;CTSB;NCSTN;MMP14;COL4A2;SMIM6;ITGA3;LAMB1;ITGB5;COL12A1;COL18A1;PLOD2;NTN4;PRKCA;LTBP3;CASK;TIMP2;EFEMP1;ADAM9;SERPINH1;CTSD;FBLN5;FURIN;HSPG2;BSG;SDC2;ITGB8;COL4A1;CAPN7;P4HA1;PHYKPL;PLOD3;ICAM3;DMTF1;PLEC;CASP3;ADAMTS1;COLGALT1;LMNB2;P3H1;ACTN1;MMP7,CNT
prerank,Reactome_2022__IRS-related Events Triggered By IGF1R R-HSA-2428928,-0.3980074049532027,-0.8433566373301289,0.7804878048780488,0.8455846648359507,1.0,8/51,5.06%,KL;FGF13;PIK3CA;PDPK1;PIGU;PIK3CB;IGF1R;FGF9,CNT
prerank,Reactome_2022__Phospholipid Metabolism R-HSA-1483257,0.537601568560715,0.8433066249156131,0.924,0.9585705681832168,1.0,60/207,16.50%,AGPAT2;PLD3;PEMT;SACM1L;CDS2;HADHA;PLEKHA1;RAB14;RAB4A;PLBD1;STARD10;PTPMT1;CLSTN1;SLC44A3;PLAAT4;PLA2G15;PNPLA2;CSNK2B;GPAT4;GDE1;CSNK2A2;ABHD4;CHKB;LPIN2;PIK3R3;AGPAT3;VAC14;CPNE1;MBOAT1;SLC44A2;CRLS1;CHPT1;LPIN1;ARF3;OSBPL8;STARD7;PI4K2B;PLAAT3;PIKFYVE;AGPAT1;PIK3R2;PTDSS2;CDIPT;LPCAT4;SELENOI;PIK3C2A;PI4KB;DDHD2;PLA2G4F;PIP4P1;ETNK2;DGAT2;PIP5K1C;INPPL1;PIK3R1;SLC44A1;PTEN;RUFY1;PLEKHA2;LPCAT1,CNT
prerank,Reactome_2022__APC Truncation Mutants Have Impaired AXIN Binding R-HSA-5467337,0.5972312294353499,0.8428798771818147,0.7993119266055045,0.9582219482664386,1.0,8/14,18.23%,PPP2R5C;PPP2R5E;PPP2R1A;PPP2R5A;PPP2CA;AMER1;PPP2R5B;PPP2R5D,CNT
prerank,Reactome_2022__Factors Involved In Megakaryocyte Development And Platelet Production R-HSA-983231,0.5378293532498192,0.8408993520480903,0.8998988877654196,0.9597461440659051,1.0,44/133,19.14%,KIF22;CAPZB;CAPZA2;KLC4;ZFPM1;KDM1A;GATA3;RAD51C;HMG20B;EHD1;CBX5;CDK5;PRKCA;MAFG;GATA2;KIF1C;KIF12;MFN1;CAPZA1;KIF16B;TP53;KIF27;KIF3A;ITPK1;JMJD1C;IRF2;SH2B1;KIF5B;DOCK9;HBD;IRF1;RACGAP1;KIF9;PHF21A;DOCK5;KIF26B;ABL1;ZFPM2;MAFK;SIN3A;MICAL1;DOCK8;WEE1;EHD3,CNT
prerank,Reactome_2022__Synthesis Of IP3 And IP4 In Cytosol R-HSA-1855204,0.5675813654321317,0.8401456225096599,0.8167202572347267,0.9597517384304319,1.0,8/26,17.47%,PLCG2;CALM1;ITPK1;PLCB4;INPPL1;PLCG1;PTEN;PLCH1,CNT
prerank,Reactome_2022__Golgi Cisternae Pericentriolar Stack Reorganization R-HSA-162658,0.5983130050069738,0.8386228074873107,0.8100686498855835,0.9606771768401217,1.0,5/14,17.30%,RAB1B;RAB2A;MAPK3;BLZF1;GORASP1,CNT
prerank,Reactome_2022__Cohesin Loading Onto Chromatin R-HSA-2470946,0.6018830502956362,0.8379408929564148,0.7947178871548619,0.9606406214316037,1.0,6/10,18.45%,RAD21;NIPBL;STAG2;SMC3;WAPL;PMEPA1,CNT
prerank,Reactome_2022__Retinoid Metabolism And Transport R-HSA-975634,0.5585493571449814,0.8370493082675439,0.8471074380165289,0.960753016045695,1.0,11/43,13.55%,LRP10;AGRN;C1D;RDH11;APOE;HSPG2;SDC2;GPC3;GPC4;LRP12;RIMBP2,CNT
prerank,Reactome_2022__Negative Regulation Of FGFR1 Signaling R-HSA-5654726,0.5663802515867087,0.8368116722925613,0.8455882352941176,0.9601816076572447,1.0,10/33,10.35%,UBB;RPS27A;UBA52;GRB2;UBC;PPP2R1A;PTPN11;FGFR1;FRS2;PPP2CA,CNT
prerank,Reactome_2022__Polo-like Kinase Mediated Events R-HSA-156711,0.5826588652418572,0.8345610222583872,0.7926008968609866,0.9618827813505195,1.0,5/16,20.78%,EP300;LIN37;LIN54;WEE1;LIN52,CNT
prerank,MSigDB_Hallmark_2020__Notch Signaling,0.5599646787370496,0.8340984187721177,0.8361522198731501,1.0,1.0,12/32,16.45%,SKP1;APH1A;RBX1;HES1;JAG1;PSENEN;PRKCA;NOTCH1;TCF7L2;NOTCH2;CUL1;FZD1,CNT
prerank,Reactome_2022__Signaling By Insulin Receptor R-HSA-74752,0.5462087731942874,0.833589744681126,0.896236012207528,0.9621783931895558,1.0,31/77,15.87%,ATP6V1G1;ATP6V0E1;ATP6V0C;HRAS;ATP6V0D1;THEM4;GRB2;ATP6V0B;ATP6V0E2;PTPN11;ATP6V1G3;ATP6V1B2;FGFR1;ATP6V1D;FRS2;FGFR2;ATP6V1E1;ATP6V1F;SOS1;PIK3R2;FGF7;ATP6V0A4;SHC1;IRS1;NRAS;ATP6V1C2;MAPK3;FGFR3;GRB10;PIK3R1;ATP6V1E2,CNT
prerank,Reactome_2022__Regulation Of Insulin Secretion R-HSA-422356,0.5462897541602946,0.8331802358052545,0.8813905930470347,0.9617959233021353,1.0,19/77,13.35%,GNG5;GNAS;GNB2;RAPGEF3;GNB1;GNG10;CACNA2D2;GNAQ;GNB5;GNG11;IQGAP1;PRKCA;CHRM3;RAP1A;MARCKS;GNG7;AHCYL1;ITPR3;GNG12,CNT
prerank,Reactome_2022__IGF1R Signaling Cascade R-HSA-2428924,-0.38914829511649757,-0.8326256477956603,0.8,0.8539031520494941,1.0,8/52,5.06%,KL;FGF13;PIK3CA;PDPK1;PIGU;PIK3CB;IGF1R;FGF9,CNT
prerank,Reactome_2022__Hyaluronan Metabolism R-HSA-2142845,0.5747929771565686,0.8318879075356526,0.8036117381489842,0.9623773333357757,1.0,4/16,10.04%,HEXA;HYAL2;HEXB;CHORDC1,CNT
prerank,Reactome_2022__RAC3 GTPase Cycle R-HSA-9013423,0.5416317103453553,0.8317633259690952,0.8930753564154786,0.9616896666969184,1.0,31/92,15.64%,CYBA;BRK1;CYFIP1;ARHGAP1;OPHN1;ITGB1;TMPO;JAG1;WASF2;ABI2;SNAP23;LAMTOR1;YKT6;ESYT1;SWAP70;SRGAP2;ABI1;NOXA1;PAK4;PIK3R2;AMIGO2;VAMP3;FERMT2;ARHGAP39;RAB7A;SLC1A5;LEMD3;RACGAP1;RAPGEF1;MPP7;PIK3R1,CNT
prerank,Reactome_2022__Glycosaminoglycan Metabolism R-HSA-1630316,0.5350638185070009,0.8310676997603816,0.9041372351160444,0.9616507895368858,1.0,45/120,20.91%,CHST3;AGRN;HEXA;B3GAT3;B4GALT7;CSGALNACT1;SLC35B2;CHST12;HYAL2;HEXB;XYLT2;SGSH;EXT1;PAPSS1;CHPF;HSPG2;DSE;B4GAT1;CHORDC1;SDC2;SLC35B3;GLB1;HS6ST1;GNS;B4GALT3;GPC3;SLC35D2;GPC4;B4GALT1;SLC26A2;NAGLU;HS3ST1;B4GALT4;CHST14;B3GALT6;B3GNT7;CD44;B4GALT6;ST3GAL2;NDST2;CHPF2;IDUA;SDC4;NDST3;ST3GAL6,CNT
prerank,Reactome_2022__Non-integrin membrane-ECM Interactions R-HSA-3000171,0.5474412056642721,0.8297330621756809,0.8497409326424871,0.9622949534649611,1.0,12/41,10.04%,AGRN;ITGB1;DDR1;TRAPPC4;DAG1;LAMB1;ITGB5;NTN4;PRKCA;CASK;HSPG2;SDC2,CNT
prerank,MSigDB_Hallmark_2020__Wnt-beta Catenin Signaling,0.5509303733051109,0.8294550549580969,0.8512396694214877,0.9923612148260078,1.0,22/42,24.09%,JAG1;NCSTN;HDAC5;CSNK1E;RBPJ;NCOR2;DVL2;NOTCH1;FZD8;TP53;CTNNB1;CUL1;FZD1;DLL1;PSEN2;TCF7;LEF1;JAG2;PTCH1;AXIN2;CCND2;HEY1,CNT
prerank,Reactome_2022__Mitotic Telophase/Cytokinesis R-HSA-68884,0.5843287022606686,0.8294317154622607,0.7988372093023256,0.9618371384116123,1.0,6/13,18.45%,RAD21;NIPBL;STAG2;SMC3;WAPL;PMEPA1,CNT
prerank,Reactome_2022__Other Interleukin Signaling R-HSA-449836,0.5642438443073684,0.8292728112254242,0.8313767342582711,0.9611821228593077,1.0,8/24,23.17%,TYK2;JAK1;STX4;CASP3;VAMP2;SNAP25;IL32;IFNLR1,CNT
prerank,Reactome_2022__RUNX2 Regulates Bone Development R-HSA-8941326,0.5586698044522661,0.8291483200065763,0.8115183246073299,0.9605026360934754,1.0,11/29,17.03%,YES1;HDAC3;BGLAP;CBFB;RB1;MAPK3;SRC;HDAC6;WWTR1;HDAC4;ABL1,CNT
prerank,Reactome_2022__ERK/MAPK Targets R-HSA-198753,0.5697226056077576,0.8288712507767749,0.823721436343852,0.9599895656476669,1.0,12/22,18.23%,DUSP3;PPP2R1A;MAPK14;PPP2CA;DUSP6;RPS6KA2;RPS6KA3;VRK3;MAPK7;MAPK3;RPS6KA1;PPP2R5D,CNT
prerank,Reactome_2022__RND2 GTPase Cycle R-HSA-9696270,0.5518896769709664,0.8282953436886483,0.8522012578616353,0.959752292535285,1.0,17/42,15.64%,NISCH;ARHGAP1;WDR6;ALDH3A2;NUDC;KIDINS220;TXNL1;FRS2;ANKRD26;KCTD13;PIK3R2;LRRC1;RBMX;UBXN11;LEMD3;GOLGA3;PIK3R1,CNT
prerank,Reactome_2022__YAP1- And WWTR1 (TAZ)-stimulated Gene Expression R-HSA-2032785,0.5780335028360246,0.8281370928263609,0.8116438356164384,0.9591233560621532,1.0,6/15,16.11%,HIPK2;HIPK1;TEAD1;CCN2;KAT2B;WWTR1,CNT
prerank,Reactome_2022__Pre-NOTCH Processing In Golgi R-HSA-1912420,-0.43624121556740814,-0.8258684738686453,0.6938775510204082,0.8536056354338267,1.0,5/18,3.08%,ATP2A2;ST3GAL4;SEL1L;ST3GAL3;NOTCH3,CNT
prerank,Reactome_2022__PRC2 Methylates Histones And DNA R-HSA-212300,0.5857462072497294,0.8233672985004504,0.8018223234624146,0.9633330867354716,1.0,5/13,13.99%,RBBP7;DNMT1;MTF2;SUZ12;PHF1,CNT
prerank,Reactome_2022__Serotonin Neurotransmitter Release Cycle R-HSA-181429,0.5678414345505846,0.8216724759749336,0.8217821782178217,0.9641922449308111,1.0,5/18,18.23%,PPFIA1;TSPOAP1;RAB3A;SYN2;VAMP2,CNT
prerank,Reactome_2022__O-linked Glycosylation Of Mucins R-HSA-913709,0.5361311620536433,0.8203536876518494,0.8581780538302277,0.9647513502724132,1.0,15/57,20.08%,MUC20;C1GALT1C1;MUC15;C1GALT1;GALNT3;ST6GAL1;GCNT4;ST6GALNAC4;GALNT2;B3GNTL1;B3GNT7;B4GALT6;ST3GAL2;GALNT12;B3GNT9,CNT
prerank,Reactome_2022__Signaling By ERBB2 KD Mutants R-HSA-9664565,-0.4154629486029276,-0.8201030393298016,0.7571428571428571,0.8525019258326638,1.0,3/24,1.58%,ERBB4;EGF;PIK3CA,CNT
prerank,Reactome_2022__PD-1 Signaling R-HSA-389948,0.5654925915400899,0.8179725338186454,0.8278145695364238,0.9663224031867089,1.0,4/18,15.86%,PTPN11;HLA-DRA;PTPN6;CSK,CNT
prerank,Reactome_2022__Signaling By ERBB2 TMD/JMD Mutants R-HSA-9665686,-0.4272667022348612,-0.8176737688082412,0.7283950617283951,0.8452804313444435,1.0,2/21,0.39%,ERBB4;EGF,CNT
prerank,Reactome_2022__Disassembly Of Destruction Complex And Recruitment Of AXIN To Membrane R-HSA-4641262,0.5505557599529756,0.8169446353293264,0.8462343096234309,0.9665417177978934,1.0,12/29,16.46%,PPP2R5C;PPP2R5E;PPP2R1A;LRP5;PPP2R5A;DVL2;PPP2CA;CSNK1G2;CTNNB1;AMER1;FZD1;PPP2R5B,CNT
prerank,Reactome_2022__Role Of Second Messengers In Netrin-1 Signaling R-HSA-418890,-0.4922039986094088,-0.8166938666164548,0.65,0.835119648693797,1.0,5/10,11.60%,TRPC1;NTN1;PITPNA;DCC;TRPC4,CNT
prerank,Reactome_2022__GAG Synthesis Requires Tetrasaccharide Linker Sequence R-HSA-1971475,0.5487919993122369,0.8152276424110246,0.825107296137339,0.9674359178547167,1.0,8/26,13.03%,AGRN;B3GAT3;B4GALT7;XYLT2;HSPG2;SDC2;GPC3;GPC4,CNT
prerank,Reactome_2022__RUNX3 Regulates NOTCH Signaling R-HSA-8941856,-0.46149071052630075,-0.8137932577272289,0.6567164179104478,0.8285597903421933,1.0,4/13,4.09%,MAML2;MAML3;MAMLD1;MAML1,CNT
prerank,"Reactome_2022__Unblocking Of NMDA Receptors, Glutamate Binding And Activation R-HSA-438066",0.5611164946118063,0.8132672145511796,0.8424507658643327,0.9685120864625919,1.0,6/21,22.82%,CALM1;LRRC7;CAMK2B;LLGL1;GRIN2B;GRIA3,CNT
prerank,Reactome_2022__DCC Mediated Attractive Signaling R-HSA-418885,0.5648269680614988,0.8128203950848193,0.8099078341013825,0.9681368359708911,1.0,5/14,16.58%,NCK1;PTK2;WASL;SRC;TRIO,CNT
prerank,Reactome_2022__Laminin Interactions R-HSA-3000157,0.5544352217274968,0.8126843251108631,0.8320610687022901,0.9674617288912285,1.0,5/22,9.76%,ITGB1;ITGA3;LAMB1;COL18A1;HSPG2,CNT
prerank,Reactome_2022__Signaling By ERBB2 In Cancer R-HSA-1227990,-0.4140078160663154,-0.8108544982621352,0.7384615384615385,0.8227693149061082,1.0,3/25,1.58%,ERBB4;EGF;PIK3CA,CNT
prerank,Reactome_2022__PI-3K cascade:FGFR3 R-HSA-5654710,-0.4267675451712465,-0.8102514343342286,0.7171717171717171,0.8128023241378166,1.0,4/18,5.06%,FGF13;PIK3CA;PIGU;FGF9,CNT
prerank,Reactome_2022__Stimuli-sensing Channels R-HSA-2672351,0.525017394992307,0.8098174942199454,0.9039433771486349,0.969461177206997,1.0,21/100,13.09%,UBB;RPS27A;UBA52;WNK4;SCNN1B;CALM1;CLCN3;ANO10;MCOLN1;UBC;BSND;SCNN1G;SRI;STOM;TRPV5;TSC22D3;TRPM3;CLCN7;TRPC4AP;TRPV4;TPCN1,CNT
prerank,Reactome_2022__ECM Proteoglycans R-HSA-3000178,0.529517130504094,0.8095602011067543,0.8766564729867482,0.9688888947540689,1.0,8/55,15.54%,AGRN;ITGB1;DAG1;LAMB1;ITGB5;HSPG2;DMTF1;LMNB2,CNT
prerank,Reactome_2022__Integrin Cell Surface Interactions R-HSA-216083,0.5289106147098183,0.8083993743423326,0.8839103869653768,0.9692310772197547,1.0,12/66,12.12%,ITGAE;AGRN;ITGB1;COL4A2;ITGA3;ITGB5;COL18A1;HSPG2;BSG;ITGB8;COL4A1;ICAM3,CNT
prerank,Reactome_2022__IRS-mediated Signaling R-HSA-112399,-0.3934652537103202,-0.8067756812988127,0.9523809523809523,0.80796201040057,1.0,7/47,5.06%,KL;FGF13;PIK3CA;PDPK1;PIGU;PIK3CB;FGF9,CNT
prerank,Reactome_2022__VEGFR2 Mediated Cell Proliferation R-HSA-5218921,0.5585111746815824,0.8059535862476053,0.8250276854928018,0.9707504277822653,1.0,9/18,15.60%,HRAS;CALM1;PRKCA;AHCYL1;ITPR3;NRAS;PLCG1;PRKCD;SRC,CNT
prerank,Reactome_2022__Collagen Biosynthesis And Modifying Enzymes R-HSA-1650814,0.5251844649332541,0.8056817773187355,0.8880903490759754,0.9701894286932455,1.0,12/67,12.06%,P4HB;PPIB;COL6A1;CRTAP;COL4A2;COL12A1;COL18A1;PLOD2;SERPINH1;COL4A1;P4HA1;PLOD3,CNT
prerank,Reactome_2022__eNOS Activation R-HSA-203615,0.5765323195852173,0.8025890918855267,0.8402860548271752,0.972216914413597,1.0,4/11,11.24%,HSP90AA1;CALM1;DDAH2;AKT1,CNT
prerank,Reactome_2022__Phosphorylation Of CD3 And TCR Zeta Chains R-HSA-202427,0.5533703989902934,0.7997229719361686,0.8311258278145696,0.9739347396197633,1.0,3/17,15.86%,PTPRJ;HLA-DRA;CSK,CNT
prerank,Reactome_2022__PKA Activation R-HSA-163615,0.5541121002767132,0.7992177636274641,0.8357541899441341,0.9735871344514986,1.0,6/17,21.36%,CALM1;PRKCA;ADCY9;ADCY1;NBEA;PRKAR2B,CNT
prerank,Reactome_2022__Calcitonin-like Ligand Receptors R-HSA-419812,0.579038201531375,0.7988759089118377,0.8322981366459627,0.9730926629601319,1.0,1/10,1.35%,ADM,CNT
prerank,Reactome_2022__PLC Beta Mediated Events R-HSA-112043,0.5246831128866022,0.7977221460181971,0.8797927461139896,0.9733280855905314,1.0,18/47,20.10%,CALM1;GNAQ;PDE1C;CREB1;PRKCA;AHCYL1;ITPR3;PLCB4;ADCY9;KPNA2;PRKCD;ADCY1;PRKX;CAMKK2;NBEA;CAMKK1;CAMK2B;PLCB1,CNT
prerank,Reactome_2022__Neuronal System R-HSA-112316,0.5062895703707802,0.7955757811161214,0.986,0.9744245678022205,1.0,76/386,16.17%,GNG5;COMT;ALDH2;SHARPIN;GLUL;AP2A2;AP2M1;SLC38A2;GNAI3;AP2S1;KCNQ1;GNB2;SLC38A1;HRAS;CALM1;KCNJ1;FLOT1;GNB1;GNG10;KCNJ10;CACNA2D2;PPFIA1;GNB5;MAOA;LIN7C;GNG11;KCNJ3;CREB1;PRKAG1;DNAJC5;PRKCA;CASK;PRKAA2;ARHGEF7;TSPOAP1;PTPRF;EPB41L1;NAAA;LIN7A;FLOT2;RPS6KA6;DLGAP4;RPS6KA2;RPS6KA3;AP2A1;GNG7;EPB41;LRTOMT;EPB41L5;PDLIM5;HSPA8;APBA3;SLC1A1;GNG12;PANX2;RAB3A;PICK1;DBNL;RTN3;IL1RAPL1;PPFIBP2;NRAS;PRKAB2;LRFN3;ADCY9;MAPK3;GABRA2;CACNB2;KPNA2;SLC6A12;SRC;KCNS3;SLITRK4;ADCY1;PRKAG2;RPS6KA1,CNT
prerank,Reactome_2022__HDR Thru MMEJ (alt-NHEJ) R-HSA-5685939,0.5670868453486786,0.7950542335776357,0.8458904109589042,0.9740576527840176,1.0,6/12,17.44%,PARP1;MRE11;RAD52;PARP2;XRCC1;LRIG3,CNT
prerank,Reactome_2022__CDC42 GTPase Cycle R-HSA-9013148,0.5116783409543069,0.7950003167553304,0.9436619718309859,0.9733005771643221,1.0,57/148,20.69%,JUP;ARHGDIA;ARHGAP1;IQGAP2;OPHN1;TMPO;SNAP23;ARFGAP2;CDC42EP4;LAMTOR1;IQGAP1;ARHGEF11;CDC42BPB;WIPF2;STARD13;YKT6;SRGAP2;KCTD3;ARHGEF7;WDR91;STOM;CDC42EP3;ARHGEF19;CDC42EP2;PAK4;WASL;PIK3R2;CDC42BPA;SPATA13;PLEKHG3;VAMP3;ARHGAP39;SHKBP1;RAB7A;DAAM1;DOCK9;PARD6A;RACGAP1;ARHGAP4;FGD1;PIK3R1;FNBP1L;TRIO;MAP3K11;BAIAP2;DLC1;SYDE1;WIPF1;ABR;DOCK8;ARHGEF10;ARHGDIB;MCF2L;ARHGAP10;ECT2;ARHGEF26;VANGL1,CNT
prerank,Reactome_2022__TP53 Regulates Transcription Of Genes Involved In G1 Cell Cycle Arrest R-HSA-6804116,0.5684529011137028,0.793174157888023,0.8594285714285714,0.9740931848450566,1.0,3/14,17.06%,CDKN1B;TP53;PCBP4,CNT
prerank,Reactome_2022__Fertilization R-HSA-1187000,0.5414886735766702,0.7931262526311929,0.8387445887445888,0.9733256609030868,1.0,6/25,25.09%,CD9;B4GALT1;CATSPER3;IZUMO4;CATSPERB;ACR,CNT
prerank,Reactome_2022__Transmission Across Chemical Synapses R-HSA-112315,0.5059441834592865,0.793117822782706,0.973,0.9725285870243795,1.0,62/246,17.45%,GNG5;COMT;ALDH2;GLUL;AP2A2;AP2M1;SLC38A2;GNAI3;AP2S1;GNB2;SLC38A1;HRAS;CALM1;GNB1;GNG10;KCNJ10;CACNA2D2;PPFIA1;GNB5;MAOA;LIN7C;GNG11;KCNJ3;CREB1;PRKAG1;DNAJC5;PRKCA;CASK;PRKAA2;ARHGEF7;TSPOAP1;EPB41L1;NAAA;LIN7A;RPS6KA6;RPS6KA2;RPS6KA3;AP2A1;GNG7;LRTOMT;HSPA8;SLC1A1;GNG12;RAB3A;PICK1;NRAS;PRKAB2;ADCY9;MAPK3;GABRA2;CACNB2;KPNA2;SLC6A12;SRC;ADCY1;PRKAG2;RPS6KA1;GABRB3;CAMK1;SYN2;PRKX;CAMKK2,CNT
prerank,Reactome_2022__Organic Anion Transporters R-HSA-428643,0.5744953886805757,0.7923553768218776,0.8280487804878048,0.9723786302622254,1.0,2/10,19.00%,SLC25A22;SLC25A10,CNT
prerank,Reactome_2022__Pre-NOTCH Transcription And Translation R-HSA-1912408,0.5264142717965162,0.789781198225141,0.8618143459915611,0.9738055068400947,1.0,16/33,16.16%,JUN;RUNX1;ELF3;AGO2;TFDP2;TFDP1;RBPJ;SNW1;EP300;NOTCH1;AGO3;TP53;KAT2B;NOTCH2;PRKCI;MOV10,CNT
prerank,Reactome_2022__Heme Biosynthesis R-HSA-189451,0.5570770439781334,0.7878109480301217,0.8428405122235157,0.9746617328231612,1.0,5/14,17.20%,FECH;ALAD;HMBS;PPOX;FLVCR1,CNT
prerank,MSigDB_Hallmark_2020__Angiogenesis,0.5262410826814728,0.7869533831308448,0.8890052356020942,1.0,1.0,5/36,9.00%,S100A4;LRPAP1;JAG1;FGFR1;PTK2,CNT
prerank,Reactome_2022__Mucopolysaccharidoses R-HSA-2206281,0.5612714636100856,0.7866667876349145,0.8299643281807372,0.9747685716437426,1.0,5/11,16.19%,SGSH;GLB1;GNS;GALNS;NAGLU,CNT
prerank,Reactome_2022__Acetylcholine Neurotransmitter Release Cycle R-HSA-264642,0.5453473381463181,0.7861737232849094,0.8434684684684685,0.9744173610818716,1.0,4/17,18.23%,PPFIA1;TSPOAP1;RAB3A;VAMP2,CNT
prerank,Reactome_2022__Voltage Gated Potassium Channels R-HSA-1296072,0.519793684544826,0.7840920769969066,0.8908523908523909,0.9752626856479896,1.0,1/43,3.16%,KCNQ1,CNT
prerank,Reactome_2022__Synaptic Adhesion-Like Molecules R-HSA-8849932,0.5316724468046522,0.7814073071503762,0.85,0.976655665210911,1.0,5/21,14.34%,FLOT1;PTPRF;FLOT2;RTN3;LRFN3,CNT
prerank,Reactome_2022__Post NMDA Receptor Activation Events R-HSA-438064,-0.35385234010437666,-0.7804248098711406,0.8666666666666667,0.8417054376272173,1.0,12/61,7.71%,ERBB4;PRKAB1;NRG1;PDPK1;RNASE1;PRKAR1A;CAMK2D;PRKAR2A;PRKACB;PRKAR1B;DLG1;CAMK4,CNT
prerank,Reactome_2022__Heme Signaling R-HSA-9707616,0.5163659624608634,0.7796813896195937,0.8877338877338877,0.9772255389584709,1.0,18/44,18.03%,TBL1X;TBL1XR1;CREB1;HDAC3;RXRA;MBD4;CLOCK;EP300;CRTC2;NRIP1;MEF2D;SMARCD3;NR1D1;CRTC3;CARM1;SIRT1;NCOR1;MAFK,CNT
prerank,Reactome_2022__G-protein Mediated Events R-HSA-112040,0.5091061881287285,0.7786343232632037,0.8997933884297521,0.9773000750148824,1.0,19/52,20.10%,GNAI3;CALM1;GNAQ;PDE1C;CREB1;PRKCA;AHCYL1;ITPR3;PLCB4;ADCY9;KPNA2;PRKCD;ADCY1;PRKX;CAMKK2;NBEA;CAMKK1;CAMK2B;PLCB1,CNT
prerank,Reactome_2022__DAG And IP3 Signaling R-HSA-1489509,0.5180895697411368,0.7780472350589472,0.9117647058823529,0.9769490554429063,1.0,17/39,20.03%,CALM1;PDE1C;CREB1;PRKCA;PRKCE;AHCYL1;ITPR3;ADCY9;PLCG1;KPNA2;PRKCD;ADCY1;PRKX;CAMKK2;NBEA;CAMKK1;CAMK2B,CNT
prerank,Reactome_2022__Negative Regulation Of NMDA Receptor-Mediated Neuronal Transmission R-HSA-9617324,0.5351600417049152,0.7752163384085541,0.8638344226579521,0.9783385715521652,1.0,6/21,22.03%,CALM1;CAMK1;LRRC7;CAMK2B;LLGL1;GRIN2B,CNT
prerank,Reactome_2022__Formation Of Senescence-Associated Heterochromatin Foci (SAHF) R-HSA-2559584,0.5585987364379662,0.7748271288161904,0.858343337334934,0.9778396495530302,1.0,5/11,14.68%,HMGA1;CABIN1;HIRA;TP53;RB1,CNT
prerank,Reactome_2022__GAB1 Signalosome R-HSA-180292,0.5372224516374517,0.7738226581130678,0.8672566371681416,0.977837626799482,1.0,7/17,15.86%,GRB2;EGFR;PTPN11;TGFA;SRC;PIK3R1;CSK,CNT
prerank,Reactome_2022__FRS-mediated FGFR2 Signaling R-HSA-5654700,0.5336707417739137,0.7737270310435335,0.8840262582056893,0.9771110266816475,1.0,8/24,14.22%,HRAS;GRB2;PTPN11;FRS2;FGFR2;SOS1;FGF7;NRAS,CNT
prerank,Reactome_2022__Synthesis Of Pyrophosphates In Cytosol R-HSA-1855167,0.5613300515880486,0.7725661843859366,0.8537170263788969,0.9772198454161414,1.0,4/10,19.40%,PPIP5K2;ITPK1;PPIP5K1;IPPK,CNT
prerank,Reactome_2022__Collagen Formation R-HSA-1474290,0.49895744076630666,0.7720788660735899,0.9215291750503019,0.976794157522435,1.0,18/90,15.88%,P4HB;PPIB;COL6A1;CRTAP;CD151;CTSB;COL4A2;COL12A1;COL18A1;PLOD2;SERPINH1;COL4A1;P4HA1;PLOD3;PLEC;COLGALT1;P3H1;MMP7,CNT
prerank,Reactome_2022__Organic Cation Transport R-HSA-549127,0.5619359952511668,0.7718043291867934,0.8464285714285714,0.9761901030530326,1.0,3/10,13.89%,RUNX1;SLC22A18;SLC22A15,CNT
prerank,Reactome_2022__Adherens Junctions Interactions R-HSA-418990,0.5254529848387767,0.771416485213432,0.9,0.975691261407336,1.0,6/29,16.29%,JUP;NECTIN2;AFDN;CTNNB1;NECTIN3;ANG,CNT
prerank,Reactome_2022__Organic Cation/Anion/Zwitterion Transport R-HSA-549132,0.5429594744721512,0.7694943465994548,0.8663697104677061,0.9764109903147457,1.0,3/15,13.89%,RUNX1;SLC22A18;SLC22A15,CNT
prerank,Reactome_2022__FCERI Mediated Ca+2 Mobilization R-HSA-2871809,0.5206236760850209,0.7672660555198507,0.8888888888888888,0.9772696628122599,1.0,14/28,17.13%,SYK;PLCG2;CALM1;GRB2;LYN;SOS1;NFATC1;NFATC3;AHCYL1;ITPR3;SHC1;PLCG1;PPP3CB;PPP3R1,CNT
prerank,Reactome_2022__Intra-Golgi Traffic R-HSA-6811438,0.5052282205280682,0.7666223403635892,0.8871635610766045,0.9769324452430445,1.0,17/42,15.94%,GOSR1;TRIP11;COG3;CYTH2;STX5;NAPG;YKT6;MAN1A2;STX16;COG4;CUX1;GOLIM4;COG1;BET1L;MAN2A1;RAB33B;MAN2A2,CNT
prerank,Reactome_2022__Synthesis Of Very Long-Chain Fatty acyl-CoAs R-HSA-75876,0.518767495886802,0.7662527403385404,0.8627027027027027,0.9763953536879079,1.0,4/24,5.30%,TECR;HSD17B12;HACD3;ELOVL1,CNT
prerank,Reactome_2022__Hormone Ligand-Binding Receptors R-HSA-375281,0.5441826498553058,0.7656876810323705,0.8650519031141869,0.9760152525580676,1.0,4/12,31.09%,TSHR;GNRH1;LHB;FSHR,CNT
prerank,Reactome_2022__Acyl Chain Remodelling Of PC R-HSA-1482788,0.5184292123712215,0.7653872010176381,0.8858350951374208,0.9754479213722228,1.0,7/27,19.44%,PLBD1;PLAAT3;LPCAT4;PLA2G4F;LPCAT1;PLA2G6;PLA2R1,CNT
prerank,Reactome_2022__Na+/Cl- Dependent Neurotransmitter Transporters R-HSA-442660,0.5296314037189831,0.76275458801787,0.8782608695652174,0.9765381084600485,1.0,2/19,15.28%,SLC6A6;SLC6A12,CNT
prerank,Reactome_2022__NRAGE Signals Death Thru JNK R-HSA-193648,0.5000307960321326,0.7614898534450996,0.9289392378990731,0.9766880080535119,1.0,22/57,20.67%,BAD;SOS2;ARHGEF11;ARHGEF7;ARHGEF19;SOS1;PRPF38B;OBSCN;ARHGEF10L;AKAP13;ARHGEF37;BCL2L11;FGD1;ARHGEF17;TRIO;TIAM2;ABR;ARHGEF10;MCF2L;PLEKHG5;ECT2;ARHGEF26,CNT
prerank,Reactome_2022__Aspirin ADME R-HSA-9749641,0.5067869397276492,0.7591721810120314,0.9176225234619395,0.9775187888680843,1.0,11/43,25.94%,CES2;BSG;CYP2E1;CES1;GLYATL1;ACSM2B;ALB;GLYAT;CYP2C9;UGT1A1;UGT2A1,CNT
prerank,Reactome_2022__Intrinsic Pathway Of Fibrin Clot Formation R-HSA-140837,0.5265702713622528,0.7590619267927255,0.8808234019501625,0.9767908872562208,1.0,9/21,21.66%,SERPING1;KNG1;FAM110A;C1QBP;F8;ZNF160;PROS1;VWF;SERPINA5,CNT
prerank,Reactome_2022__Downstream Signaling Of Activated FGFR2 R-HSA-5654696,0.5152474077472349,0.7574092125356007,0.9045064377682404,0.9771663529840237,1.0,11/29,15.64%,HRAS;GRB2;PTPN11;FRS2;FGFR2;SOS1;FGF7;SHC1;NRAS;PLCG1;PIK3R1,CNT
prerank,Reactome_2022__Tryptophan Catabolism R-HSA-71240,0.5321481249191575,0.7538457607595427,0.8620689655172413,0.9789050439058041,1.0,2/14,16.49%,SLC3A2;KYAT3,CNT
prerank,Reactome_2022__SLC Transporter Disorders R-HSA-5619102,0.4888421105768249,0.7519115404794869,0.9656218402426694,0.9794089536246638,1.0,36/99,18.41%,SLC39A4;SLC40A1;AVPR1A;SEC13;NUP88;RANBP2;SLC3A2;SLC11A2;NUP214;SEH1L;NUP37;POM121C;NUP153;NUP93;BSG;NUP54;SLC4A1;NUP42;NUP43;SLC1A1;SLC22A18;SLC35A2;NUP85;SLC9A7;NUP155;SLC26A2;NUP58;SLC27A4;SLC4A4;NUP160;TPR;NUP205;SLC12A6;NUP35;NUP188;NUP62,CNT
prerank,Reactome_2022__Activation Of SMO R-HSA-5635838,0.523605994246821,0.7499144605418557,0.8775956284153006,0.9799802154878067,1.0,8/18,23.06%,GAS8;KIF3A;GAS1;EVC;ARRB2;EVC2;EFCAB7;PTCH1,CNT
prerank,Reactome_2022__Cellular Hexose Transport R-HSA-189200,0.5196952870341144,0.7491225290526555,0.8990228013029316,0.9797113692559811,1.0,4/21,14.64%,MFSD4B;SLC50A1;SLC2A8;SLC2A12,CNT
prerank,Reactome_2022__O-linked Glycosylation R-HSA-5173105,0.478757330971029,0.7475247116999666,0.9442755825734549,0.9799833316382899,1.0,25/105,20.08%,THSD7A;MUC20;C1GALT1C1;MUC15;POMGNT1;DAG1;THSD4;SBSPON;C1GALT1;GALNT3;ST6GAL1;B4GAT1;POMT1;GCNT4;ST6GALNAC4;GALNT2;ADAMTS1;B3GNTL1;POFUT2;THSD7B;B3GNT7;B4GALT6;ST3GAL2;GALNT12;B3GNT9,CNT
prerank,MSigDB_Hallmark_2020__KRAS Signaling Dn,0.47918900228964534,0.7469600957507528,0.968937875751503,1.0,1.0,28/199,16.18%,BMPR1B;GPRC5C;SLC25A23;COQ8A;CDH16;BTG2;CCDC106;GAMT;SPTBN2;PTPRJ;SELENOP;MAGIX;CELSR2;MX1;THNSL2;PDK2;PTGFR;VPS50;DTNB;ASB7;SNN;FGFR3;EFHD1;COPZ2;CLSTN3;ZNF112;GTF3C5;TFAP2B,CNT
prerank,Reactome_2022__Neurotransmitter Receptors And Postsynaptic Signal Transmission R-HSA-112314,0.47590898145630267,0.745550516089981,0.9729458917835672,0.9805082340544818,1.0,46/182,18.07%,GNG5;AP2A2;AP2M1;GNAI3;AP2S1;GNB2;HRAS;CALM1;GNB1;GNG10;KCNJ10;GNB5;LIN7C;GNG11;KCNJ3;CREB1;PRKAG1;PRKCA;CASK;PRKAA2;ARHGEF7;EPB41L1;LIN7A;RPS6KA6;RPS6KA2;RPS6KA3;AP2A1;GNG7;GNG12;PICK1;NRAS;PRKAB2;ADCY9;MAPK3;GABRA2;KPNA2;SRC;ADCY1;PRKAG2;RPS6KA1;GABRB3;CAMK1;PRKX;CAMKK2;PRKAA1;APBA1,CNT
prerank,Reactome_2022__RND1 GTPase Cycle R-HSA-9696273,0.49406446955214733,0.7440868127448428,0.9204545454545454,0.9806197756776808,1.0,20/42,20.69%,WDR6;ALDH3A2;KIDINS220;TXNL1;FLOT2;FRS2;ANKRD26;GRB7;PIK3R2;RBMX;UBXN11;LEMD3;CCDC88A;RASAL2;PIK3R1;TMEM59;VANGL2;FRS3;PLEKHG5;VANGL1,CNT
prerank,Reactome_2022__Phase 0 - Rapid Depolarisation R-HSA-5576892,0.5004374607759652,0.7429063975325992,0.9140127388535032,0.9806260709208211,1.0,9/32,15.00%,CALM1;CACNA2D2;SCN3A;RANGRF;FGF12;SCN2A;SCN1B;SCN7A;CACNB2,CNT
prerank,Reactome_2022__Telomere C-strand Synthesis Initiation R-HSA-174430,0.5290231607287506,0.7404073170694501,0.8796728971962616,0.981488375440597,1.0,3/12,13.18%,TERF2IP;TINF2;PRIM2,CNT
prerank,Reactome_2022__Eicosanoid Ligand-Binding Receptors R-HSA-391903,-0.41702058211172366,-0.7397388141417712,0.8172043010752689,0.8941840636449133,1.0,1/15,0.25%,PTGER3,CNT
prerank,Reactome_2022__Activated TAK1 Mediates P38 MAPK Activation R-HSA-450302,0.5116978146611292,0.7375734585766656,0.8846584546472565,0.9824751796962452,1.0,7/19,16.64%,MAPKAPK2;MAPKAPK3;TRAF6;MAPK14;UBE2V1;RIPK2;TAB3,CNT
prerank,MSigDB_Hallmark_2020__KRAS Signaling Up,0.4727875740847798,0.7340845861508263,0.982982982982983,0.9862021187541494,1.0,54/199,19.12%,PSMB8;G0S2;JUP;FUCA1;BPGM;TSPAN1;GADD45G;CROT;GNG11;PIGR;USP12;GALNT3;GLRX;ST6GAL1;SEMA3B;HOXD11;CAB39L;DCBLD2;WDR33;ETS1;F2RL1;ERO1A;PCSK1N;ID2;ANKH;MAP3K1;TMEM176A;PRELID3B;DUSP6;YRDC;PPP1R15A;EVI5;ZNF639;CBL;SCN1B;MAP7;ABCB1;RBM4;TRIB2;ZNF277;TMEM158;SATB1;AMMECR1;BIRC3;PEG3;TOR1AIP2;HKDC1;PTCD2;IGFBP3;SPARCL1;BTBD3;CBX8;MPZL2;ATG10,CNT
prerank,Reactome_2022__GPCR Ligand Binding R-HSA-500792,0.4671875067007955,0.7331432393190879,0.998,0.98439407203535,1.0,26/455,14.09%,GNG5;HEBP1;ADM;GNAS;GNB2;GNB1;PTGER1;GNG10;CD55;GNB5;GNG11;AVPR1A;EDNRB;CHRM3;F2RL1;CX3CL1;CXCL16;KNG1;FZD8;GNG7;POMC;GNG12;PTGFR;PTRH2;RIPK2;C1QTNF1,CNT
prerank,Reactome_2022__NOD1/2 Signaling Pathway R-HSA-168638,0.4911268124163142,0.7299415224260121,0.9140708915145005,0.9856073893683467,1.0,12/33,17.61%,AAMP;TRAF6;BIRC2;MAPK14;CASP4;UBE2V1;RIPK2;CASP9;BIRC3;TAB3;CASP2;MAPK13,CNT
prerank,Reactome_2022__FGFR1 Mutant Receptor Activation R-HSA-1839124,0.49202406474866983,0.7288728639044567,0.9222462203023758,0.9854188969371879,1.0,10/29,15.64%,ERLIN2;GRB2;LRRFIP1;FGFR1;BAG4;STAT3;CUX1;CNTRL;STAT5A;PIK3R1,CNT
prerank,Reactome_2022__NCAM Signaling For Neurite Out-Growth R-HSA-375165,0.4755453553652256,0.728844397257026,0.9365404298874105,0.9846555981184664,1.0,17/57,15.60%,AGRN;HRAS;SPTBN2;COL6A1;GRB2;COL4A2;CREB1;SPTAN1;PTPRA;FGFR1;PTK2;COL4A1;SOS1;NRAS;MAPK3;CACNB2;SRC,CNT
prerank,Reactome_2022__Synthesis Of PIPs At Late Endosome Membrane R-HSA-1660517,0.5245006796081757,0.7284387800835537,0.8874251497005988,0.9841081048298929,1.0,6/11,23.04%,VAC14;PIKFYVE;PIK3C2A;MTMR9;MTM1;MTMR7,CNT
prerank,"Reactome_2022__Defective B4GALT7 Causes EDS, Progeroid Type R-HSA-3560783",0.49863877439910737,0.7283759186243259,0.8902305159165752,0.9833542926614556,1.0,6/20,13.03%,AGRN;B4GALT7;HSPG2;SDC2;GPC3;GPC4,CNT
prerank,Reactome_2022__Muscle Contraction R-HSA-397014,0.46560700880848066,0.7281380409493421,0.9799599198396793,0.9827076000808073,1.0,36/194,13.14%,MYL12B;MYL6B;TPM4;ALDH2;MYL12A;TPM3;TLN1;MYL6;HIPK2;KCNQ1;CALM1;CACNA2D2;KCNIP4;KCNIP1;ATP1B2;AKAP9;VCL;ITGB5;SCN3A;RANGRF;PRKCA;MYL3;ATP2B1;FGF12;ANXA2;SRI;HIPK1;FXYD4;SCN2A;MYL9;TPM1;KAT2B;FXYD3;SCN1B;AHCYL1;ITPR3,CNT
prerank,Reactome_2022__Defective B3GAT3 Causes JDSSDHD R-HSA-3560801,0.5004079844135316,0.7269579871770496,0.9056603773584906,0.9826328086387571,1.0,6/20,13.03%,AGRN;B3GAT3;HSPG2;SDC2;GPC3;GPC4,CNT
prerank,Reactome_2022__Xenobiotics R-HSA-211981,0.4989727304850303,0.7253809697487535,0.9088913282107574,0.9827832594641512,1.0,8/22,28.83%,AHR;CYP3A5;CYP2E1;CYP3A43;CYP2C9;AHRR;CYP2C8;CYP2J2,CNT
prerank,Reactome_2022__Pre-NOTCH Expression And Processing R-HSA-1912422,0.47551897273051535,0.724993257031498,0.9351184346035015,0.9822538340256745,1.0,20/49,16.16%,JUN;RUNX1;ELF3;AGO2;RFNG;TFDP2;TFDP1;RBPJ;FURIN;SNW1;EP300;NOTCH1;AGO3;TP53;KAT2B;NOTCH2;B4GALT1;POGLUT1;PRKCI;MOV10,CNT
prerank,Reactome_2022__Activation Of PPARGC1A (PGC-1alpha) By Phosphorylation R-HSA-2151209,0.5243914086128207,0.7247291074235205,0.8921212121212121,0.9816372614311961,1.0,5/10,16.14%,PRKAG1;PRKAA2;MAPK14;PRKAB2;PRKAG2,CNT
prerank,Reactome_2022__Downstream Signaling Of Activated FGFR3 R-HSA-5654708,0.4948385941733458,0.724282078440564,0.9047109207708779,0.9811135793326778,1.0,10/24,15.64%,HRAS;GRB2;PTPN11;FRS2;SOS1;SHC1;NRAS;PLCG1;FGFR3;PIK3R1,CNT
prerank,"Reactome_2022__BMAL1:CLOCK,NPAS2 Activates Circadian Gene Expression R-HSA-1368108",0.4919773715030024,0.7231553455341678,0.9044038668098818,0.9810036098333619,1.0,6/25,12.38%,TBL1X;TBL1XR1;RXRA;MBD4;CLOCK;SMARCD3,CNT
prerank,Reactome_2022__JNK (c-Jun Kinases) Phosphorylation And Activation Mediated By Activated Human TAK1 R-HSA-450321,-0.39207308919899136,-0.7228586264402901,0.8383838383838383,0.9059321569323475,1.0,8/18,10.47%,TAB2;MAP3K7;UBE2N;IRAK1;TAB1;MAPK8;MAPK9;NOD1,CNT
prerank,Reactome_2022__SHC-mediated cascade:FGFR2 R-HSA-5654699,0.5000583299149665,0.7221254441707271,0.9010989010989011,0.9808299757779632,1.0,7/22,14.22%,HRAS;GRB2;FGFR2;SOS1;FGF7;SHC1;NRAS,CNT
prerank,"Reactome_2022__GABA Synthesis, Release, Reuptake And Degradation R-HSA-888590",0.49666081112216603,0.7214281914725522,0.8947951273532669,0.9804445208329489,1.0,7/19,21.77%,DNAJC5;HSPA8;RAB3A;SLC6A12;VAMP2;ABAT;SNAP25,CNT
prerank,Reactome_2022__FRS-mediated FGFR3 Signaling R-HSA-5654706,0.5014301606498779,0.7211308168267572,0.9028697571743929,0.979850137107592,1.0,7/19,15.05%,HRAS;GRB2;PTPN11;FRS2;SOS1;NRAS;FGFR3,CNT
prerank,"Reactome_2022__Synthesis Of IP2, IP, And Ins In Cytosol R-HSA-1855183",0.5059973341187441,0.7211190288171587,0.8947963800904978,0.9790903082991416,1.0,2/14,8.98%,IMPA2;INPP1,CNT
prerank,Reactome_2022__Synthesis Of Bile Acids And Bile Salts R-HSA-192105,0.4815479721702774,0.7200597612966592,0.9162248144220573,0.9789187308981244,1.0,6/34,10.93%,SLC27A5;OSBPL2;RXRA;AMACR;OSBP;ACOT8,CNT
prerank,Reactome_2022__Transport Of Inorganic Cations/Anions And Amino Acids/Oligopeptides R-HSA-425393,0.4643235348333782,0.7177597081744631,0.9696356275303644,0.9794373431589489,1.0,30/104,18.34%,SLC38A2;SLC25A29;SLC38A1;SLC25A26;CALM1;SLC16A10;SLC3A2;SRI;SLC38A4;SLC4A2;SLC4A1;SLC12A7;SLC1A1;SLC6A6;SLC15A2;SLC9A2;SLC7A1;SLC26A11;SLC9A7;SLC1A5;SLC4A9;SLC9A4;SLC6A12;SLC26A2;SLC4A4;SLC7A8;SLC7A2;SLC12A6;SLC26A6;SLC25A22,CNT
prerank,Reactome_2022__Tandem Pore Domain Potassium Channels R-HSA-1296346,0.5081973739949701,0.71730909775509,0.8870967741935484,0.9789091615205704,1.0,1/12,18.07%,KCNK1,CNT
prerank,Reactome_2022__Fatty acyl-CoA Biosynthesis R-HSA-75105,0.4770950350581423,0.714925660825266,0.9365750528541226,0.9794555343769142,1.0,6/37,5.30%,TECR;HSD17B12;HSD17B8;HACD3;SCD5;ELOVL1,CNT
prerank,Reactome_2022__Heparan Sulfate/Heparin (HS-GAG) Metabolism R-HSA-1638091,0.4672681138936721,0.7138983314943995,0.9466666666666667,0.9792604205032703,1.0,13/53,13.03%,AGRN;B3GAT3;B4GALT7;XYLT2;SGSH;EXT1;HSPG2;SDC2;GLB1;HS6ST1;GPC3;SLC35D2;GPC4,CNT
prerank,Reactome_2022__FRS-mediated FGFR4 Signaling R-HSA-5654712,0.4905063756135812,0.7113824346955249,0.9091903719912473,0.9798698385932475,1.0,6/21,14.22%,HRAS;GRB2;PTPN11;FRS2;SOS1;NRAS,CNT
prerank,"Reactome_2022__Regulation Of Glycolysis By Fructose 2,6-Bisphosphate Metabolism R-HSA-9634600",0.5081519986299423,0.7105567399320253,0.8847980997624703,0.9795543646266252,1.0,5/12,18.23%,PPP2R1A;PRKCA;PPP2CA;PFKFB3;PPP2R5D,CNT
prerank,Reactome_2022__Regulation Of TP53 Activity Thru Association With Co-factors R-HSA-6804759,0.5006255965246564,0.7069709214096782,0.902247191011236,0.9806420012649878,1.0,6/14,19.66%,AKT1;TP53;AKT3;PPP1R13L;TP53BP2;PPP1R13B,CNT
prerank,Reactome_2022__Reduction Of Cytosolic Ca++ Levels R-HSA-418359,0.5042771816241831,0.7066295556510142,0.901072705601907,0.9800576542962034,1.0,3/11,8.57%,CALM1;ATP2B1;SRI,CNT
prerank,Reactome_2022__Interleukin-37 Signaling R-HSA-9008059,0.4870151369615027,0.706159765853418,0.9040793825799338,0.9795145052947962,1.0,7/21,15.09%,SIGIRR;PTPN11;STAT3;PTPN23;PTPN20;TBK1;PTPN6,CNT
prerank,Reactome_2022__Netrin-1 Signaling R-HSA-373752,0.4645889489207727,0.7054785014671427,0.9451913133402275,0.9791158480435425,1.0,12/49,17.61%,PTPN11;NTN4;EZR;NCK1;PTK2;MAPK14;WASL;SIAH2;PLCG1;SRC;TRIO;MAPK13,CNT
prerank,Reactome_2022__Downstream Signaling Of Activated FGFR4 R-HSA-5654716,0.47864599334178576,0.7047116632280158,0.9286474973375932,0.9787761723067906,1.0,9/26,15.64%,HRAS;GRB2;PTPN11;FRS2;SOS1;SHC1;NRAS;PLCG1;PIK3R1,CNT
prerank,Reactome_2022__Nephrin Family Interactions R-HSA-373753,0.4838060214936422,0.7042049872255505,0.9218241042345277,0.9782928219946924,1.0,10/22,15.97%,IQGAP1;SPTAN1;CD2AP;CASK;NCK1;WASL;PIK3R2;PIK3R1;ACTN1;KIRREL1,CNT
prerank,Reactome_2022__Unwinding Of DNA R-HSA-176974,0.5038949761018099,0.7016896833966533,0.8927710843373494,0.978770057244014,1.0,6/11,27.70%,MCM4;GINS2;MCM7;MCM8;GINS3;MCM5,CNT
prerank,Reactome_2022__TP53 Regulates Transcription Of Caspase Activators And Caspases R-HSA-6803207,0.5048344457857141,0.7011719104760906,0.9153132250580046,0.9782717302011945,1.0,4/12,17.35%,PIDD1;TP53;CASP10;CASP2,CNT
prerank,Reactome_2022__Blood Group Systems Biosynthesis R-HSA-9033658,-0.35304717202099056,-0.6934269867560938,0.9382716049382716,0.932061133337567,1.0,3/22,2.79%,ABO;ST3GAL4;ST3GAL3,CNT
prerank,Reactome_2022__Other Semaphorin Interactions R-HSA-416700,0.4792058310733305,0.6924243033431762,0.9142236699239956,0.9819573619836292,1.0,5/19,17.97%,ITGB1;SEMA4A;SEMA4D;SEMA6A;ITGA1,CNT
prerank,Reactome_2022__Bile Acid And Bile Salt Metabolism R-HSA-194068,0.4577958145868681,0.691548408167607,0.9449064449064449,0.9816034415645896,1.0,6/45,10.93%,SLC27A5;OSBPL2;RXRA;AMACR;OSBP;ACOT8,CNT
prerank,Reactome_2022__Ion Channel Transport R-HSA-983712,0.4442534780563526,0.6877235331194463,0.988988988988989,0.982700643017947,1.0,42/174,12.67%,UBB;RPS27A;ATP6V1G1;ATP6V0E1;UBA52;ATP6V0C;WNK4;SCNN1B;CALM1;CLCN3;ATP6V0D1;ANO10;ATP6V0B;ATP6V0E2;ATP1B2;MCOLN1;UBC;PDZD11;BSND;ATP13A1;SCNN1G;ATP9B;ATP8B1;ATP6V1G3;ATP6V1B2;ATP2B1;SRI;ATP6V1D;ATP9A;ATP13A2;STOM;TRPV5;ATP6V1E1;FXYD4;TSC22D3;TRPM3;ATP6V1F;ATP11B;CLCN7;TRPC4AP;FXYD3;TRPV4,CNT
prerank,Reactome_2022__Formation Of Fibrin Clot (Clotting Cascade) R-HSA-140877,0.46162302054274107,0.6832818866123115,0.9592050209205021,0.9839812401274941,1.0,10/37,21.66%,SERPING1;KNG1;FAM110A;C1QBP;F8;ZNF160;PROS1;PROCR;VWF;SERPINA5,CNT
prerank,Reactome_2022__HDMs Demethylate Histones R-HSA-3214842,0.4633416027460775,0.6782597396624419,0.9352750809061489,0.9855772542854752,1.0,7/23,10.72%,KDM1A;RIOX2;KDM2A;KDM6A;KDM3B;KDM4B;KDM5B,CNT
prerank,Reactome_2022__Synthesis Of PE R-HSA-1483213,0.4820441371305989,0.6778401318083813,0.9171461449942463,0.9850156638692078,1.0,5/13,14.02%,CHKB;LPIN2;LPIN1;SELENOI;ETNK2,CNT
prerank,Reactome_2022__Notch-HLH Transcription Pathway R-HSA-350054,0.45253053875439625,0.673474524565384,0.9421221864951769,0.9862460992509442,1.0,13/28,17.56%,TBL1X;TBL1XR1;HDAC3;HDAC5;RBPJ;NCOR2;SNW1;NOTCH1;KAT2B;NOTCH2;HDAC6;HDAC4;NCOR1,CNT
prerank,"Reactome_2022__Defective EXT1 Causes Exostoses 1, TRPS2 And CHDS R-HSA-3656253",0.472121632481784,0.6677936321096041,0.9340909090909091,0.9879859886803269,1.0,6/13,13.03%,AGRN;EXT1;HSPG2;SDC2;GPC3;GPC4,CNT
prerank,Reactome_2022__Nuclear Signaling By ERBB4 R-HSA-1251985,0.4520660377566621,0.6670815165350839,0.9543524416135881,0.9875222804011827,1.0,8/32,5.95%,MXD4;APH1A;STMN1;PSEN1;APOE;PSENEN;NCSTN;COPS2,CNT
prerank,Reactome_2022__PKMTs Methylate Histone Lysines R-HSA-3214841,0.43820319114429657,0.6618095523327833,0.9606625258799172,0.9890695621896076,1.0,17/44,19.41%,DPY30;RBBP7;RELA;PRDM16;SETD3;EHMT2;RBBP5;KMT2C;KMT2B;SUZ12;SETD6;NFKB2;NSD2;SETDB1;NSD1;SETD7;SUV39H2,CNT
prerank,Reactome_2022__CRMPs In Sema3A Signaling R-HSA-399956,-0.3757864403275577,-0.6608222972671057,0.9090909090909091,0.9547806725090493,1.0,4/16,9.13%,GSK3B;CRMP1;NRP1;PLXNA1,CNT
prerank,Reactome_2022__Signaling By FGFR3 In Disease R-HSA-5655332,0.45439397029332795,0.6604524406236785,0.9404761904761905,0.9888920241410172,1.0,8/21,15.64%,HRAS;GRB2;FRS2;SOS1;NRAS;PLCG1;FGFR3;PIK3R1,CNT
prerank,Reactome_2022__Adenylate Cyclase Inhibitory Pathway R-HSA-170670,0.46754360048438565,0.6599789303890614,0.9171597633136095,0.9883460656854252,1.0,3/13,15.82%,GNAI3;ADCY9;ADCY1,CNT
prerank,Reactome_2022__Myogenesis R-HSA-525793,0.44333110819847454,0.6573918092222786,0.9507853403141361,0.9887013353529062,1.0,7/29,17.03%,BNIP2;MAPK14;MEF2D;TCF7L2;CTNNB1;MEF2B;ABL1,CNT
prerank,Reactome_2022__SHC-mediated cascade:FGFR3 R-HSA-5654704,0.4601406237101387,0.6548983263673965,0.9382022471910112,0.9889984641393066,1.0,6/17,15.05%,HRAS;GRB2;SOS1;SHC1;NRAS;FGFR3,CNT
prerank,Reactome_2022__Negative Regulation Of PI3K/AKT Network R-HSA-199418,0.4220906962333311,0.6539887283475729,0.9878787878787879,0.9886162212759262,1.0,36/113,16.46%,IER3;ERBB2;PPP2R5C;CLSTN1;RNMT;THEM4;GRB2;EGFR;PPP2R5E;ERBB3;PPP2R1A;PIK3R3;PTPN11;TRAF6;FGFR1;RHOG;PHLPP1;IRAK4;PPP2R5A;FRS2;FGFR2;PPP2CA;TGFA;SOS1;AKT1;PIK3R2;FGF7;PIP5K1C;IRS1;AKT3;MAPK3;FGFR3;SRC;PIK3R1;PTEN;PPP2R5B,CNT
prerank,Reactome_2022__RND3 GTPase Cycle R-HSA-9696264,0.4347426616242397,0.6513692297986369,0.9582463465553236,0.9889020786966669,1.0,14/42,15.64%,NISCH;WDR6;CKB;TXNL1;FLOT2;ANKRD26;KCTD13;PIK3R2;RBMX;UBXN11;LEMD3;CCDC88A;RASAL2;PIK3R1,CNT
prerank,Reactome_2022__Synthesis Of Bile Acids And Bile Salts Via 27-Hydroxycholesterol R-HSA-193807,0.45275744414013,0.6461530460962122,0.9509132420091324,0.990184498002124,1.0,4/15,20.64%,RXRA;AKR1C3;HSD3B7;NR1H4,CNT
prerank,Reactome_2022__Cell Surface Interactions At Vascular Wall R-HSA-202733,0.41372845936600683,0.6421479834354367,0.9929292929292929,0.9910537258251866,1.0,36/133,16.18%,GAS6;PPIA;EPCAM;HRAS;ITGB1;GRB2;CXADR;ATP1B2;SELENOP;YES1;CD74;ITGA3;SLC3A2;DEAF1;PTPN11;LYN;CD58;TNFRSF10B;BSG;SDC2;MERTK;PPIL2;SOS1;GRB7;PIK3R2;PICK1;SHC1;NRAS;PLCG1;TNFRSF10D;PTPN6;SRC;PIK3R1;SLC7A8;CD99;PSG4,CNT
prerank,Reactome_2022__SHC-mediated cascade:FGFR4 R-HSA-5654719,0.44398394930589286,0.6371800630236124,0.9400665926748057,0.9921604059966113,1.0,5/19,14.22%,HRAS;GRB2;SOS1;SHC1;NRAS,CNT
prerank,Reactome_2022__Regulation Of PTEN mRNA Translation R-HSA-8943723,0.45692601946999745,0.6337822683147829,0.9501187648456056,0.9926448577590978,1.0,6/11,18.56%,AGO2;VAPA;AGO3;PTEN;MOV10;AGO4,CNT
prerank,"Reactome_2022__PI5P, PP2A And IER3 Regulate PI3K/AKT Signaling R-HSA-6811558",0.40663471885445973,0.6293858764541744,0.9898887765419616,0.9934831026458198,1.0,31/106,15.64%,IER3;ERBB2;PPP2R5C;CLSTN1;RNMT;GRB2;EGFR;PPP2R5E;ERBB3;PPP2R1A;PIK3R3;PTPN11;TRAF6;FGFR1;RHOG;IRAK4;PPP2R5A;FRS2;FGFR2;PPP2CA;TGFA;SOS1;AKT1;PIK3R2;FGF7;PIP5K1C;IRS1;MAPK3;FGFR3;SRC;PIK3R1,CNT
prerank,Reactome_2022__Keratan Sulfate Biosynthesis R-HSA-2022854,0.4220868882505826,0.6291924821833758,0.9574014909478168,0.9927931649733873,1.0,9/28,20.91%,B4GAT1;B4GALT3;SLC35D2;B4GALT1;B4GALT4;B3GNT7;B4GALT6;ST3GAL2;ST3GAL6,CNT
prerank,MSigDB_Hallmark_2020__Hedgehog Signaling,0.42002633824982843,0.6271279000564528,0.9676746611053181,0.9910689028086482,1.0,4/36,7.22%,TLE3;OPHN1;NRCAM;MYH9,CNT
prerank,"Reactome_2022__FOXO-mediated Transcription Of Oxidative Stress, Metabolic And Neuronal Genes R-HSA-9615017",0.42393948534536974,0.6265690506820376,0.9711229946524064,0.9929776744258589,1.0,9/28,19.71%,SMAD2;POMC;ATXN3;SIRT3;FOXO4;PCK1;FOXO1;SIN3A;IGFBP1,CNT
prerank,Reactome_2022__Receptor-type Tyrosine-Protein Phosphatases R-HSA-388844,0.43139899864313347,0.6230013386008457,0.9593406593406594,0.9934399363297756,1.0,5/20,15.76%,PPFIA1;PTPRF;IL1RAPL1;PPFIBP2;SLITRK4,CNT
prerank,Reactome_2022__Syndecan Interactions R-HSA-3000170,0.4280065471843916,0.6223981305015724,0.9621802002224694,0.992879722261359,1.0,6/20,10.04%,ITGB1;TRAPPC4;ITGB5;PRKCA;CASK;SDC2,CNT
prerank,Reactome_2022__HS-GAG Degradation R-HSA-2024096,0.4250602959272271,0.6180367242319679,0.9617486338797814,0.9935958279513161,1.0,7/21,13.03%,AGRN;SGSH;HSPG2;SDC2;GLB1;GPC3;GPC4,CNT
prerank,Reactome_2022__Amine Ligand-Binding Receptors R-HSA-375280,0.4064931883510083,0.6161466100222002,0.9727748691099476,0.9934902043559393,1.0,1/40,7.71%,CHRM3,CNT
prerank,Reactome_2022__Sialic Acid Metabolism R-HSA-4085001,0.4107306554278108,0.6140805951816444,0.9684542586750788,0.9934432590721531,1.0,10/33,22.52%,ST6GAL1;GLB1;ST6GALNAC4;ST6GALNAC6;NANP;NPL;ST6GAL2;ST3GAL2;ST3GAL6;ST8SIA6,CNT
prerank,Reactome_2022__P2Y Receptors R-HSA-417957,-0.3736857249302639,-0.6134436769971373,0.9182389937106918,0.9796505755489124,1.0,2/11,11.47%,LPAR6;P2RY14,CNT
prerank,Reactome_2022__Signaling By PDGFR In Disease R-HSA-9671555,0.42328165417824815,0.6103775304187709,0.9672489082969432,0.9938518547730596,1.0,8/19,15.64%,HRAS;GRB2;STAT3;SOS1;PIK3R2;ETV6;NRAS;PIK3R1,CNT
prerank,Reactome_2022__Fatty Acids R-HSA-211935,0.43154229707523395,0.6063446977640823,0.969248291571754,0.9943144115284422,1.0,6/14,34.72%,CYP4F11;CYP2J2;CYP4F3;CYP4A11;CYP2B6;CYP4A22,CNT
prerank,Reactome_2022__CLEC7A (Dectin-1) Induces NFAT Activation R-HSA-5607763,0.42796758480571434,0.6042343816003898,0.9410404624277456,0.9942154762451879,1.0,7/11,17.13%,CALM1;NFATC1;NFATC3;AHCYL1;ITPR3;PPP3CB;PPP3R1,CNT
prerank,Reactome_2022__Competing Endogenous RNAs (ceRNAs) Regulate PTEN Translation R-HSA-8948700,0.43646975914623476,0.6019520307178085,0.9651860744297719,0.9941005715836011,1.0,5/10,18.56%,AGO2;VAPA;AGO3;MOV10;AGO4,CNT
prerank,Reactome_2022__PI3K/AKT Signaling In Cancer R-HSA-2219528,0.39046156717534386,0.6018078962752693,0.9959555106167847,0.9933936917195145,1.0,36/105,16.89%,BAD;ERBB2;AKT1S1;CLSTN1;RNMT;CDKN1B;GRB2;EGFR;ERBB3;PIK3R3;RPS6KB2;CREB1;PTPN11;GSK3A;FGFR1;RHOG;NR4A1;FRS2;FGFR2;TGFA;SOS1;AKT1;PIK3R2;TSC2;MLST8;FGF7;IRS1;AKT3;RICTOR;CASP9;FGFR3;SRC;PIK3R1;PTEN;PRR5;FOXO4,CNT
prerank,Reactome_2022__PI Metabolism R-HSA-1483255,0.3874362360497136,0.5990547160280008,0.9929292929292929,0.9934750310897393,1.0,28/82,19.40%,SACM1L;PLEKHA1;RAB14;RAB4A;CLSTN1;GDE1;PIK3R3;VAC14;ARF3;PI4K2B;PIKFYVE;PIK3R2;PIK3C2A;PI4KB;PIP4P1;PIP5K1C;INPPL1;PIK3R1;PTEN;RUFY1;PLEKHA2;PLEKHA6;INPP5K;SBF1;PLEKHA4;MTMR14;GDPD3;PIK3C2B,CNT
prerank,Reactome_2022__Neurotoxicity Of Clostridium Toxins R-HSA-168799,0.4313867128401394,0.5954300923038047,0.9631828978622328,0.9937752854175994,1.0,3/10,27.25%,VAMP2;SNAP25;STX1A,CNT
prerank,Reactome_2022__Defective B3GALT6 Causes EDSP2 And SEMDJL1 R-HSA-4420332,0.4065973462636707,0.5905422441023576,0.9776785714285714,0.9944508403980592,1.0,5/20,13.03%,AGRN;HSPG2;SDC2;GPC3;GPC4,CNT
prerank,Reactome_2022__Activation Of NMDA Receptors And Postsynaptic Events R-HSA-442755,0.38268350367653947,0.589338145323337,0.9918367346938776,0.9940188392477429,1.0,31/74,20.46%,HRAS;CALM1;LIN7C;CREB1;PRKAG1;PRKCA;CASK;PRKAA2;ARHGEF7;LIN7A;RPS6KA6;RPS6KA2;RPS6KA3;NRAS;PRKAB2;MAPK3;KPNA2;SRC;ADCY1;PRKAG2;RPS6KA1;CAMK1;PRKX;CAMKK2;PRKAA1;APBA1;NBEA;LRRC7;CAMKK1;CAMK2B;LLGL1,CNT
prerank,Reactome_2022__IRAK1 Recruits IKK Complex R-HSA-937039,0.42780504622134585,0.585054295338519,0.9612590799031477,0.9944295619206807,1.0,2/10,13.01%,TRAF6;UBE2V1,CNT
prerank,Reactome_2022__Insulin Receptor Signaling Cascade R-HSA-74751,0.38043339526430114,0.5746422211493902,0.9886010362694301,0.9963789790594844,1.0,17/53,15.64%,HRAS;THEM4;GRB2;PTPN11;FGFR1;FRS2;FGFR2;SOS1;PIK3R2;FGF7;SHC1;IRS1;NRAS;MAPK3;FGFR3;GRB10;PIK3R1,CNT
prerank,Reactome_2022__Butyrophilin (BTN) Family Interactions R-HSA-8851680,0.4073991688896979,0.5695336326342727,0.9692832764505119,0.9968490958337481,1.0,4/12,27.56%,BTN3A1;BTNL9;XDH;BTN2A2,CNT
prerank,Reactome_2022__Erythrocytes Take Up Carbon Dioxide And Release Oxygen R-HSA-1237044,0.4104034516241357,0.5692006251494268,0.9691943127962085,0.996165759955242,1.0,4/11,12.48%,CYB5R1;CA4;SLC4A1;MINDY4,CNT
prerank,Reactome_2022__Diseases Associated With Visual Transduction R-HSA-2474795,0.4017197333970184,0.5674990109895102,0.965675057208238,0.995793516905858,1.0,2/13,20.98%,NAPEPLD;RBP4,CNT
prerank,Reactome_2022__PI-3K cascade:FGFR2 R-HSA-5654695,0.3895053237265996,0.5672993616767584,0.981359649122807,0.995074708150921,1.0,6/23,15.64%,GRB2;PTPN11;FRS2;FGFR2;FGF7;PIK3R1,CNT
prerank,Reactome_2022__Defective B3GALTL Causes PpS R-HSA-5083635,0.3789300559255208,0.5652669910738792,0.9925847457627118,0.9947662243581262,1.0,3/37,6.72%,THSD7A;THSD4;SBSPON,CNT
prerank,Reactome_2022__Lewis Blood Group Biosynthesis R-HSA-9037629,0.3885532826445534,0.5627976195979438,0.9788418708240535,0.9945592984510305,1.0,5/18,22.11%,B3GALT4;FUT10;ST6GALNAC6;ST3GAL6;B4GALNT2,CNT
prerank,Reactome_2022__HS-GAG Biosynthesis R-HSA-2022928,0.3789748035560263,0.5608441947943988,0.9935760171306209,0.9942220458762822,1.0,8/30,13.03%,AGRN;EXT1;HSPG2;SDC2;HS6ST1;GPC3;SLC35D2;GPC4,CNT
prerank,Reactome_2022__Nuclear Receptor Transcription Pathway R-HSA-383280,0.3669840301524436,0.5571547179223235,0.9907692307692307,0.9942769208444391,1.0,11/53,12.81%,NR2F6;NR1D2;NRBP1;THRA;NR1H2;RXRA;MBD4;NR4A1;NCOR2;RARB;NR1D1,CNT
prerank,Reactome_2022__DSCAM Interactions R-HSA-376172,0.39740347009568544,0.5547638849169637,0.9749702026221693,0.994037460738394,1.0,2/11,17.61%,MAPK14;MAPK13,CNT
prerank,Reactome_2022__Class A/1 (Rhodopsin-like Receptors) R-HSA-373076,0.3526243048122837,0.5535199450152618,1.0,0.9935505555715665,1.0,45/325,25.76%,HEBP1;PTGER1;AVPR1A;EDNRB;CHRM3;F2RL1;CX3CL1;CXCL16;KNG1;POMC;PTGFR;RIPK2;C5AR1;LPAR2;P2RY6;C5AR2;TSHR;PLPPR2;CXCL3;BDKRB2;NTS;NPSR1;BDKRB1;GPR143;CXCL2;GPBAR1;PTGER4;MC1R;LTB4R;CCL28;ADRA1B;PTGER2;KISS1;OXGR1;GPR132;NPFF;APP;CHRM5;CXCL10;GPR35;NPY5R;XK;OPRM1;LPAR5;ADORA2A,CNT
prerank,Reactome_2022__Nucleotide-like (Purinergic) Receptors R-HSA-418038,-0.3085573028810099,-0.5494876960332065,0.9915254237288136,0.9956755216247153,1.0,2/15,11.47%,LPAR6;P2RY14,CNT
prerank,Reactome_2022__O-glycosylation Of TSR Domain-Containing Proteins R-HSA-5173214,0.3648979968148492,0.5450548893639234,0.9926238145416227,0.9944168195666481,1.0,3/38,6.72%,THSD7A;THSD4;SBSPON,CNT
prerank,Reactome_2022__Synthesis Of PIPs At Early Endosome Membrane R-HSA-1660516,0.3774830411903796,0.5403926257224082,0.9851936218678815,0.9945152709649664,1.0,4/16,12.99%,VAC14;PI4K2B;PIKFYVE;PIK3C2A,CNT
prerank,Reactome_2022__Transcriptional Regulation Of Testis Differentiation R-HSA-9690406,0.3693783049388954,0.5222739419240175,0.9883040935672515,0.996537115708122,1.0,4/13,27.08%,ZFPM2;SOX9;AMH;WNT4,CNT
prerank,Reactome_2022__TNFs Bind Their Physiological Receptors R-HSA-5669034,0.34465179414102526,0.5078268439560615,0.9967880085653105,0.9975843038287897,1.0,1/29,5.96%,TNFSF13,CNT
prerank,Reactome_2022__Serotonin Receptors R-HSA-390666,-0.287214770363923,-0.47420946901234445,0.9938650306748467,0.9971952329544251,1.0,2/11,21.40%,HTR1B;HTR4,CNT
prerank,Reactome_2022__Creation Of C4 And C2 Activators R-HSA-166786,0.3177066610690256,0.44554389311301457,0.9988304093567252,1.0,1.0,5/13,35.22%,C1R;COLEC10;C1QC;MASP1;FCN3,CNT
prerank,Reactome_2022__Translocation Of ZAP-70 To Immunological Synapse R-HSA-202430,0.30978540341946165,0.4398598829854257,0.9977246871444824,1.0,1.0,6/14,28.95%,HLA-DRA;HLA-DPA1;CD4;HLA-DQA2;CD247;ZAP70,CNT
prerank,Reactome_2022__Phase 4 - Resting Membrane Potential R-HSA-5576886,0.29581498511551885,0.4283373208943496,0.9977997799779978,0.9999535817395824,1.0,3/19,27.24%,KCNK1;KCNK15;KCNJ14,CNT
prerank,Reactome_2022__Miscellaneous Substrates R-HSA-211958,0.30254844021651656,0.4182724641959315,0.9964664310954063,0.999432776052754,1.0,5/11,34.72%,CYP3A43;CYP4F11;CYP4F3;CYP4A11;CYP4A22,CNT
