Gene_set,Term,Overlap,P-value,Adjusted P-value,Old P-value,Old Adjusted P-value,Odds Ratio,Combined Score,Genes,cell_type
GO_Biological_Process_2023,Positive Regulation Of Protein Processing (GO:0010954),5/20,2.0003355197224826e-07,0.00016397281777003224,0,0,50.121212121212125,773.1087066212239,GSN;ANXA2;MYH9;ENO1;S100A10,VSMC/P
GO_Biological_Process_2023,Antigen Processing And Presentation Of Endogenous Peptide Antigen (GO:0002483),5/21,2.611032130096055e-07,0.00016397281777003224,0,0,46.98626893939394,712.2343123922586,HLA-B;HLA-C;HLA-A;HLA-DRB1;HLA-E,VSMC/P
GO_Biological_Process_2023,Antigen Processing And Presentation Of Endogenous Peptide Antigen Via MHC Class I Via ER Pathway (GO:0002484),4/13,1.4359456661886772e-06,0.0002616375653446004,0,0,66.34586466165413,892.596491924328,HLA-B;HLA-C;HLA-A;HLA-E,VSMC/P
GO_Biological_Process_2023,"Antigen Processing And Presentation Of Endogenous Peptide Antigen Via MHC Class I Via ER Pathway, TAP-independent (GO:0002486)",4/13,1.4359456661886772e-06,0.0002616375653446004,0,0,66.34586466165413,892.596491924328,HLA-B;HLA-C;HLA-A;HLA-E,VSMC/P
GO_Biological_Process_2023,Antigen Processing And Presentation Of Endogenous Peptide Antigen Via MHC Class Ib (GO:0002476),4/13,1.4359456661886772e-06,0.0002616375653446004,0,0,66.34586466165413,892.596491924328,HLA-B;HLA-C;HLA-A;HLA-E,VSMC/P
GO_Biological_Process_2023,Antigen Processing And Presentation Of Peptide Antigen Via MHC Class Ib (GO:0002428),4/13,1.4359456661886772e-06,0.0002616375653446004,0,0,66.34586466165413,892.596491924328,HLA-B;HLA-C;HLA-A;HLA-E,VSMC/P
GO_Biological_Process_2023,Glycolytic Process (GO:0006096),5/29,1.4581711444364672e-06,0.0002616375653446004,0,0,31.31155303030303,420.774905665651,LDHA;TPI1;PKM;ENO1;GAPDH,VSMC/P
GO_Biological_Process_2023,Negative Regulation Of Programmed Cell Death (GO:0043069),13/381,2.252281744882097e-06,0.0003536082339464892,0,0,5.5538876227208975,72.22034840612453,CD74;ANXA1;NME2;AQP1;PTMS;PRDX5;CCND2;KRT18;MECOM;CFL1;CRYAB;TPT1;IER3,VSMC/P
GO_Biological_Process_2023,Positive Regulation Of T Cell Mediated Cytotoxicity (GO:0001916),5/33,2.850817425060075e-06,0.0003909749535060452,0,0,26.83306277056277,342.6019906517243,HLA-B;HLA-C;HLA-A;HLA-DRB1;HLA-E,VSMC/P
GO_Biological_Process_2023,Regulation Of Plasma Membrane Repair (GO:1905684),3/5,3.112857910079978e-06,0.0003909749535060452,0,0,222.32462686567163,2819.06944586832,ANXA2;MYH9;S100A10,VSMC/P
GO_Biological_Process_2023,Regulation Of T Cell Mediated Cytotoxicity (GO:0001914),5/36,4.454279400127433e-06,0.0005085977205963688,0,0,24.23264907135875,298.5861055900744,HLA-B;HLA-C;HLA-A;HLA-DRB1;HLA-E,VSMC/P
GO_Biological_Process_2023,Negative Regulation Of Apoptotic Process (GO:0043066),14/482,5.847190583027977e-06,0.0006120059476902615,0,0,4.717010631644778,56.83785193901889,CD74;ANXA1;NME2;PIK3R3;AQP1;PTMS;PRDX5;CCND2;KRT18;CFL1;CCL2;CRYAB;TPT1;IER3,VSMC/P
GO_Biological_Process_2023,Carbohydrate Catabolic Process (GO:0016052),5/41,8.614478805121845e-06,0.0008026598435475238,0,0,20.861742424242426,243.29102095581163,LDHA;TPI1;PKM;ENO1;GAPDH,VSMC/P
GO_Biological_Process_2023,Positive Regulation Of T Cell Activation (GO:0050870),7/107,8.946845389860934e-06,0.0008026598435475238,0,0,10.641615384615385,123.70036726870887,ANXA1;CCL2;HLA-A;THY1;B2M;HLA-DRB1;HLA-DPA1,VSMC/P
GO_Biological_Process_2023,Positive Regulation Of T Cell Mediated Immunity (GO:0002711),5/43,1.0944395753703433e-05,0.0009164107377767672,0,0,19.76176236044657,225.73234767677943,HLA-B;HLA-C;HLA-A;HLA-DRB1;HLA-E,VSMC/P
GO_Biological_Process_2023,Potassium Ion Homeostasis (GO:0055075),4/23,1.6862403387234327e-05,0.0011981579950372,0,0,31.411159477641476,345.22196306063535,FXYD2;SLC12A1;ATP1A1;ATP1B1,VSMC/P
GO_Biological_Process_2023,Negative Regulation Of Actin Filament Polymerization (GO:0030837),4/23,1.6862403387234327e-05,0.0011981579950372,0,0,31.411159477641476,345.22196306063535,GSN;SCIN;TMSB4X;TMSB10,VSMC/P
GO_Biological_Process_2023,Sequestering Of Actin Monomers (GO:0042989),3/8,1.71710540690056e-05,0.0011981579950372,0,0,88.91641791044776,975.6163224867458,SCIN;TMSB4X;TMSB10,VSMC/P
GO_Biological_Process_2023,Proton Transmembrane Transport (GO:1902600),5/49,2.097823049918226e-05,0.0013867714477354,0,0,17.06181129476584,183.79026294508196,ATP6V0E1;RNASEK;FXYD2;ATP1A1;ATP1B1,VSMC/P
GO_Biological_Process_2023,Pyruvate Metabolic Process (GO:0006090),5/50,2.3181611457894812e-05,0.0014255282144237,0,0,16.681818181818183,178.03088597976304,LDHA;TPI1;PKM;ENO1;GAPDH,VSMC/P
GO_Biological_Process_2023,Sodium Ion Homeostasis (GO:0055078),4/25,2.3834468553262852e-05,0.0014255282144237,0,0,28.41675617615467,302.4786876364136,FXYD2;SLC12A1;ATP1A1;ATP1B1,VSMC/P
GO_Biological_Process_2023,Positive Regulation Of Leukocyte Mediated Cytotoxicity (GO:0001912),5/51,2.556074640415341e-05,0.0014592862492553,0,0,16.3183465085639,172.55758373501786,HLA-B;HLA-C;HLA-A;HLA-DRB1;HLA-E,VSMC/P
GO_Biological_Process_2023,Cytoplasmic Translation (GO:0002181),6/93,4.3278250541134336e-05,0.0023625929966052,0,0,10.411160831797842,104.60989007890662,RPS4X;EIF4A1;RPS9;RPSA;RPL8;RPL19,VSMC/P
GO_Biological_Process_2023,Regulation Of Cell Migration (GO:0030334),12/434,4.5145089107106936e-05,0.0023625929966052,0,0,4.422597156398104,44.250866595157696,CLDN5;SDCBP;CD74;MCTP1;ANXA1;TMSB4X;ENPP2;PIK3R3;THY1;TMSB10;ACTG1;ENG,VSMC/P
GO_Biological_Process_2023,Antigen Processing And Presentation Of Exogenous Peptide Antigen (GO:0002478),4/31,5.742544164081166e-05,0.0028850541880343,0,0,22.09523809523809,215.76051081268417,HLA-A;HLA-DRB1;HLA-DPA1;HLA-E,VSMC/P
GO_Biological_Process_2023,Detection Of Bacterium (GO:0016045),3/12,6.611524436467678e-05,0.0029736848609343,0,0,49.38805970149254,475.316179107482,HLA-B;HLA-A;HLA-DRB1,VSMC/P
GO_Biological_Process_2023,Sodium Ion Export Across Plasma Membrane (GO:0036376),3/12,6.611524436467678e-05,0.0029736848609343,0,0,49.38805970149254,475.316179107482,FXYD2;ATP1A1;ATP1B1,VSMC/P
GO_Biological_Process_2023,Regulation Of T Cell Activation (GO:0050863),5/62,6.629233766414222e-05,0.0029736848609343,0,0,13.16188197767145,126.63620822192996,CCL2;THY1;B2M;HLA-DRB1;HLA-DPA1,VSMC/P
GO_Biological_Process_2023,Intracellular Potassium Ion Homeostasis (GO:0030007),3/13,8.55192106061155e-05,0.0037038665007338,0,0,44.44701492537313,416.3249447383265,FXYD2;ATP1A1;ATP1B1,VSMC/P
GO_Biological_Process_2023,Platelet Aggregation (GO:0070527),4/35,9.355325892359891e-05,0.0039167631069346,0,0,19.240358961920933,178.49241892712547,MYH9;PPIA;MYL12A;ACTG1,VSMC/P
GO_Biological_Process_2023,Regulation Of Apoptotic Process (GO:0042981),15/705,0.00010038058311159252,0.0040670326576825,0,0,3.4164290805416964,31.45349701618645,CD74;ANXA1;NME2;AQP1;PTMS;PRDX5;CCND2;SCIN;KRT18;FAM162A;CFL1;PPIA;CRYAB;TPT1;IER3,VSMC/P
GO_Biological_Process_2023,Granulocyte Chemotaxis (GO:0071621),5/73,0.0001448837752605689,0.0056866881789773,0,0,11.026626559714796,97.47073312548083,ANXA1;BSG;CCL2;PPIB;PPIA,VSMC/P
GO_Biological_Process_2023,Regulation Of Cytokine Production (GO:0001817),7/167,0.00015454397336758072,0.0058820372893842,0,0,6.630817307692308,58.1856332976576,SRGN;ANXA1;HLA-B;S100A13;ISG15;GAPDH;HLA-DRB1,VSMC/P
GO_Biological_Process_2023,Negative Regulation Of Natural Killer Cell Mediated Cytotoxicity (GO:0045953),3/16,0.00016494731177894314,0.006093347752775,0,0,34.18484500574053,297.7460502013013,HLA-B;HLA-A;HLA-E,VSMC/P
GO_Biological_Process_2023,Potassium Ion Import Across Plasma Membrane (GO:1990573),4/42,0.00019270449110476623,0.0068158923916536,0,0,15.690542144835774,134.22243119422268,FXYD2;SLC12A1;ATP1A1;ATP1B1,VSMC/P
GO_Biological_Process_2023,Positive Regulation Of Phosphorylation (GO:0042327),8/231,0.0001953599730091809,0.0068158923916536,0,0,5.461813883964265,46.64753188260203,SDCBP;CD74;CCND2;PIK3R3;AKR1B1;PPIA;HLA-DRB1;ENG,VSMC/P
GO_Biological_Process_2023,Response To Type II Interferon (GO:0034341),5/80,0.00022317841239176764,0.0074475479953769,0,0,9.993939393939394,84.02443572596935,IFITM3;CD74;CCL2;GAPDH;HLA-DPA1,VSMC/P
GO_Biological_Process_2023,Regulation Of Viral Entry Into Host Cell (GO:0046596),4/44,0.0002312534807481682,0.0074475479953769,0,0,14.90451127819549,124.7805107376287,IFITM3;CD74;GSN;HLA-DRB1,VSMC/P
GO_Biological_Process_2023,Positive Regulation Of Leukocyte Cell-Cell Adhesion (GO:1903039),4/44,0.0002312534807481682,0.0074475479953769,0,0,14.90451127819549,124.7805107376287,CCL2;THY1;HLA-DRB1;HLA-DPA1,VSMC/P
GO_Biological_Process_2023,Intracellular Sodium Ion Homeostasis (GO:0006883),3/18,0.00023795238151637092,0.007471704779614,0,0,29.623880597014924,247.1650697943377,FXYD2;ATP1A1;ATP1B1,VSMC/P
GO_Biological_Process_2023,Regulation Of Fibroblast Proliferation (GO:0048145),4/46,0.0002750598088457664,0.0082123437637608,0,0,14.193340494092372,116.364414255029,CD74;FTH1;S100A6;AQP1,VSMC/P
GO_Biological_Process_2023,Homotypic Cell-Cell Adhesion (GO:0034109),4/46,0.0002750598088457664,0.0082123437637608,0,0,14.193340494092372,116.364414255029,MYH9;PPIA;MYL12A;ACTG1,VSMC/P
GO_Biological_Process_2023,Positive Regulation Of Alpha-Beta T Cell Activation (GO:0046635),3/19,0.00028115508108417047,0.0082123437637608,0,0,27.77098880597015,227.07238234511917,HLA-A;HLA-DRB1;HLA-E,VSMC/P
GO_Biological_Process_2023,Positive Regulation Of Lymphocyte Activation (GO:0051251),4/47,0.0002990597937809684,0.0085367977497476,0,0,13.862563385207205,112.4928585016668,CCL2;THY1;HLA-DRB1;HLA-DPA1,VSMC/P
GO_Biological_Process_2023,Negative Regulation Of Cell Motility (GO:2000146),6/133,0.0003113960526928284,0.0086914098262709,0,0,7.117629380296928,57.47090678113976,CLDN5;CD74;MCTP1;SPINT2;THY1;ENG,VSMC/P
GO_Biological_Process_2023,Negative Regulation Of Viral Life Cycle (GO:1903901),3/20,0.0003291166829116823,0.0089863163855885,0,0,26.13608428446005,209.58782672203765,IFITM3;GSN;PPIA,VSMC/P
GO_Biological_Process_2023,Intracellular Monoatomic Cation Homeostasis (GO:0030003),7/190,0.0003401316435022027,0.0090894754093354,0,0,5.790668348045397,46.24530717347464,FTH1;FXYD2;ATP1A1;ATP1B1;B2M;TPT1;FTL,VSMC/P
GO_Biological_Process_2023,Protein Localization To Membrane (GO:0072657),7/192,0.00036231663345959945,0.0094049596784538,0,0,5.727484407484408,45.37881342918156,SLC9A3R2;RAMP2;BSG;CPE;THY1;ATP1B1;S100A10,VSMC/P
GO_Biological_Process_2023,Positive Regulation Of Cytokine Production (GO:0001819),9/320,0.0003669132358632491,0.0094049596784538,0,0,4.420418006430868,34.967208965479344,CD74;ANXA1;S100A13;ISG15;HLA-A;HIF1A;GAPDH;HLA-E;HLA-DPA1,VSMC/P
GO_Biological_Process_2023,Blood Vessel Endothelial Cell Migration (GO:0043534),3/22,0.0004401628995495056,0.0108400902320427,0,0,23.382560879811468,180.70898085784813,SOX18;PIK3R3;MYH9,VSMC/P
GO_Biological_Process_2023,Modulation By Host Of Viral Process (GO:0044788),3/22,0.0004401628995495056,0.0108400902320427,0,0,23.382560879811468,180.70898085784813,IFI27;CFL1;PPIB,VSMC/P
GO_Biological_Process_2023,Positive Regulation Of Vesicle Fusion (GO:0031340),2/5,0.0004595524823877063,0.0108905267524331,0,0,98.07407407407408,753.7245041531471,ANXA1;ANXA2,VSMC/P
GO_Biological_Process_2023,Protection From Natural Killer Cell Mediated Cytotoxicity (GO:0042270),2/5,0.0004595524823877063,0.0108905267524331,0,0,98.07407407407408,753.7245041531471,HLA-B;HLA-E,VSMC/P
GO_Biological_Process_2023,Positive Regulation Of Gene Expression (GO:0010628),11/480,0.0004754883051367535,0.0110595057639215,0,0,3.610078857413612,27.621320810216574,RPS4X;CLDN5;CD74;RAMP2;GSN;S100A13;PIK3R3;AKR1B1;HIF1A;GAPDH;ACTG1,VSMC/P
GO_Biological_Process_2023,Positive Regulation Of Cell Population Proliferation (GO:0008284),11/483,0.000500825339382498,0.0112963379630524,0,0,3.586578557976863,27.25531837447988,RPS4X;CLDN5;SDCBP;CD74;RPS9;CCND2;S100A6;S100A13;NME2;AKR1B1;AQP1,VSMC/P
GO_Biological_Process_2023,Actin Nucleation (GO:0045010),3/23,0.0005036583805182618,0.0112963379630524,0,0,22.21231343283582,168.67169729793116,SCIN;ARPC3;ARPC1B,VSMC/P
GO_Biological_Process_2023,Vascular Associated Smooth Muscle Cell Development (GO:0097084),2/6,0.0006862332622619815,0.0146086267356109,0,0,73.55185185185185,535.7732363146357,RAMP2;ENG,VSMC/P
GO_Biological_Process_2023,Intracellular Sequestering Of Iron Ion (GO:0006880),2/6,0.0006862332622619815,0.0146086267356109,0,0,73.55185185185185,535.7732363146357,FTH1;FTL,VSMC/P
GO_Biological_Process_2023,Positive Regulation Of Unsaturated Fatty Acid Biosynthetic Process (GO:2001280),2/6,0.0006862332622619815,0.0146086267356109,0,0,73.55185185185185,535.7732363146357,CD74;ANXA1,VSMC/P
GO_Biological_Process_2023,Peptide Biosynthetic Process (GO:0043043),6/158,0.0007756689123778631,0.0162373358991099,0,0,5.939433507432704,42.53694454365845,RPS4X;RPS9;RPSA;RPL8;MRPS6;RPL19,VSMC/P
GO_Biological_Process_2023,Negative Regulation Of NIK/NF-kappaB Signaling (GO:1901223),3/27,0.0008153592497406877,0.0167883806176115,0,0,18.50652985074627,131.6162518017529,TMSB4X;CCN3;UACA,VSMC/P
GO_Biological_Process_2023,Regulation Of Protein Localization To Membrane (GO:1905475),3/28,0.0009086467222529108,0.0180892091344591,0,0,17.765373134328357,124.4207533401805,GSN;AKR1B1;SLC5A3,VSMC/P
GO_Biological_Process_2023,Positive Regulation Of Fibroblast Proliferation (GO:0048146),3/28,0.0009086467222529108,0.0180892091344591,0,0,17.765373134328357,124.4207533401805,CD74;S100A6;AQP1,VSMC/P
GO_Biological_Process_2023,Positive Regulation Of Macromolecule Metabolic Process (GO:0010604),9/364,0.0009217431406093826,0.0180892091344591,0,0,3.8638204225352113,27.00518356070395,CLDN5;CD74;RAMP2;GSN;ANXA2;PIK3R3;AKR1B1;HIF1A;ACTG1,VSMC/P
GO_Biological_Process_2023,Positive Regulation Of Plasminogen Activation (GO:0010756),2/7,0.000956414098463136,0.0184808631949184,0,0,58.83851851851852,409.0641844315812,ENO1;S100A10,VSMC/P
GO_Biological_Process_2023,Immunoglobulin Mediated Immune Response (GO:0016064),3/30,0.0011148983172824,0.0212168528258597,0,0,16.44776119402985,111.82819798488153,CD74;HLA-DRB1;HLA-DPA1,VSMC/P
GO_Biological_Process_2023,"Positive Regulation Of CD8-positive, Alpha-Beta T Cell Activation (GO:2001187)",2/8,0.0012694971757935,0.0231085283014007,0,0,49.02962962962963,326.9851886743162,HLA-A;HLA-E,VSMC/P
GO_Biological_Process_2023,Regulation Of Vesicle Fusion (GO:0031338),2/8,0.0012694971757935,0.0231085283014007,0,0,49.02962962962963,326.9851886743162,ANXA1;ANXA2,VSMC/P
GO_Biological_Process_2023,Vascular Associated Smooth Muscle Cell Differentiation (GO:0035886),2/8,0.0012694971757935,0.0231085283014007,0,0,49.02962962962963,326.9851886743162,RAMP2;ENG,VSMC/P
GO_Biological_Process_2023,Cell-Cell Junction Assembly (GO:0007043),4/71,0.0014352325409916,0.0257521724497934,0,0,8.886095836606442,58.17219009147921,CLDN5;RAMP2;GJA4;ACTG1,VSMC/P
GO_Biological_Process_2023,Vasculogenesis (GO:0001570),3/33,0.0014759635932553,0.0261100038468836,0,0,14.800746268656717,96.47783895068946,RAMP2;SOX18;ENG,VSMC/P
GO_Biological_Process_2023,Positive Regulation Of ATP Metabolic Process (GO:1903580),2/9,0.0016248907120127,0.0275792261390278,0,0,42.023280423280426,269.8867324286517,TMSB4X;ENO1,VSMC/P
GO_Biological_Process_2023,Positive Regulation Of Monocyte Differentiation (GO:0045657),2/9,0.0016248907120127,0.0275792261390278,0,0,42.023280423280426,269.8867324286517,CD74;HLA-DRB1,VSMC/P
GO_Biological_Process_2023,"Regulation Of CD8-positive, Alpha-Beta T Cell Activation (GO:2001185)",2/9,0.0016248907120127,0.0275792261390278,0,0,42.023280423280426,269.8867324286517,HLA-A;HLA-E,VSMC/P
GO_Biological_Process_2023,Macromolecule Biosynthetic Process (GO:0009059),6/183,0.0016516787578203,0.0276483536572857,0,0,5.094061327467978,32.63236878753975,RPS4X;RPS9;RPSA;RPL8;MRPS6;RPL19,VSMC/P
GO_Biological_Process_2023,Positive Regulation Of Lymphocyte Proliferation (GO:0050671),4/74,0.0016729895525109,0.0276483536572857,0,0,8.503974221267454,54.36712413024341,CD74;ANXA1;HLA-DPA1;HLA-E,VSMC/P
GO_Biological_Process_2023,Response To Cytokine (GO:0034097),5/125,0.0017038481385737,0.0277926397668654,0,0,6.232007575757576,39.72821305127359,IFITM3;CD74;ANXA1;ISG15;TLE5,VSMC/P
GO_Biological_Process_2023,Positive Regulation Of Actin Nucleation (GO:0051127),2/10,0.0020220089092734,0.0325595280775317,0,0,36.76851851851852,228.09952555633555,GSN;SCIN,VSMC/P
GO_Biological_Process_2023,Negative Regulation Of Cellular Component Organization (GO:0051129),4/79,0.0021278926688268,0.0338307998993223,0,0,7.935037593984962,48.82129596795805,MCTP1;AKR1B1;HSPA2;CRYAB,VSMC/P
GO_Biological_Process_2023,Retina Homeostasis (GO:0001895),3/39,0.0023993972942811,0.0376705375202141,0,0,12.330223880597014,74.38254041590923,PRDX1;B2M;ACTG1,VSMC/P
GO_Biological_Process_2023,Sodium Ion Transmembrane Transport (GO:0035725),4/82,0.0024383208529597,0.0376841647259231,0,0,7.628687102371312,45.89758134443809,FXYD2;SLC12A1;ATP1A1;ATP1B1,VSMC/P
GO_Biological_Process_2023,Negative Regulation Of Vascular Permeability (GO:0043116),2/11,0.0024602719008962,0.0376841647259231,0,0,32.681481481481484,196.333457694154,CLDN5;RAMP2,VSMC/P
GO_Biological_Process_2023,Protein Localization To Plasma Membrane (GO:0072659),5/137,0.0025428191008918,0.0384792866351831,0,0,5.6620179063360885,33.827623675392765,SLC9A3R2;RAMP2;BSG;ATP1B1;S100A10,VSMC/P
GO_Biological_Process_2023,Endothelial Cell Migration (GO:0043542),3/40,0.0025810504679155,0.038592849853594,0,0,11.99636950383219,71.49306950229555,SOX18;MYH9;CCN3,VSMC/P
GO_Biological_Process_2023,Response To Interleukin-1 (GO:0070555),4/85,0.0027785647663495,0.0392456208420216,0,0,7.345029239766082,43.23152555057019,ANXA1;CCL2;HIF1A;TLE5,VSMC/P
GO_Biological_Process_2023,Defense Response To Gram-positive Bacterium (GO:0050830),4/85,0.0027785647663495,0.0392456208420216,0,0,7.345029239766082,43.23152555057019,DEFB1;HLA-A;RNASE1;HLA-E,VSMC/P
GO_Biological_Process_2023,Integrin-Mediated Signaling Pathway (GO:0007229),4/85,0.0027785647663495,0.0392456208420216,0,0,7.345029239766082,43.23152555057019,NME2;MYH9;ISG15;THY1,VSMC/P
GO_Biological_Process_2023,Defense Response To Bacterium (GO:0042742),6/204,0.0028459545410167,0.0392456208420216,0,0,4.548924358084664,26.66514296450745,DEFB1;ISG15;HLA-A;RNASE1;AQP1;HLA-E,VSMC/P
GO_Biological_Process_2023,Cell Projection Assembly (GO:0030031),2/12,0.0029391057022227,0.0392456208420216,0,0,29.411851851851853,171.4607999958469,GSN;SCIN,VSMC/P
GO_Biological_Process_2023,Positive Regulation By Symbiont Of Entry Into Host (GO:0075294),2/12,0.0029391057022227,0.0392456208420216,0,0,29.411851851851853,171.4607999958469,CD74;HLA-DRB1,VSMC/P
GO_Biological_Process_2023,Relaxation Of Cardiac Muscle (GO:0055119),2/12,0.0029391057022227,0.0392456208420216,0,0,29.411851851851853,171.4607999958469,GSN;ATP1B1,VSMC/P
GO_Biological_Process_2023,Response To Iron Ion (GO:0010039),2/12,0.0029391057022227,0.0392456208420216,0,0,29.411851851851853,171.4607999958469,B2M;HIF1A,VSMC/P
GO_Biological_Process_2023,Positive Regulation Of Sodium Ion Transmembrane Transporter Activity (GO:2000651),2/12,0.0029391057022227,0.0392456208420216,0,0,29.411851851851853,171.4607999958469,FXYD2;ATP1B1,VSMC/P
GO_Biological_Process_2023,Positive Regulation Of Viral Entry Into Host Cell (GO:0046598),2/12,0.0029391057022227,0.0392456208420216,0,0,29.411851851851853,171.4607999958469,CD74;HLA-DRB1,VSMC/P
GO_Biological_Process_2023,Protein Localization To Cell Periphery (GO:1990778),5/142,0.002968418773879,0.0392456208420216,0,0,5.453992479539925,31.74074111329121,SLC9A3R2;RAMP2;BSG;ATP1B1;S100A10,VSMC/P
GO_Biological_Process_2023,Regulation Of Type II Interferon Production (GO:0032649),4/87,0.0030226345458059,0.0395461353076272,0,0,7.1673158800616,41.58208946930483,ISG15;HLA-A;HLA-DRB1;HLA-DPA1,VSMC/P
GO_Biological_Process_2023,Regulation Of Immune Effector Process (GO:0002697),2/13,0.0034579421578374,0.0431283793090197,0,0,26.736700336700338,151.51906302862704,CD59;HLA-DRB1,VSMC/P
GO_Biological_Process_2023,Negative Regulation Of Receptor Internalization (GO:0002091),2/13,0.0034579421578374,0.0431283793090197,0,0,26.736700336700338,151.51906302862704,SDCBP;ANXA2,VSMC/P
GO_Biological_Process_2023,Relaxation Of Muscle (GO:0090075),2/13,0.0034579421578374,0.0431283793090197,0,0,26.736700336700338,151.51906302862704,GSN;ATP1B1,VSMC/P
GO_Biological_Process_2023,Positive Regulation Of Potassium Ion Transmembrane Transporter Activity (GO:1901018),2/13,0.0034579421578374,0.0431283793090197,0,0,26.736700336700338,151.51906302862704,FXYD2;ATP1B1,VSMC/P
GO_Biological_Process_2023,Inorganic Cation Transmembrane Transport (GO:0098662),7/284,0.0034681260431616,0.0431283793090197,0,0,3.807331296861983,21.565260827405755,ATP6V0E1;RNASEK;FXYD2;SLC12A1;ATP1A1;ATP1B1;AQP1,VSMC/P
GO_Biological_Process_2023,Positive Regulation Of Blood Vessel Endothelial Cell Migration (GO:0043536),3/46,0.003848947815419,0.0458579175081763,0,0,10.319333564734468,57.37503502498467,ANXA1;TMSB4X;HIF1A,VSMC/P
GO_Biological_Process_2023,Negative Regulation Of Cellular Process (GO:0048523),10/537,0.0039243800183356,0.0458579175081763,0,0,2.889031660416262,16.0068154024255,SCIN;FTH1;AKR1B1;MYH9;CCN3;IGFBP7;ENO1;SPINT2;CRYAB;S100A11,VSMC/P
GO_Biological_Process_2023,Cellular Response To Organic Cyclic Compound (GO:0071407),5/152,0.0039704689327694,0.0458579175081763,0,0,5.080395794681509,28.088853344404203,AKR1B1;CCL2;ATP1A1;SSTR2;AQP1,VSMC/P
GO_Biological_Process_2023,Cellular Response To Hormone Stimulus (GO:0032870),4/94,0.0039917433328244,0.0458579175081763,0,0,6.607518796992482,36.49680991853288,RAMP2;AKR1C1;AKR1B1;ATP1A1,VSMC/P
GO_Biological_Process_2023,MHC Class II Protein Complex Assembly (GO:0002399),2/14,0.0040162188900472,0.0458579175081763,0,0,24.50740740740741,135.21752237906108,HLA-DRB1;HLA-DPA1,VSMC/P
GO_Biological_Process_2023,Peptide Antigen Assembly With MHC Class II Protein Complex (GO:0002503),2/14,0.0040162188900472,0.0458579175081763,0,0,24.50740740740741,135.21752237906108,HLA-DRB1;HLA-DPA1,VSMC/P
GO_Biological_Process_2023,Renal Water Homeostasis (GO:0003091),2/14,0.0040162188900472,0.0458579175081763,0,0,24.50740740740741,135.21752237906108,AQP2;AQP1,VSMC/P
GO_Biological_Process_2023,Membrane Raft Organization (GO:0031579),2/14,0.0040162188900472,0.0458579175081763,0,0,24.50740740740741,135.21752237906108,ANXA2;S100A10,VSMC/P
GO_Biological_Process_2023,Regulation Of ATP Biosynthetic Process (GO:2001169),2/14,0.0040162188900472,0.0458579175081763,0,0,24.50740740740741,135.21752237906108,TMSB4X;ENO1,VSMC/P
GO_Biological_Process_2023,Bicellular Tight Junction Assembly (GO:0070830),3/47,0.0040909865519641,0.0462908027861886,0,0,10.084294436906378,55.45322377879723,CLDN5;RAMP2;CLDN15,VSMC/P
GO_Biological_Process_2023,T Cell Receptor Signaling Pathway (GO:0050852),4/95,0.0041454204715924,0.0464879295742868,0,0,6.534578203751136,35.84706927433179,HLA-A;THY1;HLA-DRB1;HLA-DPA1,VSMC/P
GO_Biological_Process_2023,Positive Regulation Of Protein Phosphorylation (GO:0001934),8/377,0.0044989651409615,0.0486924734173377,0,0,3.276233692569484,17.704465059243418,SDCBP;CD74;CCND2;ENPP2;PIK3R3;PPIA;HLA-DRB1;ENG,VSMC/P
GO_Biological_Process_2023,Positive Regulation Of Protein Modification Process (GO:0031401),6/225,0.0045939020857889,0.0486924734173377,0,0,4.1083342047474645,22.11526773918813,CD74;CCND2;PIK3R3;PPIA;HLA-DRB1;ENG,VSMC/P
GO_Biological_Process_2023,Antibacterial Humoral Response (GO:0019731),3/49,0.004602340910619,0.0486924734173377,0,0,9.644873458792992,51.90089864584492,DEFB1;HLA-A;HLA-E,VSMC/P
GO_Biological_Process_2023,Alpha-Beta T Cell Activation (GO:0046631),2/15,0.0046133792489356,0.0486924734173377,0,0,22.62108262108262,121.67415851215912,HLA-A;HLA-E,VSMC/P
GO_Biological_Process_2023,Regulation Of Monocyte Differentiation (GO:0045655),2/15,0.0046133792489356,0.0486924734173377,0,0,22.62108262108262,121.67415851215912,CD74;HLA-DRB1,VSMC/P
GO_Biological_Process_2023,Cellular Response To Corticosteroid Stimulus (GO:0071384),2/15,0.0046133792489356,0.0486924734173377,0,0,22.62108262108262,121.67415851215912,ANXA1;SSTR2,VSMC/P
GO_Biological_Process_2023,Positive Regulation Of Secretion (GO:0051047),2/15,0.0046133792489356,0.0486924734173377,0,0,22.62108262108262,121.67415851215912,SCIN;AQP1,VSMC/P
GO_Biological_Process_2023,Intracellular Iron Ion Homeostasis (GO:0006879),3/50,0.0048718493218606,0.0505706012252647,0,0,9.439187043505877,50.25689061605164,FTH1;B2M;FTL,VSMC/P
GO_Biological_Process_2023,Positive Regulation Of Transport (GO:0051050),3/50,0.0048718493218606,0.0505706012252647,0,0,9.439187043505877,50.25689061605164,ANXA1;SCIN;ANXA2,VSMC/P
GO_Biological_Process_2023,Antimicrobial Humoral Response (GO:0019730),4/100,0.0049739964840798,0.051207701508232,0,0,6.192669172932331,32.84301689755327,DEFB1;HLA-A;GAPDH;HLA-E,VSMC/P
GO_Biological_Process_2023,Regulation Of Plasminogen Activation (GO:0010755),2/16,0.0052488722606703,0.0532007972314989,0,0,21.004232804232803,110.26680382213075,ENO1;S100A10,VSMC/P
GO_Biological_Process_2023,Positive Regulation Of Multicellular Organismal Process (GO:0051240),8/387,0.0052523080069314,0.0532007972314989,0,0,3.1881532388374136,16.73489588351936,SDCBP;CFL1;S100A13;NME2;G0S2;ENO1;PPIB;GAPDH,VSMC/P
GO_Biological_Process_2023,Negative Regulation Of Cell Migration (GO:0030336),5/163,0.0053297084087375,0.0533700524351628,0,0,4.724060222477944,24.72789836639081,CLDN5;CD74;MCTP1;THY1;ENG,VSMC/P
GO_Biological_Process_2023,Rho Protein Signal Transduction (GO:0007266),3/52,0.0054389862354306,0.0533700524351628,0,0,9.053000304599452,47.20381550881496,COL1A2;CFL1;ARHGAP29,VSMC/P
GO_Biological_Process_2023,Negative Regulation Of Response To Stimulus (GO:0048585),3/52,0.0054389862354306,0.0533700524351628,0,0,9.053000304599452,47.20381550881496,MCTP1;THY1;TLE5,VSMC/P
GO_Biological_Process_2023,Sprouting Angiogenesis (GO:0002040),3/52,0.0054389862354306,0.0533700524351628,0,0,9.053000304599452,47.20381550881496,RAMP2;PIK3R3;ENG,VSMC/P
GO_Biological_Process_2023,Inorganic Cation Import Across Plasma Membrane (GO:0098659),4/103,0.0055209366781786,0.0535795485441044,0,0,6.004101161995899,31.21656926328872,FXYD2;SLC12A1;ATP1A1;ATP1B1,VSMC/P
GO_Biological_Process_2023,Translation (GO:0006412),6/234,0.0055456539098197,0.0535795485441044,0,0,3.9443551627159503,20.48990244614926,RPS4X;RPS9;RPSA;RPL8;MRPS6;RPL19,VSMC/P
GO_Biological_Process_2023,Actin Cytoskeleton Reorganization (GO:0031532),3/53,0.0057367882591747,0.053771686966593,0,0,8.871492537313433,45.784493378546806,ANXA1;MYH9;THSD7A,VSMC/P
GO_Biological_Process_2023,Actin Polymerization Or Depolymerization (GO:0008154),3/53,0.0057367882591747,0.053771686966593,0,0,8.871492537313433,45.784493378546806,SCIN;GSN;CFL1,VSMC/P
GO_Biological_Process_2023,Blood Vessel Morphogenesis (GO:0048514),3/53,0.0057367882591747,0.053771686966593,0,0,8.871492537313433,45.784493378546806,RAMP2;SOX18;ENG,VSMC/P
GO_Biological_Process_2023,Tight Junction Assembly (GO:0120192),3/53,0.0057367882591747,0.053771686966593,0,0,8.871492537313433,45.784493378546806,CLDN5;RAMP2;CLDN15,VSMC/P
GO_Biological_Process_2023,Negative Regulation Of Oxidative Stress-Induced Intrinsic Apoptotic Signaling Pathway (GO:1902176),2/17,0.0059221525793566,0.0538404427000766,0,0,19.60296296296296,100.54468078290444,HIF1A;PPIA,VSMC/P
GO_Biological_Process_2023,Cellular Response To Glucocorticoid Stimulus (GO:0071385),2/17,0.0059221525793566,0.0538404427000766,0,0,19.60296296296296,100.54468078290444,SSTR2;AQP1,VSMC/P
GO_Biological_Process_2023,Positive Regulation By Host Of Viral Process (GO:0044794),2/17,0.0059221525793566,0.0538404427000766,0,0,19.60296296296296,100.54468078290444,CFL1;PPIB,VSMC/P
GO_Biological_Process_2023,Positive Regulation Of Alpha-Beta T Cell Proliferation (GO:0046641),2/17,0.0059221525793566,0.0538404427000766,0,0,19.60296296296296,100.54468078290444,HLA-A;HLA-E,VSMC/P
GO_Biological_Process_2023,Regulation Of Focal Adhesion Assembly (GO:0051893),3/54,0.0060441898254066,0.0538404427000766,0,0,8.69710272168569,44.43052189846708,THY1;ACTG1;S100A10,VSMC/P
GO_Biological_Process_2023,Apical Junction Assembly (GO:0043297),3/54,0.0060441898254066,0.0538404427000766,0,0,8.69710272168569,44.43052189846708,CLDN5;RAMP2;CLDN15,VSMC/P
GO_Biological_Process_2023,Mesenchymal Cell Differentiation (GO:0048762),3/54,0.0060441898254066,0.0538404427000766,0,0,8.69710272168569,44.43052189846708,RANBP3L;S100A4;HIF1A,VSMC/P
GO_Biological_Process_2023,Regulation Of Cell Population Proliferation (GO:0042127),12/766,0.0064500503152506,0.0562881528595667,0,0,2.4329761273209547,12.271122250350087,RPS4X;CLDN5;SDCBP;RPS9;CCND2;SCIN;FTH1;S100A13;AKR1B1;IGFBP7;S100A11;ENG,VSMC/P
GO_Biological_Process_2023,Actin Filament Capping (GO:0051693),2/18,0.0066326804324967,0.0562881528595667,0,0,18.376851851851853,92.17362609399046,GSN;SCIN,VSMC/P
GO_Biological_Process_2023,Negative Regulation Of Viral Entry Into Host Cell (GO:0046597),2/18,0.0066326804324967,0.0562881528595667,0,0,18.376851851851853,92.17362609399046,IFITM3;GSN,VSMC/P
GO_Biological_Process_2023,Antigen Processing And Presentation Of Peptide Antigen Via MHC Class I (GO:0002474),2/18,0.0066326804324967,0.0562881528595667,0,0,18.376851851851853,92.17362609399046,HLA-A;B2M,VSMC/P
GO_Biological_Process_2023,Barbed-End Actin Filament Capping (GO:0051016),2/18,0.0066326804324967,0.0562881528595667,0,0,18.376851851851853,92.17362609399046,GSN;SCIN,VSMC/P
GO_Biological_Process_2023,Peptide Antigen Assembly With MHC Protein Complex (GO:0002501),2/18,0.0066326804324967,0.0562881528595667,0,0,18.376851851851853,92.17362609399046,HLA-DRB1;HLA-DPA1,VSMC/P
GO_Biological_Process_2023,Positive Regulation Of Focal Adhesion Assembly (GO:0051894),2/18,0.0066326804324967,0.0562881528595667,0,0,18.376851851851853,92.17362609399046,THY1;S100A10,VSMC/P
GO_Biological_Process_2023,Positive Regulation Of I-kappaB kinase/NF-kappaB Signaling (GO:0043123),5/175,0.007156387084798,0.0598011709798278,0,0,4.387923351158645,21.67524447242457,CD74;S100A13;S100A4;GAPDH;HLA-DRB1,VSMC/P
GO_Biological_Process_2023,Positive Regulation Of Type II Interferon Production (GO:0032729),3/58,0.00737132806064,0.0598011709798278,0,0,8.062957937584804,39.590392509162335,ISG15;HLA-A;HLA-DPA1,VSMC/P
GO_Biological_Process_2023,Arp2/3 Complex-Mediated Actin Nucleation (GO:0034314),2/19,0.0073799215779246,0.0598011709798278,0,0,17.294989106753814,84.900967778125,ARPC3;ARPC1B,VSMC/P
GO_Biological_Process_2023,Neuron Apoptotic Process (GO:0051402),2/19,0.0073799215779246,0.0598011709798278,0,0,17.294989106753814,84.900967778125,FAM162A;GAPDH,VSMC/P
GO_Biological_Process_2023,Calcium-Independent Cell-Cell Adhesion Via Plasma Membrane Cell-Adhesion Molecules (GO:0016338),2/19,0.0073799215779246,0.0598011709798278,0,0,17.294989106753814,84.900967778125,CLDN5;CLDN15,VSMC/P
GO_Biological_Process_2023,Immunoglobulin Production Involved In Immunoglobulin-Mediated Immune Response (GO:0002381),2/19,0.0073799215779246,0.0598011709798278,0,0,17.294989106753814,84.900967778125,HLA-DRB1;HLA-DPA1,VSMC/P
GO_Biological_Process_2023,Multicellular Organismal-Level Water Homeostasis (GO:0050891),2/19,0.0073799215779246,0.0598011709798278,0,0,17.294989106753814,84.900967778125,AQP2;AQP1,VSMC/P
GO_Biological_Process_2023,Cell Projection Organization (GO:0030030),2/20,0.0081633472444682,0.0648934439180512,0,0,16.333333333333332,78.53231621226735,GSN;SCIN,VSMC/P
GO_Biological_Process_2023,Cellular Response To Copper Ion (GO:0071280),2/20,0.0081633472444682,0.0648934439180512,0,0,16.333333333333332,78.53231621226735,AQP2;AQP1,VSMC/P
GO_Biological_Process_2023,Hydrogen Peroxide Catabolic Process (GO:0042744),2/20,0.0081633472444682,0.0648934439180512,0,0,16.333333333333332,78.53231621226735,PRDX5;PRDX1,VSMC/P
GO_Biological_Process_2023,Negative Regulation Of Intrinsic Apoptotic Signaling Pathway (GO:2001243),3/61,0.0084710573769938,0.0660847705931943,0,0,7.644750386001029,36.473868109585446,ENO1;PPIA;TPT1,VSMC/P
GO_Biological_Process_2023,Negative Regulation Of Viral Process (GO:0048525),3/61,0.0084710573769938,0.0660847705931943,0,0,7.644750386001029,36.473868109585446,IFITM3;ISG15;PPIA,VSMC/P
GO_Biological_Process_2023,Positive Regulation Of Cell Junction Assembly (GO:1901890),3/61,0.0084710573769938,0.0660847705931943,0,0,7.644750386001029,36.473868109585446,CLDN5;THY1;S100A10,VSMC/P
GO_Biological_Process_2023,Modulation By Host Of Viral Genome Replication (GO:0044827),2/21,0.0089824340950619,0.0692143387938514,0,0,15.4729044834308,72.91582063014043,IFI27;PPIB,VSMC/P
GO_Biological_Process_2023,Regulation Of Anoikis (GO:2000209),2/21,0.0089824340950619,0.0692143387938514,0,0,15.4729044834308,72.91582063014043,PIK3R3;TLE5,VSMC/P
GO_Biological_Process_2023,Positive Regulation Of Angiogenesis (GO:0045766),4/119,0.0091208803837818,0.069852596109939,0,0,5.164563582870219,24.25893097364017,RAMP2;PKM;HIF1A;AQP1,VSMC/P
GO_Biological_Process_2023,Positive Regulation Of Viral Life Cycle (GO:1903902),2/22,0.0098366641701687,0.074426808420072,0,0,14.69851851851852,67.93124102556283,CD74;HLA-DRB1,VSMC/P
GO_Biological_Process_2023,Protein Peptidyl-Prolyl Isomerization (GO:0000413),2/22,0.0098366641701687,0.074426808420072,0,0,14.69851851851852,67.93124102556283,PPIB;PPIA,VSMC/P
GO_Biological_Process_2023,Regulation Of Protein Phosphorylation (GO:0001932),6/265,0.009939077127202,0.074751382465663,0,0,3.4667688408146424,15.986245657880264,CD74;CCND2;PIK3R3;PPIA;HLA-DRB1;ENG,VSMC/P
GO_Biological_Process_2023,Positive Regulation Of T Cell Proliferation (GO:0042102),3/65,0.010079704994237,0.0753577944807243,0,0,7.1500962927298986,32.87064635491551,ANXA1;IGFBP2;HLA-DPA1,VSMC/P
GO_Biological_Process_2023,Regulation Of Cell Motility (GO:2000145),4/123,0.0102127569856133,0.075900726472961,0,0,4.989953876287357,22.874535663335056,TMSB4X;ENPP2;SPINT2;TMSB10,VSMC/P
GO_Biological_Process_2023,Cellular Response To Type II Interferon (GO:0071346),3/66,0.0105076435126644,0.077632942658274,0,0,7.036247334754798,32.054696586571794,CCL2;GAPDH;HLA-DPA1,VSMC/P
GO_Biological_Process_2023,Regulation Of Interleukin-4 Production (GO:0032673),2/23,0.0107255248408576,0.077868550289695,0,0,13.997883597883598,63.48220615181043,HLA-DRB1;HLA-E,VSMC/P
GO_Biological_Process_2023,Positive Regulation Of Cell-Substrate Junction Organization (GO:0150117),2/23,0.0107255248408576,0.077868550289695,0,0,13.997883597883598,63.48220615181043,THY1;S100A10,VSMC/P
GO_Biological_Process_2023,Positive Regulation Of Epithelial Cell Apoptotic Process (GO:1904037),2/23,0.0107255248408576,0.077868550289695,0,0,13.997883597883598,63.48220615181043,GSN;CCL2,VSMC/P
GO_Biological_Process_2023,Regulation Of Viral Genome Replication (GO:0045069),3/67,0.0109459885918683,0.0790124233987737,0,0,6.925956156716418,31.269183771576184,IFITM3;ISG15;PPIA,VSMC/P
GO_Biological_Process_2023,Amyloid Fibril Formation (GO:1990000),2/24,0.0116485087629211,0.0821939719451066,0,0,13.36094276094276,59.49062791002039,GSN;B2M,VSMC/P
GO_Biological_Process_2023,Response To Copper Ion (GO:0046688),2/24,0.0116485087629211,0.0821939719451066,0,0,13.36094276094276,59.49062791002039,AQP2;AQP1,VSMC/P
GO_Biological_Process_2023,Protein Kinase B Signaling (GO:0043491),2/24,0.0116485087629211,0.0821939719451066,0,0,13.36094276094276,59.49062791002039,PIK3R3;CCL2,VSMC/P
GO_Biological_Process_2023,Regulation Of Actin Nucleation (GO:0051125),2/24,0.0116485087629211,0.0821939719451066,0,0,13.36094276094276,59.49062791002039,GSN;SCIN,VSMC/P
GO_Biological_Process_2023,Phagocytosis (GO:0006909),3/69,0.0118540703388016,0.0831771639415356,0,0,6.715400271370421,29.78336417542189,ANXA1;GSN;MYH9,VSMC/P
GO_Biological_Process_2023,Neutrophil Chemotaxis (GO:0030593),3/70,0.0123238869154662,0.0859933442545867,0,0,6.614836266429049,29.080248200040216,CCL2;PPIB;PPIA,VSMC/P
GO_Biological_Process_2023,Organic Substance Transport (GO:0071702),5/201,0.0125313748692821,0.0865137867075239,0,0,3.8008271490414343,16.645797717193137,RAMP2;MYH9;AQP2;TPT1;AQP1,VSMC/P
GO_Biological_Process_2023,Negative Regulation Of Intrinsic Apoptotic Signaling Pathway In Response To DNA Damage (GO:1902230),2/25,0.0126051138276089,0.0865137867075239,0,0,12.77938808373591,55.892605043800906,CD74;TPT1,VSMC/P
GO_Biological_Process_2023,Cellular Response To Steroid Hormone Stimulus (GO:0071383),2/25,0.0126051138276089,0.0865137867075239,0,0,12.77938808373591,55.892605043800906,AKR1B1;ATP1A1,VSMC/P
GO_Biological_Process_2023,Monoatomic Cation Transmembrane Transport (GO:0098655),6/281,0.0129835726245237,0.0886269957413145,0,0,3.2624011103400417,14.172099981713396,ATP6V0E1;RNASEK;FXYD2;SLC12A1;ATP1A1;ATP1B1,VSMC/P
GO_Biological_Process_2023,Cellular Response To Hypoxia (GO:0071456),3/72,0.0132952535326412,0.0888659900368903,0,0,6.422452952628164,27.747232955177974,FAM162A;HIF1A;AQP1,VSMC/P
GO_Biological_Process_2023,Transforming Growth Factor Beta Receptor Signaling Pathway (GO:0007179),3/72,0.0132952535326412,0.0888659900368903,0,0,6.422452952628164,27.747232955177974,CLDN5;COL1A2;ENG,VSMC/P
GO_Biological_Process_2023,Negative Regulation Of Receptor-Mediated Endocytosis (GO:0048261),2/26,0.0135948431152079,0.0888659900368903,0,0,12.246296296296295,52.63537431715434,SDCBP;ANXA2,VSMC/P
GO_Biological_Process_2023,Antigen Processing And Presentation Of Exogenous Peptide Antigen Via MHC Class II (GO:0019886),2/26,0.0135948431152079,0.0888659900368903,0,0,12.246296296296295,52.63537431715434,HLA-DRB1;HLA-DPA1,VSMC/P
GO_Biological_Process_2023,Plasma Membrane Invagination (GO:0099024),2/26,0.0135948431152079,0.0888659900368903,0,0,12.246296296296295,52.63537431715434,GSN;MYH9,VSMC/P
GO_Biological_Process_2023,Response To Glucocorticoid (GO:0051384),2/26,0.0135948431152079,0.0888659900368903,0,0,12.246296296296295,52.63537431715434,ANXA1;SSTR2,VSMC/P
GO_Biological_Process_2023,Antigen Receptor-Mediated Signaling Pathway (GO:0050851),4/134,0.0136414542042888,0.0888659900368903,0,0,4.565182186234818,19.605823241540197,HLA-A;THY1;HLA-DRB1;HLA-DPA1,VSMC/P
GO_Biological_Process_2023,Cellular Response To Decreased Oxygen Levels (GO:0036294),3/73,0.0137968694722879,0.0888659900368903,0,0,6.330383795309168,27.115018765565832,FAM162A;HIF1A;AQP1,VSMC/P
GO_Biological_Process_2023,Cellular Response To Reactive Oxygen Species (GO:0034614),3/73,0.0137968694722879,0.0888659900368903,0,0,6.330383795309168,27.115018765565832,PRDX5;ANXA1;AQP1,VSMC/P
GO_Biological_Process_2023,Positive Regulation Of Secretion By Cell (GO:1903532),3/73,0.0137968694722879,0.0888659900368903,0,0,6.330383795309168,27.115018765565832,ANXA2;PPIA;S100A10,VSMC/P
GO_Biological_Process_2023,Protein Tetramerization (GO:0051262),3/73,0.0137968694722879,0.0888659900368903,0,0,6.330383795309168,27.115018765565832,AQP2;B2M;HLA-DRB1,VSMC/P
GO_Biological_Process_2023,Negative Regulation Of Neurogenesis (GO:0050768),2/27,0.0146172048520832,0.0931782033021394,0,0,11.755851851851853,49.67501067481879,THY1;B2M,VSMC/P
GO_Biological_Process_2023,Peptidyl-Proline Modification (GO:0018208),2/27,0.0146172048520832,0.0931782033021394,0,0,11.755851851851853,49.67501067481879,PPIB;PPIA,VSMC/P
GO_Biological_Process_2023,Potassium Ion Transmembrane Transport (GO:0071805),4/137,0.0146889205842544,0.0931782033021394,0,0,4.461529764260275,18.830608116748817,FXYD2;SLC12A1;ATP1A1;ATP1B1,VSMC/P
GO_Biological_Process_2023,Golgi To Plasma Membrane Protein Transport (GO:0043001),2/28,0.0156717123561573,0.097456301965175,0,0,11.303133903133904,46.97467104492898,KRT18;VAMP5,VSMC/P
GO_Biological_Process_2023,Antigen Processing And Presentation Of Peptide Antigen Via MHC Class II (GO:0002495),2/28,0.0156717123561573,0.097456301965175,0,0,11.303133903133904,46.97467104492898,HLA-DRB1;HLA-DPA1,VSMC/P
GO_Biological_Process_2023,Diterpenoid Metabolic Process (GO:0016101),2/28,0.0156717123561573,0.097456301965175,0,0,11.303133903133904,46.97467104492898,AKR1C1;AKR1B1,VSMC/P
GO_Biological_Process_2023,Negative Regulation Of Cell Population Proliferation (GO:0008285),7/379,0.0156737046154182,0.097456301965175,0,0,2.8212779156327543,11.724584482158056,SCIN;FTH1;AKR1B1;CCN3;IGFBP7;B2M;S100A11,VSMC/P
GO_Biological_Process_2023,Neutrophil Migration (GO:1990266),3/77,0.0159102153758867,0.0979570123142834,0,0,5.986990722065349,24.790894658798603,CCL2;PPIB;PPIA,VSMC/P
GO_Biological_Process_2023,Regulation Of T Cell Proliferation (GO:0042129),3/77,0.0159102153758867,0.0979570123142834,0,0,5.986990722065349,24.790894658798603,ANXA1;HLA-DRB1;HLA-DPA1,VSMC/P
GO_Biological_Process_2023,Gene Expression (GO:0010467),6/296,0.0163838336031605,0.1003809512466809,0,0,3.0912871808370626,12.709704168226232,RPS4X;RPS9;RPSA;RPL8;MRPS6;RPL19,VSMC/P
GO_Biological_Process_2023,Cardiac Muscle Cell Action Potential (GO:0086001),2/29,0.0167578839974237,0.1007076665108337,0,0,10.88395061728395,44.50323814745143,ATP1A1;ATP1B1,VSMC/P
GO_Biological_Process_2023,Response To Steroid Hormone (GO:0048545),2/29,0.0167578839974237,0.1007076665108337,0,0,10.88395061728395,44.50323814745143,AKR1B1;ATP1A1,VSMC/P
GO_Biological_Process_2023,Vacuolar Acidification (GO:0007035),2/29,0.0167578839974237,0.1007076665108337,0,0,10.88395061728395,44.50323814745143,RNASEK;ATP6V0E1,VSMC/P
GO_Biological_Process_2023,Maintenance Of Blood-Brain Barrier (GO:0035633),2/29,0.0167578839974237,0.1007076665108337,0,0,10.88395061728395,44.50323814745143,CLDN5;ACTG1,VSMC/P
GO_Biological_Process_2023,"Phagocytosis, Engulfment (GO:0006911)",2/30,0.0178752431510281,0.1064042909843189,0,0,10.494708994708995,42.23426237345858,GSN;MYH9,VSMC/P
GO_Biological_Process_2023,Prostaglandin Metabolic Process (GO:0006693),2/30,0.0178752431510281,0.1064042909843189,0,0,10.494708994708995,42.23426237345858,CD74;AKR1C1,VSMC/P
GO_Biological_Process_2023,Regulation Of Interleukin-8 Production (GO:0032677),3/81,0.0181956569213333,0.1078006844018616,0,0,5.678817451205511,22.75259294703454,CD74;ANXA1;TMSB4X,VSMC/P
GO_Biological_Process_2023,Defense Response To Symbiont (GO:0140546),4/148,0.0189591483959387,0.1116508766520546,0,0,4.118421052631579,16.331469773472076,IFITM3;IFI27;ISG15;RNASE1,VSMC/P
GO_Biological_Process_2023,Positive Regulation Of G1/S Transition Of Mitotic Cell Cycle (GO:1900087),2/31,0.0190233181556844,0.1116508766520546,0,0,10.132311621966794,40.14512833475264,CCND2;ANXA1,VSMC/P
GO_Biological_Process_2023,Regulation Of NIK/NF-kappaB Signaling (GO:1901222),3/83,0.0194032524960789,0.1133510936515124,0,0,5.536287313432836,21.825786153449428,TMSB4X;CCN3;UACA,VSMC/P
GO_Biological_Process_2023,Ribosomal Small Subunit Biogenesis (GO:0042274),3/84,0.0200233093580477,0.1158596469216194,0,0,5.467661691542289,21.38324964953092,RPS4X;RPS9;RPSA,VSMC/P
GO_Biological_Process_2023,Gluconeogenesis (GO:0006094),2/32,0.0202016422578301,0.1158596469216194,0,0,9.794074074074071,38.216392592403565,TPI1;ENO1,VSMC/P
GO_Biological_Process_2023,Intracellular pH Reduction (GO:0051452),2/32,0.0202016422578301,0.1158596469216194,0,0,9.794074074074071,38.216392592403565,RNASEK;ATP6V0E1,VSMC/P
GO_Biological_Process_2023,Muscle Cell Development (GO:0055001),2/32,0.0202016422578301,0.1158596469216194,0,0,9.794074074074071,38.216392592403565,RAMP2;ENG,VSMC/P
GO_Biological_Process_2023,Apoptotic Process (GO:0006915),5/228,0.020487008493832,0.1164329532500136,0,0,3.3360510938986274,12.970447641920355,IFI27;FAM162A;PPIA;GAPDH;IER3,VSMC/P
GO_Biological_Process_2023,Cellular Response To Lipid (GO:0071396),5/228,0.020487008493832,0.1164329532500136,0,0,3.3360510938986274,12.970447641920355,AKR1B1;CCL2;ATP1A1;SSTR2;AQP1,VSMC/P
GO_Biological_Process_2023,Calcium-Mediated Signaling (GO:0019722),3/85,0.0206542159571174,0.1168544830727003,0,0,5.400709865307609,20.953867577188596,MCTP1;DEFB1;ATP1B1,VSMC/P
GO_Biological_Process_2023,Cardiac Muscle Contraction (GO:0060048),2/33,0.0214097535816054,0.1195140022155396,0,0,9.477658303464755,36.431253075123614,GSN;ATP1B1,VSMC/P
GO_Biological_Process_2023,Positive Regulation Of Cytokine Production Involved In Immune Response (GO:0002720),2/33,0.0214097535816054,0.1195140022155396,0,0,9.477658303464755,36.431253075123614,HLA-A;HLA-E,VSMC/P
GO_Biological_Process_2023,Positive Regulation Of Ion Transmembrane Transporter Activity (GO:0032414),2/33,0.0214097535816054,0.1195140022155396,0,0,9.477658303464755,36.431253075123614,CCL2;ATP1B1,VSMC/P
GO_Biological_Process_2023,Regulation Of I-kappaB kinase/NF-kappaB Signaling (GO:0043122),5/232,0.0218925551092957,0.1216683593684753,0,0,3.276598584968629,12.521877492609386,CD74;S100A13;S100A4;GAPDH;HLA-DRB1,VSMC/P
GO_Biological_Process_2023,Negative Regulation Of Protein Kinase Activity (GO:0006469),3/88,0.0226120800364624,0.1236733783219655,0,0,5.209306409130816,19.739473709454856,PTPRB;THY1;PPIA,VSMC/P
GO_Biological_Process_2023,Regulation Of Metal Ion Transport (GO:0010959),2/34,0.0226471950748822,0.1236733783219655,0,0,9.18101851851852,34.77512078354398,ATP1A1;B2M,VSMC/P
GO_Biological_Process_2023,Cellular Response To Hydrogen Peroxide (GO:0070301),2/34,0.0226471950748822,0.1236733783219655,0,0,9.18101851851852,34.77512078354398,ANXA1;AQP1,VSMC/P
GO_Biological_Process_2023,Positive Regulation Of Organelle Organization (GO:0010638),2/34,0.0226471950748822,0.1236733783219655,0,0,9.18101851851852,34.77512078354398,ANXA1;ANXA2,VSMC/P
GO_Biological_Process_2023,Hexose Biosynthetic Process (GO:0019319),2/35,0.0239135144685411,0.1300232648159638,0,0,8.902356902356903,33.23527158692459,TPI1;ENO1,VSMC/P
GO_Biological_Process_2023,Regulation Of Intracellular Protein Transport (GO:0033157),2/36,0.0252082642304262,0.13415923675176,0,0,8.640087145969499,31.80056125985905,IFI27;OAZ1,VSMC/P
GO_Biological_Process_2023,Regulation Of Receptor Internalization (GO:0002090),2/36,0.0252082642304262,0.13415923675176,0,0,8.640087145969499,31.80056125985905,SDCBP;ANXA2,VSMC/P
GO_Biological_Process_2023,Positive Regulation Of Myeloid Cell Differentiation (GO:0045639),2/36,0.0252082642304262,0.13415923675176,0,0,8.640087145969499,31.80056125985905,SCIN;HIF1A,VSMC/P
GO_Biological_Process_2023,Positive Regulation Of Signaling Receptor Activity (GO:2000273),2/36,0.0252082642304262,0.13415923675176,0,0,8.640087145969499,31.80056125985905,CCL2;HIF1A,VSMC/P
GO_Biological_Process_2023,Protein Destabilization (GO:0031648),2/36,0.0252082642304262,0.13415923675176,0,0,8.640087145969499,31.80056125985905,GSN;SERF2,VSMC/P
GO_Biological_Process_2023,Negative Regulation Of Stress-Activated MAPK Cascade (GO:0032873),2/37,0.0265310015343322,0.1394265185235202,0,0,8.392804232804233,30.46119081340154,MECOM;PPIA,VSMC/P
GO_Biological_Process_2023,Positive Regulation Of Exocytosis (GO:0045921),2/37,0.0265310015343322,0.1394265185235202,0,0,8.392804232804233,30.46119081340154,SDCBP;S100A10,VSMC/P
GO_Biological_Process_2023,Type I Interferon-Mediated Signaling Pathway (GO:0060337),2/37,0.0265310015343322,0.1394265185235202,0,0,8.392804232804233,30.46119081340154,IFITM3;IFI27,VSMC/P
GO_Biological_Process_2023,Vesicle Organization (GO:0016050),3/94,0.0268209417325327,0.1403629284002549,0,0,4.864359521075939,17.602036565118887,SRGN;ANXA2;S100A10,VSMC/P
GO_Biological_Process_2023,Regulation Of Intracellular Transport (GO:0032386),2/38,0.0278812881988325,0.1429342774601376,0,0,8.15925925925926,29.208512127193195,REEP5;CRYAB,VSMC/P
GO_Biological_Process_2023,Cellular Response To Type I Interferon (GO:0071357),2/38,0.0278812881988325,0.1429342774601376,0,0,8.15925925925926,29.208512127193195,IFITM3;IFI27,VSMC/P
GO_Biological_Process_2023,Establishment Of Protein Localization To Plasma Membrane (GO:0061951),2/38,0.0278812881988325,0.1429342774601376,0,0,8.15925925925926,29.208512127193195,KRT18;VAMP5,VSMC/P
GO_Biological_Process_2023,Heart Looping (GO:0001947),2/38,0.0278812881988325,0.1429342774601376,0,0,8.15925925925926,29.208512127193195,SOX18;ENG,VSMC/P
GO_Biological_Process_2023,Membrane Assembly (GO:0071709),2/38,0.0278812881988325,0.1429342774601376,0,0,8.15925925925926,29.208512127193195,ANXA2;S100A10,VSMC/P
GO_Biological_Process_2023,Regulation Of Macroautophagy (GO:0016241),3/96,0.0283105994909662,0.1435753753326626,0,0,4.759268175252768,16.964501856481633,ATP6V0E1;SESN3;GAPDH,VSMC/P
GO_Biological_Process_2023,Cellular Response To Transforming Growth Factor Beta Stimulus (GO:0071560),3/96,0.0283105994909662,0.1435753753326626,0,0,4.759268175252768,16.964501856481633,CLDN5;COL1A2;ENG,VSMC/P
GO_Biological_Process_2023,Negative Regulation Of Gene Expression (GO:0010629),6/336,0.028349277931927,0.1435753753326626,0,0,2.7110340041637757,9.65983089401687,SRGN;CLDN5;HIF1A;GAPDH;TLE5;ENG,VSMC/P
GO_Biological_Process_2023,Negative Regulation Of Transport (GO:0051051),2/39,0.029258690661508,0.1464100217962316,0,0,7.938338338338339,28.034866055628,MCTP1;CRYAB,VSMC/P
GO_Biological_Process_2023,Odontogenesis (GO:0042476),2/39,0.029258690661508,0.1464100217962316,0,0,7.938338338338339,28.034866055628,COL1A2;AQP1,VSMC/P
GO_Biological_Process_2023,Positive Regulation Of ATP-dependent Activity (GO:0032781),2/39,0.029258690661508,0.1464100217962316,0,0,7.938338338338339,28.034866055628,FXYD2;ATP1B1,VSMC/P
GO_Biological_Process_2023,Cyclic-Nucleotide-Mediated Signaling (GO:0019935),2/40,0.0306627799167012,0.1504844502741139,0,0,7.729044834307992,26.93344690254291,DEFB1;AQP1,VSMC/P
GO_Biological_Process_2023,Positive Regulation Of Cell Cycle G1/S Phase Transition (GO:1902808),2/40,0.0306627799167012,0.1504844502741139,0,0,7.729044834307992,26.93344690254291,CCND2;ANXA1,VSMC/P
GO_Biological_Process_2023,Retinoid Metabolic Process (GO:0001523),2/40,0.0306627799167012,0.1504844502741139,0,0,7.729044834307992,26.93344690254291,AKR1C1;AKR1B1,VSMC/P
GO_Biological_Process_2023,Positive Regulation Of Myeloid Leukocyte Differentiation (GO:0002763),2/40,0.0306627799167012,0.1504844502741139,0,0,7.729044834307992,26.93344690254291,CD74;HLA-DRB1,VSMC/P
GO_Biological_Process_2023,Regulation Of Chemokine Production (GO:0032642),2/41,0.0320931315122425,0.1504844502741139,0,0,7.53048433048433,25.898188389601827,CD74;HIF1A,VSMC/P
GO_Biological_Process_2023,Cardiac Ventricle Morphogenesis (GO:0003208),2/42,0.0335493254626734,0.1504844502741139,0,0,7.341851851851852,24.92366729843264,CPE;ENG,VSMC/P
GO_Biological_Process_2023,Determination Of Heart Left/Right Asymmetry (GO:0061371),2/42,0.0335493254626734,0.1504844502741139,0,0,7.341851851851852,24.92366729843264,SOX18;ENG,VSMC/P
GO_Biological_Process_2023,Embryonic Heart Tube Morphogenesis (GO:0003143),2/42,0.0335493254626734,0.1504844502741139,0,0,7.341851851851852,24.92366729843264,SOX18;ENG,VSMC/P
GO_Biological_Process_2023,Lysosome Localization (GO:0032418),2/42,0.0335493254626734,0.1504844502741139,0,0,7.341851851851852,24.92366729843264,S100A13;MYH9,VSMC/P
GO_Biological_Process_2023,Regulation Of Establishment Of T Cell Polarity (GO:1903903),1/5,0.03378711383543,0.1504844502741139,0,0,36.50551470588236,123.66884861369476,GSN,VSMC/P
GO_Biological_Process_2023,ISG15-protein Conjugation (GO:0032020),1/5,0.03378711383543,0.1504844502741139,0,0,36.50551470588236,123.66884861369476,ISG15,VSMC/P
GO_Biological_Process_2023,Regulation Of Extracellular Exosome Assembly (GO:1903551),1/5,0.03378711383543,0.1504844502741139,0,0,36.50551470588236,123.66884861369476,SDCBP,VSMC/P
GO_Biological_Process_2023,Regulation Of Hormone Biosynthetic Process (GO:0046885),1/5,0.03378711383543,0.1504844502741139,0,0,36.50551470588236,123.66884861369476,HIF1A,VSMC/P
GO_Biological_Process_2023,Negative Regulation Of Protein Polyubiquitination (GO:1902915),1/5,0.03378711383543,0.1504844502741139,0,0,36.50551470588236,123.66884861369476,PPIA,VSMC/P
GO_Biological_Process_2023,Amylin Receptor Signaling Pathway (GO:0097647),1/5,0.03378711383543,0.1504844502741139,0,0,36.50551470588236,123.66884861369476,RAMP2,VSMC/P
GO_Biological_Process_2023,Nucleoside Triphosphate Biosynthetic Process (GO:0009142),1/5,0.03378711383543,0.1504844502741139,0,0,36.50551470588236,123.66884861369476,NME2,VSMC/P
GO_Biological_Process_2023,Regulation Of Tetrapyrrole Biosynthetic Process (GO:1901463),1/5,0.03378711383543,0.1504844502741139,0,0,36.50551470588236,123.66884861369476,TMEM14C,VSMC/P
GO_Biological_Process_2023,"Positive Regulation Of CD4-positive, CD25-positive, Alpha-Beta Regulatory T Cell Differentiation (GO:0032831)",1/5,0.03378711383543,0.1504844502741139,0,0,36.50551470588236,123.66884861369476,HLA-DRB1,VSMC/P
GO_Biological_Process_2023,Regulation Of Type 2 Immune Response (GO:0002828),1/5,0.03378711383543,0.1504844502741139,0,0,36.50551470588236,123.66884861369476,CD74,VSMC/P
GO_Biological_Process_2023,Positive Regulation Of T Cell Mediated Immune Response To Tumor Cell (GO:0002842),1/5,0.03378711383543,0.1504844502741139,0,0,36.50551470588236,123.66884861369476,HLA-DRB1,VSMC/P
GO_Biological_Process_2023,Positive Regulation Of Endothelial Cell Development (GO:1901552),1/5,0.03378711383543,0.1504844502741139,0,0,36.50551470588236,123.66884861369476,CLDN5,VSMC/P
GO_Biological_Process_2023,Positive Regulation Of Establishment Of Endothelial Barrier (GO:1903142),1/5,0.03378711383543,0.1504844502741139,0,0,36.50551470588236,123.66884861369476,CLDN5,VSMC/P
GO_Biological_Process_2023,Tight Junction Organization (GO:0120193),1/5,0.03378711383543,0.1504844502741139,0,0,36.50551470588236,123.66884861369476,CLDN5,VSMC/P
GO_Biological_Process_2023,Type B Pancreatic Cell Proliferation (GO:0044342),1/5,0.03378711383543,0.1504844502741139,0,0,36.50551470588236,123.66884861369476,CCN3,VSMC/P
GO_Biological_Process_2023,Venous Blood Vessel Morphogenesis (GO:0048845),1/5,0.03378711383543,0.1504844502741139,0,0,36.50551470588236,123.66884861369476,ENG,VSMC/P
GO_Biological_Process_2023,Positive Regulation Of Receptor Binding (GO:1900122),1/5,0.03378711383543,0.1504844502741139,0,0,36.50551470588236,123.66884861369476,B2M,VSMC/P
GO_Biological_Process_2023,Intracellular Oxygen Homeostasis (GO:0032364),1/5,0.03378711383543,0.1504844502741139,0,0,36.50551470588236,123.66884861369476,HIF1A,VSMC/P
GO_Biological_Process_2023,Positive Regulation Of Vascular Associated Smooth Muscle Cell Differentiation (GO:1905065),1/5,0.03378711383543,0.1504844502741139,0,0,36.50551470588236,123.66884861369476,ENG,VSMC/P
GO_Biological_Process_2023,Negative Regulation Of Actin Filament Depolymerization (GO:0030835),1/5,0.03378711383543,0.1504844502741139,0,0,36.50551470588236,123.66884861369476,SCIN,VSMC/P
GO_Biological_Process_2023,Negative Regulation Of Amyloid Precursor Protein Biosynthetic Process (GO:0042985),1/5,0.03378711383543,0.1504844502741139,0,0,36.50551470588236,123.66884861369476,ITM2B,VSMC/P
GO_Biological_Process_2023,Negative Regulation Of Cellular Response To Hypoxia (GO:1900038),1/5,0.03378711383543,0.1504844502741139,0,0,36.50551470588236,123.66884861369476,ENO1,VSMC/P
GO_Biological_Process_2023,Negative Regulation Of Cytokine Production (GO:0001818),4/178,0.0342158232726696,0.1518553852666891,0,0,3.403163080114078,11.48590365615159,SRGN;ANXA1;TMSB4X;HLA-DRB1,VSMC/P
GO_Biological_Process_2023,Positive Regulation Of Vasculature Development (GO:1904018),3/104,0.034700099897387,0.153306161930963,0,0,4.38052312693956,14.722993919874945,RAMP2;HIF1A;AQP1,VSMC/P
GO_Biological_Process_2023,Regulation Of Endothelial Cell Apoptotic Process (GO:2000351),2/43,0.0350309462374095,0.153306161930963,0,0,7.162420957542909,24.005021654272003,RAMP2;CCL2,VSMC/P
GO_Biological_Process_2023,Positive Regulation Of Cell-Matrix Adhesion (GO:0001954),2/43,0.0350309462374095,0.153306161930963,0,0,7.162420957542909,24.005021654272003,THY1;S100A10,VSMC/P
GO_Biological_Process_2023,Positive Regulation Of Receptor-Mediated Endocytosis (GO:0048260),2/43,0.0350309462374095,0.153306161930963,0,0,7.162420957542909,24.005021654272003,ANXA2;B2M,VSMC/P
GO_Biological_Process_2023,Regulation Of G1/S Transition Of Mitotic Cell Cycle (GO:2000045),3/106,0.0364044404213097,0.1552036050611688,0,0,4.295029705839734,14.229710540140337,CCND2;ANXA1;CCL2,VSMC/P
GO_Biological_Process_2023,Bone Development (GO:0060348),2/44,0.0365375827110866,0.1552036050611688,0,0,6.991534391534391,23.137880991511924,RANBP3L;PPIB,VSMC/P
GO_Biological_Process_2023,Cellular Response To Ketone (GO:1901655),2/44,0.0365375827110866,0.1552036050611688,0,0,6.991534391534391,23.137880991511924,AKR1B1;AQP1,VSMC/P
GO_Biological_Process_2023,Regulation Of Transport (GO:0051049),2/44,0.0365375827110866,0.1552036050611688,0,0,6.991534391534391,23.137880991511924,REEP5;ACTG1,VSMC/P
GO_Biological_Process_2023,Response To Unfolded Protein (GO:0006986),2/44,0.0365375827110866,0.1552036050611688,0,0,6.991534391534391,23.137880991511924,HSPB2;HSPA2,VSMC/P
GO_Biological_Process_2023,Positive Regulation Of Cytokine-Mediated Signaling Pathway (GO:0001961),2/44,0.0365375827110866,0.1552036050611688,0,0,6.991534391534391,23.137880991511924,CD74;HIF1A,VSMC/P
GO_Biological_Process_2023,Regulation Of Cell-Substrate Adhesion (GO:0010810),2/44,0.0365375827110866,0.1552036050611688,0,0,6.991534391534391,23.137880991511924,THY1;FBLN2,VSMC/P
GO_Biological_Process_2023,Negative Regulation Of Nucleic Acid-Templated Transcription (GO:1903507),7/456,0.0377085741122281,0.1552036050611688,0,0,2.328216549597396,7.631586013611993,FOXS1;MECOM;SOX18;ID3;ENO1;CRYAB;TLE5,VSMC/P
GO_Biological_Process_2023,Organic Hydroxy Compound Transport (GO:0015850),2/45,0.0380688281227297,0.1552036050611688,0,0,6.828596037898364,22.318306672261475,AKR1C1;SLC5A3,VSMC/P
GO_Biological_Process_2023,Positive Regulation Of Cysteine-Type Endopeptidase Activity Involved In Apoptotic Process (GO:0043280),3/109,0.0390404052763057,0.1552036050611688,0,0,4.172838637003661,13.533175577642174,GSN;FAM162A;UACA,VSMC/P
GO_Biological_Process_2023,Negative Regulation Of Macromolecule Metabolic Process (GO:0010605),4/186,0.0392093546221097,0.1552036050611688,0,0,3.252251507890606,10.53352202123416,CLDN5;HIF1A;TLE5;ENG,VSMC/P
GO_Biological_Process_2023,Positive Regulation Of Cell Migration (GO:0030335),5/272,0.039449647163154,0.1552036050611688,0,0,2.780047667688117,8.987143985025234,SDCBP;ENPP2;PIK3R3;HIF1A;S100A11,VSMC/P
GO_Biological_Process_2023,T Cell Differentiation (GO:0030217),2/46,0.0396242800413737,0.1552036050611688,0,0,6.673063973063973,21.54274061714168,ANXA1;PIK3R3,VSMC/P
GO_Biological_Process_2023,Regulation Of Interleukin-10 Production (GO:0032653),2/46,0.0396242800413737,0.1552036050611688,0,0,6.673063973063973,21.54274061714168,ISG15;HLA-DRB1,VSMC/P
GO_Biological_Process_2023,Response To Hydrogen Peroxide (GO:0042542),2/46,0.0396242800413737,0.1552036050611688,0,0,6.673063973063973,21.54274061714168,ANXA1;AQP1,VSMC/P
GO_Biological_Process_2023,Negative Regulation Of Neuron Projection Regeneration (GO:0070571),1/6,0.040407308005575,0.1552036050611688,0,0,29.20294117647059,93.70478036325976,THY1,VSMC/P
GO_Biological_Process_2023,Aldehyde Biosynthetic Process (GO:0046184),1/6,0.040407308005575,0.1552036050611688,0,0,29.20294117647059,93.70478036325976,TPI1,VSMC/P
GO_Biological_Process_2023,Negative Regulation Of Stress-Activated Protein Kinase Signaling Cascade (GO:0070303),1/6,0.040407308005575,0.1552036050611688,0,0,29.20294117647059,93.70478036325976,PPIA,VSMC/P
GO_Biological_Process_2023,Antigen Processing And Presentation Of Endogenous Peptide Antigen Via MHC Class I (GO:0019885),1/6,0.040407308005575,0.1552036050611688,0,0,29.20294117647059,93.70478036325976,HLA-A,VSMC/P
GO_Biological_Process_2023,Antigen Processing And Presentation Of Exogenous Peptide Antigen Via MHC Class I (GO:0042590),1/6,0.040407308005575,0.1552036050611688,0,0,29.20294117647059,93.70478036325976,HLA-A,VSMC/P
GO_Biological_Process_2023,Regulation Of Natural Killer Cell Cytokine Production (GO:0002727),1/6,0.040407308005575,0.1552036050611688,0,0,29.20294117647059,93.70478036325976,HLA-E,VSMC/P
GO_Biological_Process_2023,Regulation Of Oxidative Stress-Induced Neuron Intrinsic Apoptotic Signaling Pathway (GO:1903376),1/6,0.040407308005575,0.1552036050611688,0,0,29.20294117647059,93.70478036325976,HIF1A,VSMC/P
GO_Biological_Process_2023,Calcitonin Family Receptor Signaling Pathway (GO:0097646),1/6,0.040407308005575,0.1552036050611688,0,0,29.20294117647059,93.70478036325976,RAMP2,VSMC/P
GO_Biological_Process_2023,Regulation Of Prostaglandin Biosynthetic Process (GO:0031392),1/6,0.040407308005575,0.1552036050611688,0,0,29.20294117647059,93.70478036325976,CD74,VSMC/P
GO_Biological_Process_2023,Cellular Hyperosmotic Response (GO:0071474),1/6,0.040407308005575,0.1552036050611688,0,0,29.20294117647059,93.70478036325976,AQP1,VSMC/P
GO_Biological_Process_2023,Regulation Of Transforming Growth Factor Beta2 Production (GO:0032909),1/6,0.040407308005575,0.1552036050611688,0,0,29.20294117647059,93.70478036325976,HIF1A,VSMC/P
GO_Biological_Process_2023,Dorsal Aorta Development (GO:0035907),1/6,0.040407308005575,0.1552036050611688,0,0,29.20294117647059,93.70478036325976,ENG,VSMC/P
GO_Biological_Process_2023,Dorsal Aorta Morphogenesis (GO:0035912),1/6,0.040407308005575,0.1552036050611688,0,0,29.20294117647059,93.70478036325976,ENG,VSMC/P
GO_Biological_Process_2023,Positive Regulation Of Cysteine-Type Endopeptidase Activity Involved In Apoptotic Signaling Pathway (GO:2001269),1/6,0.040407308005575,0.1552036050611688,0,0,29.20294117647059,93.70478036325976,GSN,VSMC/P
GO_Biological_Process_2023,Smooth Muscle Cell Migration (GO:0014909),1/6,0.040407308005575,0.1552036050611688,0,0,29.20294117647059,93.70478036325976,CCN3,VSMC/P
GO_Biological_Process_2023,Positive Regulation Of Hormone Metabolic Process (GO:0032352),1/6,0.040407308005575,0.1552036050611688,0,0,29.20294117647059,93.70478036325976,HIF1A,VSMC/P
GO_Biological_Process_2023,Positive Regulation Of Immune Response To Tumor Cell (GO:0002839),1/6,0.040407308005575,0.1552036050611688,0,0,29.20294117647059,93.70478036325976,HLA-DRB1,VSMC/P
GO_Biological_Process_2023,"Substrate-Dependent Cell Migration, Cell Extension (GO:0006930)",1/6,0.040407308005575,0.1552036050611688,0,0,29.20294117647059,93.70478036325976,SDCBP,VSMC/P
GO_Biological_Process_2023,Positive Regulation Of Lamellipodium Morphogenesis (GO:2000394),1/6,0.040407308005575,0.1552036050611688,0,0,29.20294117647059,93.70478036325976,ENPP2,VSMC/P
GO_Biological_Process_2023,Positive Regulation Of Multicellular Organism Growth (GO:0040018),1/6,0.040407308005575,0.1552036050611688,0,0,29.20294117647059,93.70478036325976,PPIB,VSMC/P
GO_Biological_Process_2023,Positive Regulation Of Natural Killer Cell Cytokine Production (GO:0002729),1/6,0.040407308005575,0.1552036050611688,0,0,29.20294117647059,93.70478036325976,HLA-E,VSMC/P
GO_Biological_Process_2023,Inositol Metabolic Process (GO:0006020),1/6,0.040407308005575,0.1552036050611688,0,0,29.20294117647059,93.70478036325976,SLC5A3,VSMC/P
GO_Biological_Process_2023,Regulation Of T Cell Mediated Immune Response To Tumor Cell (GO:0002840),1/6,0.040407308005575,0.1552036050611688,0,0,29.20294117647059,93.70478036325976,HLA-DRB1,VSMC/P
GO_Biological_Process_2023,Regulation Of T Cell Tolerance Induction (GO:0002664),1/6,0.040407308005575,0.1552036050611688,0,0,29.20294117647059,93.70478036325976,HLA-B,VSMC/P
GO_Biological_Process_2023,Regulation Of T-helper Cell Differentiation (GO:0045622),1/6,0.040407308005575,0.1552036050611688,0,0,29.20294117647059,93.70478036325976,HLA-DRB1,VSMC/P
GO_Biological_Process_2023,Cytoskeleton Organization (GO:0007010),3/111,0.0408503548097652,0.1563493856170717,0,0,4.095149253731344,13.095631156023147,CFL1;CCL2;THY1,VSMC/P
GO_Biological_Process_2023,Defense Response To Virus (GO:0051607),4/189,0.041183843789189,0.1563493856170717,0,0,3.199024588498273,10.203958290753697,IFITM3;IFI27;ISG15;RNASE1,VSMC/P
GO_Biological_Process_2023,Golgi To Plasma Membrane Transport (GO:0006893),2/47,0.0412035403178747,0.1563493856170717,0,0,6.524444444444445,20.80796110812736,KRT18;VAMP5,VSMC/P
GO_Biological_Process_2023,Epithelial To Mesenchymal Transition (GO:0001837),2/47,0.0412035403178747,0.1563493856170717,0,0,6.524444444444445,20.80796110812736,S100A4;HIF1A,VSMC/P
GO_Biological_Process_2023,Positive Regulation Of Cellular Component Organization (GO:0051130),3/113,0.0427021283846942,0.1614552736059592,0,0,4.020284938941655,12.677994746767068,ANXA2;AKR1B1;S100A10,VSMC/P
GO_Biological_Process_2023,Positive Regulation Of Reactive Oxygen Species Metabolic Process (GO:2000379),2/48,0.042806215056357,0.1614552736059592,0,0,6.382286634460548,20.11104455243212,AKR1C1;SLC5A3,VSMC/P
GO_Biological_Process_2023,Positive Regulation Of Pathway-Restricted SMAD Protein Phosphorylation (GO:0010862),2/49,0.0444319145713561,0.1634625662425478,0,0,6.246178092986604,19.44933230076116,SDCBP;ENG,VSMC/P
GO_Biological_Process_2023,Interferon-Mediated Signaling Pathway (GO:0140888),2/49,0.0444319145713561,0.1634625662425478,0,0,6.246178092986604,19.44933230076116,IFITM3;IFI27,VSMC/P
GO_Biological_Process_2023,Regulation Of Cell Communication (GO:0010646),2/49,0.0444319145713561,0.1634625662425478,0,0,6.246178092986604,19.44933230076116,ANXA1;IGFBP7,VSMC/P
GO_Biological_Process_2023,Regulation Of Programmed Cell Death (GO:0043067),4/195,0.0452997475230553,0.1634625662425478,0,0,3.0975868991851354,9.585339612814137,MECOM;NME2;CRYAB;TPT1,VSMC/P
GO_Biological_Process_2023,"G Protein-Coupled Receptor Signaling Pathway, Coupled To Cyclic Nucleotide Second Messenger (GO:0007187)",2/50,0.0460802533373535,0.1634625662425478,0,0,6.1157407407407405,18.820401760879264,ANXA1;CCL2,VSMC/P
GO_Biological_Process_2023,Regulation Of Epithelial Cell Migration (GO:0010632),2/50,0.0460802533373535,0.1634625662425478,0,0,6.1157407407407405,18.820401760879264,ENPP2;HIF1A,VSMC/P
GO_Biological_Process_2023,Cellular Response To Oxidative Stress (GO:0034599),3/117,0.0465300666976379,0.1634625662425478,0,0,3.878436763550668,11.897712056631748,PRDX5;PPIA;HIF1A,VSMC/P
GO_Biological_Process_2023,Regulation Of Chemokine-Mediated Signaling Pathway (GO:0070099),1/7,0.0469824732592036,0.1634625662425478,0,0,24.334558823529413,74.41461015948276,HIF1A,VSMC/P
GO_Biological_Process_2023,Negative Regulation Of Intracellular Transport (GO:0032387),1/7,0.0469824732592036,0.1634625662425478,0,0,24.334558823529413,74.41461015948276,CRYAB,VSMC/P
GO_Biological_Process_2023,Regulation Of Epithelial To Mesenchymal Transition Involved In Endocardial Cushion Formation (GO:1905005),1/7,0.0469824732592036,0.1634625662425478,0,0,24.334558823529413,74.41461015948276,ENG,VSMC/P
GO_Biological_Process_2023,Negative Regulation Of Phospholipase Activity (GO:0010519),1/7,0.0469824732592036,0.1634625662425478,0,0,24.334558823529413,74.41461015948276,ANXA1,VSMC/P
GO_Biological_Process_2023,Regulation Of Phospholipase A2 Activity (GO:0032429),1/7,0.0469824732592036,0.1634625662425478,0,0,24.334558823529413,74.41461015948276,ANXA1,VSMC/P
GO_Biological_Process_2023,Cardiac Atrium Development (GO:0003230),1/7,0.0469824732592036,0.1634625662425478,0,0,24.334558823529413,74.41461015948276,ENG,VSMC/P
GO_Biological_Process_2023,Peptidyl-Tyrosine Dephosphorylation Involved In Inactivation Of Protein Kinase Activity (GO:1990264),1/7,0.0469824732592036,0.1634625662425478,0,0,24.334558823529413,74.41461015948276,PTPRB,VSMC/P
GO_Biological_Process_2023,Regulation Of Transcription From RNA Polymerase II Promoter In Response To Hypoxia (GO:0061418),1/7,0.0469824732592036,0.1634625662425478,0,0,24.334558823529413,74.41461015948276,HIF1A,VSMC/P
GO_Biological_Process_2023,Positive Regulation By Host Of Viral Genome Replication (GO:0044829),1/7,0.0469824732592036,0.1634625662425478,0,0,24.334558823529413,74.41461015948276,PPIB,VSMC/P
GO_Biological_Process_2023,"Positive Regulation Of CD4-positive, Alpha-Beta T Cell Differentiation (GO:0043372)",1/7,0.0469824732592036,0.1634625662425478,0,0,24.334558823529413,74.41461015948276,HLA-DRB1,VSMC/P
GO_Biological_Process_2023,Positive Regulation Of Apoptotic Cell Clearance (GO:2000427),1/7,0.0469824732592036,0.1634625662425478,0,0,24.334558823529413,74.41461015948276,CCL2,VSMC/P
GO_Biological_Process_2023,Cytoplasmic Sequestering Of NF-kappaB (GO:0007253),1/7,0.0469824732592036,0.1634625662425478,0,0,24.334558823529413,74.41461015948276,TMSB4X,VSMC/P
GO_Biological_Process_2023,Positive Regulation Of Cardiac Epithelial To Mesenchymal Transition (GO:0062043),1/7,0.0469824732592036,0.1634625662425478,0,0,24.334558823529413,74.41461015948276,ENG,VSMC/P
GO_Biological_Process_2023,Positive Regulation Of Myeloid Cell Apoptotic Process (GO:0033034),1/7,0.0469824732592036,0.1634625662425478,0,0,24.334558823529413,74.41461015948276,ANXA1,VSMC/P
GO_Biological_Process_2023,Positive Regulation Of Natural Killer Cell Proliferation (GO:0032819),1/7,0.0469824732592036,0.1634625662425478,0,0,24.334558823529413,74.41461015948276,HLA-E,VSMC/P
GO_Biological_Process_2023,Venous Blood Vessel Development (GO:0060841),1/7,0.0469824732592036,0.1634625662425478,0,0,24.334558823529413,74.41461015948276,ENG,VSMC/P
GO_Biological_Process_2023,Ventricular Trabecula Myocardium Morphogenesis (GO:0003222),1/7,0.0469824732592036,0.1634625662425478,0,0,24.334558823529413,74.41461015948276,ENG,VSMC/P
GO_Biological_Process_2023,Lymphatic Endothelial Cell Differentiation (GO:0060836),1/7,0.0469824732592036,0.1634625662425478,0,0,24.334558823529413,74.41461015948276,SOX18,VSMC/P
GO_Biological_Process_2023,"Regulation Of CD4-positive, Alpha-Beta T Cell Activation (GO:2000514)",1/7,0.0469824732592036,0.1634625662425478,0,0,24.334558823529413,74.41461015948276,HLA-DRB1,VSMC/P
GO_Biological_Process_2023,Myoblast Migration (GO:0051451),1/7,0.0469824732592036,0.1634625662425478,0,0,24.334558823529413,74.41461015948276,ANXA1,VSMC/P
GO_Biological_Process_2023,Regulation Of Apoptotic Cell Clearance (GO:2000425),1/7,0.0469824732592036,0.1634625662425478,0,0,24.334558823529413,74.41461015948276,CCL2,VSMC/P
GO_Biological_Process_2023,Regulation Of Protein Binding (GO:0043393),3/118,0.0475127556253002,0.1648508869209312,0,0,3.844516547696301,11.713307951326255,CLDN5;B2M;TLE5,VSMC/P
GO_Biological_Process_2023,Regulated Exocytosis (GO:0045055),2/51,0.0477508499718204,0.1652205718033235,0,0,5.990627362055934,18.2220411702344,SCIN;MYH9,VSMC/P
GO_Biological_Process_2023,Negative Regulation Of DNA-templated Transcription (GO:0045892),12/1025,0.0489824701466795,0.1690164354511798,0,0,1.7863770977295164,5.388236372587019,SDCBP;PRDX5;FOXS1;IFI27;MECOM;SOX18;ID3;AKR1B1;ENO1;HIF1A;CRYAB;TLE5,VSMC/P
GO_Biological_Process_2023,Regulation Of Cell Development (GO:0060284),2/52,0.0494433271771144,0.1701392299574131,0,0,5.870518518518519,17.65222751068511,ANXA2;S100A10,VSMC/P
GO_Biological_Process_2023,Negative Regulation Of Viral Genome Replication (GO:0045071),2/53,0.0511573117361701,0.1727820539844268,0,0,5.755119825708061,17.109107109763784,IFITM3;ISG15,VSMC/P
GO_Biological_Process_2023,Positive Regulation Of Chemokine Production (GO:0032722),2/53,0.0511573117361701,0.1727820539844268,0,0,5.755119825708061,17.109107109763784,CD74;HIF1A,VSMC/P
GO_Biological_Process_2023,Protein Homotetramerization (GO:0051289),2/53,0.0511573117361701,0.1727820539844268,0,0,5.755119825708061,17.109107109763784,AQP2;B2M,VSMC/P
GO_Biological_Process_2023,Positive Regulation Of Macromolecule Biosynthetic Process (GO:0010557),3/122,0.0515451667409436,0.1727820539844268,0,0,3.714536560893014,11.014703494794368,RPS4X;AKR1B1;CCL2,VSMC/P
GO_Biological_Process_2023,Regulation Of Angiogenesis (GO:0045765),4/205,0.0526531702392999,0.1727820539844268,0,0,2.941981820222197,8.66127929237174,CLDN5;RAMP2;HIF1A;AQP1,VSMC/P
GO_Biological_Process_2023,Regulation Of Exocytosis (GO:0017157),2/54,0.0528924344182914,0.1727820539844268,0,0,5.644159544159544,16.590978573076498,ANXA2;S100A10,VSMC/P
GO_Biological_Process_2023,Regulation Of Blood Vessel Endothelial Cell Migration (GO:0043535),2/54,0.0528924344182914,0.1727820539844268,0,0,5.644159544159544,16.590978573076498,TMSB4X;HIF1A,VSMC/P
GO_Biological_Process_2023,Negative Regulation Of Glycoprotein Biosynthetic Process (GO:0010561),1/8,0.0535129132165143,0.1727820539844268,0,0,20.857142857142858,61.06621624401382,ITM2B,VSMC/P
GO_Biological_Process_2023,Regulation Of Epidermis Development (GO:0045682),1/8,0.0535129132165143,0.1727820539844268,0,0,20.857142857142858,61.06621624401382,NME2,VSMC/P
GO_Biological_Process_2023,Regulation Of Heme Biosynthetic Process (GO:0070453),1/8,0.0535129132165143,0.1727820539844268,0,0,20.857142857142858,61.06621624401382,TMEM14C,VSMC/P
GO_Biological_Process_2023,Negative Regulation Of Oxidative Stress-Induced Neuron Death (GO:1903204),1/8,0.0535129132165143,0.1727820539844268,0,0,20.857142857142858,61.06621624401382,HIF1A,VSMC/P
GO_Biological_Process_2023,T Cell Mediated Cytotoxicity (GO:0001913),1/8,0.0535129132165143,0.1727820539844268,0,0,20.857142857142858,61.06621624401382,HLA-A,VSMC/P
GO_Biological_Process_2023,Regulation Of Podosome Assembly (GO:0071801),1/8,0.0535129132165143,0.1727820539844268,0,0,20.857142857142858,61.06621624401382,GSN,VSMC/P
GO_Biological_Process_2023,Positive Regulation Of ATP Biosynthetic Process (GO:2001171),1/8,0.0535129132165143,0.1727820539844268,0,0,20.857142857142858,61.06621624401382,TMSB4X,VSMC/P
GO_Biological_Process_2023,Skin Morphogenesis (GO:0043589),1/8,0.0535129132165143,0.1727820539844268,0,0,20.857142857142858,61.06621624401382,COL1A2,VSMC/P
GO_Biological_Process_2023,Epithelial To Mesenchymal Transition Involved In Endocardial Cushion Formation (GO:0003198),1/8,0.0535129132165143,0.1727820539844268,0,0,20.857142857142858,61.06621624401382,ENG,VSMC/P
GO_Biological_Process_2023,Positive Regulation Of Ligase Activity (GO:0051351),1/8,0.0535129132165143,0.1727820539844268,0,0,20.857142857142858,61.06621624401382,TMSB4X,VSMC/P
GO_Biological_Process_2023,Positive Regulation Of Megakaryocyte Differentiation (GO:0045654),1/8,0.0535129132165143,0.1727820539844268,0,0,20.857142857142858,61.06621624401382,SCIN,VSMC/P
GO_Biological_Process_2023,Positive Regulation Of Memory T Cell Differentiation (GO:0043382),1/8,0.0535129132165143,0.1727820539844268,0,0,20.857142857142858,61.06621624401382,HLA-DRB1,VSMC/P
GO_Biological_Process_2023,Glycerol Transmembrane Transport (GO:0015793),1/8,0.0535129132165143,0.1727820539844268,0,0,20.857142857142858,61.06621624401382,AQP2,VSMC/P
GO_Biological_Process_2023,Membrane Lipid Catabolic Process (GO:0046466),1/8,0.0535129132165143,0.1727820539844268,0,0,20.857142857142858,61.06621624401382,ENPP2,VSMC/P
GO_Biological_Process_2023,Modification-Dependent Macromolecule Catabolic Process (GO:0043632),1/8,0.0535129132165143,0.1727820539844268,0,0,20.857142857142858,61.06621624401382,ISG15,VSMC/P
GO_Biological_Process_2023,"Regulation Of CD8-positive, Alpha-Beta T Cell Proliferation (GO:2000564)",1/8,0.0535129132165143,0.1727820539844268,0,0,20.857142857142858,61.06621624401382,HLA-E,VSMC/P
GO_Biological_Process_2023,Regulation Of Cell Killing (GO:0031341),1/8,0.0535129132165143,0.1727820539844268,0,0,20.857142857142858,61.06621624401382,CD59,VSMC/P
GO_Biological_Process_2023,Protein Stabilization (GO:0050821),4/208,0.054978971102207,0.1770604812932617,0,0,2.89827509951349,8.407329481216408,ATP1B1;PPIB;CRYAB;GAPDH,VSMC/P
GO_Biological_Process_2023,Positive Regulation Of Cellular Metabolic Process (GO:0031325),2/56,0.056424637185279,0.1796950042521858,0,0,5.434567901234568,15.62356419585542,AKR1C1;B2M,VSMC/P
GO_Biological_Process_2023,Regulation Of Complement Activation (GO:0030449),1/9,0.0599989295864788,0.1796950042521858,0,0,18.249080882352946,51.34248529605202,CD59,VSMC/P
GO_Biological_Process_2023,Regulation Of Complement-Dependent Cytotoxicity (GO:1903659),1/9,0.0599989295864788,0.1796950042521858,0,0,18.249080882352946,51.34248529605202,CD59,VSMC/P
GO_Biological_Process_2023,Golgi Lumen Acidification (GO:0061795),1/9,0.0599989295864788,0.1796950042521858,0,0,18.249080882352946,51.34248529605202,RNASEK,VSMC/P
GO_Biological_Process_2023,T-helper 1 Type Immune Response (GO:0042088),1/9,0.0599989295864788,0.1796950042521858,0,0,18.249080882352946,51.34248529605202,HLA-DRB1,VSMC/P
GO_Biological_Process_2023,Negative Regulation Of Protein Autophosphorylation (GO:0031953),1/9,0.0599989295864788,0.1796950042521858,0,0,18.249080882352946,51.34248529605202,ENG,VSMC/P
GO_Biological_Process_2023,Actin-Mediated Cell Contraction (GO:0070252),1/9,0.0599989295864788,0.1796950042521858,0,0,18.249080882352946,51.34248529605202,GSN,VSMC/P
GO_Biological_Process_2023,Negative Regulation Of Receptor Binding (GO:1900121),1/9,0.0599989295864788,0.1796950042521858,0,0,18.249080882352946,51.34248529605202,B2M,VSMC/P
GO_Biological_Process_2023,Adherens Junction Assembly (GO:0034333),1/9,0.0599989295864788,0.1796950042521858,0,0,18.249080882352946,51.34248529605202,RAMP2,VSMC/P
GO_Biological_Process_2023,Regulation Of Memory T Cell Differentiation (GO:0043380),1/9,0.0599989295864788,0.1796950042521858,0,0,18.249080882352946,51.34248529605202,HLA-DRB1,VSMC/P
GO_Biological_Process_2023,Arachidonate Transport (GO:1903963),1/9,0.0599989295864788,0.1796950042521858,0,0,18.249080882352946,51.34248529605202,ANXA1,VSMC/P
GO_Biological_Process_2023,Arachidonic Acid Secretion (GO:0050482),1/9,0.0599989295864788,0.1796950042521858,0,0,18.249080882352946,51.34248529605202,ANXA1,VSMC/P
GO_Biological_Process_2023,Regulation Of Natural Killer Cell Proliferation (GO:0032817),1/9,0.0599989295864788,0.1796950042521858,0,0,18.249080882352946,51.34248529605202,HLA-E,VSMC/P
GO_Biological_Process_2023,Regulation Of Receptor Binding (GO:1900120),1/9,0.0599989295864788,0.1796950042521858,0,0,18.249080882352946,51.34248529605202,B2M,VSMC/P
GO_Biological_Process_2023,Chloride Ion Homeostasis (GO:0055064),1/9,0.0599989295864788,0.1796950042521858,0,0,18.249080882352946,51.34248529605202,SLC12A1,VSMC/P
GO_Biological_Process_2023,Response To Type I Interferon (GO:0034340),1/9,0.0599989295864788,0.1796950042521858,0,0,18.249080882352946,51.34248529605202,ISG15,VSMC/P
GO_Biological_Process_2023,Skeletal Muscle Tissue Regeneration (GO:0043403),1/9,0.0599989295864788,0.1796950042521858,0,0,18.249080882352946,51.34248529605202,ANXA1,VSMC/P
GO_Biological_Process_2023,Smooth Muscle Tissue Development (GO:0048745),1/9,0.0599989295864788,0.1796950042521858,0,0,18.249080882352946,51.34248529605202,ENG,VSMC/P
GO_Biological_Process_2023,Granulocyte Migration (GO:0097530),1/9,0.0599989295864788,0.1796950042521858,0,0,18.249080882352946,51.34248529605202,ANXA1,VSMC/P
GO_Biological_Process_2023,Positive Regulation Of Sodium Ion Transmembrane Transport (GO:1902307),1/9,0.0599989295864788,0.1796950042521858,0,0,18.249080882352946,51.34248529605202,ATP1B1,VSMC/P
GO_Biological_Process_2023,Intestinal Cholesterol Absorption (GO:0030299),1/9,0.0599989295864788,0.1796950042521858,0,0,18.249080882352946,51.34248529605202,AKR1C1,VSMC/P
GO_Biological_Process_2023,Ketone Biosynthetic Process (GO:0042181),1/9,0.0599989295864788,0.1796950042521858,0,0,18.249080882352946,51.34248529605202,TPI1,VSMC/P
GO_Biological_Process_2023,Positive Regulation Of Vascular Endothelial Growth Factor Receptor Signaling Pathway (GO:0030949),1/9,0.0599989295864788,0.1796950042521858,0,0,18.249080882352946,51.34248529605202,HIF1A,VSMC/P
GO_Biological_Process_2023,Monoatomic Anion Homeostasis (GO:0055081),1/9,0.0599989295864788,0.1796950042521858,0,0,18.249080882352946,51.34248529605202,SLC12A1,VSMC/P
GO_Biological_Process_2023,Muscle Cell Migration (GO:0014812),1/9,0.0599989295864788,0.1796950042521858,0,0,18.249080882352946,51.34248529605202,CCN3,VSMC/P
GO_Biological_Process_2023,Regulation Of RNA Polymerase II Regulatory Region Sequence-Specific DNA Binding (GO:1903025),1/9,0.0599989295864788,0.1796950042521858,0,0,18.249080882352946,51.34248529605202,TMSB4X,VSMC/P
GO_Biological_Process_2023,Regulation Of Cellular Extravasation (GO:0002691),1/9,0.0599989295864788,0.1796950042521858,0,0,18.249080882352946,51.34248529605202,THY1,VSMC/P
GO_Biological_Process_2023,Response To Organic Cyclic Compound (GO:0014070),2/58,0.0600370607613399,0.1796950042521858,0,0,5.23994708994709,14.738887690151744,ANXA1;CCL2,VSMC/P
GO_Biological_Process_2023,Regulation Of Bone Mineralization (GO:0030500),2/58,0.0600370607613399,0.1796950042521858,0,0,5.23994708994709,14.738887690151744,SRGN;ISG15,VSMC/P
GO_Biological_Process_2023,Transmembrane Receptor Protein Serine/Threonine Kinase Signaling Pathway (GO:0007178),3/130,0.0600890937785971,0.1796950042521858,0,0,3.479139734398872,9.783086683924532,CLDN5;COL1A2;ENG,VSMC/P
GO_Biological_Process_2023,Glucose Metabolic Process (GO:0006006),2/59,0.0618724739865247,0.1837159038465133,0,0,5.14775828460039,14.324563423095396,TPI1;ENO1,VSMC/P
GO_Biological_Process_2023,Positive Regulation Of Protein Binding (GO:0032092),2/59,0.0618724739865247,0.1837159038465133,0,0,5.14775828460039,14.324563423095396,CLDN5;B2M,VSMC/P
GO_Biological_Process_2023,Regulation Of Cell Death (GO:0010941),2/59,0.0618724739865247,0.1837159038465133,0,0,5.14775828460039,14.324563423095396,CCN3;CRYAB,VSMC/P
GO_Biological_Process_2023,Circulatory System Development (GO:0072359),3/132,0.0623227634346832,0.1838098515731429,0,0,3.424852481777161,9.505433308627554,RAMP2;PDLIM2;SOX18,VSMC/P
GO_Biological_Process_2023,Regulation Of Extrinsic Apoptotic Signaling Pathway (GO:2001236),2/60,0.0637268924280344,0.1838098515731429,0,0,5.05874840357599,13.927486248806424,AKR1B1;G0S2,VSMC/P
GO_Biological_Process_2023,Protein Transport (GO:0015031),5/313,0.0644154017285175,0.1838098515731429,0,0,2.4049340810704445,6.595297277604219,CD74;RAMP2;KRT18;MYH9;VAMP5,VSMC/P
GO_Biological_Process_2023,Regulation Of Pathway-Restricted SMAD Protein Phosphorylation (GO:0060393),2/61,0.0655999739927123,0.1838098515731429,0,0,4.972755806654112,13.546681811353558,SDCBP;ENG,VSMC/P
GO_Biological_Process_2023,Cellular Response To Metal Ion (GO:0071248),3/135,0.0657449507398965,0.1838098515731429,0,0,3.346506105834464,9.10909727560005,AQP2;B2M;AQP1,VSMC/P
GO_Biological_Process_2023,Regulation Of Cysteine-Type Endopeptidase Activity Involved In Apoptotic Signaling Pathway (GO:2001267),1/10,0.0664408221450691,0.1838098515731429,0,0,16.220588235294116,43.98121048429159,GSN,VSMC/P
GO_Biological_Process_2023,Negative Regulation Of Inclusion Body Assembly (GO:0090084),1/10,0.0664408221450691,0.1838098515731429,0,0,16.220588235294116,43.98121048429159,HSPA2,VSMC/P
GO_Biological_Process_2023,Regulation Of Dendritic Cell Differentiation (GO:2001198),1/10,0.0664408221450691,0.1838098515731429,0,0,16.220588235294116,43.98121048429159,HLA-B,VSMC/P
GO_Biological_Process_2023,Negative Regulation Of Natural Killer Cell Mediated Immunity (GO:0002716),1/10,0.0664408221450691,0.1838098515731429,0,0,16.220588235294116,43.98121048429159,HLA-E,VSMC/P
GO_Biological_Process_2023,Regulation Of Inclusion Body Assembly (GO:0090083),1/10,0.0664408221450691,0.1838098515731429,0,0,16.220588235294116,43.98121048429159,HSPA2,VSMC/P
GO_Biological_Process_2023,Actin Filament Depolymerization (GO:0030042),1/10,0.0664408221450691,0.1838098515731429,0,0,16.220588235294116,43.98121048429159,GSN,VSMC/P
GO_Biological_Process_2023,Regulation Of Lamellipodium Morphogenesis (GO:2000392),1/10,0.0664408221450691,0.1838098515731429,0,0,16.220588235294116,43.98121048429159,ENPP2,VSMC/P
GO_Biological_Process_2023,Negative Regulation Of Response To Cytokine Stimulus (GO:0060761),1/10,0.0664408221450691,0.1838098515731429,0,0,16.220588235294116,43.98121048429159,TLE5,VSMC/P
GO_Biological_Process_2023,Basement Membrane Organization (GO:0071711),1/10,0.0664408221450691,0.1838098515731429,0,0,16.220588235294116,43.98121048429159,RAMP2,VSMC/P
GO_Biological_Process_2023,Nucleoside Triphosphate Metabolic Process (GO:0009141),1/10,0.0664408221450691,0.1838098515731429,0,0,16.220588235294116,43.98121048429159,NME2,VSMC/P
GO_Biological_Process_2023,Cardiac Muscle Cell Membrane Repolarization (GO:0099622),1/10,0.0664408221450691,0.1838098515731429,0,0,16.220588235294116,43.98121048429159,ATP1B1,VSMC/P
GO_Biological_Process_2023,Cellular Response To Leucine (GO:0071233),1/10,0.0664408221450691,0.1838098515731429,0,0,16.220588235294116,43.98121048429159,SESN3,VSMC/P
GO_Biological_Process_2023,Removal Of Superoxide Radicals (GO:0019430),1/10,0.0664408221450691,0.1838098515731429,0,0,16.220588235294116,43.98121048429159,PRDX1,VSMC/P
GO_Biological_Process_2023,Response To Leucine (GO:0043201),1/10,0.0664408221450691,0.1838098515731429,0,0,16.220588235294116,43.98121048429159,SESN3,VSMC/P
GO_Biological_Process_2023,Positive Regulation Of Cellular Senescence (GO:2000774),1/10,0.0664408221450691,0.1838098515731429,0,0,16.220588235294116,43.98121048429159,B2M,VSMC/P
GO_Biological_Process_2023,Epithelial Cell Apoptotic Process (GO:1904019),1/10,0.0664408221450691,0.1838098515731429,0,0,16.220588235294116,43.98121048429159,GSN,VSMC/P
GO_Biological_Process_2023,Positive Regulation Of Interleukin-13 Production (GO:0032736),1/10,0.0664408221450691,0.1838098515731429,0,0,16.220588235294116,43.98121048429159,HLA-E,VSMC/P
GO_Biological_Process_2023,Urogenital System Development (GO:0001655),1/10,0.0664408221450691,0.1838098515731429,0,0,16.220588235294116,43.98121048429159,ANXA1,VSMC/P
GO_Biological_Process_2023,Hematopoietic Stem Cell Proliferation (GO:0071425),1/10,0.0664408221450691,0.1838098515731429,0,0,16.220588235294116,43.98121048429159,MECOM,VSMC/P
GO_Biological_Process_2023,Mast Cell Activation Involved In Immune Response (GO:0002279),1/10,0.0664408221450691,0.1838098515731429,0,0,16.220588235294116,43.98121048429159,S100A13,VSMC/P
GO_Biological_Process_2023,Mast Cell Degranulation (GO:0043303),1/10,0.0664408221450691,0.1838098515731429,0,0,16.220588235294116,43.98121048429159,S100A13,VSMC/P
GO_Biological_Process_2023,Mitochondrial Respirasome Assembly (GO:0097250),1/10,0.0664408221450691,0.1838098515731429,0,0,16.220588235294116,43.98121048429159,HIGD1B,VSMC/P
GO_Biological_Process_2023,Receptor-Mediated Endocytosis Of Virus By Host Cell (GO:0019065),1/10,0.0664408221450691,0.1838098515731429,0,0,16.220588235294116,43.98121048429159,RNASEK,VSMC/P
GO_Biological_Process_2023,Monocyte Differentiation (GO:0030224),1/10,0.0664408221450691,0.1838098515731429,0,0,16.220588235294116,43.98121048429159,MYH9,VSMC/P
GO_Biological_Process_2023,Regulation Of Amyloid Precursor Protein Biosynthetic Process (GO:0042984),1/10,0.0664408221450691,0.1838098515731429,0,0,16.220588235294116,43.98121048429159,ITM2B,VSMC/P
GO_Biological_Process_2023,Regulation Of Cardiac Muscle Cell Apoptotic Process (GO:0010665),1/10,0.0664408221450691,0.1838098515731429,0,0,16.220588235294116,43.98121048429159,ENG,VSMC/P
GO_Biological_Process_2023,Negative Regulation Of Kinase Activity (GO:0033673),2/62,0.0674913803171687,0.1863058762161843,0,0,4.8896296296296295,13.181245420683382,THY1;PPIA,VSMC/P
GO_Biological_Process_2023,Positive Regulation Of Mitotic Cell Cycle Phase Transition (GO:1901992),2/63,0.0694007767375199,0.1911565253998355,0,0,4.80922890103218,12.830336043119242,CCND2;ANXA1,VSMC/P
GO_Biological_Process_2023,Positive Regulation Of Intracellular Signal Transduction (GO:1902533),7/525,0.0696519735637312,0.1914286188097297,0,0,2.010914760914761,5.357568076364555,CD74;S100A13;S100A4;PPIA;GAPDH;HLA-DRB1;ENG,VSMC/P
GO_Biological_Process_2023,Positive Regulation Of Type I Interferon Production (GO:0032481),2/64,0.0713278322698639,0.1926013562462188,0,0,4.73142174432497,12.493170896128214,ISG15;GAPDH,VSMC/P
GO_Biological_Process_2023,Negative Regulation Of Cell Death (GO:0060548),2/64,0.0713278322698639,0.1926013562462188,0,0,4.73142174432497,12.493170896128214,MECOM;CCN3,VSMC/P
GO_Biological_Process_2023,Negative Regulation Of Leukocyte Chemotaxis (GO:0002689),1/11,0.0728388887077658,0.1926013562462188,0,0,14.59779411764706,38.23899878007725,CCN3,VSMC/P
GO_Biological_Process_2023,Negative Regulation Of Myotube Differentiation (GO:0010832),1/11,0.0728388887077658,0.1926013562462188,0,0,14.59779411764706,38.23899878007725,CCN3,VSMC/P
GO_Biological_Process_2023,Regulation Of Lipid Kinase Activity (GO:0043550),1/11,0.0728388887077658,0.1926013562462188,0,0,14.59779411764706,38.23899878007725,PIK3R3,VSMC/P
GO_Biological_Process_2023,Nucleoside Phosphate Biosynthetic Process (GO:1901293),1/11,0.0728388887077658,0.1926013562462188,0,0,14.59779411764706,38.23899878007725,NME2,VSMC/P
GO_Biological_Process_2023,Regulation Of Response To Oxidative Stress (GO:1902882),1/11,0.0728388887077658,0.1926013562462188,0,0,14.59779411764706,38.23899878007725,MCTP1,VSMC/P
GO_Biological_Process_2023,Cellular Response To Superoxide (GO:0071451),1/11,0.0728388887077658,0.1926013562462188,0,0,14.59779411764706,38.23899878007725,PRDX1,VSMC/P
GO_Biological_Process_2023,Endoplasmic Reticulum Membrane Organization (GO:0090158),1/11,0.0728388887077658,0.1926013562462188,0,0,14.59779411764706,38.23899878007725,REEP5,VSMC/P
GO_Biological_Process_2023,Endosomal Lumen Acidification (GO:0048388),1/11,0.0728388887077658,0.1926013562462188,0,0,14.59779411764706,38.23899878007725,RNASEK,VSMC/P
GO_Biological_Process_2023,Epithelial Cell-Cell Adhesion (GO:0090136),1/11,0.0728388887077658,0.1926013562462188,0,0,14.59779411764706,38.23899878007725,CCN3,VSMC/P
GO_Biological_Process_2023,Positive Regulation Of Muscle Contraction (GO:0045933),1/11,0.0728388887077658,0.1926013562462188,0,0,14.59779411764706,38.23899878007725,ENO1,VSMC/P
GO_Biological_Process_2023,Glycerol Metabolic Process (GO:0006071),1/11,0.0728388887077658,0.1926013562462188,0,0,14.59779411764706,38.23899878007725,TPI1,VSMC/P
GO_Biological_Process_2023,Intestinal Lipid Absorption (GO:0098856),1/11,0.0728388887077658,0.1926013562462188,0,0,14.59779411764706,38.23899878007725,AKR1C1,VSMC/P
GO_Biological_Process_2023,Macrophage Chemotaxis (GO:0048246),1/11,0.0728388887077658,0.1926013562462188,0,0,14.59779411764706,38.23899878007725,CCL2,VSMC/P
GO_Biological_Process_2023,Mast Cell Mediated Immunity (GO:0002448),1/11,0.0728388887077658,0.1926013562462188,0,0,14.59779411764706,38.23899878007725,S100A13,VSMC/P
GO_Biological_Process_2023,"Regulation Of CD4-positive, Alpha-Beta T Cell Differentiation (GO:0043370)",1/11,0.0728388887077658,0.1926013562462188,0,0,14.59779411764706,38.23899878007725,HLA-DRB1,VSMC/P
GO_Biological_Process_2023,Negative Regulation Of Amyloid Fibril Formation (GO:1905907),1/11,0.0728388887077658,0.1926013562462188,0,0,14.59779411764706,38.23899878007725,CRYAB,VSMC/P
GO_Biological_Process_2023,Antimicrobial Humoral Immune Response Mediated By Antimicrobial Peptide (GO:0061844),2/65,0.0732722195516089,0.1929348171002533,0,0,4.656084656084656,12.169020581349075,DEFB1;GAPDH,VSMC/P
GO_Biological_Process_2023,Regulation Of Cell-Matrix Adhesion (GO:0001952),2/65,0.0732722195516089,0.1929348171002533,0,0,4.656084656084656,12.169020581349075,THY1;ACTG1,VSMC/P
GO_Biological_Process_2023,Response To Reactive Oxygen Species (GO:0000302),2/66,0.0752336148000164,0.1976849794745201,0,0,4.583101851851852,11.857204691208892,PRDX5;HIF1A,VSMC/P
GO_Biological_Process_2023,Ras Protein Signal Transduction (GO:0007265),3/144,0.07651444990481,0.1981731611041711,0,0,3.1314703080342965,8.048741938876281,COL1A2;CFL1;ARHGAP29,VSMC/P
GO_Biological_Process_2023,Actin Filament Organization (GO:0007015),3/144,0.07651444990481,0.1981731611041711,0,0,3.1314703080342965,8.048741938876281,MARCKS;SCIN;GSN,VSMC/P
GO_Biological_Process_2023,Regulation Of Neurogenesis (GO:0050767),2/67,0.0772116978381503,0.1981731611041711,0,0,4.512364672364672,11.557087833747978,B2M;S100A10,VSMC/P
GO_Biological_Process_2023,Extrinsic Apoptotic Signaling Pathway (GO:0097191),2/67,0.0772116978381503,0.1981731611041711,0,0,4.512364672364672,11.557087833747978,IFI27;G0S2,VSMC/P
GO_Biological_Process_2023,Positive Regulation Of GTPase Activity (GO:0043547),4/234,0.0774083857129871,0.1981731611041711,0,0,2.567244197450147,6.568705453396935,ARHGAP29;CCL2;THY1;S100A10,VSMC/P
GO_Biological_Process_2023,Negative Regulation Of Intrinsic Apoptotic Signaling Pathway In Response To DNA Damage By P53 Class Mediator (GO:1902166),1/12,0.0791934251499148,0.1981731611041711,0,0,13.270053475935828,33.65102433952089,CD74,VSMC/P
GO_Biological_Process_2023,Negative Regulation Of Locomotion (GO:0040013),1/12,0.0791934251499148,0.1981731611041711,0,0,13.270053475935828,33.65102433952089,SPINT2,VSMC/P
GO_Biological_Process_2023,Negative Regulation Of Mononuclear Cell Migration (GO:0071676),1/12,0.0791934251499148,0.1981731611041711,0,0,13.270053475935828,33.65102433952089,CCN3,VSMC/P
GO_Biological_Process_2023,Atrial Cardiac Muscle Tissue Development (GO:0003228),1/12,0.0791934251499148,0.1981731611041711,0,0,13.270053475935828,33.65102433952089,ENG,VSMC/P
GO_Biological_Process_2023,Axonal Transport Of Mitochondrion (GO:0019896),1/12,0.0791934251499148,0.1981731611041711,0,0,13.270053475935828,33.65102433952089,HIF1A,VSMC/P
GO_Biological_Process_2023,Organophosphate Catabolic Process (GO:0046434),1/12,0.0791934251499148,0.1981731611041711,0,0,13.270053475935828,33.65102433952089,ENPP2,VSMC/P
GO_Biological_Process_2023,Cellular Response To Leucine Starvation (GO:1990253),1/12,0.0791934251499148,0.1981731611041711,0,0,13.270053475935828,33.65102433952089,SESN3,VSMC/P
GO_Biological_Process_2023,Regulation Of Transcription From RNA Polymerase II Promoter In Response To Stress (GO:0043618),1/12,0.0791934251499148,0.1981731611041711,0,0,13.270053475935828,33.65102433952089,HIF1A,VSMC/P
GO_Biological_Process_2023,"Positive Regulation Of CD4-positive, Alpha-Beta T Cell Activation (GO:2000516)",1/12,0.0791934251499148,0.1981731611041711,0,0,13.270053475935828,33.65102433952089,HLA-DRB1,VSMC/P
GO_Biological_Process_2023,Positive Regulation Of Cellular Extravasation (GO:0002693),1/12,0.0791934251499148,0.1981731611041711,0,0,13.270053475935828,33.65102433952089,THY1,VSMC/P
GO_Biological_Process_2023,Icosanoid Secretion (GO:0032309),1/12,0.0791934251499148,0.1981731611041711,0,0,13.270053475935828,33.65102433952089,ANXA1,VSMC/P
GO_Biological_Process_2023,Positive Regulation Of Purine Nucleotide Biosynthetic Process (GO:1900373),1/12,0.0791934251499148,0.1981731611041711,0,0,13.270053475935828,33.65102433952089,TMSB4X,VSMC/P
GO_Biological_Process_2023,Positive Regulation Of Reactive Oxygen Species Biosynthetic Process (GO:1903428),1/12,0.0791934251499148,0.1981731611041711,0,0,13.270053475935828,33.65102433952089,SLC5A3,VSMC/P
GO_Biological_Process_2023,Macrophage Migration (GO:1905517),1/12,0.0791934251499148,0.1981731611041711,0,0,13.270053475935828,33.65102433952089,CCL2,VSMC/P
GO_Biological_Process_2023,Morphogenesis Of A Polarized Epithelium (GO:0001738),1/12,0.0791934251499148,0.1981731611041711,0,0,13.270053475935828,33.65102433952089,ACTG1,VSMC/P
GO_Biological_Process_2023,Negative Regulation Of Complement Activation (GO:0045916),1/12,0.0791934251499148,0.1981731611041711,0,0,13.270053475935828,33.65102433952089,CD59,VSMC/P
GO_Biological_Process_2023,Neuropeptide Signaling Pathway (GO:0007218),2/68,0.0792061519699792,0.1981731611041711,0,0,4.443771043771044,11.26807604276484,CPE;SSTR2,VSMC/P
GO_Biological_Process_2023,Cell-Cell Junction Organization (GO:0045216),2/68,0.0792061519699792,0.1981731611041711,0,0,4.443771043771044,11.26807604276484,CLDN5;GJA4,VSMC/P
GO_Biological_Process_2023,Skin Development (GO:0043588),2/68,0.0792061519699792,0.1981731611041711,0,0,4.443771043771044,11.26807604276484,ANXA1;COL1A2,VSMC/P
GO_Biological_Process_2023,Negative Regulation Of Protein Phosphorylation (GO:0001933),3/149,0.0828125797791275,0.2049502577366232,0,0,3.023461459824167,7.531972507496955,THY1;PPIA;ENG,VSMC/P
GO_Biological_Process_2023,Skeletal System Development (GO:0001501),3/149,0.0828125797791275,0.2049502577366232,0,0,3.023461459824167,7.531972507496955,COL1A2;PRDX1;PPIB,VSMC/P
GO_Biological_Process_2023,Negative Regulation Of DNA-binding Transcription Factor Activity (GO:0043433),3/149,0.0828125797791275,0.2049502577366232,0,0,3.023461459824167,7.531972507496955,FOXS1;TMSB4X;ID3,VSMC/P
GO_Biological_Process_2023,Positive Regulation Of Protein Transport (GO:0051222),2/70,0.0832429243083517,0.2049502577366232,0,0,4.312636165577342,10.721179640609002,PPIA;OAZ1,VSMC/P
GO_Biological_Process_2023,Negative Regulation Of Protein Binding (GO:0032091),2/71,0.0852846265377497,0.2049502577366232,0,0,4.249919484702094,10.462286333356332,B2M;TLE5,VSMC/P
GO_Biological_Process_2023,Positive Regulation Of Cell-Substrate Adhesion (GO:0010811),2/71,0.0852846265377497,0.2049502577366232,0,0,4.249919484702094,10.462286333356332,FBLN2;S100A10,VSMC/P
GO_Biological_Process_2023,Myeloid Leukocyte Differentiation (GO:0002573),2/71,0.0852846265377497,0.2049502577366232,0,0,4.249919484702094,10.462286333356332,MYH9;HLA-DRB1,VSMC/P
GO_Biological_Process_2023,Regulation Of Humoral Immune Response (GO:0002920),1/13,0.0855047253614574,0.2049502577366232,0,0,12.163602941176473,29.91253332210957,CD59,VSMC/P
GO_Biological_Process_2023,Regulation Of Intrinsic Apoptotic Signaling Pathway In Response To DNA Damage By P53 Class Mediator (GO:1902165),1/13,0.0855047253614574,0.2049502577366232,0,0,12.163602941176473,29.91253332210957,CD74,VSMC/P
GO_Biological_Process_2023,Regulation Of Leukocyte Migration (GO:0002685),1/13,0.0855047253614574,0.2049502577366232,0,0,12.163602941176473,29.91253332210957,ANXA1,VSMC/P
GO_Biological_Process_2023,Negative Regulation Of Viral Transcription (GO:0032897),1/13,0.0855047253614574,0.2049502577366232,0,0,12.163602941176473,29.91253332210957,IFITM3,VSMC/P
GO_Biological_Process_2023,Branching Involved In Blood Vessel Morphogenesis (GO:0001569),1/13,0.0855047253614574,0.2049502577366232,0,0,12.163602941176473,29.91253332210957,ENG,VSMC/P
GO_Biological_Process_2023,Cotranslational Protein Targeting To Membrane (GO:0006613),1/13,0.0855047253614574,0.2049502577366232,0,0,12.163602941176473,29.91253332210957,SRP14,VSMC/P
GO_Biological_Process_2023,Cytoplasmic Sequestering Of Transcription Factor (GO:0042994),1/13,0.0855047253614574,0.2049502577366232,0,0,12.163602941176473,29.91253332210957,TMSB4X,VSMC/P
GO_Biological_Process_2023,Endothelial Cell Differentiation (GO:0045446),1/13,0.0855047253614574,0.2049502577366232,0,0,12.163602941176473,29.91253332210957,SOX18,VSMC/P
GO_Biological_Process_2023,Positive Regulation Of Insulin Secretion Involved In Cellular Response To Glucose Stimulus (GO:0035774),1/13,0.0855047253614574,0.2049502577366232,0,0,12.163602941176473,29.91253332210957,HLA-DRB1,VSMC/P
GO_Biological_Process_2023,Substrate-Dependent Cell Migration (GO:0006929),1/13,0.0855047253614574,0.2049502577366232,0,0,12.163602941176473,29.91253332210957,SDCBP,VSMC/P
GO_Biological_Process_2023,Positive Regulation Of Keratinocyte Differentiation (GO:0045618),1/13,0.0855047253614574,0.2049502577366232,0,0,12.163602941176473,29.91253332210957,NME2,VSMC/P
GO_Biological_Process_2023,Eye Photoreceptor Cell Development (GO:0042462),1/13,0.0855047253614574,0.2049502577366232,0,0,12.163602941176473,29.91253332210957,THY1,VSMC/P
GO_Biological_Process_2023,Killing By Host Of Symbiont Cells (GO:0051873),1/13,0.0855047253614574,0.2049502577366232,0,0,12.163602941176473,29.91253332210957,GAPDH,VSMC/P
GO_Biological_Process_2023,"Negative Regulation Of DNA Damage Response, Signal Transduction By P53 Class Mediator (GO:0043518)",1/13,0.0855047253614574,0.2049502577366232,0,0,12.163602941176473,29.91253332210957,CD74,VSMC/P
GO_Biological_Process_2023,Negative Regulation Of Bone Mineralization (GO:0030502),1/13,0.0855047253614574,0.2049502577366232,0,0,12.163602941176473,29.91253332210957,SRGN,VSMC/P
GO_Biological_Process_2023,Regulation Of Cellular Localization (GO:0060341),2/72,0.0873414678285447,0.2085568129137875,0,0,4.188994708994709,10.212475557360577,GSN;REEP5,VSMC/P
GO_Biological_Process_2023,Protein Targeting To Membrane (GO:0006612),2/72,0.0873414678285447,0.2085568129137875,0,0,4.188994708994709,10.212475557360577,SDCBP;SRP14,VSMC/P
GO_Biological_Process_2023,Positive Regulation Of Nucleic Acid-Templated Transcription (GO:1903508),7/557,0.088714019675889,0.2107257588959291,0,0,1.8907832167832168,4.580114797182705,CD74;MECOM;SOX18;NME2;AKR1B1;HIF1A;HLA-DRB1,VSMC/P
GO_Biological_Process_2023,Monocarboxylic Acid Transport (GO:0015718),2/73,0.0894131486981902,0.2107257588959291,0,0,4.1297861241523215,9.971317100218016,RBP7;AKR1C1,VSMC/P
GO_Biological_Process_2023,Cellular Response To Growth Factor Stimulus (GO:0071363),3/155,0.0906546955601064,0.2107257588959291,0,0,2.903230557737628,6.969778470599264,RAMP2;ANXA1;CCL2,VSMC/P
GO_Biological_Process_2023,Negative Regulation Of Neuron Apoptotic Process (GO:0043524),2/74,0.0914993729651541,0.2107257588959291,0,0,4.072222222222222,9.738406533113348,CCL2;HIF1A,VSMC/P
GO_Biological_Process_2023,Regulation Of Endothelial Cell Chemotaxis (GO:2001026),1/14,0.091773081302606,0.2107257588959291,0,0,11.22737556561086,26.815870864611973,TMSB4X,VSMC/P
GO_Biological_Process_2023,Negative Regulation Of Leukocyte Mediated Cytotoxicity (GO:0001911),1/14,0.091773081302606,0.2107257588959291,0,0,11.22737556561086,26.815870864611973,HLA-E,VSMC/P
GO_Biological_Process_2023,Regulation Of Leukocyte Activation (GO:0002694),1/14,0.091773081302606,0.2107257588959291,0,0,11.22737556561086,26.815870864611973,CD74,VSMC/P
GO_Biological_Process_2023,Negative Regulation Of Transcription Regulatory Region DNA Binding (GO:2000678),1/14,0.091773081302606,0.2107257588959291,0,0,11.22737556561086,26.815870864611973,TMSB4X,VSMC/P
GO_Biological_Process_2023,Regulation Of Sensory Perception Of Pain (GO:0051930),1/14,0.091773081302606,0.2107257588959291,0,0,11.22737556561086,26.815870864611973,CCN3,VSMC/P
GO_Biological_Process_2023,Response To Muscle Stretch (GO:0035994),1/14,0.091773081302606,0.2107257588959291,0,0,11.22737556561086,26.815870864611973,GSN,VSMC/P
GO_Biological_Process_2023,Positive Regulation Of Cytoplasmic Translation (GO:2000767),1/14,0.091773081302606,0.2107257588959291,0,0,11.22737556561086,26.815870864611973,PKM,VSMC/P
GO_Biological_Process_2023,Positive Regulation Of Endothelial Cell Chemotaxis (GO:2001028),1/14,0.091773081302606,0.2107257588959291,0,0,11.22737556561086,26.815870864611973,TMSB4X,VSMC/P
GO_Biological_Process_2023,Positive Regulation Of Exosomal Secretion (GO:1903543),1/14,0.091773081302606,0.2107257588959291,0,0,11.22737556561086,26.815870864611973,SDCBP,VSMC/P
GO_Biological_Process_2023,Positive Regulation Of Heterotypic Cell-Cell Adhesion (GO:0034116),1/14,0.091773081302606,0.2107257588959291,0,0,11.22737556561086,26.815870864611973,THY1,VSMC/P
GO_Biological_Process_2023,Positive Regulation Of Response To Cytokine Stimulus (GO:0060760),1/14,0.091773081302606,0.2107257588959291,0,0,11.22737556561086,26.815870864611973,CD74,VSMC/P
GO_Biological_Process_2023,Positive Regulation Of Transcription From RNA Polymerase II Promoter Involved In Cellular Response To Chemical Stimulus (GO:1901522),1/14,0.091773081302606,0.2107257588959291,0,0,11.22737556561086,26.815870864611973,HIF1A,VSMC/P
GO_Biological_Process_2023,Prostanoid Biosynthetic Process (GO:0046457),1/14,0.091773081302606,0.2107257588959291,0,0,11.22737556561086,26.815870864611973,CD74,VSMC/P
GO_Biological_Process_2023,Membrane Repolarization During Cardiac Muscle Cell Action Potential (GO:0086013),1/14,0.091773081302606,0.2107257588959291,0,0,11.22737556561086,26.815870864611973,ATP1B1,VSMC/P
GO_Biological_Process_2023,Mitochondrion Transport Along Microtubule (GO:0047497),1/14,0.091773081302606,0.2107257588959291,0,0,11.22737556561086,26.815870864611973,HIF1A,VSMC/P
GO_Biological_Process_2023,Monosaccharide Transmembrane Transport (GO:0015749),1/14,0.091773081302606,0.2107257588959291,0,0,11.22737556561086,26.815870864611973,SLC5A3,VSMC/P
GO_Biological_Process_2023,Regulation Of Carbohydrate Catabolic Process (GO:0043470),1/14,0.091773081302606,0.2107257588959291,0,0,11.22737556561086,26.815870864611973,HIF1A,VSMC/P
GO_Biological_Process_2023,Regulation Of Stress Fiber Assembly (GO:0051492),2/75,0.0935998477813579,0.2141373566728334,0,0,4.016235413495688,9.513363341608922,ACTG1;S100A10,VSMC/P
GO_Biological_Process_2023,Defense Response To Gram-negative Bacterium (GO:0050829),2/75,0.0935998477813579,0.2141373566728334,0,0,4.016235413495688,9.513363341608922,DEFB1;AQP1,VSMC/P
GO_Biological_Process_2023,B Cell Mediated Immunity (GO:0019724),1/15,0.0979987829751249,0.218626059354808,0,0,10.424894957983192,24.214948291558056,CD74,VSMC/P
GO_Biological_Process_2023,Regulation Of Interleukin-13 Production (GO:0032656),1/15,0.0979987829751249,0.218626059354808,0,0,10.424894957983192,24.214948291558056,HLA-E,VSMC/P
GO_Biological_Process_2023,Regulation Of Intrinsic Apoptotic Signaling Pathway In Response To DNA Damage (GO:1902229),1/15,0.0979987829751249,0.218626059354808,0,0,10.424894957983192,24.214948291558056,TPT1,VSMC/P
GO_Biological_Process_2023,Negative Regulation Of Type I Interferon-Mediated Signaling Pathway (GO:0060339),1/15,0.0979987829751249,0.218626059354808,0,0,10.424894957983192,24.214948291558056,ISG15,VSMC/P
GO_Biological_Process_2023,Regulation Of Multicellular Organism Growth (GO:0040014),1/15,0.0979987829751249,0.218626059354808,0,0,10.424894957983192,24.214948291558056,PPIB,VSMC/P
GO_Biological_Process_2023,Positive Regulation Of Cyclin-Dependent Protein Serine/Threonine Kinase Activity (GO:0045737),1/15,0.0979987829751249,0.218626059354808,0,0,10.424894957983192,24.214948291558056,CCND2,VSMC/P
GO_Biological_Process_2023,Positive Regulation Of Endothelial Cell Apoptotic Process (GO:2000353),1/15,0.0979987829751249,0.218626059354808,0,0,10.424894957983192,24.214948291558056,CCL2,VSMC/P
GO_Biological_Process_2023,Sphingolipid Catabolic Process (GO:0030149),1/15,0.0979987829751249,0.218626059354808,0,0,10.424894957983192,24.214948291558056,ENPP2,VSMC/P
GO_Biological_Process_2023,Positive Regulation Of Sprouting Angiogenesis (GO:1903672),1/15,0.0979987829751249,0.218626059354808,0,0,10.424894957983192,24.214948291558056,PKM,VSMC/P
GO_Biological_Process_2023,Protein Localization To Cell-Cell Junction (GO:0150105),1/15,0.0979987829751249,0.218626059354808,0,0,10.424894957983192,24.214948291558056,ACTG1,VSMC/P
GO_Biological_Process_2023,Membrane Repolarization During Action Potential (GO:0086011),1/15,0.0979987829751249,0.218626059354808,0,0,10.424894957983192,24.214948291558056,ATP1B1,VSMC/P
GO_Biological_Process_2023,Negative Regulation Of DNA Replication (GO:0008156),1/15,0.0979987829751249,0.218626059354808,0,0,10.424894957983192,24.214948291558056,S100A11,VSMC/P
GO_Biological_Process_2023,Regulation Of Amyloid Fibril Formation (GO:1905906),1/15,0.0979987829751249,0.218626059354808,0,0,10.424894957983192,24.214948291558056,CRYAB,VSMC/P
GO_Biological_Process_2023,Regulation Of Bicellular Tight Junction Assembly (GO:2000810),1/15,0.0979987829751249,0.218626059354808,0,0,10.424894957983192,24.214948291558056,CLDN5,VSMC/P
GO_Biological_Process_2023,Nitrogen Compound Transport (GO:0071705),3/163,0.1015719158025255,0.2235636224664303,0,0,2.7569496268656715,6.305111268261813,RAMP2;MYH9;AQP1,VSMC/P
GO_Biological_Process_2023,Positive Regulation Of Cytoskeleton Organization (GO:0051495),2/79,0.1021385093453656,0.2235636224664303,0,0,3.806830206830207,8.684999325681588,SCIN;GSN,VSMC/P
GO_Biological_Process_2023,Cellular Component Assembly (GO:0022607),4/260,0.1037333501233702,0.2235636224664303,0,0,2.303453947368421,5.219469119556615,SLC9A3R2;CD74;SCIN;GSN,VSMC/P
GO_Biological_Process_2023,Negative Regulation Of Inflammatory Response To Antigenic Stimulus (GO:0002862),1/16,0.1041821184662259,0.2235636224664303,0,0,9.729411764705882,22.004181371864657,HLA-DRB1,VSMC/P
GO_Biological_Process_2023,Negative Regulation Of Intrinsic Apoptotic Signaling Pathway By P53 Class Mediator (GO:1902254),1/16,0.1041821184662259,0.2235636224664303,0,0,9.729411764705882,22.004181371864657,CD74,VSMC/P
GO_Biological_Process_2023,Regulation Of Establishment Of Endothelial Barrier (GO:1903140),1/16,0.1041821184662259,0.2235636224664303,0,0,9.729411764705882,22.004181371864657,CLDN5,VSMC/P
GO_Biological_Process_2023,Regulation Of Nucleocytoplasmic Transport (GO:0046822),1/16,0.1041821184662259,0.2235636224664303,0,0,9.729411764705882,22.004181371864657,IFI27,VSMC/P
GO_Biological_Process_2023,Cell Communication By Electrical Coupling Involved In Cardiac Conduction (GO:0086064),1/16,0.1041821184662259,0.2235636224664303,0,0,9.729411764705882,22.004181371864657,ATP1B1,VSMC/P
GO_Biological_Process_2023,Regulation Of Response To Cytokine Stimulus (GO:0060759),1/16,0.1041821184662259,0.2235636224664303,0,0,9.729411764705882,22.004181371864657,TLE5,VSMC/P
GO_Biological_Process_2023,Regulation Of Secretion (GO:0051046),1/16,0.1041821184662259,0.2235636224664303,0,0,9.729411764705882,22.004181371864657,SCIN,VSMC/P
GO_Biological_Process_2023,Cellular Response To Gamma Radiation (GO:0071480),1/16,0.1041821184662259,0.2235636224664303,0,0,9.729411764705882,22.004181371864657,CRYAB,VSMC/P
GO_Biological_Process_2023,Regulation Of Transforming Growth Factor Beta Production (GO:0071634),1/16,0.1041821184662259,0.2235636224664303,0,0,9.729411764705882,22.004181371864657,HIF1A,VSMC/P
GO_Biological_Process_2023,Positive Regulation Of Cell Migration Involved In Sprouting Angiogenesis (GO:0090050),1/16,0.1041821184662259,0.2235636224664303,0,0,9.729411764705882,22.004181371864657,ANXA1,VSMC/P
GO_Biological_Process_2023,Retinal Metabolic Process (GO:0042574),1/16,0.1041821184662259,0.2235636224664303,0,0,9.729411764705882,22.004181371864657,AKR1C1,VSMC/P
GO_Biological_Process_2023,Establishment Of Protein Localization To Endoplasmic Reticulum (GO:0072599),1/16,0.1041821184662259,0.2235636224664303,0,0,9.729411764705882,22.004181371864657,SRP14,VSMC/P
GO_Biological_Process_2023,Positive Regulation Of Myeloid Leukocyte Cytokine Production Involved In Immune Response (GO:0061081),1/16,0.1041821184662259,0.2235636224664303,0,0,9.729411764705882,22.004181371864657,CD74,VSMC/P
GO_Biological_Process_2023,Vasculature Development (GO:0001944),1/16,0.1041821184662259,0.2235636224664303,0,0,9.729411764705882,22.004181371864657,SOX18,VSMC/P
GO_Biological_Process_2023,Positive Regulation Of Smooth Muscle Cell Migration (GO:0014911),1/16,0.1041821184662259,0.2235636224664303,0,0,9.729411764705882,22.004181371864657,S100A11,VSMC/P
GO_Biological_Process_2023,Prostanoid Metabolic Process (GO:0006692),1/16,0.1041821184662259,0.2235636224664303,0,0,9.729411764705882,22.004181371864657,AKR1C1,VSMC/P
GO_Biological_Process_2023,Protein Localization To Mitochondrion (GO:0070585),1/16,0.1041821184662259,0.2235636224664303,0,0,9.729411764705882,22.004181371864657,ISG15,VSMC/P
GO_Biological_Process_2023,Regulation Of NMDA Receptor Activity (GO:2000310),1/16,0.1041821184662259,0.2235636224664303,0,0,9.729411764705882,22.004181371864657,CCL2,VSMC/P
GO_Biological_Process_2023,Negative Regulation Of Anoikis (GO:2000811),1/16,0.1041821184662259,0.2235636224664303,0,0,9.729411764705882,22.004181371864657,PIK3R3,VSMC/P
GO_Biological_Process_2023,Positive Regulation Of Immune Response (GO:0050778),2/80,0.1043059576157071,0.2235636224664303,0,0,3.757834757834758,8.494310391355938,CD74;HLA-DRB1,VSMC/P
GO_Biological_Process_2023,Cellular Response To Interleukin-1 (GO:0071347),2/81,0.1064859670187579,0.2271576354611073,0,0,3.7100796999531176,8.309621578120886,CCL2;HIF1A,VSMC/P
GO_Biological_Process_2023,Membrane Organization (GO:0061024),3/167,0.107219139711538,0.2271576354611073,0,0,2.689160902803058,6.004574952517573,REEP5;ANXA2;S100A10,VSMC/P
GO_Biological_Process_2023,Cellular Response To Organic Substance (GO:0071310),2/82,0.1086782670090247,0.2271576354611073,0,0,3.663518518518519,8.130679063097565,RAMP2;CCL2,VSMC/P
GO_Biological_Process_2023,Negative Regulation Of Fibroblast Proliferation (GO:0048147),1/17,0.1103233739102511,0.2271576354611073,0,0,9.120863970588236,20.1054803872225,FTH1,VSMC/P
GO_Biological_Process_2023,Negative Regulation Of Insulin Secretion (GO:0046676),1/17,0.1103233739102511,0.2271576354611073,0,0,9.120863970588236,20.1054803872225,CCN3,VSMC/P
GO_Biological_Process_2023,Negative Regulation Of Interleukin-8 Production (GO:0032717),1/17,0.1103233739102511,0.2271576354611073,0,0,9.120863970588236,20.1054803872225,TMSB4X,VSMC/P
GO_Biological_Process_2023,Regulation Of Establishment Of Cell Polarity (GO:2000114),1/17,0.1103233739102511,0.2271576354611073,0,0,9.120863970588236,20.1054803872225,GSN,VSMC/P
GO_Biological_Process_2023,Regulation Of Inflammatory Response To Antigenic Stimulus (GO:0002861),1/17,0.1103233739102511,0.2271576354611073,0,0,9.120863970588236,20.1054803872225,HLA-DRB1,VSMC/P
GO_Biological_Process_2023,Negative Regulation Of Striated Muscle Cell Differentiation (GO:0051154),1/17,0.1103233739102511,0.2271576354611073,0,0,9.120863970588236,20.1054803872225,CCN3,VSMC/P
GO_Biological_Process_2023,Aorta Morphogenesis (GO:0035909),1/17,0.1103233739102511,0.2271576354611073,0,0,9.120863970588236,20.1054803872225,ENG,VSMC/P
GO_Biological_Process_2023,cGMP-mediated Signaling (GO:0019934),1/17,0.1103233739102511,0.2271576354611073,0,0,9.120863970588236,20.1054803872225,AQP1,VSMC/P
GO_Biological_Process_2023,Cell Migration Involved In Sprouting Angiogenesis (GO:0002042),1/17,0.1103233739102511,0.2271576354611073,0,0,9.120863970588236,20.1054803872225,PIK3R3,VSMC/P
GO_Biological_Process_2023,Polyol Metabolic Process (GO:0019751),1/17,0.1103233739102511,0.2271576354611073,0,0,9.120863970588236,20.1054803872225,SLC5A3,VSMC/P
GO_Biological_Process_2023,Regulation Of Viral Transcription (GO:0046782),1/17,0.1103233739102511,0.2271576354611073,0,0,9.120863970588236,20.1054803872225,IFITM3,VSMC/P
GO_Biological_Process_2023,Response To Interferon-Alpha (GO:0035455),1/17,0.1103233739102511,0.2271576354611073,0,0,9.120863970588236,20.1054803872225,IFITM3,VSMC/P
GO_Biological_Process_2023,Ribosomal Small Subunit Assembly (GO:0000028),1/17,0.1103233739102511,0.2271576354611073,0,0,9.120863970588236,20.1054803872225,RPSA,VSMC/P
GO_Biological_Process_2023,Embryonic Heart Tube Development (GO:0035050),1/17,0.1103233739102511,0.2271576354611073,0,0,9.120863970588236,20.1054803872225,SOX18,VSMC/P
GO_Biological_Process_2023,Extracellular Matrix Assembly (GO:0085029),1/17,0.1103233739102511,0.2271576354611073,0,0,9.120863970588236,20.1054803872225,RAMP2,VSMC/P
GO_Biological_Process_2023,Positive Regulation Of Nitric-Oxide Synthase Activity (GO:0051000),1/17,0.1103233739102511,0.2271576354611073,0,0,9.120863970588236,20.1054803872225,HIF1A,VSMC/P
GO_Biological_Process_2023,Positive Regulation Of Potassium Ion Transmembrane Transport (GO:1901381),1/17,0.1103233739102511,0.2271576354611073,0,0,9.120863970588236,20.1054803872225,ATP1B1,VSMC/P
GO_Biological_Process_2023,Positive Regulation Of Regulatory T Cell Differentiation (GO:0045591),1/17,0.1103233739102511,0.2271576354611073,0,0,9.120863970588236,20.1054803872225,HLA-DRB1,VSMC/P
GO_Biological_Process_2023,Positive Regulation Of Transcription From RNA Polymerase II Promoter In Response To Stress (GO:0036003),1/17,0.1103233739102511,0.2271576354611073,0,0,9.120863970588236,20.1054803872225,HIF1A,VSMC/P
GO_Biological_Process_2023,Prostaglandin Biosynthetic Process (GO:0001516),1/17,0.1103233739102511,0.2271576354611073,0,0,9.120863970588236,20.1054803872225,CD74,VSMC/P
GO_Biological_Process_2023,Regulation Of Cartilage Development (GO:0061035),1/17,0.1103233739102511,0.2271576354611073,0,0,9.120863970588236,20.1054803872225,SCIN,VSMC/P
GO_Biological_Process_2023,Heart Development (GO:0007507),3/171,0.1129866620190431,0.2281233681290668,0,0,2.624600213219616,5.722902714695095,RAMP2;PDLIM2;SOX18,VSMC/P
GO_Biological_Process_2023,Metal Ion Transport (GO:0030001),3/171,0.1129866620190431,0.2281233681290668,0,0,2.624600213219616,5.722902714695095,RAMP2;TPT1;AQP1,VSMC/P
GO_Biological_Process_2023,Regulation Of Cysteine-Type Endopeptidase Activity Involved In Apoptotic Process (GO:0043281),2/84,0.1130986717978116,0.2281233681290668,0,0,3.573803071364047,7.78908463680278,UACA;AQP1,VSMC/P
GO_Biological_Process_2023,Positive Regulation Of Cellular Process (GO:0048522),7/594,0.1140987020359145,0.2281233681290668,0,0,1.768208622723103,3.838235246949278,RPS4X;CLDN5;SDCBP;RPS9;CCND2;S100A13;AKR1B1,VSMC/P
GO_Biological_Process_2023,Regulation Of Kinase Activity (GO:0043549),2/85,0.1153262507276233,0.2281233681290668,0,0,3.530566711289602,7.625989512204862,CD74;HLA-DRB1,VSMC/P
GO_Biological_Process_2023,Positive Regulation Of Endothelial Cell Migration (GO:0010595),2/85,0.1153262507276233,0.2281233681290668,0,0,3.530566711289602,7.625989512204862,TMSB4X;HIF1A,VSMC/P
GO_Biological_Process_2023,Regulation Of Exosomal Secretion (GO:1903541),1/18,0.1164228335754234,0.2281233681290668,0,0,8.583910034602075,18.459926845841217,SDCBP,VSMC/P
GO_Biological_Process_2023,Negative Regulation Of Nervous System Development (GO:0051961),1/18,0.1164228335754234,0.2281233681290668,0,0,8.583910034602075,18.459926845841217,B2M,VSMC/P
GO_Biological_Process_2023,Negative Regulation Of Peptide Hormone Secretion (GO:0090278),1/18,0.1164228335754234,0.2281233681290668,0,0,8.583910034602075,18.459926845841217,CCN3,VSMC/P
GO_Biological_Process_2023,Negative Regulation Of Signal Transduction By P53 Class Mediator (GO:1901797),1/18,0.1164228335754234,0.2281233681290668,0,0,8.583910034602075,18.459926845841217,CD74,VSMC/P
GO_Biological_Process_2023,Regulation Of Oxidative Stress-Induced Intrinsic Apoptotic Signaling Pathway (GO:1902175),1/18,0.1164228335754234,0.2281233681290668,0,0,8.583910034602075,18.459926845841217,PPIA,VSMC/P
GO_Biological_Process_2023,Cardiac Atrium Morphogenesis (GO:0003209),1/18,0.1164228335754234,0.2281233681290668,0,0,8.583910034602075,18.459926845841217,ENG,VSMC/P
GO_Biological_Process_2023,Cardiac Muscle Cell Contraction (GO:0086003),1/18,0.1164228335754234,0.2281233681290668,0,0,8.583910034602075,18.459926845841217,GSN,VSMC/P
GO_Biological_Process_2023,Regulation Of Protein Neddylation (GO:2000434),1/18,0.1164228335754234,0.2281233681290668,0,0,8.583910034602075,18.459926845841217,HIF1A,VSMC/P
GO_Biological_Process_2023,Cellular Response To Inorganic Substance (GO:0071241),1/18,0.1164228335754234,0.2281233681290668,0,0,8.583910034602075,18.459926845841217,AQP1,VSMC/P
GO_Biological_Process_2023,Regulation Of Vascular Endothelial Cell Proliferation (GO:1905562),1/18,0.1164228335754234,0.2281233681290668,0,0,8.583910034602075,18.459926845841217,CCL2,VSMC/P
GO_Biological_Process_2023,Renal Absorption (GO:0070293),1/18,0.1164228335754234,0.2281233681290668,0,0,8.583910034602075,18.459926845841217,GSN,VSMC/P
GO_Biological_Process_2023,Response To Organophosphorus (GO:0046683),1/18,0.1164228335754234,0.2281233681290668,0,0,8.583910034602075,18.459926845841217,AKR1C1,VSMC/P
GO_Biological_Process_2023,Positive Regulation Of Cyclin-Dependent Protein Kinase Activity (GO:1904031),1/18,0.1164228335754234,0.2281233681290668,0,0,8.583910034602075,18.459926845841217,CCND2,VSMC/P
GO_Biological_Process_2023,Positive Regulation Of Cytokine Production Involved In Inflammatory Response (GO:1900017),1/18,0.1164228335754234,0.2281233681290668,0,0,8.583910034602075,18.459926845841217,HIF1A,VSMC/P
GO_Biological_Process_2023,Positive Regulation Of Epidermal Cell Differentiation (GO:0045606),1/18,0.1164228335754234,0.2281233681290668,0,0,8.583910034602075,18.459926845841217,NME2,VSMC/P
GO_Biological_Process_2023,Positive Regulation Of Glycolytic Process (GO:0045821),1/18,0.1164228335754234,0.2281233681290668,0,0,8.583910034602075,18.459926845841217,HIF1A,VSMC/P
GO_Biological_Process_2023,Positive Regulation Of Interleukin-4 Production (GO:0032753),1/18,0.1164228335754234,0.2281233681290668,0,0,8.583910034602075,18.459926845841217,HLA-E,VSMC/P
GO_Biological_Process_2023,Positive Regulation Of Natural Killer Cell Activation (GO:0032816),1/18,0.1164228335754234,0.2281233681290668,0,0,8.583910034602075,18.459926845841217,HLA-E,VSMC/P
GO_Biological_Process_2023,Positive Regulation Of Neutrophil Chemotaxis (GO:0090023),1/18,0.1164228335754234,0.2281233681290668,0,0,8.583910034602075,18.459926845841217,CD74,VSMC/P
GO_Biological_Process_2023,Heart Trabecula Morphogenesis (GO:0061384),1/18,0.1164228335754234,0.2281233681290668,0,0,8.583910034602075,18.459926845841217,ENG,VSMC/P
GO_Biological_Process_2023,Lysosomal Lumen Acidification (GO:0007042),1/18,0.1164228335754234,0.2281233681290668,0,0,8.583910034602075,18.459926845841217,RNASEK,VSMC/P
GO_Biological_Process_2023,Membrane Repolarization (GO:0086009),1/18,0.1164228335754234,0.2281233681290668,0,0,8.583910034602075,18.459926845841217,ATP1B1,VSMC/P
GO_Biological_Process_2023,Mesenchyme Morphogenesis (GO:0072132),1/18,0.1164228335754234,0.2281233681290668,0,0,8.583910034602075,18.459926845841217,ENG,VSMC/P
GO_Biological_Process_2023,Regulation Of T Cell Cytokine Production (GO:0002724),1/18,0.1164228335754234,0.2281233681290668,0,0,8.583910034602075,18.459926845841217,HLA-A,VSMC/P
GO_Biological_Process_2023,Negative Regulation Of T Cell Receptor Signaling Pathway (GO:0050860),1/18,0.1164228335754234,0.2281233681290668,0,0,8.583910034602075,18.459926845841217,THY1,VSMC/P
GO_Biological_Process_2023,Positive Regulation Of Hydrolase Activity (GO:0051345),3/176,0.1203589142873915,0.2354685301323423,0,0,2.5480976619791216,5.395028695272495,CCL2;THY1;S100A10,VSMC/P
GO_Biological_Process_2023,Regulation Of Insulin-Like Growth Factor Receptor Signaling Pathway (GO:0043567),1/19,0.1224807798153976,0.2359445697057353,0,0,8.106617647058824,17.022285145241106,IGFBP2,VSMC/P
GO_Biological_Process_2023,Regulation Of Megakaryocyte Differentiation (GO:0045652),1/19,0.1224807798153976,0.2359445697057353,0,0,8.106617647058824,17.022285145241106,SCIN,VSMC/P
GO_Biological_Process_2023,Cardiac Epithelial To Mesenchymal Transition (GO:0060317),1/19,0.1224807798153976,0.2359445697057353,0,0,8.106617647058824,17.022285145241106,ENG,VSMC/P
GO_Biological_Process_2023,Cardiac Ventricle Development (GO:0003231),1/19,0.1224807798153976,0.2359445697057353,0,0,8.106617647058824,17.022285145241106,ENG,VSMC/P
GO_Biological_Process_2023,Regulation Of Smooth Muscle Cell Migration (GO:0014910),1/19,0.1224807798153976,0.2359445697057353,0,0,8.106617647058824,17.022285145241106,S100A11,VSMC/P
GO_Biological_Process_2023,Positive Regulation Of Activated T Cell Proliferation (GO:0042104),1/19,0.1224807798153976,0.2359445697057353,0,0,8.106617647058824,17.022285145241106,IGFBP2,VSMC/P
GO_Biological_Process_2023,Fluid Transport (GO:0042044),1/19,0.1224807798153976,0.2359445697057353,0,0,8.106617647058824,17.022285145241106,AQP2,VSMC/P
GO_Biological_Process_2023,Water Transport (GO:0006833),1/19,0.1224807798153976,0.2359445697057353,0,0,8.106617647058824,17.022285145241106,AQP2,VSMC/P
GO_Biological_Process_2023,Insulin Secretion (GO:0030073),1/19,0.1224807798153976,0.2359445697057353,0,0,8.106617647058824,17.022285145241106,ANXA1,VSMC/P
GO_Biological_Process_2023,Receptor Clustering (GO:0043113),1/19,0.1224807798153976,0.2359445697057353,0,0,8.106617647058824,17.022285145241106,THY1,VSMC/P
GO_Biological_Process_2023,Cellular Response To Chemical Stress (GO:0062197),2/89,0.1243464134060657,0.238805956021435,0,0,3.3675606641123883,7.02029967346544,PRDX5;PPIA,VSMC/P
GO_Biological_Process_2023,Sodium Ion Transport (GO:0006814),2/89,0.1243464134060657,0.238805956021435,0,0,3.3675606641123883,7.02029967346544,SLC12A1;ATP1B1,VSMC/P
GO_Biological_Process_2023,Positive Regulation Of ERK1 And ERK2 Cascade (GO:0070374),3/179,0.1248659789343628,0.2394376634222285,0,0,2.5042825644504747,5.210195649989243,CD74;CCL2;HLA-DRB1,VSMC/P
GO_Biological_Process_2023,Regulation Of Peptidyl-Tyrosine Phosphorylation (GO:0050730),2/90,0.1266276601296758,0.2416060647831892,0,0,3.329124579124579,6.879650286958991,CD74;ENPP2,VSMC/P
GO_Biological_Process_2023,Negative Regulation Of miRNA Transcription (GO:1902894),1/20,0.1284974930534796,0.2416060647831892,0,0,7.679566563467493,15.757287045296094,HIF1A,VSMC/P
GO_Biological_Process_2023,T Cell Mediated Immunity (GO:0002456),1/20,0.1284974930534796,0.2416060647831892,0,0,7.679566563467493,15.757287045296094,HLA-A,VSMC/P
GO_Biological_Process_2023,Ameboidal-Type Cell Migration (GO:0001667),1/20,0.1284974930534796,0.2416060647831892,0,0,7.679566563467493,15.757287045296094,CCN3,VSMC/P
GO_Biological_Process_2023,Calcium-Mediated Signaling Using Intracellular Calcium Source (GO:0035584),1/20,0.1284974930534796,0.2416060647831892,0,0,7.679566563467493,15.757287045296094,DEFB1,VSMC/P
GO_Biological_Process_2023,Regulation Of Protein Localization To Cell Periphery (GO:1904375),1/20,0.1284974930534796,0.2416060647831892,0,0,7.679566563467493,15.757287045296094,AKR1B1,VSMC/P
GO_Biological_Process_2023,Cellular Response To Estradiol Stimulus (GO:0071392),1/20,0.1284974930534796,0.2416060647831892,0,0,7.679566563467493,15.757287045296094,SSTR2,VSMC/P
GO_Biological_Process_2023,Sensory Perception Of Pain (GO:0019233),1/20,0.1284974930534796,0.2416060647831892,0,0,7.679566563467493,15.757287045296094,CCL2,VSMC/P
GO_Biological_Process_2023,Positive Regulation Of Embryonic Development (GO:0040019),1/20,0.1284974930534796,0.2416060647831892,0,0,7.679566563467493,15.757287045296094,CFL1,VSMC/P
GO_Biological_Process_2023,Endothelial Cell Development (GO:0001885),1/20,0.1284974930534796,0.2416060647831892,0,0,7.679566563467493,15.757287045296094,SOX18,VSMC/P
GO_Biological_Process_2023,Lipopolysaccharide-Mediated Signaling Pathway (GO:0031663),1/20,0.1284974930534796,0.2416060647831892,0,0,7.679566563467493,15.757287045296094,CCL2,VSMC/P
GO_Biological_Process_2023,Regulation Of Calcium Ion Import (GO:0090279),1/20,0.1284974930534796,0.2416060647831892,0,0,7.679566563467493,15.757287045296094,CCL2,VSMC/P
GO_Biological_Process_2023,Regulation Of Cardiac Muscle Contraction By Calcium Ion Signaling (GO:0010882),1/20,0.1284974930534796,0.2416060647831892,0,0,7.679566563467493,15.757287045296094,ATP1B1,VSMC/P
GO_Biological_Process_2023,Regulation Of Epithelial Cell Proliferation (GO:0050678),2/91,0.1289188970624308,0.2416748279259897,0,0,3.291552226383687,6.742980994415039,NME2;B2M,VSMC/P
GO_Biological_Process_2023,Positive Regulation Of Binding (GO:0051099),2/91,0.1289188970624308,0.2416748279259897,0,0,3.291552226383687,6.742980994415039,CLDN5;B2M,VSMC/P
GO_Biological_Process_2023,Negative Regulation Of miRNA Metabolic Process (GO:2000629),1/21,0.1344732518575936,0.2480152780222284,0,0,7.295220588235294,14.637057422023762,HIF1A,VSMC/P
GO_Biological_Process_2023,Regulation Of Neurotransmitter Transport (GO:0051588),1/21,0.1344732518575936,0.2480152780222284,0,0,7.295220588235294,14.637057422023762,MCTP1,VSMC/P
GO_Biological_Process_2023,Plasma Membrane Repair (GO:0001778),1/21,0.1344732518575936,0.2480152780222284,0,0,7.295220588235294,14.637057422023762,MYH9,VSMC/P
GO_Biological_Process_2023,Positive Regulation Of T Cell Cytokine Production (GO:0002726),1/21,0.1344732518575936,0.2480152780222284,0,0,7.295220588235294,14.637057422023762,HLA-A,VSMC/P
GO_Biological_Process_2023,Endocardial Cushion Morphogenesis (GO:0003203),1/21,0.1344732518575936,0.2480152780222284,0,0,7.295220588235294,14.637057422023762,ENG,VSMC/P
GO_Biological_Process_2023,Positive Regulation Of Granulocyte Chemotaxis (GO:0071624),1/21,0.1344732518575936,0.2480152780222284,0,0,7.295220588235294,14.637057422023762,CD74,VSMC/P
GO_Biological_Process_2023,Focal Adhesion Assembly (GO:0048041),1/21,0.1344732518575936,0.2480152780222284,0,0,7.295220588235294,14.637057422023762,THY1,VSMC/P
GO_Biological_Process_2023,Positive Regulation Of Natural Killer Cell Mediated Cytotoxicity (GO:0045954),1/21,0.1344732518575936,0.2480152780222284,0,0,7.295220588235294,14.637057422023762,HLA-E,VSMC/P
GO_Biological_Process_2023,Innate Immune Response In Mucosa (GO:0002227),1/21,0.1344732518575936,0.2480152780222284,0,0,7.295220588235294,14.637057422023762,DEFB1,VSMC/P
GO_Biological_Process_2023,Macrophage Differentiation (GO:0030225),1/21,0.1344732518575936,0.2480152780222284,0,0,7.295220588235294,14.637057422023762,HLA-DRB1,VSMC/P
GO_Biological_Process_2023,Negative Regulation Of Biomineral Tissue Development (GO:0070168),1/21,0.1344732518575936,0.2480152780222284,0,0,7.295220588235294,14.637057422023762,SRGN,VSMC/P
GO_Biological_Process_2023,Cell Junction Assembly (GO:0034329),2/95,0.1381789655953808,0.2537321356546759,0,0,3.149342891278375,6.233197029643627,CLDN5;GJA4,VSMC/P
GO_Biological_Process_2023,Positive Regulation Of Epithelial Cell Migration (GO:0010634),2/95,0.1381789655953808,0.2537321356546759,0,0,3.149342891278375,6.233197029643627,ENPP2;HIF1A,VSMC/P
GO_Biological_Process_2023,Positive Regulation Of Transmembrane Receptor Protein Serine/Threonine Kinase Signaling Pathway (GO:0090100),2/95,0.1381789655953808,0.2537321356546759,0,0,3.149342891278375,6.233197029643627,SDCBP;ENG,VSMC/P
GO_Biological_Process_2023,Regulation Of Protein Export From Nucleus (GO:0046825),1/22,0.1404083330010567,0.254306684786749,0,0,6.947478991596639,13.639293794381585,IFI27,VSMC/P
GO_Biological_Process_2023,Regulation Of Vascular Endothelial Growth Factor Receptor Signaling Pathway (GO:0030947),1/22,0.1404083330010567,0.254306684786749,0,0,6.947478991596639,13.639293794381585,HIF1A,VSMC/P
GO_Biological_Process_2023,Response To Gamma Radiation (GO:0010332),1/22,0.1404083330010567,0.254306684786749,0,0,6.947478991596639,13.639293794381585,CRYAB,VSMC/P
GO_Biological_Process_2023,Glucose Transmembrane Transport (GO:1904659),1/22,0.1404083330010567,0.254306684786749,0,0,6.947478991596639,13.639293794381585,SLC5A3,VSMC/P
GO_Biological_Process_2023,Hexose Transmembrane Transport (GO:0008645),1/22,0.1404083330010567,0.254306684786749,0,0,6.947478991596639,13.639293794381585,SLC5A3,VSMC/P
GO_Biological_Process_2023,"Positive Regulation Of Synaptic Transmission, Glutamatergic (GO:0051968)",1/22,0.1404083330010567,0.254306684786749,0,0,6.947478991596639,13.639293794381585,CCL2,VSMC/P
GO_Biological_Process_2023,Membrane Protein Ectodomain Proteolysis (GO:0006509),1/22,0.1404083330010567,0.254306684786749,0,0,6.947478991596639,13.639293794381585,MYH9,VSMC/P
GO_Biological_Process_2023,Negative Regulation Of Axonogenesis (GO:0050771),1/22,0.1404083330010567,0.254306684786749,0,0,6.947478991596639,13.639293794381585,THY1,VSMC/P
GO_Biological_Process_2023,Negative Regulation Of Cell Development (GO:0010721),1/22,0.1404083330010567,0.254306684786749,0,0,6.947478991596639,13.639293794381585,B2M,VSMC/P
GO_Biological_Process_2023,Positive Regulation Of Supramolecular Fiber Organization (GO:1902905),2/96,0.1405165917531878,0.254306684786749,0,0,3.1156816390858943,6.114306204259863,SCIN;GSN,VSMC/P
GO_Biological_Process_2023,Regulation Of Defense Response (GO:0031347),2/97,0.1428628025736773,0.2578098851042223,0,0,3.082729044834308,5.998591605942089,ANXA1;TMSB4X,VSMC/P
GO_Biological_Process_2023,Monocarboxylic Acid Metabolic Process (GO:0032787),2/97,0.1428628025736773,0.2578098851042223,0,0,3.082729044834308,5.998591605942089,LDHA;AKR1C1,VSMC/P
GO_Biological_Process_2023,Negative Regulation Of Macromolecule Biosynthetic Process (GO:0010558),2/98,0.1452173732304741,0.2584480761622089,0,0,3.050462962962963,5.885940074806264,AKR1B1;GAPDH,VSMC/P
GO_Biological_Process_2023,Regulation Of Cellular Response To Transforming Growth Factor Beta Stimulus (GO:1903844),1/23,0.1463030112669829,0.2584480761622089,0,0,6.63135026737968,12.745955140425728,ENG,VSMC/P
GO_Biological_Process_2023,Negative Regulation Of Neuron Differentiation (GO:0045665),1/23,0.1463030112669829,0.2584480761622089,0,0,6.63135026737968,12.745955140425728,B2M,VSMC/P
GO_Biological_Process_2023,Negative Regulation Of Oxidative Stress-Induced Cell Death (GO:1903202),1/23,0.1463030112669829,0.2584480761622089,0,0,6.63135026737968,12.745955140425728,PPIA,VSMC/P
GO_Biological_Process_2023,Negative Regulation Of Protein Tyrosine Kinase Activity (GO:0061099),1/23,0.1463030112669829,0.2584480761622089,0,0,6.63135026737968,12.745955140425728,THY1,VSMC/P
GO_Biological_Process_2023,Adaptive Immune Response Based On Somatic Recombination Of Immune Receptors Built From Immunoglobulin Superfamily Domains (GO:0002460),1/23,0.1463030112669829,0.2584480761622089,0,0,6.63135026737968,12.745955140425728,HLA-DRB1,VSMC/P
GO_Biological_Process_2023,Regulation Of Myotube Differentiation (GO:0010830),1/23,0.1463030112669829,0.2584480761622089,0,0,6.63135026737968,12.745955140425728,CCN3,VSMC/P
GO_Biological_Process_2023,Artery Development (GO:0060840),1/23,0.1463030112669829,0.2584480761622089,0,0,6.63135026737968,12.745955140425728,ENG,VSMC/P
GO_Biological_Process_2023,Bile Acid And Bile Salt Transport (GO:0015721),1/23,0.1463030112669829,0.2584480761622089,0,0,6.63135026737968,12.745955140425728,AKR1C1,VSMC/P
GO_Biological_Process_2023,Cell-Cell Signaling By Wnt (GO:0198738),1/23,0.1463030112669829,0.2584480761622089,0,0,6.63135026737968,12.745955140425728,CPE,VSMC/P
GO_Biological_Process_2023,Cellular Lipid Catabolic Process (GO:0044242),1/23,0.1463030112669829,0.2584480761622089,0,0,6.63135026737968,12.745955140425728,ENPP2,VSMC/P
GO_Biological_Process_2023,Endocardial Cushion Development (GO:0003197),1/23,0.1463030112669829,0.2584480761622089,0,0,6.63135026737968,12.745955140425728,ENG,VSMC/P
GO_Biological_Process_2023,Positive Regulation Of Neutrophil Migration (GO:1902624),1/23,0.1463030112669829,0.2584480761622089,0,0,6.63135026737968,12.745955140425728,CD74,VSMC/P
GO_Biological_Process_2023,Lymphocyte Activation Involved In Immune Response (GO:0002285),1/23,0.1463030112669829,0.2584480761622089,0,0,6.63135026737968,12.745955140425728,CD74,VSMC/P
GO_Biological_Process_2023,Protein Targeting To ER (GO:0045047),1/23,0.1463030112669829,0.2584480761622089,0,0,6.63135026737968,12.745955140425728,SRP14,VSMC/P
GO_Biological_Process_2023,Regulation Of Signal Transduction (GO:0009966),3/193,0.1466714976003667,0.2587351137444672,0,0,2.318106834249804,4.449744930118893,IGFBP2;IGFBP7;PPIA,VSMC/P
GO_Biological_Process_2023,Cellular Response To Insulin Stimulus (GO:0032869),2/99,0.1475800815835904,0.2599727664361704,0,0,3.0188621611302024,5.776243537061962,PKM;PIK3R3,VSMC/P
GO_Biological_Process_2023,Regulation Of Gene Expression (GO:0010468),11/1127,0.1504305704209461,0.2617943767190313,0,0,1.46652585765489,2.7779719254558173,CLDN5;CD74;RAMP2;GSN;PIK3R3;AKR1B1;ATP1B1;HIF1A;ACTG1;TLE5;ENG,VSMC/P
GO_Biological_Process_2023,Regulation Of Cytoplasmic Translation (GO:2000765),1/24,0.1521575597172713,0.2617943767190313,0,0,6.342710997442455,11.942301842584484,PKM,VSMC/P
GO_Biological_Process_2023,Regulation Of Heterotypic Cell-Cell Adhesion (GO:0034114),1/24,0.1521575597172713,0.2617943767190313,0,0,6.342710997442455,11.942301842584484,THY1,VSMC/P
GO_Biological_Process_2023,Negative Regulation Of Ossification (GO:0030279),1/24,0.1521575597172713,0.2617943767190313,0,0,6.342710997442455,11.942301842584484,SRGN,VSMC/P
GO_Biological_Process_2023,Outflow Tract Septum Morphogenesis (GO:0003148),1/24,0.1521575597172713,0.2617943767190313,0,0,6.342710997442455,11.942301842584484,ENG,VSMC/P
GO_Biological_Process_2023,Positive Regulation Of BMP Signaling Pathway (GO:0030513),1/24,0.1521575597172713,0.2617943767190313,0,0,6.342710997442455,11.942301842584484,ENG,VSMC/P
GO_Biological_Process_2023,Regulation Of Viral Life Cycle (GO:1903900),1/24,0.1521575597172713,0.2617943767190313,0,0,6.342710997442455,11.942301842584484,PPIA,VSMC/P
GO_Biological_Process_2023,Positive Regulation Of Cellular Response To Transforming Growth Factor Beta Stimulus (GO:1903846),1/24,0.1521575597172713,0.2617943767190313,0,0,6.342710997442455,11.942301842584484,SDCBP,VSMC/P
GO_Biological_Process_2023,Eosinophil Chemotaxis (GO:0048245),1/24,0.1521575597172713,0.2617943767190313,0,0,6.342710997442455,11.942301842584484,CCL2,VSMC/P
GO_Biological_Process_2023,Eosinophil Migration (GO:0072677),1/24,0.1521575597172713,0.2617943767190313,0,0,6.342710997442455,11.942301842584484,CCL2,VSMC/P
GO_Biological_Process_2023,Gliogenesis (GO:0042063),1/24,0.1521575597172713,0.2617943767190313,0,0,6.342710997442455,11.942301842584484,ANXA1,VSMC/P
GO_Biological_Process_2023,Positive Regulation Of Natural Killer Cell Mediated Immunity (GO:0002717),1/24,0.1521575597172713,0.2617943767190313,0,0,6.342710997442455,11.942301842584484,HLA-E,VSMC/P
GO_Biological_Process_2023,Iron Ion Transport (GO:0006826),1/24,0.1521575597172713,0.2617943767190313,0,0,6.342710997442455,11.942301842584484,FTH1,VSMC/P
GO_Biological_Process_2023,Positive Regulation Of Transforming Growth Factor Beta Receptor Signaling Pathway (GO:0030511),1/24,0.1521575597172713,0.2617943767190313,0,0,6.342710997442455,11.942301842584484,SDCBP,VSMC/P
GO_Biological_Process_2023,Positive Regulation Of Vascular Endothelial Growth Factor Production (GO:0010575),1/24,0.1521575597172713,0.2617943767190313,0,0,6.342710997442455,11.942301842584484,HIF1A,VSMC/P
GO_Biological_Process_2023,Mononuclear Cell Differentiation (GO:1903131),1/24,0.1521575597172713,0.2617943767190313,0,0,6.342710997442455,11.942301842584484,MYH9,VSMC/P
GO_Biological_Process_2023,Negative Regulation Of Antigen Receptor-Mediated Signaling Pathway (GO:0050858),1/24,0.1521575597172713,0.2617943767190313,0,0,6.342710997442455,11.942301842584484,THY1,VSMC/P
GO_Biological_Process_2023,Calcium Ion Homeostasis (GO:0055074),2/102,0.1547148501571125,0.2658301666174191,0,0,2.927851851851852,5.463873778039772,ATP1B1;TPT1,VSMC/P
GO_Biological_Process_2023,Regulation Of Chondrocyte Differentiation (GO:0032330),1/25,0.1579722495308103,0.267764028894329,0,0,6.078125,11.216182250545016,SCIN,VSMC/P
GO_Biological_Process_2023,Activation Of Protein Kinase B Activity (GO:0032148),1/25,0.1579722495308103,0.267764028894329,0,0,6.078125,11.216182250545016,PPIA,VSMC/P
GO_Biological_Process_2023,Regulation Of Lysosomal Lumen pH (GO:0035751),1/25,0.1579722495308103,0.267764028894329,0,0,6.078125,11.216182250545016,RNASEK,VSMC/P
GO_Biological_Process_2023,Regulation Of Monocyte Chemotaxis (GO:0090025),1/25,0.1579722495308103,0.267764028894329,0,0,6.078125,11.216182250545016,CCN3,VSMC/P
GO_Biological_Process_2023,Regulation Of Neutrophil Chemotaxis (GO:0090022),1/25,0.1579722495308103,0.267764028894329,0,0,6.078125,11.216182250545016,CD74,VSMC/P
GO_Biological_Process_2023,Regulation Of Postsynapse Organization (GO:0099175),1/25,0.1579722495308103,0.267764028894329,0,0,6.078125,11.216182250545016,CFL1,VSMC/P
GO_Biological_Process_2023,Peptide Hormone Secretion (GO:0030072),1/25,0.1579722495308103,0.267764028894329,0,0,6.078125,11.216182250545016,ANXA1,VSMC/P
GO_Biological_Process_2023,Secretory Granule Organization (GO:0033363),1/25,0.1579722495308103,0.267764028894329,0,0,6.078125,11.216182250545016,SRGN,VSMC/P
GO_Biological_Process_2023,Positive Regulation Of Release Of Cytochrome C From Mitochondria (GO:0090200),1/25,0.1579722495308103,0.267764028894329,0,0,6.078125,11.216182250545016,FAM162A,VSMC/P
GO_Biological_Process_2023,Negative Regulation Of TORC1 Signaling (GO:1904262),1/25,0.1579722495308103,0.267764028894329,0,0,6.078125,11.216182250545016,SESN3,VSMC/P
GO_Biological_Process_2023,Positive Regulation Of Kinase Activity (GO:0033674),2/104,0.1595080943346902,0.2700029197902573,0,0,2.8701525054466237,5.268625898553727,CD74;HLA-DRB1,VSMC/P
GO_Biological_Process_2023,Organelle Organization (GO:0006996),5/418,0.1597403412449099,0.2700321246347333,0,0,1.7838799618460637,3.2720027035895787,REEP5;CFL1;CCL2;THY1;PPIA,VSMC/P
GO_Biological_Process_2023,Cellular Response To Cytokine Stimulus (GO:0071345),4/308,0.1612988497428031,0.2719665766958442,0,0,1.9350019786307875,3.530404192463296,CCL2;HIF1A;GAPDH;HLA-DPA1,VSMC/P
GO_Biological_Process_2023,Negative Regulation Of Endothelial Cell Apoptotic Process (GO:2000352),1/26,0.163747350080978,0.2719665766958442,0,0,5.834705882352941,10.55749529148292,RAMP2,VSMC/P
GO_Biological_Process_2023,Regulation Of Keratinocyte Differentiation (GO:0045616),1/26,0.163747350080978,0.2719665766958442,0,0,5.834705882352941,10.55749529148292,NME2,VSMC/P
GO_Biological_Process_2023,Nucleic Acid Phosphodiester Bond Hydrolysis (GO:0090305),1/26,0.163747350080978,0.2719665766958442,0,0,5.834705882352941,10.55749529148292,RNASE1,VSMC/P
GO_Biological_Process_2023,cAMP-mediated Signaling (GO:0019933),1/26,0.163747350080978,0.2719665766958442,0,0,5.834705882352941,10.55749529148292,DEFB1,VSMC/P
GO_Biological_Process_2023,Regulation Of Potassium Ion Transmembrane Transporter Activity (GO:1901016),1/26,0.163747350080978,0.2719665766958442,0,0,5.834705882352941,10.55749529148292,ATP1B1,VSMC/P
GO_Biological_Process_2023,Calcium-Ion Regulated Exocytosis (GO:0017156),1/26,0.163747350080978,0.2719665766958442,0,0,5.834705882352941,10.55749529148292,SCIN,VSMC/P
GO_Biological_Process_2023,Regulation Of Reactive Oxygen Species Biosynthetic Process (GO:1903426),1/26,0.163747350080978,0.2719665766958442,0,0,5.834705882352941,10.55749529148292,SLC5A3,VSMC/P
GO_Biological_Process_2023,Regulation Of Transcription By RNA Polymerase III (GO:0006359),1/26,0.163747350080978,0.2719665766958442,0,0,5.834705882352941,10.55749529148292,PRDX5,VSMC/P
GO_Biological_Process_2023,Regulation Of Vascular Endothelial Growth Factor Production (GO:0010574),1/26,0.163747350080978,0.2719665766958442,0,0,5.834705882352941,10.55749529148292,HIF1A,VSMC/P
GO_Biological_Process_2023,Positive Regulation Of Erythrocyte Differentiation (GO:0045648),1/26,0.163747350080978,0.2719665766958442,0,0,5.834705882352941,10.55749529148292,HIF1A,VSMC/P
GO_Biological_Process_2023,Positive Regulation Of Monooxygenase Activity (GO:0032770),1/26,0.163747350080978,0.2719665766958442,0,0,5.834705882352941,10.55749529148292,HIF1A,VSMC/P
GO_Biological_Process_2023,Protein Export From Nucleus (GO:0006611),1/26,0.163747350080978,0.2719665766958442,0,0,5.834705882352941,10.55749529148292,RANBP3L,VSMC/P
GO_Biological_Process_2023,Positive Regulation Of MAPK Cascade (GO:0043410),4/310,0.1639161612728933,0.2719665766958442,0,0,1.922158337019018,3.476031508837076,CD74;CCL2;PPIA;HLA-DRB1,VSMC/P
GO_Biological_Process_2023,Regulation Of MAPK Cascade (GO:0043408),3/204,0.1646120007979542,0.2727607823248424,0,0,2.190020049008688,3.951155516842538,CD74;PPIA;HLA-DRB1,VSMC/P
GO_Biological_Process_2023,Positive Regulation Of Translation (GO:0045727),2/108,0.1691752684070147,0.2760970297620493,0,0,2.7612858141160026,4.906307888681078,RPS4X;PKM,VSMC/P
GO_Biological_Process_2023,Lipid Transport (GO:0006869),2/108,0.1691752684070147,0.2760970297620493,0,0,2.7612858141160026,4.906307888681078,RBP7;AKR1C1,VSMC/P
GO_Biological_Process_2023,T Cell Activation Involved In Immune Response (GO:0002286),1/27,0.169483128938328,0.2760970297620493,0,0,5.610011312217194,9.957780689975772,CD74,VSMC/P
GO_Biological_Process_2023,Regulation Of Immunoglobulin Production (GO:0002637),1/27,0.169483128938328,0.2760970297620493,0,0,5.610011312217194,9.957780689975772,HLA-E,VSMC/P
GO_Biological_Process_2023,Regulation Of Insulin Secretion Involved In Cellular Response To Glucose Stimulus (GO:0061178),1/27,0.169483128938328,0.2760970297620493,0,0,5.610011312217194,9.957780689975772,HLA-DRB1,VSMC/P
GO_Biological_Process_2023,Peptide Cross-Linking (GO:0018149),1/27,0.169483128938328,0.2760970297620493,0,0,5.610011312217194,9.957780689975772,ANXA1,VSMC/P
GO_Biological_Process_2023,Cell Surface Receptor Signaling Pathway Involved In Cell-Cell Signaling (GO:1905114),1/27,0.169483128938328,0.2760970297620493,0,0,5.610011312217194,9.957780689975772,CPE,VSMC/P
GO_Biological_Process_2023,Chaperone Cofactor-Dependent Protein Refolding (GO:0051085),1/27,0.169483128938328,0.2760970297620493,0,0,5.610011312217194,9.957780689975772,HSPA2,VSMC/P
GO_Biological_Process_2023,Positive Regulation Of Calcium Ion Transmembrane Transporter Activity (GO:1901021),1/27,0.169483128938328,0.2760970297620493,0,0,5.610011312217194,9.957780689975772,ATP1B1,VSMC/P
GO_Biological_Process_2023,Glycerophospholipid Catabolic Process (GO:0046475),1/27,0.169483128938328,0.2760970297620493,0,0,5.610011312217194,9.957780689975772,ENPP2,VSMC/P
GO_Biological_Process_2023,Positive Regulation Of Response To Wounding (GO:1903036),1/27,0.169483128938328,0.2760970297620493,0,0,5.610011312217194,9.957780689975772,ANXA1,VSMC/P
GO_Biological_Process_2023,Myeloid Cell Development (GO:0061515),1/27,0.169483128938328,0.2760970297620493,0,0,5.610011312217194,9.957780689975772,ANXA2,VSMC/P
GO_Biological_Process_2023,Regulation Of SMAD Protein Signal Transduction (GO:0060390),1/27,0.169483128938328,0.2760970297620493,0,0,5.610011312217194,9.957780689975772,CCN3,VSMC/P
GO_Biological_Process_2023,Supramolecular Fiber Organization (GO:0097435),4/316,0.1718599500759735,0.2796063436469207,0,0,1.8846153846153848,3.318949750072552,MARCKS;COL1A2;GSN;B2M,VSMC/P
GO_Biological_Process_2023,Regulation Of JNK Cascade (GO:0046328),2/110,0.1740459858963565,0.2802877629541098,0,0,2.7098765432098766,4.738044966412776,SDCBP;MECOM,VSMC/P
GO_Biological_Process_2023,RNA Phosphodiester Bond Hydrolysis (GO:0090501),1/28,0.1751798518463186,0.2802877629541098,0,0,5.401960784313726,9.409902955799431,RNASE1,VSMC/P
GO_Biological_Process_2023,Negative Regulation Of Type II Interferon Production (GO:0032689),1/28,0.1751798518463186,0.2802877629541098,0,0,5.401960784313726,9.409902955799431,HLA-DRB1,VSMC/P
GO_Biological_Process_2023,Apoptotic Cell Clearance (GO:0043277),1/28,0.1751798518463186,0.2802877629541098,0,0,5.401960784313726,9.409902955799431,ANXA1,VSMC/P
GO_Biological_Process_2023,Regulation Of Nitric-Oxide Synthase Activity (GO:0050999),1/28,0.1751798518463186,0.2802877629541098,0,0,5.401960784313726,9.409902955799431,HIF1A,VSMC/P
GO_Biological_Process_2023,Cell-Substrate Junction Assembly (GO:0007044),1/28,0.1751798518463186,0.2802877629541098,0,0,5.401960784313726,9.409902955799431,THY1,VSMC/P
GO_Biological_Process_2023,Regulation Of Sodium Ion Transmembrane Transport (GO:1902305),1/28,0.1751798518463186,0.2802877629541098,0,0,5.401960784313726,9.409902955799431,FXYD2,VSMC/P
GO_Biological_Process_2023,Phospholipid Catabolic Process (GO:0009395),1/28,0.1751798518463186,0.2802877629541098,0,0,5.401960784313726,9.409902955799431,ENPP2,VSMC/P
GO_Biological_Process_2023,Establishment Of Endothelial Barrier (GO:0061028),1/28,0.1751798518463186,0.2802877629541098,0,0,5.401960784313726,9.409902955799431,SOX18,VSMC/P
GO_Biological_Process_2023,Protein Depolymerization (GO:0051261),1/28,0.1751798518463186,0.2802877629541098,0,0,5.401960784313726,9.409902955799431,GSN,VSMC/P
GO_Biological_Process_2023,Pyroptosis (GO:0070269),1/28,0.1751798518463186,0.2802877629541098,0,0,5.401960784313726,9.409902955799431,IFI27,VSMC/P
GO_Biological_Process_2023,Mucosal Immune Response (GO:0002385),1/28,0.1751798518463186,0.2802877629541098,0,0,5.401960784313726,9.409902955799431,DEFB1,VSMC/P
GO_Biological_Process_2023,"Regulation Of DNA Damage Response, Signal Transduction By P53 Class Mediator (GO:0043516)",1/28,0.1751798518463186,0.2802877629541098,0,0,5.401960784313726,9.409902955799431,CD74,VSMC/P
GO_Biological_Process_2023,Negative Regulation Of Inflammatory Response (GO:0050728),2/111,0.1764899433850449,0.2813088437710868,0,0,2.684879374787632,4.656900137870729,CCN3;HLA-DRB1,VSMC/P
GO_Biological_Process_2023,T Cell Activation (GO:0042110),2/111,0.1764899433850449,0.2813088437710868,0,0,2.684879374787632,4.656900137870729,CD74;PIK3R3,VSMC/P
GO_Biological_Process_2023,Regulation Of Transforming Growth Factor Beta Receptor Signaling Pathway (GO:0017015),2/111,0.1764899433850449,0.2813088437710868,0,0,2.684879374787632,4.656900137870729,SDCBP;ENG,VSMC/P
GO_Biological_Process_2023,Calcium Ion Transport (GO:0006816),2/112,0.1789393790865324,0.2828546142039005,0,0,2.6603367003367,4.577663161255457,RAMP2;TPT1,VSMC/P
GO_Biological_Process_2023,Regulation Of Protein Serine/Threonine Kinase Activity (GO:0071900),2/112,0.1789393790865324,0.2828546142039005,0,0,2.6603367003367,4.577663161255457,CCND2;THY1,VSMC/P
GO_Biological_Process_2023,Regulation Of Muscle Contraction (GO:0006937),1/29,0.1808377828071115,0.2828546142039005,0,0,5.208771008403361,8.907805143996194,ENO1,VSMC/P
GO_Biological_Process_2023,Carbohydrate Derivative Biosynthetic Process (GO:1901137),1/29,0.1808377828071115,0.2828546142039005,0,0,5.208771008403361,8.907805143996194,TPI1,VSMC/P
GO_Biological_Process_2023,Regulation Of Protein Modification By Small Protein Conjugation Or Removal (GO:1903320),1/29,0.1808377828071115,0.2828546142039005,0,0,5.208771008403361,8.907805143996194,HIF1A,VSMC/P
GO_Biological_Process_2023,Peptidyl-Tyrosine Dephosphorylation (GO:0035335),1/29,0.1808377828071115,0.2828546142039005,0,0,5.208771008403361,8.907805143996194,PTPRB,VSMC/P
GO_Biological_Process_2023,Positive Regulation Of B Cell Proliferation (GO:0030890),1/29,0.1808377828071115,0.2828546142039005,0,0,5.208771008403361,8.907805143996194,CD74,VSMC/P
GO_Biological_Process_2023,Chondrocyte Differentiation (GO:0002062),1/29,0.1808377828071115,0.2828546142039005,0,0,5.208771008403361,8.907805143996194,CCN3,VSMC/P
GO_Biological_Process_2023,Response To Interferon-Beta (GO:0035456),1/29,0.1808377828071115,0.2828546142039005,0,0,5.208771008403361,8.907805143996194,IFITM3,VSMC/P
GO_Biological_Process_2023,Positive Regulation Of Calcium Ion Transport (GO:0051928),1/29,0.1808377828071115,0.2828546142039005,0,0,5.208771008403361,8.907805143996194,CCL2,VSMC/P
GO_Biological_Process_2023,Defense Response To Fungus (GO:0050832),1/29,0.1808377828071115,0.2828546142039005,0,0,5.208771008403361,8.907805143996194,GAPDH,VSMC/P
GO_Biological_Process_2023,Positive Regulation Of Dephosphorylation (GO:0035306),1/29,0.1808377828071115,0.2828546142039005,0,0,5.208771008403361,8.907805143996194,PPIA,VSMC/P
GO_Biological_Process_2023,Positive Regulation Of Viral Genome Replication (GO:0045070),1/29,0.1808377828071115,0.2828546142039005,0,0,5.208771008403361,8.907805143996194,PPIA,VSMC/P
GO_Biological_Process_2023,Lipid Droplet Organization (GO:0034389),1/29,0.1808377828071115,0.2828546142039005,0,0,5.208771008403361,8.907805143996194,PPIA,VSMC/P
GO_Biological_Process_2023,Morphogenesis Of An Epithelium (GO:0002009),1/29,0.1808377828071115,0.2828546142039005,0,0,5.208771008403361,8.907805143996194,ACTG1,VSMC/P
GO_Biological_Process_2023,Regulation Of GTPase Activity (GO:0043087),3/214,0.1814574054194648,0.2834707726453331,0,0,2.085166584140907,3.5588254006447224,CCL2;THY1;S100A10,VSMC/P
GO_Biological_Process_2023,Regulation Of Interleukin-6 Production (GO:0032675),2/114,0.1838539362453546,0.2865019155386668,0,0,2.6125661375661378,4.424677701820865,CD74;HLA-B,VSMC/P
GO_Biological_Process_2023,Negative Regulation Of Canonical Wnt Signaling Pathway (GO:0090090),2/114,0.1838539362453546,0.2865019155386668,0,0,2.6125661375661378,4.424677701820865,IGFBP2;TLE5,VSMC/P
GO_Biological_Process_2023,Regulation Of Dendritic Spine Morphogenesis (GO:0061001),1/30,0.1864571840617326,0.2877029768814941,0,0,5.028904665314402,8.446315147566118,CFL1,VSMC/P
GO_Biological_Process_2023,Negative Regulation Of Peptidyl-Tyrosine Phosphorylation (GO:0050732),1/30,0.1864571840617326,0.2877029768814941,0,0,5.028904665314402,8.446315147566118,THY1,VSMC/P
GO_Biological_Process_2023,Artery Morphogenesis (GO:0048844),1/30,0.1864571840617326,0.2877029768814941,0,0,5.028904665314402,8.446315147566118,ENG,VSMC/P
GO_Biological_Process_2023,Cardiac Muscle Cell Action Potential Involved In Contraction (GO:0086002),1/30,0.1864571840617326,0.2877029768814941,0,0,5.028904665314402,8.446315147566118,ATP1A1,VSMC/P
GO_Biological_Process_2023,Cytoplasmic Translational Initiation (GO:0002183),1/30,0.1864571840617326,0.2877029768814941,0,0,5.028904665314402,8.446315147566118,EIF4A1,VSMC/P
GO_Biological_Process_2023,Positive Regulation Of Interleukin-10 Production (GO:0032733),1/30,0.1864571840617326,0.2877029768814941,0,0,5.028904665314402,8.446315147566118,ISG15,VSMC/P
GO_Biological_Process_2023,Positive Regulation Of Phosphate Metabolic Process (GO:0045937),1/30,0.1864571840617326,0.2877029768814941,0,0,5.028904665314402,8.446315147566118,SDCBP,VSMC/P
GO_Biological_Process_2023,Regulation Of Cell Migration Involved In Sprouting Angiogenesis (GO:0090049),1/30,0.1864571840617326,0.2877029768814941,0,0,5.028904665314402,8.446315147566118,ANXA1,VSMC/P
GO_Biological_Process_2023,Protein Maturation (GO:0051604),2/117,0.1912622370932607,0.2913044987091987,0,0,2.54402576489533,4.2080980090040665,SRGN;CPE,VSMC/P
GO_Biological_Process_2023,Protein Processing (GO:0016485),2/117,0.1912622370932607,0.2913044987091987,0,0,2.54402576489533,4.2080980090040665,SRGN;CPE,VSMC/P
GO_Biological_Process_2023,Actin Filament Polymerization (GO:0030041),1/31,0.1920383160280386,0.2913044987091987,0,0,4.861029411764706,8.020991961652324,GSN,VSMC/P
GO_Biological_Process_2023,Regulation Of Macrophage Activation (GO:0043030),1/31,0.1920383160280386,0.2913044987091987,0,0,4.861029411764706,8.020991961652324,CD74,VSMC/P
GO_Biological_Process_2023,Bile Acid Metabolic Process (GO:0008206),1/31,0.1920383160280386,0.2913044987091987,0,0,4.861029411764706,8.020991961652324,AKR1C1,VSMC/P
GO_Biological_Process_2023,Regulation Of Protein Autophosphorylation (GO:0031952),1/31,0.1920383160280386,0.2913044987091987,0,0,4.861029411764706,8.020991961652324,ENG,VSMC/P
GO_Biological_Process_2023,Cardiac Muscle Tissue Morphogenesis (GO:0055008),1/31,0.1920383160280386,0.2913044987091987,0,0,4.861029411764706,8.020991961652324,ENG,VSMC/P
GO_Biological_Process_2023,Cellular Response To cAMP (GO:0071320),1/31,0.1920383160280386,0.2913044987091987,0,0,4.861029411764706,8.020991961652324,AQP1,VSMC/P
GO_Biological_Process_2023,Regulation Of Transmembrane Receptor Protein Serine/Threonine Kinase Signaling Pathway (GO:0090092),1/31,0.1920383160280386,0.2913044987091987,0,0,4.861029411764706,8.020991961652324,ENG,VSMC/P
GO_Biological_Process_2023,Response To Estradiol (GO:0032355),1/31,0.1920383160280386,0.2913044987091987,0,0,4.861029411764706,8.020991961652324,SSTR2,VSMC/P
GO_Biological_Process_2023,Positive Regulation Of Extrinsic Apoptotic Signaling Pathway (GO:2001238),1/31,0.1920383160280386,0.2913044987091987,0,0,4.861029411764706,8.020991961652324,G0S2,VSMC/P
GO_Biological_Process_2023,Positive Regulation Of Lamellipodium Organization (GO:1902745),1/31,0.1920383160280386,0.2913044987091987,0,0,4.861029411764706,8.020991961652324,ENPP2,VSMC/P
GO_Biological_Process_2023,Positive Regulation Of Leukocyte Migration (GO:0002687),1/31,0.1920383160280386,0.2913044987091987,0,0,4.861029411764706,8.020991961652324,THY1,VSMC/P
GO_Biological_Process_2023,Regulation Of Cell Morphogenesis (GO:0022604),1/31,0.1920383160280386,0.2913044987091987,0,0,4.861029411764706,8.020991961652324,CFL1,VSMC/P
GO_Biological_Process_2023,Ribonucleoprotein Complex Biogenesis (GO:0022613),2/118,0.1937406771935908,0.2935323167130881,0,0,2.5219667943805875,4.139139489877957,RPS4X;RPS9,VSMC/P
GO_Biological_Process_2023,Regulation Of Protein Kinase Activity (GO:0045859),2/119,0.1962233279824172,0.2950800064728519,0,0,2.5002849002849,4.071718560452774,THY1;PPIA,VSMC/P
GO_Biological_Process_2023,Regulation Of Protein-Containing Complex Assembly (GO:0043254),2/119,0.1962233279824172,0.2950800064728519,0,0,2.5002849002849,4.071718560452774,GSN;CRYAB,VSMC/P
GO_Biological_Process_2023,Cellular Response To Tumor Necrosis Factor (GO:0071356),2/119,0.1962233279824172,0.2950800064728519,0,0,2.5002849002849,4.071718560452774,TMSB4X;CCL2,VSMC/P
GO_Biological_Process_2023,'De Novo' Post-Translational Protein Folding (GO:0051084),1/32,0.19758143745515,0.2950800064728519,0,0,4.7039848197343455,7.62800266036714,HSPA2,VSMC/P
GO_Biological_Process_2023,Negative Regulation Of Osteoblast Differentiation (GO:0045668),1/32,0.19758143745515,0.2950800064728519,0,0,4.7039848197343455,7.62800266036714,RANBP3L,VSMC/P
GO_Biological_Process_2023,Negative Regulation Of Proteasomal Ubiquitin-Dependent Protein Catabolic Process (GO:0032435),1/32,0.19758143745515,0.2950800064728519,0,0,4.7039848197343455,7.62800266036714,SDCBP,VSMC/P
GO_Biological_Process_2023,Amide Transport (GO:0042886),1/32,0.19758143745515,0.2950800064728519,0,0,4.7039848197343455,7.62800266036714,SLC14A1,VSMC/P
GO_Biological_Process_2023,Regulation Of Natural Killer Cell Mediated Cytotoxicity (GO:0042269),1/32,0.19758143745515,0.2950800064728519,0,0,4.7039848197343455,7.62800266036714,HLA-E,VSMC/P
GO_Biological_Process_2023,Transition Metal Ion Transport (GO:0000041),1/32,0.19758143745515,0.2950800064728519,0,0,4.7039848197343455,7.62800266036714,FTH1,VSMC/P
GO_Biological_Process_2023,Vesicle Budding From Membrane (GO:0006900),1/32,0.19758143745515,0.2950800064728519,0,0,4.7039848197343455,7.62800266036714,S100A10,VSMC/P
GO_Biological_Process_2023,Purine Ribonucleoside Triphosphate Metabolic Process (GO:0009205),1/32,0.19758143745515,0.2950800064728519,0,0,4.7039848197343455,7.62800266036714,ATP1B1,VSMC/P
GO_Biological_Process_2023,Negative Regulation Of G1/S Transition Of Mitotic Cell Cycle (GO:2000134),1/32,0.19758143745515,0.2950800064728519,0,0,4.7039848197343455,7.62800266036714,CCL2,VSMC/P
GO_Biological_Process_2023,Negative Regulation Of Endocytosis (GO:0045806),1/33,0.2030868052944016,0.3000906205291394,0,0,4.556755514705882,7.264023207811308,MCTP1,VSMC/P
GO_Biological_Process_2023,Regulation Of Sprouting Angiogenesis (GO:1903670),1/33,0.2030868052944016,0.3000906205291394,0,0,4.556755514705882,7.264023207811308,PKM,VSMC/P
GO_Biological_Process_2023,Regulation Of Type I Interferon-Mediated Signaling Pathway (GO:0060338),1/33,0.2030868052944016,0.3000906205291394,0,0,4.556755514705882,7.264023207811308,ISG15,VSMC/P
GO_Biological_Process_2023,Positive Regulation Of Notch Signaling Pathway (GO:0045747),1/33,0.2030868052944016,0.3000906205291394,0,0,4.556755514705882,7.264023207811308,CCN3,VSMC/P
GO_Biological_Process_2023,Ventricular Cardiac Muscle Tissue Morphogenesis (GO:0055010),1/33,0.2030868052944016,0.3000906205291394,0,0,4.556755514705882,7.264023207811308,ENG,VSMC/P
GO_Biological_Process_2023,Positive Regulation Of Protein Dephosphorylation (GO:0035307),1/33,0.2030868052944016,0.3000906205291394,0,0,4.556755514705882,7.264023207811308,PPIA,VSMC/P
GO_Biological_Process_2023,Positive Regulation Of Release Of Sequestered Calcium Ion Into Cytosol (GO:0051281),1/33,0.2030868052944016,0.3000906205291394,0,0,4.556755514705882,7.264023207811308,THY1,VSMC/P
GO_Biological_Process_2023,Positive Regulation Of Small Molecule Metabolic Process (GO:0062013),1/33,0.2030868052944016,0.3000906205291394,0,0,4.556755514705882,7.264023207811308,HIF1A,VSMC/P
GO_Biological_Process_2023,Regulation Of Activated T Cell Proliferation (GO:0046006),1/33,0.2030868052944016,0.3000906205291394,0,0,4.556755514705882,7.264023207811308,IGFBP2,VSMC/P
GO_Biological_Process_2023,Receptor-Mediated Endocytosis (GO:0006898),2/122,0.2036948319593756,0.3006353806591959,0,0,2.4374074074074072,3.878237719784976,RAMP2;RNASEK,VSMC/P
GO_Biological_Process_2023,Regulation Of Cell Growth (GO:0001558),3/227,0.2040094031373305,0.3007462562681773,0,0,1.962853144989339,3.120130145523312,SDCBP;CCN3;ENO1,VSMC/P
GO_Biological_Process_2023,Positive Regulation Of Epithelial Cell Proliferation (GO:0050679),2/123,0.2061926235919523,0.3030282017362251,0,0,2.417141108050199,3.8165316126297975,NME2;HIF1A,VSMC/P
GO_Biological_Process_2023,ATP Metabolic Process (GO:0046034),1/34,0.208554674817007,0.3030282017362251,0,0,4.418449197860962,6.926157902930394,ATP1B1,VSMC/P
GO_Biological_Process_2023,Regulation Of Neuronal Synaptic Plasticity (GO:0048168),1/34,0.208554674817007,0.3030282017362251,0,0,4.418449197860962,6.926157902930394,MCTP1,VSMC/P
GO_Biological_Process_2023,Regulation Of Phosphatidylinositol 3-Kinase Activity (GO:0043551),1/34,0.208554674817007,0.3030282017362251,0,0,4.418449197860962,6.926157902930394,PIK3R3,VSMC/P
GO_Biological_Process_2023,Organophosphate Biosynthetic Process (GO:0090407),1/34,0.208554674817007,0.3030282017362251,0,0,4.418449197860962,6.926157902930394,TPI1,VSMC/P
GO_Biological_Process_2023,Cellular Response To Vascular Endothelial Growth Factor Stimulus (GO:0035924),1/34,0.208554674817007,0.3030282017362251,0,0,4.418449197860962,6.926157902930394,RAMP2,VSMC/P
GO_Biological_Process_2023,Positive Regulation Of Carbohydrate Metabolic Process (GO:0045913),1/34,0.208554674817007,0.3030282017362251,0,0,4.418449197860962,6.926157902930394,HIF1A,VSMC/P
GO_Biological_Process_2023,Positive Regulation Of Immunoglobulin Production (GO:0002639),1/34,0.208554674817007,0.3030282017362251,0,0,4.418449197860962,6.926157902930394,HLA-E,VSMC/P
GO_Biological_Process_2023,Superoxide Metabolic Process (GO:0006801),1/34,0.208554674817007,0.3030282017362251,0,0,4.418449197860962,6.926157902930394,PRDX1,VSMC/P
GO_Biological_Process_2023,Membrane Protein Proteolysis (GO:0033619),1/34,0.208554674817007,0.3030282017362251,0,0,4.418449197860962,6.926157902930394,MYH9,VSMC/P
GO_Biological_Process_2023,Regulation Of T Cell Receptor Signaling Pathway (GO:0050856),1/34,0.208554674817007,0.3030282017362251,0,0,4.418449197860962,6.926157902930394,THY1,VSMC/P
GO_Biological_Process_2023,Negative Regulation Of JNK Cascade (GO:0046329),1/34,0.208554674817007,0.3030282017362251,0,0,4.418449197860962,6.926157902930394,MECOM,VSMC/P
GO_Biological_Process_2023,Negative Regulation Of Growth (GO:0045926),2/124,0.208693785431397,0.3030282017362251,0,0,2.3972070431086823,3.756153134348804,CCN3;ENO1,VSMC/P
GO_Biological_Process_2023,Negative Regulation Of Intracellular Signal Transduction (GO:1902532),3/231,0.2110775355491378,0.3059571898009962,0,0,1.928024351924588,2.999099230330867,TMSB4X;CCN3;UACA,VSMC/P
GO_Biological_Process_2023,Negative Regulation Of Cell Growth (GO:0030308),2/125,0.2111981556986176,0.3059571898009962,0,0,2.3775971093044266,3.697064738813563,CCN3;ENO1,VSMC/P
GO_Biological_Process_2023,Protein-Containing Complex Organization (GO:0043933),2/126,0.2137055745173225,0.3068099728702942,0,0,2.358303464755078,3.639230215230354,SLC9A3R2;CD74,VSMC/P
GO_Biological_Process_2023,Regulation Of Cellular Senescence (GO:2000772),1/35,0.2139852995496637,0.3068099728702942,0,0,4.288278546712803,6.611873529216499,B2M,VSMC/P
GO_Biological_Process_2023,Adherens Junction Organization (GO:0034332),1/35,0.2139852995496637,0.3068099728702942,0,0,4.288278546712803,6.611873529216499,RAMP2,VSMC/P
GO_Biological_Process_2023,One-Carbon Compound Transport (GO:0019755),1/35,0.2139852995496637,0.3068099728702942,0,0,4.288278546712803,6.611873529216499,SLC14A1,VSMC/P
GO_Biological_Process_2023,Cellular Response To Amino Acid Stimulus (GO:0071230),1/35,0.2139852995496637,0.3068099728702942,0,0,4.288278546712803,6.611873529216499,SESN3,VSMC/P
GO_Biological_Process_2023,Regulation Of Sodium Ion Transport (GO:0002028),1/35,0.2139852995496637,0.3068099728702942,0,0,4.288278546712803,6.611873529216499,ATP1A1,VSMC/P
GO_Biological_Process_2023,Positive Regulation Of Substrate Adhesion-Dependent Cell Spreading (GO:1900026),1/35,0.2139852995496637,0.3068099728702942,0,0,4.288278546712803,6.611873529216499,S100A10,VSMC/P
GO_Biological_Process_2023,Negative Regulation Of Cell Cycle G1/S Phase Transition (GO:1902807),1/35,0.2139852995496637,0.3068099728702942,0,0,4.288278546712803,6.611873529216499,CCL2,VSMC/P
GO_Biological_Process_2023,Regulation Of Cardiac Muscle Contraction (GO:0055117),1/35,0.2139852995496637,0.3068099728702942,0,0,4.288278546712803,6.611873529216499,ATP1B1,VSMC/P
GO_Biological_Process_2023,Positive Regulation Of Developmental Process (GO:0051094),3/233,0.2146320105408221,0.3073863229638228,0,0,1.9110642439974044,2.940803556569418,CFL1;ENPP2;AKR1B1,VSMC/P
GO_Biological_Process_2023,Regulation Of Response To External Stimulus (GO:0032101),2/127,0.2162158840540672,0.3093019935898728,0,0,2.3393185185185184,3.582614629051222,ANXA1;TMSB4X,VSMC/P
GO_Biological_Process_2023,Regulation Of Erythrocyte Differentiation (GO:0045646),1/36,0.2193789313379355,0.3127581586384189,0,0,4.165546218487395,6.318945182020532,HIF1A,VSMC/P
GO_Biological_Process_2023,Positive Regulation Of Interferon-Beta Production (GO:0032728),1/36,0.2193789313379355,0.3127581586384189,0,0,4.165546218487395,6.318945182020532,ISG15,VSMC/P
GO_Biological_Process_2023,Negative Regulation Of T Cell Proliferation (GO:0042130),1/36,0.2193789313379355,0.3127581586384189,0,0,4.165546218487395,6.318945182020532,HLA-DRB1,VSMC/P
GO_Biological_Process_2023,Inflammatory Response (GO:0006954),3/236,0.2199878580776367,0.3132706913214418,0,0,1.8861700083274613,2.8560064197077257,PRDX5;ANXA1;CCL2,VSMC/P
GO_Biological_Process_2023,Protein Homooligomerization (GO:0051260),2/129,0.2212445539281969,0.3143474657622345,0,0,2.3022455526392536,3.472906590034246,AQP2;B2M,VSMC/P
GO_Biological_Process_2023,Protein Targeting (GO:0006605),2/129,0.2212445539281969,0.3143474657622345,0,0,2.3022455526392536,3.472906590034246,SDCBP;SRP14,VSMC/P
GO_Biological_Process_2023,Positive Regulation Of Peptidyl-Tyrosine Phosphorylation (GO:0050731),2/130,0.223762608493048,0.3171552700082656,0,0,2.2841435185185186,3.419750175395477,CD74;ENPP2,VSMC/P
GO_Biological_Process_2023,Negative Regulation Of Endothelial Cell Proliferation (GO:0001937),1/37,0.2247358203084047,0.3171552700082656,0,0,4.049632352941177,6.045411444773934,CCL2,VSMC/P
GO_Biological_Process_2023,Regulation Of Sodium Ion Transmembrane Transporter Activity (GO:2000649),1/37,0.2247358203084047,0.3171552700082656,0,0,4.049632352941177,6.045411444773934,FXYD2,VSMC/P
GO_Biological_Process_2023,Positive Regulation Of Immune Effector Process (GO:0002699),1/37,0.2247358203084047,0.3171552700082656,0,0,4.049632352941177,6.045411444773934,HLA-DRB1,VSMC/P
GO_Biological_Process_2023,Positive Regulation Of Signaling (GO:0023056),1/37,0.2247358203084047,0.3171552700082656,0,0,4.049632352941177,6.045411444773934,ANXA2,VSMC/P
GO_Biological_Process_2023,Muscle Tissue Development (GO:0060537),1/37,0.2247358203084047,0.3171552700082656,0,0,4.049632352941177,6.045411444773934,ENG,VSMC/P
GO_Biological_Process_2023,Regulation Of Inflammatory Response (GO:0050727),3/240,0.2271715014971518,0.3196356261272042,0,0,1.8539580578122048,2.7476586017880176,ANXA1;TMSB4X;CCN3,VSMC/P
GO_Biological_Process_2023,Epithelial Cell Differentiation (GO:0030855),2/132,0.2288054069153127,0.3196356261272042,0,0,2.248774928774929,3.3166807860997665,ANXA1;AKR1C1,VSMC/P
GO_Biological_Process_2023,Negative Regulation Of Epithelial Cell Apoptotic Process (GO:1904036),1/38,0.2300562149832744,0.3196356261272042,0,0,3.939984101748808,5.789537091199061,RAMP2,VSMC/P
GO_Biological_Process_2023,Regulation Of Neurotransmitter Secretion (GO:0046928),1/38,0.2300562149832744,0.3196356261272042,0,0,3.939984101748808,5.789537091199061,MCTP1,VSMC/P
GO_Biological_Process_2023,Response To cAMP (GO:0051591),1/38,0.2300562149832744,0.3196356261272042,0,0,3.939984101748808,5.789537091199061,AQP1,VSMC/P
GO_Biological_Process_2023,Positive Regulation Of Bone Mineralization (GO:0030501),1/38,0.2300562149832744,0.3196356261272042,0,0,3.939984101748808,5.789537091199061,ISG15,VSMC/P
GO_Biological_Process_2023,Positive Regulation Of Cation Channel Activity (GO:2001259),1/38,0.2300562149832744,0.3196356261272042,0,0,3.939984101748808,5.789537091199061,TMSB4X,VSMC/P
GO_Biological_Process_2023,Response To Peptide (GO:1901652),1/38,0.2300562149832744,0.3196356261272042,0,0,3.939984101748808,5.789537091199061,ANXA1,VSMC/P
GO_Biological_Process_2023,Fatty Acid Transport (GO:0015908),1/38,0.2300562149832744,0.3196356261272042,0,0,3.939984101748808,5.789537091199061,RBP7,VSMC/P
GO_Biological_Process_2023,Tumor Necrosis Factor-Mediated Signaling Pathway (GO:0033209),1/38,0.2300562149832744,0.3196356261272042,0,0,3.939984101748808,5.789537091199061,TMSB4X,VSMC/P
GO_Biological_Process_2023,Positive Regulation Of Myoblast Differentiation (GO:0045663),1/38,0.2300562149832744,0.3196356261272042,0,0,3.939984101748808,5.789537091199061,RANBP3L,VSMC/P
GO_Biological_Process_2023,Positive Regulation Of Production Of Molecular Mediator Of Immune Response (GO:0002702),1/38,0.2300562149832744,0.3196356261272042,0,0,3.939984101748808,5.789537091199061,HLA-E,VSMC/P
GO_Biological_Process_2023,Import Into Cell (GO:0098657),1/38,0.2300562149832744,0.3196356261272042,0,0,3.939984101748808,5.789537091199061,SLC5A3,VSMC/P
GO_Biological_Process_2023,mRNA Transcription By RNA Polymerase II (GO:0042789),1/38,0.2300562149832744,0.3196356261272042,0,0,3.939984101748808,5.789537091199061,S100A10,VSMC/P
GO_Biological_Process_2023,Positive Regulation Of DNA-templated Transcription (GO:0045893),11/1243,0.2322582144718498,0.322338472239385,0,0,1.3202239229024944,1.9274022096075452,CD74;MECOM;ANXA2;SOX18;NME2;AKR1B1;HIF1A;HLA-DRB1;S100A10;PTMS;ENG,VSMC/P
GO_Biological_Process_2023,Regulation Of ERK1 And ERK2 Cascade (GO:0070372),3/244,0.2344002289192801,0.3230464424131375,0,0,1.8228153836626,2.644404293436976,CD74;CCL2;HLA-DRB1,VSMC/P
GO_Biological_Process_2023,Negative Regulation Of Lymphocyte Proliferation (GO:0050672),1/39,0.2353403621082968,0.3230464424131375,0,0,3.836106811145511,5.549781895253681,HLA-DRB1,VSMC/P
GO_Biological_Process_2023,Negative Regulation Of Proteasomal Protein Catabolic Process (GO:1901799),1/39,0.2353403621082968,0.3230464424131375,0,0,3.836106811145511,5.549781895253681,SDCBP,VSMC/P
GO_Biological_Process_2023,Negative Regulation Of Protein Secretion (GO:0050709),1/39,0.2353403621082968,0.3230464424131375,0,0,3.836106811145511,5.549781895253681,CCN3,VSMC/P
GO_Biological_Process_2023,Negative Regulation Of Ubiquitin-Dependent Protein Catabolic Process (GO:2000059),1/39,0.2353403621082968,0.3230464424131375,0,0,3.836106811145511,5.549781895253681,SDCBP,VSMC/P
GO_Biological_Process_2023,Axonal Transport (GO:0098930),1/39,0.2353403621082968,0.3230464424131375,0,0,3.836106811145511,5.549781895253681,HIF1A,VSMC/P
GO_Biological_Process_2023,Regulation Of Protein Tyrosine Kinase Activity (GO:0061097),1/39,0.2353403621082968,0.3230464424131375,0,0,3.836106811145511,5.549781895253681,THY1,VSMC/P
GO_Biological_Process_2023,Regulation Of Receptor-Mediated Endocytosis (GO:0048259),1/39,0.2353403621082968,0.3230464424131375,0,0,3.836106811145511,5.549781895253681,B2M,VSMC/P
GO_Biological_Process_2023,Positive Regulation Of Intracellular Transport (GO:0032388),1/39,0.2353403621082968,0.3230464424131375,0,0,3.836106811145511,5.549781895253681,OAZ1,VSMC/P
GO_Biological_Process_2023,Heterochromatin Organization (GO:0070828),1/39,0.2353403621082968,0.3230464424131375,0,0,3.836106811145511,5.549781895253681,MECOM,VSMC/P
GO_Biological_Process_2023,Regulation Of Cytokine-Mediated Signaling Pathway (GO:0001959),1/40,0.2405885068605034,0.3263273915948081,0,0,3.737556561085973,5.324774409818904,CD74,VSMC/P
GO_Biological_Process_2023,Negative Regulation Of Mitotic Cell Cycle Phase Transition (GO:1901991),1/40,0.2405885068605034,0.3263273915948081,0,0,3.737556561085973,5.324774409818904,CCL2,VSMC/P
GO_Biological_Process_2023,Regulation Of Glycolytic Process (GO:0006110),1/40,0.2405885068605034,0.3263273915948081,0,0,3.737556561085973,5.324774409818904,HIF1A,VSMC/P
GO_Biological_Process_2023,Negative Regulation Of Protein Localization (GO:1903828),1/40,0.2405885068605034,0.3263273915948081,0,0,3.737556561085973,5.324774409818904,BTF3,VSMC/P
GO_Biological_Process_2023,Negative Regulation Of Secretion By Cell (GO:1903531),1/40,0.2405885068605034,0.3263273915948081,0,0,3.737556561085973,5.324774409818904,ANXA1,VSMC/P
GO_Biological_Process_2023,Regulation Of Protein Dephosphorylation (GO:0035304),1/40,0.2405885068605034,0.3263273915948081,0,0,3.737556561085973,5.324774409818904,PPIA,VSMC/P
GO_Biological_Process_2023,Regulation Of Small Molecule Metabolic Process (GO:0062012),1/40,0.2405885068605034,0.3263273915948081,0,0,3.737556561085973,5.324774409818904,HIF1A,VSMC/P
GO_Biological_Process_2023,Positive Regulation Of Catalytic Activity (GO:0043085),1/40,0.2405885068605034,0.3263273915948081,0,0,3.737556561085973,5.324774409818904,SLC5A3,VSMC/P
GO_Biological_Process_2023,Positive Regulation Of Insulin Secretion (GO:0032024),1/40,0.2405885068605034,0.3263273915948081,0,0,3.737556561085973,5.324774409818904,HLA-DRB1,VSMC/P
GO_Biological_Process_2023,Positive Regulation Of Wound Healing (GO:0090303),1/40,0.2405885068605034,0.3263273915948081,0,0,3.737556561085973,5.324774409818904,ANXA1,VSMC/P
GO_Biological_Process_2023,Negative Regulation Of Cell-Cell Adhesion (GO:0022408),1/40,0.2405885068605034,0.3263273915948081,0,0,3.737556561085973,5.324774409818904,SPINT2,VSMC/P
GO_Biological_Process_2023,Regulation Of Release Of Cytochrome C From Mitochondria (GO:0090199),1/41,0.2458008927300703,0.3308959499131493,0,0,3.643933823529412,5.113289830471274,FAM162A,VSMC/P
GO_Biological_Process_2023,Cellular Response To Retinoic Acid (GO:0071300),1/41,0.2458008927300703,0.3308959499131493,0,0,3.643933823529412,5.113289830471274,AQP1,VSMC/P
GO_Biological_Process_2023,Response To Amino Acid Starvation (GO:1990928),1/41,0.2458008927300703,0.3308959499131493,0,0,3.643933823529412,5.113289830471274,SESN3,VSMC/P
GO_Biological_Process_2023,Heart Contraction (GO:0060047),1/41,0.2458008927300703,0.3308959499131493,0,0,3.643933823529412,5.113289830471274,ATP1B1,VSMC/P
GO_Biological_Process_2023,Positive Regulation Of Ossification (GO:0045778),1/41,0.2458008927300703,0.3308959499131493,0,0,3.643933823529412,5.113289830471274,ISG15,VSMC/P
GO_Biological_Process_2023,Positive Regulation Of Viral Process (GO:0048524),1/41,0.2458008927300703,0.3308959499131493,0,0,3.643933823529412,5.113289830471274,PPIA,VSMC/P
GO_Biological_Process_2023,Lymphocyte Migration (GO:0072676),1/41,0.2458008927300703,0.3308959499131493,0,0,3.643933823529412,5.113289830471274,CCL2,VSMC/P
GO_Biological_Process_2023,Intracellular Calcium Ion Homeostasis (GO:0006874),2/139,0.2465102843270595,0.3314956286025555,0,0,2.133117058664504,2.9871138113474567,ATP1B1;TPT1,VSMC/P
GO_Biological_Process_2023,Negative Regulation Of Wnt Signaling Pathway (GO:0030178),2/140,0.249044690153601,0.3339280387038121,0,0,2.11755233494364,2.943658035302143,IGFBP2;TLE5,VSMC/P
GO_Biological_Process_2023,Branching Morphogenesis Of An Epithelial Tube (GO:0048754),1/42,0.2509777615735657,0.3339280387038121,0,0,3.554878048780488,4.914231218402292,ENG,VSMC/P
GO_Biological_Process_2023,Cellular Response To Amino Acid Starvation (GO:0034198),1/42,0.2509777615735657,0.3339280387038121,0,0,3.554878048780488,4.914231218402292,SESN3,VSMC/P
GO_Biological_Process_2023,Cellular Response To Glucose Starvation (GO:0042149),1/42,0.2509777615735657,0.3339280387038121,0,0,3.554878048780488,4.914231218402292,SESN3,VSMC/P
GO_Biological_Process_2023,Collagen Fibril Organization (GO:0030199),1/42,0.2509777615735657,0.3339280387038121,0,0,3.554878048780488,4.914231218402292,COL1A2,VSMC/P
GO_Biological_Process_2023,Positive Regulation Of Calcium Ion Transmembrane Transport (GO:1904427),1/42,0.2509777615735657,0.3339280387038121,0,0,3.554878048780488,4.914231218402292,THY1,VSMC/P
GO_Biological_Process_2023,Keratinocyte Differentiation (GO:0030216),1/42,0.2509777615735657,0.3339280387038121,0,0,3.554878048780488,4.914231218402292,ANXA1,VSMC/P
GO_Biological_Process_2023,Monoatomic Cation Transport (GO:0006812),1/42,0.2509777615735657,0.3339280387038121,0,0,3.554878048780488,4.914231218402292,ATP1B1,VSMC/P
GO_Biological_Process_2023,Monocyte Chemotaxis (GO:0002548),1/42,0.2509777615735657,0.3339280387038121,0,0,3.554878048780488,4.914231218402292,CCL2,VSMC/P
GO_Biological_Process_2023,Regulation Of Axonogenesis (GO:0050770),1/42,0.2509777615735657,0.3339280387038121,0,0,3.554878048780488,4.914231218402292,THY1,VSMC/P
GO_Biological_Process_2023,Positive Regulation Of Biomineral Tissue Development (GO:0070169),1/43,0.2561193536495746,0.338260681581352,0,0,3.470063025210084,4.72661350869186,ISG15,VSMC/P
GO_Biological_Process_2023,Positive Regulation Of miRNA Transcription (GO:1902895),1/43,0.2561193536495746,0.338260681581352,0,0,3.470063025210084,4.72661350869186,HIF1A,VSMC/P
GO_Biological_Process_2023,Positive Regulation Of Stress Fiber Assembly (GO:0051496),1/43,0.2561193536495746,0.338260681581352,0,0,3.470063025210084,4.72661350869186,S100A10,VSMC/P
GO_Biological_Process_2023,Intracellular Glucose Homeostasis (GO:0001678),1/43,0.2561193536495746,0.338260681581352,0,0,3.470063025210084,4.72661350869186,HIF1A,VSMC/P
GO_Biological_Process_2023,Learning (GO:0007612),1/43,0.2561193536495746,0.338260681581352,0,0,3.470063025210084,4.72661350869186,CLDN5,VSMC/P
GO_Biological_Process_2023,mRNA Transcription (GO:0009299),1/43,0.2561193536495746,0.338260681581352,0,0,3.470063025210084,4.72661350869186,S100A10,VSMC/P
GO_Biological_Process_2023,Regulation Of Cell-Cell Adhesion (GO:0022407),1/43,0.2561193536495746,0.338260681581352,0,0,3.470063025210084,4.72661350869186,SPINT2,VSMC/P
GO_Biological_Process_2023,Positive Regulation Of Transferase Activity (GO:0051347),2/143,0.2566526776710389,0.3386089949105303,0,0,2.072182821118991,2.81823402832201,CD74;HLA-DRB1,VSMC/P
GO_Biological_Process_2023,Phosphatidylinositol Phosphate Biosynthetic Process (GO:0046854),1/44,0.2612259075978302,0.3424840709215811,0,0,3.3891928864569083,4.549549837140044,PIK3R3,VSMC/P
GO_Biological_Process_2023,Positive Regulation Of Biosynthetic Process (GO:0009891),1/44,0.2612259075978302,0.3424840709215811,0,0,3.3891928864569083,4.549549837140044,SLC5A3,VSMC/P
GO_Biological_Process_2023,Positive Regulation Of Chemotaxis (GO:0050921),1/44,0.2612259075978302,0.3424840709215811,0,0,3.3891928864569083,4.549549837140044,TMSB4X,VSMC/P
GO_Biological_Process_2023,Extracellular Matrix Disassembly (GO:0022617),1/44,0.2612259075978302,0.3424840709215811,0,0,3.3891928864569083,4.549549837140044,GSN,VSMC/P
GO_Biological_Process_2023,Lymphocyte Chemotaxis (GO:0048247),1/44,0.2612259075978302,0.3424840709215811,0,0,3.3891928864569083,4.549549837140044,CCL2,VSMC/P
GO_Biological_Process_2023,Regulation Of B Cell Proliferation (GO:0030888),1/44,0.2612259075978302,0.3424840709215811,0,0,3.3891928864569083,4.549549837140044,CD74,VSMC/P
GO_Biological_Process_2023,Regulation Of Cellular Metabolic Process (GO:0031323),1/45,0.2662976604286021,0.3473207284510117,0,0,3.3119986631016043,4.382239804478489,HIF1A,VSMC/P
GO_Biological_Process_2023,Regulation Of Protein Modification Process (GO:0031399),1/45,0.2662976604286021,0.3473207284510117,0,0,3.3119986631016043,4.382239804478489,PPIB,VSMC/P
GO_Biological_Process_2023,Positive Regulation Of Innate Immune Response (GO:0045089),1/45,0.2662976604286021,0.3473207284510117,0,0,3.3119986631016043,4.382239804478489,HLA-E,VSMC/P
GO_Biological_Process_2023,Natural Killer Cell Activation (GO:0030101),1/45,0.2662976604286021,0.3473207284510117,0,0,3.3119986631016043,4.382239804478489,PRDX1,VSMC/P
GO_Biological_Process_2023,Regulation Of Apoptotic Signaling Pathway (GO:2001233),1/45,0.2662976604286021,0.3473207284510117,0,0,3.3119986631016043,4.382239804478489,PPIA,VSMC/P
GO_Biological_Process_2023,Negative Regulation Of Protein Metabolic Process (GO:0051248),2/147,0.2668030502482206,0.3476189119416651,0,0,2.014610472541507,2.6617930715427645,CRYAB;GAPDH,VSMC/P
GO_Biological_Process_2023,Negative Regulation Of Transcription By RNA Polymerase II (GO:0000122),7/763,0.2688732049272674,0.3499531040296869,0,0,1.360897435897436,1.7875596958490816,SDCBP;IFI27;SOX18;ID3;AKR1B1;ENO1;TLE5,VSMC/P
GO_Biological_Process_2023,Regulation Of Cytokine Production Involved In Inflammatory Response (GO:1900015),1/46,0.2713348475618579,0.3509748388647719,0,0,3.238235294117647,4.22395936672437,HIF1A,VSMC/P
GO_Biological_Process_2023,Regulation Of Nervous System Development (GO:0051960),1/46,0.2713348475618579,0.3509748388647719,0,0,3.238235294117647,4.22395936672437,S100A10,VSMC/P
GO_Biological_Process_2023,Cellular Component Disassembly (GO:0022411),1/46,0.2713348475618579,0.3509748388647719,0,0,3.238235294117647,4.22395936672437,GSN,VSMC/P
GO_Biological_Process_2023,Positive Regulation Of Cell-Cell Adhesion (GO:0022409),1/46,0.2713348475618579,0.3509748388647719,0,0,3.238235294117647,4.22395936672437,THY1,VSMC/P
GO_Biological_Process_2023,Development Of Primary Male Sexual Characteristics (GO:0046546),1/46,0.2713348475618579,0.3509748388647719,0,0,3.238235294117647,4.22395936672437,AKR1B1,VSMC/P
GO_Biological_Process_2023,Male Gonad Development (GO:0008584),1/46,0.2713348475618579,0.3509748388647719,0,0,3.238235294117647,4.22395936672437,AKR1B1,VSMC/P
GO_Biological_Process_2023,Positive Regulation Of Signal Transduction (GO:0009967),3/266,0.2747991106210673,0.3550902087860705,0,0,1.6684637648260598,2.155179597065231,CD74;CCN3;HIF1A,VSMC/P
GO_Biological_Process_2023,Regulation Of Wound Healing (GO:0061041),1/47,0.2763377029023164,0.3559796459951891,0,0,3.1676790281329925,4.07405209663056,ANXA1,VSMC/P
GO_Biological_Process_2023,Positive Regulation Of Epithelial To Mesenchymal Transition (GO:0010718),1/47,0.2763377029023164,0.3559796459951891,0,0,3.1676790281329925,4.07405209663056,SDCBP,VSMC/P
GO_Biological_Process_2023,Insulin Receptor Signaling Pathway (GO:0008286),1/47,0.2763377029023164,0.3559796459951891,0,0,3.1676790281329925,4.07405209663056,PIK3R3,VSMC/P
GO_Biological_Process_2023,Positive Regulation Of NF-kappaB Transcription Factor Activity (GO:0051092),2/152,0.2794903406172072,0.3596719957123077,0,0,1.946962962962963,2.481964138668831,AKR1B1;PPIA,VSMC/P
GO_Biological_Process_2023,Cellular Response To Mechanical Stimulus (GO:0071260),1/48,0.2813064586711968,0.3612688262689399,0,0,3.1001251564455568,3.9319216086160855,AQP1,VSMC/P
GO_Biological_Process_2023,Chloride Transmembrane Transport (GO:1902476),1/48,0.2813064586711968,0.3612688262689399,0,0,3.1001251564455568,3.9319216086160855,SLC12A1,VSMC/P
GO_Biological_Process_2023,Positive Regulation Of Apoptotic Process (GO:0043065),3/270,0.2822320323365069,0.3620872651835063,0,0,1.6431326513499915,2.0786050927081186,SCIN;FAM162A;TLE5,VSMC/P
GO_Biological_Process_2023,Epithelium Development (GO:0060429),2/154,0.2845620703004727,0.3647040411197895,0,0,1.9211500974658868,2.414508888726808,SOX18;AKR1C1,VSMC/P
GO_Biological_Process_2023,Nuclear Export (GO:0051168),1/49,0.286241345606316,0.3649940406919115,0,0,3.0353860294117645,3.7970249652161496,RANBP3L,VSMC/P
GO_Biological_Process_2023,Positive Regulation Of miRNA Metabolic Process (GO:2000630),1/49,0.286241345606316,0.3649940406919115,0,0,3.0353860294117645,3.7970249652161496,HIF1A,VSMC/P
GO_Biological_Process_2023,Negative Regulation Of DNA Metabolic Process (GO:0051053),1/49,0.286241345606316,0.3649940406919115,0,0,3.0353860294117645,3.7970249652161496,S100A11,VSMC/P
GO_Biological_Process_2023,Negative Regulation Of T Cell Activation (GO:0050868),1/49,0.286241345606316,0.3649940406919115,0,0,3.0353860294117645,3.7970249652161496,HLA-DRB1,VSMC/P
GO_Biological_Process_2023,Negative Regulation Of Cysteine-Type Endopeptidase Activity Involved In Apoptotic Process (GO:0043154),1/49,0.286241345606316,0.3649940406919115,0,0,3.0353860294117645,3.7970249652161496,AQP1,VSMC/P
GO_Biological_Process_2023,Ribosome Biogenesis (GO:0042254),2/155,0.2870968072689402,0.3657135800504959,0,0,1.908496732026144,2.3816814200121974,RPS4X;RPS9,VSMC/P
GO_Biological_Process_2023,Regulation Of Interferon-Beta Production (GO:0032648),1/50,0.2911425929329805,0.3686240894393382,0,0,2.9732893157262907,3.668866926816198,ISG15,VSMC/P
GO_Biological_Process_2023,Regulation Of Interleukin-12 Production (GO:0032655),1/50,0.2911425929329805,0.3686240894393382,0,0,2.9732893157262907,3.668866926816198,HLA-B,VSMC/P
GO_Biological_Process_2023,Cell Chemotaxis (GO:0060326),1/50,0.2911425929329805,0.3686240894393382,0,0,2.9732893157262907,3.668866926816198,CCN3,VSMC/P
GO_Biological_Process_2023,Ribosome Assembly (GO:0042255),1/50,0.2911425929329805,0.3686240894393382,0,0,2.9732893157262907,3.668866926816198,RPSA,VSMC/P
GO_Biological_Process_2023,Positive Regulation Of Developmental Growth (GO:0048639),1/50,0.2911425929329805,0.3686240894393382,0,0,2.9732893157262907,3.668866926816198,PPIB,VSMC/P
GO_Biological_Process_2023,Regulation Of TORC1 Signaling (GO:1903432),1/50,0.2911425929329805,0.3686240894393382,0,0,2.9732893157262907,3.668866926816198,SESN3,VSMC/P
GO_Biological_Process_2023,Regulation Of Release Of Sequestered Calcium Ion Into Cytosol (GO:0051279),1/51,0.2960104282608464,0.3721612591547779,0,0,2.913676470588235,3.5469949209045577,THY1,VSMC/P
GO_Biological_Process_2023,Regulation Of Stress-Activated MAPK Cascade (GO:0032872),1/51,0.2960104282608464,0.3721612591547779,0,0,2.913676470588235,3.5469949209045577,PPIA,VSMC/P
GO_Biological_Process_2023,Regulation Of Substrate Adhesion-Dependent Cell Spreading (GO:1900024),1/51,0.2960104282608464,0.3721612591547779,0,0,2.913676470588235,3.5469949209045577,S100A10,VSMC/P
GO_Biological_Process_2023,Cholesterol Transport (GO:0030301),1/51,0.2960104282608464,0.3721612591547779,0,0,2.913676470588235,3.5469949209045577,AKR1C1,VSMC/P
GO_Biological_Process_2023,Positive Regulation Of Actin Filament Bundle Assembly (GO:0032233),1/51,0.2960104282608464,0.3721612591547779,0,0,2.913676470588235,3.5469949209045577,S100A10,VSMC/P
GO_Biological_Process_2023,Sensory Perception (GO:0007600),1/51,0.2960104282608464,0.3721612591547779,0,0,2.913676470588235,3.5469949209045577,CCL2,VSMC/P
GO_Biological_Process_2023,Receptor Internalization (GO:0031623),1/51,0.2960104282608464,0.3721612591547779,0,0,2.913676470588235,3.5469949209045577,RAMP2,VSMC/P
GO_Biological_Process_2023,Negative Regulation Of Innate Immune Response (GO:0045824),1/52,0.300845077626674,0.3763559935250025,0,0,2.856401384083045,3.43099462663308,ISG15,VSMC/P
GO_Biological_Process_2023,Cartilage Development (GO:0051216),1/52,0.300845077626674,0.3763559935250025,0,0,2.856401384083045,3.43099462663308,CCN3,VSMC/P
GO_Biological_Process_2023,Cell Cycle G1/S Phase Transition (GO:0044843),1/52,0.300845077626674,0.3763559935250025,0,0,2.856401384083045,3.43099462663308,CCND2,VSMC/P
GO_Biological_Process_2023,Cellular Response To Ionizing Radiation (GO:0071479),1/52,0.300845077626674,0.3763559935250025,0,0,2.856401384083045,3.43099462663308,CRYAB,VSMC/P
GO_Biological_Process_2023,Positive Regulation Of B Cell Activation (GO:0050871),1/52,0.300845077626674,0.3763559935250025,0,0,2.856401384083045,3.43099462663308,CD74,VSMC/P
GO_Biological_Process_2023,Cellular Response To Oxygen-Containing Compound (GO:1901701),4/406,0.3031643579870282,0.3788800334643855,0,0,1.4559533161261362,1.7376514329898964,PRDX5;CCL2;SSTR2;AQP1,VSMC/P
GO_Biological_Process_2023,Regulation Of Macromolecule Metabolic Process (GO:0060255),2/162,0.304809052054486,0.3797154676070884,0,0,1.824351851851852,2.167457261803142,ATP1B1;HIF1A,VSMC/P
GO_Biological_Process_2023,Regulation Of Cyclin-Dependent Protein Kinase Activity (GO:1904029),1/53,0.3056467657251325,0.3797154676070884,0,0,2.801329185520362,3.320486088836687,CCND2,VSMC/P
GO_Biological_Process_2023,Endosome Organization (GO:0007032),1/53,0.3056467657251325,0.3797154676070884,0,0,2.801329185520362,3.320486088836687,RNASEK,VSMC/P
GO_Biological_Process_2023,Glycoprotein Metabolic Process (GO:0009100),1/53,0.3056467657251325,0.3797154676070884,0,0,2.801329185520362,3.320486088836687,HIF1A,VSMC/P
GO_Biological_Process_2023,Gonad Development (GO:0008406),1/53,0.3056467657251325,0.3797154676070884,0,0,2.801329185520362,3.320486088836687,AKR1B1,VSMC/P
GO_Biological_Process_2023,Negative Regulation Of Cysteine-Type Endopeptidase Activity (GO:2000117),1/53,0.3056467657251325,0.3797154676070884,0,0,2.801329185520362,3.320486088836687,AQP1,VSMC/P
GO_Biological_Process_2023,Central Nervous System Development (GO:0007417),3/283,0.306499853101346,0.3800235098670194,0,0,1.5658049040511728,1.851623804142354,MARCKS;SCIN;GSN,VSMC/P
GO_Biological_Process_2023,Positive Regulation Of Cell Differentiation (GO:0045597),3/283,0.306499853101346,0.3800235098670194,0,0,1.5658049040511728,1.851623804142354,SDCBP;RANBP3L;AKR1B1,VSMC/P
GO_Biological_Process_2023,Negative Regulation Of Neuron Projection Development (GO:0010977),1/54,0.3104157155874621,0.3814893725810688,0,0,2.748335183129856,3.215120295929532,THY1,VSMC/P
GO_Biological_Process_2023,Negative Regulation Of Protein Catabolic Process (GO:0042177),1/54,0.3104157155874621,0.3814893725810688,0,0,2.748335183129856,3.215120295929532,ANXA2,VSMC/P
GO_Biological_Process_2023,Negative Regulation Of Protein Modification By Small Protein Conjugation Or Removal (GO:1903321),1/54,0.3104157155874621,0.3814893725810688,0,0,2.748335183129856,3.215120295929532,ISG15,VSMC/P
GO_Biological_Process_2023,Negative Regulation Of Protein Ubiquitination (GO:0031397),1/54,0.3104157155874621,0.3814893725810688,0,0,2.748335183129856,3.215120295929532,ISG15,VSMC/P
GO_Biological_Process_2023,Regulation Of Myoblast Differentiation (GO:0045661),1/54,0.3104157155874621,0.3814893725810688,0,0,2.748335183129856,3.215120295929532,RANBP3L,VSMC/P
GO_Biological_Process_2023,Endoplasmic Reticulum Organization (GO:0007029),1/54,0.3104157155874621,0.3814893725810688,0,0,2.748335183129856,3.215120295929532,REEP5,VSMC/P
GO_Biological_Process_2023,Epidermal Cell Differentiation (GO:0009913),1/54,0.3104157155874621,0.3814893725810688,0,0,2.748335183129856,3.215120295929532,ANXA1,VSMC/P
GO_Biological_Process_2023,Monoatomic Anion Transmembrane Transport (GO:0098656),1/54,0.3104157155874621,0.3814893725810688,0,0,2.748335183129856,3.215120295929532,SLC12A1,VSMC/P
GO_Biological_Process_2023,Negative Regulation Of TOR Signaling (GO:0032007),1/54,0.3104157155874621,0.3814893725810688,0,0,2.748335183129856,3.215120295929532,SESN3,VSMC/P
GO_Biological_Process_2023,Positive Regulation Of Transcription By RNA Polymerase II (GO:0045944),8/938,0.3139721331095301,0.385482892654516,0,0,1.2625156289072268,1.4625625497261068,ANXA2;SOX18;NME2;AKR1B1;HIF1A;S100A10;PTMS;ENG,VSMC/P
GO_Biological_Process_2023,Phosphatidylcholine Metabolic Process (GO:0046470),1/55,0.3151521487915624,0.3858002913081894,0,0,2.6973039215686274,3.1145761497014357,ENPP2,VSMC/P
GO_Biological_Process_2023,"Regulation Of Synaptic Transmission, Glutamatergic (GO:0051966)",1/55,0.3151521487915624,0.3858002913081894,0,0,2.6973039215686274,3.1145761497014357,CCL2,VSMC/P
GO_Biological_Process_2023,Response To Peptide Hormone (GO:0043434),1/55,0.3151521487915624,0.3858002913081894,0,0,2.6973039215686274,3.1145761497014357,ANXA1,VSMC/P
GO_Biological_Process_2023,Peptide Metabolic Process (GO:0006518),1/56,0.3198562854078268,0.3907971736111192,0,0,2.648128342245989,3.018557782468822,CPE,VSMC/P
GO_Biological_Process_2023,Regulation Of Reactive Oxygen Species Metabolic Process (GO:2000377),1/56,0.3198562854078268,0.3907971736111192,0,0,2.648128342245989,3.018557782468822,AKR1C1,VSMC/P
GO_Biological_Process_2023,Chemokine-Mediated Signaling Pathway (GO:0070098),1/57,0.3245283440928453,0.3957355341559357,0,0,2.600709033613445,2.926792173115241,CCL2,VSMC/P
GO_Biological_Process_2023,Striated Muscle Contraction (GO:0006941),1/57,0.3245283440928453,0.3957355341559357,0,0,2.600709033613445,2.926792173115241,ATP1B1,VSMC/P
GO_Biological_Process_2023,Positive Regulation Of Mitochondrion Organization (GO:0010822),1/58,0.3291685419887074,0.4006159774591245,0,0,2.554953560371517,2.839027026793925,FAM162A,VSMC/P
GO_Biological_Process_2023,Muscle Organ Development (GO:0007517),1/58,0.3291685419887074,0.4006159774591245,0,0,2.554953560371517,2.839027026793925,VAMP5,VSMC/P
GO_Biological_Process_2023,Cell-Cell Adhesion Via Plasma-Membrane Adhesion Molecules (GO:0098742),2/172,0.3299681819901897,0.401200422632796,0,0,1.716165577342048,1.9028141106830203,CLDN5;CLDN15,VSMC/P
GO_Biological_Process_2023,Negative Regulation Of Protein-Containing Complex Assembly (GO:0031333),1/59,0.3337770947455803,0.4031000298081238,0,0,2.5107758620689653,2.755028882806623,CRYAB,VSMC/P
GO_Biological_Process_2023,Regulation Of miRNA Transcription (GO:1902893),1/59,0.3337770947455803,0.4031000298081238,0,0,2.5107758620689653,2.755028882806623,HIF1A,VSMC/P
GO_Biological_Process_2023,Cellular Response To Chemokine (GO:1990869),1/59,0.3337770947455803,0.4031000298081238,0,0,2.5107758620689653,2.755028882806623,CCL2,VSMC/P
GO_Biological_Process_2023,Regulation Of Type I Interferon Production (GO:0032479),1/59,0.3337770947455803,0.4031000298081238,0,0,2.5107758620689653,2.755028882806623,GAPDH,VSMC/P
GO_Biological_Process_2023,Heart Morphogenesis (GO:0003007),1/59,0.3337770947455803,0.4031000298081238,0,0,2.5107758620689653,2.755028882806623,ENG,VSMC/P
GO_Biological_Process_2023,Mitotic Cytokinesis (GO:0000281),1/59,0.3337770947455803,0.4031000298081238,0,0,2.5107758620689653,2.755028882806623,CFL1,VSMC/P
GO_Biological_Process_2023,Negative Regulation Of Cytokine-Mediated Signaling Pathway (GO:0001960),1/59,0.3337770947455803,0.4031000298081238,0,0,2.5107758620689653,2.755028882806623,ISG15,VSMC/P
GO_Biological_Process_2023,Positive Regulation Of Cellular Biosynthetic Process (GO:0031328),2/174,0.3349727011753338,0.4041553435890674,0,0,1.6960378983634798,1.8549672318793515,RPS4X;HIF1A,VSMC/P
GO_Biological_Process_2023,Negative Regulation Of Peptidase Activity (GO:0010466),1/60,0.3383542166324532,0.4070621610060931,0,0,2.468095712861416,2.6745814229630755,GAPDH,VSMC/P
GO_Biological_Process_2023,Response To Retinoic Acid (GO:0032526),1/60,0.3383542166324532,0.4070621610060931,0,0,2.468095712861416,2.6745814229630755,AQP1,VSMC/P
GO_Biological_Process_2023,Positive Regulation Of Phagocytosis (GO:0050766),1/60,0.3383542166324532,0.4070621610060931,0,0,2.468095712861416,2.6745814229630755,CCL2,VSMC/P
GO_Biological_Process_2023,Extracellular Matrix Organization (GO:0030198),2/176,0.3399665349541441,0.4086104956003875,0,0,1.6763729246487866,1.8086523149905984,COL1A2;GSN,VSMC/P
GO_Biological_Process_2023,BMP Signaling Pathway (GO:0030509),1/61,0.3429001204094664,0.4109566328571468,0,0,2.4268382352941176,2.597483958552857,ENG,VSMC/P
GO_Biological_Process_2023,Positive Regulation Of Interleukin-8 Production (GO:0032757),1/61,0.3429001204094664,0.4109566328571468,0,0,2.4268382352941176,2.597483958552857,CD74,VSMC/P
GO_Biological_Process_2023,Positive Regulation Of Organelle Assembly (GO:1902117),1/61,0.3429001204094664,0.4109566328571468,0,0,2.4268382352941176,2.597483958552857,SDCBP,VSMC/P
GO_Biological_Process_2023,Nervous System Development (GO:0007399),4/433,0.3450244383487168,0.4131083837616666,0,0,1.362427046637573,1.44981315646442,MARCKS;SCIN;GSN;ITM2B,VSMC/P
GO_Biological_Process_2023,Regulation Of Embryonic Development (GO:0045995),1/62,0.3474150174537504,0.4151791264718463,0,0,2.386933461909354,2.5235500711559498,CFL1,VSMC/P
GO_Biological_Process_2023,Positive Regulation Of Apoptotic Signaling Pathway (GO:2001235),1/62,0.3474150174537504,0.4151791264718463,0,0,2.386933461909354,2.5235500711559498,G0S2,VSMC/P
GO_Biological_Process_2023,G1/S Transition Of Mitotic Cell Cycle (GO:0000082),1/63,0.3518991177478417,0.4193408841473333,0,0,2.348315939278937,2.452606392048319,CCND2,VSMC/P
GO_Biological_Process_2023,Inorganic Anion Transmembrane Transport (GO:0098661),1/63,0.3518991177478417,0.4193408841473333,0,0,2.348315939278937,2.452606392048319,SLC12A1,VSMC/P
GO_Biological_Process_2023,Protein Polymerization (GO:0051258),1/63,0.3518991177478417,0.4193408841473333,0,0,2.348315939278937,2.452606392048319,GSN,VSMC/P
GO_Biological_Process_2023,Regulation Of Secretion By Cell (GO:1903530),1/64,0.3563526297723748,0.4218462799190413,0,0,2.310924369747899,2.384491503881056,MCTP1,VSMC/P
GO_Biological_Process_2023,Cellular Response To Virus (GO:0098586),1/64,0.3563526297723748,0.4218462799190413,0,0,2.310924369747899,2.384491503881056,HIF1A,VSMC/P
GO_Biological_Process_2023,Positive Regulation Of T Cell Differentiation (GO:0045582),1/64,0.3563526297723748,0.4218462799190413,0,0,2.310924369747899,2.384491503881056,HLA-DRB1,VSMC/P
GO_Biological_Process_2023,Response To Metal Ion (GO:0010038),1/64,0.3563526297723748,0.4218462799190413,0,0,2.310924369747899,2.384491503881056,HIF1A,VSMC/P
GO_Biological_Process_2023,Positive Regulation Of Cysteine-Type Endopeptidase Activity (GO:2001056),1/64,0.3563526297723748,0.4218462799190413,0,0,2.310924369747899,2.384491503881056,UACA,VSMC/P
GO_Biological_Process_2023,Positive Regulation Of Interleukin-1 Production (GO:0032732),1/64,0.3563526297723748,0.4218462799190413,0,0,2.310924369747899,2.384491503881056,S100A13,VSMC/P
GO_Biological_Process_2023,Positive Regulation Of Macroautophagy (GO:0016239),1/64,0.3563526297723748,0.4218462799190413,0,0,2.310924369747899,2.384491503881056,SESN3,VSMC/P
GO_Biological_Process_2023,Positive Regulation Of Cell Cycle (GO:0045787),1/65,0.3607757607501965,0.4266801840887446,0,0,2.274701286764706,2.3190549478926425,CCND2,VSMC/P
GO_Biological_Process_2023,Negative Regulation Of Endopeptidase Activity (GO:0010951),1/66,0.3651687162750862,0.4302550728344355,0,0,2.2395927601809955,2.2561563309728645,GAPDH,VSMC/P
GO_Biological_Process_2023,Negative Regulation Of Immune Response (GO:0050777),1/66,0.3651687162750862,0.4302550728344355,0,0,2.2395927601809955,2.2561563309728645,HLA-DRB1,VSMC/P
GO_Biological_Process_2023,Regulation Of Endocytosis (GO:0030100),1/66,0.3651687162750862,0.4302550728344355,0,0,2.2395927601809955,2.2561563309728645,MCTP1,VSMC/P
GO_Biological_Process_2023,Cellular Response To BMP Stimulus (GO:0071773),1/66,0.3651687162750862,0.4302550728344355,0,0,2.2395927601809955,2.2561563309728645,ENG,VSMC/P
GO_Biological_Process_2023,Activation Of Cysteine-Type Endopeptidase Activity Involved In Apoptotic Process (GO:0006919),1/67,0.3695317008446938,0.4345803523042466,0,0,2.205548128342246,2.1956645122139125,FAM162A,VSMC/P
GO_Biological_Process_2023,Protein Secretion (GO:0009306),1/67,0.3695317008446938,0.4345803523042466,0,0,2.205548128342246,2.1956645122139125,ANXA1,VSMC/P
GO_Biological_Process_2023,Endocytosis (GO:0006897),2/189,0.3721236741947494,0.4372192093438777,0,0,1.558803723509606,1.5409227209892165,ANXA1;RNASEK,VSMC/P
GO_Biological_Process_2023,B Cell Differentiation (GO:0030183),1/68,0.3738649173857373,0.4388545198471833,0,0,2.1725197541703247,2.137456871865443,PIK3R3,VSMC/P
GO_Biological_Process_2023,Regulation Of Endopeptidase Activity (GO:0052548),1/69,0.3781685674868142,0.4422529988486394,0,0,2.140462802768166,2.0814186437173,GAPDH,VSMC/P
GO_Biological_Process_2023,Regulation Of Monoatomic Ion Transmembrane Transporter Activity (GO:0032412),1/69,0.3781685674868142,0.4422529988486394,0,0,2.140462802768166,2.0814186437173,FXYD2,VSMC/P
GO_Biological_Process_2023,Phospholipid Metabolic Process (GO:0006644),1/69,0.3781685674868142,0.4422529988486394,0,0,2.140462802768166,2.0814186437173,ENPP2,VSMC/P
GO_Biological_Process_2023,Establishment Of Protein Localization To Membrane (GO:0090150),1/69,0.3781685674868142,0.4422529988486394,0,0,2.140462802768166,2.0814186437173,SDCBP,VSMC/P
GO_Biological_Process_2023,Transcription By RNA Polymerase II (GO:0006366),2/192,0.3794598133191487,0.4433502563059077,0,0,1.5339571150097466,1.4864145401997269,ANXA2;S100A10,VSMC/P
GO_Biological_Process_2023,Regulation Of Cell Differentiation (GO:0045595),2/193,0.3818973867691635,0.444766871652681,0,0,1.5258483614504557,1.468786709967887,SCIN;AKR1B1,VSMC/P
GO_Biological_Process_2023,Negative Regulation Of Epithelial Cell Proliferation (GO:0050680),1/70,0.3824428514210951,0.444766871652681,0,0,2.1093350383631715,2.0274423096008367,B2M,VSMC/P
GO_Biological_Process_2023,Negative Regulation Of Extrinsic Apoptotic Signaling Pathway (GO:2001237),1/70,0.3824428514210951,0.444766871652681,0,0,2.1093350383631715,2.0274423096008367,AKR1B1,VSMC/P
GO_Biological_Process_2023,Protein K48-linked Ubiquitination (GO:0070936),1/70,0.3824428514210951,0.444766871652681,0,0,2.1093350383631715,2.0274423096008367,IFI27,VSMC/P
GO_Biological_Process_2023,Regulation Of Notch Signaling Pathway (GO:0008593),1/70,0.3824428514210951,0.444766871652681,0,0,2.1093350383631715,2.0274423096008367,CCN3,VSMC/P
GO_Biological_Process_2023,Negative Regulation Of Supramolecular Fiber Organization (GO:1902904),1/71,0.3866879681857055,0.4492877780215042,0,0,2.079096638655462,1.9754270482442289,CRYAB,VSMC/P
GO_Biological_Process_2023,Endomembrane System Organization (GO:0010256),2/196,0.3891858414877142,0.450849925410367,0,0,1.5020236731576937,1.4174571986828526,SRGN;REEP5,VSMC/P
GO_Biological_Process_2023,Positive Regulation Of Protein Metabolic Process (GO:0051247),2/196,0.3891858414877142,0.450849925410367,0,0,1.5020236731576937,1.4174571986828526,RPS4X;OAZ1,VSMC/P
GO_Biological_Process_2023,Protein-Containing Complex Assembly (GO:0065003),3/328,0.3905598310887145,0.450849925410367,0,0,1.3459012629161884,1.2653815150416148,SLC9A3R2;CD74;HIGD1B,VSMC/P
GO_Biological_Process_2023,Plasma Membrane Organization (GO:0007009),1/72,0.3909041152642434,0.450849925410367,0,0,2.0497100248550124,1.925278234458348,MYH9,VSMC/P
GO_Biological_Process_2023,Cholesterol Homeostasis (GO:0042632),1/72,0.3909041152642434,0.450849925410367,0,0,2.0497100248550124,1.925278234458348,AKR1C1,VSMC/P
GO_Biological_Process_2023,Response To Ionizing Radiation (GO:0010212),1/72,0.3909041152642434,0.450849925410367,0,0,2.0497100248550124,1.925278234458348,ANXA1,VSMC/P
GO_Biological_Process_2023,Second-Messenger-Mediated Signaling (GO:0019932),1/72,0.3909041152642434,0.450849925410367,0,0,2.0497100248550124,1.925278234458348,MCTP1,VSMC/P
GO_Biological_Process_2023,Negative Regulation Of Cell Adhesion (GO:0007162),1/72,0.3909041152642434,0.450849925410367,0,0,2.0497100248550124,1.925278234458348,SPINT2,VSMC/P
GO_Biological_Process_2023,DNA Replication (GO:0006260),1/73,0.395091488951388,0.4548440972712587,0,0,2.021139705882353,1.876906979173357,PTMS,VSMC/P
GO_Biological_Process_2023,Sterol Homeostasis (GO:0055092),1/73,0.395091488951388,0.4548440972712587,0,0,2.021139705882353,1.876906979173357,AKR1C1,VSMC/P
GO_Biological_Process_2023,Gland Development (GO:0048732),1/74,0.3992502841799943,0.4592109495696637,0,0,1.993352135374698,1.8302297117478008,ANXA1,VSMC/P
GO_Biological_Process_2023,Negative Regulation Of Phosphorylation (GO:0042326),1/75,0.4033806945750766,0.462575173047068,0,0,1.9663155802861685,1.7851677966847128,PPIA,VSMC/P
GO_Biological_Process_2023,Regulation Of BMP Signaling Pathway (GO:0030510),1/75,0.4033806945750766,0.462575173047068,0,0,1.9663155802861685,1.7851677966847128,ENG,VSMC/P
GO_Biological_Process_2023,Regulation Of DNA Replication (GO:0006275),1/75,0.4033806945750766,0.462575173047068,0,0,1.9663155802861685,1.7851677966847128,S100A11,VSMC/P
GO_Biological_Process_2023,Regulation Of Translation (GO:0006417),2/202,0.4036483994104988,0.462575173047068,0,0,1.4565185185185183,1.3213697359522176,RPS4X;GAPDH,VSMC/P
GO_Biological_Process_2023,Wnt Signaling Pathway (GO:0016055),1/76,0.4074829124483796,0.4656947570838624,0,0,1.94,1.7416471828555156,CPE,VSMC/P
GO_Biological_Process_2023,Positive Regulation Of Interleukin-6 Production (GO:0032755),1/76,0.4074829124483796,0.4656947570838624,0,0,1.94,1.7416471828555156,CD74,VSMC/P
GO_Biological_Process_2023,Positive Regulation Of Protein Secretion (GO:0050714),1/76,0.4074829124483796,0.4656947570838624,0,0,1.94,1.7416471828555156,PPIA,VSMC/P
GO_Biological_Process_2023,Regulation Of Immune Response (GO:0050776),1/77,0.4115571287975574,0.4661097869880362,0,0,1.91437693498452,1.699598081799229,HLA-DRB1,VSMC/P
GO_Biological_Process_2023,Actomyosin Structure Organization (GO:0031032),1/77,0.4115571287975574,0.4661097869880362,0,0,1.91437693498452,1.699598081799229,MYH9,VSMC/P
GO_Biological_Process_2023,Cell Morphogenesis Involved In Neuron Differentiation (GO:0048667),1/77,0.4115571287975574,0.4661097869880362,0,0,1.91437693498452,1.699598081799229,S100A6,VSMC/P
GO_Biological_Process_2023,Positive Regulation Of JNK Cascade (GO:0046330),1/77,0.4115571287975574,0.4661097869880362,0,0,1.91437693498452,1.699598081799229,SDCBP,VSMC/P
GO_Biological_Process_2023,Chloride Transport (GO:0006821),1/77,0.4115571287975574,0.4661097869880362,0,0,1.91437693498452,1.699598081799229,SLC12A1,VSMC/P
GO_Biological_Process_2023,Embryonic Organ Development (GO:0048568),1/77,0.4115571287975574,0.4661097869880362,0,0,1.91437693498452,1.699598081799229,SOX18,VSMC/P
GO_Biological_Process_2023,Positive Regulation Of Endothelial Cell Proliferation (GO:0001938),1/77,0.4115571287975574,0.4661097869880362,0,0,1.91437693498452,1.699598081799229,HIF1A,VSMC/P
GO_Biological_Process_2023,Positive Regulation Of Synaptic Transmission (GO:0050806),1/77,0.4115571287975574,0.4661097869880362,0,0,1.91437693498452,1.699598081799229,CCL2,VSMC/P
GO_Biological_Process_2023,Monoatomic Cation Homeostasis (GO:0055080),1/77,0.4115571287975574,0.4661097869880362,0,0,1.91437693498452,1.699598081799229,SLC12A1,VSMC/P
GO_Biological_Process_2023,Negative Regulation Of Blood Vessel Morphogenesis (GO:2000181),1/77,0.4115571287975574,0.4661097869880362,0,0,1.91437693498452,1.699598081799229,CLDN5,VSMC/P
GO_Biological_Process_2023,Regulation Of Canonical Wnt Signaling Pathway (GO:0060828),2/207,0.4155771658564387,0.4681596753191409,0,0,1.42063233965673,1.247438737896276,IGFBP2;TLE5,VSMC/P
GO_Biological_Process_2023,Regulation Of Innate Immune Response (GO:0045088),1/78,0.4156035334242373,0.4681596753191409,0,0,1.8894194041252863,1.658954671828482,HLA-E,VSMC/P
GO_Biological_Process_2023,Negative Regulation Of Protein Modification Process (GO:0031400),1/78,0.4156035334242373,0.4681596753191409,0,0,1.8894194041252863,1.658954671828482,PPIA,VSMC/P
GO_Biological_Process_2023,Organonitrogen Compound Catabolic Process (GO:1901565),1/78,0.4156035334242373,0.4681596753191409,0,0,1.8894194041252863,1.658954671828482,ENPP2,VSMC/P
GO_Biological_Process_2023,Positive Regulation Of Tumor Necrosis Factor Production (GO:0032760),1/78,0.4156035334242373,0.4681596753191409,0,0,1.8894194041252863,1.658954671828482,HLA-E,VSMC/P
GO_Biological_Process_2023,Proteolysis Involved In Protein Catabolic Process (GO:0051603),1/78,0.4156035334242373,0.4681596753191409,0,0,1.8894194041252863,1.658954671828482,ISG15,VSMC/P
GO_Biological_Process_2023,Regulation Of Transcription By RNA Polymerase II (GO:0006357),15/2028,0.4172828994778553,0.4696302166166544,0,0,1.0902494441865578,0.9528680615383808,ANXA2;NME2;AKR1B1;ENO1;HIF1A;TLE5;PTMS;SDCBP;FOXS1;IFI27;MECOM;SOX18;ID3;S100A10;ENG,VSMC/P
GO_Biological_Process_2023,Regulation Of Cyclin-Dependent Protein Serine/Threonine Kinase Activity (GO:0000079),1/79,0.4196223147380219,0.4697376357495147,0,0,1.8651018099547512,1.6196548274900795,CCND2,VSMC/P
GO_Biological_Process_2023,Cellular Response To UV (GO:0034644),1/79,0.4196223147380219,0.4697376357495147,0,0,1.8651018099547512,1.6196548274900795,AQP1,VSMC/P
GO_Biological_Process_2023,Response To Insulin (GO:0032868),1/79,0.4196223147380219,0.4697376357495147,0,0,1.8651018099547512,1.6196548274900795,PKM,VSMC/P
GO_Biological_Process_2023,Positive Regulation Of Catabolic Process (GO:0009896),1/79,0.4196223147380219,0.4697376357495147,0,0,1.8651018099547512,1.6196548274900795,OAZ1,VSMC/P
GO_Biological_Process_2023,Positive Regulation Of Endocytosis (GO:0045807),1/79,0.4196223147380219,0.4697376357495147,0,0,1.8651018099547512,1.6196548274900795,B2M,VSMC/P
GO_Biological_Process_2023,Positive Regulation Of Protein Localization To Membrane (GO:1905477),1/79,0.4196223147380219,0.4697376357495147,0,0,1.8651018099547512,1.6196548274900795,SLC5A3,VSMC/P
GO_Biological_Process_2023,Regulation Of Organelle Assembly (GO:1902115),1/80,0.423613659972373,0.4729411172669337,0,0,1.8413998510796723,1.5816398687969306,GSN,VSMC/P
GO_Biological_Process_2023,Regulation Of Protein Localization To Plasma Membrane (GO:1903076),1/80,0.423613659972373,0.4729411172669337,0,0,1.8413998510796723,1.5816398687969306,AKR1B1,VSMC/P
GO_Biological_Process_2023,Wound Healing (GO:0042060),1/80,0.423613659972373,0.4729411172669337,0,0,1.8413998510796723,1.5816398687969306,MYH9,VSMC/P
GO_Biological_Process_2023,Activation Of Protein Kinase Activity (GO:0032147),1/81,0.4275777550187647,0.4752545666403261,0,0,1.8182904411764709,1.544854331917597,PPIA,VSMC/P
GO_Biological_Process_2023,Cytoskeleton-Dependent Cytokinesis (GO:0061640),1/81,0.4275777550187647,0.4752545666403261,0,0,1.8182904411764709,1.544854331917597,CFL1,VSMC/P
GO_Biological_Process_2023,Positive Regulation Of Growth (GO:0045927),1/81,0.4275777550187647,0.4752545666403261,0,0,1.8182904411764709,1.544854331917597,SDCBP,VSMC/P
GO_Biological_Process_2023,Macromolecule Modification (GO:0043412),1/81,0.4275777550187647,0.4752545666403261,0,0,1.8182904411764709,1.544854331917597,CPE,VSMC/P
GO_Biological_Process_2023,Negative Regulation Of NF-kappaB Transcription Factor Activity (GO:0032088),1/81,0.4275777550187647,0.4752545666403261,0,0,1.8182904411764709,1.544854331917597,TMSB4X,VSMC/P
GO_Biological_Process_2023,Regulation Of Phosphorylation (GO:0042325),1/82,0.4315147845641838,0.4783606084842143,0,0,1.7957516339869282,1.5092457564398556,SDCBP,VSMC/P
GO_Biological_Process_2023,Positive Regulation Of Tumor Necrosis Factor Superfamily Cytokine Production (GO:1903557),1/82,0.4315147845641838,0.4783606084842143,0,0,1.7957516339869282,1.5092457564398556,HLA-E,VSMC/P
GO_Biological_Process_2023,Negative Regulation Of Apoptotic Signaling Pathway (GO:2001234),1/82,0.4315147845641838,0.4783606084842143,0,0,1.7957516339869282,1.5092457564398556,AKR1B1,VSMC/P
GO_Biological_Process_2023,Regulation Of Epithelial To Mesenchymal Transition (GO:0010717),1/83,0.4354249321110214,0.4818446825827691,0,0,1.7737625538020083,1.4747644895265195,SDCBP,VSMC/P
GO_Biological_Process_2023,Vascular Transport (GO:0010232),1/83,0.4354249321110214,0.4818446825827691,0,0,1.7737625538020083,1.4747644895265195,SLC5A3,VSMC/P
GO_Biological_Process_2023,Purine Ribonucleotide Metabolic Process (GO:0009150),1/84,0.4393083798218873,0.485714194591805,0,0,1.7523033309709426,1.44136350567812,ATP1B1,VSMC/P
GO_Biological_Process_2023,Regulation Of Osteoblast Differentiation (GO:0045667),1/85,0.4431653087445369,0.4878314003357917,0,0,1.731355042016807,1.4089982385378543,RANBP3L,VSMC/P
GO_Biological_Process_2023,Positive Regulation Of Amide Metabolic Process (GO:0034250),1/85,0.4431653087445369,0.4878314003357917,0,0,1.731355042016807,1.4089982385378543,RPS4X,VSMC/P
GO_Biological_Process_2023,Epidermis Development (GO:0008544),1/85,0.4431653087445369,0.4878314003357917,0,0,1.731355042016807,1.4089982385378543,HLA-DRB1,VSMC/P
GO_Biological_Process_2023,Transport Across Blood-Brain Barrier (GO:0150104),1/85,0.4431653087445369,0.4878314003357917,0,0,1.731355042016807,1.4089982385378543,SLC5A3,VSMC/P
GO_Biological_Process_2023,Positive Regulation Of Protein Localization (GO:1903829),1/85,0.4431653087445369,0.4878314003357917,0,0,1.731355042016807,1.4089982385378543,SLC5A3,VSMC/P
GO_Biological_Process_2023,Exocytosis (GO:0006887),1/86,0.4469958985068555,0.4907577347243099,0,0,1.7108996539792387,1.377626427274088,MYH9,VSMC/P
GO_Biological_Process_2023,Negative Regulation Of Angiogenesis (GO:0016525),1/86,0.4469958985068555,0.4907577347243099,0,0,1.7108996539792387,1.377626427274088,CLDN5,VSMC/P
GO_Biological_Process_2023,Negative Regulation Of Binding (GO:0051100),1/86,0.4469958985068555,0.4907577347243099,0,0,1.7108996539792387,1.377626427274088,TLE5,VSMC/P
GO_Biological_Process_2023,Positive Regulation Of Cell Motility (GO:2000147),2/221,0.4483284278123537,0.491790834351368,0,0,1.3288685946220191,1.0660572126334542,SDCBP;PIK3R3,VSMC/P
GO_Biological_Process_2023,Regulation Of Insulin Secretion (GO:0050796),1/87,0.4508003278289872,0.4936401148676617,0,0,1.6909199726402189,1.3472079711349176,CCN3,VSMC/P
GO_Biological_Process_2023,Glucose Homeostasis (GO:0042593),1/87,0.4508003278289872,0.4936401148676617,0,0,1.6909199726402189,1.3472079711349176,HIF1A,VSMC/P
GO_Biological_Process_2023,Negative Regulation Of Neuron Death (GO:1901215),1/88,0.4545787739505501,0.4969111750059973,0,0,1.671399594320487,1.3177047986537251,CCL2,VSMC/P
GO_Biological_Process_2023,Positive Regulation Of Cell Adhesion (GO:0045785),1/88,0.4545787739505501,0.4969111750059973,0,0,1.671399594320487,1.3177047986537251,FBLN2,VSMC/P
GO_Biological_Process_2023,Cellular Response To Peptide Hormone Stimulus (GO:0071375),1/89,0.4583314130780541,0.5005776128922051,0,0,1.6523228609625669,1.2890807424802198,PKM,VSMC/P
GO_Biological_Process_2023,Lymphocyte Differentiation (GO:0030098),1/91,0.4657599690423809,0.5082489323346919,0,0,1.6154411764705885,1.2343341539686932,PIK3R3,VSMC/P
GO_Biological_Process_2023,B Cell Activation (GO:0042113),1/92,0.4694362323492584,0.5109288629381877,0,0,1.5976082740788624,1.208147818144373,PIK3R3,VSMC/P
GO_Biological_Process_2023,Steroid Metabolic Process (GO:0008202),1/92,0.4694362323492584,0.5109288629381877,0,0,1.5976082740788624,1.208147818144373,AKR1C1,VSMC/P
GO_Biological_Process_2023,Positive Regulation Of Protein Catabolic Process (GO:0045732),1/92,0.4694362323492584,0.5109288629381877,0,0,1.5976082740788624,1.208147818144373,OAZ1,VSMC/P
GO_Biological_Process_2023,Regulation Of Endothelial Cell Proliferation (GO:0001936),1/93,0.4730873814760886,0.513124137421388,0,0,1.580163043478261,1.1827128005444405,HIF1A,VSMC/P
GO_Biological_Process_2023,Positive Regulation Of Cellular Component Biogenesis (GO:0044089),1/93,0.4730873814760886,0.513124137421388,0,0,1.580163043478261,1.1827128005444405,SDCBP,VSMC/P
GO_Biological_Process_2023,Positive Regulation Of Protein Kinase B Signaling (GO:0051897),1/93,0.4730873814760886,0.513124137421388,0,0,1.580163043478261,1.1827128005444405,ENG,VSMC/P
GO_Biological_Process_2023,Negative Regulation Of Amide Metabolic Process (GO:0034249),1/93,0.4730873814760886,0.513124137421388,0,0,1.580163043478261,1.1827128005444405,GAPDH,VSMC/P
GO_Biological_Process_2023,Sphingolipid Metabolic Process (GO:0006665),1/94,0.4767135867876924,0.51616574569426,0,0,1.5630929791271346,1.1580008889040443,ENPP2,VSMC/P
GO_Biological_Process_2023,Muscle Contraction (GO:0006936),1/94,0.4767135867876924,0.51616574569426,0,0,1.5630929791271346,1.1580008889040443,CRYAB,VSMC/P
GO_Biological_Process_2023,MAPK Cascade (GO:0000165),1/98,0.4909723362006207,0.5293229650368924,0,0,1.4983323226197696,1.0658649103080529,CCL2,VSMC/P
GO_Biological_Process_2023,Phosphatidylinositol Biosynthetic Process (GO:0006661),1/98,0.4909723362006207,0.5293229650368924,0,0,1.4983323226197696,1.0658649103080529,PIK3R3,VSMC/P
GO_Biological_Process_2023,Positive Regulation Of Cold-Induced Thermogenesis (GO:0120162),1/98,0.4909723362006207,0.5293229650368924,0,0,1.4983323226197696,1.0658649103080529,G0S2,VSMC/P
GO_Biological_Process_2023,Positive Regulation Of Protein-Containing Complex Assembly (GO:0031334),1/98,0.4909723362006207,0.5293229650368924,0,0,1.4983323226197696,1.0658649103080529,ISG15,VSMC/P
GO_Biological_Process_2023,Mitochondrial Translation (GO:0032543),1/98,0.4909723362006207,0.5293229650368924,0,0,1.4983323226197696,1.0658649103080529,MRPS6,VSMC/P
GO_Biological_Process_2023,Regulation Of Autophagy (GO:0010506),2/241,0.493286073768059,0.5313613281755422,0,0,1.2164264683093136,0.8596072289617723,ATP6V0E1;GAPDH,VSMC/P
GO_Biological_Process_2023,Axon Development (GO:0061564),1/99,0.4944763372236363,0.5321870433186694,0,0,1.48296818727491,1.0443892155035843,S100A6,VSMC/P
GO_Biological_Process_2023,Response To UV (GO:0009411),1/100,0.4979563925252978,0.5350155936798752,0,0,1.467914438502674,1.0234927306951356,AQP1,VSMC/P
GO_Biological_Process_2023,Protein Complex Oligomerization (GO:0051259),1/100,0.4979563925252978,0.5350155936798752,0,0,1.467914438502674,1.0234927306951356,HLA-DRB1,VSMC/P
GO_Biological_Process_2023,Hemopoiesis (GO:0030097),1/101,0.5014126645233709,0.5382686381550033,0,0,1.4531617647058823,1.0031551089790296,MECOM,VSMC/P
GO_Biological_Process_2023,Positive Regulation Of Programmed Cell Death (GO:0043068),2/245,0.5020005787853045,0.5384395618739046,0,0,1.196159122085048,0.8243378511958361,SCIN;FAM162A,VSMC/P
GO_Biological_Process_2023,Positive Regulation Of DNA-binding Transcription Factor Activity (GO:0051091),2/246,0.5041642684444892,0.540107082670119,0,0,1.1911961141469338,0.8157943926502706,AKR1B1;PPIA,VSMC/P
GO_Biological_Process_2023,Activation Of GTPase Activity (GO:0090630),1/102,0.5048453145340125,0.540107082670119,0,0,1.4387012230634828,0.9833568962561356,ARHGAP29,VSMC/P
GO_Biological_Process_2023,Regulation Of Protein Secretion (GO:0050708),1/102,0.5048453145340125,0.540107082670119,0,0,1.4387012230634828,0.9833568962561356,PPIA,VSMC/P
GO_Biological_Process_2023,Mitochondrial Gene Expression (GO:0140053),1/103,0.508254502873238,0.5432916217947124,0,0,1.4245242214532872,0.9640794838440134,MRPS6,VSMC/P
GO_Biological_Process_2023,Regulation Of Neuron Apoptotic Process (GO:0043523),1/105,0.5150031301416665,0.5486377705325981,0,0,1.3969881221719458,0.9270165917310036,CCL2,VSMC/P
GO_Biological_Process_2023,Cellular Response To Organonitrogen Compound (GO:0071417),1/105,0.5150031301416665,0.5486377705325981,0,0,1.3969881221719458,0.9270165917310036,AQP1,VSMC/P
GO_Biological_Process_2023,Positive Regulation Of Stress-Activated MAPK Cascade (GO:0032874),1/105,0.5150031301416665,0.5486377705325981,0,0,1.3969881221719458,0.9270165917310036,SDCBP,VSMC/P
GO_Biological_Process_2023,Negative Regulation Of MAPK Cascade (GO:0043409),1/105,0.5150031301416665,0.5486377705325981,0,0,1.3969881221719458,0.9270165917310036,PPIA,VSMC/P
GO_Biological_Process_2023,Positive Regulation Of Cell Growth (GO:0030307),1/106,0.5183428842553988,0.5517276801904923,0,0,1.3836134453781512,0.9091977385922756,SDCBP,VSMC/P
GO_Biological_Process_2023,Negative Regulation Of Translation (GO:0017148),1/107,0.5216598069580667,0.5538501416224275,0,0,1.3704911209766926,0.8918328635531109,GAPDH,VSMC/P
GO_Biological_Process_2023,Positive Regulation Of Autophagy (GO:0010508),1/107,0.5216598069580667,0.5538501416224275,0,0,1.3704911209766926,0.8918328635531109,SESN3,VSMC/P
GO_Biological_Process_2023,Monoatomic Ion Transport (GO:0006811),1/107,0.5216598069580667,0.5538501416224275,0,0,1.3704911209766926,0.8918328635531109,SLC12A1,VSMC/P
GO_Biological_Process_2023,Response To Tumor Necrosis Factor (GO:0034612),1/108,0.52495405329796,0.556406996575728,0,0,1.3576140736668498,0.8749069741445356,CCL2,VSMC/P
GO_Biological_Process_2023,Positive Regulation Of Metabolic Process (GO:0009893),1/108,0.52495405329796,0.556406996575728,0,0,1.3576140736668498,0.8749069741445356,G0S2,VSMC/P
GO_Biological_Process_2023,Cytokine-Mediated Signaling Pathway (GO:0019221),2/257,0.527563771388458,0.5575223327694676,0,0,1.1391721132897603,0.7284840795657181,TMSB4X;CCL2,VSMC/P
GO_Biological_Process_2023,Negative Regulation Of Developmental Process (GO:0051093),1/109,0.5282257770666134,0.5575223327694676,0,0,1.3449754901960784,0.8584056957797925,THY1,VSMC/P
GO_Biological_Process_2023,Regulation Of Proteasomal Ubiquitin-Dependent Protein Catabolic Process (GO:0032434),1/109,0.5282257770666134,0.5575223327694676,0,0,1.3449754901960784,0.8584056957797925,SDCBP,VSMC/P
GO_Biological_Process_2023,Cell-Matrix Adhesion (GO:0007160),1/109,0.5282257770666134,0.5575223327694676,0,0,1.3449754901960784,0.8584056957797925,THY1,VSMC/P
GO_Biological_Process_2023,Extracellular Structure Organization (GO:0043062),1/109,0.5282257770666134,0.5575223327694676,0,0,1.3449754901960784,0.8584056957797925,COL1A2,VSMC/P
GO_Biological_Process_2023,Adenylate Cyclase-Activating G Protein-Coupled Receptor Signaling Pathway (GO:0007189),1/110,0.5314751312339429,0.5595412949118459,0,0,1.3325688073394495,0.8423152400762943,RAMP2,VSMC/P
GO_Biological_Process_2023,Response To Lipid (GO:0033993),1/110,0.5314751312339429,0.5595412949118459,0,0,1.3325688073394495,0.8423152400762943,ANXA1,VSMC/P
GO_Biological_Process_2023,External Encapsulating Structure Organization (GO:0045229),1/110,0.5314751312339429,0.5595412949118459,0,0,1.3325688073394495,0.8423152400762943,COL1A2,VSMC/P
GO_Biological_Process_2023,RNA Metabolic Process (GO:0016070),1/111,0.53470226757621,0.5615267960499328,0,0,1.3203877005347593,0.8266223770389706,RNASE1,VSMC/P
GO_Biological_Process_2023,Negative Regulation Of Transmembrane Receptor Protein Serine/Threonine Kinase Signaling Pathway (GO:0090101),1/111,0.53470226757621,0.5615267960499328,0,0,1.3203877005347593,0.8266223770389706,CCN3,VSMC/P
GO_Biological_Process_2023,Mitotic Cell Cycle Phase Transition (GO:0044772),1/111,0.53470226757621,0.5615267960499328,0,0,1.3203877005347593,0.8266223770389706,CCND2,VSMC/P
GO_Biological_Process_2023,Negative Regulation Of Defense Response (GO:0031348),1/112,0.5379073369162519,0.5644207311335108,0,0,1.3084260731319557,0.8113144073177951,CCN3,VSMC/P
GO_Biological_Process_2023,Regulation Of Protein Ubiquitination (GO:0031396),1/113,0.5410904890151278,0.5672868565968285,0,0,1.2966780462184877,0.796379136895972,ISG15,VSMC/P
GO_Biological_Process_2023,Cellular Response To Molecule Of Bacterial Origin (GO:0071219),1/117,0.5536068857376767,0.5794418737387682,0,0,1.2517114604462474,0.7401375331167496,CCL2,VSMC/P
GO_Biological_Process_2023,Positive Regulation Of Protein Serine/Threonine Kinase Activity (GO:0071902),1/117,0.5536068857376767,0.5794418737387682,0,0,1.2517114604462474,0.7401375331167496,CCND2,VSMC/P
GO_Biological_Process_2023,Regulation Of Small GTPase Mediated Signal Transduction (GO:0051056),1/118,0.5566826634363009,0.5821760410291373,0,0,1.240950226244344,0.7268989126206339,ARHGAP29,VSMC/P
GO_Biological_Process_2023,Regulation Of DNA-templated Transcription (GO:0006355),13/1922,0.5618519752532545,0.587093245356146,0,0,0.9860001013873164,0.5684456755199142,CD74;NME2;AKR1B1;ENO1;HIF1A;TLE5;FOXS1;MECOM;SOX18;ID3;CRYAB;HLA-DRB1;ENG,VSMC/P
GO_Biological_Process_2023,Plasma Membrane Bounded Cell Projection Assembly (GO:0120031),2/275,0.564228963188226,0.5890869308099849,0,0,1.063085063085063,0.6083984222020633,SDCBP;GSN,VSMC/P
GO_Biological_Process_2023,Regulation Of Protein Catabolic Process (GO:0042176),1/122,0.5687768038180212,0.5928495150169583,0,0,1.1996840058337384,0.6769423135445869,OAZ1,VSMC/P
GO_Biological_Process_2023,Potassium Ion Transport (GO:0006813),1/122,0.5687768038180212,0.5928495150169583,0,0,1.1996840058337384,0.6769423135445869,AQP1,VSMC/P
GO_Biological_Process_2023,Modulation Of Chemical Synaptic Transmission (GO:0050804),1/123,0.5717488033733201,0.5954531484551326,0,0,1.1897902603664416,0.6651588353071337,MCTP1,VSMC/P
GO_Biological_Process_2023,Cellular Response To Lipopolysaccharide (GO:0071222),1/124,0.5747004682453368,0.5975362484405158,0,0,1.1800573888091823,0.6536412204935567,CCL2,VSMC/P
GO_Biological_Process_2023,Protein Dephosphorylation (GO:0006470),1/124,0.5747004682453368,0.5975362484405158,0,0,1.1800573888091823,0.6536412204935567,PTPRB,VSMC/P
GO_Biological_Process_2023,Regulation Of Mitotic Cell Cycle (GO:0007346),1/125,0.5776319366470847,0.6000874379063179,0,0,1.170481499051233,0.6423817846544163,SDCBP,VSMC/P
GO_Biological_Process_2023,Cellular Response To Starvation (GO:0009267),1/126,0.580543345634304,0.6021159720203847,0,0,1.1610588235294117,0.6313731194397061,SESN3,VSMC/P
GO_Biological_Process_2023,Positive Regulation Of Intracellular Protein Transport (GO:0090316),1/126,0.580543345634304,0.6021159720203847,0,0,1.1610588235294117,0.6313731194397061,OAZ1,VSMC/P
GO_Biological_Process_2023,Regulation Of Tumor Necrosis Factor Production (GO:0032680),1/127,0.5834348315231391,0.6041171874633658,0,0,1.1517857142857142,0.6206080798869107,HLA-E,VSMC/P
GO_Biological_Process_2023,Regulation Of Anatomical Structure Morphogenesis (GO:0022603),1/127,0.5834348315231391,0.6041171874633658,0,0,1.1517857142857142,0.6206080798869107,CFL1,VSMC/P
GO_Biological_Process_2023,Regulation Of Intracellular Signal Transduction (GO:1902531),2/297,0.6062347223832986,0.6272082465514193,0,0,0.9826993094789706,0.4918292485986966,TMSB4X;ARHGAP29,VSMC/P
GO_Biological_Process_2023,Regulation Of Cell Cycle (GO:0051726),2/298,0.6080700720171425,0.6285893090152518,0,0,0.9793293293293294,0.4871822152677592,SDCBP;MECOM,VSMC/P
GO_Biological_Process_2023,Regulation Of Protein Kinase B Signaling (GO:0051896),1/136,0.608583696776782,0.6286028973286499,0,0,1.0745098039215686,0.5336239506176081,ENG,VSMC/P
GO_Biological_Process_2023,Protein Localization To Organelle (GO:0033365),1/137,0.6112832466409985,0.630354480936859,0,0,1.0665549307958475,0.5249528425154502,ISG15,VSMC/P
GO_Biological_Process_2023,Negative Regulation Of Cellular Biosynthetic Process (GO:0031327),1/137,0.6112832466409985,0.630354480936859,0,0,1.0665549307958475,0.5249528425154502,GAPDH,VSMC/P
GO_Biological_Process_2023,Regulation Of Cold-Induced Thermogenesis (GO:0120161),1/146,0.634762333476133,0.6524234785974002,0,0,0.999898580121704,0.4544585323352049,G0S2,VSMC/P
GO_Biological_Process_2023,Negative Regulation Of Response To External Stimulus (GO:0032102),1/146,0.634762333476133,0.6524234785974002,0,0,0.999898580121704,0.4544585323352049,CCN3,VSMC/P
GO_Biological_Process_2023,Neuron Projection Morphogenesis (GO:0048812),1/146,0.634762333476133,0.6524234785974002,0,0,0.999898580121704,0.4544585323352049,S100A6,VSMC/P
GO_Biological_Process_2023,Positive Regulation Of Cellular Catabolic Process (GO:0031331),1/146,0.634762333476133,0.6524234785974002,0,0,0.999898580121704,0.4544585323352049,HIF1A,VSMC/P
GO_Biological_Process_2023,Dephosphorylation (GO:0016311),1/147,0.6372826004355368,0.6544782879370681,0,0,0.9929995970991136,0.4473881029573368,PTPRB,VSMC/P
GO_Biological_Process_2023,protein-RNA Complex Assembly (GO:0022618),1/150,0.644740281795762,0.6615962368753897,0,0,0.9728582708251086,0.426994993039271,RPSA,VSMC/P
GO_Biological_Process_2023,Intracellular Protein Transport (GO:0006886),2/325,0.6552007348928278,0.6717813249186871,0,0,0.8962274968466919,0.3789371965984785,CD74;RANBP3L,VSMC/P
GO_Biological_Process_2023,Proteolysis (GO:0006508),2/330,0.6634200167816313,0.6796537855446402,0,0,0.8823396567299007,0.3620654133887661,SRGN;CPE,VSMC/P
GO_Biological_Process_2023,Response To Lipopolysaccharide (GO:0032496),1/159,0.6662121731297221,0.6819580191124133,0,0,0.9170234549516008,0.3724463993492536,CCL2,VSMC/P
GO_Biological_Process_2023,Mitochondrion Organization (GO:0007005),1/162,0.6730791648089278,0.6884262467426819,0,0,0.8997990500548045,0.3562235393305479,HIGD1B,VSMC/P
GO_Biological_Process_2023,Adenylate Cyclase-Modulating G Protein-Coupled Receptor Signaling Pathway (GO:0007188),1/163,0.6753368504626223,0.6901733801310443,0,0,0.8941993464052288,0.3510122974998942,RAMP2,VSMC/P
GO_Biological_Process_2023,Protein Localization (GO:0008104),2/351,0.6962427217689015,0.7109600475949108,0,0,0.8283561498461212,0.299912093894678,CD74;CPE,VSMC/P
GO_Biological_Process_2023,Regulation Of Neuron Projection Development (GO:0010975),1/174,0.6991726429357337,0.7133719248800013,0,0,0.8368752125127508,0.2994821396862334,CFL1,VSMC/P
GO_Biological_Process_2023,Phosphate-Containing Compound Metabolic Process (GO:0006796),1/184,0.7193298768431172,0.7333427965218792,0,0,0.7907425265188043,0.260498443701528,PTPRB,VSMC/P
GO_Biological_Process_2023,Protein Modification Process (GO:0036211),4/711,0.7222379900524573,0.7357103937598428,0,0,0.814880199083281,0.2651624798721074,PTPRB;ANXA1;CPE;CCL2,VSMC/P
GO_Biological_Process_2023,Axonogenesis (GO:0007409),1/188,0.7270120603256971,0.7399733774465767,0,0,0.7736709657124882,0.2466557522619392,S100A6,VSMC/P
GO_Biological_Process_2023,Modification-Dependent Protein Catabolic Process (GO:0019941),1/192,0.7344854673133344,0.7469746938830347,0,0,0.7573144441022482,0.2336959302806914,ISG15,VSMC/P
GO_Biological_Process_2023,Anterograde Trans-Synaptic Signaling (GO:0098916),1/199,0.7470784199586605,0.7591670675308071,0,0,0.7302807486631016,0.2129389993638153,SDCBP,VSMC/P
GO_Biological_Process_2023,Negative Regulation Of Cell Differentiation (GO:0045596),1/207,0.7607457356853973,0.7724305933879215,0,0,0.7016347801256425,0.191866307530937,RANBP3L,VSMC/P
GO_Biological_Process_2023,Vesicle-Mediated Transport (GO:0016192),2/411,0.7757341138068008,0.7870129619881597,0,0,0.7046635877931722,0.1789461149725499,ANXA2;S100A10,VSMC/P
GO_Biological_Process_2023,Proteasomal Protein Catabolic Process (GO:0010498),1/220,0.7814082535489122,0.7921297550100352,0,0,0.6595487510072522,0.1626826684118206,IFI27,VSMC/P
GO_Biological_Process_2023,Protein Polyubiquitination (GO:0000209),1/226,0.790337494912628,0.800535398072791,0,0,0.6417647058823529,0.1510041650908564,IFI27,VSMC/P
GO_Biological_Process_2023,Chromatin Remodeling (GO:0006338),1/228,0.7932326872415425,0.8021741184986936,0,0,0.6360456076703809,0.1473327610716407,MECOM,VSMC/P
GO_Biological_Process_2023,Cilium Organization (GO:0044782),1/228,0.7932326872415425,0.8021741184986936,0,0,0.6360456076703809,0.1473327610716407,GSN,VSMC/P
GO_Biological_Process_2023,Negative Regulation Of Multicellular Organismal Process (GO:0051241),1/231,0.7975012228694125,0.8058419436234772,0,0,0.6276534526854219,0.1420203461508216,SRGN,VSMC/P
GO_Biological_Process_2023,Cilium Assembly (GO:0060271),1/243,0.8137180783045129,0.8215674488347815,0,0,0.5961655323286339,0.1228943462665533,GSN,VSMC/P
GO_Biological_Process_2023,Regulation Of Nucleic Acid-Templated Transcription (GO:1903506),2/452,0.8191048746577024,0.826341945839417,0,0,0.6391111111111111,0.1275302451048419,HIF1A;ENG,VSMC/P
GO_Biological_Process_2023,Chemical Synaptic Transmission (GO:0007268),1/273,0.8488372190420517,0.8556497167871725,0,0,0.5296009948096886,0.0867951650241492,SDCBP,VSMC/P
GO_Biological_Process_2023,Transmembrane Receptor Protein Tyrosine Kinase Signaling Pathway (GO:0007169),1/284,0.8599948199720718,0.8662016791378687,0,0,0.5087299937642902,0.0767311919908288,PIK3R3,VSMC/P
GO_Biological_Process_2023,DNA Metabolic Process (GO:0006259),1/288,0.8638460890540605,0.8693835639838942,0,0,0.501537200245952,0.073405317505957,PTMS,VSMC/P
GO_Biological_Process_2023,Proteasome-Mediated Ubiquitin-Dependent Protein Catabolic Process (GO:0043161),1/319,0.8903362167488669,0.8953260914624315,0,0,0.4519284128745838,0.0524942491340761,IFI27,VSMC/P
GO_Biological_Process_2023,Organelle Assembly (GO:0070925),1/322,0.8926105066207404,0.8968950370525198,0,0,0.4476360637713029,0.0508536753515912,GSN,VSMC/P
GO_Biological_Process_2023,Protein Modification By Small Protein Conjugation (GO:0032446),1/364,0.919943642048016,0.9236204751497266,0,0,0.3949927078269324,0.0329593249564198,ISG15,VSMC/P
GO_Biological_Process_2023,Ubiquitin-Dependent Protein Catabolic Process (GO:0006511),1/367,0.9216076763332316,0.9245521098039446,0,0,0.3916947926711668,0.0319762628088203,IFI27,VSMC/P
GO_Biological_Process_2023,DNA Damage Response (GO:0006974),1/384,0.9304088146668498,0.9326364494984544,0,0,0.3739824911687913,0.0269758072735531,IER3,VSMC/P
GO_Biological_Process_2023,Phosphorylation (GO:0016310),1/429,0.9492502522561664,0.9507642080013916,0,0,0.3338888125343595,0.0173898689625312,CCL2,VSMC/P
GO_Biological_Process_2023,Protein Ubiquitination (GO:0016567),1/434,0.9510019399060492,0.951759710376094,0,0,0.3299483765792691,0.0165763347531445,ISG15,VSMC/P
GO_Biological_Process_2023,Protein Phosphorylation (GO:0006468),1/500,0.9692072533500224,0.9692072533500224,0,0,0.2853353766356242,0.0089243792813407,CCL2,VSMC/P
KEGG_2021_Human,Antigen processing and presentation,9/78,3.1131620108004686e-09,6.755561563437016e-07,0,0,20.170516304347824,395.0925478213098,CD74;HLA-B;HLA-C;HLA-A;HSPA2;B2M;HLA-DRB1;HLA-DPA1;HLA-E,VSMC/P
KEGG_2021_Human,Type I diabetes mellitus,7/43,1.5908225410178945e-08,1.7260424570044156e-06,0,0,29.65576923076923,532.5117306494739,HLA-B;HLA-C;CPE;HLA-A;HLA-DRB1;HLA-DPA1;HLA-E,VSMC/P
KEGG_2021_Human,Viral myocarditis,7/60,1.7307818331345416e-07,1.1573368487971706e-05,0,0,20.12626995645864,313.35641127517346,HLA-B;HLA-C;HLA-A;HLA-DRB1;ACTG1;HLA-DPA1;HLA-E,VSMC/P
KEGG_2021_Human,Allograft rejection,6/38,2.1333398134510053e-07,1.1573368487971706e-05,0,0,28.384064885496183,435.990786449608,HLA-B;HLA-C;HLA-A;HLA-DRB1;HLA-DPA1;HLA-E,VSMC/P
KEGG_2021_Human,Regulation of actin cytoskeleton,11/218,3.1925641545444824e-07,1.3855728430723054e-05,0,0,8.289855072463768,123.99361091584916,SCIN;GSN;ARPC3;ARPC1B;TMSB4X;CFL1;PIK3R3;MYH9;MYL12A;ACTG1;MYL12B,VSMC/P
KEGG_2021_Human,Graft-versus-host disease,6/42,3.963691516620521e-07,1.4335350985110885e-05,0,0,25.22519083969466,371.8425165897347,HLA-B;HLA-C;HLA-A;HLA-DRB1;HLA-DPA1;HLA-E,VSMC/P
KEGG_2021_Human,Epstein-Barr virus infection,10/202,1.3319747524519154e-06,4.1291217326009377e-05,0,0,8.067175196850394,109.1395865487028,CCND2;HLA-B;HLA-C;PIK3R3;ISG15;HLA-A;B2M;HLA-DRB1;HLA-E;HLA-DPA1,VSMC/P
KEGG_2021_Human,Autoimmune thyroid disease,6/53,1.6308057792256405e-06,4.423560676149549e-05,0,0,19.310703264576905,257.34285739247065,HLA-B;HLA-C;HLA-A;HLA-DRB1;HLA-DPA1;HLA-E,VSMC/P
KEGG_2021_Human,Fc gamma R-mediated phagocytosis,7/97,4.665098562897551e-06,0.00011114825097335568,0,0,11.83,145.21800087738518,MARCKS;SCIN;GSN;ARPC3;ARPC1B;CFL1;PIK3R3,VSMC/P
KEGG_2021_Human,Aldosterone-regulated sodium reabsorption,5/37,5.122039215362013e-06,0.00011114825097335568,0,0,23.47419507575757,285.9616564768856,SLC9A3R2;FXYD2;PIK3R3;ATP1A1;ATP1B1,VSMC/P
KEGG_2021_Human,Cell adhesion molecules,8/148,8.311492210655449e-06,0.00016396307361020294,0,0,8.736655592469546,102.20027356188336,CLDN5;CLDN15;HLA-B;HLA-C;HLA-A;HLA-DRB1;HLA-E;HLA-DPA1,VSMC/P
KEGG_2021_Human,Phagosome,8/152,1.0107096525337756e-05,0.0001827699954998577,0,0,8.492248062015504,97.68015350879008,ATP6V0E1;HLA-B;HLA-C;HLA-A;HLA-DRB1;ACTG1;HLA-E;HLA-DPA1,VSMC/P
KEGG_2021_Human,Viral carcinogenesis,9/203,1.1191479900192385e-05,0.0001868116260262883,0,0,7.128745167525773,81.27024552033014,CCND2;SCIN;PKM;GSN;HLA-B;HLA-C;PIK3R3;HLA-A;HLA-E,VSMC/P
KEGG_2021_Human,Leukocyte transendothelial migration,7/114,1.356799256023929e-05,0.000210303884683709,0,0,9.941912293314164,111.4269350461499,CLDN5;CLDN15;PIK3R3;THY1;MYL12A;ACTG1;MYL12B,VSMC/P
KEGG_2021_Human,Proximal tubule bicarbonate reclamation,4/23,1.6862403387234327e-05,0.00024394276900198997,0,0,31.411159477641476,345.22196306063535,FXYD2;ATP1A1;ATP1B1;AQP1,VSMC/P
KEGG_2021_Human,Human T-cell leukemia virus 1 infection,9/219,2.047423158419148e-05,0.0002776817658605969,0,0,6.580245535714286,71.04259084414188,CCND2;HLA-B;HLA-C;PIK3R3;HLA-A;B2M;HLA-DRB1;HLA-E;HLA-DPA1,VSMC/P
KEGG_2021_Human,Tight junction,8/169,2.1828909165037243e-05,0.00027863960522429897,0,0,7.589002840772305,81.44726818122847,CLDN5;CLDN15;ARPC3;ARPC1B;MYH9;MYL12A;ACTG1;MYL12B,VSMC/P
KEGG_2021_Human,Kaposi sarcoma-associated herpesvirus infection,8/193,5.6235118680693e-05,0.0006460551125365251,0,0,6.59643829876388,64.55254141894274,UBC;HLA-B;HLA-C;PIK3R3;HLA-A;HIF1A;GNG11;HLA-E,VSMC/P
KEGG_2021_Human,Mineral absorption,5/60,5.656703750319805e-05,0.0006460551125365251,0,0,13.641873278236917,133.41866819740238,FTH1;FXYD2;ATP1A1;ATP1B1;FTL,VSMC/P
KEGG_2021_Human,Glycolysis / Gluconeogenesis,5/67,9.626569204255968e-05,0.0009965135796303176,0,0,12.09738514173998,111.88143937153016,LDHA;TPI1;PKM;ENO1;GAPDH,VSMC/P
KEGG_2021_Human,Human papillomavirus infection,10/331,9.64367980287404e-05,0.0009965135796303176,0,0,4.793583045110015,44.32445383230284,CCND2;ATP6V0E1;COL1A2;PKM;HLA-B;HLA-C;PIK3R3;ISG15;HLA-A;HLA-E,VSMC/P
KEGG_2021_Human,Human immunodeficiency virus 1 infection,8/212,0.0001083658688068434,0.0010688815241402,0,0,5.976288189694483,54.56349552565421,CFL1;HLA-B;HLA-C;PIK3R3;HLA-A;B2M;GNG11;HLA-E,VSMC/P
KEGG_2021_Human,Human cytomegalovirus infection,8/225,0.0001632418761790553,0.001540151614385,0,0,5.614546493766299,48.96040376612269,HLA-B;HLA-C;PIK3R3;CCL2;HLA-A;B2M;GNG11;HLA-E,VSMC/P
KEGG_2021_Human,Thyroid hormone signaling pathway,6/121,0.0001866235069100155,0.0016873875416447,0,0,7.865117822768005,67.533183760553,FXYD2;PIK3R3;ATP1A1;ATP1B1;HIF1A;ACTG1,VSMC/P
KEGG_2021_Human,Coronavirus disease,8/232,0.00020118617160344628,0.0017462959695179,0,0,5.437153931339978,46.277138706437015,RPS4X;RPS9;PIK3R3;CCL2;RPSA;ISG15;RPL8;RPL19,VSMC/P
KEGG_2021_Human,Carbohydrate digestion and absorption,4/47,0.0002990597937809684,0.002495999048095,0,0,13.862563385207205,112.4928585016668,FXYD2;PIK3R3;ATP1A1;ATP1B1,VSMC/P
KEGG_2021_Human,Salmonella infection,8/249,0.0003242245635697274,0.002605804825727,0,0,5.049245713918106,40.56601464298036,ANXA2;ARPC3;ARPC1B;GAPDH;MYL12A;ACTG1;MYL12B;S100A10,VSMC/P
KEGG_2021_Human,Pathogenic Escherichia coli infection,7/197,0.0004228826398870668,0.0032773404591247,0,0,5.575344129554656,43.31159178601828,CLDN5;CLDN15;ARPC3;ARPC1B;MYH9;GAPDH;ACTG1,VSMC/P
KEGG_2021_Human,Cellular senescence,6/156,0.0007257190485560657,0.0054303804667815,0,0,6.019236641221374,43.5091347504577,CCND2;HLA-B;HLA-C;PIK3R3;HLA-A;HLA-E,VSMC/P
KEGG_2021_Human,Ribosome,6/158,0.0007756689123778631,0.0056106717995332,0,0,5.939433507432704,42.53694454365845,RPS4X;RPS9;RPSA;RPL8;MRPS6;RPL19,VSMC/P
KEGG_2021_Human,HIF-1 signaling pathway,5/109,0.0009259009099018712,0.006481306369313,0,0,7.196605477855478,50.26644216614845,LDHA;PIK3R3;ENO1;HIF1A;GAPDH,VSMC/P
KEGG_2021_Human,Central carbon metabolism in cancer,4/70,0.0013615272880318,0.0092328569219657,0,0,9.02118933697881,59.5321654059064,LDHA;PKM;PIK3R3;HIF1A,VSMC/P
KEGG_2021_Human,Shigellosis,7/246,0.0015524901649857,0.0102087989636942,0,0,4.4212423559703895,28.596131677819876,ARPC3;ARPC1B;UBC;PIK3R3;MYL12A;ACTG1;MYL12B,VSMC/P
KEGG_2021_Human,Platelet activation,5/124,0.0016446036735375,0.010496441092872,0,0,6.284695696460402,40.28650736459835,COL1A2;PIK3R3;MYL12A;ACTG1;MYL12B,VSMC/P
KEGG_2021_Human,Endocytosis,7/252,0.0017804760182157,0.0110389513129376,0,0,4.311648351648351,27.296504707907197,ARPC3;ARPC1B;HLA-B;HLA-C;HLA-A;HSPA2;HLA-E,VSMC/P
KEGG_2021_Human,Gastric acid secretion,4/76,0.0018458915931092,0.0111266243251308,0,0,8.266917293233083,52.03853203365204,ATP1A1;ATP1B1;SSTR2;ACTG1,VSMC/P
KEGG_2021_Human,Bacterial invasion of epithelial cells,4/77,0.0019368198911982,0.0113591869294599,0,0,8.153259861983727,50.93103264594957,ARPC3;ARPC1B;PIK3R3;ACTG1,VSMC/P
KEGG_2021_Human,Natural killer cell mediated cytotoxicity,5/131,0.0020927590041494,0.0119507553658007,0,0,5.933441558441558,36.60501478640387,HLA-B;HLA-C;PIK3R3;HLA-A;HLA-E,VSMC/P
KEGG_2021_Human,Herpes simplex virus 1 infection,10/498,0.0022944355863348,0.0127664749290938,0,0,3.1262101458629146,18.99881812369691,CD74;HLA-B;HLA-C;PIK3R3;CCL2;HLA-A;B2M;HLA-DRB1;HLA-E;HLA-DPA1,VSMC/P
KEGG_2021_Human,Yersinia infection,5/137,0.0025428191008918,0.0137947936223384,0,0,5.6620179063360885,33.827623675392765,ARPC3;ARPC1B;PIK3R3;CCL2;ACTG1,VSMC/P
KEGG_2021_Human,Focal adhesion,6/201,0.0026445167855769,0.0139965888407363,0,0,4.6196124486200825,27.418632950090863,CCND2;COL1A2;PIK3R3;MYL12A;ACTG1;MYL12B,VSMC/P
KEGG_2021_Human,Bile secretion,4/90,0.0034155983339853,0.0176472580589243,0,0,6.916244098618639,39.28013467233808,FXYD2;ATP1A1;ATP1B1;AQP1,VSMC/P
KEGG_2021_Human,Rheumatoid arthritis,4/93,0.0038419701120795,0.0193885468446803,0,0,6.682098504688688,37.164294959841726,ATP6V0E1;CCL2;HLA-DRB1;HLA-DPA1,VSMC/P
KEGG_2021_Human,Staphylococcus aureus infection,4/95,0.0041454204715924,0.020444460053081,0,0,6.534578203751136,35.84706927433179,KRT18;DEFB1;HLA-DRB1;HLA-DPA1,VSMC/P
KEGG_2021_Human,Longevity regulating pathway,4/102,0.0053343692004392,0.025723513699896,0,0,6.065674390056775,31.745220314113237,SESN3;PIK3R3;HSPA2;CRYAB,VSMC/P
KEGG_2021_Human,Protein digestion and absorption,4/103,0.0055209366781786,0.0260444186774949,0,0,6.004101161995899,31.21656926328872,COL1A2;FXYD2;ATP1A1;ATP1B1,VSMC/P
KEGG_2021_Human,Endocrine and other factor-regulated calcium reabsorption,3/53,0.0057367882591747,0.0264868734519344,0,0,8.871492537313433,45.784493378546806,FXYD2;ATP1A1;ATP1B1,VSMC/P
KEGG_2021_Human,Influenza A,5/172,0.006663937207684,0.0301265494597383,0,0,4.467428778806024,22.386485737014123,PIK3R3;CCL2;HLA-DRB1;ACTG1;HLA-DPA1,VSMC/P
KEGG_2021_Human,Proteoglycans in cancer,5/205,0.0135485443379785,0.0600006963539051,0,0,3.7240530303030304,16.018925352104745,COL1A2;HSPB2;PIK3R3;HIF1A;ACTG1,VSMC/P
KEGG_2021_Human,Thyroid hormone synthesis,3/75,0.0148321144964323,0.0643713769145162,0,0,6.1539179104477615,25.913905552735145,FXYD2;ATP1A1;ATP1B1,VSMC/P
KEGG_2021_Human,cAMP signaling pathway,5/216,0.0166295402739112,0.0707570635184066,0,0,3.5279333620565847,14.452442309245098,FXYD2;PIK3R3;ATP1A1;ATP1B1;SSTR2,VSMC/P
KEGG_2021_Human,Asthma,2/31,0.0190233181556844,0.0793857699958371,0,0,10.132311621966794,40.14512833475264,HLA-DRB1;HLA-DPA1,VSMC/P
KEGG_2021_Human,Insulin secretion,3/86,0.0212959777674159,0.0860354912445995,0,0,5.335371336090631,20.53710908272721,FXYD2;ATP1A1;ATP1B1,VSMC/P
KEGG_2021_Human,Fructose and mannose metabolism,2/33,0.0214097535816054,0.0860354912445995,0,0,9.477658303464755,36.431253075123614,TPI1;AKR1B1,VSMC/P
KEGG_2021_Human,Cardiac muscle contraction,3/87,0.021948598482941,0.0865971976508764,0,0,5.2715884861407245,20.132470508657192,FXYD2;ATP1A1;ATP1B1,VSMC/P
KEGG_2021_Human,Salivary secretion,3/93,0.0260923490091868,0.1011078524105991,0,0,4.91865671641791,17.93397892933687,FXYD2;ATP1A1;ATP1B1,VSMC/P
KEGG_2021_Human,Hematopoietic cell lineage,3/99,0.0306260794197187,0.1165940216505081,0,0,4.609841417910448,16.06946170795332,CD59;HLA-DRB1;HLA-DPA1,VSMC/P
KEGG_2021_Human,AGE-RAGE signaling pathway in diabetic complications,3/100,0.0314194441411021,0.1175299523102664,0,0,4.562086474842284,15.786317107275496,COL1A2;PIK3R3;CCL2,VSMC/P
KEGG_2021_Human,Ferroptosis,2/41,0.0320931315122425,0.1175299523102664,0,0,7.53048433048433,25.898188389601827,FTH1;FTL,VSMC/P
KEGG_2021_Human,Amoebiasis,3/102,0.0330383736909044,0.1175299523102664,0,0,4.469470827679783,15.241277903365985,COL1A2;PRDX1;PIK3R3,VSMC/P
KEGG_2021_Human,Pancreatic secretion,3/102,0.0330383736909044,0.1175299523102664,0,0,4.469470827679783,15.241277903365985,FXYD2;ATP1A1;ATP1B1,VSMC/P
KEGG_2021_Human,Axon guidance,4/182,0.0366632225280545,0.1283212788481909,0,0,3.326011658359381,10.99573180505146,CFL1;PIK3R3;MYL12A;MYL12B,VSMC/P
KEGG_2021_Human,Th17 cell differentiation,3/107,0.03727252859538,0.1283831540507533,0,0,4.25351607347876,13.99193568968938,HIF1A;HLA-DRB1;HLA-DPA1,VSMC/P
KEGG_2021_Human,Type II diabetes mellitus,2/46,0.0396242800413737,0.134351074515283,0,0,6.673063973063973,21.54274061714168,PKM;PIK3R3,VSMC/P
KEGG_2021_Human,Pyruvate metabolism,2/47,0.0412035403178747,0.1373380829048423,0,0,6.524444444444445,20.80796110812736,LDHA;PKM,VSMC/P
KEGG_2021_Human,Toxoplasmosis,3/112,0.0417710298235926,0.1373380829048423,0,0,4.057373682048473,12.884402109516028,HSPA2;HLA-DRB1;HLA-DPA1,VSMC/P
KEGG_2021_Human,Intestinal immune network for IgA production,2/48,0.042806215056357,0.138641024884022,0,0,6.382286634460548,20.11104455243212,HLA-DRB1;HLA-DPA1,VSMC/P
KEGG_2021_Human,Vibrio cholerae infection,2/50,0.0460802533373535,0.1470502202089076,0,0,6.1157407407407405,18.820401760879264,ATP6V0E1;ACTG1,VSMC/P
KEGG_2021_Human,Purine metabolism,3/129,0.0589867453490495,0.1828589105820536,0,0,3.5069296375266523,9.926162744627891,PKM;NME2;PDE8B,VSMC/P
KEGG_2021_Human,Relaxin signaling pathway,3/129,0.0589867453490495,0.1828589105820536,0,0,3.5069296375266523,9.926162744627891,COL1A2;PIK3R3;GNG11,VSMC/P
KEGG_2021_Human,Estrogen signaling pathway,3/137,0.0680735996218997,0.2080559312387639,0,0,3.296224103363778,8.85750071839503,KRT18;PIK3R3;HSPA2,VSMC/P
KEGG_2021_Human,Fluid shear stress and atherosclerosis,3/139,0.0704395097944025,0.2093886797997993,0,0,3.2474209833187007,8.615410968641497,PIK3R3;CCL2;ACTG1,VSMC/P
KEGG_2021_Human,Measles,3/139,0.0704395097944025,0.2093886797997993,0,0,3.2474209833187007,8.615410968641497,CCND2;PIK3R3;HSPA2,VSMC/P
KEGG_2021_Human,Inflammatory bowel disease,2/65,0.0732722195516089,0.2148658330094478,0,0,4.656084656084656,12.169020581349075,HLA-DRB1;HLA-DPA1,VSMC/P
KEGG_2021_Human,Mitophagy,2/68,0.0792061519699792,0.2291697996998066,0,0,4.443771043771044,11.26807604276484,UBC;HIF1A,VSMC/P
KEGG_2021_Human,Renal cell carcinoma,2/69,0.0812166640320031,0.231894948617693,0,0,4.37722498618021,10.989613512555014,PIK3R3;HIF1A,VSMC/P
KEGG_2021_Human,Prolactin signaling pathway,2/70,0.0832429243083517,0.233965932694023,0,0,4.312636165577342,10.721179640609002,CCND2;PIK3R3,VSMC/P
KEGG_2021_Human,Adrenergic signaling in cardiomyocytes,3/150,0.0840983536872525,0.233965932694023,0,0,3.002741395065489,7.43409192252291,FXYD2;ATP1A1;ATP1B1,VSMC/P
KEGG_2021_Human,Adherens junction,2/71,0.0852846265377497,0.234262834920148,0,0,4.249919484702094,10.462286333356332,PTPRB;ACTG1,VSMC/P
KEGG_2021_Human,p53 signaling pathway,2/73,0.0894131486981902,0.2425331658438409,0,0,4.1297861241523215,9.971317100218016,CCND2;SESN3,VSMC/P
KEGG_2021_Human,Hepatitis C,3/157,0.093335587706475,0.2500471917568528,0,0,2.865235510757899,6.795060194305043,CLDN5;CLDN15;PIK3R3,VSMC/P
KEGG_2021_Human,Chronic myeloid leukemia,2/76,0.0957142835556748,0.2511162907988644,0,0,3.9617617617617618,9.295829219487588,MECOM;PIK3R3,VSMC/P
KEGG_2021_Human,Necroptosis,3/159,0.0960490881857407,0.2511162907988644,0,0,2.8282146957520093,6.626212566729397,FTH1;PPIA;FTL,VSMC/P
KEGG_2021_Human,Leishmaniasis,2/77,0.0978423939580528,0.2527595177249698,0,0,3.9087407407407406,9.085466501614851,HLA-DRB1;HLA-DPA1,VSMC/P
KEGG_2021_Human,cGMP-PKG signaling pathway,3/167,0.107219139711538,0.2737241566753382,0,0,2.689160902803058,6.004574952517573,FXYD2;ATP1A1;ATP1B1,VSMC/P
KEGG_2021_Human,Peroxisome,2/82,0.1086782670090247,0.2742230690809112,0,0,3.663518518518519,8.130679063097565,PRDX5;PRDX1,VSMC/P
KEGG_2021_Human,Phenylalanine metabolism,1/17,0.1103233739102511,0.2751743923968334,0,0,9.120863970588236,20.1054803872225,MIF,VSMC/P
KEGG_2021_Human,PD-L1 expression and PD-1 checkpoint pathway in cancer,2/89,0.1243464134060657,0.3066269512399575,0,0,3.3675606641123883,7.02029967346544,PIK3R3;HIF1A,VSMC/P
KEGG_2021_Human,Tuberculosis,3/180,0.1263818913235129,0.3081446114292395,0,0,2.49000758917278,5.150448908024418,CD74;HLA-DRB1;HLA-DPA1,VSMC/P
KEGG_2021_Human,Morphine addiction,2/91,0.1289188970624308,0.3108377851394165,0,0,3.291552226383687,6.742980994415039,PDE8B;GNG11,VSMC/P
KEGG_2021_Human,Th1 and Th2 cell differentiation,2/92,0.1312198830509364,0.3129089518906945,0,0,3.254814814814815,6.610141130789733,HLA-DRB1;HLA-DPA1,VSMC/P
KEGG_2021_Human,Chemokine signaling pathway,3/192,0.1450740600320142,0.3341868783677399,0,0,2.3304904051172706,4.4990371483315394,PIK3R3;CCL2;GNG11,VSMC/P
KEGG_2021_Human,Aldosterone synthesis and secretion,2/98,0.1452173732304741,0.3341868783677399,0,0,3.050462962962963,5.885940074806264,ATP1A1;ATP1B1,VSMC/P
KEGG_2021_Human,Choline metabolism in cancer,2/98,0.1452173732304741,0.3341868783677399,0,0,3.050462962962963,5.885940074806264,PIK3R3;HIF1A,VSMC/P
KEGG_2021_Human,Protein export,1/23,0.1463030112669829,0.3341868783677399,0,0,6.63135026737968,12.745955140425728,SRP14,VSMC/P
KEGG_2021_Human,Chagas disease,2/102,0.1547148501571125,0.3497200258759731,0,0,2.927851851851852,5.463873778039772,PIK3R3;CCL2,VSMC/P
KEGG_2021_Human,Diabetic cardiomyopathy,3/203,0.1629543259865948,0.3625834180364514,0,0,2.201082089552239,3.993390936643352,COL1A2;PIK3R3;GAPDH,VSMC/P
KEGG_2021_Human,Folate biosynthesis,1/26,0.163747350080978,0.3625834180364514,0,0,5.834705882352941,10.55749529148292,AKR1B1,VSMC/P
KEGG_2021_Human,Glucagon signaling pathway,2/107,0.1667488956359505,0.3655001045757703,0,0,2.787724867724868,4.9935573780727,LDHA;PKM,VSMC/P
KEGG_2021_Human,Collecting duct acid secretion,1/27,0.169483128938328,0.3677783897961718,0,0,5.610011312217194,9.957780689975772,ATP6V0E1,VSMC/P
KEGG_2021_Human,TNF signaling pathway,2/112,0.1789393790865324,0.384453913482946,0,0,2.6603367003367,4.577663161255457,PIK3R3;CCL2,VSMC/P
KEGG_2021_Human,Cholinergic synapse,2/113,0.1813941052381483,0.3858963263453813,0,0,2.636236236236236,4.500274689654205,PIK3R3;GNG11,VSMC/P
KEGG_2021_Human,Lipid and atherosclerosis,3/215,0.1831673807077155,0.3858963263453813,0,0,2.075225288651084,3.522393802959166,PIK3R3;CCL2;HSPA2,VSMC/P
KEGG_2021_Human,Galactose metabolism,1/31,0.1920383160280386,0.4006953324815807,0,0,4.861029411764706,8.020991961652324,AKR1B1,VSMC/P
KEGG_2021_Human,"Growth hormone synthesis, secretion and action",2/119,0.1962233279824172,0.4055282111636623,0,0,2.5002849002849,4.071718560452774,PIK3R3;SSTR2,VSMC/P
KEGG_2021_Human,SNARE interactions in vesicular transport,1/33,0.2030868052944016,0.4157531768762751,0,0,4.556755514705882,7.264023207811308,VAMP5,VSMC/P
KEGG_2021_Human,Pentose and glucuronate interconversions,1/34,0.208554674817007,0.4190404114378752,0,0,4.418449197860962,6.926157902930394,AKR1B1,VSMC/P
KEGG_2021_Human,Propanoate metabolism,1/34,0.208554674817007,0.4190404114378752,0,0,4.418449197860962,6.926157902930394,LDHA,VSMC/P
KEGG_2021_Human,Tyrosine metabolism,1/36,0.2193789313379355,0.4367452119296515,0,0,4.165546218487395,6.318945182020532,MIF,VSMC/P
KEGG_2021_Human,PI3K-Akt signaling pathway,4/354,0.2249728774442034,0.4423729590572743,0,0,1.676734693877551,2.5013116168361136,CCND2;COL1A2;PIK3R3;GNG11,VSMC/P
KEGG_2021_Human,FoxO signaling pathway,2/131,0.2262829421905873,0.4423729590572743,0,0,2.266322136089578,3.3676846788322536,CCND2;PIK3R3,VSMC/P
KEGG_2021_Human,Vascular smooth muscle contraction,2/133,0.2313298565483908,0.4482015970625072,0,0,2.23149561775516,3.2667101703270625,RAMP2;MYH9,VSMC/P
KEGG_2021_Human,Systemic lupus erythematosus,2/135,0.236384135037534,0.4539412150720787,0,0,2.1977165135059877,3.169760168056845,HLA-DRB1;HLA-DPA1,VSMC/P
KEGG_2021_Human,Autophagy,2/137,0.2414446453670924,0.459592000391746,0,0,2.1649382716049383,3.076626346877486,PIK3R3;HIF1A,VSMC/P
KEGG_2021_Human,Apoptosis,2/142,0.2541160159224964,0.4795058735233193,0,0,2.087089947089947,2.859238844972241,PIK3R3;ACTG1,VSMC/P
KEGG_2021_Human,Signaling pathways regulating pluripotency of stem cells,2/143,0.2566526776710389,0.4801175090915124,0,0,2.072182821118991,2.81823402832201,PIK3R3;ID3,VSMC/P
KEGG_2021_Human,Vasopressin-regulated water reabsorption,1/44,0.2612259075978302,0.4844959140917022,0,0,3.3891928864569083,4.549549837140044,AQP2,VSMC/P
KEGG_2021_Human,ABC transporters,1/45,0.2662976604286021,0.489716884008531,0,0,3.3119986631016043,4.382239804478489,DEFB1,VSMC/P
KEGG_2021_Human,Ether lipid metabolism,1/49,0.286241345606316,0.5219695125762233,0,0,3.0353860294117645,3.7970249652161496,ENPP2,VSMC/P
KEGG_2021_Human,Cysteine and methionine metabolism,1/50,0.2911425929329805,0.5221317575740229,0,0,2.9732893157262907,3.668866926816198,LDHA,VSMC/P
KEGG_2021_Human,Malaria,1/50,0.2911425929329805,0.5221317575740229,0,0,2.9732893157262907,3.668866926816198,CCL2,VSMC/P
KEGG_2021_Human,Pathways in cancer,5/531,0.2995002506154832,0.5327176588816382,0,0,1.392513538426086,1.6788700567898736,CCND2;MECOM;PIK3R3;HIF1A;GNG11,VSMC/P
KEGG_2021_Human,JAK-STAT signaling pathway,2/162,0.304809052054486,0.5377525552505972,0,0,1.824351851851852,2.167457261803142,CCND2;PIK3R3,VSMC/P
KEGG_2021_Human,Hippo signaling pathway,2/163,0.3073337368842473,0.5378340395474329,0,0,1.8129284564067167,2.138931120607125,CCND2;ACTG1,VSMC/P
KEGG_2021_Human,Regulation of lipolysis in adipocytes,1/55,0.3151521487915624,0.542380887919597,0,0,2.6973039215686274,3.1145761497014357,PIK3R3,VSMC/P
KEGG_2021_Human,Hedgehog signaling pathway,1/56,0.3198562854078268,0.542380887919597,0,0,2.648128342245989,3.018557782468822,CCND2,VSMC/P
KEGG_2021_Human,Pyrimidine metabolism,1/56,0.3198562854078268,0.542380887919597,0,0,2.648128342245989,3.018557782468822,NME2,VSMC/P
KEGG_2021_Human,Hepatocellular carcinoma,2/168,0.3199297403396701,0.542380887919597,0,0,1.757875948237394,2.00337012516326,PIK3R3;ACTG1,VSMC/P
KEGG_2021_Human,Legionellosis,1/57,0.3245283440928453,0.5452639206988511,0,0,2.600709033613445,2.926792173115241,HSPA2,VSMC/P
KEGG_2021_Human,Protein processing in endoplasmic reticulum,2/171,0.3274621202733822,0.5452639206988511,0,0,1.7264080648696034,1.9273324314833329,HSPA2;CRYAB,VSMC/P
KEGG_2021_Human,Endometrial cancer,1/58,0.3291685419887074,0.5452639206988511,0,0,2.554953560371517,2.839027026793925,PIK3R3,VSMC/P
KEGG_2021_Human,VEGF signaling pathway,1/59,0.3337770947455803,0.548709314846901,0,0,2.5107758620689653,2.755028882806623,PIK3R3,VSMC/P
KEGG_2021_Human,Glycerolipid metabolism,1/61,0.3429001204094664,0.5552934785735388,0,0,2.4268382352941176,2.597483958552857,AKR1B1,VSMC/P
KEGG_2021_Human,Steroid hormone biosynthesis,1/61,0.3429001204094664,0.5552934785735388,0,0,2.4268382352941176,2.597483958552857,AKR1C1,VSMC/P
KEGG_2021_Human,Lysine degradation,1/63,0.3518991177478417,0.565570713119431,0,0,2.348315939278937,2.452606392048319,MECOM,VSMC/P
KEGG_2021_Human,GnRH secretion,1/64,0.3563526297723748,0.565570713119431,0,0,2.310924369747899,2.384491503881056,PIK3R3,VSMC/P
KEGG_2021_Human,MicroRNAs in cancer,3/310,0.3570653810938343,0.565570713119431,0,0,1.4261266955126648,1.4686771444747522,MARCKS;CCND2;PIK3R3,VSMC/P
KEGG_2021_Human,Cortisol synthesis and secretion,1/65,0.3607757607501965,0.5673068121941496,0,0,2.274701286764706,2.3190549478926425,PDE8B,VSMC/P
KEGG_2021_Human,Acute myeloid leukemia,1/67,0.3695317008446938,0.5753807593808865,0,0,2.205548128342246,2.1956645122139125,PIK3R3,VSMC/P
KEGG_2021_Human,Neutrophil extracellular trap formation,2/189,0.3721236741947494,0.5753807593808865,0,0,1.558803723509606,1.5409227209892165,PIK3R3;ACTG1,VSMC/P
KEGG_2021_Human,Fc epsilon RI signaling pathway,1/68,0.3738649173857373,0.5753807593808865,0,0,2.1725197541703247,2.137456871865443,PIK3R3,VSMC/P
KEGG_2021_Human,Renin secretion,1/69,0.3781685674868142,0.5763201302665114,0,0,2.140462802768166,2.0814186437173,AQP1,VSMC/P
KEGG_2021_Human,Epithelial cell signaling in Helicobacter pylori infection,1/70,0.3824428514210951,0.5763201302665114,0,0,2.1093350383631715,2.0274423096008367,ATP6V0E1,VSMC/P
KEGG_2021_Human,RIG-I-like receptor signaling pathway,1/70,0.3824428514210951,0.5763201302665114,0,0,2.1093350383631715,2.0274423096008367,ISG15,VSMC/P
KEGG_2021_Human,Melanoma,1/72,0.3909041152642434,0.5810013220023343,0,0,2.0497100248550124,1.925278234458348,PIK3R3,VSMC/P
KEGG_2021_Human,Non-small cell lung cancer,1/72,0.3909041152642434,0.5810013220023343,0,0,2.0497100248550124,1.925278234458348,PIK3R3,VSMC/P
KEGG_2021_Human,Inositol phosphate metabolism,1/73,0.395091488951388,0.5817354736927524,0,0,2.021139705882353,1.876906979173357,TPI1,VSMC/P
KEGG_2021_Human,PPAR signaling pathway,1/74,0.3992502841799943,0.5817354736927524,0,0,1.993352135374698,1.8302297117478008,UBC,VSMC/P
KEGG_2021_Human,Glioma,1/75,0.4033806945750766,0.5817354736927524,0,0,1.9663155802861685,1.7851677966847128,PIK3R3,VSMC/P
KEGG_2021_Human,Metabolism of xenobiotics by cytochrome P450,1/76,0.4074829124483796,0.5817354736927524,0,0,1.94,1.7416471828555156,AKR1C1,VSMC/P
KEGG_2021_Human,Pancreatic cancer,1/76,0.4074829124483796,0.5817354736927524,0,0,1.94,1.7416471828555156,PIK3R3,VSMC/P
KEGG_2021_Human,Pertussis,1/76,0.4074829124483796,0.5817354736927524,0,0,1.94,1.7416471828555156,CFL1,VSMC/P
KEGG_2021_Human,Arrhythmogenic right ventricular cardiomyopathy,1/77,0.4115571287975574,0.5837117447651632,0,0,1.91437693498452,1.699598081799229,ACTG1,VSMC/P
KEGG_2021_Human,Synaptic vesicle cycle,1/78,0.4156035334242373,0.5856231607341527,0,0,1.8894194041252863,1.658954671828482,ATP6V0E1,VSMC/P
KEGG_2021_Human,RNA degradation,1/79,0.4196223147380219,0.5874712406332306,0,0,1.8651018099547512,1.6196548274900795,ENO1,VSMC/P
KEGG_2021_Human,Rap1 signaling pathway,2/210,0.422677801573956,0.5879556598817209,0,0,1.399928774928775,1.2055417888948197,PIK3R3;ACTG1,VSMC/P
KEGG_2021_Human,B cell receptor signaling pathway,1/81,0.4275777550187647,0.5909832664909042,0,0,1.8182904411764709,1.544854331917597,PIK3R3,VSMC/P
KEGG_2021_Human,Complement and coagulation cascades,1/85,0.4431653087445369,0.6048230943243051,0,0,1.731355042016807,1.4089982385378543,CD59,VSMC/P
KEGG_2021_Human,ErbB signaling pathway,1/85,0.4431653087445369,0.6048230943243051,0,0,1.731355042016807,1.4089982385378543,PIK3R3,VSMC/P
KEGG_2021_Human,Colorectal cancer,1/86,0.4469958985068555,0.6062381873499229,0,0,1.7108996539792387,1.377626427274088,PIK3R3,VSMC/P
KEGG_2021_Human,ECM-receptor interaction,1/88,0.4545787739505501,0.6126931301072631,0,0,1.671399594320487,1.3177047986537251,COL1A2,VSMC/P
KEGG_2021_Human,GABAergic synapse,1/89,0.4583314130780541,0.613937757024307,0,0,1.6523228609625669,1.2890807424802198,GNG11,VSMC/P
KEGG_2021_Human,Hypertrophic cardiomyopathy,1/90,0.4620584201871795,0.615132988838147,0,0,1.6336748182419034,1.2613014254650008,ACTG1,VSMC/P
KEGG_2021_Human,Small cell lung cancer,1/92,0.4694362323492584,0.6185695731326761,0,0,1.5976082740788624,1.208147818144373,PIK3R3,VSMC/P
KEGG_2021_Human,Ras signaling pathway,2/232,0.4733351205785095,0.6185695731326761,0,0,1.2646054750402576,0.9458637405167218,PIK3R3;GNG11,VSMC/P
KEGG_2021_Human,IL-17 signaling pathway,1/94,0.4767135867876924,0.6185695731326761,0,0,1.5630929791271346,1.1580008889040443,CCL2,VSMC/P
KEGG_2021_Human,TGF-beta signaling pathway,1/94,0.4767135867876924,0.6185695731326761,0,0,1.5630929791271346,1.1580008889040443,ID3,VSMC/P
KEGG_2021_Human,Dilated cardiomyopathy,1/96,0.4838918415063327,0.6185695731326761,0,0,1.530030959752322,1.110640087250758,ACTG1,VSMC/P
KEGG_2021_Human,Circadian entrainment,1/97,0.4874442258326618,0.6185695731326761,0,0,1.514016544117647,1.087941105369789,GNG11,VSMC/P
KEGG_2021_Human,Phosphatidylinositol signaling system,1/97,0.4874442258326618,0.6185695731326761,0,0,1.514016544117647,1.087941105369789,PIK3R3,VSMC/P
KEGG_2021_Human,Prostate cancer,1/97,0.4874442258326618,0.6185695731326761,0,0,1.514016544117647,1.087941105369789,PIK3R3,VSMC/P
KEGG_2021_Human,Inflammatory mediator regulation of TRP channels,1/98,0.4909723362006207,0.6194244009042714,0,0,1.4983323226197696,1.0658649103080529,PIK3R3,VSMC/P
KEGG_2021_Human,Progesterone-mediated oocyte maturation,1/100,0.4979563925252978,0.6210145814826991,0,0,1.467914438502674,1.0234927306951356,PIK3R3,VSMC/P
KEGG_2021_Human,Viral protein interaction with cytokine and cytokine receptor,1/100,0.4979563925252978,0.6210145814826991,0,0,1.467914438502674,1.0234927306951356,CCL2,VSMC/P
KEGG_2021_Human,C-type lectin receptor signaling pathway,1/104,0.5116403887089291,0.627265335309817,0,0,1.4106225014277556,0.9453050647082822,PIK3R3,VSMC/P
KEGG_2021_Human,T cell receptor signaling pathway,1/104,0.5116403887089291,0.627265335309817,0,0,1.4106225014277556,0.9453050647082822,PIK3R3,VSMC/P
KEGG_2021_Human,Toll-like receptor signaling pathway,1/104,0.5116403887089291,0.627265335309817,0,0,1.4106225014277556,0.9453050647082822,PIK3R3,VSMC/P
KEGG_2021_Human,Drug metabolism,1/108,0.52495405329796,0.6363968132159626,0,0,1.3576140736668498,0.8749069741445356,NME2,VSMC/P
KEGG_2021_Human,Insulin resistance,1/108,0.52495405329796,0.6363968132159626,0,0,1.3576140736668498,0.8749069741445356,PIK3R3,VSMC/P
KEGG_2021_Human,Serotonergic synapse,1/113,0.5410904890151278,0.6523146450904596,0,0,1.2966780462184877,0.796379136895972,GNG11,VSMC/P
KEGG_2021_Human,Glutamatergic synapse,1/114,0.5442518726297053,0.6525008638709726,0,0,1.2851379489849035,0.7818048528033618,GNG11,VSMC/P
KEGG_2021_Human,Neurotrophin signaling pathway,1/119,0.5597374017306376,0.6601154585237599,0,0,1.2303713858424723,0.7139691733515462,PIK3R3,VSMC/P
KEGG_2021_Human,Sphingolipid signaling pathway,1/119,0.5597374017306376,0.6601154585237599,0,0,1.2303713858424723,0.7139691733515462,PIK3R3,VSMC/P
KEGG_2021_Human,Prion disease,2/273,0.5602563302270156,0.6601154585237599,0,0,1.0710400437337706,0.6205186887923108,PIK3R3;HSPA2,VSMC/P
KEGG_2021_Human,AMPK signaling pathway,1/120,0.5627712434419151,0.6601154585237599,0,0,1.2199703410776075,0.7013390513087742,PIK3R3,VSMC/P
KEGG_2021_Human,Cell cycle,1/124,0.5747004682453368,0.6704838796195597,0,0,1.1800573888091823,0.6536412204935567,CCND2,VSMC/P
KEGG_2021_Human,Osteoclast differentiation,1/127,0.5834348315231391,0.6770340023557283,0,0,1.1517857142857142,0.6206080798869107,PIK3R3,VSMC/P
KEGG_2021_Human,Dopaminergic synapse,1/132,0.5975981191383021,0.6860512461930732,0,0,1.107543780871127,0.570204287727377,GNG11,VSMC/P
KEGG_2021_Human,Oxidative phosphorylation,1/133,0.6003728767370318,0.6860512461930732,0,0,1.0990975935828875,0.5607643794366315,ATP6V0E1,VSMC/P
KEGG_2021_Human,MAPK signaling pathway,2/294,0.6006900312289581,0.6860512461930732,0,0,0.9929477422628108,0.5060818643667361,MECOM;HSPA2,VSMC/P
KEGG_2021_Human,Apelin signaling pathway,1/137,0.6112832466409985,0.6908774193807118,0,0,1.0665549307958475,0.5249528425154502,GNG11,VSMC/P
KEGG_2021_Human,Insulin signaling pathway,1/137,0.6112832466409985,0.6908774193807118,0,0,1.0665549307958475,0.5249528425154502,PIK3R3,VSMC/P
KEGG_2021_Human,Ubiquitin mediated proteolysis,1/140,0.6192714963196077,0.6962793507842221,0,0,1.043377063055438,0.4999982850941725,UBC,VSMC/P
KEGG_2021_Human,Spinocerebellar ataxia,1/143,0.6270967581087735,0.7014432809773394,0,0,1.021178541839271,0.4765374914960273,PIK3R3,VSMC/P
KEGG_2021_Human,Breast cancer,1/147,0.6372826004355368,0.7021317942113339,0,0,0.9929995970991136,0.4473881029573368,PIK3R3,VSMC/P
KEGG_2021_Human,Phospholipase D signaling pathway,1/148,0.6397856026721883,0.7021317942113339,0,0,0.9861944777911164,0.4404563025027721,PIK3R3,VSMC/P
KEGG_2021_Human,Retrograde endocannabinoid signaling,1/148,0.6397856026721883,0.7021317942113339,0,0,0.9861944777911164,0.4404563025027721,GNG11,VSMC/P
KEGG_2021_Human,Gastric cancer,1/149,0.6422714576467378,0.7021317942113339,0,0,0.979481319554849,0.4336597059898803,PIK3R3,VSMC/P
KEGG_2021_Human,Spliceosome,1/150,0.644740281795762,0.7021317942113339,0,0,0.9728582708251086,0.426994993039271,HSPA2,VSMC/P
KEGG_2021_Human,Oxytocin signaling pathway,1/154,0.6544475763026085,0.7021317942113339,0,0,0.9472318339100346,0.4015920022558705,ACTG1,VSMC/P
KEGG_2021_Human,mTOR signaling pathway,1/154,0.6544475763026085,0.7021317942113339,0,0,0.9472318339100346,0.4015920022558705,PIK3R3,VSMC/P
KEGG_2021_Human,Cushing syndrome,1/155,0.6568329687783446,0.7021317942113339,0,0,0.941033231474408,0.3955402880352903,PDE8B,VSMC/P
KEGG_2021_Human,Non-alcoholic fatty liver disease,1/155,0.6568329687783446,0.7021317942113339,0,0,0.941033231474408,0.3955402880352903,PIK3R3,VSMC/P
KEGG_2021_Human,Hepatitis B,1/162,0.6730791648089278,0.7159714645271438,0,0,0.8997990500548045,0.3562235393305479,PIK3R3,VSMC/P
KEGG_2021_Human,Wnt signaling pathway,1/166,0.6820174574215845,0.7219404305389455,0,0,0.877807486631016,0.3359369462659658,CCND2,VSMC/P
KEGG_2021_Human,NOD-like receptor signaling pathway,1/181,0.7134277536820192,0.7508796217604649,0,0,0.8040441176470589,0.271504876535813,CCL2,VSMC/P
KEGG_2021_Human,Alzheimer disease,2/369,0.7222480902321472,0.7508796217604649,0,0,0.7870017156120699,0.2560797997125715,PIK3R3;GAPDH,VSMC/P
KEGG_2021_Human,Alcoholism,1/186,0.7231974237232127,0.7508796217604649,0,0,0.782114467408585,0.2534622070119853,GNG11,VSMC/P
KEGG_2021_Human,RNA transport,1/186,0.7231974237232127,0.7508796217604649,0,0,0.782114467408585,0.2534622070119853,EIF4A1,VSMC/P
KEGG_2021_Human,Transcriptional misregulation in cancer,1/192,0.7344854673133344,0.758968316223779,0,0,0.7573144441022482,0.2336959302806914,CCND2,VSMC/P
KEGG_2021_Human,Thermogenesis,1/232,0.798904536904489,0.8216222014610148,0,0,0.6249045072574484,0.1402996971666697,ACTG1,VSMC/P
KEGG_2021_Human,Chemical carcinogenesis,1/239,0.8084610691852749,0.8275285472320975,0,0,0.6063086999505685,0.1289150249687646,PIK3R3,VSMC/P
KEGG_2021_Human,Parkinson disease,1/249,0.8213361913961881,0.8367603452252245,0,0,0.5815642789373814,0.1144650883696711,UBC,VSMC/P
KEGG_2021_Human,Cytokine-cytokine receptor interaction,1/295,0.870334414340422,0.8825353640741662,0,0,0.4894207683073229,0.0679696584783375,CCL2,VSMC/P
KEGG_2021_Human,Neuroactive ligand-receptor interaction,1/341,0.9059655167322096,0.9143931029343698,0,0,0.4222102076124567,0.0416949614786767,SSTR2,VSMC/P
KEGG_2021_Human,Amyotrophic lateral sclerosis,1/364,0.919943642048016,0.9242026403908308,0,0,0.3949927078269324,0.0329593249564198,ACTG1,VSMC/P
KEGG_2021_Human,Pathways of neurodegeneration,1/475,0.9632767388306216,0.9632767388306216,0,0,0.3007725241995532,0.0112532647016418,UBC,VSMC/P
Reactome_2022,Innate Immune System R-HSA-168249,30/1035,1.2924926816395152e-11,8.98282413739463e-09,0,0,5.2609847956479285,131.90269192355123,ARPC1B;DEFB1;SRP14;ACTG1;SDCBP;PRDX5;FTH1;UBC;STOM;CD59;B2M;S100A11;ATP6V0E1;GSN;ANXA2;AKR1C1;HLA-B;NME2;HLA-C;ISG15;HLA-A;RNASE1;HLA-E;PTPRB;PKM;ARPC3;MYH9;CYSTM1;PPIA;FTL,VSMC/P
Reactome_2022,Immune System R-HSA-168256,41/1943,2.6954779488603707e-11,9.366785872289789e-09,0,0,4.033040878023134,98.15155318996948,IFITM3;EIF4A1;ARPC1B;PIK3R3;DEFB1;SRP14;HIF1A;ACTG1;SDCBP;PRDX5;FTH1;UBC;STOM;CCL2;CD59;B2M;S100A11;HLA-DPA1;CD74;ATP6V0E1;ANXA1;GSN;ANXA2;AKR1C1;HLA-B;NME2;HLA-C;ISG15;HLA-A;RNASE1;HLA-E;PTPRB;COL1A2;PKM;IFI27;ARPC3;MYH9;CYSTM1;PPIA;HLA-DRB1;FTL,VSMC/P
Reactome_2022,Neutrophil Degranulation R-HSA-6798695,20/468,6.733400550007479e-11,1.5599044607517325e-08,0,0,7.408043345543345,173.506418419011,GSN;ANXA2;HLA-B;NME2;HLA-C;HLA-A;SRP14;RNASE1;SDCBP;PRDX5;PTPRB;PKM;FTH1;STOM;CYSTM1;CD59;B2M;PPIA;S100A11;FTL,VSMC/P
Reactome_2022,Endosomal/Vacuolar Pathway R-HSA-1236977,5/11,6.2634540430639354e-09,1.088275139982359e-06,0,0,125.35984848484848,2367.863765346842,HLA-B;HLA-C;HLA-A;B2M;HLA-E,VSMC/P
Reactome_2022,Interferon Signaling R-HSA-913531,12/200,1.3398614734920288e-08,1.86240744815392e-06,0,0,10.046808510638298,182.1296951742937,IFITM3;EIF4A1;IFI27;UBC;HLA-B;HLA-C;ISG15;HLA-A;B2M;HLA-DRB1;HLA-E;HLA-DPA1,VSMC/P
Reactome_2022,Infectious Disease R-HSA-5663205,23/961,1.506651102743574e-07,1.7452041940113063e-05,0,0,4.070577563311264,63.941472026434205,RPS9;RAMP2;ARPC1B;HLA-B;HLA-C;RPSA;ISG15;ENO1;HLA-A;RPL8;ATP1B1;RNASE1;GNG11;ACTG1;HLA-E;RPS4X;ARPC3;FXYD2;UBC;MYH9;B2M;PPIA;RPL19,VSMC/P
Reactome_2022,EPH-Ephrin Signaling R-HSA-2682334,8/91,2.079282971134083e-07,2.064430949911697e-05,0,0,14.779116465863456,227.39255805181423,SDCBP;ARPC3;ARPC1B;MYH9;RNASE1;MYL12A;ACTG1;MYL12B,VSMC/P
Reactome_2022,Cytokine Signaling In Immune System R-HSA-1280215,19/702,3.274541995673793e-07,2.8447583587416077e-05,0,0,4.521676551604338,67.51730186463196,IFITM3;EIF4A1;ANXA1;ANXA2;HLA-B;HLA-C;PIK3R3;ISG15;HLA-A;HIF1A;HLA-E;COL1A2;IFI27;UBC;CCL2;B2M;PPIA;HLA-DRB1;HLA-DPA1,VSMC/P
Reactome_2022,Interferon Alpha/Beta Signaling R-HSA-909733,7/72,6.166176190993368e-07,4.7616582808226565e-05,0,0,16.400710059171598,234.51402780372305,IFITM3;IFI27;HLA-B;HLA-C;ISG15;HLA-A;HLA-E,VSMC/P
Reactome_2022,"Antigen Presentation: Folding, Assembly, Peptide Loading Of Class I MHC R-HSA-983170",5/28,1.2134169282376958e-06,8.433247651251985e-05,0,0,32.674571805006586,445.0953131849194,HLA-B;HLA-C;HLA-A;B2M;HLA-E,VSMC/P
Reactome_2022,Interferon Gamma Signaling R-HSA-877300,7/89,2.618513941879868e-06,0.00016381402952669595,0,0,12.98939962476548,166.95150118423794,HLA-B;HLA-C;HLA-A;B2M;HLA-DRB1;HLA-DPA1;HLA-E,VSMC/P
Reactome_2022,Axon Guidance R-HSA-422475,15/519,2.828443675281081e-06,0.00016381402952669595,0,0,4.722628805620609,60.3352852288562,RPS9;ARPC1B;PIK3R3;RPSA;RPL8;RNASE1;MYL12A;ACTG1;MYL12B;RPS4X;SDCBP;ARPC3;UBC;MYH9;RPL19,VSMC/P
Reactome_2022,Nervous System Development R-HSA-9675108,15/545,5.114324618720119e-06,0.0002651641417495038,0,0,4.484921125889267,54.64188049174973,RPS9;ARPC1B;PIK3R3;RPSA;RPL8;RNASE1;MYL12A;ACTG1;MYL12B;RPS4X;SDCBP;ARPC3;UBC;MYH9;RPL19,VSMC/P
Reactome_2022,Disease R-HSA-1643685,29/1736,5.341435948910868e-06,0.0002651641417495038,0,0,2.8560177048753497,34.67210073871435,RAMP2;ARPC1B;PIK3R3;ENO1;RPL8;ACTG1;RPS4X;CCND2;PRDX1;BSG;UBC;THSD7A;B2M;RPL19;RPS9;SLC12A1;HLA-B;HLA-C;RPSA;ISG15;HLA-A;ATP1B1;RNASE1;GNG11;HLA-E;ARPC3;FXYD2;MYH9;PPIA,VSMC/P
Reactome_2022,SARS-CoV-2-host Interactions R-HSA-9705683,9/196,8.441113687912438e-06,0.00039110493420660967,0,0,7.398228609625669,86.4290385690657,RPS4X;RPS9;HLA-B;HLA-C;RPSA;ISG15;HLA-A;B2M;HLA-E,VSMC/P
Reactome_2022,SARS-CoV Infections R-HSA-9679506,12/369,9.139907207550283e-06,0.0003970147193279654,0,0,5.245310924369748,60.860610016116176,RPS4X;RPS9;FXYD2;UBC;HLA-B;HLA-C;RPSA;ISG15;HLA-A;ATP1B1;B2M;HLA-E,VSMC/P
Reactome_2022,DAP12 Interactions R-HSA-2172127,5/43,1.0944395753703433e-05,0.00044743264993081673,0,0,19.76176236044657,225.73234767677943,HLA-B;HLA-C;B2M;RNASE1;HLA-E,VSMC/P
Reactome_2022,SARS-CoV-2 Infection R-HSA-9694516,10/283,2.5939812872704013e-05,0.0010015649970294,0,0,5.650255256554469,59.6651789408872,RPS4X;RPS9;UBC;HLA-B;HLA-C;RPSA;ISG15;HLA-A;B2M;HLA-E,VSMC/P
Reactome_2022,ER-Phagosome Pathway R-HSA-1236974,6/89,3.374013354785195e-05,0.0012341785692503,0,0,10.915110824979308,112.39095898050202,UBC;HLA-B;HLA-C;HLA-A;B2M;HLA-E,VSMC/P
Reactome_2022,FCGR3A-mediated Phagocytosis R-HSA-9664422,5/60,5.656703750319805e-05,0.0019657045532361,0,0,13.641873278236917,133.41866819740238,ARPC3;ARPC1B;MYH9;RNASE1;ACTG1,VSMC/P
Reactome_2022,Regulation Of Actin Dynamics For Phagocytic Cup Formation R-HSA-2029482,5/62,6.629233766414222e-05,0.0021939606988847,0,0,13.16188197767145,126.63620822192996,ARPC3;ARPC1B;MYH9;RNASE1;ACTG1,VSMC/P
Reactome_2022,Antigen processing-Cross Presentation R-HSA-1236975,6/104,8.101555250207631e-05,0.0025171740171172,0,0,9.237420158903255,87.02452905335831,UBC;HLA-B;HLA-C;HLA-A;B2M;HLA-E,VSMC/P
Reactome_2022,EPHB-mediated Forward Signaling R-HSA-3928662,4/34,8.330216171755053e-05,0.0025171740171172,0,0,19.88270676691729,186.75898159502256,ARPC3;ARPC1B;RNASE1;ACTG1,VSMC/P
Reactome_2022,SRP-dependent Cotranslational Protein Targeting To Membrane R-HSA-1799339,6/108,9.991052129997394e-05,0.0027064268726812,0,0,8.873372249663223,81.73472199910931,RPS4X;RPS9;RPSA;RPL8;SRP14;RPL19,VSMC/P
Reactome_2022,L13a-mediated Translational Silencing Of Ceruloplasmin Expression R-HSA-156827,6/108,9.991052129997394e-05,0.0027064268726812,0,0,8.873372249663223,81.73472199910931,RPS4X;EIF4A1;RPS9;RPSA;RPL8;RPL19,VSMC/P
Reactome_2022,RHO GTPases Activate WASPs And WAVEs R-HSA-5663213,4/36,0.00010469071482191209,0.0027064268726812,0,0,18.63815789473684,170.80940040584514,ARPC3;ARPC1B;RNASE1;ACTG1,VSMC/P
Reactome_2022,GTP Hydrolysis And Joining Of 60S Ribosomal Subunit R-HSA-72706,6/109,0.00010514176339912888,0.0027064268726812,0,0,8.786778329504187,80.48865555985329,RPS4X;EIF4A1;RPS9;RPSA;RPL8;RPL19,VSMC/P
Reactome_2022,Cap-dependent Translation Initiation R-HSA-72737,6/116,0.00014815703170038586,0.003677469179706,0,0,8.22470506592644,72.51918057950512,RPS4X;EIF4A1;RPS9;RPSA;RPL8;RPL19,VSMC/P
Reactome_2022,SARS-CoV-2 Activates/Modulates Innate And Adaptive Immune Responses R-HSA-9705671,6/121,0.0001866235069100155,0.0044725288724986,0,0,7.865117822768005,67.533183760553,HLA-B;HLA-C;ISG15;HLA-A;B2M;HLA-E,VSMC/P
Reactome_2022,Smooth Muscle Contraction R-HSA-445355,4/43,0.00021134667544843048,0.0048961979812219,0,0,15.287449392712553,129.3625612716884,ANXA1;ANXA2;MYL12A;MYL12B,VSMC/P
Reactome_2022,Ephrin Signaling R-HSA-3928664,3/18,0.00023795238151637092,0.0053347388759315,0,0,29.623880597014924,247.1650697943377,SDCBP;RNASE1;MYL12A,VSMC/P
Reactome_2022,RHO GTPases Activate CIT R-HSA-5625900,3/19,0.00028115508108417047,0.0059212964046514,0,0,27.77098880597015,227.07238234511917,MYH9;RNASE1;MYL12B,VSMC/P
Reactome_2022,Scavenging By Class A Receptors R-HSA-3000480,3/19,0.00028115508108417047,0.0059212964046514,0,0,27.77098880597015,227.07238234511917,COL1A2;FTH1;FTL,VSMC/P
Reactome_2022,Peptide Chain Elongation R-HSA-156902,5/86,0.0003128879602378826,0.0063957980107449,0,0,9.25084175084175,74.65119746828569,RPS4X;RPS9;RPSA;RPL8;RPL19,VSMC/P
Reactome_2022,Fcgamma Receptor (FCGR) Dependent Phagocytosis R-HSA-2029480,5/87,0.0003301586602297862,0.0065560076817057,0,0,9.137564671101256,73.24614484291187,ARPC3;ARPC1B;MYH9;RNASE1;ACTG1,VSMC/P
Reactome_2022,RHO GTPases Activate PAKs R-HSA-5627123,3/21,0.0003820499991241974,0.0067123347964099,0,0,24.682835820895523,194.2529076460028,MYH9;RNASE1;MYL12B,VSMC/P
Reactome_2022,Selenocysteine Synthesis R-HSA-2408557,5/90,0.0003863214271315094,0.0067123347964099,0,0,8.813725490196079,69.26566567833886,RPS4X;RPS9;RPSA;RPL8;RPL19,VSMC/P
Reactome_2022,Eukaryotic Translation Elongation R-HSA-156842,5/90,0.0003863214271315094,0.0067123347964099,0,0,8.813725490196079,69.26566567833886,RPS4X;RPS9;RPSA;RPL8;RPL19,VSMC/P
Reactome_2022,Eukaryotic Translation Termination R-HSA-72764,5/90,0.0003863214271315094,0.0067123347964099,0,0,8.813725490196079,69.26566567833886,RPS4X;RPS9;RPSA;RPL8;RPL19,VSMC/P
Reactome_2022,Viral mRNA Translation R-HSA-192823,5/90,0.0003863214271315094,0.0067123347964099,0,0,8.813725490196079,69.26566567833886,RPS4X;RPS9;RPSA;RPL8;RPL19,VSMC/P
Reactome_2022,Nonsense Mediated Decay (NMD) Independent Of Exon Junction Complex (EJC) R-HSA-975956,5/92,0.00042758262039297183,0.0072480468578808,0,0,8.610240334378265,66.79275999923871,RPS4X;RPS9;RPSA;RPL8;RPL19,VSMC/P
Reactome_2022,Cellular Responses To Stress R-HSA-2262752,14/722,0.0004427536761580106,0.0073265191649956,0,0,3.0794405401681137,23.780970266379917,RPS9;ATP6V0E1;RPSA;HSPA2;RPL8;HIF1A;RPS4X;PRDX5;PRDX1;UBC;CCL2;IGFBP7;CRYAB;RPL19,VSMC/P
Reactome_2022,Cellular Responses To Stimuli R-HSA-8953897,14/736,0.0005353752226423482,0.0086531576682891,0,0,3.0175213386482893,22.72960835013663,RPS9;ATP6V0E1;RPSA;HSPA2;RPL8;HIF1A;RPS4X;PRDX5;PRDX1;UBC;CCL2;IGFBP7;CRYAB;RPL19,VSMC/P
Reactome_2022,Response Of EIF2AK4 (GCN2) To Amino Acid Deficiency R-HSA-9633012,5/98,0.0005714562688842293,0.0086532732575612,0,0,8.052297165200391,60.12910058384696,RPS4X;RPS9;RPSA;RPL8;RPL19,VSMC/P
Reactome_2022,Formation Of A Pool Of Free 40S Subunits R-HSA-72689,5/98,0.0005714562688842293,0.0086532732575612,0,0,8.052297165200391,60.12910058384696,RPS4X;RPS9;RPSA;RPL8;RPL19,VSMC/P
Reactome_2022,Sema4D In Semaphorin Signaling R-HSA-400685,3/24,0.0005727346328745557,0.0086532732575612,0,0,21.15351812366738,157.9128757288317,MYH9;RNASE1;MYL12B,VSMC/P
Reactome_2022,Signaling By ROBO Receptors R-HSA-376176,7/209,0.0006015868577171743,0.008895805661988,0,0,5.240936785986291,38.86647081537559,RPS4X;RPS9;UBC;RPSA;RPL8;RNASE1;RPL19,VSMC/P
Reactome_2022,Ribosomal Scanning And Start Codon Recognition R-HSA-72702,4/57,0.0006281970139287871,0.0089101413200103,0,0,11.241310824230387,82.87832583762037,RPS4X;EIF4A1;RPS9;RPSA,VSMC/P
Reactome_2022,Translation Initiation Complex Formation R-HSA-72649,4/57,0.0006281970139287871,0.0089101413200103,0,0,11.241310824230387,82.87832583762037,RPS4X;EIF4A1;RPS9;RPSA,VSMC/P
Reactome_2022,Basigin Interactions R-HSA-210991,3/25,0.0006475851090030031,0.0089328425112682,0,0,20.190976933514246,148.24740897404638,BSG;ATP1B1;PPIA,VSMC/P
Reactome_2022,Cellular Response To Starvation R-HSA-9711097,6/153,0.0006555035511865942,0.0089328425112682,0,0,6.143012930362985,45.02894108217984,RPS4X;RPS9;ATP6V0E1;RPSA;RPL8;RPL19,VSMC/P
Reactome_2022,"mRNA Activation Upon Binding Of Cap-Binding Complex And eIFs, Subsequent Binding To 43S R-HSA-72662",4/58,0.0006711761442269178,0.0089705273122636,0,0,11.032581453634084,80.60932410457671,RPS4X;EIF4A1;RPS9;RPSA,VSMC/P
Reactome_2022,Iron Uptake And Transport R-HSA-917937,4/59,0.0007161973303533332,0.0092043094524332,0,0,10.831442241968558,78.43648286069092,ATP6V0E1;FTH1;UBC;FTL,VSMC/P
Reactome_2022,Translation R-HSA-72766,8/281,0.0007201537774368509,0.0092043094524332,0,0,4.450123519890962,32.20129755657314,RPS4X;EIF4A1;RPS9;RPSA;SRP14;RPL8;MRPS6;RPL19,VSMC/P
Reactome_2022,Infection With Mycobacterium Tuberculosis R-HSA-9635486,3/26,0.0007283985897609024,0.0092043094524332,0,0,19.312134977287474,139.523650532531,UBC;ENO1;B2M,VSMC/P
Reactome_2022,Influenza Infection R-HSA-168255,6/157,0.0007503725488195072,0.009312659311242,0,0,5.979070825539659,43.01906028798757,RPS4X;RPS9;RPSA;ISG15;RPL8;RPL19,VSMC/P
Reactome_2022,Role Of Nef In HIV-1 Replication And Disease Pathogenesis R-HSA-164952,3/27,0.0008153592497406877,0.0099416610275399,0,0,18.50652985074627,131.6162518017529,HLA-A;B2M;RNASE1,VSMC/P
Reactome_2022,DAP12 Signaling R-HSA-2424491,3/28,0.0009086467222529108,0.0108880943442374,0,0,17.765373134328357,124.4207533401805,B2M;RNASE1;HLA-E,VSMC/P
Reactome_2022,Modulation By Mtb Of Host Immune System R-HSA-9637628,2/7,0.000956414098463136,0.0112662338717267,0,0,58.83851851851852,409.0641844315812,UBC;B2M,VSMC/P
Reactome_2022,Regulation Of Expression Of SLITs And ROBOs R-HSA-9010553,6/167,0.0010341667043019,0.0119174346124058,0,0,5.604855151486416,38.528667126415975,RPS4X;RPS9;UBC;RPSA;RPL8;RPL19,VSMC/P
Reactome_2022,Nonsense Mediated Decay (NMD) Enhanced By Exon Junction Complex (EJC) R-HSA-975957,5/112,0.0010459906638226,0.0119174346124058,0,0,6.993769470404985,47.99677705142621,RPS4X;RPS9;RPSA;RPL8;RPL19,VSMC/P
Reactome_2022,Selenoamino Acid Metabolism R-HSA-2408522,5/114,0.0011322305555667,0.0125901251893982,0,0,6.864748401445649,46.56747144468928,RPS4X;RPS9;RPSA;RPL8;RPL19,VSMC/P
Reactome_2022,Transport Of Small Molecules R-HSA-382551,13/706,0.0011412631466648,0.0125901251893982,0,0,2.9000837871805616,19.649864569175367,SLC14A1;ATP6V0E1;SLC12A1;AQP2;ATP1B1;SLC5A3;GNG11;FTH1;FXYD2;BSG;UBC;STOM;FTL,VSMC/P
Reactome_2022,Costimulation By CD28 Family R-HSA-388841,4/68,0.0012221180270729,0.0132714379502451,0,0,9.30404135338346,62.40378553441278,PIK3R3;RNASE1;HLA-DRB1;HLA-DPA1,VSMC/P
Reactome_2022,Formyl Peptide Receptors Bind Formyl Peptides And Many Other Ligands R-HSA-444473,2/8,0.0012694971757935,0.0135738544180998,0,0,49.02962962962963,326.9851886743162,HEBP1;ANXA1,VSMC/P
Reactome_2022,Immunoregulatory Interactions Between A Lymphoid And A non-Lymphoid Cell R-HSA-198933,5/123,0.0015868870243561,0.016480962605895,0,0,6.338276836158192,40.856412237058926,HLA-B;HLA-C;HLA-A;B2M;HLA-E,VSMC/P
Reactome_2022,Leishmania Infection R-HSA-9658195,7/247,0.0015888122224388,0.016480962605895,0,0,4.4025961538461535,28.37371332676109,RAMP2;ARPC3;ARPC1B;MYH9;RNASE1;GNG11;ACTG1,VSMC/P
Reactome_2022,Nef Mediated Downregulation Of MHC Class I Complex Cell Surface Expression R-HSA-164940,2/10,0.0020220089092734,0.0203850265416337,0,0,36.76851851851852,228.09952555633555,HLA-A;B2M,VSMC/P
Reactome_2022,Host Interactions Of HIV Factors R-HSA-162909,5/130,0.0020238371674427,0.0203850265416337,0,0,5.981212121212121,37.10002318728297,UBC;HLA-A;B2M;RNASE1;PPIA,VSMC/P
Reactome_2022,Hemostasis R-HSA-109582,11/576,0.0020688944332348,0.0205411661585455,0,0,2.981851383621295,18.43005081820586,SRGN;CD74;ANXA2;TMSB4X;BSG;PIK3R3;ATP1B1;RNASE1;PPIA;GNG11;S100A10,VSMC/P
Reactome_2022,Amyloid Fiber Formation R-HSA-977225,4/79,0.0021278926688268,0.0208293718990792,0,0,7.935037593984962,48.82129596795805,GSN;UBC;B2M;ITM2B,VSMC/P
Reactome_2022,Muscle Contraction R-HSA-397014,6/196,0.0023328311112728,0.0225183003102032,0,0,4.742386500602652,28.742052301197354,ANXA1;ANXA2;FXYD2;ATP1B1;MYL12A;MYL12B,VSMC/P
Reactome_2022,Influenza Viral RNA Transcription And Replication R-HSA-168273,5/137,0.0025428191008918,0.0242090311660254,0,0,5.6620179063360885,33.827623675392765,RPS4X;RPS9;RPSA;RPL8;RPL19,VSMC/P
Reactome_2022,Binding And Uptake Of Ligands By Scavenger Receptors R-HSA-2173782,3/41,0.0027709806967476,0.0258276097068793,0,0,11.680086410054988,68.77881930842557,COL1A2;FTH1;FTL,VSMC/P
Reactome_2022,Developmental Biology R-HSA-1266738,16/1073,0.0027871521266416,0.0258276097068793,0,0,2.3526431425287537,13.839976033788002,RPS9;ARPC1B;PIK3R3;RPSA;RPL8;RNASE1;MYL12A;ACTG1;MYL12B;RPS4X;SDCBP;KRT18;ARPC3;UBC;MYH9;RPL19,VSMC/P
Reactome_2022,Dissolution Of Fibrin Clot R-HSA-75205,2/13,0.0034579421578374,0.0316219710486453,0,0,26.736700336700338,151.51906302862704,ANXA2;S100A10,VSMC/P
Reactome_2022,SARS-CoV-2 Modulates Host Translation Machinery R-HSA-9754678,3/47,0.0040909865519641,0.0369251383586372,0,0,10.084294436906378,55.45322377879723,RPS4X;RPS9;RPSA,VSMC/P
Reactome_2022,Adaptive Immune System R-HSA-1280218,12/733,0.0045830868958225,0.0405860579494973,0,0,2.5487267683772536,13.725868569260502,CD74;UBC;HLA-B;HLA-C;PIK3R3;HLA-A;B2M;RNASE1;PPIA;HLA-DRB1;HLA-E;HLA-DPA1,VSMC/P
Reactome_2022,EPHA-mediated Growth Cone Collapse R-HSA-3928663,2/15,0.0046133792489356,0.0405860579494973,0,0,22.62108262108262,121.67415851215912,MYH9;MYL12B,VSMC/P
Reactome_2022,"Formation Of Ternary Complex, And Subsequently, 43S Complex R-HSA-72695",3/50,0.0048718493218606,0.0423241909836648,0,0,9.439187043505877,50.25689061605164,RPS4X;RPS9;RPSA,VSMC/P
Reactome_2022,Signaling By Non-Receptor Tyrosine Kinases R-HSA-9006927,3/52,0.0054389862354306,0.0466678448595589,0,0,9.053000304599452,47.20381550881496,UBC;RNASE1;HIF1A,VSMC/P
Reactome_2022,Translocation Of ZAP-70 To Immunological Synapse R-HSA-202430,2/17,0.0059221525793566,0.0501938541786934,0,0,19.60296296296296,100.54468078290444,HLA-DRB1;HLA-DPA1,VSMC/P
Reactome_2022,Interleukin-4 And Interleukin-13 Signaling R-HSA-6785807,4/107,0.0063107627833965,0.0528431341501275,0,0,5.769764216366158,29.22673328089625,COL1A2;ANXA1;CCL2;HIF1A,VSMC/P
Reactome_2022,Assembly Of HIV Virion R-HSA-175474,2/18,0.0066326804324967,0.0546850924408329,0,0,18.376851851851853,92.17362609399046,UBC;PPIA,VSMC/P
Reactome_2022,E3 Ubiquitin Ligases Ubiquitinate Target Proteins R-HSA-8866654,3/56,0.0066881048308932,0.0546850924408329,0,0,8.368065333708815,41.90245728462013,UBC;HLA-B;HLA-A,VSMC/P
Reactome_2022,Ion Channel Transport R-HSA-983712,5/175,0.007156387084798,0.0578335933015655,0,0,4.387923351158645,21.67524447242457,ATP6V0E1;FXYD2;UBC;STOM;ATP1B1,VSMC/P
Reactome_2022,RHO GTPases Activate ROCKs R-HSA-5627117,2/19,0.0073799215779246,0.0589545459385931,0,0,17.294989106753814,84.900967778125,MYH9;MYL12B,VSMC/P
Reactome_2022,Major Pathway Of rRNA Processing In Nucleolus And Cytosol R-HSA-6791226,5/179,0.0078518251343114,0.0610316103692274,0,0,4.286180773249739,20.775157953806637,RPS4X;RPS9;RPSA;RPL8;RPL19,VSMC/P
Reactome_2022,Phosphorylation Of CD3 And TCR Zeta Chains R-HSA-202427,2/20,0.0081633472444682,0.0610316103692274,0,0,16.333333333333332,78.53231621226735,HLA-DRB1;HLA-DPA1,VSMC/P
Reactome_2022,Chaperone Mediated Autophagy R-HSA-9613829,2/20,0.0081633472444682,0.0610316103692274,0,0,16.333333333333332,78.53231621226735,UBC;RNASE1,VSMC/P
Reactome_2022,Sema4D Induced Cell Migration And Growth-Cone Collapse R-HSA-416572,2/20,0.0081633472444682,0.0610316103692274,0,0,16.333333333333332,78.53231621226735,MYH9;MYL12B,VSMC/P
Reactome_2022,Nef-mediated Downmodulation Of Cell Surface Receptors By Recruitment To Clathrin Adapters R-HSA-164938,2/20,0.0081633472444682,0.0610316103692274,0,0,16.333333333333332,78.53231621226735,HLA-A;B2M,VSMC/P
Reactome_2022,"Platelet Activation, Signaling And Aggregation R-HSA-76002",6/254,0.0081668198048031,0.0610316103692274,0,0,3.6225683329229255,17.416133740953565,SRGN;TMSB4X;PIK3R3;RNASE1;PPIA;GNG11,VSMC/P
Reactome_2022,RHO GTPases Activate PKNs R-HSA-5625740,3/62,0.0088578555943113,0.0650290801673754,0,0,7.514798886921326,35.51832552689539,MYH9;RNASE1;MYL12B,VSMC/P
Reactome_2022,PD-1 Signaling R-HSA-389948,2/21,0.0089824340950619,0.0650290801673754,0,0,15.4729044834308,72.91582063014043,HLA-DRB1;HLA-DPA1,VSMC/P
Reactome_2022,Azathioprine ADME R-HSA-9748787,2/21,0.0089824340950619,0.0650290801673754,0,0,15.4729044834308,72.91582063014043,NME2;RNASE1,VSMC/P
Reactome_2022,Signaling By MET R-HSA-6806834,3/63,0.0092548608853457,0.0663106011888174,0,0,7.389179104477612,34.60061710207232,UBC;SPINT2;RNASE1,VSMC/P
Reactome_2022,Metabolism Of Proteins R-HSA-392499,22/1890,0.0094346240320501,0.0669088132885187,0,0,1.8428917233032307,8.594084039143832,EIF4A1;RPS9;GSN;IGFBP2;HLA-B;RPSA;HLA-A;THY1;SRP14;RPL8;HIF1A;GNG11;MRPS6;RPS4X;UBC;CPE;IGFBP7;CD59;THSD7A;B2M;ITM2B;RPL19,VSMC/P
Reactome_2022,Semaphorin Interactions R-HSA-373755,3/64,0.0096621269756263,0.0676879366165078,0,0,7.267678003425495,33.718693496092364,MYH9;RNASE1;MYL12B,VSMC/P
Reactome_2022,rRNA Processing In Nucleus And Cytosol R-HSA-8868773,5/189,0.0097935445351745,0.0676879366165078,0,0,4.051177536231884,18.740876236686454,RPS4X;RPS9;RPSA;RPL8;RPL19,VSMC/P
Reactome_2022,Response Of Mtb To Phagocytosis R-HSA-9637690,2/22,0.0098366641701687,0.0676879366165078,0,0,14.69851851851852,67.93124102556283,UBC;ENO1,VSMC/P
Reactome_2022,RHO GTPase Effectors R-HSA-195258,6/269,0.0106466941893211,0.0725436515841001,0,0,3.4133457173540767,15.505142854237569,ARPC3;ARPC1B;MYH9;RNASE1;ACTG1;MYL12B,VSMC/P
Reactome_2022,Glycolysis R-HSA-70171,3/69,0.0118540703388016,0.0799862027715257,0,0,6.715400271370421,29.78336417542189,TPI1;PKM;ENO1,VSMC/P
Reactome_2022,rRNA Processing R-HSA-72312,5/199,0.0120427916662517,0.0804782712312019,0,0,3.8404014370509216,16.971843826383516,RPS4X;RPS9;RPSA;RPL8;RPL19,VSMC/P
Reactome_2022,Signaling By Interleukins R-HSA-449147,8/453,0.0128939483231016,0.0853456579481488,0,0,2.7061057399181254,11.774258497090036,COL1A2;ANXA1;ANXA2;UBC;PIK3R3;CCL2;PPIA;HIF1A,VSMC/P
Reactome_2022,Signaling By Rho GTPases R-HSA-194315,10/644,0.0132735509523072,0.0870294142627691,0,0,2.3881616532949157,10.321591377596276,ARPC3;ARPC1B;PIK3R3;ARHGAP29;MYH9;STOM;RNASE1;UACA;ACTG1;MYL12B,VSMC/P
Reactome_2022,Cell Surface Interactions At Vascular Wall R-HSA-202733,4/134,0.0136414542042888,0.0886057072147731,0,0,4.565182186234818,19.605823241540197,CD74;BSG;ATP1B1;PPIA,VSMC/P
Reactome_2022,ISG15 Antiviral Mechanism R-HSA-1169408,3/75,0.0148321144964323,0.0954474034724116,0,0,6.1539179104477615,25.913905552735145,EIF4A1;UBC;ISG15,VSMC/P
Reactome_2022,Protein Ubiquitination R-HSA-8852135,3/76,0.0153657961508473,0.0979745717875129,0,0,6.069310979349826,25.34308331966031,UBC;HLA-B;HLA-A,VSMC/P
Reactome_2022,"Signaling By Rho GTPases, Miro GTPases And RHOBTB3 R-HSA-9716542",10/660,0.0155111163881835,0.0980020535435231,0,0,2.3274379164142944,9.696567950716858,ARPC3;ARPC1B;PIK3R3;ARHGAP29;MYH9;STOM;RNASE1;UACA;ACTG1;MYL12B,VSMC/P
Reactome_2022,Signal Transduction R-HSA-162582,26/2465,0.0161064470789818,0.1008466731521838,0,0,1.6733486253781458,6.908479450498482,RAMP2;ARPC1B;PIK3R3;SPINT2;HIF1A;UACA;ACTG1;MYL12B;HEBP1;MECOM;UBC;STOM;CCL2;PDE8B;IER3;ATP6V0E1;ANXA1;ARHGAP29;SSTR2;RNASE1;GNG11;TLE5;COL1A2;ARPC3;ID3;MYH9,VSMC/P
Reactome_2022,Budding And Maturation Of HIV Virion R-HSA-162588,2/29,0.0167578839974237,0.1030684015770753,0,0,10.88395061728395,44.50323814745143,UBC;PPIA,VSMC/P
Reactome_2022,Regulation Of Necroptotic Cell Death R-HSA-5675482,2/29,0.0167578839974237,0.1030684015770753,0,0,10.88395061728395,44.50323814745143,SDCBP;UBC,VSMC/P
Reactome_2022,Tight Junction Interactions R-HSA-420029,2/30,0.0178752431510281,0.1089762630698643,0,0,10.494708994708995,42.23426237345858,CLDN5;CLDN15,VSMC/P
Reactome_2022,TP53 Regulates Metabolic Genes R-HSA-5628897,3/81,0.0181956569213333,0.1099650570463188,0,0,5.678817451205511,22.75259294703454,PRDX5;SESN3;PRDX1,VSMC/P
Reactome_2022,Pyruvate Metabolism R-HSA-70268,2/31,0.0190233181556844,0.1120441196457687,0,0,10.132311621966794,40.14512833475264,LDHA;BSG,VSMC/P
Reactome_2022,RIPK1-mediated Regulated Necrosis R-HSA-5213460,2/31,0.0190233181556844,0.1120441196457687,0,0,10.132311621966794,40.14512833475264,SDCBP;UBC,VSMC/P
Reactome_2022,Late Endosomal Microautophagy R-HSA-9615710,2/31,0.0190233181556844,0.1120441196457687,0,0,10.132311621966794,40.14512833475264,UBC;RNASE1,VSMC/P
Reactome_2022,Antiviral Mechanism By IFN-stimulated Genes R-HSA-1169410,3/83,0.0194032524960789,0.1133215166787804,0,0,5.536287313432836,21.825786153449428,EIF4A1;UBC;ISG15,VSMC/P
Reactome_2022,GPVI-mediated Activation Cascade R-HSA-114604,2/32,0.0202016422578301,0.1141474908064386,0,0,9.794074074074071,38.216392592403565,PIK3R3;RNASE1,VSMC/P
Reactome_2022,Generation Of Second Messenger Molecules R-HSA-202433,2/32,0.0202016422578301,0.1141474908064386,0,0,9.794074074074071,38.216392592403565,HLA-DRB1;HLA-DPA1,VSMC/P
Reactome_2022,Termination Of Translesion DNA Synthesis R-HSA-5656169,2/32,0.0202016422578301,0.1141474908064386,0,0,9.794074074074071,38.216392592403565,UBC;ISG15,VSMC/P
Reactome_2022,Gluconeogenesis R-HSA-70263,2/32,0.0202016422578301,0.1141474908064386,0,0,9.794074074074071,38.216392592403565,TPI1;ENO1,VSMC/P
Reactome_2022,HIV Infection R-HSA-162906,5/229,0.0208326862231854,0.1167638461702732,0,0,3.320988906926407,12.856318769499373,UBC;HLA-A;B2M;RNASE1;PPIA,VSMC/P
Reactome_2022,"Transport Of Bile Salts And Organic Acids, Metal Ions And Amine Compounds R-HSA-425366",3/86,0.0212959777674159,0.1184056363868325,0,0,5.335371336090631,20.53710908272721,SLC14A1;BSG;SLC5A3,VSMC/P
Reactome_2022,CD28 Co-Stimulation R-HSA-389356,2/34,0.0226471950748822,0.1239354376145129,0,0,9.18101851851852,34.77512078354398,PIK3R3;RNASE1,VSMC/P
Reactome_2022,Detoxification Of Reactive Oxygen Species R-HSA-3299685,2/34,0.0226471950748822,0.1239354376145129,0,0,9.18101851851852,34.77512078354398,PRDX5;PRDX1,VSMC/P
Reactome_2022,Glucose Metabolism R-HSA-70326,3/89,0.0232864226358169,0.1264379979054124,0,0,5.148472752516487,19.357664485303136,TPI1;PKM;ENO1,VSMC/P
Reactome_2022,Gene And Protein Expression By JAK-STAT Signaling After Interleukin-12 Stimulation R-HSA-8950505,2/35,0.0239135144685411,0.1278453273510467,0,0,8.902356902356903,33.23527158692459,ANXA2;PPIA,VSMC/P
Reactome_2022,Negative Regulators Of DDX58/IFIH1 Signaling R-HSA-936440,2/35,0.0239135144685411,0.1278453273510467,0,0,8.902356902356903,33.23527158692459,UBC;ISG15,VSMC/P
Reactome_2022,RHOH GTPase Cycle R-HSA-9013407,2/36,0.0252082642304262,0.1317273957905732,0,0,8.640087145969499,31.80056125985905,STOM;UACA,VSMC/P
Reactome_2022,SMAD2/SMAD3:SMAD4 Heterotrimer Regulates Transcription R-HSA-2173796,2/36,0.0252082642304262,0.1317273957905732,0,0,8.640087145969499,31.80056125985905,COL1A2;UBC,VSMC/P
Reactome_2022,HSF1-dependent Transactivation R-HSA-3371571,2/36,0.0252082642304262,0.1317273957905732,0,0,8.640087145969499,31.80056125985905,HSPA2;CRYAB,VSMC/P
Reactome_2022,Downstream TCR Signaling R-HSA-202424,3/94,0.0268209417325327,0.1391086157023155,0,0,4.864359521075939,17.602036565118887,UBC;HLA-DRB1;HLA-DPA1,VSMC/P
Reactome_2022,Drug ADME R-HSA-9748784,3/95,0.0275603622344859,0.141884827799761,0,0,4.811242699545749,17.27898487837075,BSG;NME2;RNASE1,VSMC/P
Reactome_2022,Translesion Synthesis By Y Family DNA Polymerases Bypasses Lesions On DNA Template R-HSA-110313,2/39,0.029258690661508,0.1495205147775596,0,0,7.938338338338339,28.034866055628,UBC;ISG15,VSMC/P
Reactome_2022,Vesicle-mediated Transport R-HSA-5653656,9/637,0.0313510617527593,0.1590437074318814,0,0,2.1536002189490446,7.456856145078714,COL1A2;ARPC3;FTH1;GJA4;UBC;MYH9;CD59;RNASE1;FTL,VSMC/P
Reactome_2022,Signaling By SCF-KIT R-HSA-1433557,2/42,0.0335493254626734,0.1630697508029435,0,0,7.341851851851852,24.92366729843264,PIK3R3;RNASE1,VSMC/P
Reactome_2022,Vasopressin Regulates Renal Water Homeostasis Via Aquaporins R-HSA-432040,2/42,0.0335493254626734,0.1630697508029435,0,0,7.341851851851852,24.92366729843264,AQP2;GNG11,VSMC/P
Reactome_2022,Activated NTRK2 Signals Thru CDK5 R-HSA-9032845,1/5,0.03378711383543,0.1630697508029435,0,0,36.50551470588236,123.66884861369476,RNASE1,VSMC/P
Reactome_2022,PTK6 Expression R-HSA-8849473,1/5,0.03378711383543,0.1630697508029435,0,0,36.50551470588236,123.66884861369476,HIF1A,VSMC/P
Reactome_2022,RUNX1 Regulates Expression Of Components Of Tight Junctions R-HSA-8935964,1/5,0.03378711383543,0.1630697508029435,0,0,36.50551470588236,123.66884861369476,CLDN5,VSMC/P
Reactome_2022,Drug-mediated Inhibition Of CDK4/CDK6 Activity R-HSA-9754119,1/5,0.03378711383543,0.1630697508029435,0,0,36.50551470588236,123.66884861369476,CCND2,VSMC/P
Reactome_2022,Signaling By MST1 R-HSA-8852405,1/5,0.03378711383543,0.1630697508029435,0,0,36.50551470588236,123.66884861369476,SPINT2,VSMC/P
Reactome_2022,MHC Class II Antigen Presentation R-HSA-2132295,3/104,0.034700099897387,0.1663211684736829,0,0,4.38052312693956,14.722993919874945,CD74;HLA-DRB1;HLA-DPA1,VSMC/P
Reactome_2022,"PI5P, PP2A And IER3 Regulate PI3K/AKT Signaling R-HSA-6811558",3/106,0.0364044404213097,0.1727457141782667,0,0,4.295029705839734,14.229710540140337,PIK3R3;RNASE1;IER3,VSMC/P
Reactome_2022,Interleukin-12 Signaling R-HSA-9020591,2/44,0.0365375827110866,0.1727457141782667,0,0,6.991534391534391,23.137880991511924,ANXA2;PPIA,VSMC/P
Reactome_2022,PIP3 Activates AKT Signaling R-HSA-1257604,5/268,0.0373977820384535,0.1756179629508461,0,0,2.82290586473096,9.276474831497744,MECOM;UBC;PIK3R3;RNASE1;IER3,VSMC/P
Reactome_2022,Regulation Of Complement Cascade R-HSA-977606,2/45,0.0380688281227297,0.17756936607582,0,0,6.828596037898364,22.318306672261475,AKR1C1;CD59,VSMC/P
Reactome_2022,Metabolism R-HSA-1430728,21/2049,0.0393736853550365,0.1788731150565263,0,0,1.592085798816568,5.149852381553621,CYB5A;RPS9;TPI1;AKR1C1;NME2;PIK3R3;AKR1B1;G0S2;RPSA;ENO1;RPL8;OAZ1;GNG11;RPS4X;LDHA;MARCKS;PKM;BSG;UBC;ENPP2;RPL19,VSMC/P
Reactome_2022,Metabolism Of Amino Acids And Derivatives R-HSA-71291,6/364,0.0394968167333023,0.1788731150565263,0,0,2.495415582754062,8.064023292683363,RPS4X;RPS9;RPSA;RPL8;OAZ1;RPL19,VSMC/P
Reactome_2022,APOBEC3G Mediated Resistance To HIV-1 R-HSA-180689,1/6,0.040407308005575,0.1788731150565263,0,0,29.20294117647059,93.70478036325976,PPIA,VSMC/P
Reactome_2022,Activated NTRK2 Signals Thru FYN R-HSA-9032500,1/6,0.040407308005575,0.1788731150565263,0,0,29.20294117647059,93.70478036325976,RNASE1,VSMC/P
Reactome_2022,PTK6 Promotes HIF1A Stabilization R-HSA-8857538,1/6,0.040407308005575,0.1788731150565263,0,0,29.20294117647059,93.70478036325976,HIF1A,VSMC/P
Reactome_2022,Proton-coupled Monocarboxylate Transport R-HSA-433692,1/6,0.040407308005575,0.1788731150565263,0,0,29.20294117647059,93.70478036325976,BSG,VSMC/P
Reactome_2022,Binding And Entry Of HIV Virion R-HSA-173107,1/6,0.040407308005575,0.1788731150565263,0,0,29.20294117647059,93.70478036325976,PPIA,VSMC/P
Reactome_2022,MET Receptor Activation R-HSA-6806942,1/6,0.040407308005575,0.1788731150565263,0,0,29.20294117647059,93.70478036325976,SPINT2,VSMC/P
Reactome_2022,Cyclin D Associated Events In G1 R-HSA-69231,2/47,0.0412035403178747,0.1812434210184998,0,0,6.524444444444445,20.80796110812736,CCND2;UBC,VSMC/P
Reactome_2022,Negative Regulation Of PI3K/AKT Network R-HSA-199418,3/113,0.0427021283846942,0.1847845929451436,0,0,4.020284938941655,12.677994746767068,PIK3R3;RNASE1;IER3,VSMC/P
Reactome_2022,DNA Damage Bypass R-HSA-73893,2/48,0.042806215056357,0.1847845929451436,0,0,6.382286634460548,20.11104455243212,UBC;ISG15,VSMC/P
Reactome_2022,NOTCH1 Intracellular Domain Regulates Transcription R-HSA-2122947,2/48,0.042806215056357,0.1847845929451436,0,0,6.382286634460548,20.11104455243212,UBC;HIF1A,VSMC/P
Reactome_2022,TCR Signaling R-HSA-202403,3/116,0.0455576221818107,0.1865875366579802,0,0,3.912957337207767,12.086253926920568,UBC;HLA-DRB1;HLA-DPA1,VSMC/P
Reactome_2022,Class I MHC Mediated Antigen Processing And Presentation R-HSA-983169,6/378,0.0459878577322339,0.1865875366579802,0,0,2.399778379709431,7.389824458611471,UBC;HLA-B;HLA-C;HLA-A;B2M;HLA-E,VSMC/P
Reactome_2022,Peptide Ligand-Binding Receptors R-HSA-375276,4/196,0.0460073581144045,0.1865875366579802,0,0,3.081296992481203,9.487171503836404,HEBP1;ANXA1;CCL2;SSTR2,VSMC/P
Reactome_2022,Aquaporin-mediated Transport R-HSA-445717,2/50,0.0460802533373535,0.1865875366579802,0,0,6.1157407407407405,18.820401760879264,AQP2;GNG11,VSMC/P
Reactome_2022,Ion Homeostasis R-HSA-5578775,2/50,0.0460802533373535,0.1865875366579802,0,0,6.1157407407407405,18.820401760879264,FXYD2;ATP1B1,VSMC/P
Reactome_2022,Metabolism Of Carbohydrates R-HSA-71387,5/285,0.0465865261401927,0.1865875366579802,0,0,2.649215367965368,8.123670353315664,TPI1;PKM;UBC;AKR1B1;ENO1,VSMC/P
Reactome_2022,Activation Of RAC1 Downstream Of NMDARs R-HSA-9619229,1/7,0.0469824732592036,0.1865875366579802,0,0,24.334558823529413,74.41461015948276,RNASE1,VSMC/P
Reactome_2022,Cation-coupled Chloride Cotransporters R-HSA-426117,1/7,0.0469824732592036,0.1865875366579802,0,0,24.334558823529413,74.41461015948276,SLC12A1,VSMC/P
Reactome_2022,FLT3 Signaling By CBL Mutants R-HSA-9706377,1/7,0.0469824732592036,0.1865875366579802,0,0,24.334558823529413,74.41461015948276,UBC,VSMC/P
Reactome_2022,Fructose Metabolism R-HSA-5652084,1/7,0.0469824732592036,0.1865875366579802,0,0,24.334558823529413,74.41461015948276,AKR1B1,VSMC/P
Reactome_2022,Terminal Pathway Of Complement R-HSA-166665,1/7,0.0469824732592036,0.1865875366579802,0,0,24.334558823529413,74.41461015948276,AKR1C1,VSMC/P
Reactome_2022,Inactivation Of CDC42 And RAC1 R-HSA-428543,1/7,0.0469824732592036,0.1865875366579802,0,0,24.334558823529413,74.41461015948276,RNASE1,VSMC/P
Reactome_2022,Vitamin C (Ascorbate) Metabolism R-HSA-196836,1/7,0.0469824732592036,0.1865875366579802,0,0,24.334558823529413,74.41461015948276,CYB5A,VSMC/P
Reactome_2022,Neurofascin Interactions R-HSA-447043,1/7,0.0469824732592036,0.1865875366579802,0,0,24.334558823529413,74.41461015948276,SDCBP,VSMC/P
Reactome_2022,Transcriptional Activity Of SMAD2/SMAD3:SMAD4 Heterotrimer R-HSA-2173793,2/51,0.0477508499718204,0.1874962753130801,0,0,5.990627362055934,18.2220411702344,COL1A2;UBC,VSMC/P
Reactome_2022,Translocation Of SLC2A4 (GLUT4) To Plasma Membrane R-HSA-1445148,2/51,0.0477508499718204,0.1874962753130801,0,0,5.990627362055934,18.2220411702344,MYH9;RNASE1,VSMC/P
Reactome_2022,Sensory Processing Of Sound By Outer Hair Cells Of Cochlea R-HSA-9662361,2/53,0.0511573117361701,0.1986275511544035,0,0,5.755119825708061,17.109107109763784,GSN;MYH9,VSMC/P
Reactome_2022,Ion Transport By P-type ATPases R-HSA-936837,2/53,0.0511573117361701,0.1986275511544035,0,0,5.755119825708061,17.109107109763784,FXYD2;ATP1B1,VSMC/P
Reactome_2022,Pyruvate Metabolism And Citric Acid (TCA) Cycle R-HSA-71406,2/54,0.0528924344182914,0.2000543712881356,0,0,5.644159544159544,16.590978573076498,LDHA;BSG,VSMC/P
Reactome_2022,Interleukin-12 Family Signaling R-HSA-447115,2/54,0.0528924344182914,0.2000543712881356,0,0,5.644159544159544,16.590978573076498,ANXA2;PPIA,VSMC/P
Reactome_2022,Sema4D Mediated Inhibition Of Cell Attachment And Migration R-HSA-416550,1/8,0.0535129132165143,0.2000543712881356,0,0,20.857142857142858,61.06621624401382,RNASE1,VSMC/P
Reactome_2022,InlA-mediated Entry Of Listeria Monocytogenes Into Host Cells R-HSA-8876493,1/8,0.0535129132165143,0.2000543712881356,0,0,20.857142857142858,61.06621624401382,UBC,VSMC/P
Reactome_2022,Myoclonic Epilepsy Of Lafora R-HSA-3785653,1/8,0.0535129132165143,0.2000543712881356,0,0,20.857142857142858,61.06621624401382,UBC,VSMC/P
Reactome_2022,Nef And Signal Transduction R-HSA-164944,1/8,0.0535129132165143,0.2000543712881356,0,0,20.857142857142858,61.06621624401382,RNASE1,VSMC/P
Reactome_2022,Membrane Trafficking R-HSA-199991,8/599,0.0540690068459383,0.2000543712881356,0,0,2.0222720654782984,5.8999669079778165,ARPC3;FTH1;GJA4;UBC;MYH9;CD59;RNASE1;FTL,VSMC/P
Reactome_2022,Complement Cascade R-HSA-166658,2/55,0.0546483299976334,0.2000543712881356,0,0,5.53738644304682,16.096277708168266,AKR1C1;CD59,VSMC/P
Reactome_2022,Golgi Associated Vesicle Biogenesis R-HSA-432722,2/55,0.0546483299976334,0.2000543712881356,0,0,5.53738644304682,16.096277708168266,FTH1;FTL,VSMC/P
Reactome_2022,Platelet Degranulation R-HSA-114608,3/125,0.0546750524324958,0.2000543712881356,0,0,3.622644971862001,10.528666075463477,SRGN;TMSB4X;PPIA,VSMC/P
Reactome_2022,Signaling By Receptor Tyrosine Kinases R-HSA-9006934,7/496,0.0547198205984235,0.2000543712881356,0,0,2.133364794714488,6.198553884947302,ATP6V0E1;UBC;PIK3R3;ID3;SPINT2;RNASE1;HIF1A,VSMC/P
Reactome_2022,Programmed Cell Death R-HSA-5357801,4/208,0.054978971102207,0.2000543712881356,0,0,2.89827509951349,8.407329481216408,SDCBP;GSN;UBC;UACA,VSMC/P
Reactome_2022,Regulated Necrosis R-HSA-5218859,2/57,0.0582209986014041,0.2088096008806252,0,0,5.335488215488216,15.17150976644115,SDCBP;UBC,VSMC/P
Reactome_2022,Intracellular Signaling By Second Messengers R-HSA-9006925,5/306,0.0596428025819045,0.2088096008806252,0,0,2.4617436826739154,6.940595331605048,MECOM;UBC;PIK3R3;RNASE1;IER3,VSMC/P
Reactome_2022,PTK6 Regulates RTKs And Their Effectors AKT1 And DOK1 R-HSA-8849469,1/9,0.0599989295864788,0.2088096008806252,0,0,18.249080882352946,51.34248529605202,UBC,VSMC/P
Reactome_2022,Prevention Of Phagosomal-Lysosomal Fusion R-HSA-9636383,1/9,0.0599989295864788,0.2088096008806252,0,0,18.249080882352946,51.34248529605202,UBC,VSMC/P
Reactome_2022,CD163 Mediating An Anti-Inflammatory Response R-HSA-9662834,1/9,0.0599989295864788,0.2088096008806252,0,0,18.249080882352946,51.34248529605202,MYH9,VSMC/P
Reactome_2022,Calcineurin Activates NFAT R-HSA-2025928,1/9,0.0599989295864788,0.2088096008806252,0,0,18.249080882352946,51.34248529605202,PPIA,VSMC/P
Reactome_2022,Regulation Of PTEN Localization R-HSA-8948747,1/9,0.0599989295864788,0.2088096008806252,0,0,18.249080882352946,51.34248529605202,UBC,VSMC/P
Reactome_2022,Downregulation Of ERBB4 Signaling R-HSA-1253288,1/9,0.0599989295864788,0.2088096008806252,0,0,18.249080882352946,51.34248529605202,UBC,VSMC/P
Reactome_2022,Response To Elevated Platelet Cytosolic Ca2+ R-HSA-76005,3/130,0.0600890937785971,0.2088096008806252,0,0,3.479139734398872,9.783086683924532,SRGN;TMSB4X;PPIA,VSMC/P
Reactome_2022,Cell-cell Junction Organization R-HSA-421270,2/61,0.0655999739927123,0.2220017855328032,0,0,4.972755806654112,13.546681811353558,CLDN5;CLDN15,VSMC/P
Reactome_2022,Acetylcholine Regulates Insulin Secretion R-HSA-399997,1/10,0.0664408221450691,0.2220017855328032,0,0,16.220588235294116,43.98121048429159,MARCKS,VSMC/P
Reactome_2022,RHO GTPases Activate KTN1 R-HSA-5625970,1/10,0.0664408221450691,0.2220017855328032,0,0,16.220588235294116,43.98121048429159,RNASE1,VSMC/P
Reactome_2022,Calcitonin-like Ligand Receptors R-HSA-419812,1/10,0.0664408221450691,0.2220017855328032,0,0,16.220588235294116,43.98121048429159,RAMP2,VSMC/P
Reactome_2022,STAT3 Nuclear Events Downstream Of ALK Signaling R-HSA-9701898,1/10,0.0664408221450691,0.2220017855328032,0,0,16.220588235294116,43.98121048429159,HIF1A,VSMC/P
Reactome_2022,HuR (ELAVL1) Binds And Stabilizes mRNA R-HSA-450520,1/10,0.0664408221450691,0.2220017855328032,0,0,16.220588235294116,43.98121048429159,ENPP2,VSMC/P
Reactome_2022,IRAK2 Mediated Activation Of TAK1 Complex R-HSA-937042,1/10,0.0664408221450691,0.2220017855328032,0,0,16.220588235294116,43.98121048429159,UBC,VSMC/P
Reactome_2022,Integration Of Provirus R-HSA-162592,1/10,0.0664408221450691,0.2220017855328032,0,0,16.220588235294116,43.98121048429159,PPIA,VSMC/P
Reactome_2022,Oxygen-dependent Proline Hydroxylation Of Hypoxia-inducible Factor Alpha R-HSA-1234176,2/64,0.0713278322698639,0.2311553774059236,0,0,4.73142174432497,12.493170896128214,UBC;HIF1A,VSMC/P
Reactome_2022,Pexophagy R-HSA-9664873,1/11,0.0728388887077658,0.2311553774059236,0,0,14.59779411764706,38.23899878007725,UBC,VSMC/P
Reactome_2022,Alpha-protein Kinase 1 Signaling Pathway R-HSA-9645460,1/11,0.0728388887077658,0.2311553774059236,0,0,14.59779411764706,38.23899878007725,UBC,VSMC/P
Reactome_2022,RHO GTPases Activate IQGAPs R-HSA-5626467,1/11,0.0728388887077658,0.2311553774059236,0,0,14.59779411764706,38.23899878007725,RNASE1,VSMC/P
Reactome_2022,Regulation Of BACH1 Activity R-HSA-9708530,1/11,0.0728388887077658,0.2311553774059236,0,0,14.59779411764706,38.23899878007725,UBC,VSMC/P
Reactome_2022,Regulation Of Gene Expression By Hypoxia-inducible Factor R-HSA-1234158,1/11,0.0728388887077658,0.2311553774059236,0,0,14.59779411764706,38.23899878007725,HIF1A,VSMC/P
Reactome_2022,DSCAM Interactions R-HSA-376172,1/11,0.0728388887077658,0.2311553774059236,0,0,14.59779411764706,38.23899878007725,RNASE1,VSMC/P
Reactome_2022,Formation Of Apoptosome R-HSA-111458,1/11,0.0728388887077658,0.2311553774059236,0,0,14.59779411764706,38.23899878007725,UACA,VSMC/P
Reactome_2022,"TICAM1,TRAF6-dependent Induction Of TAK1 Complex R-HSA-9014325",1/11,0.0728388887077658,0.2311553774059236,0,0,14.59779411764706,38.23899878007725,UBC,VSMC/P
Reactome_2022,Killing Mechanisms R-HSA-9664420,1/11,0.0728388887077658,0.2311553774059236,0,0,14.59779411764706,38.23899878007725,RNASE1,VSMC/P
Reactome_2022,MET Activates RAP1 And RAC1 R-HSA-8875555,1/11,0.0728388887077658,0.2311553774059236,0,0,14.59779411764706,38.23899878007725,RNASE1,VSMC/P
Reactome_2022,Beta-catenin Independent WNT Signaling R-HSA-3858494,3/142,0.0740572935459846,0.233953722792997,0,0,3.1768495651240203,8.269073351265966,UBC;RNASE1;GNG11,VSMC/P
Reactome_2022,Collagen Biosynthesis And Modifying Enzymes R-HSA-1650814,2/67,0.0772116978381503,0.241401010873644,0,0,4.512364672364672,11.557087833747978,COL1A2;PPIB,VSMC/P
Reactome_2022,Activation Of RAC1 R-HSA-428540,1/12,0.0791934251499148,0.241401010873644,0,0,13.270053475935828,33.65102433952089,RNASE1,VSMC/P
Reactome_2022,Passive Transport By Aquaporins R-HSA-432047,1/12,0.0791934251499148,0.241401010873644,0,0,13.270053475935828,33.65102433952089,AQP2,VSMC/P
Reactome_2022,Pregnenolone Biosynthesis R-HSA-196108,1/12,0.0791934251499148,0.241401010873644,0,0,13.270053475935828,33.65102433952089,AKR1B1,VSMC/P
Reactome_2022,CD28 Dependent Vav1 Pathway R-HSA-389359,1/12,0.0791934251499148,0.241401010873644,0,0,13.270053475935828,33.65102433952089,RNASE1,VSMC/P
Reactome_2022,Caspase-mediated Cleavage Of Cytoskeletal Proteins R-HSA-264870,1/12,0.0791934251499148,0.241401010873644,0,0,13.270053475935828,33.65102433952089,GSN,VSMC/P
Reactome_2022,TICAM1-dependent Activation Of IRF3/IRF7 R-HSA-9013973,1/12,0.0791934251499148,0.241401010873644,0,0,13.270053475935828,33.65102433952089,UBC,VSMC/P
Reactome_2022,Josephin Domain DUBs R-HSA-5689877,1/12,0.0791934251499148,0.241401010873644,0,0,13.270053475935828,33.65102433952089,UBC,VSMC/P
Reactome_2022,Circadian Clock R-HSA-400253,2/69,0.0812166640320031,0.2464872554683063,0,0,4.37722498618021,10.989613512555014,UBC;HIF1A,VSMC/P
Reactome_2022,RHO GTPase Cycle R-HSA-9012999,6/441,0.0830770958454365,0.2496881685975333,0,0,2.0455909449855225,5.089402117055578,PIK3R3;ARHGAP29;STOM;RNASE1;UACA;ACTG1,VSMC/P
Reactome_2022,trans-Golgi Network Vesicle Budding R-HSA-199992,2/71,0.0852846265377497,0.2496881685975333,0,0,4.249919484702094,10.462286333356332,FTH1;FTL,VSMC/P
Reactome_2022,"PTK6 Regulates RHO GTPases, RAS GTPase And MAP Kinases R-HSA-8849471",1/13,0.0855047253614574,0.2496881685975333,0,0,12.163602941176473,29.91253332210957,RNASE1,VSMC/P
Reactome_2022,Cytochrome C-Mediated Apoptotic Response R-HSA-111461,1/13,0.0855047253614574,0.2496881685975333,0,0,12.163602941176473,29.91253332210957,UACA,VSMC/P
Reactome_2022,Downregulation Of ERBB2:ERBB3 Signaling R-HSA-1358803,1/13,0.0855047253614574,0.2496881685975333,0,0,12.163602941176473,29.91253332210957,UBC,VSMC/P
Reactome_2022,Suppression Of Phagosomal Maturation R-HSA-9637687,1/13,0.0855047253614574,0.2496881685975333,0,0,12.163602941176473,29.91253332210957,UBC,VSMC/P
Reactome_2022,Glycogen Synthesis R-HSA-3322077,1/13,0.0855047253614574,0.2496881685975333,0,0,12.163602941176473,29.91253332210957,UBC,VSMC/P
Reactome_2022,p75NTR Recruits Signaling Complexes R-HSA-209543,1/13,0.0855047253614574,0.2496881685975333,0,0,12.163602941176473,29.91253332210957,UBC,VSMC/P
Reactome_2022,NF-kB Is Activated And Signals Survival R-HSA-209560,1/13,0.0855047253614574,0.2496881685975333,0,0,12.163602941176473,29.91253332210957,UBC,VSMC/P
Reactome_2022,Metabolism Of RNA R-HSA-8953854,8/666,0.0875503543376685,0.2545920345802495,0,0,1.810042176197545,4.408432244991718,RPS4X;EIF4A1;RPS9;UBC;ENPP2;RPSA;RPL8;RPL19,VSMC/P
Reactome_2022,G Alpha (S) Signaling Events R-HSA-418555,3/153,0.0880069054412352,0.2548533303402438,0,0,2.9422388059701494,7.150640649872898,RAMP2;PDE8B;GNG11,VSMC/P
Reactome_2022,Cellular Response To Hypoxia R-HSA-1234174,2/73,0.0894131486981902,0.2561537811458282,0,0,4.1297861241523215,9.971317100218016,UBC;HIF1A,VSMC/P
Reactome_2022,Extra-nuclear Estrogen Signaling R-HSA-9009391,2/73,0.0894131486981902,0.2561537811458282,0,0,4.1297861241523215,9.971317100218016,PIK3R3;GNG11,VSMC/P
Reactome_2022,SLC-mediated Transmembrane Transport R-HSA-425407,4/247,0.0901034110490744,0.2561537811458282,0,0,2.428292954608744,5.844408821383548,SLC14A1;BSG;SLC12A1;SLC5A3,VSMC/P
Reactome_2022,"Cell Death Signaling Via NRAGE, NRIF And NADE R-HSA-204998",2/74,0.0914993729651541,0.2561537811458282,0,0,4.072222222222222,9.738406533113348,UBC;RNASE1,VSMC/P
Reactome_2022,Signaling By NOTCH1 R-HSA-1980143,2/74,0.0914993729651541,0.2561537811458282,0,0,4.072222222222222,9.738406533113348,UBC;HIF1A,VSMC/P
Reactome_2022,DCC Mediated Attractive Signaling R-HSA-418885,1/14,0.091773081302606,0.2561537811458282,0,0,11.22737556561086,26.815870864611973,RNASE1,VSMC/P
Reactome_2022,Repression Of WNT Target Genes R-HSA-4641265,1/14,0.091773081302606,0.2561537811458282,0,0,11.22737556561086,26.815870864611973,TLE5,VSMC/P
Reactome_2022,SEMA3A-Plexin Repulsion Signaling By Inhibiting Integrin Adhesion R-HSA-399955,1/14,0.091773081302606,0.2561537811458282,0,0,11.22737556561086,26.815870864611973,RNASE1,VSMC/P
Reactome_2022,Synthesis Of Bile Acids And Bile Salts Via 24-Hydroxycholesterol R-HSA-193775,1/14,0.091773081302606,0.2561537811458282,0,0,11.22737556561086,26.815870864611973,AKR1C1,VSMC/P
Reactome_2022,Sensory Processing Of Sound R-HSA-9659379,2/75,0.0935998477813579,0.260207576832175,0,0,4.016235413495688,9.513363341608922,GSN;MYH9,VSMC/P
Reactome_2022,GPCR Ligand Binding R-HSA-500792,6/458,0.0953001980198607,0.2619582852604301,0,0,1.966932378571911,4.623713949774329,HEBP1;RAMP2;ANXA1;CCL2;SSTR2;GNG11,VSMC/P
Reactome_2022,Regulation Of Insulin Secretion R-HSA-422356,2/77,0.0978423939580528,0.2619582852604301,0,0,3.9087407407407406,9.085466501614851,MARCKS;GNG11,VSMC/P
Reactome_2022,Constitutive Signaling By NOTCH1 HD Domain Mutants R-HSA-2691232,1/15,0.0979987829751249,0.2619582852604301,0,0,10.424894957983192,24.214948291558056,UBC,VSMC/P
Reactome_2022,Regulation Of Innate Immune Responses To Cytosolic DNA R-HSA-3134975,1/15,0.0979987829751249,0.2619582852604301,0,0,10.424894957983192,24.214948291558056,UBC,VSMC/P
Reactome_2022,Synthesis Of Bile Acids And Bile Salts Via 27-Hydroxycholesterol R-HSA-193807,1/15,0.0979987829751249,0.2619582852604301,0,0,10.424894957983192,24.214948291558056,AKR1C1,VSMC/P
Reactome_2022,Glycogen Storage Diseases R-HSA-3229121,1/15,0.0979987829751249,0.2619582852604301,0,0,10.424894957983192,24.214948291558056,UBC,VSMC/P
Reactome_2022,IRAK2 Mediated Activation Of TAK1 Complex Upon TLR7/8 Or 9 Stimulation R-HSA-975163,1/15,0.0979987829751249,0.2619582852604301,0,0,10.424894957983192,24.214948291558056,UBC,VSMC/P
Reactome_2022,InlB-mediated Entry Of Listeria Monocytogenes Into Host Cell R-HSA-8875360,1/15,0.0979987829751249,0.2619582852604301,0,0,10.424894957983192,24.214948291558056,UBC,VSMC/P
Reactome_2022,Membrane Binding And Targetting Of GAG Proteins R-HSA-174490,1/15,0.0979987829751249,0.2619582852604301,0,0,10.424894957983192,24.214948291558056,UBC,VSMC/P
Reactome_2022,Negative Regulation Of FLT3 R-HSA-9706369,1/15,0.0979987829751249,0.2619582852604301,0,0,10.424894957983192,24.214948291558056,UBC,VSMC/P
Reactome_2022,Constitutive Signaling By Aberrant PI3K In Cancer R-HSA-2219530,2/78,0.0999838958696465,0.2628415289571008,0,0,3.8571150097465887,8.881956728256293,PIK3R3;RNASE1,VSMC/P
Reactome_2022,Nuclear Events Mediated By NFE2L2 R-HSA-9759194,2/78,0.0999838958696465,0.2628415289571008,0,0,3.8571150097465887,8.881956728256293,PRDX1;UBC,VSMC/P
Reactome_2022,Signaling By GPCR R-HSA-372790,8/689,0.1013416074038167,0.2628415289571008,0,0,1.7468155585151794,3.998911871903052,HEBP1;RAMP2;ANXA1;PIK3R3;CCL2;PDE8B;SSTR2;GNG11,VSMC/P
Reactome_2022,Downstream Signaling Events Of B Cell Receptor (BCR) R-HSA-1168372,2/79,0.1021385093453656,0.2628415289571008,0,0,3.806830206830207,8.684999325681588,UBC;PPIA,VSMC/P
Reactome_2022,Sema3A PAK Dependent Axon Repulsion R-HSA-399954,1/16,0.1041821184662259,0.2628415289571008,0,0,9.729411764705882,22.004181371864657,RNASE1,VSMC/P
Reactome_2022,Early Phase Of HIV Life Cycle R-HSA-162594,1/16,0.1041821184662259,0.2628415289571008,0,0,9.729411764705882,22.004181371864657,PPIA,VSMC/P
Reactome_2022,Spry Regulation Of FGF Signaling R-HSA-1295596,1/16,0.1041821184662259,0.2628415289571008,0,0,9.729411764705882,22.004181371864657,UBC,VSMC/P
Reactome_2022,TGF-beta Receptor Signaling In EMT (Epithelial To Mesenchymal Transition) R-HSA-2173791,1/16,0.1041821184662259,0.2628415289571008,0,0,9.729411764705882,22.004181371864657,UBC,VSMC/P
Reactome_2022,Gap Junction Assembly R-HSA-190861,1/16,0.1041821184662259,0.2628415289571008,0,0,9.729411764705882,22.004181371864657,GJA4,VSMC/P
Reactome_2022,TRAF6-mediated Induction Of TAK1 Complex Within TLR4 Complex R-HSA-937072,1/16,0.1041821184662259,0.2628415289571008,0,0,9.729411764705882,22.004181371864657,UBC,VSMC/P
Reactome_2022,Translesion Synthesis By REV1 R-HSA-110312,1/16,0.1041821184662259,0.2628415289571008,0,0,9.729411764705882,22.004181371864657,UBC,VSMC/P
Reactome_2022,VLDLR Internalisation And Degradation R-HSA-8866427,1/16,0.1041821184662259,0.2628415289571008,0,0,9.729411764705882,22.004181371864657,UBC,VSMC/P
Reactome_2022,p75NTR Signals Via NF-kB R-HSA-193639,1/16,0.1041821184662259,0.2628415289571008,0,0,9.729411764705882,22.004181371864657,UBC,VSMC/P
Reactome_2022,MAP3K8 (TPL2)-dependent MAPK1/3 Activation R-HSA-5684264,1/16,0.1041821184662259,0.2628415289571008,0,0,9.729411764705882,22.004181371864657,UBC,VSMC/P
Reactome_2022,NRIF Signals Cell Death From Nucleus R-HSA-205043,1/16,0.1041821184662259,0.2628415289571008,0,0,9.729411764705882,22.004181371864657,UBC,VSMC/P
Reactome_2022,Anti-inflammatory Response Favoring Leishmania Infection R-HSA-9662851,3/165,0.1043802330822443,0.2628415289571008,0,0,2.722636815920398,6.152383142909693,RAMP2;MYH9;GNG11,VSMC/P
Reactome_2022,DDX58/IFIH1-mediated Induction Of Interferon-Alpha/Beta R-HSA-168928,2/81,0.1064859670187579,0.2662149175468948,0,0,3.7100796999531176,8.309621578120886,UBC;ISG15,VSMC/P
Reactome_2022,Senescence-Associated Secretory Phenotype (SASP) R-HSA-2559582,2/81,0.1064859670187579,0.2662149175468948,0,0,3.7100796999531176,8.309621578120886,UBC;IGFBP7,VSMC/P
Reactome_2022,Aberrant Regulation Of Mitotic G1/S Transition In Cancer Due To RB1 Defects R-HSA-9659787,1/17,0.1103233739102511,0.2699814960127626,0,0,9.120863970588236,20.1054803872225,CCND2,VSMC/P
Reactome_2022,Activation Of IRF3/IRF7 Mediated By TBK1/IKK Epsilon R-HSA-936964,1/17,0.1103233739102511,0.2699814960127626,0,0,9.120863970588236,20.1054803872225,UBC,VSMC/P
Reactome_2022,Regulation Of RUNX1 Expression And Activity R-HSA-8934593,1/17,0.1103233739102511,0.2699814960127626,0,0,9.120863970588236,20.1054803872225,CCND2,VSMC/P
Reactome_2022,Translesion Synthesis By POLI R-HSA-5656121,1/17,0.1103233739102511,0.2699814960127626,0,0,9.120863970588236,20.1054803872225,UBC,VSMC/P
Reactome_2022,Translesion Synthesis By POLK R-HSA-5655862,1/17,0.1103233739102511,0.2699814960127626,0,0,9.120863970588236,20.1054803872225,UBC,VSMC/P
Reactome_2022,Vitamin B5 (Pantothenate) Metabolism R-HSA-199220,1/17,0.1103233739102511,0.2699814960127626,0,0,9.120863970588236,20.1054803872225,ENPP2,VSMC/P
Reactome_2022,Degradation Of Beta-Catenin By Destruction Complex R-HSA-195253,2/84,0.1130986717978116,0.2758020242086985,0,0,3.573803071364047,7.78908463680278,UBC;TLE5,VSMC/P
Reactome_2022,Regulation Of NF-kappa B Signaling R-HSA-9758274,1/18,0.1164228335754234,0.2799787866260183,0,0,8.583910034602075,18.459926845841217,UBC,VSMC/P
Reactome_2022,Constitutive Signaling By Ligand-Responsive EGFR Cancer Variants R-HSA-1236382,1/18,0.1164228335754234,0.2799787866260183,0,0,8.583910034602075,18.459926845841217,UBC,VSMC/P
Reactome_2022,Regulation Of Signaling By CBL R-HSA-912631,1/18,0.1164228335754234,0.2799787866260183,0,0,8.583910034602075,18.459926845841217,PIK3R3,VSMC/P
Reactome_2022,G Beta:Gamma Signaling Thru BTK R-HSA-8964315,1/18,0.1164228335754234,0.2799787866260183,0,0,8.583910034602075,18.459926845841217,GNG11,VSMC/P
Reactome_2022,Cell Junction Organization R-HSA-446728,2/86,0.1175650683947083,0.2817507673597321,0,0,3.4883597883597885,7.467752699680994,CLDN5;CLDN15,VSMC/P
Reactome_2022,Disorders Of Transmembrane Transporters R-HSA-5619115,3/176,0.1203589142873915,0.2846961269956568,0,0,2.5480976619791216,5.395028695272495,BSG;UBC;SLC12A1,VSMC/P
Reactome_2022,PCP/CE Pathway R-HSA-4086400,2/88,0.1220754008623918,0.2846961269956568,0,0,3.4068906115417743,7.165087468062284,UBC;RNASE1,VSMC/P
Reactome_2022,Regulation Of mRNA Stability By Proteins That Bind AU-rich Elements R-HSA-450531,2/88,0.1220754008623918,0.2846961269956568,0,0,3.4068906115417743,7.165087468062284,UBC;ENPP2,VSMC/P
Reactome_2022,Prostacyclin Signaling Thru Prostacyclin Receptor R-HSA-392851,1/19,0.1224807798153976,0.2846961269956568,0,0,8.106617647058824,17.022285145241106,GNG11,VSMC/P
Reactome_2022,Regulation Of TP53 Activity Thru Methylation R-HSA-6804760,1/19,0.1224807798153976,0.2846961269956568,0,0,8.106617647058824,17.022285145241106,UBC,VSMC/P
Reactome_2022,Signaling By KIT In Disease R-HSA-9669938,1/19,0.1224807798153976,0.2846961269956568,0,0,8.106617647058824,17.022285145241106,PIK3R3,VSMC/P
Reactome_2022,"TICAM1, RIP1-mediated IKK Complex Recruitment R-HSA-168927",1/19,0.1224807798153976,0.2846961269956568,0,0,8.106617647058824,17.022285145241106,UBC,VSMC/P
Reactome_2022,Translesion Synthesis By POLH R-HSA-110320,1/19,0.1224807798153976,0.2846961269956568,0,0,8.106617647058824,17.022285145241106,UBC,VSMC/P
Reactome_2022,Listeria Monocytogenes Entry Into Host Cells R-HSA-8876384,1/19,0.1224807798153976,0.2846961269956568,0,0,8.106617647058824,17.022285145241106,UBC,VSMC/P
Reactome_2022,Apoptosis R-HSA-109581,3/178,0.1233568013315728,0.2848271658652595,0,0,2.518720682302772,5.270862038331411,GSN;UBC;UACA,VSMC/P
Reactome_2022,RAC1 GTPase Cycle R-HSA-9013149,3/178,0.1233568013315728,0.2848271658652595,0,0,2.518720682302772,5.270862038331411,PIK3R3;ARHGAP29;RNASE1,VSMC/P
Reactome_2022,Collagen Formation R-HSA-1474290,2/90,0.1266276601296758,0.2899537586758712,0,0,3.329124579124579,6.879650286958991,COL1A2;PPIB,VSMC/P
Reactome_2022,MAPK6/MAPK4 Signaling R-HSA-5687128,2/90,0.1266276601296758,0.2899537586758712,0,0,3.329124579124579,6.879650286958991,UBC;RNASE1,VSMC/P
Reactome_2022,Apoptotic Factor-Mediated Response R-HSA-111471,1/20,0.1284974930534796,0.2899537586758712,0,0,7.679566563467493,15.757287045296094,UACA,VSMC/P
Reactome_2022,Regulation Of FZD By Ubiquitination R-HSA-4641263,1/20,0.1284974930534796,0.2899537586758712,0,0,7.679566563467493,15.757287045296094,UBC,VSMC/P
Reactome_2022,Signal Transduction By L1 R-HSA-445144,1/20,0.1284974930534796,0.2899537586758712,0,0,7.679566563467493,15.757287045296094,RNASE1,VSMC/P
Reactome_2022,G Beta:Gamma Signaling Thru CDC42 R-HSA-8964616,1/20,0.1284974930534796,0.2899537586758712,0,0,7.679566563467493,15.757287045296094,GNG11,VSMC/P
Reactome_2022,G Beta:Gamma Signaling Thru PLC Beta R-HSA-418217,1/20,0.1284974930534796,0.2899537586758712,0,0,7.679566563467493,15.757287045296094,GNG11,VSMC/P
Reactome_2022,Signaling By TGF-beta Receptor Complex R-HSA-170834,2/91,0.1289188970624308,0.2899632150756939,0,0,3.291552226383687,6.742980994415039,COL1A2;UBC,VSMC/P
Reactome_2022,Cellular Response To Chemical Stress R-HSA-9711123,3/182,0.1294336561843404,0.2901819066068277,0,0,2.461936129408822,5.033642202674428,PRDX5;PRDX1;UBC,VSMC/P
Reactome_2022,Class B/2 (Secretin Family Receptors) R-HSA-373080,2/92,0.1312198830509364,0.2932405746636682,0,0,3.254814814814815,6.610141130789733,RAMP2;GNG11,VSMC/P
Reactome_2022,GPCR Downstream Signaling R-HSA-388396,7/619,0.1332096049619102,0.294823060066333,0,0,1.6937782805429864,3.4143714665268274,HEBP1;RAMP2;ANXA1;PIK3R3;PDE8B;SSTR2;GNG11,VSMC/P
Reactome_2022,Presynaptic Function Of Kainate Receptors R-HSA-500657,1/21,0.1344732518575936,0.294823060066333,0,0,7.295220588235294,14.637057422023762,GNG11,VSMC/P
Reactome_2022,Deregulated CDK5 Triggers Neurodegenerative Pathways In Alzheimers Disease Models R-HSA-8862803,1/21,0.1344732518575936,0.294823060066333,0,0,7.295220588235294,14.637057422023762,PRDX1,VSMC/P
Reactome_2022,ER Quality Control Compartment (ERQC) R-HSA-901032,1/21,0.1344732518575936,0.294823060066333,0,0,7.295220588235294,14.637057422023762,UBC,VSMC/P
Reactome_2022,NOTCH2 Activation And Transmission Of Signal To Nucleus R-HSA-2979096,1/21,0.1344732518575936,0.294823060066333,0,0,7.295220588235294,14.637057422023762,UBC,VSMC/P
Reactome_2022,Negative Regulation Of MET Activity R-HSA-6807004,1/21,0.1344732518575936,0.294823060066333,0,0,7.295220588235294,14.637057422023762,UBC,VSMC/P
Reactome_2022,Metabolism Of Vitamins And Cofactors R-HSA-196854,3/186,0.1356150931430478,0.2963914771522586,0,0,2.407633961340837,4.810295203455816,CYB5A;AKR1C1;ENPP2,VSMC/P
Reactome_2022,P75 NTR Receptor-Mediated Signaling R-HSA-193704,2/95,0.1381789655953808,0.3010482165792779,0,0,3.149342891278375,6.233197029643627,UBC;RNASE1,VSMC/P
Reactome_2022,Extracellular Matrix Organization R-HSA-1474244,4/291,0.1397103602654668,0.3021170013490231,0,0,2.0514002776977285,4.037532906003103,COL1A2;BSG;PPIB;FBLN2,VSMC/P
Reactome_2022,ADP Signaling Thru P2Y Purinoceptor 12 R-HSA-392170,1/22,0.1404083330010567,0.3021170013490231,0,0,6.947478991596639,13.639293794381585,GNG11,VSMC/P
Reactome_2022,PINK1-PRKN Mediated Mitophagy R-HSA-5205685,1/22,0.1404083330010567,0.3021170013490231,0,0,6.947478991596639,13.639293794381585,UBC,VSMC/P
Reactome_2022,Insertion Of Tail-Anchored Proteins Into Endoplasmic Reticulum Membrane R-HSA-9609523,1/22,0.1404083330010567,0.3021170013490231,0,0,6.947478991596639,13.639293794381585,CYB5A,VSMC/P
Reactome_2022,Potential Therapeutics For SARS R-HSA-9679191,2/97,0.1428628025736773,0.3064495302120548,0,0,3.082729044834308,5.998591605942089,FXYD2;ATP1B1,VSMC/P
Reactome_2022,Signaling By WNT R-HSA-195721,4/294,0.1434311242113708,0.3067219425443161,0,0,2.0298677728804773,3.941800897318167,UBC;RNASE1;GNG11;TLE5,VSMC/P
Reactome_2022,CD28 Dependent PI3K/Akt Signaling R-HSA-389357,1/23,0.1463030112669829,0.3083075918469492,0,0,6.63135026737968,12.745955140425728,PIK3R3,VSMC/P
Reactome_2022,RHOBTB2 GTPase Cycle R-HSA-9013418,1/23,0.1463030112669829,0.3083075918469492,0,0,6.63135026737968,12.745955140425728,ACTG1,VSMC/P
Reactome_2022,Signaling By NTRK2 (TRKB) R-HSA-9006115,1/23,0.1463030112669829,0.3083075918469492,0,0,6.63135026737968,12.745955140425728,RNASE1,VSMC/P
Reactome_2022,IKK Complex Recruitment Mediated By RIP1 R-HSA-937041,1/23,0.1463030112669829,0.3083075918469492,0,0,6.63135026737968,12.745955140425728,UBC,VSMC/P
Reactome_2022,Cellular Response To Heat Stress R-HSA-3371556,2/99,0.1475800815835904,0.3083075918469492,0,0,3.0188621611302024,5.776243537061962,HSPA2;CRYAB,VSMC/P
Reactome_2022,SLC Transporter Disorders R-HSA-5619102,2/99,0.1475800815835904,0.3083075918469492,0,0,3.0188621611302024,5.776243537061962,BSG;SLC12A1,VSMC/P
Reactome_2022,L1CAM Interactions R-HSA-373760,2/99,0.1475800815835904,0.3083075918469492,0,0,3.0188621611302024,5.776243537061962,SDCBP;RNASE1,VSMC/P
Reactome_2022,Stimuli-sensing Channels R-HSA-2672351,2/100,0.1499507080843318,0.3083075918469492,0,0,2.9879062736205597,5.669398730173793,UBC;STOM,VSMC/P
Reactome_2022,KEAP1-NFE2L2 Pathway R-HSA-9755511,2/100,0.1499507080843318,0.3083075918469492,0,0,2.9879062736205597,5.669398730173793,PRDX1;UBC,VSMC/P
Reactome_2022,APC/C:Cdc20 Mediated Degradation Of Cyclin B R-HSA-174048,1/24,0.1521575597172713,0.3083075918469492,0,0,6.342710997442455,11.942301842584484,UBC,VSMC/P
Reactome_2022,Aggrephagy R-HSA-9646399,1/24,0.1521575597172713,0.3083075918469492,0,0,6.342710997442455,11.942301842584484,UBC,VSMC/P
Reactome_2022,RHO GTPases Activate NADPH Oxidases R-HSA-5668599,1/24,0.1521575597172713,0.3083075918469492,0,0,6.342710997442455,11.942301842584484,RNASE1,VSMC/P
Reactome_2022,Defective Intrinsic Pathway For Apoptosis R-HSA-9734009,1/24,0.1521575597172713,0.3083075918469492,0,0,6.342710997442455,11.942301842584484,PRDX1,VSMC/P
Reactome_2022,Signaling By EGFR In Cancer R-HSA-1643713,1/24,0.1521575597172713,0.3083075918469492,0,0,6.342710997442455,11.942301842584484,UBC,VSMC/P
Reactome_2022,Synthesis Of Bile Acids And Bile Salts Via 7Alpha-Hydroxycholesterol R-HSA-193368,1/24,0.1521575597172713,0.3083075918469492,0,0,6.342710997442455,11.942301842584484,AKR1C1,VSMC/P
Reactome_2022,G-protein Activation R-HSA-202040,1/24,0.1521575597172713,0.3083075918469492,0,0,6.342710997442455,11.942301842584484,GNG11,VSMC/P
Reactome_2022,Thromboxane Signaling Thru TP Receptor R-HSA-428930,1/24,0.1521575597172713,0.3083075918469492,0,0,6.342710997442455,11.942301842584484,GNG11,VSMC/P
Reactome_2022,Glycogen Metabolism R-HSA-8982491,1/24,0.1521575597172713,0.3083075918469492,0,0,6.342710997442455,11.942301842584484,UBC,VSMC/P
Reactome_2022,ADP Signaling Thru P2Y Purinoceptor 1 R-HSA-418592,1/25,0.1579722495308103,0.3127940553387839,0,0,6.078125,11.216182250545016,GNG11,VSMC/P
Reactome_2022,Deadenylation Of mRNA R-HSA-429947,1/25,0.1579722495308103,0.3127940553387839,0,0,6.078125,11.216182250545016,EIF4A1,VSMC/P
Reactome_2022,G Beta:Gamma Signaling Thru PI3Kgamma R-HSA-392451,1/25,0.1579722495308103,0.3127940553387839,0,0,6.078125,11.216182250545016,GNG11,VSMC/P
Reactome_2022,Gap Junction Trafficking R-HSA-190828,1/25,0.1579722495308103,0.3127940553387839,0,0,6.078125,11.216182250545016,GJA4,VSMC/P
Reactome_2022,Gap-filling DNA Repair Synthesis And Ligation In GG-NER R-HSA-5696397,1/25,0.1579722495308103,0.3127940553387839,0,0,6.078125,11.216182250545016,UBC,VSMC/P
Reactome_2022,Inactivation Of CSF3 (G-CSF) Signaling R-HSA-9705462,1/25,0.1579722495308103,0.3127940553387839,0,0,6.078125,11.216182250545016,UBC,VSMC/P
Reactome_2022,Interleukin-7 Signaling R-HSA-1266695,1/25,0.1579722495308103,0.3127940553387839,0,0,6.078125,11.216182250545016,PIK3R3,VSMC/P
Reactome_2022,NOTCH3 Activation And Transmission Of Signal To Nucleus R-HSA-9013507,1/25,0.1579722495308103,0.3127940553387839,0,0,6.078125,11.216182250545016,UBC,VSMC/P
Reactome_2022,PI3K/AKT Signaling In Cancer R-HSA-2219528,2/105,0.1619151078384573,0.317003922858718,0,0,2.842143113987774,5.1746419547106255,PIK3R3;RNASE1,VSMC/P
Reactome_2022,Integration Of Energy Metabolism R-HSA-163685,2/105,0.1619151078384573,0.317003922858718,0,0,2.842143113987774,5.1746419547106255,MARCKS;GNG11,VSMC/P
Reactome_2022,APC-Cdc20 Mediated Degradation Of Nek2A R-HSA-179409,1/26,0.163747350080978,0.317003922858718,0,0,5.834705882352941,10.55749529148292,UBC,VSMC/P
Reactome_2022,Attenuation Phase R-HSA-3371568,1/26,0.163747350080978,0.317003922858718,0,0,5.834705882352941,10.55749529148292,HSPA2,VSMC/P
Reactome_2022,Calnexin/calreticulin Cycle R-HSA-901042,1/26,0.163747350080978,0.317003922858718,0,0,5.834705882352941,10.55749529148292,UBC,VSMC/P
Reactome_2022,Downregulation Of TGF-beta Receptor Signaling R-HSA-2173788,1/26,0.163747350080978,0.317003922858718,0,0,5.834705882352941,10.55749529148292,UBC,VSMC/P
Reactome_2022,Signaling By ALK R-HSA-201556,1/26,0.163747350080978,0.317003922858718,0,0,5.834705882352941,10.55749529148292,HIF1A,VSMC/P
Reactome_2022,Insulin Receptor Recycling R-HSA-77387,1/26,0.163747350080978,0.317003922858718,0,0,5.834705882352941,10.55749529148292,ATP6V0E1,VSMC/P
Reactome_2022,Transcriptional Regulation By RUNX1 R-HSA-8878171,3/204,0.1646120007979542,0.3177926126516061,0,0,2.190020049008688,3.951155516842538,CLDN5;CCND2;UBC,VSMC/P
Reactome_2022,G Alpha (I) Signaling Events R-HSA-418594,4/312,0.1665489446448202,0.3206413200225763,0,0,1.9094814959476611,3.4226807563636856,HEBP1;ANXA1;SSTR2;GNG11,VSMC/P
Reactome_2022,ATF4 Activates Genes In Response To Endoplasmic Reticulum Stress R-HSA-380994,1/27,0.169483128938328,0.320955789133891,0,0,5.610011312217194,9.957780689975772,CCL2,VSMC/P
Reactome_2022,FLT3 Signaling In Disease R-HSA-9682385,1/27,0.169483128938328,0.320955789133891,0,0,5.610011312217194,9.957780689975772,UBC,VSMC/P
Reactome_2022,Gap Junction Trafficking And Regulation R-HSA-157858,1/27,0.169483128938328,0.320955789133891,0,0,5.610011312217194,9.957780689975772,GJA4,VSMC/P
Reactome_2022,VEGFR2 Mediated Vascular Permeability R-HSA-5218920,1/27,0.169483128938328,0.320955789133891,0,0,5.610011312217194,9.957780689975772,RNASE1,VSMC/P
Reactome_2022,Insulin Processing R-HSA-264876,1/27,0.169483128938328,0.320955789133891,0,0,5.610011312217194,9.957780689975772,CPE,VSMC/P
Reactome_2022,Interleukin Receptor SHC Signaling R-HSA-912526,1/27,0.169483128938328,0.320955789133891,0,0,5.610011312217194,9.957780689975772,PIK3R3,VSMC/P
Reactome_2022,Signaling By B Cell Receptor (BCR) R-HSA-983705,2/109,0.1716076967634928,0.3240960577462705,0,0,2.7353409484250606,4.82115943308281,UBC;PPIA,VSMC/P
Reactome_2022,"Adrenaline,noradrenaline Inhibits Insulin Secretion R-HSA-400042",1/28,0.1751798518463186,0.3264074987485024,0,0,5.401960784313726,9.409902955799431,GNG11,VSMC/P
Reactome_2022,Interconversion Of Nucleotide Di- And Triphosphates R-HSA-499943,1/28,0.1751798518463186,0.3264074987485024,0,0,5.401960784313726,9.409902955799431,NME2,VSMC/P
Reactome_2022,MET Promotes Cell Motility R-HSA-8875878,1/28,0.1751798518463186,0.3264074987485024,0,0,5.401960784313726,9.409902955799431,RNASE1,VSMC/P
Reactome_2022,Mitophagy R-HSA-5205647,1/28,0.1751798518463186,0.3264074987485024,0,0,5.401960784313726,9.409902955799431,UBC,VSMC/P
Reactome_2022,Molecules Associated With Elastic Fibres R-HSA-2129379,1/28,0.1751798518463186,0.3264074987485024,0,0,5.401960784313726,9.409902955799431,FBLN2,VSMC/P
Reactome_2022,G Alpha (Q) Signaling Events R-HSA-416476,3/212,0.1780508103276147,0.330869821330728,0,0,2.105334571163322,3.633147064573757,ANXA1;PIK3R3;GNG11,VSMC/P
Reactome_2022,Activation Of G Protein Gated Potassium Channels R-HSA-1296041,1/29,0.1808377828071115,0.3316154592373154,0,0,5.208771008403361,8.907805143996194,GNG11,VSMC/P
Reactome_2022,Activation Of Kainate Receptors Upon Glutamate Binding R-HSA-451326,1/29,0.1808377828071115,0.3316154592373154,0,0,5.208771008403361,8.907805143996194,GNG11,VSMC/P
Reactome_2022,Downregulation Of ERBB2 Signaling R-HSA-8863795,1/29,0.1808377828071115,0.3316154592373154,0,0,5.208771008403361,8.907805143996194,UBC,VSMC/P
Reactome_2022,FCERI Mediated MAPK Activation R-HSA-2871796,1/29,0.1808377828071115,0.3316154592373154,0,0,5.208771008403361,8.907805143996194,RNASE1,VSMC/P
Reactome_2022,Negative Regulation Of FGFR3 Signaling R-HSA-5654732,1/29,0.1808377828071115,0.3316154592373154,0,0,5.208771008403361,8.907805143996194,UBC,VSMC/P
Reactome_2022,Recognition Of DNA Damage By PCNA-containing Replication Complex R-HSA-110314,1/30,0.1864571840617326,0.3371439733861149,0,0,5.028904665314402,8.446315147566118,UBC,VSMC/P
Reactome_2022,Signaling By CSF3 (G-CSF) R-HSA-9674555,1/30,0.1864571840617326,0.3371439733861149,0,0,5.028904665314402,8.446315147566118,UBC,VSMC/P
Reactome_2022,Endosomal Sorting Complex Required For Transport (ESCRT) R-HSA-917729,1/30,0.1864571840617326,0.3371439733861149,0,0,5.028904665314402,8.446315147566118,UBC,VSMC/P
Reactome_2022,Synthesis Of Active Ubiquitin: Roles Of E1 And E2 Enzymes R-HSA-8866652,1/30,0.1864571840617326,0.3371439733861149,0,0,5.028904665314402,8.446315147566118,UBC,VSMC/P
Reactome_2022,Translation Of Structural Proteins R-HSA-9683701,1/30,0.1864571840617326,0.3371439733861149,0,0,5.028904665314402,8.446315147566118,UBC,VSMC/P
Reactome_2022,Class A/1 (Rhodopsin-like Receptors) R-HSA-373076,4/327,0.1867632082786391,0.3371439733861149,0,0,1.8194092041248635,3.052811684834101,HEBP1;ANXA1;CCL2;SSTR2,VSMC/P
Reactome_2022,Activated NOTCH1 Transmits Signal To Nucleus R-HSA-2122948,1/31,0.1920383160280386,0.3413468788733679,0,0,4.861029411764706,8.020991961652324,UBC,VSMC/P
Reactome_2022,Downregulation Of SMAD2/3:SMAD4 Transcriptional Activity R-HSA-2173795,1/31,0.1920383160280386,0.3413468788733679,0,0,4.861029411764706,8.020991961652324,UBC,VSMC/P
Reactome_2022,EGFR Downregulation R-HSA-182971,1/31,0.1920383160280386,0.3413468788733679,0,0,4.861029411764706,8.020991961652324,UBC,VSMC/P
Reactome_2022,Transferrin Endocytosis And Recycling R-HSA-917977,1/31,0.1920383160280386,0.3413468788733679,0,0,4.861029411764706,8.020991961652324,ATP6V0E1,VSMC/P
Reactome_2022,Metalloprotease DUBs R-HSA-5689901,1/31,0.1920383160280386,0.3413468788733679,0,0,4.861029411764706,8.020991961652324,UBC,VSMC/P
Reactome_2022,Negative Regulation Of FGFR4 Signaling R-HSA-5654733,1/31,0.1920383160280386,0.3413468788733679,0,0,4.861029411764706,8.020991961652324,UBC,VSMC/P
Reactome_2022,RHO GTPases Activate Formins R-HSA-5663220,2/119,0.1962233279824172,0.3441581429356623,0,0,2.5002849002849,4.071718560452774,RNASE1;ACTG1,VSMC/P
Reactome_2022,Signaling By TGFB Family Members R-HSA-9006936,2/119,0.1962233279824172,0.3441581429356623,0,0,2.5002849002849,4.071718560452774,COL1A2;UBC,VSMC/P
Reactome_2022,PERK Regulates Gene Expression R-HSA-381042,1/32,0.19758143745515,0.3441581429356623,0,0,4.7039848197343455,7.62800266036714,CCL2,VSMC/P
Reactome_2022,Cargo Concentration In ER R-HSA-5694530,1/32,0.19758143745515,0.3441581429356623,0,0,4.7039848197343455,7.62800266036714,CD59,VSMC/P
Reactome_2022,Signaling By NOTCH2 R-HSA-1980145,1/32,0.19758143745515,0.3441581429356623,0,0,4.7039848197343455,7.62800266036714,UBC,VSMC/P
Reactome_2022,G-protein Beta:Gamma Signaling R-HSA-397795,1/32,0.19758143745515,0.3441581429356623,0,0,4.7039848197343455,7.62800266036714,GNG11,VSMC/P
Reactome_2022,Glucagon Signaling In Metabolic Regulation R-HSA-163359,1/32,0.19758143745515,0.3441581429356623,0,0,4.7039848197343455,7.62800266036714,GNG11,VSMC/P
Reactome_2022,Thrombin Signaling Thru Proteinase Activated Receptors (PARs) R-HSA-456926,1/32,0.19758143745515,0.3441581429356623,0,0,4.7039848197343455,7.62800266036714,GNG11,VSMC/P
Reactome_2022,Cell-Cell Communication R-HSA-1500931,2/120,0.1987100171305795,0.3452586547643819,0,0,2.4789704959196484,4.005790034423574,CLDN5;CLDN15,VSMC/P
Reactome_2022,Oncogene Induced Senescence R-HSA-2559585,1/33,0.2030868052944016,0.3485069868632325,0,0,4.556755514705882,7.264023207811308,UBC,VSMC/P
Reactome_2022,Diseases Of Carbohydrate Metabolism R-HSA-5663084,1/33,0.2030868052944016,0.3485069868632325,0,0,4.556755514705882,7.264023207811308,UBC,VSMC/P
Reactome_2022,Signal Amplification R-HSA-392518,1/33,0.2030868052944016,0.3485069868632325,0,0,4.556755514705882,7.264023207811308,GNG11,VSMC/P
Reactome_2022,Glucagon-type Ligand Receptors R-HSA-420092,1/33,0.2030868052944016,0.3485069868632325,0,0,4.556755514705882,7.264023207811308,GNG11,VSMC/P
Reactome_2022,Negative Regulation Of FGFR1 Signaling R-HSA-5654726,1/33,0.2030868052944016,0.3485069868632325,0,0,4.556755514705882,7.264023207811308,UBC,VSMC/P
Reactome_2022,Metabolism Of Water-Soluble Vitamins And Cofactors R-HSA-196849,2/122,0.2036948319593756,0.3486894290930198,0,0,2.4374074074074072,3.878237719784976,CYB5A;ENPP2,VSMC/P
Reactome_2022,Regulation Of IGF Transport And Uptake By IGFBPs R-HSA-381426,2/123,0.2061926235919523,0.3520979690329407,0,0,2.417141108050199,3.8165316126297975,IGFBP2;IGFBP7,VSMC/P
Reactome_2022,Synthesis Of Bile Acids And Bile Salts R-HSA-192105,1/34,0.208554674817007,0.3543899730998041,0,0,4.418449197860962,6.926157902930394,AKR1C1,VSMC/P
Reactome_2022,Negative Regulation Of FGFR2 Signaling R-HSA-5654727,1/34,0.208554674817007,0.3543899730998041,0,0,4.418449197860962,6.926157902930394,UBC,VSMC/P
Reactome_2022,Cardiac Conduction R-HSA-5576891,2/126,0.2137055745173225,0.3566421659161063,0,0,2.358303464755078,3.639230215230354,FXYD2;ATP1B1,VSMC/P
Reactome_2022,Plasma Lipoprotein Clearance R-HSA-8964043,1/35,0.2139852995496637,0.3566421659161063,0,0,4.288278546712803,6.611873529216499,UBC,VSMC/P
Reactome_2022,Beta Defensins R-HSA-1461957,1/35,0.2139852995496637,0.3566421659161063,0,0,4.288278546712803,6.611873529216499,DEFB1,VSMC/P
Reactome_2022,RHOBTB GTPase Cycle R-HSA-9706574,1/35,0.2139852995496637,0.3566421659161063,0,0,4.288278546712803,6.611873529216499,ACTG1,VSMC/P
Reactome_2022,Regulation Of TNFR1 Signaling R-HSA-5357905,1/35,0.2139852995496637,0.3566421659161063,0,0,4.288278546712803,6.611873529216499,UBC,VSMC/P
Reactome_2022,Inwardly Rectifying K+ Channels R-HSA-1296065,1/35,0.2139852995496637,0.3566421659161063,0,0,4.288278546712803,6.611873529216499,GNG11,VSMC/P
Reactome_2022,Metabolism Of Steroid Hormones R-HSA-196071,1/35,0.2139852995496637,0.3566421659161063,0,0,4.288278546712803,6.611873529216499,AKR1B1,VSMC/P
Reactome_2022,N-glycan Trimming In ER And Calnexin/Calreticulin Cycle R-HSA-532668,1/35,0.2139852995496637,0.3566421659161063,0,0,4.288278546712803,6.611873529216499,UBC,VSMC/P
Reactome_2022,Autophagy R-HSA-9612973,2/128,0.2187289284803308,0.3621576182419601,0,0,2.320634920634921,3.527184267863858,UBC;RNASE1,VSMC/P
Reactome_2022,Aberrant Regulation Of Mitotic Cell Cycle Due To RB1 Defects R-HSA-9687139,1/36,0.2193789313379355,0.3621576182419601,0,0,4.165546218487395,6.318945182020532,CCND2,VSMC/P
Reactome_2022,ROS And RNS Production In Phagocytes R-HSA-1222556,1/36,0.2193789313379355,0.3621576182419601,0,0,4.165546218487395,6.318945182020532,ATP6V0E1,VSMC/P
Reactome_2022,Regulation Of TP53 Degradation R-HSA-6804757,1/36,0.2193789313379355,0.3621576182419601,0,0,4.165546218487395,6.318945182020532,UBC,VSMC/P
Reactome_2022,Fc Epsilon Receptor (FCERI) Signaling R-HSA-2454202,2/130,0.223762608493048,0.3653181070647696,0,0,2.2841435185185186,3.419750175395477,UBC;RNASE1,VSMC/P
Reactome_2022,Regulation Of TP53 Expression And Degradation R-HSA-6806003,1/37,0.2247358203084047,0.3653181070647696,0,0,4.049632352941177,6.045411444773934,UBC,VSMC/P
Reactome_2022,Cooperation Of PDCL (PhLP1) And TRiC/CCT In G-protein Beta Folding R-HSA-6814122,1/37,0.2247358203084047,0.3653181070647696,0,0,4.049632352941177,6.045411444773934,GNG11,VSMC/P
Reactome_2022,DNA Damage Recognition In GG-NER R-HSA-5696394,1/37,0.2247358203084047,0.3653181070647696,0,0,4.049632352941177,6.045411444773934,UBC,VSMC/P
Reactome_2022,Defective B3GALTL Causes PpS R-HSA-5083635,1/37,0.2247358203084047,0.3653181070647696,0,0,4.049632352941177,6.045411444773934,THSD7A,VSMC/P
Reactome_2022,FLT3 Signaling R-HSA-9607240,1/37,0.2247358203084047,0.3653181070647696,0,0,4.049632352941177,6.045411444773934,UBC,VSMC/P
Reactome_2022,Transcriptional Regulation By TP53 R-HSA-3700989,4/354,0.2249728774442034,0.3653181070647696,0,0,1.676734693877551,2.5013116168361136,PRDX5;SESN3;PRDX1;UBC,VSMC/P
Reactome_2022,ADORA2B Mediated Anti-Inflammatory Cytokine Production R-HSA-9660821,2/131,0.2262829421905873,0.3665889156700657,0,0,2.266322136089578,3.3676846788322536,RAMP2;GNG11,VSMC/P
Reactome_2022,Signaling By NTRKs R-HSA-166520,2/132,0.2288054069153127,0.3675610791112085,0,0,2.248774928774929,3.3166807860997665,ID3;RNASE1,VSMC/P
Reactome_2022,O-glycosylation Of TSR Domain-Containing Proteins R-HSA-5173214,1/38,0.2300562149832744,0.3675610791112085,0,0,3.939984101748808,5.789537091199061,THSD7A,VSMC/P
Reactome_2022,Apoptotic Cleavage Of Cellular Proteins R-HSA-111465,1/38,0.2300562149832744,0.3675610791112085,0,0,3.939984101748808,5.789537091199061,GSN,VSMC/P
Reactome_2022,Diseases Of Mitotic Cell Cycle R-HSA-9675126,1/38,0.2300562149832744,0.3675610791112085,0,0,3.939984101748808,5.789537091199061,CCND2,VSMC/P
Reactome_2022,Fanconi Anemia Pathway R-HSA-6783310,1/38,0.2300562149832744,0.3675610791112085,0,0,3.939984101748808,5.789537091199061,UBC,VSMC/P
Reactome_2022,HSP90 Chaperone Cycle For Steroid Hormone Receptors (SHR) In Presence Of Ligand R-HSA-3371497,1/38,0.2300562149832744,0.3675610791112085,0,0,3.939984101748808,5.789537091199061,HSPA2,VSMC/P
Reactome_2022,Ovarian Tumor Domain Proteases R-HSA-5689896,1/39,0.2353403621082968,0.3725775664356863,0,0,3.836106811145511,5.549781895253681,UBC,VSMC/P
Reactome_2022,Signaling By FGFR3 R-HSA-5654741,1/39,0.2353403621082968,0.3725775664356863,0,0,3.836106811145511,5.549781895253681,UBC,VSMC/P
Reactome_2022,Elastic Fibre Formation R-HSA-1566948,1/39,0.2353403621082968,0.3725775664356863,0,0,3.836106811145511,5.549781895253681,FBLN2,VSMC/P
Reactome_2022,NGF-stimulated Transcription R-HSA-9031628,1/39,0.2353403621082968,0.3725775664356863,0,0,3.836106811145511,5.549781895253681,ID3,VSMC/P
Reactome_2022,Late Phase Of HIV Life Cycle R-HSA-162599,2/136,0.2389136808292667,0.3773750185825917,0,0,2.1812050856826977,3.1227287180828056,UBC;PPIA,VSMC/P
Reactome_2022,RET Signaling R-HSA-8853659,1/40,0.2405885068605034,0.3783009327331446,0,0,3.737556561085973,5.324774409818904,PIK3R3,VSMC/P
Reactome_2022,Signaling By FGFR4 R-HSA-5654743,1/40,0.2405885068605034,0.3783009327331446,0,0,3.737556561085973,5.324774409818904,UBC,VSMC/P
Reactome_2022,Dual Incision In GG-NER R-HSA-5696400,1/41,0.2458008927300703,0.3841359811823013,0,0,3.643933823529412,5.113289830471274,UBC,VSMC/P
Reactome_2022,Negative Regulation Of MAPK Pathway R-HSA-5675221,1/41,0.2458008927300703,0.3841359811823013,0,0,3.643933823529412,5.113289830471274,UBC,VSMC/P
Reactome_2022,PTEN Regulation R-HSA-6807070,2/139,0.2465102843270595,0.3841359811823013,0,0,2.133117058664504,2.9871138113474567,MECOM;UBC,VSMC/P
Reactome_2022,Death Receptor Signaling R-HSA-73887,2/139,0.2465102843270595,0.3841359811823013,0,0,2.133117058664504,2.9871138113474567,UBC;RNASE1,VSMC/P
Reactome_2022,Activation Of GABAB Receptors R-HSA-991365,1/42,0.2509777615735657,0.3867617390102621,0,0,3.554878048780488,4.914231218402292,GNG11,VSMC/P
Reactome_2022,Deactivation Of Beta-Catenin Transactivating Complex R-HSA-3769402,1/42,0.2509777615735657,0.3867617390102621,0,0,3.554878048780488,4.914231218402292,UBC,VSMC/P
Reactome_2022,Formation Of Incision Complex In GG-NER R-HSA-5696395,1/42,0.2509777615735657,0.3867617390102621,0,0,3.554878048780488,4.914231218402292,UBC,VSMC/P
Reactome_2022,Glucagon-like Peptide-1 (GLP1) Regulates Insulin Secretion R-HSA-381676,1/42,0.2509777615735657,0.3867617390102621,0,0,3.554878048780488,4.914231218402292,GNG11,VSMC/P
Reactome_2022,NS1 Mediated Effects On Host Pathways R-HSA-168276,1/42,0.2509777615735657,0.3867617390102621,0,0,3.554878048780488,4.914231218402292,ISG15,VSMC/P
Reactome_2022,Clathrin-mediated Endocytosis R-HSA-8856828,2/142,0.2541160159224964,0.3907314846595907,0,0,2.087089947089947,2.859238844972241,ARPC3;UBC,VSMC/P
Reactome_2022,Retinoid Metabolism And Transport R-HSA-975634,1/43,0.2561193536495746,0.3912152764537459,0,0,3.470063025210084,4.72661350869186,AKR1C1,VSMC/P
Reactome_2022,Defensins R-HSA-1461973,1/43,0.2561193536495746,0.3912152764537459,0,0,3.470063025210084,4.72661350869186,DEFB1,VSMC/P
Reactome_2022,GPER1 Signaling R-HSA-9634597,1/43,0.2561193536495746,0.3912152764537459,0,0,3.470063025210084,4.72661350869186,GNG11,VSMC/P
Reactome_2022,Aspirin ADME R-HSA-9749641,1/44,0.2612259075978302,0.3938221383524772,0,0,3.3891928864569083,4.549549837140044,BSG,VSMC/P
Reactome_2022,Collagen Chain Trimerization R-HSA-8948216,1/44,0.2612259075978302,0.3938221383524772,0,0,3.3891928864569083,4.549549837140044,COL1A2,VSMC/P
Reactome_2022,TGF-beta Receptor Signaling Activates SMADs R-HSA-2173789,1/44,0.2612259075978302,0.3938221383524772,0,0,3.3891928864569083,4.549549837140044,UBC,VSMC/P
Reactome_2022,TNF Signaling R-HSA-75893,1/44,0.2612259075978302,0.3938221383524772,0,0,3.3891928864569083,4.549549837140044,UBC,VSMC/P
Reactome_2022,Interleukin-2 Family Signaling R-HSA-451927,1/44,0.2612259075978302,0.3938221383524772,0,0,3.3891928864569083,4.549549837140044,PIK3R3,VSMC/P
Reactome_2022,"Interleukin-3, Interleukin-5 And GM-CSF Signaling R-HSA-512988",1/44,0.2612259075978302,0.3938221383524772,0,0,3.3891928864569083,4.549549837140044,PIK3R3,VSMC/P
Reactome_2022,Bile Acid And Bile Salt Metabolism R-HSA-194068,1/45,0.2662976604286021,0.397914420434578,0,0,3.3119986631016043,4.382239804478489,AKR1C1,VSMC/P
Reactome_2022,TAK1-dependent IKK And NF-kappa-B Activation R-HSA-445989,1/45,0.2662976604286021,0.397914420434578,0,0,3.3119986631016043,4.382239804478489,UBC,VSMC/P
Reactome_2022,Interleukin-10 Signaling R-HSA-6783783,1/45,0.2662976604286021,0.397914420434578,0,0,3.3119986631016043,4.382239804478489,CCL2,VSMC/P
Reactome_2022,RHOA GTPase Cycle R-HSA-8980692,2/147,0.2668030502482206,0.397914420434578,0,0,2.014610472541507,2.6617930715427645,ARHGAP29;STOM,VSMC/P
Reactome_2022,Mitotic G1 Phase And G1/S Transition R-HSA-453279,2/147,0.2668030502482206,0.397914420434578,0,0,2.014610472541507,2.6617930715427645,CCND2;UBC,VSMC/P
Reactome_2022,CDC42 GTPase Cycle R-HSA-9013148,2/149,0.2718787640875701,0.4037515834206436,0,0,1.9869992441421012,2.587865892781767,ARHGAP29;STOM,VSMC/P
Reactome_2022,HIV Life Cycle R-HSA-162587,2/149,0.2718787640875701,0.4037515834206436,0,0,1.9869992441421012,2.587865892781767,UBC;PPIA,VSMC/P
Reactome_2022,PKMTs Methylate Histone Lysines R-HSA-3214841,1/47,0.2763377029023164,0.4077594554503395,0,0,3.1676790281329925,4.07405209663056,MECOM,VSMC/P
Reactome_2022,G Alpha (Z) Signaling Events R-HSA-418597,1/47,0.2763377029023164,0.4077594554503395,0,0,3.1676790281329925,4.07405209663056,GNG11,VSMC/P
Reactome_2022,Metabolism Of Fat-Soluble Vitamins R-HSA-6806667,1/47,0.2763377029023164,0.4077594554503395,0,0,3.1676790281329925,4.07405209663056,AKR1C1,VSMC/P
Reactome_2022,Metabolism Of Steroids R-HSA-8957322,2/153,0.2820265450999854,0.4152721373823937,0,0,1.9339710571498647,2.4479317579567894,AKR1C1;AKR1B1,VSMC/P
Reactome_2022,Regulation Of Activated PAK-2p34 By Proteasome Mediated Degradation R-HSA-211733,1/49,0.286241345606316,0.4153188626229428,0,0,3.0353860294117645,3.7970249652161496,UBC,VSMC/P
Reactome_2022,Signaling By EGFR R-HSA-177929,1/49,0.286241345606316,0.4153188626229428,0,0,3.0353860294117645,3.7970249652161496,UBC,VSMC/P
Reactome_2022,Signaling By ERBB2 R-HSA-1227986,1/49,0.286241345606316,0.4153188626229428,0,0,3.0353860294117645,3.7970249652161496,UBC,VSMC/P
Reactome_2022,EPH-ephrin Mediated Repulsion Of Cells R-HSA-3928665,1/49,0.286241345606316,0.4153188626229428,0,0,3.0353860294117645,3.7970249652161496,RNASE1,VSMC/P
Reactome_2022,Signaling By FGFR1 R-HSA-5654736,1/49,0.286241345606316,0.4153188626229428,0,0,3.0353860294117645,3.7970249652161496,UBC,VSMC/P
Reactome_2022,Signaling By NOTCH3 R-HSA-9012852,1/49,0.286241345606316,0.4153188626229428,0,0,3.0353860294117645,3.7970249652161496,UBC,VSMC/P
Reactome_2022,Netrin-1 Signaling R-HSA-373752,1/49,0.286241345606316,0.4153188626229428,0,0,3.0353860294117645,3.7970249652161496,RNASE1,VSMC/P
Reactome_2022,Regulation Of Ornithine Decarboxylase (ODC) R-HSA-350562,1/50,0.2911425929329805,0.4215502126842114,0,0,2.9732893157262907,3.668866926816198,OAZ1,VSMC/P
Reactome_2022,Autodegradation Of E3 Ubiquitin Ligase COP1 R-HSA-349425,1/51,0.2960104282608464,0.4233070939121157,0,0,2.913676470588235,3.5469949209045577,UBC,VSMC/P
Reactome_2022,Synthesis Of PIPs At Plasma Membrane R-HSA-1660499,1/51,0.2960104282608464,0.4233070939121157,0,0,2.913676470588235,3.5469949209045577,PIK3R3,VSMC/P
Reactome_2022,GSK3B And BTRC:CUL1-mediated-degradation Of NFE2L2 R-HSA-9762114,1/51,0.2960104282608464,0.4233070939121157,0,0,2.913676470588235,3.5469949209045577,UBC,VSMC/P
Reactome_2022,Ubiquitin Mediated Degradation Of Phosphorylated Cdc25A R-HSA-69601,1/51,0.2960104282608464,0.4233070939121157,0,0,2.913676470588235,3.5469949209045577,UBC,VSMC/P
Reactome_2022,Ubiquitin-dependent Degradation Of Cyclin D R-HSA-75815,1/51,0.2960104282608464,0.4233070939121157,0,0,2.913676470588235,3.5469949209045577,UBC,VSMC/P
Reactome_2022,Vpu Mediated Degradation Of CD4 R-HSA-180534,1/51,0.2960104282608464,0.4233070939121157,0,0,2.913676470588235,3.5469949209045577,UBC,VSMC/P
Reactome_2022,Apoptotic Execution Phase R-HSA-75153,1/52,0.300845077626674,0.4267088345929355,0,0,2.856401384083045,3.43099462663308,GSN,VSMC/P
Reactome_2022,Regulation Of Apoptosis R-HSA-169911,1/52,0.300845077626674,0.4267088345929355,0,0,2.856401384083045,3.43099462663308,UBC,VSMC/P
Reactome_2022,SARS-CoV-1 Infection R-HSA-9678108,1/52,0.300845077626674,0.4267088345929355,0,0,2.856401384083045,3.43099462663308,UBC,VSMC/P
Reactome_2022,Formation Of TC-NER Pre-Incision Complex R-HSA-6781823,1/52,0.300845077626674,0.4267088345929355,0,0,2.856401384083045,3.43099462663308,UBC,VSMC/P
Reactome_2022,Vif-mediated Degradation Of APOBEC3G R-HSA-180585,1/53,0.3056467657251325,0.4314778446665723,0,0,2.801329185520362,3.320486088836687,UBC,VSMC/P
Reactome_2022,Negative Regulation Of NOTCH4 Signaling R-HSA-9604323,1/53,0.3056467657251325,0.4314778446665723,0,0,2.801329185520362,3.320486088836687,UBC,VSMC/P
Reactome_2022,Citric Acid (TCA) Cycle And Respiratory Electron Transport R-HSA-1428517,2/163,0.3073337368842473,0.4314778446665723,0,0,1.8129284564067167,2.138931120607125,LDHA;BSG,VSMC/P
Reactome_2022,Protein Localization R-HSA-9609507,2/164,0.3098567184676487,0.4314778446665723,0,0,1.8016460905349796,2.110890150530909,CYB5A;UBC,VSMC/P
Reactome_2022,AUF1 (hnRNP D0) Binds And Destabilizes mRNA R-HSA-450408,1/54,0.3104157155874621,0.4314778446665723,0,0,2.748335183129856,3.215120295929532,UBC,VSMC/P
Reactome_2022,RHOJ GTPase Cycle R-HSA-9013409,1/54,0.3104157155874621,0.4314778446665723,0,0,2.748335183129856,3.215120295929532,STOM,VSMC/P
Reactome_2022,Regulation Of RUNX3 Expression And Activity R-HSA-8941858,1/54,0.3104157155874621,0.4314778446665723,0,0,2.748335183129856,3.215120295929532,UBC,VSMC/P
Reactome_2022,SCF-beta-TrCP Mediated Degradation Of Emi1 R-HSA-174113,1/54,0.3104157155874621,0.4314778446665723,0,0,2.748335183129856,3.215120295929532,UBC,VSMC/P
Reactome_2022,Degradation Of AXIN R-HSA-4641257,1/54,0.3104157155874621,0.4314778446665723,0,0,2.748335183129856,3.215120295929532,UBC,VSMC/P
Reactome_2022,FBXL7 Down-Regulates AURKA During Mitotic Entry And In Early Mitosis R-HSA-8854050,1/54,0.3104157155874621,0.4314778446665723,0,0,2.748335183129856,3.215120295929532,UBC,VSMC/P
Reactome_2022,Cellular Senescence R-HSA-2559583,2/165,0.3123779021855478,0.4328670818382132,0,0,1.790502158600318,2.0833237449175,UBC;IGFBP7,VSMC/P
Reactome_2022,Amino Acids Regulate mTORC1 R-HSA-9639288,1/55,0.3151521487915624,0.4328670818382132,0,0,2.6973039215686274,3.1145761497014357,ATP6V0E1,VSMC/P
Reactome_2022,Degradation Of DVL R-HSA-4641258,1/55,0.3151521487915624,0.4328670818382132,0,0,2.6973039215686274,3.1145761497014357,UBC,VSMC/P
Reactome_2022,Signaling By ALK Fusions And Activated Point Mutants R-HSA-9725370,1/55,0.3151521487915624,0.4328670818382132,0,0,2.6973039215686274,3.1145761497014357,MYH9,VSMC/P
Reactome_2022,Hh Mutants Are Degraded By ERAD R-HSA-5362768,1/55,0.3151521487915624,0.4328670818382132,0,0,2.6973039215686274,3.1145761497014357,UBC,VSMC/P
Reactome_2022,Intrinsic Pathway For Apoptosis R-HSA-109606,1/55,0.3151521487915624,0.4328670818382132,0,0,2.6973039215686274,3.1145761497014357,UACA,VSMC/P
Reactome_2022,Chemokine Receptors Bind Chemokines R-HSA-380108,1/56,0.3198562854078268,0.4367389358711978,0,0,2.648128342245989,3.018557782468822,CCL2,VSMC/P
Reactome_2022,Deadenylation-dependent mRNA Decay R-HSA-429914,1/56,0.3198562854078268,0.4367389358711978,0,0,2.648128342245989,3.018557782468822,EIF4A1,VSMC/P
Reactome_2022,Stabilization Of P53 R-HSA-69541,1/56,0.3198562854078268,0.4367389358711978,0,0,2.648128342245989,3.018557782468822,UBC,VSMC/P
Reactome_2022,Assembly Of Collagen Fibrils And Other Multimeric Structures R-HSA-2022090,1/57,0.3245283440928453,0.4405218733291553,0,0,2.600709033613445,2.926792173115241,COL1A2,VSMC/P
Reactome_2022,Signaling By ERBB4 R-HSA-1236394,1/57,0.3245283440928453,0.4405218733291553,0,0,2.600709033613445,2.926792173115241,UBC,VSMC/P
Reactome_2022,NRAGE Signals Death Thru JNK R-HSA-193648,1/57,0.3245283440928453,0.4405218733291553,0,0,2.600709033613445,2.926792173115241,RNASE1,VSMC/P
Reactome_2022,Constitutive Signaling By NOTCH1 HD+PEST Domain Mutants R-HSA-2894862,1/58,0.3291685419887074,0.441857296853673,0,0,2.554953560371517,2.839027026793925,UBC,VSMC/P
Reactome_2022,Hh Mutants Abrogate Ligand Secretion R-HSA-5387390,1/58,0.3291685419887074,0.441857296853673,0,0,2.554953560371517,2.839027026793925,UBC,VSMC/P
Reactome_2022,Late SARS-CoV-2 Infection Events R-HSA-9772573,1/58,0.3291685419887074,0.441857296853673,0,0,2.554953560371517,2.839027026793925,UBC,VSMC/P
Reactome_2022,Metabolism Of Polyamines R-HSA-351202,1/58,0.3291685419887074,0.441857296853673,0,0,2.554953560371517,2.839027026793925,OAZ1,VSMC/P
Reactome_2022,NIK To Noncanonical NF-kB Signaling R-HSA-5676590,1/58,0.3291685419887074,0.441857296853673,0,0,2.554953560371517,2.839027026793925,UBC,VSMC/P
Reactome_2022,Diseases Of Signal Transduction By Growth Factor Receptors And Second Messengers R-HSA-5663202,4/424,0.331028810412394,0.441857296853673,0,0,1.3922663802363051,1.5392199113206817,UBC;PIK3R3;MYH9;RNASE1,VSMC/P
Reactome_2022,RHOQ GTPase Cycle R-HSA-9013406,1/59,0.3337770947455803,0.441857296853673,0,0,2.5107758620689653,2.755028882806623,STOM,VSMC/P
Reactome_2022,SCF(Skp2)-mediated Degradation Of P27/P21 R-HSA-187577,1/59,0.3337770947455803,0.441857296853673,0,0,2.5107758620689653,2.755028882806623,UBC,VSMC/P
Reactome_2022,Degradation Of GLI1 By Proteasome R-HSA-5610780,1/59,0.3337770947455803,0.441857296853673,0,0,2.5107758620689653,2.755028882806623,UBC,VSMC/P
Reactome_2022,Degradation Of GLI2 By Proteasome R-HSA-5610783,1/59,0.3337770947455803,0.441857296853673,0,0,2.5107758620689653,2.755028882806623,UBC,VSMC/P
Reactome_2022,GABA Receptor Activation R-HSA-977443,1/59,0.3337770947455803,0.441857296853673,0,0,2.5107758620689653,2.755028882806623,GNG11,VSMC/P
Reactome_2022,GLI3 Is Processed To GLI3R By Proteasome R-HSA-5610785,1/59,0.3337770947455803,0.441857296853673,0,0,2.5107758620689653,2.755028882806623,UBC,VSMC/P
Reactome_2022,Role Of GTSE1 In G2/M Progression After G2 Checkpoint R-HSA-8852276,1/59,0.3337770947455803,0.441857296853673,0,0,2.5107758620689653,2.755028882806623,UBC,VSMC/P
Reactome_2022,Recruitment And ATM-mediated Phosphorylation Of Repair And Signal Proteins At DNA Double Strand Breaks R-HSA-5693565,1/60,0.3383542166324532,0.444529641889518,0,0,2.468095712861416,2.6745814229630755,UBC,VSMC/P
Reactome_2022,Defective CFTR Causes Cystic Fibrosis R-HSA-5678895,1/60,0.3383542166324532,0.444529641889518,0,0,2.468095712861416,2.6745814229630755,UBC,VSMC/P
Reactome_2022,rRNA Modification In Nucleus And Cytosol R-HSA-6790901,1/60,0.3383542166324532,0.444529641889518,0,0,2.468095712861416,2.6745814229630755,RPS9,VSMC/P
Reactome_2022,Meiotic Synapsis R-HSA-1221632,1/60,0.3383542166324532,0.444529641889518,0,0,2.468095712861416,2.6745814229630755,HSPA2,VSMC/P
Reactome_2022,Post NMDA Receptor Activation Events R-HSA-438064,1/61,0.3429001204094664,0.4446186262771998,0,0,2.4268382352941176,2.597483958552857,RNASE1,VSMC/P
Reactome_2022,Ca2+ Pathway R-HSA-4086398,1/61,0.3429001204094664,0.4446186262771998,0,0,2.4268382352941176,2.597483958552857,GNG11,VSMC/P
Reactome_2022,Regulation Of PTEN Gene Transcription R-HSA-8943724,1/61,0.3429001204094664,0.4446186262771998,0,0,2.4268382352941176,2.597483958552857,MECOM,VSMC/P
Reactome_2022,DNA Double Strand Break Response R-HSA-5693606,1/61,0.3429001204094664,0.4446186262771998,0,0,2.4268382352941176,2.597483958552857,UBC,VSMC/P
Reactome_2022,Dectin-1 Mediated Noncanonical NF-kB Signaling R-HSA-5607761,1/61,0.3429001204094664,0.4446186262771998,0,0,2.4268382352941176,2.597483958552857,UBC,VSMC/P
Reactome_2022,Selective Autophagy R-HSA-9663891,1/61,0.3429001204094664,0.4446186262771998,0,0,2.4268382352941176,2.597483958552857,UBC,VSMC/P
Reactome_2022,Nuclear Events (Kinase And Transcription Factor Activation) R-HSA-198725,1/61,0.3429001204094664,0.4446186262771998,0,0,2.4268382352941176,2.597483958552857,ID3,VSMC/P
Reactome_2022,Asymmetric Localization Of PCP Proteins R-HSA-4608870,1/62,0.3474150174537504,0.4487982102794731,0,0,2.386933461909354,2.5235500711559498,UBC,VSMC/P
Reactome_2022,MAP Kinase Activation R-HSA-450294,1/62,0.3474150174537504,0.4487982102794731,0,0,2.386933461909354,2.5235500711559498,UBC,VSMC/P
Reactome_2022,Peroxisomal Protein Import R-HSA-9033241,1/63,0.3518991177478417,0.4520700311178374,0,0,2.348315939278937,2.452606392048319,UBC,VSMC/P
Reactome_2022,Autodegradation Of Cdh1 By Cdh1:APC/C R-HSA-174084,1/63,0.3518991177478417,0.4520700311178374,0,0,2.348315939278937,2.452606392048319,UBC,VSMC/P
Reactome_2022,Cytosolic Sensors Of Pathogen-Associated DNA R-HSA-1834949,1/63,0.3518991177478417,0.4520700311178374,0,0,2.348315939278937,2.452606392048319,UBC,VSMC/P
Reactome_2022,Neurotransmitter Receptors And Postsynaptic Signal Transmission R-HSA-112314,2/182,0.3548776322510769,0.4550552664474141,0,0,1.62,1.6782912398370324,RNASE1;GNG11,VSMC/P
Reactome_2022,Gap-filling DNA Repair Synthesis And Ligation In TC-NER R-HSA-6782210,1/64,0.3563526297723748,0.4552666869334568,0,0,2.310924369747899,2.384491503881056,UBC,VSMC/P
Reactome_2022,Hedgehog Ligand Biogenesis R-HSA-5358346,1/64,0.3563526297723748,0.4552666869334568,0,0,2.310924369747899,2.384491503881056,UBC,VSMC/P
Reactome_2022,Regulation Of RAS By GAPs R-HSA-5658442,1/65,0.3607757607501965,0.4583896777356245,0,0,2.274701286764706,2.3190549478926425,UBC,VSMC/P
Reactome_2022,Dual Incision In TC-NER R-HSA-6782135,1/65,0.3607757607501965,0.4583896777356245,0,0,2.274701286764706,2.3190549478926425,UBC,VSMC/P
Reactome_2022,p53-Dependent G1 DNA Damage Response R-HSA-69563,1/65,0.3607757607501965,0.4583896777356245,0,0,2.274701286764706,2.3190549478926425,UBC,VSMC/P
Reactome_2022,Activation Of NF-kappaB In B Cells R-HSA-1169091,1/66,0.3651687162750862,0.4614404687476089,0,0,2.2395927601809955,2.2561563309728645,UBC,VSMC/P
Reactome_2022,COPII-mediated Vesicle Transport R-HSA-204005,1/66,0.3651687162750862,0.4614404687476089,0,0,2.2395927601809955,2.2561563309728645,CD59,VSMC/P
Reactome_2022,Integrin Cell Surface Interactions R-HSA-216083,1/66,0.3651687162750862,0.4614404687476089,0,0,2.2395927601809955,2.2561563309728645,BSG,VSMC/P
Reactome_2022,APC/C:Cdc20 Mediated Degradation Of Securin R-HSA-174154,1/67,0.3695317008446938,0.4620883708563533,0,0,2.205548128342246,2.1956645122139125,UBC,VSMC/P
Reactome_2022,Regulation Of PTEN Stability And Activity R-HSA-8948751,1/67,0.3695317008446938,0.4620883708563533,0,0,2.205548128342246,2.1956645122139125,UBC,VSMC/P
Reactome_2022,Sensory Processing Of Sound By Inner Hair Cells Of Cochlea R-HSA-9662360,1/67,0.3695317008446938,0.4620883708563533,0,0,2.205548128342246,2.1956645122139125,MYH9,VSMC/P
Reactome_2022,G1/S DNA Damage Checkpoints R-HSA-69615,1/67,0.3695317008446938,0.4620883708563533,0,0,2.205548128342246,2.1956645122139125,UBC,VSMC/P
Reactome_2022,HDR Thru Homologous Recombination (HRR) R-HSA-5685942,1/67,0.3695317008446938,0.4620883708563533,0,0,2.205548128342246,2.1956645122139125,UBC,VSMC/P
Reactome_2022,ESR-mediated Signaling R-HSA-8939211,2/188,0.3696706966850826,0.4620883708563533,0,0,1.5672640382317802,1.5596513330735189,PIK3R3;GNG11,VSMC/P
Reactome_2022,Orc1 Removal From Chromatin R-HSA-68949,1/69,0.3781685674868142,0.4693342042916713,0,0,2.140462802768166,2.0814186437173,UBC,VSMC/P
Reactome_2022,RHOB GTPase Cycle R-HSA-9013026,1/69,0.3781685674868142,0.4693342042916713,0,0,2.140462802768166,2.0814186437173,STOM,VSMC/P
Reactome_2022,Diseases Associated With O-glycosylation Of Proteins R-HSA-3906995,1/69,0.3781685674868142,0.4693342042916713,0,0,2.140462802768166,2.0814186437173,THSD7A,VSMC/P
Reactome_2022,Interleukin-17 Signaling R-HSA-448424,1/69,0.3781685674868142,0.4693342042916713,0,0,2.140462802768166,2.0814186437173,UBC,VSMC/P
Reactome_2022,"Plasma Lipoprotein Assembly, Remodeling, And Clearance R-HSA-174824",1/71,0.3866879681857055,0.4781995336104365,0,0,2.079096638655462,1.9754270482442289,UBC,VSMC/P
Reactome_2022,Diseases Of Programmed Cell Death R-HSA-9645723,1/71,0.3866879681857055,0.4781995336104365,0,0,2.079096638655462,1.9754270482442289,PRDX1,VSMC/P
Reactome_2022,CDK-mediated Phosphorylation And Removal Of Cdc6 R-HSA-69017,1/72,0.3909041152642434,0.4799971026654579,0,0,2.0497100248550124,1.925278234458348,UBC,VSMC/P
Reactome_2022,Cdc20:Phospho-APC/C Mediated Degradation Of Cyclin A R-HSA-174184,1/72,0.3909041152642434,0.4799971026654579,0,0,2.0497100248550124,1.925278234458348,UBC,VSMC/P
Reactome_2022,Regulation Of RUNX2 Expression And Activity R-HSA-8939902,1/72,0.3909041152642434,0.4799971026654579,0,0,2.0497100248550124,1.925278234458348,UBC,VSMC/P
Reactome_2022,Signaling By FGFR2 R-HSA-5654738,1/72,0.3909041152642434,0.4799971026654579,0,0,2.0497100248550124,1.925278234458348,UBC,VSMC/P
Reactome_2022,APC/C:Cdh1 Mediated Degradation Of Cdc20 And APC/C:Cdh1 Targets In Late Mitosis/Early G1 R-HSA-174178,1/73,0.395091488951388,0.4825809926559133,0,0,2.021139705882353,1.876906979173357,UBC,VSMC/P
Reactome_2022,APC:Cdc20 Mediated Degradation Of Cell Cycle Proteins Before Cycle Checkpoint Satisfied R-HSA-179419,1/73,0.395091488951388,0.4825809926559133,0,0,2.021139705882353,1.876906979173357,UBC,VSMC/P
Reactome_2022,RHOC GTPase Cycle R-HSA-9013106,1/73,0.395091488951388,0.4825809926559133,0,0,2.021139705882353,1.876906979173357,STOM,VSMC/P
Reactome_2022,Activation Of NMDA Receptors And Postsynaptic Events R-HSA-442755,1/74,0.3992502841799943,0.486805171061572,0,0,1.993352135374698,1.8302297117478008,RNASE1,VSMC/P
Reactome_2022,Ub-specific Processing Proteases R-HSA-5689880,2/201,0.4012489287185173,0.4883852985277925,0,0,1.4639121533593895,1.3368054545198842,UBC;HIF1A,VSMC/P
Reactome_2022,APC/C:Cdc20 Mediated Degradation Of Mitotic Proteins R-HSA-176409,1/75,0.4033806945750766,0.4901216481288081,0,0,1.9663155802861685,1.7851677966847128,UBC,VSMC/P
Reactome_2022,Signaling By NOTCH R-HSA-157118,2/203,0.4060433646702775,0.4924958786140364,0,0,1.4491984521835268,1.3061557762574003,UBC;HIF1A,VSMC/P
Reactome_2022,Activation Of APC/C And APC/C:Cdc20 Mediated Degradation Of Mitotic Proteins R-HSA-176814,1/76,0.4074829124483796,0.4933808783129334,0,0,1.94,1.7416471828555156,UBC,VSMC/P
Reactome_2022,ABC Transporter Disorders R-HSA-5619084,1/77,0.4115571287975574,0.4957230580837131,0,0,1.91437693498452,1.699598081799229,UBC,VSMC/P
Reactome_2022,Signaling By Insulin Receptor R-HSA-74752,1/77,0.4115571287975574,0.4957230580837131,0,0,1.91437693498452,1.699598081799229,ATP6V0E1,VSMC/P
Reactome_2022,Transcription-Coupled Nucleotide Excision Repair (TC-NER) R-HSA-6781827,1/77,0.4115571287975574,0.4957230580837131,0,0,1.91437693498452,1.699598081799229,UBC,VSMC/P
Reactome_2022,FCERI Mediated NF-kB Activation R-HSA-2871837,1/78,0.4156035334242373,0.4988677991879878,0,0,1.8894194041252863,1.658954671828482,UBC,VSMC/P
Reactome_2022,G Alpha (12/13) Signaling Events R-HSA-416482,1/78,0.4156035334242373,0.4988677991879878,0,0,1.8894194041252863,1.658954671828482,GNG11,VSMC/P
Reactome_2022,Processing Of DNA Double-Strand Break Ends R-HSA-5693607,1/80,0.423613659972373,0.505861672991064,0,0,1.8413998510796723,1.5816398687969306,UBC,VSMC/P
Reactome_2022,COPI-mediated Anterograde Transport R-HSA-6807878,1/80,0.423613659972373,0.505861672991064,0,0,1.8413998510796723,1.5816398687969306,CD59,VSMC/P
Reactome_2022,Regulation Of APC/C Activators Between G1/S And Early Anaphase R-HSA-176408,1/80,0.423613659972373,0.505861672991064,0,0,1.8413998510796723,1.5816398687969306,UBC,VSMC/P
Reactome_2022,Regulation Of HSF1-mediated Heat Shock Response R-HSA-3371453,1/81,0.4275777550187647,0.5083097885967928,0,0,1.8182904411764709,1.544854331917597,HSPA2,VSMC/P
Reactome_2022,Signaling By NOTCH4 R-HSA-9013694,1/81,0.4275777550187647,0.5083097885967928,0,0,1.8182904411764709,1.544854331917597,UBC,VSMC/P
Reactome_2022,PI Metabolism R-HSA-1483255,1/82,0.4315147845641838,0.5083097885967928,0,0,1.7957516339869282,1.5092457564398556,PIK3R3,VSMC/P
Reactome_2022,Cyclin E Associated Events During G1/S Transition R-HSA-69202,1/82,0.4315147845641838,0.5083097885967928,0,0,1.7957516339869282,1.5092457564398556,UBC,VSMC/P
Reactome_2022,Global Genome Nucleotide Excision Repair (GG-NER) R-HSA-5696399,1/82,0.4315147845641838,0.5083097885967928,0,0,1.7957516339869282,1.5092457564398556,UBC,VSMC/P
Reactome_2022,Mitochondrial Translation Elongation R-HSA-5389840,1/82,0.4315147845641838,0.5083097885967928,0,0,1.7957516339869282,1.5092457564398556,MRPS6,VSMC/P
Reactome_2022,Mitochondrial Translation Initiation R-HSA-5368286,1/82,0.4315147845641838,0.5083097885967928,0,0,1.7957516339869282,1.5092457564398556,MRPS6,VSMC/P
Reactome_2022,Mitochondrial Translation Termination R-HSA-5419276,1/82,0.4315147845641838,0.5083097885967928,0,0,1.7957516339869282,1.5092457564398556,MRPS6,VSMC/P
Reactome_2022,Platelet Homeostasis R-HSA-418346,1/83,0.4354249321110214,0.5120479320087308,0,0,1.7737625538020083,1.4747644895265195,GNG11,VSMC/P
Reactome_2022,Cyclin A:Cdk2-associated Events At S Phase Entry R-HSA-69656,1/84,0.4393083798218873,0.5157421013111684,0,0,1.7523033309709426,1.44136350567812,UBC,VSMC/P
Reactome_2022,Hedgehog On State R-HSA-5632684,1/85,0.4431653087445369,0.5193927311592803,0,0,1.731355042016807,1.4089982385378543,UBC,VSMC/P
Reactome_2022,Signaling By FGFR R-HSA-190236,1/86,0.4469958985068555,0.5230002516199741,0,0,1.7108996539792387,1.377626427274088,UBC,VSMC/P
Reactome_2022,APC/C-mediated Degradation Of Cell Cycle Proteins R-HSA-174143,1/87,0.4508003278289872,0.5248010516602113,0,0,1.6909199726402189,1.3472079711349176,UBC,VSMC/P
Reactome_2022,RAC2 GTPase Cycle R-HSA-9013404,1/87,0.4508003278289872,0.5248010516602113,0,0,1.6909199726402189,1.3472079711349176,PIK3R3,VSMC/P
Reactome_2022,Regulation Of PLK1 Activity At G2/M Transition R-HSA-2565942,1/87,0.4508003278289872,0.5248010516602113,0,0,1.6909199726402189,1.3472079711349176,UBC,VSMC/P
Reactome_2022,Opioid Signaling R-HSA-111885,1/88,0.4545787739505501,0.5265537464927206,0,0,1.671399594320487,1.3177047986537251,GNG11,VSMC/P
Reactome_2022,Meiosis R-HSA-1500620,1/88,0.4545787739505501,0.5265537464927206,0,0,1.671399594320487,1.3177047986537251,HSPA2,VSMC/P
Reactome_2022,Mitochondrial Translation R-HSA-5368287,1/88,0.4545787739505501,0.5265537464927206,0,0,1.671399594320487,1.3177047986537251,MRPS6,VSMC/P
Reactome_2022,Peptide Hormone Metabolism R-HSA-2980736,1/89,0.4583314130780541,0.5282592571960988,0,0,1.6523228609625669,1.2890807424802198,CPE,VSMC/P
Reactome_2022,Antimicrobial Peptides R-HSA-6803157,1/89,0.4583314130780541,0.5282592571960988,0,0,1.6523228609625669,1.2890807424802198,DEFB1,VSMC/P
Reactome_2022,Unfolded Protein Response (UPR) R-HSA-381119,1/89,0.4583314130780541,0.5282592571960988,0,0,1.6523228609625669,1.2890807424802198,CCL2,VSMC/P
Reactome_2022,Chaperonin-mediated Protein Folding R-HSA-390466,1/90,0.4620584201871795,0.529918485198168,0,0,1.6336748182419034,1.2613014254650008,GNG11,VSMC/P
Reactome_2022,Regulation Of TP53 Activity Thru Phosphorylation R-HSA-6804756,1/90,0.4620584201871795,0.529918485198168,0,0,1.6336748182419034,1.2613014254650008,UBC,VSMC/P
Reactome_2022,Switching Of Origins To A Post-Replicative State R-HSA-69052,1/90,0.4620584201871795,0.529918485198168,0,0,1.6336748182419034,1.2613014254650008,UBC,VSMC/P
Reactome_2022,Post-translational Modification: Synthesis Of GPI-anchored Proteins R-HSA-163125,1/92,0.4694362323492584,0.5374928854740274,0,0,1.5976082740788624,1.208147818144373,THY1,VSMC/P
Reactome_2022,Oxidative Stress Induced Senescence R-HSA-2559580,1/93,0.4730873814760886,0.5398944665449615,0,0,1.580163043478261,1.1827128005444405,UBC,VSMC/P
Reactome_2022,VEGFA-VEGFR2 Pathway R-HSA-4420097,1/93,0.4730873814760886,0.5398944665449615,0,0,1.580163043478261,1.1827128005444405,RNASE1,VSMC/P
Reactome_2022,Transcriptional Regulation By RUNX3 R-HSA-8878159,1/95,0.4803150174866205,0.5454557796620935,0,0,1.546386107634543,1.133985196435115,UBC,VSMC/P
Reactome_2022,UCH Proteinases R-HSA-5689603,1/95,0.4803150174866205,0.5454557796620935,0,0,1.546386107634543,1.133985196435115,UBC,VSMC/P
Reactome_2022,Metabolism Of Nucleotides R-HSA-15869,1/95,0.4803150174866205,0.5454557796620935,0,0,1.546386107634543,1.133985196435115,NME2,VSMC/P
Reactome_2022,Protein Folding R-HSA-391251,1/96,0.4838918415063327,0.5466096350154032,0,0,1.530030959752322,1.110640087250758,GNG11,VSMC/P
Reactome_2022,HCMV Early Events R-HSA-9609690,1/96,0.4838918415063327,0.5466096350154032,0,0,1.530030959752322,1.110640087250758,RNASE1,VSMC/P
Reactome_2022,MyD88 Cascade Initiated On Plasma Membrane R-HSA-975871,1/96,0.4838918415063327,0.5466096350154032,0,0,1.530030959752322,1.110640087250758,UBC,VSMC/P
Reactome_2022,Neddylation R-HSA-8951664,2/237,0.4844770290208465,0.5466096350154032,0,0,1.2373837667454688,0.8967137773386575,UBC;HIF1A,VSMC/P
Reactome_2022,RUNX1 Regulates Transcription Of Genes Involved In Differentiation Of HSCs R-HSA-8939236,1/98,0.4909723362006207,0.5512532692397922,0,0,1.4983323226197696,1.0658649103080529,UBC,VSMC/P
Reactome_2022,Hedgehog Off State R-HSA-5610787,1/98,0.4909723362006207,0.5512532692397922,0,0,1.4983323226197696,1.0658649103080529,UBC,VSMC/P
Reactome_2022,Visual Phototransduction R-HSA-2187338,1/98,0.4909723362006207,0.5512532692397922,0,0,1.4983323226197696,1.0658649103080529,AKR1C1,VSMC/P
Reactome_2022,CLEC7A (Dectin-1) Signaling R-HSA-5607764,1/99,0.4944763372236363,0.5542920231781084,0,0,1.48296818727491,1.0443892155035843,UBC,VSMC/P
Reactome_2022,TNFR2 Non-Canonical NF-kB Pathway R-HSA-5668541,1/100,0.4979563925252978,0.5572941913125314,0,0,1.467914438502674,1.0234927306951356,UBC,VSMC/P
Reactome_2022,TRAF6 Mediated Induction Of NFkB And MAP Kinases Upon TLR7/8 Or 9 Activation R-HSA-975138,1/101,0.5014126645233709,0.5595972784707156,0,0,1.4531617647058823,1.0031551089790296,UBC,VSMC/P
Reactome_2022,Transmission Across Chemical Synapses R-HSA-112315,2/246,0.5041642684444892,0.5595972784707156,0,0,1.1911961141469338,0.8157943926502706,RNASE1;GNG11,VSMC/P
Reactome_2022,ABC-family Proteins Mediated Transport R-HSA-382556,1/102,0.5048453145340125,0.5595972784707156,0,0,1.4387012230634828,0.9833568962561356,UBC,VSMC/P
Reactome_2022,Potassium Channels R-HSA-1296071,1/102,0.5048453145340125,0.5595972784707156,0,0,1.4387012230634828,0.9833568962561356,GNG11,VSMC/P
Reactome_2022,Signaling By VEGF R-HSA-194138,1/102,0.5048453145340125,0.5595972784707156,0,0,1.4387012230634828,0.9833568962561356,RNASE1,VSMC/P
Reactome_2022,MyD88 Dependent Cascade Initiated On Endosome R-HSA-975155,1/102,0.5048453145340125,0.5595972784707156,0,0,1.4387012230634828,0.9833568962561356,UBC,VSMC/P
Reactome_2022,Diseases Of Metabolism R-HSA-5668914,2/247,0.5063219423132393,0.5603403660950658,0,0,1.186273620559335,0.8073571403697032,UBC;THSD7A,VSMC/P
Reactome_2022,Toll Like Receptor 3 (TLR3) Cascade R-HSA-168164,1/103,0.508254502873238,0.5606934595188896,0,0,1.4245242214532872,0.9640794838440134,UBC,VSMC/P
Reactome_2022,Toll Like Receptor 7/8 (TLR7/8) Cascade R-HSA-168181,1/103,0.508254502873238,0.5606934595188896,0,0,1.4245242214532872,0.9640794838440134,UBC,VSMC/P
Reactome_2022,Cargo Recognition For Clathrin-Mediated Endocytosis R-HSA-8856825,1/104,0.5116403887089291,0.5626425160644078,0,0,1.4106225014277556,0.9453050647082822,UBC,VSMC/P
Reactome_2022,Transport Of Inorganic Cations/Anions And Amino Acids/Oligopeptides R-HSA-425393,1/104,0.5116403887089291,0.5626425160644078,0,0,1.4106225014277556,0.9453050647082822,SLC12A1,VSMC/P
Reactome_2022,Post-translational Protein Phosphorylation R-HSA-8957275,1/106,0.5183428842553988,0.5682149914156186,0,0,1.3836134453781512,0.9091977385922756,IGFBP7,VSMC/P
Reactome_2022,Toll Like Receptor 9 (TLR9) Cascade R-HSA-168138,1/106,0.5183428842553988,0.5682149914156186,0,0,1.3836134453781512,0.9091977385922756,UBC,VSMC/P
Reactome_2022,O-linked Glycosylation R-HSA-5173105,1/107,0.5216598069580667,0.5700527764714722,0,0,1.3704911209766926,0.8918328635531109,THSD7A,VSMC/P
Reactome_2022,MyD88-independent TLR4 Cascade R-HSA-166166,1/107,0.5216598069580667,0.5700527764714722,0,0,1.3704911209766926,0.8918328635531109,UBC,VSMC/P
Reactome_2022,Nucleotide Excision Repair R-HSA-5696398,1/108,0.52495405329796,0.5727520675699876,0,0,1.3576140736668498,0.8749069741445356,UBC,VSMC/P
Reactome_2022,Degradation Of Extracellular Matrix R-HSA-1474228,1/109,0.5282257770666134,0.5754183621650413,0,0,1.3449754901960784,0.8584056957797925,BSG,VSMC/P
Reactome_2022,Assembly Of Pre-Replicative Complex R-HSA-68867,1/110,0.5314751312339429,0.5780519815455246,0,0,1.3325688073394495,0.8423152400762943,UBC,VSMC/P
Reactome_2022,Signaling By Nuclear Receptors R-HSA-9006931,2/260,0.5338160844285986,0.5796909041841813,0,0,1.1257536606373817,0.7066399750727264,PIK3R3;GNG11,VSMC/P
Reactome_2022,MyD88:MAL(TIRAP) Cascade Initiated On Plasma Membrane R-HSA-166058,1/112,0.5379073369162519,0.5832224635831436,0,0,1.3084260731319557,0.8113144073177951,UBC,VSMC/P
Reactome_2022,Reproduction R-HSA-1474165,1/113,0.5410904890151278,0.5855341354143114,0,0,1.2966780462184877,0.796379136895972,HSPA2,VSMC/P
Reactome_2022,Signaling By NTRK1 (TRKA) R-HSA-187037,1/114,0.5442518726297053,0.5855341354143114,0,0,1.2851379489849035,0.7818048528033618,ID3,VSMC/P
Reactome_2022,HDR Thru Homologous Recombination (HRR) Or Single Strand Annealing (SSA) R-HSA-5693567,1/114,0.5442518726297053,0.5855341354143114,0,0,1.2851379489849035,0.7818048528033618,UBC,VSMC/P
Reactome_2022,Interleukin-1 Signaling R-HSA-9020702,1/114,0.5442518726297053,0.5855341354143114,0,0,1.2851379489849035,0.7818048528033618,UBC,VSMC/P
Reactome_2022,Macroautophagy R-HSA-1632852,1/114,0.5442518726297053,0.5855341354143114,0,0,1.2851379489849035,0.7818048528033618,UBC,VSMC/P
Reactome_2022,PPARA Activates Gene Expression R-HSA-1989781,1/116,0.5505099247008397,0.5913514647095574,0,0,1.262659846547315,0.7536946608064634,G0S2,VSMC/P
Reactome_2022,Regulation Of Lipid Metabolism By PPARalpha R-HSA-400206,1/118,0.5566826634363009,0.597059338099119,0,0,1.240950226244344,0.7268989126206339,G0S2,VSMC/P
Reactome_2022,Synthesis Of DNA R-HSA-69239,1/119,0.5597374017306376,0.5975691155188835,0,0,1.2303713858424723,0.7139691733515462,UBC,VSMC/P
Reactome_2022,Transcriptional Regulation By RUNX2 R-HSA-8878166,1/119,0.5597374017306376,0.5975691155188835,0,0,1.2303713858424723,0.7139691733515462,UBC,VSMC/P
Reactome_2022,Homology Directed Repair R-HSA-5693538,1/119,0.5597374017306376,0.5975691155188835,0,0,1.2303713858424723,0.7139691733515462,UBC,VSMC/P
Reactome_2022,HCMV Infection R-HSA-9609646,1/121,0.5657843304955164,0.6030983277521225,0,0,1.2097426470588235,0.6889996276646372,RNASE1,VSMC/P
Reactome_2022,Deubiquitination R-HSA-5688426,2/279,0.5720975672030018,0.6088940416632255,0,0,1.0475197218879528,0.5849829158994482,UBC;HIF1A,VSMC/P
Reactome_2022,Asparagine N-linked Glycosylation R-HSA-446203,2/282,0.5779317668413834,0.6141629632335802,0,0,1.0361375661375662,0.5681136760038255,UBC;CD59,VSMC/P
Reactome_2022,DNA Replication Pre-Initiation R-HSA-69002,1/127,0.5834348315231391,0.6190644395550866,0,0,1.1517857142857142,0.6206080798869107,UBC,VSMC/P
Reactome_2022,G1/S Transition R-HSA-69206,1/129,0.5891585743402838,0.62418477007088,0,0,1.1336741727941178,0.5997815503649296,UBC,VSMC/P
Reactome_2022,ER To Golgi Anterograde Transport R-HSA-199977,1/133,0.6003728767370318,0.6350976397750946,0,0,1.0990975935828875,0.5607643794366315,CD59,VSMC/P
Reactome_2022,Signaling By Hedgehog R-HSA-5358351,1/135,0.6058655369380359,0.6399339637871352,0,0,1.082583406496927,0.5424795178478299,UBC,VSMC/P
Reactome_2022,Factors Involved In Megakaryocyte Development And Platelet Production R-HSA-983231,1/136,0.608583696776782,0.6418295436416744,0,0,1.0745098039215686,0.5336239506176081,RNASE1,VSMC/P
Reactome_2022,Toll Like Receptor 4 (TLR4) Cascade R-HSA-166016,1/140,0.6192714963196077,0.6521116514274656,0,0,1.043377063055438,0.4999982850941725,UBC,VSMC/P
Reactome_2022,C-type Lectin Receptors (CLRs) R-HSA-5621481,1/141,0.6218978622703296,0.6538865571526159,0,0,1.0358718487394958,0.4920177977840055,UBC,VSMC/P
Reactome_2022,Diseases Of Glycosylation R-HSA-3781865,1/143,0.6270967581087735,0.6583568684072472,0,0,1.021178541839271,0.4765374914960273,THSD7A,VSMC/P
Reactome_2022,DNA Repair R-HSA-73894,2/310,0.6295926515697048,0.6599802305293285,0,0,0.9405964405964404,0.4351972807999593,UBC;ISG15,VSMC/P
Reactome_2022,G2/M Checkpoints R-HSA-69481,1/148,0.6397856026721883,0.669655111230679,0,0,0.9861944777911164,0.4404563025027721,UBC,VSMC/P
Reactome_2022,DNA Double-Strand Break Repair R-HSA-5693532,1/149,0.6422714576467378,0.6712461098714027,0,0,0.979481319554849,0.4336597059898803,UBC,VSMC/P
Reactome_2022,MAPK Family Signaling Cascades R-HSA-5683057,2/318,0.6434284356404325,0.6714455897448959,0,0,0.9164088138771684,0.4040853980569097,UBC;RNASE1,VSMC/P
Reactome_2022,Interleukin-1 Family Signaling R-HSA-446652,1/152,0.6496273005956926,0.676898011865077,0,0,0.9598753408648228,0.4140484331453531,UBC,VSMC/P
Reactome_2022,DNA Replication R-HSA-69306,1/155,0.6568329687783446,0.6833816067379483,0,0,0.941033231474408,0.3955402880352903,UBC,VSMC/P
Reactome_2022,Regulation Of TP53 Activity R-HSA-5633007,1/157,0.661554822747425,0.6872654735567421,0,0,0.9288744343891404,0.3837760114620899,UBC,VSMC/P
Reactome_2022,S Phase R-HSA-69242,1/161,0.670805894659766,0.695835965356026,0,0,0.90546875,0.3615314530885608,UBC,VSMC/P
Reactome_2022,Toll-like Receptor Cascades R-HSA-168898,1/162,0.6730791648089278,0.6971535313594707,0,0,0.8997990500548045,0.3562235393305479,UBC,VSMC/P
Reactome_2022,Transport To Golgi And Subsequent Modification R-HSA-948021,1/164,0.6775790576880698,0.7007700075791793,0,0,0.8886683507758932,0.3458955314694591,CD59,VSMC/P
Reactome_2022,Separation Of Sister Chromatids R-HSA-2467813,1/170,0.6907131035423112,0.7132921351588504,0,0,0.8568569439610163,0.3170634019125368,UBC,VSMC/P
Reactome_2022,Generic Transcription Pathway R-HSA-212436,7/1190,0.7134032594049408,0.7356309573982698,0,0,0.8502503413746018,0.2871367140445789,CLDN5;PRDX5;CCND2;COL1A2;SESN3;PRDX1;UBC,VSMC/P
Reactome_2022,G2/M Transition R-HSA-69275,1/182,0.7154086912965629,0.7366059858534981,0,0,0.7995612609684758,0.2677741084209478,UBC,VSMC/P
Reactome_2022,Mitotic G2-G2/M Phases R-HSA-453274,1/184,0.7193298768431172,0.7395477284111931,0,0,0.7907425265188043,0.260498443701528,UBC,VSMC/P
Reactome_2022,Post-translational Protein Modification R-HSA-597592,8/1383,0.7387290021761415,0.7583702459563048,0,0,0.8338491895701198,0.252509658814912,UBC;HLA-B;IGFBP7;CD59;THSD7A;HLA-A;THY1;HIF1A,VSMC/P
Reactome_2022,Metabolism Of Lipids R-HSA-556833,4/732,0.7431529720059801,0.7617572065191552,0,0,0.7905064859952078,0.2346645153188402,AKR1C1;PIK3R3;AKR1B1;G0S2,VSMC/P
Reactome_2022,Neuronal System R-HSA-112316,2/386,0.7450746556817807,0.7617572065191552,0,0,0.7515046296296296,0.2211459111408044,RNASE1;GNG11,VSMC/P
Reactome_2022,TCF Dependent Signaling In Response To WNT R-HSA-201681,1/198,0.7453164035007562,0.7617572065191552,0,0,0.7340250821140639,0.21576406568734,UBC,VSMC/P
Reactome_2022,Phospholipid Metabolism R-HSA-1483257,1/208,0.7624017569088051,0.7769343417179172,0,0,0.6982097186700768,0.1894114651165419,PIK3R3,VSMC/P
Reactome_2022,Keratinization R-HSA-6805567,1/208,0.7624017569088051,0.7769343417179172,0,0,0.6982097186700768,0.1894114651165419,KRT18,VSMC/P
Reactome_2022,Sensory Perception R-HSA-9709957,3/616,0.7978561947221934,0.8117524168839472,0,0,0.7030508144432811,0.1587677894037487,GSN;AKR1C1;MYH9,VSMC/P
Reactome_2022,Mitotic Anaphase R-HSA-68882,1/232,0.798904536904489,0.8117524168839472,0,0,0.6249045072574484,0.1402996971666697,UBC,VSMC/P
Reactome_2022,Mitotic Metaphase And Anaphase R-HSA-2555396,1/233,0.8002981964574061,0.8119813818071492,0,0,0.6221792596348884,0.1386034181969321,UBC,VSMC/P
Reactome_2022,RNA Polymerase II Transcription R-HSA-73857,7/1312,0.8022051723359618,0.8127297299905152,0,0,0.7657294429708222,0.168759784230069,CLDN5;PRDX5;CCND2;COL1A2;SESN3;PRDX1;UBC,VSMC/P
Reactome_2022,Chromatin Modifying Enzymes R-HSA-3247509,1/238,0.8071239678696196,0.8165227913673736,0,0,0.6088979895755771,0.1304734475570042,MECOM,VSMC/P
Reactome_2022,Cell Cycle R-HSA-1640170,3/654,0.8297669741332163,0.8382093706723623,0,0,0.6607056881491161,0.1232945340277813,CCND2;UBC;HSPA2,VSMC/P
Reactome_2022,RAF/MAP Kinase Cascade R-HSA-5673001,1/271,0.8467157404009074,0.8528513617081603,0,0,0.533578431372549,0.0887822476376674,UBC,VSMC/P
Reactome_2022,Cell Cycle Checkpoints R-HSA-69620,1/271,0.8467157404009074,0.8528513617081603,0,0,0.533578431372549,0.0887822476376674,UBC,VSMC/P
Reactome_2022,MAPK1/MAPK3 Signaling R-HSA-5684996,1/277,0.8529931219343131,0.8579308534650472,0,0,0.52181905370844,0.0829712097938752,UBC,VSMC/P
Reactome_2022,Gene Expression (Transcription) R-HSA-74160,7/1449,0.8753925783041571,0.8791876328343775,0,0,0.6878640776699029,0.0915428997100413,CLDN5;PRDX5;CCND2;COL1A2;SESN3;PRDX1;UBC,VSMC/P
Reactome_2022,"Cell Cycle, Mitotic R-HSA-69278",2/523,0.876835211863963,0.8793657608159513,0,0,0.5499964455818582,0.0722894450638789,CCND2;UBC,VSMC/P
Reactome_2022,Antigen Processing: Ubiquitination And Proteasome Degradation R-HSA-983168,1/307,0.8807509111584748,0.8820200046904034,0,0,0.469939446366782,0.059673111674546,UBC,VSMC/P
Reactome_2022,M Phase R-HSA-68886,1/380,0.9284305781046494,0.9284305781046494,0,0,0.3780071395312742,0.0280706849769876,UBC,VSMC/P
