Gene_set,Term,Overlap,P-value,Adjusted P-value,Old P-value,Old Adjusted P-value,Odds Ratio,Combined Score,Genes,cell_type
GO_Biological_Process_2023,Cytoplasmic Translation (GO:0002181),46/93,2.0729841748170365e-67,2.164195478508986e-64,0,0,118.55162511421486,18202.915863171896,RPL30;RPL3;RPL10;RPL31;RPL34;RPL12;RPLP0;RPL11;RPL10A;RPL8;RPS15;RPS4X;RPS15A;RPL18A;RPS19;RPL36AL;RPS18;RACK1;RPS3;RPL35;RPL13;RPL37;RPL15;RPS2;RPL18;RPL19;RPS9;RPL41;RPL21;RPS7;RPS8;RPL22;RPS6;RPL35A;RPS3A;RPL23A;RPS25;RPS28;RPS27;RPS29;EIF3I;RPL37A;RPL29;RPL28;RPS21;RPS23,PT
GO_Biological_Process_2023,Translation (GO:0006412),52/234,1.0420727034702527e-54,5.4396195121147195e-52,0,0,35.68516833484986,4435.608732087722,RPL30;MRPS15;RPL3;RPL31;RPL34;RPLP0;RPL8;RPL10A;RPS15;EEF1B2;RPS4X;MRPL40;RPS19;RPL18A;RPS18;RPL36AL;RACK1;RPL35;RPL37;CHCHD1;RPS9;RPL21;RPS7;RPS8;RPL22;RPS6;RPS3A;EEF1G;RPL37A;RPL29;AURKAIP1;RPL28;RPL10;RPL12;RPL11;RPS15A;RPS3;RPL13;RPS2;RPL15;RPL18;RPL19;RPL41;RPL35A;RPL23A;MRPL23;RPS25;RPS28;RPS27;RPS29;RPS21;RPS23,PT
GO_Biological_Process_2023,Peptide Biosynthetic Process (GO:0043043),46/158,2.5870604418797e-54,8.004837124912769e-52,0,0,49.58556091148116,6118.316382906822,RPL30;MRPS15;RPL3;RPL10;RPL31;RPL34;RPL12;RPLP0;RPL11;RPL10A;RPL8;RPS15;RPS4X;RPS15A;RPL18A;RPS19;RPL36AL;RPS18;RPS3;RPL35;RPL13;RPL37;RPL15;RPS2;RPL18;RPL19;RPS9;RPL41;RPL21;RPS7;RPS8;RPL22;RPS6;RPL35A;RPS3A;RPL23A;MRPL23;RPS25;RPS28;RPS27;RPS29;RPL37A;RPL29;RPL28;RPS21;RPS23,PT
GO_Biological_Process_2023,Macromolecule Biosynthetic Process (GO:0009059),48/183,3.066987404181137e-54,8.004837124912769e-52,0,0,43.40869565217391,5348.771695854396,RPL30;MRPS15;RPL3;RPL10;RPL31;RPL34;RPL12;RPLP0;RPL11;RPL10A;RPL8;EEF1B2;RPS15;RPS4X;RPS15A;RPL18A;RPS19;RPL36AL;RPS18;RPS3;RPL35;RPL13;RPL37;RPL15;RPS2;RPL18;RPL19;RPS9;RPL41;RPL21;RPS7;RPS8;RPL22;RPS6;RPL35A;RPS3A;RPL23A;MRPL23;EEF1G;RPS25;RPS28;RPS27;RPS29;RPL37A;RPL29;RPL28;RPS21;RPS23,PT
GO_Biological_Process_2023,Gene Expression (GO:0010467),47/296,4.7800177953424327e-42,9.980677156675e-40,0,0,22.76944816302246,2166.379327771409,RPL30;MRPS15;RPL3;RPL10;RPL31;RPL34;RPL12;RPLP0;RPL11;RPL8;RPL10A;RPS15;RPS4X;RPS15A;RPS19;RPL18A;RPS18;RPL36AL;RPS3;RPL35;RPL13;RPL37;RPS2;RPL15;RPL18;RPL19;RPL41;RPS9;RPL21;RPS7;RPS8;RPL22;RPS6;RPL35A;RPS3A;RPL23A;MRPL23;RPS25;RPS28;RPS27;RPS29;RPL37A;STUB1;RPL29;RPL28;RPS21;RPS23,PT
GO_Biological_Process_2023,Ribonucleoprotein Complex Biogenesis (GO:0022613),17/118,6.0591749409381656e-15,1.0542964397232408e-12,0,0,17.261241749174918,565.0847709019412,RPS9;NPM1;RPS7;RPS19BP1;RPS8;RPS6;RPL11;RPL35A;RPS3A;RPS15;RPS4X;RPS25;RPS28;RPS27;RPS15A;RPS19;RPS23,PT
GO_Biological_Process_2023,Ribosomal Small Subunit Biogenesis (GO:0042274),15/84,9.160407363741629e-15,1.3662093268208942e-12,0,0,22.09995517705065,714.35642611679,RPS9;NPM1;RPS7;RPS19BP1;RPS8;RPS6;RPS3A;RPS15;RPS4X;RPS25;RPS28;RPS15A;RPS27;RPS19;RPS23,PT
GO_Biological_Process_2023,Ribosome Biogenesis (GO:0042254),17/155,6.020569459784879e-13,7.856843145019267e-11,0,0,12.609488224637682,354.8111306200529,RPS9;NPM1;RPS7;RPS19BP1;RPS8;RPS6;RPL11;RPL35A;RPS3A;RPS15;RPS4X;RPS25;RPS28;RPS27;RPS15A;RPS19;RPS23,PT
GO_Biological_Process_2023,Cellular Response To Copper Ion (GO:0071280),7/20,8.499457219761696e-10,9.859370374923569e-08,0,0,52.72124904798172,1101.128026936108,MT2A;MT1F;MT1G;MT1X;MT1H;AQP1;MT1E,PT
GO_Biological_Process_2023,Ribosome Assembly (GO:0042255),9/50,2.162163521975606e-09,2.257298716942533e-07,0,0,21.67682926829268,432.49948968135055,RPS15;NPM1;RPS28;RPS27;RPS19;RPL10;RPLP0;RPL11;RPL23A,PT
GO_Biological_Process_2023,Response To Copper Ion (GO:0046688),7/24,3.6626241338194783e-09,3.476163268825032e-07,0,0,40.3080955154339,782.9882206736523,MT2A;MT1F;MT1G;MT1X;MT1H;AQP1;MT1E,PT
GO_Biological_Process_2023,Response To Zinc Ion (GO:0010043),7/25,5.0421111536265695e-09,4.386636703655116e-07,0,0,38.06683168316832,727.2836053666974,MT2A;MT1F;MT1G;MT1X;MT1H;KHK;MT1E,PT
GO_Biological_Process_2023,Cellular Response To Zinc Ion (GO:0071294),6/15,5.6073877250230876e-09,4.503163680710849e-07,0,0,64.96551724137932,1234.2916125134352,MT2A;MT1F;MT1G;MT1X;MT1H;MT1E,PT
GO_Biological_Process_2023,rRNA Metabolic Process (GO:0016072),10/91,3.852485523868909e-08,2.872853490656529e-06,0,0,12.22780569514238,208.7526367795508,TRIR;RPS15;RPS25;RPS28;RPS27;RPS19;RPS7;RPS6;RPL11;RPL35A,PT
GO_Biological_Process_2023,Proton Motive Force-Driven ATP Synthesis (GO:0015986),8/60,1.996354837502554e-07,1.3894629669017772e-05,0,0,15.10830463069269,233.0723816401687,NDUFB8;NDUFB7;ATP5PD;NDUFA6;NDUFA12;NDUFB11;ATP5PO;ATP5MC1,PT
GO_Biological_Process_2023,Oxidative Phosphorylation (GO:0006119),8/63,2.9418403141065816e-07,1.9195508049545445e-05,0,0,14.282044323835368,214.78852591137536,NDUFB8;NDUFB7;ATP5PD;NDUFA6;NDUFA12;NDUFB11;ATP5PO;CHCHD10,PT
GO_Biological_Process_2023,ncRNA Processing (GO:0034470),9/100,1.0460910920960422e-06,6.424230000872165e-05,0,0,9.74175824175824,134.14839585161286,RPS15;RPS25;RPS28;RPS27;RPS19;RPS7;RPS6;RPL11;RPL35A,PT
GO_Biological_Process_2023,rRNA Processing (GO:0006364),9/101,1.1381368142078584e-06,6.601193522405578e-05,0,0,9.63538043478261,131.87095366415144,RPS15;RPS25;RPS28;RPS27;RPS19;RPS7;RPS6;RPL11;RPL35A,PT
GO_Biological_Process_2023,Proton Motive Force-Driven Mitochondrial ATP Synthesis (GO:0042776),7/53,1.2620117331653062e-06,6.934422365392525e-05,0,0,14.874623331898407,202.03908580326785,NDUFB8;NDUFB7;ATP5PD;NDUFA6;NDUFA12;NDUFB11;ATP5PO,PT
GO_Biological_Process_2023,Response To Cadmium Ion (GO:0046686),5/21,2.1092842474466405e-06,0.00011010463771671464,0,0,30.29258578431373,395.8987075984149,MT1F;MT1G;MT1X;MT1H;MT1E,PT
GO_Biological_Process_2023,Aerobic Respiration (GO:0009060),7/59,2.6488989704218724e-06,0.00012843756039813208,0,0,13.15432216298553,168.91947178510438,NDUFB8;NDUFB7;NDUFA6;NDUFA12;NDUFB11;MDH2;CHCHD10,PT
GO_Biological_Process_2023,Cellular Response To Cadmium Ion (GO:0071276),5/22,2.706538629079412e-06,0.00012843756039813208,0,0,28.509227220299884,365.4837314338644,MT1F;MT1G;MT1X;MT1H;MT1E,PT
GO_Biological_Process_2023,Cellular Response To Metal Ion (GO:0071248),9/135,1.2547791349303464e-05,0.0005695606160292529,0,0,7.023214285714285,79.2637569087135,MT2A;MT1F;CAPN3;MT1G;MT1X;MT1H;B2M;AQP1;MT1E,PT
GO_Biological_Process_2023,Negative Regulation Of Protein Modification By Small Protein Conjugation Or Removal (GO:1903321),6/54,2.0608182693939177e-05,0.0008605977092988999,0,0,12.157019704433498,131.17208282980917,RPL11;RPS3;CAPN3;SQSTM1;VPS28;COPS9,PT
GO_Biological_Process_2023,Ribosomal Large Subunit Biogenesis (GO:0042273),6/54,2.0608182693939177e-05,0.0008605977092988999,0,0,12.157019704433498,131.17208282980917,NPM1;RPL10;RPLP0;RPL11;RPL35A;RPL23A,PT
GO_Biological_Process_2023,Ribosomal Small Subunit Assembly (GO:0000028),4/17,2.478563881199128e-05,0.000995238727681496,0,0,29.685553470919324,314.82260173784107,RPS15;RPS28;RPS27;RPS19,PT
GO_Biological_Process_2023,protein-RNA Complex Assembly (GO:0022618),9/150,2.9105584720654843e-05,0.0011254159425319,0,0,6.2712765957446805,65.50085316300934,RPS15;RPS28;RPS27;RPS19;RPL10;EIF3I;RPLP0;RPL11;RPL23A,PT
GO_Biological_Process_2023,Cellular Respiration (GO:0045333),7/85,3.0472633274423788e-05,0.0011361938978035,0,0,8.757996953541507,91.07162130797964,NDUFB8;NDUFB7;NDUFA6;NDUFA12;NDUFB11;MDH2;COX7A2,PT
GO_Biological_Process_2023,Ribosomal Large Subunit Assembly (GO:0000027),4/22,7.312093358866521e-05,0.0026323536091919,0,0,21.43414634146341,204.12586059528047,RPL10;RPL11;RPLP0;RPL23A,PT
GO_Biological_Process_2023,Regulation Of Proteolysis (GO:0030162),5/52,0.0002071136404342317,0.0071739661578176,0,0,10.296203587818106,87.33490006526397,CST3;CSTB;CAPN3;STUB1;AURKAIP1,PT
GO_Biological_Process_2023,NADH Dehydrogenase Complex Assembly (GO:0010257),5/53,0.00022676329809193587,0.0071739661578176,0,0,10.081188725490197,84.59734186127743,NDUFB8;NDUFAF8;NDUFB7;NDUFA6;NDUFB11,PT
GO_Biological_Process_2023,Mitochondrial Respiratory Chain Complex I Assembly (GO:0032981),5/53,0.00022676329809193587,0.0071739661578176,0,0,10.081188725490197,84.59734186127743,NDUFB8;NDUFAF8;NDUFB7;NDUFA6;NDUFB11,PT
GO_Biological_Process_2023,Negative Regulation Of Cysteine-Type Endopeptidase Activity (GO:2000117),5/53,0.00022676329809193587,0.0071739661578176,0,0,10.081188725490197,84.59734186127743,CST3;FABP1;AVP;AQP1;LAMTOR5,PT
GO_Biological_Process_2023,Negative Regulation Of Growth (GO:0045926),7/124,0.0003299255808549541,0.010130656070958,0,0,5.827113480578827,46.71389106693678,MT2A;MT1F;RACK1;MT1G;MT1X;MT1H;MT1E,PT
GO_Biological_Process_2023,Mitochondrial Respiratory Chain Complex Assembly (GO:0033108),6/90,0.0003638237787035479,0.0108523435704715,0,0,6.934201266713582,54.91083682153899,NDUFB8;NDUFAF8;NDUFB7;NDUFA6;NDUFB11;COX14,PT
GO_Biological_Process_2023,Monocarboxylic Acid Metabolic Process (GO:0032787),6/97,0.0005436156156049274,0.0157648528525428,0,0,6.398527580793591,48.099447588854055,GAMT;GRHPR;AMACR;ANGPTL3;ECHDC3;ALKBH7,PT
GO_Biological_Process_2023,Positive Regulation Of Intrinsic Apoptotic Signaling Pathway (GO:2001244),4/39,0.0007155976244971075,0.020191457296621,0,0,11.013797909407666,79.7662476612109,FIS1;RPS7;RACK1;RPS3,PT
GO_Biological_Process_2023,Mitochondrial ATP Synthesis Coupled Electron Transport (GO:0042775),5/70,0.0008286307189392091,0.0227655386992772,0,0,7.43815987933635,52.779218500087495,NDUFB8;NDUFB7;NDUFA6;NDUFA12;COX7A2,PT
GO_Biological_Process_2023,Cellular Response To Reactive Oxygen Species (GO:0034614),5/73,0.0010027294272571,0.026842295437344,0,0,7.108924452133794,49.08733355179636,FABP1;RPS3;ROMO1;SQSTM1;AQP1,PT
GO_Biological_Process_2023,Defense Response To Gram-negative Bacterium (GO:0050829),5/75,0.0011329874247159,0.0288745451372243,0,0,6.905112044817927,46.83666650858223,RPL30;RPS19;ROMO1;OPTN;AQP1,PT
GO_Biological_Process_2023,Establishment Of Protein Localization To Mitochondrion (GO:0072655),4/44,0.0011339620216726,0.0288745451372243,0,0,9.634634146341464,65.34245070384243,FIS1;ROMO1;TOMM20;TOMM22,PT
GO_Biological_Process_2023,Positive Regulation Of Signal Transduction By P53 Class Mediator (GO:1901798),3/21,0.0013020132742933,0.0323643299610068,0,0,15.99757281553398,106.28537080517184,RPS15;RPS7;RPL37,PT
GO_Biological_Process_2023,Ribosomal Small Subunit Export From Nucleus (GO:0000056),2/6,0.0015857675752462,0.036789807745714,0,0,47.79468599033817,308.11736718674643,RPS15;NPM1,PT
GO_Biological_Process_2023,Inositol Metabolic Process (GO:0006020),2/6,0.0015857675752462,0.036789807745714,0,0,47.79468599033817,308.11736718674643,MIOX;IMPA2,PT
GO_Biological_Process_2023,Intracellular Sequestering Of Iron Ion (GO:0006880),2/6,0.0015857675752462,0.036789807745714,0,0,47.79468599033817,308.11736718674643,FTH1;FTL,PT
GO_Biological_Process_2023,Negative Regulation Of Apoptotic Signaling Pathway (GO:2001234),5/82,0.0016888490982757,0.0369618478103085,0,0,6.275146422205245,40.05870234742043,PRELID1;GSTP1;AVP;HERPUD1;SLC25A6,PT
GO_Biological_Process_2023,Fatty Acid Beta-Oxidation (GO:0006635),4/49,0.0016993953016233,0.0369618478103085,0,0,8.561951219512196,54.603696603703845,AMACR;ECI1;ECI2;ECHDC2,PT
GO_Biological_Process_2023,Negative Regulation Of Cysteine-Type Endopeptidase Activity Involved In Apoptotic Process (GO:0043154),4/49,0.0016993953016233,0.0369618478103085,0,0,8.561951219512196,54.603696603703845,FABP1;AVP;AQP1;LAMTOR5,PT
GO_Biological_Process_2023,Dicarboxylic Acid Metabolic Process (GO:0043648),4/50,0.0018322367223594,0.039037859962107,0,0,8.375397667020149,52.78358030788479,PHYH;MDH2;PCK1;NIT2,PT
GO_Biological_Process_2023,Regulation Of Cysteine-Type Endopeptidase Activity Involved In Apoptotic Process (GO:0043281),5/84,0.0018790481915189,0.0392345262389159,0,0,6.1156614544552,38.387945251463606,FABP1;FIS1;AVP;AQP1;LAMTOR5,PT
GO_Biological_Process_2023,Fatty Acid Oxidation (GO:0019395),4/52,0.0021191884968195,0.0426263227448771,0,0,8.02560975609756,49.41144853479605,PHYH;ECI1;ECI2;ECHDC2,PT
GO_Biological_Process_2023,ATP Biosynthetic Process (GO:0006754),3/25,0.0021834734630366,0.0426263227448771,0,0,13.086275375110327,80.17749367664486,ATP5PD;ATP5PO;ATP5MC1,PT
GO_Biological_Process_2023,Regulation Of Endodeoxyribonuclease Activity (GO:0032071),2/7,0.0022048097971488,0.0426263227448771,0,0,38.23381642512077,233.88061501220665,NPM1;RPS3,PT
GO_Biological_Process_2023,Nucleobase-Containing Small Molecule Interconversion (GO:0015949),2/7,0.0022048097971488,0.0426263227448771,0,0,38.23381642512077,233.88061501220665,GUK1;GLRX,PT
GO_Biological_Process_2023,Negative Regulation Of Programmed Cell Death (GO:0043069),11/381,0.002309841803251,0.0438449971380742,0,0,2.916066066066066,17.70220137561516,FABP1;PRELID1;NPM1;PSMC5;RPL10;GSTP1;CTSH;CAPN3;RPS3A;AVP;AQP1,PT
GO_Biological_Process_2023,Regulation Of Peptidase Activity (GO:0052547),3/27,0.0027345390037878,0.0509796199991871,0,0,11.994538834951456,70.78927827782337,CST3;CSTB;CTSH,PT
GO_Biological_Process_2023,Positive Regulation Of Cellular Metabolic Process (GO:0031325),4/56,0.0027833762234371,0.0509797329345328,0,0,7.406754221388367,43.58201303344365,PRELID1;GADD45A;ROMO1;B2M,PT
GO_Biological_Process_2023,Negative Regulation Of Ubiquitin Protein Ligase Activity (GO:1904667),2/8,0.0029195491709734,0.052551885077522,0,0,31.85990338164251,185.9447846341952,RPS7;RPL11,PT
GO_Biological_Process_2023,Protein Insertion Into Mitochondrial Membrane (GO:0051204),3/28,0.0030393012702475,0.0537801784091262,0,0,11.514174757281554,66.73762650830483,ROMO1;TOMM20;TOMM22,PT
GO_Biological_Process_2023,Regulation Of Apoptotic Process (GO:0042981),16/705,0.0030995389384261,0.0539319775286155,0,0,2.2983824270362545,13.276610475300766,PRELID1;NPM1;RPL10;GADD45A;GSTP1;RPS6;RPS3A;IER3IP1;AQP1;FABP1;RACK1;RPS3;CTSH;CAPN3;AVP;SQSTM1,PT
GO_Biological_Process_2023,TOR Signaling (GO:0031929),3/29,0.0033641216784624,0.0557838264248123,0,0,11.070761762509337,63.04343114393392,RPS6;LAMTOR2;LAMTOR5,PT
GO_Biological_Process_2023,Positive Regulation Of Proteolysis (GO:0045862),4/59,0.0033662653877041,0.0557838264248123,0,0,7.001685144124169,39.8672545273942,CAPN3;CTSH;STUB1;AURKAIP1,PT
GO_Biological_Process_2023,Protein Targeting To Mitochondrion (GO:0006626),4/59,0.0033662653877041,0.0557838264248123,0,0,7.001685144124169,39.8672545273942,FIS1;ROMO1;TOMM20;TOMM22,PT
GO_Biological_Process_2023,"Maturation Of SSU-rRNA From Tricistronic rRNA Transcript (SSU-rRNA, 5.8S rRNA, LSU-rRNA) (GO:0000462)",3/30,0.0037094043101354,0.0605096578090852,0,0,10.66019417475728,59.66386998504041,RPS19;RPS8;RPS21,PT
GO_Biological_Process_2023,Fatty Acid Catabolic Process (GO:0009062),4/61,0.0037978858976666,0.0609998904179073,0,0,6.755327342747112,37.64953822743684,PHYH;ECI1;ECI2;ECHDC2,PT
GO_Biological_Process_2023,Positive Regulation Of Apoptotic Signaling Pathway (GO:2001235),4/62,0.0040271251328434,0.0637017975558868,0,0,6.63851976450799,36.60946170182325,FIS1;RACK1;RPS3;CTSH,PT
GO_Biological_Process_2023,Modification-Dependent Protein Catabolic Process (GO:0019941),7/192,0.0041383663627585,0.0644843952644769,0,0,3.6725180626170726,20.152774547511463,PSMD9;TOLLIP;STUB1;RNF7;SQSTM1;ANAPC11;HERPUD1,PT
GO_Biological_Process_2023,Response To Metal Ion (GO:0010038),4/64,0.0045133093739655,0.0680505375068115,0,0,6.416585365853659,34.65421048954332,IMPA2;CAPN3;MT1X;KHK,PT
GO_Biological_Process_2023,TORC1 Signaling (GO:0038202),2/10,0.0046279580105207,0.0680505375068115,0,0,23.89251207729469,128.43753269506544,LAMTOR2;LAMTOR5,PT
GO_Biological_Process_2023,Aromatic Amino Acid Family Catabolic Process (GO:0009074),2/10,0.0046279580105207,0.0680505375068115,0,0,23.89251207729469,128.43753269506544,HGD;HPD,PT
GO_Biological_Process_2023,Regulation Of Biosynthetic Process (GO:0009889),2/10,0.0046279580105207,0.0680505375068115,0,0,23.89251207729469,128.43753269506544,GSTP1;PCK1,PT
GO_Biological_Process_2023,Antimicrobial Humoral Immune Response Mediated By Antimicrobial Peptide (GO:0061844),4/65,0.0047705871475654,0.0691735136396984,0,0,6.311075569772092,33.73450319334849,RPL30;RPS19;ROMO1;CXCL14,PT
GO_Biological_Process_2023,Response To Reactive Oxygen Species (GO:0000302),4/66,0.0050375401927663,0.0720437254965493,0,0,6.208969315499607,32.85064690243087,GSTP1;RPS3;ROMO1;SQSTM1,PT
GO_Biological_Process_2023,Cellular Response To Hydrogen Peroxide (GO:0070301),3/34,0.0053025732289073,0.0738118193463896,0,0,9.28280613842781,48.63784814867323,FABP1;RPS3;AQP1,PT
GO_Biological_Process_2023,"Mitochondrial Electron Transport, NADH To Ubiquinone (GO:0006120)",3/34,0.0053025732289073,0.0738118193463896,0,0,9.28280613842781,48.63784814867323,NDUFB8;NDUFB7;NDUFA6,PT
GO_Biological_Process_2023,Aerobic Electron Transport Chain (GO:0019646),4/68,0.0056011128732423,0.0769416031534872,0,0,6.014329268292683,31.183034088293173,NDUFB8;NDUFB7;NDUFA6;COX7A2,PT
GO_Biological_Process_2023,Protein Destabilization (GO:0031648),3/36,0.0062310615280932,0.0844834835757055,0,0,8.719329214474845,44.27857234992769,CAPN3;CTSH;ISOC2,PT
GO_Biological_Process_2023,Phospholipid Homeostasis (GO:0055091),2/12,0.0066949886480984,0.0885991679751698,0,0,19.11207729468599,95.68262723226304,FABP3;ANGPTL3,PT
GO_Biological_Process_2023,Regulation Of Protein Ubiquitination (GO:0031396),5/113,0.0067043431705348,0.0885991679751698,0,0,4.466911764705882,22.356892168202528,CENPX;RPS3;STUB1;SQSTM1;VPS28,PT
GO_Biological_Process_2023,Fatty Acid Transport (GO:0015908),3/38,0.0072506346309906,0.0934526241327682,0,0,8.220249653259362,40.49842676869443,FABP1;SLC22A6;FABP3,PT
GO_Biological_Process_2023,Maturation Of SSU-rRNA (GO:0030490),3/38,0.0072506346309906,0.0934526241327682,0,0,8.220249653259362,40.49842676869443,RPS28;RPS19;RPS8,PT
GO_Biological_Process_2023,Negative Regulation Of Mitochondrion Organization (GO:0010823),3/39,0.0077952227464234,0.0976652303447632,0,0,7.991504854368932,38.79271609921484,PRELID1;AVP;SLC25A6,PT
GO_Biological_Process_2023,Outer Mitochondrial Membrane Organization (GO:0007008),2/13,0.0078581219817625,0.0976652303447632,0,0,17.373737373737374,84.19673870402127,TOMM20;TOMM22,PT
GO_Biological_Process_2023,Protein Insertion Into Mitochondrial Outer Membrane (GO:0045040),2/13,0.0078581219817625,0.0976652303447632,0,0,17.373737373737374,84.19673870402127,TOMM20;TOMM22,PT
GO_Biological_Process_2023,Protein Maturation By Iron-Sulfur Cluster Transfer (GO:0097428),2/14,0.0091051336298282,0.1118324648181258,0,0,15.92512077294686,74.83081896538097,GLRX5;CISD3,PT
GO_Biological_Process_2023,Translational Elongation (GO:0006414),3/42,0.0095709127539449,0.1161864292455645,0,0,7.375653472740852,34.28960993561792,EEF1B2;EEF1G;RACK1,PT
GO_Biological_Process_2023,Protein Targeting (GO:0006605),5/129,0.0115095940516106,0.1371857500453561,0,0,3.887373497786211,17.355467914027805,FIS1;RPL11;TOMM20;AP1M2;TOMM22,PT
GO_Biological_Process_2023,Hexose Metabolic Process (GO:0019318),3/45,0.0115635498122522,0.1371857500453561,0,0,6.847780859916782,30.540399954934603,GALM;PCK1;KHK,PT
GO_Biological_Process_2023,Negative Regulation Of Release Of Cytochrome C From Mitochondria (GO:0090201),2/16,0.0118433699250346,0.1373830911304014,0,0,13.64872325741891,60.54555986430183,PRELID1;AVP,PT
GO_Biological_Process_2023,Negative Regulation Of Chemokine Production (GO:0032682),2/16,0.0118433699250346,0.1373830911304014,0,0,13.64872325741891,60.54555986430183,SIGIRR;GSTP1,PT
GO_Biological_Process_2023,Regulation Of Fibroblast Proliferation (GO:0048145),3/46,0.012276742867805,0.1378163392901982,0,0,6.688191465342063,29.428367695749245,GSTP1;FTH1;AQP1,PT
GO_Biological_Process_2023,Response To Glucose (GO:0009749),3/46,0.012276742867805,0.1378163392901982,0,0,6.688191465342063,29.428367695749245,RACK1;PCK1;KHK,PT
GO_Biological_Process_2023,Response To Hydrogen Peroxide (GO:0042542),3/46,0.012276742867805,0.1378163392901982,0,0,6.688191465342063,29.428367695749245,FABP1;RPS3;AQP1,PT
GO_Biological_Process_2023,Negative Regulation Of Apoptotic Process (GO:0043066),11/482,0.012801667375157,0.1391751890862781,0,0,2.278839348903043,9.931591738284723,FABP1;PRELID1;NPM1;RPL10;GSTP1;CTSH;CAPN3;RPS3A;AVP;AQP1;LAMTOR5,PT
GO_Biological_Process_2023,Negative Regulation Of Hydrolase Activity (GO:0051346),3/47,0.013014656430176,0.1391751890862781,0,0,6.535856134157105,28.376590232343837,CST3;GCHFR;CSTB,PT
GO_Biological_Process_2023,Regulation Of Signal Transduction By P53 Class Mediator (GO:1901796),3/47,0.013014656430176,0.1391751890862781,0,0,6.535856134157105,28.376590232343837,RPS15;RPL11;RPL37,PT
GO_Biological_Process_2023,Negative Regulation Of Fibroblast Proliferation (GO:0048147),2/17,0.0133309568090304,0.1391751890862781,0,0,12.73816425120773,54.99914338699634,GSTP1;FTH1,PT
GO_Biological_Process_2023,Negative Regulation Of Ubiquitin-Protein Transferase Activity (GO:0051444),2/17,0.0133309568090304,0.1391751890862781,0,0,12.73816425120773,54.99914338699634,RPS7;RPL11,PT
GO_Biological_Process_2023,Cellular Response To Glucocorticoid Stimulus (GO:0071385),2/17,0.0133309568090304,0.1391751890862781,0,0,12.73816425120773,54.99914338699634,PCK1;AQP1,PT
GO_Biological_Process_2023,Regulation Of Ubiquitin Protein Ligase Activity (GO:1904666),2/17,0.0133309568090304,0.1391751890862781,0,0,12.73816425120773,54.99914338699634,RPS7;RPL11,PT
GO_Biological_Process_2023,Negative Regulation Of Protein Kinase Activity (GO:0006469),4/88,0.0136570240653977,0.1396467503383939,0,0,4.577700348432056,19.65436242519413,NPM1;GADD45A;GSTP1;THY1,PT
GO_Biological_Process_2023,Regulation Of Intrinsic Apoptotic Signaling Pathway (GO:2001242),3/48,0.0137774092766806,0.1396467503383939,0,0,6.390291262135922,27.380640965352573,FIS1;RACK1;HERPUD1,PT
GO_Biological_Process_2023,Positive Regulation Of Reactive Oxygen Species Metabolic Process (GO:2000379),3/48,0.0137774092766806,0.1396467503383939,0,0,6.390291262135922,27.380640965352573,GADD45A;GSTP1;ROMO1,PT
GO_Biological_Process_2023,Proton Transmembrane Transport (GO:1902600),3/49,0.0145651077654698,0.1453320754994689,0,0,6.251055297593921,26.436503547411284,ATP6V0E1;ATP5PO;ATP6V1F,PT
GO_Biological_Process_2023,Regulation Of Mitochondrial Outer Membrane Permeabilization Involved In Apoptotic Signaling Pathway (GO:1901028),2/18,0.0148951456690068,0.1453320754994689,0,0,11.941425120772946,50.23423084681995,CHCHD10;SLC25A6,PT
GO_Biological_Process_2023,Regulation Of Protein Neddylation (GO:2000434),2/18,0.0148951456690068,0.1453320754994689,0,0,11.941425120772946,50.23423084681995,RPL11;COPS9,PT
GO_Biological_Process_2023,Protein Import Into Mitochondrial Matrix (GO:0030150),2/18,0.0148951456690068,0.1453320754994689,0,0,11.941425120772946,50.23423084681995,ROMO1;TOMM20,PT
GO_Biological_Process_2023,Ubiquitin-Dependent Protein Catabolic Process (GO:0006511),9/367,0.0153714451666488,0.1472887283279667,0,0,2.442695530726257,10.198849127382204,PSMD9;PSMC5;TOLLIP;STUB1;RNF7;SQSTM1;VPS28;ANAPC11;HERPUD1,PT
GO_Biological_Process_2023,Intracellular Iron Ion Homeostasis (GO:0006879),3/50,0.0153778461568471,0.1472887283279667,0,0,6.117744267713283,25.54052619027468,FTH1;B2M;FTL,PT
GO_Biological_Process_2023,Regulation Of Release Of Sequestered Calcium Ion Into Cytosol (GO:0051279),3/51,0.0162157069167612,0.1539018001918067,0,0,5.98998786407767,24.68938189124124,CAPN3;THY1;LIME1,PT
GO_Biological_Process_2023,Negative Regulation Of Peptidyl-Serine Phosphorylation (GO:0033137),2/19,0.0165341890248704,0.1555107508285115,0,0,11.238420005683432,46.1036511219239,GADD45A;RACK1,PT
GO_Biological_Process_2023,Positive Regulation Of Protein Metabolic Process (GO:0051247),6/196,0.0172214091808103,0.1605281355782681,0,0,3.049157376199118,12.384463543105202,RPS4X;NPM1;CAPN3;STUB1;AURKAIP1;VPS28,PT
GO_Biological_Process_2023,Mitochondrial Transport (GO:0006839),3/53,0.0179670683081206,0.1656452817149239,0,0,5.749805825242719,23.10970429720053,FIS1;TOMM20;TOMM22,PT
GO_Biological_Process_2023,Endoplasmic Reticulum Calcium Ion Homeostasis (GO:0032469),2/20,0.0182463672387128,0.1656452817149239,0,0,10.61352657004831,42.49432384239223,FIS1;HERPUD1,PT
GO_Biological_Process_2023,Sulfur Compound Catabolic Process (GO:0044273),2/20,0.0182463672387128,0.1656452817149239,0,0,10.61352657004831,42.49432384239223,MPST;SUCLG1,PT
GO_Biological_Process_2023,Negative Regulation Of Protein Ubiquitination (GO:0031397),3/54,0.0188806776550364,0.169926098895328,0,0,5.636778983438036,22.375849315952102,RPS3;SQSTM1;VPS28,PT
GO_Biological_Process_2023,Mitochondrial Translation (GO:0032543),4/98,0.0195310054500617,0.1742766640159353,0,0,4.088635184224183,16.09185432060827,MRPS15;MRPL40;MRPL23;CHCHD1,PT
GO_Biological_Process_2023,Mitochondrial Calcium Ion Homeostasis (GO:0051560),2/21,0.020029988143284,0.1772144713693948,0,0,10.05441139079583,39.31802430134941,FIS1;SMDT1,PT
GO_Biological_Process_2023,Antimicrobial Humoral Response (GO:0019730),4/100,0.020866029454326,0.1830599558850115,0,0,4.003048780487805,15.490328970431316,RPL30;RPS19;ROMO1;CXCL14,PT
GO_Biological_Process_2023,Cellular Response To Topologically Incorrect Protein (GO:0035967),2/22,0.0218833866447,0.19038546380889,0,0,9.5512077294686,36.50497889385927,STUB1;OPTN,PT
GO_Biological_Process_2023,Mitochondrial Gene Expression (GO:0140053),4/103,0.0229714209618534,0.1981996982163226,0,0,3.881152993348116,14.645547907389547,MRPS15;MRPL40;MRPL23;CHCHD1,PT
GO_Biological_Process_2023,Negative Regulation Of Protein Tyrosine Kinase Activity (GO:0061099),2/23,0.0238049243614343,0.2022579494021379,0,0,9.095928226363007,33.99933187399019,ZGPAT;THY1,PT
GO_Biological_Process_2023,Glucose Metabolic Process (GO:0006006),3/59,0.0238292411651944,0.2022579494021379,0,0,5.132194868238558,19.178200473890712,MDH2;GALM;PCK1,PT
GO_Biological_Process_2023,ERK1 And ERK2 Cascade (GO:0070371),2/24,0.0257929892410897,0.2154230461415813,0,0,8.682037768994292,31.75587766155687,CTSH;AVP,PT
GO_Biological_Process_2023,Positive Regulation Of Lipid Metabolic Process (GO:0045834),2/24,0.0257929892410897,0.2154230461415813,0,0,8.682037768994292,31.75587766155687,ANGPTL3;PCK1,PT
GO_Biological_Process_2023,Lipid Transport (GO:0006869),4/108,0.0267585396968731,0.218580593916942,0,0,3.693621013133208,13.374238293801971,FABP1;GLTPD2;PRELID1;FABP3,PT
GO_Biological_Process_2023,Regulation Of T Cell Activation (GO:0050863),3/62,0.0271029271626547,0.218580593916942,0,0,4.870495310185947,17.57330009246608,PRELID1;THY1;B2M,PT
GO_Biological_Process_2023,Regulation Of Proteasomal Ubiquitin-Dependent Protein Catabolic Process (GO:0032434),4/109,0.0275581322377386,0.218580593916942,0,0,3.658257839721254,13.138477942800764,RPL11;RACK1;STUB1;HERPUD1,PT
GO_Biological_Process_2023,Mitochondrion Organization (GO:0007005),5/162,0.0278232850043229,0.218580593916942,0,0,3.0651305108030478,10.978935861874133,FIS1;CHCHD10;COX7A2;TOMM20;TOMM22,PT
GO_Biological_Process_2023,Negative Regulation Of Proteolysis Involved In Protein Catabolic Process (GO:1903051),2/25,0.0278459952020625,0.218580593916942,0,0,8.304137786179375,29.737666496826545,RPS7;RPL11,PT
GO_Biological_Process_2023,Negative Regulation Of Response To Endoplasmic Reticulum Stress (GO:1903573),2/25,0.0278459952020625,0.218580593916942,0,0,8.304137786179375,29.737666496826545,RACK1;HERPUD1,PT
GO_Biological_Process_2023,Cellular Response To Hexose Stimulus (GO:0071331),2/25,0.0278459952020625,0.218580593916942,0,0,8.304137786179375,29.737666496826545,RACK1;PCK1,PT
GO_Biological_Process_2023,Positive Regulation Of Peptidase Activity (GO:0010952),2/25,0.0278459952020625,0.218580593916942,0,0,8.304137786179375,29.737666496826545,PRELID1;CTSH,PT
GO_Biological_Process_2023,Negative Regulation Of Neurogenesis (GO:0050768),2/27,0.0321406136873985,0.2485540791825486,0,0,7.639033816425121,26.260208674105694,THY1;B2M,PT
GO_Biological_Process_2023,Cellular Response To Acid Chemical (GO:0071229),2/27,0.0321406136873985,0.2485540791825486,0,0,7.639033816425121,26.260208674105694,LAMTOR2;LAMTOR5,PT
GO_Biological_Process_2023,Regulation Of I-kappaB kinase/NF-kappaB Signaling (GO:0043122),6/232,0.0354104270132987,0.2718271014844401,0,0,2.5587427525175466,8.548117173554713,GSTP1;CAPN3;LIME1;SQSTM1;OPTN;LAMTOR5,PT
GO_Biological_Process_2023,Alpha-Amino Acid Catabolic Process (GO:1901606),2/29,0.0366765968201792,0.2774598320069947,0,0,7.072463768115942,23.378852334545964,HMGCL;HPD,PT
GO_Biological_Process_2023,Vacuolar Acidification (GO:0007035),2/29,0.0366765968201792,0.2774598320069947,0,0,7.072463768115942,23.378852334545964,ATP6V0E1;ATP6V1F,PT
GO_Biological_Process_2023,Positive Regulation Of Protein Transport (GO:0051222),3/70,0.0369414910430768,0.2774598320069947,0,0,4.2872047529343575,14.141001648696426,RACK1;IER3IP1;VPS28,PT
GO_Biological_Process_2023,Response To Amino Acid (GO:0043200),2/30,0.0390314006344131,0.287463269248964,0,0,6.819530710835059,22.118389612899374,LAMTOR2;LAMTOR5,PT
GO_Biological_Process_2023,Fatty Acid Metabolic Process (GO:0006631),4/122,0.0392518276990552,0.287463269248964,0,0,3.2530797850351383,10.532682724723063,PHYH;ANGPTL3;ECHDC3;ALKBH7,PT
GO_Biological_Process_2023,Cellular Response To Hypoxia (GO:0071456),3/72,0.0396501061033053,0.287463269248964,0,0,4.162515829463909,13.435192730705092,FABP1;STUB1;AQP1,PT
GO_Biological_Process_2023,Cholesterol Homeostasis (GO:0042632),3/72,0.0396501061033053,0.287463269248964,0,0,4.162515829463909,13.435192730705092,FABP3;APOM;ANGPTL3,PT
GO_Biological_Process_2023,Negative Regulation Of Catabolic Process (GO:0009895),3/72,0.0396501061033053,0.287463269248964,0,0,4.162515829463909,13.435192730705092,CST3;RPS7;RPL11,PT
GO_Biological_Process_2023,Cellular Response To Decreased Oxygen Levels (GO:0036294),3/73,0.0410412416604198,0.2934729883114955,0,0,4.102843273231623,13.10110815417437,FABP1;STUB1;AQP1,PT
GO_Biological_Process_2023,Sterol Homeostasis (GO:0055092),3/73,0.0410412416604198,0.2934729883114955,0,0,4.102843273231623,13.10110815417437,FABP3;APOM;ANGPTL3,PT
GO_Biological_Process_2023,Gluconeogenesis (GO:0006094),2/32,0.0439074437754528,0.2977230180058285,0,0,6.364251207729469,19.892558053643064,MDH2;PCK1,PT
GO_Biological_Process_2023,Intracellular pH Reduction (GO:0051452),2/32,0.0439074437754528,0.2977230180058285,0,0,6.364251207729469,19.892558053643064,ATP6V0E1;ATP6V1F,PT
GO_Biological_Process_2023,Protein Transmembrane Import Into Intracellular Organelle (GO:0044743),2/32,0.0439074437754528,0.2977230180058285,0,0,6.364251207729469,19.892558053643064,ROMO1;TOMM20,PT
GO_Biological_Process_2023,Carboxylic Acid Metabolic Process (GO:0019752),2/33,0.0464258778785749,0.2977230180058285,0,0,6.15864110955275,18.90640164042936,GRHPR;PCK1,PT
GO_Biological_Process_2023,Positive Regulation Of Release Of Sequestered Calcium Ion Into Cytosol (GO:0051281),2/33,0.0464258778785749,0.2977230180058285,0,0,6.15864110955275,18.90640164042936,CAPN3;THY1,PT
GO_Biological_Process_2023,Organonitrogen Compound Catabolic Process (GO:1901565),3/78,0.0483604293849771,0.2977230180058285,0,0,3.828349514563107,11.596351582255716,MPST;CAPN3;SQSTM1,PT
GO_Biological_Process_2023,Cellular Response To Glucose Stimulus (GO:0071333),2/34,0.0489960885310338,0.2977230180058285,0,0,5.965881642512077,17.9931873882553,RACK1;PCK1,PT
GO_Biological_Process_2023,Purine Nucleotide Metabolic Process (GO:0006163),2/34,0.0489960885310338,0.2977230180058285,0,0,5.965881642512077,17.9931873882553,GUK1;QPRT,PT
GO_Biological_Process_2023,Regulation Of T Cell Receptor Signaling Pathway (GO:0050856),2/34,0.0489960885310338,0.2977230180058285,0,0,5.965881642512077,17.9931873882553,RPS3;THY1,PT
GO_Biological_Process_2023,Intracellular Monoatomic Cation Homeostasis (GO:0030003),5/190,0.0495634909972726,0.2977230180058285,0,0,2.5975092739798624,7.804218652421499,MT2A;FTH1;B2M;SLC39A4;FTL,PT
GO_Biological_Process_2023,Cellular Response To UV (GO:0034644),3/79,0.0498960458720855,0.2977230180058285,0,0,3.77778487480838,11.325094574881208,NPM1;AQP1;COPS9,PT
GO_Biological_Process_2023,Negative Regulation Of Endoplasmic Reticulum Calcium Ion Concentration (GO:0032471),1/5,0.051174099476704,0.2977230180058285,0,0,23.782451923076923,70.69385547952577,FIS1,PT
GO_Biological_Process_2023,L-phenylalanine Catabolic Process (GO:0006559),1/5,0.051174099476704,0.2977230180058285,0,0,23.782451923076923,70.69385547952577,HGD,PT
GO_Biological_Process_2023,L-phenylalanine Metabolic Process (GO:0006558),1/5,0.051174099476704,0.2977230180058285,0,0,23.782451923076923,70.69385547952577,HGD,PT
GO_Biological_Process_2023,Negative Regulation Of Protein Kinase Activity By Regulation Of Protein Phosphorylation (GO:0044387),1/5,0.051174099476704,0.2977230180058285,0,0,23.782451923076923,70.69385547952577,NPM1,PT
GO_Biological_Process_2023,Bradykinin Catabolic Process (GO:0010815),1/5,0.051174099476704,0.2977230180058285,0,0,23.782451923076923,70.69385547952577,CTSH,PT
GO_Biological_Process_2023,Pexophagy (GO:0000425),1/5,0.051174099476704,0.2977230180058285,0,0,23.782451923076923,70.69385547952577,SQSTM1,PT
GO_Biological_Process_2023,Response To Lithium Ion (GO:0010226),1/5,0.051174099476704,0.2977230180058285,0,0,23.782451923076923,70.69385547952577,IMPA2,PT
GO_Biological_Process_2023,Embryonic Brain Development (GO:1990403),1/5,0.051174099476704,0.2977230180058285,0,0,23.782451923076923,70.69385547952577,RPL10,PT
GO_Biological_Process_2023,Short-Chain Fatty Acid Catabolic Process (GO:0019626),1/5,0.051174099476704,0.2977230180058285,0,0,23.782451923076923,70.69385547952577,PCK1,PT
GO_Biological_Process_2023,Epithelial Tube Branching Involved In Lung Morphogenesis (GO:0060441),1/5,0.051174099476704,0.2977230180058285,0,0,23.782451923076923,70.69385547952577,CTSH,PT
GO_Biological_Process_2023,Erythrose 4-Phosphate/Phosphoenolpyruvate Family Amino Acid Catabolic Process (GO:1902222),1/5,0.051174099476704,0.2977230180058285,0,0,23.782451923076923,70.69385547952577,HGD,PT
GO_Biological_Process_2023,succinyl-CoA Catabolic Process (GO:1901289),1/5,0.051174099476704,0.2977230180058285,0,0,23.782451923076923,70.69385547952577,SUCLG1,PT
GO_Biological_Process_2023,Positive Regulation Of Intrinsic Apoptotic Signaling Pathway By P53 Class Mediator (GO:1902255),1/5,0.051174099476704,0.2977230180058285,0,0,23.782451923076923,70.69385547952577,RPS7,PT
GO_Biological_Process_2023,tRNA Transport (GO:0051031),1/5,0.051174099476704,0.2977230180058285,0,0,23.782451923076923,70.69385547952577,TOMM20,PT
GO_Biological_Process_2023,Glyoxylate Metabolic Process (GO:0046487),1/5,0.051174099476704,0.2977230180058285,0,0,23.782451923076923,70.69385547952577,GRHPR,PT
GO_Biological_Process_2023,Hepatocyte Differentiation (GO:0070365),1/5,0.051174099476704,0.2977230180058285,0,0,23.782451923076923,70.69385547952577,PCK1,PT
GO_Biological_Process_2023,Positive Regulation Of Receptor Binding (GO:1900122),1/5,0.051174099476704,0.2977230180058285,0,0,23.782451923076923,70.69385547952577,B2M,PT
GO_Biological_Process_2023,Ketone Body Biosynthetic Process (GO:0046951),1/5,0.051174099476704,0.2977230180058285,0,0,23.782451923076923,70.69385547952577,HMGCL,PT
GO_Biological_Process_2023,Protein Repair (GO:0030091),1/5,0.051174099476704,0.2977230180058285,0,0,23.782451923076923,70.69385547952577,MSRB1,PT
GO_Biological_Process_2023,Protein Targeting To Vacuole Involved In Autophagy (GO:0071211),1/5,0.051174099476704,0.2977230180058285,0,0,23.782451923076923,70.69385547952577,SQSTM1,PT
GO_Biological_Process_2023,Pteridine-Containing Compound Metabolic Process (GO:0042558),1/5,0.051174099476704,0.2977230180058285,0,0,23.782451923076923,70.69385547952577,FTCD,PT
GO_Biological_Process_2023,Regulation Of Blood Vessel Remodeling (GO:0060312),1/5,0.051174099476704,0.2977230180058285,0,0,23.782451923076923,70.69385547952577,CST3,PT
GO_Biological_Process_2023,Cellular Response To Amino Acid Stimulus (GO:0071230),2/35,0.0516167301331944,0.2977230180058285,0,0,5.784804567413263,17.145636817651393,LAMTOR2;LAMTOR5,PT
GO_Biological_Process_2023,Hexose Biosynthetic Process (GO:0019319),2/35,0.0516167301331944,0.2977230180058285,0,0,5.784804567413263,17.145636817651393,MDH2;PCK1,PT
GO_Biological_Process_2023,Non-Membrane-Bounded Organelle Assembly (GO:0140694),4/135,0.0533780004729009,0.3060579473928985,0,0,2.928318748836343,8.581018155174949,NPM1;RPS3;CAPN3;RPS23,PT
GO_Biological_Process_2023,Interstrand Cross-Link Repair (GO:0036297),2/36,0.054286479325641,0.3060579473928985,0,0,5.61437908496732,16.357381640081115,CENPX;FAAP20,PT
GO_Biological_Process_2023,Protein Localization To Organelle (GO:0033365),4/137,0.0557664627253126,0.3060579473928985,0,0,2.88399046396479,8.32487674004321,TOLLIP;RPL11;GET3;OPTN,PT
GO_Biological_Process_2023,Positive Regulation Of Proteasomal Ubiquitin-Dependent Protein Catabolic Process (GO:0032436),3/83,0.0562729093404168,0.3060579473928985,0,0,3.5881674757281554,10.325102771063364,RACK1;STUB1;HERPUD1,PT
GO_Biological_Process_2023,Positive Regulation Of Immune Effector Process (GO:0002699),2/37,0.0570040346585502,0.3060579473928985,0,0,5.4536922015182885,15.622827907584352,RPS19;PCK1,PT
GO_Biological_Process_2023,Mitochondrion Disassembly (GO:0061726),2/37,0.0570040346585502,0.3060579473928985,0,0,5.4536922015182885,15.622827907584352,FIS1;SQSTM1,PT
GO_Biological_Process_2023,Positive Regulation Of Protein Ubiquitination (GO:0031398),3/84,0.0579249299328366,0.3060579473928985,0,0,3.5436893203883497,10.09457968614896,CENPX;STUB1;RPS2,PT
GO_Biological_Process_2023,Regulation Of Cellular Response To Insulin Stimulus (GO:1900076),1/6,0.061091787238698,0.3060579473928985,0,0,19.025,53.18206334735916,ECHDC3,PT
GO_Biological_Process_2023,Negative Regulation Of Neuron Projection Regeneration (GO:0070571),1/6,0.061091787238698,0.3060579473928985,0,0,19.025,53.18206334735916,THY1,PT
GO_Biological_Process_2023,Aggrephagy (GO:0035973),1/6,0.061091787238698,0.3060579473928985,0,0,19.025,53.18206334735916,SQSTM1,PT
GO_Biological_Process_2023,Negative Regulation Of Stress-Activated Protein Kinase Signaling Cascade (GO:0070303),1/6,0.061091787238698,0.3060579473928985,0,0,19.025,53.18206334735916,GSTP1,PT
GO_Biological_Process_2023,Regulation Of Phospholipid Transport (GO:2001138),1/6,0.061091787238698,0.3060579473928985,0,0,19.025,53.18206334735916,PRELID1,PT
GO_Biological_Process_2023,Cellular Hyperosmotic Response (GO:0071474),1/6,0.061091787238698,0.3060579473928985,0,0,19.025,53.18206334735916,AQP1,PT
GO_Biological_Process_2023,Positive Regulation Of ER-associated Ubiquitin-Dependent Protein Catabolic Process (GO:1903071),1/6,0.061091787238698,0.3060579473928985,0,0,19.025,53.18206334735916,HERPUD1,PT
GO_Biological_Process_2023,Cytolysis By Host Of Symbiont Cells (GO:0051838),1/6,0.061091787238698,0.3060579473928985,0,0,19.025,53.18206334735916,ROMO1,PT
GO_Biological_Process_2023,Ribosomal Large Subunit Export From Nucleus (GO:0000055),1/6,0.061091787238698,0.3060579473928985,0,0,19.025,53.18206334735916,NPM1,PT
GO_Biological_Process_2023,Positive Regulation Of Gastrulation (GO:2000543),1/6,0.061091787238698,0.3060579473928985,0,0,19.025,53.18206334735916,RACK1,PT
GO_Biological_Process_2023,Sulfur Amino Acid Catabolic Process (GO:0000098),1/6,0.061091787238698,0.3060579473928985,0,0,19.025,53.18206334735916,MPST,PT
GO_Biological_Process_2023,Positive Regulation Of Lymphocyte Apoptotic Process (GO:0070230),1/6,0.061091787238698,0.3060579473928985,0,0,19.025,53.18206334735916,PRELID1,PT
GO_Biological_Process_2023,Galactose Metabolic Process (GO:0006012),1/6,0.061091787238698,0.3060579473928985,0,0,19.025,53.18206334735916,GALM,PT
GO_Biological_Process_2023,Positive Regulation Of Membrane Depolarization (GO:1904181),1/6,0.061091787238698,0.3060579473928985,0,0,19.025,53.18206334735916,RACK1,PT
GO_Biological_Process_2023,Positive Regulation Of Mitophagy In Response To Mitochondrial Depolarization (GO:0098779),1/6,0.061091787238698,0.3060579473928985,0,0,19.025,53.18206334735916,OPTN,PT
GO_Biological_Process_2023,Positive Regulation Of Phospholipid Biosynthetic Process (GO:0071073),1/6,0.061091787238698,0.3060579473928985,0,0,19.025,53.18206334735916,FABP3,PT
GO_Biological_Process_2023,Ketone Body Metabolic Process (GO:1902224),1/6,0.061091787238698,0.3060579473928985,0,0,19.025,53.18206334735916,HMGCL,PT
GO_Biological_Process_2023,Leucine Metabolic Process (GO:0006551),1/6,0.061091787238698,0.3060579473928985,0,0,19.025,53.18206334735916,HMGCL,PT
GO_Biological_Process_2023,Negative Regulation Of Acute Inflammatory Response (GO:0002674),1/6,0.061091787238698,0.3060579473928985,0,0,19.025,53.18206334735916,GSTP1,PT
GO_Biological_Process_2023,Regulation Of Translation (GO:0006417),5/202,0.0612591027908373,0.3060579473928985,0,0,2.437792375833582,6.807883383814169,RPS4X;NPM1;RPL10;RACK1;RPS3,PT
GO_Biological_Process_2023,Negative Regulation Of Ubiquitin-Dependent Protein Catabolic Process (GO:2000059),2/39,0.0625774656477795,0.3060579473928985,0,0,5.158375767071419,14.295664885106037,RPS7;RPL11,PT
GO_Biological_Process_2023,Positive Regulation Of Lipid Biosynthetic Process (GO:0046889),2/39,0.0625774656477795,0.3060579473928985,0,0,5.158375767071419,14.295664885106037,FABP3;PCK1,PT
GO_Biological_Process_2023,Defense Response To Bacterium (GO:0042742),5/204,0.0633482586003756,0.3060579473928985,0,0,2.4130456202581536,6.657853140149798,RPL30;RPS19;ROMO1;OPTN;AQP1,PT
GO_Biological_Process_2023,Cellular Response To Oxygen-Containing Compound (GO:1901701),8/406,0.0639077656396321,0.3060579473928985,0,0,1.939348483712093,5.333818055506585,GSTP1;RPS3;CAPN3;LAMTOR2;ROMO1;SQSTM1;AQP1;LAMTOR5,PT
GO_Biological_Process_2023,Positive Regulation Of Apoptotic Process (GO:0043065),6/270,0.064676357729108,0.3060579473928985,0,0,2.1861845051500226,5.986559235283161,GADD45A;RPS6;RACK1;RPS3;CTSH;SQSTM1,PT
GO_Biological_Process_2023,Positive Regulation Of Cell Population Proliferation (GO:0008284),9/483,0.0677761989148998,0.3060579473928985,0,0,1.8338924050632912,4.936002455489827,RPS4X;NPM1;RPS9;RPS15A;RPS6;CTSH;ROMO1;AQP1;COPS9,PT
GO_Biological_Process_2023,Positive Regulation Of Proteasomal Protein Catabolic Process (GO:1901800),3/90,0.0683094144209494,0.3060579473928985,0,0,3.29829260127218,8.851653193667724,PSMC5;RACK1;STUB1,PT
GO_Biological_Process_2023,Negative Regulation Of Proteolysis (GO:0045861),2/41,0.0683270381384953,0.3060579473928985,0,0,4.893348197696024,13.131053839020815,CST3;CSTB,PT
GO_Biological_Process_2023,Regulation Of Release Of Cytochrome C From Mitochondria (GO:0090199),2/41,0.0683270381384953,0.3060579473928985,0,0,4.893348197696024,13.131053839020815,PRELID1;AVP,PT
GO_Biological_Process_2023,Negative Regulation Of Protein Metabolic Process (GO:0051248),4/147,0.0685561746535279,0.3060579473928985,0,0,2.6809483199727104,7.18521442302889,CST3;CSTB;RACK1;RPS3,PT
GO_Biological_Process_2023,ATP Synthesis Coupled Electron Transport (GO:0042773),1/7,0.0709063022575702,0.3060579473928985,0,0,15.853365384615383,41.95428210636149,NDUFA12,PT
GO_Biological_Process_2023,Regulation Of Cyclic-Nucleotide Phosphodiesterase Activity (GO:0051342),1/7,0.0709063022575702,0.3060579473928985,0,0,15.853365384615383,41.95428210636149,RACK1,PT
GO_Biological_Process_2023,Negative Regulation Of Leukocyte Proliferation (GO:0070664),1/7,0.0709063022575702,0.3060579473928985,0,0,15.853365384615383,41.95428210636149,GSTP1,PT
GO_Biological_Process_2023,Regulation Of Extracellular Matrix Constituent Secretion (GO:0003330),1/7,0.0709063022575702,0.3060579473928985,0,0,15.853365384615383,41.95428210636149,IER3IP1,PT
GO_Biological_Process_2023,Negative Regulation Of Mitochondrial Membrane Potential (GO:0010917),1/7,0.0709063022575702,0.3060579473928985,0,0,15.853365384615383,41.95428210636149,PRELID1,PT
GO_Biological_Process_2023,Negative Regulation Of Phospholipase Activity (GO:0010519),1/7,0.0709063022575702,0.3060579473928985,0,0,15.853365384615383,41.95428210636149,ANGPTL3,PT
GO_Biological_Process_2023,Regulation Of Leukocyte Proliferation (GO:0070663),1/7,0.0709063022575702,0.3060579473928985,0,0,15.853365384615383,41.95428210636149,GSTP1,PT
GO_Biological_Process_2023,"Endonucleolytic Cleavage In ITS1 To Separate SSU-rRNA From 5.8S rRNA And LSU-rRNA From Tricistronic rRNA Transcript (SSU-rRNA, 5.8S rRNA, LSU-rRNA) (GO:0000447)",1/7,0.0709063022575702,0.3060579473928985,0,0,15.853365384615383,41.95428210636149,RPS21,PT
GO_Biological_Process_2023,Fatty Acid Alpha-Oxidation (GO:0001561),1/7,0.0709063022575702,0.3060579473928985,0,0,15.853365384615383,41.95428210636149,PHYH,PT
GO_Biological_Process_2023,Fructose Metabolic Process (GO:0006000),1/7,0.0709063022575702,0.3060579473928985,0,0,15.853365384615383,41.95428210636149,KHK,PT
GO_Biological_Process_2023,Positive Regulation Of Membrane Potential (GO:0045838),1/7,0.0709063022575702,0.3060579473928985,0,0,15.853365384615383,41.95428210636149,GLRX,PT
GO_Biological_Process_2023,Hepoxilin Biosynthetic Process (GO:0051122),1/7,0.0709063022575702,0.3060579473928985,0,0,15.853365384615383,41.95428210636149,GSTP1,PT
GO_Biological_Process_2023,Hepoxilin Metabolic Process (GO:0051121),1/7,0.0709063022575702,0.3060579473928985,0,0,15.853365384615383,41.95428210636149,GSTP1,PT
GO_Biological_Process_2023,Malate Metabolic Process (GO:0006108),1/7,0.0709063022575702,0.3060579473928985,0,0,15.853365384615383,41.95428210636149,MDH2,PT
GO_Biological_Process_2023,Purine-Containing Compound Metabolic Process (GO:0072521),1/7,0.0709063022575702,0.3060579473928985,0,0,15.853365384615383,41.95428210636149,GUK1,PT
GO_Biological_Process_2023,Regulation Of Golgi To Plasma Membrane Protein Transport (GO:0042996),1/7,0.0709063022575702,0.3060579473928985,0,0,15.853365384615383,41.95428210636149,RACK1,PT
GO_Biological_Process_2023,Regulation Of Ubiquitin-Dependent Protein Catabolic Process (GO:2000058),2/42,0.0712648479643441,0.3060579473928985,0,0,4.770772946859903,12.601291089629129,RPS7;RPL11,PT
GO_Biological_Process_2023,Positive Regulation Of Calcium Ion Transmembrane Transport (GO:1904427),2/42,0.0712648479643441,0.3060579473928985,0,0,4.770772946859903,12.601291089629129,CAPN3;THY1,PT
GO_Biological_Process_2023,Regulation Of Axonogenesis (GO:0050770),2/42,0.0712648479643441,0.3060579473928985,0,0,4.770772946859903,12.601291089629129,METRN;THY1,PT
GO_Biological_Process_2023,Positive Regulation Of Receptor-Mediated Endocytosis (GO:0048260),2/43,0.0742430983756273,0.3060579473928985,0,0,4.654176976552375,12.102770477576003,CD63;B2M,PT
GO_Biological_Process_2023,Intracellular Glucose Homeostasis (GO:0001678),2/43,0.0742430983756273,0.3060579473928985,0,0,4.654176976552375,12.102770477576003,RACK1;PCK1,PT
GO_Biological_Process_2023,Regulation Of JUN Kinase Activity (GO:0043506),2/43,0.0742430983756273,0.3060579473928985,0,0,4.654176976552375,12.102770477576003,GSTP1;RPS3,PT
GO_Biological_Process_2023,Positive Regulation Of NF-kappaB Transcription Factor Activity (GO:0051092),4/152,0.0754716659788753,0.3060579473928985,0,0,2.589716545814107,6.691822318526397,NPM1;RPS3;CAPN3;LAMTOR5,PT
GO_Biological_Process_2023,Cellular Response To Ketone (GO:1901655),2/44,0.0772606328640565,0.3060579473928985,0,0,4.543133195307108,11.633013884316268,PCK1;AQP1,PT
GO_Biological_Process_2023,Response To Unfolded Protein (GO:0006986),2/44,0.0772606328640565,0.3060579473928985,0,0,4.543133195307108,11.633013884316268,OPTN;HERPUD1,PT
GO_Biological_Process_2023,Regulation Of Cell-Substrate Adhesion (GO:0010810),2/44,0.0772606328640565,0.3060579473928985,0,0,4.543133195307108,11.633013884316268,PLG;THY1,PT
GO_Biological_Process_2023,Inorganic Cation Transmembrane Transport (GO:0098662),6/284,0.0782175542727764,0.3060579473928985,0,0,2.074600418187617,5.286623704349706,SLC6A19;ATP6V0E1;ATP5PO;SLC39A4;AQP1;ATP6V1F,PT
GO_Biological_Process_2023,Regulation Of Apoptotic Signaling Pathway (GO:2001233),2/45,0.0803163144852155,0.3060579473928985,0,0,4.437254241096506,11.18979013533405,RPS3;CTSH,PT
GO_Biological_Process_2023,AMP Biosynthetic Process (GO:0006167),1/8,0.0806187121964052,0.3060579473928985,0,0,13.587912087912088,34.214695475566714,APRT,PT
GO_Biological_Process_2023,Golgi Ribbon Formation (GO:0090161),1/8,0.0806187121964052,0.3060579473928985,0,0,13.587912087912088,34.214695475566714,OPTN,PT
GO_Biological_Process_2023,Negative Regulation Of Membrane Potential (GO:0045837),1/8,0.0806187121964052,0.3060579473928985,0,0,13.587912087912088,34.214695475566714,PRELID1,PT
GO_Biological_Process_2023,Regulation Of Fibroblast Apoptotic Process (GO:2000269),1/8,0.0806187121964052,0.3060579473928985,0,0,13.587912087912088,34.214695475566714,IER3IP1,PT
GO_Biological_Process_2023,Regulation Of Generation Of Precursor Metabolites And Energy (GO:0043467),1/8,0.0806187121964052,0.3060579473928985,0,0,13.587912087912088,34.214695475566714,KHK,PT
GO_Biological_Process_2023,Negative Regulation Of Oxidative Stress-Induced Neuron Death (GO:1903204),1/8,0.0806187121964052,0.3060579473928985,0,0,13.587912087912088,34.214695475566714,RACK1,PT
GO_Biological_Process_2023,T Cell Mediated Cytotoxicity (GO:0001913),1/8,0.0806187121964052,0.3060579473928985,0,0,13.587912087912088,34.214695475566714,CTSH,PT
GO_Biological_Process_2023,Regulation Of Intrinsic Apoptotic Signaling Pathway By P53 Class Mediator (GO:1902253),1/8,0.0806187121964052,0.3060579473928985,0,0,13.587912087912088,34.214695475566714,RPS7,PT
GO_Biological_Process_2023,Nicotinamide Nucleotide Biosynthetic Process (GO:0019359),1/8,0.0806187121964052,0.3060579473928985,0,0,13.587912087912088,34.214695475566714,QPRT,PT
GO_Biological_Process_2023,Peroxisome Fission (GO:0016559),1/8,0.0806187121964052,0.3060579473928985,0,0,13.587912087912088,34.214695475566714,FIS1,PT
GO_Biological_Process_2023,Response To Misfolded Protein (GO:0051788),1/8,0.0806187121964052,0.3060579473928985,0,0,13.587912087912088,34.214695475566714,STUB1,PT
GO_Biological_Process_2023,Ribonucleoside Bisphosphate Catabolic Process (GO:0034031),1/8,0.0806187121964052,0.3060579473928985,0,0,13.587912087912088,34.214695475566714,SUCLG1,PT
GO_Biological_Process_2023,Sequestering Of Actin Monomers (GO:0042989),1/8,0.0806187121964052,0.3060579473928985,0,0,13.587912087912088,34.214695475566714,TMSB10,PT
GO_Biological_Process_2023,Endosome To Melanosome Transport (GO:0035646),1/8,0.0806187121964052,0.3060579473928985,0,0,13.587912087912088,34.214695475566714,CD63,PT
GO_Biological_Process_2023,Endosome To Pigment Granule Transport (GO:0043485),1/8,0.0806187121964052,0.3060579473928985,0,0,13.587912087912088,34.214695475566714,CD63,PT
GO_Biological_Process_2023,succinyl-CoA Metabolic Process (GO:0006104),1/8,0.0806187121964052,0.3060579473928985,0,0,13.587912087912088,34.214695475566714,SUCLG1,PT
GO_Biological_Process_2023,Positive Regulation Of Memory T Cell Differentiation (GO:0043382),1/8,0.0806187121964052,0.3060579473928985,0,0,13.587912087912088,34.214695475566714,PCK1,PT
GO_Biological_Process_2023,Positive Regulation Of Mitochondrial Calcium Ion Concentration (GO:0051561),1/8,0.0806187121964052,0.3060579473928985,0,0,13.587912087912088,34.214695475566714,FIS1,PT
GO_Biological_Process_2023,Tricarboxylic Acid Metabolic Process (GO:0072350),1/8,0.0806187121964052,0.3060579473928985,0,0,13.587912087912088,34.214695475566714,PCK1,PT
GO_Biological_Process_2023,Positive Regulation Of Respiratory Burst (GO:0060267),1/8,0.0806187121964052,0.3060579473928985,0,0,13.587912087912088,34.214695475566714,RPS19,PT
GO_Biological_Process_2023,Intermembrane Lipid Transfer (GO:0120009),1/8,0.0806187121964052,0.3060579473928985,0,0,13.587912087912088,34.214695475566714,GLTPD2,PT
GO_Biological_Process_2023,Isoprenoid Metabolic Process (GO:0006720),1/8,0.0806187121964052,0.3060579473928985,0,0,13.587912087912088,34.214695475566714,PHYH,PT
GO_Biological_Process_2023,Proteasome Assembly (GO:0043248),1/8,0.0806187121964052,0.3060579473928985,0,0,13.587912087912088,34.214695475566714,PSMD9,PT
GO_Biological_Process_2023,Protein Localization To Perinuclear Region Of Cytoplasm (GO:1905719),1/8,0.0806187121964052,0.3060579473928985,0,0,13.587912087912088,34.214695475566714,SQSTM1,PT
GO_Biological_Process_2023,Mitochondrial Fragmentation Involved In Apoptotic Process (GO:0043653),1/8,0.0806187121964052,0.3060579473928985,0,0,13.587912087912088,34.214695475566714,FIS1,PT
GO_Biological_Process_2023,Purine Nucleoside Bisphosphate Catabolic Process (GO:0034034),1/8,0.0806187121964052,0.3060579473928985,0,0,13.587912087912088,34.214695475566714,SUCLG1,PT
GO_Biological_Process_2023,Monocyte Activation (GO:0042117),1/8,0.0806187121964052,0.3060579473928985,0,0,13.587912087912088,34.214695475566714,MT1G,PT
GO_Biological_Process_2023,Regulation Of ER-associated Ubiquitin-Dependent Protein Catabolic Process (GO:1903069),1/8,0.0806187121964052,0.3060579473928985,0,0,13.587912087912088,34.214695475566714,HERPUD1,PT
GO_Biological_Process_2023,ncRNA Export From Nucleus (GO:0097064),1/8,0.0806187121964052,0.3060579473928985,0,0,13.587912087912088,34.214695475566714,NPM1,PT
GO_Biological_Process_2023,Negative Regulation Of Macromolecule Biosynthetic Process (GO:0010558),3/98,0.0833622856950306,0.3119211827628401,0,0,3.019315278487481,7.501667799807018,GSTP1;RACK1;RPS3,PT
GO_Biological_Process_2023,Positive Regulation Of Protein-Containing Complex Assembly (GO:0031334),3/98,0.0833622856950306,0.3119211827628401,0,0,3.019315278487481,7.501667799807018,RACK1;RPS3;STUB1,PT
GO_Biological_Process_2023,Intracellular Protein Transmembrane Transport (GO:0065002),2/46,0.0834090255548425,0.3119211827628401,0,0,4.33618796662275,10.77108551223131,ROMO1;TOMM20,PT
GO_Biological_Process_2023,Positive Regulation Of TOR Signaling (GO:0032008),2/47,0.0865376673722373,0.3119211827628401,0,0,4.239613526570048,10.375078346939008,LAMTOR2;LAMTOR5,PT
GO_Biological_Process_2023,Protein Monoubiquitination (GO:0006513),2/47,0.0865376673722373,0.3119211827628401,0,0,4.239613526570048,10.375078346939008,STUB1;FAAP20,PT
GO_Biological_Process_2023,Response To UV (GO:0009411),3/100,0.0873302976244391,0.3119211827628401,0,0,2.956761084976479,7.2087544984596015,NPM1;AQP1;COPS9,PT
GO_Biological_Process_2023,Cellular Response To Mechanical Stimulus (GO:0071260),2/48,0.08970115998249,0.3119211827628401,0,0,4.147237975215291,10.000117057671112,GADD45A;AQP1,PT
GO_Biological_Process_2023,Negative Regulation Of Extracellular Matrix Organization (GO:1903054),1/9,0.0902300739409748,0.3119211827628401,0,0,11.888822115384617,28.59728347294911,CST3,PT
GO_Biological_Process_2023,Regulation Of Endoplasmic Reticulum Unfolded Protein Response (GO:1900101),1/9,0.0902300739409748,0.3119211827628401,0,0,11.888822115384617,28.59728347294911,RACK1,PT
GO_Biological_Process_2023,Golgi Lumen Acidification (GO:0061795),1/9,0.0902300739409748,0.3119211827628401,0,0,11.888822115384617,28.59728347294911,ATP6V1F,PT
GO_Biological_Process_2023,[2Fe-2S] Cluster Assembly (GO:0044571),1/9,0.0902300739409748,0.3119211827628401,0,0,11.888822115384617,28.59728347294911,GLRX5,PT
GO_Biological_Process_2023,Negative Regulation Of Receptor Binding (GO:1900121),1/9,0.0902300739409748,0.3119211827628401,0,0,11.888822115384617,28.59728347294911,B2M,PT
GO_Biological_Process_2023,Regulation Of Memory T Cell Differentiation (GO:0043380),1/9,0.0902300739409748,0.3119211827628401,0,0,11.888822115384617,28.59728347294911,PCK1,PT
GO_Biological_Process_2023,Autophagy Of Peroxisome (GO:0030242),1/9,0.0902300739409748,0.3119211827628401,0,0,11.888822115384617,28.59728347294911,SQSTM1,PT
GO_Biological_Process_2023,Calcium Import Into The Mitochondrion (GO:0036444),1/9,0.0902300739409748,0.3119211827628401,0,0,11.888822115384617,28.59728347294911,SMDT1,PT
GO_Biological_Process_2023,Regulation Of Receptor Binding (GO:1900120),1/9,0.0902300739409748,0.3119211827628401,0,0,11.888822115384617,28.59728347294911,B2M,PT
GO_Biological_Process_2023,Regulation Of Sequestering Of Calcium Ion (GO:0051282),1/9,0.0902300739409748,0.3119211827628401,0,0,11.888822115384617,28.59728347294911,LIME1,PT
GO_Biological_Process_2023,Positive Regulation Of T Cell Apoptotic Process (GO:0070234),1/9,0.0902300739409748,0.3119211827628401,0,0,11.888822115384617,28.59728347294911,PRELID1,PT
GO_Biological_Process_2023,Positive Regulation Of Mitochondrial Membrane Permeability (GO:0035794),1/9,0.0902300739409748,0.3119211827628401,0,0,11.888822115384617,28.59728347294911,CHCHD10,PT
GO_Biological_Process_2023,Glycerolipid Metabolic Process (GO:0046486),1/9,0.0902300739409748,0.3119211827628401,0,0,11.888822115384617,28.59728347294911,PGPEP1,PT
GO_Biological_Process_2023,High-Density Lipoprotein Particle Assembly (GO:0034380),1/9,0.0902300739409748,0.3119211827628401,0,0,11.888822115384617,28.59728347294911,APOM,PT
GO_Biological_Process_2023,Positive Regulation Of Sodium Ion Transmembrane Transport (GO:1902307),1/9,0.0902300739409748,0.3119211827628401,0,0,11.888822115384617,28.59728347294911,GLRX,PT
GO_Biological_Process_2023,Mitochondrion Morphogenesis (GO:0070584),1/9,0.0902300739409748,0.3119211827628401,0,0,11.888822115384617,28.59728347294911,FIS1,PT
GO_Biological_Process_2023,rRNA 3'-End Processing (GO:0031125),1/9,0.0902300739409748,0.3119211827628401,0,0,11.888822115384617,28.59728347294911,RPS21,PT
GO_Biological_Process_2023,Regulation Of RNA Polymerase II Regulatory Region Sequence-Specific DNA Binding (GO:1903025),1/9,0.0902300739409748,0.3119211827628401,0,0,11.888822115384617,28.59728347294911,LAMTOR5,PT
GO_Biological_Process_2023,Negative Regulation Of Cell-Cell Adhesion Mediated By Cadherin (GO:2000048),1/9,0.0902300739409748,0.3119211827628401,0,0,11.888822115384617,28.59728347294911,PLG,PT
GO_Biological_Process_2023,Regulation Of Cellular Extravasation (GO:0002691),1/9,0.0902300739409748,0.3119211827628401,0,0,11.888822115384617,28.59728347294911,THY1,PT
GO_Biological_Process_2023,Protein Catabolic Process (GO:0030163),3/102,0.0913768300385312,0.3148429391426622,0,0,2.896734333627537,6.931199699905802,CAPN3;CTSH;SQSTM1,PT
GO_Biological_Process_2023,Autophagy Of Mitochondrion (GO:0000422),2/49,0.092898441842934,0.3184405399593876,0,0,4.058793298386268,9.644701104416718,FIS1;SQSTM1,PT
GO_Biological_Process_2023,Positive Regulation Of Vasculature Development (GO:1904018),3/104,0.0955001272015325,0.3184405399593876,0,0,2.8390848793617227,6.667953389022975,ANGPTL3;CTSH;AQP1,PT
GO_Biological_Process_2023,Regulation Of Mitochondrion Organization (GO:0010821),2/50,0.0961284696354655,0.3184405399593876,0,0,3.9740338164251208,9.30746441383207,FIS1;SQSTM1,PT
GO_Biological_Process_2023,Cellular Response To Organonitrogen Compound (GO:0071417),3/105,0.0975900064258733,0.3184405399593876,0,0,2.8111079383209594,6.54139246751062,LAMTOR2;AQP1;LAMTOR5,PT
GO_Biological_Process_2023,Positive Regulation Of Protein Localization To Plasma Membrane (GO:1903078),2/51,0.0993902179568495,0.3184405399593876,0,0,3.892733905156265,8.987160921476887,RACK1;SQSTM1,PT
GO_Biological_Process_2023,Negative Regulation Of Hydrogen Peroxide-Induced Cell Death (GO:1903206),1/10,0.0997414334930266,0.3184405399593876,0,0,10.567307692307692,24.359484069513947,RACK1,PT
GO_Biological_Process_2023,Negative Regulation Of Lipopolysaccharide-Mediated Signaling Pathway (GO:0031665),1/10,0.0997414334930266,0.3184405399593876,0,0,10.567307692307692,24.359484069513947,SIGIRR,PT
GO_Biological_Process_2023,Negative Regulation Of Mitochondrial Outer Membrane Permeabilization Involved In Apoptotic Signaling Pathway (GO:1901029),1/10,0.0997414334930266,0.3184405399593876,0,0,10.567307692307692,24.359484069513947,SLC25A6,PT
GO_Biological_Process_2023,Negative Regulation Of Response To Cytokine Stimulus (GO:0060761),1/10,0.0997414334930266,0.3184405399593876,0,0,10.567307692307692,24.359484069513947,SIGIRR,PT
GO_Biological_Process_2023,Regulation Of Mitochondrial Depolarization (GO:0051900),1/10,0.0997414334930266,0.3184405399593876,0,0,10.567307692307692,24.359484069513947,RACK1,PT
GO_Biological_Process_2023,Positive Regulation Of Cellular Respiration (GO:1901857),1/10,0.0997414334930266,0.3184405399593876,0,0,10.567307692307692,24.359484069513947,PRELID1,PT
GO_Biological_Process_2023,Positive Regulation Of Cellular Senescence (GO:2000774),1/10,0.0997414334930266,0.3184405399593876,0,0,10.567307692307692,24.359484069513947,B2M,PT
GO_Biological_Process_2023,Surfactant Homeostasis (GO:0043129),1/10,0.0997414334930266,0.3184405399593876,0,0,10.567307692307692,24.359484069513947,CTSH,PT
GO_Biological_Process_2023,Positive Regulation Of Mitochondrial Outer Membrane Permeabilization Involved In Apoptotic Signaling Pathway (GO:1901030),1/10,0.0997414334930266,0.3184405399593876,0,0,10.567307692307692,24.359484069513947,CHCHD10,PT
GO_Biological_Process_2023,Positive Regulation Of Phospholipid Transport (GO:2001140),1/10,0.0997414334930266,0.3184405399593876,0,0,10.567307692307692,24.359484069513947,PRELID1,PT
GO_Biological_Process_2023,Prostaglandin Transport (GO:0015732),1/10,0.0997414334930266,0.3184405399593876,0,0,10.567307692307692,24.359484069513947,SLC22A6,PT
GO_Biological_Process_2023,Maintenance Of Synapse Structure (GO:0099558),1/10,0.0997414334930266,0.3184405399593876,0,0,10.567307692307692,24.359484069513947,CHCHD10,PT
GO_Biological_Process_2023,Protein Kinase C Signaling (GO:0070528),1/10,0.0997414334930266,0.3184405399593876,0,0,10.567307692307692,24.359484069513947,AVP,PT
GO_Biological_Process_2023,Protein Localization To Endosome (GO:0036010),1/10,0.0997414334930266,0.3184405399593876,0,0,10.567307692307692,24.359484069513947,TOLLIP,PT
GO_Biological_Process_2023,Mitochondrial Respirasome Assembly (GO:0097250),1/10,0.0997414334930266,0.3184405399593876,0,0,10.567307692307692,24.359484069513947,COX7A2,PT
GO_Biological_Process_2023,Purine Ribonucleoside Triphosphate Biosynthetic Process (GO:0009206),1/10,0.0997414334930266,0.3184405399593876,0,0,10.567307692307692,24.359484069513947,ATP5PO,PT
GO_Biological_Process_2023,Monocyte Differentiation (GO:0030224),1/10,0.0997414334930266,0.3184405399593876,0,0,10.567307692307692,24.359484069513947,MT1G,PT
GO_Biological_Process_2023,Regulation Of ERAD Pathway (GO:1904292),1/10,0.0997414334930266,0.3184405399593876,0,0,10.567307692307692,24.359484069513947,HERPUD1,PT
GO_Biological_Process_2023,Negative Regulation Of Centrosome Duplication (GO:0010826),1/10,0.0997414334930266,0.3184405399593876,0,0,10.567307692307692,24.359484069513947,NPM1,PT
GO_Biological_Process_2023,Negative Regulation Of Response To Stimulus (GO:0048585),2/52,0.1026826790535782,0.3255902702555849,0,0,3.814685990338164,8.682651918089066,RPS3;THY1,PT
GO_Biological_Process_2023,Negative Regulation Of Metabolic Process (GO:0009892),2/53,0.1060048626270281,0.3255902702555849,0,0,3.739698778061949,8.39289494373509,GSTP1;ACOT13,PT
GO_Biological_Process_2023,Endosome Organization (GO:0007032),2/53,0.1060048626270281,0.3255902702555849,0,0,3.739698778061949,8.39289494373509,SQSTM1;ATP6V1F,PT
GO_Biological_Process_2023,Protein Homotetramerization (GO:0051289),2/53,0.1060048626270281,0.3255902702555849,0,0,3.739698778061949,8.39289494373509,ACOT13;B2M,PT
GO_Biological_Process_2023,Cell-Matrix Adhesion (GO:0007160),3/109,0.1061324582268628,0.3255902702555849,0,0,2.7044788422788058,6.066328214394575,CD63;ANGPTL3;THY1,PT
GO_Biological_Process_2023,Positive Regulation Of Cysteine-Type Endopeptidase Activity Involved In Apoptotic Process (GO:0043280),3/109,0.1061324582268628,0.3255902702555849,0,0,2.7044788422788058,6.066328214394575,FIS1;RACK1;RPS3,PT
GO_Biological_Process_2023,Regulation Of Cell Population Proliferation (GO:0042127),12/766,0.1068802870467295,0.3255902702555849,0,0,1.5379498848779436,3.4389265091193946,RPS4X;NPM1;FABP3;RPS9;JUND;RPS15A;FTH1;RPS6;CTSH;PLG;ROMO1;COPS9,PT
GO_Biological_Process_2023,Negative Regulation Of Fibrinolysis (GO:0051918),1/11,0.1091538262351098,0.3255902702555849,0,0,9.510096153846154,21.064835798696524,PLG,PT
GO_Biological_Process_2023,Regulation Of Fatty Acid Metabolic Process (GO:0019217),1/11,0.1091538262351098,0.3255902702555849,0,0,9.510096153846154,21.064835798696524,FABP3,PT
GO_Biological_Process_2023,Regulation Of Glycogen Metabolic Process (GO:0070873),1/11,0.1091538262351098,0.3255902702555849,0,0,9.510096153846154,21.064835798696524,KHK,PT
GO_Biological_Process_2023,Regulation Of Monocyte Chemotactic Protein-1 Production (GO:0071637),1/11,0.1091538262351098,0.3255902702555849,0,0,9.510096153846154,21.064835798696524,GSTP1,PT
GO_Biological_Process_2023,Aspartate Family Amino Acid Catabolic Process (GO:0009068),1/11,0.1091538262351098,0.3255902702555849,0,0,9.510096153846154,21.064835798696524,PIPOX,PT
GO_Biological_Process_2023,Cell Part Morphogenesis (GO:0032990),1/11,0.1091538262351098,0.3255902702555849,0,0,9.510096153846154,21.064835798696524,FIS1,PT
GO_Biological_Process_2023,Regulation Of Stress-Activated Protein Kinase Signaling Cascade (GO:0070302),1/11,0.1091538262351098,0.3255902702555849,0,0,9.510096153846154,21.064835798696524,GSTP1,PT
GO_Biological_Process_2023,Cellular Response To Thyroid Hormone Stimulus (GO:0097067),1/11,0.1091538262351098,0.3255902702555849,0,0,9.510096153846154,21.064835798696524,CTSH,PT
GO_Biological_Process_2023,Self Proteolysis (GO:0097264),1/11,0.1091538262351098,0.3255902702555849,0,0,9.510096153846154,21.064835798696524,CAPN3,PT
GO_Biological_Process_2023,Endosomal Lumen Acidification (GO:0048388),1/11,0.1091538262351098,0.3255902702555849,0,0,9.510096153846154,21.064835798696524,ATP6V1F,PT
GO_Biological_Process_2023,Fatty Acid Beta-Oxidation Using acyl-CoA Oxidase (GO:0033540),1/11,0.1091538262351098,0.3255902702555849,0,0,9.510096153846154,21.064835798696524,AMACR,PT
GO_Biological_Process_2023,Positive Regulation Of Lipid Transport (GO:0032370),1/11,0.1091538262351098,0.3255902702555849,0,0,9.510096153846154,21.064835798696524,PRELID1,PT
GO_Biological_Process_2023,Glycerol Metabolic Process (GO:0006071),1/11,0.1091538262351098,0.3255902702555849,0,0,9.510096153846154,21.064835798696524,PGPEP1,PT
GO_Biological_Process_2023,Tyrosine Metabolic Process (GO:0006570),1/11,0.1091538262351098,0.3255902702555849,0,0,9.510096153846154,21.064835798696524,HPD,PT
GO_Biological_Process_2023,Intracellular Copper Ion Homeostasis (GO:0006878),1/11,0.1091538262351098,0.3255902702555849,0,0,9.510096153846154,21.064835798696524,MT2A,PT
GO_Biological_Process_2023,Regulation Of T Cell Apoptotic Process (GO:0070232),1/11,0.1091538262351098,0.3255902702555849,0,0,9.510096153846154,21.064835798696524,PRELID1,PT
GO_Biological_Process_2023,Regulation Of Protein Serine/Threonine Kinase Activity (GO:0071900),3/112,0.1127249668580111,0.3343603420170814,0,0,2.6296428253317896,5.739995794615898,GADD45A;THY1;LIME1,PT
GO_Biological_Process_2023,Response To Peptide Hormone (GO:0043434),2/55,0.1127345214463722,0.3343603420170814,0,0,3.598213471880412,7.853891041615279,PCK1;KHK,PT
GO_Biological_Process_2023,Positive Regulation Of Hydrolase Activity (GO:0051345),4/176,0.1132250883351575,0.3348640006286244,0,0,2.2256381168462847,4.848280017726866,RACK1;RPS3;CTSH;THY1,PT
GO_Biological_Process_2023,Regulation Of Reactive Oxygen Species Metabolic Process (GO:2000377),2/56,0.116140100873965,0.3370051255176569,0,0,3.531400966183575,7.602958139630911,GADD45A;ROMO1,PT
GO_Biological_Process_2023,Negative Regulation Of Epidermal Growth Factor-Activated Receptor Activity (GO:0007175),1/12,0.1184682768821648,0.3370051255176569,0,0,8.645104895104895,18.440960220485454,ZGPAT,PT
GO_Biological_Process_2023,Negative Regulation Of Mitochondrial Membrane Permeability (GO:0035795),1/12,0.1184682768821648,0.3370051255176569,0,0,8.645104895104895,18.440960220485454,SLC25A6,PT
GO_Biological_Process_2023,Aspartate Family Amino Acid Metabolic Process (GO:0009066),1/12,0.1184682768821648,0.3370051255176569,0,0,8.645104895104895,18.440960220485454,NIT2,PT
GO_Biological_Process_2023,Nucleotide Metabolic Process (GO:0009117),1/12,0.1184682768821648,0.3370051255176569,0,0,8.645104895104895,18.440960220485454,GUK1,PT
GO_Biological_Process_2023,Organophosphate Catabolic Process (GO:0046434),1/12,0.1184682768821648,0.3370051255176569,0,0,8.645104895104895,18.440960220485454,ANGPTL3,PT
GO_Biological_Process_2023,Positive Regulation Of ERAD Pathway (GO:1904294),1/12,0.1184682768821648,0.3370051255176569,0,0,8.645104895104895,18.440960220485454,HERPUD1,PT
GO_Biological_Process_2023,Response To Iron Ion (GO:0010039),1/12,0.1184682768821648,0.3370051255176569,0,0,8.645104895104895,18.440960220485454,B2M,PT
GO_Biological_Process_2023,Response To Thyroid Hormone (GO:0097066),1/12,0.1184682768821648,0.3370051255176569,0,0,8.645104895104895,18.440960220485454,CTSH,PT
GO_Biological_Process_2023,Positive Regulation Of Cellular Extravasation (GO:0002693),1/12,0.1184682768821648,0.3370051255176569,0,0,8.645104895104895,18.440960220485454,THY1,PT
GO_Biological_Process_2023,Fibrinolysis (GO:0042730),1/12,0.1184682768821648,0.3370051255176569,0,0,8.645104895104895,18.440960220485454,PLG,PT
GO_Biological_Process_2023,Positive Regulation Of Sodium Ion Transmembrane Transporter Activity (GO:2000651),1/12,0.1184682768821648,0.3370051255176569,0,0,8.645104895104895,18.440960220485454,GLRX,PT
GO_Biological_Process_2023,Protein Insertion Into Mitochondrial Inner Membrane (GO:0045039),1/12,0.1184682768821648,0.3370051255176569,0,0,8.645104895104895,18.440960220485454,ROMO1,PT
GO_Biological_Process_2023,Negative Regulation Of JUN Kinase Activity (GO:0043508),1/12,0.1184682768821648,0.3370051255176569,0,0,8.645104895104895,18.440960220485454,GSTP1,PT
GO_Biological_Process_2023,Positive Regulation Of Mitochondrion Organization (GO:0010822),2/58,0.1230281438295314,0.346244090420478,0,0,3.404934437543133,7.134502604659307,FIS1;CHCHD10,PT
GO_Biological_Process_2023,Cellular Response To Oxidative Stress (GO:0034599),3/117,0.1240475579098299,0.346244090420478,0,0,2.5136688809402146,5.246253826651288,RPS3;ROMO1;SQSTM1,PT
GO_Biological_Process_2023,Regulation Of Protein Binding (GO:0043393),3/118,0.1263602248882077,0.346244090420478,0,0,2.4916842549598988,5.154344204044362,RPL11;RACK1;B2M,PT
GO_Biological_Process_2023,Positive Regulation Of Protein Binding (GO:0032092),2/59,0.1265088094155037,0.346244090420478,0,0,3.345029239766082,6.915658402421486,RPL11;B2M,PT
GO_Biological_Process_2023,Negative Regulation Of Cytokine-Mediated Signaling Pathway (GO:0001960),2/59,0.1265088094155037,0.346244090420478,0,0,3.345029239766082,6.915658402421486,SIGIRR;GSTP1,PT
GO_Biological_Process_2023,Negative Regulation Of Endoplasmic Reticulum Unfolded Protein Response (GO:1900102),1/13,0.1276857996282414,0.346244090420478,0,0,7.924278846153846,16.30961381464595,RACK1,PT
GO_Biological_Process_2023,ERBB2 Signaling Pathway (GO:0038128),1/13,0.1276857996282414,0.346244090420478,0,0,7.924278846153846,16.30961381464595,STUB1,PT
GO_Biological_Process_2023,Regulation Of Gastrulation (GO:0010470),1/13,0.1276857996282414,0.346244090420478,0,0,7.924278846153846,16.30961381464595,RACK1,PT
GO_Biological_Process_2023,Acute-Phase Response (GO:0006953),1/13,0.1276857996282414,0.346244090420478,0,0,7.924278846153846,16.30961381464595,SIGIRR,PT
GO_Biological_Process_2023,Regulation Of Nitric-Oxide Synthase Biosynthetic Process (GO:0051769),1/13,0.1276857996282414,0.346244090420478,0,0,7.924278846153846,16.30961381464595,GSTP1,PT
GO_Biological_Process_2023,Positive Regulation Of T Cell Receptor Signaling Pathway (GO:0050862),1/13,0.1276857996282414,0.346244090420478,0,0,7.924278846153846,16.30961381464595,RPS3,PT
GO_Biological_Process_2023,Positive Regulation Of Cellular Response To Insulin Stimulus (GO:1900078),1/13,0.1276857996282414,0.346244090420478,0,0,7.924278846153846,16.30961381464595,ECHDC3,PT
GO_Biological_Process_2023,"Endonucleolytic Cleavage Of Tricistronic rRNA Transcript (SSU-rRNA, 5.8S rRNA, LSU-rRNA) (GO:0000479)",1/13,0.1276857996282414,0.346244090420478,0,0,7.924278846153846,16.30961381464595,RPS21,PT
GO_Biological_Process_2023,Eye Photoreceptor Cell Development (GO:0042462),1/13,0.1276857996282414,0.346244090420478,0,0,7.924278846153846,16.30961381464595,THY1,PT
GO_Biological_Process_2023,Glutamine Metabolic Process (GO:0006541),1/13,0.1276857996282414,0.346244090420478,0,0,7.924278846153846,16.30961381464595,NIT2,PT
GO_Biological_Process_2023,Positive Regulation Of Superoxide Anion Generation (GO:0032930),1/13,0.1276857996282414,0.346244090420478,0,0,7.924278846153846,16.30961381464595,GSTP1,PT
GO_Biological_Process_2023,Killing By Host Of Symbiont Cells (GO:0051873),1/13,0.1276857996282414,0.346244090420478,0,0,7.924278846153846,16.30961381464595,ROMO1,PT
GO_Biological_Process_2023,Mitochondrial Fission (GO:0000266),1/13,0.1276857996282414,0.346244090420478,0,0,7.924278846153846,16.30961381464595,FIS1,PT
GO_Biological_Process_2023,Positive Regulation Of Angiogenesis (GO:0045766),3/119,0.1286883905069386,0.3480587556716165,0,0,2.470078674255105,5.064553905175168,ANGPTL3;CTSH;AQP1,PT
GO_Biological_Process_2023,Negative Regulation Of Peptidase Activity (GO:0010466),2/60,0.1300127321417195,0.3498280730823588,0,0,3.287189738464101,6.706271041608503,CST3;CSTB,PT
GO_Biological_Process_2023,Response To Retinoic Acid (GO:0032526),2/60,0.1300127321417195,0.3498280730823588,0,0,3.287189738464101,6.706271041608503,CTSH;AQP1,PT
GO_Biological_Process_2023,Positive Regulation Of Gene Expression (GO:0010628),8/480,0.1313938745162897,0.3525092362423921,0,0,1.6290580993338393,3.30626429953102,RPS4X;NPM1;RPS7;RPL11;RPS3;CTSH;AVP;LAMTOR5,PT
GO_Biological_Process_2023,2-Oxoglutarate Metabolic Process (GO:0006103),1/14,0.1368073982339471,0.3525092362423921,0,0,7.314349112426036,14.549565705165987,PHYH,PT
GO_Biological_Process_2023,Regulation Of Extracellular Matrix Disassembly (GO:0010715),1/14,0.1368073982339471,0.3525092362423921,0,0,7.314349112426036,14.549565705165987,CST3,PT
GO_Biological_Process_2023,Regulation Of Superoxide Anion Generation (GO:0032928),1/14,0.1368073982339471,0.3525092362423921,0,0,7.314349112426036,14.549565705165987,GSTP1,PT
GO_Biological_Process_2023,Ceramide Transport (GO:0035627),1/14,0.1368073982339471,0.3525092362423921,0,0,7.314349112426036,14.549565705165987,GLTPD2,PT
GO_Biological_Process_2023,Renal Water Homeostasis (GO:0003091),1/14,0.1368073982339471,0.3525092362423921,0,0,7.314349112426036,14.549565705165987,AQP1,PT
GO_Biological_Process_2023,Resolution Of Meiotic Recombination Intermediates (GO:0000712),1/14,0.1368073982339471,0.3525092362423921,0,0,7.314349112426036,14.549565705165987,CENPX,PT
GO_Biological_Process_2023,Copper Ion Homeostasis (GO:0055070),1/14,0.1368073982339471,0.3525092362423921,0,0,7.314349112426036,14.549565705165987,MT2A,PT
GO_Biological_Process_2023,Positive Regulation Of Heterotypic Cell-Cell Adhesion (GO:0034116),1/14,0.1368073982339471,0.3525092362423921,0,0,7.314349112426036,14.549565705165987,THY1,PT
GO_Biological_Process_2023,Positive Regulation Of Long-Term Synaptic Potentiation (GO:1900273),1/14,0.1368073982339471,0.3525092362423921,0,0,7.314349112426036,14.549565705165987,SQSTM1,PT
GO_Biological_Process_2023,Formation Of Cytoplasmic Translation Initiation Complex (GO:0001732),1/14,0.1368073982339471,0.3525092362423921,0,0,7.314349112426036,14.549565705165987,EIF3I,PT
GO_Biological_Process_2023,Icosanoid Transport (GO:0071715),1/14,0.1368073982339471,0.3525092362423921,0,0,7.314349112426036,14.549565705165987,SLC22A6,PT
GO_Biological_Process_2023,Post-Translational Protein Targeting To Endoplasmic Reticulum Membrane (GO:0006620),1/14,0.1368073982339471,0.3525092362423921,0,0,7.314349112426036,14.549565705165987,GET3,PT
GO_Biological_Process_2023,"Maturation Of LSU-rRNA From Tricistronic rRNA Transcript (SSU-rRNA, 5.8S rRNA, LSU-rRNA) (GO:0000463)",1/14,0.1368073982339471,0.3525092362423921,0,0,7.314349112426036,14.549565705165987,RPL35,PT
GO_Biological_Process_2023,Protein Localization To Vacuole (GO:0072665),1/14,0.1368073982339471,0.3525092362423921,0,0,7.314349112426036,14.549565705165987,LAMTOR5,PT
GO_Biological_Process_2023,Protein Transport To Vacuole Involved In Ubiquitin-Dependent Protein Catabolic Process Via The Multivesicular Body Sorting Pathway (GO:0043328),1/14,0.1368073982339471,0.3525092362423921,0,0,7.314349112426036,14.549565705165987,VPS28,PT
GO_Biological_Process_2023,Mitochondrial Calcium Ion Transmembrane Transport (GO:0006851),1/14,0.1368073982339471,0.3525092362423921,0,0,7.314349112426036,14.549565705165987,SMDT1,PT
GO_Biological_Process_2023,Negative Regulation Of Kinase Activity (GO:0033673),2/62,0.1370869252053747,0.3525092362423921,0,0,3.177294685990338,6.313729565055207,GSTP1;THY1,PT
GO_Biological_Process_2023,Protein N-linked Glycosylation (GO:0006487),2/64,0.1442440267695574,0.3651097483528805,0,0,3.074489636901979,5.952976818805542,KRTCAP2;TMEM258,PT
GO_Biological_Process_2023,Negative Regulation Of Endoplasmic Reticulum Stress-Induced Intrinsic Apoptotic Signaling Pathway (GO:1902236),1/15,0.1458340661524436,0.3651097483528805,0,0,6.791552197802198,13.075679256451467,HERPUD1,PT
GO_Biological_Process_2023,Negative Regulation Of Gluconeogenesis (GO:0045721),1/15,0.1458340661524436,0.3651097483528805,0,0,6.791552197802198,13.075679256451467,PGPEP1,PT
GO_Biological_Process_2023,Negative Regulation Of Immune Effector Process (GO:0002698),1/15,0.1458340661524436,0.3651097483528805,0,0,6.791552197802198,13.075679256451467,RPS19,PT
GO_Biological_Process_2023,Negative Regulation Of Phagocytosis (GO:0050765),1/15,0.1458340661524436,0.3651097483528805,0,0,6.791552197802198,13.075679256451467,RACK1,PT
GO_Biological_Process_2023,Regulation Of Intrinsic Apoptotic Signaling Pathway In Response To DNA Damage (GO:1902229),1/15,0.1458340661524436,0.3651097483528805,0,0,6.791552197802198,13.075679256451467,RPS3,PT
GO_Biological_Process_2023,Nitric Oxide Biosynthetic Process (GO:0006809),1/15,0.1458340661524436,0.3651097483528805,0,0,6.791552197802198,13.075679256451467,GCHFR,PT
GO_Biological_Process_2023,Endoplasmic Reticulum To Cytosol Transport (GO:1903513),1/15,0.1458340661524436,0.3651097483528805,0,0,6.791552197802198,13.075679256451467,HERPUD1,PT
GO_Biological_Process_2023,Folic Acid-Containing Compound Metabolic Process (GO:0006760),1/15,0.1458340661524436,0.3651097483528805,0,0,6.791552197802198,13.075679256451467,FTCD,PT
GO_Biological_Process_2023,High-Density Lipoprotein Particle Remodeling (GO:0034375),1/15,0.1458340661524436,0.3651097483528805,0,0,6.791552197802198,13.075679256451467,APOM,PT
GO_Biological_Process_2023,Positive Regulation Of Secretion (GO:0051047),1/15,0.1458340661524436,0.3651097483528805,0,0,6.791552197802198,13.075679256451467,AQP1,PT
GO_Biological_Process_2023,Cellular Response To Light Stimulus (GO:0071482),2/65,0.147851640725793,0.3683940642427873,0,0,3.025534851621808,5.783448848370419,NPM1;COPS9,PT
GO_Biological_Process_2023,Monocarboxylic Acid Biosynthetic Process (GO:0072330),2/65,0.147851640725793,0.3683940642427873,0,0,3.025534851621808,5.783448848370419,GAMT;AMACR,PT
GO_Biological_Process_2023,Regulation Of Fatty Acid Oxidation (GO:0046320),1/16,0.1547667865829983,0.3766352568593246,0,0,6.338461538461538,11.826529075314818,FABP3,PT
GO_Biological_Process_2023,Regulation Of Fibrinolysis (GO:0051917),1/16,0.1547667865829983,0.3766352568593246,0,0,6.338461538461538,11.826529075314818,PLG,PT
GO_Biological_Process_2023,Nitric Oxide Metabolic Process (GO:0046209),1/16,0.1547667865829983,0.3766352568593246,0,0,6.338461538461538,11.826529075314818,GCHFR,PT
GO_Biological_Process_2023,Dicarboxylic Acid Catabolic Process (GO:0043649),1/16,0.1547667865829983,0.3766352568593246,0,0,6.338461538461538,11.826529075314818,QPRT,PT
GO_Biological_Process_2023,Reverse Cholesterol Transport (GO:0043691),1/16,0.1547667865829983,0.3766352568593246,0,0,6.338461538461538,11.826529075314818,APOM,PT
GO_Biological_Process_2023,Tail-Anchored Membrane Protein Insertion Into ER Membrane (GO:0071816),1/16,0.1547667865829983,0.3766352568593246,0,0,6.338461538461538,11.826529075314818,GET3,PT
GO_Biological_Process_2023,Prostanoid Metabolic Process (GO:0006692),1/16,0.1547667865829983,0.3766352568593246,0,0,6.338461538461538,11.826529075314818,GSTP1,PT
GO_Biological_Process_2023,"Mitochondrial Electron Transport, Cytochrome C To Oxygen (GO:0006123)",1/16,0.1547667865829983,0.3766352568593246,0,0,6.338461538461538,11.826529075314818,COX7A2,PT
GO_Biological_Process_2023,Mitophagy (GO:0000423),1/16,0.1547667865829983,0.3766352568593246,0,0,6.338461538461538,11.826529075314818,SQSTM1,PT
GO_Biological_Process_2023,Negative Regulation Of Biosynthetic Process (GO:0009890),1/16,0.1547667865829983,0.3766352568593246,0,0,6.338461538461538,11.826529075314818,GSTP1,PT
GO_Biological_Process_2023,Phospholipid Metabolic Process (GO:0006644),2/69,0.1624576837524518,0.3812616518554162,0,0,2.844329079241474,5.169106520389558,ANGPTL3;PGPEP1,PT
GO_Biological_Process_2023,Regulation Of Cellular Respiration (GO:0043457),1/17,0.1636065325969602,0.3812616518554162,0,0,5.942007211538462,10.756761733183067,PRELID1,PT
GO_Biological_Process_2023,Negative Regulation Of Insulin Secretion (GO:0046676),1/17,0.1636065325969602,0.3812616518554162,0,0,5.942007211538462,10.756761733183067,PSMD9,PT
GO_Biological_Process_2023,Regulation Of Establishment Of Cell Polarity (GO:2000114),1/17,0.1636065325969602,0.3812616518554162,0,0,5.942007211538462,10.756761733183067,RACK1,PT
GO_Biological_Process_2023,NAD Biosynthetic Process (GO:0009435),1/17,0.1636065325969602,0.3812616518554162,0,0,5.942007211538462,10.756761733183067,QPRT,PT
GO_Biological_Process_2023,Nicotinamide Nucleotide Metabolic Process (GO:0046496),1/17,0.1636065325969602,0.3812616518554162,0,0,5.942007211538462,10.756761733183067,QPRT,PT
GO_Biological_Process_2023,Regulation Of Oxidative Phosphorylation (GO:0002082),1/17,0.1636065325969602,0.3812616518554162,0,0,5.942007211538462,10.756761733183067,COX7A2,PT
GO_Biological_Process_2023,Branched-Chain Amino Acid Catabolic Process (GO:0009083),1/17,0.1636065325969602,0.3812616518554162,0,0,5.942007211538462,10.756761733183067,HMGCL,PT
GO_Biological_Process_2023,cGMP-mediated Signaling (GO:0019934),1/17,0.1636065325969602,0.3812616518554162,0,0,5.942007211538462,10.756761733183067,AQP1,PT
GO_Biological_Process_2023,Carboxylic Acid Catabolic Process (GO:0046395),1/17,0.1636065325969602,0.3812616518554162,0,0,5.942007211538462,10.756761733183067,MPST,PT
GO_Biological_Process_2023,Regulation Of Receptor Recycling (GO:0001919),1/17,0.1636065325969602,0.3812616518554162,0,0,5.942007211538462,10.756761733183067,OPTN,PT
GO_Biological_Process_2023,Cellular Response To dsRNA (GO:0071359),1/17,0.1636065325969602,0.3812616518554162,0,0,5.942007211538462,10.756761733183067,NPM1,PT
GO_Biological_Process_2023,Polyol Metabolic Process (GO:0019751),1/17,0.1636065325969602,0.3812616518554162,0,0,5.942007211538462,10.756761733183067,IMPA2,PT
GO_Biological_Process_2023,Cellular Response To Unfolded Protein (GO:0034620),1/17,0.1636065325969602,0.3812616518554162,0,0,5.942007211538462,10.756761733183067,OPTN,PT
GO_Biological_Process_2023,Positive Regulation Of Cell Cycle Phase Transition (GO:1901989),1/17,0.1636065325969602,0.3812616518554162,0,0,5.942007211538462,10.756761733183067,NPM1,PT
GO_Biological_Process_2023,"Retrograde Protein Transport, ER To Cytosol (GO:0030970)",1/17,0.1636065325969602,0.3812616518554162,0,0,5.942007211538462,10.756761733183067,HERPUD1,PT
GO_Biological_Process_2023,Sulfur Amino Acid Metabolic Process (GO:0000096),1/17,0.1636065325969602,0.3812616518554162,0,0,5.942007211538462,10.756761733183067,MPST,PT
GO_Biological_Process_2023,Triglyceride Biosynthetic Process (GO:0019432),1/17,0.1636065325969602,0.3812616518554162,0,0,5.942007211538462,10.756761733183067,PCK1,PT
GO_Biological_Process_2023,Regulation Of Aerobic Respiration (GO:1903715),1/17,0.1636065325969602,0.3812616518554162,0,0,5.942007211538462,10.756761733183067,COX7A2,PT
GO_Biological_Process_2023,Sulfur Compound Biosynthetic Process (GO:0044272),2/70,0.1661493380757393,0.3844825962306498,0,0,2.802358624609264,5.029864571105801,MPST;GSTP1,PT
GO_Biological_Process_2023,Negative Regulation Of Protein Binding (GO:0032091),2/71,0.1698555962093975,0.3844825962306498,0,0,2.76160470489393,4.895791149517423,RACK1;B2M,PT
GO_Biological_Process_2023,Positive Regulation Of Cellular Process (GO:0048522),9/594,0.1708290019207717,0.3844825962306498,0,0,1.4773846153846153,2.6106748473383616,RPS4X;NPM1;RPS9;RPS15A;RPS6;CTSH;ECHDC3;ROMO1;COPS9,PT
GO_Biological_Process_2023,Monoatomic Cation Transmembrane Transport (GO:0098655),5/281,0.1719937901334913,0.3844825962306498,0,0,1.7330029838022163,3.0505997916811047,SLC6A19;ATP6V0E1;ATP5PO;SLC39A4;ATP6V1F,PT
GO_Biological_Process_2023,Regulation Of Establishment Or Maintenance Of Cell Polarity (GO:0032878),1/18,0.1723542672758085,0.3844825962306498,0,0,5.592194570135747,9.832214539029478,RACK1,PT
GO_Biological_Process_2023,Negative Regulation Of Nervous System Development (GO:0051961),1/18,0.1723542672758085,0.3844825962306498,0,0,5.592194570135747,9.832214539029478,B2M,PT
GO_Biological_Process_2023,Negative Regulation Of Peptide Hormone Secretion (GO:0090278),1/18,0.1723542672758085,0.3844825962306498,0,0,5.592194570135747,9.832214539029478,PSMD9,PT
GO_Biological_Process_2023,Antigen Processing And Presentation Of Peptide Antigen Via MHC Class I (GO:0002474),1/18,0.1723542672758085,0.3844825962306498,0,0,5.592194570135747,9.832214539029478,B2M,PT
GO_Biological_Process_2023,Cell Junction Maintenance (GO:0034331),1/18,0.1723542672758085,0.3844825962306498,0,0,5.592194570135747,9.832214539029478,CHCHD10,PT
GO_Biological_Process_2023,Cellular Response To Inorganic Substance (GO:0071241),1/18,0.1723542672758085,0.3844825962306498,0,0,5.592194570135747,9.832214539029478,AQP1,PT
GO_Biological_Process_2023,Positive Regulation Of Extracellular Matrix Organization (GO:1903055),1/18,0.1723542672758085,0.3844825962306498,0,0,5.592194570135747,9.832214539029478,IER3IP1,PT
GO_Biological_Process_2023,Positive Regulation Of Focal Adhesion Assembly (GO:0051894),1/18,0.1723542672758085,0.3844825962306498,0,0,5.592194570135747,9.832214539029478,THY1,PT
GO_Biological_Process_2023,Intracellular Lipid Transport (GO:0032365),1/18,0.1723542672758085,0.3844825962306498,0,0,5.592194570135747,9.832214539029478,FABP3,PT
GO_Biological_Process_2023,Lysosomal Lumen Acidification (GO:0007042),1/18,0.1723542672758085,0.3844825962306498,0,0,5.592194570135747,9.832214539029478,ATP6V1F,PT
GO_Biological_Process_2023,Maintenance Of Protein Localization In Organelle (GO:0072595),1/18,0.1723542672758085,0.3844825962306498,0,0,5.592194570135747,9.832214539029478,CHCHD10,PT
GO_Biological_Process_2023,Maintenance Of Protein Location In Nucleus (GO:0051457),1/18,0.1723542672758085,0.3844825962306498,0,0,5.592194570135747,9.832214539029478,CHCHD10,PT
GO_Biological_Process_2023,Mitochondrial Fusion (GO:0008053),1/18,0.1723542672758085,0.3844825962306498,0,0,5.592194570135747,9.832214539029478,FIS1,PT
GO_Biological_Process_2023,Negative Regulation Of T Cell Receptor Signaling Pathway (GO:0050860),1/18,0.1723542672758085,0.3844825962306498,0,0,5.592194570135747,9.832214539029478,THY1,PT
GO_Biological_Process_2023,Regulation Of Cell Cycle G2/M Phase Transition (GO:1902749),1/18,0.1723542672758085,0.3844825962306498,0,0,5.592194570135747,9.832214539029478,NPM1,PT
GO_Biological_Process_2023,Regulation Of Cell-Cell Adhesion Mediated By Cadherin (GO:2000047),1/18,0.1723542672758085,0.3844825962306498,0,0,5.592194570135747,9.832214539029478,PLG,PT
GO_Biological_Process_2023,Negative Regulation Of Cellular Biosynthetic Process (GO:0031327),3/137,0.1729752753151772,0.3848786665561066,0,0,2.1363208230691204,3.748402641406349,RACK1;RPS3;PGPEP1,PT
GO_Biological_Process_2023,Ubiquitin-Dependent ERAD Pathway (GO:0030433),2/73,0.1773091225410616,0.3848786665561066,0,0,2.683540858678642,4.642151639241223,STUB1;HERPUD1,PT
GO_Biological_Process_2023,Protein Tetramerization (GO:0051262),2/73,0.1773091225410616,0.3848786665561066,0,0,2.683540858678642,4.642151639241223,ACOT13;B2M,PT
GO_Biological_Process_2023,Regulation Of Centriole Replication (GO:0046599),1/19,0.1810109437538777,0.3848786665561066,0,0,5.28125,9.02670081161937,NPM1,PT
GO_Biological_Process_2023,COPII Vesicle Coating (GO:0048208),1/19,0.1810109437538777,0.3848786665561066,0,0,5.28125,9.02670081161937,TRAPPC1,PT
GO_Biological_Process_2023,Regulation Of Integrin-Mediated Signaling Pathway (GO:2001044),1/19,0.1810109437538777,0.3848786665561066,0,0,5.28125,9.02670081161937,CD63,PT
GO_Biological_Process_2023,Regulation Of Lymphocyte Differentiation (GO:0045619),1/19,0.1810109437538777,0.3848786665561066,0,0,5.28125,9.02670081161937,PRELID1,PT
GO_Biological_Process_2023,Regulation Of Tissue Remodeling (GO:0034103),1/19,0.1810109437538777,0.3848786665561066,0,0,5.28125,9.02670081161937,CST3,PT
GO_Biological_Process_2023,Cellular Response To Misfolded Protein (GO:0071218),1/19,0.1810109437538777,0.3848786665561066,0,0,5.28125,9.02670081161937,STUB1,PT
GO_Biological_Process_2023,Regulation Of Vascular Endothelial Growth Factor Signaling Pathway (GO:1900746),1/19,0.1810109437538777,0.3848786665561066,0,0,5.28125,9.02670081161937,CD63,PT
GO_Biological_Process_2023,Release Of Cytochrome C From Mitochondria (GO:0001836),1/19,0.1810109437538777,0.3848786665561066,0,0,5.28125,9.02670081161937,FIS1,PT
GO_Biological_Process_2023,Positive Regulation Of Activated T Cell Proliferation (GO:0042104),1/19,0.1810109437538777,0.3848786665561066,0,0,5.28125,9.02670081161937,RPS3,PT
GO_Biological_Process_2023,Fluid Transport (GO:0042044),1/19,0.1810109437538777,0.3848786665561066,0,0,5.28125,9.02670081161937,AVP,PT
GO_Biological_Process_2023,Positive Regulation Of Mitochondrial Fission (GO:0090141),1/19,0.1810109437538777,0.3848786665561066,0,0,5.28125,9.02670081161937,FIS1,PT
GO_Biological_Process_2023,"Vesicle Targeting, Rough ER To cis-Golgi (GO:0048207)",1/19,0.1810109437538777,0.3848786665561066,0,0,5.28125,9.02670081161937,TRAPPC1,PT
GO_Biological_Process_2023,Water Transport (GO:0006833),1/19,0.1810109437538777,0.3848786665561066,0,0,5.28125,9.02670081161937,AVP,PT
GO_Biological_Process_2023,Interleukin-1-Mediated Signaling Pathway (GO:0070498),1/19,0.1810109437538777,0.3848786665561066,0,0,5.28125,9.02670081161937,TOLLIP,PT
GO_Biological_Process_2023,Linoleic Acid Metabolic Process (GO:0043651),1/19,0.1810109437538777,0.3848786665561066,0,0,5.28125,9.02670081161937,GSTP1,PT
GO_Biological_Process_2023,Protein Insertion Into Membrane (GO:0051205),1/19,0.1810109437538777,0.3848786665561066,0,0,5.28125,9.02670081161937,GET3,PT
GO_Biological_Process_2023,rRNA Catabolic Process (GO:0016075),1/19,0.1810109437538777,0.3848786665561066,0,0,5.28125,9.02670081161937,TRIR,PT
GO_Biological_Process_2023,Receptor Clustering (GO:0043113),1/19,0.1810109437538777,0.3848786665561066,0,0,5.28125,9.02670081161937,THY1,PT
GO_Biological_Process_2023,Multicellular Organismal-Level Water Homeostasis (GO:0050891),1/19,0.1810109437538777,0.3848786665561066,0,0,5.28125,9.02670081161937,AQP1,PT
GO_Biological_Process_2023,Regulation Of Acute Inflammatory Response (GO:0002673),1/19,0.1810109437538777,0.3848786665561066,0,0,5.28125,9.02670081161937,GSTP1,PT
GO_Biological_Process_2023,Positive Regulation Of Macromolecule Metabolic Process (GO:0010604),6/364,0.1824195942812922,0.3870854805481079,0,0,1.6043977213308749,2.729795736128251,RPS7;RPL11;RPS3;CTSH;AVP;LAMTOR5,PT
GO_Biological_Process_2023,Positive Regulation Of Protein Secretion (GO:0050714),2/76,0.188581769137869,0.3934860910227998,0,0,2.574356965661313,4.294602987334995,PSMD9;IER3IP1,PT
GO_Biological_Process_2023,T Cell Mediated Immunity (GO:0002456),1/20,0.1895775053726868,0.3934860910227998,0,0,5.003036437246964,8.319836159348089,CTSH,PT
GO_Biological_Process_2023,Regulation Of Meiotic Cell Cycle (GO:0051445),1/20,0.1895775053726868,0.3934860910227998,0,0,5.003036437246964,8.319836159348089,ANAPC11,PT
GO_Biological_Process_2023,Calcium-Mediated Signaling Using Intracellular Calcium Source (GO:0035584),1/20,0.1895775053726868,0.3934860910227998,0,0,5.003036437246964,8.319836159348089,FIS1,PT
GO_Biological_Process_2023,Positive Regulation Of Antigen Receptor-Mediated Signaling Pathway (GO:0050857),1/20,0.1895775053726868,0.3934860910227998,0,0,5.003036437246964,8.319836159348089,RPS3,PT
GO_Biological_Process_2023,Positive Regulation Of Embryonic Development (GO:0040019),1/20,0.1895775053726868,0.3934860910227998,0,0,5.003036437246964,8.319836159348089,RACK1,PT
GO_Biological_Process_2023,Positive Regulation Of Lipid Catabolic Process (GO:0050996),1/20,0.1895775053726868,0.3934860910227998,0,0,5.003036437246964,8.319836159348089,ANGPTL3,PT
GO_Biological_Process_2023,Intracellular Monoatomic Ion Homeostasis (GO:0006873),1/20,0.1895775053726868,0.3934860910227998,0,0,5.003036437246964,8.319836159348089,SLC39A4,PT
GO_Biological_Process_2023,Maturation Of LSU-rRNA (GO:0000470),1/20,0.1895775053726868,0.3934860910227998,0,0,5.003036437246964,8.319836159348089,RPL35,PT
GO_Biological_Process_2023,Regulation Of Calcium Ion Transmembrane Transport (GO:1903169),1/20,0.1895775053726868,0.3934860910227998,0,0,5.003036437246964,8.319836159348089,LIME1,PT
GO_Biological_Process_2023,DNA Repair (GO:0006281),5/291,0.1895819001766938,0.3934860910227998,0,0,1.6715514877279585,2.779680063995285,NPM1;CENPX;GADD45A;RPS3;FAAP20,PT
GO_Biological_Process_2023,Positive Regulation Of Response To Stimulus (GO:0048584),2/77,0.1923613227292192,0.3984627399390971,0,0,2.539903381642512,4.186725393390364,RPS3;ECHDC3,PT
GO_Biological_Process_2023,Proteolysis Involved In Protein Catabolic Process (GO:0051603),2/78,0.1961508210578253,0.3998992949281397,0,0,2.506356470887363,4.082532424934136,CTSH;STUB1,PT
GO_Biological_Process_2023,Regulation Of TOR Signaling (GO:0032006),2/78,0.1961508210578253,0.3998992949281397,0,0,2.506356470887363,4.082532424934136,LAMTOR2;LAMTOR5,PT
GO_Biological_Process_2023,Regulation Of Lipopolysaccharide-Mediated Signaling Pathway (GO:0031664),1/21,0.1980548856908261,0.3998992949281397,0,0,4.752644230769231,7.695534227424825,SIGIRR,PT
GO_Biological_Process_2023,Anaphase-Promoting Complex-Dependent Catabolic Process (GO:0031145),1/21,0.1980548856908261,0.3998992949281397,0,0,4.752644230769231,7.695534227424825,ANAPC11,PT
GO_Biological_Process_2023,Negative Regulation Of Tumor Necrosis Factor-Mediated Signaling Pathway (GO:0010804),1/21,0.1980548856908261,0.3998992949281397,0,0,4.752644230769231,7.695534227424825,GSTP1,PT
GO_Biological_Process_2023,Peptide Catabolic Process (GO:0043171),1/21,0.1980548856908261,0.3998992949281397,0,0,4.752644230769231,7.695534227424825,CTSH,PT
GO_Biological_Process_2023,Regulation Of Steroid Metabolic Process (GO:0019218),1/21,0.1980548856908261,0.3998992949281397,0,0,4.752644230769231,7.695534227424825,STUB1,PT
GO_Biological_Process_2023,Positive Regulation Of Blood Coagulation (GO:0030194),1/21,0.1980548856908261,0.3998992949281397,0,0,4.752644230769231,7.695534227424825,PLG,PT
GO_Biological_Process_2023,Focal Adhesion Assembly (GO:0048041),1/21,0.1980548856908261,0.3998992949281397,0,0,4.752644230769231,7.695534227424825,THY1,PT
GO_Biological_Process_2023,Zinc Ion Transmembrane Transport (GO:0071577),1/21,0.1980548856908261,0.3998992949281397,0,0,4.752644230769231,7.695534227424825,SLC39A4,PT
GO_Biological_Process_2023,Positive Regulation Of Transcription Regulatory Region DNA Binding (GO:2000679),1/21,0.1980548856908261,0.3998992949281397,0,0,4.752644230769231,7.695534227424825,LAMTOR5,PT
GO_Biological_Process_2023,"Maturation Of 5.8S rRNA From Tricistronic rRNA Transcript (SSU-rRNA, 5.8S rRNA, LSU-rRNA) (GO:0000466)",1/21,0.1980548856908261,0.3998992949281397,0,0,4.752644230769231,7.695534227424825,RPS21,PT
GO_Biological_Process_2023,Purine Nucleotide Biosynthetic Process (GO:0006164),1/21,0.1980548856908261,0.3998992949281397,0,0,4.752644230769231,7.695534227424825,QPRT,PT
GO_Biological_Process_2023,Response To Insulin (GO:0032868),2/79,0.1999496474640698,0.3998992949281397,0,0,2.473680908463517,3.981858696289336,PCK1;KHK,PT
GO_Biological_Process_2023,Positive Regulation Of Catabolic Process (GO:0009896),2/79,0.1999496474640698,0.3998992949281397,0,0,2.473680908463517,3.981858696289336,ANGPTL3;VPS28,PT
GO_Biological_Process_2023,Positive Regulation Of Endocytosis (GO:0045807),2/79,0.1999496474640698,0.3998992949281397,0,0,2.473680908463517,3.981858696289336,B2M;VPS28,PT
GO_Biological_Process_2023,Positive Regulation Of Protein Localization To Membrane (GO:1905477),2/79,0.1999496474640698,0.3998992949281397,0,0,2.473680908463517,3.981858696289336,FIS1;SQSTM1,PT
GO_Biological_Process_2023,Positive Regulation Of Protein Modification By Small Protein Conjugation Or Removal (GO:1903322),2/79,0.1999496474640698,0.3998992949281397,0,0,2.473680908463517,3.981858696289336,CENPX;STUB1,PT
GO_Biological_Process_2023,Regulation Of Intracellular Signal Transduction (GO:1902531),5/297,0.2004342631052195,0.4001020471928284,0,0,1.6367009132420092,2.6306185596110216,RPL11;CAPN3;LIME1;SQSTM1;OPTN,PT
GO_Biological_Process_2023,Regulation Of Cell Cycle (GO:0051726),5/298,0.2022635256271389,0.4021036289141076,0,0,1.6310312520912802,2.6066878051163176,JUND;RPS15A;GADD45A;RACK1;ANAPC11,PT
GO_Biological_Process_2023,Negative Regulation Of Protein Serine/Threonine Kinase Activity (GO:0071901),2/80,0.2037571969821682,0.4021036289141076,0,0,2.441843180973616,3.884548120483576,GADD45A;GSTP1,PT
GO_Biological_Process_2023,Negative Regulation Of Protein Phosphorylation (GO:0001933),3/149,0.2045677772868574,0.4021036289141076,0,0,1.9595358425322515,3.10950107007337,GSTP1;RACK1;THY1,PT
GO_Biological_Process_2023,Negative Regulation Of Cell Population Proliferation (GO:0008285),6/379,0.2063159217744829,0.4021036289141076,0,0,1.5386891004899694,2.428584839635163,NPM1;FABP3;FTH1;GSTP1;PLG;B2M,PT
GO_Biological_Process_2023,NAD Metabolic Process (GO:0019674),1/22,0.2064440087145227,0.4021036289141076,0,0,4.5260989010989015,7.140944130218156,QPRT,PT
GO_Biological_Process_2023,Organelle Fission (GO:0048285),1/22,0.2064440087145227,0.4021036289141076,0,0,4.5260989010989015,7.140944130218156,FIS1,PT
GO_Biological_Process_2023,Oxoacid Metabolic Process (GO:0043436),1/22,0.2064440087145227,0.4021036289141076,0,0,4.5260989010989015,7.140944130218156,GRHPR,PT
GO_Biological_Process_2023,Positive Regulation Of Receptor Internalization (GO:0002092),1/22,0.2064440087145227,0.4021036289141076,0,0,4.5260989010989015,7.140944130218156,CD63,PT
GO_Biological_Process_2023,Postreplication Repair (GO:0006301),1/22,0.2064440087145227,0.4021036289141076,0,0,4.5260989010989015,7.140944130218156,FAAP20,PT
GO_Biological_Process_2023,Protein Neddylation (GO:0045116),1/22,0.2064440087145227,0.4021036289141076,0,0,4.5260989010989015,7.140944130218156,RNF7,PT
GO_Biological_Process_2023,Mitochondrial Cytochrome C Oxidase Assembly (GO:0033617),1/22,0.2064440087145227,0.4021036289141076,0,0,4.5260989010989015,7.140944130218156,COX14,PT
GO_Biological_Process_2023,Negative Regulation Of Axonogenesis (GO:0050771),1/22,0.2064440087145227,0.4021036289141076,0,0,4.5260989010989015,7.140944130218156,THY1,PT
GO_Biological_Process_2023,Negative Regulation Of Cell Development (GO:0010721),1/22,0.2064440087145227,0.4021036289141076,0,0,4.5260989010989015,7.140944130218156,B2M,PT
GO_Biological_Process_2023,Regulation Of Centrosome Cycle (GO:0046605),1/23,0.2147457888902904,0.406322356941617,0,0,4.320148601398602,6.645686009107677,NPM1,PT
GO_Biological_Process_2023,Negative Regulation Of Epidermal Growth Factor Receptor Signaling Pathway (GO:0042059),1/23,0.2147457888902904,0.406322356941617,0,0,4.320148601398602,6.645686009107677,ZGPAT,PT
GO_Biological_Process_2023,Negative Regulation Of Neuron Differentiation (GO:0045665),1/23,0.2147457888902904,0.406322356941617,0,0,4.320148601398602,6.645686009107677,B2M,PT
GO_Biological_Process_2023,U2-type Prespliceosome Assembly (GO:1903241),1/23,0.2147457888902904,0.406322356941617,0,0,4.320148601398602,6.645686009107677,SF3B5,PT
GO_Biological_Process_2023,Regulation Of Lipid Catabolic Process (GO:0050994),1/23,0.2147457888902904,0.406322356941617,0,0,4.320148601398602,6.645686009107677,ANGPTL3,PT
GO_Biological_Process_2023,Artery Development (GO:0060840),1/23,0.2147457888902904,0.406322356941617,0,0,4.320148601398602,6.645686009107677,ANGPTL3,PT
GO_Biological_Process_2023,Cellular Lipid Catabolic Process (GO:0044242),1/23,0.2147457888902904,0.406322356941617,0,0,4.320148601398602,6.645686009107677,ANGPTL3,PT
GO_Biological_Process_2023,Cholesterol Efflux (GO:0033344),1/23,0.2147457888902904,0.406322356941617,0,0,4.320148601398602,6.645686009107677,APOM,PT
GO_Biological_Process_2023,Rescue Of Stalled Ribosome (GO:0072344),1/23,0.2147457888902904,0.406322356941617,0,0,4.320148601398602,6.645686009107677,RACK1,PT
GO_Biological_Process_2023,Positive Regulation Of Cell-Substrate Junction Organization (GO:0150117),1/23,0.2147457888902904,0.406322356941617,0,0,4.320148601398602,6.645686009107677,THY1,PT
GO_Biological_Process_2023,Zinc Ion Transport (GO:0006829),1/23,0.2147457888902904,0.406322356941617,0,0,4.320148601398602,6.645686009107677,SLC39A4,PT
GO_Biological_Process_2023,Positive Regulation Of Protein Targeting To Membrane (GO:0090314),1/23,0.2147457888902904,0.406322356941617,0,0,4.320148601398602,6.645686009107677,FIS1,PT
GO_Biological_Process_2023,Long-Chain Fatty Acid Transport (GO:0015909),1/23,0.2147457888902904,0.406322356941617,0,0,4.320148601398602,6.645686009107677,FABP3,PT
GO_Biological_Process_2023,Protein Targeting To ER (GO:0045047),1/23,0.2147457888902904,0.406322356941617,0,0,4.320148601398602,6.645686009107677,GET3,PT
GO_Biological_Process_2023,Negative Regulation Of Actin Filament Polymerization (GO:0030837),1/23,0.2147457888902904,0.406322356941617,0,0,4.320148601398602,6.645686009107677,TMSB10,PT
GO_Biological_Process_2023,Positive Regulation Of Ubiquitin-Dependent Protein Catabolic Process (GO:2000060),2/83,0.2152263059278871,0.406322356941617,0,0,2.3510466988727856,3.6113610617326817,RACK1;STUB1,PT
GO_Biological_Process_2023,Regulation Of NIK/NF-kappaB Signaling (GO:1901222),2/83,0.2152263059278871,0.406322356941617,0,0,2.3510466988727856,3.6113610617326817,RPS3;LIME1,PT
GO_Biological_Process_2023,Positive Regulation Of Amide Metabolic Process (GO:0034250),2/85,0.2229054128265536,0.4069430436896429,0,0,2.294162155869856,3.443555187717691,RPS4X;NPM1,PT
GO_Biological_Process_2023,Integrin-Mediated Signaling Pathway (GO:0007229),2/85,0.2229054128265536,0.4069430436896429,0,0,2.294162155869856,3.443555187717691,ANGPTL3;THY1,PT
GO_Biological_Process_2023,Macromolecule Catabolic Process (GO:0009057),2/85,0.2229054128265536,0.4069430436896429,0,0,2.294162155869856,3.443555187717691,CAPN3;SQSTM1,PT
GO_Biological_Process_2023,Regulation Of Cysteine-Type Endopeptidase Activity (GO:2000116),1/24,0.2229611312169307,0.4069430436896429,0,0,4.132107023411371,6.201291937509133,CST3,PT
GO_Biological_Process_2023,Regulation Of Endoplasmic Reticulum Stress-Induced Intrinsic Apoptotic Signaling Pathway (GO:1902235),1/24,0.2229611312169307,0.4069430436896429,0,0,4.132107023411371,6.201291937509133,HERPUD1,PT
GO_Biological_Process_2023,Regulation Of Heterotypic Cell-Cell Adhesion (GO:0034114),1/24,0.2229611312169307,0.4069430436896429,0,0,4.132107023411371,6.201291937509133,THY1,PT
GO_Biological_Process_2023,Acylglycerol Homeostasis (GO:0055090),1/24,0.2229611312169307,0.4069430436896429,0,0,4.132107023411371,6.201291937509133,ANGPTL3,PT
GO_Biological_Process_2023,Amyloid Fibril Formation (GO:1990000),1/24,0.2229611312169307,0.4069430436896429,0,0,4.132107023411371,6.201291937509133,B2M,PT
GO_Biological_Process_2023,Peroxisome Organization (GO:0007031),1/24,0.2229611312169307,0.4069430436896429,0,0,4.132107023411371,6.201291937509133,FIS1,PT
GO_Biological_Process_2023,Response To Hexose (GO:0009746),1/24,0.2229611312169307,0.4069430436896429,0,0,4.132107023411371,6.201291937509133,KHK,PT
GO_Biological_Process_2023,Positive Regulation Of Cell Cycle G2/M Phase Transition (GO:1902751),1/24,0.2229611312169307,0.4069430436896429,0,0,4.132107023411371,6.201291937509133,NPM1,PT
GO_Biological_Process_2023,Dicarboxylic Acid Transport (GO:0006835),1/24,0.2229611312169307,0.4069430436896429,0,0,4.132107023411371,6.201291937509133,SLC22A6,PT
GO_Biological_Process_2023,Stress Granule Assembly (GO:0034063),1/24,0.2229611312169307,0.4069430436896429,0,0,4.132107023411371,6.201291937509133,RPS23,PT
GO_Biological_Process_2023,Gliogenesis (GO:0042063),1/24,0.2229611312169307,0.4069430436896429,0,0,4.132107023411371,6.201291937509133,METRN,PT
GO_Biological_Process_2023,Positive Regulation Of p38MAPK Cascade (GO:1900745),1/24,0.2229611312169307,0.4069430436896429,0,0,4.132107023411371,6.201291937509133,GADD45A,PT
GO_Biological_Process_2023,Iron Ion Transport (GO:0006826),1/24,0.2229611312169307,0.4069430436896429,0,0,4.132107023411371,6.201291937509133,FTH1,PT
GO_Biological_Process_2023,Protein Exit From Endoplasmic Reticulum (GO:0032527),1/24,0.2229611312169307,0.4069430436896429,0,0,4.132107023411371,6.201291937509133,HERPUD1,PT
GO_Biological_Process_2023,Mononuclear Cell Differentiation (GO:1903131),1/24,0.2229611312169307,0.4069430436896429,0,0,4.132107023411371,6.201291937509133,MT1G,PT
GO_Biological_Process_2023,Negative Regulation Of Antigen Receptor-Mediated Signaling Pathway (GO:0050858),1/24,0.2229611312169307,0.4069430436896429,0,0,4.132107023411371,6.201291937509133,THY1,PT
GO_Biological_Process_2023,Glucose Homeostasis (GO:0042593),2/87,0.2306058461692754,0.4131146102983971,0,0,2.2399545325376526,3.2861148128003874,RPS6;PCK1,PT
GO_Biological_Process_2023,Regulation Of Lysosomal Lumen pH (GO:0035751),1/25,0.2310909314312872,0.4131146102983971,0,0,3.959735576923077,5.800790888295069,ATP6V1F,PT
GO_Biological_Process_2023,Negative Regulation Of Signaling Receptor Activity (GO:2000272),1/25,0.2310909314312872,0.4131146102983971,0,0,3.959735576923077,5.800790888295069,ZGPAT,PT
GO_Biological_Process_2023,Negative Regulation Of Smoothened Signaling Pathway (GO:0045879),1/25,0.2310909314312872,0.4131146102983971,0,0,3.959735576923077,5.800790888295069,RACK1,PT
GO_Biological_Process_2023,Bile Acid Biosynthetic Process (GO:0006699),1/25,0.2310909314312872,0.4131146102983971,0,0,3.959735576923077,5.800790888295069,AMACR,PT
GO_Biological_Process_2023,Organophosphate Ester Transport (GO:0015748),1/25,0.2310909314312872,0.4131146102983971,0,0,3.959735576923077,5.800790888295069,PRELID1,PT
GO_Biological_Process_2023,Positive Regulation Of Interleukin-2 Production (GO:0032743),1/25,0.2310909314312872,0.4131146102983971,0,0,3.959735576923077,5.800790888295069,RPS3,PT
GO_Biological_Process_2023,Late Endosome To Vacuole Transport Via Multivesicular Body Sorting Pathway (GO:0032511),1/25,0.2310909314312872,0.4131146102983971,0,0,3.959735576923077,5.800790888295069,VPS28,PT
GO_Biological_Process_2023,Long-Chain Fatty Acid Biosynthetic Process (GO:0042759),1/25,0.2310909314312872,0.4131146102983971,0,0,3.959735576923077,5.800790888295069,GSTP1,PT
GO_Biological_Process_2023,Metanephros Development (GO:0001656),1/25,0.2310909314312872,0.4131146102983971,0,0,3.959735576923077,5.800790888295069,CTSH,PT
GO_Biological_Process_2023,Purine Ribonucleotide Catabolic Process (GO:0009154),1/25,0.2310909314312872,0.4131146102983971,0,0,3.959735576923077,5.800790888295069,SUCLG1,PT
GO_Biological_Process_2023,Regulation Of Cell Size (GO:0008361),1/25,0.2310909314312872,0.4131146102983971,0,0,3.959735576923077,5.800790888295069,LAMTOR5,PT
GO_Biological_Process_2023,ERAD Pathway (GO:0036503),2/89,0.2383234234006407,0.4224332712430791,0,0,2.18823921372647,3.1382120766055017,STUB1;HERPUD1,PT
GO_Biological_Process_2023,Negative Regulation Of Interleukin-1 Beta Production (GO:0032691),1/26,0.2391360759623178,0.4224332712430791,0,0,3.8011538461538463,5.438396461300769,GSTP1,PT
GO_Biological_Process_2023,Regulation Of Epidermal Growth Factor-Activated Receptor Activity (GO:0007176),1/26,0.2391360759623178,0.4224332712430791,0,0,3.8011538461538463,5.438396461300769,ZGPAT,PT
GO_Biological_Process_2023,Acute Inflammatory Response (GO:0002526),1/26,0.2391360759623178,0.4224332712430791,0,0,3.8011538461538463,5.438396461300769,SIGIRR,PT
GO_Biological_Process_2023,Organelle Fusion (GO:0048284),1/26,0.2391360759623178,0.4224332712430791,0,0,3.8011538461538463,5.438396461300769,FIS1,PT
GO_Biological_Process_2023,Respiratory Chain Complex IV Assembly (GO:0008535),1/26,0.2391360759623178,0.4224332712430791,0,0,3.8011538461538463,5.438396461300769,COX14,PT
GO_Biological_Process_2023,Positive Regulation Of Microtubule Polymerization Or Depolymerization (GO:0031112),1/26,0.2391360759623178,0.4224332712430791,0,0,3.8011538461538463,5.438396461300769,RPS3,PT
GO_Biological_Process_2023,Positive Regulation Of Binding (GO:0051099),2/91,0.2460541250918302,0.4285211454654468,0,0,2.138848178906801,2.999100929769641,RPL11;B2M,PT
GO_Biological_Process_2023,DNA Synthesis Involved In DNA Repair (GO:0000731),1/27,0.2470974421170488,0.4285211454654468,0,0,3.654770710059172,5.109269010980882,FAAP20,PT
GO_Biological_Process_2023,Regulation Of Mitochondrial Fission (GO:0090140),1/27,0.2470974421170488,0.4285211454654468,0,0,3.654770710059172,5.109269010980882,FIS1,PT
GO_Biological_Process_2023,Positive Regulation Of TORC1 Signaling (GO:1904263),1/27,0.2470974421170488,0.4285211454654468,0,0,3.654770710059172,5.109269010980882,LAMTOR5,PT
GO_Biological_Process_2023,Establishment Of Protein Localization To Vacuole (GO:0072666),1/27,0.2470974421170488,0.4285211454654468,0,0,3.654770710059172,5.109269010980882,VPS28,PT
GO_Biological_Process_2023,Iron-Sulfur Cluster Assembly (GO:0016226),1/27,0.2470974421170488,0.4285211454654468,0,0,3.654770710059172,5.109269010980882,GLRX5,PT
GO_Biological_Process_2023,Positive Regulation Of Ubiquitin-Protein Transferase Activity (GO:0051443),1/27,0.2470974421170488,0.4285211454654468,0,0,3.654770710059172,5.109269010980882,RPS2,PT
GO_Biological_Process_2023,Metallo-Sulfur Cluster Assembly (GO:0031163),1/27,0.2470974421170488,0.4285211454654468,0,0,3.654770710059172,5.109269010980882,GLRX5,PT
GO_Biological_Process_2023,Protein Quality Control For Misfolded Or Incompletely Synthesized Proteins (GO:0006515),1/27,0.2470974421170488,0.4285211454654468,0,0,3.654770710059172,5.109269010980882,STUB1,PT
GO_Biological_Process_2023,Monoubiquitinated Histone H2A Deubiquitination (GO:0035522),1/27,0.2470974421170488,0.4285211454654468,0,0,3.654770710059172,5.109269010980882,SF3B5,PT
GO_Biological_Process_2023,Monoubiquitinated Histone Deubiquitination (GO:0035521),1/27,0.2470974421170488,0.4285211454654468,0,0,3.654770710059172,5.109269010980882,SF3B5,PT
GO_Biological_Process_2023,Positive Regulation Of Protein Catabolic Process (GO:0045732),2/92,0.2499231849090384,0.4293465124517792,0,0,2.114975845410628,2.9326290365020737,PSMC5;VPS28,PT
GO_Biological_Process_2023,Intracellular Protein Transport (GO:0006886),5/325,0.2535821652738454,0.4293465124517792,0,0,1.4913449754901962,2.046225800801819,NPM1;RPL11;ROMO1;VPS28;AP1M2,PT
GO_Biological_Process_2023,Regulation Of Peptidyl-Serine Phosphorylation (GO:0033135),2/93,0.2537940899920935,0.4293465124517792,0,0,2.0916281785847004,2.8681075116107544,RACK1;AVP,PT
GO_Biological_Process_2023,Positive Regulation Of Cellular Component Biogenesis (GO:0044089),2/93,0.2537940899920935,0.4293465124517792,0,0,2.0916281785847004,2.8681075116107544,RACK1;RPS3,PT
GO_Biological_Process_2023,Negative Regulation Of Amide Metabolic Process (GO:0034249),2/93,0.2537940899920935,0.4293465124517792,0,0,2.0916281785847004,2.8681075116107544,RACK1;RPS3,PT
GO_Biological_Process_2023,Positive Regulation Of Programmed Cell Death (GO:0043068),4/245,0.2542664025400098,0.4293465124517792,0,0,1.5828357453699018,2.167492110056649,GADD45A;RPS6;RACK1;SQSTM1,PT
GO_Biological_Process_2023,Golgi To Plasma Membrane Protein Transport (GO:0043001),1/28,0.2549758981993325,0.4293465124517792,0,0,3.519230769230769,4.809332397953107,OPTN,PT
GO_Biological_Process_2023,RNA Phosphodiester Bond Hydrolysis (GO:0090501),1/28,0.2549758981993325,0.4293465124517792,0,0,3.519230769230769,4.809332397953107,TRIR,PT
GO_Biological_Process_2023,Regulation Of Lipid Biosynthetic Process (GO:0046890),1/28,0.2549758981993325,0.4293465124517792,0,0,3.519230769230769,4.809332397953107,PCK1,PT
GO_Biological_Process_2023,Negative Regulation Of Signaling (GO:0023057),1/28,0.2549758981993325,0.4293465124517792,0,0,3.519230769230769,4.809332397953107,OPTN,PT
GO_Biological_Process_2023,Regulation Of Protein Targeting To Membrane (GO:0090313),1/28,0.2549758981993325,0.4293465124517792,0,0,3.519230769230769,4.809332397953107,FIS1,PT
GO_Biological_Process_2023,Cell-Substrate Junction Assembly (GO:0007044),1/28,0.2549758981993325,0.4293465124517792,0,0,3.519230769230769,4.809332397953107,THY1,PT
GO_Biological_Process_2023,Phospholipid Catabolic Process (GO:0009395),1/28,0.2549758981993325,0.4293465124517792,0,0,3.519230769230769,4.809332397953107,ANGPTL3,PT
GO_Biological_Process_2023,Cellular Response To Osmotic Stress (GO:0071470),1/28,0.2549758981993325,0.4293465124517792,0,0,3.519230769230769,4.809332397953107,CAPN3,PT
GO_Biological_Process_2023,Positive Regulation Of Fibroblast Proliferation (GO:0048146),1/28,0.2549758981993325,0.4293465124517792,0,0,3.519230769230769,4.809332397953107,AQP1,PT
GO_Biological_Process_2023,Fatty Acid Derivative Biosynthetic Process (GO:1901570),1/28,0.2549758981993325,0.4293465124517792,0,0,3.519230769230769,4.809332397953107,HMGCL,PT
GO_Biological_Process_2023,Vesicle Coating (GO:0006901),1/28,0.2549758981993325,0.4293465124517792,0,0,3.519230769230769,4.809332397953107,TRAPPC1,PT
GO_Biological_Process_2023,Protein Localization To Golgi Apparatus (GO:0034067),1/28,0.2549758981993325,0.4293465124517792,0,0,3.519230769230769,4.809332397953107,OPTN,PT
GO_Biological_Process_2023,Positive Regulation Of DNA-binding Transcription Factor Activity (GO:0051091),4/246,0.2565488955565719,0.4312995925298891,0,0,1.5762144728885306,2.144338923020449,NPM1;RPS3;CAPN3;LAMTOR5,PT
GO_Biological_Process_2023,Vesicle Organization (GO:0016050),2/94,0.2576663816611934,0.432481836743225,0,0,2.068788069733249,2.8054620380301483,TRAPPC1;SQSTM1,PT
GO_Biological_Process_2023,Sarcomere Organization (GO:0045214),1/29,0.2627723034817502,0.4368380331766675,0,0,3.3933722527472527,4.535131351227306,CAPN3,PT
GO_Biological_Process_2023,Positive Regulation Of Endopeptidase Activity (GO:0010950),1/29,0.2627723034817502,0.4368380331766675,0,0,3.3933722527472527,4.535131351227306,PRELID1,PT
GO_Biological_Process_2023,Positive Regulation Of Microtubule Polymerization (GO:0031116),1/29,0.2627723034817502,0.4368380331766675,0,0,3.3933722527472527,4.535131351227306,RPS3,PT
GO_Biological_Process_2023,Protein K11-linked Ubiquitination (GO:0070979),1/29,0.2627723034817502,0.4368380331766675,0,0,3.3933722527472527,4.535131351227306,ANAPC11,PT
GO_Biological_Process_2023,Protein Insertion Into ER Membrane (GO:0045048),1/29,0.2627723034817502,0.4368380331766675,0,0,3.3933722527472527,4.535131351227306,GET3,PT
GO_Biological_Process_2023,Multivesicular Body Assembly (GO:0036258),1/29,0.2627723034817502,0.4368380331766675,0,0,3.3933722527472527,4.535131351227306,VPS28,PT
GO_Biological_Process_2023,Negative Regulation Of Interleukin-1 Production (GO:0032692),1/30,0.27048750843,0.4426159228854546,0,0,3.276193633952255,4.283719369756628,GSTP1,PT
GO_Biological_Process_2023,Negative Regulation Of Peptidyl-Tyrosine Phosphorylation (GO:0050732),1/30,0.27048750843,0.4426159228854546,0,0,3.276193633952255,4.283719369756628,THY1,PT
GO_Biological_Process_2023,Artery Morphogenesis (GO:0048844),1/30,0.27048750843,0.4426159228854546,0,0,3.276193633952255,4.283719369756628,ANGPTL3,PT
GO_Biological_Process_2023,Regulation Of Potassium Ion Transport (GO:0043266),1/30,0.27048750843,0.4426159228854546,0,0,3.276193633952255,4.283719369756628,CD63,PT
GO_Biological_Process_2023,Positive Regulation Of JUN Kinase Activity (GO:0043507),1/30,0.27048750843,0.4426159228854546,0,0,3.276193633952255,4.283719369756628,RPS3,PT
GO_Biological_Process_2023,Cytoplasmic Translational Initiation (GO:0002183),1/30,0.27048750843,0.4426159228854546,0,0,3.276193633952255,4.283719369756628,EIF3I,PT
GO_Biological_Process_2023,Prostaglandin Metabolic Process (GO:0006693),1/30,0.27048750843,0.4426159228854546,0,0,3.276193633952255,4.283719369756628,GSTP1,PT
GO_Biological_Process_2023,Multivesicular Body Organization (GO:0036257),1/30,0.27048750843,0.4426159228854546,0,0,3.276193633952255,4.283719369756628,VPS28,PT
GO_Biological_Process_2023,Negative Regulation Of Blood Coagulation (GO:0030195),1/30,0.27048750843,0.4426159228854546,0,0,3.276193633952255,4.283719369756628,PLG,PT
GO_Biological_Process_2023,Negative Regulation Of Carbohydrate Metabolic Process (GO:0045912),1/30,0.27048750843,0.4426159228854546,0,0,3.276193633952255,4.283719369756628,PGPEP1,PT
GO_Biological_Process_2023,MAPK Cascade (GO:0000165),2/98,0.2731605614923084,0.4462904948325038,0,0,1.982185990338164,2.5722738781756056,CTSH;AVP,PT
GO_Biological_Process_2023,Regulation Of Centrosome Duplication (GO:0010824),1/31,0.2781223547466944,0.4473955906865161,0,0,3.1668269230769237,4.052569846766924,NPM1,PT
GO_Biological_Process_2023,Regulation Of Gluconeogenesis (GO:0006111),1/31,0.2781223547466944,0.4473955906865161,0,0,3.1668269230769237,4.052569846766924,PGPEP1,PT
GO_Biological_Process_2023,Actin Filament Polymerization (GO:0030041),1/31,0.2781223547466944,0.4473955906865161,0,0,3.1668269230769237,4.052569846766924,MSRB1,PT
GO_Biological_Process_2023,Regulation Of Long-Term Synaptic Potentiation (GO:1900271),1/31,0.2781223547466944,0.4473955906865161,0,0,3.1668269230769237,4.052569846766924,SQSTM1,PT
GO_Biological_Process_2023,Bile Acid Metabolic Process (GO:0008206),1/31,0.2781223547466944,0.4473955906865161,0,0,3.1668269230769237,4.052569846766924,AMACR,PT
GO_Biological_Process_2023,Cellular Response To cAMP (GO:0071320),1/31,0.2781223547466944,0.4473955906865161,0,0,3.1668269230769237,4.052569846766924,AQP1,PT
GO_Biological_Process_2023,Positive Regulation Of Leukocyte Migration (GO:0002687),1/31,0.2781223547466944,0.4473955906865161,0,0,3.1668269230769237,4.052569846766924,THY1,PT
GO_Biological_Process_2023,Triglyceride Homeostasis (GO:0070328),1/31,0.2781223547466944,0.4473955906865161,0,0,3.1668269230769237,4.052569846766924,ANGPTL3,PT
GO_Biological_Process_2023,Glutamine Family Amino Acid Metabolic Process (GO:0009064),1/31,0.2781223547466944,0.4473955906865161,0,0,3.1668269230769237,4.052569846766924,NIT2,PT
GO_Biological_Process_2023,Positive Regulation Of Proteolysis Involved In Protein Catabolic Process (GO:1903052),1/31,0.2781223547466944,0.4473955906865161,0,0,3.1668269230769237,4.052569846766924,PSMC5,PT
GO_Biological_Process_2023,Regulation Of Organelle Organization (GO:0033043),2/100,0.2809047137719573,0.4511761864275745,0,0,1.9415360347037365,2.465245506602583,FIS1;SQSTM1,PT
GO_Biological_Process_2023,Negative Regulation Of Proteasomal Ubiquitin-Dependent Protein Catabolic Process (GO:0032435),1/32,0.2856776754141505,0.4546455687993494,0,0,3.064516129032258,3.839505022961832,RPL11,PT
GO_Biological_Process_2023,Amide Transport (GO:0042886),1/32,0.2856776754141505,0.4546455687993494,0,0,3.064516129032258,3.839505022961832,GLTPD2,PT
GO_Biological_Process_2023,Cellular Nitrogen Compound Biosynthetic Process (GO:0044271),1/32,0.2856776754141505,0.4546455687993494,0,0,3.064516129032258,3.839505022961832,GCHFR,PT
GO_Biological_Process_2023,Regulation Of Ubiquitin-Protein Transferase Activity (GO:0051438),1/32,0.2856776754141505,0.4546455687993494,0,0,3.064516129032258,3.839505022961832,RPS2,PT
GO_Biological_Process_2023,Transition Metal Ion Transport (GO:0000041),1/32,0.2856776754141505,0.4546455687993494,0,0,3.064516129032258,3.839505022961832,FTH1,PT
GO_Biological_Process_2023,Vesicle Budding From Membrane (GO:0006900),1/32,0.2856776754141505,0.4546455687993494,0,0,3.064516129032258,3.839505022961832,TRAPPC1,PT
GO_Biological_Process_2023,Negative Regulation Of Endocytosis (GO:0045806),1/33,0.2931542948101967,0.4602302011757073,0,0,2.9685997596153846,3.642638755566374,RACK1,PT
GO_Biological_Process_2023,Negative Regulation Of Small Molecule Metabolic Process (GO:0062014),1/33,0.2931542948101967,0.4602302011757073,0,0,2.9685997596153846,3.642638755566374,PGPEP1,PT
GO_Biological_Process_2023,Regulation Of Potassium Ion Transmembrane Transport (GO:1901379),1/33,0.2931542948101967,0.4602302011757073,0,0,2.9685997596153846,3.642638755566374,CD63,PT
GO_Biological_Process_2023,Positive Regulation Of Ion Transmembrane Transporter Activity (GO:0032414),1/33,0.2931542948101967,0.4602302011757073,0,0,2.9685997596153846,3.642638755566374,GLRX,PT
GO_Biological_Process_2023,Ubiquitin-Dependent Protein Catabolic Process Via The Multivesicular Body Sorting Pathway (GO:0043162),1/33,0.2931542948101967,0.4602302011757073,0,0,2.9685997596153846,3.642638755566374,VPS28,PT
GO_Biological_Process_2023,Monoubiquitinated Protein Deubiquitination (GO:0035520),1/33,0.2931542948101967,0.4602302011757073,0,0,2.9685997596153846,3.642638755566374,SF3B5,PT
GO_Biological_Process_2023,ncRNA Catabolic Process (GO:0034661),1/33,0.2931542948101967,0.4602302011757073,0,0,2.9685997596153846,3.642638755566374,TRIR,PT
GO_Biological_Process_2023,Regulation Of Activated T Cell Proliferation (GO:0046006),1/33,0.2931542948101967,0.4602302011757073,0,0,2.9685997596153846,3.642638755566374,RPS3,PT
GO_Biological_Process_2023,Negative Regulation Of Blood Vessel Endothelial Cell Migration (GO:0043537),1/33,0.2931542948101967,0.4602302011757073,0,0,2.9685997596153846,3.642638755566374,GADD45A,PT
GO_Biological_Process_2023,Macroautophagy (GO:0016236),2/104,0.2963711050492197,0.4627984692882603,0,0,1.8650184711565785,2.268128928519559,SQSTM1;VPS28,PT
GO_Biological_Process_2023,ATP Metabolic Process (GO:0046034),1/34,0.3005530289055944,0.4627984692882603,0,0,2.8784965034965038,3.460330086551988,ATP5PO,PT
GO_Biological_Process_2023,Negative Regulation Of Mitotic Cell Cycle (GO:0045930),1/34,0.3005530289055944,0.4627984692882603,0,0,2.8784965034965038,3.460330086551988,AURKAIP1,PT
GO_Biological_Process_2023,Regulation Of Metal Ion Transport (GO:0010959),1/34,0.3005530289055944,0.4627984692882603,0,0,2.8784965034965038,3.460330086551988,B2M,PT
GO_Biological_Process_2023,Apoptotic Mitochondrial Changes (GO:0008637),1/34,0.3005530289055944,0.4627984692882603,0,0,2.8784965034965038,3.460330086551988,FIS1,PT
GO_Biological_Process_2023,Cellular Response To Vascular Endothelial Growth Factor Stimulus (GO:0035924),1/34,0.3005530289055944,0.4627984692882603,0,0,2.8784965034965038,3.460330086551988,MT1G,PT
GO_Biological_Process_2023,Glial Cell Differentiation (GO:0010001),1/34,0.3005530289055944,0.4627984692882603,0,0,2.8784965034965038,3.460330086551988,METRN,PT
GO_Biological_Process_2023,Histone Deubiquitination (GO:0016578),1/34,0.3005530289055944,0.4627984692882603,0,0,2.8784965034965038,3.460330086551988,SF3B5,PT
GO_Biological_Process_2023,Inner Mitochondrial Membrane Organization (GO:0007007),1/34,0.3005530289055944,0.4627984692882603,0,0,2.8784965034965038,3.460330086551988,ROMO1,PT
GO_Biological_Process_2023,Membrane Protein Proteolysis (GO:0033619),1/34,0.3005530289055944,0.4627984692882603,0,0,2.8784965034965038,3.460330086551988,CTSH,PT
GO_Biological_Process_2023,Protein Targeting To Vacuole (GO:0006623),1/34,0.3005530289055944,0.4627984692882603,0,0,2.8784965034965038,3.460330086551988,SQSTM1,PT
GO_Biological_Process_2023,Negative Regulation Of JNK Cascade (GO:0046329),1/34,0.3005530289055944,0.4627984692882603,0,0,2.8784965034965038,3.460330086551988,GSTP1,PT
GO_Biological_Process_2023,Negative Regulation Of Cell Cycle Process (GO:0010948),1/34,0.3005530289055944,0.4627984692882603,0,0,2.8784965034965038,3.460330086551988,AURKAIP1,PT
GO_Biological_Process_2023,Phosphate-Containing Compound Metabolic Process (GO:0006796),3/184,0.3022128435174418,0.4646689376026646,0,0,1.577804001501904,1.8880377094685945,IMPA2;TOLLIP;ANGPTL3,PT
GO_Biological_Process_2023,Protein Localization (GO:0008104),5/351,0.3056670926726262,0.4686432910297126,0,0,1.3774368128754393,1.6326189685028445,NPM1;CAPN3;LAMTOR2;ROMO1;SQSTM1,PT
GO_Biological_Process_2023,Regulation Of Cellular Senescence (GO:2000772),1/35,0.3078746851015399,0.4686432910297126,0,0,2.793693438914027,3.291145324218324,B2M,PT
GO_Biological_Process_2023,Liver Development (GO:0001889),1/35,0.3078746851015399,0.4686432910297126,0,0,2.793693438914027,3.291145324218324,PCK1,PT
GO_Biological_Process_2023,Regulation Of Cellular Response To Stress (GO:0080135),2/107,0.307939940274313,0.4686432910297126,0,0,1.811456176673568,2.1336245890238787,SF3B5;NPM1,PT
GO_Biological_Process_2023,Negative Regulation Of Translation (GO:0017148),2/107,0.307939940274313,0.4686432910297126,0,0,1.811456176673568,2.1336245890238787,RACK1;RPS3,PT
GO_Biological_Process_2023,Positive Regulation Of T Cell Activation (GO:0050870),2/107,0.307939940274313,0.4686432910297126,0,0,1.811456176673568,2.1336245890238787,THY1;B2M,PT
GO_Biological_Process_2023,Positive Regulation Of Autophagy (GO:0010508),2/107,0.307939940274313,0.4686432910297126,0,0,1.811456176673568,2.1336245890238787,SQSTM1;OPTN,PT
GO_Biological_Process_2023,Positive Regulation Of Intracellular Signal Transduction (GO:1902533),7/525,0.3102616415963685,0.4714893068800709,0,0,1.2893363660690391,1.5089610618081415,RPS15;FIS1;RACK1;RPS3;LAMTOR2;RPL37;LAMTOR5,PT
GO_Biological_Process_2023,Positive Regulation Of Translation (GO:0045727),2/108,0.3117884321142997,0.4731208184990245,0,0,1.7942758180658098,2.0911036263191525,RPS4X;NPM1,PT
GO_Biological_Process_2023,COPII-coated Vesicle Budding (GO:0090114),1/36,0.3151200626051619,0.4754123487858223,0,0,2.713736263736264,3.133826875265196,TRAPPC1,PT
GO_Biological_Process_2023,Negative Regulation Of Protein Kinase B Signaling (GO:0051898),1/36,0.3151200626051619,0.4754123487858223,0,0,2.713736263736264,3.133826875265196,RACK1,PT
GO_Biological_Process_2023,Regulation Of Receptor Internalization (GO:0002090),1/36,0.3151200626051619,0.4754123487858223,0,0,2.713736263736264,3.133826875265196,CD63,PT
GO_Biological_Process_2023,Histone H3 Acetylation (GO:0043966),1/36,0.3151200626051619,0.4754123487858223,0,0,2.713736263736264,3.133826875265196,SF3B5,PT
GO_Biological_Process_2023,Negative Regulation Of Developmental Process (GO:0051093),2/109,0.315632468713986,0.4754982645561348,0,0,1.7774165876563277,2.0496756012240054,CST3;THY1,PT
GO_Biological_Process_2023,Negative Regulation Of Endothelial Cell Migration (GO:0010596),1/37,0.3222899522917543,0.4827413345661283,0,0,2.6382211538461537,2.987267483333688,GADD45A,PT
GO_Biological_Process_2023,Negative Regulation Of Stress-Activated MAPK Cascade (GO:0032873),1/37,0.3222899522917543,0.4827413345661283,0,0,2.6382211538461537,2.987267483333688,GSTP1,PT
GO_Biological_Process_2023,Regulation Of p38MAPK Cascade (GO:1900744),1/37,0.3222899522917543,0.4827413345661283,0,0,2.6382211538461537,2.987267483333688,GADD45A,PT
GO_Biological_Process_2023,Regulation Of Sodium Ion Transmembrane Transporter Activity (GO:2000649),1/37,0.3222899522917543,0.4827413345661283,0,0,2.6382211538461537,2.987267483333688,GLRX,PT
GO_Biological_Process_2023,Negative Regulation Of Inflammatory Response (GO:0050728),2/111,0.3233058793492854,0.4835692522072405,0,0,1.7446261578690776,1.9699558074439296,RPS19;GSTP1,PT
GO_Biological_Process_2023,Response To cAMP (GO:0051591),1/38,0.32938513690693,0.4898548189897933,0,0,2.566787941787942,2.850488811562392,AQP1,PT
GO_Biological_Process_2023,Positive Regulation Of Axonogenesis (GO:0050772),1/38,0.32938513690693,0.4898548189897933,0,0,2.566787941787942,2.850488811562392,METRN,PT
GO_Biological_Process_2023,Establishment Of Protein Localization To Plasma Membrane (GO:0061951),1/38,0.32938513690693,0.4898548189897933,0,0,2.566787941787942,2.850488811562392,OPTN,PT
GO_Biological_Process_2023,Membrane Fission (GO:0090148),1/38,0.32938513690693,0.4898548189897933,0,0,2.566787941787942,2.850488811562392,VPS28,PT
GO_Biological_Process_2023,Positive Regulation Of Cellular Component Organization (GO:0051130),2/113,0.330957649864632,0.491493295104802,0,0,1.7130173651912783,1.894194403262499,RACK1;RPS3,PT
GO_Biological_Process_2023,Regulation Of MAP Kinase Activity (GO:0043405),2/114,0.3347746625787264,0.4918883365981324,0,0,1.6976363008971704,1.8577193679510569,GSTP1;LIME1,PT
GO_Biological_Process_2023,Negative Regulation Of Proteasomal Protein Catabolic Process (GO:1901799),1/39,0.3364063911217113,0.4918883365981324,0,0,2.499114372469636,2.722623547273288,RPL11,PT
GO_Biological_Process_2023,Negative Regulation Of Protein Secretion (GO:0050709),1/39,0.3364063911217113,0.4918883365981324,0,0,2.499114372469636,2.722623547273288,PSMD9,PT
GO_Biological_Process_2023,Regulation Of Mitochondrial Membrane Potential (GO:0051881),1/39,0.3364063911217113,0.4918883365981324,0,0,2.499114372469636,2.722623547273288,PRELID1,PT
GO_Biological_Process_2023,Regulation Of Monoatomic Cation Transmembrane Transport (GO:1904062),1/39,0.3364063911217113,0.4918883365981324,0,0,2.499114372469636,2.722623547273288,CD63,PT
GO_Biological_Process_2023,Nuclear Transport (GO:0051169),1/39,0.3364063911217113,0.4918883365981324,0,0,2.499114372469636,2.722623547273288,NPM1,PT
GO_Biological_Process_2023,Odontogenesis (GO:0042476),1/39,0.3364063911217113,0.4918883365981324,0,0,2.499114372469636,2.722623547273288,AQP1,PT
GO_Biological_Process_2023,Regulation Of Protein Tyrosine Kinase Activity (GO:0061097),1/39,0.3364063911217113,0.4918883365981324,0,0,2.499114372469636,2.722623547273288,THY1,PT
GO_Biological_Process_2023,Regulation Of Receptor-Mediated Endocytosis (GO:0048259),1/39,0.3364063911217113,0.4918883365981324,0,0,2.499114372469636,2.722623547273288,B2M,PT
GO_Biological_Process_2023,Retina Homeostasis (GO:0001895),1/39,0.3364063911217113,0.4918883365981324,0,0,2.499114372469636,2.722623547273288,B2M,PT
GO_Biological_Process_2023,Negative Regulation Of Cell-Substrate Adhesion (GO:0010812),1/39,0.3364063911217113,0.4918883365981324,0,0,2.499114372469636,2.722623547273288,PLG,PT
GO_Biological_Process_2023,Endoplasmic Reticulum To Golgi Vesicle-Mediated Transport (GO:0006888),2/115,0.3385853700020079,0.4943819948001345,0,0,1.682527467829507,1.8221419440855025,TRAPPC1;IER3IP1,PT
GO_Biological_Process_2023,Regulation Of Cytokine-Mediated Signaling Pathway (GO:0001959),1/40,0.3433544816139097,0.4971734796184768,0,0,2.43491124260355,2.602900374597205,SIGIRR,PT
GO_Biological_Process_2023,Regulation Of Microtubule Polymerization (GO:0031113),1/40,0.3433544816139097,0.4971734796184768,0,0,2.43491124260355,2.602900374597205,RPS3,PT
GO_Biological_Process_2023,Cellular Response To Heat (GO:0034605),1/40,0.3433544816139097,0.4971734796184768,0,0,2.43491124260355,2.602900374597205,STUB1,PT
GO_Biological_Process_2023,Cyclic-Nucleotide-Mediated Signaling (GO:0019935),1/40,0.3433544816139097,0.4971734796184768,0,0,2.43491124260355,2.602900374597205,AQP1,PT
GO_Biological_Process_2023,Positive Regulation Of Insulin Secretion (GO:0032024),1/40,0.3433544816139097,0.4971734796184768,0,0,2.43491124260355,2.602900374597205,PSMD9,PT
GO_Biological_Process_2023,Negative Regulation Of Cell-Cell Adhesion (GO:0022408),1/40,0.3433544816139097,0.4971734796184768,0,0,2.43491124260355,2.602900374597205,PLG,PT
GO_Biological_Process_2023,Regulation Of Chemokine Production (GO:0032642),1/41,0.3502301671402767,0.5043314406819985,0,0,2.373918269230769,2.4906312967992768,SIGIRR,PT
GO_Biological_Process_2023,Cellular Response To Retinoic Acid (GO:0071300),1/41,0.3502301671402767,0.5043314406819985,0,0,2.373918269230769,2.4906312967992768,AQP1,PT
GO_Biological_Process_2023,Protein Localization To Lysosome (GO:0061462),1/41,0.3502301671402767,0.5043314406819985,0,0,2.373918269230769,2.4906312967992768,LAMTOR5,PT
GO_Biological_Process_2023,Regulation Of Amide Metabolic Process (GO:0034248),1/41,0.3502301671402767,0.5043314406819985,0,0,2.373918269230769,2.4906312967992768,RPL10,PT
GO_Biological_Process_2023,Organic Substance Transport (GO:0071702),3/201,0.3507512605982867,0.5043861102818339,0,0,1.4410856134157104,1.5097936442924669,SLC22A6;AVP;AQP1,PT
GO_Biological_Process_2023,Regulation Of Protein Kinase Activity (GO:0045859),2/119,0.3537595580316193,0.5073145310233662,0,0,1.6246748420661463,1.6882610593272636,GSTP1;THY1,PT
GO_Biological_Process_2023,Regulation Of Protein-Containing Complex Assembly (GO:0043254),2/119,0.3537595580316193,0.5073145310233662,0,0,1.6246748420661463,1.6882610593272636,RACK1;RPS3,PT
GO_Biological_Process_2023,Organic Hydroxy Compound Biosynthetic Process (GO:1901617),1/42,0.3570341986263137,0.5099093069300568,0,0,2.3159005628517826,2.3852008934745323,AMACR,PT
GO_Biological_Process_2023,Monocyte Chemotaxis (GO:0002548),1/42,0.3570341986263137,0.5099093069300568,0,0,2.3159005628517826,2.3852008934745323,RPS19,PT
GO_Biological_Process_2023,Negative Regulation Of I-kappaB kinase/NF-kappaB Signaling (GO:0043124),1/42,0.3570341986263137,0.5099093069300568,0,0,2.3159005628517826,2.3852008934745323,GSTP1,PT
GO_Biological_Process_2023,Regulation Of Angiogenesis (GO:0045765),3/205,0.36214455784713,0.5159960343560265,0,0,1.412260886282803,1.4344500691873314,ANGPTL3;CTSH;AQP1,PT
GO_Biological_Process_2023,DNA-templated DNA Replication Maintenance Of Fidelity (GO:0045005),1/43,0.3637673192394975,0.5159960343560265,0,0,2.2606456043956045,2.286057179373668,CENPX,PT
GO_Biological_Process_2023,Positive Regulation Of Cell-Matrix Adhesion (GO:0001954),1/43,0.3637673192394975,0.5159960343560265,0,0,2.2606456043956045,2.286057179373668,THY1,PT
GO_Biological_Process_2023,Energy Derivation By Oxidation Of Organic Compounds (GO:0015980),1/43,0.3637673192394975,0.5159960343560265,0,0,2.2606456043956045,2.286057179373668,COX7A2,PT
GO_Biological_Process_2023,Regulation Of Cellular Component Size (GO:0032535),1/43,0.3637673192394975,0.5159960343560265,0,0,2.2606456043956045,2.286057179373668,LAMTOR5,PT
GO_Biological_Process_2023,Positive Regulation Of Macromolecule Biosynthetic Process (GO:0010557),2/122,0.3650607045872993,0.5164273381966672,0,0,1.583816425120773,1.5959985475916922,RPS4X;NPM1,PT
GO_Biological_Process_2023,Protein Localization To Nucleus (GO:0034504),2/122,0.3650607045872993,0.5164273381966672,0,0,1.583816425120773,1.5959985475916922,RPL11;CHCHD10,PT
GO_Biological_Process_2023,Bone Development (GO:0060348),1/44,0.370430264521392,0.5201342648715999,0,0,2.2079606440071555,2.1927037946583394,RPL13,PT
GO_Biological_Process_2023,Nucleus Organization (GO:0006997),1/44,0.370430264521392,0.5201342648715999,0,0,2.2079606440071555,2.1927037946583394,RPS19,PT
GO_Biological_Process_2023,Positive Regulation Of Biosynthetic Process (GO:0009891),1/44,0.370430264521392,0.5201342648715999,0,0,2.2079606440071555,2.1927037946583394,PCK1,PT
GO_Biological_Process_2023,Extracellular Matrix Disassembly (GO:0022617),1/44,0.370430264521392,0.5201342648715999,0,0,2.2079606440071555,2.1927037946583394,PLG,PT
GO_Biological_Process_2023,Positive Regulation Of Leukocyte Cell-Cell Adhesion (GO:1903039),1/44,0.370430264521392,0.5201342648715999,0,0,2.2079606440071555,2.1927037946583394,THY1,PT
GO_Biological_Process_2023,Protein Stabilization (GO:0050821),3/208,0.3706703956556229,0.5201342648715999,0,0,1.391380535164575,1.3808645265338635,RPS7;RPL11;STUB1,PT
GO_Biological_Process_2023,DNA Damage Response (GO:0006974),5/384,0.3736724653005721,0.5236430251997279,0,0,1.255367582389156,1.2357532504007658,NPM1;GADD45A;RPS3;ALKBH7;FAAP20,PT
GO_Biological_Process_2023,Regulation Of Cellular Metabolic Process (GO:0031323),1/45,0.3770237623692827,0.5255177675748081,0,0,2.1576704545454546,2.1046933085918926,STUB1,PT
GO_Biological_Process_2023,Negative Regulation Of Response To Biotic Stimulus (GO:0002832),1/45,0.3770237623692827,0.5255177675748081,0,0,2.1576704545454546,2.1046933085918926,SIGIRR,PT
GO_Biological_Process_2023,Positive Regulation Of Innate Immune Response (GO:0045089),1/45,0.3770237623692827,0.5255177675748081,0,0,2.1576704545454546,2.1046933085918926,RPS19,PT
GO_Biological_Process_2023,Zymogen Activation (GO:0031638),1/45,0.3770237623692827,0.5255177675748081,0,0,2.1576704545454546,2.1046933085918926,CTSH,PT
GO_Biological_Process_2023,Protein-Containing Complex Organization (GO:0043933),2/126,0.380010248480167,0.5282647343407294,0,0,1.532413900576593,1.4826978836569542,CAPN3;CHCHD10,PT
GO_Biological_Process_2023,B Cell Receptor Signaling Pathway (GO:0050853),1/46,0.3835485331707594,0.5282647343407294,0,0,2.1096153846153847,2.0216214555541905,LIME1,PT
GO_Biological_Process_2023,Amino Acid Transport (GO:0006865),1/46,0.3835485331707594,0.5282647343407294,0,0,2.1096153846153847,2.0216214555541905,SLC6A19,PT
GO_Biological_Process_2023,Cellular Component Disassembly (GO:0022411),1/46,0.3835485331707594,0.5282647343407294,0,0,2.1096153846153847,2.0216214555541905,PLG,PT
GO_Biological_Process_2023,Replication Fork Processing (GO:0031297),1/46,0.3835485331707594,0.5282647343407294,0,0,2.1096153846153847,2.0216214555541905,CENPX,PT
GO_Biological_Process_2023,Positive Regulation Of Cell-Cell Adhesion (GO:0022409),1/46,0.3835485331707594,0.5282647343407294,0,0,2.1096153846153847,2.0216214555541905,THY1,PT
GO_Biological_Process_2023,Positive Regulation Of Peptide Hormone Secretion (GO:0090277),1/46,0.3835485331707594,0.5282647343407294,0,0,2.1096153846153847,2.0216214555541905,PSMD9,PT
GO_Biological_Process_2023,Myofibril Assembly (GO:0030239),1/46,0.3835485331707594,0.5282647343407294,0,0,2.1096153846153847,2.0216214555541905,CAPN3,PT
GO_Biological_Process_2023,Negative Regulation Of Cold-Induced Thermogenesis (GO:0120163),1/46,0.3835485331707594,0.5282647343407294,0,0,2.1096153846153847,2.0216214555541905,ACOT13,PT
GO_Biological_Process_2023,Golgi To Plasma Membrane Transport (GO:0006893),1/47,0.3900052898857347,0.5329391657600877,0,0,2.0636496655518397,1.9431221575983704,OPTN,PT
GO_Biological_Process_2023,Regulation Of Interleukin-2 Production (GO:0032663),1/47,0.3900052898857347,0.5329391657600877,0,0,2.0636496655518397,1.9431221575983704,RPS3,PT
GO_Biological_Process_2023,Negative Regulation Of Tumor Necrosis Factor Production (GO:0032720),1/47,0.3900052898857347,0.5329391657600877,0,0,2.0636496655518397,1.9431221575983704,GSTP1,PT
GO_Biological_Process_2023,Secondary Alcohol Metabolic Process (GO:1902652),1/47,0.3900052898857347,0.5329391657600877,0,0,2.0636496655518397,1.9431221575983704,ANGPTL3,PT
GO_Biological_Process_2023,Positive Regulation Of Lymphocyte Activation (GO:0051251),1/47,0.3900052898857347,0.5329391657600877,0,0,2.0636496655518397,1.9431221575983704,THY1,PT
GO_Biological_Process_2023,Regulation Of T Cell Differentiation (GO:0045580),1/47,0.3900052898857347,0.5329391657600877,0,0,2.0636496655518397,1.9431221575983704,PRELID1,PT
GO_Biological_Process_2023,Protein Homooligomerization (GO:0051260),2/129,0.3911255032260369,0.5330744456501078,0,0,1.4959869146791434,1.4043229948704132,ACOT13;B2M,PT
GO_Biological_Process_2023,Regulation Of DNA Repair (GO:0006282),2/129,0.3911255032260369,0.5330744456501078,0,0,1.4959869146791434,1.4043229948704132,SF3B5;RPS3,PT
GO_Biological_Process_2023,Cellular Response To Radiation (GO:0071478),1/48,0.3963947381154107,0.5374494890811543,0,0,2.019639934533552,1.868863211913533,GADD45A,PT
GO_Biological_Process_2023,Regulation Of Tumor Necrosis Factor-Mediated Signaling Pathway (GO:0010803),1/48,0.3963947381154107,0.5374494890811543,0,0,2.019639934533552,1.868863211913533,GSTP1,PT
GO_Biological_Process_2023,Post-Translational Protein Modification (GO:0043687),1/48,0.3963947381154107,0.5374494890811543,0,0,2.019639934533552,1.868863211913533,RNF7,PT
GO_Biological_Process_2023,Negative Regulation Of ERK1 And ERK2 Cascade (GO:0070373),1/48,0.3963947381154107,0.5374494890811543,0,0,2.019639934533552,1.868863211913533,GSTP1,PT
GO_Biological_Process_2023,Epithelial Cell Differentiation (GO:0030855),2/132,0.4021514535160345,0.5418004504842199,0,0,1.4612411742846525,1.331083325023533,TOLLIP;PCK1,PT
GO_Biological_Process_2023,Negative Regulation Of Tumor Necrosis Factor Superfamily Cytokine Production (GO:1903556),1/49,0.4027175762219872,0.5418004504842199,0,0,1.9774639423076923,1.798542542342837,GSTP1,PT
GO_Biological_Process_2023,Regulation Of Mitotic Metaphase/Anaphase Transition (GO:0030071),1/49,0.4027175762219872,0.5418004504842199,0,0,1.9774639423076923,1.798542542342837,ANAPC11,PT
GO_Biological_Process_2023,Erythrocyte Differentiation (GO:0030218),1/49,0.4027175762219872,0.5418004504842199,0,0,1.9774639423076923,1.798542542342837,RPS19,PT
GO_Biological_Process_2023,Unsaturated Fatty Acid Metabolic Process (GO:0033559),1/49,0.4027175762219872,0.5418004504842199,0,0,1.9774639423076923,1.798542542342837,GSTP1,PT
GO_Biological_Process_2023,Negative Regulation Of DNA Metabolic Process (GO:0051053),1/49,0.4027175762219872,0.5418004504842199,0,0,1.9774639423076923,1.798542542342837,RPS3,PT
GO_Biological_Process_2023,Positive Regulation Of Cell Motility (GO:2000147),3/221,0.407335326702151,0.5452368680193405,0,0,1.3075398592678364,1.1743257818484123,RACK1;ANGPTL3;CTSH,PT
GO_Biological_Process_2023,Regulation Of Epithelial Cell Migration (GO:0010632),1/50,0.4089744952578169,0.5452368680193405,0,0,1.937009419152276,1.731884932549588,CTSH,PT
GO_Biological_Process_2023,Nucleocytoplasmic Transport (GO:0006913),1/50,0.4089744952578169,0.5452368680193405,0,0,1.937009419152276,1.731884932549588,NPM1,PT
GO_Biological_Process_2023,Steroid Biosynthetic Process (GO:0006694),1/50,0.4089744952578169,0.5452368680193405,0,0,1.937009419152276,1.731884932549588,AMACR,PT
GO_Biological_Process_2023,Positive Regulation Of Transport (GO:0051050),1/50,0.4089744952578169,0.5452368680193405,0,0,1.937009419152276,1.731884932549588,CHCHD10,PT
GO_Biological_Process_2023,Pyruvate Metabolic Process (GO:0006090),1/50,0.4089744952578169,0.5452368680193405,0,0,1.937009419152276,1.731884932549588,PCK1,PT
GO_Biological_Process_2023,Regulation Of TORC1 Signaling (GO:1903432),1/50,0.4089744952578169,0.5452368680193405,0,0,1.937009419152276,1.731884932549588,LAMTOR5,PT
GO_Biological_Process_2023,Antigen Receptor-Mediated Signaling Pathway (GO:0050851),2/134,0.4094499085509223,0.5452368680193405,0,0,1.4389547650417216,1.2849012846792125,THY1;LIME1,PT
GO_Biological_Process_2023,Regulation Of Smoothened Signaling Pathway (GO:0008589),1/51,0.4151661792426794,0.5493453626481081,0,0,1.898173076923077,1.6686391683120614,RACK1,PT
GO_Biological_Process_2023,Regulation Of Stress-Activated MAPK Cascade (GO:0032872),1/51,0.4151661792426794,0.5493453626481081,0,0,1.898173076923077,1.6686391683120614,GSTP1,PT
GO_Biological_Process_2023,Cholesterol Transport (GO:0030301),1/51,0.4151661792426794,0.5493453626481081,0,0,1.898173076923077,1.6686391683120614,APOM,PT
GO_Biological_Process_2023,Positive Regulation Of Protein Localization To Cell Periphery (GO:1904377),1/51,0.4151661792426794,0.5493453626481081,0,0,1.898173076923077,1.6686391683120614,SQSTM1,PT
GO_Biological_Process_2023,Negative Regulation Of MAP Kinase Activity (GO:0043407),1/51,0.4151661792426794,0.5493453626481081,0,0,1.898173076923077,1.6686391683120614,GSTP1,PT
GO_Biological_Process_2023,Negative Regulation Of Innate Immune Response (GO:0045824),1/52,0.4212933050291481,0.5546408706815014,0,0,1.8608597285067876,1.6085755341735564,RPS19,PT
GO_Biological_Process_2023,Regulation Of Protein Localization To Nucleus (GO:1900180),1/52,0.4212933050291481,0.5546408706815014,0,0,1.8608597285067876,1.6085755341735564,LAMTOR5,PT
GO_Biological_Process_2023,Cellular Response To Ionizing Radiation (GO:0071479),1/52,0.4212933050291481,0.5546408706815014,0,0,1.8608597285067876,1.6085755341735564,GADD45A,PT
GO_Biological_Process_2023,Regulation Of Cell Development (GO:0060284),1/52,0.4212933050291481,0.5546408706815014,0,0,1.8608597285067876,1.6085755341735564,RPS19,PT
GO_Biological_Process_2023,Regulation Of Cyclin-Dependent Protein Kinase Activity (GO:1904029),1/53,0.4273565425738954,0.5571713988398442,0,0,1.82498150887574,1.5514836112426886,GADD45A,PT
GO_Biological_Process_2023,Actin Polymerization Or Depolymerization (GO:0008154),1/53,0.4273565425738954,0.5571713988398442,0,0,1.82498150887574,1.5514836112426886,MSRB1,PT
GO_Biological_Process_2023,Regulation Of Macromolecule Biosynthetic Process (GO:0010556),1/53,0.4273565425738954,0.5571713988398442,0,0,1.82498150887574,1.5514836112426886,RPL10,PT
GO_Biological_Process_2023,Blood Vessel Morphogenesis (GO:0048514),1/53,0.4273565425738954,0.5571713988398442,0,0,1.82498150887574,1.5514836112426886,ANGPTL3,PT
GO_Biological_Process_2023,Regulation Of Proteasomal Protein Catabolic Process (GO:0061136),1/53,0.4273565425738954,0.5571713988398442,0,0,1.82498150887574,1.5514836112426886,PSMC5,PT
GO_Biological_Process_2023,Carboxylic Acid Transport (GO:0046942),1/53,0.4273565425738954,0.5571713988398442,0,0,1.82498150887574,1.5514836112426886,SLC6A19,PT
GO_Biological_Process_2023,Positive Regulation Of NIK/NF-kappaB Signaling (GO:1901224),1/53,0.4273565425738954,0.5571713988398442,0,0,1.82498150887574,1.5514836112426886,RPS3,PT
GO_Biological_Process_2023,Intracellular Calcium Ion Homeostasis (GO:0006874),2/139,0.4275031427867535,0.5571713988398442,0,0,1.3860855460347683,1.1778866802471504,SMDT1;HERPUD1,PT
GO_Biological_Process_2023,Proteasome-Mediated Ubiquitin-Dependent Protein Catabolic Process (GO:0043161),4/319,0.4280186416375048,0.5571713988398442,0,0,1.206411149825784,1.0237466631458685,PSMC5;STUB1;ANAPC11;HERPUD1,PT
GO_Biological_Process_2023,ERBB Signaling Pathway (GO:0038127),1/54,0.4333565548727715,0.5578597327831978,0,0,1.790457184325109,1.4971703380581312,STUB1,PT
GO_Biological_Process_2023,Regulation Of Focal Adhesion Assembly (GO:0051893),1/54,0.4333565548727715,0.5578597327831978,0,0,1.790457184325109,1.4971703380581312,THY1,PT
GO_Biological_Process_2023,Negative Regulation Of Neuron Projection Development (GO:0010977),1/54,0.4333565548727715,0.5578597327831978,0,0,1.790457184325109,1.4971703380581312,THY1,PT
GO_Biological_Process_2023,Negative Regulation Of Protein Catabolic Process (GO:0042177),1/54,0.4333565548727715,0.5578597327831978,0,0,1.790457184325109,1.4971703380581312,CST3,PT
GO_Biological_Process_2023,Regulation Of Lipid Metabolic Process (GO:0019216),1/54,0.4333565548727715,0.5578597327831978,0,0,1.790457184325109,1.4971703380581312,PCK1,PT
GO_Biological_Process_2023,Nucleosome Assembly (GO:0006334),1/54,0.4333565548727715,0.5578597327831978,0,0,1.790457184325109,1.4971703380581312,NPM1,PT
GO_Biological_Process_2023,Endoplasmic Reticulum Organization (GO:0007029),1/54,0.4333565548727715,0.5578597327831978,0,0,1.790457184325109,1.4971703380581312,GET3,PT
GO_Biological_Process_2023,Protein K63-linked Ubiquitination (GO:0070534),1/54,0.4333565548727715,0.5578597327831978,0,0,1.790457184325109,1.4971703380581312,STUB1,PT
GO_Biological_Process_2023,Regulation Of Blood Vessel Endothelial Cell Migration (GO:0043535),1/54,0.4333565548727715,0.5578597327831978,0,0,1.790457184325109,1.4971703380581312,GADD45A,PT
GO_Biological_Process_2023,Negative Regulation Of Intracellular Signal Transduction (GO:1902532),3/231,0.4351102841241315,0.5587394054435342,0,0,1.2495528870720491,1.0398226240343544,GSTP1;RACK1;HERPUD1,PT
GO_Biological_Process_2023,Negative Regulation Of Multicellular Organismal Process (GO:0051241),3/231,0.4351102841241315,0.5587394054435342,0,0,1.2495528870720491,1.0398226240343544,APOM;RPS19;ACOT13,PT
GO_Biological_Process_2023,Purine Ribonucleotide Biosynthetic Process (GO:0009152),1/55,0.4392939980860023,0.5634188378400324,0,0,1.7572115384615383,1.445458296843732,ATP5PO,PT
GO_Biological_Process_2023,Regulation Of Mitotic Nuclear Division (GO:0007088),1/56,0.4451695215700512,0.5702539638271575,0,0,1.7251748251748251,1.3961841965016792,AURKAIP1,PT
GO_Biological_Process_2023,Protein-Containing Complex Assembly (GO:0065003),4/328,0.4489086772471997,0.574339042948623,0,0,1.1723577235772358,0.9389832751567015,TRAPPC1;CAPN3;CHCHD10;COX7A2,PT
GO_Biological_Process_2023,Signal Transduction In Response To DNA Damage (GO:0042770),1/57,0.4509837679953276,0.5748804075544834,0,0,1.69428228021978,1.3491975260628957,GADD45A,PT
GO_Biological_Process_2023,Post-Transcriptional Regulation Of Gene Expression (GO:0010608),1/57,0.4509837679953276,0.5748804075544834,0,0,1.69428228021978,1.3491975260628957,RPL10,PT
GO_Biological_Process_2023,Myeloid Cell Differentiation (GO:0030099),1/57,0.4509837679953276,0.5748804075544834,0,0,1.69428228021978,1.3491975260628957,RPS19,PT
GO_Biological_Process_2023,Regulation Of Cold-Induced Thermogenesis (GO:0120161),2/146,0.4522840397685697,0.5751334196326271,0,0,1.3182367149758454,1.0459481852381067,ACOT13;OXT,PT
GO_Biological_Process_2023,Positive Regulation Of Cellular Catabolic Process (GO:0031331),2/146,0.4522840397685697,0.5751334196326271,0,0,1.3182367149758454,1.0459481852381067,SQSTM1;OPTN,PT
GO_Biological_Process_2023,Proteolysis (GO:0006508),4/330,0.4535198610308723,0.5760033271486992,0,0,1.1650456381864431,0.921220477782838,CTSH;CAPN3;PLG;CNDP2,PT
GO_Biological_Process_2023,Protein Glycosylation (GO:0006486),2/147,0.4557747280898663,0.5772806511004864,0,0,1.309078793936365,1.0286173138818715,KRTCAP2;TMEM258,PT
GO_Biological_Process_2023,Regulation Of Phagocytosis (GO:0050764),1/58,0.4567373733802699,0.5772806511004864,0,0,1.6644736842105263,1.304359357462012,RACK1,PT
GO_Biological_Process_2023,Selective Autophagy (GO:0061912),1/58,0.4567373733802699,0.5772806511004864,0,0,1.6644736842105263,1.304359357462012,SQSTM1,PT
GO_Biological_Process_2023,Muscle Organ Development (GO:0007517),1/58,0.4567373733802699,0.5772806511004864,0,0,1.6644736842105263,1.304359357462012,CAPN3,PT
GO_Biological_Process_2023,Regulation Of Autophagy (GO:0010506),3/241,0.4623963003003832,0.5820209173477103,0,0,1.1964387696826304,0.9228526609520736,ATP6V0E1;SQSTM1;OPTN,PT
GO_Biological_Process_2023,Phospholipid Transport (GO:0015914),1/59,0.4624309672038453,0.5820209173477103,0,0,1.6356929708222812,1.261541278281989,PRELID1,PT
GO_Biological_Process_2023,protein-DNA Complex Assembly (GO:0065004),1/59,0.4624309672038453,0.5820209173477103,0,0,1.6356929708222812,1.261541278281989,NPM1,PT
GO_Biological_Process_2023,Negative Regulation Of DNA-binding Transcription Factor Activity (GO:0043433),2/149,0.4627177791174325,0.5820209173477103,0,0,1.2911367445528936,0.9949989857264108,SIGIRR;COMMD6,PT
GO_Biological_Process_2023,Regulation Of Extrinsic Apoptotic Signaling Pathway (GO:2001236),1/60,0.4680651724429458,0.5866266987160089,0,0,1.607887874837027,1.2206244389647514,GSTP1,PT
GO_Biological_Process_2023,Sterol Metabolic Process (GO:0016125),1/60,0.4680651724429458,0.5866266987160089,0,0,1.607887874837027,1.2206244389647514,ANGPTL3,PT
GO_Biological_Process_2023,Histone Acetylation (GO:0016573),1/60,0.4680651724429458,0.5866266987160089,0,0,1.607887874837027,1.2206244389647514,SF3B5,PT
GO_Biological_Process_2023,Negative Regulation Of Intrinsic Apoptotic Signaling Pathway (GO:2001243),1/61,0.4736406055430073,0.591484201180502,0,0,1.5810096153846154,1.1814987005311173,HERPUD1,PT
GO_Biological_Process_2023,Positive Regulation Of Cell Junction Assembly (GO:1901890),1/61,0.4736406055430073,0.591484201180502,0,0,1.5810096153846154,1.1814987005311173,THY1,PT
GO_Biological_Process_2023,Positive Regulation Of Interleukin-8 Production (GO:0032757),1/61,0.4736406055430073,0.591484201180502,0,0,1.5810096153846154,1.1814987005311173,LAMTOR5,PT
GO_Biological_Process_2023,Protein Ubiquitination (GO:0016567),5/434,0.4762063866094673,0.5932690544394796,0,0,1.1061977238447829,0.8206924424470452,RACK1;STUB1;RNF7;FAAP20;ANAPC11,PT
GO_Biological_Process_2023,Regulation Of Cell Migration (GO:0030334),5/434,0.4762063866094673,0.5932690544394796,0,0,1.1061977238447829,0.8206924424470452,RACK1;ANGPTL3;CTSH;THY1;TMSB10,PT
GO_Biological_Process_2023,Spliceosomal Complex Assembly (GO:0000245),1/62,0.4791578767739804,0.5955247897048043,0,0,1.555012610340479,1.1440618693106983,SF3B5,PT
GO_Biological_Process_2023,Glycerophospholipid Metabolic Process (GO:0006650),1/62,0.4791578767739804,0.5955247897048043,0,0,1.555012610340479,1.1440618693106983,PGPEP1,PT
GO_Biological_Process_2023,Cellular Response To Growth Factor Stimulus (GO:0071363),2/155,0.4832324633832162,0.5991623417720638,0,0,1.240125035521455,0.9018901715902568,RACK1;MT1G,PT
GO_Biological_Process_2023,Positive Regulation Of Response To External Stimulus (GO:0032103),2/155,0.4832324633832162,0.5991623417720638,0,0,1.240125035521455,0.9018901715902568,PLG;OPTN,PT
GO_Biological_Process_2023,Positive Regulation Of Mitotic Cell Cycle Phase Transition (GO:1901992),1/63,0.4846175898647669,0.5994558813019154,0,0,1.529854218362283,1.1082190120317457,ANAPC11,PT
GO_Biological_Process_2023,Protein Polymerization (GO:0051258),1/63,0.4846175898647669,0.5994558813019154,0,0,1.529854218362283,1.1082190120317457,MSRB1,PT
GO_Biological_Process_2023,Positive Regulation Of T Cell Differentiation (GO:0045582),1/64,0.4900203425070281,0.6032797612940298,0,0,1.5054945054945057,1.0738818369051304,PCK1,PT
GO_Biological_Process_2023,Positive Regulation Of Cysteine-Type Endopeptidase Activity (GO:2001056),1/64,0.4900203425070281,0.6032797612940298,0,0,1.5054945054945057,1.0738818369051304,FIS1,PT
GO_Biological_Process_2023,Positive Regulation Of Macroautophagy (GO:0016239),1/64,0.4900203425070281,0.6032797612940298,0,0,1.5054945054945057,1.0738818369051304,OPTN,PT
GO_Biological_Process_2023,Negative Regulation Of Cell Death (GO:0060548),1/64,0.4900203425070281,0.6032797612940298,0,0,1.5054945054945057,1.0738818369051304,PSMC5,PT
GO_Biological_Process_2023,Regulation Of Translational Initiation (GO:0006446),1/65,0.4953667260169689,0.606998664274314,0,0,1.4818960336538465,1.0409681384906195,NPM1,PT
GO_Biological_Process_2023,Positive Regulation Of T Cell Proliferation (GO:0042102),1/65,0.4953667260169689,0.606998664274314,0,0,1.4818960336538465,1.0409681384906195,RPS3,PT
GO_Biological_Process_2023,Positive Regulation Of Cell Cycle (GO:0045787),1/65,0.4953667260169689,0.606998664274314,0,0,1.4818960336538465,1.0409681384906195,RPS15A,PT
GO_Biological_Process_2023,Regulation Of Cell-Matrix Adhesion (GO:0001952),1/65,0.4953667260169689,0.606998664274314,0,0,1.4818960336538465,1.0409681384906195,THY1,PT
GO_Biological_Process_2023,Negative Regulation Of Endopeptidase Activity (GO:0010951),1/66,0.50065732591326,0.6127623074483509,0,0,1.4590236686390532,1.0094012938747148,CST3,PT
GO_Biological_Process_2023,Activation Of Cysteine-Type Endopeptidase Activity Involved In Apoptotic Process (GO:0006919),1/67,0.5058927212432058,0.6162800478155273,0,0,1.4368444055944056,0.9791098108246576,RACK1,PT
GO_Biological_Process_2023,Regulation Of Neurogenesis (GO:0050767),1/67,0.5058927212432058,0.6162800478155273,0,0,1.4368444055944056,0.9791098108246576,B2M,PT
GO_Biological_Process_2023,Cholesterol Metabolic Process (GO:0008203),1/67,0.5058927212432058,0.6162800478155273,0,0,1.4368444055944056,0.9791098108246576,ANGPTL3,PT
GO_Biological_Process_2023,Protein Secretion (GO:0009306),1/67,0.5058927212432058,0.6162800478155273,0,0,1.4368444055944056,0.9791098108246576,AP1M2,PT
GO_Biological_Process_2023,Nitrogen Compound Transport (GO:0071705),2/163,0.5098234679805745,0.6203446393609788,0,0,1.17802382452666,0.7936237590453883,SLC6A19;AQP1,PT
GO_Biological_Process_2023,Regulation Of Endopeptidase Activity (GO:0052548),1/69,0.5162001858810296,0.6266430163485986,0,0,1.3944428733031675,0.9220901751343455,PRELID1,PT
GO_Biological_Process_2023,Cellular Response To Calcium Ion (GO:0071277),1/69,0.5162001858810296,0.6266430163485986,0,0,1.3944428733031675,0.9220901751343455,CAPN3,PT
GO_Biological_Process_2023,Negative Regulation Of Epithelial Cell Proliferation (GO:0050680),1/70,0.521273383942593,0.6298720055972998,0,0,1.3741638795986622,0.8952411714337289,B2M,PT
GO_Biological_Process_2023,Negative Regulation Of Extrinsic Apoptotic Signaling Pathway (GO:2001237),1/70,0.521273383942593,0.6298720055972998,0,0,1.3741638795986622,0.8952411714337289,GSTP1,PT
GO_Biological_Process_2023,Positive Regulation Of Protein Polymerization (GO:0032273),1/70,0.521273383942593,0.6298720055972998,0,0,1.3741638795986622,0.8952411714337289,RPS3,PT
GO_Biological_Process_2023,Regulation Of Cellular Biosynthetic Process (GO:0031326),1/70,0.521273383942593,0.6298720055972998,0,0,1.3741638795986622,0.8952411714337289,RPL10,PT
GO_Biological_Process_2023,Membrane Organization (GO:0061024),2/167,0.5227812239722922,0.630963696909911,0,0,1.1492314448836187,0.7453825652100564,GLTPD2;VPS28,PT
GO_Biological_Process_2023,Kidney Development (GO:0001822),1/71,0.5262936354514179,0.6330075523171432,0,0,1.3544642857142857,0.869425179648073,CTSH,PT
GO_Biological_Process_2023,Protein Autoubiquitination (GO:0051865),1/71,0.5262936354514179,0.6330075523171432,0,0,1.3544642857142857,0.869425179648073,STUB1,PT
GO_Biological_Process_2023,Myeloid Leukocyte Differentiation (GO:0002573),1/71,0.5262936354514179,0.6330075523171432,0,0,1.3544642857142857,0.869425179648073,MT1G,PT
GO_Biological_Process_2023,Positive Regulation Of Signal Transduction (GO:0009967),3/266,0.5279160930836787,0.6338708523671138,0,0,1.0813245228690611,0.6907694852673983,CD63;RPS3;CTSH,PT
GO_Biological_Process_2023,Protein Modification By Small Protein Conjugation (GO:0032446),4/364,0.5296526501735915,0.6338708523671138,0,0,1.0531707317073171,0.6693256649110247,RACK1;STUB1;RNF7;ANAPC11,PT
GO_Biological_Process_2023,Regulation Of Cellular Localization (GO:0060341),1/72,0.5312614902502152,0.6338708523671138,0,0,1.335319609967497,0.8445908955137115,RACK1,PT
GO_Biological_Process_2023,Response To Ionizing Radiation (GO:0010212),1/72,0.5312614902502152,0.6338708523671138,0,0,1.335319609967497,0.8445908955137115,GADD45A,PT
GO_Biological_Process_2023,Positive Regulation Of Protein Localization To Nucleus (GO:1900182),1/72,0.5312614902502152,0.6338708523671138,0,0,1.335319609967497,0.8445908955137115,LAMTOR5,PT
GO_Biological_Process_2023,Protein Targeting To Membrane (GO:0006612),1/72,0.5312614902502152,0.6338708523671138,0,0,1.335319609967497,0.8445908955137115,GET3,PT
GO_Biological_Process_2023,Negative Regulation Of Cell Adhesion (GO:0007162),1/72,0.5312614902502152,0.6338708523671138,0,0,1.335319609967497,0.8445908955137115,PLG,PT
GO_Biological_Process_2023,Positive Regulation Of Secretion By Cell (GO:1903532),1/73,0.536177492654316,0.6382774256911128,0,0,1.3167067307692308,0.8206901773474864,IER3IP1,PT
GO_Biological_Process_2023,Monocarboxylic Acid Transport (GO:0015718),1/73,0.536177492654316,0.6382774256911128,0,0,1.3167067307692308,0.8206901773474864,FABP1,PT
GO_Biological_Process_2023,Regulation Of mRNA Stability (GO:0043488),1/74,0.5410421812902989,0.643334894381631,0,0,1.298603793466807,0.7976778132000935,NPM1,PT
GO_Biological_Process_2023,Positive Regulation Of Cell Migration (GO:0030335),3/272,0.5429815719400669,0.6449064403929804,0,0,1.0568809326163064,0.6454159391975437,RACK1;ANGPTL3;CTSH,PT
GO_Biological_Process_2023,Positive Regulation Of Cellular Biosynthetic Process (GO:0031328),2/174,0.544901031454962,0.6461153709436657,0,0,1.1020671834625324,0.6691212966183482,RPS4X;NPM1,PT
GO_Biological_Process_2023,Nucleosome Organization (GO:0034728),1/75,0.5458560892455107,0.6461153709436657,0,0,1.2809901247401247,0.7755113072393511,NPM1,PT
GO_Biological_Process_2023,Positive Regulation Of Neurogenesis (GO:0050769),1/75,0.5458560892455107,0.6461153709436657,0,0,1.2809901247401247,0.7755113072393511,METRN,PT
GO_Biological_Process_2023,Regulation Of Ras Protein Signal Transduction (GO:0046578),1/76,0.5506197440671763,0.6510158695426184,0,0,1.2638461538461538,0.7541506845870755,SQSTM1,PT
GO_Biological_Process_2023,Actomyosin Structure Organization (GO:0031032),1/77,0.5553336678631516,0.6521578731711253,0,0,1.2471533400809716,0.7335583122443964,CAPN3,PT
GO_Biological_Process_2023,Negative Regulation Of Transforming Growth Factor Beta Receptor Signaling Pathway (GO:0030512),1/77,0.5553336678631516,0.6521578731711253,0,0,1.2471533400809716,0.7335583122443964,STUB1,PT
GO_Biological_Process_2023,Positive Regulation Of JNK Cascade (GO:0046330),1/77,0.5553336678631516,0.6521578731711253,0,0,1.2471533400809716,0.7335583122443964,GADD45A,PT
GO_Biological_Process_2023,Embryonic Organ Development (GO:0048568),1/77,0.5553336678631516,0.6521578731711253,0,0,1.2471533400809716,0.7335583122443964,RPL10,PT
GO_Biological_Process_2023,Positive Regulation Of Synaptic Transmission (GO:0050806),1/77,0.5553336678631516,0.6521578731711253,0,0,1.2471533400809716,0.7335583122443964,SQSTM1,PT
GO_Biological_Process_2023,Monoatomic Cation Homeostasis (GO:0055080),1/77,0.5553336678631516,0.6521578731711253,0,0,1.2471533400809716,0.7335583122443964,SLC39A4,PT
GO_Biological_Process_2023,Long-Chain Fatty Acid Metabolic Process (GO:0001676),1/78,0.5599983772873514,0.6568969729078593,0,0,1.230894105894106,0.7136987350636802,GSTP1,PT
GO_Biological_Process_2023,Regulation Of Cyclin-Dependent Protein Serine/Threonine Kinase Activity (GO:0000079),1/79,0.5646143837747435,0.6608267002924129,0,0,1.215051775147929,0.6945385245536497,GADD45A,PT
GO_Biological_Process_2023,Negative Regulation Of Cellular Component Organization (GO:0051129),1/79,0.5646143837747435,0.6608267002924129,0,0,1.215051775147929,0.6945385245536497,APOM,PT
GO_Biological_Process_2023,Regulation Of Organelle Assembly (GO:1902115),1/80,0.5691821934104043,0.6631988950005158,0,0,1.1996105160662125,0.676046140651831,NPM1,PT
GO_Biological_Process_2023,Calcium Ion Transmembrane Transport (GO:0070588),1/80,0.5691821934104043,0.6631988950005158,0,0,1.1996105160662125,0.676046140651831,SMDT1,PT
GO_Biological_Process_2023,Regulation Of Protein Localization To Plasma Membrane (GO:1903076),1/80,0.5691821934104043,0.6631988950005158,0,0,1.1996105160662125,0.676046140651831,SQSTM1,PT
GO_Biological_Process_2023,Positive Regulation Of Immune Response (GO:0050778),1/80,0.5691821934104043,0.6631988950005158,0,0,1.1996105160662125,0.676046140651831,PCK1,PT
GO_Biological_Process_2023,Regulation Of Interleukin-8 Production (GO:0032677),1/81,0.573702306934735,0.6654946760442926,0,0,1.1845552884615385,0.6581918041979024,LAMTOR5,PT
GO_Biological_Process_2023,Cellular Response To Interleukin-1 (GO:0071347),1/81,0.573702306934735,0.6654946760442926,0,0,1.1845552884615385,0.6581918041979024,TOLLIP,PT
GO_Biological_Process_2023,Spindle Assembly (GO:0051225),1/81,0.573702306934735,0.6654946760442926,0,0,1.1845552884615385,0.6581918041979024,RPS3,PT
GO_Biological_Process_2023,Negative Regulation Of NF-kappaB Transcription Factor Activity (GO:0032088),1/81,0.573702306934735,0.6654946760442926,0,0,1.1845552884615385,0.6581918041979024,COMMD6,PT
GO_Biological_Process_2023,Sodium Ion Transmembrane Transport (GO:0035725),1/82,0.5781752201085355,0.669938878793908,0,0,1.169871794871795,0.6409473787012783,SLC6A19,PT
GO_Biological_Process_2023,Negative Regulation Of Macromolecule Metabolic Process (GO:0010605),2/186,0.5811392818100284,0.6726088980002412,0,0,1.0295631169922286,0.5588106430977463,RACK1;OPTN,PT
GO_Biological_Process_2023,DNA Metabolic Process (GO:0006259),3/288,0.5817680410864154,0.6726088980002412,0,0,0.996729688298416,0.5399119917532497,NPM1;GADD45A;RPS3,PT
GO_Biological_Process_2023,Regulation Of Cell Division (GO:0051302),1/83,0.5826014233975548,0.6728273075520433,0,0,1.155546435272045,0.6242862626702232,RACK1,PT
GO_Biological_Process_2023,Regulation Of Interleukin-1 Beta Production (GO:0032651),1/84,0.5869814023132119,0.6771365569226445,0,0,1.141566265060241,0.6081832889017553,GSTP1,PT
GO_Biological_Process_2023,Calcium-Mediated Signaling (GO:0019722),1/85,0.5913156372419858,0.6798827370932083,0,0,1.127918956043956,0.5926146324131001,FIS1,PT
GO_Biological_Process_2023,Defense Response To Gram-positive Bacterium (GO:0050830),1/85,0.5913156372419858,0.6798827370932083,0,0,1.127918956043956,0.5926146324131001,ROMO1,PT
GO_Biological_Process_2023,Positive Regulation Of Protein Localization (GO:1903829),1/85,0.5913156372419858,0.6798827370932083,0,0,1.127918956043956,0.5926146324131001,LAMTOR5,PT
GO_Biological_Process_2023,Negative Regulation Of Binding (GO:0051100),1/86,0.5956046037637532,0.6840607330355978,0,0,1.1145927601809955,0.5775577243490451,RACK1,PT
GO_Biological_Process_2023,Protein Localization To Membrane (GO:0072657),2/192,0.5984516307905272,0.6865752775223191,0,0,0.99674548690567,0.5117386764591847,CAPN3;THY1,PT
GO_Biological_Process_2023,Regulation Of Insulin Secretion (GO:0050796),1/87,0.5998487722662306,0.6874227423116847,0,0,1.1015764758497315,0.5629911735878778,PSMD9,PT
GO_Biological_Process_2023,Regulation Of Programmed Cell Death (GO:0043067),2/195,0.6069052585395354,0.6924379222976783,0,0,0.9811018497659632,0.4899451745369756,PSMC5;RPS3,PT
GO_Biological_Process_2023,Organic Anion Transport (GO:0015711),1/89,0.6082045735124243,0.6924379222976783,0,0,1.076431381118881,0.5352490284677918,SLC22A6,PT
GO_Biological_Process_2023,Cellular Response To Peptide Hormone Stimulus (GO:0071375),1/89,0.6082045735124243,0.6924379222976783,0,0,1.076431381118881,0.5352490284677918,PCK1,PT
GO_Biological_Process_2023,Positive Regulation Of DNA Repair (GO:0045739),1/89,0.6082045735124243,0.6924379222976783,0,0,1.076431381118881,0.5352490284677918,RPS3,PT
GO_Biological_Process_2023,Sodium Ion Transport (GO:0006814),1/89,0.6082045735124243,0.6924379222976783,0,0,1.076431381118881,0.5352490284677918,SLC6A19,PT
GO_Biological_Process_2023,Positive Regulation Of Peptidyl-Serine Phosphorylation (GO:0033138),1/89,0.6082045735124243,0.6924379222976783,0,0,1.076431381118881,0.5352490284677918,AVP,PT
GO_Biological_Process_2023,Endomembrane System Organization (GO:0010256),2/196,0.6096931320718251,0.6933765031405069,0,0,0.9759948204591862,0.4829217594823981,SQSTM1;OPTN,PT
GO_Biological_Process_2023,Regulation Of Phosphatidylinositol 3-Kinase Signaling (GO:0014066),1/90,0.612317123094011,0.6950157797160097,0,0,1.064282627484875,0.5220359030317392,LIME1,PT
GO_Biological_Process_2023,Golgi Vesicle Transport (GO:0048193),2/197,0.6124660127765602,0.6950157797160097,0,0,0.9709401709401708,0.4760149025470609,TRAPPC1;IER3IP1,PT
GO_Biological_Process_2023,Regulation Of Epithelial Cell Proliferation (GO:0050678),1/91,0.6163867088732441,0.6971914670245578,0,0,1.052403846153846,0.5092379500366883,B2M,PT
GO_Biological_Process_2023,Positive Regulation Of MAP Kinase Activity (GO:0043406),1/91,0.6163867088732441,0.6971914670245578,0,0,1.052403846153846,0.5092379500366883,RPS3,PT
GO_Biological_Process_2023,Regulation Of RNA Metabolic Process (GO:0051252),1/91,0.6163867088732441,0.6971914670245578,0,0,1.052403846153846,0.5092379500366883,SF3B5,PT
GO_Biological_Process_2023,Steroid Metabolic Process (GO:0008202),1/92,0.6204137773802141,0.7009869952218003,0,0,1.0407861369399831,0.496838663421927,AMACR,PT
GO_Biological_Process_2023,Cellular Response To Cytokine Stimulus (GO:0071345),3/308,0.6272428946680482,0.707647443647902,0,0,0.9304154066528728,0.4339656766039692,MT2A;RPS3;MT1X,PT
GO_Biological_Process_2023,Cellular Response To Hormone Stimulus (GO:0032870),1/94,0.6283421266873613,0.707647443647902,0,0,1.0183002481389578,0.4731740580994402,CTSH,PT
GO_Biological_Process_2023,Muscle Contraction (GO:0006936),1/94,0.6283421266873613,0.707647443647902,0,0,1.0183002481389578,0.4731740580994402,GAMT,PT
GO_Biological_Process_2023,T Cell Receptor Signaling Pathway (GO:0050852),1/95,0.6322442778672045,0.7097451893477005,0,0,1.0074161211129296,0.4618795829842864,THY1,PT
GO_Biological_Process_2023,Positive Regulation Of Epithelial Cell Migration (GO:0010634),1/95,0.6322442778672045,0.7097451893477005,0,0,1.0074161211129296,0.4618795829842864,CTSH,PT
GO_Biological_Process_2023,Recombinational Repair (GO:0000725),1/95,0.6322442778672045,0.7097451893477005,0,0,1.0074161211129296,0.4618795829842864,SEM1,PT
GO_Biological_Process_2023,Regulation Of Macroautophagy (GO:0016241),1/96,0.6361056530148131,0.7117838175213986,0,0,0.9967611336032388,0.4509253756065395,ATP6V0E1,PT
GO_Biological_Process_2023,Regulation Of Protein Metabolic Process (GO:0051246),1/96,0.6361056530148131,0.7117838175213986,0,0,0.9967611336032388,0.4509253756065395,RPL10,PT
GO_Biological_Process_2023,Positive Regulation Of Supramolecular Fiber Organization (GO:1902905),1/96,0.6361056530148131,0.7117838175213986,0,0,0.9967611336032388,0.4509253756065395,RPS3,PT
GO_Biological_Process_2023,Protein Transport (GO:0015031),3/313,0.6380697960350292,0.7132172024203111,0,0,0.9151738177262764,0.4111945547799103,NPM1;ROMO1;OPTN,PT
GO_Biological_Process_2023,Regulation Of Protein Localization (GO:0032880),1/97,0.6399266760770975,0.7145277538229838,0,0,0.986328125,0.4402985298824764,RACK1,PT
GO_Biological_Process_2023,Positive Regulation Of Cold-Induced Thermogenesis (GO:0120162),1/98,0.6437077667901829,0.7179817398813579,0,0,0.9761102299762092,0.4299867411776735,OXT,PT
GO_Biological_Process_2023,Supramolecular Fiber Organization (GO:0097435),3/316,0.6444603445634237,0.7180540018401433,0,0,0.9062626011973076,0.398159212397695,CST3;CAPN3;B2M,PT
GO_Biological_Process_2023,Cellular Response To Insulin Stimulus (GO:0032869),1/99,0.6474493404482796,0.7206152573859317,0,0,0.966100863422292,0.4199782732508562,PCK1,PT
GO_Biological_Process_2023,Hemopoiesis (GO:0030097),1/101,0.6548155766490943,0.7280377657312613,0,0,0.9466826923076924,0.4008270095576742,GLRX5,PT
GO_Biological_Process_2023,Regulation Of GTPase Activity (GO:0043087),2/214,0.6573236074731195,0.7297372130366714,0,0,0.8923069911585088,0.3743931220398758,RACK1;THY1,PT
GO_Biological_Process_2023,Regulation Of Protein Secretion (GO:0050708),1/102,0.6584410485445829,0.7297372130366714,0,0,0.9372619954303124,0.3916633103854865,IER3IP1,PT
GO_Biological_Process_2023,Regulation Of RNA Splicing (GO:0043484),1/102,0.6584410485445829,0.7297372130366714,0,0,0.9372619954303124,0.3916633103854865,SF3B5,PT
GO_Biological_Process_2023,Negative Regulation Of Cellular Process (GO:0048523),5/537,0.6641979613120669,0.7353368733932109,0,0,0.8872825445967861,0.3630538701734597,NPM1;FABP3;FTH1;RACK1;PLG,PT
GO_Biological_Process_2023,Positive Regulation Of Inflammatory Response (GO:0050729),1/104,0.6655786917802822,0.7360849091298883,0,0,0.9189693801344286,0.3741109675538048,RPS19,PT
GO_Biological_Process_2023,Positive Regulation Of Stress-Activated MAPK Cascade (GO:0032874),1/105,0.6690916476449125,0.7384055815447026,0,0,0.9100869082840236,0.3657040777033076,GADD45A,PT
GO_Biological_Process_2023,Negative Regulation Of MAPK Cascade (GO:0043409),1/105,0.6690916476449125,0.7384055815447026,0,0,0.9100869082840236,0.3657040777033076,GSTP1,PT
GO_Biological_Process_2023,Proteasomal Protein Catabolic Process (GO:0010498),2/220,0.6721383168687506,0.7406760152658118,0,0,0.8674821610601428,0.3446429688596042,PSMC5;STUB1,PT
GO_Biological_Process_2023,Response To Calcium Ion (GO:0051592),1/106,0.6725678759310245,0.7406760152658118,0,0,0.9013736263736264,0.357531869642729,CAPN3,PT
GO_Biological_Process_2023,Positive Regulation Of DNA Metabolic Process (GO:0051054),1/108,0.6794116743197625,0.7458525636065532,0,0,0.8844356578001438,0.341859181425509,RPS3,PT
GO_Biological_Process_2023,Response To Tumor Necrosis Factor (GO:0034612),1/108,0.6794116743197625,0.7458525636065532,0,0,0.8844356578001438,0.341859181425509,RPS3,PT
GO_Biological_Process_2023,Positive Regulation Of Metabolic Process (GO:0009893),1/108,0.6794116743197625,0.7458525636065532,0,0,0.8844356578001438,0.341859181425509,OXT,PT
GO_Biological_Process_2023,Cellular Response To Salt (GO:1902075),1/109,0.6827799968677759,0.7479772473556747,0,0,0.8762019230769231,0.3343433941170685,CAPN3,PT
GO_Biological_Process_2023,Regulation Of Wnt Signaling Pathway (GO:0030111),1/109,0.6827799968677759,0.7479772473556747,0,0,0.8762019230769231,0.3343433941170685,RACK1,PT
GO_Biological_Process_2023,Response To Lipid (GO:0033993),1/110,0.6861130968995366,0.7489546721172861,0,0,0.8681192660550459,0.3270316399355455,CTSH,PT
GO_Biological_Process_2023,Regulation Of JNK Cascade (GO:0046328),1/110,0.6861130968995366,0.7489546721172861,0,0,0.8681192660550459,0.3270316399355455,GADD45A,PT
GO_Biological_Process_2023,Protein Polyubiquitination (GO:0000209),2/226,0.6864323097611815,0.7489546721172861,0,0,0.8439872325741891,0.3175482218203324,STUB1;ANAPC11,PT
GO_Biological_Process_2023,Regulation Of Cell Growth (GO:0001558),2/227,0.6887645638332264,0.7489546721172861,0,0,0.8401932367149758,0.3132708991036416,RACK1;LAMTOR2,PT
GO_Biological_Process_2023,Negative Regulation Of Transmembrane Receptor Protein Serine/Threonine Kinase Signaling Pathway (GO:0090101),1/111,0.6894113409048965,0.7489546721172861,0,0,0.8601835664335664,0.3199170416962306,STUB1,PT
GO_Biological_Process_2023,Regulation Of Transforming Growth Factor Beta Receptor Signaling Pathway (GO:0017015),1/111,0.6894113409048965,0.7489546721172861,0,0,0.8601835664335664,0.3199170416962306,STUB1,PT
GO_Biological_Process_2023,Cytoskeleton Organization (GO:0007010),1/111,0.6894113409048965,0.7489546721172861,0,0,0.8601835664335664,0.3199170416962306,THY1,PT
GO_Biological_Process_2023,Double-Strand Break Repair Via Homologous Recombination (GO:0000724),1/111,0.6894113409048965,0.7489546721172861,0,0,0.8601835664335664,0.3199170416962306,SEM1,PT
GO_Biological_Process_2023,Apoptotic Process (GO:0006915),2/228,0.6910826136040447,0.7492110577389642,0,0,0.8364328160403574,0.3090585009788124,GADD45A;CAPN3,PT
GO_Biological_Process_2023,Cellular Response To Lipid (GO:0071396),2/228,0.6910826136040447,0.7492110577389642,0,0,0.8364328160403574,0.3090585009788124,GSTP1;AQP1,PT
GO_Biological_Process_2023,Positive Regulation Of Nucleic Acid-Templated Transcription (GO:1903508),5/557,0.6952171838870661,0.7529115559938765,0,0,0.854246589940324,0.3105451063515459,PSMD9;SF3B5;NPM1;PSMC5;CAPN3,PT
GO_Biological_Process_2023,Response To Endoplasmic Reticulum Stress (GO:0034976),1/114,0.6991005460245091,0.7563326114503498,0,0,0.837219196732471,0.299691573420736,HERPUD1,PT
GO_Biological_Process_2023,Positive Regulation Of GTPase Activity (GO:0043547),2/234,0.7046949418550722,0.7615957756694569,0,0,0.8145510578044312,0.2850849498652711,RACK1;THY1,PT
GO_Biological_Process_2023,Cellular Response To Molecule Of Bacterial Origin (GO:0071219),1/117,0.7084888834693772,0.7633254843570999,0,0,0.8154426392572944,0.2810185845634748,GSTP1,PT
GO_Biological_Process_2023,Protein Maturation (GO:0051604),1/117,0.7084888834693772,0.7633254843570999,0,0,0.8154426392572944,0.2810185845634748,STUB1,PT
GO_Biological_Process_2023,Protein Processing (GO:0016485),1/117,0.7084888834693772,0.7633254843570999,0,0,0.8154426392572944,0.2810185845634748,CTSH,PT
GO_Biological_Process_2023,Regulation Of Small GTPase Mediated Signal Transduction (GO:0051056),1/118,0.7115530854105147,0.7650478075886481,0,0,0.8084319526627219,0.2751136407335582,SQSTM1,PT
GO_Biological_Process_2023,Positive Regulation Of Cell Projection Organization (GO:0031346),1/118,0.7115530854105147,0.7650478075886481,0,0,0.8084319526627219,0.2751136407335582,METRN,PT
GO_Biological_Process_2023,Cellular Response To Tumor Necrosis Factor (GO:0071356),1/119,0.7145852304462914,0.7675174697386093,0,0,0.8015400912646675,0.2693599538027266,RPS3,PT
GO_Biological_Process_2023,Regulation Of Protein Catabolic Process (GO:0042176),1/122,0.7234926448026416,0.7754890361128931,0,0,0.7815479974570884,0.2529596537352055,VPS28,PT
GO_Biological_Process_2023,Potassium Ion Transport (GO:0006813),1/122,0.7234926448026416,0.7754890361128931,0,0,0.7815479974570884,0.2529596537352055,AQP1,PT
GO_Biological_Process_2023,Organonitrogen Compound Biosynthetic Process (GO:1901566),1/123,0.7263998656305086,0.7770096923342736,0,0,0.7751024590163934,0.2477650949228597,GSTP1,PT
GO_Biological_Process_2023,Regulation Of Cell Motility (GO:2000145),1/123,0.7263998656305086,0.7770096923342736,0,0,0.7751024590163934,0.2477650949228597,TMSB10,PT
GO_Biological_Process_2023,Cellular Response To Lipopolysaccharide (GO:0071222),1/124,0.7292766642311357,0.7776964631841733,0,0,0.7687617260787992,0.2426996966987044,GSTP1,PT
GO_Biological_Process_2023,Positive Regulation Of Defense Response (GO:0031349),1/124,0.7292766642311357,0.7776964631841733,0,0,0.7687617260787992,0.2426996966987044,OPTN,PT
GO_Biological_Process_2023,Regulation Of DNA Metabolic Process (GO:0051052),1/124,0.7292766642311357,0.7776964631841733,0,0,0.7687617260787992,0.2426996966987044,SF3B5,PT
GO_Biological_Process_2023,Regulation Of Mitotic Cell Cycle (GO:0007346),1/125,0.7321233574305744,0.779140453779327,0,0,0.7625232630272953,0.2377595253883959,ANAPC11,PT
GO_Biological_Process_2023,Negative Regulation Of Cell Growth (GO:0030308),1/125,0.7321233574305744,0.779140453779327,0,0,0.7625232630272953,0.2377595253883959,RACK1,PT
GO_Biological_Process_2023,Positive Regulation Of Intracellular Protein Transport (GO:0090316),1/126,0.734940258731761,0.7813417821954771,0,0,0.7563846153846154,0.2329407926506587,FIS1,PT
GO_Biological_Process_2023,Regulation Of Tumor Necrosis Factor Production (GO:0032680),1/127,0.7377276784568908,0.7835073207619472,0,0,0.7503434065934066,0.2282398489914889,GSTP1,PT
GO_Biological_Process_2023,Golgi Organization (GO:0007030),1/130,0.7459161033398632,0.7905953420170733,0,0,0.7327817531305904,0.2148092164783761,OPTN,PT
GO_Biological_Process_2023,Transmembrane Receptor Protein Serine/Threonine Kinase Signaling Pathway (GO:0007178),1/130,0.7459161033398632,0.7905953420170733,0,0,0.7327817531305904,0.2148092164783761,STUB1,PT
GO_Biological_Process_2023,Synapse Organization (GO:0050808),1/131,0.7485886360967324,0.7926232617494814,0,0,0.7271079881656805,0.210545507272519,CHCHD10,PT
GO_Biological_Process_2023,Circulatory System Development (GO:0072359),1/132,0.7512331911344029,0.7946174787683046,0,0,0.7215208455666471,0.2063832222977291,CACYBP,PT
GO_Biological_Process_2023,Negative Regulation Of Cell Motility (GO:2000146),1/133,0.7538500600190233,0.796578403501883,0,0,0.7160183566433567,0.2023194286266396,THY1,PT
GO_Biological_Process_2023,Cellular Component Assembly (GO:0022607),2/260,0.7580308509552769,0.8001862572268039,0,0,0.7314908437254241,0.2026457816173652,CAPN3;CHCHD10,PT
GO_Biological_Process_2023,Regulation Of Protein Kinase B Signaling (GO:0051896),1/136,0.7615374195648602,0.803075824268398,0,0,0.7,0.1906911779990643,RACK1,PT
GO_Biological_Process_2023,Regulation Of Protein Phosphorylation (GO:0001932),2/265,0.7672835068872969,0.8083188508479697,0,0,0.7174004886023402,0.1900386110716755,NPM1;RACK1,PT
GO_Biological_Process_2023,Negative Regulation Of Signal Transduction (GO:0009968),2/267,0.7708980303925576,0.8110363818603658,0,0,0.7119132257770486,0.1852392307906974,SIGIRR;RACK1,PT
GO_Biological_Process_2023,Negative Regulation Of Wnt Signaling Pathway (GO:0030178),1/140,0.7714167884936238,0.8110363818603658,0,0,0.6797177642501383,0.1764047518003279,RACK1,PT
GO_Biological_Process_2023,Positive Regulation Of Transferase Activity (GO:0051347),1/143,0.7785580174725173,0.8177208956149981,0,0,0.6652559588299025,0.1665213937591438,RPS2,PT
GO_Biological_Process_2023,Negative Regulation Of Response To External Stimulus (GO:0032102),1/146,0.7854771777131637,0.8241589683744149,0,0,0.6513925729442971,0.1572877755775892,SIGIRR,PT
GO_Biological_Process_2023,Skeletal System Development (GO:0001501),1/149,0.7921811425191251,0.830358546977878,0,0,0.6380912162162162,0.1486530465388103,RPL13,PT
GO_Biological_Process_2023,Central Nervous System Development (GO:0007417),2/283,0.7980966950803258,0.8354893215712484,0,0,0.6708271012773566,0.1512886288956939,GSTP1;IER3IP1,PT
GO_Biological_Process_2023,Cellular Response To Organic Cyclic Compound (GO:0071407),1/152,0.7986765736859253,0.8354893215712484,0,0,0.6253183902190524,0.1405710763951231,AQP1,PT
GO_Biological_Process_2023,Regulation Of Cellular Component Organization (GO:0051128),1/153,0.8007964983183329,0.8368684126569965,0,0,0.6211728238866396,0.1379925636841437,LAMTOR2,PT
GO_Biological_Process_2023,Epithelium Development (GO:0060429),1/154,0.8028942056832792,0.8382215507333435,0,0,0.6170814479638009,0.1354693234757227,TOLLIP,PT
GO_Biological_Process_2023,Peptidyl-Serine Phosphorylation (GO:0018105),1/158,0.8110674616768444,0.8459085214691564,0,0,0.6012371386575208,0.1259014888396716,PCK1,PT
GO_Biological_Process_2023,Response To Lipopolysaccharide (GO:0032496),1/159,0.8130575111945694,0.8471377661548207,0,0,0.59740141187926,0.1236342727445823,GSTP1,PT
GO_Biological_Process_2023,Organelle Organization (GO:0006996),3/418,0.8155387821569923,0.8488758609889331,0,0,0.6799391741724178,0.1386438824264105,CHCHD10;THY1;OPTN,PT
GO_Biological_Process_2023,Negative Regulation Of Cell Migration (GO:0030336),1/163,0.8208112503529983,0.8535128937933567,0,0,0.5825320512820513,0.1150280010503296,THY1,PT
GO_Biological_Process_2023,Peptidyl-Serine Modification (GO:0018209),1/166,0.8264157423370465,0.8584856069650514,0,0,0.5718531468531468,0.1090279838741074,PCK1,PT
GO_Biological_Process_2023,Double-Strand Break Repair (GO:0006302),1/168,0.8300547989631144,0.861408757572059,0,0,0.5649470290188853,0.1052290434375476,SEM1,PT
GO_Biological_Process_2023,Brain Development (GO:0007420),1/169,0.8318457528901402,0.8624100953498574,0,0,0.5615556318681318,0.1033870238237491,IER3IP1,PT
GO_Biological_Process_2023,Heart Development (GO:0007507),1/171,0.8353715027939649,0.8643487105221995,0,0,0.5548925339366516,0.0998133695903697,CACYBP,PT
GO_Biological_Process_2023,Metal Ion Transport (GO:0030001),1/171,0.8353715027939649,0.8643487105221995,0,0,0.5548925339366516,0.0998133695903697,AQP1,PT
GO_Biological_Process_2023,Regulation Of Gene Expression (GO:0010468),9/1127,0.8388671565290671,0.8671062489270753,0,0,0.7515966010733452,0.1320577178728761,SF3B5;RPS7;RPL11;RACK1;RPS3;CTSH;AVP;SLC2A4RG;LAMTOR5,PT
GO_Biological_Process_2023,Positive Regulation Of I-kappaB kinase/NF-kappaB Signaling (GO:0043123),1/175,0.8422037900733252,0.8696941215000509,0,0,0.5420258620689655,0.093083869955273,LAMTOR5,PT
GO_Biological_Process_2023,Extracellular Matrix Organization (GO:0030198),1/176,0.8438672983705211,0.8705508493071384,0,0,0.5389010989010989,0.0914838646507864,PLG,PT
GO_Biological_Process_2023,Negative Regulation Of Cytokine Production (GO:0001818),1/178,0.847142134921102,0.8730665240450449,0,0,0.5327574967405476,0.0883774302285378,SIGIRR,PT
GO_Biological_Process_2023,Positive Regulation Of Cytokine Production (GO:0001819),2/320,0.8503373894002269,0.8737834075312743,0,0,0.5916507155227417,0.0959196443660085,RPS3;LAMTOR5,PT
GO_Biological_Process_2023,"RNA Splicing, Via Transesterification Reactions With Bulged Adenosine As Nucleophile (GO:0000377)",1/180,0.8503486034978684,0.8737834075312743,0,0,0.5267511817791147,0.0853910503391473,SF3B5,PT
GO_Biological_Process_2023,Endosomal Transport (GO:0016197),1/180,0.8503486034978684,0.8737834075312743,0,0,0.5267511817791147,0.0853910503391473,SQSTM1,PT
GO_Biological_Process_2023,Negative Regulation Of Gene Expression (GO:0010629),2/336,0.8688776947960677,0.8918298751167515,0,0,0.5628453238450635,0.0791095459450399,RACK1;RPS3,PT
GO_Biological_Process_2023,Regulation Of Signal Transduction (GO:0009966),1/193,0.8696195525563727,0.8918298751167515,0,0,0.4907602163461538,0.0685589366670524,CD63,PT
GO_Biological_Process_2023,Regulation Of MAPK Cascade (GO:0043408),1/204,0.8839823895410984,0.9056698868311156,0,0,0.4639067828723001,0.0572081206121014,GSTP1,PT
GO_Biological_Process_2023,"mRNA Splicing, Via Spliceosome (GO:0000398)",1/211,0.8922907801653259,0.9132858573456863,0,0,0.448282967032967,0.0510877671629309,SF3B5,PT
GO_Biological_Process_2023,mRNA Processing (GO:0006397),1/214,0.8956676623714268,0.915844309026219,0,0,0.4419014084507042,0.0486912811327202,SF3B5,PT
GO_Biological_Process_2023,Positive Regulation Of Protein Modification Process (GO:0031401),1/225,0.9071725280919608,0.9258144832546394,0,0,0.4199648008241758,0.0409140747959199,RACK1,PT
GO_Biological_Process_2023,Positive Regulation Of Protein Phosphorylation (GO:0001934),2/377,0.9071917781317012,0.9258144832546394,0,0,0.5002512077294686,0.0487251724646362,RACK1;AVP,PT
GO_Biological_Process_2023,Positive Regulation Of DNA-templated Transcription (GO:0045893),9/1243,0.9081294288966516,0.9258663318047892,0,0,0.6767139384116694,0.0652138176455094,SEM1;PSMD9;SF3B5;NPM1;PSMC5;JUND;CAPN3;CHCHD10;SQSTM1,PT
GO_Biological_Process_2023,Chromatin Remodeling (GO:0006338),1/228,0.9100848687615152,0.9269547346214846,0,0,0.4143510674347678,0.0390390891465276,NPM1,PT
GO_Biological_Process_2023,Positive Regulation Of Phosphorylation (GO:0042327),1/231,0.9129062596802188,0.9289221589728542,0,0,0.408883779264214,0.0372583390206146,RACK1,PT
GO_Biological_Process_2023,Positive Regulation Of Developmental Process (GO:0051094),1/233,0.9147380591721124,0.9290462636018856,0,0,0.405317473474801,0.0361208916235247,FIS1,PT
GO_Biological_Process_2023,Positive Regulation Of Multicellular Organismal Process (GO:0051240),2/387,0.9148080066884466,0.9290462636018856,0,0,0.4870067130936696,0.0433635961425447,RPS19;OXT,PT
GO_Biological_Process_2023,Regulation Of ERK1 And ERK2 Cascade (GO:0070372),1/244,0.9241485264526328,0.937620079316374,0,0,0.3867521367521367,0.0305079666651349,GSTP1,PT
GO_Biological_Process_2023,Vesicle-Mediated Transport (GO:0016192),2/411,0.9307684890195534,0.9434197112004016,0,0,0.4578623483694176,0.0328491976401916,SQSTM1;AP1M2,PT
GO_Biological_Process_2023,Cytokine-Mediated Signaling Pathway (GO:0019221),1/257,0.9339456164536594,0.9457218463410478,0,0,0.3668682391826923,0.0250707001542205,TOLLIP,PT
GO_Biological_Process_2023,Chromatin Organization (GO:0006325),1/268,0.9412444622415072,0.9521891652908272,0,0,0.3515557476231633,0.021287538379321,NPM1,PT
GO_Biological_Process_2023,Negative Regulation Of Nucleic Acid-Templated Transcription (GO:1903507),2/456,0.9533939763182856,0.9635462839073476,0,0,0.4115218455383175,0.0196407254827868,ZGPAT;CAPN3,PT
GO_Biological_Process_2023,Negative Regulation Of Transcription By RNA Polymerase II (GO:0000122),4/763,0.9603268995784292,0.9696143937716442,0,0,0.4892702207654487,0.0198064081425829,JUND;ZGPAT;RPL10;GADD45A,PT
GO_Biological_Process_2023,Organelle Assembly (GO:0070925),1/322,0.9669632097057536,0.9753715854423254,0,0,0.291606757728253,0.0097964794697738,VPS28,PT
GO_Biological_Process_2023,Negative Regulation Of DNA-templated Transcription (GO:0045892),5/1025,0.984121684131702,0.9917210793759624,0,0,0.4510524798154556,0.0072194227824397,JUND;ZGPAT;RPL10;GADD45A;CAPN3,PT
GO_Biological_Process_2023,Phosphorylation (GO:0016310),1/429,0.9894918422361162,0.9946973733032904,0,0,0.2175031452192667,0.0022976506562045,TOLLIP,PT
GO_Biological_Process_2023,Positive Regulation Of Transcription By RNA Polymerase II (GO:0045944),4/938,0.9896907130191632,0.9946973733032904,0,0,0.3939416096516425,0.0040823364405181,SEM1;NPM1;JUND;SQSTM1,PT
GO_Biological_Process_2023,Nervous System Development (GO:0007399),1/433,0.9899334969943664,0.9946973733032904,0,0,0.2154447115384615,0.0021797646402538,GSTP1,PT
GO_Biological_Process_2023,Regulation Of Nucleic Acid-Templated Transcription (GO:1903506),1/452,0.9917917284892748,0.9956063120603872,0,0,0.2061657854340781,0.0016992482686756,SLC2A4RG,PT
GO_Biological_Process_2023,Protein Phosphorylation (GO:0006468),1/500,0.9951022404028416,0.9975347074438088,0,0,0.1858717434869739,0.0009125917718142624,PCK1,PT
GO_Biological_Process_2023,Protein Modification Process (GO:0036211),2/711,0.9956237214142228,0.9975347074438088,0,0,0.2600382930302596,0.0011404974046651,GLRX;RNF7,PT
GO_Biological_Process_2023,Regulation Of Transcription By RNA Polymerase II (GO:0006357),10/2028,0.9984220852344944,0.9987190499337226,0,0,0.4425746173882295,0.0006988965683470987,SEM1;NPM1;PSMC5;JUND;ZGPAT;RPL10;GADD45A;LIME1;SQSTM1;SLC2A4RG,PT
GO_Biological_Process_2023,Regulation Of DNA-templated Transcription (GO:0006355),9/1922,0.9987190499337226,0.9987190499337226,0,0,0.4205488761108207,0.0005390474309026859,PSMD9;SF3B5;NPM1;PSMC5;JUND;ZGPAT;CAPN3;LIME1;SLC2A4RG,PT
KEGG_2021_Human,Ribosome,48/158,9.696512927411924e-58,1.4544769391117887e-55,0,0,53.34206662902315,7002.648841190591,RPL30;MRPS15;RPL3;RPL10;RPL31;RPL34;RPL12;RPLP0;RPL11;RPL36A;RPL10A;RPL8;RPS15;RPS4X;RPS15A;RPL18A;RPS19;RPL36AL;RPS18;RPS3;RPL35;RPL13;RPL37;RPL15;RPS2;RPL18;RPS12;RPL19;RPS9;RPL41;RPL21;RPS7;RPS8;RPL22;RPS6;RPL35A;RPS3A;RPL23A;MRPL23;RPS25;RPS28;RPS27;RPS29;RPL37A;RPL29;RPL28;RPS21;RPS23,PT
KEGG_2021_Human,Coronavirus disease,46/232,8.236173650965459e-46,6.177130238224093e-44,0,0,29.74569562636058,3087.9119188746395,RPL30;RPL3;RPL10;RPL31;RPL34;RPL12;RPLP0;RPL11;RPL36A;RPL8;RPL10A;RPS15;RPS4X;RPS15A;RPS19;RPL18A;RPS18;RPL36AL;RPS3;RPL35;RPL13;RPL37;RPS2;RPL15;RPL18;RPS12;RPL19;RPL41;RPS9;RPL21;RPS7;RPS8;RPL22;RPS6;RPL35A;RPS3A;RPL23A;RPS25;RPS28;RPS27;RPS29;RPL37A;RPL29;RPL28;RPS21;RPS23,PT
KEGG_2021_Human,Mineral absorption,10/60,5.986422011733631e-10,2.9932110058668164e-08,0,0,19.84020100502513,421.333591954894,MT2A;SLC6A19;FTH1;MT1F;MT1G;MT1X;MT1H;SLC39A4;FTL;MT1E,PT
KEGG_2021_Human,Oxidative phosphorylation,11/133,1.5459990038615708e-07,5.79749626448089e-06,0,0,8.956739526411658,140.46339895869045,NDUFB8;ATP6V0E1;NDUFB7;ATP5PD;NDUFA6;NDUFA12;NDUFB11;ATP5PO;COX7A2;ATP5MC1;ATP6V1F,PT
KEGG_2021_Human,Parkinson disease,13/249,2.3212277622093963e-06,6.963683286628189e-05,0,0,5.495827568315462,71.29964798940007,NDUFB8;ATP5PD;NDUFB7;NDUFA6;NDUFA12;NDUFB11;COX7A2;ATP5MC1;SEM1;PSMD9;PSMC5;ATP5PO;SLC25A6,PT
KEGG_2021_Human,Thermogenesis,12/232,6.295842198232832e-06,0.00013321292457350048,0,0,5.41882787263498,64.89382946827456,NDUFAF8;NDUFB8;ATP5PD;NDUFB7;NDUFA6;NDUFA12;NDUFB11;RPS6;ATP5PO;COX7A2;COX14;ATP5MC1,PT
KEGG_2021_Human,Prion disease,13/273,6.345446048984991e-06,0.00013321292457350048,0,0,4.982397959183674,59.628208568259424,NDUFB8;ATP5PD;NDUFB7;NDUFA6;NDUFA12;NDUFB11;COX7A2;ATP5MC1;SEM1;PSMD9;PSMC5;ATP5PO;SLC25A6,PT
KEGG_2021_Human,Amyotrophic lateral sclerosis,15/364,7.104689310586693e-06,0.00013321292457350048,0,0,4.307299205388001,51.06197905569719,NDUFB8;ATP5PD;NDUFB7;NDUFA6;NDUFA12;NDUFB11;CHCHD10;COX7A2;ATP5MC1;SEM1;PSMD9;PSMC5;ATP5PO;SQSTM1;OPTN,PT
KEGG_2021_Human,Diabetic cardiomyopathy,11/203,9.9519380194472e-06,0.00016586563365745334,0,0,5.671006944444445,65.31720195471678,NDUFB8;ATP5PD;NDUFB7;NDUFA6;NDUFA12;MPC1;NDUFB11;ATP5PO;COX7A2;ATP5MC1;SLC25A6,PT
KEGG_2021_Human,Huntington disease,13/306,2.136818918918211e-05,0.00032052283783773165,0,0,4.413770286271506,47.4639520546834,NDUFB8;ATP5PD;NDUFB7;NDUFA6;NDUFA12;NDUFB11;COX7A2;ATP5MC1;SEM1;PSMD9;PSMC5;ATP5PO;SLC25A6,PT
KEGG_2021_Human,Alzheimer disease,13/369,0.00014348251125107246,0.0018682461975579,0,0,3.620944164182527,32.04281178853204,NDUFB8;ATP5PD;NDUFB7;NDUFA6;NDUFA12;NDUFB11;COX7A2;ATP5MC1;SEM1;PSMD9;PSMC5;ATP5PO;SLC25A6,PT
KEGG_2021_Human,Pathways of neurodegeneration,15/475,0.0001494596958046395,0.0018682461975579,0,0,3.2492716270730613,28.621156471847613,NDUFB8;ATP5PD;NDUFB7;NDUFA6;NDUFA12;NDUFB11;COX7A2;ATP5MC1;SEM1;PSMD9;PSMC5;ATP5PO;SQSTM1;OPTN;SLC25A6,PT
KEGG_2021_Human,Peroxisome,5/82,0.0016888490982757,0.0194867203647199,0,0,6.275146422205245,40.05870234742043,HMGCL;PHYH;AMACR;ECI2;PIPOX,PT
KEGG_2021_Human,Citrate cycle (TCA cycle),3/30,0.0037094043101354,0.0397436176085946,0,0,10.66019417475728,59.66386998504041,MDH2;SUCLG1;PCK1,PT
KEGG_2021_Human,Non-alcoholic fatty liver disease,6/155,0.0058434924062592,0.0584349240625929,0,0,3.896320296227725,20.03654131310515,NDUFB8;NDUFB7;NDUFA6;NDUFA12;NDUFB11;COX7A2,PT
KEGG_2021_Human,PPAR signaling pathway,4/74,0.0075402634841273,0.0706899701636939,0,0,5.497142857142857,26.867275559569578,FABP1;FABP3;DBI;PCK1,PT
KEGG_2021_Human,"Glycine, serine and threonine metabolism",3/40,0.0083633241858779,0.0737940369342169,0,0,7.775124639202309,37.19541332689825,GAMT;GRHPR;PIPOX,PT
KEGG_2021_Human,Ferroptosis,3/41,0.0089551540838586,0.0746262840321556,0,0,7.570132856412877,35.69715858914841,FTH1;SAT2;FTL,PT
KEGG_2021_Human,Proteasome,3/46,0.012276742867805,0.0969216542195132,0,0,6.688191465342063,29.428367695749245,SEM1;PSMD9;PSMC5,PT
KEGG_2021_Human,Pyruvate metabolism,3/47,0.013014656430176,0.0976099232263206,0,0,6.535856134157105,28.376590232343837,GRHPR;MDH2;PCK1,PT
KEGG_2021_Human,Arginine and proline metabolism,3/50,0.0153778461568471,0.104848951069412,0,0,6.117744267713283,25.54052619027468,GAMT;SAT2;CNDP2,PT
KEGG_2021_Human,Cysteine and methionine metabolism,3/50,0.0153778461568471,0.104848951069412,0,0,6.117744267713283,25.54052619027468,MPST;AHCY;MDH2,PT
KEGG_2021_Human,Retrograde endocannabinoid signaling,5/148,0.0197514893097706,0.1288140607158952,0,0,3.367612779377485,13.216285198335274,NDUFB8;NDUFB7;NDUFA6;NDUFA12;NDUFB11,PT
KEGG_2021_Human,Histidine metabolism,2/22,0.0218833866447,0.136771166529375,0,0,9.5512077294686,36.50497889385927,FTCD;CNDP2,PT
KEGG_2021_Human,Proximal tubule bicarbonate reclamation,2/23,0.0238049243614343,0.142829546168606,0,0,9.095928226363007,33.99933187399019,PCK1;AQP1,PT
KEGG_2021_Human,Collecting duct acid secretion,2/27,0.0321406136873985,0.1854266174272991,0,0,7.639033816425121,26.260208674105694,ATP6V0E1;ATP6V1F,PT
KEGG_2021_Human,Mitophagy,3/68,0.0343317787613438,0.190732104229688,0,0,4.419566840926064,14.90138218238952,FIS1;SQSTM1;OPTN,PT
KEGG_2021_Human,Glyoxylate and dicarboxylate metabolism,2/30,0.0390314006344131,0.2090967891129277,0,0,6.819530710835059,22.118389612899374,GRHPR;MDH2,PT
KEGG_2021_Human,Tyrosine metabolism,2/36,0.054286479325641,0.2807921344429711,0,0,5.61437908496732,16.357381640081115,HGD;HPD,PT
KEGG_2021_Human,"Alanine, aspartate and glutamate metabolism",2/37,0.0570040346585502,0.2850201732927514,0,0,5.4536922015182885,15.622827907584352,ASL;NIT2,PT
KEGG_2021_Human,Spinocerebellar ataxia,4/143,0.0632720237810695,0.3061549537793686,0,0,2.7586594139322687,7.614760711529999,SEM1;PSMD9;PSMC5;SLC25A6,PT
KEGG_2021_Human,Fatty acid degradation,2/43,0.0742430983756273,0.3480145236357532,0,0,4.654176976552375,12.102770477576003,ECI1;ECI2,PT
KEGG_2021_Human,mTOR signaling pathway,4/154,0.0783330160423923,0.3556707891017879,0,0,2.5549268292682927,6.506852145611654,RPS6;LAMTOR2;ATP6V1F;LAMTOR5,PT
KEGG_2021_Human,Sulfur relay system,1/8,0.0806187121964052,0.3556707891017879,0,0,13.587912087912088,34.214695475566714,MPST,PT
KEGG_2021_Human,Necroptosis,4/159,0.0857200214483053,0.3673715204927371,0,0,2.471880409126672,6.072591622205313,FTH1;SQSTM1;FTL;SLC25A6,PT
KEGG_2021_Human,Vibrio cholerae infection,2/50,0.0961284696354655,0.3937161848408944,0,0,3.9740338164251208,9.30746441383207,ATP6V0E1;ATP6V1F,PT
KEGG_2021_Human,Sulfur metabolism,1/10,0.0997414334930266,0.3937161848408944,0,0,10.567307692307692,24.359484069513947,MPST,PT
KEGG_2021_Human,Synthesis and degradation of ketone bodies,1/10,0.0997414334930266,0.3937161848408944,0,0,10.567307692307692,24.359484069513947,HMGCL,PT
KEGG_2021_Human,Ubiquinone and other terpenoid-quinone biosynthesis,1/11,0.1091538262351098,0.4198224085965765,0,0,9.510096153846154,21.064835798696524,HPD,PT
KEGG_2021_Human,Lysosome,3/128,0.1503001751332557,0.5538311269191313,0,0,2.2911844660194176,4.34207137713882,CD63;CTSH;AP1M2,PT
KEGG_2021_Human,Glycolysis / Gluconeogenesis,2/67,0.1551210667484628,0.5538311269191313,0,0,2.9321441843180973,5.464195509442115,GALM;PCK1,PT
KEGG_2021_Human,Epstein-Barr virus infection,4/202,0.1616586397983841,0.5538311269191313,0,0,1.930820399113082,3.518472861667344,SEM1;PSMC5;GADD45A;B2M,PT
KEGG_2021_Human,Phenylalanine metabolism,1/17,0.1636065325969602,0.5538311269191313,0,0,5.942007211538462,10.756761733183067,HPD,PT
KEGG_2021_Human,Primary bile acid biosynthesis,1/17,0.1636065325969602,0.5538311269191313,0,0,5.942007211538462,10.756761733183067,AMACR,PT
KEGG_2021_Human,Epithelial cell signaling in Helicobacter pylori infection,2/70,0.1661493380757393,0.5538311269191313,0,0,2.802358624609264,5.029864571105801,ATP6V0E1;ATP6V1F,PT
KEGG_2021_Human,Inositol phosphate metabolism,2/73,0.1773091225410616,0.5768306370189363,0,0,2.683540858678642,4.642151639241223,MIOX;IMPA2,PT
KEGG_2021_Human,Ubiquitin mediated proteolysis,3/140,0.1807402662659334,0.5768306370189363,0,0,2.089221174969881,3.574018695522008,STUB1;RNF7;ANAPC11,PT
KEGG_2021_Human,Metabolism of xenobiotics by cytochrome P450,2/76,0.188581769137869,0.5803393021612862,0,0,2.574356965661313,4.294602987334995,GSTP1;DHDH,PT
KEGG_2021_Human,One carbon pool by folate,1/20,0.1895775053726868,0.5803393021612862,0,0,5.003036437246964,8.319836159348089,FTCD,PT
KEGG_2021_Human,Synaptic vesicle cycle,2/78,0.1961508210578253,0.5884524631734759,0,0,2.506356470887363,4.082532424934136,ATP6V0E1;ATP6V1F,PT
KEGG_2021_Human,Arginine biosynthesis,1/22,0.2064440087145227,0.6071882609250668,0,0,4.5260989010989015,7.140944130218156,ASL,PT
KEGG_2021_Human,Cellular senescence,3/156,0.2235727993508225,0.6449215365889112,0,0,1.8692175899486008,2.800121957914662,GADD45A;SQSTM1;SLC25A6,PT
KEGG_2021_Human,Folate biosynthesis,1/26,0.2391360759623178,0.6768002149876918,0,0,3.8011538461538463,5.438396461300769,PCBD1,PT
KEGG_2021_Human,Rheumatoid arthritis,2/93,0.2537940899920935,0.6953888132709067,0,0,2.0916281785847004,2.8681075116107544,ATP6V0E1;ATP6V1F,PT
KEGG_2021_Human,Butanoate metabolism,1/28,0.2549758981993325,0.6953888132709067,0,0,3.519230769230769,4.809332397953107,HMGCL,PT
KEGG_2021_Human,Ascorbate and aldarate metabolism,1/30,0.27048750843,0.7118092327105264,0,0,3.276193633952255,4.283719369756628,MIOX,PT
KEGG_2021_Human,beta-Alanine metabolism,1/30,0.27048750843,0.7118092327105264,0,0,3.276193633952255,4.283719369756628,CNDP2,PT
KEGG_2021_Human,Galactose metabolism,1/31,0.2781223547466944,0.7192819519311063,0,0,3.1668269230769237,4.052569846766924,GALM,PT
KEGG_2021_Human,Fructose and mannose metabolism,1/33,0.2931542948101967,0.7390648251776911,0,0,2.9685997596153846,3.642638755566374,KHK,PT
KEGG_2021_Human,Pentose and glucuronate interconversions,1/34,0.3005530289055944,0.7390648251776911,0,0,2.8784965034965038,3.460330086551988,DHDH,PT
KEGG_2021_Human,Propanoate metabolism,1/34,0.3005530289055944,0.7390648251776911,0,0,2.8784965034965038,3.460330086551988,SUCLG1,PT
KEGG_2021_Human,Nicotinate and nicotinamide metabolism,1/35,0.3078746851015399,0.7448581091166289,0,0,2.793693438914027,3.291145324218324,QPRT,PT
KEGG_2021_Human,Thyroid cancer,1/37,0.3222899522917543,0.7673570292660816,0,0,2.6382211538461537,2.987267483333688,GADD45A,PT
KEGG_2021_Human,Homologous recombination,1/41,0.3502301671402767,0.8208519542350237,0,0,2.373918269230769,2.4906312967992768,SEM1,PT
KEGG_2021_Human,Fat digestion and absorption,1/43,0.3637673192394975,0.8254737967917098,0,0,2.2606456043956045,2.286057179373668,FABP1,PT
KEGG_2021_Human,Vasopressin-regulated water reabsorption,1/44,0.370430264521392,0.8254737967917098,0,0,2.2079606440071555,2.1927037946583394,AVP,PT
KEGG_2021_Human,Cell cycle,2/124,0.3725532041658543,0.8254737967917098,0,0,1.5576938306802883,1.538028602458797,GADD45A;ANAPC11,PT
KEGG_2021_Human,Human immunodeficiency virus 1 infection,3/212,0.382005756414864,0.8254737967917098,0,0,1.364472522878246,1.3130586542559075,RNF7;B2M;AP1M2,PT
KEGG_2021_Human,Osteoclast differentiation,2/127,0.3837249203975064,0.8254737967917098,0,0,1.5200772946859904,1.4559746261864783,JUND;SQSTM1,PT
KEGG_2021_Human,Purine metabolism,2/129,0.3911255032260369,0.8254737967917098,0,0,1.4959869146791434,1.4043229948704132,GUK1;APRT,PT
KEGG_2021_Human,"Valine, leucine and isoleucine degradation",1/48,0.3963947381154107,0.8254737967917098,0,0,2.019639934533552,1.868863211913533,HMGCL,PT
KEGG_2021_Human,FoxO signaling pathway,2/131,0.3984863864837628,0.8254737967917098,0,0,1.4726435231996404,1.3549527145151752,GADD45A;PCK1,PT
KEGG_2021_Human,Human T-cell leukemia virus 1 infection,3/219,0.4017305811052987,0.8254737967917098,0,0,1.3197815533980584,1.2036059493802045,B2M;ANAPC11;SLC25A6,PT
KEGG_2021_Human,Cholesterol metabolism,1/50,0.4089744952578169,0.8290023552523316,0,0,1.937009419152276,1.731884932549588,ANGPTL3,PT
KEGG_2021_Human,Insulin signaling pathway,2/137,0.4203157513344235,0.8406315026688471,0,0,1.4067632850241545,1.2193107567166876,RPS6;PCK1,PT
KEGG_2021_Human,Fluid shear stress and atherosclerosis,2/139,0.4275031427867535,0.8426853289715138,0,0,1.3860855460347683,1.1778866802471504,GSTP1;SQSTM1,PT
KEGG_2021_Human,Fanconi anemia pathway,1/54,0.4333565548727715,0.8426853289715138,0,0,1.790457184325109,1.4971703380581312,CENPX,PT
KEGG_2021_Human,Apoptosis,2/142,0.4381963710651871,0.8426853289715138,0,0,1.356176673567978,1.118965280036665,GADD45A;CTSH,PT
KEGG_2021_Human,Glutathione metabolism,1/57,0.4509837679953276,0.8455945649912392,0,0,1.69428228021978,1.3491975260628957,GSTP1,PT
KEGG_2021_Human,Legionellosis,1/57,0.4509837679953276,0.8455945649912392,0,0,1.69428228021978,1.3491975260628957,EEF1G,PT
KEGG_2021_Human,Endometrial cancer,1/58,0.4567373733802699,0.8458099507042035,0,0,1.6644736842105263,1.304359357462012,GADD45A,PT
KEGG_2021_Human,Phagosome,2/152,0.4730348621740989,0.8653076747087175,0,0,1.26512077294686,0.947051937818886,ATP6V0E1;ATP6V1F,PT
KEGG_2021_Human,Basal cell carcinoma,1/63,0.4846175898647669,0.8653885533299409,0,0,1.529854218362283,1.1082190120317457,GADD45A,PT
KEGG_2021_Human,Lysine degradation,1/63,0.4846175898647669,0.8653885533299409,0,0,1.529854218362283,1.1082190120317457,PIPOX,PT
KEGG_2021_Human,Adipocytokine signaling pathway,1/69,0.5162001858810296,0.8693995958955415,0,0,1.3944428733031675,0.9220901751343455,PCK1,PT
KEGG_2021_Human,Renin secretion,1/69,0.5162001858810296,0.8693995958955415,0,0,1.3944428733031675,0.9220901751343455,AQP1,PT
KEGG_2021_Human,Hepatocellular carcinoma,2/168,0.5259847934782127,0.8693995958955415,0,0,1.142250160060532,0.7338762826285642,GADD45A;GSTP1,PT
KEGG_2021_Human,Melanoma,1/72,0.5312614902502152,0.8693995958955415,0,0,1.335319609967497,0.8445908955137115,GADD45A,PT
KEGG_2021_Human,Non-small cell lung cancer,1/72,0.5312614902502152,0.8693995958955415,0,0,1.335319609967497,0.8445908955137115,GADD45A,PT
KEGG_2021_Human,Protein processing in endoplasmic reticulum,2/171,0.535508578692751,0.8693995958955415,0,0,1.1218020181230883,0.7006084030254077,STUB1;HERPUD1,PT
KEGG_2021_Human,p53 signaling pathway,1/73,0.536177492654316,0.8693995958955415,0,0,1.3167067307692308,0.8206901773474864,GADD45A,PT
KEGG_2021_Human,Influenza A,2/172,0.5386540447251226,0.8693995958955415,0,0,1.1151463483944302,0.6899207062248252,PLG;SLC25A6,PT
KEGG_2021_Human,Glioma,1/75,0.5458560892455107,0.8693995958955415,0,0,1.2809901247401247,0.7755113072393511,GADD45A,PT
KEGG_2021_Human,Chronic myeloid leukemia,1/76,0.5506197440671763,0.8693995958955415,0,0,1.2638461538461538,0.7541506845870755,GADD45A,PT
KEGG_2021_Human,Pancreatic cancer,1/76,0.5506197440671763,0.8693995958955415,0,0,1.2638461538461538,0.7541506845870755,GADD45A,PT
KEGG_2021_Human,Antigen processing and presentation,1/78,0.5599983772873514,0.8749974645114865,0,0,1.230894105894106,0.7136987350636802,B2M,PT
KEGG_2021_Human,Complement and coagulation cascades,1/85,0.5913156372419858,0.8753589703433026,0,0,1.127918956043956,0.5926146324131001,PLG,PT
KEGG_2021_Human,Colorectal cancer,1/86,0.5956046037637532,0.8753589703433026,0,0,1.1145927601809955,0.5775577243490451,GADD45A,PT
KEGG_2021_Human,Cardiac muscle contraction,1/87,0.5998487722662306,0.8753589703433026,0,0,1.1015764758497315,0.5629911735878778,COX7A2,PT
KEGG_2021_Human,Bile secretion,1/90,0.612317123094011,0.8753589703433026,0,0,1.064282627484875,0.5220359030317392,AQP1,PT
KEGG_2021_Human,Small cell lung cancer,1/92,0.6204137773802141,0.8753589703433026,0,0,1.0407861369399831,0.496838663421927,GADD45A,PT
KEGG_2021_Human,Salivary secretion,1/93,0.624398770785774,0.8753589703433026,0,0,1.0294209866220736,0.4848223450960141,CST3,PT
KEGG_2021_Human,IL-17 signaling pathway,1/94,0.6283421266873613,0.8753589703433026,0,0,1.0183002481389578,0.4731740580994402,JUND,PT
KEGG_2021_Human,Staphylococcus aureus infection,1/95,0.6322442778672045,0.8753589703433026,0,0,1.0074161211129296,0.4618795829842864,PLG,PT
KEGG_2021_Human,Proteoglycans in cancer,2/205,0.6341105067278852,0.8753589703433026,0,0,0.932295756883463,0.4246905869917909,CD63;RPS6,PT
KEGG_2021_Human,Phosphatidylinositol signaling system,1/97,0.6399266760770975,0.8753589703433026,0,0,0.986328125,0.4402985298824764,IMPA2,PT
KEGG_2021_Human,Prostate cancer,1/97,0.6399266760770975,0.8753589703433026,0,0,0.986328125,0.4402985298824764,GSTP1,PT
KEGG_2021_Human,Viral protein interaction with cytokine and cytokine receptor,1/100,0.6511518081544677,0.8753589703433026,0,0,0.9562937062937062,0.4102619266169074,CXCL14,PT
KEGG_2021_Human,Progesterone-mediated oocyte maturation,1/100,0.6511518081544677,0.8753589703433026,0,0,0.9562937062937062,0.4102619266169074,ANAPC11,PT
KEGG_2021_Human,Protein digestion and absorption,1/103,0.6620286221184984,0.8753589703433026,0,0,0.9280260180995475,0.3827610720781215,SLC6A19,PT
KEGG_2021_Human,Toll-like receptor signaling pathway,1/104,0.6655786917802822,0.8753589703433026,0,0,0.9189693801344286,0.3741109675538048,TOLLIP,PT
KEGG_2021_Human,NF-kappa B signaling pathway,1/104,0.6655786917802822,0.8753589703433026,0,0,0.9189693801344286,0.3741109675538048,GADD45A,PT
KEGG_2021_Human,"Parathyroid hormone synthesis, secretion and action",1/106,0.6725678759310245,0.8753589703433026,0,0,0.9013736263736264,0.357531869642729,JUND,PT
KEGG_2021_Human,Glucagon signaling pathway,1/107,0.6760077587389807,0.8753589703433026,0,0,0.8928247460087083,0.3495861771159447,PCK1,PT
KEGG_2021_Human,Drug metabolism,1/108,0.6794116743197625,0.8753589703433026,0,0,0.8844356578001438,0.341859181425509,GSTP1,PT
KEGG_2021_Human,Insulin resistance,1/108,0.6794116743197625,0.8753589703433026,0,0,0.8844356578001438,0.341859181425509,PCK1,PT
KEGG_2021_Human,HIF-1 signaling pathway,1/109,0.6827799968677759,0.8753589703433026,0,0,0.8762019230769231,0.3343433941170685,RPS6,PT
KEGG_2021_Human,Neuroactive ligand-receptor interaction,3/341,0.6946165591808481,0.8812191756611459,0,0,0.8381541908427644,0.3054194470439861,OXT;PLG;AVP,PT
KEGG_2021_Human,Leukocyte transendothelial migration,1/114,0.6991005460245091,0.8812191756611459,0,0,0.837219196732471,0.299691573420736,THY1,PT
KEGG_2021_Human,AMPK signaling pathway,1/120,0.7175856524130955,0.8969820655163694,0,0,0.7947640594699418,0.2637527550954384,PCK1,PT
KEGG_2021_Human,Oocyte meiosis,1/129,0.7432152984733745,0.9213412790992248,0,0,0.7385441706730769,0.219177389499405,ANAPC11,PT
KEGG_2021_Human,Vascular smooth muscle contraction,1/133,0.7538500600190233,0.9227829730044916,0,0,0.7160183566433567,0.2023194286266396,AVP,PT
KEGG_2021_Human,Apelin signaling pathway,1/137,0.7640463987758364,0.9227829730044916,0,0,0.6948175904977375,0.1869940071146189,RPS6,PT
KEGG_2021_Human,Autophagy,1/137,0.7640463987758364,0.9227829730044916,0,0,0.6948175904977375,0.1869940071146189,SQSTM1,PT
KEGG_2021_Human,Measles,1/139,0.7689858108370765,0.9227829730044916,0,0,0.6846780936454849,0.1798531320993434,RACK1,PT
KEGG_2021_Human,Breast cancer,1/147,0.7877354100165306,0.9236850392408964,0,0,0.6468980505795574,0.1543453592609342,GADD45A,PT
KEGG_2021_Human,Phospholipase D signaling pathway,1/148,0.7899699826750788,0.9236850392408964,0,0,0.6424646781789639,0.1514676850912696,AVP,PT
KEGG_2021_Human,Gastric cancer,1/149,0.7921811425191251,0.9236850392408964,0,0,0.6380912162162162,0.1486530465388103,GADD45A,PT
KEGG_2021_Human,Spliceosome,1/150,0.794369133747171,0.9236850392408964,0,0,0.6337764584408879,0.1458997909882251,SF3B5,PT
KEGG_2021_Human,Oxytocin signaling pathway,1/154,0.8028942056832792,0.9264163911730144,0,0,0.6170814479638009,0.1354693234757227,OXT,PT
KEGG_2021_Human,MAPK signaling pathway,2/294,0.8151073655801137,0.933329044557382,0,0,0.6451922440606181,0.1319001586924001,JUND;GADD45A,PT
KEGG_2021_Human,Wnt signaling pathway,1/166,0.8264157423370465,0.9341107468269796,0,0,0.5718531468531468,0.1090279838741074,CACYBP,PT
KEGG_2021_Human,cGMP-PKG signaling pathway,1/167,0.8282448621865884,0.9341107468269796,0,0,0.5683792863762743,0.107109053676805,SLC25A6,PT
KEGG_2021_Human,RNA transport,1/186,0.8595718616924569,0.9437274122760424,0,0,0.5095114345114345,0.077099702813389,EIF3I,PT
KEGG_2021_Human,Human papillomavirus infection,2/331,0.8633220593960754,0.9437274122760424,0,0,0.5715460405562163,0.0839986765158375,ATP6V0E1;ATP6V1F,PT
KEGG_2021_Human,Neutrophil extracellular trap formation,1/189,0.8639690669974324,0.9437274122760424,0,0,0.5013042144026186,0.0732998564822659,SLC25A6,PT
KEGG_2021_Human,Transcriptional misregulation in cancer,1/192,0.8682292192939591,0.9437274122760424,0,0,0.4933548127265404,0.0697107990452007,GADD45A,PT
KEGG_2021_Human,Chemokine signaling pathway,1/192,0.8682292192939591,0.9437274122760424,0,0,0.4933548127265404,0.0697107990452007,CXCL14,PT
KEGG_2021_Human,Pathogenic Escherichia coli infection,1/197,0.875036399516851,0.9442838843707024,0,0,0.4806465855572998,0.0641614137129989,RPS3,PT
KEGG_2021_Human,PI3K-Akt signaling pathway,2/354,0.8872088697439222,0.9493226418285138,0,0,0.5335693895476504,0.0638548342783858,RPS6;PCK1,PT
KEGG_2021_Human,cAMP signaling pathway,1/216,0.8978601668843914,0.9493226418285138,0,0,0.4377459749552773,0.0471631623717276,OXT,PT
KEGG_2021_Human,Human cytomegalovirus infection,1/225,0.9071725280919608,0.9493226418285138,0,0,0.4199648008241758,0.0409140747959199,B2M,PT
KEGG_2021_Human,Chemical carcinogenesis,1/239,0.9200065496713112,0.9493226418285138,0,0,0.3949781835811247,0.0329311045210038,GSTP1,PT
KEGG_2021_Human,Calcium signaling pathway,1/240,0.9208525704708443,0.9493226418285138,0,0,0.3933054393305439,0.0324301301972332,SLC25A6,PT
KEGG_2021_Human,Shigellosis,1/246,0.9257449105992128,0.9493226418285138,0,0,0.3835557299843014,0.0295938394668522,SQSTM1,PT
KEGG_2021_Human,Salmonella infection,1/249,0.9280770026836396,0.9493226418285138,0,0,0.3788577853598014,0.0282781620364648,RPS3,PT
KEGG_2021_Human,Endocytosis,1/252,0.9303361889919436,0.9493226418285138,0,0,0.374272142200429,0.0270259161553559,VPS28,PT
KEGG_2021_Human,Cytokine-cytokine receptor interaction,1/295,0.9559335160512584,0.9688515365384376,0,0,0.3188284929356358,0.0143686157070625,CXCL14,PT
KEGG_2021_Human,Pathways in cancer,2/531,0.9763027392774872,0.9828551066551884,0,0,0.3518077130306932,0.0084372485238002,GADD45A;GSTP1,PT
KEGG_2021_Human,Herpes simplex virus 1 infection,1/498,0.9949956080869056,0.9949956080869056,0,0,0.1866390651601919,0.0009363599435033632,B2M,PT
Reactome_2022,Eukaryotic Translation Elongation R-HSA-156842,45/90,3.2687538577776146e-66,1.5820768671643654e-63,0,0,120.40243902439023,18155.027131190003,RPL30;RPL3;RPL31;RPL34;RPL12;RPLP0;RPL11;RPL36A;RPL10A;RPL8;EEF1B2;RPS15;RPS4X;RPS15A;RPL18A;RPS19;RPL36AL;RPS3;RPL35;RPL37;RPL15;RPS2;RPL18;RPS12;RPL19;RPS9;RPL41;RPL21;RPS7;RPS8;RPL22;RPS6;RPL35A;RPS3A;RPL23A;EEF1G;RPS25;RPS28;RPS27;RPS29;RPL37A;RPL29;RPL28;RPS21;RPS23,PT
Reactome_2022,Peptide Chain Elongation R-HSA-156902,43/86,3.0790898842767103e-63,7.451397519949637e-61,0,0,118.96385542168674,17123.446402382673,RPL30;RPL3;RPL31;RPL34;RPL12;RPLP0;RPL11;RPL36A;RPL10A;RPL8;RPS15;RPS4X;RPS15A;RPL18A;RPS19;RPL36AL;RPS3;RPL35;RPL37;RPL15;RPS2;RPL18;RPS12;RPL19;RPS9;RPL41;RPL21;RPS7;RPS8;RPL22;RPS6;RPL35A;RPS3A;RPL23A;RPS25;RPS28;RPS27;RPS29;RPL37A;RPL29;RPL28;RPS21;RPS23,PT
Reactome_2022,Selenocysteine Synthesis R-HSA-2408557,43/90,4.270549479417716e-62,4.133891896076349e-60,0,0,108.81722635221738,15376.802649575897,RPL30;RPL3;RPL31;RPL34;RPL12;RPLP0;RPL11;RPL36A;RPL10A;RPL8;RPS15;RPS4X;RPS15A;RPL18A;RPS19;RPL36AL;RPS3;RPL35;RPL37;RPL15;RPS2;RPL18;RPS12;RPL19;RPS9;RPL41;RPL21;RPS7;RPS8;RPL22;RPS6;RPL35A;RPS3A;RPL23A;RPS25;RPS28;RPS27;RPS29;RPL37A;RPL29;RPL28;RPS21;RPS23,PT
Reactome_2022,Eukaryotic Translation Termination R-HSA-72764,43/90,4.270549479417716e-62,4.133891896076349e-60,0,0,108.81722635221738,15376.802649575897,RPL30;RPL3;RPL31;RPL34;RPL12;RPLP0;RPL11;RPL36A;RPL10A;RPL8;RPS15;RPS4X;RPS15A;RPL18A;RPS19;RPL36AL;RPS3;RPL35;RPL37;RPL15;RPS2;RPL18;RPS12;RPL19;RPS9;RPL41;RPL21;RPS7;RPS8;RPL22;RPS6;RPL35A;RPS3A;RPL23A;RPS25;RPS28;RPS27;RPS29;RPL37A;RPL29;RPL28;RPS21;RPS23,PT
Reactome_2022,Viral mRNA Translation R-HSA-192823,43/90,4.270549479417716e-62,4.133891896076349e-60,0,0,108.81722635221738,15376.802649575897,RPL30;RPL3;RPL31;RPL34;RPL12;RPLP0;RPL11;RPL36A;RPL10A;RPL8;RPS15;RPS4X;RPS15A;RPL18A;RPS19;RPL36AL;RPS3;RPL35;RPL37;RPL15;RPS2;RPL18;RPS12;RPL19;RPS9;RPL41;RPL21;RPS7;RPS8;RPL22;RPS6;RPL35A;RPS3A;RPL23A;RPS25;RPS28;RPS27;RPS29;RPL37A;RPL29;RPL28;RPS21;RPS23,PT
Reactome_2022,Formation Of A Pool Of Free 40S Subunits R-HSA-72689,44/98,5.432759303915641e-62,4.3824258384919503e-60,0,0,97.46666666666668,13749.41102770784,RPL30;RPL3;RPL31;RPL34;RPL12;RPLP0;RPL11;RPL36A;RPL10A;RPL8;RPS15;RPS4X;RPS15A;RPL18A;RPS19;RPL36AL;RPS3;RPL35;RPL37;RPL15;RPS2;RPL18;RPS12;RPL19;RPS9;RPL41;RPL21;RPS7;RPS8;RPL22;RPS6;RPL35A;RPS3A;RPL23A;RPS25;RPS28;RPS27;RPS29;EIF3I;RPL37A;RPL29;RPL28;RPS21;RPS23,PT
Reactome_2022,Nonsense Mediated Decay (NMD) Independent Of Exon Junction Complex (EJC) R-HSA-975956,43/92,1.4956982499361856e-61,1.0341685042415914e-59,0,0,104.3651340054094,14616.8690206086,RPL30;RPL3;RPL31;RPL34;RPL12;RPLP0;RPL11;RPL36A;RPL10A;RPL8;RPS15;RPS4X;RPS15A;RPL18A;RPS19;RPL36AL;RPS3;RPL35;RPL37;RPL15;RPS2;RPL18;RPS12;RPL19;RPS9;RPL41;RPL21;RPS7;RPS8;RPL22;RPS6;RPL35A;RPS3A;RPL23A;RPS25;RPS28;RPS27;RPS29;RPL37A;RPL29;RPL28;RPS21;RPS23,PT
Reactome_2022,Response Of EIF2AK4 (GCN2) To Amino Acid Deficiency R-HSA-9633012,43/98,5.173168150523324e-60,3.129766731066611e-58,0,0,92.95158817086528,12688.971909151034,RPL30;RPL3;RPL31;RPL34;RPL12;RPLP0;RPL11;RPL36A;RPL10A;RPL8;RPS15;RPS4X;RPS15A;RPL18A;RPS19;RPL36AL;RPS3;RPL35;RPL37;RPL15;RPS2;RPL18;RPS12;RPL19;RPS9;RPL41;RPL21;RPS7;RPS8;RPL22;RPS6;RPL35A;RPS3A;RPL23A;RPS25;RPS28;RPS27;RPS29;RPL37A;RPL29;RPL28;RPS21;RPS23,PT
Reactome_2022,L13a-mediated Translational Silencing Of Ceruloplasmin Expression R-HSA-156827,44/108,1.281202881592429e-59,6.890024385452617e-58,0,0,82.19583333333334,11146.143054647062,RPL30;RPL3;RPL31;RPL34;RPL12;RPLP0;RPL11;RPL36A;RPL10A;RPL8;RPS15;RPS4X;RPS15A;RPL18A;RPS19;RPL36AL;RPS3;RPL35;RPL37;RPL15;RPS2;RPL18;RPS12;RPL19;RPS9;RPL41;RPL21;RPS7;RPS8;RPL22;RPS6;RPL35A;RPS3A;RPL23A;RPS25;RPS28;RPS27;RPS29;EIF3I;RPL37A;RPL29;RPL28;RPS21;RPS23,PT
Reactome_2022,GTP Hydrolysis And Joining Of 60S Ribosomal Subunit R-HSA-72706,44/109,2.131199127831441e-59,1.0315003778704177e-57,0,0,80.92717948717949,10932.92494322118,RPL30;RPL3;RPL31;RPL34;RPL12;RPLP0;RPL11;RPL36A;RPL10A;RPL8;RPS15;RPS4X;RPS15A;RPL18A;RPS19;RPL36AL;RPS3;RPL35;RPL37;RPL15;RPS2;RPL18;RPS12;RPL19;RPS9;RPL41;RPL21;RPS7;RPS8;RPL22;RPS6;RPL35A;RPS3A;RPL23A;RPS25;RPS28;RPS27;RPS29;EIF3I;RPL37A;RPL29;RPL28;RPS21;RPS23,PT
Reactome_2022,Selenoamino Acid Metabolism R-HSA-2408522,44/114,2.482688545419667e-58,1.0923829599846533e-56,0,0,75.12761904761905,9964.97196593024,RPL30;RPL3;AHCY;RPL31;RPL34;RPL12;RPLP0;RPL11;RPL36A;RPL10A;RPL8;RPS15;RPS4X;RPS15A;RPL18A;RPS19;RPL36AL;RPS3;RPL35;RPL37;RPL15;RPS2;RPL18;RPS12;RPL19;RPS9;RPL41;RPL21;RPS7;RPS8;RPL22;RPS6;RPL35A;RPS3A;RPL23A;RPS25;RPS28;RPS27;RPS29;RPL37A;RPL29;RPL28;RPS21;RPS23,PT
Reactome_2022,Cap-dependent Translation Initiation R-HSA-72737,44/116,6.374787058094203e-58,2.5711641134313287e-56,0,0,73.03333333333333,9618.313603015047,RPL30;RPL3;RPL31;RPL34;RPL12;RPLP0;RPL11;RPL36A;RPL10A;RPL8;RPS15;RPS4X;RPS15A;RPL18A;RPS19;RPL36AL;RPS3;RPL35;RPL37;RPL15;RPS2;RPL18;RPS12;RPL19;RPS9;RPL41;RPL21;RPS7;RPS8;RPL22;RPS6;RPL35A;RPS3A;RPL23A;RPS25;RPS28;RPS27;RPS29;EIF3I;RPL37A;RPL29;RPL28;RPS21;RPS23,PT
Reactome_2022,SRP-dependent Cotranslational Protein Targeting To Membrane R-HSA-1799339,43/108,1.0317821420240933e-57,3.841404282612778e-56,0,0,78.61149212233549,10315.090483869706,RPL30;RPL3;RPL31;RPL34;RPL12;RPLP0;RPL11;RPL36A;RPL10A;RPL8;RPS15;RPS4X;RPS15A;RPL18A;RPS19;RPL36AL;RPS3;RPL35;RPL37;RPL15;RPS2;RPL18;RPS12;RPL19;RPS9;RPL41;RPL21;RPS7;RPS8;RPL22;RPS6;RPL35A;RPS3A;RPL23A;RPS25;RPS28;RPS27;RPS29;RPL37A;RPL29;RPL28;RPS21;RPS23,PT
Reactome_2022,Nonsense Mediated Decay (NMD) Enhanced By Exon Junction Complex (EJC) R-HSA-975957,43/112,7.175539310812597e-57,2.480686447452355e-55,0,0,74.0392875851231,9571.55272413658,RPL30;RPL3;RPL31;RPL34;RPL12;RPLP0;RPL11;RPL36A;RPL10A;RPL8;RPS15;RPS4X;RPS15A;RPL18A;RPS19;RPL36AL;RPS3;RPL35;RPL37;RPL15;RPS2;RPL18;RPS12;RPL19;RPS9;RPL41;RPL21;RPS7;RPS8;RPL22;RPS6;RPL35A;RPS3A;RPL23A;RPS25;RPS28;RPS27;RPS29;RPL37A;RPL29;RPL28;RPS21;RPS23,PT
Reactome_2022,Cellular Response To Starvation R-HSA-9711097,47/153,8.83722541683956e-57,2.8514780678335646e-55,0,0,53.87811553692057,6953.960946495513,RPL30;RPL3;RPL31;RPL34;RPL12;RPLP0;RPL11;RPL36A;RPL10A;RPL8;RPS15;RPS4X;RPS15A;RPL18A;RPS19;RPL36AL;RPS3;RPL35;RPL37;RPL15;RPS2;RPL18;RPS12;ATP6V1F;RPL19;RPS9;RPL41;ATP6V0E1;RPL21;RPS7;RPS8;RPL22;RPS6;RPL35A;RPS3A;RPL23A;RPS25;RPS28;RPS27;RPS29;RPL37A;LAMTOR2;RPL29;RPL28;RPS21;RPS23;LAMTOR5,PT
Reactome_2022,Regulation Of Expression Of SLITs And ROBOs R-HSA-9010553,46/167,4.7630942030781935e-53,1.4408359964311537e-51,0,0,45.87638797343203,5527.008875321962,RPL30;RPL3;RPL31;RPL34;RPL12;RPLP0;RPL11;RPL36A;RPL10A;RPL8;RPS15;RPS4X;PSMD9;RPS15A;RPL18A;RPS19;RPL36AL;RPS3;RPL35;RPL37;RPL15;RPS2;RPL18;RPS12;RPL19;RPS9;RPL41;RPL21;RPS7;RPS8;RPL22;RPS6;RPL35A;RPS3A;RPL23A;SEM1;RPS25;RPS28;PSMC5;RPS27;RPS29;RPL37A;RPL29;RPL28;RPS21;RPS23,PT
Reactome_2022,Influenza Viral RNA Transcription And Replication R-HSA-168273,43/137,2.3388741888957066e-52,6.658912396620716e-51,0,0,54.279095103819536,6452.956930527123,RPL30;RPL3;RPL31;RPL34;RPL12;RPLP0;RPL11;RPL36A;RPL10A;RPL8;RPS15;RPS4X;RPS15A;RPL18A;RPS19;RPL36AL;RPS3;RPL35;RPL37;RPL15;RPS2;RPL18;RPS12;RPL19;RPS9;RPL41;RPL21;RPS7;RPS8;RPL22;RPS6;RPL35A;RPS3A;RPL23A;RPS25;RPS28;RPS27;RPS29;RPL37A;RPL29;RPL28;RPS21;RPS23,PT
Reactome_2022,Influenza Infection R-HSA-168255,44/157,4.3378554469243736e-51,1.1664011312841093e-49,0,0,46.43775811209439,5385.129526982607,RPL30;RPL3;RPL31;RPL34;RPL12;RPLP0;RPL11;RPL36A;RPL10A;RPL8;RPS15;RPS4X;RPS15A;RPL18A;RPS19;RPL36AL;RPS3;RPL35;RPL37;RPL15;RPS2;RPL18;RPS12;RPL19;RPS9;RPL41;RPL21;RPS7;RPS8;RPL22;RPS6;RPL35A;RPS3A;RPL23A;RPS25;RPS28;RPS27;RPS29;RPL37A;RPL29;RPL28;RPS21;RPS23;SLC25A6,PT
Reactome_2022,Metabolism Of Amino Acids And Derivatives R-HSA-71291,57/364,6.486058244289806e-51,1.6522379948611927e-49,0,0,23.799674267100976,2750.3423547599723,RPL30;RPL3;RPL31;RPL34;RPLP0;RPL8;RPL10A;FTCD;RPS15;RPS4X;PSMD9;RPS19;RPL18A;RPL36AL;RPL35;RPL37;RPS12;GAMT;RPS9;RPL21;TSTD1;RPS7;HGD;RPS8;RPL22;RPS6;PIPOX;RPS3A;RPL37A;RPL29;RPL28;HPD;AHCY;RPL12;RPL11;RPL36A;RPS15A;RPS3;ASL;PCBD1;RPS2;RPL15;RPL18;RPL19;MPST;RPL41;RPL35A;RPL23A;SEM1;RPS25;GRHPR;RPS28;PSMC5;RPS27;RPS29;RPS21;RPS23,PT
Reactome_2022,Translation R-HSA-72766,51/281,8.256913611956964e-49,1.998173094093585e-47,0,0,27.45214639515685,3039.3813726105977,RPL30;MRPS15;RPL3;RPL31;RPL34;RPLP0;RPL8;RPL10A;RPS15;EEF1B2;RPS4X;MRPL40;RPS19;RPL18A;RPL36AL;RPL35;RPL37;CHCHD1;RPS12;RPS9;RPL21;RPS7;RPS8;RPL22;RPS6;RPS3A;EEF1G;RPL37A;RPL29;AURKAIP1;RPL28;RPL12;RPL11;RPL36A;RPS15A;RPS3;RPS2;RPL15;RPL18;RPL19;RPL41;RPL35A;RPL23A;MRPL23;RPS25;RPS28;RPS27;RPS29;EIF3I;RPS21;RPS23,PT
Reactome_2022,Signaling By ROBO Receptors R-HSA-376176,46/209,4.597147685840505e-48,1.0595330856889544e-46,0,0,33.982761865331774,3704.075112928309,RPL30;RPL3;RPL31;RPL34;RPL12;RPLP0;RPL11;RPL36A;RPL8;RPL10A;RPS15;RPS4X;PSMD9;RPS15A;RPL18A;RPS19;RPL36AL;RPS3;RPL35;RPL37;RPL15;RPS2;RPL18;RPS12;RPL19;RPL41;RPS9;RPL21;RPS7;RPS8;RPL22;RPS6;RPL35A;RPS3A;RPL23A;SEM1;RPS25;RPS28;PSMC5;RPS27;RPS29;RPL37A;RPL29;RPL28;RPS21;RPS23,PT
Reactome_2022,Major Pathway Of rRNA Processing In Nucleolus And Cytosol R-HSA-6791226,43/179,1.0979581045246871e-46,2.415507829954312e-45,0,0,37.43643692416726,3961.72823656069,RPL30;RPL3;RPL31;RPL34;RPL12;RPLP0;RPL11;RPL36A;RPL10A;RPL8;RPS15;RPS4X;RPS15A;RPL18A;RPS19;RPL36AL;RPS3;RPL35;RPL37;RPL15;RPS2;RPL18;RPS12;RPL19;RPS9;RPL41;RPL21;RPS7;RPS8;RPL22;RPS6;RPL35A;RPS3A;RPL23A;RPS25;RPS28;RPS27;RPS29;RPL37A;RPL29;RPL28;RPS21;RPS23,PT
Reactome_2022,rRNA Processing In Nucleus And Cytosol R-HSA-8868773,43/189,1.4381131294182168e-45,3.0262902375583353e-44,0,0,34.85455520712989,3598.8372932015186,RPL30;RPL3;RPL31;RPL34;RPL12;RPLP0;RPL11;RPL36A;RPL10A;RPL8;RPS15;RPS4X;RPS15A;RPL18A;RPS19;RPL36AL;RPS3;RPL35;RPL37;RPL15;RPS2;RPL18;RPS12;RPL19;RPS9;RPL41;RPL21;RPS7;RPS8;RPL22;RPS6;RPL35A;RPS3A;RPL23A;RPS25;RPS28;RPS27;RPS29;RPL37A;RPL29;RPL28;RPS21;RPS23,PT
Reactome_2022,rRNA Processing R-HSA-72312,43/199,1.6128128127899793e-44,3.2525058391264585e-43,0,0,32.60368396663577,3287.61739335058,RPL30;RPL3;RPL31;RPL34;RPL12;RPLP0;RPL11;RPL36A;RPL8;RPL10A;RPS15;RPS4X;RPS15A;RPL18A;RPS19;RPL36AL;RPS3;RPL35;RPL37;RPL15;RPS2;RPL18;RPS12;RPL19;RPL41;RPS9;RPL21;RPS7;RPS8;RPL22;RPS6;RPL35A;RPS3A;RPL23A;RPS25;RPS28;RPS27;RPS29;RPL37A;RPL29;RPL28;RPS21;RPS23,PT
Reactome_2022,Cellular Responses To Stimuli R-HSA-8953897,63/736,4.8818680945613e-40,9.451296631070675e-39,0,0,12.257872132549004,1109.5565468604427,RPL30;RPL3;RPL31;RPL34;RPLP0;MT1X;RPL8;RPL10A;HERPUD1;RPS15;RPS4X;PSMD9;MT2A;RPS19;RPL18A;RPL36AL;RPL35;RPL37;RPS12;RPS9;ATP6V0E1;RPL21;RPS7;RPS8;RPL22;RPS6;RPS3A;RPL37A;MT1F;MT1G;MT1H;RPL29;RPL28;SQSTM1;MT1E;RPS19BP1;GSTP1;RPL12;RPL11;RPL36A;ANAPC11;RPS15A;RPS3;COX14;RPS2;RPL15;RPL18;RPL19;ATP6V1F;RPL41;RPL35A;RPL23A;FABP1;SEM1;RPS25;RPS28;PSMC5;RPS27;RPS29;LAMTOR2;RPS21;RPS23;LAMTOR5,PT
Reactome_2022,Metabolism R-HSA-1430728,92/2049,9.015516959026793e-37,1.6782731569880645e-35,0,0,7.165721123820255,594.7312152932608,RPL30;RPL3;RPL31;NDUFA12;RPL34;ECI1;ECI2;RPLP0;QPRT;DBI;RPL8;RPL10A;FTCD;KHK;CNDP2;RPS15;RPS4X;PSMD9;RPS19;RPL18A;RPL36AL;GUK1;IMPA2;MPC1;RPL35;RPL37;RPS12;GAMT;MIOX;RPS9;PHYH;RPL21;TSTD1;RPS7;HGD;RPS8;GLRX5;RPL22;RPS6;ACOT13;PIPOX;RPS3A;APRT;GCHFR;RPL37A;SUCLG1;RPL29;AURKAIP1;RPL28;HPD;NDUFB8;AHCY;NDUFB7;NDUFB11;GSTP1;RPL12;RPL11;RPL36A;GLRX;ATP5MC1;HMGCL;APOM;RPS15A;RPS3;ASL;COX14;PCBD1;RPS2;RPL15;PCK1;RPL18;RPL19;MPST;RPL41;ATP5PD;NDUFA6;MDH2;RPL35A;RPL23A;FABP1;SEM1;RPS25;GRHPR;RPS28;FABP3;PSMC5;RPS27;AMACR;RPS29;ATP5PO;RPS21;RPS23,PT
Reactome_2022,Cellular Responses To Stress R-HSA-2262752,57/722,3.946061556688658e-34,7.073680716434482e-33,0,0,10.78533834586466,829.5561879732624,RPL30;RPL3;RPL31;RPL34;RPLP0;RPL8;RPL10A;HERPUD1;RPS15;RPS4X;PSMD9;RPS19;RPL18A;RPL36AL;RPL35;RPL37;RPS12;RPS9;ATP6V0E1;RPL21;RPS7;RPS8;RPL22;RPS6;RPS3A;RPL37A;RPL29;RPL28;SQSTM1;RPS19BP1;GSTP1;RPL12;RPL11;RPL36A;ANAPC11;RPS15A;RPS3;COX14;RPS2;RPL15;RPL18;RPL19;ATP6V1F;RPL41;RPL35A;RPL23A;FABP1;SEM1;RPS25;RPS28;PSMC5;RPS27;RPS29;LAMTOR2;RPS21;RPS23;LAMTOR5,PT
Reactome_2022,Axon Guidance R-HSA-422475,46/519,1.4869668697592094e-29,2.570328446298061e-28,0,0,11.52580448514248,765.062493091451,RPL30;RPL3;RPL31;RPL34;RPL12;RPLP0;RPL11;RPL36A;RPL8;RPL10A;RPS15;RPS4X;PSMD9;RPS15A;RPS19;RPL18A;RPL36AL;RPS3;RPL35;RPL37;RPS2;RPL15;RPL18;RPS12;RPL19;RPL41;RPS9;RPL21;RPS7;RPS8;RPL22;RPS6;RPL35A;RPS3A;RPL23A;SEM1;RPS25;RPS28;PSMC5;RPS27;RPS29;RPL37A;RPL29;RPL28;RPS21;RPS23,PT
Reactome_2022,Nervous System Development R-HSA-9675108,46/545,1.2591128658427056e-28,2.1014159554064468e-27,0,0,10.9105573109409,700.9157522484695,RPL30;RPL3;RPL31;RPL34;RPL12;RPLP0;RPL11;RPL36A;RPL8;RPL10A;RPS15;RPS4X;PSMD9;RPS15A;RPS19;RPL18A;RPL36AL;RPS3;RPL35;RPL37;RPS2;RPL15;RPL18;RPS12;RPL19;RPL41;RPS9;RPL21;RPS7;RPS8;RPL22;RPS6;RPL35A;RPS3A;RPL23A;SEM1;RPS25;RPS28;PSMC5;RPS27;RPS29;RPL37A;RPL29;RPL28;RPS21;RPS23,PT
Reactome_2022,Metabolism Of RNA R-HSA-8953854,47/666,7.572250388490238e-26,1.2216563960097583e-24,0,0,8.9858593111151,519.7665631185456,SF3B5;RPL30;RPL3;RPL31;RPL34;RPL12;RPLP0;RPL11;RPL36A;RPL8;RPL10A;RPS15;RPS4X;PSMD9;RPS15A;RPS19;RPL18A;RPL36AL;RPS3;RPL35;RPL37;RPS2;RPL15;RPL18;RPS12;RPL19;RPL41;RPS9;RPL21;RPS7;RPS8;RPL22;RPS6;RPL35A;RPS3A;RPL23A;SEM1;RPS25;RPS28;PSMC5;RPS27;RPS29;RPL37A;RPL29;RPL28;RPS21;RPS23,PT
Reactome_2022,"Formation Of Ternary Complex, And Subsequently, 43S Complex R-HSA-72695",19/50,2.294508766037388e-25,3.582394331490631e-24,0,0,63.74193548387097,3616.341886900298,RPS9;RPS7;RPS8;RPS6;RPS3A;RPS15;RPS4X;RPS25;RPS28;RPS15A;RPS27;RPS19;RPS29;EIF3I;RPS3;RPS2;RPS21;RPS12;RPS23,PT
Reactome_2022,SARS-CoV-2 Modulates Host Translation Machinery R-HSA-9754678,18/47,3.671144583916733e-24,5.552606183174059e-23,0,0,64.22025636396461,3465.423851849375,RPS9;RPS7;RPS8;RPS6;RPS3A;RPS15;RPS4X;RPS25;RPS28;RPS15A;RPS27;RPS19;RPS29;RPS3;RPS2;RPS21;RPS12;RPS23,PT
Reactome_2022,Ribosomal Scanning And Start Codon Recognition R-HSA-72702,19/57,4.51146067564297e-24,6.422196961797639e-23,0,0,51.98157894736842,2794.2916738633007,RPS9;RPS7;RPS8;RPS6;RPS3A;RPS15;RPS4X;RPS25;RPS28;RPS15A;RPS27;RPS19;RPS29;EIF3I;RPS3;RPS2;RPS21;RPS12;RPS23,PT
Reactome_2022,Translation Initiation Complex Formation R-HSA-72649,19/57,4.51146067564297e-24,6.422196961797639e-23,0,0,51.98157894736842,2794.2916738633007,RPS9;RPS7;RPS8;RPS6;RPS3A;RPS15;RPS4X;RPS25;RPS28;RPS15A;RPS27;RPS19;RPS29;EIF3I;RPS3;RPS2;RPS21;RPS12;RPS23,PT
Reactome_2022,"mRNA Activation Upon Binding Of Cap-Binding Complex And eIFs, Subsequent Binding To 43S R-HSA-72662",19/58,6.648817285283869e-24,9.194364474506834e-23,0,0,50.64615384615384,2702.863844338861,RPS9;RPS7;RPS8;RPS6;RPS3A;RPS15;RPS4X;RPS25;RPS28;RPS15A;RPS27;RPS19;RPS29;EIF3I;RPS3;RPS2;RPS21;RPS12;RPS23,PT
Reactome_2022,Infectious Disease R-HSA-5663205,51/961,2.006567991146276e-22,2.6977191880966597e-21,0,0,6.697252747252747,334.59773590361294,RPL30;RPL3;RPL31;RPL34;RPLP0;RPL8;RPL10A;RPS15;RPS4X;PSMD9;RPS19;RPL18A;RPL36AL;RPL35;RPL37;B2M;RPS12;RPS9;RPL21;RPS7;RPS8;RPL22;RPS6;RPS3A;RPL37A;RPL29;RPL28;VPS28;SLC25A6;RPL12;RPL11;RPL36A;RPS15A;RPS3;RPS2;RPL15;RPL18;AP1M2;RPL19;RPL41;NPM1;RPL35A;RPL23A;SEM1;RPS25;RPS28;PSMC5;RPS27;RPS29;RPS21;RPS23,PT
Reactome_2022,Metabolism Of Proteins R-HSA-392499,66/1890,2.6906768272635976e-19,3.519696174042112e-18,0,0,4.546305668016195,194.39695704479723,RPL30;MRPS15;RPL3;RPL31;RPL34;RPLP0;RPL8;RPL10A;TOMM20;RPS15;EEF1B2;RPS4X;PSMD9;MRPL40;RPS19;RPL18A;RPL36AL;RPL35;CTSH;RPL37;B2M;CHCHD1;RPS12;RPS9;RPL21;RPS7;RPS8;RPL22;RPS6;RPS3A;COMMD6;EEF1G;RPL37A;RPL29;AURKAIP1;RPL28;SQSTM1;RPL12;RPL11;RPL36A;PLG;THY1;RNF7;CST3;RPS15A;RPS3;RPS2;RPL15;RPL18;RPL19;RPL41;NPM1;TRAPPC1;RPL35A;RPL23A;MRPL23;SEM1;RPS25;RPS28;PSMC5;RPS27;RPS29;EIF3I;RPS21;RPS23;MSRB1,PT
Reactome_2022,Developmental Biology R-HSA-1266738,47/1073,2.6748681551134428e-17,3.4069373344076484e-16,0,0,5.306205328135153,202.48504200486036,RPL30;RPL3;RPL31;RPL34;RPL12;RPLP0;RPL11;RPL36A;RPL8;RPL10A;RPS15;RPS4X;PSMD9;RPS15A;RPS19;RPL18A;RPL36AL;RPS3;RPL35;RPL37;RPS2;RPL15;PCK1;RPL18;RPS12;RPL19;RPL41;RPS9;RPL21;RPS7;RPS8;RPL22;RPS6;RPL35A;RPS3A;RPL23A;SEM1;RPS25;RPS28;PSMC5;RPS27;RPS29;RPL37A;RPL29;RPL28;RPS21;RPS23,PT
Reactome_2022,Disease R-HSA-1643685,59/1736,1.4072803693392007e-16,1.7464710224619826e-15,0,0,4.248562909958259,155.07128210519102,RPL30;RPL3;RPL31;RPL34;RPLP0;RPL8;RPL10A;KHK;RPS15;RPS4X;PSMD9;RPS19;RPL18A;RPL36AL;RPL35;RPL37;B2M;SLC39A4;RPS12;SLC6A19;RPS9;RPL21;RPS7;RPS8;RPL22;RPS6;RPS3A;APRT;EEF1G;RPL37A;RPL29;RPL28;SQSTM1;VPS28;SLC25A6;AHCY;RPL12;RPL11;RPL36A;ANAPC11;RPS15A;RPS3;RPS2;RPL15;RPL18;AP1M2;RPL19;RPL41;NPM1;RPL35A;RPL23A;SEM1;RPS25;RPS28;PSMC5;RPS27;RPS29;RPS21;RPS23,PT
Reactome_2022,SARS-CoV-2-host Interactions R-HSA-9705683,19/196,2.38655260861712e-13,2.887728656426715e-12,0,0,11.08135593220339,322.06582836962684,RPS9;RPS7;RPS8;RPS6;RPS3A;RPS15;RPS4X;RPS25;RPS28;RPS27;RPS15A;RPS19;RPS29;RPS3;RPS2;B2M;RPS21;RPS12;RPS23,PT
Reactome_2022,SARS-CoV-2 Infection R-HSA-9694516,19/283,1.5397029644974394e-10,1.8176005727238066e-09,0,0,7.396590909090909,167.12050855995386,RPS9;RPS7;RPS8;RPS6;RPS3A;RPS15;RPS4X;RPS25;RPS28;RPS27;RPS15A;RPS19;RPS29;RPS3;RPS2;B2M;RPS21;RPS12;RPS23,PT
Reactome_2022,Metallothioneins Bind Metals R-HSA-5661231,6/11,5.359808958771902e-10,6.176541752489525e-09,0,0,116.9615763546798,2496.769717326469,MT2A;MT1F;MT1G;MT1H;MT1X;MT1E,PT
Reactome_2022,Response To Metal Ions R-HSA-5660526,6/14,3.3939046076767236e-09,3.8201158839896155e-08,0,0,73.08990147783251,1425.34698301973,MT2A;MT1F;MT1G;MT1X;MT1H;MT1E,PT
Reactome_2022,SARS-CoV Infections R-HSA-9679506,19/369,1.257493621561122e-08,1.3832429837172346e-07,0,0,5.554571428571428,101.0463204907897,RPS9;RPS7;RPS8;RPS6;RPS3A;RPS15;RPS4X;RPS25;RPS28;RPS27;RPS15A;RPS19;RPS29;RPS3;RPS2;B2M;RPS21;RPS12;RPS23,PT
Reactome_2022,Protein Localization R-HSA-9609507,13/164,1.8692800433023737e-08,2.0105145354629977e-07,0,0,8.626841465062846,153.51574285103246,FIS1;PHYH;NDUFB8;ECI2;PIPOX;CHCHD10;TOMM20;TOMM22;ATP5MC1;HMGCL;AMACR;GET3;SLC25A6,PT
Reactome_2022,Citric Acid (TCA) Cycle And Respiratory Electron Transport R-HSA-1428517,12/163,1.5066542794020778e-07,1.5852623287621863e-06,0,0,7.92281574612566,124.45320732124443,NDUFB8;NDUFB7;ATP5PD;NDUFA6;NDUFA12;MPC1;NDUFB11;MDH2;ATP5PO;SUCLG1;COX14;ATP5MC1,PT
Reactome_2022,"Respiratory Electron Transport, ATP Synthesis By Chemiosmotic Coupling, Heat Production By Uncoupling Proteins R-HSA-163200",9/112,2.7123871387007086e-06,2.7931816492151976e-05,0,0,8.601553398058252,110.25197141268649,NDUFB8;NDUFB7;ATP5PD;NDUFA6;NDUFA12;NDUFB11;ATP5PO;COX14;ATP5MC1,PT
Reactome_2022,Mitochondrial Protein Import R-HSA-1268020,6/65,5.991211143170781e-05,0.0006041137902697205,0,0,9.884946146781331,96.10769252984257,NDUFB8;CHCHD10;TOMM20;TOMM22;SLC25A6;ATP5MC1,PT
Reactome_2022,Phenylalanine And Tyrosine Metabolism R-HSA-8963691,3/11,0.0001744701061939133,0.0017233373754664,0,0,36.0127427184466,311.6455295102168,HGD;PCBD1;HPD,PT
Reactome_2022,Complex I Biogenesis R-HSA-6799198,5/51,0.00018878809868323385,0.0018274687952537,0,0,10.520566922421144,90.2126551018065,NDUFB8;NDUFB7;NDUFA6;NDUFA12;NDUFB11,PT
Reactome_2022,Respiratory Electron Transport R-HSA-611105,6/90,0.0003638237787035479,0.0034527589978924,0,0,6.934201266713582,54.91083682153899,NDUFB8;NDUFB7;NDUFA6;NDUFA12;NDUFB11;COX14,PT
Reactome_2022,Host Interactions Of HIV Factors R-HSA-162909,7/130,0.0004392969349506437,0.0040888407022329,0,0,5.541173629558077,42.83512836170095,SEM1;PSMD9;NPM1;PSMC5;B2M;AP1M2;SLC25A6,PT
Reactome_2022,Peroxisomal Protein Import R-HSA-9033241,5/63,0.000510461377658312,0.0046615718261626,0,0,8.338826910074374,63.209938878883456,HMGCL;PHYH;AMACR;ECI2;PIPOX,PT
Reactome_2022,Formation Of ATP By Chemiosmotic Coupling R-HSA-163210,3/16,0.0005697291543961944,0.0051064613097732,0,0,22.156086631814787,165.51371019983898,ATP5PD;ATP5PO;ATP5MC1,PT
Reactome_2022,Abacavir Metabolism R-HSA-2161541,2/5,0.0010645032704783,0.0092003496948483,0,0,63.729468599033815,436.243953823342,GUK1;PCK1,PT
Reactome_2022,Tyrosine Catabolism R-HSA-8963684,2/5,0.0010645032704783,0.0092003496948483,0,0,63.729468599033815,436.243953823342,HGD;HPD,PT
Reactome_2022,Neutrophil Degranulation R-HSA-6798695,13/468,0.0013416344175392,0.0113921238261227,0,0,2.81865889212828,18.64223416750718,CSTB;CD63;TRAPPC1;GSTP1;APRT;CST3;FTH1;TOLLIP;CTSH;LAMTOR2;B2M;NIT2;FTL,PT
Reactome_2022,PINK1-PRKN Mediated Mitophagy R-HSA-5205685,3/22,0.0014960499019418,0.0124842784920664,0,0,15.154828819621873,98.58105582190318,TOMM20;SQSTM1;TOMM22,PT
Reactome_2022,Mitochondrial Translation Elongation R-HSA-5389840,5/82,0.0016888490982757,0.0134000485830402,0,0,6.275146422205245,40.05870234742043,MRPS15;MRPL40;AURKAIP1;MRPL23;CHCHD1,PT
Reactome_2022,Mitochondrial Translation Initiation R-HSA-5368286,5/82,0.0016888490982757,0.0134000485830402,0,0,6.275146422205245,40.05870234742043,MRPS15;MRPL40;AURKAIP1;MRPL23;CHCHD1,PT
Reactome_2022,Mitochondrial Translation Termination R-HSA-5419276,5/82,0.0016888490982757,0.0134000485830402,0,0,6.275146422205245,40.05870234742043,MRPS15;MRPL40;AURKAIP1;MRPL23;CHCHD1,PT
Reactome_2022,mTORC1-mediated Signaling R-HSA-166208,3/24,0.0019362615305043,0.0151153319478082,0,0,13.71012482662968,85.64709784677268,RPS6;LAMTOR2;LAMTOR5,PT
Reactome_2022,Autophagy R-HSA-9612973,6/128,0.0022858888898722,0.0174376996606237,0,0,4.7651619155293545,28.97695113030809,LAMTOR2;TOMM20;SQSTM1;VPS28;TOMM22;LAMTOR5,PT
Reactome_2022,Mitochondrial Translation R-HSA-5368287,5/88,0.0023058115253717,0.0174376996606237,0,0,5.8197495865816204,35.33939689875548,MRPS15;MRPL40;AURKAIP1;MRPL23;CHCHD1,PT
Reactome_2022,Sulfur Amino Acid Metabolism R-HSA-1614635,3/26,0.0024494110682986,0.0182386916470238,0,0,12.51667370198396,75.2490865518348,MPST;AHCY;TSTD1,PT
Reactome_2022,Amino Acids Regulate mTORC1 R-HSA-9639288,4/55,0.0026055836708294,0.0188224253236036,0,0,7.5523672883787665,44.9373298100537,ATP6V0E1;LAMTOR2;ATP6V1F;LAMTOR5,PT
Reactome_2022,Signaling By ALK Fusions And Activated Point Mutants R-HSA-9725370,4/55,0.0026055836708294,0.0188224253236036,0,0,7.5523672883787665,44.9373298100537,EEF1G;NPM1;RPS6;SQSTM1,PT
Reactome_2022,HIV Infection R-HSA-162906,8/229,0.0028865001355427,0.0205450892000394,0,0,3.524459152202787,20.6100169198206,SEM1;PSMD9;NPM1;PSMC5;B2M;VPS28;AP1M2;SLC25A6,PT
Reactome_2022,Mitophagy R-HSA-5205647,3/28,0.0030393012702475,0.0213191567362292,0,0,11.514174757281554,66.73762650830483,TOMM20;SQSTM1;TOMM22,PT
Reactome_2022,Cellular Response To Chemical Stress R-HSA-9711123,7/182,0.0030850787449161,0.0213311158934203,0,0,3.884356435643564,22.456156346124853,SEM1;FABP1;PSMD9;PSMC5;GSTP1;COX14;SQSTM1,PT
Reactome_2022,Peroxisomal Lipid Metabolism R-HSA-390918,3/29,0.0033641216784624,0.0223188006527236,0,0,11.070761762509337,63.04343114393392,PHYH;AMACR;ECI2,PT
Reactome_2022,Cristae Formation R-HSA-8949613,3/29,0.0033641216784624,0.0223188006527236,0,0,11.070761762509337,63.04343114393392,ATP5PD;ATP5PO;ATP5MC1,PT
Reactome_2022,Iron Uptake And Transport R-HSA-917937,4/59,0.0033662653877041,0.0223188006527236,0,0,7.001685144124169,39.8672545273942,ATP6V0E1;FTH1;FTL;ATP6V1F,PT
Reactome_2022,PTEN Regulation R-HSA-6807070,6/139,0.0034445561674165,0.0225292592571565,0,0,4.368606244675728,24.77419221579833,SEM1;PSMD9;PSMC5;LAMTOR2;STUB1;LAMTOR5,PT
Reactome_2022,rRNA Modification In Nucleus And Cytosol R-HSA-6790901,4/60,0.0035776565203523,0.0230878100780072,0,0,6.876306620209059,38.73456041459978,RPS9;RPS7;RPS6;RPS2,PT
Reactome_2022,Autodegradation Of Cdh1 By Cdh1:APC/C R-HSA-174084,4/63,0.0042655438020014,0.027164778949588,0,0,6.525671765192228,35.611802005385314,SEM1;PSMD9;PSMC5;ANAPC11,PT
Reactome_2022,Abacavir ADME R-HSA-2161522,2/10,0.0046279580105207,0.028717072783231,0,0,23.89251207729469,128.43753269506544,GUK1;PCK1,PT
Reactome_2022,Nef Mediated Downregulation Of MHC Class I Complex Cell Surface Expression R-HSA-164940,2/10,0.0046279580105207,0.028717072783231,0,0,23.89251207729469,128.43753269506544,B2M;AP1M2,PT
Reactome_2022,APC/C:Cdc20 Mediated Degradation Of Securin R-HSA-174154,4/67,0.0053143292880245,0.0317953286334055,0,0,6.1101045296167245,32.000746594040535,SEM1;PSMD9;PSMC5;ANAPC11,PT
Reactome_2022,Regulation Of PTEN Stability And Activity R-HSA-8948751,4/67,0.0053143292880245,0.0317953286334055,0,0,6.1101045296167245,32.000746594040535,SEM1;PSMD9;PSMC5;STUB1,PT
Reactome_2022,Interleukin-1 Family Signaling R-HSA-446652,6/152,0.0053211190481525,0.0317953286334055,0,0,3.976989000607329,20.823799359839352,SIGIRR;SEM1;PSMD9;PSMC5;TOLLIP;SQSTM1,PT
Reactome_2022,Mitochondrial Fatty Acid Beta-Oxidation R-HSA-77289,3/36,0.0062310615280932,0.0367784607267941,0,0,8.719329214474845,44.27857234992769,ECI1;ACOT13;DBI,PT
Reactome_2022,CDK-mediated Phosphorylation And Removal Of Cdc6 R-HSA-69017,4/72,0.006851276034531,0.0386851778155949,0,0,5.659397417503587,28.20259038527618,SEM1;PSMD9;PSMC5;ANAPC11,PT
Reactome_2022,Cdc20:Phospho-APC/C Mediated Degradation Of Cyclin A R-HSA-174184,4/72,0.006851276034531,0.0386851778155949,0,0,5.659397417503587,28.20259038527618,SEM1;PSMD9;PSMC5;ANAPC11,PT
Reactome_2022,Regulation Of RUNX2 Expression And Activity R-HSA-8939902,4/72,0.006851276034531,0.0386851778155949,0,0,5.659397417503587,28.20259038527618,SEM1;PSMD9;PSMC5;STUB1,PT
Reactome_2022,Interleukin-1 Signaling R-HSA-9020702,5/114,0.0069537406404065,0.0386851778155949,0,0,4.42570606224141,21.98901232877732,SEM1;PSMD9;PSMC5;TOLLIP;SQSTM1,PT
Reactome_2022,Macroautophagy R-HSA-1632852,5/114,0.0069537406404065,0.0386851778155949,0,0,4.42570606224141,21.98901232877732,LAMTOR2;TOMM20;SQSTM1;TOMM22;LAMTOR5,PT
Reactome_2022,APC/C:Cdh1 Mediated Degradation Of Cdc20 And APC/C:Cdh1 Targets In Late Mitosis/Early G1 R-HSA-174178,4/73,0.0071903231566005,0.0391024315482545,0,0,5.5770943796394485,27.52306763723527,SEM1;PSMD9;PSMC5;ANAPC11,PT
Reactome_2022,APC:Cdc20 Mediated Degradation Of Cell Cycle Proteins Before Cycle Checkpoint Satisfied R-HSA-179419,4/73,0.0071903231566005,0.0391024315482545,0,0,5.5770943796394485,27.52306763723527,SEM1;PSMD9;PSMC5;ANAPC11,PT
Reactome_2022,Degradation Of Cysteine And Homocysteine R-HSA-1614558,2/13,0.0078581219817625,0.042024165637894,0,0,17.373737373737374,84.19673870402127,MPST;TSTD1,PT
Reactome_2022,APC/C:Cdc20 Mediated Degradation Of Mitotic Proteins R-HSA-176409,4/75,0.0079012377542321,0.042024165637894,0,0,5.41944349020955,26.234094411951908,SEM1;PSMD9;PSMC5;ANAPC11,PT
Reactome_2022,Activation Of APC/C And APC/C:Cdc20 Mediated Degradation Of Mitotic Proteins R-HSA-176814,4/76,0.0082733840207943,0.0435251941963527,0,0,5.34390243902439,25.62247134116316,SEM1;PSMD9;PSMC5;ANAPC11,PT
Reactome_2022,MTOR Signaling R-HSA-165159,3/41,0.0089551540838586,0.0463882597561776,0,0,7.570132856412877,35.69715858914841,RPS6;LAMTOR2;LAMTOR5,PT
Reactome_2022,Nuclear Events Mediated By NFE2L2 R-HSA-9759194,4/78,0.0090517311612471,0.0463882597561776,0,0,5.198945286750165,24.459993891237826,SEM1;PSMD9;PSMC5;SQSTM1,PT
Reactome_2022,"Synthesis Of IP2, IP, And Ins In Cytosol R-HSA-1855183",2/14,0.0091051336298282,0.0463882597561776,0,0,15.92512077294686,74.83081896538097,MIOX;IMPA2,PT
Reactome_2022,Fatty Acid Metabolism R-HSA-8978868,6/173,0.0097931093113529,0.0492799545927755,0,0,3.4731718828353144,16.067158036154794,PHYH;AMACR;ECI1;ECI2;ACOT13;DBI,PT
Reactome_2022,Regulation Of APC/C Activators Between G1/S And Early Anaphase R-HSA-176408,4/80,0.0098763545361554,0.0492799545927755,0,0,5.061617458279846,23.372584549934103,SEM1;PSMD9;PSMC5;ANAPC11,PT
Reactome_2022,Innate Immune System R-HSA-168249,19/1035,0.0123942736263923,0.061212535052795,0,0,1.8479330708661417,8.113388431930257,CSTB;CD63;ATP6V0E1;TRAPPC1;GSTP1;APRT;SIGIRR;CST3;SEM1;PSMD9;PSMC5;FTH1;TOLLIP;CTSH;LAMTOR2;B2M;NIT2;FTL;ATP6V1F,PT
Reactome_2022,APC/C-mediated Degradation Of Cell Cycle Proteins R-HSA-174143,4/87,0.0131410587865836,0.0642451762899647,0,0,4.633088451366441,20.07060260666896,SEM1;PSMD9;PSMC5;ANAPC11,PT
Reactome_2022,Cross-presentation Of Soluble Exogenous Antigens (Endosomes) R-HSA-1236978,3/48,0.0137774092766806,0.0666826608991342,0,0,6.390291262135922,27.380640965352573,SEM1;PSMD9;PSMC5,PT
Reactome_2022,ER-Phagosome Pathway R-HSA-1236974,4/89,0.0141857004462236,0.067979000158141,0,0,4.523615494978479,19.250339977463955,SEM1;PSMD9;PSMC5;B2M,PT
Reactome_2022,Regulation Of Activated PAK-2p34 By Proteasome Mediated Degradation R-HSA-211733,3/49,0.0145651077654698,0.0691128642988961,0,0,6.251055297593921,26.436503547411284,SEM1;PSMD9;PSMC5,PT
Reactome_2022,Switching Of Origins To A Post-Replicative State R-HSA-69052,4/90,0.0147271860581067,0.0692034762342102,0,0,4.4707884288145205,18.85805429386979,SEM1;PSMD9;PSMC5;ANAPC11,PT
Reactome_2022,Regulation Of Ornithine Decarboxylase (ODC) R-HSA-350562,3/50,0.0153778461568471,0.0715661301914807,0,0,6.117744267713283,25.54052619027468,SEM1;PSMD9;PSMC5,PT
Reactome_2022,Autodegradation Of E3 Ubiquitin Ligase COP1 R-HSA-349425,3/51,0.0162157069167612,0.0720036894285545,0,0,5.98998786407767,24.68938189124124,SEM1;PSMD9;PSMC5,PT
Reactome_2022,GSK3B And BTRC:CUL1-mediated-degradation Of NFE2L2 R-HSA-9762114,3/51,0.0162157069167612,0.0720036894285545,0,0,5.98998786407767,24.68938189124124,SEM1;PSMD9;PSMC5,PT
Reactome_2022,Ubiquitin Mediated Degradation Of Phosphorylated Cdc25A R-HSA-69601,3/51,0.0162157069167612,0.0720036894285545,0,0,5.98998786407767,24.68938189124124,SEM1;PSMD9;PSMC5,PT
Reactome_2022,Ubiquitin-dependent Degradation Of Cyclin D R-HSA-75815,3/51,0.0162157069167612,0.0720036894285545,0,0,5.98998786407767,24.68938189124124,SEM1;PSMD9;PSMC5,PT
Reactome_2022,Vpu Mediated Degradation Of CD4 R-HSA-180534,3/51,0.0162157069167612,0.0720036894285545,0,0,5.98998786407767,24.68938189124124,SEM1;PSMD9;PSMC5,PT
Reactome_2022,Scavenging By Class A Receptors R-HSA-3000480,2/19,0.0165341890248704,0.0720950224147505,0,0,11.238420005683432,46.1036511219239,FTH1;FTL,PT
Reactome_2022,Nuclear Events Stimulated By ALK Signaling In Cancer R-HSA-9725371,2/19,0.0165341890248704,0.0720950224147505,0,0,11.238420005683432,46.1036511219239,NPM1;RPS6,PT
Reactome_2022,Regulation Of Apoptosis R-HSA-169911,3/52,0.0170787610344331,0.0738046458988002,0,0,5.867446007529225,23.88003369703644,SEM1;PSMD9;PSMC5,PT
Reactome_2022,Drug ADME R-HSA-9748784,4/95,0.0176299806767881,0.0749036720085052,0,0,4.224068614312516,17.057441170454055,GUK1;GSTP1;PCK1;CNDP2,PT
Reactome_2022,Vif-mediated Degradation Of APOBEC3G R-HSA-180585,3/53,0.0179670683081206,0.0749036720085052,0,0,5.749805825242719,23.10970429720053,SEM1;PSMD9;PSMC5,PT
Reactome_2022,Negative Regulation Of NOTCH4 Signaling R-HSA-9604323,3/53,0.0179670683081206,0.0749036720085052,0,0,5.749805825242719,23.10970429720053,SEM1;PSMD9;PSMC5,PT
Reactome_2022,Nef-mediated Downmodulation Of Cell Surface Receptors By Recruitment To Clathrin Adapters R-HSA-164938,2/20,0.0182463672387128,0.0749036720085052,0,0,10.61352657004831,42.49432384239223,B2M;AP1M2,PT
Reactome_2022,AUF1 (hnRNP D0) Binds And Destabilizes mRNA R-HSA-450408,3/54,0.0188806776550364,0.0749036720085052,0,0,5.636778983438036,22.375849315952102,SEM1;PSMD9;PSMC5,PT
Reactome_2022,Pyruvate Metabolism And Citric Acid (TCA) Cycle R-HSA-71406,3/54,0.0188806776550364,0.0749036720085052,0,0,5.636778983438036,22.375849315952102,MPC1;MDH2;SUCLG1,PT
Reactome_2022,Regulation Of RUNX3 Expression And Activity R-HSA-8941858,3/54,0.0188806776550364,0.0749036720085052,0,0,5.636778983438036,22.375849315952102,SEM1;PSMD9;PSMC5,PT
Reactome_2022,SCF-beta-TrCP Mediated Degradation Of Emi1 R-HSA-174113,3/54,0.0188806776550364,0.0749036720085052,0,0,5.636778983438036,22.375849315952102,SEM1;PSMD9;PSMC5,PT
Reactome_2022,Degradation Of AXIN R-HSA-4641257,3/54,0.0188806776550364,0.0749036720085052,0,0,5.636778983438036,22.375849315952102,SEM1;PSMD9;PSMC5,PT
Reactome_2022,FBXL7 Down-Regulates AURKA During Mitotic Entry And In Early Mitosis R-HSA-8854050,3/54,0.0188806776550364,0.0749036720085052,0,0,5.636778983438036,22.375849315952102,SEM1;PSMD9;PSMC5,PT
Reactome_2022,Degradation Of DVL R-HSA-4641258,3/55,0.0198196273862983,0.0767415972397473,0,0,5.5280993278566095,21.676133809905032,SEM1;PSMD9;PSMC5,PT
Reactome_2022,Golgi Associated Vesicle Biogenesis R-HSA-432722,3/55,0.0198196273862983,0.0767415972397473,0,0,5.5280993278566095,21.676133809905032,FTH1;AP1M2;FTL,PT
Reactome_2022,Hh Mutants Are Degraded By ERAD R-HSA-5362768,3/55,0.0198196273862983,0.0767415972397473,0,0,5.5280993278566095,21.676133809905032,SEM1;PSMD9;PSMC5,PT
Reactome_2022,Citric Acid Cycle (TCA Cycle) R-HSA-71403,2/21,0.020029988143284,0.0769405893757896,0,0,10.05441139079583,39.31802430134941,MDH2;SUCLG1,PT
Reactome_2022,Stabilization Of P53 R-HSA-69541,3/56,0.0207839455008573,0.0788996738741702,0,0,5.423520791353728,21.008411518842752,SEM1;PSMD9;PSMC5,PT
Reactome_2022,KEAP1-NFE2L2 Pathway R-HSA-9755511,4/100,0.020866029454326,0.0788996738741702,0,0,4.003048780487805,15.490328970431316,SEM1;PSMD9;PSMC5;SQSTM1,PT
Reactome_2022,Hh Mutants Abrogate Ligand Secretion R-HSA-5387390,3/58,0.0227887489439333,0.0835750197387977,0,0,5.22577228596646,19.76119692605452,SEM1;PSMD9;PSMC5,PT
Reactome_2022,Metabolism Of Polyamines R-HSA-351202,3/58,0.0227887489439333,0.0835750197387977,0,0,5.22577228596646,19.76119692605452,SEM1;PSMD9;PSMC5,PT
Reactome_2022,NIK To Noncanonical NF-kB Signaling R-HSA-5676590,3/58,0.0227887489439333,0.0835750197387977,0,0,5.22577228596646,19.76119692605452,SEM1;PSMD9;PSMC5,PT
Reactome_2022,Antigen processing-Cross Presentation R-HSA-1236975,4/104,0.0237008888992819,0.0835750197387977,0,0,3.8421463414634154,14.37824419567038,SEM1;PSMD9;PSMC5;B2M,PT
Reactome_2022,Triglyceride Catabolism R-HSA-163560,2/23,0.0238049243614343,0.0835750197387977,0,0,9.095928226363007,33.99933187399019,FABP1;FABP3,PT
Reactome_2022,SCF(Skp2)-mediated Degradation Of P27/P21 R-HSA-187577,3/59,0.0238292411651944,0.0835750197387977,0,0,5.132194868238558,19.178200473890712,SEM1;PSMD9;PSMC5,PT
Reactome_2022,Degradation Of GLI1 By Proteasome R-HSA-5610780,3/59,0.0238292411651944,0.0835750197387977,0,0,5.132194868238558,19.178200473890712,SEM1;PSMD9;PSMC5,PT
Reactome_2022,Degradation Of GLI2 By Proteasome R-HSA-5610783,3/59,0.0238292411651944,0.0835750197387977,0,0,5.132194868238558,19.178200473890712,SEM1;PSMD9;PSMC5,PT
Reactome_2022,GLI3 Is Processed To GLI3R By Proteasome R-HSA-5610785,3/59,0.0238292411651944,0.0835750197387977,0,0,5.132194868238558,19.178200473890712,SEM1;PSMD9;PSMC5,PT
Reactome_2022,Role Of GTSE1 In G2/M Progression After G2 Checkpoint R-HSA-8852276,3/59,0.0238292411651944,0.0835750197387977,0,0,5.132194868238558,19.178200473890712,SEM1;PSMD9;PSMC5,PT
Reactome_2022,Defective CFTR Causes Cystic Fibrosis R-HSA-5678895,3/60,0.0248951160735493,0.0866851523712078,0,0,5.041900868676546,18.620161594330632,SEM1;PSMD9;PSMC5,PT
Reactome_2022,Dectin-1 Mediated Noncanonical NF-kB Signaling R-HSA-5607761,3/61,0.025986354156556,0.0892013858991002,0,0,4.954720455306328,18.085639937510845,SEM1;PSMD9;PSMC5,PT
Reactome_2022,Selective Autophagy R-HSA-9663891,3/61,0.025986354156556,0.0892013858991002,0,0,4.954720455306328,18.085639937510845,TOMM20;SQSTM1;TOMM22,PT
Reactome_2022,Asymmetric Localization Of PCP Proteins R-HSA-4608870,3/62,0.0271029271626547,0.0923789911741188,0,0,4.870495310185947,17.57330009246608,SEM1;PSMD9;PSMC5,PT
Reactome_2022,Assembly Of Pre-Replicative Complex R-HSA-68867,4/110,0.02837188085529,0.0960279044332894,0,0,3.6235618959963194,12.9084201249919,SEM1;PSMD9;PSMC5;ANAPC11,PT
Reactome_2022,Oxygen-dependent Proline Hydroxylation Of Hypoxia-inducible Factor Alpha R-HSA-1234176,3/64,0.029411922822265,0.0981749699722502,0,0,4.71032946044883,16.610294544802674,SEM1;PSMD9;PSMC5,PT
Reactome_2022,Hedgehog Ligand Biogenesis R-HSA-5358346,3/64,0.029411922822265,0.0981749699722502,0,0,4.71032946044883,16.610294544802674,SEM1;PSMD9;PSMC5,PT
Reactome_2022,Insulin Receptor Recycling R-HSA-77387,2/26,0.0299623817623896,0.0993273477602507,0,0,7.957729468599034,27.9142238995953,ATP6V0E1;ATP6V1F,PT
Reactome_2022,Regulation Of RAS By GAPs R-HSA-5658442,3/65,0.0306042475532198,0.1000841609172866,0,0,4.634121515815847,16.157404404399074,SEM1;PSMD9;PSMC5,PT
Reactome_2022,p53-Dependent G1 DNA Damage Response R-HSA-69563,3/65,0.0306042475532198,0.1000841609172866,0,0,4.634121515815847,16.157404404399074,SEM1;PSMD9;PSMC5,PT
Reactome_2022,Activation Of NF-kappaB In B Cells R-HSA-1169091,3/66,0.0318217118491041,0.1033671713756133,0,0,4.560332871012482,15.7222330641286,SEM1;PSMD9;PSMC5,PT
Reactome_2022,Role Of Nef In HIV-1 Replication And Disease Pathogenesis R-HSA-164952,2/27,0.0321406136873985,0.1037070468313392,0,0,7.639033816425121,26.260208674105694,B2M;AP1M2,PT
Reactome_2022,G1/S DNA Damage Checkpoints R-HSA-69615,3/67,0.0330642474409046,0.1058914201740374,0,0,4.488850121359223,15.303848919917348,SEM1;PSMD9;PSMC5,PT
Reactome_2022,Separation Of Sister Chromatids R-HSA-2467813,5/170,0.0332551567488712,0.1058914201740374,0,0,2.915329768270945,9.92245732056877,SEM1;PSMD9;PSMC5;RPS27;ANAPC11,PT
Reactome_2022,Paracetamol ADME R-HSA-9753281,2/28,0.0343791806352991,0.108048853425226,0,0,7.344853214418432,24.754388989921733,GSTP1;CNDP2,PT
Reactome_2022,Interconversion Of Nucleotide Di- And Triphosphates R-HSA-499943,2/28,0.0343791806352991,0.108048853425226,0,0,7.344853214418432,24.754388989921733,GUK1;GLRX,PT
Reactome_2022,Transport Of Small Molecules R-HSA-382551,13/706,0.0347854578492731,0.1086203974132142,0,0,1.827855817651736,6.138955862914401,SLC6A19;SLC22A6;ATP6V0E1;SEM1;PSMD9;PSMC5;SMDT1;FTH1;ANGPTL3;SLC39A4;FTL;ATP6V1F;SLC25A6,PT
Reactome_2022,Orc1 Removal From Chromatin R-HSA-68949,3/69,0.0356242231454558,0.1105264359128244,0,0,4.352383053839365,14.514019934585871,SEM1;PSMD9;PSMC5,PT
Reactome_2022,Synthesis Of DNA R-HSA-69239,4/119,0.0363378672151774,0.1113134666591511,0,0,3.3384517497348885,11.0666167040217,SEM1;PSMD9;PSMC5;ANAPC11,PT
Reactome_2022,Transcriptional Regulation By RUNX2 R-HSA-8878166,4/119,0.0363378672151774,0.1113134666591511,0,0,3.3384517497348885,11.0666167040217,SEM1;PSMD9;PSMC5;STUB1,PT
Reactome_2022,Energy Dependent Regulation Of mTOR By LKB1-AMPK R-HSA-380972,2/29,0.0366765968201792,0.1116444834023065,0,0,7.072463768115942,23.378852334545964,LAMTOR2;LAMTOR5,PT
Reactome_2022,Disorders Of Transmembrane Transporters R-HSA-5619115,5/176,0.0377338725773329,0.114144964546432,0,0,2.81217750257998,9.216059987255864,SEM1;PSMD9;SLC6A19;PSMC5;SLC39A4,PT
Reactome_2022,trans-Golgi Network Vesicle Budding R-HSA-199992,3/71,0.0382834862540607,0.1150882443910893,0,0,4.2239434608794975,13.781615112319283,FTH1;AP1M2;FTL,PT
Reactome_2022,Neddylation R-HSA-8951664,6/237,0.0386463602105105,0.115461965073377,0,0,2.502718955920926,8.142102290243102,SEM1;PSMD9;PSMC5;RNF7;COMMD6;SQSTM1,PT
Reactome_2022,Cellular Response To Hypoxia R-HSA-1234174,3/73,0.0410412416604198,0.1218647911879951,0,0,4.102843273231623,13.10110815417437,SEM1;PSMD9;PSMC5,PT
Reactome_2022,Transferrin Endocytosis And Recycling R-HSA-917977,2/31,0.0414421543558338,0.1223048945623387,0,0,6.5840413126769946,20.960010397202293,ATP6V0E1;ATP6V1F,PT
Reactome_2022,Gluconeogenesis R-HSA-70263,2/32,0.0439074437754528,0.128795168407995,0,0,6.364251207729469,19.892558053643064,MDH2;PCK1,PT
Reactome_2022,DNA Replication Pre-Initiation R-HSA-69002,4/127,0.0443969770163051,0.1294466076860945,0,0,3.120047590719809,9.717649984179836,SEM1;PSMD9;PSMC5;ANAPC11,PT
Reactome_2022,ABC Transporter Disorders R-HSA-5619084,3/77,0.0468485544933393,0.1357766489507559,0,0,3.880280766203097,11.876899662909944,SEM1;PSMD9;PSMC5,PT
Reactome_2022,FCERI Mediated NF-kB Activation R-HSA-2871837,3/78,0.0483604293849771,0.1393240941805295,0,0,3.828349514563107,11.596351582255716,SEM1;PSMD9;PSMC5,PT
Reactome_2022,Downstream Signaling Events Of B Cell Receptor (BCR) R-HSA-1168372,3/79,0.0498960458720855,0.142346345670832,0,0,3.77778487480838,11.325094574881208,SEM1;PSMD9;PSMC5,PT
Reactome_2022,Organic Anion Transport R-HSA-561048,1/5,0.051174099476704,0.142346345670832,0,0,23.782451923076923,70.69385547952577,SLC22A6,PT
Reactome_2022,Sulfide Oxidation To Sulfate R-HSA-1614517,1/5,0.051174099476704,0.142346345670832,0,0,23.782451923076923,70.69385547952577,TSTD1,PT
Reactome_2022,Fructose Catabolism R-HSA-70350,1/5,0.051174099476704,0.142346345670832,0,0,23.782451923076923,70.69385547952577,KHK,PT
Reactome_2022,TFAP2A Acts As A Transcriptional Repressor During Retinoic Acid Induced Cell Differentiation R-HSA-8869496,1/5,0.051174099476704,0.142346345670832,0,0,23.782451923076923,70.69385547952577,NPM1,PT
Reactome_2022,NR1H2 And NR1H3 Regulate Gene Expression Linked To Gluconeogenesis R-HSA-9632974,1/5,0.051174099476704,0.142346345670832,0,0,23.782451923076923,70.69385547952577,PCK1,PT
Reactome_2022,Gene And Protein Expression By JAK-STAT Signaling After Interleukin-12 Stimulation R-HSA-8950505,2/35,0.0516167301331944,0.1427571279112348,0,0,5.784804567413263,17.145636817651393,RPLP0;AURKAIP1,PT
Reactome_2022,Signaling By NOTCH4 R-HSA-9013694,3/81,0.0530379092964382,0.1450302152512773,0,0,3.680545182972368,10.80883499823464,SEM1;PSMD9;PSMC5,PT
Reactome_2022,TP53 Regulates Metabolic Genes R-HSA-5628897,3/81,0.0530379092964382,0.1450302152512773,0,0,3.680545182972368,10.80883499823464,COX14;LAMTOR2;LAMTOR5,PT
Reactome_2022,ROS And RNS Production In Phagocytes R-HSA-1222556,2/36,0.054286479325641,0.1467857876738004,0,0,5.61437908496732,16.357381640081115,ATP6V0E1;ATP6V1F,PT
Reactome_2022,Glutathione Conjugation R-HSA-156590,2/36,0.054286479325641,0.1467857876738004,0,0,5.61437908496732,16.357381640081115,GSTP1;CNDP2,PT
Reactome_2022,Cyclin E Associated Events During G1/S Transition R-HSA-69202,3/82,0.0546438472974505,0.1469312338442558,0,0,3.63377166031707,10.563078625419474,SEM1;PSMD9;PSMC5,PT
Reactome_2022,Triglyceride Metabolism R-HSA-8979227,2/37,0.0570040346585502,0.1524306783134714,0,0,5.4536922015182885,15.622827907584352,FABP1;FABP3,PT
Reactome_2022,Cyclin A:Cdk2-associated Events At S Phase Entry R-HSA-69656,3/84,0.0579249299328366,0.1532003611338412,0,0,3.5436893203883497,10.09457968614896,SEM1;PSMD9;PSMC5,PT
Reactome_2022,Degradation Of Beta-Catenin By Destruction Complex R-HSA-195253,3/84,0.0579249299328366,0.1532003611338412,0,0,3.5436893203883497,10.09457968614896,SEM1;PSMD9;PSMC5,PT
Reactome_2022,Hedgehog On State R-HSA-5632684,3/85,0.0595997394451641,0.1545199349853326,0,0,3.5002959981056123,9.8711990137247,SEM1;PSMD9;PSMC5,PT
Reactome_2022,Fanconi Anemia Pathway R-HSA-6783310,2/38,0.0597681162786881,0.1545199349853326,0,0,5.301932367149759,14.93704356888283,CENPX;FAAP20,PT
Reactome_2022,Phenylalanine Metabolism R-HSA-8964208,1/6,0.061091787238698,0.1545199349853326,0,0,19.025,53.18206334735916,PCBD1,PT
Reactome_2022,Alpha-oxidation Of Phytanate R-HSA-389599,1/6,0.061091787238698,0.1545199349853326,0,0,19.025,53.18206334735916,PHYH,PT
Reactome_2022,Protein Repair R-HSA-5676934,1/6,0.061091787238698,0.1545199349853326,0,0,19.025,53.18206334735916,MSRB1,PT
Reactome_2022,TNFR1-mediated Ceramide Production R-HSA-5626978,1/6,0.061091787238698,0.1545199349853326,0,0,19.025,53.18206334735916,RACK1,PT
Reactome_2022,Vasopressin-like Receptors R-HSA-388479,1/6,0.061091787238698,0.1545199349853326,0,0,19.025,53.18206334735916,OXT,PT
Reactome_2022,Mitochondrial Fatty Acid Beta-Oxidation Of Unsaturated Fatty Acids R-HSA-77288,1/6,0.061091787238698,0.1545199349853326,0,0,19.025,53.18206334735916,ECI1,PT
Reactome_2022,"Transport Of Bile Salts And Organic Acids, Metal Ions And Amine Compounds R-HSA-425366",3/86,0.0612971642917022,0.1545199349853326,0,0,3.457948298046555,9.654666673954988,SLC6A19;SLC22A6;SLC39A4,PT
Reactome_2022,PIP3 Activates AKT Signaling R-HSA-1257604,6/268,0.0628638205708498,0.1576481303434784,0,0,2.2030985597713686,6.095498881965541,SEM1;PSMD9;PSMC5;LAMTOR2;STUB1;LAMTOR5,PT
Reactome_2022,PCP/CE Pathway R-HSA-4086400,3/88,0.0647591466197315,0.1607355228920516,0,0,3.3762421473443744,9.241045963528755,SEM1;PSMD9;PSMC5,PT
Reactome_2022,Regulation Of mRNA Stability By Proteins That Bind AU-rich Elements R-HSA-450531,3/88,0.0647591466197315,0.1607355228920516,0,0,3.3762421473443744,9.241045963528755,SEM1;PSMD9;PSMC5,PT
Reactome_2022,Mitochondrial Biogenesis R-HSA-1592230,3/89,0.0665233384189208,0.1642719173201922,0,0,3.3368141792729737,9.043441927896769,ATP5PD;ATP5PO;ATP5MC1,PT
Reactome_2022,MAPK6/MAPK4 Signaling R-HSA-5687128,3/90,0.0683094144209494,0.1670216487829885,0,0,3.29829260127218,8.851653193667724,SEM1;PSMD9;PSMC5,PT
Reactome_2022,Binding And Uptake Of Ligands By Scavenger Receptors R-HSA-2173782,2/41,0.0683270381384953,0.1670216487829885,0,0,4.893348197696024,13.131053839020815,FTH1;FTL,PT
Reactome_2022,Aryl Hydrocarbon Receptor Signaling R-HSA-8937144,1/7,0.0709063022575702,0.1698943083795246,0,0,15.853365384615383,41.95428210636149,AURKAIP1,PT
Reactome_2022,Fructose Metabolism R-HSA-5652084,1/7,0.0709063022575702,0.1698943083795246,0,0,15.853365384615383,41.95428210636149,KHK,PT
Reactome_2022,TYSND1 Cleaves Peroxisomal Proteins R-HSA-9033500,1/7,0.0709063022575702,0.1698943083795246,0,0,15.853365384615383,41.95428210636149,PHYH,PT
Reactome_2022,Modulation By Mtb Of Host Immune System R-HSA-9637628,1/7,0.0709063022575702,0.1698943083795246,0,0,15.853365384615383,41.95428210636149,B2M,PT
Reactome_2022,Downstream TCR Signaling R-HSA-202424,3/94,0.0756686900326612,0.1804120491419115,0,0,3.1526725701482983,8.138279999540746,SEM1;PSMD9;PSMC5,PT
Reactome_2022,Immune System R-HSA-168256,27/1943,0.0769360979178007,0.1804790819396773,0,0,1.3840217715478675,3.549711496048251,CSTB;CD63;GSTP1;RPLP0;RNF7;ANAPC11;CST3;PSMD9;MT2A;FTH1;CTSH;B2M;AP1M2;ATP6V1F;ATP6V0E1;TRAPPC1;APRT;SIGIRR;SEM1;PSMC5;TOLLIP;LAMTOR2;STUB1;AURKAIP1;SQSTM1;NIT2;FTL,PT
Reactome_2022,Interleukin-12 Signaling R-HSA-9020591,2/44,0.0772606328640565,0.1804790819396773,0,0,4.543133195307108,11.633013884316268,RPLP0;AURKAIP1,PT
Reactome_2022,Transcriptional Regulation By RUNX3 R-HSA-8878159,3/95,0.0775612583542415,0.1804790819396773,0,0,3.118246095398902,7.972379954863262,SEM1;PSMD9;PSMC5,PT
Reactome_2022,UCH Proteinases R-HSA-5689603,3/95,0.0775612583542415,0.1804790819396773,0,0,3.118246095398902,7.972379954863262,SEM1;PSMD9;PSMC5,PT
Reactome_2022,Metabolism Of Nucleotides R-HSA-15869,3/95,0.0775612583542415,0.1804790819396773,0,0,3.118246095398902,7.972379954863262,GUK1;GLRX;APRT,PT
Reactome_2022,DNA Replication R-HSA-69306,4/155,0.0797838445703548,0.1840540410521705,0,0,2.5378775642061058,6.416856540456055,SEM1;PSMD9;PSMC5;ANAPC11,PT
Reactome_2022,Synthesis Of Ketone Bodies R-HSA-77111,1/8,0.0806187121964052,0.1840540410521705,0,0,13.587912087912088,34.214695475566714,HMGCL,PT
Reactome_2022,Histidine Catabolism R-HSA-70921,1/8,0.0806187121964052,0.1840540410521705,0,0,13.587912087912088,34.214695475566714,FTCD,PT
Reactome_2022,"Metabolism Of Ingested SeMet, Sec, MeSec Into H2Se R-HSA-2408508",1/8,0.0806187121964052,0.1840540410521705,0,0,13.587912087912088,34.214695475566714,AHCY,PT
Reactome_2022,RUNX1 Regulates Transcription Of Genes Involved In Differentiation Of HSCs R-HSA-8939236,3/98,0.0833622856950306,0.1877672947374129,0,0,3.019315278487481,7.501667799807018,SEM1;PSMD9;PSMC5,PT
Reactome_2022,Hedgehog Off State R-HSA-5610787,3/98,0.0833622856950306,0.1877672947374129,0,0,3.019315278487481,7.501667799807018,SEM1;PSMD9;PSMC5,PT
Reactome_2022,NR1H2 And NR1H3-mediated Signaling R-HSA-9024446,2/46,0.0834090255548425,0.1877672947374129,0,0,4.33618796662275,10.77108551223131,ANGPTL3;PCK1,PT
Reactome_2022,CLEC7A (Dectin-1) Signaling R-HSA-5607764,3/99,0.0853363680174139,0.1912166764834645,0,0,2.9877123786407767,7.353221947943549,SEM1;PSMD9;PSMC5,PT
Reactome_2022,TNFR2 Non-Canonical NF-kB Pathway R-HSA-5668541,3/100,0.0873302976244391,0.1947827836416061,0,0,2.956761084976479,7.2087544984596015,SEM1;PSMD9;PSMC5,PT
Reactome_2022,S Phase R-HSA-69242,4/161,0.0887668824287993,0.1970787664932975,0,0,2.440142923722231,5.909395736097927,SEM1;PSMD9;PSMC5;ANAPC11,PT
Reactome_2022,Inositol Phosphate Metabolism R-HSA-1483249,2/48,0.08970115998249,0.1976079447395105,0,0,4.147237975215291,10.000117057671112,MIOX;IMPA2,PT
Reactome_2022,Beta-oxidation Of pristanoyl-CoA R-HSA-389887,1/9,0.0902300739409748,0.1976079447395105,0,0,11.888822115384617,28.59728347294911,AMACR,PT
Reactome_2022,NR1H2 And NR1H3 Regulate Gene Expression Linked To Lipogenesis R-HSA-9029558,1/9,0.0902300739409748,0.1976079447395105,0,0,11.888822115384617,28.59728347294911,ANGPTL3,PT
Reactome_2022,ABC-family Proteins Mediated Transport R-HSA-382556,3/102,0.0913768300385312,0.1992179537776988,0,0,2.896734333627537,6.931199699905802,SEM1;PSMD9;PSMC5,PT
Reactome_2022,TP53 Regulates Transcription Of Cell Cycle Genes R-HSA-6791312,2/49,0.092898441842934,0.2016271114438569,0,0,4.058793298386268,9.644701104416718,NPM1;GADD45A,PT
Reactome_2022,Mitotic Anaphase R-HSA-68882,5/232,0.0967179318063114,0.2089798169386372,0,0,2.112377990843915,4.934423005675485,SEM1;PSMD9;PSMC5;RPS27;ANAPC11,PT
Reactome_2022,Mitotic Metaphase And Anaphase R-HSA-2555396,5/233,0.0980485209188221,0.2098906687418472,0,0,2.1030056759545923,4.883794963649495,SEM1;PSMD9;PSMC5;RPS27;ANAPC11,PT
Reactome_2022,Creatine Metabolism R-HSA-71288,1/10,0.0997414334930266,0.2098906687418472,0,0,10.567307692307692,24.359484069513947,GAMT,PT
Reactome_2022,"Tetrahydrobiopterin (BH4) Synthesis, Recycling, Salvage And Regulation R-HSA-1474151",1/10,0.0997414334930266,0.2098906687418472,0,0,10.567307692307692,24.359484069513947,GCHFR,PT
Reactome_2022,Urea Cycle R-HSA-70635,1/10,0.0997414334930266,0.2098906687418472,0,0,10.567307692307692,24.359484069513947,ASL,PT
Reactome_2022,Zinc Influx Into Cells By SLC39 Gene Family R-HSA-442380,1/10,0.0997414334930266,0.2098906687418472,0,0,10.567307692307692,24.359484069513947,SLC39A4,PT
Reactome_2022,Ketone Body Metabolism R-HSA-74182,1/10,0.0997414334930266,0.2098906687418472,0,0,10.567307692307692,24.359484069513947,HMGCL,PT
Reactome_2022,Phase II - Conjugation Of Compounds R-HSA-156580,3/107,0.1018251004021277,0.2128680257331087,0,0,2.7567681105302464,6.29783299770789,AHCY;GSTP1;CNDP2,PT
Reactome_2022,Class I MHC Mediated Antigen Processing And Presentation R-HSA-983169,7/378,0.1024479282605234,0.2128680257331087,0,0,1.8139361105921916,4.132873170728977,SEM1;PSMD9;PSMC5;STUB1;RNF7;B2M;ANAPC11,PT
Reactome_2022,Intracellular Signaling By Second Messengers R-HSA-9006925,6/306,0.1024757231318478,0.2128680257331087,0,0,1.920295566502463,4.374681702151124,SEM1;PSMD9;PSMC5;LAMTOR2;STUB1;LAMTOR5,PT
Reactome_2022,Signaling By Interleukins R-HSA-449147,8/453,0.1035580495883319,0.213501714590287,0,0,1.7303147185421208,3.923701380184835,SIGIRR;SEM1;PSMD9;PSMC5;TOLLIP;RPLP0;AURKAIP1;SQSTM1,PT
Reactome_2022,Antigen Processing: Ubiquitination And Proteasome Degradation R-HSA-983168,6/307,0.1036630225799947,0.213501714590287,0,0,1.913817652161105,4.337877861208202,SEM1;PSMD9;PSMC5;STUB1;RNF7;ANAPC11,PT
Reactome_2022,Deposition Of New CENPA-containing Nucleosomes At Centromere R-HSA-606279,2/53,0.1060048626270281,0.216743079248108,0,0,3.739698778061949,8.39289494373509,NPM1;CENPX,PT
Reactome_2022,Signaling By B Cell Receptor (BCR) R-HSA-983705,3/109,0.1061324582268628,0.216743079248108,0,0,2.7044788422788058,6.066328214394575,SEM1;PSMD9;PSMC5,PT
Reactome_2022,Pexophagy R-HSA-9664873,1/11,0.1091538262351098,0.2187115910016348,0,0,9.510096153846154,21.064835798696524,SQSTM1,PT
Reactome_2022,Activation Of Phototransduction Cascade R-HSA-2485179,1/11,0.1091538262351098,0.2187115910016348,0,0,9.510096153846154,21.064835798696524,RNF7,PT
Reactome_2022,Beta-oxidation Of Very Long Chain Fatty Acids R-HSA-390247,1/11,0.1091538262351098,0.2187115910016348,0,0,9.510096153846154,21.064835798696524,ECI2,PT
Reactome_2022,Endosomal/Vacuolar Pathway R-HSA-1236977,1/11,0.1091538262351098,0.2187115910016348,0,0,9.510096153846154,21.064835798696524,B2M,PT
Reactome_2022,Interleukin-12 Family Signaling R-HSA-447115,2/54,0.1093557955008174,0.2187115910016348,0,0,3.66759568933482,8.116934022105527,RPLP0;AURKAIP1,PT
Reactome_2022,ALK Mutants Bind TKIs R-HSA-9700645,1/12,0.1184682768821648,0.2330839268738527,0,0,8.645104895104895,18.440960220485454,NPM1,PT
Reactome_2022,Glutathione Synthesis And Recycling R-HSA-174403,1/12,0.1184682768821648,0.2330839268738527,0,0,8.645104895104895,18.440960220485454,CNDP2,PT
Reactome_2022,Transport Of Nucleosides And Free Purine And Pyrimidine Bases Across Plasma Membrane R-HSA-83936,1/12,0.1184682768821648,0.2330839268738527,0,0,8.645104895104895,18.440960220485454,SLC25A6,PT
Reactome_2022,Lysine Catabolism R-HSA-71064,1/12,0.1184682768821648,0.2330839268738527,0,0,8.645104895104895,18.440960220485454,PIPOX,PT
Reactome_2022,Cytokine Signaling In Immune System R-HSA-1280215,11/702,0.1190478161362778,0.2332758826314108,0,0,1.535616658626789,3.268145518639876,SIGIRR;SEM1;PSMD9;MT2A;PSMC5;TOLLIP;RPLP0;RNF7;AURKAIP1;B2M;SQSTM1,PT
Reactome_2022,Cytoprotection By HMOX1 R-HSA-9707564,2/57,0.1195716106473708,0.2333574981989012,0,0,3.467018006148441,7.363390949465988,FABP1;COX14,PT
Reactome_2022,TCR Signaling R-HSA-202403,3/116,0.1217506261318342,0.2366558355333644,0,0,2.536042615344961,5.34034876769578,SEM1;PSMD9;PSMC5,PT
Reactome_2022,G2/M Transition R-HSA-69275,4/182,0.1237618660101614,0.2396029725956726,0,0,2.1499588928473554,4.492115500515596,SEM1;PSMD9;PSMC5;OPTN,PT
Reactome_2022,Mitotic G2-G2/M Phases R-HSA-453274,4/184,0.1273642553859823,0.2414059649221439,0,0,2.125853658536585,4.380755446192268,SEM1;PSMD9;PSMC5;OPTN,PT
Reactome_2022,Purine Salvage R-HSA-74217,1/13,0.1276857996282414,0.2414059649221439,0,0,7.924278846153846,16.30961381464595,APRT,PT
Reactome_2022,Dissolution Of Fibrin Clot R-HSA-75205,1/13,0.1276857996282414,0.2414059649221439,0,0,7.924278846153846,16.30961381464595,PLG,PT
Reactome_2022,p75NTR Recruits Signaling Complexes R-HSA-209543,1/13,0.1276857996282414,0.2414059649221439,0,0,7.924278846153846,16.30961381464595,SQSTM1,PT
Reactome_2022,Mitochondrial Iron-Sulfur Cluster Biogenesis R-HSA-1362409,1/13,0.1276857996282414,0.2414059649221439,0,0,7.924278846153846,16.30961381464595,GLRX5,PT
Reactome_2022,NF-kB Is Activated And Signals Survival R-HSA-209560,1/13,0.1276857996282414,0.2414059649221439,0,0,7.924278846153846,16.30961381464595,SQSTM1,PT
Reactome_2022,Regulation Of PTEN Gene Transcription R-HSA-8943724,2/61,0.1335390522301548,0.2514898882466729,0,0,3.231310898223205,6.50579636843189,LAMTOR2;LAMTOR5,PT
Reactome_2022,Synthesis Of Bile Acids And Bile Salts Via 24-Hydroxycholesterol R-HSA-193775,1/14,0.1368073982339471,0.2556555241128588,0,0,7.314349112426036,14.549565705165987,AMACR,PT
Reactome_2022,Methylation R-HSA-156581,1/14,0.1368073982339471,0.2556555241128588,0,0,7.314349112426036,14.549565705165987,AHCY,PT
Reactome_2022,Organic Cation/Anion/Zwitterion Transport R-HSA-549132,1/15,0.1458340661524436,0.2704355862750296,0,0,6.791552197802198,13.075679256451467,SLC22A6,PT
Reactome_2022,Membrane Binding And Targetting Of GAG Proteins R-HSA-174490,1/15,0.1458340661524436,0.2704355862750296,0,0,6.791552197802198,13.075679256451467,VPS28,PT
Reactome_2022,FOXO-mediated Transcription R-HSA-9614085,2/65,0.147851640725793,0.273130511875129,0,0,3.025534851621808,5.783448848370419,GADD45A;PCK1,PT
Reactome_2022,G1/S Transition R-HSA-69206,3/129,0.1527702757128603,0.2793404472083872,0,0,2.2728848821081837,4.270341464759137,SEM1;PSMD9;PSMC5,PT
Reactome_2022,Processing Of SMDT1 R-HSA-8949664,1/16,0.1547667865829983,0.2793404472083872,0,0,6.338461538461538,11.826529075314818,SMDT1,PT
Reactome_2022,Heme Degradation R-HSA-189483,1/16,0.1547667865829983,0.2793404472083872,0,0,6.338461538461538,11.826529075314818,FABP1,PT
Reactome_2022,p75NTR Signals Via NF-kB R-HSA-193639,1/16,0.1547667865829983,0.2793404472083872,0,0,6.338461538461538,11.826529075314818,SQSTM1,PT
Reactome_2022,NRIF Signals Cell Death From Nucleus R-HSA-205043,1/16,0.1547667865829983,0.2793404472083872,0,0,6.338461538461538,11.826529075314818,SQSTM1,PT
Reactome_2022,Cell Cycle Checkpoints R-HSA-69620,5/271,0.1550850571557657,0.2793404472083872,0,0,1.7990748931151408,3.353082604965198,SEM1;PSMD9;PSMC5;RPS27;ANAPC11,PT
Reactome_2022,Fc Epsilon Receptor (FCERI) Signaling R-HSA-2454202,3/130,0.1552532650806945,0.2793404472083872,0,0,2.254873480620748,4.200147256668243,SEM1;PSMD9;PSMC5,PT
Reactome_2022,Diseases Of Signal Transduction By Growth Factor Receptors And Second Messengers R-HSA-5663202,7/424,0.1570212131658844,0.2814750636010669,0,0,1.6100149583303651,2.9807404244277427,SEM1;EEF1G;PSMD9;NPM1;PSMC5;RPS6;SQSTM1,PT
Reactome_2022,Ub-specific Processing Proteases R-HSA-5689880,4/201,0.1596705295677524,0.2851680306671297,0,0,1.940720564566052,3.56052896595066,SEM1;PSMD9;PSMC5;TOMM20,PT
Reactome_2022,Protein Methylation R-HSA-8876725,1/17,0.1636065325969602,0.2889984006457254,0,0,5.942007211538462,10.756761733183067,RPS2,PT
Reactome_2022,FOXO-mediated Transcription Of Cell Cycle Genes R-HSA-9617828,1/17,0.1636065325969602,0.2889984006457254,0,0,5.942007211538462,10.756761733183067,GADD45A,PT
Reactome_2022,Zinc Transporters R-HSA-435354,1/17,0.1636065325969602,0.2889984006457254,0,0,5.942007211538462,10.756761733183067,SLC39A4,PT
Reactome_2022,Transcriptional Regulation By TP53 R-HSA-3700989,6/354,0.1671479520732005,0.2941803956488328,0,0,1.6513504331578053,2.9540610224198094,PRELID1;NPM1;GADD45A;LAMTOR2;COX14;LAMTOR5,PT
Reactome_2022,Signaling By Hedgehog R-HSA-5358351,3/135,0.1678532849738173,0.2943514127801723,0,0,2.168909973521624,3.870777685053362,SEM1;PSMD9;PSMC5,PT
Reactome_2022,Assembly Of HIV Virion R-HSA-175474,1/18,0.1723542672758085,0.30007001928594,0,0,5.592194570135747,9.832214539029478,VPS28,PT
Reactome_2022,TP53 Regulates Transcription Of Genes Involved In G2 Cell Cycle Arrest R-HSA-6804114,1/18,0.1723542672758085,0.30007001928594,0,0,5.592194570135747,9.832214539029478,GADD45A,PT
Reactome_2022,Programmed Cell Death R-HSA-5357801,4/208,0.1737740656030467,0.3014575188239233,0,0,1.873457675753228,3.278549615640858,SEM1;PSMD9;PSMC5;STUB1,PT
Reactome_2022,Assembly Of Active LPL And LIPC Lipase Complexes R-HSA-8963889,1/19,0.1810109437538777,0.3106712651662298,0,0,5.28125,9.02670081161937,ANGPTL3,PT
Reactome_2022,Metabolism Of Cofactors R-HSA-8978934,1/19,0.1810109437538777,0.3106712651662298,0,0,5.28125,9.02670081161937,GCHFR,PT
Reactome_2022,Na+/Cl- Dependent Neurotransmitter Transporters R-HSA-442660,1/19,0.1810109437538777,0.3106712651662298,0,0,5.28125,9.02670081161937,SLC6A19,PT
Reactome_2022,C-type Lectin Receptors (CLRs) R-HSA-5621481,3/141,0.1833495389663665,0.3135730631085561,0,0,2.073976361333896,3.518212404751336,SEM1;PSMD9;PSMC5,PT
Reactome_2022,Beta-catenin Independent WNT Signaling R-HSA-3858494,3/142,0.1859688994259843,0.316932913106255,0,0,2.0589508975343995,3.463517428064572,SEM1;PSMD9;PSMC5,PT
Reactome_2022,Aberrant Regulation Of Mitotic Exit In Cancer Due To RB1 Defects R-HSA-9687136,1/20,0.1895775053726868,0.3174931231847073,0,0,5.003036437246964,8.319836159348089,ANAPC11,PT
Reactome_2022,Phosphorylation Of APC/C R-HSA-176412,1/20,0.1895775053726868,0.3174931231847073,0,0,5.003036437246964,8.319836159348089,ANAPC11,PT
Reactome_2022,Class I Peroxisomal Membrane Protein Import R-HSA-9603798,1/20,0.1895775053726868,0.3174931231847073,0,0,5.003036437246964,8.319836159348089,FIS1,PT
Reactome_2022,Conversion From APC/C:Cdc20 To APC/C:Cdh1 In Late Anaphase R-HSA-176407,1/20,0.1895775053726868,0.3174931231847073,0,0,5.003036437246964,8.319836159348089,ANAPC11,PT
Reactome_2022,TP53 Regulates Transcription Of Genes Involved In Cytochrome C Release R-HSA-6803204,1/20,0.1895775053726868,0.3174931231847073,0,0,5.003036437246964,8.319836159348089,PRELID1,PT
Reactome_2022,Signaling By Insulin Receptor R-HSA-74752,2/77,0.1923613227292192,0.3210444144860073,0,0,2.539903381642512,4.186725393390364,ATP6V0E1;ATP6V1F,PT
Reactome_2022,Biological Oxidations R-HSA-211859,4/218,0.194628044090898,0.323711248591047,0,0,1.7850011397310237,2.921448904904337,AHCY;GSTP1;AURKAIP1;CNDP2,PT
Reactome_2022,Azathioprine ADME R-HSA-9748787,1/21,0.1980548856908261,0.3249442870317282,0,0,4.752644230769231,7.695534227424825,GUK1,PT
Reactome_2022,TP53 Regulates Transcription Of Additional Cell Cycle Genes With Uncertain Roles In P53 Pathway R-HSA-6804115,1/21,0.1980548856908261,0.3249442870317282,0,0,4.752644230769231,7.695534227424825,NPM1,PT
Reactome_2022,Inactivation Of APC/C Via Direct Inhibition Of APC/C Complex R-HSA-141430,1/21,0.1980548856908261,0.3249442870317282,0,0,4.752644230769231,7.695534227424825,ANAPC11,PT
Reactome_2022,Interleukin-37 Signaling R-HSA-9008059,1/21,0.1980548856908261,0.3249442870317282,0,0,4.752644230769231,7.695534227424825,SIGIRR,PT
Reactome_2022,Mitotic G1 Phase And G1/S Transition R-HSA-453279,3/147,0.1992090419941473,0.3257337038012408,0,0,1.9869538834951457,3.2057524751926274,SEM1;PSMD9;PSMC5,PT
Reactome_2022,Amyloid Fiber Formation R-HSA-977225,2/79,0.1999496474640698,0.3258438699414471,0,0,2.473680908463517,3.981858696289336,CST3;B2M,PT
Reactome_2022,G2/M Checkpoints R-HSA-69481,3/148,0.2018841566007995,0.3278923885731106,0,0,1.973150318044861,3.157161321430478,SEM1;PSMD9;PSMC5,PT
Reactome_2022,Insertion Of Tail-Anchored Proteins Into Endoplasmic Reticulum Membrane R-HSA-9609523,1/22,0.2064440087145227,0.3330630007260966,0,0,4.5260989010989015,7.140944130218156,GET3,PT
Reactome_2022,Mitochondrial Calcium Ion Transport R-HSA-8949215,1/22,0.2064440087145227,0.3330630007260966,0,0,4.5260989010989015,7.140944130218156,SMDT1,PT
Reactome_2022,Nucleotide Salvage R-HSA-8956321,1/23,0.2147457888902904,0.3453055210063142,0,0,4.320148601398602,6.645686009107677,APRT,PT
Reactome_2022,APC/C:Cdc20 Mediated Degradation Of Cyclin B R-HSA-174048,1/24,0.2229611312169307,0.3561491336930512,0,0,4.132107023411371,6.201291937509133,ANAPC11,PT
Reactome_2022,Synthesis Of Bile Acids And Bile Salts Via 7Alpha-Hydroxycholesterol R-HSA-193368,1/24,0.2229611312169307,0.3561491336930512,0,0,4.132107023411371,6.201291937509133,AMACR,PT
Reactome_2022,Defective HDR Thru Homologous Recombination (HRR) Due To BRCA1 Loss-Of-Function R-HSA-9701192,1/25,0.2310909314312872,0.3667147895499771,0,0,3.959735576923077,5.800790888295069,SEM1,PT
Reactome_2022,Inactivation Of CSF3 (G-CSF) Signaling R-HSA-9705462,1/25,0.2310909314312872,0.3667147895499771,0,0,3.959735576923077,5.800790888295069,RNF7,PT
Reactome_2022,Glucose Metabolism R-HSA-70326,2/89,0.2383234234006407,0.3709675024543648,0,0,2.18823921372647,3.1382120766055017,MDH2;PCK1,PT
Reactome_2022,Interferon Gamma Signaling R-HSA-877300,2/89,0.2383234234006407,0.3709675024543648,0,0,2.18823921372647,3.1382120766055017,MT2A;B2M,PT
Reactome_2022,APC-Cdc20 Mediated Degradation Of Nek2A R-HSA-179409,1/26,0.2391360759623178,0.3709675024543648,0,0,3.8011538461538463,5.438396461300769,ANAPC11,PT
Reactome_2022,Downregulation Of TGF-beta Receptor Signaling R-HSA-2173788,1/26,0.2391360759623178,0.3709675024543648,0,0,3.8011538461538463,5.438396461300769,STUB1,PT
Reactome_2022,TNFR1-induced NFkappaB Signaling Pathway R-HSA-5357956,1/26,0.2391360759623178,0.3709675024543648,0,0,3.8011538461538463,5.438396461300769,RACK1,PT
Reactome_2022,Infection With Mycobacterium Tuberculosis R-HSA-9635486,1/26,0.2391360759623178,0.3709675024543648,0,0,3.8011538461538463,5.438396461300769,B2M,PT
Reactome_2022,Metal Ion SLC Transporters R-HSA-425410,1/26,0.2391360759623178,0.3709675024543648,0,0,3.8011538461538463,5.438396461300769,SLC39A4,PT
Reactome_2022,ATF4 Activates Genes In Response To Endoplasmic Reticulum Stress R-HSA-380994,1/27,0.2470974421170488,0.3808763120530307,0,0,3.654770710059172,5.109269010980882,HERPUD1,PT
Reactome_2022,Resolution Of D-loop Structures Thru Synthesis-Dependent Strand Annealing (SDSA) R-HSA-5693554,1/27,0.2470974421170488,0.3808763120530307,0,0,3.654770710059172,5.109269010980882,SEM1,PT
Reactome_2022,"Antigen Presentation: Folding, Assembly, Peptide Loading Of Class I MHC R-HSA-983170",1/28,0.2549758981993325,0.3893007404683815,0,0,3.519230769230769,4.809332397953107,B2M,PT
Reactome_2022,DAP12 Signaling R-HSA-2424491,1/28,0.2549758981993325,0.3893007404683815,0,0,3.519230769230769,4.809332397953107,B2M,PT
Reactome_2022,Metabolism Of Porphyrins R-HSA-189445,1/28,0.2549758981993325,0.3893007404683815,0,0,3.519230769230769,4.809332397953107,FABP1,PT
Reactome_2022,SLC-mediated Transmembrane Transport R-HSA-425407,4/247,0.258835588230114,0.3937516869509816,0,0,1.5696476964769648,2.1214765147959884,SLC6A19;SLC22A6;SLC39A4;SLC25A6,PT
Reactome_2022,Budding And Maturation Of HIV Virion R-HSA-162588,1/29,0.2627723034817502,0.3937516869509816,0,0,3.3933722527472527,4.535131351227306,VPS28,PT
Reactome_2022,Regulation Of Necroptotic Cell Death R-HSA-5675482,1/29,0.2627723034817502,0.3937516869509816,0,0,3.3933722527472527,4.535131351227306,STUB1,PT
Reactome_2022,Downregulation Of ERBB2 Signaling R-HSA-8863795,1/29,0.2627723034817502,0.3937516869509816,0,0,3.3933722527472527,4.535131351227306,STUB1,PT
Reactome_2022,"FOXO-mediated Transcription Of Oxidative Stress, Metabolic And Neuronal Genes R-HSA-9615017",1/29,0.2627723034817502,0.3937516869509816,0,0,3.3933722527472527,4.535131351227306,PCK1,PT
Reactome_2022,Surfactant Metabolism R-HSA-5683826,1/29,0.2627723034817502,0.3937516869509816,0,0,3.3933722527472527,4.535131351227306,CTSH,PT
Reactome_2022,Signaling By CSF3 (G-CSF) R-HSA-9674555,1/30,0.27048750843,0.4028183202465231,0,0,3.276193633952255,4.283719369756628,RNF7,PT
Reactome_2022,Endosomal Sorting Complex Required For Transport (ESCRT) R-HSA-917729,1/30,0.27048750843,0.4028183202465231,0,0,3.276193633952255,4.283719369756628,VPS28,PT
Reactome_2022,Visual Phototransduction R-HSA-2187338,2/98,0.2731605614923084,0.4054554810162654,0,0,1.982185990338164,2.5722738781756056,APOM;RNF7,PT
Reactome_2022,SLC Transporter Disorders R-HSA-5619102,2/99,0.2770332253592603,0.4054554810162654,0,0,1.9616514766671649,2.5180108172718705,SLC6A19;SLC39A4,PT
Reactome_2022,Pyruvate Metabolism R-HSA-70268,1/31,0.2781223547466944,0.4054554810162654,0,0,3.1668269230769237,4.052569846766924,MPC1,PT
Reactome_2022,RIPK1-mediated Regulated Necrosis R-HSA-5213460,1/31,0.2781223547466944,0.4054554810162654,0,0,3.1668269230769237,4.052569846766924,STUB1,PT
Reactome_2022,Glyoxylate Metabolism And Glycine Degradation R-HSA-389661,1/31,0.2781223547466944,0.4054554810162654,0,0,3.1668269230769237,4.052569846766924,GRHPR,PT
Reactome_2022,Late Endosomal Microautophagy R-HSA-9615710,1/31,0.2781223547466944,0.4054554810162654,0,0,3.1668269230769237,4.052569846766924,VPS28,PT
Reactome_2022,Nicotinate Metabolism R-HSA-196807,1/31,0.2781223547466944,0.4054554810162654,0,0,3.1668269230769237,4.052569846766924,QPRT,PT
Reactome_2022,Apoptosis R-HSA-109581,3/178,0.2851346551953573,0.412740283284922,0,0,1.6323994452149793,2.048324598382682,SEM1;PSMD9;PSMC5,PT
Reactome_2022,PERK Regulates Gene Expression R-HSA-381042,1/32,0.2856776754141505,0.412740283284922,0,0,3.064516129032258,3.839505022961832,HERPUD1,PT
Reactome_2022,"Inactivation, Recovery And Regulation Of Phototransduction Cascade R-HSA-2514859",1/32,0.2856776754141505,0.412740283284922,0,0,3.064516129032258,3.839505022961832,RNF7,PT
Reactome_2022,Activation Of Matrix Metalloproteinases R-HSA-1592389,1/33,0.2931542948101967,0.416089966827376,0,0,2.9685997596153846,3.642638755566374,PLG,PT
Reactome_2022,Amino Acid Transport Across Plasma Membrane R-HSA-352230,1/33,0.2931542948101967,0.416089966827376,0,0,2.9685997596153846,3.642638755566374,SLC6A19,PT
Reactome_2022,Plasma Lipoprotein Remodeling R-HSA-8963899,1/33,0.2931542948101967,0.416089966827376,0,0,2.9685997596153846,3.642638755566374,ANGPTL3,PT
Reactome_2022,Resolution Of D-loop Structures Thru Holliday Junction Intermediates R-HSA-5693568,1/33,0.2931542948101967,0.416089966827376,0,0,2.9685997596153846,3.642638755566374,SEM1,PT
Reactome_2022,Diseases Of Carbohydrate Metabolism R-HSA-5663084,1/33,0.2931542948101967,0.416089966827376,0,0,2.9685997596153846,3.642638755566374,KHK,PT
Reactome_2022,Phototransduction Cascade R-HSA-2514856,1/33,0.2931542948101967,0.416089966827376,0,0,2.9685997596153846,3.642638755566374,RNF7,PT
Reactome_2022,MHC Class II Antigen Presentation R-HSA-2132295,2/104,0.2963711050492197,0.4180105344549071,0,0,1.8650184711565785,2.268128928519559,CTSH;AP1M2,PT
Reactome_2022,Resolution Of D-Loop Structures R-HSA-5693537,1/34,0.3005530289055944,0.4180105344549071,0,0,2.8784965034965038,3.460330086551988,SEM1,PT
Reactome_2022,Detoxification Of Reactive Oxygen Species R-HSA-3299685,1/34,0.3005530289055944,0.4180105344549071,0,0,2.8784965034965038,3.460330086551988,GSTP1,PT
Reactome_2022,Synthesis Of Bile Acids And Bile Salts R-HSA-192105,1/34,0.3005530289055944,0.4180105344549071,0,0,2.8784965034965038,3.460330086551988,AMACR,PT
Reactome_2022,Lysosome Vesicle Biogenesis R-HSA-432720,1/34,0.3005530289055944,0.4180105344549071,0,0,2.8784965034965038,3.460330086551988,AP1M2,PT
Reactome_2022,Metabolic Disorders Of Biological Oxidation Enzymes R-HSA-5579029,1/34,0.3005530289055944,0.4180105344549071,0,0,2.8784965034965038,3.460330086551988,AHCY,PT
Reactome_2022,Nuclear Import Of Rev Protein R-HSA-180746,1/34,0.3005530289055944,0.4180105344549071,0,0,2.8784965034965038,3.460330086551988,NPM1,PT
Reactome_2022,Regulation Of TNFR1 Signaling R-HSA-5357905,1/35,0.3078746851015399,0.4245939709041624,0,0,2.793693438914027,3.291145324218324,RACK1,PT
Reactome_2022,Impaired BRCA2 Binding To RAD51 R-HSA-9709570,1/35,0.3078746851015399,0.4245939709041624,0,0,2.793693438914027,3.291145324218324,SEM1,PT
Reactome_2022,Metabolism Of Vitamins And Cofactors R-HSA-196854,3/186,0.307918354932564,0.4245939709041624,0,0,1.5604010822855323,1.8380285986485836,GCHFR;APOM;QPRT,PT
Reactome_2022,RAF/MAP Kinase Cascade R-HSA-5673001,4/271,0.31470079797592,0.4303270841058288,0,0,1.4268018635242532,1.649572632193936,SEM1;PSMD9;PSMC5;LAMTOR2,PT
Reactome_2022,Aberrant Regulation Of Mitotic Cell Cycle Due To RB1 Defects R-HSA-9687139,1/36,0.3151200626051619,0.4303270841058288,0,0,2.713736263736264,3.133826875265196,ANAPC11,PT
Reactome_2022,Transcriptional Regulation By AP-2 (TFAP2) Family Of Transcription Factors R-HSA-8864260,1/36,0.3151200626051619,0.4303270841058288,0,0,2.713736263736264,3.133826875265196,NPM1,PT
Reactome_2022,Degradation Of Extracellular Matrix R-HSA-1474228,2/109,0.315632468713986,0.4303270841058288,0,0,1.7774165876563277,2.0496756012240054,CAPN3;PLG,PT
Reactome_2022,Mitotic Spindle Checkpoint R-HSA-69618,2/110,0.319471724075407,0.4343379619452163,0,0,1.7608695652173914,2.009304506083046,RPS27;ANAPC11,PT
Reactome_2022,Interactions Of Rev With Host Cellular Proteins R-HSA-177243,1/37,0.3222899522917543,0.4357216114782376,0,0,2.6382211538461537,2.987267483333688,NPM1,PT
Reactome_2022,MAP2K And MAPK Activation R-HSA-5674135,1/37,0.3222899522917543,0.4357216114782376,0,0,2.6382211538461537,2.987267483333688,LAMTOR2,PT
Reactome_2022,MAPK1/MAPK3 Signaling R-HSA-5684996,4/277,0.3288671088614384,0.4416133137477954,0,0,1.3950147413562048,1.551398034162948,SEM1;PSMD9;PSMC5;LAMTOR2,PT
Reactome_2022,Diseases Of Mitotic Cell Cycle R-HSA-9675126,1/38,0.32938513690693,0.4416133137477954,0,0,2.566787941787942,2.850488811562392,ANAPC11,PT
Reactome_2022,Interactions Of Vpr With Host Cellular Proteins R-HSA-176033,1/38,0.32938513690693,0.4416133137477954,0,0,2.566787941787942,2.850488811562392,SLC25A6,PT
Reactome_2022,Deubiquitination R-HSA-5688426,4/279,0.3335985716139106,0.4460268195058915,0,0,1.3847272727272728,1.5201769883754088,SEM1;PSMD9;PSMC5;TOMM20,PT
Reactome_2022,Transcriptional Regulation By VENTX R-HSA-8853884,1/39,0.3364063911217113,0.4473095969860117,0,0,2.499114372469636,2.722623547273288,ANAPC11,PT
Reactome_2022,NGF-stimulated Transcription R-HSA-9031628,1/39,0.3364063911217113,0.4473095969860117,0,0,2.499114372469636,2.722623547273288,JUND,PT
Reactome_2022,TCF Dependent Signaling In Response To WNT R-HSA-201681,3/198,0.3421920610650815,0.4537560480972588,0,0,1.463480209111277,1.5694114690259382,SEM1;PSMD9;PSMC5,PT
Reactome_2022,Presynaptic Phase Of Homologous DNA Pairing And Strand Exchange R-HSA-5693616,1/40,0.3433544816139097,0.4540534674894325,0,0,2.43491124260355,2.602900374597205,SEM1,PT
Reactome_2022,Chromosome Maintenance R-HSA-73886,2/118,0.3499768499426832,0.4606288067823205,0,0,1.6387639513576544,1.7205190493493054,NPM1;CENPX,PT
Reactome_2022,Defective Homologous Recombination Repair (HRR) Due To BRCA2 Loss Of Function R-HSA-9701190,1/41,0.3502301671402767,0.4606288067823205,0,0,2.373918269230769,2.4906312967992768,SEM1,PT
Reactome_2022,Signaling By NOTCH R-HSA-157118,3/203,0.356451093261265,0.4666120791300047,0,0,1.4265291262135922,1.471547866673648,SEM1;PSMD9;PSMC5,PT
Reactome_2022,Metabolism Of Lipids R-HSA-556833,9/732,0.3574210267551378,0.4666120791300047,0,0,1.186804979253112,1.2210334382181895,FABP1;HMGCL;FABP3;PHYH;AMACR;ECI1;ECI2;ACOT13;DBI,PT
Reactome_2022,Adaptive Immune System R-HSA-1280218,9/733,0.3589016470864184,0.4666120791300047,0,0,1.185103591160221,1.2143838170937094,SEM1;PSMD9;PSMC5;CTSH;STUB1;RNF7;B2M;AP1M2;ANAPC11,PT
Reactome_2022,Transcriptional Regulation By RUNX1 R-HSA-8878171,3/204,0.3592986914951677,0.4666120791300047,0,0,1.4193595131140415,1.4528581387323336,SEM1;PSMD9;PSMC5,PT
Reactome_2022,DAP12 Interactions R-HSA-2172127,1/43,0.3637673192394975,0.4666120791300047,0,0,2.2606456043956045,2.286057179373668,B2M,PT
Reactome_2022,Retinoid Metabolism And Transport R-HSA-975634,1/43,0.3637673192394975,0.4666120791300047,0,0,2.2606456043956045,2.286057179373668,APOM,PT
Reactome_2022,SUMOylation Of Transcription Cofactors R-HSA-3899300,1/43,0.3637673192394975,0.4666120791300047,0,0,2.2606456043956045,2.286057179373668,NPM1,PT
Reactome_2022,Homologous DNA Pairing And Strand Exchange R-HSA-5693579,1/43,0.3637673192394975,0.4666120791300047,0,0,2.2606456043956045,2.286057179373668,SEM1,PT
Reactome_2022,"Transport Of Vitamins, Nucleosides, And Related Molecules R-HSA-425397",1/43,0.3637673192394975,0.4666120791300047,0,0,2.2606456043956045,2.286057179373668,SLC25A6,PT
Reactome_2022,Rab Regulation Of Trafficking R-HSA-9007101,2/122,0.3650607045872993,0.4666120791300047,0,0,1.583816425120773,1.5959985475916922,TRAPPC1;OPTN,PT
Reactome_2022,M Phase R-HSA-68886,5/380,0.3653842520460161,0.4666120791300047,0,0,1.2690196078431373,1.2776562175012225,SEM1;PSMD9;PSMC5;RPS27;ANAPC11,PT
Reactome_2022,Regulation Of IGF Transport And Uptake By IGFBPs R-HSA-381426,2/123,0.3688112725574561,0.4681155301001404,0,0,1.5706471832954043,1.566673795019914,CST3;PLG,PT
Reactome_2022,TGF-beta Receptor Signaling Activates SMADs R-HSA-2173789,1/44,0.370430264521392,0.4681155301001404,0,0,2.2079606440071555,2.1927037946583394,STUB1,PT
Reactome_2022,TNF Signaling R-HSA-75893,1/44,0.370430264521392,0.4681155301001404,0,0,2.2079606440071555,2.1927037946583394,RACK1,PT
Reactome_2022,TP53 Regulates Transcription Of Cell Death Genes R-HSA-5633008,1/44,0.370430264521392,0.4681155301001404,0,0,2.2079606440071555,2.1927037946583394,PRELID1,PT
Reactome_2022,Cell Cycle R-HSA-1640170,8/654,0.3760250664225646,0.4715232583636508,0,0,1.1795511606056406,1.1537183671457545,SEM1;PSMD9;NPM1;PSMC5;RPS27;CENPX;OPTN;ANAPC11,PT
Reactome_2022,Platelet Degranulation R-HSA-114608,2/125,0.3762862705439861,0.4715232583636508,0,0,1.54495110168493,1.5100430357467425,CD63;PLG,PT
Reactome_2022,Bile Acid And Bile Salt Metabolism R-HSA-194068,1/45,0.3770237623692827,0.4715232583636508,0,0,2.1576704545454546,2.1046933085918926,AMACR,PT
Reactome_2022,TBC/RABGAPs R-HSA-8854214,1/45,0.3770237623692827,0.4715232583636508,0,0,2.1576704545454546,2.1046933085918926,OPTN,PT
Reactome_2022,Metabolism Of Fat-Soluble Vitamins R-HSA-6806667,1/47,0.3900052898857347,0.486501444084267,0,0,2.0636496655518397,1.9431221575983704,APOM,PT
Reactome_2022,Response To Elevated Platelet Cytosolic Ca2+ R-HSA-76005,2/130,0.3948110060183484,0.4912301463056058,0,0,1.4842240338164252,1.3793607774285626,CD63;PLG,PT
Reactome_2022,RMTs Methylate Histone Arginines R-HSA-3214858,1/49,0.4027175762219872,0.4972329257434739,0,0,1.9774639423076923,1.798542542342837,RPS2,PT
Reactome_2022,Signaling By ERBB2 R-HSA-1227986,1/49,0.4027175762219872,0.4972329257434739,0,0,1.9774639423076923,1.798542542342837,STUB1,PT
Reactome_2022,mRNA Splicing - Minor Pathway R-HSA-72165,1/49,0.4027175762219872,0.4972329257434739,0,0,1.9774639423076923,1.798542542342837,SF3B5,PT
Reactome_2022,Diseases Of DNA Repair R-HSA-9675135,1/51,0.4151661792426794,0.5112988059884397,0,0,1.898173076923077,1.6686391683120614,SEM1,PT
Reactome_2022,RHOD GTPase Cycle R-HSA-9013405,1/52,0.4212933050291481,0.516217619326855,0,0,1.8608597285067876,1.6085755341735564,HINT2,PT
Reactome_2022,Signaling By PDGF R-HSA-186797,1/52,0.4212933050291481,0.516217619326855,0,0,1.8608597285067876,1.6085755341735564,PLG,PT
Reactome_2022,MAPK Family Signaling Cascades R-HSA-5683057,4/318,0.4256847174932795,0.520281321380675,0,0,1.21031536430014,1.0336774697378264,SEM1;PSMD9;PSMC5;LAMTOR2,PT
Reactome_2022,Death Receptor Signaling R-HSA-73887,2/139,0.4275031427867535,0.5211877106014828,0,0,1.3860855460347683,1.1778866802471504,RACK1;SQSTM1,PT
Reactome_2022,Regulated Necrosis R-HSA-5218859,1/57,0.4509837679953276,0.5484325218837651,0,0,1.69428228021978,1.3491975260628957,STUB1,PT
Reactome_2022,"Cell Cycle, Mitotic R-HSA-69278",6/523,0.466590809052076,0.5659898535869794,0,0,1.1018856418709684,0.8399703087538064,SEM1;PSMD9;PSMC5;RPS27;OPTN;ANAPC11,PT
Reactome_2022,Transcriptional Regulation By MECP2 R-HSA-8986944,1/60,0.4680651724429458,0.5663588586559645,0,0,1.607887874837027,1.2206244389647514,GAMT,PT
Reactome_2022,Nuclear Events (Kinase And Transcription Factor Activation) R-HSA-198725,1/61,0.4736406055430073,0.5716759428499142,0,0,1.5810096153846154,1.1814987005311173,JUND,PT
Reactome_2022,Generic Transcription Pathway R-HSA-212436,13/1190,0.4754469844039555,0.572428707590832,0,0,1.048939711823557,0.7798865683621752,GAMT;PRELID1;NPM1;GADD45A;ANAPC11;SEM1;PSMD9;PSMC5;LAMTOR2;COX14;STUB1;PCK1;LAMTOR5,PT
Reactome_2022,Diseases Of Metabolism R-HSA-5668914,3/247,0.4784952677580584,0.5746692545779164,0,0,1.1666600350151202,0.8599555626112388,AHCY;KHK;APRT,PT
Reactome_2022,COPII-mediated Vesicle Transport R-HSA-204005,1/66,0.50065732591326,0.5997973904505391,0,0,1.4590236686390532,1.0094012938747148,TRAPPC1,PT
Reactome_2022,HDR Thru Homologous Recombination (HRR) R-HSA-5685942,1/67,0.5058927212432058,0.6045730298313867,0,0,1.4368444055944056,0.9791098108246576,SEM1,PT
Reactome_2022,Signaling By Nuclear Receptors R-HSA-9006931,3/260,0.512581983774638,0.6110583254850366,0,0,1.1069094480752522,0.7397416205881293,JUND;ANGPTL3;PCK1,PT
Reactome_2022,"Plasma Lipoprotein Assembly, Remodeling, And Clearance R-HSA-174824",1/71,0.5262936354514179,0.6258627016179025,0,0,1.3544642857142857,0.869425179648073,ANGPTL3,PT
Reactome_2022,"Cell Death Signaling Via NRAGE, NRIF And NADE R-HSA-204998",1/74,0.5410421812902989,0.6418245483933938,0,0,1.298603793466807,0.7976778132000935,SQSTM1,PT
Reactome_2022,Ion Channel Transport R-HSA-983712,2/175,0.5480024767257143,0.6484919284480335,0,0,1.0956410041607327,0.6590011906371235,ATP6V0E1;ATP6V1F,PT
Reactome_2022,Organelle Biogenesis And Maintenance R-HSA-1852241,3/275,0.5504102653999788,0.6497526059843652,0,0,1.045063535122787,0.6239983883874489,ATP5PD;ATP5PO;ATP5MC1,PT
Reactome_2022,Regulation Of HSF1-mediated Heat Shock Response R-HSA-3371453,1/81,0.573702306934735,0.6734446250718683,0,0,1.1845552884615385,0.6581918041979024,RPS19BP1,PT
Reactome_2022,Senescence-Associated Secretory Phenotype (SASP) R-HSA-2559582,1/81,0.573702306934735,0.6734446250718683,0,0,1.1845552884615385,0.6581918041979024,ANAPC11,PT
Reactome_2022,Metabolism Of Carbohydrates R-HSA-71387,3/285,0.5746541945344661,0.6734446250718683,0,0,1.0074881222887833,0.5581351409622642,MDH2;PCK1;KHK,PT
Reactome_2022,Transcriptional Regulation Of White Adipocyte Differentiation R-HSA-381340,1/84,0.5869814023132119,0.6862294655062672,0,0,1.141566265060241,0.6081832889017553,PCK1,PT
Reactome_2022,Signaling By Receptor Tyrosine Kinases R-HSA-9006934,5/496,0.5945910606504933,0.6931551918847768,0,0,0.9634199912144084,0.5008641364747699,ATP6V0E1;JUND;PLG;STUB1;ATP6V1F,PT
Reactome_2022,Signaling By WNT R-HSA-195721,3/294,0.595769751702618,0.6931551918847768,0,0,0.9758782904614152,0.5054083514914313,SEM1;PSMD9;PSMC5,PT
Reactome_2022,Membrane Trafficking R-HSA-199991,6/599,0.5990001482809945,0.694561736308267,0,0,0.9568778607564442,0.490393620126152,TRAPPC1;FTH1;OPTN;VPS28;AP1M2;FTL,PT
Reactome_2022,Regulation Of PLK1 Activity At G2/M Transition R-HSA-2565942,1/87,0.5998487722662306,0.694561736308267,0,0,1.1015764758497315,0.5629911735878778,OPTN,PT
Reactome_2022,RAB GEFs Exchange GTP For GDP On RABs R-HSA-8876198,1/89,0.6082045735124243,0.7008833656666984,0,0,1.076431381118881,0.5352490284677918,TRAPPC1,PT
Reactome_2022,Unfolded Protein Response (UPR) R-HSA-381119,1/89,0.6082045735124243,0.7008833656666984,0,0,1.076431381118881,0.5352490284677918,HERPUD1,PT
Reactome_2022,Signaling By TGF-beta Receptor Complex R-HSA-170834,1/91,0.6163867088732441,0.7068618197514593,0,0,1.052403846153846,0.5092379500366883,STUB1,PT
Reactome_2022,HCMV Late Events R-HSA-9610379,1/91,0.6163867088732441,0.7068618197514593,0,0,1.052403846153846,0.5092379500366883,VPS28,PT
Reactome_2022,RNA Polymerase II Transcription R-HSA-73857,13/1312,0.6193551818462836,0.7068618197514593,0,0,0.9441956921336664,0.4523418461062131,GAMT;PRELID1;NPM1;GADD45A;ANAPC11;SEM1;PSMD9;PSMC5;LAMTOR2;COX14;STUB1;PCK1;LAMTOR5,PT
Reactome_2022,Post-translational Modification: Synthesis Of GPI-anchored Proteins R-HSA-163125,1/92,0.6204137773802141,0.7068618197514593,0,0,1.0407861369399831,0.496838663421927,THY1,PT
Reactome_2022,Interferon Signaling R-HSA-913531,2/200,0.6206947797404343,0.7068618197514593,0,0,0.956082564778217,0.4559708964259402,MT2A;B2M,PT
Reactome_2022,Unattached Kinetochores Signal Amplification Via A MAD2 Inhibitory Signal R-HSA-141444,1/93,0.624398770785774,0.7094108100007385,0,0,1.0294209866220736,0.4848223450960141,RPS27,PT
Reactome_2022,DNA Repair R-HSA-73894,3/310,0.6315999940519027,0.7149678282423527,0,0,0.9242591948388728,0.424696181331604,SEM1;CENPX;FAAP20,PT
Reactome_2022,P75 NTR Receptor-Mediated Signaling R-HSA-193704,1/95,0.6322442778672045,0.7149678282423527,0,0,1.0074161211129296,0.4618795829842864,SQSTM1,PT
Reactome_2022,EML4 And NUDC In Mitotic Spindle Formation R-HSA-9648025,1/97,0.6399266760770975,0.7219685576254433,0,0,0.986328125,0.4402985298824764,RPS27,PT
Reactome_2022,Cellular Response To Heat Stress R-HSA-3371556,1/99,0.6474493404482796,0.7287569320394589,0,0,0.966100863422292,0.4199782732508562,RPS19BP1,PT
Reactome_2022,Vesicle-mediated Transport R-HSA-5653656,6/637,0.658283954545206,0.7392330255217627,0,0,0.8974729298244244,0.375250393194783,TRAPPC1;FTH1;OPTN;VPS28;AP1M2;FTL,PT
Reactome_2022,Phase I - Functionalization Of Compounds R-HSA-211945,1/104,0.6655786917802822,0.7439724868860429,0,0,0.9189693801344286,0.3741109675538048,AURKAIP1,PT
Reactome_2022,Transport Of Inorganic Cations/Anions And Amino Acids/Oligopeptides R-HSA-425393,1/104,0.6655786917802822,0.7439724868860429,0,0,0.9189693801344286,0.3741109675538048,SLC6A19,PT
Reactome_2022,Post-translational Protein Phosphorylation R-HSA-8957275,1/106,0.6725678759310245,0.748328395288772,0,0,0.9013736263736264,0.357531869642729,CST3,PT
Reactome_2022,Resolution Of Sister Chromatid Cohesion R-HSA-2500257,1/106,0.6725678759310245,0.748328395288772,0,0,0.9013736263736264,0.357531869642729,RPS27,PT
Reactome_2022,MyD88:MAL(TIRAP) Cascade Initiated On Plasma Membrane R-HSA-166058,1/112,0.692675091762398,0.7689329000298181,0,0,0.8523908523908524,0.312993005080197,SIGIRR,PT
Reactome_2022,Signaling By NTRK1 (TRKA) R-HSA-187037,1/114,0.6991005460245091,0.7725220645567635,0,0,0.837219196732471,0.299691573420736,JUND,PT
Reactome_2022,HDR Thru Homologous Recombination (HRR) Or Single Strand Annealing (SSA) R-HSA-5693567,1/114,0.6991005460245091,0.7725220645567635,0,0,0.837219196732471,0.299691573420736,SEM1,PT
Reactome_2022,PPARA Activates Gene Expression R-HSA-1989781,1/116,0.7053922874165358,0.7776990139170918,0,0,0.8225752508361204,0.2870797454132668,FABP1,PT
Reactome_2022,Regulation Of Lipid Metabolism By PPARalpha R-HSA-400206,1/118,0.7115530854105147,0.7789622782342456,0,0,0.8084319526627219,0.2751136407335582,FABP1,PT
Reactome_2022,RHO GTPases Activate Formins R-HSA-5663220,1/119,0.7145852304462914,0.7789622782342456,0,0,0.8015400912646675,0.2693599538027266,RPS27,PT
Reactome_2022,Estrogen-dependent Gene Expression R-HSA-9018519,1/119,0.7145852304462914,0.7789622782342456,0,0,0.8015400912646675,0.2693599538027266,JUND,PT
Reactome_2022,Signaling By TGFB Family Members R-HSA-9006936,1/119,0.7145852304462914,0.7789622782342456,0,0,0.8015400912646675,0.2693599538027266,STUB1,PT
Reactome_2022,Homology Directed Repair R-HSA-5693538,1/119,0.7145852304462914,0.7789622782342456,0,0,0.8015400912646675,0.2693599538027266,SEM1,PT
Reactome_2022,SARS-CoV-2 Activates/Modulates Innate And Adaptive Immune Responses R-HSA-9705671,1/121,0.7205546815336331,0.7819472328750637,0,0,0.7881009615384615,0.2582874588970041,B2M,PT
Reactome_2022,HCMV Infection R-HSA-9609646,1/121,0.7205546815336331,0.7819472328750637,0,0,0.7881009615384615,0.2582874588970041,VPS28,PT
Reactome_2022,Metabolism Of Water-Soluble Vitamins And Cofactors R-HSA-196849,1/122,0.7234926448026416,0.7833790605916745,0,0,0.7815479974570884,0.2529596537352055,QPRT,PT
Reactome_2022,Immunoregulatory Interactions Between A Lymphoid And A non-Lymphoid Cell R-HSA-198933,1/123,0.7263998656305086,0.7847712834043887,0,0,0.7751024590163934,0.2477650949228597,B2M,PT
Reactome_2022,"Platelet Activation, Signaling And Aggregation R-HSA-76002",2/254,0.7465117542521004,0.8047030936704155,0,0,0.7491373360938578,0.2190057426879024,CD63;PLG,PT
Reactome_2022,Signaling By NTRKs R-HSA-166520,1/132,0.7512331911344029,0.8079930322423355,0,0,0.7215208455666471,0.2063832222977291,JUND,PT
Reactome_2022,ER To Golgi Anterograde Transport R-HSA-199977,1/133,0.7538500600190233,0.8082825179745033,0,0,0.7160183566433567,0.2023194286266396,TRAPPC1,PT
Reactome_2022,Gene Expression (Transcription) R-HSA-74160,13/1449,0.7548423514968502,0.8082825179745033,0,0,0.8477879313285203,0.2384372676190724,GAMT;PRELID1;NPM1;GADD45A;ANAPC11;SEM1;PSMD9;PSMC5;LAMTOR2;COX14;STUB1;PCK1;LAMTOR5,PT
Reactome_2022,Late Phase Of HIV Life Cycle R-HSA-162599,1/136,0.7615374195648602,0.8136514593143318,0,0,0.7,0.1906911779990643,VPS28,PT
Reactome_2022,Toll Like Receptor 4 (TLR4) Cascade R-HSA-166016,1/140,0.7714167884936238,0.8223914661473876,0,0,0.6797177642501383,0.1764047518003279,SIGIRR,PT
Reactome_2022,Post-translational Protein Modification R-HSA-597592,12/1383,0.7870376596390399,0.8372004994841655,0,0,0.8184029590465295,0.1959904691847512,CST3;SEM1;PSMD9;NPM1;PSMC5;TRAPPC1;THY1;RPS2;RNF7;COMMD6;TOMM20;SQSTM1,PT
Reactome_2022,DNA Double-Strand Break Repair R-HSA-5693532,1/149,0.7921811425191251,0.8389839671318524,0,0,0.6380912162162162,0.1486530465388103,SEM1,PT
Reactome_2022,HIV Life Cycle R-HSA-162587,1/149,0.7921811425191251,0.8389839671318524,0,0,0.6380912162162162,0.1486530465388103,VPS28,PT
Reactome_2022,Metabolism Of Steroids R-HSA-8957322,1/153,0.8007964983183329,0.8462565615416444,0,0,0.6211728238866396,0.1379925636841437,AMACR,PT
Reactome_2022,Extracellular Matrix Organization R-HSA-1474244,2/291,0.8105989595796074,0.8547492297092156,0,0,0.6519900372766327,0.1369060731055003,CAPN3;PLG,PT
Reactome_2022,Toll-like Receptor Cascades R-HSA-168898,1/162,0.8189033535837277,0.8616287459446178,0,0,0.5861801242236024,0.1171124624618143,SIGIRR,PT
Reactome_2022,Transport To Golgi And Subsequent Modification R-HSA-948021,1/164,0.822699141938845,0.8637448691939283,0,0,0.5789287399716847,0.1129864583675928,TRAPPC1,PT
Reactome_2022,Cellular Senescence R-HSA-2559583,1/165,0.82456723706925,0.8638323435963571,0,0,0.5753693714821764,0.1109867905583008,ANAPC11,PT
Reactome_2022,SUMO E3 Ligases SUMOylate Target Proteins R-HSA-3108232,1/168,0.8300547989631144,0.8677030727821757,0,0,0.5649470290188853,0.1052290434375476,NPM1,PT
Reactome_2022,SUMOylation R-HSA-2990846,1/174,0.840522643418473,0.8767520677037521,0,0,0.5451867496665185,0.0947160496929689,NPM1,PT
Reactome_2022,mRNA Splicing - Major Pathway R-HSA-72163,1/181,0.8519266450093353,0.8867365509344479,0,0,0.5237980769230769,0.0839411839584774,SF3B5,PT
Reactome_2022,Mitotic Prometaphase R-HSA-68877,1/186,0.8595718616924569,0.8927742082814358,0,0,0.5095114345114345,0.077099702813389,RPS27,PT
Reactome_2022,ESR-mediated Signaling R-HSA-8939211,1/188,0.8625187737848429,0.8935064709973447,0,0,0.5040106951871658,0.0745423570583307,JUND,PT
Reactome_2022,mRNA Splicing R-HSA-72172,1/189,0.8639690669974324,0.8935064709973447,0,0,0.5013042144026186,0.0732998564822659,SF3B5,PT
Reactome_2022,Peptide Ligand-Binding Receptors R-HSA-375276,1/196,0.8737035586872071,0.9016471693062008,0,0,0.4831360946745562,0.0652302036315603,OXT,PT
Reactome_2022,G Alpha (Q) Signaling Events R-HSA-416476,1/212,0.8934283231547748,0.920041081716832,0,0,0.4461356179365658,0.0502746515596186,OXT,PT
Reactome_2022,Chromatin Modifying Enzymes R-HSA-3247509,1/238,0.9191515291066148,0.9445208919057356,0,0,0.3966650438169425,0.0334405630800772,RPS2,PT
Reactome_2022,Processing Of Capped Intron-Containing Pre-mRNA R-HSA-72203,1/242,0.9225179887695344,0.9459718359416412,0,0,0.390001595914459,0.0314530059701496,SF3B5,PT
Reactome_2022,RHO GTPase Effectors R-HSA-195258,1/269,0.9418667747342828,0.9637706532164756,0,0,0.3502260332950631,0.0209755423361139,RPS27,PT
Reactome_2022,Asparagine N-linked Glycosylation R-HSA-446203,1/282,0.949384195876274,0.9694133983209212,0,0,0.3338009854913769,0.0173381971360941,TRAPPC1,PT
Reactome_2022,Signal Transduction R-HSA-162582,18/2465,0.964985859153424,0.98326980174791,0,0,0.6679661172886129,0.0238075357851072,ATP6V0E1;JUND;RPS6;OXT;PLG;SEM1;PSMD9;PSMC5;RPS27;HINT2;RACK1;ANGPTL3;LAMTOR2;STUB1;PCK1;SQSTM1;LAMTOR5;ATP6V1F,PT
Reactome_2022,Class A/1 (Rhodopsin-like Receptors) R-HSA-373076,1/327,0.9686808063158568,0.9849611560018374,0,0,0.2870605238319962,0.0091343022113418,OXT,PT
Reactome_2022,Hemostasis R-HSA-109582,2/576,0.9843429415621864,0.9970008482446108,0,0,0.3234695079870053,0.0051046479807559,CD63;PLG,PT
Reactome_2022,Sensory Perception R-HSA-9709957,2/616,0.98921868337962,0.9970008482446108,0,0,0.3017671403169208,0.0032711123918618,APOM;RNF7,PT
Reactome_2022,RHO GTPase Cycle R-HSA-9012999,1/441,0.990762128857098,0.9970008482446108,0,0,0.2114401223776223,0.001962334521712,HINT2,PT
Reactome_2022,Signaling By Rho GTPases R-HSA-194315,2/644,0.9917168323267572,0.9970008482446108,0,0,0.288184568152061,0.0023970223299913,RPS27;HINT2,PT
Reactome_2022,GPCR Ligand Binding R-HSA-500792,1/458,0.9923043108337496,0.9970008482446108,0,0,0.2033958929473152,0.0015713255713559,OXT,PT
Reactome_2022,"Signaling By Rho GTPases, Miro GTPases And RHOBTB3 R-HSA-9716542",2/660,0.992881010028724,0.9970008482446108,0,0,0.280942102403712,0.0020071770534696,RPS27;HINT2,PT
Reactome_2022,GPCR Downstream Signaling R-HSA-388396,1/619,0.9986446299214534,0.9993647396253,0,0,0.1491551530993278,0.00020229755658930767,OXT,PT
Reactome_2022,Signaling By GPCR R-HSA-372790,1/689,0.9993647396253,0.9993647396253,0,0,0.1334903287119856,8.482806304359862e-05,OXT,PT
