Gene_set,Term,Overlap,P-value,Adjusted P-value,Old P-value,Old Adjusted P-value,Odds Ratio,Combined Score,Genes,cell_type
GO_Biological_Process_2023,Cytoplasmic Translation (GO:0002181),73/93,4.181966530863269e-90,1.1358221097824638e-86,0,0,117.04858803986713,24088.81909207413,RPL4;EIF4A1;RPL5;RPL30;RPL3;RPL32;RPL34;RPLP1;RPLP0;RPL10A;RPL8;RPL9;RPL6;RPS15;RPS4X;RPL7A;RPS14;RPS16;RPL18A;RPS19;RPL36AL;RPS18;RACK1;RPL36;RPL35;RPL38;RPL37;RPS11;RPL39;RPS10;RPS13;RPS9;RPL21;RPS7;RPS8;RPS5;RPL22;RPS6;RPL13A;RPS3A;RPSA;RPL37A;RPL24;RPL27;RPL26;RPL29;RPL28;UBA52;RPL10;RPL12;RPL11;RPS15A;RPL14;RPS3;RPL13;RPL15;RPS2;RPL18;RPS27A;RPL17;RPL19;RPL41;RPL35A;RPL23A;RPS25;RPS28;RPS27;RPS29;EIF3I;FAU;RPS21;RPS24;RPS23,EC-PTC
GO_Biological_Process_2023,Translation (GO:0006412),92/234,7.473093085647818e-74,1.0148460410309735e-70,0,0,21.318048945473876,3589.532823499592,RPL4;RPL5;RPL30;RPL3;RPL32;RPL34;RPLP1;RPLP0;RPL8;MRPL34;RPL10A;RPL9;RPL6;MRPL33;RPS15;EEF1B2;RPS4X;RPS14;RPL7A;RPS16;RPL18A;RPS19;RPL36AL;RPS18;RPL36;RACK1;RPL35;RPL38;RPL37;RPS11;RPL39;RPS10;RPS13;RPS9;RPL21;MRPS24;RPS7;RPS8;RPS5;RPL22;RPS6;RPL13A;RPSA;RPS3A;MRPS6;MRPS18C;TUFM;MRPL52;EEF1A1;EEF1G;MRPL51;RPL37A;RPL24;RPL27;RPL26;AURKAIP1;RPL29;RPL28;UBA52;RPL10;RPL12;MRPS34;RPL11;MRPL17;MRPL14;RPS4Y1;MRPL57;MRPL54;MRPL20;RPS15A;RPL14;RPS3;RPL13;RPL15;RPS2;RPL18;RPS27A;RPL17;RPL19;GADD45GIP1;RPL41;RPL35A;RPL23A;MRPL22;RPS25;RPS28;RPS27;RPS29;FAU;RPS21;RPS24;RPS23,EC-PTC
GO_Biological_Process_2023,Peptide Biosynthetic Process (GO:0043043),78/158,3.700346002556025e-72,3.3500465809807213e-69,0,0,31.430276381909547,5169.5795811670805,RPL4;RPL5;RPL30;RPL3;RPL32;RPL34;RPLP1;RPLP0;RPL10A;RPL8;MRPL34;RPL9;RPL6;RPS15;RPS4X;RPS14;RPL7A;RPS16;RPL18A;RPS19;RPL36AL;RPS18;RPL36;RPL35;RPL38;RPL37;RPS11;RPL39;RPS10;RPS13;RPS9;RPL21;RPS7;RPS8;RPS5;RPL22;RPS6;RPL13A;RPSA;RPS3A;MRPS6;MRPS18C;EEF1A1;MRPL52;MRPL51;RPL37A;RPL24;RPL27;RPL26;RPL29;RPL28;RPL10;RPL12;RPL11;MRPL14;FURIN;RPS4Y1;RPS15A;RPL14;RPS3;RPL13;RPL15;RPS2;RPL18;RPS27A;RPL17;RPL19;RPL41;RPL35A;RPL23A;RPS25;RPS28;RPS27;RPS29;FAU;RPS21;RPS24;RPS23,EC-PTC
GO_Biological_Process_2023,Macromolecule Biosynthetic Process (GO:0009059),80/183,1.2519571171460278e-68,8.500788825421529e-66,0,0,25.09194745859509,3923.153041873176,RPL4;RPL5;RPL30;RPL3;RPL32;RPL34;RPLP1;RPLP0;RPL10A;RPL8;MRPL34;RPL9;RPL6;EEF1B2;RPS15;RPS4X;RPS14;RPL7A;RPS16;RPL18A;RPS19;RPL36AL;RPS18;RPL36;RPL35;RPL38;RPL37;RPS11;RPL39;RPS10;RPS13;RPS9;RPL21;RPS7;RPS8;RPS5;RPL22;RPS6;RPL13A;RPSA;RPS3A;MRPS6;MRPS18C;TUFM;EEF1A1;EEF1G;MRPL52;MRPL51;RPL37A;RPL24;RPL27;RPL26;RPL29;RPL28;RPL10;RPL12;RPL11;MRPL14;RPS4Y1;RPS15A;RPL14;RPS3;RPL13;RPL15;RPS2;RPL18;RPS27A;RPL17;RPL19;RPL41;RPL35A;RPL23A;RPS25;RPS28;RPS27;RPS29;FAU;RPS21;RPS24;RPS23,EC-PTC
GO_Biological_Process_2023,Gene Expression (GO:0010467),81/296,1.0863083330279915e-50,5.90082686500805e-48,0,0,12.120507399577168,1394.4215855033372,RPL4;RPL5;RPL30;RPL3;RPL32;RPL34;RPLP1;RPLP0;RPL8;MRPL34;RPL10A;RPL9;RPL6;RPS15;RPS4X;RPS14;RPL7A;RPS16;RPL18A;RPS19;RPL36AL;RPS18;RPL36;RPL35;RPL38;RPL37;RPS11;RPL39;RPS10;RPS13;RPS9;RPL21;RPS7;RPS8;RPS5;RPL22;RPS6;RPL13A;RPSA;RPS3A;MRPS6;MRPS18C;MRPL52;EEF1A1;MRPL51;RPL37A;RPL24;RPL27;RPL26;RPL29;RPL28;RPL10;RBM8A;RPL12;RPL11;MRPL14;FURIN;RPS4Y1;RPS15A;RPL14;RPS3;RPL13;RPL15;RPS2;RPL18;RPS27A;RPL17;RPL19;RPL41;ANGPT2;RPL35A;RPL23A;RPS25;RPS28;RPS27;RPS29;HNRNPF;FAU;RPS21;RPS24;RPS23,EC-PTC
GO_Biological_Process_2023,Cellular Respiration (GO:0045333),43/85,1.2224268844763786e-40,5.533519030396408e-38,0,0,31.237530138637734,2870.8091623540013,NDUFB9;COX7B;NDUFA13;NDUFB8;NDUFB7;NDUFA11;NDUFB10;UQCRB;NDUFA12;NDUFB11;COX4I1;NDUFB4;NDUFB3;NDUFB2;COX7A2;UQCR11;UQCR10;COX6A1;COX5B;COX7C;COX5A;MTLN;UQCRH;UQCRFS1;CYC1;NDUFV2;COX8A;NDUFA8;SURF1;NDUFA6;NDUFA5;NDUFA4;NDUFA3;NDUFA1;NDUFC2;NDUFC1;COX6C;COX6B1;NDUFS8;NDUFS6;UQCRQ;NDUFAB1;CYCS,EC-PTC
GO_Biological_Process_2023,Mitochondrial ATP Synthesis Coupled Electron Transport (GO:0042775),38/70,1.342190172070838e-37,5.207697867634851e-35,0,0,35.96614992150707,3053.574528139214,NDUFB9;COX7B;NDUFB8;NDUFB7;NDUFB10;UQCRB;NDUFA12;COX4I1;NDUFB4;NDUFB3;NDUFB2;COX7A2;UQCR11;UQCR10;COX6A1;COX5B;COX7C;COX5A;UQCRH;UQCRFS1;CYC1;NDUFV2;COX8A;NDUFA8;NDUFA6;NDUFA5;NDUFA4;NDUFA3;NDUFA1;NDUFC2;NDUFC1;COX6C;COX6B1;NDUFS8;NDUFS6;UQCRQ;NDUFAB1;CYCS,EC-PTC
GO_Biological_Process_2023,Aerobic Electron Transport Chain (GO:0019646),37/68,1.0905828793921778e-36,3.7025288755364437e-34,0,0,36.09454949944383,2988.857936580408,NDUFB9;COX7B;NDUFB8;NDUFB7;NDUFB10;UQCRB;COX4I1;NDUFB4;NDUFB3;NDUFB2;COX7A2;UQCR11;UQCR10;COX6A1;COX5B;COX7C;COX5A;UQCRH;UQCRFS1;CYC1;NDUFV2;COX8A;NDUFA8;NDUFA6;NDUFA5;NDUFA4;NDUFA3;NDUFA1;NDUFC2;NDUFC1;COX6C;COX6B1;NDUFS8;NDUFS6;UQCRQ;NDUFAB1;CYCS,EC-PTC
GO_Biological_Process_2023,Proton Motive Force-Driven ATP Synthesis (GO:0015986),33/60,4.684806560152644e-33,1.41377051304162e-30,0,0,36.739010038075456,2734.888037962239,NDUFB9;NDUFA13;NDUFB8;NDUFB7;NDUFA11;NDUFB10;NDUFA12;NDUFB11;NDUFB4;NDUFB3;ATP5MC2;NDUFB2;ATP5MC3;ATP5MC1;NDUFV2;ATP5MG;ATP5MF;ATP5ME;ATP5PF;NDUFA8;ATP5PD;NDUFA6;NDUFA5;NDUFA3;NDUFA1;NDUFC2;NDUFC1;ATP5F1D;ATP5F1E;NDUFS8;NDUFS6;NDUFAB1;ATP5PO,EC-PTC
GO_Biological_Process_2023,Oxidative Phosphorylation (GO:0006119),33/63,4.1668857022359956e-32,1.1317261567272967e-29,0,0,33.059968847352025,2388.766366040815,NDUFB9;NDUFA13;NDUFB8;NDUFB7;NDUFA11;NDUFB10;UQCRB;NDUFA12;NDUFB11;NDUFB4;NDUFB3;NDUFB2;UQCRH;NDUFV2;ATP5MG;ATP5MF;ATP5ME;ATP5PF;NDUFA8;ATP5PD;NDUFA6;NDUFA5;NDUFA3;NDUFA1;NDUFC2;CHCHD10;NDUFC1;ATP5F1D;ATP5F1E;NDUFS8;NDUFS6;NDUFAB1;ATP5PO,EC-PTC
GO_Biological_Process_2023,Proton Motive Force-Driven Mitochondrial ATP Synthesis (GO:0042776),30/53,1.1224029551655516e-30,2.771314932936034e-28,0,0,39.03336703741153,2691.822215711284,NDUFB9;NDUFA13;NDUFB8;NDUFB7;NDUFA11;NDUFB10;NDUFA12;NDUFB11;NDUFB4;NDUFB3;NDUFB2;NDUFV2;ATP5MG;ATP5MF;ATP5ME;ATP5PF;NDUFA8;ATP5PD;NDUFA6;NDUFA5;NDUFA3;NDUFA1;NDUFC2;NDUFC1;ATP5F1D;ATP5F1E;NDUFS8;NDUFS6;NDUFAB1;ATP5PO,EC-PTC
GO_Biological_Process_2023,Aerobic Respiration (GO:0009060),27/59,1.9259547665667222e-24,4.359077621662681e-22,0,0,25.12109375,1371.778030550701,NDUFB9;NDUFA13;NDUFB8;NDUFB7;NDUFA11;NDUFB10;UQCRB;NDUFA12;NDUFB11;NDUFB4;NDUFB3;NDUFB2;UQCRH;NDUFV2;NDUFA8;SURF1;NDUFA6;NDUFA5;NDUFA3;NDUFA1;NDUFC2;CHCHD10;NDUFC1;ATP5F1D;NDUFS8;NDUFS6;NDUFAB1,EC-PTC
GO_Biological_Process_2023,Ribonucleoprotein Complex Biogenesis (GO:0022613),31/118,2.0614115529890392e-19,4.306764444552485e-17,0,0,10.644285000356964,457.9780877501042,RPL5;RPS19BP1;RPL11;NOL7;SNU13;RPS15;RPS4X;RPS14;RPS16;RPS15A;RPS19;RPL14;RPL38;RPS11;RPS13;RPS9;NPM1;RPS7;RPS8;RPS5;RPS6;RPL35A;RPS3A;RPS25;RPS28;RPS27;RPL26;RBIS;RSL24D1;RPS24;RPS23,EC-PTC
GO_Biological_Process_2023,Mitochondrial Respiratory Chain Complex Assembly (GO:0033108),27/90,1.0226646330365398e-18,1.9839693880908875e-16,0,0,12.739417989417989,527.7191803851736,NDUFB9;NDUFA13;NDUFB8;NDUFB7;NDUFA11;NDUFB10;NDUFB11;NDUFB4;COX17;NDUFB3;NDUFB2;STMP1;UQCRFS1;COX14;NDUFA8;SURF1;NDUFA6;NDUFA5;NDUFA3;NDUFA1;NDUFC2;NDUFC1;NDUFS8;NDUFAB1;NDUFAF3;TMEM126B;COX20,EC-PTC
GO_Biological_Process_2023,"Mitochondrial Electron Transport, NADH To Ubiquinone (GO:0006120)",18/34,3.4355771929108535e-18,6.220685103963919e-16,0,0,33.06335616438356,1329.5551421219443,NDUFB9;NDUFA8;NDUFB8;NDUFB7;NDUFA6;NDUFB10;NDUFA5;NDUFA4;NDUFB4;NDUFA3;NDUFB3;NDUFB2;NDUFC2;NDUFC1;NDUFS8;NDUFS6;NDUFAB1;NDUFV2,EC-PTC
GO_Biological_Process_2023,NADH Dehydrogenase Complex Assembly (GO:0010257),21/53,1.0540659984968509e-17,1.684025442304381e-15,0,0,19.359375,756.7829716842436,NDUFB9;NDUFA8;NDUFA13;NDUFB8;NDUFB7;NDUFA6;NDUFA11;NDUFB10;NDUFA5;NDUFB11;NDUFB4;NDUFA3;NDUFB3;NDUFB2;NDUFA1;NDUFC2;NDUFC1;NDUFS8;NDUFAB1;NDUFAF3;TMEM126B,EC-PTC
GO_Biological_Process_2023,Mitochondrial Respiratory Chain Complex I Assembly (GO:0032981),21/53,1.0540659984968509e-17,1.684025442304381e-15,0,0,19.359375,756.7829716842436,NDUFB9;NDUFA8;NDUFA13;NDUFB8;NDUFB7;NDUFA6;NDUFA11;NDUFB10;NDUFA5;NDUFB11;NDUFB4;NDUFA3;NDUFB3;NDUFB2;NDUFA1;NDUFC2;NDUFC1;NDUFS8;NDUFAB1;NDUFAF3;TMEM126B,EC-PTC
GO_Biological_Process_2023,Energy Derivation By Oxidation Of Organic Compounds (GO:0015980),19/43,3.182627497827682e-17,4.802231268944435e-15,0,0,23.292619410569102,884.7990187689762,COX8A;COX7B;UQCRB;NDUFA4;COX4I1;COX7A2;UQCR11;UQCR10;COX5B;COX6A1;COX6C;COX5A;COX7C;MTLN;UQCRH;COX6B1;UQCRQ;CYCS;CYC1,EC-PTC
GO_Biological_Process_2023,Ribosome Biogenesis (GO:0042254),32/155,1.1758123714320283e-16,1.6807928425312575e-14,0,0,7.76927259163727,284.9722741843464,RPL5;RPS19BP1;RPL11;NOL7;SNU13;RPS15;RPS4X;RPS14;RPS16;RPS15A;RPS19;RPL14;RPS11;RPS13;RPS9;NPM1;RPS7;RPS8;RPS5;RPS6;RPL35A;RPS3A;MRPL22;RPS25;RPS28;RPS27;RPL27;RPL26;RBIS;RSL24D1;RPS24;RPS23,EC-PTC
GO_Biological_Process_2023,Ribosomal Small Subunit Biogenesis (GO:0042274),24/84,3.0480940235606037e-16,4.1393116839953004e-14,0,0,11.837173579109065,422.90486573362233,RPS9;NPM1;RPS7;RPS19BP1;RPS8;RPS5;RPS6;NOL7;RPS3A;RPSA;SNU13;RPS15;RPS4X;RPS14;RPS25;RPS28;RPS16;RPS15A;RPS27;RPS19;RPS11;RPS13;RPS24;RPS23,EC-PTC
GO_Biological_Process_2023,"Mitochondrial Electron Transport, Cytochrome C To Oxygen (GO:0006123)",12/16,3.1903758241835045e-15,4.126219399277333e-13,0,0,87.42533936651584,2918.1387260516813,COX8A;COX7B;NDUFA4;COX4I1;CYCS;COX7A2;COX5B;COX6A1;COX6C;COX5A;COX7C;COX6B1,EC-PTC
GO_Biological_Process_2023,protein-RNA Complex Assembly (GO:0022618),28/150,1.4027017055432044e-13,1.7316990146615197e-11,0,0,6.811817467757874,201.5971414806939,RPL5;RPL10;RPLP0;RPL11;RPL6;RPS15;RPS14;MRPL20;RPS19;SNRPD2;RPL38;RPS5;RPSA;RPL23A;EIF2S2;LSM4;RPS28;EIF5;RPS27;EIF6;EIF3K;EIF3I;SNRPG;EIF3G;SNRPE;SRSF5;SNRPB;SRSF9,EC-PTC
GO_Biological_Process_2023,Ribosome Assembly (GO:0042255),17/50,2.729997257342753e-13,3.223770674323007e-11,0,0,15.103803997421018,436.9425616297858,RPL5;NPM1;RPL10;RPS5;RPLP0;RPL11;RPSA;RPL23A;RPL6;MRPL22;RPS15;RPS14;MRPL20;RPS28;RPS27;RPS19;EIF6,EC-PTC
GO_Biological_Process_2023,ATP Biosynthetic Process (GO:0006754),11/25,1.72906806146597e-10,1.9567286895589896e-08,0,0,22.85079604130809,513.6463256418008,ATP5PF;ATP5PD;ATP5MC2;ATP5PO;ATP5MC3;ATP5MG;ATP5F1D;ATP5MF;ATP5F1E;ATP5MC1;ATP5ME,EC-PTC
GO_Biological_Process_2023,rRNA Processing (GO:0006364),18/101,7.021907550359906e-09,7.628600362711001e-07,0,0,6.351543158937118,119.24533799599148,RPL5;RPS7;RPS6;RPL11;RPL35A;SNU13;RPS15;RPS14;RPS25;RPS28;RPS16;RPS27;RPS19;EIF6;RPL14;RPL27;RPL26;RPS24,EC-PTC
GO_Biological_Process_2023,Ribosomal Large Subunit Biogenesis (GO:0042273),13/54,2.034556035853756e-08,2.125328535914923e-06,0,0,9.23631272566502,163.57882164980154,RPL5;NPM1;RPL10;RPLP0;RPL11;RPL35A;RPL23A;RPL6;MRPL20;EIF6;RPL14;RPL26;RSL24D1,EC-PTC
GO_Biological_Process_2023,Positive Regulation Of Cysteine-Type Endopeptidase Activity Involved In Apoptotic Process (GO:0043280),18/109,2.4399524431332173e-08,2.4544114205740064e-06,0,0,5.790757188017462,101.50445823437737,MTCH1;BEX3;FIS1;NDUFA13;VCP;EGLN3;GSN;PDCD6;PDCD5;DYNLL1;HSPE1;UACA;TNFSF10;RACK1;RPS3;CYCS;CTSD;SNCA,EC-PTC
GO_Biological_Process_2023,"Mitochondrial Electron Transport, Ubiquinol To Cytochrome C (GO:0006122)",7/12,3.3045136250112636e-08,3.205378216260925e-06,0,0,40.49101796407186,697.473634432146,UQCRB;UQCRQ;CYCS;UQCRFS1;UQCR11;UQCR10;UQCRH,EC-PTC
GO_Biological_Process_2023,rRNA Metabolic Process (GO:0016072),16/91,5.8718539968083637e-08,5.499294984597074e-06,0,0,6.231664137582195,103.760388016468,TRIR;RPL5;RPS7;RPS6;RPL11;RPL35A;RPS15;RPS25;RPS28;RPS16;RPS27;RPS19;RPL14;RPL27;RPL26;RPS24,EC-PTC
GO_Biological_Process_2023,Mitochondrial Translation (GO:0032543),16/98,1.71601272925697e-07,1.5535635242206435e-05,0,0,5.69762019319738,88.758052872182,GADD45GIP1;MRPS24;MRPS34;MRPL17;MRPL14;MRPL34;MRPS6;MRPL57;MRPL54;MRPS18C;TUFM;MRPL22;MRPL33;MRPL52;MRPL20;MRPL51,EC-PTC
GO_Biological_Process_2023,ncRNA Processing (GO:0034470),16/100,2.2887676524247034e-07,2.0052557883824173e-05,0,0,5.5613844930992125,85.03402560755066,RPL5;SSB;RPS7;RPS6;RPL11;RPL35A;RPS15;RPS25;RPS28;RPS16;RPS27;RPS19;RPL14;RPL27;RPL26;RPS24,EC-PTC
GO_Biological_Process_2023,Regulation Of Apoptotic Process (GO:0042981),51/705,2.770264499049726e-07,2.351261993568455e-05,0,0,2.333325982121853,35.23124564895849,ARF4;MTCH1;PDCD5;HSPB1;PARK7;IER3IP1;MYDGF;CFL1;RACK1;TNFSF10;PIM3;CTSD;SOX4;ACTN1;ANXA5;RPS6;NME2;RPS3A;DUSP6;SFRP1;TMBIM4;DDAH2;CRYAB;SQSTM1;PTMA;PPIA;ATF4;VCP;RPL10;GSTP1;HTRA1;RTN4;PRDX2;PRDX5;UBB;BAG1;RPS3;SAP18;PAK2;SNCA;PRELID1;JUN;EGLN3;NPM1;STAT1;HIGD2A;SOD1;PINK1;TCIM;TPT1;HSPA1A,EC-PTC
GO_Biological_Process_2023,Regulation Of Translation (GO:0006417),23/202,3.716354302790989e-07,3.058672207994038e-05,0,0,3.773160366041745,55.86296921807146,RPL5;EPHA4;NPM1;SSB;RPL10;EIF2AK2;HSPB1;RPL13A;YBX1;BZW1;RPS4X;EIF5;EIF6;CSDE1;RACK1;RPS3;EIF4H;RPL26;VIM;PAIP2;GAPDH;SOX4;PAIP1,EC-PTC
GO_Biological_Process_2023,Ribosomal Small Subunit Assembly (GO:0000028),7/17,6.999211504234631e-07,5.591134836912135e-05,0,0,20.240269461077844,286.85113344885144,RPS15;RPS14;RPS28;RPS27;RPS19;RPS5;RPSA,EC-PTC
GO_Biological_Process_2023,Positive Regulation Of Peptidase Activity (GO:0010952),8/25,1.04976800191961e-06,8.146199694896172e-05,0,0,13.622365287944262,187.53830422297048,GRN;NDUFA13;VCP;PRELID1;PINK1;CTSL;PSME1;PSME2,EC-PTC
GO_Biological_Process_2023,Negative Regulation Of Protein Modification By Small Protein Conjugation Or Removal (GO:1903321),11/54,1.522064945157904e-06,0.00011483134419580188,0,0,7.428621462594564,99.50967261105563,RPL5;SUMO1;RPL11;RPS3;ISG15;PARK7;SQSTM1;SOX4;VPS28;COPS9;HSPA1A,EC-PTC
GO_Biological_Process_2023,Mitochondrial Gene Expression (GO:0140053),15/103,1.8715777671671365e-06,0.0001373839247466471,0,0,4.96823347107438,65.52468365182841,GADD45GIP1;MRPS24;MRPS34;MRPL17;MRPL14;MRPL34;MRPS6;MRPL57;MRPL54;MRPS18C;MRPL22;MRPL33;MRPL52;MRPL20;MRPL51,EC-PTC
GO_Biological_Process_2023,Modification-Dependent Macromolecule Catabolic Process (GO:0043632),5/8,2.2203448245514533e-06,0.00015869622482846704,0,0,48.06467661691542,625.6986566640862,UBB;ISG15;NEDD8;RPS27A;UBA52,EC-PTC
GO_Biological_Process_2023,Protein Stabilization (GO:0050821),22/208,2.310799931970897e-06,0.00016092647731366552,0,0,3.466696306542179,44.99049624576541,RPL5;EPHA4;GRN;RPS7;RPL11;ATP1B3;PARK7;ATP1B1;RTN4;PINK1;SUMO1;TMEM88;CDC37;BAG1;PFN1;PPIB;CRYAB;RPL17;GAPDH;PFDN5;SOX4;HSPA1A,EC-PTC
GO_Biological_Process_2023,Protein-Containing Complex Assembly (GO:0065003),29/328,2.49279143696752e-06,0.00016926053857009462,0,0,2.8565496960974146,36.85551101928215,TMED10;PDCD6;CLTA;COX7A2;COX7A1;SLC9A3R2;STMP1;TSPAN4;AP2S1;RPL38;ELOB;HES1;AP2M1;SNCA;TRAPPC1;GPX4;TRAPPC4;TRAPPC5;FN1;CHCHD10;HIGD2A;VAMP8;FKBP1A;CSNK2B;CAPZA2;CHMP2A;ITGB1BP1;PFDN5;HSPA1A,EC-PTC
GO_Biological_Process_2023,Positive Regulation Of Cellular Component Biogenesis (GO:0044089),14/93,2.7477043827299247e-06,0.00018201866106084088,0,0,5.15988433328865,66.0710019037371,VCP;BRK1;PARK7;SNF8;RHOC;MTLN;LGALS3;SDCBP;RGCC;SUMO1;RACK1;RPS3;CHMP2A;PFN1,EC-PTC
GO_Biological_Process_2023,Regulation Of Protein Catabolic Process (GO:0042176),16/122,3.5192499291949623e-06,0.00022757816208794087,0,0,4.402095799811034,55.27827329792435,NDUFA13;VCP;TNFSF12;RDX;ODC1;FURIN;SNF8;OAZ1;RBX1;EEF1A1;SNX3;PINK1;UBB;PSME1;PSME2;VPS28,EC-PTC
GO_Biological_Process_2023,Ribosomal Large Subunit Assembly (GO:0000027),7/22,5.295942808364095e-06,0.0003345065271515554,0,0,13.49001996007984,163.88444555960638,RPL5;MRPL20;RPL10;RPL11;RPLP0;RPL23A;RPL6,EC-PTC
GO_Biological_Process_2023,Positive Regulation Of Cellular Component Organization (GO:0051130),15/113,6.076351731141087e-06,0.0003750766204949816,0,0,4.458951762523191,53.55694265338269,VCP;ANXA2;SURF4;AKR1B1;BRK1;PARK7;RHOC;MTLN;LGALS3;RELN;SUMO1;RACK1;RPS3;S100A10;SNCA,EC-PTC
GO_Biological_Process_2023,Positive Regulation Of Cellular Respiration (GO:1901857),5/10,9.44298677449707e-06,0.0005699367128785343,0,0,28.83582089552239,333.6373173835682,PINK1;PRELID1;VCP;PARK7;ISCU,EC-PTC
GO_Biological_Process_2023,Negative Regulation Of Ubiquitin-Protein Transferase Activity (GO:0051444),6/17,1.3008885971851643e-05,0.0007680898760771537,0,0,15.74724826742764,177.1546202335019,RPL5;RPS7;RPL11;PARK7;BUB3;RPL17,EC-PTC
GO_Biological_Process_2023,Negative Regulation Of Apoptotic Signaling Pathway (GO:2001234),12/82,1.888972070252991e-05,0.0010915847112355,0,0,4.978668390433096,54.15244168256792,LGALS3;NDUFA13;PRELID1;PINK1;GSTP1;AKR1B1;ITGAV;PARK7;SLC25A5;SLC25A4;SLC25A6;HSPA1A,EC-PTC
GO_Biological_Process_2023,Regulation Of Peptidase Activity (GO:0052547),7/27,2.380220982946618e-05,0.0013468083728506,0,0,10.11489520958084,107.68046494059958,CST3;CSTB;NDUFA13;PINK1;CTSL;FURIN;PSMB8,EC-PTC
GO_Biological_Process_2023,Proton Transmembrane Transport (GO:1902600),9/49,3.302378638730336e-05,0.0018304613026105,0,0,6.515202702702703,67.22570174805902,ATP6V0B;ATP6V0E1;RNASEK;FXYD2;ATP5PO;ATP1A1;ATP1B1;ATP6V0C;ATP5MF,EC-PTC
GO_Biological_Process_2023,Regulation Of Mitochondrial Membrane Potential (GO:0051881),8/39,3.932150347343671e-05,0.002135944068677,0,0,7.464912704937854,75.72212633489492,ATP5IF1;VCP;PRELID1;PINK1;UBB;PARK7;MTLN;SOD1,EC-PTC
GO_Biological_Process_2023,Cellular Response To Oxidative Stress (GO:0034599),14/117,4.0482926814070615e-05,0.0021559142985689,0,0,3.9526460349867074,39.97955308534841,JUN;PARK7;HIF1A;PRDX2;CHCHD2;PRDX5;PINK1;RPS3;ROMO1;PPIA;SQSTM1;ATF4;SNCA;HSPA1A,EC-PTC
GO_Biological_Process_2023,Positive Regulation Of Apoptotic Process (GO:0043065),23/270,4.812299575697345e-05,0.0025135010860757,0,0,2.7246839373090586,27.088127658578816,MTCH1;PRNP;JUN;GRN;BTG1;PDCD5;RPS6;HTRA1;DYNLL1;DUSP6;TLE5;SOD1;SFRP1;CTSL;TNFSF10;RACK1;RPS3;SAP18;CTSD;SQSTM1;SOX4;ATF4;SNCA,EC-PTC
GO_Biological_Process_2023,Cytoplasmic Translational Initiation (GO:0002183),7/30,4.9963075860944245e-05,0.0025603719629872,0,0,8.794194220255141,87.09968975505552,EIF4A1;EIF5;EIF3K;EIF6;EIF3I;EIF3G;EIF2S2,EC-PTC
GO_Biological_Process_2023,Formation Of Cytoplasmic Translation Initiation Complex (GO:0001732),5/14,6.702544140269328e-05,0.0033711314601799,0,0,16.016583747927033,153.926389697582,EIF5;EIF3K;EIF6;EIF3I;EIF3G,EC-PTC
GO_Biological_Process_2023,Negative Regulation Of Protein Ubiquitination (GO:0031397),9/54,7.355594450246637e-05,0.0036323262776127,0,0,5.78978978978979,55.10411758007639,SUMO1;RPS3;ISG15;PARK7;BUB3;SQSTM1;SOX4;VPS28;HSPA1A,EC-PTC
GO_Biological_Process_2023,Vesicle Budding From Membrane (GO:0006900),7/32,7.789766234386436e-05,0.0037780366236774,0,0,8.089820359281438,76.53062780515454,SNX3;TMED10;TRAPPC1;TRAPPC4;TRAPPC5;AP2M1;S100A10,EC-PTC
GO_Biological_Process_2023,Negative Regulation Of Oxidative Stress-Induced Neuron Death (GO:1903204),4/8,8.076901417443955e-05,0.0037822179740996,0,0,28.79433681073025,271.3554446066107,PINK1;RACK1;PARK7;HIF1A,EC-PTC
GO_Biological_Process_2023,Negative Regulation Of Ubiquitin Protein Ligase Activity (GO:1904667),4/8,8.076901417443955e-05,0.0037822179740996,0,0,28.79433681073025,271.3554446066107,RPL5;RPS7;RPL11;RPL17,EC-PTC
GO_Biological_Process_2023,Negative Regulation Of Programmed Cell Death (GO:0043069),28/381,0.0001058389117331382,0.0048721776994441,0,0,2.3259060120582684,21.29039540994696,ARF4;RPL10;GSTP1;HSPB1;PRDX2;MYDGF;PRDX5;CFL1;BAG1;TMEM109;PIM3;PAK2;SNCA;PRELID1;NPM1;GPX4;ANXA5;NME2;RPS3A;HIGD2A;SFRP1;TMBIM4;TCIM;DDAH2;CRYAB;PTMA;TPT1;HSPA1A,EC-PTC
GO_Biological_Process_2023,Positive Regulation Of Protein-Containing Complex Assembly (GO:0031334),12/98,0.0001133905465090092,0.0051328120719744,0,0,4.049037146164369,36.78417655197287,LGALS3;VCP;SUMO1;STMP1;RACK1;RPS3;BRK1;ISG15;PARK7;RHOC;MTLN;SNCA,EC-PTC
GO_Biological_Process_2023,Regulation Of Proteolysis Involved In Protein Catabolic Process (GO:1903050),6/24,0.00011560726244627097,0.0051473659803946,0,0,9.619830592924764,87.2067635934294,ATP5IF1;EPHA4;PINK1;UBB;PSME1;PSME2,EC-PTC
GO_Biological_Process_2023,Homotypic Cell-Cell Adhesion (GO:0034109),8/46,0.00013544803052580325,0.0059334975952916,0,0,6.087587785054841,54.22167279465274,ACTN1;GNAS;HSPB1;TLN1;CLIC1;PPIA;MYL12A;CD99,EC-PTC
GO_Biological_Process_2023,Negative Regulation Of Protein Metabolic Process (GO:0051248),15/147,0.0001379693398894204,0.0059480115418994,0,0,3.3045798898071626,29.37268919298335,EPHA4;PRNP;CSTB;EIF2AK2;RPL13A;YBX1;SNX3;CST3;RACK1;RPS3;ITGAV;PAIP2;CRYAB;GAPDH;PFDN5,EC-PTC
GO_Biological_Process_2023,Positive Regulation Of ATP Metabolic Process (GO:1903580),4/9,0.00014149946235884146,0.0059556277542233,0,0,23.034277198211623,204.1577428958879,PINK1;VCP;TMSB4X;ENO1,EC-PTC
GO_Biological_Process_2023,Platelet Aggregation (GO:0070527),7/35,0.00014253159205615548,0.0059556277542233,0,0,7.2219311377245505,63.95703855694765,ACTN1;GNAS;HSPB1;TLN1;CLIC1;PPIA;MYL12A,EC-PTC
GO_Biological_Process_2023,Negative Regulation Of Proteolysis Involved In Protein Catabolic Process (GO:1903051),6/25,0.00014779974250893376,0.0060821833432464,0,0,9.113051687514751,80.37394719935405,RPL5;EPHA4;GABARAPL2;RPS7;RPL11;RPL17,EC-PTC
GO_Biological_Process_2023,Regulation Of Extrinsic Apoptotic Signaling Pathway (GO:2001236),9/60,0.00017079906511117092,0.0069237352364468,0,0,5.107048224695284,44.30375953566536,LGALS3;GSTP1;TNFSF12;TNFSF10;AKR1B1;G0S2;ITGAV;PARK7;PAK2,EC-PTC
GO_Biological_Process_2023,Regulation Of Ubiquitin Protein Ligase Activity (GO:1904666),5/17,0.0001904278251335933,0.007463763530079,0,0,12.010572139303482,102.8854111246278,RPL5;RPS7;RPL11;RPL17;SKP1,EC-PTC
GO_Biological_Process_2023,Negative Regulation Of Oxidative Stress-Induced Intrinsic Apoptotic Signaling Pathway (GO:1902176),5/17,0.0001904278251335933,0.007463763530079,0,0,12.010572139303482,102.8854111246278,PINK1;HSPB1;PARK7;HIF1A;PPIA,EC-PTC
GO_Biological_Process_2023,Regulation Of Protein-Containing Complex Assembly (GO:0043254),13/119,0.0001923650394350282,0.007463763530079,0,0,3.560494214216497,30.464000602542185,VCP;GSN;EIF2AK2;BRK1;PARK7;RHOC;MTLN;LGALS3;PINK1;SUMO1;RACK1;RPS3;CRYAB,EC-PTC
GO_Biological_Process_2023,Negative Regulation Of Mitochondrial Outer Membrane Permeabilization Involved In Apoptotic Signaling Pathway (GO:1901029),4/10,0.0002295378267861004,0.0086913429342613,0,0,19.194237456532537,160.8370133104984,SLC25A5;SLC25A4;HSPA1A;SLC25A6,EC-PTC
GO_Biological_Process_2023,Negative Regulation Of Apoptotic Process (GO:0043066),32/482,0.0002304037891262212,0.0086913429342613,0,0,2.0874373595991016,17.483701464607332,ARF4;GRN;SET;RPL10;GSTP1;HSPB1;PARK7;PRDX2;MYDGF;PRDX5;MDK;CFL1;BAG1;PIM3;PAK2;SNCA;PRELID1;NPM1;ANXA5;NME2;RPS3A;HIGD2A;SOD1;PINK1;SFRP1;TMBIM4;TCIM;DDAH2;CRYAB;PTMA;TPT1;HSPA1A,EC-PTC
GO_Biological_Process_2023,Regulation Of Mitochondrial Outer Membrane Permeabilization Involved In Apoptotic Signaling Pathway (GO:1901028),5/18,0.000256378429855598,0.0094097812903757,0,0,11.086107921928818,91.66942960096938,CHCHD10;SLC25A5;SLC25A4;HSPA1A;SLC25A6,EC-PTC
GO_Biological_Process_2023,Regulation Of Oxidative Stress-Induced Intrinsic Apoptotic Signaling Pathway (GO:1902175),5/18,0.000256378429855598,0.0094097812903757,0,0,11.086107921928818,91.66942960096938,SFPQ;HSPB1;PARK7;PPIA;SOD1,EC-PTC
GO_Biological_Process_2023,Positive Regulation Of Protein Catabolic Process (GO:0045732),11/92,0.0002679717374858178,0.0097041498534864,0,0,3.9358173434478654,32.37063761967443,NDUFA13;VCP;CD81;TNFSF12;RDX;ECSCR;FURIN;SNF8;OAZ1;VPS28;RBX1,EC-PTC
GO_Biological_Process_2023,Positive Regulation Of Translation (GO:0045727),12/108,0.0002867119021951045,0.0102296071338822,0,0,3.6253770739064857,29.57231923828493,RPS4X;RPL5;NPM1;PKM;SSB;EIF6;CSDE1;RPL26;YBX1;VIM;SOX4;PAIP1,EC-PTC
GO_Biological_Process_2023,Positive Regulation Of Intrinsic Apoptotic Signaling Pathway (GO:2001244),7/39,0.000290014635238931,0.0102296071338822,0,0,6.317879865269461,51.4627906285706,FIS1;SFPQ;UBB;RPS7;RACK1;RPS3;SOD1,EC-PTC
GO_Biological_Process_2023,Vesicle Organization (GO:0016050),11/94,0.0003239158127829605,0.0112789147117759,0,0,3.8405791842067054,30.859157106704785,SRGN;VAMP8;TRAPPC1;ANXA2;TRAPPC4;TRAPPC5;LAMTOR1;CD34;SQSTM1;AP2M1;S100A10,EC-PTC
GO_Biological_Process_2023,COPII Vesicle Coating (GO:0048208),5/19,0.0003383290768600124,0.0114862721593974,0,0,10.293710021321962,82.26209650886624,TMED10;TRAPPC1;PDCD6;TRAPPC4;TRAPPC5,EC-PTC
GO_Biological_Process_2023,"Vesicle Targeting, Rough ER To cis-Golgi (GO:0048207)",5/19,0.0003383290768600124,0.0114862721593974,0,0,10.293710021321962,82.26209650886624,TMED10;TRAPPC1;PDCD6;TRAPPC4;TRAPPC5,EC-PTC
GO_Biological_Process_2023,Glycolytic Process (GO:0006096),6/29,0.0003533923969419532,0.0118272392122094,0,0,7.526613374926886,59.82100762377863,LDHA;TPI1;PKM;PGAM1;ENO1;GAPDH,EC-PTC
GO_Biological_Process_2023,tRNA Transport (GO:0051031),3/5,0.0003637367149365541,0.0118272392122094,0,0,43.13169642857143,341.5633658824016,SSB;YBX1;TOMM20,EC-PTC
GO_Biological_Process_2023,Positive Regulation Of Intrinsic Apoptotic Signaling Pathway By P53 Class Mediator (GO:1902255),3/5,0.0003637367149365541,0.0118272392122094,0,0,43.13169642857143,341.5633658824016,RPS7;UBB;RPL26,EC-PTC
GO_Biological_Process_2023,Positive Regulation Of Protein Metabolic Process (GO:0051247),17/196,0.000365790903470395,0.0118272392122094,0,0,2.763427348830891,21.868240532995163,RPL5;NPM1;NDUFA13;VCP;SSB;TNFSF12;RDX;SNF8;OAZ1;RBX1;RPS4X;EIF6;RPL26;VIM;AURKAIP1;SOX4;VPS28,EC-PTC
GO_Biological_Process_2023,Activation Of Cysteine-Type Endopeptidase Activity Involved In Apoptotic Process (GO:0006919),9/67,0.0004006509388125522,0.0128019758801751,0,0,4.489049394221808,35.115229701833016,MTCH1;BEX3;VCP;EGLN3;RACK1;CYCS;DYNLL1;HSPE1;SNCA,EC-PTC
GO_Biological_Process_2023,Regulation Of Protein Ubiquitination (GO:0031396),12/113,0.0004361677522714222,0.0136940300958861,0,0,3.4450069441333278,26.65568485509607,FKBP1A;PINK1;NDFIP1;UBB;SUMO1;RPS3;ISG15;PARK7;SQSTM1;SOX4;VPS28;HSPA1A,EC-PTC
GO_Biological_Process_2023,Negative Regulation Of Viral Life Cycle (GO:1903901),5/20,0.00043865265771064,0.0136940300958861,0,0,9.606965174129352,74.279158989379,BST2;SNX3;GSN;PPIA;LY6E,EC-PTC
GO_Biological_Process_2023,Positive Regulation Of Gene Expression (GO:0010628),31/480,0.0004593838755247296,0.0141782568855132,0,0,2.0236688846159168,15.553158890978544,RPL5;RAMP2;RPL11;PDCD5;AKR1B1;PARK7;HIF1A;RPS4X;TRMT112;S100A13;RPS3;RPL17;SLC38A2;CD34;SOX4;NPM1;GSN;SSB;RPS7;RDX;FN1;EIF2AK2;SNF8;SOD1;RGCC;EIF6;RPL26;VIM;GAPDH;ATF4;HSPA1A,EC-PTC
GO_Biological_Process_2023,Negative Regulation Of Macromolecule Biosynthetic Process (GO:0010558),11/98,0.00046558789859380673,0.014208277894166,0,0,3.663239163550754,28.105138871393,EPHA4;GSTP1;RACK1;RPS3;EIF2AK2;AKR1B1;TSPO;RPL13A;YBX1;PAIP2;GAPDH,EC-PTC
GO_Biological_Process_2023,Regulation Of Endopeptidase Activity (GO:0052548),9/69,0.000500235034879472,0.0150959817192516,0,0,4.338963963963964,32.97800272904422,PRELID1;PSME1;SERPINH1;PSME2;FURIN;TIMP1;GAPDH;PSMB8;PSMB9,EC-PTC
GO_Biological_Process_2023,Sodium Ion Export Across Plasma Membrane (GO:0036376),4/12,0.0005126040212929272,0.0151329621938216,0,0,14.39418777943368,109.05046592494617,FXYD2;ATP1B3;ATP1A1;ATP1B1,EC-PTC
GO_Biological_Process_2023,Negative Regulation Of Mitochondrial Membrane Permeability (GO:0035795),4/12,0.0005126040212929272,0.0151329621938216,0,0,14.39418777943368,109.05046592494617,SLC25A5;SLC25A4;HSPA1A;SLC25A6,EC-PTC
GO_Biological_Process_2023,Positive Regulation Of Signal Transduction By P53 Class Mediator (GO:1901798),5/21,0.0005598520685952852,0.0163500883688687,0,0,9.006063432835822,67.4359437538262,RPS15;RPS7;UBB;RPL37;RPL17,EC-PTC
GO_Biological_Process_2023,Positive Regulation Of Angiogenesis (GO:0045766),12/119,0.0006975202293245953,0.019857699737636,0,0,3.250814056751385,23.62684843414672,MYDGF;GRN;RAMP2;BTG1;PKM;MDK;ANXA3;PDCD6;TNFSF12;HSPB1;HIF1A;CD34,EC-PTC
GO_Biological_Process_2023,Mitochondrial Cytochrome C Oxidase Assembly (GO:0033617),5/22,0.0007045484050188061,0.019857699737636,0,0,8.47585601404741,61.51736899772359,SURF1;STMP1;COX17;COX14;COX20,EC-PTC
GO_Biological_Process_2023,Ribosomal Small Subunit Export From Nucleus (GO:0000056),3/6,0.0007092035620584303,0.019857699737636,0,0,28.75297619047619,208.49841033486243,RPS15;NPM1;RAN,EC-PTC
GO_Biological_Process_2023,Intracellular Sequestering Of Iron Ion (GO:0006880),3/6,0.0007092035620584303,0.019857699737636,0,0,28.75297619047619,208.49841033486243,FTH1;SRI;FTL,EC-PTC
GO_Biological_Process_2023,Intracellular Potassium Ion Homeostasis (GO:0030007),4/13,0.0007207327370262022,0.0199745929975833,0,0,12.79417122040073,92.56892718416266,FXYD2;ATP1B3;ATP1A1;ATP1B1,EC-PTC
GO_Biological_Process_2023,Cellular Response To Chemical Stress (GO:0062197),10/89,0.0008272472618242804,0.0226949854860075,0,0,3.66346245360236,26.001083773540152,PRDX2;CHCHD2;PRDX5;PINK1;PARK7;PPIA;RBX1;ATF4;SNCA;HSPA1A,EC-PTC
GO_Biological_Process_2023,U2-type Prespliceosome Assembly (GO:1903241),5/23,0.0008754686690895366,0.0230851738373512,0,0,8.004560530679933,56.35811910729998,SNRPD2;SF3B6;SNRPG;SNRPE;SNRPB,EC-PTC
GO_Biological_Process_2023,Negative Regulation Of Oxidative Stress-Induced Cell Death (GO:1903202),5/23,0.0008754686690895366,0.0230851738373512,0,0,8.004560530679933,56.35811910729998,PINK1;HSPB1;PARK7;PPIA;ATF4,EC-PTC
GO_Biological_Process_2023,Potassium Ion Homeostasis (GO:0055075),5/23,0.0008754686690895366,0.0230851738373512,0,0,8.004560530679933,56.35811910729998,FXYD2;SLC12A1;ATP1B3;ATP1A1;ATP1B1,EC-PTC
GO_Biological_Process_2023,Protein N-linked Glycosylation Via Asparagine (GO:0018279),5/23,0.0008754686690895366,0.0230851738373512,0,0,8.004560530679933,56.35811910729998,OST4;RPN2;DAD1;NUDT14;UBE2J1,EC-PTC
GO_Biological_Process_2023,Regulation Of Stress Fiber Assembly (GO:0051492),9/75,0.0009269559296743026,0.0242078106249558,0,0,3.943284193284193,27.53833737238289,SFRP1;RGCC;ITGB1BP1;DYNLL1;RHOC;PFN1;PAK2;CGNL1;S100A10,EC-PTC
GO_Biological_Process_2023,Negative Regulation Of Intrinsic Apoptotic Signaling Pathway (GO:2001243),8/61,0.0009809191198069565,0.0249317913807929,0,0,4.361291052586914,30.21075273916188,NDUFA13;PINK1;HSPB1;ENO1;PARK7;PPIA;TPT1;HSPA1A,EC-PTC
GO_Biological_Process_2023,Positive Regulation Of Cytoplasmic Translation (GO:2000767),4/14,0.0009822171125717391,0.0249317913807929,0,0,11.514157973174369,79.74358293994648,PKM;CSDE1;YBX1;PAIP1,EC-PTC
GO_Biological_Process_2023,Regulation Of ATP Biosynthetic Process (GO:2001169),4/14,0.0009822171125717391,0.0249317913807929,0,0,11.514157973174369,79.74358293994648,VCP;PINK1;TMSB4X;ENO1,EC-PTC
GO_Biological_Process_2023,Negative Regulation Of Kinase Activity (GO:0033673),8/62,0.0010935362288341,0.0272481137386576,0,0,4.280304292298295,29.18456392163992,GSTP1;HSPB1;ITGB1BP1;PARK7;PPIA;PAK2;RTRAF;SNCA,EC-PTC
GO_Biological_Process_2023,Positive Regulation Of Apoptotic Signaling Pathway (GO:2001235),8/62,0.0010935362288341,0.0272481137386576,0,0,4.280304292298295,29.18456392163992,FIS1;CTSL;TNFSF12;RACK1;TNFSF10;RPS3;G0S2;PAK2,EC-PTC
GO_Biological_Process_2023,Regulation Of Proteasomal Ubiquitin-Dependent Protein Catabolic Process (GO:0032434),11/109,0.0011428226490294,0.0281838851540634,0,0,3.2501997787066634,22.017679075681592,SDCBP;VCP;SUMO1;SUMO2;RPL11;RACK1;ELOB;PARK7;GABARAP;RBX1;HSPA1A,EC-PTC
GO_Biological_Process_2023,Negative Regulation Of Amide Metabolic Process (GO:0034249),10/93,0.0011655925443123,0.0281838851540634,0,0,3.4861853428752605,23.54752849181525,EPHA4;PRNP;RACK1;RPS3;RPL13A;EIF2AK2;YBX1;PAIP2;GAPDH;RTN4,EC-PTC
GO_Biological_Process_2023,"RNA Splicing, Via Transesterification Reactions With Bulged Adenosine As Nucleophile (GO:0000377)",15/180,0.0011940371682606,0.0281838851540634,0,0,2.6391184573002757,17.762362808862473,SNRPN;RBM8A;SF3B6;SNU13;LSM4;LSM3;LSM7;SNRPD2;SYF2;HNRNPF;SNRPG;SNRPE;SRSF5;SNRPB;SRSF9,EC-PTC
GO_Biological_Process_2023,7-Methylguanosine Cap Hypermethylation (GO:0036261),3/7,0.0012099887478962,0.0281838851540634,0,0,21.563616071428573,144.8459190279457,SNRPD2;SNRPG;SNRPE,EC-PTC
GO_Biological_Process_2023,RNA Capping (GO:0036260),3/7,0.0012099887478962,0.0281838851540634,0,0,21.563616071428573,144.8459190279457,SNRPD2;SNRPG;SNRPE,EC-PTC
GO_Biological_Process_2023,Regulation Of Lipase Activity (GO:0060191),3/7,0.0012099887478962,0.0281838851540634,0,0,21.563616071428573,144.8459190279457,FURIN;RHOC;SNCA,EC-PTC
GO_Biological_Process_2023,Regulation Of Mitophagy (GO:1901524),3/7,0.0012099887478962,0.0281838851540634,0,0,21.563616071428573,144.8459190279457,PINK1;SLC25A5;SLC25A4,EC-PTC
GO_Biological_Process_2023,Mitochondrion Organization (GO:0007005),14/162,0.0012141069819681,0.0281838851540634,0,0,2.744388109743632,18.42512597503177,FIS1;CHCHD10;COX7A2;PARK7;TOMM20;COX7A1;ATP5F1D;HIGD2A;CHCHD2;PINK1;STMP1;TSPO;SLC25A4;TOMM5,EC-PTC
GO_Biological_Process_2023,Proteolysis Involved In Protein Catabolic Process (GO:0051603),9/78,0.0012309315260526,0.0283322883454147,0,0,3.771249510379945,25.2673115982088,PSMA6;VCP;UBB;CTSL;CAPN2;NEDD8;ISG15;RPS27A;UBA52,EC-PTC
GO_Biological_Process_2023,Negative Regulation Of Immune Effector Process (GO:0002698),4/15,0.0013038427201558,0.0295895190449989,0,0,10.466874407261887,69.52557933581099,LGALS3;GRN;RPS19;CD55,EC-PTC
GO_Biological_Process_2023,Sodium Ion Homeostasis (GO:0055078),5/25,0.0013073425203975,0.0295895190449989,0,0,7.203358208955224,47.82856114800622,FXYD2;SLC12A1;ATP1B3;ATP1A1;ATP1B1,EC-PTC
GO_Biological_Process_2023,Positive Regulation Of Cysteine-Type Endopeptidase Activity (GO:2001056),8/64,0.00134966262828,0.0298903449517047,0,0,4.127007924609124,27.270858235081786,FIS1;NDUFA13;PDCD6;PDCD5;TNFSF10;CYCS;CTSD;UACA,EC-PTC
GO_Biological_Process_2023,Protein N-linked Glycosylation (GO:0006487),8/64,0.00134966262828,0.0298903449517047,0,0,4.127007924609124,27.270858235081786,OST4;KRTCAP2;TMEM258;RPN2;DAD1;PDCD6;NUDT14;UBE2J1,EC-PTC
GO_Biological_Process_2023,Intracellular Iron Ion Homeostasis (GO:0006879),7/50,0.001366993673059,0.0298903449517047,0,0,4.698997354128951,30.99055175183532,ATP6V1G1;NDFIP1;FTH1;SLC40A1;ISCU;FTL;SOD1,EC-PTC
GO_Biological_Process_2023,Pyruvate Metabolic Process (GO:0006090),7/50,0.001366993673059,0.0298903449517047,0,0,4.698997354128951,30.99055175183532,LDHB;LDHA;TPI1;PKM;PGAM1;ENO1;GAPDH,EC-PTC
GO_Biological_Process_2023,Mitochondrion Disassembly (GO:0061726),6/37,0.0013756602058037,0.0298903449517047,0,0,5.581947056270794,36.778452851145694,FIS1;GABARAPL2;MAP1LC3B;PINK1;SQSTM1;GABARAP,EC-PTC
GO_Biological_Process_2023,Protein Targeting (GO:0006605),12/129,0.0014186936247081,0.0305807292437087,0,0,2.971419731600727,19.486626502382958,SDCBP;FIS1;SEC61A1;NACA;CDC37;RPL11;TSPO;RASSF9;SRP14;TOMM20;GABARAP;TOMM5,EC-PTC
GO_Biological_Process_2023,Negative Regulation Of Cellular Process (GO:0048523),32/537,0.0014316457140168,0.0306169272383449,0,0,1.8546725590132889,12.146121962737247,NDUFA13;BTG1;PDCD5;AKR1B1;ENO1;PARK7;RTN4;ADGRG1;MDK;CCDC85B;FTH1;RACK1;TMEM109;IGFBP7;S100A11;JAM2;SOX4;KLF10;EPHA4;NPM1;DUSP1;EIF2AK2;DYNLL1;VAMP8;BST2;SFRP1;RGCC;CSNK2B;CHMP2A;ITGB1BP1;CRYAB;HSPA1A,EC-PTC
GO_Biological_Process_2023,Regulation Of Translational Initiation (GO:0006446),8/65,0.0014944589366049,0.031710550561087,0,0,4.054393855703727,26.377850150388625,NPM1;EIF5;CSDE1;EIF4H;HSPB1;PAIP2;BZW1;PAIP1,EC-PTC
GO_Biological_Process_2023,Respiratory Chain Complex IV Assembly (GO:0008535),5/26,0.0015741650441495,0.0331428857357388,0,0,6.85998578535892,44.27455596516517,SURF1;STMP1;COX17;COX14;COX20,EC-PTC
GO_Biological_Process_2023,Maturation Of SSU-rRNA (GO:0030490),6/38,0.0015876563845394,0.033169805695456,0,0,5.407230941704036,34.8522871475153,RPS14;RPS28;RPS16;RPS19;RPS8;SNU13,EC-PTC
GO_Biological_Process_2023,Response To Reactive Oxygen Species (GO:0000302),8/66,0.0016513013379058,0.0340591889087429,0,0,3.984283720208861,25.5240849493536,PRDX5;JUN;GSTP1;RPS3;ROMO1;SQSTM1;HIF1A;SOD1,EC-PTC
GO_Biological_Process_2023,Regulation Of Angiogenesis (GO:0045765),16/205,0.0016553066774499,0.0340591889087429,0,0,2.4582379908631804,15.741988200503023,GRN;RAMP2;RNH1;BTG1;ANXA3;STAT1;TNFSF12;PDCD6;ECSCR;HSPB1;HIF1A;MYDGF;SFRP1;RGCC;RHOJ;CD34,EC-PTC
GO_Biological_Process_2023,Endoplasmic Reticulum To Golgi Vesicle-Mediated Transport (GO:0006888),11/115,0.0017679807285571,0.0361040275094826,0,0,3.0617325069508805,19.405007163417206,ARF4;TMED10;TRAPPC1;KDELR1;PDCD6;TRAPPC4;TRAPPC5;KDELR2;IER3IP1;CNIH4;COPE,EC-PTC
GO_Biological_Process_2023,Negative Regulation Of Mitochondrion Organization (GO:0010823),6/39,0.0018235921158752,0.0364182072552727,0,0,5.243103682565566,33.06797721456934,PRELID1;PINK1;SLC25A5;SLC25A4;HSPA1A;SLC25A6,EC-PTC
GO_Biological_Process_2023,Negative Regulation Of Transport (GO:0051051),6/39,0.0018235921158752,0.0364182072552727,0,0,5.243103682565566,33.06797721456934,SNX3;LGALS3;NDFIP1;ITGAV;CRYAB;SNCA,EC-PTC
GO_Biological_Process_2023,Negative Regulation Of Ubiquitin-Dependent Protein Catabolic Process (GO:2000059),6/39,0.0018235921158752,0.0364182072552727,0,0,5.243103682565566,33.06797721456934,RPL5;SDCBP;RPS7;RPL11;PARK7;RPL17,EC-PTC
GO_Biological_Process_2023,Regulation Of Fibroblast Apoptotic Process (GO:2000269),3/8,0.0018875245141721,0.0371486708731274,0,0,17.25,108.20043679015856,SFRP1;BTG1;IER3IP1,EC-PTC
GO_Biological_Process_2023,Positive Regulation Of ATP Biosynthetic Process (GO:2001171),3/8,0.0018875245141721,0.0371486708731274,0,0,17.25,108.20043679015856,PINK1;VCP;TMSB4X,EC-PTC
GO_Biological_Process_2023,Mitochondrial Transport (GO:0006839),7/53,0.0019336925148977,0.0376925951796715,0,0,4.391857589169487,27.44174866859321,FIS1;PINK1;TSPO;SLC25A5;TOMM20;SLC25A4;TOMM5,EC-PTC
GO_Biological_Process_2023,Positive Regulation Of Intracellular Signal Transduction (GO:1902533),31/525,0.0019429172773026,0.0376925951796715,0,0,1.834941660170493,11.456576947047436,CD81;PARK7;RTN4;RPS15;MYDGF;RELN;S100A13;RACK1;RPS3;TNFSF10;ITGAV;RPL37;RPL17;FIS1;NDFIP1;FN1;EIF2AK2;RHOC;SOD1;BST2;FKBP1A;GPRC5B;PINK1;RRAGA;TCIM;C18ORF32;S100A4;ITGB1BP1;LAMTOR1;GAPDH;PPIA,EC-PTC
GO_Biological_Process_2023,Regulation Of Cysteine-Type Endopeptidase Activity Involved In Apoptotic Process (GO:0043281),9/84,0.002079033854274,0.0396033468629952,0,0,3.468468468468469,21.42074788046805,FIS1;NDUFA13;PDCD6;PDCD5;TNFSF10;CYCS;CTSD;UACA;SNCA,EC-PTC
GO_Biological_Process_2023,Cellular Response To Heat (GO:0034605),6/40,0.0020851541242298,0.0396033468629952,0,0,5.0886309680823,31.41167374113849,VCP;SUMO1;TCIM;HSBP1;PDCD6;HSPA1A,EC-PTC
GO_Biological_Process_2023,Endothelial Cell Migration (GO:0043542),6/40,0.0020851541242298,0.0396033468629952,0,0,5.0886309680823,31.41167374113849,SOX18;STAT1;TNFSF12;ID1;RAB13;CORO1B,EC-PTC
GO_Biological_Process_2023,Regulation Of Oxidative Phosphorylation (GO:0002082),4/17,0.0021545172354611,0.0398757252553409,0,0,8.855668921242692,54.375477366131385,VCP;PINK1;COX7A2;COX7A1,EC-PTC
GO_Biological_Process_2023,Positive Regulation By Host Of Viral Process (GO:0044794),4/17,0.0021545172354611,0.0398757252553409,0,0,8.855668921242692,54.375477366131385,EEF1A1;CFL1;PPIB;PAIP1,EC-PTC
GO_Biological_Process_2023,Regulation Of Aerobic Respiration (GO:1903715),4/17,0.0021545172354611,0.0398757252553409,0,0,8.855668921242692,54.375477366131385,VCP;PINK1;COX7A2;COX7A1,EC-PTC
GO_Biological_Process_2023,Negative Regulation Of Protein Catabolic Process (GO:0042177),7/54,0.0021582222432014,0.0398757252553409,0,0,4.298190852337878,26.384317456968315,CST3;SNX3;GABARAPL2;ANXA2;FURIN;TIMP1;SNCA,EC-PTC
GO_Biological_Process_2023,"mRNA Splicing, Via Spliceosome (GO:0000398)",16/211,0.0022212086622526,0.0402815870345684,0,0,2.3818528461927557,14.552415358740369,SNRPN;RBM8A;SF3B6;SNU13;LSM4;LSM3;LSM7;SFPQ;SNRPD2;SYF2;HNRNPF;SNRPG;SNRPE;SRSF5;SNRPB;SRSF9,EC-PTC
GO_Biological_Process_2023,Vesicle Coating (GO:0006901),5/28,0.0022246826418207,0.0402815870345684,0,0,6.262816353017521,38.2541653815848,TMED10;TRAPPC1;PDCD6;TRAPPC4;TRAPPC5,EC-PTC
GO_Biological_Process_2023,Protein Insertion Into Mitochondrial Membrane (GO:0051204),5/28,0.0022246826418207,0.0402815870345684,0,0,6.262816353017521,38.2541653815848,MTCH1;NDUFA13;ROMO1;TOMM20;TOMM5,EC-PTC
GO_Biological_Process_2023,Positive Regulation Of Amide Metabolic Process (GO:0034250),9/85,0.0022572454177635,0.0403617082875422,0,0,3.4226529160739685,20.856312209744303,RPS4X;RPL5;EPHA4;NPM1;SSB;EIF6;RPL26;VIM;SOX4,EC-PTC
GO_Biological_Process_2023,Transcription By RNA Polymerase II (GO:0006366),15/192,0.002258829035238,0.0403617082875422,0,0,2.458654340010272,14.980356482398705,GTF2A2;ANXA2;SSU72;GTF2H5;DRAP1;SUB1;POLR2F;ELOB;ELOC;POLR2H;POLR2J;POLR2K;ATF4;S100A10;POLR2L,EC-PTC
GO_Biological_Process_2023,Carbohydrate Catabolic Process (GO:0016052),6/41,0.0023740631408865,0.0421434999388742,0,0,4.942985265855221,29.87121320486425,LDHA;TPI1;PKM;PGAM1;ENO1;GAPDH,EC-PTC
GO_Biological_Process_2023,Negative Regulation Of Gene Expression (GO:0010629),22/336,0.0024769925688274,0.0436851416684106,0,0,2.0397869704743417,12.240170333807852,SRGN;EPHA4;RNH1;NDFIP1;EIF2AK2;RPL13A;CNPY2;PARK7;YBX1;HIF1A;TLE5;PTBP1;SFRP1;PINK1;RGCC;RACK1;RPS3;PAIP2;CD34;GAPDH;RPS13;HSPA1A,EC-PTC
GO_Biological_Process_2023,mRNA Processing (GO:0006397),16/214,0.0025596854656473,0.0448522949980531,0,0,2.3453962998727795,13.997022310609175,SNRPN;RBM8A;SF3B6;SNU13;LSM4;LSM3;LSM7;SFPQ;SNRPD2;SYF2;HNRNPF;SNRPG;SNRPE;SRSF5;SNRPB;SRSF9,EC-PTC
GO_Biological_Process_2023,Vacuolar Acidification (GO:0007035),5/29,0.0026145362075386,0.0455197457671472,0,0,6.001554726368159,35.68925677653995,GRN;ATP6V0B;RNASEK;ATP6V0E1;ATP6V0C,EC-PTC
GO_Biological_Process_2023,Regulation Of Protein Neddylation (GO:2000434),4/18,0.0026968448631197,0.0456899530286721,0,0,8.222695337449435,48.64277480916303,RPL5;RPL11;HIF1A;COPS9,EC-PTC
GO_Biological_Process_2023,Intracellular Sodium Ion Homeostasis (GO:0006883),4/18,0.0026968448631197,0.0456899530286721,0,0,8.222695337449435,48.64277480916303,FXYD2;ATP1B3;ATP1A1;ATP1B1,EC-PTC
GO_Biological_Process_2023,Lysosomal Lumen Acidification (GO:0007042),4/18,0.0026968448631197,0.0456899530286721,0,0,8.222695337449435,48.64277480916303,ATP6V0B;GRN;RNASEK;ATP6V0C,EC-PTC
GO_Biological_Process_2023,Maintenance Of Protein Localization In Organelle (GO:0072595),4/18,0.0026968448631197,0.0456899530286721,0,0,8.222695337449435,48.64277480916303,PINK1;CHCHD10;KDELR2;SKP1,EC-PTC
GO_Biological_Process_2023,Positive Regulation Of Vasculature Development (GO:1904018),10/104,0.0027084250506687,0.0456899530286721,0,0,3.0764677651575747,18.186194552875403,MYDGF;GRN;RAMP2;BTG1;ANXA3;PDCD6;TNFSF12;HSPB1;HIF1A;CD34,EC-PTC
GO_Biological_Process_2023,Golgi Lumen Acidification (GO:0061795),3/9,0.0027605414813943,0.0459977341316997,0,0,14.374255952380953,84.69783700234008,ATP6V0B;RNASEK;ATP6V0C,EC-PTC
GO_Biological_Process_2023,Myelin Maintenance (GO:0043217),3/9,0.0027605414813943,0.0459977341316997,0,0,14.374255952380953,84.69783700234008,DEGS1;PRDX6;SOD1,EC-PTC
GO_Biological_Process_2023,Negative Regulation Of Protein Kinase Activity (GO:0006469),9/88,0.0028657285952966,0.0474592613708889,0,0,3.292165583304824,19.27540776995088,NPM1;GSTP1;HSPB1;ITGB1BP1;PARK7;PPIA;PAK2;RTRAF;SNCA,EC-PTC
GO_Biological_Process_2023,Golgi Vesicle Transport (GO:0048193),15/197,0.0028909346204235,0.0475360193101251,0,0,2.390484515484516,13.975191842777024,GABARAPL2;ARF4;TMED10;TRAPPC1;KDELR1;PDCD6;TRAPPC4;SURF4;TRAPPC5;IER3IP1;SNX3;RAB13;KDELR2;CNIH4;COPE,EC-PTC
GO_Biological_Process_2023,Regulation Of Neuron Apoptotic Process (GO:0043523),10/105,0.0029053678959796,0.0475360193101251,0,0,3.04392560348239,17.780163789695163,PRNP;GRN;EGLN3;PINK1;SET;UBB;MDK;PARK7;ATF4;SOD1,EC-PTC
GO_Biological_Process_2023,"Maturation Of SSU-rRNA From Tricistronic rRNA Transcript (SSU-rRNA, 5.8S rRNA, LSU-rRNA) (GO:0000462)",5/30,0.0030515949544347,0.0496295323128425,0,0,5.7611940298507465,33.36935945101547,RPS14;RPS16;RPS19;RPS8;RPS21,EC-PTC
GO_Biological_Process_2023,Negative Regulation Of RNA Splicing (GO:0033119),4/19,0.0033257848539582,0.0536548143857761,0,0,7.674118231495281,43.78889916100511,PTBP1;SAP18;RPS13;SRSF9,EC-PTC
GO_Biological_Process_2023,Positive Regulation Of Proteasomal Protein Catabolic Process (GO:1901800),9/90,0.0033386095843873,0.0536548143857761,0,0,3.210543877210544,18.307166028053853,VCP;SUMO1;SUMO2;RACK1;ECSCR;ELOB;GABARAP;RBX1;HSPA1A,EC-PTC
GO_Biological_Process_2023,Bone Development (GO:0060348),6/44,0.0034225022389605,0.0540436981454462,0,0,4.55204153882464,25.843684825614883,VKORC1;RANBP3L;GNAS;PLS3;RPL13;PPIB,EC-PTC
GO_Biological_Process_2023,Response To Unfolded Protein (GO:0006986),6/44,0.0034225022389605,0.0540436981454462,0,0,4.55204153882464,25.843684825614883,SERPINH1;HSPB1;HSPA2;HSPE1;OPTN;HSPA1A,EC-PTC
GO_Biological_Process_2023,Establishment Of Protein Localization To Mitochondrion (GO:0072655),6/44,0.0034225022389605,0.0540436981454462,0,0,4.55204153882464,25.843684825614883,FIS1;PINK1;TSPO;ROMO1;TOMM20;TOMM5,EC-PTC
GO_Biological_Process_2023,Positive Regulation Of Extrinsic Apoptotic Signaling Pathway (GO:2001238),5/31,0.0035389744600605,0.0555598533729733,0,0,5.539322617680827,31.26348426026677,SFRP1;TNFSF12;TNFSF10;G0S2;PAK2,EC-PTC
GO_Biological_Process_2023,Protein Targeting To Mitochondrion (GO:0006626),7/59,0.0035974689584898,0.0561535959267731,0,0,3.883895670198066,21.856719002199448,MTCH1;FIS1;NDUFA13;TSPO;ROMO1;TOMM20;TOMM5,EC-PTC
GO_Biological_Process_2023,Removal Of Superoxide Radicals (GO:0019430),3/10,0.0038452622434729,0.0590041370241382,0,0,12.32015306122449,68.51130516712782,PRDX2;PRDX1;SOD1,EC-PTC
GO_Biological_Process_2023,Mitochondrial Respirasome Assembly (GO:0097250),3/10,0.0038452622434729,0.0590041370241382,0,0,12.32015306122449,68.51130516712782,STMP1;COX7A2;HIGD2A,EC-PTC
GO_Biological_Process_2023,Positive Regulation Of Autophagy Of Mitochondrion (GO:1903599),3/10,0.0038452622434729,0.0590041370241382,0,0,12.32015306122449,68.51130516712782,PARK7;SLC25A5;SLC25A4,EC-PTC
GO_Biological_Process_2023,Positive Regulation Of Cell Population Proliferation (GO:0008284),28/483,0.0040466489300328,0.0614145339484815,0,0,1.7947925335869694,9.889066654098222,GRN;CD81;COX17;AKR1B1;RPS4X;SDCBP;RPS15A;MDK;S100A13;ITGAV;HES1;ROMO1;TIMP1;RPL17;SOX4;EPHA4;RPS9;NPM1;STAT1;RPS6;FN1;NME2;BST2;SFRP1;S100A6;ITGB1BP1;SLC25A5;COPS9,EC-PTC
GO_Biological_Process_2023,Positive Regulation Of Protein Processing (GO:0010954),4/20,0.0040475705363689,0.0614145339484815,0,0,7.194113263785395,39.63696301885387,GSN;ANXA2;ENO1;S100A10,EC-PTC
GO_Biological_Process_2023,Cellular Response To Hormone Stimulus (GO:0032870),9/94,0.0044671320006924,0.0674040584104485,0,0,3.0588235294117645,16.5513206892193,SFRP1;RAMP2;CTSL;LMO2;RDX;AKR1B1;ATP1A1;TFPI;HSPA1A,EC-PTC
GO_Biological_Process_2023,Positive Regulation Of Ion Transmembrane Transporter Activity (GO:0032414),5/33,0.0046771129232738,0.0700484351938155,0,0,5.143123667377399,27.59324038403206,RELN;NDUFA4;COX17;ATP1B3;ATP1B1,EC-PTC
GO_Biological_Process_2023,Negative Regulation Of Protein Phosphorylation (GO:0001933),12/149,0.004693967306802,0.0700484351938155,0,0,2.5349935594675825,13.591310035530205,PRNP;SFRP1;GSTP1;RACK1;HSPB1;ITGB1BP1;PARK7;PPIA;CALM2;PAK2;RTRAF;SNCA,EC-PTC
GO_Biological_Process_2023,Spliceosomal Complex Assembly (GO:0000245),7/62,0.0047559175053536,0.0705775278819213,0,0,3.671475231355471,19.63639199637616,SNRPD2;SF3B6;SNRPG;SNRPE;SRSF5;SNRPB;SRSF9,EC-PTC
GO_Biological_Process_2023,Regulation Of Signal Transduction By P53 Class Mediator (GO:1901796),6/47,0.004781393641485,0.0705775278819213,0,0,4.218309088920486,22.538523403549853,RPS15;RPL5;RPL11;RPL37;RPL17;SOX4,EC-PTC
GO_Biological_Process_2023,Positive Regulation Of Catabolic Process (GO:0009896),8/79,0.0051240853368118,0.0718080287538847,0,0,3.2525708976497665,17.153418940799227,NDUFA13;VCP;TNFSF12;RDX;SNF8;OAZ1;VPS28;RBX1,EC-PTC
GO_Biological_Process_2023,Positive Regulation Of Protein Localization To Membrane (GO:1905477),8/79,0.0051240853368118,0.0718080287538847,0,0,3.2525708976497665,17.153418940799227,LGALS3;FIS1;PRNP;CD81;PDCD5;ITGB1BP1;SQSTM1;SLC5A3,EC-PTC
GO_Biological_Process_2023,Cellular Response To Nitrogen Levels (GO:0043562),3/11,0.0051555838022855,0.0718080287538847,0,0,10.779575892857142,56.78330155974003,GABARAPL2;MAP1LC3B;GABARAP,EC-PTC
GO_Biological_Process_2023,Cellular Response To Nitrogen Starvation (GO:0006995),3/11,0.0051555838022855,0.0718080287538847,0,0,10.779575892857142,56.78330155974003,GABARAPL2;MAP1LC3B;GABARAP,EC-PTC
GO_Biological_Process_2023,Cellular Response To Superoxide (GO:0071451),3/11,0.0051555838022855,0.0718080287538847,0,0,10.779575892857142,56.78330155974003,PRDX2;PRDX1;SOD1,EC-PTC
GO_Biological_Process_2023,Cellular Response To Thyroid Hormone Stimulus (GO:0097067),3/11,0.0051555838022855,0.0718080287538847,0,0,10.779575892857142,56.78330155974003,CTSL;LMO2;RDX,EC-PTC
GO_Biological_Process_2023,Endosomal Lumen Acidification (GO:0048388),3/11,0.0051555838022855,0.0718080287538847,0,0,10.779575892857142,56.78330155974003,ATP6V0B;RNASEK;ATP6V0C,EC-PTC
GO_Biological_Process_2023,Negative Regulation Of Release Of Sequestered Calcium Ion Into Cytosol (GO:0051280),3/11,0.0051555838022855,0.0718080287538847,0,0,10.779575892857142,56.78330155974003,FKBP1A;SRI;CALM2,EC-PTC
GO_Biological_Process_2023,Negative Regulation Of Ryanodine-Sensitive Calcium-Release Channel Activity (GO:0060315),3/11,0.0051555838022855,0.0718080287538847,0,0,10.779575892857142,56.78330155974003,FKBP1A;SRI;CALM2,EC-PTC
GO_Biological_Process_2023,Regulation Of Amyloid Precursor Protein Catabolic Process (GO:1902991),3/11,0.0051555838022855,0.0718080287538847,0,0,10.779575892857142,56.78330155974003,FKBP1A;PRNP;TMED10,EC-PTC
GO_Biological_Process_2023,Regulation Of Cell Communication By Electrical Coupling Involved In Cardiac Conduction (GO:1901844),3/11,0.0051555838022855,0.0718080287538847,0,0,10.779575892857142,56.78330155974003,IRX3;SRI;CALM2,EC-PTC
GO_Biological_Process_2023,Intracellular Monoatomic Cation Homeostasis (GO:0030003),14/190,0.0052441096603704,0.0726683767222765,0,0,2.304411360198047,12.09965705148389,PRNP;ATP6V1G1;NDFIP1;SLC40A1;ATP1B3;ATP1A1;ATP1B1;SOD1;MT2A;FTH1;FXYD2;ISCU;TPT1;FTL,EC-PTC
GO_Biological_Process_2023,Regulation Of I-kappaB kinase/NF-kappaB Signaling (GO:0043122),16/232,0.005608140233173,0.0773183191537971,0,0,2.147923340639577,11.133838227030177,NDFIP1;STAT1;GSTP1;HSPB1;RHOC;BST2;FKBP1A;GPRC5B;PINK1;C18ORF32;TNFSF10;S100A13;S100A4;SQSTM1;GAPDH;OPTN,EC-PTC
GO_Biological_Process_2023,Modulation By Host Of Viral Process (GO:0044788),4/22,0.0057934747705708,0.0794700882670218,0,0,6.394104984268918,32.93618205782045,IFI27;CFL1;PPIB;PAIP1,EC-PTC
GO_Biological_Process_2023,Autophagy Of Mitochondrion (GO:0000422),6/49,0.0058842046450133,0.0803090443007847,0,0,4.021691521535092,20.65333124294062,GABARAPL2;FIS1;MAP1LC3B;PINK1;SQSTM1;GABARAP,EC-PTC
GO_Biological_Process_2023,Antimicrobial Humoral Immune Response Mediated By Antimicrobial Peptide (GO:0061844),7/65,0.0061750987235338,0.0838578406655899,0,0,3.481029320669007,17.708798214655147,RPL30;RPS19;DEFB1;ROMO1;FAU;RPL39;GAPDH,EC-PTC
GO_Biological_Process_2023,Positive Regulation Of Cellular Biosynthetic Process (GO:0031328),13/174,0.0062481354190818,0.0844275412847075,0,0,2.337467865117937,11.863753150714569,RPL5;NPM1;SSB;PARK7;HIF1A;RPS4X;RGCC;EIF6;DDAH2;RPL26;VIM;SOX4;SNCA,EC-PTC
GO_Biological_Process_2023,Response To Thyroid Hormone (GO:0097066),3/12,0.0067032494245467,0.088809880180824,0,0,9.581349206349206,47.95621340150297,CTSL;LMO2;RDX,EC-PTC
GO_Biological_Process_2023,Positive Regulation Of Cellular Extravasation (GO:0002693),3/12,0.0067032494245467,0.088809880180824,0,0,9.581349206349206,47.95621340150297,PLVAP;MDK;CD99,EC-PTC
GO_Biological_Process_2023,Positive Regulation Of Purine Nucleotide Biosynthetic Process (GO:1900373),3/12,0.0067032494245467,0.088809880180824,0,0,9.581349206349206,47.95621340150297,PINK1;VCP;TMSB4X,EC-PTC
GO_Biological_Process_2023,Regulation Of Cell Communication By Electrical Coupling (GO:0010649),3/12,0.0067032494245467,0.088809880180824,0,0,9.581349206349206,47.95621340150297,IRX3;SRI;CALM2,EC-PTC
GO_Biological_Process_2023,Protein Localization To Plasma Membrane (GO:0072659),11/137,0.0067897041517827,0.0891559229446504,0,0,2.5242517689806845,12.601943041990047,SLC9A3R2;RAMP2;CD81;TMEM88;BSG;RDX;RAB13;ATP1B3;ITGB1BP1;ATP1B1;S100A10,EC-PTC
GO_Biological_Process_2023,COPII-coated Vesicle Budding (GO:0090114),5/36,0.0068386386674042,0.0891559229446504,0,0,4.644679826673086,23.154502704274385,TMED10;TRAPPC1;PDCD6;TRAPPC4;TRAPPC5,EC-PTC
GO_Biological_Process_2023,Protein Destabilization (GO:0031648),5/36,0.0068386386674042,0.0891559229446504,0,0,4.644679826673086,23.154502704274385,PRNP;GSN;SUMO1;SERF2;SNCA,EC-PTC
GO_Biological_Process_2023,Positive Regulation Of Proteasomal Ubiquitin-Dependent Protein Catabolic Process (GO:0032436),8/83,0.0068934991967513,0.0891559229446504,0,0,3.078460769615192,15.322042465942696,VCP;SUMO1;SUMO2;RACK1;ELOB;GABARAP;RBX1;HSPA1A,EC-PTC
GO_Biological_Process_2023,Positive Regulation Of Ubiquitin-Dependent Protein Catabolic Process (GO:2000060),8/83,0.0068934991967513,0.0891559229446504,0,0,3.078460769615192,15.322042465942696,VCP;SUMO1;SUMO2;RACK1;ELOB;GABARAP;RBX1;HSPA1A,EC-PTC
GO_Biological_Process_2023,Ubiquitin-Dependent Protein Catabolic Process (GO:0006511),22/367,0.0069779404357889,0.0898203138559367,0,0,1.853474487870919,9.20250356106514,VCP;NDFIP1;UBE2D2;NEDD8;RNF7;ANAPC11;RBX1;PSMB6;PSMA6;PINK1;PSMA4;PSMB5;IFI27;PSMB2;PSMA2;PSMB3;PSMB1;CHMP2A;ELOC;SQSTM1;VPS28;SKP1,EC-PTC
GO_Biological_Process_2023,Regulation Of Protein Kinase Activity (GO:0045859),10/119,0.0070596447805026,0.0904433736973829,0,0,2.6510312478443816,13.1315135816484,RELN;GSTP1;HSPB1;ITGB1BP1;PARK7;PPIA;PAK2;RTRAF;SNCA;SOD1,EC-PTC
GO_Biological_Process_2023,Positive Regulation Of Actin Filament Bundle Assembly (GO:0032233),6/51,0.0071616658566435,0.0908929180684295,0,0,3.842551071250623,18.978408401162543,SFRP1;RGCC;ITGB1BP1;RHOC;PFN1;S100A10,EC-PTC
GO_Biological_Process_2023,Receptor Internalization (GO:0031623),6/51,0.0071616658566435,0.0908929180684295,0,0,3.842551071250623,18.978408401162543,RAMP2;CALCRL;CD81;CD9;AP2M1;SNCA,EC-PTC
GO_Biological_Process_2023,Positive Regulation Of Protein Ubiquitination (GO:0031398),8/84,0.0074002860575676,0.0934845438714124,0,0,3.03779689102817,14.90415036027468,FKBP1A;PINK1;NDFIP1;SUMO1;UBB;PDCD6;RPS2;RBX1,EC-PTC
GO_Biological_Process_2023,Spliceosomal snRNP Assembly (GO:0000387),5/37,0.0076922312415575,0.0962769587653014,0,0,4.499300373134329,21.900544286136714,SNRPD2;SNRPG;SNRPE;LSM4;SNRPB,EC-PTC
GO_Biological_Process_2023,Positive Regulation Of Exocytosis (GO:0045921),5/37,0.0076922312415575,0.0962769587653014,0,0,4.499300373134329,21.900544286136714,SDCBP;CHMP2A;SNF8;S100A10;SNCA,EC-PTC
GO_Biological_Process_2023,mRNA Metabolic Process (GO:0016071),8/85,0.0079346290073665,0.0980652210286413,0,0,2.998189217079772,14.500798154736298,SFPQ;RNH1;SSB;SRSF5;HNRNPAB;LSM3;SRSF9;HSPA1A,EC-PTC
GO_Biological_Process_2023,Regulation Of Cytoplasmic Translation (GO:2000765),4/24,0.0079795338171317,0.0980652210286413,0,0,5.754098360655738,27.797331575976514,PKM;CSDE1;YBX1;PAIP1,EC-PTC
GO_Biological_Process_2023,Amyloid Fibril Formation (GO:1990000),4/24,0.0079795338171317,0.0980652210286413,0,0,5.754098360655738,27.797331575976514,FKBP1A;GSN;FURIN;SNCA,EC-PTC
GO_Biological_Process_2023,Response To Copper Ion (GO:0046688),4/24,0.0079795338171317,0.0980652210286413,0,0,5.754098360655738,27.797331575976514,PRNP;MT2A;ATP5F1D;SNCA,EC-PTC
GO_Biological_Process_2023,Positive Regulation Of Macromolecule Biosynthetic Process (GO:0010557),10/122,0.0083651332511472,0.1014482826364236,0,0,2.579618689581096,12.340078110693462,RPS4X;RPL5;NPM1;RGCC;SSB;EIF6;AKR1B1;RPL26;VIM;SOX4,EC-PTC
GO_Biological_Process_2023,Receptor-Mediated Endocytosis (GO:0006898),10/122,0.0083651332511472,0.1014482826364236,0,0,2.579618689581096,12.340078110693462,RAMP2;CALCRL;RNASEK;CD81;CTSL;AP2S1;CLTA;CD9;AP2M1;SNCA,EC-PTC
GO_Biological_Process_2023,Cotranslational Protein Targeting To Membrane (GO:0006613),3/13,0.0084980104396661,0.1014482826364236,0,0,8.622767857142858,41.11269499021088,SEC61A1;SSR2;SRP14,EC-PTC
GO_Biological_Process_2023,Outer Mitochondrial Membrane Organization (GO:0007008),3/13,0.0084980104396661,0.1014482826364236,0,0,8.622767857142858,41.11269499021088,MTCH1;TOMM20;TOMM5,EC-PTC
GO_Biological_Process_2023,Positive Regulation Of Potassium Ion Transmembrane Transporter Activity (GO:1901018),3/13,0.0084980104396661,0.1014482826364236,0,0,8.622767857142858,41.11269499021088,FXYD2;ATP1B3;ATP1B1,EC-PTC
GO_Biological_Process_2023,Protein Insertion Into Mitochondrial Outer Membrane (GO:0045040),3/13,0.0084980104396661,0.1014482826364236,0,0,8.622767857142858,41.11269499021088,MTCH1;TOMM20;TOMM5,EC-PTC
GO_Biological_Process_2023,Macroautophagy (GO:0016236),9/104,0.0085918907566818,0.1014482826364236,0,0,2.735419630156472,13.012217360698957,VAMP8;GABARAPL2;VCP;MAP1LC3B;CHMP2A;SNF8;SQSTM1;VPS28;GABARAP,EC-PTC
GO_Biological_Process_2023,Positive Regulation Of Inflammatory Response (GO:0050729),9/104,0.0085918907566818,0.1014482826364236,0,0,2.735419630156472,13.012217360698957,VAMP8;GPRC5B;GRN;RPS19;CD81;MDK;DDT;MGST2;SNCA,EC-PTC
GO_Biological_Process_2023,Regulation Of Proteasomal Protein Catabolic Process (GO:0061136),6/53,0.0086283333170154,0.1014482826364236,0,0,3.678656616735045,17.483565719701982,GABARAPL2;PINK1;UBB;PSME1;ECSCR;PSME2,EC-PTC
GO_Biological_Process_2023,Endosome Organization (GO:0007032),6/53,0.0086283333170154,0.1014482826364236,0,0,3.678656616735045,17.483565719701982,SNX3;ATP6V0B;RNASEK;LAMTOR1;ATP6V0C;SQSTM1,EC-PTC
GO_Biological_Process_2023,Protein Localization To Cell Periphery (GO:1990778),11/142,0.0088020962878029,0.1030452306796236,0,0,2.427273981421871,11.48771824603648,SLC9A3R2;RAMP2;CD81;TMEM88;BSG;RDX;RAB13;ATP1B3;ITGB1BP1;ATP1B1;S100A10,EC-PTC
GO_Biological_Process_2023,Activation Of Protein Kinase B Activity (GO:0032148),4/25,0.0092504308357133,0.1062339302345996,0,0,5.47980980767866,25.66241594452704,PINK1;ITGB1BP1;PARK7;PPIA,EC-PTC
GO_Biological_Process_2023,Regulation Of Lysosomal Lumen pH (GO:0035751),4/25,0.0092504308357133,0.1062339302345996,0,0,5.47980980767866,25.66241594452704,GRN;ATP6V0B;RNASEK;ATP6V0C,EC-PTC
GO_Biological_Process_2023,Cellular Response To Steroid Hormone Stimulus (GO:0071383),4/25,0.0092504308357133,0.1062339302345996,0,0,5.47980980767866,25.66241594452704,AKR1B1;ATP1A1;TFPI;HSPA1A,EC-PTC
GO_Biological_Process_2023,Negative Regulation Of Stress Fiber Assembly (GO:0051497),4/25,0.0092504308357133,0.1062339302345996,0,0,5.47980980767866,25.66241594452704,DYNLL1;PFN1;PAK2;CGNL1,EC-PTC
GO_Biological_Process_2023,Positive Regulation Of Programmed Cell Death (GO:0043068),16/245,0.0092700447222386,0.1062339302345996,0,0,2.024610532035438,9.477135240177477,MTCH1;JUN;PDCD5;RPS6;HTRA1;DUSP6;SOD1;SFRP1;TNFSF10;RACK1;SAP18;CTSD;SQSTM1;SOX4;ATF4;SNCA,EC-PTC
GO_Biological_Process_2023,Negative Regulation Of Growth (GO:0045926),10/124,0.009333422550462,0.1065108220464496,0,0,2.534098403904498,11.844764920261554,BST2;NDUFA13;MT2A;SFRP1;BTG1;CCDC85B;RACK1;ENO1;RTN4;HSPA1A,EC-PTC
GO_Biological_Process_2023,Apical Junction Assembly (GO:0043297),6/54,0.0094370989450376,0.1067965030613426,0,0,3.601831091180867,16.79572255380284,RAMP2;CLDN15;RAB13;ESAM;RHOC;PAK2,EC-PTC
GO_Biological_Process_2023,Regulation Of Blood Vessel Endothelial Cell Migration (GO:0043535),6/54,0.0094370989450376,0.1067965030613426,0,0,3.601831091180867,16.79572255380284,ANGPT2;RGCC;TMSB4X;CSNK2B;HSPB1;HIF1A,EC-PTC
GO_Biological_Process_2023,Positive Regulation Of ATP-dependent Activity (GO:0032781),5/39,0.00961622689073,0.1083720839635807,0,0,4.234196663740123,19.66489356510969,GABARAPL2;FXYD2;ATP1B3;ATP1B1;PFN1,EC-PTC
GO_Biological_Process_2023,Negative Regulation Of Neuron Death (GO:1901215),8/88,0.0097119502735189,0.1089985824085844,0,0,2.8853073463268366,13.371663070658624,GRN;PINK1;SET;MDK;PARK7;ATF4;SNCA;SOD1,EC-PTC
GO_Biological_Process_2023,Negative Regulation Of Translation (GO:0017148),9/107,0.0102658631173778,0.1140908860391,0,0,2.6512686155543297,12.13997644685966,EPHA4;EIF6;RACK1;RPS3;EIF2AK2;RPL13A;YBX1;PAIP2;GAPDH,EC-PTC
GO_Biological_Process_2023,Mitochondrion Transport Along Microtubule (GO:0047497),3/14,0.0105477785295072,0.1140908860391,0,0,7.838474025974026,35.67947966647906,UBB;HSBP1;HIF1A,EC-PTC
GO_Biological_Process_2023,"Negative Regulation Of mRNA Splicing, Via Spliceosome (GO:0048025)",3/14,0.0105477785295072,0.1140908860391,0,0,7.838474025974026,35.67947966647906,PTBP1;SAP18;SRSF9,EC-PTC
GO_Biological_Process_2023,Positive Regulation Of Exosomal Secretion (GO:1903543),3/14,0.0105477785295072,0.1140908860391,0,0,7.838474025974026,35.67947966647906,SDCBP;CHMP2A;SNF8,EC-PTC
GO_Biological_Process_2023,Regulation Of Carbohydrate Catabolic Process (GO:0043470),3/14,0.0105477785295072,0.1140908860391,0,0,7.838474025974026,35.67947966647906,EIF6;PGAM1;HIF1A,EC-PTC
GO_Biological_Process_2023,Regulation Of Neutrophil Extravasation (GO:2000389),2/5,0.0106277592665288,0.1140908860391,0,0,19.14016840019812,86.97839742701146,MDK;CD99,EC-PTC
GO_Biological_Process_2023,Regulation Of Plasma Membrane Repair (GO:1905684),2/5,0.0106277592665288,0.1140908860391,0,0,19.14016840019812,86.97839742701146,ANXA2;S100A10,EC-PTC
GO_Biological_Process_2023,Glomerulus Vasculature Development (GO:0072012),2/5,0.0106277592665288,0.1140908860391,0,0,19.14016840019812,86.97839742701146,ANGPT2;CD34,EC-PTC
GO_Biological_Process_2023,Negative Regulation Of Cellular Response To Hypoxia (GO:1900038),2/5,0.0106277592665288,0.1140908860391,0,0,19.14016840019812,86.97839742701146,EPHA4;ENO1,EC-PTC
GO_Biological_Process_2023,Positive Regulation Of Mitochondrial Membrane Potential (GO:0010918),2/5,0.0106277592665288,0.1140908860391,0,0,19.14016840019812,86.97839742701146,VCP;MTLN,EC-PTC
GO_Biological_Process_2023,Positive Regulation Of Vesicle Fusion (GO:0031340),2/5,0.0106277592665288,0.1140908860391,0,0,19.14016840019812,86.97839742701146,ANXA2;SNCA,EC-PTC
GO_Biological_Process_2023,Positive Regulation Of Secretion By Cell (GO:1903532),7/73,0.0114865895561511,0.1228251072224662,0,0,3.0578161858101978,13.657965481859312,TMED10;RGCC;ANXA2;IER3IP1;PPIA;S100A10;SNCA,EC-PTC
GO_Biological_Process_2023,Regulation Of Cell Population Proliferation (GO:0042127),38/766,0.0117962240068777,0.1256413505987449,0,0,1.5238972173823038,6.766066764027878,BTG1;CD81;PDCD5;COX17;AKR1B1;RPS4X;SDCBP;ADGRG1;RPS15A;FTH1;S100A13;TSPO;IGFBP7;ITGAV;HES1;ROMO1;TIMP1;RPL17;S100A11;SOX4;KLF10;EPHA4;JUN;EGLN3;RPS9;NPM1;STAT1;RPS6;FN1;EIF2AK2;DYNLL1;SFRP1;RGCC;CSNK2B;ITGB1BP1;SLC25A5;HSPA1A;COPS9,EC-PTC
GO_Biological_Process_2023,Negative Regulation Of Proteolysis (GO:0045861),5/41,0.011847381817485,0.1256933164698808,0,0,3.998548922056385,17.736157046410057,CST3;CSTB;EPHA4;PRNP;TIMP1,EC-PTC
GO_Biological_Process_2023,Regulation Of Actin Polymerization Or Depolymerization (GO:0008064),4/27,0.0121708524450307,0.1286227052167456,0,0,5.002786237283742,22.055840364134635,ARHGAP18;BRK1;ESAM;PFN1,EC-PTC
GO_Biological_Process_2023,Negative Regulation Of Neuron Apoptotic Process (GO:0043524),7/74,0.0123287016534694,0.1297858670186943,0,0,3.0120207346501027,13.24031685055467,GRN;PINK1;SET;MDK;PARK7;HIF1A;SOD1,EC-PTC
GO_Biological_Process_2023,Positive Regulation Of Macromolecule Metabolic Process (GO:0010604),21/364,0.012382513583494,0.1298490613620458,0,0,1.7770080509267927,7.803677539203929,RPL5;RAMP2;GSN;ANXA2;RPS7;RDX;RPL11;PDCD5;FN1;AKR1B1;SNF8;PARK7;HIF1A;RGCC;RPS3;CD34;RPL17;SLC38A2;ATF4;HSPA1A;SNCA,EC-PTC
GO_Biological_Process_2023,Negative Regulation Of mRNA Processing (GO:0050686),3/15,0.0128587689721118,0.1343246789548297,0,0,7.184895833333333,31.28109143587098,PTBP1;SAP18;SRSF9,EC-PTC
GO_Biological_Process_2023,Substantia Nigra Development (GO:0021762),5/42,0.0130845887172913,0.1351244979321794,0,0,3.890278338039532,16.869492444038233,ATP5PF;YWHAQ;DYNLL1;CALM2;COX6B1,EC-PTC
GO_Biological_Process_2023,Translational Elongation (GO:0006414),5/42,0.0130845887172913,0.1351244979321794,0,0,3.890278338039532,16.869492444038233,EEF1B2;EEF1A1;EEF1G;RACK1;TUFM,EC-PTC
GO_Biological_Process_2023,Potassium Ion Import Across Plasma Membrane (GO:1990573),5/42,0.0130845887172913,0.1351244979321794,0,0,3.890278338039532,16.869492444038233,FXYD2;SLC12A1;ATP1B3;ATP1A1;ATP1B1,EC-PTC
GO_Biological_Process_2023,Positive Regulation Of Mitochondrion Organization (GO:0010822),6/58,0.0132155759967852,0.135960243966927,0,0,3.3240772680234563,14.381152088150165,FIS1;PINK1;PDCD5;TNFSF10;CHCHD10;PARK7,EC-PTC
GO_Biological_Process_2023,Modification-Dependent Protein Catabolic Process (GO:0019941),13/192,0.0136250649047397,0.1396440614387671,0,0,2.100440513763945,9.023165145553213,NDFIP1;UBE2D2;ISG15;NEDD8;RNF7;RBX1;ANAPC11;PINK1;UBB;ELOC;RPS27A;SQSTM1;UBA52,EC-PTC
GO_Biological_Process_2023,Regulation Of Protein Localization To Membrane (GO:1905475),4/28,0.0138285512040619,0.1406679590645403,0,0,4.794088425235966,20.52358793292328,VAMP8;GSN;AKR1B1;SLC5A3,EC-PTC
GO_Biological_Process_2023,Negative Regulation Of Actin Filament Bundle Assembly (GO:0032232),4/28,0.0138285512040619,0.1406679590645403,0,0,4.794088425235966,20.52358793292328,DYNLL1;PFN1;PAK2;CGNL1,EC-PTC
GO_Biological_Process_2023,Regulation Of Signal Transduction (GO:0009966),13/193,0.0141752925652763,0.1436570694301883,0,0,2.0886623027861697,8.889878931042293,CD63;MTCH1;PRNP;DYNLT1;SNX3;SUMO1;TMEM204;IGFBP7;ITGB1BP1;TIMP1;CD24;PPIA;CD55,EC-PTC
GO_Biological_Process_2023,Positive Regulation Of Proteolysis (GO:0045862),6/59,0.0143044202823411,0.1444267861964253,0,0,3.261189609950081,13.85088106851196,ATP5IF1;NDUFA13;PINK1;CTSL;FURIN;AURKAIP1,EC-PTC
GO_Biological_Process_2023,Positive Regulation Of Stress Fiber Assembly (GO:0051496),5/43,0.0144061227245292,0.1449149234067458,0,0,3.78770620581304,16.060260558548777,SFRP1;RGCC;ITGB1BP1;RHOC;S100A10,EC-PTC
GO_Biological_Process_2023,Cellular Response To Gamma Radiation (GO:0071480),3/16,0.0154356353214748,0.1478450104198214,0,0,6.631868131868132,27.66202905584431,TMEM109;RPL26;CRYAB,EC-PTC
GO_Biological_Process_2023,Regulation Of Transforming Growth Factor Beta Production (GO:0071634),3/16,0.0154356353214748,0.1478450104198214,0,0,6.631868131868132,27.66202905584431,FN1;ITGAV;HIF1A,EC-PTC
GO_Biological_Process_2023,Mitophagy (GO:0000423),3/16,0.0154356353214748,0.1478450104198214,0,0,6.631868131868132,27.66202905584431,MAP1LC3B;PINK1;SQSTM1,EC-PTC
GO_Biological_Process_2023,Negative Regulation Of Peptidase Activity (GO:0010466),6/60,0.0154541718018948,0.1478450104198214,0,0,3.2006311243979404,13.346235846814938,CST3;CSTB;SERPINH1;PARK7;TIMP1;GAPDH,EC-PTC
GO_Biological_Process_2023,Regulation Of Cellular Response To Hypoxia (GO:1900037),2/6,0.0155870544404176,0.1478450104198214,0,0,14.354383358098069,59.73310436452927,EPHA4;CHCHD2,EC-PTC
GO_Biological_Process_2023,Regulation Of Oxidative Stress-Induced Neuron Intrinsic Apoptotic Signaling Pathway (GO:1903376),2/6,0.0155870544404176,0.1478450104198214,0,0,14.354383358098069,59.73310436452927,PARK7;HIF1A,EC-PTC
GO_Biological_Process_2023,Regulation Of Phospholipid Transport (GO:2001138),2/6,0.0155870544404176,0.1478450104198214,0,0,14.354383358098069,59.73310436452927,PRELID1;TSPO,EC-PTC
GO_Biological_Process_2023,Calcitonin Family Receptor Signaling Pathway (GO:0097646),2/6,0.0155870544404176,0.1478450104198214,0,0,14.354383358098069,59.73310436452927,RAMP2;CALCRL,EC-PTC
GO_Biological_Process_2023,Ribosomal Large Subunit Export From Nucleus (GO:0000055),2/6,0.0155870544404176,0.1478450104198214,0,0,14.354383358098069,59.73310436452927,NPM1;RAN,EC-PTC
GO_Biological_Process_2023,Vascular Associated Smooth Muscle Cell Development (GO:0097084),2/6,0.0155870544404176,0.1478450104198214,0,0,14.354383358098069,59.73310436452927,RAMP2;HES1,EC-PTC
GO_Biological_Process_2023,Negative Regulation Of Stress-Activated Protein Kinase Signaling Cascade (GO:0070303),2/6,0.0155870544404176,0.1478450104198214,0,0,14.354383358098069,59.73310436452927,GSTP1;PPIA,EC-PTC
GO_Biological_Process_2023,Positive Regulation Of Fibroblast Apoptotic Process (GO:2000271),2/6,0.0155870544404176,0.1478450104198214,0,0,14.354383358098069,59.73310436452927,SFRP1;BTG1,EC-PTC
GO_Biological_Process_2023,Positive Regulation Of Mitophagy (GO:1901526),2/6,0.0155870544404176,0.1478450104198214,0,0,14.354383358098069,59.73310436452927,SLC25A5;SLC25A4,EC-PTC
GO_Biological_Process_2023,Positive Regulation Of Mitophagy In Response To Mitochondrial Depolarization (GO:0098779),2/6,0.0155870544404176,0.1478450104198214,0,0,14.354383358098069,59.73310436452927,PINK1;OPTN,EC-PTC
GO_Biological_Process_2023,Response To Steroid Hormone (GO:0048545),4/29,0.0156227974928161,0.1478450104198214,0,0,4.602086438152012,19.14018819373525,AKR1B1;ATP1A1;TFPI;HSPA1A,EC-PTC
GO_Biological_Process_2023,Positive Regulation Of Dephosphorylation (GO:0035306),4/29,0.0156227974928161,0.1478450104198214,0,0,4.602086438152012,19.14018819373525,PTBP1;DYNLL1;CALM2;PPIA,EC-PTC
GO_Biological_Process_2023,Positive Regulation Of Endopeptidase Activity (GO:0010950),4/29,0.0156227974928161,0.1478450104198214,0,0,4.602086438152012,19.14018819373525,EPHA4;PRELID1;PSME1;PSME2,EC-PTC
GO_Biological_Process_2023,Regulation Of Cellular Metabolic Process (GO:0031323),5/45,0.0173112523136946,0.163254726680537,0,0,3.59794776119403,14.594710139606953,ARF4;PINK1;EIF6;PGAM1;HIF1A,EC-PTC
GO_Biological_Process_2023,Regulation Of Receptor Recycling (GO:0001919),3/17,0.0182815959803452,0.1712166023538543,0,0,6.157844387755102,24.64283366203965,LAMTOR1;OPTN;SNCA,EC-PTC
GO_Biological_Process_2023,Negative Regulation Of Fibroblast Proliferation (GO:0048147),3/17,0.0182815959803452,0.1712166023538543,0,0,6.157844387755102,24.64283366203965,SFRP1;GSTP1;FTH1,EC-PTC
GO_Biological_Process_2023,Regulation Of Fibroblast Proliferation (GO:0048145),5/46,0.0188991038918896,0.1763916363243036,0,0,3.5100109210047323,13.929972448344705,SFRP1;GSTP1;FTH1;FN1;S100A6,EC-PTC
GO_Biological_Process_2023,Bicellular Tight Junction Assembly (GO:0070830),5/47,0.0205797865195141,0.1851949729695245,0,0,3.426261549395878,13.30570144112945,RAMP2;CLDN15;RAB13;ESAM;PAK2,EC-PTC
GO_Biological_Process_2023,Response To Metal Ion (GO:0010038),6/64,0.0206922111701475,0.1851949729695245,0,0,2.9792794185866707,11.55363939282426,PDCD6;ANXA11;HIF1A;ATP5F1D;CALM2;SNCA,EC-PTC
GO_Biological_Process_2023,ADP Transport (GO:0015866),2/7,0.0213378976273976,0.1851949729695245,0,0,11.48291233283804,44.17787051400107,SLC25A5;SLC25A4,EC-PTC
GO_Biological_Process_2023,Regulation Of Chaperone-Mediated Autophagy (GO:1904714),2/7,0.0213378976273976,0.1851949729695245,0,0,11.48291233283804,44.17787051400107,EEF1A1;SNCA,EC-PTC
GO_Biological_Process_2023,Regulation Of Cyclic-Nucleotide Phosphodiesterase Activity (GO:0051342),2/7,0.0213378976273976,0.1851949729695245,0,0,11.48291233283804,44.17787051400107,RACK1;CALM2,EC-PTC
GO_Biological_Process_2023,Regulation Of Endodeoxyribonuclease Activity (GO:0032071),2/7,0.0213378976273976,0.1851949729695245,0,0,11.48291233283804,44.17787051400107,NPM1;RPS3,EC-PTC
GO_Biological_Process_2023,Regulation Of Extracellular Matrix Constituent Secretion (GO:0003330),2/7,0.0213378976273976,0.1851949729695245,0,0,11.48291233283804,44.17787051400107,RGCC;IER3IP1,EC-PTC
GO_Biological_Process_2023,Regulation Of Oxidative Stress-Induced Cell Death (GO:1903201),2/7,0.0213378976273976,0.1851949729695245,0,0,11.48291233283804,44.17787051400107,PINK1;PARK7,EC-PTC
GO_Biological_Process_2023,tRNA Transcription By RNA Polymerase III (GO:0042797),2/7,0.0213378976273976,0.1851949729695245,0,0,11.48291233283804,44.17787051400107,POLR2F;POLR2L,EC-PTC
GO_Biological_Process_2023,Lactate Metabolic Process (GO:0006089),2/7,0.0213378976273976,0.1851949729695245,0,0,11.48291233283804,44.17787051400107,LDHB;PARK7,EC-PTC
GO_Biological_Process_2023,Negative Regulation Of miRNA-mediated Gene Silencing (GO:0060965),2/7,0.0213378976273976,0.1851949729695245,0,0,11.48291233283804,44.17787051400107,ELOB;ELOC,EC-PTC
GO_Biological_Process_2023,Negative Regulation Of Osteoblast Proliferation (GO:0033689),2/7,0.0213378976273976,0.1851949729695245,0,0,11.48291233283804,44.17787051400107,SFRP1;EIF2AK2,EC-PTC
GO_Biological_Process_2023,Positive Regulation Of Aspartic-Type Peptidase Activity (GO:1905247),2/7,0.0213378976273976,0.1851949729695245,0,0,11.48291233283804,44.17787051400107,EPHA4;GRN,EC-PTC
GO_Biological_Process_2023,Positive Regulation Of Membrane Potential (GO:0045838),2/7,0.0213378976273976,0.1851949729695245,0,0,11.48291233283804,44.17787051400107,VCP;MTLN,EC-PTC
GO_Biological_Process_2023,Positive Regulation Of Plasminogen Activation (GO:0010756),2/7,0.0213378976273976,0.1851949729695245,0,0,11.48291233283804,44.17787051400107,ENO1;S100A10,EC-PTC
GO_Biological_Process_2023,"Post-Translational Protein Targeting To Membrane, Translocation (GO:0031204)",2/7,0.0213378976273976,0.1851949729695245,0,0,11.48291233283804,44.17787051400107,SEC61A1;SEC61B,EC-PTC
GO_Biological_Process_2023,Protein Localization To Cytoplasmic Stress Granule (GO:1903608),2/7,0.0213378976273976,0.1851949729695245,0,0,11.48291233283804,44.17787051400107,SSB;YBX1,EC-PTC
GO_Biological_Process_2023,Protein Retention In ER Lumen (GO:0006621),2/7,0.0213378976273976,0.1851949729695245,0,0,11.48291233283804,44.17787051400107,KDELR1;KDELR2,EC-PTC
GO_Biological_Process_2023,Regulation Of Exosomal Secretion (GO:1903541),3/18,0.0213985530712876,0.1851949729695245,0,0,5.747023809523809,22.09404208138228,SDCBP;CHMP2A;SNF8,EC-PTC
GO_Biological_Process_2023,Maintenance Of Protein Location In Nucleus (GO:0051457),3/18,0.0213985530712876,0.1851949729695245,0,0,5.747023809523809,22.09404208138228,CHCHD10;PARK7;SKP1,EC-PTC
GO_Biological_Process_2023,Myoblast Fusion (GO:0007520),3/18,0.0213985530712876,0.1851949729695245,0,0,5.747023809523809,22.09404208138228,CD81;CD9;JAM2,EC-PTC
GO_Biological_Process_2023,Negative Regulation Of Viral Entry Into Host Cell (GO:0046597),3/18,0.0213985530712876,0.1851949729695245,0,0,5.747023809523809,22.09404208138228,SNX3;GSN;LY6E,EC-PTC
GO_Biological_Process_2023,Regulation Of MAPK Cascade (GO:0043408),13/204,0.0214106117497904,0.1851949729695245,0,0,1.967241897470777,7.561819365574782,DUSP1;CD81;GSTP1;FN1;EIF2AK2;PEBP1;DUSP6;SOD1;MYDGF;LAMTOR1;CD24;PAK2;PPIA,EC-PTC
GO_Biological_Process_2023,Regulation Of Ubiquitin-Protein Transferase Activity (GO:0051438),4/32,0.0218555280480705,0.1878468803118973,0,0,4.108367042793272,15.707525423402249,PINK1;PARK7;BUB3;RPS2,EC-PTC
GO_Biological_Process_2023,Intracellular pH Reduction (GO:0051452),4/32,0.0218555280480705,0.1878468803118973,0,0,4.108367042793272,15.707525423402249,ATP6V0B;RNASEK;ATP6V0E1;ATP6V0C,EC-PTC
GO_Biological_Process_2023,Regulation Of RNA Splicing (GO:0043484),8/102,0.0220912663249008,0.1892740673136618,0,0,2.453794379406041,9.355270045075445,PTBP1;ENY2;HNRNPF;USP22;SLC38A2;PRDX6;RPS13;HSPA1A,EC-PTC
GO_Biological_Process_2023,Regulation Of DNA Binding (GO:0051101),5/48,0.0223551268393259,0.1909324669673251,0,0,3.3464074973967373,12.71868962154649,JUN;SUMO1;CSNK2B;HES1;EDF1,EC-PTC
GO_Biological_Process_2023,Protein Modification By Small Protein Conjugation (GO:0032446),20/364,0.0230360466284328,0.1961313562470963,0,0,1.684803834546423,6.352881471032604,VCP;ANAPC16;UBE2D2;NEDD8;ISG15;RNF7;ANAPC11;RBX1;PINK1;UBB;SUMO1;SUMO2;RACK1;UFC1;RNF181;ELOC;RPS27A;UBA52;SKP1;PCMTD1,EC-PTC
GO_Biological_Process_2023,Positive Regulation Of Epithelial Cell Proliferation (GO:0050679),9/123,0.0235917117814349,0.2002346537449291,0,0,2.2772641062114745,8.53258938896651,MYDGF;SFRP1;GRN;MDK;PDCD6;TNFSF12;NME2;HIF1A;RTN4,EC-PTC
GO_Biological_Process_2023,Actin Filament Bundle Organization (GO:0061572),4/33,0.0242249687652428,0.2030710344641962,0,0,3.96649365332237,14.756829588014408,CALD1;RFLNB;PLS3;CORO1B,EC-PTC
GO_Biological_Process_2023,Negative Regulation Of Blood Vessel Endothelial Cell Migration (GO:0043537),4/33,0.0242249687652428,0.2030710344641962,0,0,3.96649365332237,14.756829588014408,ANGPT2;RGCC;CSNK2B;ITGB1BP1,EC-PTC
GO_Biological_Process_2023,Positive Regulation Of Protein Dephosphorylation (GO:0035307),4/33,0.0242249687652428,0.2030710344641962,0,0,3.96649365332237,14.756829588014408,PTBP1;DYNLL1;CALM2;PPIA,EC-PTC
GO_Biological_Process_2023,Regulation Of Amyloid-Beta Formation (GO:1902003),4/33,0.0242249687652428,0.2030710344641962,0,0,3.96649365332237,14.756829588014408,EPHA4;PRNP;TMED10;RTN4,EC-PTC
GO_Biological_Process_2023,Positive Regulation Of Endothelial Cell Migration (GO:0010595),7/85,0.0247131952806504,0.2065093439990528,0,0,2.585770766159988,9.568432573470416,GRN;ANXA3;PDCD6;TMSB4X;HSPB1;ITGB1BP1;HIF1A,EC-PTC
GO_Biological_Process_2023,Regulation Of Integrin-Mediated Signaling Pathway (GO:2001044),3/19,0.0247872040293413,0.2065093439990528,0,0,5.387555803571429,19.92009820094655,CD63;ITGB1BP1;TIMP1,EC-PTC
GO_Biological_Process_2023,Extrinsic Apoptotic Signaling Pathway (GO:0097191),6/67,0.0253304448552694,0.2103898722535531,0,0,2.8323164007939425,10.410882061412444,IFI27;SIVA1;TNFSF12;G0S2;ITGAV;GABARAP,EC-PTC
GO_Biological_Process_2023,Negative Regulation Of MAPK Cascade (GO:0043409),8/105,0.0257617509932896,0.2133198649322397,0,0,2.3775328830430147,8.699070441558392,EPHA4;DUSP1;GSTP1;SPRY4;PEBP1;ITGB1BP1;PPIA;DUSP6,EC-PTC
GO_Biological_Process_2023,Negative Regulation Of Cell Growth (GO:0030308),9/125,0.0258604342698755,0.2134861382279086,0,0,2.2377679403541477,8.179133822603589,BST2;NDUFA13;SFRP1;BTG1;CCDC85B;RACK1;ENO1;RTN4;HSPA1A,EC-PTC
GO_Biological_Process_2023,Regulation Of T Cell Receptor Signaling Pathway (GO:0050856),4/34,0.0267437654904237,0.2201092941575483,0,0,3.8340784898161946,13.884938494417012,LGALS3;PRNP;CD81;RPS3,EC-PTC
GO_Biological_Process_2023,Cellular Response To Starvation (GO:0009267),9/126,0.0270508442237989,0.2209439926191302,0,0,2.2185262185262187,8.00896187727693,KLF10;GABARAPL2;RRAGA;SFRP1;MAP1LC3B;SESN3;EIF2AK2;GABARAP;ATF4,EC-PTC
GO_Biological_Process_2023,Regulation Of Epidermis Development (GO:0045682),2/8,0.027821371677372,0.2209439926191302,0,0,9.56859831599802,34.274248280543794,NME2;KRT10,EC-PTC
GO_Biological_Process_2023,Regulation Of Intrinsic Apoptotic Signaling Pathway By P53 Class Mediator (GO:1902253),2/8,0.027821371677372,0.2209439926191302,0,0,9.56859831599802,34.274248280543794,RPS7;UBB,EC-PTC
GO_Biological_Process_2023,Endothelial Cell Chemotaxis (GO:0035767),2/8,0.027821371677372,0.2209439926191302,0,0,9.56859831599802,34.274248280543794,RAB13;CORO1B,EC-PTC
GO_Biological_Process_2023,tRNA Transcription (GO:0009304),2/8,0.027821371677372,0.2209439926191302,0,0,9.56859831599802,34.274248280543794,POLR2F;POLR2L,EC-PTC
GO_Biological_Process_2023,Formation Of Translation Preinitiation Complex (GO:0001731),2/8,0.027821371677372,0.2209439926191302,0,0,9.56859831599802,34.274248280543794,EIF5;EIF2S2,EC-PTC
GO_Biological_Process_2023,Vascular Associated Smooth Muscle Cell Differentiation (GO:0035886),2/8,0.027821371677372,0.2209439926191302,0,0,9.56859831599802,34.274248280543794,RAMP2;HES1,EC-PTC
GO_Biological_Process_2023,Integrin Activation (GO:0033622),2/8,0.027821371677372,0.2209439926191302,0,0,9.56859831599802,34.274248280543794,FN1;ITGB1BP1,EC-PTC
GO_Biological_Process_2023,ncRNA Export From Nucleus (GO:0097064),2/8,0.027821371677372,0.2209439926191302,0,0,9.56859831599802,34.274248280543794,NPM1;SSB,EC-PTC
GO_Biological_Process_2023,Negative Regulation Of Transporter Activity (GO:0032410),2/8,0.027821371677372,0.2209439926191302,0,0,9.56859831599802,34.274248280543794,NDFIP1;SNCA,EC-PTC
GO_Biological_Process_2023,Nucleic Acid Transport (GO:0050657),2/8,0.027821371677372,0.2209439926191302,0,0,9.56859831599802,34.274248280543794,YBX1;RTRAF,EC-PTC
GO_Biological_Process_2023,Proline Transport (GO:0015824),2/8,0.027821371677372,0.2209439926191302,0,0,9.56859831599802,34.274248280543794,SLC3A2;SLC38A2,EC-PTC
GO_Biological_Process_2023,Regulation Of Meiotic Cell Cycle (GO:0051445),3/20,0.0284471462729651,0.2226583552662057,0,0,5.070378151260504,18.04906277891892,ANAPC16;DUSP1;ANAPC11,EC-PTC
GO_Biological_Process_2023,Calcium-Mediated Signaling Using Intracellular Calcium Source (GO:0035584),3/20,0.0284471462729651,0.2226583552662057,0,0,5.070378151260504,18.04906277891892,FIS1;PRNP;DEFB1,EC-PTC
GO_Biological_Process_2023,Cellular Response To Copper Ion (GO:0071280),3/20,0.0284471462729651,0.2226583552662057,0,0,5.070378151260504,18.04906277891892,PRNP;MT2A;SNCA,EC-PTC
GO_Biological_Process_2023,Response To Fibroblast Growth Factor (GO:0071774),3/20,0.0284471462729651,0.2226583552662057,0,0,5.070378151260504,18.04906277891892,SFRP1;ITGB1BP1;IER2,EC-PTC
GO_Biological_Process_2023,Hydrogen Peroxide Catabolic Process (GO:0042744),3/20,0.0284471462729651,0.2226583552662057,0,0,5.070378151260504,18.04906277891892,PRDX2;PRDX5;PRDX1,EC-PTC
GO_Biological_Process_2023,Hexose Biosynthetic Process (GO:0019319),4/35,0.0294134759712423,0.2295603469479715,0,0,3.710206240084611,13.08330895848652,TPI1;PGAM1;ENO1;ATF4,EC-PTC
GO_Biological_Process_2023,Protein Localization To Membrane (GO:0072657),12/192,0.0300638719833165,0.2339641154919421,0,0,1.9250879839115131,6.746338190388597,SLC9A3R2;RAMP2;CD81;TMEM88;BSG;RDX;RAB13;ATP1B3;ITGB1BP1;ATP1B1;S100A10;TM9SF3,EC-PTC
GO_Biological_Process_2023,Negative Regulation Of Response To Stimulus (GO:0048585),5/52,0.0304351410722416,0.2355038266444679,0,0,3.060971737059384,10.689395047204016,EPHA4;COL3A1;RPS3;PIM3;TLE5,EC-PTC
GO_Biological_Process_2023,Regulation Of Cell Development (GO:0060284),5/52,0.0304351410722416,0.2355038266444679,0,0,3.060971737059384,10.689395047204016,GRN;RPS19;ANXA2;HES1;S100A10,EC-PTC
GO_Biological_Process_2023,Negative Regulation Of Extrinsic Apoptotic Signaling Pathway (GO:2001237),6/70,0.0306138094582686,0.2355442110160274,0,0,2.6991311659192827,9.409992002511125,LGALS3;GSTP1;AKR1B1;ITGAV;PARK7;HSPA1A,EC-PTC
GO_Biological_Process_2023,Positive Regulation Of Protein Transport (GO:0051222),6/70,0.0306138094582686,0.2355442110160274,0,0,2.6991311659192827,9.409992002511125,TMED10;RACK1;IER3IP1;PPIA;OAZ1;VPS28,EC-PTC
GO_Biological_Process_2023,Innate Immune Response In Mucosa (GO:0002227),3/21,0.0323769753880267,0.2477066624052978,0,0,4.7884424603174605,16.425831258005807,DEFB1;FAU;RPL39,EC-PTC
GO_Biological_Process_2023,Modulation By Host Of Viral Genome Replication (GO:0044827),3/21,0.0323769753880267,0.2477066624052978,0,0,4.7884424603174605,16.425831258005807,EEF1A1;IFI27;PPIB,EC-PTC
GO_Biological_Process_2023,Tight Junction Assembly (GO:0120192),5/53,0.0327066865429395,0.2495262939624262,0,0,2.9970460199004973,10.25042409056647,RAMP2;CLDN15;RAB13;ESAM;PAK2,EC-PTC
GO_Biological_Process_2023,Negative Regulation Of Catabolic Process (GO:0009895),6/72,0.0345083595564663,0.2596195334972201,0,0,2.6170675363500475,8.810498340889245,CST3;SNX3;RPL5;RPS7;RPL11;RPL17,EC-PTC
GO_Biological_Process_2023,SNARE Complex Assembly (GO:0035493),2/9,0.0349816245412342,0.2596195334972201,0,0,8.20123116111229,27.498173421381424,VAMP8;SNCA,EC-PTC
GO_Biological_Process_2023,Regulation Of Inflammatory Response To Wounding (GO:0106014),2/9,0.0349816245412342,0.2596195334972201,0,0,8.20123116111229,27.498173421381424,GRN;MDK,EC-PTC
GO_Biological_Process_2023,[2Fe-2S] Cluster Assembly (GO:0044571),2/9,0.0349816245412342,0.2596195334972201,0,0,8.20123116111229,27.498173421381424,NDUFAB1;ISCU,EC-PTC
GO_Biological_Process_2023,Adherens Junction Assembly (GO:0034333),2/9,0.0349816245412342,0.2596195334972201,0,0,8.20123116111229,27.498173421381424,RAMP2;PAK2,EC-PTC
GO_Biological_Process_2023,Negative Regulation Of Establishment Of Protein Localization (GO:1904950),2/9,0.0349816245412342,0.2596195334972201,0,0,8.20123116111229,27.498173421381424,SNX3;NDFIP1,EC-PTC
GO_Biological_Process_2023,Negative Regulation Of Transforming Growth Factor Beta Production (GO:0071635),2/9,0.0349816245412342,0.2596195334972201,0,0,8.20123116111229,27.498173421381424,FN1;FURIN,EC-PTC
GO_Biological_Process_2023,Positive Regulation Of Sodium Ion Transmembrane Transport (GO:1902307),2/9,0.0349816245412342,0.2596195334972201,0,0,8.20123116111229,27.498173421381424,ATP1B3;ATP1B1,EC-PTC
GO_Biological_Process_2023,"Regulation Of CD4-positive, Alpha-Beta T Cell Proliferation (GO:2000561)",2/9,0.0349816245412342,0.2596195334972201,0,0,8.20123116111229,27.498173421381424,CD81;CD55,EC-PTC
GO_Biological_Process_2023,Regulation Of Focal Adhesion Assembly (GO:0051893),5/54,0.0350811372582768,0.2596195334972201,0,0,2.935729515686872,9.834963063428535,SFRP1;ITGB1BP1;DYNLL1;TLN1;S100A10,EC-PTC
GO_Biological_Process_2023,Endoplasmic Reticulum Organization (GO:0007029),5/54,0.0350811372582768,0.2596195334972201,0,0,2.935729515686872,9.834963063428535,SEC61A1;WDR83OS;REEP5;REEP3;RTN4,EC-PTC
GO_Biological_Process_2023,Negative Regulation Of Stress-Activated MAPK Cascade (GO:0032873),4/37,0.0352102607240772,0.2598670329527008,0,0,3.484983967845369,11.662212177140912,PINK1;DUSP1;GSTP1;PPIA,EC-PTC
GO_Biological_Process_2023,Positive Regulation Of I-kappaB kinase/NF-kappaB Signaling (GO:0043123),11/175,0.0355073757751618,0.2613496818572889,0,0,1.935525639141933,6.460813298463557,BST2;FKBP1A;GPRC5B;PINK1;NDFIP1;C18ORF32;TNFSF10;S100A13;S100A4;RHOC;GAPDH,EC-PTC
GO_Biological_Process_2023,Regulation Of Vascular Endothelial Growth Factor Receptor Signaling Pathway (GO:0030947),3/22,0.0365743770693105,0.2663163756574997,0,0,4.536184210526316,15.007545245743772,TMEM204;PDCD6;HIF1A,EC-PTC
GO_Biological_Process_2023,Response To Gamma Radiation (GO:0010332),3/22,0.0365743770693105,0.2663163756574997,0,0,4.536184210526316,15.007545245743772,TMEM109;RPL26;CRYAB,EC-PTC
GO_Biological_Process_2023,Protein Neddylation (GO:0045116),3/22,0.0365743770693105,0.2663163756574997,0,0,4.536184210526316,15.007545245743772,NEDD8;RNF7;RBX1,EC-PTC
GO_Biological_Process_2023,Regulation Of Catabolic Process (GO:0009894),3/22,0.0365743770693105,0.2663163756574997,0,0,4.536184210526316,15.007545245743772,ODC1;FURIN;SNF8,EC-PTC
GO_Biological_Process_2023,Regulation Of Endothelial Cell Proliferation (GO:0001936),7/93,0.0378190783990552,0.2746433607803047,0,0,2.344259156106392,7.677311794317219,ATP5IF1;MYDGF;RGCC;STAT1;PDCD6;TNFSF12;HIF1A,EC-PTC
GO_Biological_Process_2023,Tumor Necrosis Factor-Mediated Signaling Pathway (GO:0033209),4/38,0.0383388639556332,0.2769371130412231,0,0,3.382309108442185,11.03069483833481,PLVAP;RRAGA;STAT1;TMSB4X,EC-PTC
GO_Biological_Process_2023,Positive Regulation Of Protein Tyrosine Kinase Activity (GO:0061098),4/38,0.0383388639556332,0.2769371130412231,0,0,3.382309108442185,11.03069483833481,EPHA4;PRNP;GPRC5B;RELN,EC-PTC
GO_Biological_Process_2023,Regulation Of Reactive Oxygen Species Metabolic Process (GO:2000377),5/56,0.0401422651514481,0.2875495315240301,0,0,2.820310213637694,9.068215364542455,ARF4;PINK1;EIF6;ROMO1;SNCA,EC-PTC
GO_Biological_Process_2023,"Regulation Of Nuclear-Transcribed mRNA Catabolic Process, Deadenylation-Dependent Decay (GO:1900151)",3/23,0.0410362132507166,0.2875495315240301,0,0,4.309151785714286,13.760415914557033,CSDE1;YBX1;PAIP1,EC-PTC
GO_Biological_Process_2023,Negative Regulation Of Actin Filament Polymerization (GO:0030837),3/23,0.0410362132507166,0.2875495315240301,0,0,4.309151785714286,13.760415914557033,GSN;TMSB4X;PFN1,EC-PTC
GO_Biological_Process_2023,Positive Regulation Of Epithelial Cell Apoptotic Process (GO:1904037),3/23,0.0410362132507166,0.2875495315240301,0,0,4.309151785714286,13.760415914557033,GSN;RGCC;ECSCR,EC-PTC
GO_Biological_Process_2023,Positive Regulation Of Protein Targeting To Membrane (GO:0090314),3/23,0.0410362132507166,0.2875495315240301,0,0,4.309151785714286,13.760415914557033,FIS1;PRNP;ITGB1BP1,EC-PTC
GO_Biological_Process_2023,Regulation Of Protein Tyrosine Kinase Activity (GO:0061097),4/39,0.0416214552445565,0.2875495315240301,0,0,3.2855013838620395,10.445067205705774,EPHA4;PRNP;GPRC5B;RELN,EC-PTC
GO_Biological_Process_2023,Negative Regulation Of Proteasomal Protein Catabolic Process (GO:1901799),4/39,0.0416214552445565,0.2875495315240301,0,0,3.2855013838620395,10.445067205705774,SDCBP;GABARAPL2;RPL11;PARK7,EC-PTC
GO_Biological_Process_2023,Positive Regulation Of Epithelial Cell Migration (GO:0010634),7/95,0.0416925643367478,0.2875495315240301,0,0,2.2907423788786065,7.278679236459812,GRN;ANXA3;PDCD6;ITGB1BP1;PFN1;HIF1A;RTN4,EC-PTC
GO_Biological_Process_2023,CRD-mediated mRNA Stabilization (GO:0070934),2/10,0.0427657300261895,0.2875495315240301,0,0,7.175705794947994,22.617955245214755,YBX1;PAIP1,EC-PTC
GO_Biological_Process_2023,Regulation Of Cysteine-Type Endopeptidase Activity Involved In Apoptotic Signaling Pathway (GO:2001267),2/10,0.0427657300261895,0.2875495315240301,0,0,7.175705794947994,22.617955245214755,GSN;PARK7,EC-PTC
GO_Biological_Process_2023,Regulation Of Inclusion Body Assembly (GO:0090083),2/10,0.0427657300261895,0.2875495315240301,0,0,7.175705794947994,22.617955245214755,HSPA2;HSPA1A,EC-PTC
GO_Biological_Process_2023,Actin Filament Depolymerization (GO:0030042),2/10,0.0427657300261895,0.2875495315240301,0,0,7.175705794947994,22.617955245214755,GSN;DSTN,EC-PTC
GO_Biological_Process_2023,Regulation Of Lipid Transport (GO:0032368),2/10,0.0427657300261895,0.2875495315240301,0,0,7.175705794947994,22.617955245214755,SURF4;ITGAV,EC-PTC
GO_Biological_Process_2023,"Regulation Of Nuclear-Transcribed mRNA Catabolic Process, Nonsense-Mediated Decay (GO:2000622)",2/10,0.0427657300261895,0.2875495315240301,0,0,7.175705794947994,22.617955245214755,RBM8A;HNRNPAB,EC-PTC
GO_Biological_Process_2023,Basement Membrane Organization (GO:0071711),2/10,0.0427657300261895,0.2875495315240301,0,0,7.175705794947994,22.617955245214755,RAMP2;MLF2,EC-PTC
GO_Biological_Process_2023,miRNA Catabolic Process (GO:0010587),2/10,0.0427657300261895,0.2875495315240301,0,0,7.175705794947994,22.617955245214755,ELOB;ELOC,EC-PTC
GO_Biological_Process_2023,Muscle Filament Sliding (GO:0030049),2/10,0.0427657300261895,0.2875495315240301,0,0,7.175705794947994,22.617955245214755,MYL6;MYL6B,EC-PTC
GO_Biological_Process_2023,Negative Regulation Of Autophagosome Assembly (GO:1902902),2/10,0.0427657300261895,0.2875495315240301,0,0,7.175705794947994,22.617955245214755,PINK1;FEZ2,EC-PTC
GO_Biological_Process_2023,Negative Regulation Of Homotypic Cell-Cell Adhesion (GO:0034111),2/10,0.0427657300261895,0.2875495315240301,0,0,7.175705794947994,22.617955245214755,RDX;CD9,EC-PTC
GO_Biological_Process_2023,Negative Regulation Of Hydrogen Peroxide-Induced Cell Death (GO:1903206),2/10,0.0427657300261895,0.2875495315240301,0,0,7.175705794947994,22.617955245214755,RACK1;PARK7,EC-PTC
GO_Biological_Process_2023,Negative Regulation Of Inclusion Body Assembly (GO:0090084),2/10,0.0427657300261895,0.2875495315240301,0,0,7.175705794947994,22.617955245214755,HSPA2;HSPA1A,EC-PTC
GO_Biological_Process_2023,Neuron Projection Fasciculation (GO:0106030),2/10,0.0427657300261895,0.2875495315240301,0,0,7.175705794947994,22.617955245214755,EPHA4;RTN4,EC-PTC
GO_Biological_Process_2023,Positive Regulation Of Actin Nucleation (GO:0051127),2/10,0.0427657300261895,0.2875495315240301,0,0,7.175705794947994,22.617955245214755,GSN;BRK1,EC-PTC
GO_Biological_Process_2023,Positive Regulation Of Phospholipid Transport (GO:2001140),2/10,0.0427657300261895,0.2875495315240301,0,0,7.175705794947994,22.617955245214755,PRELID1;TSPO,EC-PTC
GO_Biological_Process_2023,Receptor-Mediated Endocytosis Of Virus By Host Cell (GO:0019065),2/10,0.0427657300261895,0.2875495315240301,0,0,7.175705794947994,22.617955245214755,RNASEK;CTSL,EC-PTC
GO_Biological_Process_2023,Regulation Of Axon Regeneration (GO:0048679),2/10,0.0427657300261895,0.2875495315240301,0,0,7.175705794947994,22.617955245214755,EPHA4;GRN,EC-PTC
GO_Biological_Process_2023,Regulation Of Biosynthetic Process (GO:0009889),2/10,0.0427657300261895,0.2875495315240301,0,0,7.175705794947994,22.617955245214755,GSTP1;SNCA,EC-PTC
GO_Biological_Process_2023,Protein Localization To Organelle (GO:0033365),9/137,0.042772463452028,0.2875495315240301,0,0,2.026710304054054,6.387908680734259,GABARAPL2;WDR83OS;SEC61A1;SSB;RPL11;ARL1;ISG15;YBX1;OPTN,EC-PTC
GO_Biological_Process_2023,Regulation Of Macroautophagy (GO:0016241),7/96,0.043722285583414,0.2932092040606235,0,0,2.2648859584202383,7.08886053504578,ATP6V0B;ATP6V1G1;PINK1;ATP6V0E1;SESN3;ATP6V0C;GAPDH,EC-PTC
GO_Biological_Process_2023,Regulation Of Protein Dephosphorylation (GO:0035304),4/40,0.0450580547896759,0.3009209803993415,0,0,3.194071866203014,9.900995195613048,PTBP1;DYNLL1;CALM2;PPIA,EC-PTC
GO_Biological_Process_2023,Regulation Of Neuron Death (GO:1901214),5/58,0.0456242157533187,0.3009209803993415,0,0,2.713601802309209,8.377748042551538,PRNP;EGLN3;UBB;PARK7;SNCA,EC-PTC
GO_Biological_Process_2023,Cell Morphogenesis Involved In Differentiation (GO:0000904),3/24,0.0457586026895905,0.3009209803993415,0,0,4.10374149659864,12.657479599148685,RELN;ACTN1;ATF4,EC-PTC
GO_Biological_Process_2023,Regulation Of Ryanodine-Sensitive Calcium-Release Channel Activity (GO:0060314),3/24,0.0457586026895905,0.3009209803993415,0,0,4.10374149659864,12.657479599148685,FKBP1A;SRI;CALM2,EC-PTC
GO_Biological_Process_2023,Gliogenesis (GO:0042063),3/24,0.0457586026895905,0.3009209803993415,0,0,4.10374149659864,12.657479599148685,VCAN;RELN;CD9,EC-PTC
GO_Biological_Process_2023,Negative Regulation Of Ossification (GO:0030279),3/24,0.0457586026895905,0.3009209803993415,0,0,4.10374149659864,12.657479599148685,SRGN;SFRP1;MDK,EC-PTC
GO_Biological_Process_2023,Protein Exit From Endoplasmic Reticulum (GO:0032527),3/24,0.0457586026895905,0.3009209803993415,0,0,4.10374149659864,12.657479599148685,VCP;SURF4;SEC61B,EC-PTC
GO_Biological_Process_2023,Regulation Of Actin Nucleation (GO:0051125),3/24,0.0457586026895905,0.3009209803993415,0,0,4.10374149659864,12.657479599148685,GSN;RNH1;CORO1B,EC-PTC
GO_Biological_Process_2023,RNA Processing (GO:0006396),11/183,0.0465316743688747,0.3047243373138741,0,0,1.8447306668534604,5.658936431315156,SFPQ;SNRPN;SNRPD2;RBM8A;HNRNPF;SNRPG;SRSF5;LSM4;LSM3;SNRPB;SRSF9,EC-PTC
GO_Biological_Process_2023,Regulation Of Protein Binding (GO:0043393),8/118,0.0465613402007576,0.3047243373138741,0,0,2.0951342510562903,6.425744674821144,FKBP1A;SUB1;RPL11;RACK1;ITGB1BP1;PARK7;RAN;TLE5,EC-PTC
GO_Biological_Process_2023,RNA Splicing (GO:0008380),7/98,0.0479701389332608,0.3131896570738854,0,0,2.2148779364348226,6.726975367790809,SFPQ;SNRPN;SNRPD2;RBM8A;SNRPG;LSM4;SNRPB,EC-PTC
GO_Biological_Process_2023,Regulation Of Cell Death (GO:0010941),5/59,0.0485241997889675,0.3153438178474737,0,0,2.6632117191818683,8.058060099512296,CHMP2A;TMEM109;PARK7;CRYAB;SNCA,EC-PTC
GO_Biological_Process_2023,Regulation Of Release Of Cytochrome C From Mitochondria (GO:0090199),4/41,0.0486484019433326,0.3153438178474737,0,0,3.107584484633665,9.394651519607676,PRELID1;PINK1;PDCD5;TNFSF10,EC-PTC
GO_Biological_Process_2023,Negative Regulation Of mRNA Catabolic Process (GO:1902373),4/41,0.0486484019433326,0.3153438178474737,0,0,3.107584484633665,9.394651519607676,CSDE1;YBX1;HNRNPAB;PAIP1,EC-PTC
GO_Biological_Process_2023,Negative Regulation Of Intracellular Signal Transduction (GO:1902532),13/231,0.0503561140135197,0.3160957658998335,0,0,1.721160508883284,5.143920945262741,NDUFA13;FAM89B;DUSP1;STAT1;GSTP1;PDCD6;PEBP1;UACA;DUSP6;PINK1;TMSB4X;RACK1;CGNL1,EC-PTC
GO_Biological_Process_2023,Cellular Response To UV (GO:0034644),6/79,0.0505847096666316,0.3160957658998335,0,0,2.3652558510965047,7.058174008517939,NPM1;TIMP1;RPL26;RBX1;ATF4;COPS9,EC-PTC
GO_Biological_Process_2023,Negative Regulation Of Cellular Component Organization (GO:0051129),6/79,0.0505847096666316,0.3160957658998335,0,0,2.3652558510965047,7.058174008517939,LGALS3;RDX;AKR1B1;HSPA2;CRYAB;HSPA1A,EC-PTC
GO_Biological_Process_2023,Negative Regulation Of Intracellular Protein Transport (GO:0090317),3/25,0.0507369962889801,0.3160957658998335,0,0,3.9170048701298703,11.676982923205523,SUMO1;ITGB1BP1;PARK7,EC-PTC
GO_Biological_Process_2023,Negative Regulation Of Response To Endoplasmic Reticulum Stress (GO:1903573),3/25,0.0507369962889801,0.3160957658998335,0,0,3.9170048701298703,11.676982923205523,RACK1;PARK7;HSPA1A,EC-PTC
GO_Biological_Process_2023,Positive Regulation Of Release Of Cytochrome C From Mitochondria (GO:0090200),3/25,0.0507369962889801,0.3160957658998335,0,0,3.9170048701298703,11.676982923205523,PINK1;PDCD5;TNFSF10,EC-PTC
GO_Biological_Process_2023,P-body Assembly (GO:0033962),2/11,0.0511235543947158,0.3160957658998335,0,0,6.378074954597986,18.96526928141035,LSM4;LSM3,EC-PTC
GO_Biological_Process_2023,Respiratory Chain Complex III Assembly (GO:0017062),2/11,0.0511235543947158,0.3160957658998335,0,0,6.378074954597986,18.96526928141035,STMP1;UQCRFS1,EC-PTC
GO_Biological_Process_2023,Endoplasmic Reticulum Membrane Organization (GO:0090158),2/11,0.0511235543947158,0.3160957658998335,0,0,6.378074954597986,18.96526928141035,REEP5;RTN4,EC-PTC
GO_Biological_Process_2023,Intracellular Copper Ion Homeostasis (GO:0006878),2/11,0.0511235543947158,0.3160957658998335,0,0,6.378074954597986,18.96526928141035,PRNP;MT2A,EC-PTC
GO_Biological_Process_2023,Maintenance Of Protein Localization In Endoplasmic Reticulum (GO:0035437),2/11,0.0511235543947158,0.3160957658998335,0,0,6.378074954597986,18.96526928141035,KDELR1;KDELR2,EC-PTC
GO_Biological_Process_2023,Mitochondrial Respiratory Chain Complex III Assembly (GO:0034551),2/11,0.0511235543947158,0.3160957658998335,0,0,6.378074954597986,18.96526928141035,STMP1;UQCRFS1,EC-PTC
GO_Biological_Process_2023,Negative Regulation Of RNA Metabolic Process (GO:0051253),2/11,0.0511235543947158,0.3160957658998335,0,0,6.378074954597986,18.96526928141035,PTBP1;RPS13,EC-PTC
GO_Biological_Process_2023,Negative Regulation Of Amyloid Fibril Formation (GO:1905907),2/11,0.0511235543947158,0.3160957658998335,0,0,6.378074954597986,18.96526928141035,CRYAB;PFDN5,EC-PTC
GO_Biological_Process_2023,Negative Regulation Of Leukocyte Chemotaxis (GO:0002689),2/11,0.0511235543947158,0.3160957658998335,0,0,6.378074954597986,18.96526928141035,DDT;DUSP1,EC-PTC
GO_Biological_Process_2023,"Negative Regulation Of Nuclear-Transcribed mRNA Catabolic Process, Deadenylation-Dependent Decay (GO:1900152)",2/11,0.0511235543947158,0.3160957658998335,0,0,6.378074954597986,18.96526928141035,YBX1;PAIP1,EC-PTC
GO_Biological_Process_2023,Polyamine Metabolic Process (GO:0006595),2/11,0.0511235543947158,0.3160957658998335,0,0,6.378074954597986,18.96526928141035,ODC1;SLC38A2,EC-PTC
GO_Biological_Process_2023,Positive Regulation Of Lipid Transport (GO:0032370),2/11,0.0511235543947158,0.3160957658998335,0,0,6.378074954597986,18.96526928141035,PRELID1;TSPO,EC-PTC
GO_Biological_Process_2023,Regulation Of T Cell Apoptotic Process (GO:0070232),2/11,0.0511235543947158,0.3160957658998335,0,0,6.378074954597986,18.96526928141035,LGALS3;PRELID1,EC-PTC
GO_Biological_Process_2023,Regulation Of Astrocyte Differentiation (GO:0048710),2/11,0.0511235543947158,0.3160957658998335,0,0,6.378074954597986,18.96526928141035,EPHA4;HES1,EC-PTC
GO_Biological_Process_2023,Negative Regulation Of Macromolecule Metabolic Process (GO:0010605),11/186,0.0512084451384119,0.3160957658998335,0,0,1.8128227194492252,5.387438678835951,SFRP1;PINK1;NDFIP1;SUB1;RACK1;CNPY2;PARK7;HIF1A;CD34;OPTN;TLE5,EC-PTC
GO_Biological_Process_2023,Cellular Response To Amino Acid Starvation (GO:0034198),4/42,0.0523919653211326,0.320977282661903,0,0,3.0256490705153345,8.922645260028036,RRAGA;SESN3;EIF2AK2;ATF4,EC-PTC
GO_Biological_Process_2023,Regulation Of Ubiquitin-Dependent Protein Catabolic Process (GO:2000058),4/42,0.0523919653211326,0.320977282661903,0,0,3.0256490705153345,8.922645260028036,RPL5;RPS7;RPL11;RPL17,EC-PTC
GO_Biological_Process_2023,Antimicrobial Humoral Response (GO:0019730),7/100,0.0524719858254362,0.320977282661903,0,0,2.1670207971154465,6.387241477054763,RPL30;RPS19;DEFB1;ROMO1;FAU;RPL39;GAPDH,EC-PTC
GO_Biological_Process_2023,Regulation Of Organelle Organization (GO:0033043),7/100,0.0524719858254362,0.320977282661903,0,0,2.1670207971154465,6.387241477054763,FIS1;PINK1;RDX;SURF4;CAPN2;SQSTM1;PAK2,EC-PTC
GO_Biological_Process_2023,Response To Type II Interferon (GO:0034341),6/80,0.0531994306075145,0.324695850629235,0,0,2.333171736759181,6.844843622540133,BST2;STAT1;RPL13A;GAPDH;HLA-DPA1;SNCA,EC-PTC
GO_Biological_Process_2023,Negative Regulation Of Viral Process (GO:0048525),5/61,0.0546434472277336,0.3327614409653016,0,0,2.567830490405117,7.46449315424164,BST2;STAT1;EIF2AK2;ISG15;PPIA,EC-PTC
GO_Biological_Process_2023,Antigen Processing And Presentation Of Exogenous Peptide Antigen Via MHC Class II (GO:0019886),3/26,0.055966247525672,0.3377873961771674,0,0,3.746506211180124,10.80120173182271,CTSL;CTSD;HLA-DPA1,EC-PTC
GO_Biological_Process_2023,Regulation Of Reactive Oxygen Species Biosynthetic Process (GO:1903426),3/26,0.055966247525672,0.3377873961771674,0,0,3.746506211180124,10.80120173182271,PARK7;SLC5A3;SNCA,EC-PTC
GO_Biological_Process_2023,Negative Regulation Of Receptor-Mediated Endocytosis (GO:0048261),3/26,0.055966247525672,0.3377873961771674,0,0,3.746506211180124,10.80120173182271,SDCBP;ANXA2;ITGAV,EC-PTC
GO_Biological_Process_2023,Positive Regulation Of Erythrocyte Differentiation (GO:0045648),3/26,0.055966247525672,0.3377873961771674,0,0,3.746506211180124,10.80120173182271,STAT1;HIF1A;HSPA1A,EC-PTC
GO_Biological_Process_2023,Negative Regulation Of Cell Population Proliferation (GO:0008285),19/379,0.0568540086187702,0.3423846727462971,0,0,1.525808773712737,4.374903508758449,KLF10;NPM1;BTG1;GSTP1;PDCD5;EIF2AK2;AKR1B1;DYNLL1;SFRP1;ADGRG1;RGCC;FTH1;CSNK2B;IGFBP7;ITGB1BP1;HES1;SOX4;S100A11;HSPA1A,EC-PTC
GO_Biological_Process_2023,Membrane Organization (GO:0061024),10/167,0.0571298487727276,0.3428258176868303,0,0,1.8359273981131168,5.255211006185387,SNX3;MTCH1;REEP5;ANXA2;REEP3;CHMP2A;SNF8;AP2M1;VPS28;S100A10,EC-PTC
GO_Biological_Process_2023,RNA Methylation (GO:0001510),5/62,0.0578628326834219,0.3428258176868303,0,0,2.522649908352972,7.188745049082796,TRMT112;SNRPD2;SNRPG;SNRPE;SNRPB,EC-PTC
GO_Biological_Process_2023,Protein-Containing Complex Disassembly (GO:0032984),5/62,0.0578628326834219,0.3428258176868303,0,0,2.522649908352972,7.188745049082796,VAMP8;MAP1LC3B;VCP;CHMP2A;RPL17,EC-PTC
GO_Biological_Process_2023,Positive Regulation Of Defense Response (GO:0031349),8/124,0.0590616818195797,0.3428258176868303,0,0,1.98614485860518,5.619147262299985,GPRC5B;GRN;MDK;DDT;MGST2;OPTN;NPAS2;SNCA,EC-PTC
GO_Biological_Process_2023,Regulation Of Hematopoietic Stem Cell Differentiation (GO:1902036),2/12,0.0600076286455444,0.3428258176868303,0,0,5.739970282317979,16.1481641492367,TCF15;EIF2AK2,EC-PTC
GO_Biological_Process_2023,Actin-Myosin Filament Sliding (GO:0033275),2/12,0.0600076286455444,0.3428258176868303,0,0,5.739970282317979,16.1481641492367,MYL6;MYL6B,EC-PTC
GO_Biological_Process_2023,Regulation Of Monooxygenase Activity (GO:0032768),2/12,0.0600076286455444,0.3428258176868303,0,0,5.739970282317979,16.1481641492367,DDAH2;SNCA,EC-PTC
GO_Biological_Process_2023,Axonal Fasciculation (GO:0007413),2/12,0.0600076286455444,0.3428258176868303,0,0,5.739970282317979,16.1481641492367,EPHA4;RTN4,EC-PTC
GO_Biological_Process_2023,Axonal Transport Of Mitochondrion (GO:0019896),2/12,0.0600076286455444,0.3428258176868303,0,0,5.739970282317979,16.1481641492367,HSBP1;HIF1A,EC-PTC
GO_Biological_Process_2023,Cellular Response To Leucine Starvation (GO:1990253),2/12,0.0600076286455444,0.3428258176868303,0,0,5.739970282317979,16.1481641492367,SESN3;ATF4,EC-PTC
GO_Biological_Process_2023,Regulation Of Transcription From RNA Polymerase II Promoter In Response To Stress (GO:0043618),2/12,0.0600076286455444,0.3428258176868303,0,0,5.739970282317979,16.1481641492367,HIF1A;ATF4,EC-PTC
GO_Biological_Process_2023,Relaxation Of Cardiac Muscle (GO:0055119),2/12,0.0600076286455444,0.3428258176868303,0,0,5.739970282317979,16.1481641492367,GSN;ATP1B1,EC-PTC
GO_Biological_Process_2023,Response To Iron Ion (GO:0010039),2/12,0.0600076286455444,0.3428258176868303,0,0,5.739970282317979,16.1481641492367,HIF1A;SNCA,EC-PTC
GO_Biological_Process_2023,Endothelium Development (GO:0003158),2/12,0.0600076286455444,0.3428258176868303,0,0,5.739970282317979,16.1481641492367,EDF1;CD34,EC-PTC
GO_Biological_Process_2023,Spinal Cord Development (GO:0021510),2/12,0.0600076286455444,0.3428258176868303,0,0,5.739970282317979,16.1481641492367,RELN;SOX4,EC-PTC
GO_Biological_Process_2023,Myelination In Peripheral Nervous System (GO:0022011),2/12,0.0600076286455444,0.3428258176868303,0,0,5.739970282317979,16.1481641492367,PRDX6;SOD1,EC-PTC
GO_Biological_Process_2023,Negative Regulation Of Alcohol Biosynthetic Process (GO:1902931),2/12,0.0600076286455444,0.3428258176868303,0,0,5.739970282317979,16.1481641492367,DKK3;SOD1,EC-PTC
GO_Biological_Process_2023,Negative Regulation Of Stem Cell Differentiation (GO:2000737),2/12,0.0600076286455444,0.3428258176868303,0,0,5.739970282317979,16.1481641492367,TCF15;HES1,EC-PTC
GO_Biological_Process_2023,Negative Regulation Of Substrate Adhesion-Dependent Cell Spreading (GO:1900025),2/12,0.0600076286455444,0.3428258176868303,0,0,5.739970282317979,16.1481641492367,SPRY4;ITGB1BP1,EC-PTC
GO_Biological_Process_2023,Neutrophil Mediated Immunity (GO:0002446),2/12,0.0600076286455444,0.3428258176868303,0,0,5.739970282317979,16.1481641492367,VAMP8;ANXA3,EC-PTC
GO_Biological_Process_2023,Positive Regulation Of Sodium Ion Transmembrane Transporter Activity (GO:2000651),2/12,0.0600076286455444,0.3428258176868303,0,0,5.739970282317979,16.1481641492367,FXYD2;ATP1B1,EC-PTC
GO_Biological_Process_2023,Protein Insertion Into Mitochondrial Inner Membrane (GO:0045039),2/12,0.0600076286455444,0.3428258176868303,0,0,5.739970282317979,16.1481641492367,NDUFA13;ROMO1,EC-PTC
GO_Biological_Process_2023,Regulation Of Actin Filament Organization (GO:0110053),2/12,0.0600076286455444,0.3428258176868303,0,0,5.739970282317979,16.1481641492367,RDX;BRK1,EC-PTC
GO_Biological_Process_2023,Negative Regulation Of Nucleic Acid-Templated Transcription (GO:1903507),22/456,0.0601756525736787,0.3428258176868303,0,0,1.4664751836613714,4.121510100551636,KLF10;JUN;NDUFA13;SET;CBX3;ENO1;AHR;DKK3;TLE5;SFRP1;SFPQ;SUMO1;ZNF706;YWHAQ;SOX18;CCDC85B;ID1;SAP18;ID3;HES1;CRYAB;PFDN5,EC-PTC
GO_Biological_Process_2023,Autophagosome Maturation (GO:0097352),4/44,0.0603353243204362,0.3428258176868303,0,0,2.8740685543964237,8.069917571355635,VAMP8;VCP;MAP1LC3B;CHMP2A,EC-PTC
GO_Biological_Process_2023,Regulation Of Transport (GO:0051049),4/44,0.0603353243204362,0.3428258176868303,0,0,2.8740685543964237,8.069917571355635,PINK1;REEP5;SURF4;SNCA,EC-PTC
GO_Biological_Process_2023,Regulation Of Viral Entry Into Host Cell (GO:0046596),4/44,0.0603353243204362,0.3428258176868303,0,0,2.8740685543964237,8.069917571355635,SNX3;GSN;FURIN;LY6E,EC-PTC
GO_Biological_Process_2023,Response To Cytokine (GO:0034097),8/125,0.0613318541460795,0.3447786813995178,0,0,1.9690667486769435,5.496563047268065,BST2;COL3A1;STAT1;EIF2AK2;ISG15;TIMP1;TLE5;SNCA,EC-PTC
GO_Biological_Process_2023,Chaperone Cofactor-Dependent Protein Refolding (GO:0051085),3/27,0.0614406781286327,0.3447786813995178,0,0,3.590215773809524,10.015564459665232,HSPA2;HSPE1;HSPA1A,EC-PTC
GO_Biological_Process_2023,Clathrin-Dependent Endocytosis (GO:0072583),3/27,0.0614406781286327,0.3447786813995178,0,0,3.590215773809524,10.015564459665232,AP2S1;CLTA;AP2M1,EC-PTC
GO_Biological_Process_2023,Peptide Cross-Linking (GO:0018149),3/27,0.0614406781286327,0.3447786813995178,0,0,3.590215773809524,10.015564459665232,COL3A1;FN1;KRT10,EC-PTC
GO_Biological_Process_2023,Peptidyl-Proline Modification (GO:0018208),3/27,0.0614406781286327,0.3447786813995178,0,0,3.590215773809524,10.015564459665232,FKBP1A;PPIB;PPIA,EC-PTC
GO_Biological_Process_2023,Positive Regulation Of Ubiquitin-Protein Transferase Activity (GO:0051443),3/27,0.0614406781286327,0.3447786813995178,0,0,3.590215773809524,10.015564459665232,PINK1;RPS2;SKP1,EC-PTC
GO_Biological_Process_2023,Protein-Containing Complex Organization (GO:0043933),8/126,0.0636559919559347,0.3564735549532344,0,0,1.952278098239016,5.377085026585862,SLC9A3R2;CSNK2B;CAPZA2;TSPAN4;CHCHD10;ELOB;HES1;AP2M1,EC-PTC
GO_Biological_Process_2023,Negative Regulation Of Cell Death (GO:0060548),5/64,0.0646204994190683,0.3603886579511083,0,0,2.4368833797116114,6.675168439938642,PINK1;CHMP2A;TMEM109;PARK7;SNCA,EC-PTC
GO_Biological_Process_2023,Positive Regulation Of Macroautophagy (GO:0016239),5/64,0.0646204994190683,0.3603886579511083,0,0,2.4368833797116114,6.675168439938642,PINK1;SESN3;SLC25A5;SLC25A4;OPTN,EC-PTC
GO_Biological_Process_2023,Regulation Of Programmed Cell Death (GO:0043067),11/195,0.0671009836057419,0.3684659446141128,0,0,1.7233417365112624,4.655705201498113,PRDX2;VCP;PINK1;STAT1;ACTN1;NME2;RPS3;TMEM109;CRYAB;RTN4;TPT1,EC-PTC
GO_Biological_Process_2023,Antigen Processing And Presentation Of Peptide Antigen Via MHC Class II (GO:0002495),3/28,0.0671541393902746,0.3684659446141128,0,0,3.446428571428572,9.307992674957182,CTSL;CTSD;HLA-DPA1,EC-PTC
GO_Biological_Process_2023,Regulation Of Protein Targeting To Membrane (GO:0090313),3/28,0.0671541393902746,0.3684659446141128,0,0,3.446428571428572,9.307992674957182,FIS1;PRNP;ITGB1BP1,EC-PTC
GO_Biological_Process_2023,Transcription By RNA Polymerase III (GO:0006383),3/28,0.0671541393902746,0.3684659446141128,0,0,3.446428571428572,9.307992674957182,POLR2F;POLR2K;POLR2L,EC-PTC
GO_Biological_Process_2023,Vascular Endothelial Growth Factor Receptor Signaling Pathway (GO:0048010),3/28,0.0671541393902746,0.3684659446141128,0,0,3.446428571428572,9.307992674957182,PDCD6;HSPB1;PAK2,EC-PTC
GO_Biological_Process_2023,Mucosal Immune Response (GO:0002385),3/28,0.0671541393902746,0.3684659446141128,0,0,3.446428571428572,9.307992674957182,DEFB1;FAU;RPL39,EC-PTC
GO_Biological_Process_2023,Negative Regulation Of Cation Channel Activity (GO:2001258),3/28,0.0671541393902746,0.3684659446141128,0,0,3.446428571428572,9.307992674957182,FKBP1A;SRI;CALM2,EC-PTC
GO_Biological_Process_2023,Protein Localization To Golgi Apparatus (GO:0034067),3/28,0.0671541393902746,0.3684659446141128,0,0,3.446428571428572,9.307992674957182,TMED10;ARL1;OPTN,EC-PTC
GO_Biological_Process_2023,Integrin-Mediated Signaling Pathway (GO:0007229),6/85,0.0674856453351518,0.3687223856603819,0,0,2.184935005960152,5.890235984888342,COL3A1;NME2;FN1;ITGAV;ITGB1BP1;ISG15,EC-PTC
GO_Biological_Process_2023,Cellular Response To Light Stimulus (GO:0071482),5/65,0.0681581663503802,0.3687223856603819,0,0,2.396144278606965,6.435862141722955,NPM1;RPL26;RBX1;ATF4;COPS9,EC-PTC
GO_Biological_Process_2023,Intracellular Protein Transmembrane Transport (GO:0065002),4/46,0.0688788686589703,0.3687223856603819,0,0,2.7369242779078844,7.3223832071781585,SEC61A1;ROMO1;SEC61B;TOMM20,EC-PTC
GO_Biological_Process_2023,Positive Regulation Of Blood Vessel Endothelial Cell Migration (GO:0043536),4/46,0.0688788686589703,0.3687223856603819,0,0,2.7369242779078844,7.3223832071781585,TMSB4X;RHOJ;HSPB1;HIF1A,EC-PTC
GO_Biological_Process_2023,ATP Transport (GO:0015867),2/13,0.0693730261680615,0.3687223856603819,0,0,5.21788464136161,13.922658048897969,SLC25A5;SLC25A4,EC-PTC
GO_Biological_Process_2023,Relaxation Of Muscle (GO:0090075),2/13,0.0693730261680615,0.3687223856603819,0,0,5.21788464136161,13.922658048897969,GSN;ATP1B1,EC-PTC
GO_Biological_Process_2023,Signal Peptide Processing (GO:0006465),2/13,0.0693730261680615,0.3687223856603819,0,0,5.21788464136161,13.922658048897969,FURIN;SEC11C,EC-PTC
GO_Biological_Process_2023,Endothelial Cell Differentiation (GO:0045446),2/13,0.0693730261680615,0.3687223856603819,0,0,5.21788464136161,13.922658048897969,SOX18;EDF1,EC-PTC
GO_Biological_Process_2023,Substrate-Dependent Cell Migration (GO:0006929),2/13,0.0693730261680615,0.3687223856603819,0,0,5.21788464136161,13.922658048897969,SDCBP;ITGB1BP1,EC-PTC
GO_Biological_Process_2023,Thymus Development (GO:0048538),2/13,0.0693730261680615,0.3687223856603819,0,0,5.21788464136161,13.922658048897969,HES1;SOD1,EC-PTC
GO_Biological_Process_2023,Killing By Host Of Symbiont Cells (GO:0051873),2/13,0.0693730261680615,0.3687223856603819,0,0,5.21788464136161,13.922658048897969,ROMO1;GAPDH,EC-PTC
GO_Biological_Process_2023,Negative Regulation Of Bone Mineralization (GO:0030502),2/13,0.0693730261680615,0.3687223856603819,0,0,5.21788464136161,13.922658048897969,SRGN;RFLNB,EC-PTC
GO_Biological_Process_2023,Negative Regulation Of Receptor Internalization (GO:0002091),2/13,0.0693730261680615,0.3687223856603819,0,0,5.21788464136161,13.922658048897969,SDCBP;ANXA2,EC-PTC
GO_Biological_Process_2023,Negative Regulation Of Translational Initiation (GO:0045947),2/13,0.0693730261680615,0.3687223856603819,0,0,5.21788464136161,13.922658048897969,EIF2AK2;PAIP2,EC-PTC
GO_Biological_Process_2023,Positive Regulation Of T Cell Receptor Signaling Pathway (GO:0050862),2/13,0.0693730261680615,0.3687223856603819,0,0,5.21788464136161,13.922658048897969,CD81;RPS3,EC-PTC
GO_Biological_Process_2023,Positive Regulation Of Superoxide Anion Generation (GO:0032930),2/13,0.0693730261680615,0.3687223856603819,0,0,5.21788464136161,13.922658048897969,GSTP1;SOD1,EC-PTC
GO_Biological_Process_2023,Regulation Of Cellular Response To Stress (GO:0080135),7/107,0.0702618491037097,0.3725622981888158,0,0,2.0145958083832336,5.349812182194953,CHCHD2;ENY2;NPM1;PINK1;USP22;SLC38A2;SOX4,EC-PTC
GO_Biological_Process_2023,Proteasomal Protein Catabolic Process (GO:0010498),12/220,0.0703698302543676,0.3725622981888158,0,0,1.66350504698921,4.414926849577519,PSMB6;PSMA6;VCP;PSMA4;PSMB5;IFI27;PSMB2;PSMA2;PSMB3;PSMB1;SKP1;RBX1,EC-PTC
GO_Biological_Process_2023,Negative Regulation Of Binding (GO:0051100),6/86,0.0705858180794679,0.3729787585677723,0,0,2.157511210762332,5.719402632343643,JUN;SUMO1;RACK1;ITGB1BP1;PARK7;TLE5,EC-PTC
GO_Biological_Process_2023,TOR Signaling (GO:0031929),3/29,0.0731000692921762,0.3810744495154524,0,0,3.313701923076923,8.66839889858564,PINK1;RPS6;LAMTOR1,EC-PTC
GO_Biological_Process_2023,Regulation Of Neuron Migration (GO:2001222),3/29,0.0731000692921762,0.3810744495154524,0,0,3.313701923076923,8.66839889858564,COL3A1;RELN;MDK,EC-PTC
GO_Biological_Process_2023,Carbohydrate Derivative Biosynthetic Process (GO:1901137),3/29,0.0731000692921762,0.3810744495154524,0,0,3.313701923076923,8.66839889858564,TPI1;PDCD6;ST8SIA6,EC-PTC
GO_Biological_Process_2023,Regulation Of Protein Modification By Small Protein Conjugation Or Removal (GO:1903320),3/29,0.0731000692921762,0.3810744495154524,0,0,3.313701923076923,8.66839889858564,PINK1;HIF1A;HSPA1A,EC-PTC
GO_Biological_Process_2023,Regulation Of Striated Muscle Contraction (GO:0006942),3/29,0.0731000692921762,0.3810744495154524,0,0,3.313701923076923,8.66839889858564,C12ORF57;SRI;CALM2,EC-PTC
GO_Biological_Process_2023,Response To Interferon-Beta (GO:0035456),3/29,0.0731000692921762,0.3810744495154524,0,0,3.313701923076923,8.66839889858564,BST2;NDUFA13;STAT1,EC-PTC
GO_Biological_Process_2023,Multivesicular Body Assembly (GO:0036258),3/29,0.0731000692921762,0.3810744495154524,0,0,3.313701923076923,8.66839889858564,CHMP2A;SNF8;VPS28,EC-PTC
GO_Biological_Process_2023,Negative Regulation Of Hydrolase Activity (GO:0051346),4/47,0.0733718102751074,0.3817583078681834,0,0,2.67313624233182,6.9828078545319325,ATP5IF1;CST3;CSTB;RDX,EC-PTC
GO_Biological_Process_2023,Positive Regulation Of Hydrolase Activity (GO:0051345),10/176,0.0754556990239994,0.3912322858127521,0,0,1.735573874445149,4.485086603350968,NDUFA13;SFRP1;PINK1;CTSL;RACK1;RPS3;RHOC;CALM2;RASGRP3;S100A10,EC-PTC
GO_Biological_Process_2023,Proteasome-Mediated Ubiquitin-Dependent Protein Catabolic Process (GO:0043161),16/319,0.0754807502819889,0.3912322858127521,0,0,1.524221617912929,3.938402123988748,VCP;ANAPC16;ANAPC11;UBE2J1;RBX1;PSMB6;PSMA6;PSMA4;PSMB5;IFI27;PSMB2;PSMA2;PSMB3;PSMB1;SEC61B;SKP1,EC-PTC
GO_Biological_Process_2023,Cell-Matrix Adhesion (GO:0007160),7/109,0.0759304573530027,0.392170342480575,0,0,1.974888458377363,5.091138802718866,CD63;COL3A1;FN1;ITGAV;ITGB1BP1;DYNLL1;CD34,EC-PTC
GO_Biological_Process_2023,Regulation Of Intrinsic Apoptotic Signaling Pathway (GO:2001242),4/48,0.0780096942470966,0.392170342480575,0,0,2.612247662918304,6.663640489397657,FIS1;NDUFA13;PINK1;RACK1,EC-PTC
GO_Biological_Process_2023,"Retrograde Vesicle-Mediated Transport, Golgi To Endoplasmic Reticulum (GO:0006890)",4/48,0.0780096942470966,0.392170342480575,0,0,2.612247662918304,6.663640489397657,ARF4;TMED10;KDELR1;KDELR2,EC-PTC
GO_Biological_Process_2023,Negative Regulation Of ERK1 And ERK2 Cascade (GO:0070373),4/48,0.0780096942470966,0.392170342480575,0,0,2.612247662918304,6.663640489397657,EPHA4;GSTP1;ITGB1BP1;DUSP6,EC-PTC
GO_Biological_Process_2023,Positive Regulation Of Reactive Oxygen Species Metabolic Process (GO:2000379),4/48,0.0780096942470966,0.392170342480575,0,0,2.612247662918304,6.663640489397657,GSTP1;ROMO1;SLC5A3;SOD1,EC-PTC
GO_Biological_Process_2023,Positive Regulation Of Cell Migration (GO:0030335),14/272,0.0783107753460437,0.392170342480575,0,0,1.5652699105184769,3.9868521394332,EPHA4;GRN;FAM89B;SEMA3D;RDX;FN1;RHOC;HIF1A;RTN4;SDCBP;MDK;RACK1;PFN1;S100A11,EC-PTC
GO_Biological_Process_2023,Regulation Of Endothelial Cell Chemotaxis (GO:2001026),2/14,0.0791772456357123,0.392170342480575,0,0,4.782813273897969,12.129531678010585,TMSB4X;HSPB1,EC-PTC
GO_Biological_Process_2023,Regulation Of Superoxide Anion Generation (GO:0032928),2/14,0.0791772456357123,0.392170342480575,0,0,4.782813273897969,12.129531678010585,GSTP1;SOD1,EC-PTC
GO_Biological_Process_2023,Respiratory Electron Transport Chain (GO:0022904),2/14,0.0791772456357123,0.392170342480575,0,0,4.782813273897969,12.129531678010585,NDUFA5;UQCRFS1,EC-PTC
GO_Biological_Process_2023,Copper Ion Homeostasis (GO:0055070),2/14,0.0791772456357123,0.392170342480575,0,0,4.782813273897969,12.129531678010585,PRNP;MT2A,EC-PTC
GO_Biological_Process_2023,Dolichol Metabolic Process (GO:0019348),2/14,0.0791772456357123,0.392170342480575,0,0,4.782813273897969,12.129531678010585,DPM3;PDCD6,EC-PTC
GO_Biological_Process_2023,Electron Transport Chain (GO:0022900),2/14,0.0791772456357123,0.392170342480575,0,0,4.782813273897969,12.129531678010585,NDUFA5;UQCRFS1,EC-PTC
GO_Biological_Process_2023,Membrane Raft Organization (GO:0031579),2/14,0.0791772456357123,0.392170342480575,0,0,4.782813273897969,12.129531678010585,ANXA2;S100A10,EC-PTC
GO_Biological_Process_2023,Negative Regulation Of Nucleocytoplasmic Transport (GO:0046823),2/14,0.0791772456357123,0.392170342480575,0,0,4.782813273897969,12.129531678010585,SUMO1;PARK7,EC-PTC
GO_Biological_Process_2023,Positive Regulation Of Endothelial Cell Chemotaxis (GO:2001028),2/14,0.0791772456357123,0.392170342480575,0,0,4.782813273897969,12.129531678010585,TMSB4X;HSPB1,EC-PTC
GO_Biological_Process_2023,Positive Regulation Of Long-Term Synaptic Potentiation (GO:1900273),2/14,0.0791772456357123,0.392170342480575,0,0,4.782813273897969,12.129531678010585,RELN;SQSTM1,EC-PTC
GO_Biological_Process_2023,Positive Regulation Of Lyase Activity (GO:0051349),2/14,0.0791772456357123,0.392170342480575,0,0,4.782813273897969,12.129531678010585,PARK7;ISCU,EC-PTC
GO_Biological_Process_2023,Post-Translational Protein Targeting To Endoplasmic Reticulum Membrane (GO:0006620),2/14,0.0791772456357123,0.392170342480575,0,0,4.782813273897969,12.129531678010585,SEC61A1;SEC61B,EC-PTC
GO_Biological_Process_2023,Protein Localization To Vacuole (GO:0072665),2/14,0.0791772456357123,0.392170342480575,0,0,4.782813273897969,12.129531678010585,CD81;RTN4,EC-PTC
GO_Biological_Process_2023,Protein Transport To Vacuole Involved In Ubiquitin-Dependent Protein Catabolic Process Via The Multivesicular Body Sorting Pathway (GO:0043328),2/14,0.0791772456357123,0.392170342480575,0,0,4.782813273897969,12.129531678010585,SNF8;VPS28,EC-PTC
GO_Biological_Process_2023,Regulation Of Bone Remodeling (GO:0046850),2/14,0.0791772456357123,0.392170342480575,0,0,4.782813273897969,12.129531678010585,SFRP1;MDK,EC-PTC
GO_Biological_Process_2023,Regulation Of Dendritic Spine Morphogenesis (GO:0061001),3/30,0.0792715456634152,0.392170342480575,0,0,3.190806878306878,8.088299883681051,EPHA4;RELN;CFL1,EC-PTC
GO_Biological_Process_2023,Multivesicular Body Organization (GO:0036257),3/30,0.0792715456634152,0.392170342480575,0,0,3.190806878306878,8.088299883681051,CHMP2A;SNF8;VPS28,EC-PTC
GO_Biological_Process_2023,Negative Regulation Of Calcium Ion Transmembrane Transporter Activity (GO:1901020),3/30,0.0792715456634152,0.392170342480575,0,0,3.190806878306878,8.088299883681051,FKBP1A;SRI;CALM2,EC-PTC
GO_Biological_Process_2023,Regulation Of Arp2/3 Complex-Mediated Actin Nucleation (GO:0034315),3/30,0.0792715456634152,0.392170342480575,0,0,3.190806878306878,8.088299883681051,RNH1;BRK1;CORO1B,EC-PTC
GO_Biological_Process_2023,Erythrocyte Differentiation (GO:0030218),4/49,0.0827903972575146,0.4080920489136294,0,0,2.5540652425898327,6.363308479646366,ATP5IF1;RPS14;RPS19;SLC25A5,EC-PTC
GO_Biological_Process_2023,Regulation Of Cell Communication (GO:0010646),4/49,0.0827903972575146,0.4080920489136294,0,0,2.5540652425898327,6.363308479646366,MTCH1;ITGAV;IGFBP7;SRI,EC-PTC
GO_Biological_Process_2023,Phagocytosis (GO:0006909),5/69,0.0833551543391419,0.4101315202628793,0,0,2.245918843283582,5.580310647046014,GSN;ANXA3;ANXA11;ITGAV;C1ORF43,EC-PTC
GO_Biological_Process_2023,Calcium Ion Transport (GO:0006816),7/112,0.0849213528506356,0.4147169119306384,0,0,1.918163672654691,4.7302486080761454,FKBP1A;RAMP2;CALCRL;ITGAV;SLC3A2;SELENOK;TPT1,EC-PTC
GO_Biological_Process_2023,Intracellular Protein Transport (GO:0006886),16/325,0.0855721431819724,0.4147169119306384,0,0,1.494153640653928,3.6732205549886863,ARF4;NPM1;RAB5C;TMED10;PDCD6;SURF4;RPL11;ARL1;RASSF9;SNF8;GABARAP;RANBP3L;CDC37;ROMO1;VPS28;RAN,EC-PTC
GO_Biological_Process_2023,Regulation Of Long-Term Synaptic Potentiation (GO:1900271),3/31,0.0856613356381031,0.4147169119306384,0,0,3.076690051020408,7.560515725538013,EPHA4;RELN;SQSTM1,EC-PTC
GO_Biological_Process_2023,Antigen Processing And Presentation Of Exogenous Peptide Antigen (GO:0002478),3/31,0.0856613356381031,0.4147169119306384,0,0,3.076690051020408,7.560515725538013,CTSL;CTSD;HLA-DPA1,EC-PTC
GO_Biological_Process_2023,Negative Regulation Of Chemotaxis (GO:0050922),3/31,0.0856613356381031,0.4147169119306384,0,0,3.076690051020408,7.560515725538013,ANGPT2;SEMA3D;CORO1B,EC-PTC
GO_Biological_Process_2023,Positive Regulation Of Rho Protein Signal Transduction (GO:0035025),3/31,0.0856613356381031,0.4147169119306384,0,0,3.076690051020408,7.560515725538013,ADGRG1;COL3A1;LPAR6,EC-PTC
GO_Biological_Process_2023,Positive Regulation Of Lamellipodium Organization (GO:1902745),3/31,0.0856613356381031,0.4147169119306384,0,0,3.076690051020408,7.560515725538013,ARPC2;BRK1;CORO1B,EC-PTC
GO_Biological_Process_2023,Positive Regulation Of Leukocyte Migration (GO:0002687),3/31,0.0856613356381031,0.4147169119306384,0,0,3.076690051020408,7.560515725538013,LGALS3;PLVAP;MDK,EC-PTC
GO_Biological_Process_2023,Presynaptic Endocytosis (GO:0140238),3/31,0.0856613356381031,0.4147169119306384,0,0,3.076690051020408,7.560515725538013,AP2S1;AP2M1;SNCA,EC-PTC
GO_Biological_Process_2023,Positive Regulation Of Binding (GO:0051099),6/91,0.0872932824183747,0.4199936825230531,0,0,2.0300712213136376,4.950291659575721,FKBP1A;SUB1;RPL11;EDF1;HES1;RAN,EC-PTC
GO_Biological_Process_2023,Regulation Of Actin Cytoskeleton Organization (GO:0032956),6/91,0.0872932824183747,0.4199936825230531,0,0,2.0300712213136376,4.950291659575721,BST2;RNH1;MDK;ARHGAP18;ESAM;DYNLL1,EC-PTC
GO_Biological_Process_2023,Protein Localization (GO:0008104),17/351,0.0876078486482709,0.4199936825230531,0,0,1.4690087909287808,3.576867012468715,ARF4;NPM1;RAB5C;TMED10;CD81;PDCD6;ARL1;CORO1B;TM9SF3;RRAGA;SUMO1;ID1;ESAM;ROMO1;SPTSSA;LAMTOR1;SQSTM1,EC-PTC
GO_Biological_Process_2023,Regulation Of Epithelial Cell Migration (GO:0010632),4/50,0.0877116131251797,0.4199936825230531,0,0,2.498412492710426,6.080388905998632,RHOJ;PFN1;HIF1A;RTN4,EC-PTC
GO_Biological_Process_2023,Regulation Of Intrinsic Apoptotic Signaling Pathway In Response To DNA Damage (GO:1902229),2/15,0.0893800988579988,0.4199936825230531,0,0,4.4146759629671966,10.660812164787949,RPS3;TPT1,EC-PTC
GO_Biological_Process_2023,Regulation Of Multicellular Organism Growth (GO:0040014),2/15,0.0893800988579988,0.4199936825230531,0,0,4.4146759629671966,10.660812164787949,PPIB;SOD1,EC-PTC
GO_Biological_Process_2023,Endoplasmic Reticulum To Cytosol Transport (GO:1903513),2/15,0.0893800988579988,0.4199936825230531,0,0,4.4146759629671966,10.660812164787949,VCP;SEC61B,EC-PTC
GO_Biological_Process_2023,Endosome To Lysosome Transport Via Multivesicular Body Sorting Pathway (GO:0032510),2/15,0.0893800988579988,0.4199936825230531,0,0,4.4146759629671966,10.660812164787949,VCP;CHMP2A,EC-PTC
GO_Biological_Process_2023,Negative Regulation Of Cell-Substrate Junction Organization (GO:0150118),2/15,0.0893800988579988,0.4199936825230531,0,0,4.4146759629671966,10.660812164787949,ITGB1BP1;DYNLL1,EC-PTC
GO_Biological_Process_2023,Negative Regulation Of Endoplasmic Reticulum Stress-Induced Intrinsic Apoptotic Signaling Pathway (GO:1902236),2/15,0.0893800988579988,0.4199936825230531,0,0,4.4146759629671966,10.660812164787949,PARK7;HSPA1A,EC-PTC
GO_Biological_Process_2023,Negative Regulation Of Focal Adhesion Assembly (GO:0051895),2/15,0.0893800988579988,0.4199936825230531,0,0,4.4146759629671966,10.660812164787949,ITGB1BP1;DYNLL1,EC-PTC
GO_Biological_Process_2023,Negative Regulation Of Phagocytosis (GO:0050765),2/15,0.0893800988579988,0.4199936825230531,0,0,4.4146759629671966,10.660812164787949,SNX3;RACK1,EC-PTC
GO_Biological_Process_2023,Positive Regulation Of Collagen Biosynthetic Process (GO:0032967),2/15,0.0893800988579988,0.4199936825230531,0,0,4.4146759629671966,10.660812164787949,RGCC;VIM,EC-PTC
GO_Biological_Process_2023,Positive Regulation Of Endothelial Cell Apoptotic Process (GO:2000353),2/15,0.0893800988579988,0.4199936825230531,0,0,4.4146759629671966,10.660812164787949,RGCC;ECSCR,EC-PTC
GO_Biological_Process_2023,Protein Localization To Cell-Cell Junction (GO:0150105),2/15,0.0893800988579988,0.4199936825230531,0,0,4.4146759629671966,10.660812164787949,PAK2;CGNL1,EC-PTC
GO_Biological_Process_2023,Regulation Of Activin Receptor Signaling Pathway (GO:0032925),2/15,0.0893800988579988,0.4199936825230531,0,0,4.4146759629671966,10.660812164787949,FKBP1A;CSNK2B,EC-PTC
GO_Biological_Process_2023,Regulation Of Amyloid Fibril Formation (GO:1905906),2/15,0.0893800988579988,0.4199936825230531,0,0,4.4146759629671966,10.660812164787949,CRYAB;PFDN5,EC-PTC
GO_Biological_Process_2023,Negative Regulation Of Canonical Wnt Signaling Pathway (GO:0090090),7/114,0.0912387922600727,0.4268883022319779,0,0,1.882114276120656,4.506299381696802,SFRP1;TMEM88;MDK;PFDN5;DKK3;RBX1;TLE5,EC-PTC
GO_Biological_Process_2023,Regulation Of Hydrolase Activity (GO:0051336),5/71,0.0915704395981132,0.4268883022319779,0,0,2.177634554500226,5.2059550165601625,ATP5IF1;EPHA4;RDX;ITGB1BP1;SOD1,EC-PTC
GO_Biological_Process_2023,Cell-Cell Junction Assembly (GO:0007043),5/71,0.0915704395981132,0.4268883022319779,0,0,2.177634554500226,5.2059550165601625,RAMP2;CD9;RHOC;TLN1;PAK2,EC-PTC
GO_Biological_Process_2023,'De Novo' Post-Translational Protein Folding (GO:0051084),3/32,0.0922619416090467,0.4268883022319779,0,0,2.9704433497536944,7.07893351886653,HSPA2;HSPE1;HSPA1A,EC-PTC
GO_Biological_Process_2023,Regulation Of Transcription By RNA Polymerase I (GO:0006356),3/32,0.0922619416090467,0.4268883022319779,0,0,2.9704433497536944,7.07893351886653,POLR2K;POLR2L;ATF4,EC-PTC
GO_Biological_Process_2023,Gluconeogenesis (GO:0006094),3/32,0.0922619416090467,0.4268883022319779,0,0,2.9704433497536944,7.07893351886653,TPI1;PGAM1;ENO1,EC-PTC
GO_Biological_Process_2023,Mitochondrial Membrane Organization (GO:0007006),3/32,0.0922619416090467,0.4268883022319779,0,0,2.9704433497536944,7.07893351886653,MICOS10;SLC25A5;SLC25A4,EC-PTC
GO_Biological_Process_2023,Negative Regulation Of Proteasomal Ubiquitin-Dependent Protein Catabolic Process (GO:0032435),3/32,0.0922619416090467,0.4268883022319779,0,0,2.9704433497536944,7.07893351886653,SDCBP;RPL11;PARK7,EC-PTC
GO_Biological_Process_2023,Purine Ribonucleoside Triphosphate Metabolic Process (GO:0009205),3/32,0.0922619416090467,0.4268883022319779,0,0,2.9704433497536944,7.07893351886653,ATP1B1;RAN;HSPA1A,EC-PTC
GO_Biological_Process_2023,Regulation Of Release Of Sequestered Calcium Ion Into Cytosol (GO:0051279),4/51,0.0927708638730298,0.4272295562487951,0,0,2.445127944953547,5.8135915972080525,FKBP1A;SRI;CALM2;SNCA,EC-PTC
GO_Biological_Process_2023,Regulation Of Substrate Adhesion-Dependent Cell Spreading (GO:1900024),4/51,0.0927708638730298,0.4272295562487951,0,0,2.445127944953547,5.8135915972080525,MDK;SPRY4;ITGB1BP1;S100A10,EC-PTC
GO_Biological_Process_2023,Negative Regulation Of Cellular Biosynthetic Process (GO:0031327),8/137,0.0928075987432949,0.4272295562487951,0,0,1.7847820275908557,4.2428315959217775,EPHA4;RACK1;RPS3;EIF2AK2;RPL13A;YBX1;PAIP2;GAPDH,EC-PTC
GO_Biological_Process_2023,Monoatomic Cation Transmembrane Transport (GO:0098655),14/281,0.0956377350104521,0.4381667300236899,0,0,1.5117940698181735,3.5484646256992387,ATP6V0B;ATP6V0E1;RNASEK;SLC12A1;SLC40A1;ATP1B3;ATP1A1;ATP1B1;FKBP1A;FXYD2;ATP5PO;ITGAV;ATP6V0C;ATP5MF,EC-PTC
GO_Biological_Process_2023,Regulation Of Cellular Localization (GO:0060341),5/72,0.0958288061981118,0.4381667300236899,0,0,2.145021162842504,5.0304863598180125,FKBP1A;GSN;SUMO1;REEP5;RACK1,EC-PTC
GO_Biological_Process_2023,Cellular Response To Hypoxia (GO:0071456),5/72,0.0958288061981118,0.4381667300236899,0,0,2.145021162842504,5.0304863598180125,SFRP1;EGLN3;PINK1;RGCC;HIF1A,EC-PTC
GO_Biological_Process_2023,Protein Targeting To Membrane (GO:0006612),5/72,0.0958288061981118,0.4381667300236899,0,0,2.145021162842504,5.0304863598180125,SEC61A1;SDCBP;NACA;SSR2;SRP14,EC-PTC
GO_Biological_Process_2023,Regulation Of Proteolysis (GO:0030162),4/52,0.0979655106829631,0.4410135715610989,0,0,2.3940635866865376,5.561744387742933,CST3;CSTB;NEDD8;AURKAIP1,EC-PTC
GO_Biological_Process_2023,Actin Filament Bundle Assembly (GO:0051017),3/33,0.099065643850062,0.4410135715610989,0,0,2.871279761904762,6.638320077276237,CALD1;PLS3;CORO1B,EC-PTC
GO_Biological_Process_2023,Regulation Of Protein Polymerization (GO:0032271),3/33,0.099065643850062,0.4410135715610989,0,0,2.871279761904762,6.638320077276237,ARHGAP18;ESAM;PFN1,EC-PTC
GO_Biological_Process_2023,Ubiquitin-Dependent Protein Catabolic Process Via The Multivesicular Body Sorting Pathway (GO:0043162),3/33,0.099065643850062,0.4410135715610989,0,0,2.871279761904762,6.638320077276237,CHMP2A;SNF8;VPS28,EC-PTC
GO_Biological_Process_2023,Negative Regulation Of Endocytosis (GO:0045806),3/33,0.099065643850062,0.4410135715610989,0,0,2.871279761904762,6.638320077276237,SNX3;LGALS3;RACK1,EC-PTC
GO_Biological_Process_2023,Positive Regulation Of DNA Binding (GO:0043388),3/33,0.099065643850062,0.4410135715610989,0,0,2.871279761904762,6.638320077276237,HES1;EDF1;PARK7,EC-PTC
GO_Biological_Process_2023,Positive Regulation Of RNA Metabolic Process (GO:0051254),3/33,0.099065643850062,0.4410135715610989,0,0,2.871279761904762,6.638320077276237,TRMT112;SLC38A2;HSPA1A,EC-PTC
GO_Biological_Process_2023,Regulation Of Activated T Cell Proliferation (GO:0046006),3/33,0.099065643850062,0.4410135715610989,0,0,2.871279761904762,6.638320077276237,PRNP;RPS3;CD24,EC-PTC
GO_Biological_Process_2023,Autonomic Nervous System Development (GO:0048483),2/16,0.0999436034603104,0.4410135715610989,0,0,4.099129696455105,9.440907352736495,FN1;SOX4,EC-PTC
GO_Biological_Process_2023,Regulation Of Osteoblast Proliferation (GO:0033688),2/16,0.0999436034603104,0.4410135715610989,0,0,4.099129696455105,9.440907352736495,SFRP1;EIF2AK2,EC-PTC
GO_Biological_Process_2023,Regulation Of Plasminogen Activation (GO:0010755),2/16,0.0999436034603104,0.4410135715610989,0,0,4.099129696455105,9.440907352736495,ENO1;S100A10,EC-PTC
GO_Biological_Process_2023,Regulation Of Response To Cytokine Stimulus (GO:0060759),2/16,0.0999436034603104,0.4410135715610989,0,0,4.099129696455105,9.440907352736495,CD24;TLE5,EC-PTC
GO_Biological_Process_2023,Endoplasmic Reticulum Tubular Network Organization (GO:0071786),2/16,0.0999436034603104,0.4410135715610989,0,0,4.099129696455105,9.440907352736495,REEP3;RTN4,EC-PTC
GO_Biological_Process_2023,Establishment Of Protein Localization To Endoplasmic Reticulum (GO:0072599),2/16,0.0999436034603104,0.4410135715610989,0,0,4.099129696455105,9.440907352736495,SEC61A1;SRP14,EC-PTC
GO_Biological_Process_2023,Negative Regulation Of Amyloid-Beta Formation (GO:1902430),2/16,0.0999436034603104,0.4410135715610989,0,0,4.099129696455105,9.440907352736495,PRNP;RTN4,EC-PTC
GO_Biological_Process_2023,Negative Regulation Of Biosynthetic Process (GO:0009890),2/16,0.0999436034603104,0.4410135715610989,0,0,4.099129696455105,9.440907352736495,GSTP1;PARK7,EC-PTC
GO_Biological_Process_2023,Positive Regulation Of Collagen Metabolic Process (GO:0010714),2/16,0.0999436034603104,0.4410135715610989,0,0,4.099129696455105,9.440907352736495,RGCC;VIM,EC-PTC
GO_Biological_Process_2023,Positive Regulation Of Smooth Muscle Cell Migration (GO:0014911),2/16,0.0999436034603104,0.4410135715610989,0,0,4.099129696455105,9.440907352736495,MDK;S100A11,EC-PTC
GO_Biological_Process_2023,Protein Kinase A Signaling (GO:0010737),2/16,0.0999436034603104,0.4410135715610989,0,0,4.099129696455105,9.440907352736495,RDX;RAB13,EC-PTC
GO_Biological_Process_2023,Protein Localization To Endoplasmic Reticulum (GO:0070972),2/16,0.0999436034603104,0.4410135715610989,0,0,4.099129696455105,9.440907352736495,GABARAPL2;KDELR2,EC-PTC
GO_Biological_Process_2023,Protein Localization To Mitochondrion (GO:0070585),2/16,0.0999436034603104,0.4410135715610989,0,0,4.099129696455105,9.440907352736495,PINK1;ISG15,EC-PTC
GO_Biological_Process_2023,Cellular Response To Decreased Oxygen Levels (GO:0036294),5/73,0.1001860727736369,0.4410135715610989,0,0,2.1133669885864794,4.862278577403492,SFRP1;EGLN3;PINK1;RGCC;HIF1A,EC-PTC
GO_Biological_Process_2023,Cellular Response To Reactive Oxygen Species (GO:0034614),5/73,0.1001860727736369,0.4410135715610989,0,0,2.1133669885864794,4.862278577403492,PRDX5;JUN;RPS3;ROMO1;SQSTM1,EC-PTC
GO_Biological_Process_2023,Negative Regulation Of Wnt Signaling Pathway (GO:0030178),8/140,0.1018956656918075,0.447116324597701,0,0,1.7439462087138249,3.982834596406165,SFRP1;TMEM88;MDK;RACK1;PFDN5;DKK3;RBX1;TLE5,EC-PTC
GO_Biological_Process_2023,Inorganic Cation Transmembrane Transport (GO:0098662),14/284,0.1019016954808457,0.447116324597701,0,0,1.4947610242617806,3.41365555677265,ATP6V0B;ATP6V0E1;RNASEK;SLC12A1;SLC40A1;ATP1B3;ATP1A1;ATP1B1;FKBP1A;FXYD2;ATP5PO;ITGAV;ATP6V0C;ATP5MF,EC-PTC
GO_Biological_Process_2023,Blood Vessel Morphogenesis (GO:0048514),4/53,0.1032927647683484,0.4518910939131071,0,0,2.345083487940631,5.3237802673294965,RAMP2;SOX18;ID1;HES1,EC-PTC
GO_Biological_Process_2023,Cellular Component Assembly (GO:0022607),13/260,0.1033226691163621,0.4518910939131071,0,0,1.5167753219907776,3.4429259942427755,GSN;CHCHD10;CORO1B;RTN4;SLC9A3R2;CALD1;CSNK2B;CAPZA2;TSPAN4;PLS3;ELOB;HES1;AP2M1,EC-PTC
GO_Biological_Process_2023,Vesicle-Mediated Transport (GO:0016192),19/411,0.1042775167456593,0.4553339798733292,0,0,1.3988885950721752,3.1624667523778416,ARF4;RAB5C;TMED10;ANXA2;ARL1;RASSF9;SNF8;SYTL2;VAMP8;TBC1D4;RAB13;RHOJ;AP2S1;CHMP2A;LAMTOR1;OSBPL1A;SQSTM1;AP2M1;S100A10,EC-PTC
GO_Biological_Process_2023,Regulation Of Small GTPase Mediated Signal Transduction (GO:0051056),7/118,0.104640403047839,0.455809004254123,0,0,1.81391271511032,4.094410107013964,RELN;ARHGAP18;ITGAV;ARHGAP5;DYNLL1;SQSTM1;CGNL1,EC-PTC
GO_Biological_Process_2023,Regulation Of Protein Metabolic Process (GO:0051246),6/96,0.1059744502110409,0.455809004254123,0,0,1.916791230692576,4.302347652952508,FKBP1A;RPL10;ODC1;FURIN;NEDD8;SNF8,EC-PTC
GO_Biological_Process_2023,Cellular Response To Transforming Growth Factor Beta Stimulus (GO:0071560),6/96,0.1059744502110409,0.455809004254123,0,0,1.916791230692576,4.302347652952508,SFRP1;JUN;COL3A1;PDCD5;ID1;FURIN,EC-PTC
GO_Biological_Process_2023,ATP Metabolic Process (GO:0046034),3/34,0.106064540017896,0.455809004254123,0,0,2.7785138248847927,6.234172313476109,ATP5PO;ATP1B1;HSPA1A,EC-PTC
GO_Biological_Process_2023,Cellular Response To Glucose Stimulus (GO:0071333),3/34,0.106064540017896,0.455809004254123,0,0,2.7785138248847927,6.234172313476109,RACK1;SELENOT;SOX4,EC-PTC
GO_Biological_Process_2023,Cellular Response To Vascular Endothelial Growth Factor Stimulus (GO:0035924),3/34,0.106064540017896,0.455809004254123,0,0,2.7785138248847927,6.234172313476109,RAMP2;HSPB1;ITGB1BP1,EC-PTC
GO_Biological_Process_2023,Superoxide Metabolic Process (GO:0006801),3/34,0.106064540017896,0.455809004254123,0,0,2.7785138248847927,6.234172313476109,PRDX2;PRDX1;SOD1,EC-PTC
GO_Biological_Process_2023,Inner Mitochondrial Membrane Organization (GO:0007007),3/34,0.106064540017896,0.455809004254123,0,0,2.7785138248847927,6.234172313476109,NDUFA13;ROMO1;MICOS10,EC-PTC
GO_Biological_Process_2023,Negative Regulation Of Mitotic Cell Cycle (GO:0045930),3/34,0.106064540017896,0.455809004254123,0,0,2.7785138248847927,6.234172313476109,BTG1;RGCC;AURKAIP1,EC-PTC
GO_Biological_Process_2023,Positive Regulation Of Neuron Death (GO:1901216),3/34,0.106064540017896,0.455809004254123,0,0,2.7785138248847927,6.234172313476109,PRNP;GRN;SNCA,EC-PTC
GO_Biological_Process_2023,Positive Regulation Of Cellular Process (GO:0048522),26/594,0.1071179432087891,0.4596087421091173,0,0,1.3229508018837215,2.9552402821135537,GRN;CD81;COX17;AKR1B1;MTLN;RPS4X;SDCBP;ADGRG1;RPS15A;MDK;S100A13;ITGAV;HES1;ROMO1;TIMP1;RPL17;SOX4;EPHA4;RPS9;NPM1;RPS6;FN1;SFRP1;ITGB1BP1;SLC25A5;COPS9,EC-PTC
GO_Biological_Process_2023,Regulation Of Exocytosis (GO:0017157),4/54,0.108749697987444,0.4609791521597716,0,0,2.2980625931445604,5.098726151168825,ANXA2;RAB13;S100A10;SNCA,EC-PTC
GO_Biological_Process_2023,Mesenchymal Cell Differentiation (GO:0048762),4/54,0.108749697987444,0.4609791521597716,0,0,2.2980625931445604,5.098726151168825,RANBP3L;S100A4;HIF1A;HNRNPAB,EC-PTC
GO_Biological_Process_2023,Defense Response To Gram-negative Bacterium (GO:0050829),5/75,0.1091920169104618,0.4609791521597716,0,0,2.052771855010661,4.546165694577014,RPL30;RPS19;DEFB1;ROMO1;OPTN,EC-PTC
GO_Biological_Process_2023,Regulation Of Cellular Respiration (GO:0043457),2/17,0.1108318801032146,0.4609791521597716,0,0,3.82565626547796,8.415452248513343,PRELID1;VCP,EC-PTC
GO_Biological_Process_2023,Regulation Of Establishment Of Cell Polarity (GO:2000114),2/17,0.1108318801032146,0.4609791521597716,0,0,3.82565626547796,8.415452248513343,GSN;RACK1,EC-PTC
GO_Biological_Process_2023,Cellular Response To Unfolded Protein (GO:0034620),2/17,0.1108318801032146,0.4609791521597716,0,0,3.82565626547796,8.415452248513343,OPTN;HSPA1A,EC-PTC
GO_Biological_Process_2023,Response To Interferon-Alpha (GO:0035455),2/17,0.1108318801032146,0.4609791521597716,0,0,3.82565626547796,8.415452248513343,BST2;EIF2AK2,EC-PTC
GO_Biological_Process_2023,"Retrograde Protein Transport, ER To Cytosol (GO:0030970)",2/17,0.1108318801032146,0.4609791521597716,0,0,3.82565626547796,8.415452248513343,VCP;SEC61B,EC-PTC
GO_Biological_Process_2023,Embryonic Heart Tube Development (GO:0035050),2/17,0.1108318801032146,0.4609791521597716,0,0,3.82565626547796,8.415452248513343,SOX18;HES1,EC-PTC
GO_Biological_Process_2023,Extracellular Matrix Assembly (GO:0085029),2/17,0.1108318801032146,0.4609791521597716,0,0,3.82565626547796,8.415452248513343,RAMP2;MLF2,EC-PTC
GO_Biological_Process_2023,Transcription By RNA Polymerase I (GO:0006360),2/17,0.1108318801032146,0.4609791521597716,0,0,3.82565626547796,8.415452248513343,POLR2F;POLR2L,EC-PTC
GO_Biological_Process_2023,Membrane Lipid Metabolic Process (GO:0006643),2/17,0.1108318801032146,0.4609791521597716,0,0,3.82565626547796,8.415452248513343,TECR;MGST2,EC-PTC
GO_Biological_Process_2023,Negative Regulation Of Insulin Secretion (GO:0046676),2/17,0.1108318801032146,0.4609791521597716,0,0,3.82565626547796,8.415452248513343,SFRP1;PIM3,EC-PTC
GO_Biological_Process_2023,Negative Regulation Of Leukocyte Activation (GO:0002695),2/17,0.1108318801032146,0.4609791521597716,0,0,3.82565626547796,8.415452248513343,GRN;FN1,EC-PTC
GO_Biological_Process_2023,Positive Regulation Of Alpha-Beta T Cell Proliferation (GO:0046641),2/17,0.1108318801032146,0.4609791521597716,0,0,3.82565626547796,8.415452248513343,CD81;CD55,EC-PTC
GO_Biological_Process_2023,Positive Regulation Of Glial Cell Differentiation (GO:0045687),2/17,0.1108318801032146,0.4609791521597716,0,0,3.82565626547796,8.415452248513343,MDK;HES1,EC-PTC
GO_Biological_Process_2023,Positive Regulation Of Potassium Ion Transmembrane Transport (GO:1901381),2/17,0.1108318801032146,0.4609791521597716,0,0,3.82565626547796,8.415452248513343,ATP1B3;ATP1B1,EC-PTC
GO_Biological_Process_2023,Positive Regulation Of Small GTPase Mediated Signal Transduction (GO:0051057),2/17,0.1108318801032146,0.4609791521597716,0,0,3.82565626547796,8.415452248513343,RELN;ITGAV,EC-PTC
GO_Biological_Process_2023,Positive Regulation Of Transcription From RNA Polymerase II Promoter In Response To Stress (GO:0036003),2/17,0.1108318801032146,0.4609791521597716,0,0,3.82565626547796,8.415452248513343,HIF1A;ATF4,EC-PTC
GO_Biological_Process_2023,rRNA Modification (GO:0000154),2/17,0.1108318801032146,0.4609791521597716,0,0,3.82565626547796,8.415452248513343,TRMT112;NOP10,EC-PTC
GO_Biological_Process_2023,Cellular Response To Amino Acid Stimulus (GO:0071230),3/35,0.1132505817410441,0.4688850305010302,0,0,2.691545758928572,5.862596794891385,RRAGA;SESN3;LAMTOR1,EC-PTC
GO_Biological_Process_2023,Endoderm Formation (GO:0001706),3/35,0.1132505817410441,0.4688850305010302,0,0,2.691545758928572,5.862596794891385,DUSP1;FN1;ITGAV,EC-PTC
GO_Biological_Process_2023,Regulation Of Cardiac Muscle Contraction (GO:0055117),3/35,0.1132505817410441,0.4688850305010302,0,0,2.691545758928572,5.862596794891385,SRI;ATP1B1;CALM2,EC-PTC
GO_Biological_Process_2023,Regulation Of Ras Protein Signal Transduction (GO:0046578),5/76,0.1138378374866551,0.4704814243737244,0,0,2.023754467101114,4.397578632472295,RDX;SPRY4;DYNLL1;SQSTM1;GABARAP,EC-PTC
GO_Biological_Process_2023,MAPK Cascade (GO:0000165),6/98,0.1139826131214693,0.4704814243737244,0,0,1.8749268863326185,4.071796265922677,PPP1CB;PLVAP;ITGAV;DUSP6;RBX1;RASGRP3,EC-PTC
GO_Biological_Process_2023,Actin Filament Organization (GO:0007015),8/144,0.1147572611285403,0.4729601232551069,0,0,1.6923009083693448,3.663723420373202,MARCKS;GSN;ACTN1;RFLNB;PLS3;DSTN;CORO1B;CGNL1,EC-PTC
GO_Biological_Process_2023,Positive Regulation Of Endothelial Cell Proliferation (GO:0001938),5/77,0.1185768514601504,0.4837693767849462,0,0,1.9955431177446104,4.254885048600247,MYDGF;MDK;PDCD6;TNFSF12;HIF1A,EC-PTC
GO_Biological_Process_2023,Cellular Response To Peptide (GO:1901653),4/56,0.1200402552197286,0.4837693767849462,0,0,2.2094462914135047,4.683867349951003,EPHA4;PRNP;VIM;RPL17,EC-PTC
GO_Biological_Process_2023,Positive Regulation Of Cellular Metabolic Process (GO:0031325),4/56,0.1200402552197286,0.4837693767849462,0,0,2.2094462914135047,4.683867349951003,CHCHD2;PRELID1;ROMO1;YPEL3,EC-PTC
GO_Biological_Process_2023,Regulation Of Erythrocyte Differentiation (GO:0045646),3/36,0.1206156083986156,0.4837693767849462,0,0,2.609848484848485,5.520212097539699,STAT1;HIF1A;HSPA1A,EC-PTC
GO_Biological_Process_2023,Regulation Of Receptor Internalization (GO:0002090),3/36,0.1206156083986156,0.4837693767849462,0,0,2.609848484848485,5.520212097539699,CD63;SDCBP;ANXA2,EC-PTC
GO_Biological_Process_2023,Substrate Adhesion-Dependent Cell Spreading (GO:0034446),3/36,0.1206156083986156,0.4837693767849462,0,0,2.609848484848485,5.520212097539699,FN1;ITGAV;MLF2,EC-PTC
GO_Biological_Process_2023,Negative Regulation Of Organelle Assembly (GO:1902116),3/36,0.1206156083986156,0.4837693767849462,0,0,2.609848484848485,5.520212097539699,PINK1;FEZ2;NBDY,EC-PTC
GO_Biological_Process_2023,Positive Regulation Of RNA Splicing (GO:0033120),3/36,0.1206156083986156,0.4837693767849462,0,0,2.609848484848485,5.520212097539699,SLC38A2;PRDX6;HSPA1A,EC-PTC
GO_Biological_Process_2023,Positive Regulation Of Myeloid Cell Differentiation (GO:0045639),3/36,0.1206156083986156,0.4837693767849462,0,0,2.609848484848485,5.520212097539699,STAT1;HIF1A;HSPA1A,EC-PTC
GO_Biological_Process_2023,Positive Regulation Of Signaling Receptor Activity (GO:2000273),3/36,0.1206156083986156,0.4837693767849462,0,0,2.609848484848485,5.520212097539699,RELN;PARK7;HIF1A,EC-PTC
GO_Biological_Process_2023,Regulation Of Collagen Biosynthetic Process (GO:0032965),2/18,0.122011054159679,0.4837693767849462,0,0,3.586367013372957,7.544438124271796,RGCC;VIM,EC-PTC
GO_Biological_Process_2023,Actin Filament Capping (GO:0051693),2/18,0.122011054159679,0.4837693767849462,0,0,3.586367013372957,7.544438124271796,GSN;CAPZA2,EC-PTC
GO_Biological_Process_2023,Regulation Of Lymphocyte Proliferation (GO:0050670),2/18,0.122011054159679,0.4837693767849462,0,0,3.586367013372957,7.544438124271796,LGALS3;MYDGF,EC-PTC
GO_Biological_Process_2023,Regulation Of Mitochondrial Membrane Permeability (GO:0046902),2/18,0.122011054159679,0.4837693767849462,0,0,3.586367013372957,7.544438124271796,SLC25A5;SLC25A4,EC-PTC
GO_Biological_Process_2023,Regulation Of Oligodendrocyte Differentiation (GO:0048713),2/18,0.122011054159679,0.4837693767849462,0,0,3.586367013372957,7.544438124271796,MDK;HES1,EC-PTC
GO_Biological_Process_2023,Barbed-End Actin Filament Capping (GO:0051016),2/18,0.122011054159679,0.4837693767849462,0,0,3.586367013372957,7.544438124271796,GSN;CAPZA2,EC-PTC
GO_Biological_Process_2023,Renal Absorption (GO:0070293),2/18,0.122011054159679,0.4837693767849462,0,0,3.586367013372957,7.544438124271796,GSN;MAGED2,EC-PTC
GO_Biological_Process_2023,Endothelial Cell Proliferation (GO:0001935),2/18,0.122011054159679,0.4837693767849462,0,0,3.586367013372957,7.544438124271796,ITGB1BP1;CD34,EC-PTC
GO_Biological_Process_2023,Icosanoid Biosynthetic Process (GO:0046456),2/18,0.122011054159679,0.4837693767849462,0,0,3.586367013372957,7.544438124271796,MGST3;MGST2,EC-PTC
GO_Biological_Process_2023,Membrane Repolarization (GO:0086009),2/18,0.122011054159679,0.4837693767849462,0,0,3.586367013372957,7.544438124271796,ATP1B3;ATP1B1,EC-PTC
GO_Biological_Process_2023,Negative Regulation Of T Cell Receptor Signaling Pathway (GO:0050860),2/18,0.122011054159679,0.4837693767849462,0,0,3.586367013372957,7.544438124271796,PRNP;LGALS3,EC-PTC
GO_Biological_Process_2023,Negative Regulation Of Amyloid Precursor Protein Catabolic Process (GO:1902992),2/18,0.122011054159679,0.4837693767849462,0,0,3.586367013372957,7.544438124271796,PRNP;RTN4,EC-PTC
GO_Biological_Process_2023,Positive Regulation Of Extracellular Matrix Organization (GO:1903055),2/18,0.122011054159679,0.4837693767849462,0,0,3.586367013372957,7.544438124271796,RGCC;IER3IP1,EC-PTC
GO_Biological_Process_2023,Positive Regulation Of Focal Adhesion Assembly (GO:0051894),2/18,0.122011054159679,0.4837693767849462,0,0,3.586367013372957,7.544438124271796,SFRP1;S100A10,EC-PTC
GO_Biological_Process_2023,Protein Autoprocessing (GO:0016540),2/18,0.122011054159679,0.4837693767849462,0,0,3.586367013372957,7.544438124271796,CTSL;ASRGL1,EC-PTC
GO_Biological_Process_2023,Protein Import Into Mitochondrial Matrix (GO:0030150),2/18,0.122011054159679,0.4837693767849462,0,0,3.586367013372957,7.544438124271796,ROMO1;TOMM20,EC-PTC
GO_Biological_Process_2023,Protein Glycosylation (GO:0006486),8/147,0.1249505333677685,0.4947021117009612,0,0,1.655517564958528,3.4432072702488035,OST4;KRTCAP2;DPM3;TMEM258;RPN2;DAD1;PDCD6;ST8SIA6,EC-PTC
GO_Biological_Process_2023,Heart Development (GO:0007507),9/171,0.1254832719994169,0.4960881612087574,0,0,1.5985151818485153,3.317850649170732,FKBP1A;RAMP2;COL3A1;SOX18;FN1;SRI;NDUFV2;DYNLL1;SOX4,EC-PTC
GO_Biological_Process_2023,Myeloid Cell Differentiation (GO:0030099),4/57,0.1258674194174901,0.496883591770208,0,0,2.1676461490875347,4.492503334119961,ATP5IF1;RPS14;RPS19;SLC25A5,EC-PTC
GO_Biological_Process_2023,Positive Regulation Of Cytokine Production (GO:0001819),15/320,0.1262300168747114,0.4975917646323892,0,0,1.4172876304023845,2.933288643463334,TMED10;EIF2AK2;ISG15;PARK7;HIF1A;SOD1;MYDGF;RGCC;MDK;S100A13;RPS3;GAPDH;ATF4;HLA-DPA1;HSPA1A,EC-PTC
GO_Biological_Process_2023,Endomembrane System Organization (GO:0010256),10/196,0.1279497451902968,0.5014943187409998,0,0,1.547336082140836,3.181505118495923,SRGN;SEC61A1;TMED10;REEP5;REEP3;SURF4;ARL1;LAMTOR1;SQSTM1;OPTN,EC-PTC
GO_Biological_Process_2023,Regulation Of Phosphoprotein Phosphatase Activity (GO:0043666),3/37,0.1281513783426495,0.5014943187409998,0,0,2.5329569327731094,5.204069114185696,FKBP1A;CSNK2B;CALM2,EC-PTC
GO_Biological_Process_2023,Negative Regulation Of Endothelial Cell Migration (GO:0010596),3/37,0.1281513783426495,0.5014943187409998,0,0,2.5329569327731094,5.204069114185696,ANGPT2;RGCC;CSNK2B,EC-PTC
GO_Biological_Process_2023,Negative Regulation Of Endothelial Cell Proliferation (GO:0001937),3/37,0.1281513783426495,0.5014943187409998,0,0,2.5329569327731094,5.204069114185696,ATP5IF1;RGCC;STAT1,EC-PTC
GO_Biological_Process_2023,Response To Insulin (GO:0032868),5/79,0.1283278908413088,0.5014943187409998,0,0,1.941407825736184,3.986033788824694,PKM;TBC1D4;EIF6;RAB13;LPIN2,EC-PTC
GO_Biological_Process_2023,Positive Regulation Of Protein Modification By Small Protein Conjugation Or Removal (GO:1903322),5/79,0.1283278908413088,0.5014943187409998,0,0,1.941407825736184,3.986033788824694,FKBP1A;PINK1;NDFIP1;SUMO1;UBB,EC-PTC
GO_Biological_Process_2023,Protein Catabolic Process (GO:0030163),6/102,0.1308807574751204,0.5076464830699517,0,0,1.796431240657698,3.652986553332208,PSMA6;VCP;CTSL;CAPN2;SQSTM1;CTSD,EC-PTC
GO_Biological_Process_2023,Selective Autophagy (GO:0061912),4/58,0.1318113629558946,0.5076464830699517,0,0,2.127394160181045,4.310916311443854,MAP1LC3B;PINK1;UFC1;SQSTM1,EC-PTC
GO_Biological_Process_2023,Regulation Of Intracellular Signal Transduction (GO:1902531),14/297,0.1318550328252029,0.5076464830699517,0,0,1.425124156032994,2.887375926005499,RPL5;RPL11;ARHGAP18;HSPB1;ARHGAP5;DYNLL1;TMBIM4;TMSB4X;ITGAV;CD24;CALM2;PAK2;SQSTM1;OPTN,EC-PTC
GO_Biological_Process_2023,Skeletal System Development (GO:0001501),8/149,0.1320006392281675,0.5076464830699517,0,0,1.6318649186045275,3.304442441601409,VKORC1;PRDX1;GNAS;RFLNB;PLS3;RPL13;GDF3;PPIB,EC-PTC
GO_Biological_Process_2023,Regulation Of Protein Localization To Plasma Membrane (GO:1903076),5/80,0.1333364566990512,0.5076464830699517,0,0,1.9154228855721396,3.859346489034292,VAMP8;LGALS3;AKR1B1;SQSTM1;AP2M1,EC-PTC
GO_Biological_Process_2023,Arp2/3 Complex-Mediated Actin Nucleation (GO:0034314),2/19,0.1334491615781605,0.5076464830699517,0,0,3.37522943798619,6.797829160697517,ARPC2;ARPC3,EC-PTC
GO_Biological_Process_2023,Regulation Of Early Endosome To Late Endosome Transport (GO:2000641),2/19,0.1334491615781605,0.5076464830699517,0,0,3.37522943798619,6.797829160697517,SNX3;RDX,EC-PTC
GO_Biological_Process_2023,RNA-templated DNA Biosynthetic Process (GO:0006278),2/19,0.1334491615781605,0.5076464830699517,0,0,3.37522943798619,6.797829160697517,RFC1;NOP10,EC-PTC
GO_Biological_Process_2023,Regulation Of Tissue Remodeling (GO:0034103),2/19,0.1334491615781605,0.5076464830699517,0,0,3.37522943798619,6.797829160697517,CST3;MDK,EC-PTC
GO_Biological_Process_2023,Telomere Maintenance Via Telomerase (GO:0007004),2/19,0.1334491615781605,0.5076464830699517,0,0,3.37522943798619,6.797829160697517,RFC1;NOP10,EC-PTC
GO_Biological_Process_2023,Heme Biosynthetic Process (GO:0006783),2/19,0.1334491615781605,0.5076464830699517,0,0,3.37522943798619,6.797829160697517,ATP5IF1;TSPO,EC-PTC
GO_Biological_Process_2023,Insulin Secretion (GO:0030073),2/19,0.1334491615781605,0.5076464830699517,0,0,3.37522943798619,6.797829160697517,PARK7;SELENOT,EC-PTC
GO_Biological_Process_2023,Leukotriene Biosynthetic Process (GO:0019370),2/19,0.1334491615781605,0.5076464830699517,0,0,3.37522943798619,6.797829160697517,MGST3;MGST2,EC-PTC
GO_Biological_Process_2023,Negative Regulation Of Calcium Ion Transmembrane Transport (GO:1903170),2/19,0.1334491615781605,0.5076464830699517,0,0,3.37522943798619,6.797829160697517,FKBP1A;CALM2,EC-PTC
GO_Biological_Process_2023,Positive Regulation Of Activated T Cell Proliferation (GO:0042104),2/19,0.1334491615781605,0.5076464830699517,0,0,3.37522943798619,6.797829160697517,RPS3;CD24,EC-PTC
GO_Biological_Process_2023,Positive Regulation Of Mitochondrial Fission (GO:0090141),2/19,0.1334491615781605,0.5076464830699517,0,0,3.37522943798619,6.797829160697517,FIS1;PINK1,EC-PTC
GO_Biological_Process_2023,Protein Insertion Into Membrane (GO:0051205),2/19,0.1334491615781605,0.5076464830699517,0,0,3.37522943798619,6.797829160697517,WDR83OS;SEC61A1,EC-PTC
GO_Biological_Process_2023,Regulation Of Autophagy Of Mitochondrion (GO:1903146),2/19,0.1334491615781605,0.5076464830699517,0,0,3.37522943798619,6.797829160697517,PINK1;PARK7,EC-PTC
GO_Biological_Process_2023,Positive Regulation Of Intracellular Protein Transport (GO:0090316),7/126,0.1344129374049341,0.5076464830699517,0,0,1.6912645297640014,3.3940949328074543,FIS1;PRNP;PINK1;CD81;ITGB1BP1;OAZ1;RAN,EC-PTC
GO_Biological_Process_2023,Establishment Of Protein Localization To Plasma Membrane (GO:0061951),3/38,0.1358495975655344,0.5076464830699517,0,0,2.460459183673469,4.911585613047548,RDX;VAMP5;OPTN,EC-PTC
GO_Biological_Process_2023,Membrane Assembly (GO:0071709),3/38,0.1358495975655344,0.5076464830699517,0,0,2.460459183673469,4.911585613047548,ANXA2;CHMP2A;S100A10,EC-PTC
GO_Biological_Process_2023,Membrane Fission (GO:0090148),3/38,0.1358495975655344,0.5076464830699517,0,0,2.460459183673469,4.911585613047548,CHMP2A;SNF8;VPS28,EC-PTC
GO_Biological_Process_2023,Positive Regulation Of Myoblast Differentiation (GO:0045663),3/38,0.1358495975655344,0.5076464830699517,0,0,2.460459183673469,4.911585613047548,RANBP3L;BTG1;SOX4,EC-PTC
GO_Biological_Process_2023,DNA-templated Transcription (GO:0006351),10/199,0.1371982356087598,0.5076464830699517,0,0,1.522536499980109,3.0242575261339826,DRAP1;GTF2A2;POLR2F;POLR2H;PTMA;POLR2J;GTF2H5;POLR2K;ATF4;POLR2L,EC-PTC
GO_Biological_Process_2023,Glucose Metabolic Process (GO:0006006),4/59,0.1378686135841537,0.5076464830699517,0,0,2.088605879962065,4.138476731784,TPI1;PGAM1;ENO1;ATF4,EC-PTC
GO_Biological_Process_2023,Positive Regulation Of Protein Binding (GO:0032092),4/59,0.1378686135841537,0.5076464830699517,0,0,2.088605879962065,4.138476731784,FKBP1A;SUB1;RPL11;RAN,EC-PTC
GO_Biological_Process_2023,Regulation Of Phosphorylation (GO:0042325),5/82,0.1436105458564195,0.5076464830699517,0,0,1.8654778057763133,3.620239850670952,SDCBP;FN1;HSPB1;DYNLL1;CD24,EC-PTC
GO_Biological_Process_2023,Sodium Ion Transmembrane Transport (GO:0035725),5/82,0.1436105458564195,0.5076464830699517,0,0,1.8654778057763133,3.620239850670952,FXYD2;SLC12A1;ATP1B3;ATP1A1;ATP1B1,EC-PTC
GO_Biological_Process_2023,Axonal Transport (GO:0098930),3/39,0.1437019462239217,0.5076464830699517,0,0,2.3919890873015874,4.640492179263931,HSBP1;HIF1A;SOD1,EC-PTC
GO_Biological_Process_2023,Retina Homeostasis (GO:0001895),3/39,0.1437019462239217,0.5076464830699517,0,0,2.3919890873015874,4.640492179263931,PRDX1;HSPB1;SOD1,EC-PTC
GO_Biological_Process_2023,protein-DNA Complex Organization (GO:0071824),4/60,0.1440356190470985,0.5076464830699517,0,0,2.0512028954651904,3.974604887887949,CBX3;HMGN3;RPL17;HMGN1,EC-PTC
GO_Biological_Process_2023,Adenine Nucleotide Transport (GO:0051503),2/20,0.1451160587981569,0.5076464830699517,0,0,3.187551593197953,6.152680462031513,SLC25A5;SLC25A4,EC-PTC
GO_Biological_Process_2023,Regulation Of Macrophage Chemotaxis (GO:0010758),2/20,0.1451160587981569,0.5076464830699517,0,0,3.187551593197953,6.152680462031513,DDT;MDK,EC-PTC
GO_Biological_Process_2023,Regulation Of Mitotic Spindle Assembly (GO:1901673),2/20,0.1451160587981569,0.5076464830699517,0,0,3.187551593197953,6.152680462031513,CHMP2A;HSPA1A,EC-PTC
GO_Biological_Process_2023,Regulation Of Protein Localization To Cell Periphery (GO:1904375),2/20,0.1451160587981569,0.5076464830699517,0,0,3.187551593197953,6.152680462031513,VAMP8;AKR1B1,EC-PTC
GO_Biological_Process_2023,Cellular Response To Estradiol Stimulus (GO:0071392),2/20,0.1451160587981569,0.5076464830699517,0,0,3.187551593197953,6.152680462031513,SFRP1;SSTR2,EC-PTC
GO_Biological_Process_2023,Endoplasmic Reticulum Calcium Ion Homeostasis (GO:0032469),2/20,0.1451160587981569,0.5076464830699517,0,0,3.187551593197953,6.152680462031513,FIS1;SELENOK,EC-PTC
GO_Biological_Process_2023,Endothelial Cell Development (GO:0001885),2/20,0.1451160587981569,0.5076464830699517,0,0,3.187551593197953,6.152680462031513,SOX18;RDX,EC-PTC
GO_Biological_Process_2023,Leukotriene Metabolic Process (GO:0006691),2/20,0.1451160587981569,0.5076464830699517,0,0,3.187551593197953,6.152680462031513,MGST3;MGST2,EC-PTC
GO_Biological_Process_2023,Maturation Of LSU-rRNA (GO:0000470),2/20,0.1451160587981569,0.5076464830699517,0,0,3.187551593197953,6.152680462031513,EIF6;RPL35,EC-PTC
GO_Biological_Process_2023,Microglial Cell Activation (GO:0001774),2/20,0.1451160587981569,0.5076464830699517,0,0,3.187551593197953,6.152680462031513,GRN;SNCA,EC-PTC
GO_Biological_Process_2023,Negative Regulation Of Phosphoprotein Phosphatase Activity (GO:0032515),2/20,0.1451160587981569,0.5076464830699517,0,0,3.187551593197953,6.152680462031513,FKBP1A;LGALS3,EC-PTC
GO_Biological_Process_2023,Negative Regulation Of Reproductive Process (GO:2000242),2/20,0.1451160587981569,0.5076464830699517,0,0,3.187551593197953,6.152680462031513,DUSP1;TIMP1,EC-PTC
GO_Biological_Process_2023,Negative Regulation Of Small GTPase Mediated Signal Transduction (GO:0051058),2/20,0.1451160587981569,0.5076464830699517,0,0,3.187551593197953,6.152680462031513,SPRY4;CGNL1,EC-PTC
GO_Biological_Process_2023,Positive Regulation Of Antigen Receptor-Mediated Signaling Pathway (GO:0050857),2/20,0.1451160587981569,0.5076464830699517,0,0,3.187551593197953,6.152680462031513,CD81;RPS3,EC-PTC
GO_Biological_Process_2023,Positive Regulation Of Embryonic Development (GO:0040019),2/20,0.1451160587981569,0.5076464830699517,0,0,3.187551593197953,6.152680462031513,CFL1;RACK1,EC-PTC
GO_Biological_Process_2023,Positive Regulation Of Phospholipase Activity (GO:0010518),2/20,0.1451160587981569,0.5076464830699517,0,0,3.187551593197953,6.152680462031513,ARF4;ARL1,EC-PTC
GO_Biological_Process_2023,protein-DNA Complex Disassembly (GO:0032986),2/20,0.1451160587981569,0.5076464830699517,0,0,3.187551593197953,6.152680462031513,SET;RPL17,EC-PTC
GO_Biological_Process_2023,Regulation Of Cardiac Muscle Contraction By Calcium Ion Signaling (GO:0010882),2/20,0.1451160587981569,0.5076464830699517,0,0,3.187551593197953,6.152680462031513,ATP1B1;CALM2,EC-PTC
GO_Biological_Process_2023,Regulation Of Cell Growth (GO:0001558),11/227,0.1470926796926471,0.5076464830699517,0,0,1.465577588130299,2.809061449356029,BST2;SDCBP;SFRP1;NDUFA13;BTG1;CCDC85B;RACK1;ENO1;LAMTOR1;RTN4;HSPA1A,EC-PTC
GO_Biological_Process_2023,Regulation Of Epithelial To Mesenchymal Transition (GO:0010717),5/83,0.1488722365210056,0.5076464830699517,0,0,1.841465748182166,3.5073786994783127,EPHA4;SDCBP;SFRP1;RGCC;MDK,EC-PTC
GO_Biological_Process_2023,Regulation Of NIK/NF-kappaB Signaling (GO:1901222),5/83,0.1488722365210056,0.5076464830699517,0,0,1.841465748182166,3.5073786994783127,TCIM;TMSB4X;RPS3;EIF2AK2;UACA,EC-PTC
GO_Biological_Process_2023,Positive Regulation Of Peptidyl-Tyrosine Phosphorylation (GO:0050731),7/130,0.1507072121700895,0.5076464830699517,0,0,1.6359232754004187,3.0958478992326324,EPHA4;PRNP;GPRC5B;RELN;CD81;HES1;PAK2,EC-PTC
GO_Biological_Process_2023,Regulation Of Glycolytic Process (GO:0006110),3/40,0.1517001027687902,0.5076464830699517,0,0,2.327220077220077,4.388787319787476,EIF6;PGAM1;HIF1A,EC-PTC
GO_Biological_Process_2023,Regulation Of Small Molecule Metabolic Process (GO:0062012),3/40,0.1517001027687902,0.5076464830699517,0,0,2.327220077220077,4.388787319787476,EIF6;PGAM1;HIF1A,EC-PTC
GO_Biological_Process_2023,Synaptic Vesicle Endocytosis (GO:0048488),3/40,0.1517001027687902,0.5076464830699517,0,0,2.327220077220077,4.388787319787476,AP2S1;AP2M1;SNCA,EC-PTC
GO_Biological_Process_2023,Negative Regulation Of Secretion By Cell (GO:1903531),3/40,0.1517001027687902,0.5076464830699517,0,0,2.327220077220077,4.388787319787476,VAMP8;PNKD;SNCA,EC-PTC
GO_Biological_Process_2023,Positive Regulation Of Catalytic Activity (GO:0043085),3/40,0.1517001027687902,0.5076464830699517,0,0,2.327220077220077,4.388787319787476,FDX1;SLC5A3;SOD1,EC-PTC
GO_Biological_Process_2023,Defense Response To Bacterium (GO:0042742),10/204,0.1533692585800232,0.5076464830699517,0,0,1.48290830168204,2.780314874204464,RPL30;RPS19;ANXA3;DEFB1;ISG15;ROMO1;FAU;RPL39;RNASE1;OPTN,EC-PTC
GO_Biological_Process_2023,Cellular Response To Growth Factor Stimulus (GO:0071363),8/155,0.1543300979833556,0.5076464830699517,0,0,1.5647686360901183,2.924022870952538,EEF1A1;SFRP1;RAMP2;PDCD5;RACK1;HSPB1;ITGB1BP1;CORO1B,EC-PTC
GO_Biological_Process_2023,Endosomal Transport (GO:0016197),9/180,0.1561377442572251,0.5076464830699517,0,0,1.5136715663031453,2.8109133547174983,SNX3;RAB13;ARL1;CHMP2A;RASSF9;SNF8;LAMTOR1;SQSTM1;VPS35L,EC-PTC
GO_Biological_Process_2023,Regulation Of T Cell Activation (GO:0050863),4/62,0.1566843389605453,0.5076464830699517,0,0,1.9802662007297396,3.67046712224491,LGALS3;MYDGF;PRELID1;HLA-DPA1,EC-PTC
GO_Biological_Process_2023,Regulation Of Membrane Protein Ectodomain Proteolysis (GO:0051043),2/21,0.1569833366224806,0.5076464830699517,0,0,3.019629311019004,5.591192785090545,FURIN;TIMP1,EC-PTC
GO_Biological_Process_2023,Anaphase-Promoting Complex-Dependent Catabolic Process (GO:0031145),2/21,0.1569833366224806,0.5076464830699517,0,0,3.019629311019004,5.591192785090545,ANAPC16;ANAPC11,EC-PTC
GO_Biological_Process_2023,Response To Cadmium Ion (GO:0046686),2/21,0.1569833366224806,0.5076464830699517,0,0,3.019629311019004,5.591192785090545,JUN;SUMO1,EC-PTC
GO_Biological_Process_2023,Mitochondrial Calcium Ion Homeostasis (GO:0051560),2/21,0.1569833366224806,0.5076464830699517,0,0,3.019629311019004,5.591192785090545,FIS1;SMDT1,EC-PTC
GO_Biological_Process_2023,Negative Regulation Of Reactive Oxygen Species Metabolic Process (GO:2000378),2/21,0.1569833366224806,0.5076464830699517,0,0,3.019629311019004,5.591192785090545,PINK1;PARK7,EC-PTC
GO_Biological_Process_2023,Porphyrin-Containing Compound Biosynthetic Process (GO:0006779),2/21,0.1569833366224806,0.5076464830699517,0,0,3.019629311019004,5.591192785090545,ATP5IF1;TSPO,EC-PTC
GO_Biological_Process_2023,Positive Regulation Of T Cell Cytokine Production (GO:0002726),2/21,0.1569833366224806,0.5076464830699517,0,0,3.019629311019004,5.591192785090545,CD81;CD55,EC-PTC
GO_Biological_Process_2023,COPI Coating Of Golgi Vesicle (GO:0048205),1/5,0.1577517053427979,0.5076464830699517,0,0,7.166543026706232,13.234691268313748,TMED10,EC-PTC
GO_Biological_Process_2023,COPI-coated Vesicle Budding (GO:0035964),1/5,0.1577517053427979,0.5076464830699517,0,0,7.166543026706232,13.234691268313748,TMED10,EC-PTC
GO_Biological_Process_2023,Regulation Of Establishment Of T Cell Polarity (GO:1903903),1/5,0.1577517053427979,0.5076464830699517,0,0,7.166543026706232,13.234691268313748,GSN,EC-PTC
GO_Biological_Process_2023,Golgi Transport Vesicle Coating (GO:0048200),1/5,0.1577517053427979,0.5076464830699517,0,0,7.166543026706232,13.234691268313748,TMED10,EC-PTC
GO_Biological_Process_2023,His-Purkinje System Development (GO:0003164),1/5,0.1577517053427979,0.5076464830699517,0,0,7.166543026706232,13.234691268313748,IRX3,EC-PTC
GO_Biological_Process_2023,ISG15-protein Conjugation (GO:0032020),1/5,0.1577517053427979,0.5076464830699517,0,0,7.166543026706232,13.234691268313748,ISG15,EC-PTC
GO_Biological_Process_2023,Regulation Of Extracellular Exosome Assembly (GO:1903551),1/5,0.1577517053427979,0.5076464830699517,0,0,7.166543026706232,13.234691268313748,SDCBP,EC-PTC
GO_Biological_Process_2023,Regulation Of Glutamate Receptor Signaling Pathway (GO:1900449),1/5,0.1577517053427979,0.5076464830699517,0,0,7.166543026706232,13.234691268313748,PRNP,EC-PTC
GO_Biological_Process_2023,Regulation Of Hematopoietic Stem Cell Proliferation (GO:1902033),1/5,0.1577517053427979,0.5076464830699517,0,0,7.166543026706232,13.234691268313748,EIF2AK2,EC-PTC
GO_Biological_Process_2023,Regulation Of Hepatocyte Proliferation (GO:2000345),1/5,0.1577517053427979,0.5076464830699517,0,0,7.166543026706232,13.234691268313748,MDK,EC-PTC
GO_Biological_Process_2023,Regulation Of Hormone Biosynthetic Process (GO:0046885),1/5,0.1577517053427979,0.5076464830699517,0,0,7.166543026706232,13.234691268313748,HIF1A,EC-PTC
GO_Biological_Process_2023,TORC2 Signaling (GO:0038203),1/5,0.1577517053427979,0.5076464830699517,0,0,7.166543026706232,13.234691268313748,PINK1,EC-PTC
GO_Biological_Process_2023,Activation Of Cysteine-Type Endopeptidase Activity Involved In Apoptotic Process By Cytochrome C (GO:0008635),1/5,0.1577517053427979,0.5076464830699517,0,0,7.166543026706232,13.234691268313748,CYCS,EC-PTC
GO_Biological_Process_2023,Adenylate Cyclase-Activating Dopamine Receptor Signaling Pathway (GO:0007191),1/5,0.1577517053427979,0.5076464830699517,0,0,7.166543026706232,13.234691268313748,GNAS,EC-PTC
GO_Biological_Process_2023,Adiponectin-Activated Signaling Pathway (GO:0033211),1/5,0.1577517053427979,0.5076464830699517,0,0,7.166543026706232,13.234691268313748,CSNK2B,EC-PTC
GO_Biological_Process_2023,Amylin Receptor Signaling Pathway (GO:0097647),1/5,0.1577517053427979,0.5076464830699517,0,0,7.166543026706232,13.234691268313748,RAMP2,EC-PTC
GO_Biological_Process_2023,Regulation Of Mitotic Spindle Checkpoint (GO:1903504),1/5,0.1577517053427979,0.5076464830699517,0,0,7.166543026706232,13.234691268313748,DUSP1,EC-PTC
GO_Biological_Process_2023,Regulation Of Morphogenesis Of A Branching Structure (GO:0060688),1/5,0.1577517053427979,0.5076464830699517,0,0,7.166543026706232,13.234691268313748,RTN4,EC-PTC
GO_Biological_Process_2023,Regulation Of Neutrophil Activation (GO:1902563),1/5,0.1577517053427979,0.5076464830699517,0,0,7.166543026706232,13.234691268313748,GRN,EC-PTC
GO_Biological_Process_2023,Regulation Of Pentose-Phosphate Shunt (GO:0043456),1/5,0.1577517053427979,0.5076464830699517,0,0,7.166543026706232,13.234691268313748,PGAM1,EC-PTC
GO_Biological_Process_2023,Blood Vessel Endothelial Cell Proliferation Involved In Sprouting Angiogenesis (GO:0002043),1/5,0.1577517053427979,0.5076464830699517,0,0,7.166543026706232,13.234691268313748,ITGB1BP1,EC-PTC
GO_Biological_Process_2023,Regulation Of pro-B Cell Differentiation (GO:2000973),1/5,0.1577517053427979,0.5076464830699517,0,0,7.166543026706232,13.234691268313748,HES1,EC-PTC
GO_Biological_Process_2023,Regulation Of Protein Autoubiquitination (GO:1902498),1/5,0.1577517053427979,0.5076464830699517,0,0,7.166543026706232,13.234691268313748,RBX1,EC-PTC
GO_Biological_Process_2023,Regulation Of Protein Targeting (GO:1903533),1/5,0.1577517053427979,0.5076464830699517,0,0,7.166543026706232,13.234691268313748,PINK1,EC-PTC
GO_Biological_Process_2023,Cellular Heat Acclimation (GO:0070370),1/5,0.1577517053427979,0.5076464830699517,0,0,7.166543026706232,13.234691268313748,HSPA1A,EC-PTC
GO_Biological_Process_2023,Regulation Of Tetrapyrrole Biosynthetic Process (GO:1901463),1/5,0.1577517053427979,0.5076464830699517,0,0,7.166543026706232,13.234691268313748,TMEM14C,EC-PTC
GO_Biological_Process_2023,Cerebral Cortex Cell Migration (GO:0021795),1/5,0.1577517053427979,0.5076464830699517,0,0,7.166543026706232,13.234691268313748,RELN,EC-PTC
GO_Biological_Process_2023,Renal Filtration Cell Differentiation (GO:0061318),1/5,0.1577517053427979,0.5076464830699517,0,0,7.166543026706232,13.234691268313748,CD24,EC-PTC
GO_Biological_Process_2023,Response To Heparin (GO:0071503),1/5,0.1577517053427979,0.5076464830699517,0,0,7.166543026706232,13.234691268313748,SFRP1,EC-PTC
GO_Biological_Process_2023,Embryonic Brain Development (GO:1990403),1/5,0.1577517053427979,0.5076464830699517,0,0,7.166543026706232,13.234691268313748,RPL10,EC-PTC
GO_Biological_Process_2023,snRNA Modification (GO:0040031),1/5,0.1577517053427979,0.5076464830699517,0,0,7.166543026706232,13.234691268313748,NOP10,EC-PTC
GO_Biological_Process_2023,"Establishment Of Mitochondrion Localization, Microtubule-Mediated (GO:0034643)",1/5,0.1577517053427979,0.5076464830699517,0,0,7.166543026706232,13.234691268313748,UBB,EC-PTC
GO_Biological_Process_2023,Glomerular Epithelial Cell Differentiation (GO:0072311),1/5,0.1577517053427979,0.5076464830699517,0,0,7.166543026706232,13.234691268313748,CD24,EC-PTC
GO_Biological_Process_2023,Vascular Endothelial Growth Factor Receptor-2 Signaling Pathway (GO:0036324),1/5,0.1577517053427979,0.5076464830699517,0,0,7.166543026706232,13.234691268313748,PDCD6,EC-PTC
GO_Biological_Process_2023,Heat Acclimation (GO:0010286),1/5,0.1577517053427979,0.5076464830699517,0,0,7.166543026706232,13.234691268313748,HSPA1A,EC-PTC
GO_Biological_Process_2023,Humoral Immune Response Mediated By Circulating Immunoglobulin (GO:0002455),1/5,0.1577517053427979,0.5076464830699517,0,0,7.166543026706232,13.234691268313748,CD81,EC-PTC
GO_Biological_Process_2023,Hydrogen Peroxide Biosynthetic Process (GO:0050665),1/5,0.1577517053427979,0.5076464830699517,0,0,7.166543026706232,13.234691268313748,SOD1,EC-PTC
GO_Biological_Process_2023,Interleukin-27-Mediated Signaling Pathway (GO:0070106),1/5,0.1577517053427979,0.5076464830699517,0,0,7.166543026706232,13.234691268313748,STAT1,EC-PTC
GO_Biological_Process_2023,Intracellular Oxygen Homeostasis (GO:0032364),1/5,0.1577517053427979,0.5076464830699517,0,0,7.166543026706232,13.234691268313748,HIF1A,EC-PTC
GO_Biological_Process_2023,Kidney Morphogenesis (GO:0060993),1/5,0.1577517053427979,0.5076464830699517,0,0,7.166543026706232,13.234691268313748,SOX4,EC-PTC
GO_Biological_Process_2023,Leukocyte Apoptotic Process (GO:0071887),1/5,0.1577517053427979,0.5076464830699517,0,0,7.166543026706232,13.234691268313748,CTSL,EC-PTC
GO_Biological_Process_2023,Leukocyte Chemotaxis Involved In Inflammatory Response (GO:0002232),1/5,0.1577517053427979,0.5076464830699517,0,0,7.166543026706232,13.234691268313748,MDK,EC-PTC
GO_Biological_Process_2023,Lipoprotein Metabolic Process (GO:0042157),1/5,0.1577517053427979,0.5076464830699517,0,0,7.166543026706232,13.234691268313748,CTSD,EC-PTC
GO_Biological_Process_2023,Mesenchymal Cell Differentiation Involved In Kidney Development (GO:0072161),1/5,0.1577517053427979,0.5076464830699517,0,0,7.166543026706232,13.234691268313748,STAT1,EC-PTC
GO_Biological_Process_2023,Mitochondrial Translational Elongation (GO:0070125),1/5,0.1577517053427979,0.5076464830699517,0,0,7.166543026706232,13.234691268313748,TUFM,EC-PTC
GO_Biological_Process_2023,Morphogenesis Of An Endothelium (GO:0003159),1/5,0.1577517053427979,0.5076464830699517,0,0,7.166543026706232,13.234691268313748,CSNK2B,EC-PTC
GO_Biological_Process_2023,Negative Regulation Of Axon Regeneration (GO:0048681),1/5,0.1577517053427979,0.5076464830699517,0,0,7.166543026706232,13.234691268313748,EPHA4,EC-PTC
GO_Biological_Process_2023,Negative Regulation Of Cardiac Muscle Cell Apoptotic Process (GO:0010667),1/5,0.1577517053427979,0.5076464830699517,0,0,7.166543026706232,13.234691268313748,MDK,EC-PTC
GO_Biological_Process_2023,Negative Regulation Of Cell Size (GO:0045792),1/5,0.1577517053427979,0.5076464830699517,0,0,7.166543026706232,13.234691268313748,RDX,EC-PTC
GO_Biological_Process_2023,Negative Regulation Of Endoplasmic Reticulum Calcium Ion Concentration (GO:0032471),1/5,0.1577517053427979,0.5076464830699517,0,0,7.166543026706232,13.234691268313748,FIS1,EC-PTC
GO_Biological_Process_2023,Negative Regulation Of Fibroblast Migration (GO:0010764),1/5,0.1577517053427979,0.5076464830699517,0,0,7.166543026706232,13.234691268313748,ITGB1BP1,EC-PTC
GO_Biological_Process_2023,Negative Regulation Of Glial Cell Proliferation (GO:0060253),1/5,0.1577517053427979,0.5076464830699517,0,0,7.166543026706232,13.234691268313748,HES1,EC-PTC
GO_Biological_Process_2023,Negative Regulation Of Histone Acetylation (GO:0035067),1/5,0.1577517053427979,0.5076464830699517,0,0,7.166543026706232,13.234691268313748,SET,EC-PTC
GO_Biological_Process_2023,Negative Regulation Of Meiotic Cell Cycle (GO:0051447),1/5,0.1577517053427979,0.5076464830699517,0,0,7.166543026706232,13.234691268313748,DUSP1,EC-PTC
GO_Biological_Process_2023,Negative Regulation Of Monocyte Chemotaxis (GO:0090027),1/5,0.1577517053427979,0.5076464830699517,0,0,7.166543026706232,13.234691268313748,DUSP1,EC-PTC
GO_Biological_Process_2023,Negative Regulation Of Nervous System Process (GO:0031645),1/5,0.1577517053427979,0.5076464830699517,0,0,7.166543026706232,13.234691268313748,JAM2,EC-PTC
GO_Biological_Process_2023,Negative Regulation Of Neuron Migration (GO:2001223),1/5,0.1577517053427979,0.5076464830699517,0,0,7.166543026706232,13.234691268313748,COL3A1,EC-PTC
GO_Biological_Process_2023,"Negative Regulation Of Nuclear-Transcribed mRNA Catabolic Process, Nonsense-Mediated Decay (GO:2000623)",1/5,0.1577517053427979,0.5076464830699517,0,0,7.166543026706232,13.234691268313748,HNRNPAB,EC-PTC
GO_Biological_Process_2023,Negative Regulation Of Protein Kinase Activity By Regulation Of Protein Phosphorylation (GO:0044387),1/5,0.1577517053427979,0.5076464830699517,0,0,7.166543026706232,13.234691268313748,NPM1,EC-PTC
GO_Biological_Process_2023,Negative Regulation Of Protein Localization To Chromatin (GO:0120186),1/5,0.1577517053427979,0.5076464830699517,0,0,7.166543026706232,13.234691268313748,VCP,EC-PTC
GO_Biological_Process_2023,Negative Regulation Of Protein Polyubiquitination (GO:1902915),1/5,0.1577517053427979,0.5076464830699517,0,0,7.166543026706232,13.234691268313748,PPIA,EC-PTC
GO_Biological_Process_2023,Negative Regulation Of Protein Targeting To Membrane (GO:0090315),1/5,0.1577517053427979,0.5076464830699517,0,0,7.166543026706232,13.234691268313748,ITGB1BP1,EC-PTC
GO_Biological_Process_2023,Negative Regulation Of Transcription From RNA Polymerase II Promoter In Response To Stress (GO:0097201),1/5,0.1577517053427979,0.5076464830699517,0,0,7.166543026706232,13.234691268313748,JUN,EC-PTC
GO_Biological_Process_2023,Negative Regulation Of Trophoblast Cell Migration (GO:1901164),1/5,0.1577517053427979,0.5076464830699517,0,0,7.166543026706232,13.234691268313748,TIMP1,EC-PTC
GO_Biological_Process_2023,Neutrophil Degranulation (GO:0043312),1/5,0.1577517053427979,0.5076464830699517,0,0,7.166543026706232,13.234691268313748,VAMP8,EC-PTC
GO_Biological_Process_2023,Nucleoside Triphosphate Biosynthetic Process (GO:0009142),1/5,0.1577517053427979,0.5076464830699517,0,0,7.166543026706232,13.234691268313748,NME2,EC-PTC
GO_Biological_Process_2023,Pexophagy (GO:0000425),1/5,0.1577517053427979,0.5076464830699517,0,0,7.166543026706232,13.234691268313748,SQSTM1,EC-PTC
GO_Biological_Process_2023,Positive Regulation Of Activin Receptor Signaling Pathway (GO:0032927),1/5,0.1577517053427979,0.5076464830699517,0,0,7.166543026706232,13.234691268313748,CSNK2B,EC-PTC
GO_Biological_Process_2023,Positive Regulation Of Animal Organ Morphogenesis (GO:0110110),1/5,0.1577517053427979,0.5076464830699517,0,0,7.166543026706232,13.234691268313748,CD34,EC-PTC
GO_Biological_Process_2023,Positive Regulation Of Autophagy Of Mitochondrion In Response To Mitochondrial Depolarization (GO:1904925),1/5,0.1577517053427979,0.5076464830699517,0,0,7.166543026706232,13.234691268313748,PINK1,EC-PTC
GO_Biological_Process_2023,Positive Regulation Of Extrinsic Apoptotic Signaling Pathway Via Death Domain Receptors (GO:1902043),1/5,0.1577517053427979,0.5076464830699517,0,0,7.166543026706232,13.234691268313748,SFRP1,EC-PTC
GO_Biological_Process_2023,Positive Regulation Of Gap Junction Assembly (GO:1903598),1/5,0.1577517053427979,0.5076464830699517,0,0,7.166543026706232,13.234691268313748,IRX3,EC-PTC
GO_Biological_Process_2023,Positive Regulation Of Growth Hormone Secretion (GO:0060124),1/5,0.1577517053427979,0.5076464830699517,0,0,7.166543026706232,13.234691268313748,SELENOT,EC-PTC
GO_Biological_Process_2023,Pronephros Development (GO:0048793),1/5,0.1577517053427979,0.5076464830699517,0,0,7.166543026706232,13.234691268313748,SEC61A1,EC-PTC
GO_Biological_Process_2023,Protein Targeting To Vacuole Involved In Autophagy (GO:0071211),1/5,0.1577517053427979,0.5076464830699517,0,0,7.166543026706232,13.234691268313748,SQSTM1,EC-PTC
GO_Biological_Process_2023,Protein Ufmylation (GO:0071569),1/5,0.1577517053427979,0.5076464830699517,0,0,7.166543026706232,13.234691268313748,UFC1,EC-PTC
GO_Biological_Process_2023,Radial Glial Cell Differentiation (GO:0060019),1/5,0.1577517053427979,0.5076464830699517,0,0,7.166543026706232,13.234691268313748,HES1,EC-PTC
GO_Biological_Process_2023,"Regulation Of DNA Damage Response, Signal Transduction By P53 Class Mediator Resulting In Transcription Of P21 Class Mediator (GO:1902162)",1/5,0.1577517053427979,0.5076464830699517,0,0,7.166543026706232,13.234691268313748,RPL26,EC-PTC
GO_Biological_Process_2023,Regulation Of T Cell Activation Via T Cell Receptor Contact With Antigen Bound To MHC Molecule On Antigen Presenting Cell (GO:2001188),1/5,0.1577517053427979,0.5076464830699517,0,0,7.166543026706232,13.234691268313748,LGALS3,EC-PTC
GO_Biological_Process_2023,Regulation Of Blood Vessel Remodeling (GO:0060312),1/5,0.1577517053427979,0.5076464830699517,0,0,7.166543026706232,13.234691268313748,CST3,EC-PTC
GO_Biological_Process_2023,Negative Regulation Of Multicellular Organismal Process (GO:0051241),11/231,0.1596073662005352,0.5119268175611916,0,0,1.4386295180722892,2.639940467865743,SRGN;EPHA4;SFRP1;GRN;RGCC;RPS19;ZNF706;MDK;ID1;TIMP1;ATF4,EC-PTC
GO_Biological_Process_2023,Defense Response To Gram-positive Bacterium (GO:0050830),5/85,0.1596349261219229,0.5119268175611916,0,0,1.7952425373134329,3.29402910310722,DEFB1;ROMO1;FAU;RPL39;RNASE1,EC-PTC
GO_Biological_Process_2023,Response To Amino Acid Starvation (GO:1990928),3/41,0.1598357663077652,0.5119268175611916,0,0,2.265859962406015,4.154699976974561,RRAGA;SESN3;EIF2AK2,EC-PTC
GO_Biological_Process_2023,Regulation Of Amide Metabolic Process (GO:0034248),3/41,0.1598357663077652,0.5119268175611916,0,0,2.265859962406015,4.154699976974561,TMED10;RPL10;PGAM1,EC-PTC
GO_Biological_Process_2023,Regulation Of Canonical Wnt Signaling Pathway (GO:0060828),10/207,0.16351165400036,0.5230832182155217,0,0,1.460096942864776,2.6440472298509285,SFRP1;GPRC5B;VCP;TMEM88;MDK;PFDN5;SOX4;DKK3;RBX1;TLE5,EC-PTC
GO_Biological_Process_2023,Ceramide Biosynthetic Process (GO:0046513),3/42,0.1681006767816708,0.5234756937015635,0,0,2.20764652014652,3.936658082699663,ST8SIA6;DEGS1;SPTSSA,EC-PTC
GO_Biological_Process_2023,Regulation Of Mononuclear Cell Migration (GO:0071675),2/22,0.1690242377855068,0.5234756937015635,0,0,2.868499257057949,5.099368865794991,LGALS3;MDK,EC-PTC
GO_Biological_Process_2023,Blood Vessel Endothelial Cell Migration (GO:0043534),2/22,0.1690242377855068,0.5234756937015635,0,0,2.868499257057949,5.099368865794991,SOX18;ID1,EC-PTC
GO_Biological_Process_2023,Regulation Of Protein Export From Nucleus (GO:0046825),2/22,0.1690242377855068,0.5234756937015635,0,0,2.868499257057949,5.099368865794991,IFI27;PARK7,EC-PTC
GO_Biological_Process_2023,Regulation Of Release Of Sequestered Calcium Ion Into Cytosol By Sarcoplasmic Reticulum (GO:0010880),2/22,0.1690242377855068,0.5234756937015635,0,0,2.868499257057949,5.099368865794991,SRI;CALM2,EC-PTC
GO_Biological_Process_2023,Cellular Response To Cadmium Ion (GO:0071276),2/22,0.1690242377855068,0.5234756937015635,0,0,2.868499257057949,5.099368865794991,JUN;SUMO1,EC-PTC
GO_Biological_Process_2023,Cellular Response To Interferon-Beta (GO:0035458),2/22,0.1690242377855068,0.5234756937015635,0,0,2.868499257057949,5.099368865794991,NDUFA13;STAT1,EC-PTC
GO_Biological_Process_2023,Cellular Response To Low-Density Lipoprotein Particle Stimulus (GO:0071404),2/22,0.1690242377855068,0.5234756937015635,0,0,2.868499257057949,5.099368865794991,CD81;CD9,EC-PTC
GO_Biological_Process_2023,Cellular Response To Topologically Incorrect Protein (GO:0035967),2/22,0.1690242377855068,0.5234756937015635,0,0,2.868499257057949,5.099368865794991,OPTN;HSPA1A,EC-PTC
GO_Biological_Process_2023,Negative Regulation Of Cell Development (GO:0010721),2/22,0.1690242377855068,0.5234756937015635,0,0,2.868499257057949,5.099368865794991,DYNLT1;RFLNB,EC-PTC
GO_Biological_Process_2023,Negative Regulation Of Macroautophagy (GO:0016242),2/22,0.1690242377855068,0.5234756937015635,0,0,2.868499257057949,5.099368865794991,PINK1;FEZ2,EC-PTC
GO_Biological_Process_2023,Protein Peptidyl-Prolyl Isomerization (GO:0000413),2/22,0.1690242377855068,0.5234756937015635,0,0,2.868499257057949,5.099368865794991,PPIB;PPIA,EC-PTC
GO_Biological_Process_2023,Endocytic Recycling (GO:0032456),4/64,0.1697278385637011,0.5234756937015635,0,0,1.914058618976652,3.394696032708432,SNX3;RAB13;SNF8;VPS35L,EC-PTC
GO_Biological_Process_2023,Positive Regulation Of Interleukin-1 Production (GO:0032732),4/64,0.1697278385637011,0.5234756937015635,0,0,1.914058618976652,3.394696032708432,TMED10;STMP1;S100A13;HSPB1,EC-PTC
GO_Biological_Process_2023,Glucose Homeostasis (GO:0042593),5/87,0.1707028240421424,0.5234756937015635,0,0,1.7512741172187842,3.0959568585501374,RPS6;PARK7;SELENOT;HIF1A;SOX4,EC-PTC
GO_Biological_Process_2023,Non-Membrane-Bounded Organelle Assembly (GO:0140694),7/135,0.1722970233209444,0.5234756937015635,0,0,1.5716106848802396,2.7637330428281253,NPM1;CSDE1;RPS3;LSM4;LSM3;MRPL22;RPS23,EC-PTC
GO_Biological_Process_2023,Negative Regulation Of Inflammatory Response (GO:0050728),6/111,0.1728871228078393,0.5234756937015635,0,0,1.6416826820414263,2.881344144267422,GRN;RPS19;MDK;GSTP1;FURIN;AHR,EC-PTC
GO_Biological_Process_2023,Protein Transport (GO:0015031),14/313,0.1747810511783364,0.5234756937015635,0,0,1.3477299520843558,2.350739187328859,ARF4;RAMP2;NPM1;CALCRL;RAB5C;TMED10;PDCD6;SURF4;ARL1;RAB13;CHMP2A;ROMO1;VAMP5;OPTN,EC-PTC
GO_Biological_Process_2023,Regulation Of Endothelial Cell Migration (GO:0010594),5/88,0.1763458674141083,0.5234756937015635,0,0,1.7300845171731702,3.002229601205596,GRN;ANXA3;PDCD6;RHOJ;ITGB1BP1,EC-PTC
GO_Biological_Process_2023,Fatty Acid Biosynthetic Process (GO:0006633),4/65,0.176388146553645,0.5234756937015635,0,0,1.8825828833891185,3.266409947240319,GPX4;TECR;NDUFAB1;DEGS1,EC-PTC
GO_Biological_Process_2023,Regulation Of Endothelial Cell Apoptotic Process (GO:2000351),3/43,0.1764866334894725,0.5234756937015635,0,0,2.15234375,3.7332620514230745,RAMP2;RGCC;ECSCR,EC-PTC
GO_Biological_Process_2023,Intracellular Glucose Homeostasis (GO:0001678),3/43,0.1764866334894725,0.5234756937015635,0,0,2.15234375,3.7332620514230745,RACK1;HIF1A;SOX4,EC-PTC
GO_Biological_Process_2023,mRNA Catabolic Process (GO:0006402),3/43,0.1764866334894725,0.5234756937015635,0,0,2.15234375,3.7332620514230745,RNH1;NBDY;HSPA1A,EC-PTC
GO_Biological_Process_2023,Regulation Of Protein Kinase B Signaling (GO:0051896),7/136,0.1767689488478638,0.5234756937015635,0,0,1.5593464234322054,2.70220977518219,MYDGF;PINK1;PDCD6;RACK1;ITGB1BP1;PARK7;RTN4,EC-PTC
GO_Biological_Process_2023,Regulation Of Centrosome Cycle (GO:0046605),2/23,0.1812135779796473,0.5234756937015635,0,0,2.7317625415693767,4.666066105995615,NPM1;CHMP2A,EC-PTC
GO_Biological_Process_2023,Regulation Of Cholesterol Transport (GO:0032374),2/23,0.1812135779796473,0.5234756937015635,0,0,2.7317625415693767,4.666066105995615,TSPO;LAMTOR1,EC-PTC
GO_Biological_Process_2023,Actin Nucleation (GO:0045010),2/23,0.1812135779796473,0.5234756937015635,0,0,2.7317625415693767,4.666066105995615,ARPC2;ARPC3,EC-PTC
GO_Biological_Process_2023,Cellular Lipid Catabolic Process (GO:0044242),2/23,0.1812135779796473,0.5234756937015635,0,0,2.7317625415693767,4.666066105995615,MGST2;LPIN2,EC-PTC
GO_Biological_Process_2023,Nuclear Membrane Reassembly (GO:0031468),2/23,0.1812135779796473,0.5234756937015635,0,0,2.7317625415693767,4.666066105995615,REEP3;CHMP2A,EC-PTC
GO_Biological_Process_2023,Positive Regulation Of Cell-Substrate Junction Organization (GO:0150117),2/23,0.1812135779796473,0.5234756937015635,0,0,2.7317625415693767,4.666066105995615,SFRP1;S100A10,EC-PTC
GO_Biological_Process_2023,Positive Regulation Of Lamellipodium Assembly (GO:0010592),2/23,0.1812135779796473,0.5234756937015635,0,0,2.7317625415693767,4.666066105995615,ARPC2;BRK1,EC-PTC
GO_Biological_Process_2023,Positive Regulation Of Neuron Apoptotic Process (GO:0043525),2/23,0.1812135779796473,0.5234756937015635,0,0,2.7317625415693767,4.666066105995615,PRNP;GRN,EC-PTC
GO_Biological_Process_2023,Positive Regulation Of Neutrophil Migration (GO:1902624),2/23,0.1812135779796473,0.5234756937015635,0,0,2.7317625415693767,4.666066105995615,MDK;CD99,EC-PTC
GO_Biological_Process_2023,Positive Regulation Of Oxidoreductase Activity (GO:0051353),2/23,0.1812135779796473,0.5234756937015635,0,0,2.7317625415693767,4.666066105995615,FDX1;PARK7,EC-PTC
GO_Biological_Process_2023,Protein Localization To Cell Junction (GO:1902414),2/23,0.1812135779796473,0.5234756937015635,0,0,2.7317625415693767,4.666066105995615,PAK2;CGNL1,EC-PTC
GO_Biological_Process_2023,Protein Targeting To ER (GO:0045047),2/23,0.1812135779796473,0.5234756937015635,0,0,2.7317625415693767,4.666066105995615,SEC61A1;SRP14,EC-PTC
GO_Biological_Process_2023,Regulation Of Endocytosis (GO:0030100),4/66,0.18313569828243,0.5234756937015635,0,0,1.85212249411086,3.144029571414164,LGALS3;AP2S1;ITGAV;SNCA,EC-PTC
GO_Biological_Process_2023,Cellular Response To Type II Interferon (GO:0071346),4/66,0.18313569828243,0.5234756937015635,0,0,1.85212249411086,3.144029571414164,STAT1;RPL13A;GAPDH;HLA-DPA1,EC-PTC
GO_Biological_Process_2023,Negative Regulation Of Endopeptidase Activity (GO:0010951),4/66,0.18313569828243,0.5234756937015635,0,0,1.85212249411086,3.144029571414164,CST3;SERPINH1;TIMP1;GAPDH,EC-PTC
GO_Biological_Process_2023,Supramolecular Fiber Organization (GO:0097435),14/316,0.1835311382183549,0.5234756937015635,0,0,1.3341315085511618,2.26184778349238,GSN;ACTN1;FURIN;KRT10;CORO1B;CST3;FKBP1A;CLIP2;COL3A1;MARCKS;SERPINH1;VIM;CGNL1;SNCA,EC-PTC
GO_Biological_Process_2023,Cellular Response To Ketone (GO:1901655),3/44,0.1849855119794211,0.5234756937015635,0,0,2.099738675958188,3.543262339738513,SFRP1;AKR1B1;AHR,EC-PTC
GO_Biological_Process_2023,Synaptic Vesicle Recycling (GO:0036465),3/44,0.1849855119794211,0.5234756937015635,0,0,2.099738675958188,3.543262339738513,AP2S1;AP2M1;SNCA,EC-PTC
GO_Biological_Process_2023,Nucleus Organization (GO:0006997),3/44,0.1849855119794211,0.5234756937015635,0,0,2.099738675958188,3.543262339738513,RPS19;REEP3;CHMP2A,EC-PTC
GO_Biological_Process_2023,Positive Regulation Of Biosynthetic Process (GO:0009891),3/44,0.1849855119794211,0.5234756937015635,0,0,2.099738675958188,3.543262339738513,RGCC;VIM;SLC5A3,EC-PTC
GO_Biological_Process_2023,Positive Regulation Of Chemotaxis (GO:0050921),3/44,0.1849855119794211,0.5234756937015635,0,0,2.099738675958188,3.543262339738513,MDK;TMSB4X;HSPB1,EC-PTC
GO_Biological_Process_2023,Regulation Of Centriole Elongation (GO:1903722),1/6,0.1861846539454014,0.5234756937015635,0,0,5.732937685459941,9.637161894416334,CHMP2A,EC-PTC
GO_Biological_Process_2023,Regulation Of Cortisol Biosynthetic Process (GO:2000064),1/6,0.1861846539454014,0.5234756937015635,0,0,5.732937685459941,9.637161894416334,DKK3,EC-PTC
GO_Biological_Process_2023,Regulation Of Entry Of Bacterium Into Host Cell (GO:2000535),1/6,0.1861846539454014,0.5234756937015635,0,0,5.732937685459941,9.637161894416334,ITGAV,EC-PTC
GO_Biological_Process_2023,Regulation Of Extracellular Matrix Assembly (GO:1901201),1/6,0.1861846539454014,0.5234756937015635,0,0,5.732937685459941,9.637161894416334,RGCC,EC-PTC
GO_Biological_Process_2023,Regulation Of Glial Cell Differentiation (GO:0045685),1/6,0.1861846539454014,0.5234756937015635,0,0,5.732937685459941,9.637161894416334,EPHA4,EC-PTC
GO_Biological_Process_2023,Regulation Of Growth Hormone Secretion (GO:0060123),1/6,0.1861846539454014,0.5234756937015635,0,0,5.732937685459941,9.637161894416334,SELENOT,EC-PTC
GO_Biological_Process_2023,Regulation Of Hemoglobin Biosynthetic Process (GO:0046984),1/6,0.1861846539454014,0.5234756937015635,0,0,5.732937685459941,9.637161894416334,EIF2AK2,EC-PTC
GO_Biological_Process_2023,Regulation Of Histamine Secretion By Mast Cell (GO:1903593),1/6,0.1861846539454014,0.5234756937015635,0,0,5.732937685459941,9.637161894416334,VAMP8,EC-PTC
GO_Biological_Process_2023,SMAD Protein Complex Assembly (GO:0007183),1/6,0.1861846539454014,0.5234756937015635,0,0,5.732937685459941,9.637161894416334,FKBP1A,EC-PTC
GO_Biological_Process_2023,Regulation Of Inositol Phosphate Biosynthetic Process (GO:0010919),1/6,0.1861846539454014,0.5234756937015635,0,0,5.732937685459941,9.637161894416334,SNCA,EC-PTC
GO_Biological_Process_2023,Adherens Junction Maintenance (GO:0034334),1/6,0.1861846539454014,0.5234756937015635,0,0,5.732937685459941,9.637161894416334,KIFC3,EC-PTC
GO_Biological_Process_2023,Aggrephagy (GO:0035973),1/6,0.1861846539454014,0.5234756937015635,0,0,5.732937685459941,9.637161894416334,SQSTM1,EC-PTC
GO_Biological_Process_2023,Aldehyde Biosynthetic Process (GO:0046184),1/6,0.1861846539454014,0.5234756937015635,0,0,5.732937685459941,9.637161894416334,TPI1,EC-PTC
GO_Biological_Process_2023,Regulation Of Metallopeptidase Activity (GO:1905048),1/6,0.1861846539454014,0.5234756937015635,0,0,5.732937685459941,9.637161894416334,TIMP1,EC-PTC
GO_Biological_Process_2023,Auditory Receptor Cell Morphogenesis (GO:0002093),1/6,0.1861846539454014,0.5234756937015635,0,0,5.732937685459941,9.637161894416334,SOD1,EC-PTC
GO_Biological_Process_2023,Auditory Receptor Cell Stereocilium Organization (GO:0060088),1/6,0.1861846539454014,0.5234756937015635,0,0,5.732937685459941,9.637161894416334,SOD1,EC-PTC
GO_Biological_Process_2023,Autophagosome Membrane Docking (GO:0016240),1/6,0.1861846539454014,0.5234756937015635,0,0,5.732937685459941,9.637161894416334,VAMP8,EC-PTC
GO_Biological_Process_2023,Regulation Of Nucleotide-Binding Oligomerization Domain Containing 2 Signaling Pathway (GO:0070432),1/6,0.1861846539454014,0.5234756937015635,0,0,5.732937685459941,9.637161894416334,HSPA1A,EC-PTC
GO_Biological_Process_2023,Regulation Of Relaxation Of Muscle (GO:1901077),1/6,0.1861846539454014,0.5234756937015635,0,0,5.732937685459941,9.637161894416334,SRI,EC-PTC
GO_Biological_Process_2023,Cellular Response To Interleukin-9 (GO:0071355),1/6,0.1861846539454014,0.5234756937015635,0,0,5.732937685459941,9.637161894416334,STAT1,EC-PTC
GO_Biological_Process_2023,Regulation Of Transforming Growth Factor Beta1 Production (GO:0032908),1/6,0.1861846539454014,0.5234756937015635,0,0,5.732937685459941,9.637161894416334,FURIN,EC-PTC
GO_Biological_Process_2023,Regulation Of Transforming Growth Factor Beta2 Production (GO:0032909),1/6,0.1861846539454014,0.5234756937015635,0,0,5.732937685459941,9.637161894416334,HIF1A,EC-PTC
GO_Biological_Process_2023,Cellular Response To Prostaglandin E Stimulus (GO:0071380),1/6,0.1861846539454014,0.5234756937015635,0,0,5.732937685459941,9.637161894416334,SFRP1,EC-PTC
GO_Biological_Process_2023,Citrulline Metabolic Process (GO:0000052),1/6,0.1861846539454014,0.5234756937015635,0,0,5.732937685459941,9.637161894416334,DDAH2,EC-PTC
GO_Biological_Process_2023,Cytolysis By Host Of Symbiont Cells (GO:0051838),1/6,0.1861846539454014,0.5234756937015635,0,0,5.732937685459941,9.637161894416334,ROMO1,EC-PTC
GO_Biological_Process_2023,Response To Increased Oxygen Levels (GO:0036296),1/6,0.1861846539454014,0.5234756937015635,0,0,5.732937685459941,9.637161894416334,ATP6V1G1,EC-PTC
GO_Biological_Process_2023,Serine Transport (GO:0032329),1/6,0.1861846539454014,0.5234756937015635,0,0,5.732937685459941,9.637161894416334,SLC38A2,EC-PTC
GO_Biological_Process_2023,"Substrate-Dependent Cell Migration, Cell Extension (GO:0006930)",1/6,0.1861846539454014,0.5234756937015635,0,0,5.732937685459941,9.637161894416334,SDCBP,EC-PTC
GO_Biological_Process_2023,"Synaptic Transmission, Dopaminergic (GO:0001963)",1/6,0.1861846539454014,0.5234756937015635,0,0,5.732937685459941,9.637161894416334,SNCA,EC-PTC
GO_Biological_Process_2023,tRNA 3'-End Processing (GO:0042780),1/6,0.1861846539454014,0.5234756937015635,0,0,5.732937685459941,9.637161894416334,SSB,EC-PTC
GO_Biological_Process_2023,Glutathione Biosynthetic Process (GO:0006750),1/6,0.1861846539454014,0.5234756937015635,0,0,5.732937685459941,9.637161894416334,MGST2,EC-PTC
GO_Biological_Process_2023,Vascular Wound Healing (GO:0061042),1/6,0.1861846539454014,0.5234756937015635,0,0,5.732937685459941,9.637161894416334,CD34,EC-PTC
GO_Biological_Process_2023,Heart Trabecula Formation (GO:0060347),1/6,0.1861846539454014,0.5234756937015635,0,0,5.732937685459941,9.637161894416334,FKBP1A,EC-PTC
GO_Biological_Process_2023,Inositol Metabolic Process (GO:0006020),1/6,0.1861846539454014,0.5234756937015635,0,0,5.732937685459941,9.637161894416334,SLC5A3,EC-PTC
GO_Biological_Process_2023,Insulin Secretion Involved In Cellular Response To Glucose Stimulus (GO:0035773),1/6,0.1861846539454014,0.5234756937015635,0,0,5.732937685459941,9.637161894416334,SELENOT,EC-PTC
GO_Biological_Process_2023,Interleukin-9-Mediated Signaling Pathway (GO:0038113),1/6,0.1861846539454014,0.5234756937015635,0,0,5.732937685459941,9.637161894416334,STAT1,EC-PTC
GO_Biological_Process_2023,Lymphoid Progenitor Cell Differentiation (GO:0002320),1/6,0.1861846539454014,0.5234756937015635,0,0,5.732937685459941,9.637161894416334,SOX4,EC-PTC
GO_Biological_Process_2023,Macrophage Derived Foam Cell Differentiation (GO:0010742),1/6,0.1861846539454014,0.5234756937015635,0,0,5.732937685459941,9.637161894416334,STAT1,EC-PTC
GO_Biological_Process_2023,Membrane Invagination (GO:0010324),1/6,0.1861846539454014,0.5234756937015635,0,0,5.732937685459941,9.637161894416334,SNX3,EC-PTC
GO_Biological_Process_2023,Negative Regulation Of Acute Inflammatory Response (GO:0002674),1/6,0.1861846539454014,0.5234756937015635,0,0,5.732937685459941,9.637161894416334,GSTP1,EC-PTC
GO_Biological_Process_2023,Negative Regulation Of Epidermal Cell Differentiation (GO:0045605),1/6,0.1861846539454014,0.5234756937015635,0,0,5.732937685459941,9.637161894416334,GDF3,EC-PTC
GO_Biological_Process_2023,Negative Regulation Of Heart Rate (GO:0010459),1/6,0.1861846539454014,0.5234756937015635,0,0,5.732937685459941,9.637161894416334,SRI,EC-PTC
GO_Biological_Process_2023,Negative Regulation Of Hematopoietic Progenitor Cell Differentiation (GO:1901533),1/6,0.1861846539454014,0.5234756937015635,0,0,5.732937685459941,9.637161894416334,TCF15,EC-PTC
GO_Biological_Process_2023,Negative Regulation Of Low-Density Lipoprotein Receptor Activity (GO:1905598),1/6,0.1861846539454014,0.5234756937015635,0,0,5.732937685459941,9.637161894416334,ITGAV,EC-PTC
GO_Biological_Process_2023,Negative Regulation Of Lymphocyte Differentiation (GO:0045620),1/6,0.1861846539454014,0.5234756937015635,0,0,5.732937685459941,9.637161894416334,SFRP1,EC-PTC
GO_Biological_Process_2023,Negative Regulation Of Membrane Protein Ectodomain Proteolysis (GO:0051045),1/6,0.1861846539454014,0.5234756937015635,0,0,5.732937685459941,9.637161894416334,TIMP1,EC-PTC
GO_Biological_Process_2023,Negative Regulation Of Neuron Projection Regeneration (GO:0070571),1/6,0.1861846539454014,0.5234756937015635,0,0,5.732937685459941,9.637161894416334,EPHA4,EC-PTC
GO_Biological_Process_2023,Negative Regulation Of Oligodendrocyte Differentiation (GO:0048715),1/6,0.1861846539454014,0.5234756937015635,0,0,5.732937685459941,9.637161894416334,HES1,EC-PTC
GO_Biological_Process_2023,Negative Regulation Of p38MAPK Cascade (GO:1903753),1/6,0.1861846539454014,0.5234756937015635,0,0,5.732937685459941,9.637161894416334,DUSP1,EC-PTC
GO_Biological_Process_2023,Negative Regulation Of Protein Sumoylation (GO:0033234),1/6,0.1861846539454014,0.5234756937015635,0,0,5.732937685459941,9.637161894416334,PARK7,EC-PTC
GO_Biological_Process_2023,Negative Regulation Of Response To Reactive Oxygen Species (GO:1901032),1/6,0.1861846539454014,0.5234756937015635,0,0,5.732937685459941,9.637161894416334,PARK7,EC-PTC
GO_Biological_Process_2023,Noradrenergic Neuron Differentiation (GO:0003357),1/6,0.1861846539454014,0.5234756937015635,0,0,5.732937685459941,9.637161894416334,SOX4,EC-PTC
GO_Biological_Process_2023,Nucleotide Catabolic Process (GO:0009166),1/6,0.1861846539454014,0.5234756937015635,0,0,5.732937685459941,9.637161894416334,VCP,EC-PTC
GO_Biological_Process_2023,Peptidyl-Arginine Modification (GO:0018195),1/6,0.1861846539454014,0.5234756937015635,0,0,5.732937685459941,9.637161894416334,PARK7,EC-PTC
GO_Biological_Process_2023,Pharyngeal Arch Artery Morphogenesis (GO:0061626),1/6,0.1861846539454014,0.5234756937015635,0,0,5.732937685459941,9.637161894416334,HES1,EC-PTC
GO_Biological_Process_2023,Polyamine Biosynthetic Process (GO:0006596),1/6,0.1861846539454014,0.5234756937015635,0,0,5.732937685459941,9.637161894416334,SLC38A2,EC-PTC
GO_Biological_Process_2023,Positive Regulation Of Aspartic-Type Endopeptidase Activity Involved In Amyloid Precursor Protein Catabolic Process (GO:1902961),1/6,0.1861846539454014,0.5234756937015635,0,0,5.732937685459941,9.637161894416334,EPHA4,EC-PTC
GO_Biological_Process_2023,Positive Regulation Of Cysteine-Type Endopeptidase Activity Involved In Apoptotic Signaling Pathway (GO:2001269),1/6,0.1861846539454014,0.5234756937015635,0,0,5.732937685459941,9.637161894416334,GSN,EC-PTC
GO_Biological_Process_2023,Positive Regulation Of Gastrulation (GO:2000543),1/6,0.1861846539454014,0.5234756937015635,0,0,5.732937685459941,9.637161894416334,RACK1,EC-PTC
GO_Biological_Process_2023,Positive Regulation Of Hormone Metabolic Process (GO:0032352),1/6,0.1861846539454014,0.5234756937015635,0,0,5.732937685459941,9.637161894416334,HIF1A,EC-PTC
GO_Biological_Process_2023,Positive Regulation Of Lamellipodium Morphogenesis (GO:2000394),1/6,0.1861846539454014,0.5234756937015635,0,0,5.732937685459941,9.637161894416334,CORO1B,EC-PTC
GO_Biological_Process_2023,Positive Regulation Of Lymphocyte Apoptotic Process (GO:0070230),1/6,0.1861846539454014,0.5234756937015635,0,0,5.732937685459941,9.637161894416334,PRELID1,EC-PTC
GO_Biological_Process_2023,Positive Regulation Of Membrane Depolarization (GO:1904181),1/6,0.1861846539454014,0.5234756937015635,0,0,5.732937685459941,9.637161894416334,RACK1,EC-PTC
GO_Biological_Process_2023,Positive Regulation Of Multicellular Organism Growth (GO:0040018),1/6,0.1861846539454014,0.5234756937015635,0,0,5.732937685459941,9.637161894416334,PPIB,EC-PTC
GO_Biological_Process_2023,protein-DNA Covalent Cross-Linking Repair (GO:0106300),1/6,0.1861846539454014,0.5234756937015635,0,0,5.732937685459941,9.637161894416334,VCP,EC-PTC
GO_Biological_Process_2023,Pyrimidine Ribonucleotide Biosynthetic Process (GO:0009220),1/6,0.1861846539454014,0.5234756937015635,0,0,5.732937685459941,9.637161894416334,CMPK1,EC-PTC
GO_Biological_Process_2023,Receptor-Mediated Virion Attachment To Host Cell (GO:0046813),1/6,0.1861846539454014,0.5234756937015635,0,0,5.732937685459941,9.637161894416334,CD81,EC-PTC
GO_Biological_Process_2023,Regulation Of NAD(P)H Oxidase Activity (GO:0033860),1/6,0.1861846539454014,0.5234756937015635,0,0,5.732937685459941,9.637161894416334,PARK7,EC-PTC
GO_Biological_Process_2023,Regulation Of T-helper 1 Cell Differentiation (GO:0045625),1/6,0.1861846539454014,0.5234756937015635,0,0,5.732937685459941,9.637161894416334,MYDGF,EC-PTC
GO_Biological_Process_2023,Regulation Of T-helper Cell Differentiation (GO:0045622),1/6,0.1861846539454014,0.5234756937015635,0,0,5.732937685459941,9.637161894416334,MYDGF,EC-PTC
GO_Biological_Process_2023,Regulation Of Aldosterone Biosynthetic Process (GO:0032347),1/6,0.1861846539454014,0.5234756937015635,0,0,5.732937685459941,9.637161894416334,DKK3,EC-PTC
GO_Biological_Process_2023,Regulation Of Anion Channel Activity (GO:0010359),1/6,0.1861846539454014,0.5234756937015635,0,0,5.732937685459941,9.637161894416334,PRNP,EC-PTC
GO_Biological_Process_2023,Negative Regulation Of Cell Migration (GO:0030336),8/163,0.1866767294143357,0.5241524629185391,0,0,1.48338733858877,2.48968300990454,BST2;EPHA4;SFRP1;ADGRG1;COL3A1;ITGB1BP1;TIMP1;DYNLL1,EC-PTC
GO_Biological_Process_2023,Regulation Of Protein Phosphorylation (GO:0001932),12/265,0.1868113343538828,0.5241524629185391,0,0,1.3644054155563108,2.289003039103931,MYDGF;PRNP;NPM1;PINK1;RELN;FN1;RACK1;HSPB1;CDK2AP1;PARK7;PPIA;SOD1,EC-PTC
GO_Biological_Process_2023,Regulation Of Peptidyl-Tyrosine Phosphorylation (GO:0050730),5/90,0.1878391066215658,0.5261089634798563,0,0,1.689201053555751,2.8246304784453526,PRNP;SFRP1;RELN;CD81;PAK2,EC-PTC
GO_Biological_Process_2023,Regulation Of Cytoskeleton Organization (GO:0051493),6/114,0.1879953170826918,0.5261089634798563,0,0,1.5958312572662348,2.667173781871648,BST2;CAPN2;ARHGAP18;ESAM;DYNLL1;PAK2,EC-PTC
GO_Biological_Process_2023,Regulation Of Viral Genome Replication (GO:0045069),4/67,0.1899666166822438,0.5261089634798563,0,0,1.822629101317626,3.027217294137309,BST2;EIF2AK2;ISG15;PPIA,EC-PTC
GO_Biological_Process_2023,Regulation Of Autophagy (GO:0010506),11/241,0.1931026960199046,0.5261089634798563,0,0,1.3753601361969618,2.2618253067196754,EEF1A1;ATP6V1G1;RRAGA;ATP6V0B;PINK1;ATP6V0E1;HSPB1;ATP6V0C;SQSTM1;GAPDH;OPTN,EC-PTC
GO_Biological_Process_2023,Regulation Of Cysteine-Type Endopeptidase Activity (GO:2000116),2/24,0.1935276705401878,0.5261089634798563,0,0,2.607456436579765,4.282316384077157,CST3;PSMB9,EC-PTC
GO_Biological_Process_2023,ERK1 And ERK2 Cascade (GO:0070371),2/24,0.1935276705401878,0.5261089634798563,0,0,2.607456436579765,4.282316384077157,ITGAV;DUSP6,EC-PTC
GO_Biological_Process_2023,Regulation Of Endoplasmic Reticulum Stress-Induced Intrinsic Apoptotic Signaling Pathway (GO:1902235),2/24,0.1935276705401878,0.5261089634798563,0,0,2.607456436579765,4.282316384077157,PARK7;HSPA1A,EC-PTC
GO_Biological_Process_2023,Regulation Of Ruffle Assembly (GO:1900027),2/24,0.1935276705401878,0.5261089634798563,0,0,2.607456436579765,4.282316384077157,RDX;PFN1,EC-PTC
GO_Biological_Process_2023,Endosome Transport Via Multivesicular Body Sorting Pathway (GO:0032509),2/24,0.1935276705401878,0.5261089634798563,0,0,2.607456436579765,4.282316384077157,VCP;CHMP2A,EC-PTC
GO_Biological_Process_2023,Stress Granule Assembly (GO:0034063),2/24,0.1935276705401878,0.5261089634798563,0,0,2.607456436579765,4.282316384077157,CSDE1;RPS23,EC-PTC
GO_Biological_Process_2023,Iron Ion Transport (GO:0006826),2/24,0.1935276705401878,0.5261089634798563,0,0,2.607456436579765,4.282316384077157,FTH1;SLC40A1,EC-PTC
GO_Biological_Process_2023,Multivesicular Body Sorting Pathway (GO:0071985),2/24,0.1935276705401878,0.5261089634798563,0,0,2.607456436579765,4.282316384077157,CHMP2A;SNF8,EC-PTC
GO_Biological_Process_2023,Negative Regulation Of Antigen Receptor-Mediated Signaling Pathway (GO:0050858),2/24,0.1935276705401878,0.5261089634798563,0,0,2.607456436579765,4.282316384077157,PRNP;LGALS3,EC-PTC
GO_Biological_Process_2023,Negative Regulation Of Cell Junction Assembly (GO:1901889),2/24,0.1935276705401878,0.5261089634798563,0,0,2.607456436579765,4.282316384077157,ITGB1BP1;DYNLL1,EC-PTC
GO_Biological_Process_2023,Positive Regulation Of Vascular Endothelial Growth Factor Production (GO:0010575),2/24,0.1935276705401878,0.5261089634798563,0,0,2.607456436579765,4.282316384077157,HIF1A;ATF4,EC-PTC
GO_Biological_Process_2023,Regulation Of AMPA Receptor Activity (GO:2000311),2/24,0.1935276705401878,0.5261089634798563,0,0,2.607456436579765,4.282316384077157,RELN;CNIH4,EC-PTC
GO_Biological_Process_2023,Regulation Of Protein Modification Process (GO:0031399),3/45,0.1935892791600951,0.5261089634798563,0,0,2.0496386054421767,3.3655403720995065,FN1;HSPB1;PPIB,EC-PTC
GO_Biological_Process_2023,Regulation Of Stem Cell Differentiation (GO:2000736),3/45,0.1935892791600951,0.5261089634798563,0,0,2.0496386054421767,3.3655403720995065,TCF15;EIF2AK2;HES1,EC-PTC
GO_Biological_Process_2023,Zymogen Activation (GO:0031638),3/45,0.1935892791600951,0.5261089634798563,0,0,2.0496386054421767,3.3655403720995065,CTSL;CYCS;FURIN,EC-PTC
GO_Biological_Process_2023,Regulation Of Apoptotic Signaling Pathway (GO:2001233),3/45,0.1935892791600951,0.5261089634798563,0,0,2.0496386054421767,3.3655403720995065,CTSL;RPS3;PPIA,EC-PTC
GO_Biological_Process_2023,Regulation Of RNA Metabolic Process (GO:0051252),5/91,0.1936847949587282,0.5261089634798563,0,0,1.6694724054147865,2.740477701175274,PTBP1;ENY2;USP22;HNRNPF;PRDX6,EC-PTC
GO_Biological_Process_2023,Response To Glucose (GO:0009749),3/46,0.2022900071816149,0.5261089634798563,0,0,2.00186877076412,3.199092258730872,RACK1;SELENOT;SOX4,EC-PTC
GO_Biological_Process_2023,Vacuolar Transport (GO:0007034),3/46,0.2022900071816149,0.5261089634798563,0,0,2.00186877076412,3.199092258730872,GRN;CHMP2A;HSPA1A,EC-PTC
GO_Biological_Process_2023,Negative Regulation Of Cellular Metabolic Process (GO:0031324),3/46,0.2022900071816149,0.5261089634798563,0,0,2.00186877076412,3.199092258730872,PINK1;ITGAV;YBX1,EC-PTC
GO_Biological_Process_2023,Protein Processing (GO:0016485),6/117,0.2035931643893578,0.5261089634798563,0,0,1.552458287884297,2.4709416199243988,SRGN;CTSL;TMEM208;FURIN;ASRGL1;SEC11C,EC-PTC
GO_Biological_Process_2023,Regulation Of Cytokine Production (GO:0001817),8/167,0.2038534984836852,0.5261089634798563,0,0,1.4457676821966374,2.2992819651053957,SRGN;RGCC;TRIL;S100A13;EIF2AK2;ISG15;GAPDH;SOD1,EC-PTC
GO_Biological_Process_2023,Positive Regulation Of Protein Kinase B Signaling (GO:0051897),5/93,0.2055628477100092,0.5261089634798563,0,0,1.6313602442333786,2.580817556641096,MYDGF;PINK1;ITGB1BP1;PARK7;RTN4,EC-PTC
GO_Biological_Process_2023,Regulation Of Postsynapse Organization (GO:0099175),2/25,0.2059442541605312,0.5261089634798563,0,0,2.493959558110989,3.940829591426498,EPHA4;CFL1,EC-PTC
GO_Biological_Process_2023,Cellular Response To Hexose Stimulus (GO:0071331),2/25,0.2059442541605312,0.5261089634798563,0,0,2.493959558110989,3.940829591426498,RACK1;SOX4,EC-PTC
GO_Biological_Process_2023,Ventricular Cardiac Muscle Tissue Development (GO:0003229),2/25,0.2059442541605312,0.5261089634798563,0,0,2.493959558110989,3.940829591426498,FKBP1A;IRX3,EC-PTC
GO_Biological_Process_2023,Late Endosome To Vacuole Transport Via Multivesicular Body Sorting Pathway (GO:0032511),2/25,0.2059442541605312,0.5261089634798563,0,0,2.493959558110989,3.940829591426498,SNF8;VPS28,EC-PTC
GO_Biological_Process_2023,Long-Chain Fatty Acid Biosynthetic Process (GO:0042759),2/25,0.2059442541605312,0.5261089634798563,0,0,2.493959558110989,3.940829591426498,GPX4;GSTP1,EC-PTC
GO_Biological_Process_2023,Negative Regulation Of Protein Localization To Membrane (GO:1905476),2/25,0.2059442541605312,0.5261089634798563,0,0,2.493959558110989,3.940829591426498,ITGB1BP1;AP2M1,EC-PTC
GO_Biological_Process_2023,Negative Regulation Of Protein Transport (GO:0051224),2/25,0.2059442541605312,0.5261089634798563,0,0,2.493959558110989,3.940829591426498,SNX3;NDFIP1,EC-PTC
GO_Biological_Process_2023,Negative Regulation Of Response To Wounding (GO:1903035),2/25,0.2059442541605312,0.5261089634798563,0,0,2.493959558110989,3.940829591426498,EPHA4;MDK,EC-PTC
GO_Biological_Process_2023,Negative Regulation Of Smoothened Signaling Pathway (GO:0045879),2/25,0.2059442541605312,0.5261089634798563,0,0,2.493959558110989,3.940829591426498,VCP;RACK1,EC-PTC
GO_Biological_Process_2023,Regulation Of Actin Cytoskeleton Reorganization (GO:2000249),2/25,0.2059442541605312,0.5261089634798563,0,0,2.493959558110989,3.940829591426498,RNH1;MDK,EC-PTC
GO_Biological_Process_2023,Regulation Of Cell Size (GO:0008361),2/25,0.2059442541605312,0.5261089634798563,0,0,2.493959558110989,3.940829591426498,RDX;ARHGAP5,EC-PTC
GO_Biological_Process_2023,Negative Regulation Of Epithelial Cell Proliferation (GO:0050680),4/70,0.2109205937423456,0.5261089634798563,0,0,1.739511357991239,2.7071555151691467,ATP5IF1;SFRP1;RGCC;STAT1,EC-PTC
GO_Biological_Process_2023,Positive Regulation Of Protein Polymerization (GO:0032273),4/70,0.2109205937423456,0.5261089634798563,0,0,1.739511357991239,2.7071555151691467,VASP;PINK1;RPS3;PFN1,EC-PTC
GO_Biological_Process_2023,Protein K48-linked Ubiquitination (GO:0070936),4/70,0.2109205937423456,0.5261089634798563,0,0,1.739511357991239,2.7071555151691467,IFI27;UBE2D2;SKP1;RBX1,EC-PTC
GO_Biological_Process_2023,Regulation Of Actin Filament Polymerization (GO:0030833),4/70,0.2109205937423456,0.5261089634798563,0,0,1.739511357991239,2.7071555151691467,VASP;ARHGAP18;ESAM;PFN1,EC-PTC
GO_Biological_Process_2023,Regulation Of Actin Filament-Based Process (GO:0032970),4/70,0.2109205937423456,0.5261089634798563,0,0,1.739511357991239,2.7071555151691467,BST2;ARHGAP18;ESAM;DYNLL1,EC-PTC
GO_Biological_Process_2023,Positive Regulation Of DNA-binding Transcription Factor Activity (GO:0051091),11/246,0.2109488798247279,0.5261089634798563,0,0,1.3457446808510638,2.094166388269446,PSMA6;NPM1;RELN;RGCC;ANXA3;RPS3;EIF2AK2;AKR1B1;PARK7;PPIA;HSPA1A,EC-PTC
GO_Biological_Process_2023,Golgi To Plasma Membrane Transport (GO:0006893),3/47,0.2110798857039527,0.5261089634798563,0,0,1.956270292207792,3.04301484948898,VAMP5;OPTN;VPS35L,EC-PTC
GO_Biological_Process_2023,Regulation Of Interleukin-2 Production (GO:0032663),3/47,0.2110798857039527,0.5261089634798563,0,0,1.956270292207792,3.04301484948898,PRNP;RPS3;CD34,EC-PTC
GO_Biological_Process_2023,Epithelial To Mesenchymal Transition (GO:0001837),3/47,0.2110798857039527,0.5261089634798563,0,0,1.956270292207792,3.04301484948898,S100A4;HIF1A;HNRNPAB,EC-PTC
GO_Biological_Process_2023,Positive Regulation Of Epithelial To Mesenchymal Transition (GO:0010718),3/47,0.2110798857039527,0.5261089634798563,0,0,1.956270292207792,3.04301484948898,SDCBP;RGCC;MDK,EC-PTC
GO_Biological_Process_2023,Regulation Of T Cell Differentiation (GO:0045580),3/47,0.2110798857039527,0.5261089634798563,0,0,1.956270292207792,3.04301484948898,PRELID1;MDK;SOD1,EC-PTC
GO_Biological_Process_2023,"Regulation Of mRNA Splicing, Via Spliceosome (GO:0048024)",5/94,0.2115905639296217,0.5261089634798563,0,0,1.612946503437867,2.5050707208700613,PTBP1;RBM8A;SAP18;PRDX6;SRSF9,EC-PTC
GO_Biological_Process_2023,Peptidyl-Lysine Modification (GO:0018205),5/94,0.2115905639296217,0.5261089634798563,0,0,1.612946503437867,2.5050707208700613,HINT1;SUMO1;SUMO2;NDUFAB1;PARK7,EC-PTC
GO_Biological_Process_2023,ATP Synthesis Coupled Electron Transport (GO:0042773),1/7,0.2136591261849342,0.5261089634798563,0,0,4.777200791295747,7.373004638342818,NDUFA12,EC-PTC
GO_Biological_Process_2023,Regulation Of Chemokine-Mediated Signaling Pathway (GO:0070099),1/7,0.2136591261849342,0.5261089634798563,0,0,4.777200791295747,7.373004638342818,HIF1A,EC-PTC
GO_Biological_Process_2023,Regulation Of Dopamine Uptake Involved In Synaptic Transmission (GO:0051584),1/7,0.2136591261849342,0.5261089634798563,0,0,4.777200791295747,7.373004638342818,SNCA,EC-PTC
GO_Biological_Process_2023,Regulation Of Establishment Of Protein Localization To Mitochondrion (GO:1903747),1/7,0.2136591261849342,0.5261089634798563,0,0,4.777200791295747,7.373004638342818,PINK1,EC-PTC
GO_Biological_Process_2023,NADH Metabolic Process (GO:0006734),1/7,0.2136591261849342,0.5261089634798563,0,0,4.777200791295747,7.373004638342818,VCP,EC-PTC
GO_Biological_Process_2023,Regulation Of Hydrogen Peroxide-Induced Cell Death (GO:1903205),1/7,0.2136591261849342,0.5261089634798563,0,0,4.777200791295747,7.373004638342818,PARK7,EC-PTC
GO_Biological_Process_2023,Regulation Of Leukocyte Proliferation (GO:0070663),1/7,0.2136591261849342,0.5261089634798563,0,0,4.777200791295747,7.373004638342818,GSTP1,EC-PTC
GO_Biological_Process_2023,Regulation Of Lipoprotein Metabolic Process (GO:0050746),1/7,0.2136591261849342,0.5261089634798563,0,0,4.777200791295747,7.373004638342818,ITGAV,EC-PTC
GO_Biological_Process_2023,Regulation Of Lymphocyte Apoptotic Process (GO:0070228),1/7,0.2136591261849342,0.5261089634798563,0,0,4.777200791295747,7.373004638342818,LGALS3,EC-PTC
GO_Biological_Process_2023,Regulation Of Mammary Gland Epithelial Cell Proliferation (GO:0033599),1/7,0.2136591261849342,0.5261089634798563,0,0,4.777200791295747,7.373004638342818,RTN4,EC-PTC
GO_Biological_Process_2023,Anterograde Axonal Protein Transport (GO:0099641),1/7,0.2136591261849342,0.5261089634798563,0,0,4.777200791295747,7.373004638342818,HSPB1,EC-PTC
GO_Biological_Process_2023,Regulation Of Myeloid Leukocyte Differentiation (GO:0002761),1/7,0.2136591261849342,0.5261089634798563,0,0,4.777200791295747,7.373004638342818,PRXL2A,EC-PTC
GO_Biological_Process_2023,Arginine Catabolic Process (GO:0006527),1/7,0.2136591261849342,0.5261089634798563,0,0,4.777200791295747,7.373004638342818,DDAH2,EC-PTC
GO_Biological_Process_2023,Aromatic Amino Acid Transport (GO:0015801),1/7,0.2136591261849342,0.5261089634798563,0,0,4.777200791295747,7.373004638342818,SLC3A2,EC-PTC
GO_Biological_Process_2023,Axo-Dendritic Protein Transport (GO:0099640),1/7,0.2136591261849342,0.5261089634798563,0,0,4.777200791295747,7.373004638342818,HSPB1,EC-PTC
GO_Biological_Process_2023,Cellular Response To Epinephrine Stimulus (GO:0071872),1/7,0.2136591261849342,0.5261089634798563,0,0,4.777200791295747,7.373004638342818,SNCA,EC-PTC
GO_Biological_Process_2023,Regulation Of Transcription From RNA Polymerase II Promoter In Response To Hypoxia (GO:0061418),1/7,0.2136591261849342,0.5261089634798563,0,0,4.777200791295747,7.373004638342818,HIF1A,EC-PTC
GO_Biological_Process_2023,Regulation Of Transforming Growth Factor Beta Activation (GO:1901388),1/7,0.2136591261849342,0.5261089634798563,0,0,4.777200791295747,7.373004638342818,ITGAV,EC-PTC
GO_Biological_Process_2023,Response To Auditory Stimulus (GO:0010996),1/7,0.2136591261849342,0.5261089634798563,0,0,4.777200791295747,7.373004638342818,MDK,EC-PTC
GO_Biological_Process_2023,Response To Epinephrine (GO:0071871),1/7,0.2136591261849342,0.5261089634798563,0,0,4.777200791295747,7.373004638342818,SNCA,EC-PTC
GO_Biological_Process_2023,Cytochrome Complex Assembly (GO:0017004),1/7,0.2136591261849342,0.5261089634798563,0,0,4.777200791295747,7.373004638342818,SURF1,EC-PTC
GO_Biological_Process_2023,Cytoplasmic Sequestering Of NF-kappaB (GO:0007253),1/7,0.2136591261849342,0.5261089634798563,0,0,4.777200791295747,7.373004638342818,TMSB4X,EC-PTC
GO_Biological_Process_2023,Dendritic Spine Maintenance (GO:0097062),1/7,0.2136591261849342,0.5261089634798563,0,0,4.777200791295747,7.373004638342818,PRNP,EC-PTC
GO_Biological_Process_2023,Dopamine Uptake (GO:0090494),1/7,0.2136591261849342,0.5261089634798563,0,0,4.777200791295747,7.373004638342818,SNCA,EC-PTC
GO_Biological_Process_2023,"Endonucleolytic Cleavage In ITS1 To Separate SSU-rRNA From 5.8S rRNA And LSU-rRNA From Tricistronic rRNA Transcript (SSU-rRNA, 5.8S rRNA, LSU-rRNA) (GO:0000447)",1/7,0.2136591261849342,0.5261089634798563,0,0,4.777200791295747,7.373004638342818,RPS21,EC-PTC
GO_Biological_Process_2023,Spermidine Metabolic Process (GO:0008216),1/7,0.2136591261849342,0.5261089634798563,0,0,4.777200791295747,7.373004638342818,SLC38A2,EC-PTC
GO_Biological_Process_2023,Sulfur Amino Acid Transport (GO:0000101),1/7,0.2136591261849342,0.5261089634798563,0,0,4.777200791295747,7.373004638342818,SLC3A2,EC-PTC
GO_Biological_Process_2023,Foam Cell Differentiation (GO:0090077),1/7,0.2136591261849342,0.5261089634798563,0,0,4.777200791295747,7.373004638342818,STAT1,EC-PTC
GO_Biological_Process_2023,Termination Of RNA Polymerase II Transcription (GO:0006369),1/7,0.2136591261849342,0.5261089634798563,0,0,4.777200791295747,7.373004638342818,SSU72,EC-PTC
GO_Biological_Process_2023,Thyroid Hormone Transport (GO:0070327),1/7,0.2136591261849342,0.5261089634798563,0,0,4.777200791295747,7.373004638342818,SLC3A2,EC-PTC
GO_Biological_Process_2023,Hepoxilin Biosynthetic Process (GO:0051122),1/7,0.2136591261849342,0.5261089634798563,0,0,4.777200791295747,7.373004638342818,GSTP1,EC-PTC
GO_Biological_Process_2023,Hepoxilin Metabolic Process (GO:0051121),1/7,0.2136591261849342,0.5261089634798563,0,0,4.777200791295747,7.373004638342818,GSTP1,EC-PTC
GO_Biological_Process_2023,Immunological Synapse Formation (GO:0001771),1/7,0.2136591261849342,0.5261089634798563,0,0,4.777200791295747,7.373004638342818,CD81,EC-PTC
GO_Biological_Process_2023,Lens Fiber Cell Development (GO:0070307),1/7,0.2136591261849342,0.5261089634798563,0,0,4.777200791295747,7.373004638342818,ATF4,EC-PTC
GO_Biological_Process_2023,Leukocyte Aggregation (GO:0070486),1/7,0.2136591261849342,0.5261089634798563,0,0,4.777200791295747,7.373004638342818,JAM2,EC-PTC
GO_Biological_Process_2023,Lipoxygenase Pathway (GO:0019372),1/7,0.2136591261849342,0.5261089634798563,0,0,4.777200791295747,7.373004638342818,GPX4,EC-PTC
GO_Biological_Process_2023,Lymphatic Endothelial Cell Differentiation (GO:0060836),1/7,0.2136591261849342,0.5261089634798563,0,0,4.777200791295747,7.373004638342818,SOX18,EC-PTC
GO_Biological_Process_2023,Mitochondrial Outer Membrane Permeabilization (GO:0097345),1/7,0.2136591261849342,0.5261089634798563,0,0,4.777200791295747,7.373004638342818,VDAC2,EC-PTC
GO_Biological_Process_2023,Mitochondrial Proton-Transporting ATP Synthase Complex Assembly (GO:0033615),1/7,0.2136591261849342,0.5261089634798563,0,0,4.777200791295747,7.373004638342818,ATP5F1D,EC-PTC
GO_Biological_Process_2023,Mitral Valve Development (GO:0003174),1/7,0.2136591261849342,0.5261089634798563,0,0,4.777200791295747,7.373004638342818,SOX4,EC-PTC
GO_Biological_Process_2023,Myoblast Migration (GO:0051451),1/7,0.2136591261849342,0.5261089634798563,0,0,4.777200791295747,7.373004638342818,ITGB1BP1,EC-PTC
GO_Biological_Process_2023,Negative Regulation Of SMAD Protein Signal Transduction (GO:0060392),1/7,0.2136591261849342,0.5261089634798563,0,0,4.777200791295747,7.373004638342818,FAM89B,EC-PTC
GO_Biological_Process_2023,Negative Regulation Of Actin Nucleation (GO:0051126),1/7,0.2136591261849342,0.5261089634798563,0,0,4.777200791295747,7.373004638342818,CORO1B,EC-PTC
GO_Biological_Process_2023,Negative Regulation Of Circadian Rhythm (GO:0042754),1/7,0.2136591261849342,0.5261089634798563,0,0,4.777200791295747,7.373004638342818,SFPQ,EC-PTC
GO_Biological_Process_2023,Negative Regulation Of Inflammatory Response To Wounding (GO:0106015),1/7,0.2136591261849342,0.5261089634798563,0,0,4.777200791295747,7.373004638342818,MDK,EC-PTC
GO_Biological_Process_2023,Negative Regulation Of Intracellular Transport (GO:0032387),1/7,0.2136591261849342,0.5261089634798563,0,0,4.777200791295747,7.373004638342818,CRYAB,EC-PTC
GO_Biological_Process_2023,Negative Regulation Of Leukocyte Proliferation (GO:0070664),1/7,0.2136591261849342,0.5261089634798563,0,0,4.777200791295747,7.373004638342818,GSTP1,EC-PTC
GO_Biological_Process_2023,Negative Regulation Of Macrophage Migration (GO:1905522),1/7,0.2136591261849342,0.5261089634798563,0,0,4.777200791295747,7.373004638342818,DDT,EC-PTC
GO_Biological_Process_2023,Negative Regulation Of Microglial Cell Activation (GO:1903979),1/7,0.2136591261849342,0.5261089634798563,0,0,4.777200791295747,7.373004638342818,GRN,EC-PTC
GO_Biological_Process_2023,Negative Regulation Of Mitochondrial Membrane Potential (GO:0010917),1/7,0.2136591261849342,0.5261089634798563,0,0,4.777200791295747,7.373004638342818,PRELID1,EC-PTC
GO_Biological_Process_2023,Negative Regulation Of Monooxygenase Activity (GO:0032769),1/7,0.2136591261849342,0.5261089634798563,0,0,4.777200791295747,7.373004638342818,SNCA,EC-PTC
GO_Biological_Process_2023,Negative Regulation Of Muscle Cell Differentiation (GO:0051148),1/7,0.2136591261849342,0.5261089634798563,0,0,4.777200791295747,7.373004638342818,PTBP1,EC-PTC
GO_Biological_Process_2023,Negative Regulation Of Peptidyl-Lysine Acetylation (GO:2000757),1/7,0.2136591261849342,0.5261089634798563,0,0,4.777200791295747,7.373004638342818,SET,EC-PTC
GO_Biological_Process_2023,Negative Regulation Of Striated Muscle Cell Apoptotic Process (GO:0010664),1/7,0.2136591261849342,0.5261089634798563,0,0,4.777200791295747,7.373004638342818,MDK,EC-PTC
GO_Biological_Process_2023,Neuroepithelial Cell Differentiation (GO:0060563),1/7,0.2136591261849342,0.5261089634798563,0,0,4.777200791295747,7.373004638342818,SOX4,EC-PTC
GO_Biological_Process_2023,Nonribosomal Peptide Biosynthetic Process (GO:0019184),1/7,0.2136591261849342,0.5261089634798563,0,0,4.777200791295747,7.373004638342818,MGST2,EC-PTC
GO_Biological_Process_2023,Nucleobase-Containing Small Molecule Interconversion (GO:0015949),1/7,0.2136591261849342,0.5261089634798563,0,0,4.777200791295747,7.373004638342818,CMPK1,EC-PTC
GO_Biological_Process_2023,Peptidyl-Proline Hydroxylation To 4-hydroxy-L-proline (GO:0018401),1/7,0.2136591261849342,0.5261089634798563,0,0,4.777200791295747,7.373004638342818,EGLN3,EC-PTC
GO_Biological_Process_2023,Peptidyl-Serine Autophosphorylation (GO:0036289),1/7,0.2136591261849342,0.5261089634798563,0,0,4.777200791295747,7.373004638342818,PINK1,EC-PTC
GO_Biological_Process_2023,Plasma Membrane To Endosome Transport (GO:0048227),1/7,0.2136591261849342,0.5261089634798563,0,0,4.777200791295747,7.373004638342818,RAB5C,EC-PTC
GO_Biological_Process_2023,Positive Regulation By Host Of Viral Genome Replication (GO:0044829),1/7,0.2136591261849342,0.5261089634798563,0,0,4.777200791295747,7.373004638342818,PPIB,EC-PTC
GO_Biological_Process_2023,Positive Regulation Of Arp2/3 Complex-Mediated Actin Nucleation (GO:2000601),1/7,0.2136591261849342,0.5261089634798563,0,0,4.777200791295747,7.373004638342818,BRK1,EC-PTC
GO_Biological_Process_2023,Positive Regulation Of CoA-transferase Activity (GO:1905920),1/7,0.2136591261849342,0.5261089634798563,0,0,4.777200791295747,7.373004638342818,TSPO,EC-PTC
GO_Biological_Process_2023,Positive Regulation Of DNA Demethylation (GO:1901537),1/7,0.2136591261849342,0.5261089634798563,0,0,4.777200791295747,7.373004638342818,HNRNPAB,EC-PTC
GO_Biological_Process_2023,Positive Regulation Of Astrocyte Differentiation (GO:0048711),1/7,0.2136591261849342,0.5261089634798563,0,0,4.777200791295747,7.373004638342818,HES1,EC-PTC
GO_Biological_Process_2023,Positive Regulation Of Calcium Ion Import (GO:0090280),1/7,0.2136591261849342,0.5261089634798563,0,0,4.777200791295747,7.373004638342818,LGALS3,EC-PTC
GO_Biological_Process_2023,Positive Regulation Of Cell Migration By Vascular Endothelial Growth Factor Signaling Pathway (GO:0038089),1/7,0.2136591261849342,0.5261089634798563,0,0,4.777200791295747,7.373004638342818,HSPB1,EC-PTC
GO_Biological_Process_2023,Positive Regulation Of Execution Phase Of Apoptosis (GO:1900119),1/7,0.2136591261849342,0.5261089634798563,0,0,4.777200791295747,7.373004638342818,DYNLL1,EC-PTC
GO_Biological_Process_2023,Positive Regulation Of Leukocyte Differentiation (GO:1902107),1/7,0.2136591261849342,0.5261089634798563,0,0,4.777200791295747,7.373004638342818,LGALS3,EC-PTC
GO_Biological_Process_2023,Positive Regulation Of Microtubule Nucleation (GO:0090063),1/7,0.2136591261849342,0.5261089634798563,0,0,4.777200791295747,7.373004638342818,HSPA1A,EC-PTC
GO_Biological_Process_2023,Positive Regulation Of Oligodendrocyte Differentiation (GO:0048714),1/7,0.2136591261849342,0.5261089634798563,0,0,4.777200791295747,7.373004638342818,MDK,EC-PTC
GO_Biological_Process_2023,Positive Regulation Of Ryanodine-Sensitive Calcium-Release Channel Activity (GO:0060316),1/7,0.2136591261849342,0.5261089634798563,0,0,4.777200791295747,7.373004638342818,CALM2,EC-PTC
GO_Biological_Process_2023,Protein Deglycosylation (GO:0006517),1/7,0.2136591261849342,0.5261089634798563,0,0,4.777200791295747,7.373004638342818,PARK7,EC-PTC
GO_Biological_Process_2023,Protein Desumoylation (GO:0016926),1/7,0.2136591261849342,0.5261089634798563,0,0,4.777200791295747,7.373004638342818,SUMO1,EC-PTC
GO_Biological_Process_2023,Protein Localization To Nucleolus (GO:1902570),1/7,0.2136591261849342,0.5261089634798563,0,0,4.777200791295747,7.373004638342818,RAN,EC-PTC
GO_Biological_Process_2023,Protein Localization To Presynapse (GO:1905383),1/7,0.2136591261849342,0.5261089634798563,0,0,4.777200791295747,7.373004638342818,HSPB1,EC-PTC
GO_Biological_Process_2023,protein-RNA Complex Disassembly (GO:0032988),1/7,0.2136591261849342,0.5261089634798563,0,0,4.777200791295747,7.373004638342818,VCP,EC-PTC
GO_Biological_Process_2023,Proton-Transporting ATP Synthase Complex Assembly (GO:0043461),1/7,0.2136591261849342,0.5261089634798563,0,0,4.777200791295747,7.373004638342818,ATP5F1D,EC-PTC
GO_Biological_Process_2023,Purine Nucleotide Catabolic Process (GO:0006195),1/7,0.2136591261849342,0.5261089634798563,0,0,4.777200791295747,7.373004638342818,HINT1,EC-PTC
GO_Biological_Process_2023,rRNA Pseudouridine Synthesis (GO:0031118),1/7,0.2136591261849342,0.5261089634798563,0,0,4.777200791295747,7.373004638342818,NOP10,EC-PTC
GO_Biological_Process_2023,"Regulation Of CD4-positive, Alpha-Beta T Cell Activation (GO:2000514)",1/7,0.2136591261849342,0.5261089634798563,0,0,4.777200791295747,7.373004638342818,CD55,EC-PTC
GO_Biological_Process_2023,Regulation Of CoA-transferase Activity (GO:1905918),1/7,0.2136591261849342,0.5261089634798563,0,0,4.777200791295747,7.373004638342818,TSPO,EC-PTC
GO_Biological_Process_2023,Regulation Of DNA-templated Transcription In Response To Stress (GO:0043620),1/7,0.2136591261849342,0.5261089634798563,0,0,4.777200791295747,7.373004638342818,TCIM,EC-PTC
GO_Biological_Process_2023,Regulation Of Golgi To Plasma Membrane Protein Transport (GO:0042996),1/7,0.2136591261849342,0.5261089634798563,0,0,4.777200791295747,7.373004638342818,RACK1,EC-PTC
GO_Biological_Process_2023,Regulation Of Cell Adhesion (GO:0030155),7/144,0.2142237252391228,0.526593175649538,0,0,1.4676777831198915,2.2613015972214785,PPP1CB;EPHA4;ADGRG1;MDK;DUSP1;ITGAV;ITGB1BP1,EC-PTC
GO_Biological_Process_2023,Cellular Response To Tumor Necrosis Factor (GO:0071356),6/119,0.2142435416394475,0.526593175649538,0,0,1.5248224135878408,2.3492052485863177,PLVAP;RRAGA;SFRP1;STAT1;TMSB4X;RPS3,EC-PTC
GO_Biological_Process_2023,Protein Ubiquitination (GO:0016567),18/434,0.2165966158327689,0.5297228783482681,0,0,1.2453240252897788,1.9049952853821663,VCP;ANAPC16;UBE2D2;NEDD8;ISG15;RNF7;ANAPC11;RBX1;UBE2J1;PINK1;UBB;RACK1;RNF181;ELOC;RPS27A;UBA52;PCMTD1;SKP1,EC-PTC
GO_Biological_Process_2023,Negative Regulation Of Protein Binding (GO:0032091),4/71,0.2180459768436884,0.5297228783482681,0,0,1.713459527993416,2.6096833954775347,RACK1;ITGB1BP1;PARK7;TLE5,EC-PTC
GO_Biological_Process_2023,Negative Regulation Of Supramolecular Fiber Organization (GO:1902904),4/71,0.2180459768436884,0.5297228783482681,0,0,1.713459527993416,2.6096833954775347,PFN1;CRYAB;PFDN5;SNCA,EC-PTC
GO_Biological_Process_2023,Positive Regulation Of Cell-Substrate Adhesion (GO:0010811),4/71,0.2180459768436884,0.5297228783482681,0,0,1.713459527993416,2.6096833954775347,SFRP1;MDK;FN1;S100A10,EC-PTC
GO_Biological_Process_2023,L-amino Acid Transport (GO:0015807),2/26,0.2184424240611415,0.5297228783482681,0,0,2.3899207528479445,3.635625849653272,SLC3A2;SLC38A2,EC-PTC
GO_Biological_Process_2023,cAMP-mediated Signaling (GO:0019933),2/26,0.2184424240611415,0.5297228783482681,0,0,2.3899207528479445,3.635625849653272,DEFB1;AHR,EC-PTC
GO_Biological_Process_2023,Regulation Of Potassium Ion Transmembrane Transporter Activity (GO:1901016),2/26,0.2184424240611415,0.5297228783482681,0,0,2.3899207528479445,3.635625849653272,ATP1B3;ATP1B1,EC-PTC
GO_Biological_Process_2023,Regulation Of Vascular Endothelial Growth Factor Production (GO:0010574),2/26,0.2184424240611415,0.5297228783482681,0,0,2.3899207528479445,3.635625849653272,HIF1A;ATF4,EC-PTC
GO_Biological_Process_2023,Telomere Maintenance Via Telomere Lengthening (GO:0010833),2/26,0.2184424240611415,0.5297228783482681,0,0,2.3899207528479445,3.635625849653272,RFC1;NOP10,EC-PTC
GO_Biological_Process_2023,miRNA-mediated Gene Silencing (GO:0035195),2/26,0.2184424240611415,0.5297228783482681,0,0,2.3899207528479445,3.635625849653272,EIF6;RAN,EC-PTC
GO_Biological_Process_2023,Negative Regulation Of Catalytic Activity (GO:0043086),2/26,0.2184424240611415,0.5297228783482681,0,0,2.3899207528479445,3.635625849653272,ATP5IF1;TIMP1,EC-PTC
GO_Biological_Process_2023,Negative Regulation Of Protein Polymerization (GO:0032272),2/26,0.2184424240611415,0.5297228783482681,0,0,2.3899207528479445,3.635625849653272,PFN1;SNCA,EC-PTC
GO_Biological_Process_2023,Positive Regulation Of Monooxygenase Activity (GO:0032770),2/26,0.2184424240611415,0.5297228783482681,0,0,2.3899207528479445,3.635625849653272,PARK7;HIF1A,EC-PTC
GO_Biological_Process_2023,Protein Export From Nucleus (GO:0006611),2/26,0.2184424240611415,0.5297228783482681,0,0,2.3899207528479445,3.635625849653272,RANBP3L;RAN,EC-PTC
GO_Biological_Process_2023,Regulation Of Actin Filament Bundle Assembly (GO:0032231),2/26,0.2184424240611415,0.5297228783482681,0,0,2.3899207528479445,3.635625849653272,RDX;PFN1,EC-PTC
GO_Biological_Process_2023,Transforming Growth Factor Beta Receptor Signaling Pathway (GO:0007179),4/72,0.2252352228057026,0.5365158379118031,0,0,1.6881739282896466,2.5164089192800883,JUN;COL3A1;ID1;FURIN,EC-PTC
GO_Biological_Process_2023,Negative Regulation Of Cell Adhesion (GO:0007162),4/72,0.2252352228057026,0.5365158379118031,0,0,1.6881739282896466,2.5164089192800883,EPHA4;MDK;DUSP1;ITGB1BP1,EC-PTC
GO_Biological_Process_2023,Antibacterial Humoral Response (GO:0019731),3/49,0.2288965059310425,0.5365158379118031,0,0,1.8710209627329195,2.758792936879145,DEFB1;FAU;RPL39,EC-PTC
GO_Biological_Process_2023,Unsaturated Fatty Acid Metabolic Process (GO:0033559),3/49,0.2288965059310425,0.5365158379118031,0,0,1.8710209627329195,2.758792936879145,GPX4;GSTP1;DEGS1,EC-PTC
GO_Biological_Process_2023,Negative Regulation Of DNA Metabolic Process (GO:0051053),3/49,0.2288965059310425,0.5365158379118031,0,0,1.8710209627329195,2.758792936879145,SUB1;RPS3;S100A11,EC-PTC
GO_Biological_Process_2023,Negative Regulation Of Cysteine-Type Endopeptidase Activity Involved In Apoptotic Process (GO:0043154),3/49,0.2288965059310425,0.5365158379118031,0,0,1.8710209627329195,2.758792936879145,PARK7;PAK2;SNCA,EC-PTC
GO_Biological_Process_2023,Positive Regulation Of Pathway-Restricted SMAD Protein Phosphorylation (GO:0010862),3/49,0.2288965059310425,0.5365158379118031,0,0,1.8710209627329195,2.758792936879145,SDCBP;CSNK2B;GDF3,EC-PTC
GO_Biological_Process_2023,Regulation Of Protein Localization (GO:0032880),5/97,0.2300002535255235,0.5365158379118031,0,0,1.5601070733290072,2.292850156709127,FKBP1A;VCP;SUMO1;RACK1;CTSD,EC-PTC
GO_Biological_Process_2023,Amino Acid Import Across Plasma Membrane (GO:0089718),2/27,0.2310025658788997,0.5365158379118031,0,0,2.2942050520059434,3.3617593692539147,SLC3A2;SLC38A2,EC-PTC
GO_Biological_Process_2023,Regulation Of Mitochondrial Fission (GO:0090140),2/27,0.2310025658788997,0.5365158379118031,0,0,2.2942050520059434,3.3617593692539147,FIS1;PINK1,EC-PTC
GO_Biological_Process_2023,Cellular Response To Acid Chemical (GO:0071229),2/27,0.2310025658788997,0.5365158379118031,0,0,2.2942050520059434,3.3617593692539147,RRAGA;LAMTOR1,EC-PTC
GO_Biological_Process_2023,Establishment Of Protein Localization To Vacuole (GO:0072666),2/27,0.2310025658788997,0.5365158379118031,0,0,2.2942050520059434,3.3617593692539147,SNF8;VPS28,EC-PTC
GO_Biological_Process_2023,Ventricular Septum Morphogenesis (GO:0060412),2/27,0.2310025658788997,0.5365158379118031,0,0,2.2942050520059434,3.3617593692539147,HES1;SOX4,EC-PTC
GO_Biological_Process_2023,Iron-Sulfur Cluster Assembly (GO:0016226),2/27,0.2310025658788997,0.5365158379118031,0,0,2.2942050520059434,3.3617593692539147,NDUFAB1;ISCU,EC-PTC
GO_Biological_Process_2023,Metallo-Sulfur Cluster Assembly (GO:0031163),2/27,0.2310025658788997,0.5365158379118031,0,0,2.2942050520059434,3.3617593692539147,NDUFAB1;ISCU,EC-PTC
GO_Biological_Process_2023,Monoubiquitinated Histone H2A Deubiquitination (GO:0035522),2/27,0.2310025658788997,0.5365158379118031,0,0,2.2942050520059434,3.3617593692539147,ENY2;USP22,EC-PTC
GO_Biological_Process_2023,Monoubiquitinated Histone Deubiquitination (GO:0035521),2/27,0.2310025658788997,0.5365158379118031,0,0,2.2942050520059434,3.3617593692539147,ENY2;USP22,EC-PTC
GO_Biological_Process_2023,Negative Regulation Of NIK/NF-kappaB Signaling (GO:1901223),2/27,0.2310025658788997,0.5365158379118031,0,0,2.2942050520059434,3.3617593692539147,TMSB4X;UACA,EC-PTC
GO_Biological_Process_2023,Positive Regulation Of Calcium Ion Transmembrane Transporter Activity (GO:1901021),2/27,0.2310025658788997,0.5365158379118031,0,0,2.2942050520059434,3.3617593692539147,ATP1B1;CALM2,EC-PTC
GO_Biological_Process_2023,Positive Regulation Of Mitotic Cell Cycle (GO:0045931),2/27,0.2310025658788997,0.5365158379118031,0,0,2.2942050520059434,3.3617593692539147,USP22;HES1,EC-PTC
GO_Biological_Process_2023,Positive Regulation Of Response To Wounding (GO:1903036),2/27,0.2310025658788997,0.5365158379118031,0,0,2.2942050520059434,3.3617593692539147,GRN;MDK,EC-PTC
GO_Biological_Process_2023,Regulation Of Androgen Receptor Signaling Pathway (GO:0060765),2/27,0.2310025658788997,0.5365158379118031,0,0,2.2942050520059434,3.3617593692539147,SFRP1;PARK7,EC-PTC
GO_Biological_Process_2023,DNA Replication (GO:0006260),4/73,0.2324844494077786,0.5365158379118031,0,0,1.66362124451932,2.4271101704557165,POLE4;SET;RFC1;CDK2AP1,EC-PTC
GO_Biological_Process_2023,Granulocyte Chemotaxis (GO:0071621),4/73,0.2324844494077786,0.5365158379118031,0,0,1.66362124451932,2.4271101704557165,LGALS3;BSG;PPIB;PPIA,EC-PTC
GO_Biological_Process_2023,Regulation Of Rho Protein Signal Transduction (GO:0035023),4/73,0.2324844494077786,0.5365158379118031,0,0,1.66362124451932,2.4271101704557165,ADGRG1;COL3A1;LPAR6;DYNLL1,EC-PTC
GO_Biological_Process_2023,Positive Regulation Of Multicellular Organismal Process (GO:0051240),16/387,0.2370881469121968,0.5365158379118031,0,0,1.2403993635705493,1.7853356793623063,NME2;EIF2AK2;G0S2;ENO1;RTN4;SOD1;SDCBP;RGCC;FABP5;RPS19;MDK;CFL1;S100A13;GNAS;PPIB;GAPDH,EC-PTC
GO_Biological_Process_2023,Regulation Of Mitochondrion Organization (GO:0010821),3/50,0.2379083083646479,0.5365158379118031,0,0,1.831117021276596,2.6292458847524265,FIS1;PINK1;SQSTM1,EC-PTC
GO_Biological_Process_2023,Blood Circulation (GO:0008015),3/50,0.2379083083646479,0.5365158379118031,0,0,1.831117021276596,2.6292458847524265,STAT1;ITGB1BP1;SOD1,EC-PTC
GO_Biological_Process_2023,Positive Regulation Of Transport (GO:0051050),3/50,0.2379083083646479,0.5365158379118031,0,0,1.831117021276596,2.6292458847524265,ANXA2;CHCHD10;SNCA,EC-PTC
GO_Biological_Process_2023,Regulation Of mRNA Stability (GO:0043488),4/74,0.2397897932361984,0.5365158379118031,0,0,1.6397700659995742,2.3415795215014343,NPM1;YBX1;VIM;PAIP1,EC-PTC
GO_Biological_Process_2023,Gland Development (GO:0048732),4/74,0.2397897932361984,0.5365158379118031,0,0,1.6397700659995742,2.3415795215014343,MDK;HES1;DKK3;SOD1,EC-PTC
GO_Biological_Process_2023,Negative Regulation Of DNA-templated Transcription (GO:0045892),39/1025,0.2399084442689302,0.5365158379118031,0,0,1.1405287228749663,1.6281023689241167,NDUFA13;SET;RPL10;AKR1B1;ENO1;AHR;HIF1A;RPS14;SDCBP;PRDX5;SUMO1;ZNF706;YWHAQ;SOX18;CCDC85B;SAP18;HES1;RPL17;SOX4;SNCA;KLF10;JUN;HSBP1;STAT1;CBX3;IRX3;DKK3;TLE5;DRAP1;SFRP1;SFPQ;IFI27;ID1;ID3;MAGED2;CRYAB;PFDN5;ATF4;HSPA1A,EC-PTC
GO_Biological_Process_2023,Cdc42 Protein Signal Transduction (GO:0032488),1/8,0.2402073854568308,0.5365158379118031,0,0,4.094531581178465,5.839836406362212,RHOJ,EC-PTC
GO_Biological_Process_2023,Regulation Of Defense Response To Bacterium (GO:1900424),1/8,0.2402073854568308,0.5365158379118031,0,0,4.094531581178465,5.839836406362212,GRN,EC-PTC
GO_Biological_Process_2023,Regulation Of Dendritic Spine Maintenance (GO:1902950),1/8,0.2402073854568308,0.5365158379118031,0,0,4.094531581178465,5.839836406362212,PRNP,EC-PTC
GO_Biological_Process_2023,Regulation Of Endothelial Cell Differentiation (GO:0045601),1/8,0.2402073854568308,0.5365158379118031,0,0,4.094531581178465,5.839836406362212,BTG1,EC-PTC
GO_Biological_Process_2023,Golgi Ribbon Formation (GO:0090161),1/8,0.2402073854568308,0.5365158379118031,0,0,4.094531581178465,5.839836406362212,OPTN,EC-PTC
GO_Biological_Process_2023,Regulation Of Gap Junction Assembly (GO:1903596),1/8,0.2402073854568308,0.5365158379118031,0,0,4.094531581178465,5.839836406362212,IRX3,EC-PTC
GO_Biological_Process_2023,Regulation Of Generation Of Precursor Metabolites And Energy (GO:0043467),1/8,0.2402073854568308,0.5365158379118031,0,0,4.094531581178465,5.839836406362212,PGAM1,EC-PTC
GO_Biological_Process_2023,Regulation Of Glial Cell Proliferation (GO:0060251),1/8,0.2402073854568308,0.5365158379118031,0,0,4.094531581178465,5.839836406362212,HES1,EC-PTC
GO_Biological_Process_2023,Regulation Of Heme Biosynthetic Process (GO:0070453),1/8,0.2402073854568308,0.5365158379118031,0,0,4.094531581178465,5.839836406362212,TMEM14C,EC-PTC
GO_Biological_Process_2023,Actin Filament Network Formation (GO:0051639),1/8,0.2402073854568308,0.5365158379118031,0,0,4.094531581178465,5.839836406362212,PLS3,EC-PTC
GO_Biological_Process_2023,Regulation Of Macrophage Migration (GO:1905521),1/8,0.2402073854568308,0.5365158379118031,0,0,4.094531581178465,5.839836406362212,CD81,EC-PTC
GO_Biological_Process_2023,Regulation Of Mitotic Sister Chromatid Segregation (GO:0033047),1/8,0.2402073854568308,0.5365158379118031,0,0,4.094531581178465,5.839836406362212,DUSP1,EC-PTC
GO_Biological_Process_2023,Regulation Of Organ Growth (GO:0046620),1/8,0.2402073854568308,0.5365158379118031,0,0,4.094531581178465,5.839836406362212,SOD1,EC-PTC
GO_Biological_Process_2023,Regulation Of Podosome Assembly (GO:0071801),1/8,0.2402073854568308,0.5365158379118031,0,0,4.094531581178465,5.839836406362212,GSN,EC-PTC
GO_Biological_Process_2023,Regulation Of Protein Localization To Early Endosome (GO:1902965),1/8,0.2402073854568308,0.5365158379118031,0,0,4.094531581178465,5.839836406362212,RDX,EC-PTC
GO_Biological_Process_2023,Cellular Response To Muramyl Dipeptide (GO:0071225),1/8,0.2402073854568308,0.5365158379118031,0,0,4.094531581178465,5.839836406362212,VIM,EC-PTC
GO_Biological_Process_2023,Regulation Of Tumor Necrosis Factor Superfamily Cytokine Production (GO:1903555),1/8,0.2402073854568308,0.5365158379118031,0,0,4.094531581178465,5.839836406362212,PARK7,EC-PTC
GO_Biological_Process_2023,Regulation Of Vesicle Fusion (GO:0031338),1/8,0.2402073854568308,0.5365158379118031,0,0,4.094531581178465,5.839836406362212,ANXA2,EC-PTC
GO_Biological_Process_2023,Response To Magnesium Ion (GO:0032026),1/8,0.2402073854568308,0.5365158379118031,0,0,4.094531581178465,5.839836406362212,SNCA,EC-PTC
GO_Biological_Process_2023,Response To Vitamin D (GO:0033280),1/8,0.2402073854568308,0.5365158379118031,0,0,4.094531581178465,5.839836406362212,SFRP1,EC-PTC
GO_Biological_Process_2023,Selenocysteine Incorporation (GO:0001514),1/8,0.2402073854568308,0.5365158379118031,0,0,4.094531581178465,5.839836406362212,SELENOT,EC-PTC
GO_Biological_Process_2023,Sequestering Of Actin Monomers (GO:0042989),1/8,0.2402073854568308,0.5365158379118031,0,0,4.094531581178465,5.839836406362212,TMSB4X,EC-PTC
GO_Biological_Process_2023,Endosome To Melanosome Transport (GO:0035646),1/8,0.2402073854568308,0.5365158379118031,0,0,4.094531581178465,5.839836406362212,CD63,EC-PTC
GO_Biological_Process_2023,Endosome To Pigment Granule Transport (GO:0043485),1/8,0.2402073854568308,0.5365158379118031,0,0,4.094531581178465,5.839836406362212,CD63,EC-PTC
GO_Biological_Process_2023,Translational Readthrough (GO:0006451),1/8,0.2402073854568308,0.5365158379118031,0,0,4.094531581178465,5.839836406362212,SELENOT,EC-PTC
GO_Biological_Process_2023,Glutamine Transport (GO:0006868),1/8,0.2402073854568308,0.5365158379118031,0,0,4.094531581178465,5.839836406362212,SLC38A2,EC-PTC
GO_Biological_Process_2023,Unsaturated Fatty Acid Biosynthetic Process (GO:0006636),1/8,0.2402073854568308,0.5365158379118031,0,0,4.094531581178465,5.839836406362212,DEGS1,EC-PTC
GO_Biological_Process_2023,Vitamin K Metabolic Process (GO:0042373),1/8,0.2402073854568308,0.5365158379118031,0,0,4.094531581178465,5.839836406362212,VKORC1,EC-PTC
GO_Biological_Process_2023,Membrane Lipid Catabolic Process (GO:0046466),1/8,0.2402073854568308,0.5365158379118031,0,0,4.094531581178465,5.839836406362212,MGST2,EC-PTC
GO_Biological_Process_2023,Mitochondrial Fragmentation Involved In Apoptotic Process (GO:0043653),1/8,0.2402073854568308,0.5365158379118031,0,0,4.094531581178465,5.839836406362212,FIS1,EC-PTC
GO_Biological_Process_2023,Multi-Pass Transmembrane Protein Insertion Into ER Membrane (GO:0160063),1/8,0.2402073854568308,0.5365158379118031,0,0,4.094531581178465,5.839836406362212,WDR83OS,EC-PTC
GO_Biological_Process_2023,Negative Regulation Of Chromosome Organization (GO:2001251),1/8,0.2402073854568308,0.5365158379118031,0,0,4.094531581178465,5.839836406362212,SUB1,EC-PTC
GO_Biological_Process_2023,Negative Regulation Of Glial Cell Differentiation (GO:0045686),1/8,0.2402073854568308,0.5365158379118031,0,0,4.094531581178465,5.839836406362212,HES1,EC-PTC
GO_Biological_Process_2023,Negative Regulation Of Long-Term Synaptic Potentiation (GO:1900272),1/8,0.2402073854568308,0.5365158379118031,0,0,4.094531581178465,5.839836406362212,EPHA4,EC-PTC
GO_Biological_Process_2023,Negative Regulation Of Membrane Potential (GO:0045837),1/8,0.2402073854568308,0.5365158379118031,0,0,4.094531581178465,5.839836406362212,PRELID1,EC-PTC
GO_Biological_Process_2023,Negative Regulation Of Platelet Aggregation (GO:0090331),1/8,0.2402073854568308,0.5365158379118031,0,0,4.094531581178465,5.839836406362212,CD9,EC-PTC
GO_Biological_Process_2023,Negative Regulation Of Protein Import Into Nucleus (GO:0042308),1/8,0.2402073854568308,0.5365158379118031,0,0,4.094531581178465,5.839836406362212,SUMO1,EC-PTC
GO_Biological_Process_2023,"Negative Regulation Of Retrograde Protein Transport, ER To Cytosol (GO:1904153)",1/8,0.2402073854568308,0.5365158379118031,0,0,4.094531581178465,5.839836406362212,UBE2J1,EC-PTC
GO_Biological_Process_2023,Neuronal Ion Channel Clustering (GO:0045161),1/8,0.2402073854568308,0.5365158379118031,0,0,4.094531581178465,5.839836406362212,MTCH1,EC-PTC
GO_Biological_Process_2023,Peroxisome Fission (GO:0016559),1/8,0.2402073854568308,0.5365158379118031,0,0,4.094531581178465,5.839836406362212,FIS1,EC-PTC
GO_Biological_Process_2023,Positive Regulation Of Adaptive Immune Response (GO:0002821),1/8,0.2402073854568308,0.5365158379118031,0,0,4.094531581178465,5.839836406362212,CD81,EC-PTC
GO_Biological_Process_2023,Positive Regulation Of Dendritic Spine Morphogenesis (GO:0061003),1/8,0.2402073854568308,0.5365158379118031,0,0,4.094531581178465,5.839836406362212,RELN,EC-PTC
GO_Biological_Process_2023,Positive Regulation Of Early Endosome To Late Endosome Transport (GO:2000643),1/8,0.2402073854568308,0.5365158379118031,0,0,4.094531581178465,5.839836406362212,RDX,EC-PTC
GO_Biological_Process_2023,Positive Regulation Of Extracellular Matrix Assembly (GO:1901203),1/8,0.2402073854568308,0.5365158379118031,0,0,4.094531581178465,5.839836406362212,RGCC,EC-PTC
GO_Biological_Process_2023,Positive Regulation Of Fatty Acid Beta-Oxidation (GO:0032000),1/8,0.2402073854568308,0.5365158379118031,0,0,4.094531581178465,5.839836406362212,MTLN,EC-PTC
GO_Biological_Process_2023,Positive Regulation Of Inositol Phosphate Biosynthetic Process (GO:0060732),1/8,0.2402073854568308,0.5365158379118031,0,0,4.094531581178465,5.839836406362212,SNCA,EC-PTC
GO_Biological_Process_2023,Positive Regulation Of Ligase Activity (GO:0051351),1/8,0.2402073854568308,0.5365158379118031,0,0,4.094531581178465,5.839836406362212,TMSB4X,EC-PTC
GO_Biological_Process_2023,Positive Regulation Of Macrophage Cytokine Production (GO:0060907),1/8,0.2402073854568308,0.5365158379118031,0,0,4.094531581178465,5.839836406362212,GPRC5B,EC-PTC
GO_Biological_Process_2023,Positive Regulation Of Mast Cell Degranulation (GO:0043306),1/8,0.2402073854568308,0.5365158379118031,0,0,4.094531581178465,5.839836406362212,VAMP8,EC-PTC
GO_Biological_Process_2023,Positive Regulation Of Mitochondrial Calcium Ion Concentration (GO:0051561),1/8,0.2402073854568308,0.5365158379118031,0,0,4.094531581178465,5.839836406362212,FIS1,EC-PTC
GO_Biological_Process_2023,Positive Regulation Of Mitochondrial Membrane Permeability Involved In Apoptotic Process (GO:1902110),1/8,0.2402073854568308,0.5365158379118031,0,0,4.094531581178465,5.839836406362212,VDAC2,EC-PTC
GO_Biological_Process_2023,Positive Regulation Of Protein Localization To Early Endosome (GO:1902966),1/8,0.2402073854568308,0.5365158379118031,0,0,4.094531581178465,5.839836406362212,RDX,EC-PTC
GO_Biological_Process_2023,Positive Regulation Of Protein Localization To Endosome (GO:1905668),1/8,0.2402073854568308,0.5365158379118031,0,0,4.094531581178465,5.839836406362212,RDX,EC-PTC
GO_Biological_Process_2023,Positive Regulation Of Respiratory Burst (GO:0060267),1/8,0.2402073854568308,0.5365158379118031,0,0,4.094531581178465,5.839836406362212,RPS19,EC-PTC
GO_Biological_Process_2023,Positive Regulation Of Synapse Maturation (GO:0090129),1/8,0.2402073854568308,0.5365158379118031,0,0,4.094531581178465,5.839836406362212,RELN,EC-PTC
GO_Biological_Process_2023,Positive Regulation Of Tumor Necrosis Factor-Mediated Signaling Pathway (GO:1903265),1/8,0.2402073854568308,0.5365158379118031,0,0,4.094531581178465,5.839836406362212,HSPA1A,EC-PTC
GO_Biological_Process_2023,Positive Regulation Of Ubiquitin Protein Ligase Activity (GO:1904668),1/8,0.2402073854568308,0.5365158379118031,0,0,4.094531581178465,5.839836406362212,SKP1,EC-PTC
GO_Biological_Process_2023,Protein Localization To Perinuclear Region Of Cytoplasm (GO:1905719),1/8,0.2402073854568308,0.5365158379118031,0,0,4.094531581178465,5.839836406362212,SQSTM1,EC-PTC
GO_Biological_Process_2023,Purine Nucleobase Transport (GO:0006863),1/8,0.2402073854568308,0.5365158379118031,0,0,4.094531581178465,5.839836406362212,SLC43A3,EC-PTC
GO_Biological_Process_2023,Pyrimidine-Containing Compound Metabolic Process (GO:0072527),1/8,0.2402073854568308,0.5365158379118031,0,0,4.094531581178465,5.839836406362212,ERH,EC-PTC
GO_Biological_Process_2023,Regulation Of DNA Demethylation (GO:1901535),1/8,0.2402073854568308,0.5365158379118031,0,0,4.094531581178465,5.839836406362212,HNRNPAB,EC-PTC
GO_Biological_Process_2023,Regulation Of DNA-templated Transcription Initiation (GO:2000142),1/8,0.2402073854568308,0.5365158379118031,0,0,4.094531581178465,5.839836406362212,JUN,EC-PTC
GO_Biological_Process_2023,Regulation Of T-helper 1 Type Immune Response (GO:0002825),1/8,0.2402073854568308,0.5365158379118031,0,0,4.094531581178465,5.839836406362212,MYDGF,EC-PTC
GO_Biological_Process_2023,Regulation Of Aspartic-Type Endopeptidase Activity Involved In Amyloid Precursor Protein Catabolic Process (GO:1902959),1/8,0.2402073854568308,0.5365158379118031,0,0,4.094531581178465,5.839836406362212,EPHA4,EC-PTC
GO_Biological_Process_2023,Cellular Response To Lipid (GO:0071396),10/228,0.2427111225534965,0.5396694050824618,0,0,1.3179968269297095,1.8661297479679744,SFRP1;NDUFA13;GSTP1;AKR1B1;AHR;ATP1A1;VIM;SSTR2;TFPI;HSPA1A,EC-PTC
GO_Biological_Process_2023,Golgi To Plasma Membrane Protein Transport (GO:0043001),2/28,0.2436062925740419,0.5396694050824618,0,0,2.205852097382558,3.115108549281879,VAMP5;OPTN,EC-PTC
GO_Biological_Process_2023,RNA Phosphodiester Bond Hydrolysis (GO:0090501),2/28,0.2436062925740419,0.5396694050824618,0,0,2.205852097382558,3.115108549281879,TRIR;RNASE1,EC-PTC
GO_Biological_Process_2023,Regulation Of Nitric-Oxide Synthase Activity (GO:0050999),2/28,0.2436062925740419,0.5396694050824618,0,0,2.205852097382558,3.115108549281879,DDAH2;HIF1A,EC-PTC
GO_Biological_Process_2023,Regulation Of Protein Transport (GO:0051223),2/28,0.2436062925740419,0.5396694050824618,0,0,2.205852097382558,3.115108549281879,SNX3;NDFIP1,EC-PTC
GO_Biological_Process_2023,Cell-Substrate Junction Assembly (GO:0007044),2/28,0.2436062925740419,0.5396694050824618,0,0,2.205852097382558,3.115108549281879,FN1;DYNLL1,EC-PTC
GO_Biological_Process_2023,Establishment Of Endothelial Barrier (GO:0061028),2/28,0.2436062925740419,0.5396694050824618,0,0,2.205852097382558,3.115108549281879,SOX18;RDX,EC-PTC
GO_Biological_Process_2023,Positive Regulation Of Fibroblast Proliferation (GO:0048146),2/28,0.2436062925740419,0.5396694050824618,0,0,2.205852097382558,3.115108549281879,FN1;S100A6,EC-PTC
GO_Biological_Process_2023,Primary Neural Tube Formation (GO:0014020),2/28,0.2436062925740419,0.5396694050824618,0,0,2.205852097382558,3.115108549281879,VASP;DYNLL1,EC-PTC
GO_Biological_Process_2023,Protein Depolymerization (GO:0051261),2/28,0.2436062925740419,0.5396694050824618,0,0,2.205852097382558,3.115108549281879,GSN;DSTN,EC-PTC
GO_Biological_Process_2023,RNA Modification (GO:0009451),3/51,0.2469793992110108,0.5437818639696421,0,0,1.792875744047619,2.507247711476718,SSB;HNRNPAB;NOP10,EC-PTC
GO_Biological_Process_2023,Amide Biosynthetic Process (GO:0043604),3/51,0.2469793992110108,0.5437818639696421,0,0,1.792875744047619,2.507247711476718,FURIN;DEGS1;SPTSSA,EC-PTC
GO_Biological_Process_2023,Regulation Of Smoothened Signaling Pathway (GO:0008589),3/51,0.2469793992110108,0.5437818639696421,0,0,1.792875744047619,2.507247711476718,SFRP1;VCP;RACK1,EC-PTC
GO_Biological_Process_2023,Regulation Of Stress-Activated MAPK Cascade (GO:0032872),3/51,0.2469793992110108,0.5437818639696421,0,0,1.792875744047619,2.507247711476718,GSTP1;EIF2AK2;PPIA,EC-PTC
GO_Biological_Process_2023,Negative Regulation Of MAP Kinase Activity (GO:0043407),3/51,0.2469793992110108,0.5437818639696421,0,0,1.792875744047619,2.507247711476718,DUSP1;GSTP1;SPRY4,EC-PTC
GO_Biological_Process_2023,Positive Regulation Of Ras Protein Signal Transduction (GO:0046579),3/51,0.2469793992110108,0.5437818639696421,0,0,1.792875744047619,2.507247711476718,ADGRG1;COL3A1;LPAR6,EC-PTC
GO_Biological_Process_2023,Positive Regulation Of Protein Localization To Plasma Membrane (GO:1903078),3/51,0.2469793992110108,0.5437818639696421,0,0,1.792875744047619,2.507247711476718,LGALS3;RACK1;SQSTM1,EC-PTC
GO_Biological_Process_2023,Negative Regulation Of Phosphorylation (GO:0042326),4/75,0.2471474146792238,0.5437818639696421,0,0,1.6165907516634832,2.259622539634159,PRNP;PARK7;DYNLL1;PPIA,EC-PTC
GO_Biological_Process_2023,Regulation Of Mitotic Cell Cycle (GO:0007346),6/125,0.2472645810023961,0.5437818639696421,0,0,1.447488412405321,2.022570257240309,SDCBP;BTG1;ANAPC16;USP22;PIM3;ANAPC11,EC-PTC
GO_Biological_Process_2023,Response To UV (GO:0009411),5/100,0.2488499076031883,0.5441427423786543,0,0,1.5106048703849175,2.101108388360397,NPM1;RPL26;RBX1;ATF4;COPS9,EC-PTC
GO_Biological_Process_2023,Positive Regulation Of Cell Differentiation (GO:0045597),12/283,0.2496392876553727,0.5441427423786543,0,0,1.27257851764038,1.7660058881220937,SDCBP;SFRP1;GPRC5B;RANBP3L;BTG1;RGCC;TCF15;MDK;AKR1B1;GDF3;CD34;SOX4,EC-PTC
GO_Biological_Process_2023,Cellular Response To Organic Cyclic Compound (GO:0071407),7/152,0.2542651837514118,0.5441427423786543,0,0,1.386124303117902,1.898127469025017,SFRP1;AKR1B1;AHR;ATP1A1;SSTR2;TFPI;HSPA1A,EC-PTC
GO_Biological_Process_2023,Positive Regulation Of NF-kappaB Transcription Factor Activity (GO:0051092),7/152,0.2542651837514118,0.5441427423786543,0,0,1.386124303117902,1.898127469025017,PSMA6;NPM1;RPS3;EIF2AK2;AKR1B1;PPIA;HSPA1A,EC-PTC
GO_Biological_Process_2023,Transcription Initiation At RNA Polymerase II Promoter (GO:0006367),4/76,0.2545535023997023,0.5441427423786543,0,0,1.5940553071700612,2.181056991554356,GTF2A2;MED31;ELOB;ELOC,EC-PTC
GO_Biological_Process_2023,Positive Regulation Of Protein Secretion (GO:0050714),4/76,0.2545535023997023,0.5441427423786543,0,0,1.5940553071700612,2.181056991554356,TMED10;IER3IP1;PPIA;SOX4,EC-PTC
GO_Biological_Process_2023,Rho Protein Signal Transduction (GO:0007266),3/52,0.2561026987919634,0.5441427423786543,0,0,1.756195335276968,2.392248450295934,CFL1;RHOJ;ARHGAP5,EC-PTC
GO_Biological_Process_2023,Cellular Response To Ionizing Radiation (GO:0071479),3/52,0.2561026987919634,0.5441427423786543,0,0,1.756195335276968,2.392248450295934,TMEM109;RPL26;CRYAB,EC-PTC
GO_Biological_Process_2023,Negative Regulation Of Innate Immune Response (GO:0045824),3/52,0.2561026987919634,0.5441427423786543,0,0,1.756195335276968,2.392248450295934,GRN;RPS19;ISG15,EC-PTC
GO_Biological_Process_2023,Regulation Of Muscle Contraction (GO:0006937),2/29,0.2562363842648592,0.5441427423786543,0,0,2.1240438060646083,2.8922146234567387,ENO1;SRI,EC-PTC
GO_Biological_Process_2023,Cardiac Muscle Cell Action Potential (GO:0086001),2/29,0.2562363842648592,0.5441427423786543,0,0,2.1240438060646083,2.8922146234567387,ATP1A1;ATP1B1,EC-PTC
GO_Biological_Process_2023,Regulation Of Spindle Assembly (GO:0090169),2/29,0.2562363842648592,0.5441427423786543,0,0,2.1240438060646083,2.8922146234567387,CHMP2A;HSPA1A,EC-PTC
GO_Biological_Process_2023,Tube Closure (GO:0060606),2/29,0.2562363842648592,0.5441427423786543,0,0,2.1240438060646083,2.8922146234567387,VASP;DYNLL1,EC-PTC
GO_Biological_Process_2023,Integrated Stress Response Signaling (GO:0140467),2/29,0.2562363842648592,0.5441427423786543,0,0,2.1240438060646083,2.8922146234567387,JUN;EIF2AK2,EC-PTC
GO_Biological_Process_2023,mRNA Splice Site Recognition (GO:0006376),2/29,0.2562363842648592,0.5441427423786543,0,0,2.1240438060646083,2.8922146234567387,SRSF5;SRSF9,EC-PTC
GO_Biological_Process_2023,Maintenance Of Blood-Brain Barrier (GO:0035633),2/29,0.2562363842648592,0.5441427423786543,0,0,2.1240438060646083,2.8922146234567387,ESAM;JAM2,EC-PTC
GO_Biological_Process_2023,Negative Regulation Of DNA Binding (GO:0043392),2/29,0.2562363842648592,0.5441427423786543,0,0,2.1240438060646083,2.8922146234567387,JUN;SUMO1,EC-PTC
GO_Biological_Process_2023,Peptidyl-Tyrosine Dephosphorylation (GO:0035335),2/29,0.2562363842648592,0.5441427423786543,0,0,2.1240438060646083,2.8922146234567387,DUSP1;DUSP6,EC-PTC
GO_Biological_Process_2023,Positive Regulation Of Microtubule Polymerization (GO:0031116),2/29,0.2562363842648592,0.5441427423786543,0,0,2.1240438060646083,2.8922146234567387,RPS3;HSPA1A,EC-PTC
GO_Biological_Process_2023,Positive Regulation Of Neural Precursor Cell Proliferation (GO:2000179),2/29,0.2562363842648592,0.5441427423786543,0,0,2.1240438060646083,2.8922146234567387,VCAN;MDK,EC-PTC
GO_Biological_Process_2023,Protein Insertion Into ER Membrane (GO:0045048),2/29,0.2562363842648592,0.5441427423786543,0,0,2.1240438060646083,2.8922146234567387,SEC61A1;WDR83OS,EC-PTC
GO_Biological_Process_2023,Actin Polymerization Or Depolymerization (GO:0008154),3/53,0.2652712949365021,0.5441427423786543,0,0,1.7209821428571428,2.283747127934128,GSN;CFL1;DSTN,EC-PTC
GO_Biological_Process_2023,Glycoprotein Metabolic Process (GO:0009100),3/53,0.2652712949365021,0.5441427423786543,0,0,1.7209821428571428,2.283747127934128,ST8SIA6;PARK7;HIF1A,EC-PTC
GO_Biological_Process_2023,mRNA Stabilization (GO:0048255),3/53,0.2652712949365021,0.5441427423786543,0,0,1.7209821428571428,2.283747127934128,CSDE1;YBX1;PAIP1,EC-PTC
GO_Biological_Process_2023,Negative Regulation Of Metabolic Process (GO:0009892),3/53,0.2652712949365021,0.5441427423786543,0,0,1.7209821428571428,2.283747127934128,GSTP1;ID1;ATF4,EC-PTC
GO_Biological_Process_2023,Negative Regulation Of Viral Genome Replication (GO:0045071),3/53,0.2652712949365021,0.5441427423786543,0,0,1.7209821428571428,2.283747127934128,BST2;EIF2AK2;ISG15,EC-PTC
GO_Biological_Process_2023,Positive Regulation Of NIK/NF-kappaB Signaling (GO:1901224),3/53,0.2652712949365021,0.5441427423786543,0,0,1.7209821428571428,2.283747127934128,TCIM;RPS3;EIF2AK2,EC-PTC
GO_Biological_Process_2023,"Regulation Of Alternative mRNA Splicing, Via Spliceosome (GO:0000381)",3/53,0.2652712949365021,0.5441427423786543,0,0,1.7209821428571428,2.283747127934128,PTBP1;RBM8A;SAP18,EC-PTC
GO_Biological_Process_2023,Regulation Of Cellular Response To Oxidative Stress (GO:1900407),1/9,0.2658606108749905,0.5441427423786543,0,0,3.5825296735905043,4.74607486288127,PINK1,EC-PTC
GO_Biological_Process_2023,Regulation Of Complement Activation (GO:0030449),1/9,0.2658606108749905,0.5441427423786543,0,0,3.5825296735905043,4.74607486288127,CD55,EC-PTC
GO_Biological_Process_2023,ER-associated Misfolded Protein Catabolic Process (GO:0071712),1/9,0.2658606108749905,0.5441427423786543,0,0,3.5825296735905043,4.74607486288127,VCP,EC-PTC
GO_Biological_Process_2023,ESCRT III Complex Disassembly (GO:1904903),1/9,0.2658606108749905,0.5441427423786543,0,0,3.5825296735905043,4.74607486288127,CHMP2A,EC-PTC
GO_Biological_Process_2023,ESCRT Complex Disassembly (GO:1904896),1/9,0.2658606108749905,0.5441427423786543,0,0,3.5825296735905043,4.74607486288127,CHMP2A,EC-PTC
GO_Biological_Process_2023,Regulation Of Endoplasmic Reticulum Unfolded Protein Response (GO:1900101),1/9,0.2658606108749905,0.5441427423786543,0,0,3.5825296735905043,4.74607486288127,RACK1,EC-PTC
GO_Biological_Process_2023,Regulation Of High Voltage-Gated Calcium Channel Activity (GO:1901841),1/9,0.2658606108749905,0.5441427423786543,0,0,3.5825296735905043,4.74607486288127,SRI,EC-PTC
GO_Biological_Process_2023,Actin-Mediated Cell Contraction (GO:0070252),1/9,0.2658606108749905,0.5441427423786543,0,0,3.5825296735905043,4.74607486288127,GSN,EC-PTC
GO_Biological_Process_2023,Adrenal Gland Development (GO:0030325),1/9,0.2658606108749905,0.5441427423786543,0,0,3.5825296735905043,4.74607486288127,MDK,EC-PTC
GO_Biological_Process_2023,Autophagy Of Peroxisome (GO:0030242),1/9,0.2658606108749905,0.5441427423786543,0,0,3.5825296735905043,4.74607486288127,SQSTM1,EC-PTC
GO_Biological_Process_2023,Calcium Import Into The Mitochondrion (GO:0036444),1/9,0.2658606108749905,0.5441427423786543,0,0,3.5825296735905043,4.74607486288127,SMDT1,EC-PTC
GO_Biological_Process_2023,Regulation Of Protein Acetylation (GO:1901983),1/9,0.2658606108749905,0.5441427423786543,0,0,3.5825296735905043,4.74607486288127,PARK7,EC-PTC
GO_Biological_Process_2023,Regulation Of Protein Lipidation (GO:1903059),1/9,0.2658606108749905,0.5441427423786543,0,0,3.5825296735905043,4.74607486288127,TSPO,EC-PTC
GO_Biological_Process_2023,Regulation Of Protein Localization To Chromatin (GO:1905634),1/9,0.2658606108749905,0.5441427423786543,0,0,3.5825296735905043,4.74607486288127,VCP,EC-PTC
GO_Biological_Process_2023,Cell Differentiation Involved In Metanephros Development (GO:0072202),1/9,0.2658606108749905,0.5441427423786543,0,0,3.5825296735905043,4.74607486288127,STAT1,EC-PTC
GO_Biological_Process_2023,Regulation Of Sequestering Of Calcium Ion (GO:0051282),1/9,0.2658606108749905,0.5441427423786543,0,0,3.5825296735905043,4.74607486288127,MTLN,EC-PTC
GO_Biological_Process_2023,Regulation Of Transmembrane Transporter Activity (GO:0022898),1/9,0.2658606108749905,0.5441427423786543,0,0,3.5825296735905043,4.74607486288127,SNCA,EC-PTC
GO_Biological_Process_2023,Cellular Response To Oxygen Levels (GO:0071453),1/9,0.2658606108749905,0.5441427423786543,0,0,3.5825296735905043,4.74607486288127,ATP6V1G1,EC-PTC
GO_Biological_Process_2023,Cellular Response To Prostaglandin Stimulus (GO:0071379),1/9,0.2658606108749905,0.5441427423786543,0,0,3.5825296735905043,4.74607486288127,SFRP1,EC-PTC
GO_Biological_Process_2023,Chloride Ion Homeostasis (GO:0055064),1/9,0.2658606108749905,0.5441427423786543,0,0,3.5825296735905043,4.74607486288127,SLC12A1,EC-PTC
GO_Biological_Process_2023,Response To Type I Interferon (GO:0034340),1/9,0.2658606108749905,0.5441427423786543,0,0,3.5825296735905043,4.74607486288127,ISG15,EC-PTC
GO_Biological_Process_2023,Endothelial Tube Morphogenesis (GO:0061154),1/9,0.2658606108749905,0.5441427423786543,0,0,3.5825296735905043,4.74607486288127,CSNK2B,EC-PTC
GO_Biological_Process_2023,Type II Interferon-Mediated Signaling Pathway (GO:0060333),1/9,0.2658606108749905,0.5441427423786543,0,0,3.5825296735905043,4.74607486288127,STAT1,EC-PTC
GO_Biological_Process_2023,Hematopoietic Stem Cell Differentiation (GO:0060218),1/9,0.2658606108749905,0.5441427423786543,0,0,3.5825296735905043,4.74607486288127,SFRP1,EC-PTC
GO_Biological_Process_2023,Vesicle Fusion With Vacuole (GO:0051469),1/9,0.2658606108749905,0.5441427423786543,0,0,3.5825296735905043,4.74607486288127,CHMP2A,EC-PTC
GO_Biological_Process_2023,Hormone Transport (GO:0009914),1/9,0.2658606108749905,0.5441427423786543,0,0,3.5825296735905043,4.74607486288127,SLC3A2,EC-PTC
GO_Biological_Process_2023,Iron Ion Transmembrane Transport (GO:0034755),1/9,0.2658606108749905,0.5441427423786543,0,0,3.5825296735905043,4.74607486288127,SLC40A1,EC-PTC
GO_Biological_Process_2023,Ketone Biosynthetic Process (GO:0042181),1/9,0.2658606108749905,0.5441427423786543,0,0,3.5825296735905043,4.74607486288127,TPI1,EC-PTC
GO_Biological_Process_2023,Leucine Transport (GO:0015820),1/9,0.2658606108749905,0.5441427423786543,0,0,3.5825296735905043,4.74607486288127,SLC3A2,EC-PTC
GO_Biological_Process_2023,Mitochondrion Morphogenesis (GO:0070584),1/9,0.2658606108749905,0.5441427423786543,0,0,3.5825296735905043,4.74607486288127,FIS1,EC-PTC
GO_Biological_Process_2023,Mitotic Nuclear Membrane Organization (GO:0101024),1/9,0.2658606108749905,0.5441427423786543,0,0,3.5825296735905043,4.74607486288127,REEP3,EC-PTC
GO_Biological_Process_2023,Mitotic Nuclear Membrane Reassembly (GO:0007084),1/9,0.2658606108749905,0.5441427423786543,0,0,3.5825296735905043,4.74607486288127,REEP3,EC-PTC
GO_Biological_Process_2023,Mitral Valve Morphogenesis (GO:0003183),1/9,0.2658606108749905,0.5441427423786543,0,0,3.5825296735905043,4.74607486288127,SOX4,EC-PTC
GO_Biological_Process_2023,Monoatomic Anion Homeostasis (GO:0055081),1/9,0.2658606108749905,0.5441427423786543,0,0,3.5825296735905043,4.74607486288127,SLC12A1,EC-PTC
GO_Biological_Process_2023,Motor Neuron Axon Guidance (GO:0008045),1/9,0.2658606108749905,0.5441427423786543,0,0,3.5825296735905043,4.74607486288127,EPHA4,EC-PTC
GO_Biological_Process_2023,Multivesicular Body-Lysosome Fusion (GO:0061763),1/9,0.2658606108749905,0.5441427423786543,0,0,3.5825296735905043,4.74607486288127,CHMP2A,EC-PTC
GO_Biological_Process_2023,Muscle Cell Migration (GO:0014812),1/9,0.2658606108749905,0.5441427423786543,0,0,3.5825296735905043,4.74607486288127,ITGB1BP1,EC-PTC
GO_Biological_Process_2023,Myelin Assembly (GO:0032288),1/9,0.2658606108749905,0.5441427423786543,0,0,3.5825296735905043,4.74607486288127,CD9,EC-PTC
GO_Biological_Process_2023,Necroptotic Process (GO:0070266),1/9,0.2658606108749905,0.5441427423786543,0,0,3.5825296735905043,4.74607486288127,ITPK1,EC-PTC
GO_Biological_Process_2023,Negative Regulation Of Cell-Cell Adhesion Mediated By Cadherin (GO:2000048),1/9,0.2658606108749905,0.5441427423786543,0,0,3.5825296735905043,4.74607486288127,RGCC,EC-PTC
GO_Biological_Process_2023,Negative Regulation Of Delayed Rectifier Potassium Channel Activity (GO:1902260),1/9,0.2658606108749905,0.5441427423786543,0,0,3.5825296735905043,4.74607486288127,SUMO1,EC-PTC
GO_Biological_Process_2023,Negative Regulation Of Extracellular Matrix Organization (GO:1903054),1/9,0.2658606108749905,0.5441427423786543,0,0,3.5825296735905043,4.74607486288127,CST3,EC-PTC
GO_Biological_Process_2023,Negative Regulation Of Lipid Localization (GO:1905953),1/9,0.2658606108749905,0.5441427423786543,0,0,3.5825296735905043,4.74607486288127,ITGAV,EC-PTC
GO_Biological_Process_2023,Negative Regulation Of Necroptotic Process (GO:0060546),1/9,0.2658606108749905,0.5441427423786543,0,0,3.5825296735905043,4.74607486288127,SLC25A4,EC-PTC
GO_Biological_Process_2023,Negative Regulation Of Protein Exit From Endoplasmic Reticulum (GO:0070862),1/9,0.2658606108749905,0.5441427423786543,0,0,3.5825296735905043,4.74607486288127,UBE2J1,EC-PTC
GO_Biological_Process_2023,Negative Regulation Of Protein Maturation (GO:1903318),1/9,0.2658606108749905,0.5441427423786543,0,0,3.5825296735905043,4.74607486288127,PRNP,EC-PTC
GO_Biological_Process_2023,Ornithine Metabolic Process (GO:0006591),1/9,0.2658606108749905,0.5441427423786543,0,0,3.5825296735905043,4.74607486288127,ODC1,EC-PTC
GO_Biological_Process_2023,Peptidyl-Cysteine Modification (GO:0018198),1/9,0.2658606108749905,0.5441427423786543,0,0,3.5825296735905043,4.74607486288127,PARK7,EC-PTC
GO_Biological_Process_2023,Positive Regulation Of T Cell Apoptotic Process (GO:0070234),1/9,0.2658606108749905,0.5441427423786543,0,0,3.5825296735905043,4.74607486288127,PRELID1,EC-PTC
GO_Biological_Process_2023,Positive Regulation Of Epidermis Development (GO:0045684),1/9,0.2658606108749905,0.5441427423786543,0,0,3.5825296735905043,4.74607486288127,KRT10,EC-PTC
GO_Biological_Process_2023,Positive Regulation Of Lipase Activity (GO:0060193),1/9,0.2658606108749905,0.5441427423786543,0,0,3.5825296735905043,4.74607486288127,RHOC,EC-PTC
GO_Biological_Process_2023,Positive Regulation Of Mesenchymal Cell Proliferation (GO:0002053),1/9,0.2658606108749905,0.5441427423786543,0,0,3.5825296735905043,4.74607486288127,STAT1,EC-PTC
GO_Biological_Process_2023,Positive Regulation Of Mitochondrial Membrane Permeability (GO:0035794),1/9,0.2658606108749905,0.5441427423786543,0,0,3.5825296735905043,4.74607486288127,CHCHD10,EC-PTC
GO_Biological_Process_2023,Positive Regulation Of Protein Kinase A Signaling (GO:0010739),1/9,0.2658606108749905,0.5441427423786543,0,0,3.5825296735905043,4.74607486288127,TCIM,EC-PTC
GO_Biological_Process_2023,Positive Regulation Of rRNA Processing (GO:2000234),1/9,0.2658606108749905,0.5441427423786543,0,0,3.5825296735905043,4.74607486288127,TRMT112,EC-PTC
GO_Biological_Process_2023,Positive Regulation Of Receptor Recycling (GO:0001921),1/9,0.2658606108749905,0.5441427423786543,0,0,3.5825296735905043,4.74607486288127,SNCA,EC-PTC
GO_Biological_Process_2023,Positive Regulation Of Vascular Endothelial Growth Factor Receptor Signaling Pathway (GO:0030949),1/9,0.2658606108749905,0.5441427423786543,0,0,3.5825296735905043,4.74607486288127,HIF1A,EC-PTC
GO_Biological_Process_2023,Positive Regulation Of Vasculogenesis (GO:2001214),1/9,0.2658606108749905,0.5441427423786543,0,0,3.5825296735905043,4.74607486288127,CD34,EC-PTC
GO_Biological_Process_2023,Quinone Metabolic Process (GO:1901661),1/9,0.2658606108749905,0.5441427423786543,0,0,3.5825296735905043,4.74607486288127,VKORC1,EC-PTC
GO_Biological_Process_2023,rRNA 3'-End Processing (GO:0031125),1/9,0.2658606108749905,0.5441427423786543,0,0,3.5825296735905043,4.74607486288127,RPS21,EC-PTC
GO_Biological_Process_2023,Regulation Of RNA Polymerase II Regulatory Region Sequence-Specific DNA Binding (GO:1903025),1/9,0.2658606108749905,0.5441427423786543,0,0,3.5825296735905043,4.74607486288127,TMSB4X,EC-PTC
GO_Biological_Process_2023,Regulation Of Actin Filament Length (GO:0030832),1/9,0.2658606108749905,0.5441427423786543,0,0,3.5825296735905043,4.74607486288127,BRK1,EC-PTC
GO_Biological_Process_2023,Regulation Of Actin Filament-Based Movement (GO:1903115),1/9,0.2658606108749905,0.5441427423786543,0,0,3.5825296735905043,4.74607486288127,SRI,EC-PTC
GO_Biological_Process_2023,Regulation Of Cellular Extravasation (GO:0002691),1/9,0.2658606108749905,0.5441427423786543,0,0,3.5825296735905043,4.74607486288127,PLVAP,EC-PTC
GO_Biological_Process_2023,Inorganic Cation Import Across Plasma Membrane (GO:0098659),5/103,0.2680752166699368,0.5457916292692189,0,0,1.4641334145598537,1.927513600142219,FXYD2;SLC12A1;ATP1B3;ATP1A1;ATP1B1,EC-PTC
GO_Biological_Process_2023,Regulation Of Vasculature Development (GO:1901342),2/30,0.2688767304720968,0.5457916292692189,0,0,2.048078964126512,2.690156338704488,SFRP1;RNH1,EC-PTC
GO_Biological_Process_2023,Response To Amino Acid (GO:0043200),2/30,0.2688767304720968,0.5457916292692189,0,0,2.048078964126512,2.690156338704488,RRAGA;LAMTOR1,EC-PTC
GO_Biological_Process_2023,Immunoglobulin Mediated Immune Response (GO:0016064),2/30,0.2688767304720968,0.5457916292692189,0,0,2.048078964126512,2.690156338704488,CD81;HLA-DPA1,EC-PTC
GO_Biological_Process_2023,Intrinsic Apoptotic Signaling Pathway In Response To Endoplasmic Reticulum Stress (GO:0070059),2/30,0.2688767304720968,0.5457916292692189,0,0,2.048078964126512,2.690156338704488,SELENOK;ATF4,EC-PTC
GO_Biological_Process_2023,Negative Regulation Of Axon Extension (GO:0030517),2/30,0.2688767304720968,0.5457916292692189,0,0,2.048078964126512,2.690156338704488,SEMA3D;RTN4,EC-PTC
GO_Biological_Process_2023,Negative Regulation Of Epithelial To Mesenchymal Transition (GO:0010719),2/30,0.2688767304720968,0.5457916292692189,0,0,2.048078964126512,2.690156338704488,EPHA4;SFRP1,EC-PTC
GO_Biological_Process_2023,Positive Regulation Of Phosphate Metabolic Process (GO:0045937),2/30,0.2688767304720968,0.5457916292692189,0,0,2.048078964126512,2.690156338704488,SDCBP;SNCA,EC-PTC
GO_Biological_Process_2023,Positive Regulation Of Protein Targeting To Mitochondrion (GO:1903955),2/30,0.2688767304720968,0.5457916292692189,0,0,2.048078964126512,2.690156338704488,PINK1;PDCD5,EC-PTC
GO_Biological_Process_2023,Regulation Of Calcium-Mediated Signaling (GO:0050848),2/30,0.2688767304720968,0.5457916292692189,0,0,2.048078964126512,2.690156338704488,TMBIM4;CALM2,EC-PTC
GO_Biological_Process_2023,Regulation Of Cell Migration Involved In Sprouting Angiogenesis (GO:0090049),2/30,0.2688767304720968,0.5457916292692189,0,0,2.048078964126512,2.690156338704488,RHOJ;ITGB1BP1,EC-PTC
GO_Biological_Process_2023,Cellular Response To Nutrient Levels (GO:0031669),4/78,0.2694959988728643,0.5462321887602235,0,0,1.550811616385387,2.033426882413426,KLF10;MAP1LC3B;RRAGA;SFRP1,EC-PTC
GO_Biological_Process_2023,Negative Regulation Of Protein Modification Process (GO:0031400),4/78,0.2694959988728643,0.5462321887602235,0,0,1.550811616385387,2.033426882413426,PRNP;TSPO;PARK7;PPIA,EC-PTC
GO_Biological_Process_2023,Positive Regulation Of Response To External Stimulus (GO:0032103),7/155,0.2698259345486464,0.5464930933886082,0,0,1.357814775853698,1.7787077760211778,GPRC5B;GRN;MDK;DDT;MGST2;OPTN;SNCA,EC-PTC
GO_Biological_Process_2023,Regulation Of Gene Expression (GO:0010468),42/1127,0.2731071585169809,0.5527265592638749,0,0,1.1154257758752484,1.447701118925549,RPL5;ENY2;RAMP2;BTG1;RPL11;PDCD5;AKR1B1;PARK7;AHR;YBX1;HIF1A;RPL6;PTBP1;HINT1;RACK1;RPS3;RPL17;SLC38A2;CD34;SOX4;NDFIP1;GSN;RPS7;USP22;RDX;FN1;CNPY2;EDF1;SNF8;ATP1B1;PRDX6;HNRNPAB;TLE5;MLF2;PINK1;SFRP1;SFPQ;RGCC;HNRNPF;PFDN5;ATF4;HSPA1A,EC-PTC
GO_Biological_Process_2023,Regulation Of Myoblast Differentiation (GO:0045661),3/54,0.2744784476014117,0.5550882082542326,0,0,1.6871498599439776,2.1812865899215548,RANBP3L;BTG1;SOX4,EC-PTC
GO_Biological_Process_2023,Transmembrane Receptor Protein Serine/Threonine Kinase Signaling Pathway (GO:0007178),6/130,0.2758147643105428,0.5573756695442219,0,0,1.3887603066685954,1.788759080542313,FKBP1A;JUN;COL3A1;ID1;FURIN;GDF3,EC-PTC
GO_Biological_Process_2023,Vesicle Fusion (GO:0006906),4/79,0.2770249643540596,0.5582761695669587,0,0,1.530054644808743,1.964051053516271,VAMP8;RAB13;CHMP2A;SNCA,EC-PTC
GO_Biological_Process_2023,Cellular Response To Organonitrogen Compound (GO:0071417),5/105,0.2810691325179716,0.5582761695669587,0,0,1.4347014925373134,1.82085802285662,RRAGA;SFRP1;CAPN2;AHR;LAMTOR1,EC-PTC
GO_Biological_Process_2023,Intrinsic Apoptotic Signaling Pathway (GO:0097193),5/105,0.2810691325179716,0.5582761695669587,0,0,1.4347014925373134,1.82085802285662,HINT1;CYCS;CD24;SELENOK;ATF4,EC-PTC
GO_Biological_Process_2023,Regulation Of Centrosome Duplication (GO:0010824),2/31,0.281512275101675,0.5582761695669587,0,0,1.9773530768048369,2.506451683234179,NPM1;CHMP2A,EC-PTC
GO_Biological_Process_2023,Regulation Of Extrinsic Apoptotic Signaling Pathway Via Death Domain Receptors (GO:1902041),2/31,0.281512275101675,0.5582761695669587,0,0,1.9773530768048369,2.506451683234179,LGALS3;SFRP1,EC-PTC
GO_Biological_Process_2023,Regulation Of Transmembrane Receptor Protein Serine/Threonine Kinase Signaling Pathway (GO:0090092),2/31,0.281512275101675,0.5582761695669587,0,0,1.9773530768048369,2.506451683234179,FKBP1A;DKK3,EC-PTC
GO_Biological_Process_2023,Response To Estradiol (GO:0032355),2/31,0.281512275101675,0.5582761695669587,0,0,1.9773530768048369,2.506451683234179,SFRP1;SSTR2,EC-PTC
GO_Biological_Process_2023,Endodermal Cell Differentiation (GO:0035987),2/31,0.281512275101675,0.5582761695669587,0,0,1.9773530768048369,2.506451683234179,FN1;ITGAV,EC-PTC
GO_Biological_Process_2023,Negative Chemotaxis (GO:0050919),2/31,0.281512275101675,0.5582761695669587,0,0,1.9773530768048369,2.506451683234179,SEMA3D;ITGAV,EC-PTC
GO_Biological_Process_2023,Negative Regulation Of Cell-Matrix Adhesion (GO:0001953),2/31,0.281512275101675,0.5582761695669587,0,0,1.9773530768048369,2.506451683234179,ITGB1BP1;DYNLL1,EC-PTC
GO_Biological_Process_2023,Positive Regulation Of G1/S Transition Of Mitotic Cell Cycle (GO:1900087),2/31,0.281512275101675,0.5582761695669587,0,0,1.9773530768048369,2.506451683234179,RGCC;RDX,EC-PTC
GO_Biological_Process_2023,Positive Regulation Of Mononuclear Cell Migration (GO:0071677),2/31,0.281512275101675,0.5582761695669587,0,0,1.9773530768048369,2.506451683234179,LGALS3;JAM2,EC-PTC
GO_Biological_Process_2023,Circulatory System Development (GO:0072359),6/132,0.2874478491263119,0.5582761695669587,0,0,1.3665741333902768,1.7037268711919478,RAMP2;COL3A1;SOX18;FN1;SRI;SOX4,EC-PTC
GO_Biological_Process_2023,Regulation Of Dendritic Cell Differentiation (GO:2001198),1/10,0.29064893364053,0.5582761695669587,0,0,3.184305967688757,3.9346531310997817,LGALS3,EC-PTC
GO_Biological_Process_2023,SRP-dependent Cotranslational Protein Targeting To Membrane (GO:0006614),1/10,0.29064893364053,0.5582761695669587,0,0,3.184305967688757,3.9346531310997817,SEC61B,EC-PTC
GO_Biological_Process_2023,TORC1 Signaling (GO:0038202),1/10,0.29064893364053,0.5582761695669587,0,0,3.184305967688757,3.9346531310997817,LAMTOR1,EC-PTC
GO_Biological_Process_2023,Regulation Of Lamellipodium Morphogenesis (GO:2000392),1/10,0.29064893364053,0.5582761695669587,0,0,3.184305967688757,3.9346531310997817,CORO1B,EC-PTC
GO_Biological_Process_2023,Regulation Of Low-Density Lipoprotein Particle Clearance (GO:0010988),1/10,0.29064893364053,0.5582761695669587,0,0,3.184305967688757,3.9346531310997817,CNPY2,EC-PTC
GO_Biological_Process_2023,Regulation Of Microtubule Nucleation (GO:0010968),1/10,0.29064893364053,0.5582761695669587,0,0,3.184305967688757,3.9346531310997817,HSPA1A,EC-PTC
GO_Biological_Process_2023,Regulation Of Mitochondrial Depolarization (GO:0051900),1/10,0.29064893364053,0.5582761695669587,0,0,3.184305967688757,3.9346531310997817,RACK1,EC-PTC
GO_Biological_Process_2023,Angiogenesis Involved In Wound Healing (GO:0060055),1/10,0.29064893364053,0.5582761695669587,0,0,3.184305967688757,3.9346531310997817,CD34,EC-PTC
GO_Biological_Process_2023,Regulation Of Mitotic Sister Chromatid Separation (GO:0010965),1/10,0.29064893364053,0.5582761695669587,0,0,3.184305967688757,3.9346531310997817,DUSP1,EC-PTC
GO_Biological_Process_2023,Arginine Metabolic Process (GO:0006525),1/10,0.29064893364053,0.5582761695669587,0,0,3.184305967688757,3.9346531310997817,DDAH2,EC-PTC
GO_Biological_Process_2023,Atrial Septum Morphogenesis (GO:0060413),1/10,0.29064893364053,0.5582761695669587,0,0,3.184305967688757,3.9346531310997817,SOX4,EC-PTC
GO_Biological_Process_2023,Regulation Of Phospholipase Activity (GO:0010517),1/10,0.29064893364053,0.5582761695669587,0,0,3.184305967688757,3.9346531310997817,SNCA,EC-PTC
GO_Biological_Process_2023,Branched-Chain Amino Acid Transport (GO:0015803),1/10,0.29064893364053,0.5582761695669587,0,0,3.184305967688757,3.9346531310997817,SLC3A2,EC-PTC
GO_Biological_Process_2023,Cardiac Muscle Cell Membrane Repolarization (GO:0099622),1/10,0.29064893364053,0.5582761695669587,0,0,3.184305967688757,3.9346531310997817,ATP1B1,EC-PTC
GO_Biological_Process_2023,Cellular Response To UV-A (GO:0071492),1/10,0.29064893364053,0.5582761695669587,0,0,3.184305967688757,3.9346531310997817,TIMP1,EC-PTC
GO_Biological_Process_2023,Cellular Response To Forskolin (GO:1904322),1/10,0.29064893364053,0.5582761695669587,0,0,3.184305967688757,3.9346531310997817,AHR,EC-PTC
GO_Biological_Process_2023,Regulation Of Synapse Maturation (GO:0090128),1/10,0.29064893364053,0.5582761695669587,0,0,3.184305967688757,3.9346531310997817,RELN,EC-PTC
GO_Biological_Process_2023,Cellular Response To Increased Oxygen Levels (GO:0036295),1/10,0.29064893364053,0.5582761695669587,0,0,3.184305967688757,3.9346531310997817,ATP6V1G1,EC-PTC
GO_Biological_Process_2023,Regulation Of Toll-Like Receptor 9 Signaling Pathway (GO:0034163),1/10,0.29064893364053,0.5582761695669587,0,0,3.184305967688757,3.9346531310997817,RTN4,EC-PTC
GO_Biological_Process_2023,Cellular Response To Leucine (GO:0071233),1/10,0.29064893364053,0.5582761695669587,0,0,3.184305967688757,3.9346531310997817,SESN3,EC-PTC
GO_Biological_Process_2023,Columnar/Cuboidal Epithelial Cell Differentiation (GO:0002065),1/10,0.29064893364053,0.5582761695669587,0,0,3.184305967688757,3.9346531310997817,SOX4,EC-PTC
GO_Biological_Process_2023,Copper Ion Transport (GO:0006825),1/10,0.29064893364053,0.5582761695669587,0,0,3.184305967688757,3.9346531310997817,COX17,EC-PTC
GO_Biological_Process_2023,Response To Forskolin (GO:1904321),1/10,0.29064893364053,0.5582761695669587,0,0,3.184305967688757,3.9346531310997817,AHR,EC-PTC
GO_Biological_Process_2023,Response To Leucine (GO:0043201),1/10,0.29064893364053,0.5582761695669587,0,0,3.184305967688757,3.9346531310997817,SESN3,EC-PTC
GO_Biological_Process_2023,Response To Prostaglandin E (GO:0034695),1/10,0.29064893364053,0.5582761695669587,0,0,3.184305967688757,3.9346531310997817,SFRP1,EC-PTC
GO_Biological_Process_2023,Epithelial Cell Apoptotic Process (GO:1904019),1/10,0.29064893364053,0.5582761695669587,0,0,3.184305967688757,3.9346531310997817,GSN,EC-PTC
GO_Biological_Process_2023,Vacuole Fusion (GO:0097576),1/10,0.29064893364053,0.5582761695669587,0,0,3.184305967688757,3.9346531310997817,CHMP2A,EC-PTC
GO_Biological_Process_2023,Hematopoietic Stem Cell Proliferation (GO:0071425),1/10,0.29064893364053,0.5582761695669587,0,0,3.184305967688757,3.9346531310997817,CD34,EC-PTC
GO_Biological_Process_2023,Lipoprotein Catabolic Process (GO:0042159),1/10,0.29064893364053,0.5582761695669587,0,0,3.184305967688757,3.9346531310997817,CTSD,EC-PTC
GO_Biological_Process_2023,Maintenance Of Synapse Structure (GO:0099558),1/10,0.29064893364053,0.5582761695669587,0,0,3.184305967688757,3.9346531310997817,CHCHD10,EC-PTC
GO_Biological_Process_2023,Mast Cell Activation Involved In Immune Response (GO:0002279),1/10,0.29064893364053,0.5582761695669587,0,0,3.184305967688757,3.9346531310997817,S100A13,EC-PTC
GO_Biological_Process_2023,Mast Cell Degranulation (GO:0043303),1/10,0.29064893364053,0.5582761695669587,0,0,3.184305967688757,3.9346531310997817,S100A13,EC-PTC
GO_Biological_Process_2023,Metanephric Mesenchyme Development (GO:0072075),1/10,0.29064893364053,0.5582761695669587,0,0,3.184305967688757,3.9346531310997817,STAT1,EC-PTC
GO_Biological_Process_2023,Negative Regulation Of Activated T Cell Proliferation (GO:0046007),1/10,0.29064893364053,0.5582761695669587,0,0,3.184305967688757,3.9346531310997817,PRNP,EC-PTC
GO_Biological_Process_2023,Negative Regulation Of Centrosome Duplication (GO:0010826),1/10,0.29064893364053,0.5582761695669587,0,0,3.184305967688757,3.9346531310997817,NPM1,EC-PTC
GO_Biological_Process_2023,Negative Regulation Of Exocytosis (GO:0045920),1/10,0.29064893364053,0.5582761695669587,0,0,3.184305967688757,3.9346531310997817,SNCA,EC-PTC
GO_Biological_Process_2023,Negative Regulation Of Hemostasis (GO:1900047),1/10,0.29064893364053,0.5582761695669587,0,0,3.184305967688757,3.9346531310997817,TFPI,EC-PTC
GO_Biological_Process_2023,Negative Regulation Of Interleukin-17 Production (GO:0032700),1/10,0.29064893364053,0.5582761695669587,0,0,3.184305967688757,3.9346531310997817,PRNP,EC-PTC
GO_Biological_Process_2023,Negative Regulation Of Oxidoreductase Activity (GO:0051354),1/10,0.29064893364053,0.5582761695669587,0,0,3.184305967688757,3.9346531310997817,SNCA,EC-PTC
GO_Biological_Process_2023,Negative Regulation Of Programmed Necrotic Cell Death (GO:0062099),1/10,0.29064893364053,0.5582761695669587,0,0,3.184305967688757,3.9346531310997817,SLC25A4,EC-PTC
GO_Biological_Process_2023,Negative Regulation Of Response To Cytokine Stimulus (GO:0060761),1/10,0.29064893364053,0.5582761695669587,0,0,3.184305967688757,3.9346531310997817,TLE5,EC-PTC
GO_Biological_Process_2023,Negative Regulation Of Vascular Endothelial Growth Factor Receptor Signaling Pathway (GO:0030948),1/10,0.29064893364053,0.5582761695669587,0,0,3.184305967688757,3.9346531310997817,PDCD6,EC-PTC
GO_Biological_Process_2023,Neuron Projection Maintenance (GO:1990535),1/10,0.29064893364053,0.5582761695669587,0,0,3.184305967688757,3.9346531310997817,PRNP,EC-PTC
GO_Biological_Process_2023,Nuclear Pore Complex Assembly (GO:0051292),1/10,0.29064893364053,0.5582761695669587,0,0,3.184305967688757,3.9346531310997817,RTN4,EC-PTC
GO_Biological_Process_2023,Nucleoside Triphosphate Metabolic Process (GO:0009141),1/10,0.29064893364053,0.5582761695669587,0,0,3.184305967688757,3.9346531310997817,NME2,EC-PTC
GO_Biological_Process_2023,Peptidyl-Proline Hydroxylation (GO:0019511),1/10,0.29064893364053,0.5582761695669587,0,0,3.184305967688757,3.9346531310997817,EGLN3,EC-PTC
GO_Biological_Process_2023,Positive Regulation Of Cellular Senescence (GO:2000774),1/10,0.29064893364053,0.5582761695669587,0,0,3.184305967688757,3.9346531310997817,YPEL3,EC-PTC
GO_Biological_Process_2023,Positive Regulation Of Defense Response To Bacterium (GO:1900426),1/10,0.29064893364053,0.5582761695669587,0,0,3.184305967688757,3.9346531310997817,GRN,EC-PTC
GO_Biological_Process_2023,Positive Regulation Of Mitochondrial Outer Membrane Permeabilization Involved In Apoptotic Signaling Pathway (GO:1901030),1/10,0.29064893364053,0.5582761695669587,0,0,3.184305967688757,3.9346531310997817,CHCHD10,EC-PTC
GO_Biological_Process_2023,Positive Regulation Of Non-Canonical Wnt Signaling Pathway (GO:2000052),1/10,0.29064893364053,0.5582761695669587,0,0,3.184305967688757,3.9346531310997817,SFRP1,EC-PTC
GO_Biological_Process_2023,Positive Regulation Of Transcription From RNA Polymerase II Promoter In Response To Endoplasmic Reticulum Stress (GO:1990440),1/10,0.29064893364053,0.5582761695669587,0,0,3.184305967688757,3.9346531310997817,ATF4,EC-PTC
GO_Biological_Process_2023,Protein Kinase C Signaling (GO:0070528),1/10,0.29064893364053,0.5582761695669587,0,0,3.184305967688757,3.9346531310997817,PLVAP,EC-PTC
GO_Biological_Process_2023,Protein Localization To Condensed Chromosome (GO:1903083),1/10,0.29064893364053,0.5582761695669587,0,0,3.184305967688757,3.9346531310997817,BUB3,EC-PTC
GO_Biological_Process_2023,Purine Ribonucleoside Triphosphate Biosynthetic Process (GO:0009206),1/10,0.29064893364053,0.5582761695669587,0,0,3.184305967688757,3.9346531310997817,ATP5PO,EC-PTC
GO_Biological_Process_2023,rRNA Base Methylation (GO:0070475),1/10,0.29064893364053,0.5582761695669587,0,0,3.184305967688757,3.9346531310997817,TRMT112,EC-PTC
GO_Biological_Process_2023,Regulation Of Calcium Ion Import Across Plasma Membrane (GO:1905664),1/10,0.29064893364053,0.5582761695669587,0,0,3.184305967688757,3.9346531310997817,PRNP,EC-PTC
GO_Biological_Process_2023,Regulation Of Cardiac Muscle Cell Apoptotic Process (GO:0010665),1/10,0.29064893364053,0.5582761695669587,0,0,3.184305967688757,3.9346531310997817,MDK,EC-PTC
GO_Biological_Process_2023,Activation Of Protein Kinase Activity (GO:0032147),4/81,0.2921800469829372,0.5599161190107534,0,0,1.4901581280120773,1.8334683088847,PINK1;ITGB1BP1;PARK7;PPIA,EC-PTC
GO_Biological_Process_2023,Macromolecule Modification (GO:0043412),4/81,0.2921800469829372,0.5599161190107534,0,0,1.4901581280120773,1.8334683088847,RPN2;UBE2D2;NEDD8;UBA52,EC-PTC
GO_Biological_Process_2023,Regulation Of Mitotic Nuclear Division (GO:0007088),3/56,0.2929823475794831,0.5599161190107534,0,0,1.6233153638814015,1.9928516116901265,RGCC;DUSP1;AURKAIP1,EC-PTC
GO_Biological_Process_2023,Positive Regulation Of DNA-templated Transcription Initiation (GO:2000144),3/56,0.2929823475794831,0.5599161190107534,0,0,1.6233153638814015,1.9928516116901265,GTF2A2;JUN;MED31,EC-PTC
GO_Biological_Process_2023,Regulation Of Inflammatory Response (GO:0050727),10/240,0.2931672093655918,0.5599161190107534,0,0,1.248447204968944,1.5318598920175672,PSMA6;GPRC5B;GRN;MDK;DDT;TMSB4X;MGST2;AHR;PARK7;SNCA,EC-PTC
GO_Biological_Process_2023,Positive Regulation Of Protein Phosphorylation (GO:0001934),15/377,0.2935156034589229,0.5599161190107534,0,0,1.1905449522852838,1.4593991443416052,PRNP;CD81;GDF3;PARK7;MYDGF;SDCBP;PINK1;RELN;CSNK2B;RACK1;CDK2AP1;CALM2;PAK2;PPIA;SNCA,EC-PTC
GO_Biological_Process_2023,Cellular Nitrogen Compound Biosynthetic Process (GO:0044271),2/32,0.2941289636865585,0.5599161190107534,0,0,1.91134224863794,2.338980144893674,DDAH2;SPTSSA,EC-PTC
GO_Biological_Process_2023,Transition Metal Ion Transport (GO:0000041),2/32,0.2941289636865585,0.5599161190107534,0,0,1.91134224863794,2.338980144893674,FTH1;COX17,EC-PTC
GO_Biological_Process_2023,Muscle Cell Development (GO:0055001),2/32,0.2941289636865585,0.5599161190107534,0,0,1.91134224863794,2.338980144893674,RAMP2;HES1,EC-PTC
GO_Biological_Process_2023,Neural Tube Closure (GO:0001843),2/32,0.2941289636865585,0.5599161190107534,0,0,1.91134224863794,2.338980144893674,VASP;DYNLL1,EC-PTC
GO_Biological_Process_2023,Protein Transmembrane Import Into Intracellular Organelle (GO:0044743),2/32,0.2941289636865585,0.5599161190107534,0,0,1.91134224863794,2.338980144893674,ROMO1;TOMM20,EC-PTC
GO_Biological_Process_2023,Regulation Of Calcium Ion Transmembrane Transporter Activity (GO:1901019),2/32,0.2941289636865585,0.5599161190107534,0,0,1.91134224863794,2.338980144893674,FKBP1A;CALM2,EC-PTC
GO_Biological_Process_2023,Positive Regulation Of Autophagy (GO:0010508),5/107,0.2941827326319386,0.5599161190107534,0,0,1.4064237635352648,1.720835653846199,PINK1;SESN3;PARK7;SQSTM1;OPTN,EC-PTC
GO_Biological_Process_2023,RNA Catabolic Process (GO:0006401),3/57,0.3022665095278847,0.5723091749689042,0,0,1.5931712962962965,1.9061436938313416,RNASEH2C;RNH1;HSPA1A,EC-PTC
GO_Biological_Process_2023,Membrane Lipid Biosynthetic Process (GO:0046467),3/57,0.3022665095278847,0.5723091749689042,0,0,1.5931712962962965,1.9061436938313416,ST8SIA6;DEGS1;SPTSSA,EC-PTC
GO_Biological_Process_2023,Monoatomic Anion Transport (GO:0006820),3/57,0.3022665095278847,0.5723091749689042,0,0,1.5931712962962965,1.9061436938313416,TSPO;VDAC2;CLIC1,EC-PTC
GO_Biological_Process_2023,Regulation Of Lamellipodium Assembly (GO:0010591),2/33,0.3067136933076604,0.5723091749689042,0,0,1.849590183578584,2.1859207013298554,ARPC2;BRK1,EC-PTC
GO_Biological_Process_2023,Cardiac Muscle Contraction (GO:0060048),2/33,0.3067136933076604,0.5723091749689042,0,0,1.849590183578584,2.1859207013298554,GSN;ATP1B1,EC-PTC
GO_Biological_Process_2023,Regulation Of Sprouting Angiogenesis (GO:1903670),2/33,0.3067136933076604,0.5723091749689042,0,0,1.849590183578584,2.1859207013298554,PKM;RHOJ,EC-PTC
GO_Biological_Process_2023,Regulation Of Type I Interferon-Mediated Signaling Pathway (GO:0060338),2/33,0.3067136933076604,0.5723091749689042,0,0,1.849590183578584,2.1859207013298554,CDC37;ISG15,EC-PTC
GO_Biological_Process_2023,Epithelial Tube Morphogenesis (GO:0060562),2/33,0.3067136933076604,0.5723091749689042,0,0,1.849590183578584,2.1859207013298554,CSNK2B;HES1,EC-PTC
GO_Biological_Process_2023,Vasculogenesis (GO:0001570),2/33,0.3067136933076604,0.5723091749689042,0,0,1.849590183578584,2.1859207013298554,RAMP2;SOX18,EC-PTC
GO_Biological_Process_2023,intra-Golgi Vesicle-Mediated Transport (GO:0006891),2/33,0.3067136933076604,0.5723091749689042,0,0,1.849590183578584,2.1859207013298554,GABARAPL2;COPE,EC-PTC
GO_Biological_Process_2023,Monoubiquitinated Protein Deubiquitination (GO:0035520),2/33,0.3067136933076604,0.5723091749689042,0,0,1.849590183578584,2.1859207013298554,ENY2;USP22,EC-PTC
GO_Biological_Process_2023,Positive Regulation Of Release Of Sequestered Calcium Ion Into Cytosol (GO:0051281),2/33,0.3067136933076604,0.5723091749689042,0,0,1.849590183578584,2.1859207013298554,CALM2;SNCA,EC-PTC
GO_Biological_Process_2023,Regulation Of NLRP3 Inflammasome Complex Assembly (GO:1900225),2/33,0.3067136933076604,0.5723091749689042,0,0,1.849590183578584,2.1859207013298554,STMP1;EIF2AK2,EC-PTC
GO_Biological_Process_2023,Positive Regulation Of Wnt Signaling Pathway (GO:0030177),5/109,0.3073974541952805,0.5723091749689042,0,0,1.3792336394948337,1.6269629375362376,SFRP1;VCP;GPRC5B;ATP6V0C;SOX4,EC-PTC
GO_Biological_Process_2023,Regulation Of Wnt Signaling Pathway (GO:0030111),5/109,0.3073974541952805,0.5723091749689042,0,0,1.3792336394948337,1.6269629375362376,SNX3;SFRP1;SUMO1;RACK1;ATP6V0C,EC-PTC
GO_Biological_Process_2023,Vesicle-Mediated Transport To The Plasma Membrane (GO:0098876),4/83,0.3074408555123117,0.5723091749689042,0,0,1.4522816880152427,1.712926385928981,SNX3;RAB13;SNF8;VPS35L,EC-PTC
GO_Biological_Process_2023,Regulation Of Phagocytosis (GO:0050764),3/58,0.3115640620772382,0.5723091749689042,0,0,1.5641233766233766,1.8240029529421016,SNX3;RACK1;ITGAV,EC-PTC
GO_Biological_Process_2023,Positive Regulation Of Type II Interferon Production (GO:0032729),3/58,0.3115640620772382,0.5723091749689042,0,0,1.5641233766233766,1.8240029529421016,MYDGF;ISG15;HLA-DPA1,EC-PTC
GO_Biological_Process_2023,Regulation Of Epithelial Cell Apoptotic Process (GO:1904035),1/11,0.3146014721018313,0.5723091749689042,0,0,2.865727002967359,3.3140660066069976,MDK,EC-PTC
GO_Biological_Process_2023,Regulation Of Fatty Acid Metabolic Process (GO:0019217),1/11,0.3146014721018313,0.5723091749689042,0,0,2.865727002967359,3.3140660066069976,EIF6,EC-PTC
GO_Biological_Process_2023,"RNA Splicing, Via Endonucleolytic Cleavage And Ligation (GO:0000394)",1/11,0.3146014721018313,0.5723091749689042,0,0,2.865727002967359,3.3140660066069976,RTRAF,EC-PTC
GO_Biological_Process_2023,Regulation Of Homotypic Cell-Cell Adhesion (GO:0034110),1/11,0.3146014721018313,0.5723091749689042,0,0,2.865727002967359,3.3140660066069976,RDX,EC-PTC
GO_Biological_Process_2023,Regulation Of Leukocyte Cell-Cell Adhesion (GO:1903037),1/11,0.3146014721018313,0.5723091749689042,0,0,2.865727002967359,3.3140660066069976,MDK,EC-PTC
GO_Biological_Process_2023,Regulation Of Mesenchymal Cell Proliferation (GO:0010464),1/11,0.3146014721018313,0.5723091749689042,0,0,2.865727002967359,3.3140660066069976,STAT1,EC-PTC
GO_Biological_Process_2023,Regulation Of Monocyte Chemotactic Protein-1 Production (GO:0071637),1/11,0.3146014721018313,0.5723091749689042,0,0,2.865727002967359,3.3140660066069976,GSTP1,EC-PTC
GO_Biological_Process_2023,Regulation Of Muscle System Process (GO:0090257),1/11,0.3146014721018313,0.5723091749689042,0,0,2.865727002967359,3.3140660066069976,SRI,EC-PTC
GO_Biological_Process_2023,Biogenic Amine Biosynthetic Process (GO:0042401),1/11,0.3146014721018313,0.5723091749689042,0,0,2.865727002967359,3.3140660066069976,SLC38A2,EC-PTC
GO_Biological_Process_2023,Regulation Of Protein Exit From Endoplasmic Reticulum (GO:0070861),1/11,0.3146014721018313,0.5723091749689042,0,0,2.865727002967359,3.3140660066069976,CD81,EC-PTC
GO_Biological_Process_2023,Catecholamine Biosynthetic Process (GO:0042423),1/11,0.3146014721018313,0.5723091749689042,0,0,2.865727002967359,3.3140660066069976,SNCA,EC-PTC
GO_Biological_Process_2023,Cell Part Morphogenesis (GO:0032990),1/11,0.3146014721018313,0.5723091749689042,0,0,2.865727002967359,3.3140660066069976,FIS1,EC-PTC
GO_Biological_Process_2023,Regulation Of Response To Oxidative Stress (GO:1902882),1/11,0.3146014721018313,0.5723091749689042,0,0,2.865727002967359,3.3140660066069976,PINK1,EC-PTC
GO_Biological_Process_2023,Regulation Of Stress-Activated Protein Kinase Signaling Cascade (GO:0070302),1/11,0.3146014721018313,0.5723091749689042,0,0,2.865727002967359,3.3140660066069976,GSTP1,EC-PTC
GO_Biological_Process_2023,Regulation Of Type II Interferon-Mediated Signaling Pathway (GO:0060334),1/11,0.3146014721018313,0.5723091749689042,0,0,2.865727002967359,3.3140660066069976,CDC37,EC-PTC
GO_Biological_Process_2023,Central Nervous System Projection Neuron Axonogenesis (GO:0021952),1/11,0.3146014721018313,0.5723091749689042,0,0,2.865727002967359,3.3140660066069976,EPHA4,EC-PTC
GO_Biological_Process_2023,Smooth Muscle Cell Differentiation (GO:0051145),1/11,0.3146014721018313,0.5723091749689042,0,0,2.865727002967359,3.3140660066069976,TMEM204,EC-PTC
GO_Biological_Process_2023,Epithelial Cell-Cell Adhesion (GO:0090136),1/11,0.3146014721018313,0.5723091749689042,0,0,2.865727002967359,3.3140660066069976,KIFC3,EC-PTC
GO_Biological_Process_2023,"tRNA Splicing, Via Endonucleolytic Cleavage And Ligation (GO:0006388)",1/11,0.3146014721018313,0.5723091749689042,0,0,2.865727002967359,3.3140660066069976,RTRAF,EC-PTC
GO_Biological_Process_2023,Glycerol Metabolic Process (GO:0006071),1/11,0.3146014721018313,0.5723091749689042,0,0,2.865727002967359,3.3140660066069976,TPI1,EC-PTC
GO_Biological_Process_2023,Inner Ear Receptor Cell Stereocilium Organization (GO:0060122),1/11,0.3146014721018313,0.5723091749689042,0,0,2.865727002967359,3.3140660066069976,SOD1,EC-PTC
GO_Biological_Process_2023,Lipoprotein Transport (GO:0042953),1/11,0.3146014721018313,0.5723091749689042,0,0,2.865727002967359,3.3140660066069976,SURF4,EC-PTC
GO_Biological_Process_2023,Lysosomal Membrane Organization (GO:0097212),1/11,0.3146014721018313,0.5723091749689042,0,0,2.865727002967359,3.3140660066069976,CHMP2A,EC-PTC
GO_Biological_Process_2023,Macrophage Activation Involved In Immune Response (GO:0002281),1/11,0.3146014721018313,0.5723091749689042,0,0,2.865727002967359,3.3140660066069976,GRN,EC-PTC
GO_Biological_Process_2023,Macrophage Chemotaxis (GO:0048246),1/11,0.3146014721018313,0.5723091749689042,0,0,2.865727002967359,3.3140660066069976,LGALS3,EC-PTC
GO_Biological_Process_2023,Mast Cell Mediated Immunity (GO:0002448),1/11,0.3146014721018313,0.5723091749689042,0,0,2.865727002967359,3.3140660066069976,S100A13,EC-PTC
GO_Biological_Process_2023,Mitochondrial Genome Maintenance (GO:0000002),1/11,0.3146014721018313,0.5723091749689042,0,0,2.865727002967359,3.3140660066069976,SLC25A4,EC-PTC
GO_Biological_Process_2023,Negative Regulation Of Bone Remodeling (GO:0046851),1/11,0.3146014721018313,0.5723091749689042,0,0,2.865727002967359,3.3140660066069976,SFRP1,EC-PTC
GO_Biological_Process_2023,Negative Regulation Of calcineurin-NFAT Signaling Cascade (GO:0070885),1/11,0.3146014721018313,0.5723091749689042,0,0,2.865727002967359,3.3140660066069976,PRNP,EC-PTC
GO_Biological_Process_2023,Negative Regulation Of Calcineurin-Mediated Signaling (GO:0106057),1/11,0.3146014721018313,0.5723091749689042,0,0,2.865727002967359,3.3140660066069976,PRNP,EC-PTC
GO_Biological_Process_2023,Negative Regulation Of Heart Contraction (GO:0045822),1/11,0.3146014721018313,0.5723091749689042,0,0,2.865727002967359,3.3140660066069976,SRI,EC-PTC
GO_Biological_Process_2023,Negative Regulation Of Microtubule Polymerization (GO:0031115),1/11,0.3146014721018313,0.5723091749689042,0,0,2.865727002967359,3.3140660066069976,SNCA,EC-PTC
GO_Biological_Process_2023,Negative Regulation Of Platelet-Derived Growth Factor Receptor Signaling Pathway (GO:0010642),1/11,0.3146014721018313,0.5723091749689042,0,0,2.865727002967359,3.3140660066069976,SNCA,EC-PTC
GO_Biological_Process_2023,Negative Regulation Of Reactive Oxygen Species Biosynthetic Process (GO:1903427),1/11,0.3146014721018313,0.5723091749689042,0,0,2.865727002967359,3.3140660066069976,PARK7,EC-PTC
GO_Biological_Process_2023,Negative Regulation Of Vascular Permeability (GO:0043116),1/11,0.3146014721018313,0.5723091749689042,0,0,2.865727002967359,3.3140660066069976,RAMP2,EC-PTC
GO_Biological_Process_2023,Negative Regulation Of Voltage-Gated Potassium Channel Activity (GO:1903817),1/11,0.3146014721018313,0.5723091749689042,0,0,2.865727002967359,3.3140660066069976,SUMO1,EC-PTC
GO_Biological_Process_2023,Neutrophil Activation Involved In Immune Response (GO:0002283),1/11,0.3146014721018313,0.5723091749689042,0,0,2.865727002967359,3.3140660066069976,VAMP8,EC-PTC
GO_Biological_Process_2023,Nucleoside Phosphate Biosynthetic Process (GO:1901293),1/11,0.3146014721018313,0.5723091749689042,0,0,2.865727002967359,3.3140660066069976,NME2,EC-PTC
GO_Biological_Process_2023,Podocyte Differentiation (GO:0072112),1/11,0.3146014721018313,0.5723091749689042,0,0,2.865727002967359,3.3140660066069976,CD24,EC-PTC
GO_Biological_Process_2023,Positive Regulation Of Behavior (GO:0048520),1/11,0.3146014721018313,0.5723091749689042,0,0,2.865727002967359,3.3140660066069976,NPAS2,EC-PTC
GO_Biological_Process_2023,Positive Regulation Of Cytoplasmic Transport (GO:1903651),1/11,0.3146014721018313,0.5723091749689042,0,0,2.865727002967359,3.3140660066069976,RDX,EC-PTC
GO_Biological_Process_2023,Positive Regulation Of Keratinocyte Proliferation (GO:0010838),1/11,0.3146014721018313,0.5723091749689042,0,0,2.865727002967359,3.3140660066069976,MDK,EC-PTC
GO_Biological_Process_2023,Positive Regulation Of Muscle Contraction (GO:0045933),1/11,0.3146014721018313,0.5723091749689042,0,0,2.865727002967359,3.3140660066069976,ENO1,EC-PTC
GO_Biological_Process_2023,Positive Regulation Of Protein Exit From Endoplasmic Reticulum (GO:0070863),1/11,0.3146014721018313,0.5723091749689042,0,0,2.865727002967359,3.3140660066069976,CD81,EC-PTC
GO_Biological_Process_2023,Positive Regulation Of Protein Maturation (GO:1903319),1/11,0.3146014721018313,0.5723091749689042,0,0,2.865727002967359,3.3140660066069976,SOX4,EC-PTC
GO_Biological_Process_2023,Positive Regulation Of Protein Polyubiquitination (GO:1902916),1/11,0.3146014721018313,0.5723091749689042,0,0,2.865727002967359,3.3140660066069976,GABARAP,EC-PTC
GO_Biological_Process_2023,Programmed Necrotic Cell Death (GO:0097300),1/11,0.3146014721018313,0.5723091749689042,0,0,2.865727002967359,3.3140660066069976,ITPK1,EC-PTC
GO_Biological_Process_2023,Protein Localization To Kinetochore (GO:0034501),1/11,0.3146014721018313,0.5723091749689042,0,0,2.865727002967359,3.3140660066069976,BUB3,EC-PTC
GO_Biological_Process_2023,Purine Ribonucleotide Metabolic Process (GO:0009150),4/84,0.3151021784574237,0.572836356553121,0,0,1.434053651266766,1.6561287857590377,HINT1;ATP1B1;RAN;HSPA1A,EC-PTC
GO_Biological_Process_2023,Regulation Of Metal Ion Transport (GO:0010959),2/34,0.319254264283254,0.5761425792646631,0,0,1.7916976225854384,2.045701984443359,ATP1A1;SRI,EC-PTC
GO_Biological_Process_2023,Cellular Response To Amyloid-Beta (GO:1904646),2/34,0.319254264283254,0.5761425792646631,0,0,1.7916976225854384,2.045701984443359,EPHA4;PRNP,EC-PTC
GO_Biological_Process_2023,Response To Estrogen (GO:0043627),2/34,0.319254264283254,0.5761425792646631,0,0,1.7916976225854384,2.045701984443359,SFRP1;CD24,EC-PTC
GO_Biological_Process_2023,Glial Cell Differentiation (GO:0010001),2/34,0.319254264283254,0.5761425792646631,0,0,1.7916976225854384,2.045701984443359,VCAN;RELN,EC-PTC
GO_Biological_Process_2023,Histone Deubiquitination (GO:0016578),2/34,0.319254264283254,0.5761425792646631,0,0,1.7916976225854384,2.045701984443359,ENY2;USP22,EC-PTC
GO_Biological_Process_2023,Negative Regulation Of JNK Cascade (GO:0046329),2/34,0.319254264283254,0.5761425792646631,0,0,1.7916976225854384,2.045701984443359,PINK1;GSTP1,EC-PTC
GO_Biological_Process_2023,Negative Regulation Of Ras Protein Signal Transduction (GO:0046580),2/34,0.319254264283254,0.5761425792646631,0,0,1.7916976225854384,2.045701984443359,SPRY4;DYNLL1,EC-PTC
GO_Biological_Process_2023,Negative Regulation Of Cell Cycle Process (GO:0010948),2/34,0.319254264283254,0.5761425792646631,0,0,1.7916976225854384,2.045701984443359,CHMP2A;AURKAIP1,EC-PTC
GO_Biological_Process_2023,Positive Regulation Of Carbohydrate Metabolic Process (GO:0045913),2/34,0.319254264283254,0.5761425792646631,0,0,1.7916976225854384,2.045701984443359,HIF1A;SNCA,EC-PTC
GO_Biological_Process_2023,Positive Regulation Of Organelle Organization (GO:0010638),2/34,0.319254264283254,0.5761425792646631,0,0,1.7916976225854384,2.045701984443359,ANXA2;SURF4,EC-PTC
GO_Biological_Process_2023,Regulation Of calcineurin-NFAT Signaling Cascade (GO:0070884),2/34,0.319254264283254,0.5761425792646631,0,0,1.7916976225854384,2.045701984443359,PTBP1;PRNP,EC-PTC
GO_Biological_Process_2023,Regulation Of Transforming Growth Factor Beta Receptor Signaling Pathway (GO:0017015),5/111,0.3206950254878967,0.5771395214278101,0,0,1.3530695578710223,1.5387982229219364,FKBP1A;SDCBP;FAM89B;DKK3;HSPA1A,EC-PTC
GO_Biological_Process_2023,DNA-templated Transcription Initiation (GO:0006352),3/59,0.320869174284239,0.5771395214278101,0,0,1.5361128826530612,1.746132994325606,GTF2A2;ELOB;ELOC,EC-PTC
GO_Biological_Process_2023,Heart Morphogenesis (GO:0003007),3/59,0.320869174284239,0.5771395214278101,0,0,1.5361128826530612,1.746132994325606,FKBP1A;HES1;DYNLL1,EC-PTC
GO_Biological_Process_2023,Negative Regulation Of Protein-Containing Complex Assembly (GO:0031333),3/59,0.320869174284239,0.5771395214278101,0,0,1.5361128826530612,1.746132994325606,RPL13A;PARK7;CRYAB,EC-PTC
GO_Biological_Process_2023,protein-DNA Complex Assembly (GO:0065004),3/59,0.320869174284239,0.5771395214278101,0,0,1.5361128826530612,1.746132994325606,BRD2;NPM1;GTF2H5,EC-PTC
GO_Biological_Process_2023,Calcium-Mediated Signaling (GO:0019722),4/85,0.3227795726260685,0.5794245335442182,0,0,1.4162756894997333,1.6015041927290874,FIS1;PRNP;DEFB1;ATP1B1,EC-PTC
GO_Biological_Process_2023,Response To Interleukin-1 (GO:0070555),4/85,0.3227795726260685,0.5794245335442182,0,0,1.4162756894997333,1.6015041927290874,SFRP1;HIF1A;TLE5;SNCA,EC-PTC
GO_Biological_Process_2023,Positive Regulation Of Canonical Wnt Signaling Pathway (GO:0090263),4/85,0.3227795726260685,0.5794245335442182,0,0,1.4162756894997333,1.6015041927290874,GPRC5B;SFRP1;VCP;SOX4,EC-PTC
GO_Biological_Process_2023,Regulation Of Protein Serine/Threonine Kinase Activity (GO:0071900),5/112,0.3273692631684533,0.585024955033394,0,0,1.3403543032501046,1.4967287486226963,CCNI;CDC37;SNF8;CALM2;SNCA,EC-PTC
GO_Biological_Process_2023,Positive Regulation Of Cell Motility (GO:2000147),9/221,0.3306304571747568,0.585024955033394,0,0,1.2183197348291688,1.3483802043154336,EPHA4;SDCBP;GRN;FAM89B;MDK;SEMA3D;RDX;RACK1;RHOC,EC-PTC
GO_Biological_Process_2023,Regulation Of Cellular Senescence (GO:2000772),2/35,0.3317393345085176,0.585024955033394,0,0,1.7373137016524831,1.9169619374596896,YBX1;YPEL3,EC-PTC
GO_Biological_Process_2023,Adherens Junction Organization (GO:0034332),2/35,0.3317393345085176,0.585024955033394,0,0,1.7373137016524831,1.9169619374596896,RAMP2;PAK2,EC-PTC
GO_Biological_Process_2023,Skeletal Muscle Organ Development (GO:0060538),2/35,0.3317393345085176,0.585024955033394,0,0,1.7373137016524831,1.9169619374596896,MYL6;MYL6B,EC-PTC
GO_Biological_Process_2023,Intrinsic Apoptotic Signaling Pathway By P53 Class Mediator (GO:0072332),2/35,0.3317393345085176,0.585024955033394,0,0,1.7373137016524831,1.9169619374596896,HINT1;TMEM109,EC-PTC
GO_Biological_Process_2023,Neutral Amino Acid Transport (GO:0015804),2/35,0.3317393345085176,0.585024955033394,0,0,1.7373137016524831,1.9169619374596896,SLC3A2;SLC38A2,EC-PTC
GO_Biological_Process_2023,Positive Regulation Of Substrate Adhesion-Dependent Cell Spreading (GO:1900026),2/35,0.3317393345085176,0.585024955033394,0,0,1.7373137016524831,1.9169619374596896,MDK;S100A10,EC-PTC
GO_Biological_Process_2023,Protein Methylation (GO:0006479),2/35,0.3317393345085176,0.585024955033394,0,0,1.7373137016524831,1.9169619374596896,TRMT112;SNRPB,EC-PTC
GO_Biological_Process_2023,Regulation Of Leukocyte Adhesion To Vascular Endothelial Cell (GO:1904994),1/12,0.3377463657924749,0.585024955033394,0,0,2.6050714863771245,2.8277010577727983,MDK,EC-PTC
GO_Biological_Process_2023,Regulation Of Lymphocyte Migration (GO:2000401),1/12,0.3377463657924749,0.585024955033394,0,0,2.6050714863771245,2.8277010577727983,JAM2,EC-PTC
GO_Biological_Process_2023,Alanine Transport (GO:0032328),1/12,0.3377463657924749,0.585024955033394,0,0,2.6050714863771245,2.8277010577727983,SLC38A2,EC-PTC
GO_Biological_Process_2023,Astrocyte Activation (GO:0048143),1/12,0.3377463657924749,0.585024955033394,0,0,2.6050714863771245,2.8277010577727983,GRN,EC-PTC
GO_Biological_Process_2023,Biogenic Amine Metabolic Process (GO:0006576),1/12,0.3377463657924749,0.585024955033394,0,0,2.6050714863771245,2.8277010577727983,ODC1,EC-PTC
GO_Biological_Process_2023,Regulation Of Platelet-Derived Growth Factor Receptor Signaling Pathway (GO:0010640),1/12,0.3377463657924749,0.585024955033394,0,0,2.6050714863771245,2.8277010577727983,SNCA,EC-PTC
GO_Biological_Process_2023,Cardiac Right Ventricle Morphogenesis (GO:0003215),1/12,0.3377463657924749,0.585024955033394,0,0,2.6050714863771245,2.8277010577727983,SOX4,EC-PTC
GO_Biological_Process_2023,Cell Projection Assembly (GO:0030031),1/12,0.3377463657924749,0.585024955033394,0,0,2.6050714863771245,2.8277010577727983,GSN,EC-PTC
GO_Biological_Process_2023,"Regulation Of Retrograde Protein Transport, ER To Cytosol (GO:1904152)",1/12,0.3377463657924749,0.585024955033394,0,0,2.6050714863771245,2.8277010577727983,UBE2J1,EC-PTC
GO_Biological_Process_2023,Cellular Component Maintenance (GO:0043954),1/12,0.3377463657924749,0.585024955033394,0,0,2.6050714863771245,2.8277010577727983,PRNP,EC-PTC
GO_Biological_Process_2023,Regulation Of Tube Diameter (GO:0035296),1/12,0.3377463657924749,0.585024955033394,0,0,2.6050714863771245,2.8277010577727983,ITGB1BP1,EC-PTC
GO_Biological_Process_2023,Cristae Formation (GO:0042407),1/12,0.3377463657924749,0.585024955033394,0,0,2.6050714863771245,2.8277010577727983,MICOS10,EC-PTC
GO_Biological_Process_2023,Defense Response To Tumor Cell (GO:0002357),1/12,0.3377463657924749,0.585024955033394,0,0,2.6050714863771245,2.8277010577727983,PRDX2,EC-PTC
GO_Biological_Process_2023,Response To Muramyl Dipeptide (GO:0032495),1/12,0.3377463657924749,0.585024955033394,0,0,2.6050714863771245,2.8277010577727983,VIM,EC-PTC
GO_Biological_Process_2023,Detection Of Calcium Ion (GO:0005513),1/12,0.3377463657924749,0.585024955033394,0,0,2.6050714863771245,2.8277010577727983,CALM2,EC-PTC
GO_Biological_Process_2023,Early Endosome To Golgi Transport (GO:0034498),1/12,0.3377463657924749,0.585024955033394,0,0,2.6050714863771245,2.8277010577727983,SURF4,EC-PTC
GO_Biological_Process_2023,Fatty Acid Elongation (GO:0030497),1/12,0.3377463657924749,0.585024955033394,0,0,2.6050714863771245,2.8277010577727983,TECR,EC-PTC
GO_Biological_Process_2023,tRNA 5'-Leader Removal (GO:0001682),1/12,0.3377463657924749,0.585024955033394,0,0,2.6050714863771245,2.8277010577727983,SSB,EC-PTC
GO_Biological_Process_2023,Vascular Process In Circulatory System (GO:0003018),1/12,0.3377463657924749,0.585024955033394,0,0,2.6050714863771245,2.8277010577727983,ITGB1BP1,EC-PTC
GO_Biological_Process_2023,Very Long-Chain Fatty Acid Biosynthetic Process (GO:0042761),1/12,0.3377463657924749,0.585024955033394,0,0,2.6050714863771245,2.8277010577727983,TECR,EC-PTC
GO_Biological_Process_2023,Lipoprotein Localization (GO:0044872),1/12,0.3377463657924749,0.585024955033394,0,0,2.6050714863771245,2.8277010577727983,SURF4,EC-PTC
GO_Biological_Process_2023,Macrophage Migration (GO:1905517),1/12,0.3377463657924749,0.585024955033394,0,0,2.6050714863771245,2.8277010577727983,LGALS3,EC-PTC
GO_Biological_Process_2023,Multicellular Organismal-Level Iron Ion Homeostasis (GO:0060586),1/12,0.3377463657924749,0.585024955033394,0,0,2.6050714863771245,2.8277010577727983,SLC40A1,EC-PTC
GO_Biological_Process_2023,Negative Regulation By Host Of Viral Transcription (GO:0043922),1/12,0.3377463657924749,0.585024955033394,0,0,2.6050714863771245,2.8277010577727983,JUN,EC-PTC
GO_Biological_Process_2023,Negative Regulation Of JUN Kinase Activity (GO:0043508),1/12,0.3377463657924749,0.585024955033394,0,0,2.6050714863771245,2.8277010577727983,GSTP1,EC-PTC
GO_Biological_Process_2023,Negative Regulation Of Cell Cycle Phase Transition (GO:1901988),1/12,0.3377463657924749,0.585024955033394,0,0,2.6050714863771245,2.8277010577727983,RGCC,EC-PTC
GO_Biological_Process_2023,Negative Regulation Of Coagulation (GO:0050819),1/12,0.3377463657924749,0.585024955033394,0,0,2.6050714863771245,2.8277010577727983,TFPI,EC-PTC
GO_Biological_Process_2023,Negative Regulation Of Complement Activation (GO:0045916),1/12,0.3377463657924749,0.585024955033394,0,0,2.6050714863771245,2.8277010577727983,CD55,EC-PTC
GO_Biological_Process_2023,Negative Regulation Of Macrophage Derived Foam Cell Differentiation (GO:0010745),1/12,0.3377463657924749,0.585024955033394,0,0,2.6050714863771245,2.8277010577727983,ITGAV,EC-PTC
GO_Biological_Process_2023,Negative Regulation Of Mononuclear Cell Migration (GO:0071676),1/12,0.3377463657924749,0.585024955033394,0,0,2.6050714863771245,2.8277010577727983,DUSP1,EC-PTC
GO_Biological_Process_2023,Nucleotide Metabolic Process (GO:0009117),1/12,0.3377463657924749,0.585024955033394,0,0,2.6050714863771245,2.8277010577727983,PARK7,EC-PTC
GO_Biological_Process_2023,Oligosaccharide-Lipid Intermediate Biosynthetic Process (GO:0006490),1/12,0.3377463657924749,0.585024955033394,0,0,2.6050714863771245,2.8277010577727983,PDCD6,EC-PTC
GO_Biological_Process_2023,Phosphatidylcholine Acyl-Chain Remodeling (GO:0036151),1/12,0.3377463657924749,0.585024955033394,0,0,2.6050714863771245,2.8277010577727983,TSPO,EC-PTC
GO_Biological_Process_2023,Positive Regulation By Symbiont Of Entry Into Host (GO:0075294),1/12,0.3377463657924749,0.585024955033394,0,0,2.6050714863771245,2.8277010577727983,FURIN,EC-PTC
GO_Biological_Process_2023,"Positive Regulation Of CD4-positive, Alpha-Beta T Cell Activation (GO:2000516)",1/12,0.3377463657924749,0.585024955033394,0,0,2.6050714863771245,2.8277010577727983,CD81,EC-PTC
GO_Biological_Process_2023,Positive Regulation Of Alcohol Biosynthetic Process (GO:1902932),1/12,0.3377463657924749,0.585024955033394,0,0,2.6050714863771245,2.8277010577727983,SNCA,EC-PTC
GO_Biological_Process_2023,Positive Regulation Of Fatty Acid Oxidation (GO:0046321),1/12,0.3377463657924749,0.585024955033394,0,0,2.6050714863771245,2.8277010577727983,MTLN,EC-PTC
GO_Biological_Process_2023,Positive Regulation Of Neuron Migration (GO:2001224),1/12,0.3377463657924749,0.585024955033394,0,0,2.6050714863771245,2.8277010577727983,MDK,EC-PTC
GO_Biological_Process_2023,Positive Regulation Of Reactive Oxygen Species Biosynthetic Process (GO:1903428),1/12,0.3377463657924749,0.585024955033394,0,0,2.6050714863771245,2.8277010577727983,SLC5A3,EC-PTC
GO_Biological_Process_2023,Positive Regulation Of Ruffle Assembly (GO:1900029),1/12,0.3377463657924749,0.585024955033394,0,0,2.6050714863771245,2.8277010577727983,PFN1,EC-PTC
GO_Biological_Process_2023,Positive Regulation Of Vascular Endothelial Cell Proliferation (GO:1905564),1/12,0.3377463657924749,0.585024955033394,0,0,2.6050714863771245,2.8277010577727983,MDK,EC-PTC
GO_Biological_Process_2023,Positive Regulation Of Viral Entry Into Host Cell (GO:0046598),1/12,0.3377463657924749,0.585024955033394,0,0,2.6050714863771245,2.8277010577727983,FURIN,EC-PTC
GO_Biological_Process_2023,Protein Heterotetramerization (GO:0051290),1/12,0.3377463657924749,0.585024955033394,0,0,2.6050714863771245,2.8277010577727983,KRT10,EC-PTC
GO_Biological_Process_2023,Pseudouridine Synthesis (GO:0001522),1/12,0.3377463657924749,0.585024955033394,0,0,2.6050714863771245,2.8277010577727983,NOP10,EC-PTC
GO_Biological_Process_2023,Regulation Of SNARE Complex Assembly (GO:0035542),1/12,0.3377463657924749,0.585024955033394,0,0,2.6050714863771245,2.8277010577727983,SNCA,EC-PTC
GO_Biological_Process_2023,Regulation Of T Cell Differentiation In Thymus (GO:0033081),1/12,0.3377463657924749,0.585024955033394,0,0,2.6050714863771245,2.8277010577727983,SOD1,EC-PTC
GO_Biological_Process_2023,Regulation Of Type II Interferon Production (GO:0032649),4/87,0.3381693149961477,0.5853842316950524,0,0,1.3820049198283446,1.4983815875097284,MYDGF;PRNP;ISG15;HLA-DPA1,EC-PTC
GO_Biological_Process_2023,Autophagosome Organization (GO:1905037),3/61,0.3394796893565406,0.5861581921756925,0,0,1.4829895320197044,1.6021346297148102,GABARAPL2;MAP1LC3B;GABARAP,EC-PTC
GO_Biological_Process_2023,Regulation Of Pathway-Restricted SMAD Protein Phosphorylation (GO:0060393),3/61,0.3394796893565406,0.5861581921756925,0,0,1.4829895320197044,1.6021346297148102,SDCBP;CSNK2B;GDF3,EC-PTC
GO_Biological_Process_2023,Negative Regulation Of Autophagy (GO:0010507),3/61,0.3394796893565406,0.5861581921756925,0,0,1.4829895320197044,1.6021346297148102,RRAGA;PINK1;SNCA,EC-PTC
GO_Biological_Process_2023,Positive Regulation Of Cell Junction Assembly (GO:1901890),3/61,0.3394796893565406,0.5861581921756925,0,0,1.4829895320197044,1.6021346297148102,SFRP1;IRX3;S100A10,EC-PTC
GO_Biological_Process_2023,Response To Endoplasmic Reticulum Stress (GO:0034976),5/114,0.3407576211268956,0.5876175866543801,0,0,1.3156237162809803,1.416379236300862,VCP;JUN;UFC1;SELENOK;ATF4,EC-PTC
GO_Biological_Process_2023,Regulation Of MAP Kinase Activity (GO:0043405),5/114,0.3407576211268956,0.5876175866543801,0,0,1.3156237162809803,1.416379236300862,DUSP1;GSTP1;SPRY4;SNF8;CD24,EC-PTC
GO_Biological_Process_2023,Regulation Of Intracellular Protein Transport (GO:0033157),2/36,0.3441583753609405,0.5912296948009579,0,0,1.686128834892055,1.7985149434027647,IFI27;OAZ1,EC-PTC
GO_Biological_Process_2023,Regulation Of Trans-Synaptic Signaling (GO:0099177),2/36,0.3441583753609405,0.5912296948009579,0,0,1.686128834892055,1.7985149434027647,RELN;FABP5,EC-PTC
GO_Biological_Process_2023,Histone H3 Acetylation (GO:0043966),2/36,0.3441583753609405,0.5912296948009579,0,0,1.686128834892055,1.7985149434027647,ENY2;USP22,EC-PTC
GO_Biological_Process_2023,Lytic Vacuole Organization (GO:0080171),2/36,0.3441583753609405,0.5912296948009579,0,0,1.686128834892055,1.7985149434027647,GRN;LAMTOR1,EC-PTC
GO_Biological_Process_2023,Negative Regulation Of Protein Kinase B Signaling (GO:0051898),2/36,0.3441583753609405,0.5912296948009579,0,0,1.686128834892055,1.7985149434027647,PDCD6;RACK1,EC-PTC
GO_Biological_Process_2023,Neural Crest Cell Migration (GO:0001755),2/36,0.3441583753609405,0.5912296948009579,0,0,1.686128834892055,1.7985149434027647,SEMA3D;FN1,EC-PTC
GO_Biological_Process_2023,Positive Regulation Of Cell Adhesion (GO:0045785),4/88,0.345875192120444,0.5938034271802314,0,0,1.3654815130224969,1.449700706027537,EPHA4;ADGRG1;MDK;ITGAV,EC-PTC
GO_Biological_Process_2023,Positive Regulation Of Protein Modification Process (GO:0031401),9/225,0.3496063586684577,0.5978367694521524,0,0,1.195508008008008,1.2564160888305649,MYDGF;PTBP1;PINK1;RELN;RACK1;CDK2AP1;DYNLL1;CALM2;PPIA,EC-PTC
GO_Biological_Process_2023,Cellular Response To Peptide Hormone Stimulus (GO:0071375),4/89,0.3535842016398507,0.5978367694521524,0,0,1.3493468922591392,1.4028264048100847,PKM;TBC1D4;RAB13;LPIN2,EC-PTC
GO_Biological_Process_2023,RNA Stabilization (GO:0043489),2/37,0.3565016301794919,0.5978367694521524,0,0,1.6378688176607938,1.6893248683462112,YBX1;PAIP1,EC-PTC
GO_Biological_Process_2023,Regulation Of Ossification (GO:0030278),2/37,0.3565016301794919,0.5978367694521524,0,0,1.6378688176607938,1.6893248683462112,SFRP1;MDK,EC-PTC
GO_Biological_Process_2023,Type I Interferon-Mediated Signaling Pathway (GO:0060337),2/37,0.3565016301794919,0.5978367694521524,0,0,1.6378688176607938,1.6893248683462112,IFI27;STAT1,EC-PTC
GO_Biological_Process_2023,Ventricular Septum Development (GO:0003281),2/37,0.3565016301794919,0.5978367694521524,0,0,1.6378688176607938,1.6893248683462112,HES1;SOX4,EC-PTC
GO_Biological_Process_2023,Muscle Cell Differentiation (GO:0042692),2/37,0.3565016301794919,0.5978367694521524,0,0,1.6378688176607938,1.6893248683462112,TMEM204;MTLN,EC-PTC
GO_Biological_Process_2023,Muscle Tissue Development (GO:0060537),2/37,0.3565016301794919,0.5978367694521524,0,0,1.6378688176607938,1.6893248683462112,MYL6;MYL6B,EC-PTC
GO_Biological_Process_2023,Negative Regulation Of Transferase Activity (GO:0051348),2/37,0.3565016301794919,0.5978367694521524,0,0,1.6378688176607938,1.6893248683462112,PARK7;BUB3,EC-PTC
GO_Biological_Process_2023,Positive Regulation Of Immune Effector Process (GO:0002699),2/37,0.3565016301794919,0.5978367694521524,0,0,1.6378688176607938,1.6893248683462112,RPS19;CD81,EC-PTC
GO_Biological_Process_2023,Positive Regulation Of Signaling (GO:0023056),2/37,0.3565016301794919,0.5978367694521524,0,0,1.6378688176607938,1.6893248683462112,ANXA2;SNCA,EC-PTC
GO_Biological_Process_2023,Regulation Of Cellular Component Biogenesis (GO:0044087),2/37,0.3565016301794919,0.5978367694521524,0,0,1.6378688176607938,1.6893248683462112,PINK1;RDX,EC-PTC
GO_Biological_Process_2023,Positive Regulation Of Mitotic Cell Cycle Phase Transition (GO:1901992),3/63,0.3580551516913028,0.5978367694521524,0,0,1.433407738095238,1.4722075763035996,RGCC;RDX;ANAPC11,EC-PTC
GO_Biological_Process_2023,Protein Polymerization (GO:0051258),3/63,0.3580551516913028,0.5978367694521524,0,0,1.433407738095238,1.4722075763035996,GSN;GPX4;CHMP2A,EC-PTC
GO_Biological_Process_2023,Ras Protein Signal Transduction (GO:0007265),6/144,0.3589340621333507,0.5978367694521524,0,0,1.2469617209332553,1.2776576517751732,ADGRG1;CFL1;BRK1;PARK7;ARHGAP5;RASGRP3,EC-PTC
GO_Biological_Process_2023,Central Nervous System Development (GO:0007417),11/283,0.3595969456771823,0.5978367694521524,0,0,1.160430324238129,1.1868550286559587,COX7B;ADGRG1;MARCKS;RELN;GSN;GSTP1;UFC1;IER3IP1;SOX4;NPAS2;RTN4,EC-PTC
GO_Biological_Process_2023,GTP Metabolic Process (GO:0046039),1/13,0.3601108081088811,0.5978367694521524,0,0,2.3878585558852623,2.438823802055269,RAN,EC-PTC
GO_Biological_Process_2023,Regulation Of Fatty Acid Beta-Oxidation (GO:0031998),1/13,0.3601108081088811,0.5978367694521524,0,0,2.3878585558852623,2.438823802055269,MTLN,EC-PTC
GO_Biological_Process_2023,Regulation Of Gastrulation (GO:0010470),1/13,0.3601108081088811,0.5978367694521524,0,0,2.3878585558852623,2.438823802055269,RACK1,EC-PTC
GO_Biological_Process_2023,Regulation Of Humoral Immune Response (GO:0002920),1/13,0.3601108081088811,0.5978367694521524,0,0,2.3878585558852623,2.438823802055269,CD55,EC-PTC
GO_Biological_Process_2023,Regulation Of Immune Effector Process (GO:0002697),1/13,0.3601108081088811,0.5978367694521524,0,0,2.3878585558852623,2.438823802055269,CD55,EC-PTC
GO_Biological_Process_2023,Regulation Of Intrinsic Apoptotic Signaling Pathway In Response To DNA Damage By P53 Class Mediator (GO:1902165),1/13,0.3601108081088811,0.5978367694521524,0,0,2.3878585558852623,2.438823802055269,RPL26,EC-PTC
GO_Biological_Process_2023,Regulation Of Leukocyte Migration (GO:0002685),1/13,0.3601108081088811,0.5978367694521524,0,0,2.3878585558852623,2.438823802055269,CD81,EC-PTC
GO_Biological_Process_2023,Regulation Of Macrophage Cytokine Production (GO:0010935),1/13,0.3601108081088811,0.5978367694521524,0,0,2.3878585558852623,2.438823802055269,GPRC5B,EC-PTC
GO_Biological_Process_2023,Regulation Of Nitric-Oxide Synthase Biosynthetic Process (GO:0051769),1/13,0.3601108081088811,0.5978367694521524,0,0,2.3878585558852623,2.438823802055269,GSTP1,EC-PTC
GO_Biological_Process_2023,Regulation Of Oxidoreductase Activity (GO:0051341),1/13,0.3601108081088811,0.5978367694521524,0,0,2.3878585558852623,2.438823802055269,FDX1,EC-PTC
GO_Biological_Process_2023,Regulation Of Response To Stress (GO:0080134),1/13,0.3601108081088811,0.5978367694521524,0,0,2.3878585558852623,2.438823802055269,SLC38A2,EC-PTC
GO_Biological_Process_2023,Cellular Response To Arsenic-Containing Substance (GO:0071243),1/13,0.3601108081088811,0.5978367694521524,0,0,2.3878585558852623,2.438823802055269,VCP,EC-PTC
GO_Biological_Process_2023,Regulation Of Trophoblast Cell Migration (GO:1901163),1/13,0.3601108081088811,0.5978367694521524,0,0,2.3878585558852623,2.438823802055269,TIMP1,EC-PTC
GO_Biological_Process_2023,Regulation Of Vasculogenesis (GO:2001212),1/13,0.3601108081088811,0.5978367694521524,0,0,2.3878585558852623,2.438823802055269,CD34,EC-PTC
GO_Biological_Process_2023,Response To UV-A (GO:0070141),1/13,0.3601108081088811,0.5978367694521524,0,0,2.3878585558852623,2.438823802055269,TIMP1,EC-PTC
GO_Biological_Process_2023,Clathrin Coat Assembly (GO:0048268),1/13,0.3601108081088811,0.5978367694521524,0,0,2.3878585558852623,2.438823802055269,CLTA,EC-PTC
GO_Biological_Process_2023,Response To Chemokine (GO:1990868),1/13,0.3601108081088811,0.5978367694521524,0,0,2.3878585558852623,2.438823802055269,DUSP1,EC-PTC
GO_Biological_Process_2023,Cytoplasmic Sequestering Of Transcription Factor (GO:0042994),1/13,0.3601108081088811,0.5978367694521524,0,0,2.3878585558852623,2.438823802055269,TMSB4X,EC-PTC
GO_Biological_Process_2023,"Endonucleolytic Cleavage Of Tricistronic rRNA Transcript (SSU-rRNA, 5.8S rRNA, LSU-rRNA) (GO:0000479)",1/13,0.3601108081088811,0.5978367694521524,0,0,2.3878585558852623,2.438823802055269,RPS21,EC-PTC
GO_Biological_Process_2023,Sodium-Independent Organic Anion Transport (GO:0043252),1/13,0.3601108081088811,0.5978367694521524,0,0,2.3878585558852623,2.438823802055269,SLCO4A1,EC-PTC
GO_Biological_Process_2023,Sphingoid Biosynthetic Process (GO:0046520),1/13,0.3601108081088811,0.5978367694521524,0,0,2.3878585558852623,2.438823802055269,SPTSSA,EC-PTC
GO_Biological_Process_2023,Sphingosine Biosynthetic Process (GO:0046512),1/13,0.3601108081088811,0.5978367694521524,0,0,2.3878585558852623,2.438823802055269,SPTSSA,EC-PTC
GO_Biological_Process_2023,Immune Response-Regulating Cell Surface Receptor Signaling Pathway (GO:0002768),1/13,0.3601108081088811,0.5978367694521524,0,0,2.3878585558852623,2.438823802055269,CD24,EC-PTC
GO_Biological_Process_2023,Intraciliary Retrograde Transport (GO:0035721),1/13,0.3601108081088811,0.5978367694521524,0,0,2.3878585558852623,2.438823802055269,DYNLL1,EC-PTC
GO_Biological_Process_2023,Membrane Depolarization (GO:0051899),1/13,0.3601108081088811,0.5978367694521524,0,0,2.3878585558852623,2.438823802055269,ATP5IF1,EC-PTC
GO_Biological_Process_2023,Mitochondrial Fission (GO:0000266),1/13,0.3601108081088811,0.5978367694521524,0,0,2.3878585558852623,2.438823802055269,FIS1,EC-PTC
GO_Biological_Process_2023,Negative Regulation Of T Cell Differentiation (GO:0045581),1/13,0.3601108081088811,0.5978367694521524,0,0,2.3878585558852623,2.438823802055269,MDK,EC-PTC
GO_Biological_Process_2023,Negative Regulation Of Cell Migration Involved In Sprouting Angiogenesis (GO:0090051),1/13,0.3601108081088811,0.5978367694521524,0,0,2.3878585558852623,2.438823802055269,ITGB1BP1,EC-PTC
GO_Biological_Process_2023,Negative Regulation Of Endoplasmic Reticulum Unfolded Protein Response (GO:1900102),1/13,0.3601108081088811,0.5978367694521524,0,0,2.3878585558852623,2.438823802055269,RACK1,EC-PTC
GO_Biological_Process_2023,Negative Regulation Of Fibroblast Growth Factor Receptor Signaling Pathway (GO:0040037),1/13,0.3601108081088811,0.5978367694521524,0,0,2.3878585558852623,2.438823802055269,SPRY4,EC-PTC
GO_Biological_Process_2023,Negative Regulation Of Myoblast Differentiation (GO:0045662),1/13,0.3601108081088811,0.5978367694521524,0,0,2.3878585558852623,2.438823802055269,SOX4,EC-PTC
GO_Biological_Process_2023,Negative Regulation Of Neuroinflammatory Response (GO:0150079),1/13,0.3601108081088811,0.5978367694521524,0,0,2.3878585558852623,2.438823802055269,GRN,EC-PTC
GO_Biological_Process_2023,Negative Regulation Of Secretion (GO:0051048),1/13,0.3601108081088811,0.5978367694521524,0,0,2.3878585558852623,2.438823802055269,VAMP8,EC-PTC
GO_Biological_Process_2023,Positive Regulation Of Keratinocyte Differentiation (GO:0045618),1/13,0.3601108081088811,0.5978367694521524,0,0,2.3878585558852623,2.438823802055269,NME2,EC-PTC
GO_Biological_Process_2023,Positive Regulation Of Macrophage Chemotaxis (GO:0010759),1/13,0.3601108081088811,0.5978367694521524,0,0,2.3878585558852623,2.438823802055269,MDK,EC-PTC
GO_Biological_Process_2023,Positive Regulation Of Type 2 Immune Response (GO:0002830),1/13,0.3601108081088811,0.5978367694521524,0,0,2.3878585558852623,2.438823802055269,CD81,EC-PTC
GO_Biological_Process_2023,Protein Hydroxylation (GO:0018126),1/13,0.3601108081088811,0.5978367694521524,0,0,2.3878585558852623,2.438823802055269,EGLN3,EC-PTC
GO_Biological_Process_2023,Regulation Of Cell Fate Commitment (GO:0010453),1/13,0.3601108081088811,0.5978367694521524,0,0,2.3878585558852623,2.438823802055269,GDF3,EC-PTC
GO_Biological_Process_2023,Positive Regulation Of Protein Serine/Threonine Kinase Activity (GO:0071902),5/117,0.3609076113305676,0.598793568951632,0,0,1.2801839019189765,1.3046780160157303,RGCC;TCIM;CD24;CALM2;SNCA,EC-PTC
GO_Biological_Process_2023,Apoptotic Process (GO:0006915),9/228,0.3639382583056181,0.6034531804383754,0,0,1.1789460693570282,1.1916445514328076,IFI27L2;EGLN3;IFI27;TNFSF12;AHR;DYNLL1;PPIA;GAPDH;RTN4,EC-PTC
GO_Biological_Process_2023,Positive Regulation Of Protein Kinase Activity (GO:0045860),6/145,0.3649700899871888,0.6047948532063482,0,0,1.237926250927509,1.2477552293785896,EPHA4;PRNP;GPRC5B;RELN;CALM2;SNCA,EC-PTC
GO_Biological_Process_2023,Positive Regulation Of Type I Interferon Production (GO:0032481),3/64,0.3673171486722187,0.6066337739429345,0,0,1.4098360655737705,1.4119926054988166,STAT1;ISG15;GAPDH,EC-PTC
GO_Biological_Process_2023,Regulation Of Intracellular Transport (GO:0032386),2/38,0.3687600739248103,0.6066337739429345,0,0,1.5922899124979362,1.588482831044754,REEP5;CRYAB,EC-PTC
GO_Biological_Process_2023,Regulation Of Neurotransmitter Secretion (GO:0046928),2/38,0.3687600739248103,0.6066337739429345,0,0,1.5922899124979362,1.588482831044754,PNKD;SLC38A2,EC-PTC
GO_Biological_Process_2023,Regulation Of Protein Import Into Nucleus (GO:0042306),2/38,0.3687600739248103,0.6066337739429345,0,0,1.5922899124979362,1.588482831044754,SUMO1;RAN,EC-PTC
GO_Biological_Process_2023,Cellular Response To Type I Interferon (GO:0071357),2/38,0.3687600739248103,0.6066337739429345,0,0,1.5922899124979362,1.588482831044754,IFI27;STAT1,EC-PTC
GO_Biological_Process_2023,Response To cAMP (GO:0051591),2/38,0.3687600739248103,0.6066337739429345,0,0,1.5922899124979362,1.588482831044754,STAT1;AHR,EC-PTC
GO_Biological_Process_2023,Response To Peptide (GO:1901652),2/38,0.3687600739248103,0.6066337739429345,0,0,1.5922899124979362,1.588482831044754,PRNP;STAT1,EC-PTC
GO_Biological_Process_2023,Response To Transforming Growth Factor Beta (GO:0071559),2/38,0.3687600739248103,0.6066337739429345,0,0,1.5922899124979362,1.588482831044754,SFRP1;PDCD5,EC-PTC
GO_Biological_Process_2023,Fatty Acid Transport (GO:0015908),2/38,0.3687600739248103,0.6066337739429345,0,0,1.5922899124979362,1.588482831044754,RBP7;FABP5,EC-PTC
GO_Biological_Process_2023,mRNA Transcription By RNA Polymerase II (GO:0042789),2/38,0.3687600739248103,0.6066337739429345,0,0,1.5922899124979362,1.588482831044754,S100A10;ATF4,EC-PTC
GO_Biological_Process_2023,Negative Regulation Of Epithelial Cell Apoptotic Process (GO:1904036),2/38,0.3687600739248103,0.6066337739429345,0,0,1.5922899124979362,1.588482831044754,RAMP2;MDK,EC-PTC
GO_Biological_Process_2023,Positive Regulation Of Cation Channel Activity (GO:2001259),2/38,0.3687600739248103,0.6066337739429345,0,0,1.5922899124979362,1.588482831044754,TMSB4X;CALM2,EC-PTC
GO_Biological_Process_2023,Positive Regulation Of Cellular Catabolic Process (GO:0031331),6/146,0.3710110471179139,0.6099673147531806,0,0,1.229019859064702,1.2186019987583674,FURIN;SQSTM1;HIF1A;MTLN;OPTN;SNCA,EC-PTC
GO_Biological_Process_2023,Autophagosome Assembly (GO:0000045),3/65,0.3765556466623733,0.612377110847831,0,0,1.3870247695852536,1.354692449305332,GABARAPL2;MAP1LC3B;GABARAP,EC-PTC
GO_Biological_Process_2023,Monocarboxylic Acid Biosynthetic Process (GO:0072330),3/65,0.3765556466623733,0.612377110847831,0,0,1.3870247695852536,1.354692449305332,NDUFAB1;PARK7;OSBPL1A,EC-PTC
GO_Biological_Process_2023,Positive Regulation Of T Cell Proliferation (GO:0042102),3/65,0.3765556466623733,0.612377110847831,0,0,1.3870247695852536,1.354692449305332,RPS3;CD24;HLA-DPA1,EC-PTC
GO_Biological_Process_2023,Positive Regulation Of Cell Cycle (GO:0045787),3/65,0.3765556466623733,0.612377110847831,0,0,1.3870247695852536,1.354692449305332,RPS15A;RGCC;USP22,EC-PTC
GO_Biological_Process_2023,RNA Transport (GO:0050658),2/39,0.3809253753391036,0.612377110847831,0,0,1.5491747319384763,1.4951887629060168,YBX1;RTRAF,EC-PTC
GO_Biological_Process_2023,Anterograde Axonal Transport (GO:0008089),2/39,0.3809253753391036,0.612377110847831,0,0,1.5491747319384763,1.4951887629060168,HSPB1;SOD1,EC-PTC
GO_Biological_Process_2023,Regulation Of Mitotic Spindle Organization (GO:0060236),2/39,0.3809253753391036,0.612377110847831,0,0,1.5491747319384763,1.4951887629060168,CHMP2A;HSPA1A,EC-PTC
GO_Biological_Process_2023,Regulation Of Protein Targeting To Mitochondrion (GO:1903214),2/39,0.3809253753391036,0.612377110847831,0,0,1.5491747319384763,1.4951887629060168,ATP5IF1;PINK1,EC-PTC
GO_Biological_Process_2023,Negative Regulation Of Cell-Substrate Adhesion (GO:0010812),2/39,0.3809253753391036,0.612377110847831,0,0,1.5491747319384763,1.4951887629060168,SPRY4;ITGB1BP1,EC-PTC
GO_Biological_Process_2023,Regulation Of Establishment Of Protein Localization (GO:0070201),1/14,0.3817210783009491,0.612377110847831,0,0,2.2040629993152248,2.1226561497322165,CTSD,EC-PTC
GO_Biological_Process_2023,Regulation Of Exit From Mitosis (GO:0007096),1/14,0.3817210783009491,0.612377110847831,0,0,2.2040629993152248,2.1226561497322165,RGCC,EC-PTC
GO_Biological_Process_2023,Regulation Of Extracellular Matrix Disassembly (GO:0010715),1/14,0.3817210783009491,0.612377110847831,0,0,2.2040629993152248,2.1226561497322165,CST3,EC-PTC
GO_Biological_Process_2023,MHC Class II Protein Complex Assembly (GO:0002399),1/14,0.3817210783009491,0.612377110847831,0,0,2.2040629993152248,2.1226561497322165,HLA-DPA1,EC-PTC
GO_Biological_Process_2023,Regulation Of Microglial Cell Activation (GO:1903978),1/14,0.3817210783009491,0.612377110847831,0,0,2.2040629993152248,2.1226561497322165,GRN,EC-PTC
GO_Biological_Process_2023,Regulation Of Non-Canonical Wnt Signaling Pathway (GO:2000050),1/14,0.3817210783009491,0.612377110847831,0,0,2.2040629993152248,2.1226561497322165,SFRP1,EC-PTC
GO_Biological_Process_2023,Regulation Of Phosphate Metabolic Process (GO:0019220),1/14,0.3817210783009491,0.612377110847831,0,0,2.2040629993152248,2.1226561497322165,CD24,EC-PTC
GO_Biological_Process_2023,Regulation Of Vesicle Size (GO:0097494),1/14,0.3817210783009491,0.612377110847831,0,0,2.2040629993152248,2.1226561497322165,AP2M1,EC-PTC
GO_Biological_Process_2023,Contractile Actin Filament Bundle Assembly (GO:0030038),1/14,0.3817210783009491,0.612377110847831,0,0,2.2040629993152248,2.1226561497322165,FAM171A1,EC-PTC
GO_Biological_Process_2023,Response To Muscle Stretch (GO:0035994),1/14,0.3817210783009491,0.612377110847831,0,0,2.2040629993152248,2.1226561497322165,GSN,EC-PTC
GO_Biological_Process_2023,Endoderm Development (GO:0007492),1/14,0.3817210783009491,0.612377110847831,0,0,2.2040629993152248,2.1226561497322165,DUSP1,EC-PTC
GO_Biological_Process_2023,Stress Fiber Assembly (GO:0043149),1/14,0.3817210783009491,0.612377110847831,0,0,2.2040629993152248,2.1226561497322165,FAM171A1,EC-PTC
GO_Biological_Process_2023,Striated Muscle Tissue Development (GO:0014706),1/14,0.3817210783009491,0.612377110847831,0,0,2.2040629993152248,2.1226561497322165,NDUFV2,EC-PTC
GO_Biological_Process_2023,tRNA 5'-End Processing (GO:0099116),1/14,0.3817210783009491,0.612377110847831,0,0,2.2040629993152248,2.1226561497322165,SSB,EC-PTC
GO_Biological_Process_2023,Histone mRNA Catabolic Process (GO:0071044),1/14,0.3817210783009491,0.612377110847831,0,0,2.2040629993152248,2.1226561497322165,SSB,EC-PTC
GO_Biological_Process_2023,"Maturation Of LSU-rRNA From Tricistronic rRNA Transcript (SSU-rRNA, 5.8S rRNA, LSU-rRNA) (GO:0000463)",1/14,0.3817210783009491,0.612377110847831,0,0,2.2040629993152248,2.1226561497322165,RPL35,EC-PTC
GO_Biological_Process_2023,Membrane Repolarization During Cardiac Muscle Cell Action Potential (GO:0086013),1/14,0.3817210783009491,0.612377110847831,0,0,2.2040629993152248,2.1226561497322165,ATP1B1,EC-PTC
GO_Biological_Process_2023,miRNA-mediated Gene Silencing By Inhibition Of Translation (GO:0035278),1/14,0.3817210783009491,0.612377110847831,0,0,2.2040629993152248,2.1226561497322165,EIF6,EC-PTC
GO_Biological_Process_2023,Mitochondrial Calcium Ion Transmembrane Transport (GO:0006851),1/14,0.3817210783009491,0.612377110847831,0,0,2.2040629993152248,2.1226561497322165,SMDT1,EC-PTC
GO_Biological_Process_2023,Monosaccharide Transmembrane Transport (GO:0015749),1/14,0.3817210783009491,0.612377110847831,0,0,2.2040629993152248,2.1226561497322165,SLC5A3,EC-PTC
GO_Biological_Process_2023,Negative Regulation Of Androgen Receptor Signaling Pathway (GO:0060766),1/14,0.3817210783009491,0.612377110847831,0,0,2.2040629993152248,2.1226561497322165,SFRP1,EC-PTC
GO_Biological_Process_2023,Negative Regulation Of Chondrocyte Differentiation (GO:0032331),1/14,0.3817210783009491,0.612377110847831,0,0,2.2040629993152248,2.1226561497322165,RFLNB,EC-PTC
GO_Biological_Process_2023,Negative Regulation Of Peptidyl-Threonine Phosphorylation (GO:0010801),1/14,0.3817210783009491,0.612377110847831,0,0,2.2040629993152248,2.1226561497322165,CALM2,EC-PTC
GO_Biological_Process_2023,Negative Regulation Of Smooth Muscle Cell Migration (GO:0014912),1/14,0.3817210783009491,0.612377110847831,0,0,2.2040629993152248,2.1226561497322165,CORO1B,EC-PTC
GO_Biological_Process_2023,Negative Regulation Of Transcription Regulatory Region DNA Binding (GO:2000678),1/14,0.3817210783009491,0.612377110847831,0,0,2.2040629993152248,2.1226561497322165,TMSB4X,EC-PTC
GO_Biological_Process_2023,Nuclear Pore Organization (GO:0006999),1/14,0.3817210783009491,0.612377110847831,0,0,2.2040629993152248,2.1226561497322165,RTN4,EC-PTC
GO_Biological_Process_2023,Pancreas Development (GO:0031016),1/14,0.3817210783009491,0.612377110847831,0,0,2.2040629993152248,2.1226561497322165,SELENOT,EC-PTC
GO_Biological_Process_2023,Peptide Antigen Assembly With MHC Class II Protein Complex (GO:0002503),1/14,0.3817210783009491,0.612377110847831,0,0,2.2040629993152248,2.1226561497322165,HLA-DPA1,EC-PTC
GO_Biological_Process_2023,Positive Regulation Of Acute Inflammatory Response (GO:0002675),1/14,0.3817210783009491,0.612377110847831,0,0,2.2040629993152248,2.1226561497322165,PARK7,EC-PTC
GO_Biological_Process_2023,Positive Regulation Of Membrane Protein Ectodomain Proteolysis (GO:0051044),1/14,0.3817210783009491,0.612377110847831,0,0,2.2040629993152248,2.1226561497322165,FURIN,EC-PTC
GO_Biological_Process_2023,Positive Regulation Of Telomerase RNA Localization To Cajal Body (GO:1904874),1/14,0.3817210783009491,0.612377110847831,0,0,2.2040629993152248,2.1226561497322165,NOP10,EC-PTC
GO_Biological_Process_2023,Positive Regulation Of Transcription From RNA Polymerase II Promoter Involved In Cellular Response To Chemical Stimulus (GO:1901522),1/14,0.3817210783009491,0.612377110847831,0,0,2.2040629993152248,2.1226561497322165,HIF1A,EC-PTC
GO_Biological_Process_2023,Defense Response To Symbiont (GO:0140546),6/148,0.3831018263906665,0.6142293745437133,0,0,1.2115834017558265,1.1624590983404317,BST2;IFI27;STAT1;EIF2AK2;ISG15;RNASE1,EC-PTC
GO_Biological_Process_2023,Regulation Of Peptidyl-Serine Phosphorylation (GO:0033135),4/93,0.3843912182274169,0.6159330670829879,0,0,1.288434166680621,1.2318647527958944,PINK1;RACK1;PARK7;SNCA,EC-PTC
GO_Biological_Process_2023,Negative Regulation Of Immune Response (GO:0050777),3/66,0.3857661180386104,0.6177716843118313,0,0,1.364937641723356,1.3001358690329046,LGALS3;COL3A1;FURIN,EC-PTC
GO_Biological_Process_2023,Positive Regulation Of Developmental Process (GO:0051094),9/233,0.3879539370475491,0.6209091885805206,0,0,1.152328667953668,1.0911039078768987,FIS1;PINK1;RELN;MDK;CFL1;AKR1B1;KRT10;CORO1B;RTN4,EC-PTC
GO_Biological_Process_2023,Negative Regulation Of DNA-binding Transcription Factor Activity (GO:0043433),6/149,0.3891487326840471,0.6224546277796655,0,0,1.20304807300323,1.135429146631877,PRNP;SUMO1;TMSB4X;ID1;ID3;HES1,EC-PTC
GO_Biological_Process_2023,Regulation Of Cytokine-Mediated Signaling Pathway (GO:0001959),2/40,0.3929898602519169,0.6256509146800742,0,0,1.5083287714084617,1.4087360373589055,CDC37;CD24,EC-PTC
GO_Biological_Process_2023,L-alpha-amino Acid Transmembrane Transport (GO:1902475),2/40,0.3929898602519169,0.6256509146800742,0,0,1.5083287714084617,1.4087360373589055,SLC3A2;SLC38A2,EC-PTC
GO_Biological_Process_2023,Regulation Of Microtubule Polymerization (GO:0031113),2/40,0.3929898602519169,0.6256509146800742,0,0,1.5083287714084617,1.4087360373589055,RPS3;SNCA,EC-PTC
GO_Biological_Process_2023,Cyclic-Nucleotide-Mediated Signaling (GO:0019935),2/40,0.3929898602519169,0.6256509146800742,0,0,1.5083287714084617,1.4087360373589055,DEFB1;AHR,EC-PTC
GO_Biological_Process_2023,Negative Regulation Of Cell-Cell Adhesion (GO:0022408),2/40,0.3929898602519169,0.6256509146800742,0,0,1.5083287714084617,1.4087360373589055,RGCC;RDX,EC-PTC
GO_Biological_Process_2023,Negative Regulation Of Protein Localization (GO:1903828),2/40,0.3929898602519169,0.6256509146800742,0,0,1.5083287714084617,1.4087360373589055,BTF3;VCP,EC-PTC
GO_Biological_Process_2023,Positive Regulation Of Cell Cycle G1/S Phase Transition (GO:1902808),2/40,0.3929898602519169,0.6256509146800742,0,0,1.5083287714084617,1.4087360373589055,RGCC;RDX,EC-PTC
GO_Biological_Process_2023,Regulation Of Autophagosome Assembly (GO:2000785),2/40,0.3929898602519169,0.6256509146800742,0,0,1.5083287714084617,1.4087360373589055,PINK1;FEZ2,EC-PTC
GO_Biological_Process_2023,Fatty Acid Metabolic Process (GO:0006631),5/122,0.3945329986077641,0.627658568792907,0,0,1.2251562699323892,1.1394596462690056,GPX4;NDUFAB1;TSPO;ALKBH7;LPIN2,EC-PTC
GO_Biological_Process_2023,Negative Regulation Of Cytokine Production (GO:0001818),7/178,0.394885429660001,0.627658568792907,0,0,1.1737752565045347,1.090624556800395,SRGN;PRNP;RGCC;TMSB4X;FN1;CD34;RBX1,EC-PTC
GO_Biological_Process_2023,Regulation Of Neurogenesis (GO:0050767),3/67,0.3949442172559197,0.627658568792907,0,0,1.3435407366071428,1.2481637822530207,DYNLT1;HES1;S100A10,EC-PTC
GO_Biological_Process_2023,Cellular Response To Oxygen-Containing Compound (GO:1901701),15/406,0.3971381763588717,0.628430221521835,0,0,1.1005580097651708,1.0163334141659213,JUN;NDUFA13;VCP;GSTP1;AHR;SSTR2;PRDX5;RRAGA;SFRP1;RPS3;CAPN2;ROMO1;LAMTOR1;VIM;SQSTM1,EC-PTC
GO_Biological_Process_2023,Negative Regulation Of Cell Differentiation (GO:0045596),8/207,0.3991470170544108,0.628430221521835,0,0,1.1527502580368107,1.0587151931068286,EPHA4;PTBP1;SFRP1;RANBP3L;CCDC85B;ITGAV;HES1;SOX4,EC-PTC
GO_Biological_Process_2023,Regulation Of Cholesterol Biosynthetic Process (GO:0045540),1/15,0.4026025719617058,0.628430221521835,0,0,2.046523950826621,1.861938495474858,SOD1,EC-PTC
GO_Biological_Process_2023,Regulation Of Lipoprotein Lipase Activity (GO:0051004),1/15,0.4026025719617058,0.628430221521835,0,0,2.046523950826621,1.861938495474858,FURIN,EC-PTC
GO_Biological_Process_2023,Regulation Of mRNA Metabolic Process (GO:1903311),1/15,0.4026025719617058,0.628430221521835,0,0,2.046523950826621,1.861938495474858,RBM8A,EC-PTC
GO_Biological_Process_2023,Regulation Of rRNA Processing (GO:2000232),1/15,0.4026025719617058,0.628430221521835,0,0,2.046523950826621,1.861938495474858,TRMT112,EC-PTC
GO_Biological_Process_2023,Cellular Response To Corticosteroid Stimulus (GO:0071384),1/15,0.4026025719617058,0.628430221521835,0,0,2.046523950826621,1.861938495474858,SSTR2,EC-PTC
GO_Biological_Process_2023,Cellular Response To Estrogen Stimulus (GO:0071391),1/15,0.4026025719617058,0.628430221521835,0,0,2.046523950826621,1.861938495474858,SFRP1,EC-PTC
GO_Biological_Process_2023,Cellular Response To Zinc Ion (GO:0071294),1/15,0.4026025719617058,0.628430221521835,0,0,2.046523950826621,1.861938495474858,MT2A,EC-PTC
GO_Biological_Process_2023,Retrograde Axonal Transport (GO:0008090),1/15,0.4026025719617058,0.628430221521835,0,0,2.046523950826621,1.861938495474858,SOD1,EC-PTC
GO_Biological_Process_2023,Dolichol-Linked Oligosaccharide Biosynthetic Process (GO:0006488),1/15,0.4026025719617058,0.628430221521835,0,0,2.046523950826621,1.861938495474858,PDCD6,EC-PTC
GO_Biological_Process_2023,Epiboly Involved In Wound Healing (GO:0090505),1/15,0.4026025719617058,0.628430221521835,0,0,2.046523950826621,1.861938495474858,RHOC,EC-PTC
GO_Biological_Process_2023,Stem Cell Development (GO:0048864),1/15,0.4026025719617058,0.628430221521835,0,0,2.046523950826621,1.861938495474858,PDCD6,EC-PTC
GO_Biological_Process_2023,Sympathetic Nervous System Development (GO:0048485),1/15,0.4026025719617058,0.628430221521835,0,0,2.046523950826621,1.861938495474858,SOX4,EC-PTC
GO_Biological_Process_2023,Ganglioside Biosynthetic Process (GO:0001574),1/15,0.4026025719617058,0.628430221521835,0,0,2.046523950826621,1.861938495474858,ST8SIA6,EC-PTC
GO_Biological_Process_2023,Glutamine Family Amino Acid Catabolic Process (GO:0009065),1/15,0.4026025719617058,0.628430221521835,0,0,2.046523950826621,1.861938495474858,DDAH2,EC-PTC
GO_Biological_Process_2023,Vasodilation (GO:0042311),1/15,0.4026025719617058,0.628430221521835,0,0,2.046523950826621,1.861938495474858,SOD1,EC-PTC
GO_Biological_Process_2023,Membrane Repolarization During Action Potential (GO:0086011),1/15,0.4026025719617058,0.628430221521835,0,0,2.046523950826621,1.861938495474858,ATP1B1,EC-PTC
GO_Biological_Process_2023,Midbody Abscission (GO:0061952),1/15,0.4026025719617058,0.628430221521835,0,0,2.046523950826621,1.861938495474858,CHMP2A,EC-PTC
GO_Biological_Process_2023,Negative Regulation Of DNA Replication (GO:0008156),1/15,0.4026025719617058,0.628430221521835,0,0,2.046523950826621,1.861938495474858,S100A11,EC-PTC
GO_Biological_Process_2023,Negative Regulation Of Epithelial Cell Differentiation (GO:0030857),1/15,0.4026025719617058,0.628430221521835,0,0,2.046523950826621,1.861938495474858,GDF3,EC-PTC
GO_Biological_Process_2023,Negative Regulation Of Macrophage Activation (GO:0043031),1/15,0.4026025719617058,0.628430221521835,0,0,2.046523950826621,1.861938495474858,GRN,EC-PTC
GO_Biological_Process_2023,Negative Regulation Of Platelet Activation (GO:0010544),1/15,0.4026025719617058,0.628430221521835,0,0,2.046523950826621,1.861938495474858,CD9,EC-PTC
GO_Biological_Process_2023,Negative Regulation Of Protein Processing (GO:0010955),1/15,0.4026025719617058,0.628430221521835,0,0,2.046523950826621,1.861938495474858,PRNP,EC-PTC
GO_Biological_Process_2023,Negative Regulation Of Type I Interferon-Mediated Signaling Pathway (GO:0060339),1/15,0.4026025719617058,0.628430221521835,0,0,2.046523950826621,1.861938495474858,ISG15,EC-PTC
GO_Biological_Process_2023,Nitric Oxide Biosynthetic Process (GO:0006809),1/15,0.4026025719617058,0.628430221521835,0,0,2.046523950826621,1.861938495474858,DDAH2,EC-PTC
GO_Biological_Process_2023,Oogenesis (GO:0048477),1/15,0.4026025719617058,0.628430221521835,0,0,2.046523950826621,1.861938495474858,MDK,EC-PTC
GO_Biological_Process_2023,"Positive Regulation Of DNA Damage Response, Signal Transduction By P53 Class Mediator (GO:0043517)",1/15,0.4026025719617058,0.628430221521835,0,0,2.046523950826621,1.861938495474858,RPL26,EC-PTC
GO_Biological_Process_2023,Positive Regulation Of Cyclin-Dependent Protein Serine/Threonine Kinase Activity (GO:0045737),1/15,0.4026025719617058,0.628430221521835,0,0,2.046523950826621,1.861938495474858,RGCC,EC-PTC
GO_Biological_Process_2023,Positive Regulation Of Sprouting Angiogenesis (GO:1903672),1/15,0.4026025719617058,0.628430221521835,0,0,2.046523950826621,1.861938495474858,PKM,EC-PTC
GO_Biological_Process_2023,Regulation Of Rac Protein Signal Transduction (GO:0035020),1/15,0.4026025719617058,0.628430221521835,0,0,2.046523950826621,1.861938495474858,GABARAP,EC-PTC
GO_Biological_Process_2023,Regulation Of Chemokine Production (GO:0032642),2/41,0.4049464770804077,0.6306391237100846,0,0,1.469577475521012,1.3284985903820197,EIF2AK2;HIF1A,EC-PTC
GO_Biological_Process_2023,Heart Contraction (GO:0060047),2/41,0.4049464770804077,0.6306391237100846,0,0,1.469577475521012,1.3284985903820197,ATP1B1;SOD1,EC-PTC
GO_Biological_Process_2023,Positive Regulation Of Actin Filament Polymerization (GO:0030838),2/41,0.4049464770804077,0.6306391237100846,0,0,1.469577475521012,1.3284985903820197,VASP;PFN1,EC-PTC
GO_Biological_Process_2023,Protein Localization To Lysosome (GO:0061462),2/41,0.4049464770804077,0.6306391237100846,0,0,1.469577475521012,1.3284985903820197,CD81;RTN4,EC-PTC
GO_Biological_Process_2023,Positive Regulation Of Supramolecular Fiber Organization (GO:1902905),4/96,0.4073859725713808,0.6340746713489228,0,0,1.2462256204237672,1.1191033882158763,VASP;GSN;RPS3;PFN1,EC-PTC
GO_Biological_Process_2023,Neuron Projection Guidance (GO:0097485),5/124,0.4079519522670279,0.63459192574871,0,0,1.2044399849492036,1.0799079672698015,VASP;EPHA4;RELN;SEMA3D;FEZ2,EC-PTC
GO_Biological_Process_2023,DNA-templated DNA Replication (GO:0006261),3/69,0.4131868121281767,0.6379277890941464,0,0,1.3026920995670996,1.1513915231857643,POLE4;RFC1;CDK2AP1,EC-PTC
GO_Biological_Process_2023,Regulation Of Monoatomic Ion Transmembrane Transporter Activity (GO:0032412),3/69,0.4131868121281767,0.6379277890941464,0,0,1.3026920995670996,1.1513915231857643,RELN;FXYD2;CNIH4,EC-PTC
GO_Biological_Process_2023,Response To Molecule Of Bacterial Origin (GO:0002237),3/69,0.4131868121281767,0.6379277890941464,0,0,1.3026920995670996,1.1513915231857643,AHR;CD24;SNCA,EC-PTC
GO_Biological_Process_2023,Establishment Of Protein Localization To Membrane (GO:0090150),3/69,0.4131868121281767,0.6379277890941464,0,0,1.3026920995670996,1.1513915231857643,SDCBP;NACA;RDX,EC-PTC
GO_Biological_Process_2023,Regulation Of Defense Response (GO:0031347),4/97,0.4150154635725344,0.6379277890941464,0,0,1.232761245452943,1.0841389306393452,PSMA6;GRN;TMSB4X;PARK7,EC-PTC
GO_Biological_Process_2023,Monocarboxylic Acid Metabolic Process (GO:0032787),4/97,0.4150154635725344,0.6379277890941464,0,0,1.232761245452943,1.0841389306393452,LDHB;LDHA;TSPO;ALKBH7,EC-PTC
GO_Biological_Process_2023,Regulation Of Neurotransmitter Receptor Activity (GO:0099601),2/42,0.4167887634828982,0.6379277890941464,0,0,1.4327637444279346,1.253920081623152,RELN;CNIH4,EC-PTC
GO_Biological_Process_2023,Cardiac Ventricle Morphogenesis (GO:0003208),2/42,0.4167887634828982,0.6379277890941464,0,0,1.4327637444279346,1.253920081623152,FKBP1A;SOX4,EC-PTC
GO_Biological_Process_2023,Cellular Response To Glucose Starvation (GO:0042149),2/42,0.4167887634828982,0.6379277890941464,0,0,1.4327637444279346,1.253920081623152,SESN3;ATF4,EC-PTC
GO_Biological_Process_2023,Collagen Fibril Organization (GO:0030199),2/42,0.4167887634828982,0.6379277890941464,0,0,1.4327637444279346,1.253920081623152,COL3A1;SERPINH1,EC-PTC
GO_Biological_Process_2023,Embryonic Heart Tube Morphogenesis (GO:0003143),2/42,0.4167887634828982,0.6379277890941464,0,0,1.4327637444279346,1.253920081623152,SOX18;HES1,EC-PTC
GO_Biological_Process_2023,Skeletal Muscle Tissue Development (GO:0007519),2/42,0.4167887634828982,0.6379277890941464,0,0,1.4327637444279346,1.253920081623152,MYL6;MYL6B,EC-PTC
GO_Biological_Process_2023,Lysosome Localization (GO:0032418),2/42,0.4167887634828982,0.6379277890941464,0,0,1.4327637444279346,1.253920081623152,S100A13;LAMTOR1,EC-PTC
GO_Biological_Process_2023,Monoatomic Cation Transport (GO:0006812),2/42,0.4167887634828982,0.6379277890941464,0,0,1.4327637444279346,1.253920081623152,NDFIP1;ATP1B1,EC-PTC
GO_Biological_Process_2023,Monocyte Chemotaxis (GO:0002548),2/42,0.4167887634828982,0.6379277890941464,0,0,1.4327637444279346,1.253920081623152,LGALS3;RPS19,EC-PTC
GO_Biological_Process_2023,Negative Regulation Of I-kappaB kinase/NF-kappaB Signaling (GO:0043124),2/42,0.4167887634828982,0.6379277890941464,0,0,1.4327637444279346,1.253920081623152,STAT1;GSTP1,EC-PTC
GO_Biological_Process_2023,Organic Hydroxy Compound Biosynthetic Process (GO:1901617),2/42,0.4167887634828982,0.6379277890941464,0,0,1.4327637444279346,1.253920081623152,PARK7;OSBPL1A,EC-PTC
GO_Biological_Process_2023,Regulation Of Axonogenesis (GO:0050770),2/42,0.4167887634828982,0.6379277890941464,0,0,1.4327637444279346,1.253920081623152,EPHA4;PAK2,EC-PTC
GO_Biological_Process_2023,Neutrophil Chemotaxis (GO:0030593),3/70,0.4222435055490128,0.6379277890941464,0,0,1.283182302771855,1.1063252689723555,LGALS3;PPIB;PPIA,EC-PTC
GO_Biological_Process_2023,DNA-templated Transcription Termination (GO:0006353),1/16,0.4227798307693164,0.6379277890941464,0,0,1.9099901088031648,1.6443176090757623,SSU72,EC-PTC
GO_Biological_Process_2023,Regulation Of Interleukin-1 Production (GO:0032652),1/16,0.4227798307693164,0.6379277890941464,0,0,1.9099901088031648,1.6443176090757623,TMED10,EC-PTC
GO_Biological_Process_2023,Activation Of Cysteine-Type Endopeptidase Activity (GO:0097202),1/16,0.4227798307693164,0.6379277890941464,0,0,1.9099901088031648,1.6443176090757623,CYCS,EC-PTC
GO_Biological_Process_2023,"Alternative mRNA Splicing, Via Spliceosome (GO:0000380)",1/16,0.4227798307693164,0.6379277890941464,0,0,1.9099901088031648,1.6443176090757623,SFPQ,EC-PTC
GO_Biological_Process_2023,Regulation Of Nucleocytoplasmic Transport (GO:0046822),1/16,0.4227798307693164,0.6379277890941464,0,0,1.9099901088031648,1.6443176090757623,IFI27,EC-PTC
GO_Biological_Process_2023,Regulation Of Presynapse Assembly (GO:1905606),1/16,0.4227798307693164,0.6379277890941464,0,0,1.9099901088031648,1.6443176090757623,SNCA,EC-PTC
GO_Biological_Process_2023,Regulation Of Presynapse Organization (GO:0099174),1/16,0.4227798307693164,0.6379277890941464,0,0,1.9099901088031648,1.6443176090757623,SNCA,EC-PTC
GO_Biological_Process_2023,Regulation Of Protein Kinase A Signaling (GO:0010738),1/16,0.4227798307693164,0.6379277890941464,0,0,1.9099901088031648,1.6443176090757623,TCIM,EC-PTC
GO_Biological_Process_2023,Cell Communication By Electrical Coupling Involved In Cardiac Conduction (GO:0086064),1/16,0.4227798307693164,0.6379277890941464,0,0,1.9099901088031648,1.6443176090757623,ATP1B1,EC-PTC
GO_Biological_Process_2023,Cell Surface Toll-Like Receptor Signaling Pathway (GO:0140895),1/16,0.4227798307693164,0.6379277890941464,0,0,1.9099901088031648,1.6443176090757623,TRIL,EC-PTC
GO_Biological_Process_2023,Regulation Of Stem Cell Proliferation (GO:0072091),1/16,0.4227798307693164,0.6379277890941464,0,0,1.9099901088031648,1.6443176090757623,EIF2AK2,EC-PTC
GO_Biological_Process_2023,Reticulophagy (GO:0061709),1/16,0.4227798307693164,0.6379277890941464,0,0,1.9099901088031648,1.6443176090757623,UFC1,EC-PTC
GO_Biological_Process_2023,Ruffle Organization (GO:0031529),1/16,0.4227798307693164,0.6379277890941464,0,0,1.9099901088031648,1.6443176090757623,CORO1B,EC-PTC
GO_Biological_Process_2023,Extrinsic Apoptotic Signaling Pathway In Absence Of Ligand (GO:0097192),1/16,0.4227798307693164,0.6379277890941464,0,0,1.9099901088031648,1.6443176090757623,ITGAV,EC-PTC
GO_Biological_Process_2023,Glycoprotein Catabolic Process (GO:0006516),1/16,0.4227798307693164,0.6379277890941464,0,0,1.9099901088031648,1.6443176090757623,CTSL,EC-PTC
GO_Biological_Process_2023,Vasculature Development (GO:0001944),1/16,0.4227798307693164,0.6379277890941464,0,0,1.9099901088031648,1.6443176090757623,SOX18,EC-PTC
GO_Biological_Process_2023,Heart Process (GO:0003015),1/16,0.4227798307693164,0.6379277890941464,0,0,1.9099901088031648,1.6443176090757623,SOD1,EC-PTC
GO_Biological_Process_2023,Late Endosome To Lysosome Transport (GO:1902774),1/16,0.4227798307693164,0.6379277890941464,0,0,1.9099901088031648,1.6443176090757623,CHMP2A,EC-PTC
GO_Biological_Process_2023,Maturation Of 5.8S rRNA (GO:0000460),1/16,0.4227798307693164,0.6379277890941464,0,0,1.9099901088031648,1.6443176090757623,EIF6,EC-PTC
GO_Biological_Process_2023,Negative Regulation Of Chemokine Production (GO:0032682),1/16,0.4227798307693164,0.6379277890941464,0,0,1.9099901088031648,1.6443176090757623,GSTP1,EC-PTC
GO_Biological_Process_2023,Negative Regulation Of Inflammatory Response To Antigenic Stimulus (GO:0002862),1/16,0.4227798307693164,0.6379277890941464,0,0,1.9099901088031648,1.6443176090757623,FURIN,EC-PTC
GO_Biological_Process_2023,Negative Regulation Of Phosphatase Activity (GO:0010923),1/16,0.4227798307693164,0.6379277890941464,0,0,1.9099901088031648,1.6443176090757623,FKBP1A,EC-PTC
GO_Biological_Process_2023,Negative Regulation Of Release Of Cytochrome C From Mitochondria (GO:0090201),1/16,0.4227798307693164,0.6379277890941464,0,0,1.9099901088031648,1.6443176090757623,PRELID1,EC-PTC
GO_Biological_Process_2023,Neuron Projection Organization (GO:0106027),1/16,0.4227798307693164,0.6379277890941464,0,0,1.9099901088031648,1.6443176090757623,PRNP,EC-PTC
GO_Biological_Process_2023,Nitric Oxide Metabolic Process (GO:0046209),1/16,0.4227798307693164,0.6379277890941464,0,0,1.9099901088031648,1.6443176090757623,DDAH2,EC-PTC
GO_Biological_Process_2023,Pharyngeal System Development (GO:0060037),1/16,0.4227798307693164,0.6379277890941464,0,0,1.9099901088031648,1.6443176090757623,HES1,EC-PTC
GO_Biological_Process_2023,Positive Regulation By Host Of Viral Transcription (GO:0043923),1/16,0.4227798307693164,0.6379277890941464,0,0,1.9099901088031648,1.6443176090757623,JUN,EC-PTC
GO_Biological_Process_2023,Positive Regulation Of Cell Migration Involved In Sprouting Angiogenesis (GO:0090050),1/16,0.4227798307693164,0.6379277890941464,0,0,1.9099901088031648,1.6443176090757623,RHOJ,EC-PTC
GO_Biological_Process_2023,Positive Regulation Of Lymphocyte Migration (GO:2000403),1/16,0.4227798307693164,0.6379277890941464,0,0,1.9099901088031648,1.6443176090757623,JAM2,EC-PTC
GO_Biological_Process_2023,Positive Regulation Of Myeloid Leukocyte Cytokine Production Involved In Immune Response (GO:0061081),1/16,0.4227798307693164,0.6379277890941464,0,0,1.9099901088031648,1.6443176090757623,GPRC5B,EC-PTC
GO_Biological_Process_2023,Prostanoid Metabolic Process (GO:0006692),1/16,0.4227798307693164,0.6379277890941464,0,0,1.9099901088031648,1.6443176090757623,GSTP1,EC-PTC
GO_Biological_Process_2023,Protein O-linked Mannosylation (GO:0035269),1/16,0.4227798307693164,0.6379277890941464,0,0,1.9099901088031648,1.6443176090757623,DPM3,EC-PTC
GO_Biological_Process_2023,Regulation Of B Cell Receptor Signaling Pathway (GO:0050855),1/16,0.4227798307693164,0.6379277890941464,0,0,1.9099901088031648,1.6443176090757623,CD81,EC-PTC
GO_Biological_Process_2023,Regulation Of NMDA Receptor Activity (GO:2000310),1/16,0.4227798307693164,0.6379277890941464,0,0,1.9099901088031648,1.6443176090757623,RELN,EC-PTC
GO_Biological_Process_2023,Regulation Of Cardiac Muscle Contraction By Regulation Of The Release Of Sequestered Calcium Ion (GO:0010881),1/16,0.4227798307693164,0.6379277890941464,0,0,1.9099901088031648,1.6443176090757623,CALM2,EC-PTC
GO_Biological_Process_2023,Regulation Of Response To External Stimulus (GO:0032101),5/127,0.4280006303162112,0.6419389811078787,0,0,1.174639099584047,0.996834696432104,PSMA6;GRN;TMSB4X;PARK7;CD55,EC-PTC
GO_Biological_Process_2023,Regulation Of Anatomical Structure Morphogenesis (GO:0022603),5/127,0.4280006303162112,0.6419389811078787,0,0,1.174639099584047,0.996834696432104,EPHA4;SFRP1;RNH1;CFL1;PAK2,EC-PTC
GO_Biological_Process_2023,Positive Regulation Of Transcription By RNA Polymerase II (GO:0045944),33/938,0.4280030350746243,0.6419389811078787,0,0,1.0462126297309855,0.8878421846713797,ARF4;GTF2A2;CD81;AKR1B1;PARK7;AHR;YBX1;HIF1A;MYDGF;CHCHD2;SOX18;MED31;HES1;IER2;SOX4;S100A10;RTRAF;KLF10;JUN;NPM1;ANXA2;TCF15;STAT1;IRX3;LMO2;NME2;SFPQ;RGCC;ITGB1BP1;SQSTM1;PTMA;LPIN2;ATF4,EC-PTC
GO_Biological_Process_2023,SCF-dependent Proteasomal Ubiquitin-Dependent Protein Catabolic Process (GO:0031146),2/43,0.4285108147086098,0.6419389811078787,0,0,1.3977458050954952,1.1845047304726843,SKP1;RBX1,EC-PTC
GO_Biological_Process_2023,Response To Amyloid-Beta (GO:1904645),2/43,0.4285108147086098,0.6419389811078787,0,0,1.3977458050954952,1.1845047304726843,EPHA4;PRNP,EC-PTC
GO_Biological_Process_2023,Glycolipid Biosynthetic Process (GO:0009247),2/43,0.4285108147086098,0.6419389811078787,0,0,1.3977458050954952,1.1845047304726843,DPM3;ST8SIA6,EC-PTC
GO_Biological_Process_2023,Lysosome Organization (GO:0007040),2/43,0.4285108147086098,0.6419389811078787,0,0,1.3977458050954952,1.1845047304726843,GRN;LAMTOR1,EC-PTC
GO_Biological_Process_2023,mRNA Transcription (GO:0009299),2/43,0.4285108147086098,0.6419389811078787,0,0,1.3977458050954952,1.1845047304726843,S100A10;ATF4,EC-PTC
GO_Biological_Process_2023,Positive Regulation Of Cell-Matrix Adhesion (GO:0001954),2/43,0.4285108147086098,0.6419389811078787,0,0,1.3977458050954952,1.1845047304726843,SFRP1;S100A10,EC-PTC
GO_Biological_Process_2023,Positive Regulation Of miRNA Transcription (GO:1902895),2/43,0.4285108147086098,0.6419389811078787,0,0,1.3977458050954952,1.1845047304726843,JUN;HIF1A,EC-PTC
GO_Biological_Process_2023,Positive Regulation Of Receptor-Mediated Endocytosis (GO:0048260),2/43,0.4285108147086098,0.6419389811078787,0,0,1.3977458050954952,1.1845047304726843,CD63;ANXA2,EC-PTC
GO_Biological_Process_2023,Regulation Of JUN Kinase Activity (GO:0043506),2/43,0.4285108147086098,0.6419389811078787,0,0,1.3977458050954952,1.1845047304726843,GSTP1;RPS3,EC-PTC
GO_Biological_Process_2023,Regulation Of Cellular Component Size (GO:0032535),2/43,0.4285108147086098,0.6419389811078787,0,0,1.3977458050954952,1.1845047304726843,RDX;ARHGAP5,EC-PTC
GO_Biological_Process_2023,Cellular Response To Insulin Stimulus (GO:0032869),4/99,0.430206230965042,0.6441235519851456,0,0,1.206682877088399,1.0178256379089452,PKM;TBC1D4;RAB13;LPIN2,EC-PTC
GO_Biological_Process_2023,Negative Regulation Of Cellular Response To Growth Factor Stimulus (GO:0090288),3/71,0.4312522170276665,0.6453338961141281,0,0,1.2642463235294117,1.0633097559232023,PDCD6;SPRY4;GDF3,EC-PTC
GO_Biological_Process_2023,Regulation Of GTPase Activity (GO:0043087),8/214,0.435109719438663,0.6461663084156449,0,0,1.1131715695550284,0.9263335706927324,EPHA4;SFRP1;RDX;RACK1;ITGB1BP1;S100A10;RASGRP3;SOD1,EC-PTC
GO_Biological_Process_2023,Extracellular Matrix Disassembly (GO:0022617),2/44,0.4401072536011468,0.6461663084156449,0,0,1.3643953866836482,1.1198095357870483,GSN;FURIN,EC-PTC
GO_Biological_Process_2023,Neural Crest Cell Development (GO:0014032),2/44,0.4401072536011468,0.6461663084156449,0,0,1.3643953866836482,1.1198095357870483,SEMA3D;PDCD6,EC-PTC
GO_Biological_Process_2023,Positive Regulation Of Cytokine-Mediated Signaling Pathway (GO:0001961),2/44,0.4401072536011468,0.6461663084156449,0,0,1.3643953866836482,1.1198095357870483,HIF1A;HSPA1A,EC-PTC
GO_Biological_Process_2023,Positive Regulation Of Leukocyte Cell-Cell Adhesion (GO:1903039),2/44,0.4401072536011468,0.6461663084156449,0,0,1.3643953866836482,1.1198095357870483,MDK;HLA-DPA1,EC-PTC
GO_Biological_Process_2023,Organelle Organization (GO:0006996),15/418,0.4412212826281372,0.6461663084156449,0,0,1.067110309045793,0.8731189971080308,TMED10;SURF4;ARL1;CHCHD10;PARK7;SEC61A1;PINK1;CHCHD2;REEP5;MDK;CFL1;CHMP2A;SH3BGRL3;PPIA;OPTN,EC-PTC
GO_Biological_Process_2023,Regulation Of DNA Repair (GO:0006282),5/129,0.441292941828506,0.6461663084156449,0,0,1.1555729417428984,0.9453122350998744,ENY2;PPP4C;USP22;RPS3;NPAS2,EC-PTC
GO_Biological_Process_2023,"DNA Damage Response, Signal Transduction By P53 Class Mediator Resulting In Cell Cycle Arrest (GO:0006977)",1/17,0.4422765711872916,0.6461663084156449,0,0,1.7905229970326408,1.4607442313688248,RPL26,EC-PTC
GO_Biological_Process_2023,Regulation Of Delayed Rectifier Potassium Channel Activity (GO:1902259),1/17,0.4422765711872916,0.6461663084156449,0,0,1.7905229970326408,1.4607442313688248,SUMO1,EC-PTC
GO_Biological_Process_2023,Regulation Of Hematopoietic Progenitor Cell Differentiation (GO:1901532),1/17,0.4422765711872916,0.6461663084156449,0,0,1.7905229970326408,1.4607442313688248,EIF2AK2,EC-PTC
GO_Biological_Process_2023,Rac Protein Signal Transduction (GO:0016601),1/17,0.4422765711872916,0.6461663084156449,0,0,1.7905229970326408,1.4607442313688248,BRK1,EC-PTC
GO_Biological_Process_2023,Regulation Of Inflammatory Response To Antigenic Stimulus (GO:0002861),1/17,0.4422765711872916,0.6461663084156449,0,0,1.7905229970326408,1.4607442313688248,FURIN,EC-PTC
GO_Biological_Process_2023,T Cell Migration (GO:0072678),1/17,0.4422765711872916,0.6461663084156449,0,0,1.7905229970326408,1.4607442313688248,CD99,EC-PTC
GO_Biological_Process_2023,Regulation Of Leukocyte Chemotaxis (GO:0002688),1/17,0.4422765711872916,0.6461663084156449,0,0,1.7905229970326408,1.4607442313688248,MDK,EC-PTC
GO_Biological_Process_2023,Regulation Of Mitotic Cell Cycle Spindle Assembly Checkpoint (GO:0090266),1/17,0.4422765711872916,0.6461663084156449,0,0,1.7905229970326408,1.4607442313688248,DUSP1,EC-PTC
GO_Biological_Process_2023,Regulation Of Protein Sumoylation (GO:0033233),1/17,0.4422765711872916,0.6461663084156449,0,0,1.7905229970326408,1.4607442313688248,PARK7,EC-PTC
GO_Biological_Process_2023,Regulation Of Receptor Signaling Pathway Via STAT (GO:1904892),1/17,0.4422765711872916,0.6461663084156449,0,0,1.7905229970326408,1.4607442313688248,HES1,EC-PTC
GO_Biological_Process_2023,Cellular Response To dsRNA (GO:0071359),1/17,0.4422765711872916,0.6461663084156449,0,0,1.7905229970326408,1.4607442313688248,NPM1,EC-PTC
GO_Biological_Process_2023,Cellular Response To Glucocorticoid Stimulus (GO:0071385),1/17,0.4422765711872916,0.6461663084156449,0,0,1.7905229970326408,1.4607442313688248,SSTR2,EC-PTC
GO_Biological_Process_2023,Regulation Of Telomerase RNA Localization To Cajal Body (GO:1904872),1/17,0.4422765711872916,0.6461663084156449,0,0,1.7905229970326408,1.4607442313688248,NOP10,EC-PTC
GO_Biological_Process_2023,Diol Biosynthetic Process (GO:0034312),1/17,0.4422765711872916,0.6461663084156449,0,0,1.7905229970326408,1.4607442313688248,SPTSSA,EC-PTC
GO_Biological_Process_2023,Embryo Development Ending In Birth Or Egg Hatching (GO:0009792),1/17,0.4422765711872916,0.6461663084156449,0,0,1.7905229970326408,1.4607442313688248,USP22,EC-PTC
GO_Biological_Process_2023,Toll-Like Receptor 4 Signaling Pathway (GO:0034142),1/17,0.4422765711872916,0.6461663084156449,0,0,1.7905229970326408,1.4607442313688248,TRIL,EC-PTC
GO_Biological_Process_2023,Triglyceride Biosynthetic Process (GO:0019432),1/17,0.4422765711872916,0.6461663084156449,0,0,1.7905229970326408,1.4607442313688248,LPIN2,EC-PTC
GO_Biological_Process_2023,Leukocyte Tethering Or Rolling (GO:0050901),1/17,0.4422765711872916,0.6461663084156449,0,0,1.7905229970326408,1.4607442313688248,JAM2,EC-PTC
GO_Biological_Process_2023,Long-Chain fatty-acyl-CoA Biosynthetic Process (GO:0035338),1/17,0.4422765711872916,0.6461663084156449,0,0,1.7905229970326408,1.4607442313688248,TECR,EC-PTC
GO_Biological_Process_2023,Mesenchyme Development (GO:0060485),1/17,0.4422765711872916,0.6461663084156449,0,0,1.7905229970326408,1.4607442313688248,SOX4,EC-PTC
GO_Biological_Process_2023,Motile Cilium Assembly (GO:0044458),1/17,0.4422765711872916,0.6461663084156449,0,0,1.7905229970326408,1.4607442313688248,DYNLL1,EC-PTC
GO_Biological_Process_2023,Negative Regulation Of Rho Protein Signal Transduction (GO:0035024),1/17,0.4422765711872916,0.6461663084156449,0,0,1.7905229970326408,1.4607442313688248,DYNLL1,EC-PTC
GO_Biological_Process_2023,Negative Regulation Of Cellular Senescence (GO:2000773),1/17,0.4422765711872916,0.6461663084156449,0,0,1.7905229970326408,1.4607442313688248,YBX1,EC-PTC
GO_Biological_Process_2023,Negative Regulation Of Interleukin-8 Production (GO:0032717),1/17,0.4422765711872916,0.6461663084156449,0,0,1.7905229970326408,1.4607442313688248,TMSB4X,EC-PTC
GO_Biological_Process_2023,Neuron Maturation (GO:0042551),1/17,0.4422765711872916,0.6461663084156449,0,0,1.7905229970326408,1.4607442313688248,MTCH1,EC-PTC
GO_Biological_Process_2023,Nuclear Envelope Organization (GO:0006998),1/17,0.4422765711872916,0.6461663084156449,0,0,1.7905229970326408,1.4607442313688248,REEP3,EC-PTC
GO_Biological_Process_2023,Polyol Metabolic Process (GO:0019751),1/17,0.4422765711872916,0.6461663084156449,0,0,1.7905229970326408,1.4607442313688248,SLC5A3,EC-PTC
GO_Biological_Process_2023,Positive Chemotaxis (GO:0050918),1/17,0.4422765711872916,0.6461663084156449,0,0,1.7905229970326408,1.4607442313688248,LGALS3,EC-PTC
GO_Biological_Process_2023,Positive Regulation Of Amyloid-Beta Formation (GO:1902004),1/17,0.4422765711872916,0.6461663084156449,0,0,1.7905229970326408,1.4607442313688248,EPHA4,EC-PTC
GO_Biological_Process_2023,Positive Regulation Of Cartilage Development (GO:0061036),1/17,0.4422765711872916,0.6461663084156449,0,0,1.7905229970326408,1.4607442313688248,MDK,EC-PTC
GO_Biological_Process_2023,Positive Regulation Of Cell Cycle Phase Transition (GO:1901989),1/17,0.4422765711872916,0.6461663084156449,0,0,1.7905229970326408,1.4607442313688248,NPM1,EC-PTC
GO_Biological_Process_2023,Positive Regulation Of Dendrite Morphogenesis (GO:0050775),1/17,0.4422765711872916,0.6461663084156449,0,0,1.7905229970326408,1.4607442313688248,RELN,EC-PTC
GO_Biological_Process_2023,Positive Regulation Of Leukocyte Adhesion To Vascular Endothelial Cell (GO:1904996),1/17,0.4422765711872916,0.6461663084156449,0,0,1.7905229970326408,1.4607442313688248,MDK,EC-PTC
GO_Biological_Process_2023,Positive Regulation Of Nitric-Oxide Synthase Activity (GO:0051000),1/17,0.4422765711872916,0.6461663084156449,0,0,1.7905229970326408,1.4607442313688248,HIF1A,EC-PTC
GO_Biological_Process_2023,Positive Regulation Of Peptidyl-Lysine Acetylation (GO:2000758),1/17,0.4422765711872916,0.6461663084156449,0,0,1.7905229970326408,1.4607442313688248,SOX4,EC-PTC
GO_Biological_Process_2023,Positive Regulation Of Stem Cell Differentiation (GO:2000738),1/17,0.4422765711872916,0.6461663084156449,0,0,1.7905229970326408,1.4607442313688248,TCF15,EC-PTC
GO_Biological_Process_2023,Regulation Of Cartilage Development (GO:0061035),1/17,0.4422765711872916,0.6461663084156449,0,0,1.7905229970326408,1.4607442313688248,MDK,EC-PTC
GO_Biological_Process_2023,Hemopoiesis (GO:0030097),4/101,0.4452902840248319,0.6502195760276578,0,0,1.1816799053574447,0.9560131772451548,SFRP1;PINK1;CD34;ATF4,EC-PTC
GO_Biological_Process_2023,Ubiquitin-Dependent ERAD Pathway (GO:0030433),3/73,0.4491119722184246,0.6554476714375289,0,0,1.2279974489795915,0.9829911322962877,VCP;SEC61B;UBE2J1,EC-PTC
GO_Biological_Process_2023,Mitotic Nuclear Division (GO:0140014),2/45,0.4515732015415757,0.6575564573721258,0,0,1.3325961505235149,1.0594376460273356,CHMP2A;RAN,EC-PTC
GO_Biological_Process_2023,Regulation Of Cell Cycle G1/S Phase Transition (GO:1902806),3/74,0.4579565678732764,0.6575564573721258,0,0,1.210638832997988,0.9454858408845472,TCIM;PSME1;PSME2,EC-PTC
GO_Biological_Process_2023,Regulation Of Epidermal Cell Differentiation (GO:0045604),1/18,0.4611157121383603,0.6575564573721258,0,0,1.6851108395880607,1.304454858164766,GDF3,EC-PTC
GO_Biological_Process_2023,Regulation Of Epithelial Cell Differentiation (GO:0030856),1/18,0.4611157121383603,0.6575564573721258,0,0,1.6851108395880607,1.304454858164766,CD24,EC-PTC
GO_Biological_Process_2023,Regulation Of Establishment Or Maintenance Of Cell Polarity (GO:0032878),1/18,0.4611157121383603,0.6575564573721258,0,0,1.6851108395880607,1.304454858164766,RACK1,EC-PTC
GO_Biological_Process_2023,Cardiac Muscle Cell Contraction (GO:0086003),1/18,0.4611157121383603,0.6575564573721258,0,0,1.6851108395880607,1.304454858164766,GSN,EC-PTC
GO_Biological_Process_2023,Cell Junction Maintenance (GO:0034331),1/18,0.4611157121383603,0.6575564573721258,0,0,1.6851108395880607,1.304454858164766,CHCHD10,EC-PTC
GO_Biological_Process_2023,Regulation Of Vascular Endothelial Cell Proliferation (GO:1905562),1/18,0.4611157121383603,0.6575564573721258,0,0,1.6851108395880607,1.304454858164766,MDK,EC-PTC
GO_Biological_Process_2023,Response To Axon Injury (GO:0048678),1/18,0.4611157121383603,0.6575564573721258,0,0,1.6851108395880607,1.304454858164766,SOD1,EC-PTC
GO_Biological_Process_2023,Response To Ethanol (GO:0045471),1/18,0.4611157121383603,0.6575564573721258,0,0,1.6851108395880607,1.304454858164766,SOD1,EC-PTC
GO_Biological_Process_2023,Response To Organophosphorus (GO:0046683),1/18,0.4611157121383603,0.6575564573721258,0,0,1.6851108395880607,1.304454858164766,STAT1,EC-PTC
GO_Biological_Process_2023,Glycerolipid Catabolic Process (GO:0046503),1/18,0.4611157121383603,0.6575564573721258,0,0,1.6851108395880607,1.304454858164766,PRDX6,EC-PTC
GO_Biological_Process_2023,Heart Trabecula Morphogenesis (GO:0061384),1/18,0.4611157121383603,0.6575564573721258,0,0,1.6851108395880607,1.304454858164766,FKBP1A,EC-PTC
GO_Biological_Process_2023,Vesicle-Mediated Transport In Synapse (GO:0099003),1/18,0.4611157121383603,0.6575564573721258,0,0,1.6851108395880607,1.304454858164766,SNCA,EC-PTC
GO_Biological_Process_2023,Mitochondrial Fusion (GO:0008053),1/18,0.4611157121383603,0.6575564573721258,0,0,1.6851108395880607,1.304454858164766,FIS1,EC-PTC
GO_Biological_Process_2023,Mitotic Cytokinetic Process (GO:1902410),1/18,0.4611157121383603,0.6575564573721258,0,0,1.6851108395880607,1.304454858164766,CHMP2A,EC-PTC
GO_Biological_Process_2023,ncRNA-mediated Post-Transcriptional Gene Silencing (GO:0035194),1/18,0.4611157121383603,0.6575564573721258,0,0,1.6851108395880607,1.304454858164766,EIF6,EC-PTC
GO_Biological_Process_2023,Negative Regulation Of Lipid Storage (GO:0010888),1/18,0.4611157121383603,0.6575564573721258,0,0,1.6851108395880607,1.304454858164766,ITGAV,EC-PTC
GO_Biological_Process_2023,Negative Regulation Of Nervous System Development (GO:0051961),1/18,0.4611157121383603,0.6575564573721258,0,0,1.6851108395880607,1.304454858164766,DYNLT1,EC-PTC
GO_Biological_Process_2023,Negative Regulation Of Peptide Hormone Secretion (GO:0090278),1/18,0.4611157121383603,0.6575564573721258,0,0,1.6851108395880607,1.304454858164766,SFRP1,EC-PTC
GO_Biological_Process_2023,Neural Crest Cell Differentiation (GO:0014033),1/18,0.4611157121383603,0.6575564573721258,0,0,1.6851108395880607,1.304454858164766,PDCD6,EC-PTC
GO_Biological_Process_2023,Nitric Oxide Mediated Signal Transduction (GO:0007263),1/18,0.4611157121383603,0.6575564573721258,0,0,1.6851108395880607,1.304454858164766,DDAH2,EC-PTC
GO_Biological_Process_2023,Nucleosome Disassembly (GO:0006337),1/18,0.4611157121383603,0.6575564573721258,0,0,1.6851108395880607,1.304454858164766,SET,EC-PTC
GO_Biological_Process_2023,Peptide Antigen Assembly With MHC Protein Complex (GO:0002501),1/18,0.4611157121383603,0.6575564573721258,0,0,1.6851108395880607,1.304454858164766,HLA-DPA1,EC-PTC
GO_Biological_Process_2023,Positive Regulation Of CREB Transcription Factor Activity (GO:0032793),1/18,0.4611157121383603,0.6575564573721258,0,0,1.6851108395880607,1.304454858164766,RELN,EC-PTC
GO_Biological_Process_2023,Positive Regulation Of NLRP3 Inflammasome Complex Assembly (GO:1900227),1/18,0.4611157121383603,0.6575564573721258,0,0,1.6851108395880607,1.304454858164766,STMP1,EC-PTC
GO_Biological_Process_2023,Positive Regulation Of Cyclin-Dependent Protein Kinase Activity (GO:1904031),1/18,0.4611157121383603,0.6575564573721258,0,0,1.6851108395880607,1.304454858164766,RGCC,EC-PTC
GO_Biological_Process_2023,Positive Regulation Of Cytokine Production Involved In Inflammatory Response (GO:1900017),1/18,0.4611157121383603,0.6575564573721258,0,0,1.6851108395880607,1.304454858164766,HIF1A,EC-PTC
GO_Biological_Process_2023,Positive Regulation Of Epidermal Cell Differentiation (GO:0045606),1/18,0.4611157121383603,0.6575564573721258,0,0,1.6851108395880607,1.304454858164766,NME2,EC-PTC
GO_Biological_Process_2023,Positive Regulation Of Glycolytic Process (GO:0045821),1/18,0.4611157121383603,0.6575564573721258,0,0,1.6851108395880607,1.304454858164766,HIF1A,EC-PTC
GO_Biological_Process_2023,Positive Regulation Of Macrophage Migration (GO:1905523),1/18,0.4611157121383603,0.6575564573721258,0,0,1.6851108395880607,1.304454858164766,MDK,EC-PTC
GO_Biological_Process_2023,Positive Regulation Of Neuroblast Proliferation (GO:0002052),1/18,0.4611157121383603,0.6575564573721258,0,0,1.6851108395880607,1.304454858164766,VCAN,EC-PTC
GO_Biological_Process_2023,Positive Regulation Of Neutrophil Chemotaxis (GO:0090023),1/18,0.4611157121383603,0.6575564573721258,0,0,1.6851108395880607,1.304454858164766,MDK,EC-PTC
GO_Biological_Process_2023,Positive Regulation Of Phosphoprotein Phosphatase Activity (GO:0032516),1/18,0.4611157121383603,0.6575564573721258,0,0,1.6851108395880607,1.304454858164766,CALM2,EC-PTC
GO_Biological_Process_2023,Positive Regulation Of Stress-Activated Protein Kinase Signaling Cascade (GO:0070304),1/18,0.4611157121383603,0.6575564573721258,0,0,1.6851108395880607,1.304454858164766,EIF2AK2,EC-PTC
GO_Biological_Process_2023,"Protein Localization To Chromosome, Centromeric Region (GO:0071459)",1/18,0.4611157121383603,0.6575564573721258,0,0,1.6851108395880607,1.304454858164766,BUB3,EC-PTC
GO_Biological_Process_2023,Regulation Of T Cell Cytokine Production (GO:0002724),1/18,0.4611157121383603,0.6575564573721258,0,0,1.6851108395880607,1.304454858164766,CD55,EC-PTC
GO_Biological_Process_2023,Regulation Of Adaptive Immune Response (GO:0002819),1/18,0.4611157121383603,0.6575564573721258,0,0,1.6851108395880607,1.304454858164766,AHR,EC-PTC
GO_Biological_Process_2023,Regulation Of Cell Cycle G2/M Phase Transition (GO:1902749),1/18,0.4611157121383603,0.6575564573721258,0,0,1.6851108395880607,1.304454858164766,NPM1,EC-PTC
GO_Biological_Process_2023,Regulation Of Cell-Cell Adhesion Mediated By Cadherin (GO:2000047),1/18,0.4611157121383603,0.6575564573721258,0,0,1.6851108395880607,1.304454858164766,RGCC,EC-PTC
GO_Biological_Process_2023,Regulation Of mRNA Catabolic Process (GO:0061013),2/46,0.4629042512870046,0.6575564573721258,0,0,1.3022423341888425,1.0030326854248042,RBM8A;VIM,EC-PTC
GO_Biological_Process_2023,Amino Acid Transport (GO:0006865),2/46,0.4629042512870046,0.6575564573721258,0,0,1.3022423341888425,1.0030326854248042,SLC3A2;SLC38A2,EC-PTC
GO_Biological_Process_2023,Regulation Of Nervous System Development (GO:0051960),2/46,0.4629042512870046,0.6575564573721258,0,0,1.3022423341888425,1.0030326854248042,HES1;S100A10,EC-PTC
GO_Biological_Process_2023,Cellular Component Disassembly (GO:0022411),2/46,0.4629042512870046,0.6575564573721258,0,0,1.3022423341888425,1.0030326854248042,GSN;FURIN,EC-PTC
GO_Biological_Process_2023,Response To Hydrogen Peroxide (GO:0042542),2/46,0.4629042512870046,0.6575564573721258,0,0,1.3022423341888425,1.0030326854248042,RPS3;SOD1,EC-PTC
GO_Biological_Process_2023,Development Of Primary Male Sexual Characteristics (GO:0046546),2/46,0.4629042512870046,0.6575564573721258,0,0,1.3022423341888425,1.0030326854248042,CSDE1;AKR1B1,EC-PTC
GO_Biological_Process_2023,Epithelial Cell Migration (GO:0010631),2/46,0.4629042512870046,0.6575564573721258,0,0,1.3022423341888425,1.0030326854248042,STAT1;TNFSF12,EC-PTC
GO_Biological_Process_2023,Male Gonad Development (GO:0008584),2/46,0.4629042512870046,0.6575564573721258,0,0,1.3022423341888425,1.0030326854248042,CSDE1;AKR1B1,EC-PTC
GO_Biological_Process_2023,Negative Regulation Of Cold-Induced Thermogenesis (GO:0120163),2/46,0.4629042512870046,0.6575564573721258,0,0,1.3022423341888425,1.0030326854248042,ID1;ATF4,EC-PTC
GO_Biological_Process_2023,Positive Regulation Of Peptide Hormone Secretion (GO:0090277),2/46,0.4629042512870046,0.6575564573721258,0,0,1.3022423341888425,1.0030326854248042,SELENOT;SOX4,EC-PTC
GO_Biological_Process_2023,Protein Sumoylation (GO:0016925),2/46,0.4629042512870046,0.6575564573721258,0,0,1.3022423341888425,1.0030326854248042,SUMO1;SUMO2,EC-PTC
GO_Biological_Process_2023,Regulation Of Fat Cell Differentiation (GO:0045598),3/75,0.4667402790502368,0.662172683242239,0,0,1.1937624007936507,0.9096258480603396,SFRP1;CCDC85B;GDF3,EC-PTC
GO_Biological_Process_2023,Nucleosome Organization (GO:0034728),3/75,0.4667402790502368,0.662172683242239,0,0,1.1937624007936507,0.9096258480603396,BRD2;NPM1;SET,EC-PTC
GO_Biological_Process_2023,Regulation Of Macromolecule Metabolic Process (GO:0060255),6/162,0.4671849107771933,0.662172683242239,0,0,1.1020466827641715,0.8386907469213418,AHR;YBX1;LAMTOR1;ATP1B1;HIF1A;HNRNPAB,EC-PTC
GO_Biological_Process_2023,Secondary Alcohol Metabolic Process (GO:1902652),2/47,0.474096440510466,0.662172683242239,0,0,1.2732375763579329,0.9502738839402484,FDX1;OSBPL1A,EC-PTC
GO_Biological_Process_2023,Positive Regulation Of TOR Signaling (GO:0032008),2/47,0.474096440510466,0.662172683242239,0,0,1.2732375763579329,0.9502738839402484,RRAGA;LAMTOR1,EC-PTC
GO_Biological_Process_2023,Positive Regulation Of Smooth Muscle Cell Proliferation (GO:0048661),2/47,0.474096440510466,0.662172683242239,0,0,1.2732375763579329,0.9502738839402484,JUN;STAT1,EC-PTC
GO_Biological_Process_2023,Lysosomal Transport (GO:0007041),4/105,0.4750679178247147,0.662172683242239,0,0,1.1346446120021838,0.8445131484134109,GRN;PINK1;CHMP2A;HSPA1A,EC-PTC
GO_Biological_Process_2023,Regulation Of Cell Differentiation (GO:0045595),7/193,0.4773959122902387,0.662172683242239,0,0,1.0782708775996397,0.7972833288749503,PTBP1;RELN;MDK;EIF2AK2;AKR1B1;CD24;ATF4,EC-PTC
GO_Biological_Process_2023,Regulation Of Cellular Response To Growth Factor Stimulus (GO:0090287),1/19,0.4793194017872761,0.662172683242239,0,0,1.591411144081767,1.1703048083558931,TMEM204,EC-PTC
GO_Biological_Process_2023,Regulation Of Centriole Replication (GO:0046599),1/19,0.4793194017872761,0.662172683242239,0,0,1.591411144081767,1.1703048083558931,NPM1,EC-PTC
GO_Biological_Process_2023,Regulation Of Fibroblast Growth Factor Receptor Signaling Pathway (GO:0040036),1/19,0.4793194017872761,0.662172683242239,0,0,1.591411144081767,1.1703048083558931,SPRY4,EC-PTC
GO_Biological_Process_2023,N-glycan Processing (GO:0006491),1/19,0.4793194017872761,0.662172683242239,0,0,1.591411144081767,1.1703048083558931,ST8SIA6,EC-PTC
GO_Biological_Process_2023,Regulation Of Granulocyte Chemotaxis (GO:0071622),1/19,0.4793194017872761,0.662172683242239,0,0,1.591411144081767,1.1703048083558931,MDK,EC-PTC
GO_Biological_Process_2023,Regulation Of Lymphocyte Differentiation (GO:0045619),1/19,0.4793194017872761,0.662172683242239,0,0,1.591411144081767,1.1703048083558931,PRELID1,EC-PTC
GO_Biological_Process_2023,Regulation Of Megakaryocyte Differentiation (GO:0045652),1/19,0.4793194017872761,0.662172683242239,0,0,1.591411144081767,1.1703048083558931,EIF6,EC-PTC
GO_Biological_Process_2023,Atrioventricular Valve Morphogenesis (GO:0003181),1/19,0.4793194017872761,0.662172683242239,0,0,1.591411144081767,1.1703048083558931,SOX4,EC-PTC
GO_Biological_Process_2023,Calcium-Independent Cell-Cell Adhesion Via Plasma Membrane Cell-Adhesion Molecules (GO:0016338),1/19,0.4793194017872761,0.662172683242239,0,0,1.591411144081767,1.1703048083558931,CLDN15,EC-PTC
GO_Biological_Process_2023,Cardiac Ventricle Development (GO:0003231),1/19,0.4793194017872761,0.662172683242239,0,0,1.591411144081767,1.1703048083558931,HES1,EC-PTC
GO_Biological_Process_2023,Regulation Of Smooth Muscle Cell Migration (GO:0014910),1/19,0.4793194017872761,0.662172683242239,0,0,1.591411144081767,1.1703048083558931,S100A11,EC-PTC
GO_Biological_Process_2023,Cellular Response To Catecholamine Stimulus (GO:0071870),1/19,0.4793194017872761,0.662172683242239,0,0,1.591411144081767,1.1703048083558931,SNCA,EC-PTC
GO_Biological_Process_2023,Cellular Response To Lectin (GO:1990858),1/19,0.4793194017872761,0.662172683242239,0,0,1.591411144081767,1.1703048083558931,PAK2,EC-PTC
GO_Biological_Process_2023,Cellular Response To Misfolded Protein (GO:0071218),1/19,0.4793194017872761,0.662172683242239,0,0,1.591411144081767,1.1703048083558931,VCP,EC-PTC
GO_Biological_Process_2023,Regulation Of Vascular Endothelial Growth Factor Signaling Pathway (GO:1900746),1/19,0.4793194017872761,0.662172683242239,0,0,1.591411144081767,1.1703048083558931,CD63,EC-PTC
GO_Biological_Process_2023,Release Of Cytochrome C From Mitochondria (GO:0001836),1/19,0.4793194017872761,0.662172683242239,0,0,1.591411144081767,1.1703048083558931,FIS1,EC-PTC
GO_Biological_Process_2023,Cortical Actin Cytoskeleton Organization (GO:0030866),1/19,0.4793194017872761,0.662172683242239,0,0,1.591411144081767,1.1703048083558931,RAB13,EC-PTC
GO_Biological_Process_2023,Dopamine Metabolic Process (GO:0042417),1/19,0.4793194017872761,0.662172683242239,0,0,1.591411144081767,1.1703048083558931,SNCA,EC-PTC
GO_Biological_Process_2023,Sphingosine Metabolic Process (GO:0006670),1/19,0.4793194017872761,0.662172683242239,0,0,1.591411144081767,1.1703048083558931,SPTSSA,EC-PTC
GO_Biological_Process_2023,Stimulatory C-type Lectin Receptor Signaling Pathway (GO:0002223),1/19,0.4793194017872761,0.662172683242239,0,0,1.591411144081767,1.1703048083558931,PAK2,EC-PTC
GO_Biological_Process_2023,Eye Morphogenesis (GO:0048592),1/19,0.4793194017872761,0.662172683242239,0,0,1.591411144081767,1.1703048083558931,C12ORF57,EC-PTC
GO_Biological_Process_2023,tRNA Metabolic Process (GO:0006399),1/19,0.4793194017872761,0.662172683242239,0,0,1.591411144081767,1.1703048083558931,SSB,EC-PTC
GO_Biological_Process_2023,Ganglioside Metabolic Process (GO:0001573),1/19,0.4793194017872761,0.662172683242239,0,0,1.591411144081767,1.1703048083558931,ST8SIA6,EC-PTC
GO_Biological_Process_2023,Glycosphingolipid Biosynthetic Process (GO:0006688),1/19,0.4793194017872761,0.662172683242239,0,0,1.591411144081767,1.1703048083558931,ST8SIA6,EC-PTC
GO_Biological_Process_2023,Immunoglobulin Production Involved In Immunoglobulin-Mediated Immune Response (GO:0002381),1/19,0.4793194017872761,0.662172683242239,0,0,1.591411144081767,1.1703048083558931,HLA-DPA1,EC-PTC
GO_Biological_Process_2023,Intrinsic Apoptotic Signaling Pathway In Response To DNA Damage By P53 Class Mediator (GO:0042771),1/19,0.4793194017872761,0.662172683242239,0,0,1.591411144081767,1.1703048083558931,TMEM109,EC-PTC
GO_Biological_Process_2023,Leukocyte Adhesion To Vascular Endothelial Cell (GO:0061756),1/19,0.4793194017872761,0.662172683242239,0,0,1.591411144081767,1.1703048083558931,JAM2,EC-PTC
GO_Biological_Process_2023,Linoleic Acid Metabolic Process (GO:0043651),1/19,0.4793194017872761,0.662172683242239,0,0,1.591411144081767,1.1703048083558931,GSTP1,EC-PTC
GO_Biological_Process_2023,Mesoderm Development (GO:0007498),1/19,0.4793194017872761,0.662172683242239,0,0,1.591411144081767,1.1703048083558931,TCF15,EC-PTC
GO_Biological_Process_2023,Negative Regulation Of Axon Extension Involved In Axon Guidance (GO:0048843),1/19,0.4793194017872761,0.662172683242239,0,0,1.591411144081767,1.1703048083558931,SEMA3D,EC-PTC
GO_Biological_Process_2023,Negative Regulation Of Execution Phase Of Apoptosis (GO:1900118),1/19,0.4793194017872761,0.662172683242239,0,0,1.591411144081767,1.1703048083558931,PAK2,EC-PTC
GO_Biological_Process_2023,Negative Regulation Of Peptidyl-Serine Phosphorylation (GO:0033137),1/19,0.4793194017872761,0.662172683242239,0,0,1.591411144081767,1.1703048083558931,RACK1,EC-PTC
GO_Biological_Process_2023,Negative Regulation Of Protein Dephosphorylation (GO:0035308),1/19,0.4793194017872761,0.662172683242239,0,0,1.591411144081767,1.1703048083558931,FKBP1A,EC-PTC
GO_Biological_Process_2023,Neuron Apoptotic Process (GO:0051402),1/19,0.4793194017872761,0.662172683242239,0,0,1.591411144081767,1.1703048083558931,GAPDH,EC-PTC
GO_Biological_Process_2023,Pore Complex Assembly (GO:0046931),1/19,0.4793194017872761,0.662172683242239,0,0,1.591411144081767,1.1703048083558931,RTN4,EC-PTC
GO_Biological_Process_2023,Positive Regulation Of Alpha-Beta T Cell Activation (GO:0046635),1/19,0.4793194017872761,0.662172683242239,0,0,1.591411144081767,1.1703048083558931,CD55,EC-PTC
GO_Biological_Process_2023,Positive Regulation Of calcineurin-NFAT Signaling Cascade (GO:0070886),1/19,0.4793194017872761,0.662172683242239,0,0,1.591411144081767,1.1703048083558931,PTBP1,EC-PTC
GO_Biological_Process_2023,Positive Regulation Of Calcineurin-Mediated Signaling (GO:0106058),1/19,0.4793194017872761,0.662172683242239,0,0,1.591411144081767,1.1703048083558931,PTBP1,EC-PTC
GO_Biological_Process_2023,Positive Regulation Of Hormone Secretion (GO:0046887),1/19,0.4793194017872761,0.662172683242239,0,0,1.591411144081767,1.1703048083558931,VAMP8,EC-PTC
GO_Biological_Process_2023,Protein Heterooligomerization (GO:0051291),1/19,0.4793194017872761,0.662172683242239,0,0,1.591411144081767,1.1703048083558931,KRT10,EC-PTC
GO_Biological_Process_2023,Purine Ribonucleotide Transport (GO:0015868),1/19,0.4793194017872761,0.662172683242239,0,0,1.591411144081767,1.1703048083558931,SLC25A4,EC-PTC
GO_Biological_Process_2023,rRNA Catabolic Process (GO:0016075),1/19,0.4793194017872761,0.662172683242239,0,0,1.591411144081767,1.1703048083558931,TRIR,EC-PTC
GO_Biological_Process_2023,Receptor Clustering (GO:0043113),1/19,0.4793194017872761,0.662172683242239,0,0,1.591411144081767,1.1703048083558931,ITGB1BP1,EC-PTC
GO_Biological_Process_2023,Regulation Of B Cell Differentiation (GO:0045577),1/19,0.4793194017872761,0.662172683242239,0,0,1.591411144081767,1.1703048083558931,SFRP1,EC-PTC
GO_Biological_Process_2023,Regulation Of Acute Inflammatory Response (GO:0002673),1/19,0.4793194017872761,0.662172683242239,0,0,1.591411144081767,1.1703048083558931,GSTP1,EC-PTC
GO_Biological_Process_2023,Regulation Of Behavior (GO:0050795),1/19,0.4793194017872761,0.662172683242239,0,0,1.591411144081767,1.1703048083558931,RELN,EC-PTC
GO_Biological_Process_2023,Cellular Response To Metal Ion (GO:0071248),5/135,0.4806752202018793,0.6637081332324882,0,0,1.101894374282434,0.8072075496646085,PRNP;MT2A;JUN;SUMO1;SNCA,EC-PTC
GO_Biological_Process_2023,Regulation Of G1/S Transition Of Mitotic Cell Cycle (GO:2000045),4/106,0.4824191217407662,0.6657485297998641,0,0,1.123462201572134,0.8189387791824179,RGCC;RDX;PSME1;PSME2,EC-PTC
GO_Biological_Process_2023,Regulation Of Immune Response (GO:0050776),3/77,0.4841138977742016,0.6657485297998641,0,0,1.1613778957528955,0.842504259713281,FKBP1A;COL3A1;AHR,EC-PTC
GO_Biological_Process_2023,Embryonic Organ Development (GO:0048568),3/77,0.4841138977742016,0.6657485297998641,0,0,1.1613778957528955,0.842504259713281,RPL10;SOX18;ATF4,EC-PTC
GO_Biological_Process_2023,Monoatomic Cation Homeostasis (GO:0055080),3/77,0.4841138977742016,0.6657485297998641,0,0,1.1613778957528955,0.842504259713281,SLC12A1;SLC40A1;SNCA,EC-PTC
GO_Biological_Process_2023,Negative Regulation Of Blood Vessel Morphogenesis (GO:2000181),3/77,0.4841138977742016,0.6657485297998641,0,0,1.1613778957528955,0.842504259713281,RGCC;STAT1;ECSCR,EC-PTC
GO_Biological_Process_2023,Negative Regulation Of Transforming Growth Factor Beta Receptor Signaling Pathway (GO:0030512),3/77,0.4841138977742016,0.6657485297998641,0,0,1.1613778957528955,0.842504259713281,FKBP1A;FAM89B;HSPA1A,EC-PTC
GO_Biological_Process_2023,Neutrophil Migration (GO:1990266),3/77,0.4841138977742016,0.6657485297998641,0,0,1.1613778957528955,0.842504259713281,LGALS3;PPIB;PPIA,EC-PTC
GO_Biological_Process_2023,Regulation Of T Cell Proliferation (GO:0042129),3/77,0.4841138977742016,0.6657485297998641,0,0,1.1613778957528955,0.842504259713281,LGALS3;MYDGF;HLA-DPA1,EC-PTC
GO_Biological_Process_2023,Regulation Of Tumor Necrosis Factor-Mediated Signaling Pathway (GO:0010803),2/48,0.4851462271775836,0.6664932488691538,0,0,1.2454938949544545,0.9008718796757792,GSTP1;HSPA1A,EC-PTC
GO_Biological_Process_2023,Post-Translational Protein Modification (GO:0043687),2/48,0.4851462271775836,0.6664932488691538,0,0,1.2454938949544545,0.9008718796757792,RNF7;RBX1,EC-PTC
GO_Biological_Process_2023,Regulation Of TOR Signaling (GO:0032006),3/78,0.4926986098268184,0.6742471351644281,0,0,1.1458333333333333,0.8110868688278812,RRAGA;PDCD6;LAMTOR1,EC-PTC
GO_Biological_Process_2023,Potassium Ion Transmembrane Transport (GO:0071805),5/137,0.4935981929855288,0.6742471351644281,0,0,1.085085933966531,0.766106984261628,FXYD2;SLC12A1;ATP1B3;ATP1A1;ATP1B1,EC-PTC
GO_Biological_Process_2023,Regulation Of Mitotic Metaphase/Anaphase Transition (GO:0030071),2/49,0.4960504654742688,0.6742471351644281,0,0,1.218930795738358,0.8545650921095337,DUSP1;ANAPC11,EC-PTC
GO_Biological_Process_2023,Interferon-Mediated Signaling Pathway (GO:0140888),2/49,0.4960504654742688,0.6742471351644281,0,0,1.218930795738358,0.8545650921095337,IFI27;STAT1,EC-PTC
GO_Biological_Process_2023,Nuclear Export (GO:0051168),2/49,0.4960504654742688,0.6742471351644281,0,0,1.218930795738358,0.8545650921095337,RANBP3L;RAN,EC-PTC
GO_Biological_Process_2023,Positive Regulation Of miRNA Metabolic Process (GO:2000630),2/49,0.4960504654742688,0.6742471351644281,0,0,1.218930795738358,0.8545650921095337,JUN;HIF1A,EC-PTC
GO_Biological_Process_2023,Regulation Of Fibroblast Migration (GO:0010762),1/20,0.4969090432264825,0.6742471351644281,0,0,1.5075745744182414,1.0543196874769738,ITGB1BP1,EC-PTC
GO_Biological_Process_2023,Regulation Of Necroptotic Process (GO:0060544),1/20,0.4969090432264825,0.6742471351644281,0,0,1.5075745744182414,1.0543196874769738,SLC25A4,EC-PTC
GO_Biological_Process_2023,Cell Projection Organization (GO:0030030),1/20,0.4969090432264825,0.6742471351644281,0,0,1.5075745744182414,1.0543196874769738,GSN,EC-PTC
GO_Biological_Process_2023,Striated Muscle Cell Differentiation (GO:0051146),1/20,0.4969090432264825,0.6742471351644281,0,0,1.5075745744182414,1.0543196874769738,MTLN,EC-PTC
GO_Biological_Process_2023,Late Endosome To Vacuole Transport (GO:0045324),1/20,0.4969090432264825,0.6742471351644281,0,0,1.5075745744182414,1.0543196874769738,CHMP2A,EC-PTC
GO_Biological_Process_2023,Long-Term Memory (GO:0007616),1/20,0.4969090432264825,0.6742471351644281,0,0,1.5075745744182414,1.0543196874769738,PRNP,EC-PTC
GO_Biological_Process_2023,Monocarboxylic Acid Catabolic Process (GO:0072329),1/20,0.4969090432264825,0.6742471351644281,0,0,1.5075745744182414,1.0543196874769738,LPIN2,EC-PTC
GO_Biological_Process_2023,Negative Regulation Of B Cell Activation (GO:0050869),1/20,0.4969090432264825,0.6742471351644281,0,0,1.5075745744182414,1.0543196874769738,SFRP1,EC-PTC
GO_Biological_Process_2023,Negative Regulation Of miRNA Transcription (GO:1902894),1/20,0.4969090432264825,0.6742471351644281,0,0,1.5075745744182414,1.0543196874769738,HIF1A,EC-PTC
GO_Biological_Process_2023,Negative Regulation Of Phosphate Metabolic Process (GO:0045936),1/20,0.4969090432264825,0.6742471351644281,0,0,1.5075745744182414,1.0543196874769738,DYNLL1,EC-PTC
GO_Biological_Process_2023,Negative Regulation Of Protein Localization To Cell Periphery (GO:1904376),1/20,0.4969090432264825,0.6742471351644281,0,0,1.5075745744182414,1.0543196874769738,AP2M1,EC-PTC
GO_Biological_Process_2023,Negative Regulation Of Protein Localization To Plasma Membrane (GO:1903077),1/20,0.4969090432264825,0.6742471351644281,0,0,1.5075745744182414,1.0543196874769738,AP2M1,EC-PTC
GO_Biological_Process_2023,Negative Regulation Of Stem Cell Population Maintenance (GO:1902455),1/20,0.4969090432264825,0.6742471351644281,0,0,1.5075745744182414,1.0543196874769738,ZNF706,EC-PTC
GO_Biological_Process_2023,Positive Regulation Of Epithelial Cell Differentiation (GO:0030858),1/20,0.4969090432264825,0.6742471351644281,0,0,1.5075745744182414,1.0543196874769738,BTG1,EC-PTC
GO_Biological_Process_2023,Positive Regulation Of Lipid Catabolic Process (GO:0050996),1/20,0.4969090432264825,0.6742471351644281,0,0,1.5075745744182414,1.0543196874769738,MTLN,EC-PTC
GO_Biological_Process_2023,Positive Regulation Of Vascular Associated Smooth Muscle Cell Proliferation (GO:1904707),1/20,0.4969090432264825,0.6742471351644281,0,0,1.5075745744182414,1.0543196874769738,JUN,EC-PTC
GO_Biological_Process_2023,Regulation Of Calcium Ion Import (GO:0090279),1/20,0.4969090432264825,0.6742471351644281,0,0,1.5075745744182414,1.0543196874769738,LGALS3,EC-PTC
GO_Biological_Process_2023,Regulation Of Calcium Ion Transmembrane Transport (GO:1903169),1/20,0.4969090432264825,0.6742471351644281,0,0,1.5075745744182414,1.0543196874769738,PRNP,EC-PTC
GO_Biological_Process_2023,Positive Regulation Of DNA Metabolic Process (GO:0051054),4/108,0.4969965996315114,0.6742471351644281,0,0,1.1017425197753066,0.7703076253676299,RGCC;RPS3;HNRNPAB;NPAS2,EC-PTC
GO_Biological_Process_2023,Regulation Of Cyclin-Dependent Protein Serine/Threonine Kinase Activity (GO:0000079),3/79,0.5012120391435673,0.6789485777126827,0,0,1.1306978383458646,0.7810024353546913,RGCC;CCNI;CDC37,EC-PTC
GO_Biological_Process_2023,Regulation Of Neuron Differentiation (GO:0045664),3/79,0.5012120391435673,0.6789485777126827,0,0,1.1306978383458646,0.7810024353546913,GPRC5B;RELN;HES1,EC-PTC
GO_Biological_Process_2023,Positive Regulation Of Cytoskeleton Organization (GO:0051495),3/79,0.5012120391435673,0.6789485777126827,0,0,1.1306978383458646,0.7810024353546913,VASP;GSN;PFN1,EC-PTC
GO_Biological_Process_2023,Negative Regulation Of Developmental Process (GO:0051093),4/109,0.5042194208806424,0.6826819277725946,0,0,1.091192960045419,0.7471875559015885,CST3;SFRP1;PINK1;ZNF706,EC-PTC
GO_Biological_Process_2023,"G Protein-Coupled Receptor Signaling Pathway, Coupled To Cyclic Nucleotide Second Messenger (GO:0007187)",2/50,0.5068063833323389,0.6837983791011587,0,0,1.193474492322932,0.8111165760805165,CALCRL;NPY1R,EC-PTC
GO_Biological_Process_2023,Cell Chemotaxis (GO:0060326),2/50,0.5068063833323389,0.6837983791011587,0,0,1.193474492322932,0.8111165760805165,RAB13;CORO1B,EC-PTC
GO_Biological_Process_2023,tRNA Processing (GO:0008033),2/50,0.5068063833323389,0.6837983791011587,0,0,1.193474492322932,0.8111165760805165,SSB;RTRAF,EC-PTC
GO_Biological_Process_2023,Negative Regulation Of Cell Projection Organization (GO:0031345),2/50,0.5068063833323389,0.6837983791011587,0,0,1.193474492322932,0.8111165760805165,EPHA4;PRNP,EC-PTC
GO_Biological_Process_2023,Positive Regulation Of Cell Death (GO:0010942),2/50,0.5068063833323389,0.6837983791011587,0,0,1.193474492322932,0.8111165760805165,PRNP;SNCA,EC-PTC
GO_Biological_Process_2023,Positive Regulation Of Fat Cell Differentiation (GO:0045600),2/50,0.5068063833323389,0.6837983791011587,0,0,1.193474492322932,0.8111165760805165,SFRP1;GDF3,EC-PTC
GO_Biological_Process_2023,Regulation Of TORC1 Signaling (GO:1903432),2/50,0.5068063833323389,0.6837983791011587,0,0,1.193474492322932,0.8111165760805165,RRAGA;SESN3,EC-PTC
GO_Biological_Process_2023,Regulation Of Organelle Assembly (GO:1902115),3/80,0.509651951490084,0.6838642082724742,0,0,1.1159554730983303,0.7521843811300654,NPM1;GSN;RDX,EC-PTC
GO_Biological_Process_2023,Calcium Ion Transmembrane Transport (GO:0070588),3/80,0.509651951490084,0.6838642082724742,0,0,1.1159554730983303,0.7521843811300654,FKBP1A;SMDT1;ITGAV,EC-PTC
GO_Biological_Process_2023,Glycoprotein Biosynthetic Process (GO:0009101),3/80,0.509651951490084,0.6838642082724742,0,0,1.1159554730983303,0.7521843811300654,DAD1;PDCD6;ST8SIA6,EC-PTC
GO_Biological_Process_2023,Wound Healing (GO:0042060),3/80,0.509651951490084,0.6838642082724742,0,0,1.1159554730983303,0.7521843811300654,COL3A1;CHMP2A;CORO1B,EC-PTC
GO_Biological_Process_2023,Negative Regulation Of Protein Serine/Threonine Kinase Activity (GO:0071901),3/80,0.509651951490084,0.6838642082724742,0,0,1.1159554730983303,0.7521843811300654,DUSP1;GSTP1;SPRY4,EC-PTC
GO_Biological_Process_2023,Adenylate Cyclase-Activating G Protein-Coupled Receptor Signaling Pathway (GO:0007189),4/110,0.5113961121108879,0.6838642082724742,0,0,1.0808424486123218,0.7248246392377373,ADGRG1;RAMP2;CALCRL;GNAS,EC-PTC
GO_Biological_Process_2023,Regulation Of Lipid Storage (GO:0010883),1/21,0.5139053199867893,0.6838642082724742,0,0,1.432121661721068,0.95338663763048,ITGAV,EC-PTC
GO_Biological_Process_2023,Regulation Of Lipopolysaccharide-Mediated Signaling Pathway (GO:0031664),1/21,0.5139053199867893,0.6838642082724742,0,0,1.432121661721068,0.95338663763048,CD55,EC-PTC
GO_Biological_Process_2023,Chaperone-Mediated Protein Complex Assembly (GO:0051131),1/21,0.5139053199867893,0.6838642082724742,0,0,1.432121661721068,0.95338663763048,HSPA1A,EC-PTC
GO_Biological_Process_2023,Focal Adhesion Assembly (GO:0048041),1/21,0.5139053199867893,0.6838642082724742,0,0,1.432121661721068,0.95338663763048,DYNLL1,EC-PTC
GO_Biological_Process_2023,"Maturation Of 5.8S rRNA From Tricistronic rRNA Transcript (SSU-rRNA, 5.8S rRNA, LSU-rRNA) (GO:0000466)",1/21,0.5139053199867893,0.6838642082724742,0,0,1.432121661721068,0.95338663763048,RPS21,EC-PTC
GO_Biological_Process_2023,Negative Regulation Of GTPase Activity (GO:0034260),1/21,0.5139053199867893,0.6838642082724742,0,0,1.432121661721068,0.95338663763048,RDX,EC-PTC
GO_Biological_Process_2023,Negative Regulation Of Biomineral Tissue Development (GO:0070168),1/21,0.5139053199867893,0.6838642082724742,0,0,1.432121661721068,0.95338663763048,SRGN,EC-PTC
GO_Biological_Process_2023,Negative Regulation Of Interleukin-2 Production (GO:0032703),1/21,0.5139053199867893,0.6838642082724742,0,0,1.432121661721068,0.95338663763048,PRNP,EC-PTC
GO_Biological_Process_2023,Negative Regulation Of miRNA Metabolic Process (GO:2000629),1/21,0.5139053199867893,0.6838642082724742,0,0,1.432121661721068,0.95338663763048,HIF1A,EC-PTC
GO_Biological_Process_2023,Negative Regulation Of Tumor Necrosis Factor-Mediated Signaling Pathway (GO:0010804),1/21,0.5139053199867893,0.6838642082724742,0,0,1.432121661721068,0.95338663763048,GSTP1,EC-PTC
GO_Biological_Process_2023,Plasma Membrane Repair (GO:0001778),1/21,0.5139053199867893,0.6838642082724742,0,0,1.432121661721068,0.95338663763048,CHMP2A,EC-PTC
GO_Biological_Process_2023,poly(A)+ mRNA Export From Nucleus (GO:0016973),1/21,0.5139053199867893,0.6838642082724742,0,0,1.432121661721068,0.95338663763048,ENY2,EC-PTC
GO_Biological_Process_2023,Positive Regulation Of Amyloid Precursor Protein Catabolic Process (GO:1902993),1/21,0.5139053199867893,0.6838642082724742,0,0,1.432121661721068,0.95338663763048,EPHA4,EC-PTC
GO_Biological_Process_2023,Positive Regulation Of Dendritic Spine Development (GO:0060999),1/21,0.5139053199867893,0.6838642082724742,0,0,1.432121661721068,0.95338663763048,RELN,EC-PTC
GO_Biological_Process_2023,Positive Regulation Of Granulocyte Chemotaxis (GO:0071624),1/21,0.5139053199867893,0.6838642082724742,0,0,1.432121661721068,0.95338663763048,MDK,EC-PTC
GO_Biological_Process_2023,Positive Regulation Of Interferon-Alpha Production (GO:0032727),1/21,0.5139053199867893,0.6838642082724742,0,0,1.432121661721068,0.95338663763048,STAT1,EC-PTC
GO_Biological_Process_2023,Positive Regulation Of Smoothened Signaling Pathway (GO:0045880),1/21,0.5139053199867893,0.6838642082724742,0,0,1.432121661721068,0.95338663763048,SFRP1,EC-PTC
GO_Biological_Process_2023,Positive Regulation Of Transcription Regulatory Region DNA Binding (GO:2000679),1/21,0.5139053199867893,0.6838642082724742,0,0,1.432121661721068,0.95338663763048,PARK7,EC-PTC
GO_Biological_Process_2023,Positive Regulation Of Vacuole Organization (GO:0044090),1/21,0.5139053199867893,0.6838642082724742,0,0,1.432121661721068,0.95338663763048,GRN,EC-PTC
GO_Biological_Process_2023,Protein Mannosylation (GO:0035268),1/21,0.5139053199867893,0.6838642082724742,0,0,1.432121661721068,0.95338663763048,DPM3,EC-PTC
GO_Biological_Process_2023,Regulation Of Anoikis (GO:2000209),1/21,0.5139053199867893,0.6838642082724742,0,0,1.432121661721068,0.95338663763048,TLE5,EC-PTC
GO_Biological_Process_2023,Regulation Of Cell-Substrate Junction Assembly (GO:0090109),1/21,0.5139053199867893,0.6838642082724742,0,0,1.432121661721068,0.95338663763048,TLN1,EC-PTC
GO_Biological_Process_2023,SMAD Protein Signal Transduction (GO:0060395),2/51,0.517411560881043,0.6875194713076873,0,0,1.1690572216999726,0.7703112860620152,JUN;GDF3,EC-PTC
GO_Biological_Process_2023,Positive Regulation Of Protein Localization To Cell Periphery (GO:1904377),2/51,0.517411560881043,0.6875194713076873,0,0,1.1690572216999726,0.7703112860620152,LGALS3;SQSTM1,EC-PTC
GO_Biological_Process_2023,Regulated Exocytosis (GO:0045055),2/51,0.517411560881043,0.6875194713076873,0,0,1.1690572216999726,0.7703112860620152,TMED10;SNCA,EC-PTC
GO_Biological_Process_2023,Regulation Of Interleukin-8 Production (GO:0032677),3/81,0.5180162512604685,0.6879863757571797,0,0,1.1015911172161172,0.7245700857609463,TMSB4X;PARK7;HSPA1A,EC-PTC
GO_Biological_Process_2023,Negative Regulation Of Transmembrane Receptor Protein Serine/Threonine Kinase Signaling Pathway (GO:0090101),4/111,0.5185251211858353,0.688325625190972,0,0,1.0706854046826468,0.7031906299894414,FKBP1A;FAM89B;GDF3;HSPA1A,EC-PTC
GO_Biological_Process_2023,Metal Ion Transport (GO:0030001),6/171,0.5196525285901377,0.689485230899274,0,0,1.0414458486207363,0.681725146352039,RAMP2;CALCRL;NDFIP1;SLC3A2;SELENOK;TPT1,EC-PTC
GO_Biological_Process_2023,Positive Regulation Of Phosphorylation (GO:0042327),8/231,0.5208528786664577,0.6907404387002437,0,0,1.0273966155935486,0.670158133973545,MYDGF;SDCBP;PINK1;RELN;RACK1;AKR1B1;CDK2AP1;PPIA,EC-PTC
GO_Biological_Process_2023,Sprouting Angiogenesis (GO:0002040),2/52,0.5278639096491272,0.6934864924758435,0,0,1.1456166419019316,0.7319536906598766,RAMP2;ITGB1BP1,EC-PTC
GO_Biological_Process_2023,Positive Regulation Of Transcription Initiation By RNA Polymerase II (GO:0060261),2/52,0.5278639096491272,0.6934864924758435,0,0,1.1456166419019316,0.7319536906598766,GTF2A2;MED31,EC-PTC
GO_Biological_Process_2023,Regulation Of Dopamine Secretion (GO:0014059),1/22,0.5303282197615342,0.6934864924758435,0,0,1.3638547407093402,0.8650373915863331,SNCA,EC-PTC
GO_Biological_Process_2023,NAD Metabolic Process (GO:0019674),1/22,0.5303282197615342,0.6934864924758435,0,0,1.3638547407093402,0.8650373915863331,VCP,EC-PTC
GO_Biological_Process_2023,Regulation Of Histone Acetylation (GO:0035065),1/22,0.5303282197615342,0.6934864924758435,0,0,1.3638547407093402,0.8650373915863331,SET,EC-PTC
GO_Biological_Process_2023,Regulation Of Intracellular Steroid Hormone Receptor Signaling Pathway (GO:0033143),1/22,0.5303282197615342,0.6934864924758435,0,0,1.3638547407093402,0.8650373915863331,PARK7,EC-PTC
GO_Biological_Process_2023,Acylglycerol Biosynthetic Process (GO:0046463),1/22,0.5303282197615342,0.6934864924758435,0,0,1.3638547407093402,0.8650373915863331,LPIN2,EC-PTC
GO_Biological_Process_2023,Regulation Of Neural Precursor Cell Proliferation (GO:2000177),1/22,0.5303282197615342,0.6934864924758435,0,0,1.3638547407093402,0.8650373915863331,MDK,EC-PTC
GO_Biological_Process_2023,Regulation Of Regulatory T Cell Differentiation (GO:0045589),1/22,0.5303282197615342,0.6934864924758435,0,0,1.3638547407093402,0.8650373915863331,MDK,EC-PTC
GO_Biological_Process_2023,Cytoskeleton-Dependent Intracellular Transport (GO:0030705),1/22,0.5303282197615342,0.6934864924758435,0,0,1.3638547407093402,0.8650373915863331,TUBA1B,EC-PTC
GO_Biological_Process_2023,Glucose Transmembrane Transport (GO:1904659),1/22,0.5303282197615342,0.6934864924758435,0,0,1.3638547407093402,0.8650373915863331,SLC5A3,EC-PTC
GO_Biological_Process_2023,Hexose Transmembrane Transport (GO:0008645),1/22,0.5303282197615342,0.6934864924758435,0,0,1.3638547407093402,0.8650373915863331,SLC5A3,EC-PTC
GO_Biological_Process_2023,Natural Killer Cell Mediated Immunity (GO:0002228),1/22,0.5303282197615342,0.6934864924758435,0,0,1.3638547407093402,0.8650373915863331,TUBB4B,EC-PTC
GO_Biological_Process_2023,Negative Regulation Of G Protein-Coupled Receptor Signaling Pathway (GO:0045744),1/22,0.5303282197615342,0.6934864924758435,0,0,1.3638547407093402,0.8650373915863331,SNCA,EC-PTC
GO_Biological_Process_2023,Negative Regulation Of Axonogenesis (GO:0050771),1/22,0.5303282197615342,0.6934864924758435,0,0,1.3638547407093402,0.8650373915863331,RTN4,EC-PTC
GO_Biological_Process_2023,Negative Regulation Of Extrinsic Apoptotic Signaling Pathway In Absence Of Ligand (GO:2001240),1/22,0.5303282197615342,0.6934864924758435,0,0,1.3638547407093402,0.8650373915863331,HSPA1A,EC-PTC
GO_Biological_Process_2023,Negative Regulation Of Protein Localization To Nucleus (GO:1900181),1/22,0.5303282197615342,0.6934864924758435,0,0,1.3638547407093402,0.8650373915863331,SUMO1,EC-PTC
GO_Biological_Process_2023,Negative Regulation Of Signal Transduction In Absence Of Ligand (GO:1901099),1/22,0.5303282197615342,0.6934864924758435,0,0,1.3638547407093402,0.8650373915863331,HSPA1A,EC-PTC
GO_Biological_Process_2023,Organelle Fission (GO:0048285),1/22,0.5303282197615342,0.6934864924758435,0,0,1.3638547407093402,0.8650373915863331,FIS1,EC-PTC
GO_Biological_Process_2023,Peptidyl-Glutamic Acid Modification (GO:0018200),1/22,0.5303282197615342,0.6934864924758435,0,0,1.3638547407093402,0.8650373915863331,VKORC1,EC-PTC
GO_Biological_Process_2023,Placenta Development (GO:0001890),1/22,0.5303282197615342,0.6934864924758435,0,0,1.3638547407093402,0.8650373915863331,SOD1,EC-PTC
GO_Biological_Process_2023,Positive Regulation Of Excitatory Postsynaptic Potential (GO:2000463),1/22,0.5303282197615342,0.6934864924758435,0,0,1.3638547407093402,0.8650373915863331,RELN,EC-PTC
GO_Biological_Process_2023,Positive Regulation Of Phosphatase Activity (GO:0010922),1/22,0.5303282197615342,0.6934864924758435,0,0,1.3638547407093402,0.8650373915863331,CALM2,EC-PTC
GO_Biological_Process_2023,Positive Regulation Of Protein Autophosphorylation (GO:0031954),1/22,0.5303282197615342,0.6934864924758435,0,0,1.3638547407093402,0.8650373915863331,CALM2,EC-PTC
GO_Biological_Process_2023,Positive Regulation Of Receptor Internalization (GO:0002092),1/22,0.5303282197615342,0.6934864924758435,0,0,1.3638547407093402,0.8650373915863331,CD63,EC-PTC
GO_Biological_Process_2023,"Positive Regulation Of Synaptic Transmission, Glutamatergic (GO:0051968)",1/22,0.5303282197615342,0.6934864924758435,0,0,1.3638547407093402,0.8650373915863331,RELN,EC-PTC
GO_Biological_Process_2023,Positive Regulation Of Viral Life Cycle (GO:1903902),1/22,0.5303282197615342,0.6934864924758435,0,0,1.3638547407093402,0.8650373915863331,FURIN,EC-PTC
GO_Biological_Process_2023,Postreplication Repair (GO:0006301),1/22,0.5303282197615342,0.6934864924758435,0,0,1.3638547407093402,0.8650373915863331,VCP,EC-PTC
GO_Biological_Process_2023,rRNA Methylation (GO:0031167),1/22,0.5303282197615342,0.6934864924758435,0,0,1.3638547407093402,0.8650373915863331,TRMT112,EC-PTC
GO_Biological_Process_2023,Regulation Of Neuron Projection Development (GO:0010975),6/174,0.536697837678782,0.701366147138744,0,0,1.02268844757634,0.6364395040746815,SNX3;EPHA4;RELN;MDK;CFL1;PAK2,EC-PTC
GO_Biological_Process_2023,Regulation Of Cyclin-Dependent Protein Kinase Activity (GO:1904029),2/53,0.5381616534010097,0.701366147138744,0,0,1.1230953005273432,0.6958656848330853,CCNI;CDC37,EC-PTC
GO_Biological_Process_2023,Carboxylic Acid Transport (GO:0046942),2/53,0.5381616534010097,0.701366147138744,0,0,1.1230953005273432,0.6958656848330853,SLC3A2;SLC38A2,EC-PTC
GO_Biological_Process_2023,Cellular Response To Alcohol (GO:0097306),2/53,0.5381616534010097,0.701366147138744,0,0,1.1230953005273432,0.6958656848330853,SFRP1;AHR,EC-PTC
GO_Biological_Process_2023,Gonad Development (GO:0008406),2/53,0.5381616534010097,0.701366147138744,0,0,1.1230953005273432,0.6958656848330853,CSDE1;AKR1B1,EC-PTC
GO_Biological_Process_2023,Negative Regulation Of Cysteine-Type Endopeptidase Activity (GO:2000117),2/53,0.5381616534010097,0.701366147138744,0,0,1.1230953005273432,0.6958656848330853,CST3;SNCA,EC-PTC
GO_Biological_Process_2023,Positive Regulation Of Chemokine Production (GO:0032722),2/53,0.5381616534010097,0.701366147138744,0,0,1.1230953005273432,0.6958656848330853,EIF2AK2;HIF1A,EC-PTC
GO_Biological_Process_2023,Regulation Of Interleukin-1 Beta Production (GO:0032651),3/84,0.5426365256030782,0.704402283470128,0,0,1.060626102292769,0.6483772451155533,STMP1;GSTP1;HSPB1,EC-PTC
GO_Biological_Process_2023,Positive Regulation Of Signal Transduction (GO:0009967),9/266,0.5444483515547305,0.704402283470128,0,0,1.002629088232201,0.6095806347570549,CD63;SFRP1;RELN;CTSL;RPS3;ITGAV;ITGB1BP1;HIF1A;ATP6V0C,EC-PTC
GO_Biological_Process_2023,Regulation Of Cellular Response To Transforming Growth Factor Beta Stimulus (GO:1903844),1/23,0.5461970578012112,0.704402283470128,0,0,1.301793903425951,0.7872930023778567,DKK3,EC-PTC
GO_Biological_Process_2023,Artery Development (GO:0060840),1/23,0.5461970578012112,0.704402283470128,0,0,1.301793903425951,0.7872930023778567,HES1,EC-PTC
GO_Biological_Process_2023,Cell-Cell Signaling By Wnt (GO:0198738),1/23,0.5461970578012112,0.704402283470128,0,0,1.301793903425951,0.7872930023778567,CD24,EC-PTC
GO_Biological_Process_2023,Rescue Of Stalled Ribosome (GO:0072344),1/23,0.5461970578012112,0.704402283470128,0,0,1.301793903425951,0.7872930023778567,RACK1,EC-PTC
GO_Biological_Process_2023,Response To BMP (GO:0071772),1/23,0.5461970578012112,0.704402283470128,0,0,1.301793903425951,0.7872930023778567,SFRP1,EC-PTC
GO_Biological_Process_2023,Endocrine System Development (GO:0035270),1/23,0.5461970578012112,0.704402283470128,0,0,1.301793903425951,0.7872930023778567,MDK,EC-PTC
GO_Biological_Process_2023,Entrainment Of Circadian Clock By Photoperiod (GO:0043153),1/23,0.5461970578012112,0.704402283470128,0,0,1.301793903425951,0.7872930023778567,PPP1CB,EC-PTC
GO_Biological_Process_2023,Glial Cell Development (GO:0021782),1/23,0.5461970578012112,0.704402283470128,0,0,1.301793903425951,0.7872930023778567,MDK,EC-PTC
GO_Biological_Process_2023,Translesion Synthesis (GO:0019985),1/23,0.5461970578012112,0.704402283470128,0,0,1.301793903425951,0.7872930023778567,VCP,EC-PTC
GO_Biological_Process_2023,Histone mRNA Metabolic Process (GO:0008334),1/23,0.5461970578012112,0.704402283470128,0,0,1.301793903425951,0.7872930023778567,SSB,EC-PTC
GO_Biological_Process_2023,Long-Chain Fatty Acid Transport (GO:0015909),1/23,0.5461970578012112,0.704402283470128,0,0,1.301793903425951,0.7872930023778567,FABP5,EC-PTC
GO_Biological_Process_2023,Long-Chain fatty-acyl-CoA Metabolic Process (GO:0035336),1/23,0.5461970578012112,0.704402283470128,0,0,1.301793903425951,0.7872930023778567,TECR,EC-PTC
GO_Biological_Process_2023,Lymphocyte Activation Involved In Immune Response (GO:0002285),1/23,0.5461970578012112,0.704402283470128,0,0,1.301793903425951,0.7872930023778567,MDK,EC-PTC
GO_Biological_Process_2023,Negative Regulation Of Extrinsic Apoptotic Signaling Pathway Via Death Domain Receptors (GO:1902042),1/23,0.5461970578012112,0.704402283470128,0,0,1.301793903425951,0.7872930023778567,PARK7,EC-PTC
GO_Biological_Process_2023,Negative Regulation Of Lymphocyte Activation (GO:0051250),1/23,0.5461970578012112,0.704402283470128,0,0,1.301793903425951,0.7872930023778567,LGALS3,EC-PTC
GO_Biological_Process_2023,Negative Regulation Of Neuron Differentiation (GO:0045665),1/23,0.5461970578012112,0.704402283470128,0,0,1.301793903425951,0.7872930023778567,HES1,EC-PTC
GO_Biological_Process_2023,"Positive Regulation Of mRNA Splicing, Via Spliceosome (GO:0048026)",1/23,0.5461970578012112,0.704402283470128,0,0,1.301793903425951,0.7872930023778567,PRDX6,EC-PTC
GO_Biological_Process_2023,Positive Regulation Of Morphogenesis Of An Epithelium (GO:1905332),1/23,0.5461970578012112,0.704402283470128,0,0,1.301793903425951,0.7872930023778567,MDK,EC-PTC
GO_Biological_Process_2023,Protein Alkylation (GO:0008213),1/23,0.5461970578012112,0.704402283470128,0,0,1.301793903425951,0.7872930023778567,SNRPB,EC-PTC
GO_Biological_Process_2023,Regulation Of Axon Extension Involved In Axon Guidance (GO:0048841),1/23,0.5461970578012112,0.704402283470128,0,0,1.301793903425951,0.7872930023778567,SEMA3D,EC-PTC
GO_Biological_Process_2023,Negative Regulation Of TOR Signaling (GO:0032007),2/54,0.5483033091730958,0.7057780984427148,0,0,1.101440164590239,0.661884760681931,SESN3;PDCD6,EC-PTC
GO_Biological_Process_2023,Nucleosome Assembly (GO:0006334),2/54,0.5483033091730958,0.7057780984427148,0,0,1.101440164590239,0.661884760681931,BRD2;NPM1,EC-PTC
GO_Biological_Process_2023,Organelle Disassembly (GO:1903008),2/54,0.5483033091730958,0.7057780984427148,0,0,1.101440164590239,0.661884760681931,VCP;UFC1,EC-PTC
GO_Biological_Process_2023,Peptidyl-Tyrosine Modification (GO:0018212),2/54,0.5483033091730958,0.7057780984427148,0,0,1.101440164590239,0.661884760681931,EPHA4;RELN,EC-PTC
GO_Biological_Process_2023,Regulation Of Cold-Induced Thermogenesis (GO:0120161),5/146,0.550123893968662,0.7074962463167828,0,0,1.0153487879750185,0.6067843806246074,FABP5;ID1;GNAS;G0S2;ATF4,EC-PTC
GO_Biological_Process_2023,Transport Across Blood-Brain Barrier (GO:0150104),3/85,0.5506800680094547,0.7074962463167828,0,0,1.0476371951219512,0.6250216887426444,FABP5;SLC5A3;SLC38A2,EC-PTC
GO_Biological_Process_2023,Nuclear-Transcribed mRNA Catabolic Process (GO:0000956),3/85,0.5506800680094547,0.7074962463167828,0,0,1.0476371951219512,0.6250216887426444,RBM8A;CSDE1;NBDY,EC-PTC
GO_Biological_Process_2023,Positive Regulation Of Protein Localization (GO:1903829),3/85,0.5506800680094547,0.7074962463167828,0,0,1.0476371951219512,0.6250216887426444,PARK7;SLC5A3;RTN4,EC-PTC
GO_Biological_Process_2023,Cellular Response To Fibroblast Growth Factor Stimulus (GO:0044344),2/55,0.5582876696906334,0.7116737459849201,0,0,1.0806022035941574,0.6298623983339686,SFRP1;ITGB1BP1,EC-PTC
GO_Biological_Process_2023,"Regulation Of Synaptic Transmission, Glutamatergic (GO:0051966)",2/55,0.5582876696906334,0.7116737459849201,0,0,1.0806022035941574,0.6298623983339686,RELN;SLC38A2,EC-PTC
GO_Biological_Process_2023,Ceramide Metabolic Process (GO:0006672),2/55,0.5582876696906334,0.7116737459849201,0,0,1.0806022035941574,0.6298623983339686,DEGS1;SPTSSA,EC-PTC
GO_Biological_Process_2023,Response To Peptide Hormone (GO:0043434),2/55,0.5582876696906334,0.7116737459849201,0,0,1.0806022035941574,0.6298623983339686,EIF6;STAT1,EC-PTC
GO_Biological_Process_2023,Regulation Of Mitotic Cell Cycle Phase Transition (GO:1901990),3/86,0.5586394738710619,0.7116737459849201,0,0,1.034961273666093,0.602607197481496,RGCC;PSME1;PSME2,EC-PTC
GO_Biological_Process_2023,Negative Regulation Of Angiogenesis (GO:0016525),3/86,0.5586394738710619,0.7116737459849201,0,0,1.034961273666093,0.602607197481496,RGCC;STAT1;ECSCR,EC-PTC
GO_Biological_Process_2023,Regulation Of Cytokine Production Involved In Immune Response (GO:0002718),1/24,0.5615304998695447,0.7116737459849201,0,0,1.2451296606889433,0.7185508644958182,TRIL,EC-PTC
GO_Biological_Process_2023,Regulation Of Execution Phase Of Apoptosis (GO:1900117),1/24,0.5615304998695447,0.7116737459849201,0,0,1.2451296606889433,0.7185508644958182,DYNLL1,EC-PTC
GO_Biological_Process_2023,Acylglycerol Homeostasis (GO:0055090),1/24,0.5615304998695447,0.7116737459849201,0,0,1.2451296606889433,0.7185508644958182,MTLN,EC-PTC
GO_Biological_Process_2023,Regulation Of Muscle Cell Differentiation (GO:0051147),1/24,0.5615304998695447,0.7116737459849201,0,0,1.2451296606889433,0.7185508644958182,PTBP1,EC-PTC
GO_Biological_Process_2023,Regulation Of Neuroblast Proliferation (GO:1902692),1/24,0.5615304998695447,0.7116737459849201,0,0,1.2451296606889433,0.7185508644958182,VCAN,EC-PTC
GO_Biological_Process_2023,Regulation Of Supramolecular Fiber Organization (GO:1902903),1/24,0.5615304998695447,0.7116737459849201,0,0,1.2451296606889433,0.7185508644958182,PARK7,EC-PTC
GO_Biological_Process_2023,Regulation Of Viral Life Cycle (GO:1903900),1/24,0.5615304998695447,0.7116737459849201,0,0,1.2451296606889433,0.7185508644958182,PPIA,EC-PTC
GO_Biological_Process_2023,Response To Hexose (GO:0009746),1/24,0.5615304998695447,0.7116737459849201,0,0,1.2451296606889433,0.7185508644958182,SELENOT,EC-PTC
GO_Biological_Process_2023,Response To Purine-Containing Compound (GO:0014074),1/24,0.5615304998695447,0.7116737459849201,0,0,1.2451296606889433,0.7185508644958182,STAT1,EC-PTC
GO_Biological_Process_2023,Early Endosome To Late Endosome Transport (GO:0045022),1/24,0.5615304998695447,0.7116737459849201,0,0,1.2451296606889433,0.7185508644958182,SNF8,EC-PTC
GO_Biological_Process_2023,Eosinophil Chemotaxis (GO:0048245),1/24,0.5615304998695447,0.7116737459849201,0,0,1.2451296606889433,0.7185508644958182,LGALS3,EC-PTC
GO_Biological_Process_2023,Eosinophil Migration (GO:0072677),1/24,0.5615304998695447,0.7116737459849201,0,0,1.2451296606889433,0.7185508644958182,LGALS3,EC-PTC
GO_Biological_Process_2023,Fat-Soluble Vitamin Metabolic Process (GO:0006775),1/24,0.5615304998695447,0.7116737459849201,0,0,1.2451296606889433,0.7185508644958182,VKORC1,EC-PTC
GO_Biological_Process_2023,mRNA Polyadenylation (GO:0006378),1/24,0.5615304998695447,0.7116737459849201,0,0,1.2451296606889433,0.7185508644958182,SSU72,EC-PTC
GO_Biological_Process_2023,Natural Killer Cell Mediated Cytotoxicity (GO:0042267),1/24,0.5615304998695447,0.7116737459849201,0,0,1.2451296606889433,0.7185508644958182,TUBB4B,EC-PTC
GO_Biological_Process_2023,Negative Regulation Of Ion Transmembrane Transporter Activity (GO:0032413),1/24,0.5615304998695447,0.7116737459849201,0,0,1.2451296606889433,0.7185508644958182,CALM2,EC-PTC
GO_Biological_Process_2023,Peroxisome Organization (GO:0007031),1/24,0.5615304998695447,0.7116737459849201,0,0,1.2451296606889433,0.7185508644958182,FIS1,EC-PTC
GO_Biological_Process_2023,Photoperiodism (GO:0009648),1/24,0.5615304998695447,0.7116737459849201,0,0,1.2451296606889433,0.7185508644958182,PPP1CB,EC-PTC
GO_Biological_Process_2023,Positive Regulation Of ERBB Signaling Pathway (GO:1901186),1/24,0.5615304998695447,0.7116737459849201,0,0,1.2451296606889433,0.7185508644958182,RTN4,EC-PTC
GO_Biological_Process_2023,Positive Regulation Of Cell Cycle G2/M Phase Transition (GO:1902751),1/24,0.5615304998695447,0.7116737459849201,0,0,1.2451296606889433,0.7185508644958182,NPM1,EC-PTC
GO_Biological_Process_2023,Positive Regulation Of Cellular Response To Transforming Growth Factor Beta Stimulus (GO:1903846),1/24,0.5615304998695447,0.7116737459849201,0,0,1.2451296606889433,0.7185508644958182,SDCBP,EC-PTC
GO_Biological_Process_2023,Positive Regulation Of Peptidyl-Threonine Phosphorylation (GO:0010800),1/24,0.5615304998695447,0.7116737459849201,0,0,1.2451296606889433,0.7185508644958182,CALM2,EC-PTC
GO_Biological_Process_2023,Positive Regulation Of Transforming Growth Factor Beta Receptor Signaling Pathway (GO:0030511),1/24,0.5615304998695447,0.7116737459849201,0,0,1.2451296606889433,0.7185508644958182,SDCBP,EC-PTC
GO_Biological_Process_2023,RNA Polymerase II Preinitiation Complex Assembly (GO:0051123),2/56,0.5681137864842641,0.7185540079310695,0,0,1.060536018931264,0.5996626482153041,GTF2A2;MED31,EC-PTC
GO_Biological_Process_2023,Peptide Metabolic Process (GO:0006518),2/56,0.5681137864842641,0.7185540079310695,0,0,1.060536018931264,0.5996626482153041,FURIN;SEC11C,EC-PTC
GO_Biological_Process_2023,"Positive Regulation Of DNA-templated Transcription, Elongation (GO:0032786)",2/56,0.5681137864842641,0.7185540079310695,0,0,1.060536018931264,0.5996626482153041,MED31;HMGN1,EC-PTC
GO_Biological_Process_2023,Regulation Of Cation Channel Activity (GO:2001257),2/56,0.5681137864842641,0.7185540079310695,0,0,1.060536018931264,0.5996626482153041,FKBP1A;CALM2,EC-PTC
GO_Biological_Process_2023,Axon Guidance (GO:0007411),5/149,0.5682820357275173,0.7185540079310695,0,0,0.994040215588723,0.56176934440785,VASP;EPHA4;RELN;SEMA3D;FEZ2,EC-PTC
GO_Biological_Process_2023,Positive Regulation Of Plasma Membrane Bounded Cell Projection Assembly (GO:0120034),3/88,0.5743006294093723,0.7193737688791685,0,0,1.0105042016806722,0.5604279293040499,ARPC2;BRK1;PFN1,EC-PTC
GO_Biological_Process_2023,Regulation Of Chondrocyte Differentiation (GO:0032330),1/25,0.5763465836086417,0.7193737688791685,0,0,1.1931874381800198,0.6575012743383979,MDK,EC-PTC
GO_Biological_Process_2023,RNA Polyadenylation (GO:0043631),1/25,0.5763465836086417,0.7193737688791685,0,0,1.1931874381800198,0.6575012743383979,SSU72,EC-PTC
GO_Biological_Process_2023,Regulation Of Keratinocyte Proliferation (GO:0010837),1/25,0.5763465836086417,0.7193737688791685,0,0,1.1931874381800198,0.6575012743383979,MDK,EC-PTC
GO_Biological_Process_2023,Regulation Of Monocyte Chemotaxis (GO:0090025),1/25,0.5763465836086417,0.7193737688791685,0,0,1.1931874381800198,0.6575012743383979,DUSP1,EC-PTC
GO_Biological_Process_2023,Regulation Of Myelination (GO:0031641),1/25,0.5763465836086417,0.7193737688791685,0,0,1.1931874381800198,0.6575012743383979,JAM2,EC-PTC
GO_Biological_Process_2023,Regulation Of Neutrophil Chemotaxis (GO:0090022),1/25,0.5763465836086417,0.7193737688791685,0,0,1.1931874381800198,0.6575012743383979,MDK,EC-PTC
GO_Biological_Process_2023,Bile Acid Biosynthetic Process (GO:0006699),1/25,0.5763465836086417,0.7193737688791685,0,0,1.1931874381800198,0.6575012743383979,OSBPL1A,EC-PTC
GO_Biological_Process_2023,Regulation Of Platelet Aggregation (GO:0090330),1/25,0.5763465836086417,0.7193737688791685,0,0,1.1931874381800198,0.6575012743383979,CD9,EC-PTC
GO_Biological_Process_2023,Carbohydrate Biosynthetic Process (GO:0016051),1/25,0.5763465836086417,0.7193737688791685,0,0,1.1931874381800198,0.6575012743383979,ST8SIA6,EC-PTC
GO_Biological_Process_2023,Regulation Of Protein Processing (GO:0070613),1/25,0.5763465836086417,0.7193737688791685,0,0,1.1931874381800198,0.6575012743383979,PRNP,EC-PTC
GO_Biological_Process_2023,Regulation Of Synapse Organization (GO:0050807),1/25,0.5763465836086417,0.7193737688791685,0,0,1.1931874381800198,0.6575012743383979,EPHA4,EC-PTC
GO_Biological_Process_2023,Response To dsRNA (GO:0043331),1/25,0.5763465836086417,0.7193737688791685,0,0,1.1931874381800198,0.6575012743383979,SLC3A2,EC-PTC
GO_Biological_Process_2023,Response To Zinc Ion (GO:0010043),1/25,0.5763465836086417,0.7193737688791685,0,0,1.1931874381800198,0.6575012743383979,MT2A,EC-PTC
GO_Biological_Process_2023,Secretory Granule Organization (GO:0033363),1/25,0.5763465836086417,0.7193737688791685,0,0,1.1931874381800198,0.6575012743383979,SRGN,EC-PTC
GO_Biological_Process_2023,fatty-acyl-CoA Biosynthetic Process (GO:0046949),1/25,0.5763465836086417,0.7193737688791685,0,0,1.1931874381800198,0.6575012743383979,TECR,EC-PTC
GO_Biological_Process_2023,Vesicle Cargo Loading (GO:0035459),1/25,0.5763465836086417,0.7193737688791685,0,0,1.1931874381800198,0.6575012743383979,TMED10,EC-PTC
GO_Biological_Process_2023,Vesicle-Mediated Transport Between Endosomal Compartments (GO:0098927),1/25,0.5763465836086417,0.7193737688791685,0,0,1.1931874381800198,0.6575012743383979,SNF8,EC-PTC
GO_Biological_Process_2023,"Wound Healing, Spreading Of Cells (GO:0044319)",1/25,0.5763465836086417,0.7193737688791685,0,0,1.1931874381800198,0.6575012743383979,RHOC,EC-PTC
GO_Biological_Process_2023,Mismatch Repair (GO:0006298),1/25,0.5763465836086417,0.7193737688791685,0,0,1.1931874381800198,0.6575012743383979,RNASEH2C,EC-PTC
GO_Biological_Process_2023,Myotube Differentiation (GO:0014902),1/25,0.5763465836086417,0.7193737688791685,0,0,1.1931874381800198,0.6575012743383979,JAM2,EC-PTC
GO_Biological_Process_2023,Negative Regulation Of TORC1 Signaling (GO:1904262),1/25,0.5763465836086417,0.7193737688791685,0,0,1.1931874381800198,0.6575012743383979,SESN3,EC-PTC
GO_Biological_Process_2023,Negative Regulation Of Intrinsic Apoptotic Signaling Pathway In Response To DNA Damage (GO:1902230),1/25,0.5763465836086417,0.7193737688791685,0,0,1.1931874381800198,0.6575012743383979,TPT1,EC-PTC
GO_Biological_Process_2023,Organophosphate Ester Transport (GO:0015748),1/25,0.5763465836086417,0.7193737688791685,0,0,1.1931874381800198,0.6575012743383979,PRELID1,EC-PTC
GO_Biological_Process_2023,Peptide Hormone Secretion (GO:0030072),1/25,0.5763465836086417,0.7193737688791685,0,0,1.1931874381800198,0.6575012743383979,PARK7,EC-PTC
GO_Biological_Process_2023,Positive Regulation Of Interleukin-2 Production (GO:0032743),1/25,0.5763465836086417,0.7193737688791685,0,0,1.1931874381800198,0.6575012743383979,RPS3,EC-PTC
GO_Biological_Process_2023,Purine Ribonucleotide Catabolic Process (GO:0009154),1/25,0.5763465836086417,0.7193737688791685,0,0,1.1931874381800198,0.6575012743383979,HINT1,EC-PTC
GO_Biological_Process_2023,Regulation Of Cell Cycle Phase Transition (GO:1901987),1/25,0.5763465836086417,0.7193737688791685,0,0,1.1931874381800198,0.6575012743383979,TCIM,EC-PTC
GO_Biological_Process_2023,Regulation Of Transcription Initiation By RNA Polymerase II (GO:0060260),2/57,0.5777809537968371,0.720501868922043,0,0,1.0411995137106578,0.5711608787868636,GTF2A2;MED31,EC-PTC
GO_Biological_Process_2023,Positive Regulation Of Interleukin-1 Beta Production (GO:0032731),2/57,0.5777809537968371,0.720501868922043,0,0,1.0411995137106578,0.5711608787868636,STMP1;HSPB1,EC-PTC
GO_Biological_Process_2023,ERAD Pathway (GO:0036503),3/89,0.5820000346439566,0.7247648299371784,0,0,0.9987022425249168,0.5405823153663477,VCP;SEC61B;UBE2J1,EC-PTC
GO_Biological_Process_2023,Sodium Ion Transport (GO:0006814),3/89,0.5820000346439566,0.7247648299371784,0,0,0.9987022425249168,0.5405823153663477,SLC12A1;ATP1B3;ATP1B1,EC-PTC
GO_Biological_Process_2023,Positive Regulation Of Peptidyl-Serine Phosphorylation (GO:0033138),3/89,0.5820000346439566,0.7247648299371784,0,0,0.9987022425249168,0.5405823153663477,PINK1;PARK7;SNCA,EC-PTC
GO_Biological_Process_2023,Positive Regulation Of DNA-templated Transcription (GO:0045893),41/1243,0.5848460880345616,0.7268871778938024,0,0,0.9750350362434848,0.5230151933206769,ARF4;ENY2;GTF2A2;CD81;AKR1B1;PARK7;AHR;YBX1;HIF1A;NPAS2;MYDGF;CHCHD2;SOX18;HES1;IER2;SOX4;S100A10;HMGN1;RTRAF;KLF10;JUN;NPM1;ANXA2;TCF15;STAT1;IRX3;USP22;LMO2;NME2;CHCHD10;EDF1;ILF2;HNRNPAB;SFRP1;SFPQ;RGCC;ITGB1BP1;SQSTM1;PTMA;LPIN2;ATF4,EC-PTC
GO_Biological_Process_2023,Muscle Organ Development (GO:0007517),2/58,0.5872886933944348,0.7268871778938024,0,0,1.022553597962216,0.5442426676830459,SRI;VAMP5,EC-PTC
GO_Biological_Process_2023,Regulation Of Bone Mineralization (GO:0030500),2/58,0.5872886933944348,0.7268871778938024,0,0,1.022553597962216,0.5442426676830459,SRGN;ISG15,EC-PTC
GO_Biological_Process_2023,Negative Regulation Of Transcription By RNA Polymerase II (GO:0000122),25/763,0.5901554457214928,0.7268871778938024,0,0,0.9686783406295602,0.5108512275859224,RPL10;AKR1B1;ENO1;RPS14;SDCBP;SOX18;HES1;RPL17;SOX4;SNCA;KLF10;JUN;HSBP1;STAT1;CBX3;IRX3;TLE5;DRAP1;SFPQ;IFI27;ID1;ID3;MAGED2;ATF4;HSPA1A,EC-PTC
GO_Biological_Process_2023,Regulation Of Fatty Acid Biosynthetic Process (GO:0042304),1/26,0.5906627399159138,0.7268871778938024,0,0,1.14540059347181,0.6030649632611572,EIF6,EC-PTC
GO_Biological_Process_2023,Regulation Of Interferon-Alpha Production (GO:0032647),1/26,0.5906627399159138,0.7268871778938024,0,0,1.14540059347181,0.6030649632611572,STAT1,EC-PTC
GO_Biological_Process_2023,Regulation Of Keratinocyte Differentiation (GO:0045616),1/26,0.5906627399159138,0.7268871778938024,0,0,1.14540059347181,0.6030649632611572,NME2,EC-PTC
GO_Biological_Process_2023,Regulation Of Myeloid Cell Differentiation (GO:0045637),1/26,0.5906627399159138,0.7268871778938024,0,0,1.14540059347181,0.6030649632611572,EIF6,EC-PTC
GO_Biological_Process_2023,Camera-Type Eye Development (GO:0043010),1/26,0.5906627399159138,0.7268871778938024,0,0,1.14540059347181,0.6030649632611572,C12ORF57,EC-PTC
GO_Biological_Process_2023,Regulation Of Transcription By RNA Polymerase III (GO:0006359),1/26,0.5906627399159138,0.7268871778938024,0,0,1.14540059347181,0.6030649632611572,PRDX5,EC-PTC
GO_Biological_Process_2023,Response To Glucocorticoid (GO:0051384),1/26,0.5906627399159138,0.7268871778938024,0,0,1.14540059347181,0.6030649632611572,SSTR2,EC-PTC
GO_Biological_Process_2023,Dendritic Spine Organization (GO:0097061),1/26,0.5906627399159138,0.7268871778938024,0,0,1.14540059347181,0.6030649632611572,PRNP,EC-PTC
GO_Biological_Process_2023,Spindle Assembly Checkpoint Signaling (GO:0071173),1/26,0.5906627399159138,0.7268871778938024,0,0,1.14540059347181,0.6030649632611572,BUB3,EC-PTC
GO_Biological_Process_2023,Mitotic G1 DNA Damage Checkpoint Signaling (GO:0031571),1/26,0.5906627399159138,0.7268871778938024,0,0,1.14540059347181,0.6030649632611572,RPL26,EC-PTC
GO_Biological_Process_2023,Mitotic Spindle Assembly Checkpoint Signaling (GO:0007094),1/26,0.5906627399159138,0.7268871778938024,0,0,1.14540059347181,0.6030649632611572,BUB3,EC-PTC
GO_Biological_Process_2023,Mitotic Spindle Checkpoint Signaling (GO:0071174),1/26,0.5906627399159138,0.7268871778938024,0,0,1.14540059347181,0.6030649632611572,BUB3,EC-PTC
GO_Biological_Process_2023,Negative Regulation Of Endothelial Cell Apoptotic Process (GO:2000352),1/26,0.5906627399159138,0.7268871778938024,0,0,1.14540059347181,0.6030649632611572,RAMP2,EC-PTC
GO_Biological_Process_2023,Negative Regulation Of Interleukin-1 Beta Production (GO:0032691),1/26,0.5906627399159138,0.7268871778938024,0,0,1.14540059347181,0.6030649632611572,GSTP1,EC-PTC
GO_Biological_Process_2023,Nuclear Membrane Organization (GO:0071763),1/26,0.5906627399159138,0.7268871778938024,0,0,1.14540059347181,0.6030649632611572,CHMP2A,EC-PTC
GO_Biological_Process_2023,Nucleic Acid Phosphodiester Bond Hydrolysis (GO:0090305),1/26,0.5906627399159138,0.7268871778938024,0,0,1.14540059347181,0.6030649632611572,RNASE1,EC-PTC
GO_Biological_Process_2023,Organelle Fusion (GO:0048284),1/26,0.5906627399159138,0.7268871778938024,0,0,1.14540059347181,0.6030649632611572,FIS1,EC-PTC
GO_Biological_Process_2023,Organelle Membrane Fusion (GO:0090174),1/26,0.5906627399159138,0.7268871778938024,0,0,1.14540059347181,0.6030649632611572,VAMP8,EC-PTC
GO_Biological_Process_2023,Plasma Membrane Invagination (GO:0099024),1/26,0.5906627399159138,0.7268871778938024,0,0,1.14540059347181,0.6030649632611572,GSN,EC-PTC
GO_Biological_Process_2023,Positive Regulation Of Microtubule Polymerization Or Depolymerization (GO:0031112),1/26,0.5906627399159138,0.7268871778938024,0,0,1.14540059347181,0.6030649632611572,RPS3,EC-PTC
GO_Biological_Process_2023,Positive Regulation Of Nuclear Division (GO:0051785),1/26,0.5906627399159138,0.7268871778938024,0,0,1.14540059347181,0.6030649632611572,RGCC,EC-PTC
GO_Biological_Process_2023,Regulation Of Cardiac Muscle Cell Contraction (GO:0086004),1/26,0.5906627399159138,0.7268871778938024,0,0,1.14540059347181,0.6030649632611572,SRI,EC-PTC
GO_Biological_Process_2023,Protein Localization To Nucleus (GO:0034504),4/122,0.5934196165166538,0.7299491297369709,0,0,0.9703200383945036,0.5063649215867527,RPL11;CHCHD10;RAN;SKP1,EC-PTC
GO_Biological_Process_2023,Cellular Response To Cytokine Stimulus (GO:0071345),10/308,0.594566909856987,0.7310293015715603,0,0,0.9601352374224152,0.499195453136346,MT2A;SFRP1;NDUFA13;DUSP1;STAT1;RPS3;RPL13A;HIF1A;GAPDH;HLA-DPA1,EC-PTC
GO_Biological_Process_2023,Regulation Of miRNA Transcription (GO:1902893),2/59,0.5966367400417201,0.7315870816944974,0,0,1.0045619248716144,0.5188028180503254,JUN;HIF1A,EC-PTC
GO_Biological_Process_2023,Regulation Of Multicellular Organismal Development (GO:2000026),2/59,0.5966367400417201,0.7315870816944974,0,0,1.0045619248716144,0.5188028180503254,CD24;DUSP6,EC-PTC
GO_Biological_Process_2023,Regulation Of Type I Interferon Production (GO:0032479),2/59,0.5966367400417201,0.7315870816944974,0,0,1.0045619248716144,0.5188028180503254,GAPDH;RBX1,EC-PTC
GO_Biological_Process_2023,Transcription Preinitiation Complex Assembly (GO:0070897),2/59,0.5966367400417201,0.7315870816944974,0,0,1.0045619248716144,0.5188028180503254,GTF2A2;MED31,EC-PTC
GO_Biological_Process_2023,Mitotic Cytokinesis (GO:0000281),2/59,0.5966367400417201,0.7315870816944974,0,0,1.0045619248716144,0.5188028180503254,CFL1;RHOC,EC-PTC
GO_Biological_Process_2023,Negative Regulation Of Cytokine-Mediated Signaling Pathway (GO:0001960),2/59,0.5966367400417201,0.7315870816944974,0,0,1.0045619248716144,0.5188028180503254,GSTP1;ISG15,EC-PTC
GO_Biological_Process_2023,Regulation Of Epithelial Cell Proliferation (GO:0050678),3/91,0.5971314386557787,0.7318632614571728,0,0,0.9759030032467532,0.5031931787058133,SFRP1;GRN;NME2,EC-PTC
GO_Biological_Process_2023,Epithelium Development (GO:0060429),5/154,0.5976826780002686,0.7322084589304148,0,0,0.960432735650606,0.4943302194865365,LGALS3;SOX18;STAT1;KRT10;CD34,EC-PTC
GO_Biological_Process_2023,Organonitrogen Compound Biosynthetic Process (GO:1901566),4/123,0.5998792096057113,0.7327039824711759,0,0,0.9621159939385592,0.4916672128552548,GSTP1;DEGS1;FURIN;SPTSSA,EC-PTC
GO_Biological_Process_2023,DNA Synthesis Involved In DNA Repair (GO:0000731),1/27,0.604495813289063,0.7327039824711759,0,0,1.101289659895001,0.5543457522389176,VCP,EC-PTC
GO_Biological_Process_2023,GPI Anchor Metabolic Process (GO:0006505),1/27,0.604495813289063,0.7327039824711759,0,0,1.101289659895001,0.5543457522389176,DPM3,EC-PTC
GO_Biological_Process_2023,Regulation Of Extrinsic Apoptotic Signaling Pathway In Absence Of Ligand (GO:2001239),1/27,0.604495813289063,0.7327039824711759,0,0,1.101289659895001,0.5543457522389176,HSPA1A,EC-PTC
GO_Biological_Process_2023,T Cell Activation Involved In Immune Response (GO:0002286),1/27,0.604495813289063,0.7327039824711759,0,0,1.101289659895001,0.5543457522389176,MDK,EC-PTC
GO_Biological_Process_2023,Regulation Of Insulin Secretion Involved In Cellular Response To Glucose Stimulus (GO:0061178),1/27,0.604495813289063,0.7327039824711759,0,0,1.101289659895001,0.5543457522389176,PIM3,EC-PTC
GO_Biological_Process_2023,Cardiac Muscle Cell Differentiation (GO:0055007),1/27,0.604495813289063,0.7327039824711759,0,0,1.101289659895001,0.5543457522389176,IRX3,EC-PTC
GO_Biological_Process_2023,Cell Surface Receptor Signaling Pathway Involved In Cell-Cell Signaling (GO:1905114),1/27,0.604495813289063,0.7327039824711759,0,0,1.101289659895001,0.5543457522389176,CD24,EC-PTC
GO_Biological_Process_2023,Cellular Response To Epidermal Growth Factor Stimulus (GO:0071364),1/27,0.604495813289063,0.7327039824711759,0,0,1.101289659895001,0.5543457522389176,EEF1A1,EC-PTC
GO_Biological_Process_2023,Regulation Of Transcription Regulatory Region DNA Binding (GO:2000677),1/27,0.604495813289063,0.7327039824711759,0,0,1.101289659895001,0.5543457522389176,PARK7,EC-PTC
GO_Biological_Process_2023,Cortical Cytoskeleton Organization (GO:0030865),1/27,0.604495813289063,0.7327039824711759,0,0,1.101289659895001,0.5543457522389176,RAB13,EC-PTC
GO_Biological_Process_2023,Dorsal/Ventral Pattern Formation (GO:0009953),1/27,0.604495813289063,0.7327039824711759,0,0,1.101289659895001,0.5543457522389176,SFRP1,EC-PTC
GO_Biological_Process_2023,Glycerophospholipid Catabolic Process (GO:0046475),1/27,0.604495813289063,0.7327039824711759,0,0,1.101289659895001,0.5543457522389176,PRDX6,EC-PTC
GO_Biological_Process_2023,mRNA Modification (GO:0016556),1/27,0.604495813289063,0.7327039824711759,0,0,1.101289659895001,0.5543457522389176,HNRNPAB,EC-PTC
GO_Biological_Process_2023,Myeloid Cell Development (GO:0061515),1/27,0.604495813289063,0.7327039824711759,0,0,1.101289659895001,0.5543457522389176,ANXA2,EC-PTC
GO_Biological_Process_2023,Negative Regulation Of Notch Signaling Pathway (GO:0045746),1/27,0.604495813289063,0.7327039824711759,0,0,1.101289659895001,0.5543457522389176,TCIM,EC-PTC
GO_Biological_Process_2023,Negative Regulation Of Neurogenesis (GO:0050768),1/27,0.604495813289063,0.7327039824711759,0,0,1.101289659895001,0.5543457522389176,DYNLT1,EC-PTC
GO_Biological_Process_2023,Positive Regulation Of TORC1 Signaling (GO:1904263),1/27,0.604495813289063,0.7327039824711759,0,0,1.101289659895001,0.5543457522389176,RRAGA,EC-PTC
GO_Biological_Process_2023,Positive Regulation Of Cytosolic Calcium Ion Concentration Involved In Phospholipase C-activating G Protein-Coupled Signaling Pathway (GO:0051482),1/27,0.604495813289063,0.7327039824711759,0,0,1.101289659895001,0.5543457522389176,LPAR6,EC-PTC
GO_Biological_Process_2023,Positive Regulation Of Nitric Oxide Biosynthetic Process (GO:0045429),1/27,0.604495813289063,0.7327039824711759,0,0,1.101289659895001,0.5543457522389176,DDAH2,EC-PTC
GO_Biological_Process_2023,Protein Quality Control For Misfolded Or Incompletely Synthesized Proteins (GO:0006515),1/27,0.604495813289063,0.7327039824711759,0,0,1.101289659895001,0.5543457522389176,VCP,EC-PTC
GO_Biological_Process_2023,Regulation Of SMAD Protein Signal Transduction (GO:0060390),1/27,0.604495813289063,0.7327039824711759,0,0,1.101289659895001,0.5543457522389176,FAM89B,EC-PTC
GO_Biological_Process_2023,Regulation Of Catecholamine Secretion (GO:0050433),1/27,0.604495813289063,0.7327039824711759,0,0,1.101289659895001,0.5543457522389176,SNCA,EC-PTC
GO_Biological_Process_2023,Positive Regulation Of Neuron Projection Development (GO:0010976),3/92,0.6045617174955468,0.7327039824711759,0,0,0.9648876404494382,0.4855811691496522,SNX3;RELN;MDK,EC-PTC
GO_Biological_Process_2023,Sterol Metabolic Process (GO:0016125),2/60,0.6058250276993943,0.7335803723725167,0,0,0.9871906543013784,0.4947444839777464,FDX1;OSBPL1A,EC-PTC
GO_Biological_Process_2023,Histone Acetylation (GO:0016573),2/60,0.6058250276993943,0.7335803723725167,0,0,0.9871906543013784,0.4947444839777464,ENY2;USP22,EC-PTC
GO_Biological_Process_2023,Regulation Of Cell Migration (GO:0030334),14/434,0.606950120431386,0.7346152081513567,0,0,0.9533535047907212,0.4760176659577088,EPHA4;GRN;FAM89B;SEMA3D;RDX;DYNLL1;RHOC;BST2;SDCBP;SFRP1;RELN;MDK;TMSB4X;RACK1,EC-PTC
GO_Biological_Process_2023,Axonogenesis (GO:0007409),6/188,0.6124569780436631,0.740561965086295,0,0,0.9433302123885084,0.4624927093584177,VASP;EPHA4;RELN;SEMA3D;FEZ2;S100A6,EC-PTC
GO_Biological_Process_2023,Fatty Acid Catabolic Process (GO:0009062),2/61,0.6148536763423615,0.740561965086295,0,0,0.9704082403606415,0.4719783914646248,MTLN;LPIN2,EC-PTC
GO_Biological_Process_2023,Positive Regulation Of Interleukin-8 Production (GO:0032757),2/61,0.6148536763423615,0.740561965086295,0,0,0.9704082403606415,0.4719783914646248,PARK7;HSPA1A,EC-PTC
GO_Biological_Process_2023,Defense Response To Virus (GO:0051607),6/189,0.6176002158429275,0.740561965086295,0,0,0.9381263936876668,0.4520961779552047,BST2;IFI27;STAT1;EIF2AK2;ISG15;RNASE1,EC-PTC
GO_Biological_Process_2023,Regulation Of Lipid Biosynthetic Process (GO:0046890),1/28,0.6178620813275201,0.740561965086295,0,0,1.0604462028794372,0.5105942589830559,EIF6,EC-PTC
GO_Biological_Process_2023,Apoptotic Cell Clearance (GO:0043277),1/28,0.6178620813275201,0.740561965086295,0,0,1.0604462028794372,0.5105942589830559,ITGAV,EC-PTC
GO_Biological_Process_2023,Regulation Of Sodium Ion Transmembrane Transport (GO:1902305),1/28,0.6178620813275201,0.740561965086295,0,0,1.0604462028794372,0.5105942589830559,FXYD2,EC-PTC
GO_Biological_Process_2023,Diterpenoid Metabolic Process (GO:0016101),1/28,0.6178620813275201,0.740561965086295,0,0,1.0604462028794372,0.5105942589830559,AKR1B1,EC-PTC
GO_Biological_Process_2023,Hematopoietic Progenitor Cell Differentiation (GO:0002244),1/28,0.6178620813275201,0.740561965086295,0,0,1.0604462028794372,0.5105942589830559,SFRP1,EC-PTC
GO_Biological_Process_2023,Negative Regulation Of Cytoskeleton Organization (GO:0051494),1/28,0.6178620813275201,0.740561965086295,0,0,1.0604462028794372,0.5105942589830559,PFN1,EC-PTC
GO_Biological_Process_2023,Negative Regulation Of Mitotic Metaphase/Anaphase Transition (GO:0045841),1/28,0.6178620813275201,0.740561965086295,0,0,1.0604462028794372,0.5105942589830559,BUB3,EC-PTC
GO_Biological_Process_2023,Negative Regulation Of Signaling (GO:0023057),1/28,0.6178620813275201,0.740561965086295,0,0,1.0604462028794372,0.5105942589830559,OPTN,EC-PTC
GO_Biological_Process_2023,Negative Regulation Of Type II Interferon Production (GO:0032689),1/28,0.6178620813275201,0.740561965086295,0,0,1.0604462028794372,0.5105942589830559,PRNP,EC-PTC
GO_Biological_Process_2023,Negative Regulation Of Wound Healing (GO:0061045),1/28,0.6178620813275201,0.740561965086295,0,0,1.0604462028794372,0.5105942589830559,TFPI,EC-PTC
GO_Biological_Process_2023,"Nuclear-Transcribed mRNA Catabolic Process, Nonsense-Mediated Decay (GO:0000184)",1/28,0.6178620813275201,0.740561965086295,0,0,1.0604462028794372,0.5105942589830559,RBM8A,EC-PTC
GO_Biological_Process_2023,Phospholipid Catabolic Process (GO:0009395),1/28,0.6178620813275201,0.740561965086295,0,0,1.0604462028794372,0.5105942589830559,PRDX6,EC-PTC
GO_Biological_Process_2023,Positive Regulation Of Defense Response To Virus By Host (GO:0002230),1/28,0.6178620813275201,0.740561965086295,0,0,1.0604462028794372,0.5105942589830559,STAT1,EC-PTC
GO_Biological_Process_2023,Positive Regulation Of mRNA Processing (GO:0050685),1/28,0.6178620813275201,0.740561965086295,0,0,1.0604462028794372,0.5105942589830559,PRDX6,EC-PTC
GO_Biological_Process_2023,Positive Regulation Of Nitric Oxide Metabolic Process (GO:1904407),1/28,0.6178620813275201,0.740561965086295,0,0,1.0604462028794372,0.5105942589830559,DDAH2,EC-PTC
GO_Biological_Process_2023,Positive Regulation Of Protein Import Into Nucleus (GO:0042307),1/28,0.6178620813275201,0.740561965086295,0,0,1.0604462028794372,0.5105942589830559,RAN,EC-PTC
GO_Biological_Process_2023,Pyroptosis (GO:0070269),1/28,0.6178620813275201,0.740561965086295,0,0,1.0604462028794372,0.5105942589830559,IFI27,EC-PTC
GO_Biological_Process_2023,"Regulation Of DNA Damage Response, Signal Transduction By P53 Class Mediator (GO:0043516)",1/28,0.6178620813275201,0.740561965086295,0,0,1.0604462028794372,0.5105942589830559,SOX4,EC-PTC
GO_Biological_Process_2023,"Retrograde Transport, Endosome To Golgi (GO:0042147)",3/94,0.6191478492358717,0.7411218856432911,0,0,0.943583202511774,0.4523643394353406,SNX3;SURF4;ARL1,EC-PTC
GO_Biological_Process_2023,Sphingolipid Metabolic Process (GO:0006665),3/94,0.6191478492358717,0.7411218856432911,0,0,0.943583202511774,0.4523643394353406,TECR;DEGS1;SPTSSA,EC-PTC
GO_Biological_Process_2023,Muscle Contraction (GO:0006936),3/94,0.6191478492358717,0.7411218856432911,0,0,0.943583202511774,0.4523643394353406,MYL6;MYL6B;CRYAB,EC-PTC
GO_Biological_Process_2023,Fat Cell Differentiation (GO:0045444),2/62,0.6237229797290494,0.7456125056972263,0,0,0.9541852402179296,0.4504221425884862,SUMO1;PSMB8,EC-PTC
GO_Biological_Process_2023,mRNA Export From Nucleus (GO:0006406),2/62,0.6237229797290494,0.7456125056972263,0,0,0.9541852402179296,0.4504221425884862,ENY2;RBM8A,EC-PTC
GO_Biological_Process_2023,Protein Lipidation (GO:0006497),2/62,0.6237229797290494,0.7456125056972263,0,0,0.9541852402179296,0.4504221425884862,DPM3;SELENOK,EC-PTC
GO_Biological_Process_2023,Positive Regulation Of Transmembrane Receptor Protein Serine/Threonine Kinase Signaling Pathway (GO:0090100),3/95,0.6263025439678602,0.7483667881287762,0,0,0.9332783385093169,0.4367012124488543,SDCBP;CSNK2B;GDF3,EC-PTC
GO_Biological_Process_2023,Regulation Of Developmental Growth (GO:0048638),1/29,0.6307772741628249,0.7494274175967771,0,0,1.0225201356506994,0.4711797852681853,SOD1,EC-PTC
GO_Biological_Process_2023,Alpha-Amino Acid Metabolic Process (GO:1901605),1/29,0.6307772741628249,0.7494274175967771,0,0,1.0225201356506994,0.4711797852681853,DDAH2,EC-PTC
GO_Biological_Process_2023,Regulation Of Voltage-Gated Calcium Channel Activity (GO:1901385),1/29,0.6307772741628249,0.7494274175967771,0,0,1.0225201356506994,0.4711797852681853,SRI,EC-PTC
GO_Biological_Process_2023,Response To Alcohol (GO:0097305),1/29,0.6307772741628249,0.7494274175967771,0,0,1.0225201356506994,0.4711797852681853,SOD1,EC-PTC
GO_Biological_Process_2023,Defense Response To Fungus (GO:0050832),1/29,0.6307772741628249,0.7494274175967771,0,0,1.0225201356506994,0.4711797852681853,GAPDH,EC-PTC
GO_Biological_Process_2023,Establishment Of Mitotic Spindle Orientation (GO:0000132),1/29,0.6307772741628249,0.7494274175967771,0,0,1.0225201356506994,0.4711797852681853,DYNLT1,EC-PTC
GO_Biological_Process_2023,Heterotypic Cell-Cell Adhesion (GO:0034113),1/29,0.6307772741628249,0.7494274175967771,0,0,1.0225201356506994,0.4711797852681853,ITGAV,EC-PTC
GO_Biological_Process_2023,Lipid Droplet Organization (GO:0034389),1/29,0.6307772741628249,0.7494274175967771,0,0,1.0225201356506994,0.4711797852681853,PPIA,EC-PTC
GO_Biological_Process_2023,Positive Regulation Of B Cell Proliferation (GO:0030890),1/29,0.6307772741628249,0.7494274175967771,0,0,1.0225201356506994,0.4711797852681853,CD81,EC-PTC
GO_Biological_Process_2023,Positive Regulation Of Calcium Ion Transport (GO:0051928),1/29,0.6307772741628249,0.7494274175967771,0,0,1.0225201356506994,0.4711797852681853,LGALS3,EC-PTC
GO_Biological_Process_2023,Positive Regulation Of Viral Genome Replication (GO:0045070),1/29,0.6307772741628249,0.7494274175967771,0,0,1.0225201356506994,0.4711797852681853,PPIA,EC-PTC
GO_Biological_Process_2023,Protein K11-linked Ubiquitination (GO:0070979),1/29,0.6307772741628249,0.7494274175967771,0,0,1.0225201356506994,0.4711797852681853,ANAPC11,EC-PTC
GO_Biological_Process_2023,Regulation Of Blood Coagulation (GO:0030193),1/29,0.6307772741628249,0.7494274175967771,0,0,1.0225201356506994,0.4711797852681853,TFPI,EC-PTC
GO_Biological_Process_2023,Regulation Of Secretion By Cell (GO:1903530),2/64,0.6409855229056255,0.7570491753761902,0,0,0.923309207688252,0.4106402997375694,VAMP8;RAB13,EC-PTC
GO_Biological_Process_2023,Positive Regulation Of T Cell Differentiation (GO:0045582),2/64,0.6409855229056255,0.7570491753761902,0,0,0.923309207688252,0.4106402997375694,MDK;SOX4,EC-PTC
GO_Biological_Process_2023,Protein Autophosphorylation (GO:0046777),5/162,0.6422907869552116,0.7570491753761902,0,0,0.9111132236904648,0.4033627060438433,EPHA4;PINK1;EIF2AK2;PIM3;PAK2,EC-PTC
GO_Biological_Process_2023,GPI Anchor Biosynthetic Process (GO:0006506),1/30,0.6432565924538071,0.7570491753761902,0,0,0.9872096592653228,0.4355683327735776,DPM3,EC-PTC
GO_Biological_Process_2023,Regulation Of Macrophage Derived Foam Cell Differentiation (GO:0010743),1/30,0.6432565924538071,0.7570491753761902,0,0,0.9872096592653228,0.4355683327735776,ITGAV,EC-PTC
GO_Biological_Process_2023,Artery Morphogenesis (GO:0048844),1/30,0.6432565924538071,0.7570491753761902,0,0,0.9872096592653228,0.4355683327735776,HES1,EC-PTC
GO_Biological_Process_2023,Regulation Of Potassium Ion Transport (GO:0043266),1/30,0.6432565924538071,0.7570491753761902,0,0,0.9872096592653228,0.4355683327735776,CD63,EC-PTC
GO_Biological_Process_2023,Cardiac Muscle Cell Action Potential Involved In Contraction (GO:0086002),1/30,0.6432565924538071,0.7570491753761902,0,0,0.9872096592653228,0.4355683327735776,ATP1A1,EC-PTC
GO_Biological_Process_2023,Response To Epidermal Growth Factor (GO:0070849),1/30,0.6432565924538071,0.7570491753761902,0,0,0.9872096592653228,0.4355683327735776,EEF1A1,EC-PTC
GO_Biological_Process_2023,Extrinsic Apoptotic Signaling Pathway Via Death Domain Receptors (GO:0008625),1/30,0.6432565924538071,0.7570491753761902,0,0,0.9872096592653228,0.4355683327735776,GABARAP,EC-PTC
GO_Biological_Process_2023,Innate Immune Response Activating Cell Surface Receptor Signaling Pathway (GO:0002220),1/30,0.6432565924538071,0.7570491753761902,0,0,0.9872096592653228,0.4355683327735776,PAK2,EC-PTC
GO_Biological_Process_2023,Negative Regulation Of Blood Coagulation (GO:0030195),1/30,0.6432565924538071,0.7570491753761902,0,0,0.9872096592653228,0.4355683327735776,TFPI,EC-PTC
GO_Biological_Process_2023,Negative Regulation Of Interleukin-1 Production (GO:0032692),1/30,0.6432565924538071,0.7570491753761902,0,0,0.9872096592653228,0.4355683327735776,GSTP1,EC-PTC
GO_Biological_Process_2023,Negative Regulation Of Peptidyl-Tyrosine Phosphorylation (GO:0050732),1/30,0.6432565924538071,0.7570491753761902,0,0,0.9872096592653228,0.4355683327735776,SFRP1,EC-PTC
GO_Biological_Process_2023,Nucleic Acid Metabolic Process (GO:0090304),1/30,0.6432565924538071,0.7570491753761902,0,0,0.9872096592653228,0.4355683327735776,RAN,EC-PTC
GO_Biological_Process_2023,"Phagocytosis, Engulfment (GO:0006911)",1/30,0.6432565924538071,0.7570491753761902,0,0,0.9872096592653228,0.4355683327735776,GSN,EC-PTC
GO_Biological_Process_2023,Positive Regulation Of JUN Kinase Activity (GO:0043507),1/30,0.6432565924538071,0.7570491753761902,0,0,0.9872096592653228,0.4355683327735776,RPS3,EC-PTC
GO_Biological_Process_2023,Positive Regulation Of Interleukin-10 Production (GO:0032733),1/30,0.6432565924538071,0.7570491753761902,0,0,0.9872096592653228,0.4355683327735776,ISG15,EC-PTC
GO_Biological_Process_2023,Positive Regulation Of Lipid Kinase Activity (GO:0090218),1/30,0.6432565924538071,0.7570491753761902,0,0,0.9872096592653228,0.4355683327735776,CD81,EC-PTC
GO_Biological_Process_2023,Prostaglandin Metabolic Process (GO:0006693),1/30,0.6432565924538071,0.7570491753761902,0,0,0.9872096592653228,0.4355683327735776,GSTP1,EC-PTC
GO_Biological_Process_2023,Protein Palmitoylation (GO:0018345),1/30,0.6432565924538071,0.7570491753761902,0,0,0.9872096592653228,0.4355683327735776,SELENOK,EC-PTC
GO_Biological_Process_2023,Golgi Organization (GO:0007030),4/130,0.6433245569838906,0.7570491753761902,0,0,0.9083339247273674,0.4006714786538888,TMED10;SURF4;ARL1;OPTN,EC-PTC
GO_Biological_Process_2023,Positive Regulation Of Cold-Induced Thermogenesis (GO:0120162),3/98,0.6472079839484058,0.761143966060995,0,0,0.9036654135338346,0.3931735953522846,FABP5;GNAS;G0S2,EC-PTC
GO_Biological_Process_2023,Adenylate Cyclase-Modulating G Protein-Coupled Receptor Signaling Pathway (GO:0007188),5/163,0.647644957867069,0.761143966060995,0,0,0.9052994521065558,0.3932735225453819,ADGRG1;RAMP2;CALCRL;NPY1R;GNAS,EC-PTC
GO_Biological_Process_2023,Nitrogen Compound Transport (GO:0071705),5/163,0.647644957867069,0.761143966060995,0,0,0.9052994521065558,0.3932735225453819,RAMP2;CALCRL;CHMP2A;SLC3A2;SLC38A2,EC-PTC
GO_Biological_Process_2023,RNA Export From Nucleus (GO:0006405),2/65,0.6493801149489096,0.7625232996978981,0,0,0.908606335055072,0.3922790100160084,RBM8A;RAN,EC-PTC
GO_Biological_Process_2023,Regulation Of Cell-Matrix Adhesion (GO:0001952),2/65,0.6493801149489096,0.7625232996978981,0,0,0.908606335055072,0.3922790100160084,SFRP1;TLN1,EC-PTC
GO_Biological_Process_2023,Actin Filament Polymerization (GO:0030041),1/31,0.6553147254209214,0.7642055793229809,0,0,0.9542532146389712,0.4033052560236506,GSN,EC-PTC
GO_Biological_Process_2023,Bile Acid Metabolic Process (GO:0008206),1/31,0.6553147254209214,0.7642055793229809,0,0,0.9542532146389712,0.4033052560236506,OSBPL1A,EC-PTC
GO_Biological_Process_2023,Regulation Of Protein Autophosphorylation (GO:0031952),1/31,0.6553147254209214,0.7642055793229809,0,0,0.9542532146389712,0.4033052560236506,CALM2,EC-PTC
GO_Biological_Process_2023,Cardiac Muscle Tissue Morphogenesis (GO:0055008),1/31,0.6553147254209214,0.7642055793229809,0,0,0.9542532146389712,0.4033052560236506,FKBP1A,EC-PTC
GO_Biological_Process_2023,Regulation Of Response To Biotic Stimulus (GO:0002831),1/31,0.6553147254209214,0.7642055793229809,0,0,0.9542532146389712,0.4033052560236506,CD55,EC-PTC
GO_Biological_Process_2023,Cellular Response To cAMP (GO:0071320),1/31,0.6553147254209214,0.7642055793229809,0,0,0.9542532146389712,0.4033052560236506,AHR,EC-PTC
GO_Biological_Process_2023,Triglyceride Homeostasis (GO:0070328),1/31,0.6553147254209214,0.7642055793229809,0,0,0.9542532146389712,0.4033052560236506,MTLN,EC-PTC
GO_Biological_Process_2023,Glutamine Family Amino Acid Metabolic Process (GO:0009064),1/31,0.6553147254209214,0.7642055793229809,0,0,0.9542532146389712,0.4033052560236506,DDAH2,EC-PTC
GO_Biological_Process_2023,Leukocyte Cell-Cell Adhesion (GO:0007159),1/31,0.6553147254209214,0.7642055793229809,0,0,0.9542532146389712,0.4033052560236506,JAM2,EC-PTC
GO_Biological_Process_2023,Modulation Of Excitatory Postsynaptic Potential (GO:0098815),1/31,0.6553147254209214,0.7642055793229809,0,0,0.9542532146389712,0.4033052560236506,RELN,EC-PTC
GO_Biological_Process_2023,Negative Regulation Of Developmental Growth (GO:0048640),1/31,0.6553147254209214,0.7642055793229809,0,0,0.9542532146389712,0.4033052560236506,RTN4,EC-PTC
GO_Biological_Process_2023,Negative Regulation Of Intracellular Steroid Hormone Receptor Signaling Pathway (GO:0033144),1/31,0.6553147254209214,0.7642055793229809,0,0,0.9542532146389712,0.4033052560236506,SFRP1,EC-PTC
GO_Biological_Process_2023,Negative Regulation Of Microtubule Polymerization Or Depolymerization (GO:0031111),1/31,0.6553147254209214,0.7642055793229809,0,0,0.9542532146389712,0.4033052560236506,SNCA,EC-PTC
GO_Biological_Process_2023,Positive Regulation Of Proteolysis Involved In Protein Catabolic Process (GO:1903052),1/31,0.6553147254209214,0.7642055793229809,0,0,0.9542532146389712,0.4033052560236506,ECSCR,EC-PTC
GO_Biological_Process_2023,Receptor Signaling Pathway Via STAT (GO:0097696),1/31,0.6553147254209214,0.7642055793229809,0,0,0.9542532146389712,0.4033052560236506,STAT1,EC-PTC
GO_Biological_Process_2023,Regulation Of Cell Morphogenesis (GO:0022604),1/31,0.6553147254209214,0.7642055793229809,0,0,0.9542532146389712,0.4033052560236506,CFL1,EC-PTC
GO_Biological_Process_2023,Cellular Response To BMP Stimulus (GO:0071773),2/66,0.6576180449081132,0.766562493549543,0,0,0.8943629271916791,0.3748552236212629,SFRP1;GDF3,EC-PTC
GO_Biological_Process_2023,Negative Regulation Of Cell Motility (GO:2000146),4/133,0.6609664017606774,0.7701350266761046,0,0,0.8870712462020125,0.3672938629919957,BST2;EPHA4;SFRP1;DYNLL1,EC-PTC
GO_Biological_Process_2023,Cholesterol Metabolic Process (GO:0008203),2/67,0.665700309127337,0.7724858410555925,0,0,0.880557778031775,0.3583127811259222,FDX1;OSBPL1A,EC-PTC
GO_Biological_Process_2023,tRNA Modification (GO:0006400),2/67,0.665700309127337,0.7724858410555925,0,0,0.880557778031775,0.3583127811259222,TRMT112;SSB,EC-PTC
GO_Biological_Process_2023,Negative Regulation Of Cellular Catabolic Process (GO:0031330),2/67,0.665700309127337,0.7724858410555925,0,0,0.880557778031775,0.3583127811259222,RRAGA;TIMP1,EC-PTC
GO_Biological_Process_2023,Peptidyl-Tyrosine Phosphorylation (GO:0018108),2/67,0.665700309127337,0.7724858410555925,0,0,0.880557778031775,0.3583127811259222,EPHA4;RELN,EC-PTC
GO_Biological_Process_2023,Protein Secretion (GO:0009306),2/67,0.665700309127337,0.7724858410555925,0,0,0.880557778031775,0.3583127811259222,RAB13;PARK7,EC-PTC
GO_Biological_Process_2023,Regulation Of Cholesterol Efflux (GO:0010874),1/32,0.66696586792171,0.7724858410555925,0,0,0.923422992246578,0.3740014623750577,LAMTOR1,EC-PTC
GO_Biological_Process_2023,Amide Transport (GO:0042886),1/32,0.66696586792171,0.7724858410555925,0,0,0.923422992246578,0.3740014623750577,SLC14A1,EC-PTC
GO_Biological_Process_2023,Regulation Of Transmembrane Transport (GO:0034762),1/32,0.66696586792171,0.7724858410555925,0,0,0.923422992246578,0.3740014623750577,SNCA,EC-PTC
GO_Biological_Process_2023,Female Gamete Generation (GO:0007292),1/32,0.66696586792171,0.7724858410555925,0,0,0.923422992246578,0.3740014623750577,MDK,EC-PTC
GO_Biological_Process_2023,Very Long-Chain Fatty Acid Metabolic Process (GO:0000038),1/32,0.66696586792171,0.7724858410555925,0,0,0.923422992246578,0.3740014623750577,TECR,EC-PTC
GO_Biological_Process_2023,Heterochromatin Formation (GO:0031507),1/32,0.66696586792171,0.7724858410555925,0,0,0.923422992246578,0.3740014623750577,CBX3,EC-PTC
GO_Biological_Process_2023,Mesenchymal Cell Migration (GO:0090497),1/32,0.66696586792171,0.7724858410555925,0,0,0.923422992246578,0.3740014623750577,SEMA3D,EC-PTC
GO_Biological_Process_2023,Negative Regulation Of Fat Cell Differentiation (GO:0045599),1/32,0.66696586792171,0.7724858410555925,0,0,0.923422992246578,0.3740014623750577,CCDC85B,EC-PTC
GO_Biological_Process_2023,Negative Regulation Of Osteoblast Differentiation (GO:0045668),1/32,0.66696586792171,0.7724858410555925,0,0,0.923422992246578,0.3740014623750577,RANBP3L,EC-PTC
GO_Biological_Process_2023,Skin Development (GO:0043588),2/68,0.6736280146329854,0.7790371891812441,0,0,0.8671709667252014,0.3425995013016984,COL3A1;KRT10,EC-PTC
GO_Biological_Process_2023,Intermediate Filament Organization (GO:0045109),2/68,0.6736280146329854,0.7790371891812441,0,0,0.8671709667252014,0.3425995013016984,KRT10;VIM,EC-PTC
GO_Biological_Process_2023,Calcium Ion Homeostasis (GO:0055074),3/102,0.6737696455768565,0.7790371891812441,0,0,0.8669733044733045,0.3423391466283209,ATP1B1;TPT1;SNCA,EC-PTC
GO_Biological_Process_2023,Regulation Of Protein Secretion (GO:0050708),3/102,0.6737696455768565,0.7790371891812441,0,0,0.8669733044733045,0.3423391466283209,TMED10;IER3IP1;PPIA,EC-PTC
GO_Biological_Process_2023,Organic Substance Transport (GO:0071702),6/201,0.6761939396454262,0.7802014698757751,0,0,0.879843624238243,0.3442611230031779,RAMP2;CALCRL;CHMP2A;SLC3A2;SELENOK;TPT1,EC-PTC
GO_Biological_Process_2023,Regulation Of Potassium Ion Transmembrane Transport (GO:1901379),1/33,0.6782237372521006,0.7802014698757751,0,0,0.8945196587537092,0.3473223483683635,CD63,EC-PTC
GO_Biological_Process_2023,Signal Transduction By P53 Class Mediator (GO:0072331),1/33,0.6782237372521006,0.7802014698757751,0,0,0.8945196587537092,0.3473223483683635,HINT1,EC-PTC
GO_Biological_Process_2023,Glycolipid Metabolic Process (GO:0006664),1/33,0.6782237372521006,0.7802014698757751,0,0,0.8945196587537092,0.3473223483683635,ST8SIA6,EC-PTC
GO_Biological_Process_2023,Ventricular Cardiac Muscle Tissue Morphogenesis (GO:0055010),1/33,0.6782237372521006,0.7802014698757751,0,0,0.8945196587537092,0.3473223483683635,FKBP1A,EC-PTC
GO_Biological_Process_2023,ncRNA Catabolic Process (GO:0034661),1/33,0.6782237372521006,0.7802014698757751,0,0,0.8945196587537092,0.3473223483683635,TRIR,EC-PTC
GO_Biological_Process_2023,Positive Regulation Of Notch Signaling Pathway (GO:0045747),1/33,0.6782237372521006,0.7802014698757751,0,0,0.8945196587537092,0.3473223483683635,ITGB1BP1,EC-PTC
GO_Biological_Process_2023,Positive Regulation Of Cytokine Production Involved In Immune Response (GO:0002720),1/33,0.6782237372521006,0.7802014698757751,0,0,0.8945196587537092,0.3473223483683635,CD55,EC-PTC
GO_Biological_Process_2023,Positive Regulation Of Establishment Of Protein Localization To Mitochondrion (GO:1903749),1/33,0.6782237372521006,0.7802014698757751,0,0,0.8945196587537092,0.3473223483683635,PINK1,EC-PTC
GO_Biological_Process_2023,Positive Regulation Of Interleukin-12 Production (GO:0032735),1/33,0.6782237372521006,0.7802014698757751,0,0,0.8945196587537092,0.3473223483683635,MDK,EC-PTC
GO_Biological_Process_2023,Positive Regulation Of Small Molecule Metabolic Process (GO:0062013),1/33,0.6782237372521006,0.7802014698757751,0,0,0.8945196587537092,0.3473223483683635,HIF1A,EC-PTC
GO_Biological_Process_2023,Regulation Of Cell Adhesion Mediated By Integrin (GO:0033628),1/33,0.6782237372521006,0.7802014698757751,0,0,0.8945196587537092,0.3473223483683635,ITGB1BP1,EC-PTC
GO_Biological_Process_2023,Brain Development (GO:0007420),5/169,0.6786947204972447,0.7804127268715142,0,0,0.87190571532581,0.337936577600207,ADGRG1;RELN;UFC1;IER3IP1;RTN4,EC-PTC
GO_Biological_Process_2023,Regulation Of Heart Contraction (GO:0008016),2/69,0.6814023712418941,0.7828632996163216,0,0,0.8541837617262868,0.3276668503296214,SRI;CALM2,EC-PTC
GO_Biological_Process_2023,Positive Regulation Of Phosphatidylinositol 3-Kinase Signaling (GO:0014068),2/69,0.6814023712418941,0.7828632996163216,0,0,0.8541837617262868,0.3276668503296214,MYDGF;FN1,EC-PTC
GO_Biological_Process_2023,Negative Regulation Of Signal Transduction (GO:0009968),8/267,0.6830321271268754,0.7844039142818577,0,0,0.8829253327004452,0.3365829523657447,SFRP1;VCP;TCIM;PDCD6;SPRY4;RACK1;DKK3;SNCA,EC-PTC
GO_Biological_Process_2023,Regulation Of Notch Signaling Pathway (GO:0008593),2/70,0.6890246830906243,0.7867170722865761,0,0,0.8415785333449873,0.3134696438740673,TCIM;ITGB1BP1,EC-PTC
GO_Biological_Process_2023,Regulation Of Cellular Biosynthetic Process (GO:0031326),2/70,0.6890246830906243,0.7867170722865761,0,0,0.8415785333449873,0.3134696438740673,RPL10;EIF6,EC-PTC
GO_Biological_Process_2023,Regulation Of Interleukin-17 Production (GO:0032660),1/34,0.6891015887222991,0.7867170722865761,0,0,0.8673680424422264,0.3229788673313356,PRNP,EC-PTC
GO_Biological_Process_2023,Apoptotic Mitochondrial Changes (GO:0008637),1/34,0.6891015887222991,0.7867170722865761,0,0,0.8673680424422264,0.3229788673313356,FIS1,EC-PTC
GO_Biological_Process_2023,Cellular Response To Hydrogen Peroxide (GO:0070301),1/34,0.6891015887222991,0.7867170722865761,0,0,0.8673680424422264,0.3229788673313356,RPS3,EC-PTC
GO_Biological_Process_2023,Semaphorin-Plexin Signaling Pathway (GO:0071526),1/34,0.6891015887222991,0.7867170722865761,0,0,0.8673680424422264,0.3229788673313356,SEMA3D,EC-PTC
GO_Biological_Process_2023,Sister Chromatid Segregation (GO:0000819),1/34,0.6891015887222991,0.7867170722865761,0,0,0.8673680424422264,0.3229788673313356,RAN,EC-PTC
GO_Biological_Process_2023,Establishment Of Mitotic Spindle Localization (GO:0040001),1/34,0.6891015887222991,0.7867170722865761,0,0,0.8673680424422264,0.3229788673313356,DYNLT1,EC-PTC
GO_Biological_Process_2023,Transcription Initiation-Coupled Chromatin Remodeling (GO:0045815),1/34,0.6891015887222991,0.7867170722865761,0,0,0.8673680424422264,0.3229788673313356,TRMT112,EC-PTC
GO_Biological_Process_2023,Organophosphate Biosynthetic Process (GO:0090407),1/34,0.6891015887222991,0.7867170722865761,0,0,0.8673680424422264,0.3229788673313356,TPI1,EC-PTC
GO_Biological_Process_2023,Positive Regulation Of Transcription By RNA Polymerase I (GO:0045943),1/34,0.6891015887222991,0.7867170722865761,0,0,0.8673680424422264,0.3229788673313356,ATF4,EC-PTC
GO_Biological_Process_2023,Protein Targeting To Vacuole (GO:0006623),1/34,0.6891015887222991,0.7867170722865761,0,0,0.8673680424422264,0.3229788673313356,SQSTM1,EC-PTC
GO_Biological_Process_2023,Regulation Of DNA Biosynthetic Process (GO:2000278),1/34,0.6891015887222991,0.7867170722865761,0,0,0.8673680424422264,0.3229788673313356,RGCC,EC-PTC
GO_Biological_Process_2023,Regulation Of Blood Circulation (GO:1903522),1/34,0.6891015887222991,0.7867170722865761,0,0,0.8673680424422264,0.3229788673313356,SRI,EC-PTC
GO_Biological_Process_2023,Protein Modification Process (GO:0036211),22/711,0.6933696541152028,0.7912571346961725,0,0,0.9112614104379252,0.3336966480557727,BRD2;EPHA4;EGLN3;RPN2;PDCD6;UBE2D2;FN1;EIF2AK2;NEDD8;PARK7;KRT10;RNF7;RBX1;PPP1CB;COL3A1;PINK1;DAD1;CSNK2B;PIM3;ST8SIA6;UBA52;PAK2,EC-PTC
GO_Biological_Process_2023,Intracellular Calcium Ion Homeostasis (GO:0006874),4/139,0.6944441537911534,0.7921504921028025,0,0,0.8473809129546834,0.3089919691582686,SMDT1;ATP1B1;SELENOK;TPT1,EC-PTC
GO_Biological_Process_2023,Protein Autoubiquitination (GO:0051865),2/71,0.6964963410091171,0.7940438034990085,0,0,0.8293386739022762,0.2999657766657286,UBE2D2;RNF181,EC-PTC
GO_Biological_Process_2023,Response To Calcium Ion (GO:0051592),3/106,0.6988300808383193,0.7940438034990085,0,0,0.8331310679611651,0.2985505647020435,PDCD6;ANXA11;CALM2,EC-PTC
GO_Biological_Process_2023,Positive Regulation Of Nucleic Acid-Templated Transcription (GO:1903508),17/557,0.6991693688467772,0.7940438034990085,0,0,0.8987532365191939,0.3216298684097435,JUN;ENY2;NPM1;STAT1;USP22;NME2;AKR1B1;EDF1;AHR;HIF1A;ILF2;HNRNPAB;NPAS2;SFRP1;SOX18;SOX4;ATF4,EC-PTC
GO_Biological_Process_2023,Action Potential (GO:0001508),1/35,0.6996122318752309,0.7940438034990085,0,0,0.8418135800314192,0.3007202670645595,SRI,EC-PTC
GO_Biological_Process_2023,Regulation Of mRNA Processing (GO:0050684),1/35,0.6996122318752309,0.7940438034990085,0,0,0.8418135800314192,0.3007202670645595,RBM8A,EC-PTC
GO_Biological_Process_2023,Regulation Of Sodium Ion Transport (GO:0002028),1/35,0.6996122318752309,0.7940438034990085,0,0,0.8418135800314192,0.3007202670645595,ATP1A1,EC-PTC
GO_Biological_Process_2023,Response To Exogenous dsRNA (GO:0043330),1/35,0.6996122318752309,0.7940438034990085,0,0,0.8418135800314192,0.3007202670645595,SLC3A2,EC-PTC
GO_Biological_Process_2023,Establishment Of Spindle Orientation (GO:0051294),1/35,0.6996122318752309,0.7940438034990085,0,0,0.8418135800314192,0.3007202670645595,DYNLT1,EC-PTC
GO_Biological_Process_2023,Macrophage Activation (GO:0042116),1/35,0.6996122318752309,0.7940438034990085,0,0,0.8418135800314192,0.3007202670645595,SNCA,EC-PTC
GO_Biological_Process_2023,One-Carbon Compound Transport (GO:0019755),1/35,0.6996122318752309,0.7940438034990085,0,0,0.8418135800314192,0.3007202670645595,SLC14A1,EC-PTC
GO_Biological_Process_2023,Positive Regulation Of Mitotic Nuclear Division (GO:0045840),1/35,0.6996122318752309,0.7940438034990085,0,0,0.8418135800314192,0.3007202670645595,RGCC,EC-PTC
GO_Biological_Process_2023,Regulation Of Axon Extension (GO:0030516),1/35,0.6996122318752309,0.7940438034990085,0,0,0.8418135800314192,0.3007202670645595,RTN4,EC-PTC
GO_Biological_Process_2023,Cholesterol Homeostasis (GO:0042632),2/72,0.7038188150558218,0.7978179890198713,0,0,0.8174485247293568,0.2871159774750062,LAMTOR1;CD24,EC-PTC
GO_Biological_Process_2023,Plasma Membrane Organization (GO:0007009),2/72,0.7038188150558218,0.7978179890198713,0,0,0.8174485247293568,0.2871159774750062,CHMP2A;DEGS1,EC-PTC
GO_Biological_Process_2023,Positive Regulation Of Protein Localization To Nucleus (GO:1900182),2/72,0.7038188150558218,0.7978179890198713,0,0,0.8174485247293568,0.2871159774750062,PARK7;RAN,EC-PTC
GO_Biological_Process_2023,Monoatomic Ion Transport (GO:0006811),3/107,0.7048618288750638,0.7983339146057853,0,0,0.8250772664835165,0.2885736475227763,SLC12A1;VDAC2;TSPO,EC-PTC
GO_Biological_Process_2023,Positive Regulation Of T Cell Activation (GO:0050870),3/107,0.7048618288750638,0.7983339146057853,0,0,0.8250772664835165,0.2885736475227763,CD81;MDK;HLA-DPA1,EC-PTC
GO_Biological_Process_2023,"DNA Damage Response, Signal Transduction By P53 Class Mediator (GO:0030330)",1/36,0.7097680448226381,0.8009368508513536,0,0,0.8177193726155151,0.2803281510263177,RPL26,EC-PTC
GO_Biological_Process_2023,Blood Vessel Diameter Maintenance (GO:0097746),1/36,0.7097680448226381,0.8009368508513536,0,0,0.8177193726155151,0.2803281510263177,ITGB1BP1,EC-PTC
GO_Biological_Process_2023,Regulation Of Peptidyl-Threonine Phosphorylation (GO:0010799),1/36,0.7097680448226381,0.8009368508513536,0,0,0.8177193726155151,0.2803281510263177,CALM2,EC-PTC
GO_Biological_Process_2023,tRNA Methylation (GO:0030488),1/36,0.7097680448226381,0.8009368508513536,0,0,0.8177193726155151,0.2803281510263177,TRMT112,EC-PTC
GO_Biological_Process_2023,Interstrand Cross-Link Repair (GO:0036297),1/36,0.7097680448226381,0.8009368508513536,0,0,0.8177193726155151,0.2803281510263177,VCP,EC-PTC
GO_Biological_Process_2023,Negative Regulation Of T Cell Proliferation (GO:0042130),1/36,0.7097680448226381,0.8009368508513536,0,0,0.8177193726155151,0.2803281510263177,PRNP,EC-PTC
GO_Biological_Process_2023,Positive Regulation Of Interferon-Beta Production (GO:0032728),1/36,0.7097680448226381,0.8009368508513536,0,0,0.8177193726155151,0.2803281510263177,ISG15,EC-PTC
GO_Biological_Process_2023,Receptor Signaling Pathway Via JAK-STAT (GO:0007259),1/36,0.7097680448226381,0.8009368508513536,0,0,0.8177193726155151,0.2803281510263177,STAT1,EC-PTC
GO_Biological_Process_2023,Lipid Transport (GO:0006869),3/108,0.7108008291286141,0.8009368508513536,0,0,0.8171768707482994,0.2789539613919309,RBP7;PRELID1;FABP5,EC-PTC
GO_Biological_Process_2023,Positive Regulation Of Metabolic Process (GO:0009893),3/108,0.7108008291286141,0.8009368508513536,0,0,0.8171768707482994,0.2789539613919309,FABP5;GNAS;G0S2,EC-PTC
GO_Biological_Process_2023,Sterol Homeostasis (GO:0055092),2/73,0.7109936477918312,0.8009368508513536,0,0,0.8058933093359563,0.274883586117582,LAMTOR1;CD24,EC-PTC
GO_Biological_Process_2023,Monocarboxylic Acid Transport (GO:0015718),2/73,0.7109936477918312,0.8009368508513536,0,0,0.8058933093359563,0.274883586117582,RBP7;FABP5,EC-PTC
GO_Biological_Process_2023,Protein Tetramerization (GO:0051262),2/73,0.7109936477918312,0.8009368508513536,0,0,0.8058933093359563,0.274883586117582,KRT10;SNCA,EC-PTC
GO_Biological_Process_2023,Positive Regulation Of Lymphocyte Proliferation (GO:0050671),2/74,0.7180224475575806,0.8075958539595278,0,0,0.794659072147928,0.2632343510328997,CD81;HLA-DPA1,EC-PTC
GO_Biological_Process_2023,Regulation Of Defense Response To Virus By Host (GO:0050691),1/37,0.7195809891686514,0.8075958539595278,0,0,0.7949637322782723,0.2616115905054395,STAT1,EC-PTC
GO_Biological_Process_2023,Regulation Of p38MAPK Cascade (GO:1900744),1/37,0.7195809891686514,0.8075958539595278,0,0,0.7949637322782723,0.2616115905054395,DUSP1,EC-PTC
GO_Biological_Process_2023,Regulation Of Sodium Ion Transmembrane Transporter Activity (GO:2000649),1/37,0.7195809891686514,0.8075958539595278,0,0,0.7949637322782723,0.2616115905054395,FXYD2,EC-PTC
GO_Biological_Process_2023,Regulation Of Vascular Associated Smooth Muscle Cell Proliferation (GO:1904705),1/37,0.7195809891686514,0.8075958539595278,0,0,0.7949637322782723,0.2616115905054395,JUN,EC-PTC
GO_Biological_Process_2023,Synaptic Vesicle Cycle (GO:0099504),1/37,0.7195809891686514,0.8075958539595278,0,0,0.7949637322782723,0.2616115905054395,SNCA,EC-PTC
GO_Biological_Process_2023,Positive Regulation Of Receptor Signaling Pathway Via JAK-STAT (GO:0046427),1/37,0.7195809891686514,0.8075958539595278,0,0,0.7949637322782723,0.2616115905054395,HES1,EC-PTC
GO_Biological_Process_2023,Positive Regulation Of Receptor Signaling Pathway Via STAT (GO:1904894),1/37,0.7195809891686514,0.8075958539595278,0,0,0.7949637322782723,0.2616115905054395,HES1,EC-PTC
GO_Biological_Process_2023,Protein Acylation (GO:0043543),1/37,0.7195809891686514,0.8075958539595278,0,0,0.7949637322782723,0.2616115905054395,SELENOK,EC-PTC
GO_Biological_Process_2023,RNA Metabolic Process (GO:0016070),3/111,0.7280654161081592,0.8152054698767048,0,0,0.7943535052910053,0.2520995057462066,RNASEH2C;HNRNPF;RNASE1,EC-PTC
GO_Biological_Process_2023,T Cell Activation (GO:0042110),3/111,0.7280654161081592,0.8152054698767048,0,0,0.7943535052910053,0.2520995057462066,FKBP1A;MDK;SOX4,EC-PTC
GO_Biological_Process_2023,Cytoskeleton Organization (GO:0007010),3/111,0.7280654161081592,0.8152054698767048,0,0,0.7943535052910053,0.2520995057462066,MDK;CFL1;SH3BGRL3,EC-PTC
GO_Biological_Process_2023,RNA 3'-End Processing (GO:0031123),1/38,0.7290626238330323,0.8152054698767048,0,0,0.7734381265538536,0.244403081148321,SSB,EC-PTC
GO_Biological_Process_2023,Signal Release From Synapse (GO:0099643),1/38,0.7290626238330323,0.8152054698767048,0,0,0.7734381265538536,0.244403081148321,SNCA,EC-PTC
GO_Biological_Process_2023,Heart Looping (GO:0001947),1/38,0.7290626238330323,0.8152054698767048,0,0,0.7734381265538536,0.244403081148321,SOX18,EC-PTC
GO_Biological_Process_2023,Import Into Cell (GO:0098657),1/38,0.7290626238330323,0.8152054698767048,0,0,0.7734381265538536,0.244403081148321,SLC5A3,EC-PTC
GO_Biological_Process_2023,Negative Regulation Of Type I Interferon Production (GO:0032480),1/38,0.7290626238330323,0.8152054698767048,0,0,0.7734381265538536,0.244403081148321,RBX1,EC-PTC
GO_Biological_Process_2023,Positive Regulation Of Bone Mineralization (GO:0030501),1/38,0.7290626238330323,0.8152054698767048,0,0,0.7734381265538536,0.244403081148321,ISG15,EC-PTC
GO_Biological_Process_2023,Neuron Projection Morphogenesis (GO:0048812),4/146,0.7304360668658211,0.8164050854352141,0,0,0.805314749900296,0.2529602921216716,EPHA4;NRN1;UBB;S100A6,EC-PTC
GO_Biological_Process_2023,Wnt Signaling Pathway (GO:0016055),2/76,0.7316486744961894,0.8174240230076719,0,0,0.773101481868198,0.2415592944935495,SFRP1;CD24,EC-PTC
GO_Biological_Process_2023,Small GTPase Mediated Signal Transduction (GO:0007264),3/112,0.7336377157076928,0.8193092252722424,0,0,0.7870249017038008,0.2437730517712408,ARHGAP18;PARK7;RASGRP3,EC-PTC
GO_Biological_Process_2023,Regulation Of Monoatomic Cation Transmembrane Transport (GO:1904062),1/39,0.738224118607882,0.8194057607373844,0,0,0.7530454474465095,0.2285551796557601,CD63,EC-PTC
GO_Biological_Process_2023,Regulation Of Nitric Oxide Biosynthetic Process (GO:0045428),1/39,0.738224118607882,0.8194057607373844,0,0,0.7530454474465095,0.2285551796557601,DDAH2,EC-PTC
GO_Biological_Process_2023,Carboxylic Acid Transmembrane Transport (GO:1905039),1/39,0.738224118607882,0.8194057607373844,0,0,0.7530454474465095,0.2285551796557601,SLC38A2,EC-PTC
GO_Biological_Process_2023,Heterochromatin Organization (GO:0070828),1/39,0.738224118607882,0.8194057607373844,0,0,0.7530454474465095,0.2285551796557601,CBX3,EC-PTC
GO_Biological_Process_2023,Negative Regulation Of Protein Secretion (GO:0050709),1/39,0.738224118607882,0.8194057607373844,0,0,0.7530454474465095,0.2285551796557601,SFRP1,EC-PTC
GO_Biological_Process_2023,Neuron Projection Extension (GO:1990138),1/39,0.738224118607882,0.8194057607373844,0,0,0.7530454474465095,0.2285551796557601,NRN1,EC-PTC
GO_Biological_Process_2023,Nuclear Transport (GO:0051169),1/39,0.738224118607882,0.8194057607373844,0,0,0.7530454474465095,0.2285551796557601,NPM1,EC-PTC
GO_Biological_Process_2023,Organelle Transport Along Microtubule (GO:0072384),1/39,0.738224118607882,0.8194057607373844,0,0,0.7530454474465095,0.2285551796557601,UBB,EC-PTC
GO_Biological_Process_2023,Positive Regulation Of Intracellular Transport (GO:0032388),1/39,0.738224118607882,0.8194057607373844,0,0,0.7530454474465095,0.2285551796557601,OAZ1,EC-PTC
GO_Biological_Process_2023,Positive Regulation Of Lymphocyte Differentiation (GO:0045621),1/39,0.738224118607882,0.8194057607373844,0,0,0.7530454474465095,0.2285551796557601,MDK,EC-PTC
GO_Biological_Process_2023,Positive Regulation Of Pattern Recognition Receptor Signaling Pathway (GO:0062208),1/39,0.738224118607882,0.8194057607373844,0,0,0.7530454474465095,0.2285551796557601,RTN4,EC-PTC
GO_Biological_Process_2023,Chloride Transport (GO:0006821),2/77,0.7382495937129527,0.8194057607373844,0,0,0.7627538385339276,0.2314754311006805,SLC12A1;CLIC1,EC-PTC
GO_Biological_Process_2023,Sphingolipid Biosynthetic Process (GO:0030148),2/77,0.7382495937129527,0.8194057607373844,0,0,0.7627538385339276,0.2314754311006805,DEGS1;SPTSSA,EC-PTC
GO_Biological_Process_2023,Positive Regulation Of Response To Stimulus (GO:0048584),2/77,0.7382495937129527,0.8194057607373844,0,0,0.7627538385339276,0.2314754311006805,RPS3;NPAS2,EC-PTC
GO_Biological_Process_2023,Positive Regulation Of Synaptic Transmission (GO:0050806),2/77,0.7382495937129527,0.8194057607373844,0,0,0.7627538385339276,0.2314754311006805,RELN;SQSTM1,EC-PTC
GO_Biological_Process_2023,Protein Modification By Small Protein Removal (GO:0070646),3/114,0.7445117261625607,0.8255658398988189,0,0,0.7727638352638353,0.227985946111362,HINT1;SUMO1;USP22,EC-PTC
GO_Biological_Process_2023,Long-Chain Fatty Acid Metabolic Process (GO:0001676),2/78,0.7447114535169759,0.8255658398988189,0,0,0.7526785016031907,0.2218583457277419,GPX4;GSTP1,EC-PTC
GO_Biological_Process_2023,Positive Regulation Of Tumor Necrosis Factor Production (GO:0032760),2/78,0.7447114535169759,0.8255658398988189,0,0,0.7526785016031907,0.2218583457277419,DDT;HSPB1,EC-PTC
GO_Biological_Process_2023,Notch Signaling Pathway (GO:0007219),1/40,0.7470762671980009,0.8261641456473007,0,0,0.7336985467549266,0.2139376926374604,HES1,EC-PTC
GO_Biological_Process_2023,Retinoid Metabolic Process (GO:0001523),1/40,0.7470762671980009,0.8261641456473007,0,0,0.7336985467549266,0.2139376926374604,AKR1B1,EC-PTC
GO_Biological_Process_2023,mRNA 3'-End Processing (GO:0031124),1/40,0.7470762671980009,0.8261641456473007,0,0,0.7336985467549266,0.2139376926374604,SSU72,EC-PTC
GO_Biological_Process_2023,Negative Regulation Of Mitotic Cell Cycle Phase Transition (GO:1901991),1/40,0.7470762671980009,0.8261641456473007,0,0,0.7336985467549266,0.2139376926374604,RGCC,EC-PTC
GO_Biological_Process_2023,Nucleic Acid-Templated Transcription (GO:0097659),1/40,0.7470762671980009,0.8261641456473007,0,0,0.7336985467549266,0.2139376926374604,PTMA,EC-PTC
GO_Biological_Process_2023,Positive Regulation Of Insulin Secretion (GO:0032024),1/40,0.7470762671980009,0.8261641456473007,0,0,0.7336985467549266,0.2139376926374604,SOX4,EC-PTC
GO_Biological_Process_2023,Positive Regulation Of Endocytosis (GO:0045807),2/79,0.751036105335676,0.8298673971080944,0,0,0.7428648617355899,0.2126833628618604,VPS28;SNCA,EC-PTC
GO_Biological_Process_2023,Protein Import Into Nucleus (GO:0006606),2/79,0.751036105335676,0.8298673971080944,0,0,0.7428648617355899,0.2126833628618604,RPL17;RAN,EC-PTC
GO_Biological_Process_2023,Cellular Response To Retinoic Acid (GO:0071300),1/41,0.7556295000007187,0.8322342749399644,0,0,0.7153189910979229,0.2004353157550685,NDUFA13,EC-PTC
GO_Biological_Process_2023,Stem Cell Differentiation (GO:0048863),1/41,0.7556295000007187,0.8322342749399644,0,0,0.7153189910979229,0.2004353157550685,SFRP1,EC-PTC
GO_Biological_Process_2023,Synaptic Vesicle Exocytosis (GO:0016079),1/41,0.7556295000007187,0.8322342749399644,0,0,0.7153189910979229,0.2004353157550685,SNCA,EC-PTC
GO_Biological_Process_2023,Visual System Development (GO:0150063),1/41,0.7556295000007187,0.8322342749399644,0,0,0.7153189910979229,0.2004353157550685,GDF3,EC-PTC
GO_Biological_Process_2023,Non-Canonical Wnt Signaling Pathway (GO:0035567),1/41,0.7556295000007187,0.8322342749399644,0,0,0.7153189910979229,0.2004353157550685,SFRP1,EC-PTC
GO_Biological_Process_2023,Positive Regulation Of Ossification (GO:0045778),1/41,0.7556295000007187,0.8322342749399644,0,0,0.7153189910979229,0.2004353157550685,ISG15,EC-PTC
GO_Biological_Process_2023,Positive Regulation Of Response To Biotic Stimulus (GO:0002833),1/41,0.7556295000007187,0.8322342749399644,0,0,0.7153189910979229,0.2004353157550685,GRN,EC-PTC
GO_Biological_Process_2023,Positive Regulation Of Viral Process (GO:0048524),1/41,0.7556295000007187,0.8322342749399644,0,0,0.7153189910979229,0.2004353157550685,PPIA,EC-PTC
GO_Biological_Process_2023,Cellular Response To Molecule Of Bacterial Origin (GO:0071219),3/117,0.7601556131323326,0.8365407800921456,0,0,0.7523104636591479,0.2063076877348446,GSTP1;AHR;VIM,EC-PTC
GO_Biological_Process_2023,Protein Maturation (GO:0051604),3/117,0.7601556131323326,0.8365407800921456,0,0,0.7523104636591479,0.2063076877348446,SRGN;NDUFAB1;FURIN,EC-PTC
GO_Biological_Process_2023,Organelle Assembly (GO:0070925),9/322,0.7626966709162897,0.8365870251148538,0,0,0.8208272169933511,0.2223578860879223,GABARAPL2;ARF4;MAP1LC3B;GSN;CHMP2A;SNF8;CD34;VPS28;GABARAP,EC-PTC
GO_Biological_Process_2023,Regulation Of Cellular Component Organization (GO:0051128),4/153,0.7631588631918323,0.8365870251148538,0,0,0.767201112233569,0.2073660680171825,PINK1;AP2S1;PARK7;LAMTOR1,EC-PTC
GO_Biological_Process_2023,Cellular Response To Interleukin-1 (GO:0071347),2/81,0.7632813547034893,0.8365870251148538,0,0,0.7239829217371678,0.1955684696847823,SFRP1;HIF1A,EC-PTC
GO_Biological_Process_2023,Cytoskeleton-Dependent Cytokinesis (GO:0061640),2/81,0.7632813547034893,0.8365870251148538,0,0,0.7239829217371678,0.1955684696847823,CFL1;RHOC,EC-PTC
GO_Biological_Process_2023,Positive Regulation Of Growth (GO:0045927),2/81,0.7632813547034893,0.8365870251148538,0,0,0.7239829217371678,0.1955684696847823,SDCBP;SFRP1,EC-PTC
GO_Biological_Process_2023,Amino Acid Transmembrane Transport (GO:0003333),1/42,0.7638938962757134,0.8365870251148538,0,0,0.6978359991315046,0.1879456425589759,SLC38A2,EC-PTC
GO_Biological_Process_2023,Regulation Of Osteoclast Differentiation (GO:0045670),1/42,0.7638938962757134,0.8365870251148538,0,0,0.6978359991315046,0.1879456425589759,PRXL2A,EC-PTC
GO_Biological_Process_2023,Determination Of Heart Left/Right Asymmetry (GO:0061371),1/42,0.7638938962757134,0.8365870251148538,0,0,0.6978359991315046,0.1879456425589759,SOX18,EC-PTC
GO_Biological_Process_2023,Keratinocyte Differentiation (GO:0030216),1/42,0.7638938962757134,0.8365870251148538,0,0,0.6978359991315046,0.1879456425589759,KRT10,EC-PTC
GO_Biological_Process_2023,Modulation By Host Of Symbiont Process (GO:0051851),1/42,0.7638938962757134,0.8365870251148538,0,0,0.6978359991315046,0.1879456425589759,JUN,EC-PTC
GO_Biological_Process_2023,Positive Regulation Of Calcium Ion Transmembrane Transport (GO:1904427),1/42,0.7638938962757134,0.8365870251148538,0,0,0.6978359991315046,0.1879456425589759,SNCA,EC-PTC
GO_Biological_Process_2023,Positive Regulation Of Neuron Differentiation (GO:0045666),1/42,0.7638938962757134,0.8365870251148538,0,0,0.6978359991315046,0.1879456425589759,GPRC5B,EC-PTC
GO_Biological_Process_2023,Positive Regulation Of Cell Projection Organization (GO:0031346),3/118,0.7651950540156373,0.8376742308369491,0,0,0.7457298136645962,0.1995755723099536,SNX3;RELN;MDK,EC-PTC
GO_Biological_Process_2023,Endocytosis (GO:0006897),5/189,0.768536384285006,0.8409930780491847,0,0,0.7763221933809215,0.2043803041241244,RNASEK;ANXA3;RHOJ;ANXA11;C1ORF43,EC-PTC
GO_Biological_Process_2023,Cellular Response To Organic Substance (GO:0071310),2/82,0.7692058056751006,0.8410478938057863,0,0,0.7148959881129272,0.1875863607180065,RAMP2;PARK7,EC-PTC
GO_Biological_Process_2023,Positive Regulation Of Tumor Necrosis Factor Superfamily Cytokine Production (GO:1903557),2/82,0.7692058056751006,0.8410478938057863,0,0,0.7148959881129272,0.1875863607180065,DDT;HSPB1,EC-PTC
GO_Biological_Process_2023,Regulation Of Primary Metabolic Process (GO:0080090),1/43,0.7718791957100388,0.8412615953244243,0,0,0.6811855305920588,0.1763774780856575,EDF1,EC-PTC
GO_Biological_Process_2023,Skeletal System Morphogenesis (GO:0048705),1/43,0.7718791957100388,0.8412615953244243,0,0,0.6811855305920588,0.1763774780856575,RFLNB,EC-PTC
GO_Biological_Process_2023,Ephrin Receptor Signaling Pathway (GO:0048013),1/43,0.7718791957100388,0.8412615953244243,0,0,0.6811855305920588,0.1763774780856575,EPHA4,EC-PTC
GO_Biological_Process_2023,Negative Regulation Of BMP Signaling Pathway (GO:0030514),1/43,0.7718791957100388,0.8412615953244243,0,0,0.6811855305920588,0.1763774780856575,GDF3,EC-PTC
GO_Biological_Process_2023,Neurotransmitter Secretion (GO:0007269),1/43,0.7718791957100388,0.8412615953244243,0,0,0.6811855305920588,0.1763774780856575,SNCA,EC-PTC
GO_Biological_Process_2023,Positive Regulation Of T Cell Mediated Immunity (GO:0002711),1/43,0.7718791957100388,0.8412615953244243,0,0,0.6811855305920588,0.1763774780856575,CD55,EC-PTC
GO_Biological_Process_2023,Positive Regulation Of Biomineral Tissue Development (GO:0070169),1/43,0.7718791957100388,0.8412615953244243,0,0,0.6811855305920588,0.1763774780856575,ISG15,EC-PTC
GO_Biological_Process_2023,Positive Regulation Of Transcription Elongation By RNA Polymerase II (GO:0032968),1/43,0.7718791957100388,0.8412615953244243,0,0,0.6811855305920588,0.1763774780856575,MED31,EC-PTC
GO_Biological_Process_2023,Vascular Transport (GO:0010232),2/83,0.7750007479693388,0.8439863799056633,0,0,0.7060334232201493,0.1799617661498312,SLC5A3;SLC38A2,EC-PTC
GO_Biological_Process_2023,Regulation Of Cell Division (GO:0051302),2/83,0.7750007479693388,0.8439863799056633,0,0,0.7060334232201493,0.1799617661498312,RACK1;CALM2,EC-PTC
GO_Biological_Process_2023,Protein Polyubiquitination (GO:0000209),6/226,0.7784825213778196,0.8462747820488322,0,0,0.7788422339991846,0.1950289021835319,IFI27;UBE2D2;SKP1;ANAPC11;UBE2J1;RBX1,EC-PTC
GO_Biological_Process_2023,Embryonic Organ Morphogenesis (GO:0048562),1/44,0.7795948102673704,0.8462747820488322,0,0,0.6653095024497965,0.1656494041312001,HES1,EC-PTC
GO_Biological_Process_2023,Negative Regulation Of Immune System Process (GO:0002683),1/44,0.7795948102673704,0.8462747820488322,0,0,0.6653095024497965,0.1656494041312001,COL3A1,EC-PTC
GO_Biological_Process_2023,Nucleobase-Containing Compound Catabolic Process (GO:0034655),1/44,0.7795948102673704,0.8462747820488322,0,0,0.6653095024497965,0.1656494041312001,RNASEH2C,EC-PTC
GO_Biological_Process_2023,Positive Regulation Of Nucleocytoplasmic Transport (GO:0046824),1/44,0.7795948102673704,0.8462747820488322,0,0,0.6653095024497965,0.1656494041312001,RAN,EC-PTC
GO_Biological_Process_2023,Regulation Of B Cell Proliferation (GO:0030888),1/44,0.7795948102673704,0.8462747820488322,0,0,0.6653095024497965,0.1656494041312001,CD81,EC-PTC
GO_Biological_Process_2023,Regulation Of DNA Recombination (GO:0000018),1/44,0.7795948102673704,0.8462747820488322,0,0,0.6653095024497965,0.1656494041312001,PPP4C,EC-PTC
GO_Biological_Process_2023,Regulation Of DNA-templated Transcription Elongation (GO:0032784),1/44,0.7795948102673704,0.8462747820488322,0,0,0.6653095024497965,0.1656494041312001,HMGN1,EC-PTC
GO_Biological_Process_2023,Regulation Of Osteoblast Differentiation (GO:0045667),2/85,0.7862100328082383,0.850289320195043,0,0,0.6889489607762401,0.1657137925696981,RANBP3L;ATF4,EC-PTC
GO_Biological_Process_2023,Epidermis Development (GO:0008544),2/85,0.7862100328082383,0.850289320195043,0,0,0.6889489607762401,0.1657137925696981,FABP5;YBX1,EC-PTC
GO_Biological_Process_2023,Establishment Of Protein Localization To Organelle (GO:0072594),2/85,0.7862100328082383,0.850289320195043,0,0,0.6889489607762401,0.1657137925696981,PINK1;RAN,EC-PTC
GO_Biological_Process_2023,Macromolecule Catabolic Process (GO:0009057),2/85,0.7862100328082383,0.850289320195043,0,0,0.6889489607762401,0.1657137925696981,RNASEH2C;SQSTM1,EC-PTC
GO_Biological_Process_2023,Mitotic Spindle Organization (GO:0007052),2/85,0.7862100328082383,0.850289320195043,0,0,0.6889489607762401,0.1657137925696981,VCP;RAN,EC-PTC
GO_Biological_Process_2023,Negative Regulation Of Cell Cycle (GO:0045786),2/85,0.7862100328082383,0.850289320195043,0,0,0.6889489607762401,0.1657137925696981,BTG1;DUSP1,EC-PTC
GO_Biological_Process_2023,Proteolysis (GO:0006508),9/330,0.7868114089009511,0.850289320195043,0,0,0.8000336785383514,0.1918214287436282,SRGN;PSMA6;PSMB5;CTSL;CAPN2;HTRA1;NEDD8;FURIN;CTSD,EC-PTC
GO_Biological_Process_2023,Establishment Of Protein Localization To Extracellular Region (GO:0035592),1/45,0.7870498346724367,0.850289320195043,0,0,0.6501551119503641,0.1556885553398686,RAB13,EC-PTC
GO_Biological_Process_2023,Triglyceride Metabolic Process (GO:0006641),1/45,0.7870498346724367,0.850289320195043,0,0,0.6501551119503641,0.1556885553398686,LPIN2,EC-PTC
GO_Biological_Process_2023,Natural Killer Cell Activation (GO:0030101),1/45,0.7870498346724367,0.850289320195043,0,0,0.6501551119503641,0.1556885553398686,PRDX1,EC-PTC
GO_Biological_Process_2023,Organic Hydroxy Compound Transport (GO:0015850),1/45,0.7870498346724367,0.850289320195043,0,0,0.6501551119503641,0.1556885553398686,SLC5A3,EC-PTC
GO_Biological_Process_2023,Positive Regulation Of Innate Immune Response (GO:0045089),1/45,0.7870498346724367,0.850289320195043,0,0,0.6501551119503641,0.1556885553398686,RPS19,EC-PTC
GO_Biological_Process_2023,Regulation Of Cell Cycle (GO:0051726),8/298,0.7915713224006594,0.8545559043167432,0,0,0.7872615416429716,0.1840108073371246,SDCBP;SFRP1;JUN;RPS15A;ANAPC16;RACK1;PIM3;ANAPC11,EC-PTC
GO_Biological_Process_2023,Exocytosis (GO:0006887),2/86,0.7916283708619021,0.8545559043167432,0,0,0.680711809240784,0.1590573173232746,TMED10;SYTL2,EC-PTC
GO_Biological_Process_2023,Protein Dephosphorylation (GO:0006470),3/124,0.7936453354549341,0.8550104259615791,0,0,0.708530106257379,0.1637544850213463,PPP1CB;DUSP1;DUSP6,EC-PTC
GO_Biological_Process_2023,Regulation Of DNA Metabolic Process (GO:0051052),3/124,0.7936453354549341,0.8550104259615791,0,0,0.708530106257379,0.1637544850213463,ENY2;SUB1;USP22,EC-PTC
GO_Biological_Process_2023,Regulation Of Cytokine Production Involved In Inflammatory Response (GO:1900015),1/46,0.7942530576955317,0.8550104259615791,0,0,0.6356742499175734,0.1464295696883205,HIF1A,EC-PTC
GO_Biological_Process_2023,T Cell Differentiation (GO:0030217),1/46,0.7942530576955317,0.8550104259615791,0,0,0.6356742499175734,0.1464295696883205,SOX4,EC-PTC
GO_Biological_Process_2023,Regulation Of Interleukin-10 Production (GO:0032653),1/46,0.7942530576955317,0.8550104259615791,0,0,0.6356742499175734,0.1464295696883205,ISG15,EC-PTC
GO_Biological_Process_2023,Antiviral Innate Immune Response (GO:0140374),1/46,0.7942530576955317,0.8550104259615791,0,0,0.6356742499175734,0.1464295696883205,EIF2AK2,EC-PTC
GO_Biological_Process_2023,Positive Regulation Of Cell-Cell Adhesion (GO:0022409),1/46,0.7942530576955317,0.8550104259615791,0,0,0.6356742499175734,0.1464295696883205,MDK,EC-PTC
GO_Biological_Process_2023,Nervous System Development (GO:0007399),12/433,0.795730724940224,0.8562617468057244,0,0,0.8127169742371643,0.1857013063471895,MARCKS;COX7B;GSN;RELN;MDK;GSTP1;FEZ2;FN1;HES1;NDUFV2;NPAS2;SOX4,EC-PTC
GO_Biological_Process_2023,Regulation Of Insulin Secretion (GO:0050796),2/87,0.7969251850767695,0.8572074466013885,0,0,0.6726684730355739,0.1526920270654288,SFRP1;SOX4,EC-PTC
GO_Biological_Process_2023,Cognition (GO:0050890),1/47,0.8012129719542536,0.860116376216503,0,0,0.6218229905818604,0.1378136871323356,C12ORF57,EC-PTC
GO_Biological_Process_2023,Response To Organonitrogen Compound (GO:0010243),1/47,0.8012129719542536,0.860116376216503,0,0,0.6218229905818604,0.1378136871323356,VCP,EC-PTC
GO_Biological_Process_2023,Negative Regulation Of Tumor Necrosis Factor Production (GO:0032720),1/47,0.8012129719542536,0.860116376216503,0,0,0.6218229905818604,0.1378136871323356,GSTP1,EC-PTC
GO_Biological_Process_2023,Positive Regulation Of Lymphocyte Activation (GO:0051251),1/47,0.8012129719542536,0.860116376216503,0,0,0.6218229905818604,0.1378136871323356,HLA-DPA1,EC-PTC
GO_Biological_Process_2023,Protein Monoubiquitination (GO:0006513),1/47,0.8012129719542536,0.860116376216503,0,0,0.6218229905818604,0.1378136871323356,RBX1,EC-PTC
GO_Biological_Process_2023,Chromatin Organization (GO:0006325),7/268,0.8037938878154476,0.8625461079837042,0,0,0.7654117053249823,0.1671754083955172,BRD2;NPM1;SFPQ;CBX3;HMGN3;SKP1;HMGN1,EC-PTC
GO_Biological_Process_2023,Regulation Of Tumor Necrosis Factor Production (GO:0032680),3/127,0.8067594199697327,0.8639208746332835,0,0,0.6912802419354839,0.1484384485149711,DDT;GSTP1;HSPB1,EC-PTC
GO_Biological_Process_2023,Regulation Of Vesicle-Mediated Transport (GO:0060627),2/89,0.8071623096884665,0.8639208746332835,0,0,0.6571365134668921,0.1407786862720454,RAB13;AP2S1,EC-PTC
GO_Biological_Process_2023,Sensory Perception Of Mechanical Stimulus (GO:0050954),2/89,0.8071623096884665,0.8639208746332835,0,0,0.6571365134668921,0.1407786862720454,NDUFB9;SOD1,EC-PTC
GO_Biological_Process_2023,Organic Anion Transport (GO:0015711),2/89,0.8071623096884665,0.8639208746332835,0,0,0.6571365134668921,0.1407786862720454,SLCO4A1;SLC25A4,EC-PTC
GO_Biological_Process_2023,Positive Regulation Of DNA Repair (GO:0045739),2/89,0.8071623096884665,0.8639208746332835,0,0,0.6571365134668921,0.1407786862720454,RPS3;NPAS2,EC-PTC
GO_Biological_Process_2023,Chloride Transmembrane Transport (GO:1902476),1/48,0.807937784082673,0.8639208746332835,0,0,0.6085611465370289,0.1297879716278769,SLC12A1,EC-PTC
GO_Biological_Process_2023,Cytoplasmic Microtubule Organization (GO:0031122),1/48,0.807937784082673,0.8639208746332835,0,0,0.6085611465370289,0.1297879716278769,CLIP2,EC-PTC
GO_Biological_Process_2023,Myelination (GO:0042552),1/48,0.807937784082673,0.8639208746332835,0,0,0.6085611465370289,0.1297879716278769,DEGS1,EC-PTC
GO_Biological_Process_2023,Oligosaccharide Metabolic Process (GO:0009311),1/48,0.807937784082673,0.8639208746332835,0,0,0.6085611465370289,0.1297879716278769,ST8SIA6,EC-PTC
GO_Biological_Process_2023,Regulation Of Phosphatidylinositol 3-Kinase Signaling (GO:0014066),2/90,0.8121066579448605,0.8680368685471235,0,0,0.649635282993381,0.1352044307287266,MYDGF;FN1,EC-PTC
GO_Biological_Process_2023,Fatty Acid Beta-Oxidation (GO:0006635),1/49,0.8144354242813096,0.8691578044589534,0,0,0.5958518793273986,0.1223046382235943,MTLN,EC-PTC
GO_Biological_Process_2023,Intrinsic Apoptotic Signaling Pathway In Response To DNA Damage (GO:0008630),1/49,0.8144354242813096,0.8691578044589534,0,0,0.5958518793273986,0.1223046382235943,TMEM109,EC-PTC
GO_Biological_Process_2023,Negative Regulation Of T Cell Activation (GO:0050868),1/49,0.8144354242813096,0.8691578044589534,0,0,0.5958518793273986,0.1223046382235943,LGALS3,EC-PTC
GO_Biological_Process_2023,Negative Regulation Of Tumor Necrosis Factor Superfamily Cytokine Production (GO:1903556),1/49,0.8144354242813096,0.8691578044589534,0,0,0.5958518793273986,0.1223046382235943,GSTP1,EC-PTC
GO_Biological_Process_2023,Lymphocyte Differentiation (GO:0030098),2/91,0.8169375530476114,0.8711434605721682,0,0,0.6423026194968029,0.1298688504334316,SLC25A5;SOX4,EC-PTC
GO_Biological_Process_2023,Positive Regulation Of MAP Kinase Activity (GO:0043406),2/91,0.8169375530476114,0.8711434605721682,0,0,0.6423026194968029,0.1298688504334316,RPS3;CD24,EC-PTC
GO_Biological_Process_2023,Regulation Of Cell Cycle Process (GO:0010564),3/130,0.8191646285405583,0.8724297523397424,0,0,0.6748453318335208,0.1346115357934436,SFRP1;CALM2;RPL17,EC-PTC
GO_Biological_Process_2023,Regulation Of Interferon-Beta Production (GO:0032648),1/50,0.8207135556804277,0.8724297523397424,0,0,0.5836613577181614,0.1153204689991777,ISG15,EC-PTC
GO_Biological_Process_2023,Regulation Of Interleukin-12 Production (GO:0032655),1/50,0.8207135556804277,0.8724297523397424,0,0,0.5836613577181614,0.1153204689991777,MDK,EC-PTC
GO_Biological_Process_2023,Steroid Biosynthetic Process (GO:0006694),1/50,0.8207135556804277,0.8724297523397424,0,0,0.5836613577181614,0.1153204689991777,OSBPL1A,EC-PTC
GO_Biological_Process_2023,Mitotic Metaphase Plate Congression (GO:0007080),1/50,0.8207135556804277,0.8724297523397424,0,0,0.5836613577181614,0.1153204689991777,CHMP2A,EC-PTC
GO_Biological_Process_2023,Nucleocytoplasmic Transport (GO:0006913),1/50,0.8207135556804277,0.8724297523397424,0,0,0.5836613577181614,0.1153204689991777,NPM1,EC-PTC
GO_Biological_Process_2023,Plasma Membrane Bounded Cell Projection Morphogenesis (GO:0120039),1/50,0.8207135556804277,0.8724297523397424,0,0,0.5836613577181614,0.1153204689991777,UBB,EC-PTC
GO_Biological_Process_2023,Positive Regulation Of Developmental Growth (GO:0048639),1/50,0.8207135556804277,0.8724297523397424,0,0,0.5836613577181614,0.1153204689991777,PPIB,EC-PTC
GO_Biological_Process_2023,Sensory Perception Of Sound (GO:0007605),2/92,0.8216570073511718,0.8730909358238585,0,0,0.6351329040779263,0.1247605771414632,NDUFB9;SOD1,EC-PTC
GO_Biological_Process_2023,Positive Regulation Of MAPK Cascade (GO:0043410),8/310,0.8252846990287578,0.8764248335401158,0,0,0.7555030431803965,0.1450768789498792,MYDGF;CD81;DDT;EIF2AK2;LAMTOR1;CD24;PPIA;SOD1,EC-PTC
GO_Biological_Process_2023,Protein O-linked Glycosylation (GO:0006493),2/93,0.8262670266909834,0.8764248335401158,0,0,0.6281207648221021,0.1198688587967035,DPM3;ST8SIA6,EC-PTC
GO_Biological_Process_2023,Regulation Of Synapse Assembly (GO:0051963),1/51,0.8267795833195803,0.8764248335401158,0,0,0.5719584569732937,0.1087963047977475,SNCA,EC-PTC
GO_Biological_Process_2023,Sensory Perception (GO:0007600),1/51,0.8267795833195803,0.8764248335401158,0,0,0.5719584569732937,0.1087963047977475,GNAS,EC-PTC
GO_Biological_Process_2023,Metaphase Plate Congression (GO:0051310),1/51,0.8267795833195803,0.8764248335401158,0,0,0.5719584569732937,0.1087963047977475,CHMP2A,EC-PTC
GO_Biological_Process_2023,"Negative Regulation Of Gene Expression, Epigenetic (GO:0045814)",1/51,0.8267795833195803,0.8764248335401158,0,0,0.5719584569732937,0.1087963047977475,CBX3,EC-PTC
GO_Biological_Process_2023,Epithelial Cell Differentiation (GO:0030855),3/132,0.8270533315034303,0.8764248335401158,0,0,0.6643133997785161,0.1261438794163961,LGALS3;EDF1;KRT10,EC-PTC
GO_Biological_Process_2023,Adenylate Cyclase-Inhibiting G Protein-Coupled Receptor Signaling Pathway (GO:0007193),1/52,0.8326406625634595,0.879600170953853,0,0,0.5607144935125385,0.102696601828701,NPY1R,EC-PTC
GO_Biological_Process_2023,Arachidonic Acid Metabolic Process (GO:0019369),1/52,0.8326406625634595,0.879600170953853,0,0,0.5607144935125385,0.102696601828701,GPX4,EC-PTC
GO_Biological_Process_2023,Regulation Of Protein Localization To Nucleus (GO:1900180),1/52,0.8326406625634595,0.879600170953853,0,0,0.5607144935125385,0.102696601828701,PARK7,EC-PTC
GO_Biological_Process_2023,Cardiac Muscle Tissue Development (GO:0048738),1/52,0.8326406625634595,0.879600170953853,0,0,0.5607144935125385,0.102696601828701,NDUFV2,EC-PTC
GO_Biological_Process_2023,Fatty Acid Oxidation (GO:0019395),1/52,0.8326406625634595,0.879600170953853,0,0,0.5607144935125385,0.102696601828701,MTLN,EC-PTC
GO_Biological_Process_2023,Icosanoid Metabolic Process (GO:0006690),1/52,0.8326406625634595,0.879600170953853,0,0,0.5607144935125385,0.102696601828701,GPX4,EC-PTC
GO_Biological_Process_2023,Neurotransmitter Transport (GO:0006836),1/52,0.8326406625634595,0.879600170953853,0,0,0.5607144935125385,0.102696601828701,SLC38A2,EC-PTC
GO_Biological_Process_2023,Positive Regulation Of B Cell Activation (GO:0050871),1/52,0.8326406625634595,0.879600170953853,0,0,0.5607144935125385,0.102696601828701,CD81,EC-PTC
GO_Biological_Process_2023,Cell Junction Assembly (GO:0034329),2/95,0.8351667412095347,0.8815829262048567,0,0,0.6145488823914745,0.1106949316013791,FN1;TLN1,EC-PTC
GO_Biological_Process_2023,Recombinational Repair (GO:0000725),2/95,0.8351667412095347,0.8815829262048567,0,0,0.6145488823914745,0.1106949316013791,SFPQ;PPP4C,EC-PTC
GO_Biological_Process_2023,Regulation Of ERK1 And ERK2 Cascade (GO:0070372),6/244,0.8356245140109967,0.881723457674385,0,0,0.719259901269925,0.1291617532487953,EPHA4;DDT;GSTP1;FN1;ITGB1BP1;DUSP6,EC-PTC
GO_Biological_Process_2023,Generation Of Neurons (GO:0048699),4/172,0.8364057871394714,0.882205094318759,0,0,0.6797601305798027,0.1214332961884392,RELN;IRX3;IER2;RTN4,EC-PTC
GO_Biological_Process_2023,Regulation Of Macromolecule Biosynthetic Process (GO:0010556),1/53,0.8383037080580404,0.88317799499055,0,0,0.5499029901848893,0.0969890431336818,RPL10,EC-PTC
GO_Biological_Process_2023,Regulation Of Receptor Signaling Pathway Via JAK-STAT (GO:0046425),1/53,0.8383037080580404,0.88317799499055,0,0,0.5499029901848893,0.0969890431336818,HES1,EC-PTC
GO_Biological_Process_2023,Spermatid Development (GO:0007286),1/53,0.8383037080580404,0.88317799499055,0,0,0.5499029901848893,0.0969890431336818,JAM2,EC-PTC
GO_Biological_Process_2023,Regulation Of Nucleic Acid-Templated Transcription (GO:1903506),12/452,0.8390592541535993,0.8836312269411306,0,0,0.7768408062525709,0.1363153250061107,HINT1;SFPQ;BTG1;EDF1;AHR;YBX1;HIF1A;PFDN5;RPL6;SOX4;ATF4;MLF2,EC-PTC
GO_Biological_Process_2023,Neuron Differentiation (GO:0030182),4/173,0.8396733136057413,0.8839351626950361,0,0,0.675702607606769,0.118073878558341,IRX3;IER2;SOX4;RTN4,EC-PTC
GO_Biological_Process_2023,Regulation Of Lipid Metabolic Process (GO:0019216),1/54,0.843775401381035,0.8861925715974056,0,0,0.5394994681148871,0.0916441984136467,EDF1,EC-PTC
GO_Biological_Process_2023,Regulation Of Smooth Muscle Cell Proliferation (GO:0048660),1/54,0.843775401381035,0.8861925715974056,0,0,0.5394994681148871,0.0916441984136467,STAT1,EC-PTC
GO_Biological_Process_2023,Epidermal Cell Differentiation (GO:0009913),1/54,0.843775401381035,0.8861925715974056,0,0,0.5394994681148871,0.0916441984136467,KRT10,EC-PTC
GO_Biological_Process_2023,Monoatomic Anion Transmembrane Transport (GO:0098656),1/54,0.843775401381035,0.8861925715974056,0,0,0.5394994681148871,0.0916441984136467,SLC12A1,EC-PTC
GO_Biological_Process_2023,Negative Regulation Of Neuron Projection Development (GO:0010977),1/54,0.843775401381035,0.8861925715974056,0,0,0.5394994681148871,0.0916441984136467,EPHA4,EC-PTC
GO_Biological_Process_2023,Positive Regulation Of Leukocyte Chemotaxis (GO:0002690),1/54,0.843775401381035,0.8861925715974056,0,0,0.5394994681148871,0.0916441984136467,MDK,EC-PTC
GO_Biological_Process_2023,Neuron Migration (GO:0001764),1/55,0.8490621988717261,0.8901153313195118,0,0,0.5294812616771074,0.0866352245967603,RELN,EC-PTC
GO_Biological_Process_2023,Phosphatidylcholine Metabolic Process (GO:0046470),1/55,0.8490621988717261,0.8901153313195118,0,0,0.5294812616771074,0.0866352245967603,TSPO,EC-PTC
GO_Biological_Process_2023,Positive Regulation Of Tyrosine Phosphorylation Of STAT Protein (GO:0042531),1/55,0.8490621988717261,0.8901153313195118,0,0,0.5294812616771074,0.0866352245967603,HES1,EC-PTC
GO_Biological_Process_2023,Purine Ribonucleotide Biosynthetic Process (GO:0009152),1/55,0.8490621988717261,0.8901153313195118,0,0,0.5294812616771074,0.0866352245967603,ATP5PO,EC-PTC
GO_Biological_Process_2023,Extracellular Matrix Organization (GO:0030198),4/176,0.8491490513434665,0.8901153313195118,0,0,0.6638131216857865,0.1085470847742434,COL3A1;GSN;SERPINH1;FURIN,EC-PTC
GO_Biological_Process_2023,Axon Development (GO:0061564),2/99,0.8517400918574445,0.8924869172395137,0,0,0.5890841132948331,0.0945325986959454,S100A6;RTN4,EC-PTC
GO_Biological_Process_2023,Regulation Of Stem Cell Population Maintenance (GO:2000036),1/56,0.8541703394663019,0.893998705969355,0,0,0.5198273536552468,0.0819376017432267,ZNF706,EC-PTC
GO_Biological_Process_2023,Nucleotide-Excision Repair (GO:0006289),1/56,0.8541703394663019,0.893998705969355,0,0,0.5198273536552468,0.0819376017432267,GTF2H5,EC-PTC
GO_Biological_Process_2023,post-Golgi Vesicle-Mediated Transport (GO:0006892),1/56,0.8541703394663019,0.893998705969355,0,0,0.5198273536552468,0.0819376017432267,VPS35L,EC-PTC
GO_Biological_Process_2023,Protein Complex Oligomerization (GO:0051259),2/100,0.8556393360244123,0.895191231372228,0,0,0.5830427267489462,0.0909000506222906,CHMP2A;SNCA,EC-PTC
GO_Biological_Process_2023,DNA Metabolic Process (GO:0006259),7/288,0.8575308332489889,0.8968246989234709,0,0,0.7101881645960747,0.1091546023963117,NPM1;VCP;SET;SUMO1;RPS3;PARK7;RAN,EC-PTC
GO_Biological_Process_2023,Endosome To Lysosome Transport (GO:0008333),1/57,0.8591058518313748,0.8970901551610972,0,0,0.5105182280627385,0.0775289000063887,VCP,EC-PTC
GO_Biological_Process_2023,Striated Muscle Contraction (GO:0006941),1/57,0.8591058518313748,0.8970901551610972,0,0,0.5105182280627385,0.0775289000063887,ATP1B1,EC-PTC
GO_Biological_Process_2023,Post-Transcriptional Regulation Of Gene Expression (GO:0010608),1/57,0.8591058518313748,0.8970901551610972,0,0,0.5105182280627385,0.0775289000063887,RPL10,EC-PTC
GO_Biological_Process_2023,Regulation Of Calcium Ion Transport (GO:0051924),1/57,0.8591058518313748,0.8970901551610972,0,0,0.5105182280627385,0.0775289000063887,SRI,EC-PTC
GO_Biological_Process_2023,Renal System Development (GO:0072001),1/58,0.8638745615540117,0.8996485081214325,0,0,0.5015357384559321,0.0733885731347469,STAT1,EC-PTC
GO_Biological_Process_2023,Response To Organic Cyclic Compound (GO:0014070),1/58,0.8638745615540117,0.8996485081214325,0,0,0.5015357384559321,0.0733885731347469,SFRP1,EC-PTC
GO_Biological_Process_2023,Eye Development (GO:0001654),1/58,0.8638745615540117,0.8996485081214325,0,0,0.5015357384559321,0.0733885731347469,GDF3,EC-PTC
GO_Biological_Process_2023,Inorganic Anion Transport (GO:0015698),1/58,0.8638745615540117,0.8996485081214325,0,0,0.5015357384559321,0.0733885731347469,CLIC1,EC-PTC
GO_Biological_Process_2023,mRNA Transport (GO:0051028),1/58,0.8638745615540117,0.8996485081214325,0,0,0.5015357384559321,0.0733885731347469,RBM8A,EC-PTC
GO_Biological_Process_2023,Memory (GO:0007613),1/58,0.8638745615540117,0.8996485081214325,0,0,0.5015357384559321,0.0733885731347469,PRNP,EC-PTC
GO_Biological_Process_2023,Peptidyl-Threonine Phosphorylation (GO:0018107),1/58,0.8638745615540117,0.8996485081214325,0,0,0.5015357384559321,0.0733885731347469,CSNK2B,EC-PTC
GO_Biological_Process_2023,DNA Repair (GO:0006281),7/291,0.8644559048175376,0.8999088683343933,0,0,0.7025754828371427,0.1023336191185511,RNASEH2C;NPM1;VCP;SUMO1;RPS3;PARK7;GTF2H5,EC-PTC
GO_Biological_Process_2023,Positive Regulation Of Transferase Activity (GO:0051347),3/143,0.8653535399102291,0.9004981664353189,0,0,0.6117665816326531,0.0884719327060257,PINK1;TSPO;RPS2,EC-PTC
GO_Biological_Process_2023,Anterior/Posterior Pattern Specification (GO:0009952),1/59,0.8684820978218958,0.9023708407361396,0,0,0.4928629898700501,0.0694977754241862,HES1,EC-PTC
GO_Biological_Process_2023,Cellular Response To Chemokine (GO:1990869),1/59,0.8684820978218958,0.9023708407361396,0,0,0.4928629898700501,0.0694977754241862,DUSP1,EC-PTC
GO_Biological_Process_2023,Microtubule Cytoskeleton Organization Involved In Mitosis (GO:1902850),1/59,0.8684820978218958,0.9023708407361396,0,0,0.4928629898700501,0.0694977754241862,RAN,EC-PTC
GO_Biological_Process_2023,Phospholipid Transport (GO:0015914),1/59,0.8684820978218958,0.9023708407361396,0,0,0.4928629898700501,0.0694977754241862,PRELID1,EC-PTC
GO_Biological_Process_2023,Response To Retinoic Acid (GO:0032526),1/60,0.872933900220553,0.9063029331036015,0,0,0.4844842327616557,0.0658391987974534,NDUFA13,EC-PTC
GO_Biological_Process_2023,Homophilic Cell Adhesion Via Plasma Membrane Adhesion Molecules (GO:0007156),1/60,0.872933900220553,0.9063029331036015,0,0,0.4844842327616557,0.0658391987974534,ESAM,EC-PTC
GO_Biological_Process_2023,Positive Regulation Of Stress-Activated MAPK Cascade (GO:0032874),2/105,0.8737656164151443,0.9068197990766266,0,0,0.5545954211687993,0.0748388324380891,SDCBP;EIF2AK2,EC-PTC
GO_Biological_Process_2023,Positive Regulation Of Cell Growth (GO:0030307),2/106,0.8771297524531786,0.9093781950019116,0,0,0.5492341981940794,0.0720047940816564,SDCBP;SFRP1,EC-PTC
GO_Biological_Process_2023,BMP Signaling Pathway (GO:0030509),1/61,0.8772352249282063,0.9093781950019116,0,0,0.4763847675568743,0.0623969278981468,GDF3,EC-PTC
GO_Biological_Process_2023,Positive Regulation Of Organelle Assembly (GO:1902117),1/61,0.8772352249282063,0.9093781950019116,0,0,0.4763847675568743,0.0623969278981468,SDCBP,EC-PTC
GO_Biological_Process_2023,Regulation Of Embryonic Development (GO:0045995),1/62,0.8813911510617403,0.9126413901195908,0,0,0.4685508585883154,0.0591563105830773,CFL1,EC-PTC
GO_Biological_Process_2023,Cell Junction Organization (GO:0034330),1/62,0.8813911510617403,0.9126413901195908,0,0,0.4685508585883154,0.0591563105830773,SNCA,EC-PTC
GO_Biological_Process_2023,Glycerophospholipid Metabolic Process (GO:0006650),1/62,0.8813911510617403,0.9126413901195908,0,0,0.4685508585883154,0.0591563105830773,PRDX6,EC-PTC
GO_Biological_Process_2023,Response To Tumor Necrosis Factor (GO:0034612),2/108,0.8836112211542757,0.9145914926276728,0,0,0.5388152176960386,0.0666719756839425,SFRP1;RPS3,EC-PTC
GO_Biological_Process_2023,Inorganic Anion Transmembrane Transport (GO:0098661),1/63,0.8854065864526041,0.9157518236120612,0,0,0.4609696563606777,0.0561038423335499,SLC12A1,EC-PTC
GO_Biological_Process_2023,Regulation Of Cellular Catabolic Process (GO:0031329),1/63,0.8854065864526041,0.9157518236120612,0,0,0.4609696563606777,0.0561038423335499,HSPB1,EC-PTC
GO_Biological_Process_2023,Extracellular Structure Organization (GO:0043062),2/109,0.8867320301985033,0.9167735797560468,0,0,0.5337517879212899,0.0641636102900716,COL3A1;FURIN,EC-PTC
GO_Biological_Process_2023,Cellular Response To Virus (GO:0098586),1/64,0.8892862734919681,0.9188704765918224,0,0,0.4536291272196316,0.053227062599367,HIF1A,EC-PTC
GO_Biological_Process_2023,External Encapsulating Structure Organization (GO:0045229),2/110,0.8897751669501078,0.9188704765918224,0,0,0.5287821253645919,0.0617545975954242,COL3A1;FURIN,EC-PTC
GO_Biological_Process_2023,Regulation Of JNK Cascade (GO:0046328),2/110,0.8897751669501078,0.9188704765918224,0,0,0.5287821253645919,0.0617545975954242,SDCBP;PINK1,EC-PTC
GO_Biological_Process_2023,Double-Strand Break Repair Via Homologous Recombination (GO:0000724),2/111,0.892742309517843,0.9201375202112526,0,0,0.5239036492768243,0.0594406971316829,SFPQ;PPP4C,EC-PTC
GO_Biological_Process_2023,Mitotic Cell Cycle Phase Transition (GO:0044772),2/111,0.892742309517843,0.9201375202112526,0,0,0.5239036492768243,0.0594406971316829,CCNI;CHMP2A,EC-PTC
GO_Biological_Process_2023,Mitotic Sister Chromatid Segregation (GO:0000070),2/111,0.892742309517843,0.9201375202112526,0,0,0.5239036492768243,0.0594406971316829,CHMP2A;RAN,EC-PTC
GO_Biological_Process_2023,Canonical Wnt Signaling Pathway (GO:0060070),1/65,0.893034795020936,0.9201375202112526,0,0,0.4465179896142433,0.0505144616929167,SFRP1,EC-PTC
GO_Biological_Process_2023,Regulation Of Tyrosine Phosphorylation Of STAT Protein (GO:0042509),1/65,0.893034795020936,0.9201375202112526,0,0,0.4465179896142433,0.0505144616929167,HES1,EC-PTC
GO_Biological_Process_2023,Positive Regulation Of DNA Biosynthetic Process (GO:2000573),1/65,0.893034795020936,0.9201375202112526,0,0,0.4465179896142433,0.0505144616929167,RGCC,EC-PTC
GO_Biological_Process_2023,Protein Deubiquitination (GO:0016579),2/112,0.8956351114945811,0.9224668042545628,0,0,0.5191138727542888,0.0572178682196569,ENY2;USP22,EC-PTC
GO_Biological_Process_2023,Peptidyl-Threonine Modification (GO:0018210),1/66,0.8966565788130857,0.9231687900137758,0,0,0.4396256562428669,0.0479553977302137,CSNK2B,EC-PTC
GO_Biological_Process_2023,Positive Regulation Of GTPase Activity (GO:0043547),5/234,0.8996885802959707,0.9259394407290096,0,0,0.6223033305090269,0.0657815676378275,SFRP1;TBC1D4;RACK1;S100A10;RASGRP3,EC-PTC
GO_Biological_Process_2023,B Cell Differentiation (GO:0030183),1/68,0.9035369050896368,0.9288441461860156,0,0,0.426458213384118,0.0432592059857091,SLC25A5,EC-PTC
GO_Biological_Process_2023,Cell-Cell Junction Organization (GO:0045216),1/68,0.9035369050896368,0.9288441461860156,0,0,0.426458213384118,0.0432592059857091,TLN1,EC-PTC
GO_Biological_Process_2023,Neuropeptide Signaling Pathway (GO:0007218),1/68,0.9035369050896368,0.9288441461860156,0,0,0.426458213384118,0.0432592059857091,SSTR2,EC-PTC
GO_Biological_Process_2023,DNA Damage Response (GO:0006974),9/384,0.9044966400970084,0.9294789536524688,0,0,0.6828828828828829,0.0685455226260596,NPM1;VCP;SUMO1;CBX3;RPS3;PARK7;ALKBH7;NPAS2;RBX1,EC-PTC
GO_Biological_Process_2023,Phospholipid Metabolic Process (GO:0006644),1/69,0.9068035772065532,0.9314971693241296,0,0,0.4201649502530982,0.0411044914919176,GPX4,EC-PTC
GO_Biological_Process_2023,Anterograde Trans-Synaptic Signaling (GO:0098916),4/199,0.9071566349590668,0.9315075313984216,0,0,0.5848140930108143,0.0569843718469229,SDCBP;SYPL1;GABARAP;SNCA,EC-PTC
GO_Biological_Process_2023,Response To Lipopolysaccharide (GO:0032496),3/159,0.9077184010858982,0.93173211540034,0,0,0.5485634157509157,0.053112502056526,GSTP1;VIM;SNCA,EC-PTC
GO_Biological_Process_2023,Sensory Organ Development (GO:0007423),1/70,0.9099597808348784,0.9329749961296826,0,0,0.4140541005461661,0.0390680238661355,GDF3,EC-PTC
GO_Biological_Process_2023,Sulfur Compound Biosynthetic Process (GO:0044272),1/70,0.9099597808348784,0.9329749961296826,0,0,0.4140541005461661,0.0390680238661355,GSTP1,EC-PTC
GO_Biological_Process_2023,Regulation Of G Protein-Coupled Receptor Signaling Pathway (GO:0008277),1/70,0.9099597808348784,0.9329749961296826,0,0,0.4140541005461661,0.0390680238661355,DYNLT1,EC-PTC
GO_Biological_Process_2023,Regulation Of Double-Strand Break Repair Via Homologous Recombination (GO:0010569),1/71,0.9130092464338168,0.9350426520792784,0,0,0.4081178465451462,0.0371425076592808,PPP4C,EC-PTC
GO_Biological_Process_2023,Kidney Development (GO:0001822),1/71,0.9130092464338168,0.9350426520792784,0,0,0.4081178465451462,0.0371425076592808,SOX4,EC-PTC
GO_Biological_Process_2023,Lipid Biosynthetic Process (GO:0008610),1/71,0.9130092464338168,0.9350426520792784,0,0,0.4081178465451462,0.0371425076592808,NDUFAB1,EC-PTC
GO_Biological_Process_2023,Second-Messenger-Mediated Signaling (GO:0019932),1/72,0.9159555784265124,0.9377065024524718,0,0,0.4023488109666903,0.0353211602934749,DDAH2,EC-PTC
GO_Biological_Process_2023,Import Into Nucleus (GO:0051170),1/74,0.9215526561563,0.9430810151169972,0,0,0.3912849071175968,0.031966162021862,RAN,EC-PTC
GO_Biological_Process_2023,Regulation Of Cell Motility (GO:2000145),2/123,0.9229971921710992,0.9440219680286572,0,0,0.4716515417582552,0.0377930072119598,TMSB4X;ARHGAP18,EC-PTC
GO_Biological_Process_2023,Regulation Of Plasma Membrane Bounded Cell Projection Assembly (GO:0120032),1/75,0.9242100195096464,0.9440219680286572,0,0,0.3859772235143155,0.0304211574297901,RDX,EC-PTC
GO_Biological_Process_2023,Positive Regulation Of Neurogenesis (GO:0050769),1/75,0.9242100195096464,0.9440219680286572,0,0,0.3859772235143155,0.0304211574297901,VCAN,EC-PTC
GO_Biological_Process_2023,Regulation Of BMP Signaling Pathway (GO:0030510),1/75,0.9242100195096464,0.9440219680286572,0,0,0.3859772235143155,0.0304211574297901,GDF3,EC-PTC
GO_Biological_Process_2023,Regulation Of DNA Replication (GO:0006275),1/75,0.9242100195096464,0.9440219680286572,0,0,0.3859772235143155,0.0304211574297901,S100A11,EC-PTC
GO_Biological_Process_2023,Cellular Response To Lipopolysaccharide (GO:0071222),2/124,0.9251177057571136,0.9445938679835794,0,0,0.4677611867585803,0.0364078645844054,GSTP1;VIM,EC-PTC
GO_Biological_Process_2023,Double-Strand Break Repair (GO:0006302),3/168,0.9258561617505752,0.944992610039294,0,0,0.5183982683982684,0.0399355308085363,VCP;SFPQ;PPP4C,EC-PTC
GO_Biological_Process_2023,Actomyosin Structure Organization (GO:0031032),1/77,0.9292581104993314,0.9470412863475364,0,0,0.3757808839606434,0.0275705706626358,FAM171A1,EC-PTC
GO_Biological_Process_2023,Cell Morphogenesis Involved In Neuron Differentiation (GO:0048667),1/77,0.9292581104993314,0.9470412863475364,0,0,0.3757808839606434,0.0275705706626358,S100A6,EC-PTC
GO_Biological_Process_2023,Regulation Of Transcription Elongation By RNA Polymerase II (GO:0034243),1/77,0.9292581104993314,0.9470412863475364,0,0,0.3757808839606434,0.0275705706626358,MED31,EC-PTC
GO_Biological_Process_2023,Positive Regulation Of JNK Cascade (GO:0046330),1/77,0.9292581104993314,0.9470412863475364,0,0,0.3757808839606434,0.0275705706626358,SDCBP,EC-PTC
GO_Biological_Process_2023,Cytosolic Transport (GO:0016482),2/127,0.9311535534582024,0.9484162143090664,0,0,0.4564635958395245,0.0325600419146483,ARL1;SNF8,EC-PTC
GO_Biological_Process_2023,Regulation Of Innate Immune Response (GO:0045088),1/78,0.931654808459716,0.9484162143090664,0,0,0.3708813441751127,0.0262557696530866,CDC37,EC-PTC
GO_Biological_Process_2023,Organonitrogen Compound Catabolic Process (GO:1901565),1/78,0.931654808459716,0.9484162143090664,0,0,0.3708813441751127,0.0262557696530866,SQSTM1,EC-PTC
GO_Biological_Process_2023,Regulation Of Cytokinesis (GO:0032465),1/80,0.9362076876199222,0.9523371084553216,0,0,0.3614543815497877,0.0238263277424702,CALM2,EC-PTC
GO_Biological_Process_2023,Positive Regulation Of Immune Response (GO:0050778),1/80,0.9362076876199222,0.9523371084553216,0,0,0.3614543815497877,0.0238263277424702,CD81,EC-PTC
GO_Biological_Process_2023,Cytokine-Mediated Signaling Pathway (GO:0019221),5/257,0.9373470423291724,0.9528726209258334,0,0,0.5648246860933428,0.0365451113472565,RRAGA;PLVAP;STAT1;TMSB4X;CSNK2B,EC-PTC
GO_Biological_Process_2023,Spindle Assembly (GO:0051225),1/81,0.9383692550243616,0.9528726209258334,0,0,0.3569176557863501,0.0227041550370879,RPS3,EC-PTC
GO_Biological_Process_2023,Histone Modification (GO:0016570),1/81,0.9383692550243616,0.9528726209258334,0,0,0.3569176557863501,0.0227041550370879,ENY2,EC-PTC
GO_Biological_Process_2023,Negative Regulation Of NF-kappaB Transcription Factor Activity (GO:0032088),1/81,0.9383692550243616,0.9528726209258334,0,0,0.3569176557863501,0.0227041550370879,TMSB4X,EC-PTC
GO_Biological_Process_2023,Synapse Organization (GO:0050808),2/131,0.9384883140561872,0.9528726209258334,0,0,0.4422175380397848,0.0280741250182427,CHCHD10;SNCA,EC-PTC
GO_Biological_Process_2023,Plasma Membrane Bounded Cell Projection Organization (GO:0120036),2/132,0.9402026899584588,0.9542565418262984,0,0,0.4387930049148474,0.027055888637916,RAB13;CORO1B,EC-PTC
GO_Biological_Process_2023,Regulation Of Transcription By RNA Polymerase II (GO:0006357),57/2028,0.9423140268391772,0.9554920815574056,0,0,0.812080999738933,0.0482511716214005,ARF4;CD81;AKR1B1;ENO1;PARK7;AHR;YBX1;RPS14;MYDGF;CHCHD2;SOX18;ELOC;IER2;SOX4;KLF10;BRD2;ANXA2;TCF15;HSBP1;LMO2;NME2;TLE5;SFPQ;IFI27;SUB1;ITGB1BP1;SQSTM1;PTMA;ATF4;ENY2;GTF2A2;RPL10;HIF1A;NPAS2;SDCBP;MED31;SAP18;HES1;RPL17;S100A10;RTRAF;SNCA;JUN;NPM1;STAT1;CBX3;IRX3;USP22;SNF8;DRAP1;RGCC;ID1;ID3;CDK2AP1;MAGED2;LPIN2;HSPA1A,EC-PTC
GO_Biological_Process_2023,Epigenetic Regulation Of Gene Expression (GO:0040029),1/83,0.9424754368528312,0.9554920815574056,0,0,0.348176159803141,0.0206278434114014,TRMT112,EC-PTC
GO_Biological_Process_2023,Phospholipase C-activating G Protein-Coupled Receptor Signaling Pathway (GO:0007200),1/83,0.9424754368528312,0.9554920815574056,0,0,0.348176159803141,0.0206278434114014,LPAR6,EC-PTC
GO_Biological_Process_2023,Regulation Of Kinase Activity (GO:0043549),1/85,0.9463084094997564,0.9590200150004994,0,0,0.3398509255334181,0.0187552676538043,SOD1,EC-PTC
GO_Biological_Process_2023,Phosphate-Containing Compound Metabolic Process (GO:0006796),3/184,0.9502464272134729,0.9626517330517688,0,0,0.4721783741120757,0.0240971185444566,GPX4;NUDT14;PAK2,EC-PTC
GO_Biological_Process_2023,Regulation Of Double-Strand Break Repair (GO:2000779),1/88,0.9515849793720637,0.9633435273449392,0,0,0.3280807667382925,0.016281429725239,PPP4C,EC-PTC
GO_Biological_Process_2023,Chromatin Remodeling (GO:0006338),4/228,0.9516386906724862,0.9633435273449392,0,0,0.5083297849691293,0.0251978275486348,NPM1;SFPQ;CBX3;SKP1,EC-PTC
GO_Biological_Process_2023,B Cell Activation (GO:0042113),1/92,0.9578237217215366,0.9688823941138524,0,0,0.3135944174519842,0.0135132615215285,SLC25A5,EC-PTC
GO_Biological_Process_2023,Steroid Metabolic Process (GO:0008202),1/92,0.9578237217215366,0.9688823941138524,0,0,0.3135944174519842,0.0135132615215285,TSPO,EC-PTC
GO_Biological_Process_2023,Neuron Projection Development (GO:0031175),3/192,0.9594181832943072,0.9701339485582048,0,0,0.4520030234315949,0.0187256885225988,EPHA4;UBB;RAB13,EC-PTC
GO_Biological_Process_2023,Negative Regulation Of Response To External Stimulus (GO:0032102),2/146,0.9599075688783156,0.9702675686912932,0,0,0.3958436519729238,0.0161972420107584,EPHA4;AHR,EC-PTC
GO_Biological_Process_2023,T Cell Receptor Signaling Pathway (GO:0050852),1/95,0.9619699728043228,0.9719904933543678,0,0,0.3035387335059031,0.0117688165558968,HLA-DPA1,EC-PTC
GO_Biological_Process_2023,Phosphatidylinositol Biosynthetic Process (GO:0006661),1/98,0.9657091352740352,0.9754057312771588,0,0,0.2941050506286518,0.0102620876281268,DPM3,EC-PTC
GO_Biological_Process_2023,Visual Perception (GO:0007601),1/101,0.9690811243469558,0.9784477077049564,0,0,0.2852373887240356,0.0089584366737282,KIFC3,EC-PTC
GO_Biological_Process_2023,Activation Of GTPase Activity (GO:0090630),1/102,0.97012985505447,0.9787788582198886,0,0,0.2823985662661221,0.0085638340213907,TBC1D4,EC-PTC
GO_Biological_Process_2023,Sensory Perception Of Light Stimulus (GO:0050953),1/102,0.97012985505447,0.9787788582198886,0,0,0.2823985662661221,0.0085638340213907,KIFC3,EC-PTC
GO_Biological_Process_2023,Peptidyl-Serine Phosphorylation (GO:0018105),2/158,0.9716934902192524,0.979992394888782,0,0,0.3651655427286928,0.0104856787261118,PINK1;PAK2,EC-PTC
GO_Biological_Process_2023,Positive Regulation Of Kinase Activity (GO:0033674),1/104,0.9721219468266714,0.980060581878708,0,0,0.2768862896488145,0.0078286892368796,RELN,EC-PTC
GO_Biological_Process_2023,Regulation Of DNA-templated Transcription (GO:0006355),51/1922,0.9749179415874822,0.9825147047686832,0,0,0.7624419273938248,0.0193675300165695,NDUFA13;BTG1;AKR1B1;ENO1;AHR;YBX1;RPL6;HINT1;SUMO1;YWHAQ;SOX18;ELOC;SOX4;KLF10;BRD2;TCF15;NME2;EDF1;ILF2;DKK3;TLE5;MLF2;SFRP1;SFPQ;SUB1;CRYAB;PFDN5;ATF4;ENY2;SET;HIF1A;NPAS2;ZNF706;CCDC85B;MED31;SAP18;HES1;POLR2K;POLR2L;JUN;NPM1;STAT1;CBX3;IRX3;USP22;SNF8;HNRNPAB;TCIM;ID1;ID3;CDK2AP1,EC-PTC
GO_Biological_Process_2023,Response To Lipid (GO:0033993),1/110,0.9773368326234054,0.9841334351478774,0,0,0.2615631720796014,0.0059960543311135,SNCA,EC-PTC
GO_Biological_Process_2023,Sensory Perception Of Chemical Stimulus (GO:0007606),1/110,0.9773368326234054,0.9841334351478774,0,0,0.2615631720796014,0.0059960543311135,GNAS,EC-PTC
GO_Biological_Process_2023,Peptidyl-Serine Modification (GO:0018209),2/166,0.9776111958869564,0.9841334351478774,0,0,0.3472076251223136,0.0078619049636929,PINK1;PAK2,EC-PTC
GO_Biological_Process_2023,Negative Regulation Of Defense Response (GO:0031348),1/112,0.978848833584316,0.985014239353465,0,0,0.2568235891678028,0.0054903894254352,AHR,EC-PTC
GO_Biological_Process_2023,Cell-Cell Adhesion Via Plasma-Membrane Adhesion Molecules (GO:0098742),2/172,0.9812446920716428,0.9870594754320674,0,0,0.3348483524167467,0.0063398242427803,CLDN15;ESAM,EC-PTC
GO_Biological_Process_2023,Positive Regulation Of Cell Cycle Process (GO:0090068),1/118,0.98280672111651,0.9882647369686934,0,0,0.2435770625681605,0.0042243081870783,RGCC,EC-PTC
GO_Biological_Process_2023,Chemical Synaptic Transmission (GO:0007268),4/273,0.983623810707009,0.9887203071355428,0,0,0.4222959683987169,0.0069728501941955,SDCBP;SYPL1;GABARAP;SNCA,EC-PTC
GO_Biological_Process_2023,Potassium Ion Transport (GO:0006813),1/122,0.9850251937622992,0.989762643824789,0,0,0.2354758810113544,0.003552874389262,ATP1B3,EC-PTC
GO_Biological_Process_2023,Modulation Of Chemical Synaptic Transmission (GO:0050804),1/123,0.985533610743666,0.98990728061383,0,0,0.2335335895315464,0.0034030626064047,RELN,EC-PTC
GO_Biological_Process_2023,Protein Homooligomerization (GO:0051260),1/129,0.9882418276517384,0.9922605559712094,0,0,0.2225171550445104,0.0026318987211287,CHMP2A,EC-PTC
GO_Biological_Process_2023,Cilium Assembly (GO:0060271),3/243,0.9895234439378674,0.9931802194143562,0,0,0.3550037202380952,0.0037388358165246,ARF4;GSN;DYNLL1,EC-PTC
GO_Biological_Process_2023,Antigen Receptor-Mediated Signaling Pathway (GO:0050851),1/134,0.9901075219095882,0.9933993459573112,0,0,0.2140960710381294,0.0021284861376312,HLA-DPA1,EC-PTC
GO_Biological_Process_2023,Phosphorylation (GO:0016310),7/429,0.9908881248920732,0.9938154162506908,0,0,0.4693965150268184,0.0042966877263793,BRD2;EPHA4;PINK1;CSNK2B;EIF2AK2;PIM3;PAK2,EC-PTC
GO_Biological_Process_2023,Dephosphorylation (GO:0016311),1/147,0.993688333327964,0.9962560034399228,0,0,0.1949006137961871,0.0012340462625097,PPP1CB,EC-PTC
GO_Biological_Process_2023,Neuron Development (GO:0048666),1/150,0.9943102458125124,0.99651167071099,0,0,0.1909465676219305,0.0010895415923627,RAB13,EC-PTC
GO_Biological_Process_2023,Protein Phosphorylation (GO:0006468),8/500,0.995121490444814,0.9969568307075306,0,0,0.4591119074609037,0.0022452630600677,BRD2;EPHA4;PINK1;RELN;CSNK2B;EIF2AK2;PIM3;PAK2,EC-PTC
GO_Biological_Process_2023,Plasma Membrane Bounded Cell Projection Assembly (GO:0120031),3/275,0.9956920699307406,0.9971606423052696,0,0,0.3127133665966387,0.0013500573838232,ARF4;SDCBP;GSN,EC-PTC
GO_Biological_Process_2023,Cilium Organization (GO:0044782),2/228,0.996548170331186,0.997393787646482,0,0,0.2511407119094268,0.0008683945992811853,ARF4;GSN,EC-PTC
GO_Biological_Process_2023,Transmembrane Receptor Protein Tyrosine Kinase Signaling Pathway (GO:0007169),3/284,0.9966593297763444,0.997393787646482,0,0,0.30255465175394,0.0010124273522374,EPHA4;ANGPT2;PAK2,EC-PTC
GO_Biological_Process_2023,Positive Regulation Of ERK1 And ERK2 Cascade (GO:0070374),1/179,0.9979134814466682,0.9982810370567774,0,0,0.1595955723002033,0.0003333470110591207,DDT,EC-PTC
GO_Biological_Process_2023,Inflammatory Response (GO:0006954),1/236,0.999708625274137,0.999708625274137,0,0,0.1205252856872277,3.512313932275741e-05,PRDX5,EC-PTC
KEGG_2021_Human,Ribosome,82/158,3.0487959579557857e-78,7.53052601615079e-76,0,0,35.02303186296263,6251.152053408757,RPL4;RPL5;RPL30;RPL3;RPL32;RPL34;RPLP1;RPLP0;RPL10A;RPL8;MRPL34;RPL9;RPL6;MRPL33;RPS15;RPS4X;RPS14;RPL7A;RPS16;RPL18A;RPS19;RPL36AL;RPS18;RPL36;RPL35;RPL38;RPL37;RPS11;RPL39;RPS10;RPS13;RPS12;RPS9;RPL21;RPS7;RPS8;RPS5;RPL22;RPS6;RPL13A;RPSA;RPS3A;MRPS6;MRPS18C;RPL37A;RPL24;RPL27;RPL26;RPL29;RPL28;UBA52;RPL10;RPL12;RPL11;RPL36A;MRPL17;MRPL14;RPS4Y1;MRPL20;RPS15A;RPL14;RPS3;RPL13;RPL15;RPS2;RPL18;RPS27A;RPL17;RPL19;RPL41;RPL35A;RPL23A;MRPL22;RPS25;RPS28;RPS27;RPS29;FAU;RPS21;RSL24D1;RPS24;RPS23,EC-PTC
KEGG_2021_Human,Coronavirus disease,78/232,2.0694580741664467e-56,2.555780721595561e-54,0,0,16.264634862624813,2085.4104697449875,RPL4;RPL5;RPL30;RPL3;RPL32;RPL34;RPLP1;RPLP0;RPL8;RPL10A;RPL9;RPL6;RPS15;RPS4X;RPS14;RPL7A;RPS16;RPL18A;RPS19;RPL36AL;RPS18;RPL36;RPL35;RPL38;RPL37;RPS11;RPL39;RPS10;RPS13;RPS12;RPS9;RPL21;RPS7;RPS8;RPS5;RPL22;RPS6;RPL13A;RPSA;RPS3A;RPL37A;RPL24;RPL27;RPL26;RPL29;RPL28;UBA52;RPL10;RPL12;RPL11;RPL36A;RPS4Y1;RPS15A;RPL14;RPS3;RPL13;RPL15;RPS2;RPL18;RPS27A;RPL17;RPL19;JUN;RPL41;STAT1;EIF2AK2;RPL35A;ISG15;RPL23A;RPS25;RPS28;RPS27;RPS29;FAU;RPS21;RSL24D1;RPS24;RPS23,EC-PTC
KEGG_2021_Human,Parkinson disease,75/249,2.778406758656584e-50,2.2875548979605877e-48,0,0,13.757902298850574,1569.878144271,COX7B;NDUFA13;NDUFA11;NDUFA12;COX4I1;PARK7;COX6A1;COX7C;TUBA1B;UQCRFS1;COX8A;DUSP1;NDUFC2;NDUFC1;COX6B1;PSMA6;PSMA4;NDUFS8;PSMA2;NDUFS6;VDAC2;SLC25A5;UBA52;SLC25A4;ATF4;SLC25A6;NDUFB9;NDUFB8;NDUFB7;NDUFB10;UQCRB;NDUFB11;NDUFB4;NDUFB3;ATP5MC2;NDUFB2;ATP5MC3;UQCR11;COX7A2;UQCR10;COX5B;COX5A;COX7A1;UQCRH;UBE2J1;ATP5MC1;PSMB6;PSMB5;PSMB2;UBB;PSMB3;PSMB1;CYC1;RPS27A;NDUFV2;SNCA;ATP5PF;NDUFA8;ATP5PD;NDUFA6;NDUFA5;NDUFA4;NDUFA3;NDUFA1;COX6C;TUBB4B;ATP5F1D;ATP5F1E;PINK1;UQCRQ;NDUFAB1;ATP5PO;GNAS;CYCS;CALM2,EC-PTC
KEGG_2021_Human,Oxidative phosphorylation,57/133,2.2588638528432777e-48,1.3948484291307241e-46,0,0,23.36043689320388,2562.855368739355,NDUFA13;COX7B;NDUFA11;NDUFA12;COX4I1;COX6A1;COX7C;UQCRFS1;COX8A;ATP6V1G1;ATP6V0B;ATP6V0E1;NDUFC2;NDUFC1;COX6B1;NDUFS8;NDUFS6;ATP6V0C;NDUFB9;NDUFB8;NDUFB7;NDUFB10;UQCRB;NDUFB11;NDUFB4;COX17;NDUFB3;ATP5MC2;NDUFB2;ATP5MC3;COX7A2;UQCR11;UQCR10;COX5B;COX7A1;COX5A;UQCRH;ATP5MC1;CYC1;NDUFV2;ATP5MG;ATP5MF;ATP5ME;ATP5PF;NDUFA8;ATP5PD;NDUFA6;NDUFA5;NDUFA4;NDUFA3;NDUFA1;COX6C;ATP5F1D;ATP5F1E;UQCRQ;NDUFAB1;ATP5PO,EC-PTC
KEGG_2021_Human,Prion disease,70/273,9.225665448172823e-42,4.557478731397375e-40,0,0,10.898831575947565,1029.7933715579666,COX7B;NDUFA13;NDUFA11;NDUFA12;COX4I1;COX6A1;COX7C;TUBA1B;UQCRFS1;COX8A;NDUFC2;NDUFC1;COX6B1;PSMA6;PSMA4;NDUFS8;PSMA2;NDUFS6;CSNK2B;VDAC2;SLC25A5;SLC25A4;ATF4;SLC25A6;NDUFB9;NDUFB8;NDUFB7;NDUFB10;UQCRB;NDUFB11;NDUFB4;NDUFB3;ATP5MC2;NDUFB2;ATP5MC3;UQCR11;COX7A2;UQCR10;COX5B;COX5A;COX7A1;UQCRH;ATP5MC1;PSMB6;PSMB5;PSMB2;PSMB3;PSMB1;CYC1;NDUFV2;ATP5PF;PRNP;NDUFA8;ATP5PD;NDUFA6;NDUFA5;NDUFA4;NDUFA3;NDUFA1;HSPA2;COX6C;TUBB4B;ATP5F1D;ATP5F1E;SOD1;UQCRQ;NDUFAB1;ATP5PO;CYCS;HSPA1A,EC-PTC
KEGG_2021_Human,Huntington disease,73/306,3.3828843752769327e-41,1.392620734489004e-39,0,0,9.93623543838136,925.9305562282096,COX7B;NDUFA13;NDUFA11;NDUFA12;COX4I1;CLTA;COX6A1;COX7C;TUBA1B;UQCRFS1;AP2M1;COX8A;NDUFC2;NDUFC1;COX6B1;PSMA6;PSMA4;NDUFS8;PSMA2;NDUFS6;VDAC2;SLC25A5;SLC25A4;SLC25A6;NDUFB9;NDUFB8;NDUFB7;NDUFB10;UQCRB;NDUFB11;NDUFB4;NDUFB3;ATP5MC2;NDUFB2;ATP5MC3;UQCR11;COX7A2;UQCR10;COX5B;COX5A;COX7A1;UQCRH;ATP5MC1;PSMB6;PSMB5;PSMB2;PSMB3;PSMB1;AP2S1;POLR2F;CYC1;POLR2H;NDUFV2;POLR2J;POLR2K;POLR2L;ATP5PF;NDUFA8;ATP5PD;NDUFA6;NDUFA5;NDUFA4;NDUFA3;NDUFA1;COX6C;TUBB4B;ATP5F1D;ATP5F1E;SOD1;UQCRQ;NDUFAB1;ATP5PO;CYCS,EC-PTC
KEGG_2021_Human,Diabetic cardiomyopathy,59/203,1.1520109505740099e-38,4.064952925596864e-37,0,0,12.757925234487734,1114.4905594649144,COX7B;NDUFA13;NDUFA11;NDUFA12;COX4I1;COX6A1;COX7C;PPP1CB;MPC2;UQCRFS1;CTSD;COX8A;NDUFC2;NDUFC1;COX6B1;NDUFS8;TBC1D4;NDUFS6;VDAC2;SLC25A5;GAPDH;SLC25A4;SLC25A6;NDUFB9;NDUFB8;NDUFB7;NDUFB10;UQCRB;NDUFB11;NDUFB4;NDUFB3;ATP5MC2;NDUFB2;ATP5MC3;UQCR11;COX7A2;UQCR10;COX5B;COX5A;COX7A1;UQCRH;ATP5MC1;CYC1;NDUFV2;ATP5PF;NDUFA8;ATP5PD;NDUFA6;NDUFA5;NDUFA4;NDUFA3;NDUFA1;COX6C;ATP5F1D;ATP5F1E;COL3A1;UQCRQ;NDUFAB1;ATP5PO,EC-PTC
KEGG_2021_Human,Pathways of neurodegeneration,82/475,4.025655524865562e-35,1.2429211433022423e-33,0,0,6.661363060987174,527.5652361076083,COX7B;NDUFA13;NDUFA11;NDUFA12;COX4I1;PARK7;COX6A1;COX7C;TUBA1B;CAPN2;UQCRFS1;COX8A;GABARAPL2;NDUFC2;NDUFC1;COX6B1;PSMA6;PSMA4;NDUFS8;PSMA2;NDUFS6;CSNK2B;VDAC2;SLC25A5;UBA52;SQSTM1;SLC25A4;OPTN;ATF4;SLC25A6;NDUFB9;NDUFB8;VCP;NDUFB7;UQCRB;NDUFB10;NDUFB11;NDUFB4;NDUFB3;NDUFB2;ATP5MC2;ATP5MC3;UQCR11;COX7A2;UQCR10;COX5B;COX5A;COX7A1;GABARAP;UQCRH;UBE2J1;ATP5MC1;PSMB6;PSMB5;PSMB2;UBB;PSMB3;PSMB1;CYC1;RPS27A;NDUFV2;SNCA;NDUFA8;ATP5PF;PRNP;NDUFA6;ATP5PD;NDUFA5;NDUFA4;NDUFA3;NDUFA1;TUBB4B;COX6C;ATP5F1D;ATP5F1E;SOD1;PINK1;UQCRQ;NDUFAB1;ATP5PO;CYCS;CALM2,EC-PTC
KEGG_2021_Human,Alzheimer disease,72/369,1.8427099616800318e-34,5.0572151170551975e-33,0,0,7.64983164983165,594.2133405153949,COX7B;NDUFA13;NDUFA11;NDUFA12;COX4I1;COX6A1;COX7C;TUBA1B;CAPN2;UQCRFS1;COX8A;NDUFC2;NDUFC1;COX6B1;PSMA6;PSMA4;NDUFS8;PSMA2;NDUFS6;CSNK2B;VDAC2;SLC25A5;GAPDH;SLC25A4;ATF4;SLC25A6;NDUFB9;NDUFB8;NDUFB7;NDUFB10;UQCRB;NDUFB11;NDUFB4;NDUFB3;ATP5MC2;NDUFB2;ATP5MC3;UQCR11;COX7A2;UQCR10;COX5B;COX5A;COX7A1;RTN4;UQCRH;ATP5MC1;PSMB6;PSMB5;PSMB2;PSMB3;PSMB1;CYC1;NDUFV2;SNCA;ATP5PF;NDUFA8;ATP5PD;NDUFA6;NDUFA5;NDUFA4;NDUFA3;NDUFA1;EIF2AK2;COX6C;TUBB4B;ATP5F1D;ATP5F1E;UQCRQ;NDUFAB1;ATP5PO;CYCS;CALM2,EC-PTC
KEGG_2021_Human,Thermogenesis,58/232,4.753850587662209e-34,1.1742010951525655e-32,0,0,10.346299297676932,793.8605596389768,COX7B;NDUFA13;NDUFA11;NDUFA12;COX4I1;COX6A1;COX7C;UQCRFS1;COX8A;RPS6;NDUFC2;NDUFC1;COX6B1;NDUFS8;NDUFS6;NDUFB9;NDUFB8;NDUFB7;NDUFB10;UQCRB;NDUFB11;NDUFB4;COX17;NDUFB3;ATP5MC2;NDUFB2;ATP5MC3;UQCR11;COX7A2;UQCR10;COX5B;COX5A;COX7A1;UQCRH;ATP5MC1;COX14;CYC1;NDUFV2;ATP5MG;ATP5MF;ATP5ME;ATP5PF;NDUFA8;ATP5PD;NDUFA6;NDUFA5;NDUFA4;NDUFA3;NDUFA1;COX6C;ATP5F1D;ATP5F1E;UQCRQ;NDUFAB1;ATP5PO;GNAS;NDUFAF3;COX20,EC-PTC
KEGG_2021_Human,Amyotrophic lateral sclerosis,71/364,5.598091600270953e-34,1.257026022969932e-32,0,0,7.635512962502543,584.6166188723456,COX7B;NDUFA13;NDUFA11;NDUFA12;COX4I1;COX6A1;COX7C;TUBA1B;UQCRFS1;COX8A;GABARAPL2;ANXA11;NDUFC2;NDUFC1;COX6B1;PSMA6;PSMA4;NDUFS8;PSMA2;NDUFS6;PFN1;SQSTM1;OPTN;ATF4;NDUFB9;VCP;NDUFB8;NDUFB7;NDUFB10;UQCRB;NDUFB11;NDUFB4;NDUFB3;ATP5MC2;NDUFB2;ATP5MC3;UQCR11;COX7A2;UQCR10;COX5B;COX5A;COX7A1;GABARAP;UQCRH;ATP5MC1;PSMB6;PSMB5;PSMB2;PSMB3;PSMB1;CYC1;NDUFV2;ATP5PF;NDUFA8;ATP5PD;NDUFA6;NDUFA5;NDUFA4;NDUFA3;NDUFA1;CHCHD10;COX6C;TUBB4B;ATP5F1D;ATP5F1E;SOD1;PINK1;UQCRQ;NDUFAB1;ATP5PO;CYCS,EC-PTC
KEGG_2021_Human,Non-alcoholic fatty liver disease,44/155,1.362455102183826e-28,2.804386751995041e-27,0,0,12.070301680444311,774.467905064613,NDUFB9;NDUFA13;COX7B;NDUFB8;NDUFB7;NDUFA11;NDUFB10;UQCRB;NDUFA12;NDUFB11;COX4I1;NDUFB4;NDUFB3;NDUFB2;COX7A2;UQCR11;UQCR10;COX6A1;COX5B;COX7A1;COX7C;COX5A;UQCRH;UQCRFS1;CYC1;NDUFV2;COX8A;NDUFA8;JUN;NDUFA6;NDUFA5;NDUFA4;NDUFA3;NDUFA1;NDUFC2;NDUFC1;COX6C;COX6B1;NDUFS8;UQCRQ;NDUFS6;NDUFAB1;CYCS;ATF4,EC-PTC
KEGG_2021_Human,Cardiac muscle contraction,22/87,8.652962679328014e-14,1.644062909072323e-12,0,0,9.982801272234656,300.26558702000943,COX8A;COX7B;UQCRB;COX4I1;ATP1B3;COX7A2;UQCR11;ATP1A1;UQCR10;COX6A1;ATP1B1;COX5B;COX6C;COX7C;COX5A;COX7A1;UQCRH;COX6B1;UQCRQ;FXYD2;UQCRFS1;CYC1,EC-PTC
KEGG_2021_Human,Retrograde endocannabinoid signaling,25/148,2.836325719767434e-11,5.004088948446831e-10,0,0,6.004377736085053,145.82187679132525,NDUFB9;NDUFA13;NDUFB8;NDUFB7;NDUFA11;NDUFB10;NDUFA12;NDUFB11;NDUFB4;NDUFB3;NDUFB2;GNG5;NDUFV2;NDUFA8;NDUFA6;NDUFA5;NDUFA4;NDUFA3;NDUFA1;NDUFC2;NDUFC1;GNG11;NDUFS8;NDUFS6;NDUFAB1,EC-PTC
KEGG_2021_Human,Proteasome,13/46,2.395888794170583e-09,3.9452302144008934e-08,0,0,11.480179437883365,227.87595458813388,POMP;PSMB8;PSMB9;PSMB6;PSMA6;PSMB5;PSMA4;PSMB2;PSMB3;PSMA2;PSMB1;PSME1;PSME2,EC-PTC
KEGG_2021_Human,Mitophagy,13/68,3.729526043558337e-07,5.757455829743182e-06,0,0,6.88025267783576,101.84022379160172,GABARAPL2;FIS1;JUN;HIF1A;GABARAP;PINK1;UBB;CSNK2B;RPS27A;SQSTM1;UBA52;OPTN;ATF4,EC-PTC
KEGG_2021_Human,Protein processing in endoplasmic reticulum,18/171,2.017134260885864e-05,0.0002930777426110638,0,0,3.433073686095443,37.1158097990016,VCP;RPN2;SSR4;UBE2D2;SSR2;EIF2AK2;HSPA2;RBX1;UBE2J1;SEC61A1;DAD1;BAG1;CAPN2;SEC61B;CRYAB;SKP1;ATF4;HSPA1A,EC-PTC
KEGG_2021_Human,Vibrio cholerae infection,9/50,3.9079857648830206e-05,0.0005362624910700589,0,0,6.355965721819381,64.51243792081951,SEC61A1;ATP6V0B;ATP6V1G1;ATP6V0E1;KDELR1;GNAS;KDELR2;SEC61B;ATP6V0C,EC-PTC
KEGG_2021_Human,Ferroptosis,8/41,5.754012760557125e-05,0.0007480216588724263,0,0,7.011766843850802,68.45607590088828,PRNP;MAP1LC3B;GPX4;FTH1;SLC40A1;VDAC2;SLC3A2;FTL,EC-PTC
KEGG_2021_Human,Shigellosis,21/246,9.825775017076626e-05,0.0012134832146089,0,0,2.72579001019368,25.153362414837183,GABARAPL2;JUN;CBX3;ACTN1;UBE2D2;GABARAP;MYL12A;MYL12B;RBX1;RRAGA;UBB;ARPC2;ARPC3;CAPN2;CYCS;PFN1;TLN1;RPS27A;UBA52;SQSTM1;SKP1,EC-PTC
KEGG_2021_Human,Salmonella infection,21/249,0.00011660991209339951,0.0013715546803366,0,0,2.6895018509576696,24.35794761396821,JUN;RAB5C;ANXA2;DYNLT1;BRK1;DYNLL1;TUBB4B;MYL12A;MYL12B;TUBA1B;ARPC2;ARPC3;RHOJ;TNFSF10;RPS3;CYCS;DYNLRB1;PFN1;GAPDH;SKP1;S100A10,EC-PTC
KEGG_2021_Human,Mineral absorption,9/60,0.00017079906511117092,0.0018563467028221,0,0,5.107048224695284,44.30375953566536,MT2A;FTH1;FXYD2;SLC40A1;ATP1B3;ATP1A1;ATP1B1;ATOX1;FTL,EC-PTC
KEGG_2021_Human,Spliceosome,15/150,0.00017285819499963657,0.0018563467028221,0,0,3.2306397306397305,27.98715792227215,RBM8A;SF3B6;SNU13;HSPA2;LSM4;LSM3;LSM7;SNRPD2;SYF2;SNRPG;SNRPE;SRSF5;SNRPB;SRSF9;HSPA1A,EC-PTC
KEGG_2021_Human,HIF-1 signaling pathway,12/109,0.00031249185668354217,0.0032160620250347,0,0,3.587815459252694,28.95701513024117,LDHB;LDHA;EGLN3;ANGPT2;RPS6;ELOB;ENO1;ELOC;TIMP1;HIF1A;GAPDH;RBX1,EC-PTC
KEGG_2021_Human,Spinocerebellar ataxia,14/143,0.0003506692240550333,0.0034646119336637,0,0,3.15171985129414,25.074034119812065,PSMB6;PSMA6;PSMA4;PSMB5;RELN;PSMB2;PSMA2;PSMB3;PSMB1;VDAC2;CYCS;SLC25A5;SLC25A4;SLC25A6,EC-PTC
KEGG_2021_Human,Endocrine and other factor-regulated calcium reabsorption,8/53,0.0003739056732121915,0.0035521038955158,0,0,5.138763951357655,40.55259170902,FXYD2;AP2S1;GNAS;CLTA;ATP1B3;ATP1A1;ATP1B1;AP2M1,EC-PTC
KEGG_2021_Human,Tight junction,15/169,0.0006251891883883224,0.0057193233159968,0,0,2.829250295159386,20.87267028022623,VASP;JUN;ACTN1;RDX;MYL6B;MYL12A;MYL12B;MYL6;TUBA1B;ARPC2;CLDN15;ARPC3;RAB13;CGNL1;JAM2,EC-PTC
KEGG_2021_Human,Necroptosis,13/159,0.0029193212777281,0.0257525841285302,0,0,2.5796362206679637,15.055799489248637,STAT1;EIF2AK2;FTH1;CAPN2;TNFSF10;CHMP2A;VDAC2;SLC25A5;PPIA;SQSTM1;SLC25A4;FTL;SLC25A6,EC-PTC
KEGG_2021_Human,RNA polymerase,5/31,0.0035389744600605,0.03014229971155,0,0,5.539322617680827,31.26348426026677,POLR2F;POLR2H;POLR2J;POLR2K;POLR2L,EC-PTC
KEGG_2021_Human,Phagosome,12/152,0.0054966609621507,0.0452558419217078,0,0,2.480284421460892,12.90644390248372,SEC61A1;ATP6V1G1;TUBA1B;ATP6V0B;ATP6V0E1;RAB5C;CTSL;ITGAV;SEC61B;TUBB4B;ATP6V0C;HLA-DPA1,EC-PTC
KEGG_2021_Human,Kaposi sarcoma-associated herpesvirus infection,14/193,0.0060065376669791,0.0478585420562528,0,0,2.2654349681792443,11.58748870509015,GABARAPL2;JUN;ANGPT2;STAT1;EIF2AK2;HIF1A;GNG11;GABARAP;UBB;GNG5;CYCS;RPS27A;UBA52;CALM2,EC-PTC
KEGG_2021_Human,Protein export,4/23,0.0068288476224787,0.0511128897803715,0,0,6.0572593928935605,30.20512570626676,SEC61A1;SEC61B;SRP14;SEC11C,EC-PTC
KEGG_2021_Human,Proximal tubule bicarbonate reclamation,4/23,0.0068288476224787,0.0511128897803715,0,0,6.0572593928935605,30.20512570626676,FXYD2;ATP1B3;ATP1A1;ATP1B1,EC-PTC
KEGG_2021_Human,Glycolysis / Gluconeogenesis,7/67,0.0072824325899569,0.0513508409909385,0,0,3.3646457085828345,16.561763020483017,LDHB;LDHA;TPI1;PKM;PGAM1;ENO1;GAPDH,EC-PTC
KEGG_2021_Human,Regulation of actin cytoskeleton,15/218,0.0073296684076618,0.0513508409909385,0,0,2.1408419167039856,10.524004219048685,GSN;ACTN1;RDX;FN1;BRK1;MYL12A;MYL12B;PPP1CB;ARPC2;ARPC3;TMSB4X;CFL1;ITGAV;PFN1;PAK2,EC-PTC
KEGG_2021_Human,Fluid shear stress and atherosclerosis,11/139,0.0075461706483564,0.0513508409909385,0,0,2.4845514871987957,12.141295128306142,JUN;SUMO1;CTSL;DUSP1;MGST3;GSTP1;SUMO2;MGST2;ITGAV;SQSTM1;CALM2,EC-PTC
KEGG_2021_Human,Aldosterone-regulated sodium reabsorption,5/37,0.0076922312415575,0.0513508409909385,0,0,4.499300373134329,21.900544286136714,SLC9A3R2;FXYD2;ATP1B3;ATP1A1;ATP1B1,EC-PTC
KEGG_2021_Human,Ubiquitin mediated proteolysis,11/140,0.0079482168934123,0.05166340980718,0,0,2.4651629774913606,11.918588860551989,UBB;UBE2D2;ELOB;ELOC;RNF7;RPS27A;UBA52;SKP1;RBX1;ANAPC11;UBE2J1,EC-PTC
KEGG_2021_Human,Renal cell carcinoma,7/69,0.0085302539034721,0.0540249413886567,0,0,3.255770716631253,15.510934973664328,EGLN3;JUN;ELOB;ELOC;HIF1A;PAK2;RBX1,EC-PTC
KEGG_2021_Human,cGMP-PKG signaling pathway,12/167,0.0112791640098592,0.0696488377608809,0,0,2.2385053276893885,10.039244548491128,PPP1CB;VASP;FXYD2;VDAC2;ATP1B3;ATP1A1;ATP1B1;SLC25A5;CALM2;SLC25A4;ATF4;SLC25A6,EC-PTC
KEGG_2021_Human,Glutathione metabolism,6/57,0.0121860604080587,0.0716656409712027,0,0,3.3894311087663764,14.938790745479166,GPX4;GSTP1;MGST3;ODC1;MGST2;PRDX6,EC-PTC
KEGG_2021_Human,Legionellosis,6/57,0.0121860604080587,0.0716656409712027,0,0,3.3894311087663764,14.938790745479166,EEF1A1;EEF1G;VCP;CYCS;HSPA2;HSPA1A,EC-PTC
KEGG_2021_Human,Leukocyte transendothelial migration,9/114,0.0151142849654442,0.0868192648015055,0,0,2.4736164736164734,10.369684619794963,VASP;CLDN15;ACTN1;ESAM;ARHGAP5;MYL12A;CD99;JAM2;MYL12B,EC-PTC
KEGG_2021_Human,Synaptic vesicle cycle,7/78,0.0161444740509635,0.0906292066042728,0,0,2.8417390570970733,11.725519621554668,ATP6V0B;ATP6V1G1;ATP6V0E1;AP2S1;CLTA;ATP6V0C;AP2M1,EC-PTC
KEGG_2021_Human,Pathogenic Escherichia coli infection,13/197,0.0165480677415811,0.0908305051593456,0,0,2.042829699198739,8.378637282438355,JUN;TMED10;BRK1;TUBB4B;TUBA1B;CLDN15;ARPC2;ARPC3;TNFSF10;RPS3;CYCS;PAK2;GAPDH,EC-PTC
KEGG_2021_Human,Focal adhesion,13/201,0.0192109754418375,0.1031545855246493,0,0,1.99894741916822,7.900386963995382,VASP;JUN;ACTN1;FN1;ARHGAP5;MYL12A;MYL12B;PPP1CB;RELN;CAPN2;ITGAV;TLN1;PAK2,EC-PTC
KEGG_2021_Human,RNA transport,12/186,0.0242773927061568,0.1275854467749096,0,0,1.9920944505123004,7.407024915151688,EEF1A1;EIF4A1;EIF5;RBM8A;SUMO1;EIF3I;SUMO2;EIF3G;SAP18;EIF2S2;RAN;PAIP1,EC-PTC
KEGG_2021_Human,Human immunodeficiency virus 1 infection,13/212,0.0281919649551852,0.1433234318557756,0,0,1.8873673503469008,6.735482349736207,JUN;RNF7;GNG11;RBX1;BST2;GNG5;CFL1;CYCS;ELOB;ELOC;CALM2;PAK2;SKP1,EC-PTC
KEGG_2021_Human,Glucagon signaling pathway,8/107,0.028432583647502,0.1433234318557756,0,0,2.329259612617933,8.292675446684783,LDHB;LDHA;PPP4C;PKM;PGAM1;GNAS;CALM2;ATF4,EC-PTC
KEGG_2021_Human,Epithelial cell signaling in Helicobacter pylori infection,6/70,0.0306138094582686,0.1512322187238471,0,0,2.6991311659192827,9.409992002511125,ATP6V0B;ATP6V1G1;JUN;ATP6V0E1;ATP6V0C;JAM2,EC-PTC
KEGG_2021_Human,Rheumatoid arthritis,7/93,0.0378190783990552,0.1796406223955123,0,0,2.344259156106392,7.677311794317219,ATP6V0B;ATP6V1G1;JUN;ATP6V0E1;CTSL;ATP6V0C;HLA-DPA1,EC-PTC
KEGG_2021_Human,Salivary secretion,7/93,0.0378190783990552,0.1796406223955123,0,0,2.344259156106392,7.677311794317219,CST3;FXYD2;GNAS;ATP1B3;ATP1A1;ATP1B1;CALM2,EC-PTC
KEGG_2021_Human,Thyroid hormone synthesis,6/75,0.040925874925184,0.1907300208777446,0,0,2.502892051731981,7.999224919465129,FXYD2;GNAS;ATP1B3;ATP1A1;ATP1B1;ATF4,EC-PTC
KEGG_2021_Human,Gastric acid secretion,6/76,0.0432213952213368,0.1976978633272259,0,0,2.467008327994875,7.749908429838439,GNAS;ATP1B3;ATP1A1;ATP1B1;SSTR2;CALM2,EC-PTC
KEGG_2021_Human,Endocytosis,14/252,0.0474828608840285,0.2119364434552006,0,0,1.698585031592062,5.17624502056904,ARF4;RAB5C;CLTA;SNF8;HSPA2;SNX3;ARPC2;ARPC3;CAPZA2;AP2S1;CHMP2A;VPS28;AP2M1;HSPA1A,EC-PTC
KEGG_2021_Human,Antigen processing and presentation,6/78,0.048050367746928,0.2119364434552006,0,0,2.398231190832088,7.2798439464751805,CTSL;PSME1;PSME2;HSPA2;HLA-DPA1;HSPA1A,EC-PTC
KEGG_2021_Human,Thyroid hormone signaling pathway,8/121,0.05257292837266,0.2278160229481937,0,0,2.0391927929840388,6.006552409529705,TBC1D4;STAT1;FXYD2;ATP1B3;ITGAV;ATP1A1;ATP1B1;HIF1A,EC-PTC
KEGG_2021_Human,Amoebiasis,7/102,0.0572305600954756,0.2437232473031464,0,0,2.1211786952410967,6.0679864373103625,COL3A1;RAB5C;ACTN1;PRDX1;FN1;GNAS;HSPB1,EC-PTC
KEGG_2021_Human,Platelet activation,8/124,0.0590616818195797,0.2457929305827797,0,0,1.98614485860518,5.619147262299985,PPP1CB;VASP;VAMP8;COL3A1;GNAS;TLN1;MYL12A;MYL12B,EC-PTC
KEGG_2021_Human,Protein digestion and absorption,7/103,0.0597067847569505,0.2457929305827797,0,0,2.0989739271457086,5.915558405800282,COL3A1;FXYD2;ATP1B3;SLC3A2;ATP1A1;ATP1B1;SLC38A2,EC-PTC
KEGG_2021_Human,Collecting duct acid secretion,3/27,0.0614406781286327,0.2487843852093819,0,0,3.590215773809524,10.015564459665232,ATP6V1G1;ATP6V0E1;ATP6V0C,EC-PTC
KEGG_2021_Human,Cell adhesion molecules,9/148,0.0637024623468999,0.2537823903174886,0,0,1.8652537429515847,5.136035984579375,VCAN;CLDN15;ICAM2;ESAM;ITGAV;CD34;CD99;JAM2;HLA-DPA1,EC-PTC
KEGG_2021_Human,Human T-cell leukemia virus 1 infection,12/219,0.0685181958799873,0.2686348314659819,0,0,1.671628740682449,4.4810615060033845,JUN;VDAC2;TSPO;BUB3;TLN1;SLC25A5;SLC25A4;RAN;ATF4;ANAPC11;HLA-DPA1;SLC25A6,EC-PTC
KEGG_2021_Human,Insulin secretion,6/86,0.0705858180794679,0.2724171416504466,0,0,2.157511210762332,5.719402632343643,FXYD2;GNAS;ATP1B3;ATP1A1;ATP1B1;ATF4,EC-PTC
KEGG_2021_Human,Carbohydrate digestion and absorption,4/47,0.0733718102751074,0.274588441484114,0,0,2.67313624233182,6.9828078545319325,FXYD2;ATP1B3;ATP1A1;ATP1B1,EC-PTC
KEGG_2021_Human,Nucleotide excision repair,4/47,0.0733718102751074,0.274588441484114,0,0,2.67313624233182,6.9828078545319325,POLE4;RFC1;GTF2H5;RBX1,EC-PTC
KEGG_2021_Human,Vascular smooth muscle contraction,8/133,0.0814456254287944,0.3002547683718244,0,0,1.8422788605697151,4.620103134771791,PPP1CB;MYL6;RAMP2;CALCRL;CALD1;GNAS;MYL6B;CALM2,EC-PTC
KEGG_2021_Human,Amphetamine addiction,5/69,0.0833551543391419,0.3027753400260007,0,0,2.245918843283582,5.580310647046014,PPP1CB;JUN;GNAS;CALM2;ATF4,EC-PTC
KEGG_2021_Human,Circadian rhythm,3/31,0.0856613356381031,0.3066427522117605,0,0,3.076690051020408,7.560515725538013,NPAS2;SKP1;RBX1,EC-PTC
KEGG_2021_Human,Central carbon metabolism in cancer,5/70,0.0874121834078532,0.3084401328819965,0,0,2.211251435132032,5.389086441535616,LDHB;LDHA;PKM;PGAM1;HIF1A,EC-PTC
KEGG_2021_Human,Autophagy,8/137,0.0928075987432949,0.3183816234665813,0,0,1.7847820275908557,4.2428315959217775,VAMP8;GABARAPL2;RRAGA;CTSL;SQSTM1;HIF1A;CTSD;GABARAP,EC-PTC
KEGG_2021_Human,Estrogen signaling pathway,8/137,0.0928075987432949,0.3183816234665813,0,0,1.7847820275908557,4.2428315959217775,JUN;GNAS;HSPA2;KRT10;CALM2;CTSD;ATF4;HSPA1A,EC-PTC
KEGG_2021_Human,Measles,8/139,0.098812718736667,0.3343389250405036,0,0,1.757350332467354,4.067438220422372,JUN;STAT1;CSNK2B;RACK1;EIF2AK2;CYCS;HSPA2;HSPA1A,EC-PTC
KEGG_2021_Human,Apoptosis,8/142,0.1082210938349616,0.3612244618545341,0,0,1.717738145852447,3.819526433070438,JUN;TUBA1B;CTSL;CAPN2;TNFSF10;CYCS;CTSD;ATF4,EC-PTC
KEGG_2021_Human,Fc gamma R-mediated phagocytosis,6/97,0.1099410314773513,0.3620724636654103,0,0,1.895629034642488,4.185190889393142,VASP;MARCKS;GSN;ARPC2;ARPC3;CFL1,EC-PTC
KEGG_2021_Human,Aldosterone synthesis and secretion,6/98,0.1139826131214693,0.3704434926447753,0,0,1.8749268863326185,4.071796265922677,GNAS;ATP1B3;ATP1A1;ATP1B1;CALM2;ATF4,EC-PTC
KEGG_2021_Human,DNA replication,3/36,0.1206156083986156,0.3869098087591955,0,0,2.609848484848485,5.520212097539699,POLE4;RNASEH2C;RFC1,EC-PTC
KEGG_2021_Human,RNA degradation,5/79,0.1283278908413088,0.4063716543308113,0,0,1.941407825736184,3.986033788824694,LSM7;BTG1;ENO1;LSM4;LSM3,EC-PTC
KEGG_2021_Human,Longevity regulating pathway,6/102,0.1308807574751204,0.4092094569158828,0,0,1.796431240657698,3.652986553332208,SESN3;HSPA2;CRYAB;ATF4;SOD1;HSPA1A,EC-PTC
KEGG_2021_Human,Adrenergic signaling in cardiomyocytes,8/150,0.135600696217823,0.4186671495725285,0,0,1.620288447325633,3.2374023755220223,PPP1CB;FXYD2;GNAS;ATP1B3;ATP1A1;ATP1B1;CALM2;ATF4,EC-PTC
KEGG_2021_Human,Lysosome,7/128,0.1424475182622762,0.4343770001331138,0,0,1.663136536843668,3.241089947824476,CD63;LAPTM4A;ATP6V0B;CTSL;CLTA;CTSD;ATP6V0C,EC-PTC
KEGG_2021_Human,Cellular senescence,8/156,0.1582177855751839,0.4765828419154932,0,0,1.5541148344746545,2.8654502093372978,PPP1CB;CAPN2;VDAC2;SLC25A5;SQSTM1;CALM2;SLC25A4;SLC25A6,EC-PTC
KEGG_2021_Human,Cytosolic DNA-sensing pathway,4/63,0.1631586282625257,0.485544351576432,0,0,1.9466013286518984,3.529251223996095,POLR2F;POLR2H;POLR2K;POLR2L,EC-PTC
KEGG_2021_Human,GABAergic synapse,5/89,0.1820587081320141,0.5353392965310417,0,0,1.7093994314143568,2.911835558534268,GABARAPL2;GNG5;SLC38A2;GNG11;GABARAP,EC-PTC
KEGG_2021_Human,Vasopressin-regulated water reabsorption,3/44,0.1849855119794211,0.5375461348107885,0,0,2.099738675958188,3.543262339738513,RAB5C;GNAS;DYNLL1,EC-PTC
KEGG_2021_Human,Bile secretion,5/90,0.1878391066215658,0.5394913876224041,0,0,1.689201053555751,2.8246304784453526,FXYD2;GNAS;ATP1B3;ATP1A1;ATP1B1,EC-PTC
KEGG_2021_Human,cAMP signaling pathway,10/216,0.1957984132802587,0.5558874491979758,0,0,1.3956493174684284,2.2758429878025006,PPP1CB;JUN;FXYD2;NPY1R;GNAS;ATP1B3;ATP1A1;ATP1B1;SSTR2;CALM2,EC-PTC
KEGG_2021_Human,Pyruvate metabolism,3/47,0.2110798857039527,0.5872232504563658,0,0,1.956270292207792,3.04301484948898,LDHB;LDHA;PKM,EC-PTC
KEGG_2021_Human,TGF-beta signaling pathway,5/94,0.2115905639296217,0.5872232504563658,0,0,1.612946503437867,2.5050707208700613,SMAD1;ID1;ID3;SKP1;RBX1,EC-PTC
KEGG_2021_Human,Influenza A,8/172,0.2261647000230976,0.6206964545078346,0,0,1.4013237283797126,2.083056208909089,STAT1;TNFSF10;EIF2AK2;CYCS;SLC25A5;SLC25A4;HLA-DPA1;SLC25A6,EC-PTC
KEGG_2021_Human,Cocaine addiction,3/49,0.2288965059310425,0.6212905160985441,0,0,1.8710209627329195,2.758792936879145,JUN;GNAS;ATF4,EC-PTC
KEGG_2021_Human,N-Glycan biosynthesis,3/50,0.2379083083646479,0.6387320887616091,0,0,1.831117021276596,2.6292458847524265,DPM3;RPN2;DAD1,EC-PTC
KEGG_2021_Human,Hematopoietic cell lineage,5/99,0.2425217741605916,0.6441169700824316,0,0,1.52675452524611,2.1628978403521626,CD9;CD24;CD34;CD55;HLA-DPA1,EC-PTC
KEGG_2021_Human,Pathways in cancer,21/531,0.257881614101472,0.6642506382188358,0,0,1.1846105414642922,1.6054489559422092,JUN;EGLN3;STAT1;GSTP1;MGST3;FN1;MGST2;HIF1A;GNG11;RBX1;RASGRP3;GNG5;LPAR6;GNAS;CYCS;ELOB;ITGAV;HES1;ELOC;CALM2;SKP1,EC-PTC
KEGG_2021_Human,Pancreatic secretion,5/102,0.2616290059729046,0.6642506382188358,0,0,1.4793045083859055,1.983492589456309,FXYD2;GNAS;ATP1B3;ATP1A1;ATP1B1,EC-PTC
KEGG_2021_Human,Bacterial invasion of epithelial cells,4/77,0.2620042777687063,0.6642506382188358,0,0,1.5721372721148152,2.1057119337532173,ARPC2;ARPC3;FN1;CLTA,EC-PTC
KEGG_2021_Human,Leishmaniasis,4/77,0.2620042777687063,0.6642506382188358,0,0,1.5721372721148152,2.1057119337532173,EEF1A1;JUN;STAT1;HLA-DPA1,EC-PTC
KEGG_2021_Human,Tuberculosis,8/180,0.2635488362163802,0.6642506382188358,0,0,1.3355880199435166,1.7810287839884695,ATP6V0B;RAB5C;STAT1;CYCS;CALM2;CTSD;ATP6V0C;HLA-DPA1,EC-PTC
KEGG_2021_Human,Oocyte meiosis,6/129,0.2700405699016747,0.6670002076571366,0,0,1.4001239563965149,1.8330185829430008,PPP1CB;YWHAQ;CALM2;SKP1;RBX1;ANAPC11,EC-PTC
KEGG_2021_Human,Relaxin signaling pathway,6/129,0.2700405699016747,0.6670002076571366,0,0,1.4001239563965149,1.8330185829430008,JUN;COL3A1;GNG5;GNAS;GNG11;ATF4,EC-PTC
KEGG_2021_Human,Dopaminergic synapse,6/132,0.2874478491263119,0.7029665221207827,0,0,1.3665741333902768,1.7037268711919478,PPP1CB;GNG5;GNAS;GNG11;CALM2;ATF4,EC-PTC
KEGG_2021_Human,Th17 cell differentiation,5/107,0.2941827326319386,0.7123836760793023,0,0,1.4064237635352648,1.720835653846199,JUN;STAT1;AHR;HIF1A;HLA-DPA1,EC-PTC
KEGG_2021_Human,Drug metabolism,5/108,0.3007786027037148,0.7143491814213226,0,0,1.392696710621649,1.6731591218795965,MGST3;GSTP1;CMPK1;NME2;MGST2,EC-PTC
KEGG_2021_Human,Ribosome biogenesis in eukaryotes,5/108,0.3007786027037148,0.7143491814213226,0,0,1.392696710621649,1.6731591218795965,EIF6;CSNK2B;SNU13;NOP10;RAN,EC-PTC
KEGG_2021_Human,Fructose and mannose metabolism,2/33,0.3067136933076604,0.7147007759150199,0,0,1.849590183578584,2.1859207013298554,TPI1;AKR1B1,EC-PTC
KEGG_2021_Human,SNARE interactions in vesicular transport,2/33,0.3067136933076604,0.7147007759150199,0,0,1.849590183578584,2.1859207013298554,VAMP8;VAMP5,EC-PTC
KEGG_2021_Human,Ubiquinone and other terpenoid-quinone biosynthesis,1/11,0.3146014721018313,0.7234477364950802,0,0,2.865727002967359,3.3140660066069976,VKORC1,EC-PTC
KEGG_2021_Human,Apelin signaling pathway,6/137,0.3169480565756995,0.7234477364950802,0,0,1.3140725019683015,1.5098921406004069,GABARAPL2;GNG5;RPS6;GNG11;CALM2;GABARAP,EC-PTC
KEGG_2021_Human,Propanoate metabolism,2/34,0.319254264283254,0.7234477364950802,0,0,1.7916976225854384,2.045701984443359,LDHB;LDHA,EC-PTC
KEGG_2021_Human,Toxoplasmosis,5/112,0.3273692631684533,0.7281564459982723,0,0,1.3403543032501046,1.4967287486226963,STAT1;CYCS;HSPA2;HLA-DPA1;HSPA1A,EC-PTC
KEGG_2021_Human,Human papillomavirus infection,13/331,0.3277589720948798,0.7281564459982723,0,0,1.1737397632483992,1.3092794538966952,ATP6V1G1;ATP6V0B;ATP6V0E1;STAT1;FN1;EIF2AK2;ISG15;RELN;PKM;GNAS;ITGAV;HES1;ATP6V0C,EC-PTC
KEGG_2021_Human,Viral myocarditis,3/60,0.3301762022340344,0.7281564459982723,0,0,1.5090852130325814,1.6722608176896256,CYCS;CD55;HLA-DPA1,EC-PTC
KEGG_2021_Human,PD-L1 expression and PD-1 checkpoint pathway in cancer,4/89,0.3535842016398507,0.77287874163755,0,0,1.3493468922591392,1.4028264048100847,JUN;STAT1;CSNK2B;HIF1A,EC-PTC
KEGG_2021_Human,Epstein-Barr virus infection,8/202,0.3734613899557334,0.804175792382552,0,0,1.1827694400222568,1.1649577050358888,JUN;STAT1;EIF2AK2;CYCS;ISG15;HES1;VIM;HLA-DPA1,EC-PTC
KEGG_2021_Human,Inflammatory bowel disease,3/65,0.3765556466623733,0.804175792382552,0,0,1.3870247695852536,1.354692449305332,JUN;STAT1;HLA-DPA1,EC-PTC
KEGG_2021_Human,Viral carcinogenesis,8/203,0.3785919142349188,0.804175792382552,0,0,1.176642448006766,1.142868570833216,JUN;GTF2A2;GSN;PKM;YWHAQ;ACTN1;EIF2AK2;ATF4,EC-PTC
KEGG_2021_Human,Various types of N-glycan biosynthesis,2/39,0.3809253753391036,0.804175792382552,0,0,1.5491747319384763,1.4951887629060168,RPN2;DAD1,EC-PTC
KEGG_2021_Human,GnRH signaling pathway,4/93,0.3843912182274169,0.8046155161201016,0,0,1.288434166680621,1.2318647527958944,JUN;GNAS;CALM2;ATF4,EC-PTC
KEGG_2021_Human,Proteoglycans in cancer,8/205,0.3888646638978878,0.8071392603594815,0,0,1.1645750728696564,1.099968993879726,PPP1CB;CD63;CTSL;RDX;RPS6;FN1;ITGAV;HIF1A,EC-PTC
KEGG_2021_Human,Long-term potentiation,3/67,0.3949442172559197,0.8129268471851014,0,0,1.3435407366071428,1.2481637822530207,PPP1CB;CALM2;ATF4,EC-PTC
KEGG_2021_Human,Cell cycle,5/124,0.4079519522670279,0.8284752910034882,0,0,1.2044399849492036,1.0799079672698015,YWHAQ;BUB3;SKP1;RBX1;ANAPC11,EC-PTC
KEGG_2021_Human,Rap1 signaling pathway,8/210,0.4145730776364071,0.8284752910034882,0,0,1.1354520759422269,0.9997723847038216,VASP;ANGPT2;ID1;GNAS;PFN1;TLN1;CALM2;RASGRP3,EC-PTC
KEGG_2021_Human,Circadian entrainment,4/97,0.4150154635725344,0.8284752910034882,0,0,1.232761245452943,1.0841389306393452,GNG5;GNAS;GNG11;CALM2,EC-PTC
KEGG_2021_Human,Oxytocin signaling pathway,6/154,0.4193418671653837,0.8284752910034882,0,0,1.162101563446855,1.0099461875695868,PPP1CB;MYL6;JUN;GNAS;MYL6B;CALM2,EC-PTC
KEGG_2021_Human,mTOR signaling pathway,6/154,0.4193418671653837,0.8284752910034882,0,0,1.162101563446855,1.0099461875695868,ATP6V1G1;RRAGA;RPS6;SLC3A2;LAMTOR1;LPIN2,EC-PTC
KEGG_2021_Human,mRNA surveillance pathway,4/98,0.4226230229410506,0.8284752910034882,0,0,1.2195833465453276,1.050396276055244,PPP1CB;RBM8A;SSU72;SAP18,EC-PTC
KEGG_2021_Human,Hepatitis C,6/157,0.4373757866847284,0.8447452908971416,0,0,1.1388352686128351,0.94177409458156,YWHAQ;CLDN15;CD81;STAT1;EIF2AK2;CYCS,EC-PTC
KEGG_2021_Human,AGE-RAGE signaling pathway in diabetic complications,4/100,0.4377627418414337,0.8447452908971416,0,0,1.194051167411823,0.986379639875952,JUN;COL3A1;STAT1;FN1,EC-PTC
KEGG_2021_Human,Phenylalanine metabolism,1/17,0.4422765711872916,0.846839636304349,0,0,1.7905229970326408,1.4607442313688248,MIF,EC-PTC
KEGG_2021_Human,p53 signaling pathway,3/73,0.4491119722184246,0.851439547944803,0,0,1.2279974489795915,0.9829911322962877,SESN3;SIVA1;CYCS,EC-PTC
KEGG_2021_Human,Basal transcription factors,2/45,0.4515732015415757,0.851439547944803,0,0,1.3325961505235149,1.0594376460273356,GTF2A2;GTF2H5,EC-PTC
KEGG_2021_Human,Metabolism of xenobiotics by cytochrome P450,3/76,0.4754602798783785,0.8829976626312744,0,0,1.177348336594912,0.8753254446404932,GSTP1;MGST3;MGST2,EC-PTC
KEGG_2021_Human,Pertussis,3/76,0.4754602798783785,0.8829976626312744,0,0,1.177348336594912,0.8753254446404932,JUN;CFL1;CALM2,EC-PTC
KEGG_2021_Human,Cholesterol metabolism,2/50,0.5068063833323389,0.9204498285521154,0,0,1.193474492322932,0.8111165760805165,TSPO;VDAC2,EC-PTC
KEGG_2021_Human,Cysteine and methionine metabolism,2/50,0.5068063833323389,0.9204498285521154,0,0,1.193474492322932,0.8111165760805165,LDHB;LDHA,EC-PTC
KEGG_2021_Human,Malaria,2/50,0.5068063833323389,0.9204498285521154,0,0,1.193474492322932,0.8111165760805165,GYPC;CD81,EC-PTC
KEGG_2021_Human,B cell receptor signaling pathway,3/81,0.5180162512604685,0.9339417084769028,0,0,1.1015911172161172,0.7245700857609463,JUN;CD81;RASGRP3,EC-PTC
KEGG_2021_Human,Peroxisome,3/82,0.5263029781171518,0.9420060550357716,0,0,1.0875904159132008,0.6981006090062508,PRDX5;PRDX1;SOD1,EC-PTC
KEGG_2021_Human,Serotonergic synapse,4/113,0.5326342245215112,0.944211272295476,0,0,1.0509304201588756,0.6620024563396253,GNG5;DUSP1;GNAS;GNG11,EC-PTC
KEGG_2021_Human,MAPK signaling pathway,10/294,0.5351804782241565,0.944211272295476,0,0,1.0082071375622157,0.6302819487754527,JUN;ANGPT2;DUSP1;HSPB1;HSPA2;PAK2;DUSP6;ATF4;HSPA1A;RASGRP3,EC-PTC
KEGG_2021_Human,Glutamatergic synapse,4/114,0.5396115517762743,0.9451059760848104,0,0,1.0413223140495869,0.642397719851578,GNG5;GNAS;SLC38A2;GNG11,EC-PTC
KEGG_2021_Human,Mismatch repair,1/23,0.5461970578012112,0.9451059760848104,0,0,1.301793903425951,0.7872930023778567,RFC1,EC-PTC
KEGG_2021_Human,Regulation of lipolysis in adipocytes,2/55,0.5582876696906334,0.9451059760848104,0,0,1.0806022035941574,0.6298623983339686,NPY1R;GNAS,EC-PTC
KEGG_2021_Human,Pyrimidine metabolism,2/56,0.5681137864842641,0.9451059760848104,0,0,1.060536018931264,0.5996626482153041,NME2;CMPK1,EC-PTC
KEGG_2021_Human,"Growth hormone synthesis, secretion and action",4/119,0.5736764476790291,0.9451059760848104,0,0,0.9957882459664356,0.5533492931652362,STAT1;GNAS;SSTR2;ATF4,EC-PTC
KEGG_2021_Human,Neurotrophin signaling pathway,4/119,0.5736764476790291,0.9451059760848104,0,0,0.9957882459664356,0.5533492931652362,BEX3;JUN;CALM2;ATF4,EC-PTC
KEGG_2021_Human,ECM-receptor interaction,3/88,0.5743006294093723,0.9451059760848104,0,0,1.0105042016806722,0.5604279293040499,RELN;FN1;ITGAV,EC-PTC
KEGG_2021_Human,Gap junction,3/88,0.5743006294093723,0.9451059760848104,0,0,1.0105042016806722,0.5604279293040499,TUBA1B;GNAS;TUBB4B,EC-PTC
KEGG_2021_Human,Axon guidance,6/182,0.5808137943631163,0.9451059760848104,0,0,0.9757949449653486,0.5301738520252538,EPHA4;SEMA3D;CFL1;PAK2;MYL12A;MYL12B,EC-PTC
KEGG_2021_Human,Folate biosynthesis,1/26,0.5906627399159138,0.9451059760848104,0,0,1.14540059347181,0.6030649632611572,AKR1B1,EC-PTC
KEGG_2021_Human,Maturity onset diabetes of the young,1/26,0.5906627399159138,0.9451059760848104,0,0,1.14540059347181,0.6030649632611572,HES1,EC-PTC
KEGG_2021_Human,Lipid and atherosclerosis,7/215,0.5917848796221595,0.9451059760848104,0,0,0.9631146361123906,0.505261581344663,JUN;TNFSF10;CYCS;HSPA2;CALM2;ATF4;HSPA1A,EC-PTC
KEGG_2021_Human,Morphine addiction,3/91,0.5971314386557787,0.9451059760848104,0,0,0.9759030032467532,0.5031931787058133,GNG5;GNAS;GNG11,EC-PTC
KEGG_2021_Human,Alcoholism,6/186,0.6020564666735401,0.9451059760848104,0,0,0.9539113104135526,0.4840184523345417,PPP1CB;GNG5;GNAS;GNG11;CALM2;ATF4,EC-PTC
KEGG_2021_Human,Biosynthesis of unsaturated fatty acids,1/27,0.604495813289063,0.9451059760848104,0,0,1.101289659895001,0.5543457522389176,TECR,EC-PTC
KEGG_2021_Human,Fatty acid elongation,1/27,0.604495813289063,0.9451059760848104,0,0,1.101289659895001,0.5543457522389176,TECR,EC-PTC
KEGG_2021_Human,Small cell lung cancer,3/92,0.6045617174955468,0.9451059760848104,0,0,0.9648876404494382,0.4855811691496522,FN1;CYCS;ITGAV,EC-PTC
KEGG_2021_Human,Th1 and Th2 cell differentiation,3/92,0.6045617174955468,0.9451059760848104,0,0,0.9648876404494382,0.4855811691496522,JUN;STAT1;HLA-DPA1,EC-PTC
KEGG_2021_Human,Glycerolipid metabolism,2/61,0.6148536763423615,0.9538245880493592,0,0,0.9704082403606415,0.4719783914646248,AKR1B1;LPIN2,EC-PTC
KEGG_2021_Human,Phototransduction,1/28,0.6178620813275201,0.9538245880493592,0,0,1.0604462028794372,0.5105942589830559,CALM2,EC-PTC
KEGG_2021_Human,Osteoclast differentiation,4/127,0.6250906936533475,0.9549180762966758,0,0,0.9306338070832272,0.4372662324972322,JUN;STAT1;TNFRSF11B;SQSTM1,EC-PTC
KEGG_2021_Human,Staphylococcus aureus infection,3/95,0.6263025439678602,0.9549180762966758,0,0,0.9332783385093169,0.4367012124488543,DEFB1;KRT10;HLA-DPA1,EC-PTC
KEGG_2021_Human,Human cytomegalovirus infection,7/225,0.6394193879361086,0.9577676756151928,0,0,0.918454375652365,0.4107279480313571,GNG5;GNAS;CYCS;ITGAV;GNG11;CALM2;ATF4,EC-PTC
KEGG_2021_Human,Hepatitis B,5/162,0.6422907869552116,0.9577676756151928,0,0,0.9111132236904648,0.4033627060438433,JUN;YWHAQ;STAT1;CYCS;ATF4,EC-PTC
KEGG_2021_Human,Inflammatory mediator regulation of TRP channels,3/98,0.6472079839484058,0.9577676756151928,0,0,0.9036654135338346,0.3931735953522846,PPP1CB;GNAS;CALM2,EC-PTC
KEGG_2021_Human,Cortisol synthesis and secretion,2/65,0.6493801149489096,0.9577676756151928,0,0,0.908606335055072,0.3922790100160084,GNAS;ATF4,EC-PTC
KEGG_2021_Human,PI3K-Akt signaling pathway,11/354,0.6526224496135516,0.9577676756151928,0,0,0.9167954617303032,0.3912484180162157,RELN;ANGPT2;YWHAQ;GNG5;LPAR6;CDC37;RPS6;FN1;ITGAV;GNG11;ATF4,EC-PTC
KEGG_2021_Human,Asthma,1/31,0.6553147254209214,0.9577676756151928,0,0,0.9542532146389712,0.4033052560236506,HLA-DPA1,EC-PTC
KEGG_2021_Human,Galactose metabolism,1/31,0.6553147254209214,0.9577676756151928,0,0,0.9542532146389712,0.4033052560236506,AKR1B1,EC-PTC
KEGG_2021_Human,Wnt signaling pathway,5/166,0.663402007593599,0.9611044139745466,0,0,0.8882914619449337,0.3645318325553337,SFRP1;JUN;CSNK2B;SKP1;RBX1,EC-PTC
KEGG_2021_Human,Ras signaling pathway,7/232,0.6707808871609229,0.9611044139745466,0,0,0.8895542248835662,0.3552103367346132,RAB5C;ANGPT2;GNG5;GNG11;CALM2;PAK2;RASGRP3,EC-PTC
KEGG_2021_Human,Systemic lupus erythematosus,4/135,0.6723944871940394,0.9611044139745466,0,0,0.8734371622620903,0.3466760106131173,SSB;ACTN1;SNRPB;HLA-DPA1,EC-PTC
KEGG_2021_Human,Base excision repair,1/33,0.6782237372521006,0.9611044139745466,0,0,0.8945196587537092,0.3473223483683635,POLE4,EC-PTC
KEGG_2021_Human,Renin secretion,2/69,0.6814023712418941,0.9611044139745466,0,0,0.8541837617262868,0.3276668503296214,GNAS;CALM2,EC-PTC
KEGG_2021_Human,Yersinia infection,4/137,0.683554070005798,0.9611044139745466,0,0,0.860213125959459,0.327267669495851,JUN;ARPC2;ARPC3;FN1,EC-PTC
KEGG_2021_Human,C-type lectin receptor signaling pathway,3/104,0.6864870448303977,0.9611044139745466,0,0,0.8497171145685997,0.3196363240659557,JUN;STAT1;CALM2,EC-PTC
KEGG_2021_Human,Pentose and glucuronate interconversions,1/34,0.6891015887222991,0.9611044139745466,0,0,0.8673680424422264,0.3229788673313356,AKR1B1,EC-PTC
KEGG_2021_Human,Adherens junction,2/71,0.6964963410091171,0.9611044139745466,0,0,0.8293386739022762,0.2999657766657286,ACTN1;CSNK2B,EC-PTC
KEGG_2021_Human,"Parathyroid hormone synthesis, secretion and action",3/106,0.6988300808383193,0.9611044139745466,0,0,0.8331310679611651,0.2985505647020435,NACA;GNAS;ATF4,EC-PTC
KEGG_2021_Human,Chemical carcinogenesis,7/239,0.7003999777952161,0.9611044139745466,0,0,0.8623980487301259,0.3071031448853767,JUN;MGST3;GSTP1;GNAS;MGST2;AHR;ATF4,EC-PTC
KEGG_2021_Human,Tyrosine metabolism,1/36,0.7097680448226381,0.964919950574628,0,0,0.8177193726155151,0.2803281510263177,MIF,EC-PTC
KEGG_2021_Human,Inositol phosphate metabolism,2/73,0.7109936477918312,0.964919950574628,0,0,0.8058933093359563,0.274883586117582,TPI1;ITPK1,EC-PTC
KEGG_2021_Human,PPAR signaling pathway,2/74,0.7180224475575806,0.965959262634005,0,0,0.794659072147928,0.2632343510328997,FABP5;DBI,EC-PTC
KEGG_2021_Human,"Alanine, aspartate and glutamate metabolism",1/37,0.7195809891686514,0.965959262634005,0,0,0.7949637322782723,0.2616115905054395,ASRGL1,EC-PTC
KEGG_2021_Human,Allograft rejection,1/38,0.7290626238330323,0.9733971247932918,0,0,0.7734381265538536,0.244403081148321,HLA-DPA1,EC-PTC
KEGG_2021_Human,NOD-like receptor signaling pathway,5/181,0.7351315017637239,0.9762230157830096,0,0,0.8119487788331072,0.2498414149739687,GABARAPL2;JUN;STAT1;VDAC2;GABARAP,EC-PTC
KEGG_2021_Human,Cholinergic synapse,3/113,0.7391196226919787,0.9762703037696188,0,0,0.7798295454545454,0.2357389624379203,GNG5;GNG11;ATF4,EC-PTC
KEGG_2021_Human,"Glycine, serine and threonine metabolism",1/40,0.7470762671980009,0.9815310531803524,0,0,0.7336985467549266,0.2139376926374604,PGAM1,EC-PTC
KEGG_2021_Human,Graft-versus-host disease,1/42,0.7638938962757134,0.9936160062418276,0,0,0.6978359991315046,0.1879456425589759,HLA-DPA1,EC-PTC
KEGG_2021_Human,Type I diabetes mellitus,1/43,0.7718791957100388,0.9936160062418276,0,0,0.6811855305920588,0.1763774780856575,HLA-DPA1,EC-PTC
KEGG_2021_Human,Complement and coagulation cascades,2/85,0.7862100328082383,0.9936160062418276,0,0,0.6889489607762401,0.1657137925696981,TFPI;CD55,EC-PTC
KEGG_2021_Human,ErbB signaling pathway,2/85,0.7862100328082383,0.9936160062418276,0,0,0.6889489607762401,0.1657137925696981,JUN;PAK2,EC-PTC
KEGG_2021_Human,ABC transporters,1/45,0.7870498346724367,0.9936160062418276,0,0,0.6501551119503641,0.1556885553398686,DEFB1,EC-PTC
KEGG_2021_Human,Colorectal cancer,2/86,0.7916283708619021,0.9936160062418276,0,0,0.680711809240784,0.1590573173232746,JUN;CYCS,EC-PTC
KEGG_2021_Human,Type II diabetes mellitus,1/46,0.7942530576955317,0.9936160062418276,0,0,0.6356742499175734,0.1464295696883205,PKM,EC-PTC
KEGG_2021_Human,Hippo signaling pathway,4/163,0.8044335906459655,0.9936160062418276,0,0,0.7185745484539174,0.156373939296517,PPP1CB;SMAD1;YWHAQ;ID1,EC-PTC
KEGG_2021_Human,Intestinal immune network for IgA production,1/48,0.807937784082673,0.9936160062418276,0,0,0.6085611465370289,0.1297879716278769,HLA-DPA1,EC-PTC
KEGG_2021_Human,Sphingolipid metabolism,1/49,0.8144354242813096,0.9936160062418276,0,0,0.5958518793273986,0.1223046382235943,DEGS1,EC-PTC
KEGG_2021_Human,Arginine and proline metabolism,1/50,0.8207135556804277,0.9936160062418276,0,0,0.5836613577181614,0.1153204689991777,ODC1,EC-PTC
KEGG_2021_Human,FoxO signaling pathway,3/131,0.8231464933187652,0.9936160062418276,0,0,0.6695382254464286,0.13030626256252,GABARAPL2;TNFSF10;GABARAP,EC-PTC
KEGG_2021_Human,Calcium signaling pathway,6/240,0.8240617806210865,0.9936160062418276,0,0,0.7317082518876241,0.141592699482096,GNAS;VDAC2;SLC25A5;CALM2;SLC25A4;SLC25A6,EC-PTC
KEGG_2021_Human,Ovarian steroidogenesis,1/51,0.8267795833195803,0.9936160062418276,0,0,0.5719584569732937,0.1087963047977475,GNAS,EC-PTC
KEGG_2021_Human,Autoimmune thyroid disease,1/53,0.8383037080580404,0.9936160062418276,0,0,0.5499029901848893,0.0969890431336818,HLA-DPA1,EC-PTC
KEGG_2021_Human,Dilated cardiomyopathy,2/96,0.8394604000530975,0.9936160062418276,0,0,0.6079795137681389,0.1063939674568564,GNAS;ITGAV,EC-PTC
KEGG_2021_Human,Phosphatidylinositol signaling system,2/97,0.8436525483476756,0.9936160062418276,0,0,0.6015484476421366,0.1022719836485206,ITPK1;CALM2,EC-PTC
KEGG_2021_Human,Prostate cancer,2/97,0.8436525483476756,0.9936160062418276,0,0,0.6015484476421366,0.1022719836485206,GSTP1;ATF4,EC-PTC
KEGG_2021_Human,Fanconi anemia pathway,1/54,0.843775401381035,0.9936160062418276,0,0,0.5394994681148871,0.0916441984136467,HES1,EC-PTC
KEGG_2021_Human,Insulin signaling pathway,3/137,0.845495800017763,0.9936160062418276,0,0,0.6393590085287847,0.107304951059542,PPP1CB;RPS6;CALM2,EC-PTC
KEGG_2021_Human,Choline metabolism in cancer,2/98,0.8477451346212087,0.9936160062418276,0,0,0.595251362060426,0.0983207848980363,JUN;HIF1A,EC-PTC
KEGG_2021_Human,Melanogenesis,2/101,0.8594447652286678,0.9936160062418276,0,0,0.5771233884161076,0.0874161409630985,GNAS;CALM2,EC-PTC
KEGG_2021_Human,Chagas disease,2/102,0.8631582587977094,0.9936160062418276,0,0,0.5713224368499257,0.0840742229922134,JUN;GNAS,EC-PTC
KEGG_2021_Human,Signaling pathways regulating pluripotency of stem cells,3/143,0.8653535399102291,0.9936160062418276,0,0,0.6117665816326531,0.0884719327060257,SMAD1;ID1;ID3,EC-PTC
KEGG_2021_Human,Notch signaling pathway,1/59,0.8684820978218958,0.9936160062418276,0,0,0.4928629898700501,0.0694977754241862,HES1,EC-PTC
KEGG_2021_Human,VEGF signaling pathway,1/59,0.8684820978218958,0.9936160062418276,0,0,0.4928629898700501,0.0694977754241862,HSPB1,EC-PTC
KEGG_2021_Human,T cell receptor signaling pathway,2/104,0.8703168561709514,0.9936160062418276,0,0,0.5600617661626315,0.0777914206327273,JUN;PAK2,EC-PTC
KEGG_2021_Human,Toll-like receptor signaling pathway,2/104,0.8703168561709514,0.9936160062418276,0,0,0.5600617661626315,0.0777914206327273,JUN;STAT1,EC-PTC
KEGG_2021_Human,Long-term depression,1/60,0.872933900220553,0.9936160062418276,0,0,0.4844842327616557,0.0658391987974534,GNAS,EC-PTC
KEGG_2021_Human,Insulin resistance,2/108,0.8836112211542757,0.9962288321380016,0,0,0.5388152176960386,0.0666719756839425,PPP1CB;TBC1D4,EC-PTC
KEGG_2021_Human,Neutrophil extracellular trap formation,4/189,0.8849043607588848,0.9962288321380016,0,0,0.6167478954364201,0.075413284802897,VDAC2;SLC25A5;SLC25A4;SLC25A6,EC-PTC
KEGG_2021_Human,TNF signaling pathway,2/112,0.8956351114945811,0.9962288321380016,0,0,0.5191138727542888,0.0572178682196569,JUN;ATF4,EC-PTC
KEGG_2021_Human,Cushing syndrome,3/155,0.8984346668422653,0.9962288321380016,0,0,0.5631167763157895,0.0603105325947957,GNAS;AHR;ATF4,EC-PTC
KEGG_2021_Human,Acute myeloid leukemia,1/67,0.9001559040577031,0.9962288321380016,0,0,0.4329421814585019,0.0455400208247868,DUSP6,EC-PTC
KEGG_2021_Human,Prolactin signaling pathway,1/70,0.9099597808348784,0.9962288321380016,0,0,0.4140541005461661,0.0390680238661355,STAT1,EC-PTC
KEGG_2021_Human,RIG-I-like receptor signaling pathway,1/70,0.9099597808348784,0.9962288321380016,0,0,0.4140541005461661,0.0390680238661355,ISG15,EC-PTC
KEGG_2021_Human,Sphingolipid signaling pathway,2/119,0.9139368239057604,0.9962288321380016,0,0,0.4878779797056171,0.04390600814695,DEGS1;CTSD,EC-PTC
KEGG_2021_Human,Glioma,1/75,0.9242100195096464,0.9962288321380016,0,0,0.3859772235143155,0.0304211574297901,CALM2,EC-PTC
KEGG_2021_Human,Hepatocellular carcinoma,3/168,0.9258561617505752,0.9962288321380016,0,0,0.5183982683982684,0.0399355308085363,MGST3;GSTP1;MGST2,EC-PTC
KEGG_2021_Human,Pancreatic cancer,1/76,0.9267774921694594,0.9962288321380016,0,0,0.380811078140455,0.028957549274331,STAT1,EC-PTC
KEGG_2021_Human,Arrhythmogenic right ventricular cardiomyopathy,1/77,0.9292581104993314,0.9962288321380016,0,0,0.3757808839606434,0.0275705706626358,ITGAV,EC-PTC
KEGG_2021_Human,Purine metabolism,2/129,0.9349187292855528,0.9962288321380016,0,0,0.4492283932561922,0.0302311275137578,PKM;NME2,EC-PTC
KEGG_2021_Human,Natural killer cell mediated cytotoxicity,2/131,0.9384883140561872,0.9962288321380016,0,0,0.4422175380397848,0.0280741250182427,ICAM2;TNFSF10,EC-PTC
KEGG_2021_Human,Hypertrophic cardiomyopathy,1/90,0.9548117356060352,0.9962288321380016,0,0,0.3206748241256293,0.0148283545018312,ITGAV,EC-PTC
KEGG_2021_Human,Chemokine signaling pathway,3/192,0.9594181832943072,0.9962288321380016,0,0,0.4520030234315949,0.0187256885225988,GNG5;STAT1;GNG11,EC-PTC
KEGG_2021_Human,Transcriptional misregulation in cancer,3/192,0.9594181832943072,0.9962288321380016,0,0,0.4520030234315949,0.0187256885225988,SMAD1;LMO2;DUSP6,EC-PTC
KEGG_2021_Human,IL-17 signaling pathway,1/94,0.960635212752104,0.9962288321380016,0,0,0.306818544398711,0.0123219963950955,JUN,EC-PTC
KEGG_2021_Human,Breast cancer,2/147,0.9610468092347184,0.9962288321380016,0,0,0.3930932007993031,0.0156184428598681,JUN;HES1,EC-PTC
KEGG_2021_Human,Phospholipase D signaling pathway,2/148,0.9621549686438926,0.9962288321380016,0,0,0.3903804270390197,0.0150607797577381,LPAR6;GNAS,EC-PTC
KEGG_2021_Human,Glycerophospholipid metabolism,1/98,0.9657091352740352,0.9962288321380016,0,0,0.2941050506286518,0.0102620876281268,LPIN2,EC-PTC
KEGG_2021_Human,Progesterone-mediated oocyte maturation,1/100,0.9679956263689088,0.9962288321380016,0,0,0.2881335611305938,0.0093723248974687,ANAPC11,EC-PTC
KEGG_2021_Human,Viral protein interaction with cytokine and cytokine receptor,1/100,0.9679956263689088,0.9962288321380016,0,0,0.2881335611305938,0.0093723248974687,TNFSF10,EC-PTC
KEGG_2021_Human,NF-kappa B signaling pathway,1/104,0.9721219468266714,0.9963241529717336,0,0,0.2768862896488145,0.0078286892368796,CSNK2B,EC-PTC
KEGG_2021_Human,Cytokine-cytokine receptor interaction,4/295,0.9905976912108884,0.999995966288709,0,0,0.3899191338772207,0.0036834839908284,TNFSF12;TNFSF10;TNFRSF11B;GDF3,EC-PTC
KEGG_2021_Human,Neuroactive ligand-receptor interaction,5/341,0.9906652583018528,0.999995966288709,0,0,0.4217528429282161,0.0039554442314116,CALCRL;LPAR6;NPY1R;TSPO;SSTR2,EC-PTC
KEGG_2021_Human,MicroRNAs in cancer,4/310,0.9936113975926604,0.999995966288709,0,0,0.3705132326154505,0.00237465519634,MARCKS;RDX;VIM;SOX4,EC-PTC
KEGG_2021_Human,Herpes simplex virus 1 infection,8/498,0.9949039297080888,0.999995966288709,0,0,0.4610347887280849,0.0023554726280694,PPP1CB;BST2;STAT1;EIF2AK2;CYCS;SRSF5;HLA-DPA1;SRSF9,EC-PTC
KEGG_2021_Human,JAK-STAT signaling pathway,1/162,0.9962429341747292,0.999995966288709,0,0,0.1766039405053726,0.0006647621905640202,STAT1,EC-PTC
KEGG_2021_Human,Olfactory transduction,1/440,0.999995966288709,0.999995966288709,0,0,0.0638286367046768,2.574668118375735e-07,CALM2,EC-PTC
Reactome_2022,Eukaryotic Translation Elongation R-HSA-156842,72/90,5.227572076696279e-90,5.6300951266018935e-87,0,0,128.07296849087894,26329.075831274164,RPL4;RPL5;RPL30;RPL3;RPL32;RPL34;RPLP1;RPLP0;RPL10A;RPL8;RPL9;RPL6;EEF1B2;RPS15;RPS4X;RPL7A;RPS14;RPS16;RPL18A;RPS19;RPL36AL;RPL36;RPL35;RPL38;RPL37;RPS11;RPL39;RPS10;RPS13;RPS12;RPS9;RPL21;RPS7;RPS8;RPS5;RPL22;RPS6;RPL13A;RPS3A;RPSA;EEF1A1;EEF1G;RPL37A;RPL27;RPL26;RPL29;RPL28;UBA52;RPL12;RPL11;RPL36A;RPS4Y1;RPS15A;RPL14;RPS3;RPL15;RPS2;RPL18;RPS27A;RPL19;RPL41;RPL35A;RPL23A;RPS25;RPS28;RPS27;RPS29;FAU;RPS21;RSL24D1;RPS24;RPS23,EC-PTC
Reactome_2022,Peptide Chain Elongation R-HSA-156902,70/86,1.5388545718036505e-88,8.286731869162658e-86,0,0,139.63119834710744,28232.932591061697,RPL4;RPL5;RPL30;RPL3;RPL32;RPL34;RPLP1;RPLP0;RPL10A;RPL8;RPL9;RPL6;RPS15;RPS4X;RPL7A;RPS14;RPS16;RPL18A;RPS19;RPL36AL;RPL36;RPL35;RPL38;RPL37;RPS11;RPL39;RPS10;RPS13;RPS12;RPS9;RPL21;RPS7;RPS8;RPS5;RPL22;RPS6;RPL13A;RPS3A;RPSA;EEF1A1;RPL37A;RPL27;RPL26;RPL29;RPL28;UBA52;RPL12;RPL11;RPL36A;RPS4Y1;RPS15A;RPL14;RPS3;RPL15;RPS2;RPL18;RPS27A;RPL19;RPL41;RPL35A;RPL23A;RPS25;RPS28;RPS27;RPS29;FAU;RPS21;RSL24D1;RPS24;RPS23,EC-PTC
Reactome_2022,SRP-dependent Cotranslational Protein Targeting To Membrane R-HSA-1799339,76/108,2.013427710462164e-87,7.228205480559168e-85,0,0,76.49561769616027,15270.442615970083,RPL4;RPL5;RPL30;RPL3;RPL32;RPL34;RPLP1;RPLP0;RPL10A;RPL8;SRP14;RPL9;RPL6;RPS15;RPS4X;RPS14;RPL7A;SEC61A1;RPS16;RPL18A;RPS19;RPL36AL;RPL36;RPL35;RPL38;RPL37;SEC61B;RPS11;RPL39;RPS10;RPS13;RPS12;RPS9;RPL21;RPS7;SSR4;RPS8;RPS5;SSR2;RPL22;RPS6;RPL13A;RPSA;RPS3A;RPL37A;RPL27;RPL26;RPL29;RPL28;UBA52;RPN2;RPL12;RPL11;RPL36A;RPS4Y1;RPS15A;RPL14;RPS3;RPL15;RPS2;RPL18;RPS27A;RPL19;SEC11C;RPL41;RPL35A;RPL23A;RPS25;RPS28;RPS27;RPS29;FAU;RPS21;RSL24D1;RPS24;RPS23,EC-PTC
Reactome_2022,GTP Hydrolysis And Joining Of 60S Ribosomal Subunit R-HSA-72706,76/109,6.454214760165042e-87,1.7377973241744374e-84,0,0,74.17372388323975,14720.529830772528,RPL4;EIF4A1;RPL5;RPL30;RPL3;RPL32;RPL34;RPLP1;RPLP0;RPL10A;RPL8;RPL9;RPL6;RPS15;RPS4X;RPS14;RPL7A;RPS16;RPL18A;RPS19;RPL36AL;RPL36;RPL35;RPL38;RPL37;RPS11;RPL39;RPS10;RPS13;RPS12;RPS9;RPL21;RPS7;RPS8;RPS5;RPL22;RPS6;RPL13A;RPSA;RPS3A;RPL37A;RPL27;RPL26;RPL29;RPL28;UBA52;RPL12;RPL11;RPL36A;RPS4Y1;RPS15A;EIF4H;RPL14;RPS3;RPL15;RPS2;RPL18;RPS27A;RPL19;RPL41;RPL35A;RPL23A;EIF2S2;RPS25;RPS28;EIF5;RPS27;EIF3K;RPS29;EIF3I;EIF3G;FAU;RPS21;RSL24D1;RPS24;RPS23,EC-PTC
Reactome_2022,Eukaryotic Translation Termination R-HSA-72764,70/90,7.194611399783823e-86,1.5497192955134357e-83,0,0,111.6818181818182,21895.107172144355,RPL4;RPL5;RPL30;RPL3;RPL32;RPL34;RPLP1;RPLP0;RPL10A;RPL8;RPL9;RPL6;RPS15;RPS4X;RPL7A;RPS14;TRMT112;RPS16;RPL18A;RPS19;RPL36AL;RPL36;RPL35;RPL38;RPL37;RPS11;RPL39;RPS10;RPS13;RPS12;RPS9;RPL21;RPS7;RPS8;RPS5;RPL22;RPS6;RPL13A;RPS3A;RPSA;RPL37A;RPL27;RPL26;RPL29;RPL28;UBA52;RPL12;RPL11;RPL36A;RPS4Y1;RPS15A;RPL14;RPS3;RPL15;RPS2;RPL18;RPS27A;RPL19;RPL41;RPL35A;RPL23A;RPS25;RPS28;RPS27;RPS29;FAU;RPS21;RSL24D1;RPS24;RPS23,EC-PTC
Reactome_2022,L13a-mediated Translational Silencing Of Ceruloplasmin Expression R-HSA-156827,75/108,1.4931406762726302e-85,2.6801875139093717e-83,0,0,73.07575757575758,14273.073017817342,RPL4;EIF4A1;RPL5;RPL30;RPL3;RPL32;RPL34;RPLP1;RPLP0;RPL10A;RPL8;RPL9;RPL6;RPS15;RPS4X;RPS14;RPL7A;RPS16;RPL18A;RPS19;RPL36AL;RPL36;RPL35;RPL38;RPL37;RPS11;RPL39;RPS10;RPS13;RPS12;RPS9;RPL21;RPS7;RPS8;RPS5;RPL22;RPS6;RPL13A;RPSA;RPS3A;RPL37A;RPL27;RPL26;RPL29;RPL28;UBA52;RPL12;RPL11;RPL36A;RPS4Y1;RPS15A;EIF4H;RPL14;RPS3;RPL15;RPS2;RPL18;RPS27A;RPL19;RPL41;RPL35A;RPL23A;EIF2S2;RPS25;RPS28;RPS27;EIF3K;RPS29;EIF3I;EIF3G;FAU;RPS21;RSL24D1;RPS24;RPS23,EC-PTC
Reactome_2022,Formation Of A Pool Of Free 40S Subunits R-HSA-72689,72/98,4.14017048251094e-85,6.369948013806118e-83,0,0,88.62916188289323,17220.557164686266,RPL4;RPL5;RPL30;RPL3;RPL32;RPL34;RPLP1;RPLP0;RPL10A;RPL8;RPL9;RPL6;RPS15;RPS4X;RPS14;RPL7A;RPS16;RPL18A;RPS19;RPL36AL;RPL36;RPL35;RPL38;RPL37;RPS11;RPL39;RPS10;RPS13;RPS12;RPS9;RPL21;RPS7;RPS8;RPS5;RPL22;RPS6;RPL13A;RPSA;RPS3A;RPL37A;RPL27;RPL26;RPL29;RPL28;UBA52;RPL12;RPL11;RPL36A;RPS4Y1;RPS15A;RPL14;RPS3;RPL15;RPS2;RPL18;RPS27A;RPL19;RPL41;RPL35A;RPL23A;RPS25;RPS28;RPS27;EIF3K;RPS29;EIF3I;EIF3G;FAU;RPS21;RSL24D1;RPS24;RPS23,EC-PTC
Reactome_2022,Selenocysteine Synthesis R-HSA-2408557,69/90,7.650957835398116e-84,9.155646209693079e-82,0,0,104.66572371522868,20031.168711361304,RPL4;RPL5;RPL30;RPL3;RPL32;RPL34;RPLP1;RPLP0;RPL10A;RPL8;RPL9;RPL6;RPS15;RPS4X;RPL7A;RPS14;RPS16;RPL18A;RPS19;RPL36AL;RPL36;RPL35;RPL38;RPL37;RPS11;RPL39;RPS10;RPS13;RPS12;RPS9;RPL21;RPS7;RPS8;RPS5;RPL22;RPS6;RPL13A;RPS3A;RPSA;RPL37A;RPL27;RPL26;RPL29;RPL28;UBA52;RPL12;RPL11;RPL36A;RPS4Y1;RPS15A;RPL14;RPS3;RPL15;RPS2;RPL18;RPS27A;RPL19;RPL41;RPL35A;RPL23A;RPS25;RPS28;RPS27;RPS29;FAU;RPS21;RSL24D1;RPS24;RPS23,EC-PTC
Reactome_2022,Viral mRNA Translation R-HSA-192823,69/90,7.650957835398116e-84,9.155646209693079e-82,0,0,104.66572371522868,20031.168711361304,RPL4;RPL5;RPL30;RPL3;RPL32;RPL34;RPLP1;RPLP0;RPL10A;RPL8;RPL9;RPL6;RPS15;RPS4X;RPL7A;RPS14;RPS16;RPL18A;RPS19;RPL36AL;RPL36;RPL35;RPL38;RPL37;RPS11;RPL39;RPS10;RPS13;RPS12;RPS9;RPL21;RPS7;RPS8;RPS5;RPL22;RPS6;RPL13A;RPS3A;RPSA;RPL37A;RPL27;RPL26;RPL29;RPL28;UBA52;RPL12;RPL11;RPL36A;RPS4Y1;RPS15A;RPL14;RPS3;RPL15;RPS2;RPL18;RPS27A;RPL19;RPL41;RPL35A;RPL23A;RPS25;RPS28;RPS27;RPS29;FAU;RPS21;RSL24D1;RPS24;RPS23,EC-PTC
Reactome_2022,Cap-dependent Translation Initiation R-HSA-72737,76/116,1.3087170764192858e-83,1.4094882913035706e-81,0,0,61.17111853088481,11674.23364313968,RPL4;EIF4A1;RPL5;RPL30;RPL3;RPL32;RPL34;RPLP1;RPLP0;RPL10A;RPL8;RPL9;RPL6;RPS15;RPS4X;RPS14;RPL7A;RPS16;RPL18A;RPS19;RPL36AL;RPL36;RPL35;RPL38;RPL37;RPS11;RPL39;RPS10;RPS13;RPS12;RPS9;RPL21;RPS7;RPS8;RPS5;RPL22;RPS6;RPL13A;RPSA;RPS3A;RPL37A;RPL27;RPL26;RPL29;RPL28;UBA52;RPL12;RPL11;RPL36A;RPS4Y1;RPS15A;EIF4H;RPL14;RPS3;RPL15;RPS2;RPL18;RPS27A;RPL19;RPL41;RPL35A;RPL23A;EIF2S2;RPS25;RPS28;EIF5;RPS27;EIF3K;RPS29;EIF3I;EIF3G;FAU;RPS21;RSL24D1;RPS24;RPS23,EC-PTC
Reactome_2022,Response Of EIF2AK4 (GCN2) To Amino Acid Deficiency R-HSA-9633012,71/98,3.532689753832917e-83,3.45882442261641e-81,0,0,84.01753740495462,15950.93978632389,RPL4;RPL5;RPL30;RPL3;RPL32;RPL34;RPLP1;RPLP0;RPL10A;RPL8;RPL9;RPL6;RPS15;RPS4X;RPS14;RPL7A;RPS16;RPL18A;RPS19;RPL36AL;RPL36;RPL35;RPL38;RPL37;RPS11;RPL39;RPS10;RPS13;RPS12;RPS9;RPL21;RPS7;RPS8;RPS5;RPL22;RPS6;RPL13A;RPSA;RPS3A;RPL37A;RPL27;RPL26;RPL29;RPL28;UBA52;ATF4;RPL12;RPL11;RPL36A;RPS4Y1;RPS15A;RPL14;RPS3;RPL15;RPS2;RPL18;RPS27A;RPL19;RPL41;RPL35A;RPL23A;EIF2S2;RPS25;RPS28;RPS27;RPS29;FAU;RPS21;RSL24D1;RPS24;RPS23,EC-PTC
Reactome_2022,Nonsense Mediated Decay (NMD) Independent Of Exon Junction Complex (EJC) R-HSA-975956,69/92,1.1916679766619149e-82,1.0695220090540688e-80,0,0,95.55445544554456,18025.069848885723,RPL4;RPL5;RPL30;RPL3;RPL32;RPL34;RPLP1;RPLP0;RPL10A;RPL8;RPL9;RPL6;RPS15;RPS4X;RPL7A;RPS14;RPS16;RPL18A;RPS19;RPL36AL;RPL36;RPL35;RPL38;RPL37;RPS11;RPL39;RPS10;RPS13;RPS12;RPS9;RPL21;RPS7;RPS8;RPS5;RPL22;RPS6;RPL13A;RPS3A;RPSA;RPL37A;RPL27;RPL26;RPL29;RPL28;UBA52;RPL12;RPL11;RPL36A;RPS4Y1;RPS15A;RPL14;RPS3;RPL15;RPS2;RPL18;RPS27A;RPL19;RPL41;RPL35A;RPL23A;RPS25;RPS28;RPS27;RPS29;FAU;RPS21;RSL24D1;RPS24;RPS23,EC-PTC
Reactome_2022,Regulation Of Expression Of SLITs And ROBOs R-HSA-9010553,86/167,1.0713751176898362e-81,8.875930782707337e-80,0,0,34.68913622167725,6467.4581517550405,RPL4;RPL5;RPL30;RPL3;RPL32;RPL34;RPLP1;RPLP0;RPL10A;RPL8;RPL9;RPL6;RPS15;RPS4X;RPS14;RPL7A;RPS16;RPL18A;RPS19;RPL36AL;RPL36;RPL35;RPL38;ELOB;RPL37;ELOC;RPS11;RPL39;RPS10;RPS13;RPS12;RPS9;RPL21;RPS7;RPS8;RPS5;RPL22;RPS6;RPL13A;RPSA;RPS3A;RBX1;PSMA6;PSMA4;PSMA2;RPL37A;PSME1;PSME2;RPL27;RPL26;RPL29;RPL28;UBA52;RBM8A;RPL12;RPL11;RPL36A;RPS4Y1;PSMB6;PSMB5;RPS15A;UBB;PSMB2;PSMB3;PSMB1;RPL14;RPS3;RPL15;RPS2;RPL18;RPS27A;RPL19;RPL41;RPL35A;RPL23A;PSMB8;PSMB9;RPS25;RPS28;RPS27;RPS29;FAU;RPS21;RSL24D1;RPS24;RPS23,EC-PTC
Reactome_2022,Translation R-HSA-72766,103/281,3.9340471347106673e-79,3.0264062600595635e-77,0,0,19.36965702836489,3496.892385877712,RPL4;EIF4A1;RPL5;RPL30;RPL3;RPL32;RPL34;RPL8;RPL10A;SRP14;RPL9;RPL6;RPS15;EEF1B2;RPS14;RPS16;RPL18A;RPS19;RPL36AL;RPL36;RPL35;RPL38;RPL37;RPS11;RPL39;RPS10;RPS13;RPS12;RPS9;RPL21;RPS7;RPS8;RPS5;RPL22;RPS6;RPSA;MRPS18C;TUFM;EEF1A1;RPL27;RPL26;AURKAIP1;RPL29;RPL28;UBA52;RPN2;MRPL17;MRPL14;RPS4Y1;MRPL20;RPL41;EIF2S2;RPS25;RPS28;EIF5;RPS27;RPS29;RPS21;RSL24D1;RPS24;RPS23;RPLP1;RPLP0;MRPL34;MRPL33;RPS4X;TRMT112;RPL7A;SEC61A1;SEC61B;MRPS24;SSR4;SSR2;RPL13A;RPS3A;MRPS6;MRPL52;EEF1G;MRPL51;RPL37A;RPL12;MRPS34;RPL11;RPL36A;MRPL57;MRPL54;RPS15A;RPL14;RPS3;EIF4H;RPL15;RPS2;RPL18;RPS27A;RPL19;SEC11C;GADD45GIP1;RPL35A;RPL23A;EIF3K;EIF3I;EIF3G;FAU,EC-PTC
Reactome_2022,Influenza Infection R-HSA-168255,80/157,1.802936162113177e-75,1.2945081643972613e-73,0,0,33.60995307213795,5784.423006857778,RPL4;RPL5;RPL30;RPL3;RPL32;RPL34;RPLP1;RPLP0;CLTA;RPL10A;RPL8;RPL9;RPL6;RPS15;RPS4X;RPS14;RPL7A;RPS16;RPL18A;RPS19;RPL36AL;RPL36;RPL35;RPL38;RPL37;RPS11;RPL39;RPS10;RPS13;RPS12;RPS9;RPL21;RPS7;RPS8;RPS5;RPL22;RPS6;RPL13A;RPSA;RPS3A;RPL37A;RPL27;RPL26;RPL29;RPL28;UBA52;SLC25A6;RPL12;RPL11;RPL36A;RPS4Y1;RPS15A;RPL14;RPS3;POLR2F;POLR2H;RPL15;RPS2;RPL18;RPS27A;POLR2J;POLR2K;POLR2L;RPL19;RPL41;EIF2AK2;RPL35A;ISG15;RPL23A;RPS25;RPS28;RPS27;RPS29;FAU;RPS21;RSL24D1;RPS24;RAN;RPS23;HSPA1A,EC-PTC
Reactome_2022,Signaling By ROBO Receptors R-HSA-376176,89/209,3.746739518781792e-75,2.5220240385799935e-73,0,0,24.306669510807737,4165.506776227463,RPL4;RPL5;RPL30;RPL3;RPL32;RPL34;RPLP1;RPLP0;RPL8;RPL10A;RPL9;RPL6;RPS15;RPS4X;RPS14;RPL7A;RPS16;RPL18A;RPS19;RPL36AL;RPL36;RPL35;RPL38;ELOB;RPL37;ELOC;RPS11;RPL39;RPS10;RPS13;RPS12;RPS9;RPL21;RPS7;RPS8;RPS5;RPL22;RPS6;RPL13A;RPSA;RPS3A;RNASE1;RBX1;PSMA6;PSMA4;PSMA2;RPL37A;PSME1;PSME2;RPL27;RPL26;PFN1;RPL29;RPL28;UBA52;RBM8A;RPL12;RPL11;RPL36A;RPS4Y1;PSMB6;PSMB5;RPS15A;PSMB2;UBB;PSMB3;PSMB1;RPL14;RPS3;RPL15;RPS2;RPL18;RPS27A;RPL19;VASP;RPL41;RPL35A;RPL23A;PSMB8;PSMB9;RPS25;RPS28;RPS27;RPS29;FAU;RPS21;RSL24D1;RPS24;RPS23,EC-PTC
Reactome_2022,Nonsense Mediated Decay (NMD) Enhanced By Exon Junction Complex (EJC) R-HSA-975957,70/112,8.515315369617795e-75,5.394702737104921e-73,0,0,53.121212121212125,9059.929799672136,RPL4;RPL5;RPL30;RPL3;RPL32;RPL34;RPLP1;RPLP0;RPL10A;RPL8;RPL9;RPL6;RPS15;RPS4X;RPS14;RPL7A;RPS16;RPL18A;RPS19;RPL36AL;RPL36;RPL35;RPL38;RPL37;RPS11;RPL39;RPS10;RPS13;RPS12;RPS9;RPL21;RPS7;RPS8;RPS5;RPL22;RPS6;RPL13A;RPSA;RPS3A;RPL37A;RPL27;RPL26;RPL29;RPL28;UBA52;RBM8A;RPL12;RPL11;RPL36A;RPS4Y1;RPS15A;RPL14;RPS3;RPL15;RPS2;RPL18;RPS27A;RPL19;RPL41;RPL35A;RPL23A;RPS25;RPS28;RPS27;RPS29;FAU;RPS21;RSL24D1;RPS24;RPS23,EC-PTC
Reactome_2022,Influenza Viral RNA Transcription And Replication R-HSA-168273,74/137,2.4907518388102203e-72,1.4902998502214485e-70,0,0,37.64593402530175,6206.818487939058,RPL4;RPL5;RPL30;RPL3;RPL32;RPL34;RPLP1;RPLP0;RPL10A;RPL8;RPL9;RPL6;RPS15;RPS4X;RPS14;RPL7A;RPS16;RPL18A;RPS19;RPL36AL;RPL36;RPL35;RPL38;RPL37;RPS11;RPL39;RPS10;RPS13;RPS12;RPS9;RPL21;RPS7;RPS8;RPS5;RPL22;RPS6;RPL13A;RPSA;RPS3A;RPL37A;RPL27;RPL26;RPL29;RPL28;UBA52;RPL12;RPL11;RPL36A;RPS4Y1;RPS15A;RPL14;RPS3;POLR2F;POLR2H;RPL15;RPS2;RPL18;RPS27A;POLR2J;POLR2K;POLR2L;RPL19;RPL41;RPL35A;RPL23A;RPS25;RPS28;RPS27;RPS29;FAU;RPS21;RSL24D1;RPS24;RPS23,EC-PTC
Reactome_2022,Selenoamino Acid Metabolism R-HSA-2408522,69/114,2.704578597413416e-72,1.5330690260074994e-70,0,0,48.78327832783278,8039.054028301289,RPL4;RPL5;RPL30;RPL3;RPL32;RPL34;RPLP1;RPLP0;RPL10A;RPL8;RPL9;RPL6;RPS15;RPS4X;RPS14;RPL7A;RPS16;RPL18A;RPS19;RPL36AL;RPL36;RPL35;RPL38;RPL37;RPS11;RPL39;RPS10;RPS13;RPS12;RPS9;RPL21;RPS7;RPS8;RPS5;RPL22;RPS6;RPL13A;RPSA;RPS3A;RPL37A;RPL27;RPL26;RPL29;RPL28;UBA52;RPL12;RPL11;RPL36A;RPS4Y1;RPS15A;RPL14;RPS3;RPL15;RPS2;RPL18;RPS27A;RPL19;RPL41;RPL35A;RPL23A;RPS25;RPS28;RPS27;RPS29;FAU;RPS21;RSL24D1;RPS24;RPS23,EC-PTC
Reactome_2022,Cellular Response To Starvation R-HSA-9711097,77/153,4.442867929012492e-72,2.392484379773227e-70,0,0,32.61250220031685,5358.0653939179165,RPL4;RPL5;RPL30;RPL3;RPL32;RPL34;RPLP1;RPLP0;RPL10A;RPL8;RPL9;RPL6;RPS15;RPS4X;RPS14;RPL7A;RPS16;RPL18A;RPS19;RPL36AL;RPL36;RPL35;RPL38;RPL37;RPS11;RPL39;RPS10;RPS13;RPS12;ATP6V1G1;RPS9;ATP6V0B;ATP6V0E1;RPL21;RPS7;RPS8;RPS5;RPL22;RPS6;RPL13A;RPSA;RPS3A;RRAGA;RPL37A;RPL27;RPL26;RPL29;RPL28;UBA52;ATP6V0C;ATF4;RPL12;RPL11;RPL36A;RPS4Y1;RPS15A;RPL14;RPS3;RPL15;RPS2;RPL18;RPS27A;RPL19;RPL41;RPL35A;RPL23A;EIF2S2;RPS25;RPS28;RPS27;RPS29;FAU;LAMTOR1;RPS21;RSL24D1;RPS24;RPS23,EC-PTC
Reactome_2022,Cellular Responses To Stress R-HSA-2262752,138/722,1.289651323980283e-65,6.614068932984593e-64,0,0,8.246785796280706,1232.1824420837015,RPL4;RPL5;RPL30;RPL3;RPL32;RPL34;UBE2D2;RPL8;RPL10A;COX6A1;RPL9;RPL6;RPS15;RPS14;RPS16;RPL18A;RPS19;RPL36AL;RPL36;RPL35;RPL38;RPL37;RPS11;RPL39;RPS10;RPS13;RPS12;SKP1;RPS9;ATP6V1G1;ATP6V0E1;RPL21;RPS7;RPS8;RPS5;RPL22;RPS6;RPSA;RBX1;COX6B1;EEF1A1;RRAGA;CSNK2B;PSME1;PSME2;RPL27;RPL26;RPL29;TLN1;RPL28;UBA52;SQSTM1;ATF4;VCP;ANAPC16;RPS19BP1;RPS4Y1;HIF1A;NPAS2;ANAPC11;PRDX2;PRDX5;UBB;PRDX1;BAG1;SERPINH1;IGFBP7;COX14;RPL41;JUN;SURF1;HSPA2;EIF2S2;RPS25;RPS28;RPS27;RPS29;ID1;CYCS;RSL24D1;RPS21;RPS24;RPS23;COX20;COX7B;RPLP1;COX4I1;RPLP0;COX7C;RPS4X;RPL7A;MYDGF;MAP1LC3B;ELOB;ELOC;COX8A;ATP6V0B;HSBP1;RPL13A;RPS3A;DYNLL1;PSMA6;PSMA4;PSMA2;RPL37A;CRYAB;ATP6V0C;GSTP1;RPL12;RPL11;RPL36A;COX5B;COX5A;PSMB6;RPS15A;PSMB5;PSMB2;PSMB3;PSMB1;RPS3;RPL14;RPL15;RPS2;RPL18;RPS27A;RPL19;EGLN3;RPL35A;RPL23A;COX6C;PSMB8;ATOX1;PSMB9;SOD1;CAPZA2;LAMTOR1;FAU;HSPA1A,EC-PTC
Reactome_2022,Cellular Responses To Stimuli R-HSA-8953897,139/736,2.021597290845192e-65,9.89663764654669e-64,0,0,8.135178379459486,1211.84987632387,RPL4;RPL5;RPL30;RPL3;RPL32;RPL34;UBE2D2;RPL8;RPL10A;COX6A1;RPL9;RPL6;RPS15;RPS14;MT2A;RPS16;RPL18A;RPS19;RPL36AL;RPL36;RPL35;RPL38;RPL37;RPS11;RPL39;RPS10;RPS13;RPS12;SKP1;RPS9;ATP6V1G1;ATP6V0E1;RPL21;RPS7;RPS8;RPS5;RPL22;RPS6;RPSA;RBX1;COX6B1;EEF1A1;RRAGA;CSNK2B;PSME1;PSME2;RPL27;RPL26;RPL29;TLN1;RPL28;UBA52;SQSTM1;ATF4;VCP;ANAPC16;RPS19BP1;RPS4Y1;HIF1A;NPAS2;ANAPC11;PRDX2;PRDX5;UBB;PRDX1;BAG1;SERPINH1;IGFBP7;COX14;RPL41;JUN;SURF1;HSPA2;EIF2S2;RPS25;RPS28;RPS27;RPS29;ID1;CYCS;RSL24D1;RPS21;RPS24;RPS23;COX20;COX7B;RPLP1;COX4I1;RPLP0;COX7C;RPS4X;RPL7A;MYDGF;MAP1LC3B;ELOB;ELOC;COX8A;ATP6V0B;HSBP1;RPL13A;RPS3A;DYNLL1;PSMA6;PSMA4;PSMA2;RPL37A;CRYAB;ATP6V0C;GSTP1;RPL12;RPL11;RPL36A;COX5B;COX5A;PSMB6;RPS15A;PSMB5;PSMB2;PSMB3;PSMB1;RPS3;RPL14;RPL15;RPS2;RPL18;RPS27A;RPL19;EGLN3;RPL35A;RPL23A;COX6C;PSMB8;ATOX1;PSMB9;SOD1;CAPZA2;LAMTOR1;FAU;HSPA1A,EC-PTC
Reactome_2022,rRNA Processing In Nucleus And Cytosol R-HSA-8868773,72/189,1.4448004185144036e-56,6.765435003217447e-55,0,0,19.602500318918228,2520.4266456711243,RPL4;RPL5;RPL30;RPL3;RPL32;RPL34;RPLP1;RPLP0;RPL10A;RPL8;RPL9;RPL6;RPS15;RPS4X;RPS14;RPL7A;TRMT112;RPS16;RPL18A;RPS19;RPL36AL;RPL36;RPL35;RPL38;RPL37;RPS11;RPL39;RPS10;RPS13;RPS12;RPS9;RPL21;RPS7;RPS8;RPS5;RPL22;RPS6;RPL13A;RPSA;RPS3A;RPL37A;RPL27;RPL26;RPL29;RPL28;UBA52;RPL12;RPL11;RPL36A;SNU13;RPS4Y1;RPS15A;RPL14;RPS3;RPL15;RPS2;RPL18;RPS27A;RPL19;RPL41;RPL35A;RPL23A;RPS25;RPS28;RPS27;RPS29;FAU;RPS21;RSL24D1;NOP10;RPS24;RPS23,EC-PTC
Reactome_2022,Major Pathway Of rRNA Processing In Nucleolus And Cytosol R-HSA-6791226,70/179,6.112230257995553e-56,2.7428633282755036e-54,0,0,20.39760406399272,2593.2386529987907,RPL4;RPL5;RPL30;RPL3;RPL32;RPL34;RPLP1;RPLP0;RPL10A;RPL8;RPL9;RPL6;RPS15;RPS4X;RPS14;RPL7A;RPS16;RPL18A;RPS19;RPL36AL;RPL36;RPL35;RPL38;RPL37;RPS11;RPL39;RPS10;RPS13;RPS12;RPS9;RPL21;RPS7;RPS8;RPS5;RPL22;RPS6;RPL13A;RPSA;RPS3A;RPL37A;RPL27;RPL26;RPL29;RPL28;UBA52;RPL12;RPL11;RPL36A;SNU13;RPS4Y1;RPS15A;RPL14;RPS3;RPL15;RPS2;RPL18;RPS27A;RPL19;RPL41;RPL35A;RPL23A;RPS25;RPS28;RPS27;RPS29;FAU;RPS21;RSL24D1;RPS24;RPS23,EC-PTC
Reactome_2022,rRNA Processing R-HSA-72312,72/199,1.0871655688356588e-54,4.683509270544018e-53,0,0,18.04959454695029,2242.7708010149345,RPL4;RPL5;RPL30;RPL3;RPL32;RPL34;RPLP1;RPLP0;RPL8;RPL10A;RPL9;RPL6;RPS15;RPS4X;RPS14;TRMT112;RPL7A;RPS16;RPL18A;RPS19;RPL36AL;RPL36;RPL35;RPL38;RPL37;RPS11;RPL39;RPS10;RPS13;RPS12;RPS9;RPL21;RPS7;RPS8;RPS5;RPL22;RPS6;RPL13A;RPSA;RPS3A;RPL37A;RPL27;RPL26;RPL29;RPL28;UBA52;RPL12;RPL11;RPL36A;SNU13;RPS4Y1;RPS15A;RPL14;RPS3;RPL15;RPS2;RPL18;RPS27A;RPL19;RPL41;RPL35A;RPL23A;RPS25;RPS28;RPS27;RPS29;FAU;RPS21;RSL24D1;RPS24;NOP10;RPS23,EC-PTC
Reactome_2022,Axon Guidance R-HSA-422475,107/519,8.48580183717596e-54,3.515080222553273e-52,0,0,8.647660843702994,1056.7545377147894,RPL4;RPL5;RPL30;RPL3;RPL32;RPL34;RPL8;RPL10A;RPL9;RPL6;RPS15;RPS14;RPS16;RPL18A;RPS19;RPL36AL;RPL36;RPL35;RPL38;RPL37;RPS11;RPL39;RPS10;AP2M1;RPS13;RPS12;EPHA4;RPS9;RPL21;RPS7;RPS8;RPS5;RPL22;RPS6;RPSA;RNASE1;RBX1;MYL6;CSNK2B;PSME1;PSME2;RPL27;RPL26;RPL29;PFN1;TLN1;RPL28;UBA52;RBM8A;RPS4Y1;MYL12A;MYL12B;SDCBP;UBB;VASP;PRNP;RPL41;RDX;RPS25;RPS28;RPS27;ARPC2;ARPC3;RPS29;CD24;RSL24D1;RPS21;RPS24;RPS23;RPLP1;RPLP0;CLTA;RPS4X;RPL7A;ELOB;ITGAV;ELOC;RPL13A;RPS3A;RHOC;PSMA6;PSMA4;PSMA2;RPL37A;RPL12;RPL11;RPL36A;PSMB6;PSMB5;RPS15A;RELN;PSMB2;PSMB3;PSMB1;AP2S1;RPL14;RPS3;RPL15;RPS2;RPL18;RPS27A;RPL19;RPL35A;RPL23A;PSMB8;PSMB9;FAU,EC-PTC
Reactome_2022,Infectious Disease R-HSA-5663205,141/961,4.0608732137200986e-52,1.6198372041394617e-50,0,0,5.958721567552754,705.11355899422,RPL4;RPL5;RPL30;RPL3;RPL32;RPL34;ENO1;RPL8;RPL10A;RPL9;RPL6;RPS15;RPS14;RPS16;RPL18A;RPS19;SNRPD2;RPL36AL;RPL36;RPL35;RPL38;RPL37;RPS11;RPL39;RPS10;AP2M1;RPS13;RPS12;SKP1;RPS9;RPL21;RPS7;RPS8;RPS5;RPL22;RPS6;RPSA;ATP1B3;ATP1B1;RNASE1;RBX1;TUFM;PSME1;SNRPG;PSME2;RPL27;SNRPE;RPL26;RPL29;RPL28;UBA52;PPIA;VPS28;ISCU;SNRPB;VCP;CALCRL;RPN2;RPS4Y1;UBB;RPL41;JUN;EIF2AK2;ISG15;SNF8;GNG11;RPS25;RPS28;RPS27;ARPC2;ARPC3;RPS29;FXYD2;GNAS;CHMP2A;RSL24D1;RPS21;RPS24;RPS23;RPLP1;RPLP0;CLTA;BRK1;RPS4X;RPL7A;MAP1LC3B;SUMO1;YWHAQ;CTSL;ELOB;ELOC;RPL13A;RPS3A;DYNLL1;PSMA6;PSMA4;PSMA2;DAD1;RPL37A;SLC25A5;SLC25A4;SLC25A6;GTF2A2;RAMP2;RPL12;RPL11;RPL36A;FURIN;PSMB6;RPS15A;PSMB5;PSMB2;GNG5;PSMB3;PSMB1;RPS3;RPL14;AP2S1;POLR2F;SAP18;RPL15;RPS2;POLR2H;RPL18;RPS27A;POLR2J;POLR2K;RPL19;POLR2L;NPM1;STAT1;RPL35A;RPL23A;PSMB8;GTF2H5;PSMB9;FKBP1A;CD9;FAU;RAN;HSPA1A,EC-PTC
Reactome_2022,Nervous System Development R-HSA-9675108,107/545,1.3545360556628826e-51,5.210126185531872e-50,0,0,8.123146986944498,951.4510531047016,RPL4;RPL5;RPL30;RPL3;RPL32;RPL34;RPL8;RPL10A;RPL9;RPL6;RPS15;RPS14;RPS16;RPL18A;RPS19;RPL36AL;RPL36;RPL35;RPL38;RPL37;RPS11;RPL39;RPS10;AP2M1;RPS13;RPS12;EPHA4;RPS9;RPL21;RPS7;RPS8;RPS5;RPL22;RPS6;RPSA;RNASE1;RBX1;MYL6;CSNK2B;PSME1;PSME2;RPL27;RPL26;RPL29;PFN1;TLN1;RPL28;UBA52;RBM8A;RPS4Y1;MYL12A;MYL12B;SDCBP;UBB;VASP;PRNP;RPL41;RDX;RPS25;RPS28;RPS27;ARPC2;ARPC3;RPS29;CD24;RSL24D1;RPS21;RPS24;RPS23;RPLP1;RPLP0;CLTA;RPS4X;RPL7A;ELOB;ITGAV;ELOC;RPL13A;RPS3A;RHOC;PSMA6;PSMA4;PSMA2;RPL37A;RPL12;RPL11;RPL36A;PSMB6;PSMB5;RPS15A;RELN;PSMB2;PSMB3;PSMB1;AP2S1;RPL14;RPS3;RPL15;RPS2;RPL18;RPS27A;RPL19;RPL35A;RPL23A;PSMB8;PSMB9;FAU,EC-PTC
Reactome_2022,"Respiratory Electron Transport, ATP Synthesis By Chemiosmotic Coupling, Heat Production By Uncoupling Proteins R-HSA-163200",55/112,8.278486518817827e-51,3.0744586140575174e-49,0,0,29.986983588002264,3458.044358421453,NDUFA13;COX7B;CCNI;NDUFA11;NDUFA12;COX4I1;COX6A1;COX7C;UQCRFS1;COX8A;NDUFC2;NDUFC1;COX6B1;NDUFS8;NDUFS6;TMEM126B;NDUFB9;NDUFB8;NDUFB7;NDUFB10;UQCRB;NDUFB11;NDUFB4;NDUFB3;ATP5MC2;NDUFB2;ATP5MC3;UQCR11;UQCR10;COX5B;COX5A;UQCRH;ATP5MC1;COX14;NDUFV2;ATP5MG;ATP5MF;ATP5ME;ATP5PF;NDUFA8;SURF1;ATP5PD;NDUFA6;NDUFA5;NDUFA3;NDUFA1;COX6C;ATP5F1D;ATP5F1E;UQCRQ;NDUFAB1;ATP5PO;CYCS;NDUFAF3;COX20,EC-PTC
Reactome_2022,Metabolism Of RNA R-HSA-8953854,114/666,1.2035291769110135e-48,4.320669745110538e-47,0,0,6.91093156630241,762.5440772672513,RPL4;RPL5;EIF4A1;RPL30;RPL3;RPL32;RPL34;RPL8;RPL10A;RPL9;RPL6;RPS15;RPS14;RPS16;RPL18A;RPS19;SNRPD2;RPL36AL;RPL36;RPL35;RPL38;RPL37;RPS11;RPL39;RPS10;RPS13;RPS12;RPS9;SNRPN;RPL21;RPS7;RPS8;RPS5;RPL22;RPS6;RPSA;PSME1;SNRPG;PSME2;RPL27;SNRPE;RPL26;SRSF5;RPL29;RPL28;UBA52;SNRPB;SRSF9;SET;RBM8A;SNU13;RPS4Y1;UBB;RPL41;LSM4;LSM3;RPS25;LSM7;RPS28;RPS27;RPS29;HNRNPF;RSL24D1;RPS21;NOP10;RPS24;RPS23;RPLP1;RPLP0;HSPB1;YBX1;RPS4X;TRMT112;PTBP1;RPL7A;RPL13A;RPS3A;PSMA6;PSMA4;PSMA2;SYF2;RPL37A;RPL12;SF3B6;RPL11;RPL36A;PSMB6;PSMB5;RPS15A;PSMB2;PSMB3;PSMB1;RPL14;RPS3;POLR2F;RPL15;RPS2;POLR2H;RPL18;RPS27A;POLR2J;POLR2K;PAIP1;RPL19;POLR2L;RTRAF;RPL35A;RPL23A;GTF2H5;PSMB8;PSMB9;FAU;RAN;HSPA1A,EC-PTC
Reactome_2022,Metabolism Of Amino Acids And Derivatives R-HSA-71291,85/364,3.6756357956358367e-47,1.2769870167418698e-45,0,0,9.834821699775226,1051.5369060686146,RPL4;RPL5;RPL30;RPL3;RPL32;RPL34;RPLP1;RPLP0;RPL8;RPL10A;RPL9;RPL6;RPS15;RPS4X;RPS14;RPL7A;RPS16;RPL18A;RPS19;RPL36AL;RPL36;RPL35;RPL38;RPL37;RPS11;RPL39;RPS10;RPS13;RPS12;RPS9;RPL21;RPS7;RPS8;RPS5;RPL22;RPS6;RPL13A;RPSA;RPS3A;ASRGL1;PSMA6;PSMA4;PSMA2;RPL37A;PSME1;PSME2;RPL27;RPL26;RPL29;RPL28;UBA52;RPL12;RPL11;RPL36A;SLC3A2;RPS4Y1;OAZ1;PSMB6;PSMB5;RPS15A;PSMB2;PSMB3;PSMB1;RPL14;RPS3;RPL15;RPS2;RPL18;RPS27A;RPL19;RPL41;RPL35A;RPL23A;PSMB8;PSMB9;RPS25;RPS28;RPS27;RPS29;NDUFAB1;FAU;RPS21;RSL24D1;RPS24;RPS23,EC-PTC
Reactome_2022,Citric Acid (TCA) Cycle And Respiratory Electron Transport R-HSA-1428517,59/163,6.607507559380135e-45,2.223839262953876e-43,0,0,17.701657717282718,1800.7564077823065,NDUFA13;COX7B;CCNI;NDUFA11;NDUFA12;COX4I1;COX6A1;COX7C;MPC2;BSG;UQCRFS1;COX8A;NDUFC2;NDUFC1;COX6B1;NDUFS8;NDUFS6;TMEM126B;NDUFB9;NDUFB8;NDUFB7;NDUFB10;UQCRB;NDUFB11;NDUFB4;NDUFB3;ATP5MC2;NDUFB2;ATP5MC3;UQCR11;UQCR10;COX5B;COX5A;UQCRH;ATP5MC1;LDHB;LDHA;COX14;NDUFV2;ATP5MG;ATP5MF;ATP5ME;ATP5PF;NDUFA8;SURF1;ATP5PD;NDUFA6;NDUFA5;NDUFA3;NDUFA1;COX6C;ATP5F1D;ATP5F1E;UQCRQ;NDUFAB1;ATP5PO;CYCS;NDUFAF3;COX20,EC-PTC
Reactome_2022,Respiratory Electron Transport R-HSA-611105,44/90,1.0461048213970374e-40,3.4141057352866945e-39,0,0,29.224695100943983,2690.376630062122,NDUFB9;COX7B;NDUFA13;NDUFB8;NDUFB7;CCNI;NDUFA11;NDUFB10;UQCRB;NDUFA12;NDUFB11;COX4I1;NDUFB4;NDUFB3;NDUFB2;UQCR11;UQCR10;COX6A1;COX5B;COX7C;COX5A;UQCRH;UQCRFS1;COX14;NDUFV2;COX8A;NDUFA8;SURF1;NDUFA6;NDUFA5;NDUFA3;NDUFA1;NDUFC2;NDUFC1;COX6C;COX6B1;NDUFS8;NDUFS6;UQCRQ;NDUFAB1;CYCS;NDUFAF3;TMEM126B;COX20,EC-PTC
Reactome_2022,Ribosomal Scanning And Start Codon Recognition R-HSA-72702,36/57,4.5450136211157974e-39,1.4396999029240337e-37,0,0,51.78806170355466,4572.201619487655,EIF4A1;RPS4Y1;RPS15;RPS4X;RPS14;RPS16;RPS15A;RPS19;EIF4H;RPS3;RPS2;RPS11;RPS27A;RPS10;RPS13;RPS12;RPS9;RPS7;RPS8;RPS5;RPS6;RPS3A;RPSA;EIF2S2;RPS25;RPS28;EIF5;RPS27;EIF3K;RPS29;EIF3I;EIF3G;FAU;RPS21;RPS24;RPS23,EC-PTC
Reactome_2022,SARS-CoV-2 Modulates Host Translation Machinery R-HSA-9754678,33/47,2.7442983181189507e-38,8.444597967468886e-37,0,0,70.90153538050734,6132.182198309772,RPS4Y1;RPS15;RPS4X;RPS14;RPS15A;RPS16;RPS19;SNRPD2;RPS3;RPS2;RPS11;RPS27A;RPS10;RPS13;RPS12;RPS9;RPS7;RPS8;RPS5;RPS6;RPS3A;RPSA;RPS25;RPS28;RPS27;RPS29;SNRPG;SNRPE;FAU;RPS21;RPS24;RPS23;SNRPB,EC-PTC
Reactome_2022,Metabolism R-HSA-1430728,185/2049,1.3446852991098566e-37,4.022850186503655e-36,0,0,3.536705132696856,300.2644565059556,RPL4;RPL5;RPL30;NDUFA13;RPL3;RPL32;CCNI;NDUFA11;NDUFA12;RPL34;ENO1;AHR;RPL8;RPL10A;COX6A1;RPL9;RPL6;PPP1CB;RPS15;RPS14;RPS16;RPL18A;RPS19;RPL36AL;MPC2;BSG;RPL36;RPL35;RPL38;RPL37;RPS11;RPL39;RPS10;RPS13;RPS12;RPS9;RPL21;RPS7;STARD7;RPS8;RPS5;RPL22;RPS6;RPSA;ASRGL1;COX6B1;FDX1;CSNK2B;PSME1;CMPK1;PSME2;VDAC2;RPL27;RPL26;TMEM126B;RPL29;AURKAIP1;RPL28;UBA52;ISCU;UQCRB;NDUFB10;NDUFB11;MGST3;ATP5MC2;MGST2;ATP5MC3;RPS4Y1;OAZ1;UQCRH;NPAS2;ATP5MC1;LDHB;LDHA;UBB;MED31;COX14;NDUFV2;ATP5MG;ATP5MF;ATP5ME;PRNP;RPL41;SURF1;GNG11;RPS25;RPS28;RPS27;UQCRQ;RPS29;GNAS;NDUFAF3;CYCS;DEGS1;OSBPL1A;RSL24D1;RPS21;RPS24;RPS23;COX20;COX7B;RPLP1;COX4I1;RPLP0;TECR;AKR1B1;DBI;COX7C;RPS4X;TRMT112;RPL7A;SUMO2;TSPO;UQCRFS1;COX8A;VKORC1;TPI1;GPX4;ITPK1;NME2;NDUFC2;RPL13A;NDUFC1;RPS3A;PSMA6;VCAN;PSMA4;PKM;NDUFS8;PSMA2;NDUFS6;DDAH2;RPL37A;NDUFB9;NDUFB8;NDUFB7;GSTP1;RPL12;NDUFB4;RPL11;NDUFB3;NDUFB2;RPL36A;UQCR11;SLC3A2;UQCR10;COX5B;COX5A;PSMB6;RPS15A;PSMB5;PSMB2;GNG5;PSMB3;PSMB1;RPS3;RPL14;RPL15;RPS2;SPTSSA;RPL18;RPS27A;RPL19;NDUFA8;CYB5A;ATP5PF;NDUFA6;ATP5PD;NDUFA5;NDUFA3;NDUFA1;G0S2;RPL35A;RPL23A;COX6C;ATP5F1D;PSMB8;ATP5F1E;PSMB9;MARCKS;NDUFAB1;ATP5PO;FAU;LPIN2;RAN,EC-PTC
Reactome_2022,Translation Initiation Complex Formation R-HSA-72649,35/57,2.2473617077471312e-37,6.541644754712596e-36,0,0,47.98330965909091,4049.11436207442,EIF4A1;RPS4Y1;RPS15;RPS4X;RPS14;RPS16;RPS15A;RPS19;EIF4H;RPS3;RPS2;RPS11;RPS27A;RPS10;RPS13;RPS12;RPS9;RPS7;RPS8;RPS5;RPS6;RPS3A;RPSA;EIF2S2;RPS25;RPS28;RPS27;EIF3K;RPS29;EIF3I;EIF3G;FAU;RPS21;RPS24;RPS23,EC-PTC
Reactome_2022,"mRNA Activation Upon Binding Of Cap-Binding Complex And eIFs, Subsequent Binding To 43S R-HSA-72662",35/58,5.4909367004536604e-37,1.5562470595759448e-35,0,0,45.89470108695652,3831.865605981348,EIF4A1;RPS4Y1;RPS15;RPS4X;RPS14;RPS16;RPS15A;RPS19;EIF4H;RPS3;RPS2;RPS11;RPS27A;RPS10;RPS13;RPS12;RPS9;RPS7;RPS8;RPS5;RPS6;RPS3A;RPSA;EIF2S2;RPS25;RPS28;RPS27;EIF3K;RPS29;EIF3I;EIF3G;FAU;RPS21;RPS24;RPS23,EC-PTC
Reactome_2022,"Formation Of Ternary Complex, And Subsequently, 43S Complex R-HSA-72695",33/50,7.1940356737054924e-37,1.9866606206617476e-35,0,0,58.38042880703684,4858.559172809917,RPS4Y1;RPS15;RPS4X;RPS14;RPS16;RPS15A;RPS19;RPS3;RPS2;RPS11;RPS27A;RPS10;RPS13;RPS12;RPS9;RPS7;RPS8;RPS5;RPS6;RPS3A;RPSA;EIF2S2;RPS25;RPS28;RPS27;EIF3K;RPS29;EIF3I;EIF3G;FAU;RPS21;RPS24;RPS23,EC-PTC
Reactome_2022,Metabolism Of Proteins R-HSA-392499,175/1890,9.042904973885862e-37,2.4348021642187686e-35,0,0,3.593877551020408,298.2690801989957,RPL4;RPL5;EIF4A1;RPL30;RPL3;RPL32;KDELR1;RPL34;UBE2D2;PARK7;RPL8;RPL10A;SRP14;RPL9;TOMM20;RPL6;RPS15;EEF1B2;RPS14;RPS16;RPL18A;RPS19;RPL36AL;RPL36;RPL35;RPL38;RPL37;RPS11;RPL39;NUDT14;RPS10;RPS13;RPS12;SKP1;RPS9;RPL21;RPS7;RPS8;RPS5;RPL22;RPS6;RPSA;RBX1;MRPS18C;TUFM;EEF1A1;RRAGA;DPM3;CSNK2B;PSME1;PSME2;VDAC2;RPL27;KDELR2;RPL26;RPL29;AURKAIP1;RPL28;UBA52;SQSTM1;LY6E;VCP;RAB5C;NRN1;RPN2;MRPL17;MRPL14;RPS4Y1;HIF1A;SNX3;MRPL20;UBB;IGFBP7;ST8SIA6;SMAD1;RPL41;TRAPPC1;TRAPPC4;TRAPPC5;FN1;EIF2S2;GNG11;RPS25;RPS28;EIF5;RPS27;RPS29;CALU;RNF181;RSL24D1;RPS21;RPS24;COPE;RPS23;ARF4;RPLP1;RPLP0;MRPL34;MRPL33;RPS4X;TRMT112;RPL7A;SEC61A1;TUBA1B;SUMO1;SUMO2;ELOB;TIMP1;ELOC;SEC61B;CTSD;SSR4;MRPS24;SSR2;RPL13A;RPS3A;DYNLL1;MRPS6;MRPL52;EEF1G;PSMA6;VCAN;MRPL51;PSMA4;PSMA2;DAD1;RPL37A;VWA1;KIFC3;MFGE8;PFDN5;RPL12;RPL11;MRPS34;RPL36A;FURIN;NEDD8;RNF7;MRPL57;MRPL54;PSMB6;CST3;RPS15A;PSMB5;PSMB2;GNG5;PSMB3;PSMB1;RPS3;RPL14;EIF4H;RPL15;RPS2;RPL18;RPS27A;CD55;RPL19;SEC11C;SNCA;GADD45GIP1;NPM1;GSN;USP22;RPL35A;RPL23A;TUBB4B;PSMB8;KTN1;PSMB9;EIF3K;EIF3I;RAB13;CAPZA2;EIF3G;FAU,EC-PTC
Reactome_2022,Disease R-HSA-1643685,162/1736,3.385970532564994e-34,8.894366496518289e-33,0,0,3.561358924630509,274.4677091344951,RPL4;RPL5;RPL30;RPL3;RPL32;RPL34;PEBP1;ENO1;RPL8;RPL10A;RPL9;RPL6;PPP1CB;RPS15;RPS14;RPS16;RPL18A;RPS19;SNRPD2;RPL36AL;BSG;RPL36;CAPN2;RPL35;RPL38;RPL37;RPS11;RPL39;RPS10;AP2M1;RPS13;RPS12;SKP1;RPS9;RPL21;RPS7;RPS8;RPS5;RPL22;RPS6;RPSA;ATP1B3;ATP1B1;RNASE1;RBX1;TUFM;DPM3;CDC37;FDX1;PSME1;SNRPG;PSME2;RPL27;SNRPE;RPL26;RPL29;TLN1;RPL28;UBA52;SQSTM1;PPIA;VPS28;ISCU;SNRPB;VCP;CALCRL;RPN2;ANAPC16;RPS4Y1;ANAPC11;PRDX2;UBB;PRDX1;PRNP;RPL41;JUN;FN1;EIF2AK2;ISG15;SNF8;GNG11;RPS25;RPS28;RPS27;ARPC2;ARPC3;RPS29;FXYD2;GNAS;CHMP2A;RSL24D1;RPS21;RPS24;RPS23;RPLP1;RPLP0;SLC40A1;CLTA;BRK1;RPS4X;RPL7A;MAP1LC3B;SUMO1;YWHAQ;CTSL;ELOB;ELOC;RPL13A;RPS3A;DYNLL1;DUSP6;EEF1G;PSMA6;VCAN;PSMA4;PSMA2;DAD1;RPL37A;SLC25A5;SLC25A4;SLC25A6;GTF2A2;RAMP2;RPL12;RPL11;RPL36A;FURIN;SLC3A2;PSMB6;RPS15A;PSMB5;PSMB2;GNG5;PSMB3;PSMB1;RPS3;RPL14;AP2S1;POLR2F;SAP18;RPL15;RPS2;POLR2H;RPL18;RPS27A;POLR2J;POLR2K;RPL19;POLR2L;NPM1;STAT1;SLC12A1;RPL35A;RPL23A;PSMB8;GTF2H5;PSMB9;FKBP1A;CD9;FAU;RAN;HSPA1A,EC-PTC
Reactome_2022,Developmental Biology R-HSA-1266738,117/1073,2.8109948524852198e-30,7.208193943158529e-29,0,0,4.028833175867189,274.1379823482716,RPL4;RPL5;RPL30;RPL3;RPL32;RPL34;RPL8;RPL10A;RPL9;RPL6;RPS15;RPS14;RPS16;RPL18A;RPS19;RPL36AL;RPL36;RPL35;RPL38;RPL37;RPS11;RPL39;RPS10;AP2M1;RPS13;RPS12;EPHA4;RPS9;RPL21;RPS7;RPS8;RPS5;RPL22;RPS6;RPSA;RNASE1;RBX1;MYL6;CSNK2B;PSME1;PSME2;RPL27;RPL26;RPL29;PFN1;TLN1;RPL28;UBA52;RBM8A;RPS4Y1;MYL12A;MYL12B;SDCBP;UBB;MED31;VASP;PRNP;RPL41;JUN;RDX;DRAP1;RPS25;RPS28;RPS27;ARPC2;ARPC3;RPS29;CD24;RSL24D1;RPS21;RPS24;RPS23;RPLP1;RPLP0;CLTA;RPS4X;RPL7A;ELOB;ITGAV;ELOC;RPL13A;RPS3A;RHOC;PSMA6;PSMA4;PSMA2;RPL37A;RPL12;RPL11;RPL36A;FURIN;PSMB6;RPS15A;PSMB5;RELN;PSMB2;PSMB3;PSMB1;RPS3;RPL14;AP2S1;POLR2F;RPL15;RPS2;POLR2H;RPL18;RPS27A;POLR2J;POLR2K;RPL19;POLR2L;RPL35A;RPL23A;KRT10;PSMB8;PSMB9;FAU,EC-PTC
Reactome_2022,Cellular Response To Chemical Stress R-HSA-9711123,41/182,1.6713629243181602e-22,4.186181091838741e-21,0,0,8.798621831442826,441.1913413169143,VCP;COX7B;COX4I1;GSTP1;COX6A1;COX5B;COX7C;COX5A;PSMB6;PRDX2;PRDX5;MAP1LC3B;PSMB5;UBB;PSMB2;PSMB3;PRDX1;PSMB1;COX14;RPS27A;SKP1;COX8A;SURF1;COX6C;ATOX1;PSMB8;COX6B1;RBX1;PSMB9;SOD1;PSMA6;PSMA4;PSMA2;CSNK2B;PSME1;PSME2;CYCS;SQSTM1;UBA52;ATF4;COX20,EC-PTC
Reactome_2022,Complex I Biogenesis R-HSA-6799198,24/51,3.1091780658579423e-22,7.610419947565917e-21,0,0,26.34988905956648,1304.9127404205567,NDUFB9;NDUFA8;NDUFA13;NDUFB8;NDUFB7;NDUFA6;NDUFA11;NDUFB10;NDUFA5;NDUFA12;NDUFB11;NDUFB4;NDUFA3;NDUFB3;NDUFB2;NDUFA1;NDUFC2;NDUFC1;NDUFS8;NDUFS6;NDUFAB1;NDUFAF3;TMEM126B;NDUFV2,EC-PTC
Reactome_2022,SARS-CoV Infections R-HSA-9679506,56/369,2.2527295670027103e-21,5.391532763693153e-20,0,0,5.4951663767697045,261.2519930074049,RPS15;RPS4X;RPS14;MAP1LC3B;RPS16;RPS19;SNRPD2;SUMO1;YWHAQ;CTSL;RPS11;RPS10;RPS13;AP2M1;RPS12;RPS9;RPS7;RPS8;RPS5;RPS6;ATP1B3;RPSA;RPS3A;ATP1B1;RBX1;TUFM;DAD1;SNRPG;SNRPE;UBA52;ISCU;SNRPB;VCP;RPN2;FURIN;RPS4Y1;RPS15A;UBB;AP2S1;RPS3;SAP18;RPS2;RPS27A;STAT1;ISG15;FKBP1A;RPS25;RPS28;RPS27;RPS29;FXYD2;CHMP2A;FAU;RPS21;RPS24;RPS23,EC-PTC
Reactome_2022,SARS-CoV-2 Infection R-HSA-9694516,48/283,1.5433405181511152e-20,3.613429865323372e-19,0,0,6.218874071057722,283.691058979987,VCP;RPN2;FURIN;RPS4Y1;RPS15;RPS4X;RPS14;MAP1LC3B;RPS16;RPS15A;RPS19;SNRPD2;UBB;SUMO1;YWHAQ;CTSL;RPS3;RPS2;RPS11;RPS27A;RPS10;RPS13;RPS12;RPS9;RPS7;STAT1;RPS8;RPS5;RPS6;RPSA;ISG15;RPS3A;TUFM;RPS25;RPS28;RPS27;RPS29;DAD1;SNRPG;CHMP2A;SNRPE;FAU;UBA52;RPS21;RPS24;ISCU;RPS23;SNRPB,EC-PTC
Reactome_2022,SARS-CoV-2-host Interactions R-HSA-9705683,38/196,1.4995858772057961e-18,3.4362850845758346e-17,0,0,7.236710847922422,297.00432982737766,RPS4Y1;RPS15;RPS4X;RPS14;MAP1LC3B;RPS16;RPS15A;RPS19;SNRPD2;YWHAQ;RPS3;RPS2;RPS11;RPS27A;RPS10;RPS13;RPS12;RPS9;RPS7;STAT1;RPS8;RPS5;RPS6;RPSA;ISG15;RPS3A;TUFM;RPS25;RPS28;RPS27;RPS29;SNRPG;SNRPE;FAU;RPS21;RPS24;RPS23;SNRPB,EC-PTC
Reactome_2022,HIV Infection R-HSA-162906,38/229,3.504530399296333e-16,7.863290083421148e-15,0,0,5.976082257308884,212.6726617367189,GTF2A2;FURIN;PSMB6;PSMB5;PSMB2;UBB;PSMB3;PSMB1;AP2S1;POLR2F;ELOB;ELOC;POLR2H;RPS27A;POLR2J;AP2M1;POLR2K;SKP1;POLR2L;NPM1;RNASE1;GTF2H5;PSMB8;PSMB9;RBX1;PSMA6;PSMA4;PSMA2;PSME1;CHMP2A;PSME2;SLC25A5;UBA52;PPIA;SLC25A4;VPS28;RAN;SLC25A6,EC-PTC
Reactome_2022,Oxygen-dependent Proline Hydroxylation Of Hypoxia-inducible Factor Alpha R-HSA-1234176,21/64,9.61454028989022e-16,2.1132367126962796e-14,0,0,14.398762534670364,497.881633692245,EGLN3;UBE2D2;HIF1A;PSMB8;RBX1;PSMB9;PSMB6;PSMA6;PSMA4;PSMB5;PSMB2;UBB;PSMA2;PSMB3;PSMB1;PSME1;PSME2;ELOB;ELOC;RPS27A;UBA52,EC-PTC
Reactome_2022,Host Interactions Of HIV Factors R-HSA-162909,28/130,3.079606710238909e-15,6.63347285385461e-14,0,0,8.155953571536806,272.5228246426088,PSMB6;PSMB5;UBB;PSMB2;PSMB3;PSMB1;AP2S1;ELOB;ELOC;RPS27A;AP2M1;SKP1;NPM1;RNASE1;PSMB8;RBX1;PSMB9;PSMA6;PSMA4;PSMA2;PSME1;PSME2;SLC25A5;PPIA;UBA52;SLC25A4;RAN;SLC25A6,EC-PTC
Reactome_2022,Cellular Response To Hypoxia R-HSA-1234174,21/73,1.907340868877655e-14,4.0278551289828133e-13,0,0,11.901111503175724,375.96183973736265,EGLN3;UBE2D2;HIF1A;PSMB8;RBX1;PSMB9;PSMB6;PSMA6;PSMA4;PSMB5;PSMB2;UBB;PSMA2;PSMB3;PSMB1;PSME1;PSME2;ELOB;ELOC;RPS27A;UBA52,EC-PTC
Reactome_2022,Vif-mediated Degradation Of APOBEC3G R-HSA-180585,18/53,5.5267642419513367e-14,1.1446779016503054e-12,0,0,15.099804305283758,460.9455167715524,PSMB8;RBX1;PSMB9;PSMB6;PSMA6;PSMA4;PSMB5;PSMB2;UBB;PSMA2;PSMB3;PSMB1;PSME1;PSME2;ELOB;ELOC;RPS27A;UBA52,EC-PTC
Reactome_2022,KEAP1-NFE2L2 Pathway R-HSA-9755511,23/100,2.110701419846705e-13,4.289104583348869e-12,0,0,8.818102143255517,257.3702955927581,VCP;PSMB8;RBX1;PSMB9;PSMB6;PSMA6;MAP1LC3B;PSMA4;PSMB5;UBB;PSMB2;PSMA2;PSMB3;PRDX1;CSNK2B;PSMB1;PSME1;PSME2;RPS27A;SQSTM1;UBA52;SKP1;ATF4,EC-PTC
Reactome_2022,Formation Of ATP By Chemiosmotic Coupling R-HSA-163210,11/16,2.2367364548844746e-13,4.461046596130701e-12,0,0,64.01204819277109,1864.580600940853,ATP5PF;ATP5PD;ATP5MC2;ATP5PO;ATP5MC3;ATP5F1D;ATP5MG;ATP5F1E;ATP5MF;ATP5MC1;ATP5ME,EC-PTC
Reactome_2022,GSK3B And BTRC:CUL1-mediated-degradation Of NFE2L2 R-HSA-9762114,17/51,3.967928788393005e-13,7.769926009271393e-12,0,0,14.658814589665653,418.5877566023568,PSMB8;RBX1;PSMB9;PSMB6;PSMA6;PSMA4;PSMB5;PSMB2;UBB;PSMA2;PSMB3;PSMB1;PSME1;PSME2;RPS27A;UBA52;SKP1,EC-PTC
Reactome_2022,Negative Regulation Of NOTCH4 Signaling R-HSA-9604323,17/53,8.148834531936958e-13,1.5671954983743038e-11,0,0,13.843000675447485,385.33004710596623,PSMB8;RBX1;PSMB9;PSMB6;PSMA6;PSMA4;PSMB5;PSMB2;UBB;PSMA2;PSMB3;PSMB1;PSME1;PSME2;RPS27A;UBA52;SKP1,EC-PTC
Reactome_2022,Nuclear Events Mediated By NFE2L2 R-HSA-9759194,20/78,8.798639693646451e-13,1.6624798157995136e-11,0,0,10.143195577783628,281.5650581404085,PSMB8;RBX1;PSMB9;PSMB6;PSMA6;PSMA4;PSMB5;PSMB2;UBB;PSMA2;PSMB3;PRDX1;PSMB1;PSME1;PSME2;RPS27A;SQSTM1;UBA52;SKP1;ATF4,EC-PTC
Reactome_2022,AUF1 (hnRNP D0) Binds And Destabilizes mRNA R-HSA-450408,17/54,1.152391710824649e-12,2.1036031738273672e-11,0,0,13.468167255401298,370.2288952967472,HSPB1;PSMB8;PSMB9;PSMB6;PSMA6;PSMA4;PSMB5;PSMB2;UBB;PSMA2;PSMB3;PSMB1;PSME1;PSME2;RPS27A;UBA52;HSPA1A,EC-PTC
Reactome_2022,FBXL7 Down-Regulates AURKA During Mitotic Entry And In Early Mitosis R-HSA-8854050,17/54,1.152391710824649e-12,2.1036031738273672e-11,0,0,13.468167255401298,370.2288952967472,PSMB8;RBX1;PSMB9;PSMB6;PSMA6;PSMA4;PSMB5;PSMB2;UBB;PSMA2;PSMB3;PSMB1;PSME1;PSME2;RPS27A;UBA52;SKP1,EC-PTC
Reactome_2022,TP53 Regulates Metabolic Genes R-HSA-5628897,20/81,1.896906812974753e-12,3.4049477292896806e-11,0,0,9.64284820422976,260.268154038542,COX8A;COX7B;SURF1;COX4I1;COX6A1;COX5B;COX6C;COX7C;COX5A;COX6B1;PRDX2;RRAGA;PRDX5;SESN3;YWHAQ;PRDX1;CYCS;COX14;LAMTOR1;COX20,EC-PTC
Reactome_2022,Vpu Mediated Degradation Of CD4 R-HSA-180534,16/51,5.677483012980254e-12,9.749327469235566e-11,0,0,13.381313678734012,346.5026025221384,PSMB8;PSMB9;PSMB6;PSMA6;PSMA4;PSMB5;PSMB2;UBB;PSMA2;PSMB3;PSMB1;PSME1;PSME2;RPS27A;UBA52;SKP1,EC-PTC
Reactome_2022,Degradation Of GLI1 By Proteasome R-HSA-5610780,17/59,5.7934722194157485e-12,9.749327469235566e-11,0,0,11.861738312346215,306.9140488323117,PSMB8;RBX1;PSMB9;PSMB6;PSMA6;PSMA4;PSMB5;PSMB2;UBB;PSMA2;PSMB3;PSMB1;PSME1;PSME2;RPS27A;UBA52;SKP1,EC-PTC
Reactome_2022,Degradation Of GLI2 By Proteasome R-HSA-5610783,17/59,5.7934722194157485e-12,9.749327469235566e-11,0,0,11.861738312346215,306.9140488323117,PSMB8;RBX1;PSMB9;PSMB6;PSMA6;PSMA4;PSMB5;PSMB2;UBB;PSMA2;PSMB3;PSMB1;PSME1;PSME2;RPS27A;UBA52;SKP1,EC-PTC
Reactome_2022,GLI3 Is Processed To GLI3R By Proteasome R-HSA-5610785,17/59,5.7934722194157485e-12,9.749327469235566e-11,0,0,11.861738312346215,306.9140488323117,PSMB8;RBX1;PSMB9;PSMB6;PSMA6;PSMA4;PSMB5;PSMB2;UBB;PSMA2;PSMB3;PSMB1;PSME1;PSME2;RPS27A;UBA52;SKP1,EC-PTC
Reactome_2022,PCP/CE Pathway R-HSA-4086400,20/88,9.953535172590048e-12,1.649224212442997e-10,0,0,8.647058823529411,219.05674824220264,CLTA;RNASE1;PSMB8;PSMB9;PSMB6;PSMA6;PSMA4;PSMB5;PSMB2;UBB;PSMA2;PSMB3;PSMB1;PSME1;AP2S1;PSME2;PFN1;RPS27A;UBA52;AP2M1,EC-PTC
Reactome_2022,Downstream Signaling Events Of B Cell Receptor (BCR) R-HSA-1168372,19/79,1.1255804853064008e-11,1.836742701022717e-10,0,0,9.299669715447154,234.44594882188528,PSMB8;RASGRP3;PSMB9;PSMB6;FKBP1A;PSMA6;PSMA4;PSMB5;PSMB2;UBB;PSMA2;PSMB3;PSMB1;PSME1;PSME2;RPS27A;PPIA;UBA52;SKP1,EC-PTC
Reactome_2022,Regulation Of APC/C Activators Between G1/S And Early Anaphase R-HSA-176408,19/80,1.4302507542008259e-11,2.2990747198123727e-10,0,0,9.146741303478608,228.39949254671944,ANAPC16;PSMB8;ANAPC11;PSMB9;PSMB6;PSMA6;PSMA4;PSMB5;PSMB2;UBB;PSMA2;PSMB3;PSMB1;PSME1;PSME2;BUB3;RPS27A;UBA52;SKP1,EC-PTC
Reactome_2022,SCF-beta-TrCP Mediated Degradation Of Emi1 R-HSA-174113,16/54,1.519077881363787e-11,2.4059512915129387e-10,0,0,12.322977397971409,306.96946473284777,PSMB8;PSMB9;PSMB6;PSMA6;PSMA4;PSMB5;PSMB2;UBB;PSMA2;PSMB3;PSMB1;PSME1;PSME2;RPS27A;UBA52;SKP1,EC-PTC
Reactome_2022,Autodegradation Of Cdh1 By Cdh1:APC/C R-HSA-174084,17/63,1.8643826600881515e-11,2.9100581520506364e-10,0,0,10.828036209858595,267.51211396227166,ANAPC16;PSMB8;ANAPC11;PSMB9;PSMB6;PSMA6;PSMA4;PSMB5;PSMB2;UBB;PSMA2;PSMB3;PSMB1;PSME1;PSME2;RPS27A;UBA52,EC-PTC
Reactome_2022,Cdc20:Phospho-APC/C Mediated Degradation Of Cyclin A R-HSA-174184,18/72,1.9452238482436268e-11,2.9507127951526566e-10,0,0,9.777270421106037,241.13739689699216,ANAPC16;PSMB8;ANAPC11;PSMB9;PSMB6;PSMA6;PSMA4;PSMB5;PSMB2;UBB;PSMA2;PSMB3;PSMB1;PSME1;PSME2;BUB3;RPS27A;UBA52,EC-PTC
Reactome_2022,Regulation Of RUNX2 Expression And Activity R-HSA-8939902,18/72,1.9452238482436268e-11,2.9507127951526566e-10,0,0,9.777270421106037,241.13739689699216,STAT1;PSMB8;RBX1;PSMB9;PSMB6;PSMA6;PSMA4;PSMB5;PSMB2;UBB;PSMA2;PSMB3;PSMB1;PSME1;PSME2;RPS27A;UBA52;SKP1,EC-PTC
Reactome_2022,Degradation Of DVL R-HSA-4641258,16/55,2.075995547609876e-11,3.0628043901038846e-10,0,0,12.006381074666356,295.3329040719857,PSMB8;RBX1;PSMB9;PSMB6;PSMA6;PSMA4;PSMB5;PSMB2;UBB;PSMA2;PSMB3;PSMB1;PSME1;PSME2;RPS27A;UBA52,EC-PTC
Reactome_2022,Hh Mutants Are Degraded By ERAD R-HSA-5362768,16/55,2.075995547609876e-11,3.0628043901038846e-10,0,0,12.006381074666356,295.3329040719857,VCP;PSMB8;PSMB9;PSMB6;PSMA6;PSMA4;PSMB5;PSMB2;UBB;PSMA2;PSMB3;PSMB1;PSME1;PSME2;RPS27A;UBA52,EC-PTC
Reactome_2022,Innate Immune System R-HSA-168249,78/1035,2.134950324262148e-11,3.1072182422031527e-10,0,0,2.5076689613165093,61.6134079327554,CD81;UBE2D2;ICAM2;BRK1;DEFB1;SRP14;LGALS3;CTSL;FTH1;ITGAV;OSTF1;CTSD;SKP1;ATP6V1G1;ATP6V0B;ATP6V0E1;ANXA2;DYNLT1;NME2;NDUFC2;DYNLL1;RNASE1;ILF2;DUSP6;VAMP8;EEF1A1;PSMA6;PSMA4;PKM;PSMA2;CSNK2B;PSME1;PSME2;UBA52;ATP6V0C;PPIA;FTL;CD63;CSTB;GRN;VCP;RAB5C;GSTP1;PSMB6;CST3;SDCBP;PRDX5;PSMB5;PSMB2;UBB;PSMB3;PSMB1;POLR2F;STOM;POLR2H;RPS27A;S100A11;POLR2K;CD55;POLR2L;JUN;GSN;TRAPPC1;SURF4;ISG15;TUBB4B;PSMB8;ATOX1;PSMB9;BST2;ARPC2;ARPC3;CAPZA2;CYSTM1;DEGS1;LAMTOR1;HSPA1A;VPS35L,EC-PTC
Reactome_2022,APC:Cdc20 Mediated Degradation Of Cell Cycle Proteins Before Cycle Checkpoint Satisfied R-HSA-179419,18/73,2.5016512917935422e-11,3.5923712550155265e-10,0,0,9.599003735990037,234.325935642998,ANAPC16;PSMB8;ANAPC11;PSMB9;PSMB6;PSMA6;PSMA4;PSMB5;PSMB2;UBB;PSMA2;PSMB3;PSMB1;PSME1;PSME2;BUB3;RPS27A;UBA52,EC-PTC
Reactome_2022,Regulation Of Activated PAK-2p34 By Proteasome Mediated Degradation R-HSA-211733,15/49,3.907642020803319e-11,5.537540074217333e-10,0,0,12.895053475935828,309.0364285083339,PSMB8;PSMB9;PSMB6;PSMA6;PSMA4;PSMB5;PSMB2;UBB;PSMA2;PSMB3;PSMB1;PSME1;PSME2;RPS27A;UBA52,EC-PTC
Reactome_2022,APC/C:Cdc20 Mediated Degradation Of Mitotic Proteins R-HSA-176409,18/75,4.0836937036052745e-11,5.711867686731013e-10,0,0,9.261235279980774,221.54202966212844,ANAPC16;PSMB8;ANAPC11;PSMB9;PSMB6;PSMA6;PSMA4;PSMB5;PSMB2;UBB;PSMA2;PSMB3;PSMB1;PSME1;PSME2;BUB3;RPS27A;UBA52,EC-PTC
Reactome_2022,Hh Mutants Abrogate Ligand Secretion R-HSA-5387390,16/58,5.077793718724512e-11,6.922511183628225e-10,0,0,11.14704819712407,264.224716433572,VCP;PSMB8;PSMB9;PSMB6;PSMA6;PSMA4;PSMB5;PSMB2;UBB;PSMA2;PSMB3;PSMB1;PSME1;PSME2;RPS27A;UBA52,EC-PTC
Reactome_2022,NIK To Noncanonical NF-kB Signaling R-HSA-5676590,16/58,5.077793718724512e-11,6.922511183628225e-10,0,0,11.14704819712407,264.224716433572,PSMB8;PSMB9;PSMB6;PSMA6;PSMA4;PSMB5;PSMB2;UBB;PSMA2;PSMB3;PSMB1;PSME1;PSME2;RPS27A;UBA52;SKP1,EC-PTC
Reactome_2022,Activation Of APC/C And APC/C:Cdc20 Mediated Degradation Of Mitotic Proteins R-HSA-176814,18/76,5.1848720637689165e-11,6.980134015848905e-10,0,0,9.10108644307983,215.5382166838694,ANAPC16;PSMB8;ANAPC11;PSMB9;PSMB6;PSMA6;PSMA4;PSMB5;PSMB2;UBB;PSMA2;PSMB3;PSMB1;PSME1;PSME2;BUB3;RPS27A;UBA52,EC-PTC
Reactome_2022,APC/C:Cdc20 Mediated Degradation Of Securin R-HSA-174154,17/67,5.4705366923928056e-11,7.273787676181543e-10,0,0,9.959726443768997,235.338966708794,ANAPC16;PSMB8;ANAPC11;PSMB9;PSMB6;PSMA6;PSMA4;PSMB5;PSMB2;UBB;PSMA2;PSMB3;PSMB1;PSME1;PSME2;RPS27A;UBA52,EC-PTC
Reactome_2022,Cristae Formation R-HSA-8949613,12/29,6.077303496053639e-11,7.982019347865573e-10,0,0,20.556827255789194,483.5762333078334,ATP5PF;ATP5PD;ATP5MC2;ATP5PO;ATP5MC3;MICOS10;ATP5MG;ATP5F1D;ATP5MF;ATP5F1E;ATP5MC1;ATP5ME,EC-PTC
Reactome_2022,SCF(Skp2)-mediated Degradation Of P27/P21 R-HSA-187577,16/59,6.751666043440154e-11,8.76089678166873e-10,0,0,10.88724988530896,254.9646588953983,PSMB8;PSMB9;PSMB6;PSMA6;PSMA4;PSMB5;PSMB2;UBB;PSMA2;PSMB3;PSMB1;PSME1;PSME2;RPS27A;UBA52;SKP1,EC-PTC
Reactome_2022,APC/C-mediated Degradation Of Cell Cycle Proteins R-HSA-174143,19/87,6.910319828302892e-11,8.860017208431206e-10,0,0,8.202183464849355,191.8935279087233,ANAPC16;PSMB8;ANAPC11;PSMB9;PSMB6;PSMA6;PSMA4;PSMB5;PSMB2;UBB;PSMA2;PSMB3;PSMB1;PSME1;PSME2;BUB3;RPS27A;UBA52;SKP1,EC-PTC
Reactome_2022,Autodegradation Of E3 Ubiquitin Ligase COP1 R-HSA-349425,15/51,7.427725533157782e-11,9.195011953116011e-10,0,0,12.17739898989899,284.01611098335667,PSMB8;PSMB9;PSMB6;PSMA6;PSMA4;PSMB5;PSMB2;UBB;PSMA2;PSMB3;PSMB1;PSME1;PSME2;RPS27A;UBA52,EC-PTC
Reactome_2022,Ubiquitin Mediated Degradation Of Phosphorylated Cdc25A R-HSA-69601,15/51,7.427725533157782e-11,9.195011953116011e-10,0,0,12.17739898989899,284.01611098335667,PSMB8;PSMB9;PSMB6;PSMA6;PSMA4;PSMB5;PSMB2;UBB;PSMA2;PSMB3;PSMB1;PSME1;PSME2;RPS27A;UBA52,EC-PTC
Reactome_2022,Ubiquitin-dependent Degradation Of Cyclin D R-HSA-75815,15/51,7.427725533157782e-11,9.195011953116011e-10,0,0,12.17739898989899,284.01611098335667,PSMB8;PSMB9;PSMB6;PSMA6;PSMA4;PSMB5;PSMB2;UBB;PSMA2;PSMB3;PSMB1;PSME1;PSME2;RPS27A;UBA52,EC-PTC
Reactome_2022,Defective CFTR Causes Cystic Fibrosis R-HSA-5678895,16/60,8.922014182991729e-11,1.0919328721684196e-09,0,0,10.639260587667264,246.1915781774383,VCP;PSMB8;PSMB9;PSMB6;PSMA6;PSMA4;PSMB5;PSMB2;UBB;PSMA2;PSMB3;PSMB1;PSME1;PSME2;RPS27A;UBA52,EC-PTC
Reactome_2022,Orc1 Removal From Chromatin R-HSA-68949,17/69,9.087904240989444e-11,1.099738524443329e-09,0,0,9.575666354921674,221.40369012693455,PSMB8;RBX1;PSMB9;PSMB6;PSMA6;PSMA4;PSMB5;PSMB2;UBB;PSMA2;PSMB3;PSMB1;PSME1;PSME2;RPS27A;UBA52;SKP1,EC-PTC
Reactome_2022,Regulation Of Apoptosis R-HSA-169911,15/52,1.0116842400093379e-10,1.2106488072111742e-09,0,0,11.847665847665848,272.6649591902265,PSMB8;PSMB9;PSMB6;PSMA6;PSMA4;PSMB5;PSMB2;UBB;PSMA2;PSMB3;PSMB1;PSME1;PSME2;RPS27A;UBA52,EC-PTC
Reactome_2022,Dectin-1 Mediated Noncanonical NF-kB Signaling R-HSA-5607761,16/61,1.1720190316436858e-10,1.387103842945329e-09,0,0,10.40229303658742,237.8705143529508,PSMB8;PSMB9;PSMB6;PSMA6;PSMA4;PSMB5;PSMB2;UBB;PSMA2;PSMB3;PSMB1;PSME1;PSME2;RPS27A;UBA52;SKP1,EC-PTC
Reactome_2022,Switching Of Origins To A Post-Replicative State R-HSA-69052,19/90,1.2919685689253974e-10,1.5124458138398403e-09,0,0,7.854388526279629,178.84194359677954,ANAPC16;PSMB8;RBX1;ANAPC11;PSMB9;PSMB6;PSMA6;PSMA4;PSMB5;PSMB2;UBB;PSMA2;PSMB3;PSMB1;PSME1;PSME2;RPS27A;UBA52;SKP1,EC-PTC
Reactome_2022,Degradation Of AXIN R-HSA-4641257,15/54,1.8350381944744203e-10,2.102485250477607e-09,0,0,11.23892773892774,251.9631117375443,PSMB8;PSMB9;PSMB6;PSMA6;PSMA4;PSMB5;PSMB2;UBB;PSMA2;PSMB3;PSMB1;PSME1;PSME2;RPS27A;UBA52,EC-PTC
Reactome_2022,Regulation Of RUNX3 Expression And Activity R-HSA-8941858,15/54,1.8350381944744203e-10,2.102485250477607e-09,0,0,11.23892773892774,251.9631117375443,PSMB8;PSMB9;PSMB6;PSMA6;PSMA4;PSMB5;PSMB2;UBB;PSMA2;PSMB3;PSMB1;PSME1;PSME2;RPS27A;UBA52,EC-PTC
Reactome_2022,CDK-mediated Phosphorylation And Removal Of Cdc6 R-HSA-69017,17/72,1.8797545653509e-10,2.1310480704030726e-09,0,0,9.051948051948052,202.7157489511755,ANAPC16;PSMB8;ANAPC11;PSMB9;PSMB6;PSMA6;PSMA4;PSMB5;PSMB2;UBB;PSMA2;PSMB3;PSMB1;PSME1;PSME2;RPS27A;UBA52,EC-PTC
Reactome_2022,APC/C:Cdh1 Mediated Degradation Of Cdc20 And APC/C:Cdh1 Targets In Late Mitosis/Early G1 R-HSA-174178,17/73,2.3744596252042846e-10,2.663846892026057e-09,0,0,8.889844767694312,197.00857037053484,ANAPC16;PSMB8;ANAPC11;PSMB9;PSMB6;PSMA6;PSMA4;PSMB5;PSMB2;UBB;PSMA2;PSMB3;PSMB1;PSME1;PSME2;RPS27A;UBA52,EC-PTC
Reactome_2022,Antigen processing-Cross Presentation R-HSA-1236975,20/104,2.49312745134337e-10,2.7681425413369167e-09,0,0,6.994183933115231,154.6575843297525,PSMB8;PSMB9;VAMP8;PSMB6;SEC61A1;PSMA6;PSMA4;PSMB5;UBB;PSMB2;CTSL;PSMA2;PSMB3;PSMB1;PSME1;PSME2;ITGAV;SEC61B;RPS27A;UBA52,EC-PTC
Reactome_2022,Hedgehog Ligand Biogenesis R-HSA-5358346,16/64,2.569328638973805e-10,2.823639738953866e-09,0,0,9.750632271117857,215.3154733187872,VCP;PSMB8;PSMB9;PSMB6;PSMA6;PSMA4;PSMB5;PSMB2;UBB;PSMA2;PSMB3;PSMB1;PSME1;PSME2;RPS27A;UBA52,EC-PTC
Reactome_2022,Degradation Of Beta-Catenin By Destruction Complex R-HSA-195253,18/84,3.05785391427709e-10,3.3265744097741677e-09,0,0,7.994603569946036,175.14687502969724,PSMB8;RBX1;TLE5;PSMB9;PSMB6;PSMA6;PSMA4;PSMB5;PSMB2;UBB;PSMA2;PSMB3;PSMB1;PSME1;PSME2;RPS27A;UBA52;SKP1,EC-PTC
Reactome_2022,Stabilization Of P53 R-HSA-69541,15/56,3.2369474091635913e-10,3.4861923596691882e-09,0,0,10.689578713968958,233.58033834459928,PSMB8;PSMB9;PSMB6;PSMA6;PSMA4;PSMB5;PSMB2;UBB;PSMA2;PSMB3;PSMB1;PSME1;PSME2;RPS27A;UBA52,EC-PTC
Reactome_2022,Regulation Of RAS By GAPs R-HSA-5658442,16/65,3.3029018846062207e-10,3.522005276951386e-09,0,0,9.551144281688396,208.5115034892212,PSMB8;RBX1;PSMB9;PSMB6;PSMA6;PSMA4;PSMB5;PSMB2;UBB;PSMA2;PSMB3;PSMB1;PSME1;PSME2;RPS27A;UBA52,EC-PTC
Reactome_2022,Activation Of NF-kappaB In B Cells R-HSA-1169091,16/66,4.22502655737485e-10,4.461130982639915e-09,0,0,9.359635811836116,202.02610465053024,PSMB8;PSMB9;PSMB6;PSMA6;PSMA4;PSMB5;PSMB2;UBB;PSMA2;PSMB3;PSMB1;PSME1;PSME2;RPS27A;UBA52;SKP1,EC-PTC
Reactome_2022,Regulation Of PTEN Stability And Activity R-HSA-8948751,16/67,5.378919183867596e-10,5.624365010704274e-09,0,0,9.175637478056473,195.838965773581,PSMB8;PSMB9;PSMB6;PSMA6;PSMA4;PSMB5;PSMB2;UBB;PSMA2;PSMB3;CSNK2B;PSMB1;PSME1;PSME2;RPS27A;UBA52,EC-PTC
Reactome_2022,Regulation Of mRNA Stability By Proteins That Bind AU-rich Elements R-HSA-450531,18/88,6.855452451589427e-10,7.0993483561171294e-09,0,0,7.536203522504892,159.01997314685346,SET;HSPB1;PSMB8;PSMB9;PSMB6;PSMA6;PSMA4;PSMB5;PSMB2;UBB;PSMA2;PSMB3;PSMB1;PSME1;PSME2;RPS27A;UBA52;HSPA1A,EC-PTC
Reactome_2022,FCERI Mediated NF-kB Activation R-HSA-2871837,17/78,7.199114918925382e-10,7.348775004295224e-09,0,0,8.159051273107778,171.76347307264925,UBE2D2;PSMB8;PSMB9;PSMB6;PSMA6;PSMA4;PSMB5;PSMB2;UBB;PSMA2;PSMB3;PSMB1;PSME1;PSME2;RPS27A;UBA52;SKP1,EC-PTC
Reactome_2022,Role Of GTSE1 In G2/M Progression After G2 Checkpoint R-HSA-8852276,15/59,7.232777627254353e-10,7.348775004295224e-09,0,0,9.959194214876034,209.61342921286524,PSMB8;PSMB9;PSMB6;PSMA6;PSMA4;PSMB5;PSMB2;UBB;PSMA2;PSMB3;PSMB1;PSME1;PSME2;RPS27A;UBA52,EC-PTC
Reactome_2022,ER-Phagosome Pathway R-HSA-1236974,18/89,8.326790343662172e-10,8.381264673013233e-09,0,0,7.4296739340150495,155.32753349942453,PSMB8;PSMB9;VAMP8;PSMB6;SEC61A1;PSMA6;PSMA4;PSMB5;PSMB2;UBB;PSMA2;PSMB3;PSMB1;PSME1;PSME2;SEC61B;RPS27A;UBA52,EC-PTC
Reactome_2022,Neutrophil Degranulation R-HSA-6798695,44/468,9.6115529238419e-10,9.584854165720116e-09,0,0,3.1084382381963342,64.54014605919787,CD63;CSTB;GRN;VCP;RAB5C;GSTP1;SRP14;CST3;LGALS3;SDCBP;PRDX5;FTH1;PSMB1;STOM;ITGAV;OSTF1;CTSD;S100A11;CD55;GSN;TRAPPC1;ANXA2;DYNLT1;SURF4;NME2;NDUFC2;DYNLL1;TUBB4B;RNASE1;ILF2;VAMP8;BST2;EEF1A1;PKM;PSMA2;CSNK2B;CYSTM1;DEGS1;LAMTOR1;ATP6V0C;PPIA;HSPA1A;FTL;VPS35L,EC-PTC
Reactome_2022,MAPK6/MAPK4 Signaling R-HSA-5687128,18/90,1.0085521306001263e-09,9.965235272076478e-09,0,0,7.326103500761035,151.75840299529378,JUN;HSPB1;RNASE1;PSMB8;PSMB9;PSMB6;PSMA6;PSMA4;PSMB5;PSMB2;UBB;PSMA2;PSMB3;PSMB1;PSME1;PSME2;RPS27A;UBA52,EC-PTC
Reactome_2022,Signaling By NOTCH4 R-HSA-9013694,17/81,1.3414538669858627e-09,1.3134052861307038e-08,0,0,7.775384688449848,158.84731352043954,PSMB8;RBX1;PSMB9;PSMB6;PSMA6;PSMA4;PSMB5;PSMB2;UBB;PSMA2;PSMB3;PSMB1;PSME1;PSME2;RPS27A;UBA52;SKP1,EC-PTC
Reactome_2022,Asymmetric Localization Of PCP Proteins R-HSA-4608870,15/62,1.5357001557995734e-09,1.4900442052217486e-08,0,0,9.322050290135396,189.1842934703812,PSMB8;PSMB9;PSMB6;PSMA6;PSMA4;PSMB5;PSMB2;UBB;PSMA2;PSMB3;PSMB1;PSME1;PSME2;RPS27A;UBA52,EC-PTC
Reactome_2022,Autophagy R-HSA-9612973,21/128,1.8956640522497684e-09,1.822884093100893e-08,0,0,5.767212552516505,115.82694734263994,GABARAPL2;VCP;PARK7;DYNLL1;TOMM20;RNASE1;GABARAP;EEF1A1;RRAGA;MAP1LC3B;PINK1;UBB;CSNK2B;CHMP2A;LAMTOR1;RPS27A;SQSTM1;UBA52;VPS28;TOMM5;TOMM6,EC-PTC
Reactome_2022,Downstream TCR Signaling R-HSA-202424,18/94,2.1132967785653113e-09,2.0141775491281773e-08,0,0,6.939077144917087,138.60818153674447,UBE2D2;PSMB8;PSMB9;PSMB6;PSMA6;PSMA4;PSMB5;PSMB2;UBB;PSMA2;PSMB3;PSMB1;PSME1;PSME2;RPS27A;UBA52;HLA-DPA1;SKP1,EC-PTC
Reactome_2022,Beta-catenin Independent WNT Signaling R-HSA-3858494,22/142,2.3868849386536507e-09,2.254978139412265e-08,0,0,5.391909137314957,107.04706401245495,CLTA;RNASE1;GNG11;PSMB8;PSMB9;PSMB6;PSMA6;PSMA4;PSMB5;UBB;GNG5;PSMB2;PSMA2;PSMB3;PSMB1;PSME1;AP2S1;PSME2;PFN1;RPS27A;UBA52;AP2M1,EC-PTC
Reactome_2022,Synthesis Of DNA R-HSA-69239,20/119,2.982782248071081e-09,2.7693590354935817e-08,0,0,5.929832677924281,116.40504273619064,ANAPC16;PSMB8;RBX1;ANAPC11;PSMB9;PSMB6;POLE4;PSMA6;PSMA4;PSMB5;UBB;PSMB2;PSMA2;PSMB3;PSMB1;PSME1;PSME2;RPS27A;UBA52;SKP1,EC-PTC
Reactome_2022,Transcriptional Regulation By RUNX2 R-HSA-8878166,20/119,2.982782248071081e-09,2.7693590354935817e-08,0,0,5.929832677924281,116.40504273619064,SMAD1;STAT1;PSMB8;RBX1;PSMB9;PSMB6;LGALS3;PSMA6;PSMA4;PSMB5;UBB;PSMB2;PSMA2;PSMB3;PSMB1;PSME1;PSME2;RPS27A;UBA52;SKP1,EC-PTC
Reactome_2022,p53-Dependent G1 DNA Damage Response R-HSA-69563,15/65,3.1156003104235113e-09,2.8679500293385653e-08,0,0,8.761363636363637,171.6074626609983,PSMB8;PSMB9;PSMB6;PSMA6;PSMA4;PSMB5;PSMB2;UBB;PSMA2;PSMB3;PSMB1;PSME1;PSME2;RPS27A;UBA52,EC-PTC
Reactome_2022,Signaling By B Cell Receptor (BCR) R-HSA-983705,19/109,3.945165788747072e-09,3.6007996224411836e-08,0,0,6.190125338753387,119.7837217761169,PSMB8;RASGRP3;PSMB9;PSMB6;FKBP1A;PSMA6;PSMA4;PSMB5;UBB;PSMB2;PSMA2;PSMB3;PSMB1;PSME1;PSME2;RPS27A;PPIA;UBA52;SKP1,EC-PTC
Reactome_2022,Transcriptional Regulation By TP53 R-HSA-3700989,36/354,4.255020225826482e-09,3.8190118151777416e-08,0,0,3.367348746567455,64.90620715260462,COX7B;COX4I1;COX5B;COX6A1;COX7C;COX5A;PRDX2;PRDX5;SESN3;UBB;YWHAQ;PRDX1;POLR2F;ELOB;COX14;ELOC;POLR2H;RPS27A;POLR2J;POLR2K;POLR2L;COX8A;JUN;PRELID1;SURF1;NPM1;COX6C;GTF2H5;COX6B1;RRAGA;RGCC;CSNK2B;CYCS;LAMTOR1;UBA52;COX20,EC-PTC
Reactome_2022,Hedgehog Off State R-HSA-5610787,18/98,4.2551663678860635e-09,3.8190118151777416e-08,0,0,6.590753424657534,127.03764208352358,PSMB8;RBX1;PSMB9;PSMB6;PSMA6;PSMA4;PSMB5;UBB;PSMB2;PSMA2;PSMB3;PSMB1;PSME1;GNAS;PSME2;RPS27A;UBA52;SKP1,EC-PTC
Reactome_2022,ABC Transporter Disorders R-HSA-5619084,16/77,4.780518274621285e-09,4.255056348567871e-08,0,0,7.667454414288913,146.89858824211245,VCP;PSMB8;PSMB9;PSMB6;PSMA6;PSMA4;PSMB5;PSMB2;UBB;PSMA2;PSMB3;PSMB1;PSME1;PSME2;RPS27A;UBA52,EC-PTC
Reactome_2022,G1/S DNA Damage Checkpoints R-HSA-69615,15/67,4.879772800360541e-09,4.3077994311379524e-08,0,0,8.423513986013987,161.2106188692314,PSMB8;PSMB9;PSMB6;PSMA6;PSMA4;PSMB5;PSMB2;UBB;PSMA2;PSMB3;PSMB1;PSME1;PSME2;RPS27A;UBA52,EC-PTC
Reactome_2022,TNFR2 Non-Canonical NF-kB Pathway R-HSA-5668541,18/100,5.955130000249019e-09,5.2143699270473125e-08,0,0,6.429335115268961,121.76526006890624,TNFSF12;TNFRSF11B;PSMB8;PSMB9;PSMB6;PSMA6;PSMA4;PSMB5;UBB;PSMB2;PSMA2;PSMB3;PSMB1;PSME1;PSME2;RPS27A;UBA52;SKP1,EC-PTC
Reactome_2022,Regulation Of Ornithine Decarboxylase (ODC) R-HSA-350562,13/50,7.377423574963247e-09,6.407649346964046e-08,0,0,10.236955989221851,191.6853769931681,OAZ1;PSMB8;PSMB9;PSMB6;PSMA6;PSMA4;PSMB5;PSMB2;PSMA2;PSMB3;PSMB1;PSME1;PSME2,EC-PTC
Reactome_2022,Immune System R-HSA-168256,112/1943,1.001700531720213e-08,8.630651781301355e-08,0,0,1.9006861308062355,35.008702978082304,EIF4A1;CD81;UBE2D2;ICAM2;DEFB1;SRP14;LGALS3;MT2A;FTH1;OSTF1;AP2M1;SKP1;ATP6V1G1;ATP6V0E1;RNASE1;ILF2;RBX1;EEF1A1;IFI27;CSNK2B;PSME1;PSME2;AURKAIP1;UBA52;SQSTM1;PPIA;FTL;VCP;RAB5C;TNFRSF11B;HIF1A;ANAPC11;UBE2J1;RASGRP3;SDCBP;PRDX5;UBB;S100A11;CD99;VASP;JUN;TRAPPC1;TNFSF12;SURF4;FN1;EIF2AK2;ISG15;BST2;ARPC2;ARPC3;HNRNPF;CYSTM1;DEGS1;OSBPL1A;RPLP0;CLTA;BRK1;SEC61A1;SUMO1;CTSL;ELOB;ITGAV;TIMP1;ELOC;SEC61B;CTSD;HLA-DPA1;ATP6V0B;ANXA2;DYNLT1;NME2;NDUFC2;DYNLL1;DUSP6;VAMP8;PSMA6;PSMA4;PKM;PSMA2;ATP6V0C;CD63;CSTB;GRN;GSTP1;RNF7;PSMB6;CST3;PSMB5;PSMB2;PSMB3;PSMB1;AP2S1;POLR2F;STOM;POLR2H;RPS27A;POLR2K;CD55;POLR2L;GSN;STAT1;TUBB4B;PSMB8;ATOX1;PSMB9;SOD1;FKBP1A;CAPZA2;LAMTOR1;VIM;HSPA1A;VPS35L,EC-PTC
Reactome_2022,TCR Signaling R-HSA-202403,19/116,1.1482251309965757e-08,9.814591000661207e-08,0,0,5.741325119436762,104.9655661232806,VASP;UBE2D2;PSMB8;PSMB9;PSMB6;PSMA6;PSMA4;PSMB5;UBB;PSMB2;PSMA2;PSMB3;PSMB1;PSME1;PSME2;RPS27A;UBA52;SKP1;HLA-DPA1,EC-PTC
Reactome_2022,Cyclin E Associated Events During G1/S Transition R-HSA-69202,16/82,1.2476622489397174e-08,1.0497908141469341e-07,0,0,7.084747321469628,128.93821518879426,PSMB8;PSMB9;PSMB6;PSMA6;PSMA4;PSMB5;PSMB2;UBB;PSMA2;PSMB3;PSMB1;PSME1;PSME2;RPS27A;UBA52;SKP1,EC-PTC
Reactome_2022,Mitochondrial Translation Elongation R-HSA-5389840,16/82,1.2476622489397174e-08,1.0497908141469341e-07,0,0,7.084747321469628,128.93821518879426,GADD45GIP1;MRPS24;MRPS34;MRPL17;MRPL14;MRPL34;MRPS6;MRPL57;MRPL54;MRPL33;MRPS18C;TUFM;MRPL52;MRPL20;MRPL51;AURKAIP1,EC-PTC
Reactome_2022,Mitophagy R-HSA-5205647,10/28,1.3582725393993152e-08,1.1339996317310563e-07,0,0,16.129490392648286,292.1771221412333,MAP1LC3B;PINK1;UBB;CSNK2B;RPS27A;TOMM20;SQSTM1;UBA52;TOMM5;TOMM6,EC-PTC
Reactome_2022,Cyclin A:Cdk2-associated Events At S Phase Entry R-HSA-69656,16/84,1.7932126036530333e-08,1.4856076724110134e-07,0,0,6.875658305810943,122.63886186172395,PSMB8;PSMB9;PSMB6;PSMA6;PSMA4;PSMB5;PSMB2;UBB;PSMA2;PSMB3;PSMB1;PSME1;PSME2;RPS27A;UBA52;SKP1,EC-PTC
Reactome_2022,PINK1-PRKN Mediated Mitophagy R-HSA-5205685,9/22,1.80740492654467e-08,1.485935195334817e-07,0,0,20.07484407484408,357.9101525877151,MAP1LC3B;PINK1;UBB;RPS27A;TOMM20;SQSTM1;UBA52;TOMM5;TOMM6,EC-PTC
Reactome_2022,Hedgehog On State R-HSA-5632684,16/85,2.1408392260914224e-08,1.746730186742774e-07,0,0,6.775659211365486,119.65463750550734,PSMB8;RBX1;PSMB9;PSMB6;PSMA6;PSMA4;PSMB5;PSMB2;UBB;PSMA2;PSMB3;PSMB1;PSME1;PSME2;RPS27A;UBA52,EC-PTC
Reactome_2022,CLEC7A (Dectin-1) Signaling R-HSA-5607764,17/99,3.273364751183218e-08,2.650687095507013e-07,0,0,6.062921639854697,104.4936196724263,UBE2D2;PSMB8;PSMB9;PSMB6;PSMA6;PSMA4;PSMB5;UBB;PSMB2;PSMA2;PSMB3;PSMB1;PSME1;PSME2;RPS27A;UBA52;SKP1,EC-PTC
Reactome_2022,Mitochondrial Translation R-HSA-5368287,16/88,3.585506585567092e-08,2.881784024369969e-07,0,0,6.492328443770022,111.30305684406652,GADD45GIP1;MRPS24;MRPS34;MRPL17;MRPL14;MRPL34;MRPS6;MRPL57;MRPL54;MRPL33;MRPS18C;TUFM;MRPL52;MRPL20;MRPL51;AURKAIP1,EC-PTC
Reactome_2022,Programmed Cell Death R-HSA-5357801,25/208,3.996355296277104e-08,3.1882034474744005e-07,0,0,4.023118957545187,68.53503022717896,UACA;PSMB6;SDCBP;PSMB5;PSMB2;UBB;YWHAQ;PSMB3;PSMB1;TNFSF10;RPS27A;GSN;DYNLL1;PSMB8;PSMB9;PSMA6;PSMA4;PSMA2;CDC37;PSME1;CHMP2A;PSME2;CYCS;VIM;UBA52,EC-PTC
Reactome_2022,Cytoprotection By HMOX1 R-HSA-9707564,13/57,4.095012987307808e-08,3.242888961272433e-07,0,0,8.605225212853611,146.38271898433013,COX8A;COX7B;SURF1;COX4I1;COX6A1;COX5B;COX6C;COX7C;COX5A;COX6B1;CYCS;COX14;COX20,EC-PTC
Reactome_2022,Cross-presentation Of Soluble Exogenous Antigens (Endosomes) R-HSA-1236978,12/48,4.5300309595696015e-08,3.561199520771139e-07,0,0,9.697838109602817,163.9899766475643,PSMB6;PSMA6;PSMB5;PSMA4;PSMB2;PSMB3;PSMA2;PSMB1;PSME1;PSME2;PSMB8;PSMB9,EC-PTC
Reactome_2022,Interleukin-1 Signaling R-HSA-9020702,18/114,5.006808053506525e-08,3.879375736421962e-07,0,0,5.487728310502283,92.2480661541243,PSMB8;RBX1;PSMB9;PSMB6;PSMA6;PSMA4;PSMB5;UBB;PSMB2;PSMA2;PSMB3;PSMB1;PSME1;PSME2;RPS27A;SQSTM1;UBA52;SKP1,EC-PTC
Reactome_2022,Macroautophagy R-HSA-1632852,18/114,5.006808053506525e-08,3.879375736421962e-07,0,0,5.487728310502283,92.2480661541243,GABARAPL2;VCP;PARK7;DYNLL1;TOMM20;GABARAP;RRAGA;MAP1LC3B;PINK1;UBB;CSNK2B;CHMP2A;LAMTOR1;RPS27A;SQSTM1;UBA52;TOMM5;TOMM6,EC-PTC
Reactome_2022,Metabolism Of Polyamines R-HSA-351202,13/58,5.1166395696058615e-08,3.9361577260467947e-07,0,0,8.413561597851627,141.24841056185943,OAZ1;PSMB8;PSMB9;PSMB6;PSMA6;PSMA4;PSMB5;PSMB2;PSMA2;PSMB3;PSMB1;PSME1;PSME2,EC-PTC
Reactome_2022,ABC-family Proteins Mediated Transport R-HSA-382556,17/102,5.1786176466868495e-08,3.955582415235274e-07,0,0,5.848024316109423,98.10728977853088,VCP;EIF2S2;PSMB8;PSMB9;PSMB6;PSMA6;PSMA4;PSMB5;UBB;PSMB2;PSMA2;PSMB3;PSMB1;PSME1;PSME2;RPS27A;UBA52,EC-PTC
Reactome_2022,Fc Epsilon Receptor (FCERI) Signaling R-HSA-2454202,19/130,7.679626508977804e-08,5.824618133921898e-07,0,0,5.013540980004395,82.13237896972694,JUN;UBE2D2;RNASE1;PSMB8;PSMB9;PSMB6;PSMA6;PSMA4;PSMB5;UBB;PSMB2;PSMA2;PSMB3;PSMB1;PSME1;PSME2;RPS27A;UBA52;SKP1,EC-PTC
Reactome_2022,Mitochondrial Translation Initiation R-HSA-5368286,15/82,8.799409259893606e-08,6.581224842295426e-07,0,0,6.532564450474898,106.12801693999516,GADD45GIP1;MRPS24;MRPS34;MRPL17;MRPL14;MRPL34;MRPS6;MRPL57;MRPL54;MRPL33;MRPS18C;MRPL52;MRPL20;MRPL51;AURKAIP1,EC-PTC
Reactome_2022,Mitochondrial Translation Termination R-HSA-5419276,15/82,8.799409259893606e-08,6.581224842295426e-07,0,0,6.532564450474898,106.12801693999516,GADD45GIP1;MRPS24;MRPS34;MRPL17;MRPL14;MRPL34;MRPS6;MRPL57;MRPL54;MRPL33;MRPS18C;MRPL52;MRPL20;MRPL51;AURKAIP1,EC-PTC
Reactome_2022,Selective Autophagy R-HSA-9663891,13/61,9.7000746618878e-08,7.204814076450455e-07,0,0,7.886486656596173,127.35530171156496,VCP;PARK7;DYNLL1;TOMM20;MAP1LC3B;PINK1;UBB;CSNK2B;RPS27A;SQSTM1;UBA52;TOMM5;TOMM6,EC-PTC
Reactome_2022,Transcriptional Regulation By RUNX3 R-HSA-8878159,16/95,1.0976036973257013e-07,8.041627088569934e-07,0,0,5.914907512341292,94.78619357902846,BRD2;PSMB8;PSMB9;PSMB6;PSMA6;PSMA4;PSMB5;PSMB2;UBB;PSMA2;PSMB3;PSMB1;PSME1;PSME2;RPS27A;UBA52,EC-PTC
Reactome_2022,UCH Proteinases R-HSA-5689603,16/95,1.0976036973257013e-07,8.041627088569934e-07,0,0,5.914907512341292,94.78619357902846,NEDD8;PSMB8;PSMB9;PSMB6;PSMA6;PSMA4;PSMB5;PSMB2;UBB;PSMA2;PSMB3;PSMB1;PSME1;PSME2;RPS27A;UBA52,EC-PTC
Reactome_2022,Signaling By Hedgehog R-HSA-5358351,19/135,1.4180853742372726e-07,1.0319445594956369e-06,0,0,4.796191652649285,75.63012946029492,VCP;PSMB8;RBX1;PSMB9;PSMB6;PSMA6;PSMA4;PSMB5;UBB;PSMB2;PSMA2;PSMB3;PSMB1;PSME1;GNAS;PSME2;RPS27A;UBA52;SKP1,EC-PTC
Reactome_2022,Apoptosis R-HSA-109581,22/178,1.582444534533528e-07,1.143820646773563e-06,0,0,4.13984764597322,64.82639104810666,GSN;DYNLL1;UACA;PSMB8;PSMB9;PSMB6;PSMA6;PSMA4;PSMB5;UBB;YWHAQ;PSMB2;PSMA2;PSMB3;PSMB1;TNFSF10;PSME1;PSME2;CYCS;VIM;RPS27A;UBA52,EC-PTC
Reactome_2022,Assembly Of Pre-Replicative Complex R-HSA-68867,17/110,1.6206049591337278e-07,1.1635943606580163e-06,0,0,5.342746020851718,83.53541623606567,ANAPC16;PSMB8;ANAPC11;PSMB9;PSMB6;PSMA6;PSMA4;PSMB5;UBB;PSMB2;PSMA2;PSMB3;PSMB1;PSME1;PSME2;RPS27A;UBA52,EC-PTC
Reactome_2022,RUNX1 Regulates Transcription Of Genes Involved In Differentiation Of HSCs R-HSA-8939236,16/98,1.71601272925697e-07,1.2239375559005013e-06,0,0,5.69762019319738,88.758052872182,LMO2;PSMB8;PSMB9;PSMB6;PSMA6;PSMA4;PSMB5;UBB;PSMB2;PSMA2;PSMB3;PSMB1;PSME1;PSME2;RPS27A;UBA52,EC-PTC
Reactome_2022,mRNA Splicing - Major Pathway R-HSA-72163,22/181,2.128069509367434e-07,1.5078492510452149e-06,0,0,4.061101640228457,62.39021885538504,SNRPN;RBM8A;SF3B6;SNU13;YBX1;LSM4;LSM3;PTBP1;LSM7;SNRPD2;SYF2;HNRNPF;SNRPG;POLR2F;SNRPE;SRSF5;POLR2H;POLR2J;POLR2K;SNRPB;SRSF9;POLR2L,EC-PTC
Reactome_2022,PTEN Regulation R-HSA-6807070,19/139,2.266437635461269e-07,1.5953943355501874e-06,0,0,4.635353150406504,70.92037651259432,JUN;PSMB8;PSMB9;PSMB6;PSMA6;RRAGA;PSMA4;PSMB5;UBB;PSMB2;PSMA2;PSMB3;CSNK2B;PSMB1;PSME1;PSME2;LAMTOR1;RPS27A;UBA52,EC-PTC
Reactome_2022,G2/M Transition R-HSA-69275,22/182,2.3453494800456643e-07,1.640221681824143e-06,0,0,4.0355091883614085,61.60471615265956,DYNLL1;TUBB4B;PSMB8;RBX1;PSMB9;PPP1CB;MZT2B;PSMB6;PSMA6;PSMA4;PSMB5;UBB;PSMB2;PSMA2;PSMB3;PSMB1;PSME1;PSME2;RPS27A;UBA52;OPTN;SKP1,EC-PTC
Reactome_2022,Signaling By WNT R-HSA-195721,29/294,2.63600742521463e-07,1.83159999803623e-06,0,0,3.228810094047549,48.91269591918863,CLTA;SNX3;PSMB6;PSMB5;PSMB2;UBB;GNG5;PSMB3;PSMB1;AP2S1;RPS27A;SOX4;AP2M1;SKP1;RNASE1;GNG11;PSMB8;PSMB9;RBX1;TLE5;PSMA6;SFRP1;PSMA4;PSMA2;CSNK2B;PSME1;PSME2;PFN1;UBA52,EC-PTC
Reactome_2022,DNA Replication Pre-Initiation R-HSA-69002,18/127,2.706084942047391e-07,1.8682394119134868e-06,0,0,4.829961040593188,73.04153372561763,ANAPC16;PSMB8;ANAPC11;PSMB9;PSMB6;POLE4;PSMA6;PSMA4;PSMB5;UBB;PSMB2;PSMA2;PSMB3;PSMB1;PSME1;PSME2;RPS27A;UBA52,EC-PTC
Reactome_2022,Mitotic G2-G2/M Phases R-HSA-453274,22/184,2.842354950568757e-07,1.944703708757685e-06,0,0,3.985272153214981,60.07185128809321,DYNLL1;TUBB4B;PSMB8;RBX1;PSMB9;PPP1CB;MZT2B;PSMB6;PSMA6;PSMA4;PSMB5;UBB;PSMB2;PSMA2;PSMB3;PSMB1;PSME1;PSME2;RPS27A;UBA52;OPTN;SKP1,EC-PTC
Reactome_2022,DNA Replication R-HSA-69306,20/155,2.85295437310784e-07,1.944703708757685e-06,0,0,4.340401470172463,65.40872413146683,ANAPC16;PSMB8;RBX1;ANAPC11;PSMB9;PSMB6;POLE4;PSMA6;PSMA4;PSMB5;UBB;PSMB2;PSMA2;PSMB3;PSMB1;PSME1;PSME2;RPS27A;UBA52;SKP1,EC-PTC
Reactome_2022,Mitotic Anaphase R-HSA-68882,25/232,3.364529681775376e-07,2.278992746712e-06,0,0,3.5522110739502044,52.94502213335039,ANAPC16;ANAPC11;PSMB6;TUBA1B;PSMB5;PSMB2;UBB;SUMO1;PSMB3;PSMB1;BUB3;RPS27A;DYNLL1;TUBB4B;PSMB8;PSMB9;PSMA6;RPS27;PSMA4;PSMA2;PSME1;CHMP2A;PSME2;UBA52;RAN,EC-PTC
Reactome_2022,Mitotic Metaphase And Anaphase R-HSA-2555396,25/233,3.6513619647008716e-07,2.4578230224892736e-06,0,0,3.534948224852071,52.398521318462265,ANAPC16;ANAPC11;PSMB6;TUBA1B;PSMB5;PSMB2;UBB;SUMO1;PSMB3;PSMB1;BUB3;RPS27A;DYNLL1;TUBB4B;PSMB8;PSMB9;PSMA6;RPS27;PSMA4;PSMA2;PSME1;CHMP2A;PSME2;UBA52;RAN,EC-PTC
Reactome_2022,Diseases Of Signal Transduction By Growth Factor Receptors And Second Messengers R-HSA-5663202,36/424,4.158736867147964e-07,2.781962488148048e-06,0,0,2.749673297517061,40.40063151459793,VCP;PEBP1;PSMB6;PPP1CB;PSMB5;PSMB2;UBB;PSMB3;PSMB1;POLR2F;POLR2H;RPS27A;POLR2J;POLR2K;POLR2L;SKP1;NPM1;STAT1;RPS6;FN1;RNASE1;DUSP6;PSMB8;PSMB9;RBX1;FKBP1A;EEF1G;PSMA6;PSMA4;PSMA2;CDC37;PSME1;PSME2;TLN1;UBA52;SQSTM1,EC-PTC
Reactome_2022,mRNA Splicing R-HSA-72172,22/189,4.5378807915543145e-07,3.016850378088887e-06,0,0,3.864943925319346,56.4499623321165,SNRPN;RBM8A;SF3B6;SNU13;YBX1;LSM4;LSM3;PTBP1;LSM7;SNRPD2;SYF2;HNRNPF;SNRPG;POLR2F;SNRPE;SRSF5;POLR2H;POLR2J;POLR2K;SNRPB;SRSF9;POLR2L,EC-PTC
Reactome_2022,Neddylation R-HSA-8951664,25/237,5.039316311352809e-07,3.329658691611641e-06,0,0,3.467525399129173,50.28197979539024,VCP;UBE2D2;NEDD8;RNF7;HIF1A;PSMB6;PSMB5;PSMB2;UBB;PSMB3;PSMB1;ELOB;ELOC;RPS27A;SKP1;PSMB8;PSMB9;RBX1;PSMA6;PSMA4;PSMA2;PSME1;PSME2;UBA52;SQSTM1,EC-PTC
Reactome_2022,Iron Uptake And Transport R-HSA-917937,12/59,5.182277397026358e-07,3.4032394857301143e-06,0,0,7.423895253682487,107.44493013843208,ATP6V0B;ATP6V1G1;ATP6V0E1;UBB;FTH1;SLC40A1;NEDD8;RPS27A;ATP6V0C;UBA52;SKP1;FTL,EC-PTC
Reactome_2022,S Phase R-HSA-69242,20/161,5.304732696655618e-07,3.462543705635213e-06,0,0,4.1544042011802285,60.02904799747747,ANAPC16;PSMB8;RBX1;ANAPC11;PSMB9;PSMB6;POLE4;PSMA6;PSMA4;PSMB5;UBB;PSMB2;PSMA2;PSMB3;PSMB1;PSME1;PSME2;RPS27A;UBA52;SKP1,EC-PTC
Reactome_2022,mRNA Splicing - Minor Pathway R-HSA-72165,11/49,5.40085026496045e-07,3.5040456237122914e-06,0,0,8.408251426759671,121.3440105169728,SNRPD2;SF3B6;SNRPG;POLR2F;SNRPE;YBX1;POLR2H;POLR2J;POLR2K;SNRPB;POLR2L,EC-PTC
Reactome_2022,Transport Of Small Molecules R-HSA-382551,50/706,6.824304749201291e-07,4.401063601730413e-06,0,0,2.276707317073171,32.323791605792266,SLC40A1;CLTA;FTH1;BSG;AP2M1;SKP1;ATP6V1G1;ATP6V0B;ATP6V0E1;ATP1B3;ATP1B1;PSMA6;SMDT1;PSMA4;SLCO4A1;PSMA2;PSME1;PSME2;VDAC2;SLC25A5;UBA52;SLC25A4;ATP6V0C;FTL;SLC25A6;VCP;FURIN;NEDD8;SLC3A2;SRI;SLC5A3;PSMB6;PSMB5;PSMB2;UBB;GNG5;PSMB3;PSMB1;AP2S1;STOM;RPS27A;SLC38A2;SLC14A1;SLC12A1;EIF2S2;GNG11;PSMB8;PSMB9;FXYD2;GNAS,EC-PTC
Reactome_2022,Formation Of TC-NER Pre-Incision Complex R-HSA-6781823,11/52,1.0212192702228185e-06,6.54674496446414e-06,0,0,7.7918013517484574,107.4841072341428,UBB;POLR2F;POLR2H;RPS27A;UBA52;POLR2J;POLR2K;GTF2H5;HMGN1;RBX1;POLR2L,EC-PTC
Reactome_2022,Inactivation Of CSF3 (G-CSF) Signaling R-HSA-9705462,8/25,1.04976800191961e-06,6.689941645369348e-06,0,0,13.622365287944262,187.53830422297048,UBB;STAT1;UBE2D2;ELOB;RNF7;ELOC;RPS27A;UBA52,EC-PTC
Reactome_2022,Separation Of Sister Chromatids R-HSA-2467813,20/170,1.2688997888623294e-06,8.03885336826311e-06,0,0,3.903307888040712,52.9966177175537,ANAPC16;DYNLL1;PSMB8;ANAPC11;PSMB9;PSMB6;PSMA6;RPS27;PSMA4;PSMB5;UBB;PSMB2;PSMA2;PSMB3;PSMB1;PSME1;PSME2;BUB3;RPS27A;UBA52,EC-PTC
Reactome_2022,Gap-filling DNA Repair Synthesis And Ligation In TC-NER R-HSA-6782210,12/64,1.3030338064609304e-06,8.17454506109456e-06,0,0,6.708318830490776,90.90318954652976,POLE4;UBB;POLR2F;POLR2H;RPS27A;UBA52;POLR2J;POLR2K;GTF2H5;HMGN1;RBX1;POLR2L,EC-PTC
Reactome_2022,C-type Lectin Receptors (CLRs) R-HSA-5621481,18/141,1.305498375587989e-06,8.17454506109456e-06,0,0,4.277090990087983,57.94998800729293,UBE2D2;ICAM2;PSMB8;PSMB9;PSMB6;PSMA6;PSMA4;PSMB5;UBB;PSMB2;PSMA2;PSMB3;PSMB1;PSME1;PSME2;RPS27A;UBA52;SKP1,EC-PTC
Reactome_2022,Signaling By NOTCH R-HSA-157118,22/203,1.5383808903190984e-06,9.577087970368029e-06,0,0,3.5633920790571354,47.69521926189817,JUN;STAT1;FURIN;YBX1;HIF1A;PSMB8;PSMB9;RBX1;PSMB6;PSMA6;PSMA4;PSMB5;PSMB2;UBB;PSMA2;PSMB3;PSMB1;PSME1;PSME2;RPS27A;UBA52;SKP1,EC-PTC
Reactome_2022,Dual Incision In TC-NER R-HSA-6782135,12/65,1.5495485599095434e-06,9.591171258750449e-06,0,0,6.58140527618885,88.0430578891651,POLE4;UBB;POLR2F;POLR2H;RPS27A;UBA52;POLR2J;POLR2K;GTF2H5;HMGN1;RBX1;POLR2L,EC-PTC
Reactome_2022,G1/S Transition R-HSA-69206,17/129,1.6388601621535628e-06,1.008601368365364e-05,0,0,4.432004450716457,59.04098975257039,PSMB8;PSMB9;PSMB6;POLE4;PSMA6;PSMA4;PSMB5;UBB;PSMB2;PSMA2;PSMB3;PSMB1;PSME1;PSME2;RPS27A;UBA52;SKP1,EC-PTC
Reactome_2022,Disorders Of Transmembrane Transporters R-HSA-5619115,20/176,2.1904674229709905e-06,1.34041671280668e-05,0,0,3.752006263456645,48.89387791939741,VCP;SLC12A1;SLC40A1;SLC3A2;PSMB8;PSMB9;PSMB6;PSMA6;PSMA4;PSMB5;UBB;PSMB2;PSMA2;PSMB3;BSG;PSMB1;PSME1;PSME2;RPS27A;UBA52,EC-PTC
Reactome_2022,Protein Localization R-HSA-9609507,19/164,2.932853908559169e-06,1.784567039275833e-05,0,0,3.831160639192599,48.80720343981653,FIS1;PRNP;CYB5A;NDUFB8;CCNI;UBE2D2;COX17;CHCHD10;TOMM20;ATP5MC1;CHCHD2;UBB;SEC61B;RPS27A;UBA52;SLC25A4;TOMM5;SLC25A6;TOMM6,EC-PTC
Reactome_2022,Late Phase Of HIV Life Cycle R-HSA-162599,17/136,3.429213578307084e-06,2.074866867324005e-05,0,0,4.169778549717759,52.46907238556115,GTF2A2;FURIN;GTF2H5;UBB;CHMP2A;POLR2F;ELOB;ELOC;POLR2H;RPS27A;PPIA;UBA52;POLR2J;VPS28;POLR2K;RAN;POLR2L,EC-PTC
Reactome_2022,Interleukin-1 Family Signaling R-HSA-446652,18/152,3.892084616111117e-06,2.3417738165093144e-05,0,0,3.9237374769985687,48.87629348674578,PSMB8;RBX1;PSMB9;PSMB6;PSMA6;PSMA4;PSMB5;UBB;PSMB2;PSMA2;PSMB3;PSMB1;PSME1;PSME2;RPS27A;SQSTM1;UBA52;SKP1,EC-PTC
Reactome_2022,Ub-specific Processing Proteases R-HSA-5689880,21/201,4.744324134359317e-06,2.8386872737249916e-05,0,0,3.4152650356778795,41.866236729627744,SMAD1;USP22;HIF1A;TOMM20;PSMB8;PSMB9;SNX3;PSMB6;PSMA6;PSMA4;PSMB5;PSMB2;UBB;PSMA2;PSMB3;PSMB1;PSME1;PSME2;VDAC2;RPS27A;UBA52,EC-PTC
Reactome_2022,Platelet Degranulation R-HSA-114608,16/125,4.850285890684975e-06,2.886054090755645e-05,0,0,4.280268964653144,52.375395225869546,SRGN;TOR4A;CD63;ACTN1;ANXA5;FN1;SOD1;TMSB4X;CALU;PHACTR2;CD9;MAGED2;TIMP1;PFN1;TLN1;PPIA,EC-PTC
Reactome_2022,Signaling By CSF3 (G-CSF) R-HSA-9674555,8/30,4.892082014646286e-06,2.8949298515242036e-05,0,0,10.523647267275454,128.68202828380907,UBB;STAT1;UBE2D2;ELOB;RNF7;ELOC;RPS27A;UBA52,EC-PTC
Reactome_2022,Response To Elevated Platelet Cytosolic Ca2+ R-HSA-76005,16/130,8.090784021376813e-06,4.761625350285698e-05,0,0,4.091472992040039,47.97164083431175,SRGN;TOR4A;CD63;ACTN1;ANXA5;FN1;SOD1;TMSB4X;CALU;PHACTR2;CD9;MAGED2;TIMP1;PFN1;TLN1;PPIA,EC-PTC
Reactome_2022,VLDLR Internalisation And Degradation R-HSA-8866427,6/16,8.664516653106826e-06,5.071567627932637e-05,0,0,17.32286995515695,201.9201259024737,UBB;AP2S1;CLTA;RPS27A;UBA52;AP2M1,EC-PTC
Reactome_2022,Mitochondrial Biogenesis R-HSA-1592230,13/89,8.727143889037453e-06,5.080612955942344e-05,0,0,4.973704086500239,57.93903901035263,ATP5PF;ATP5PD;ATP5MC2;ATP5MC3;MICOS10;ATP5F1D;ATP5F1E;ATP5MC1;ATP5PO;CYCS;ATP5MG;ATP5MF;ATP5ME,EC-PTC
Reactome_2022,RNA Polymerase II Transcription R-HSA-73857,74/1312,9.351768684670426e-06,5.4149757383817466e-05,0,0,1.7988839279714208,20.830977070367407,COX7B;BTG1;COX4I1;YBX1;COX6A1;COX7C;LGALS3;SESN3;SUMO1;YWHAQ;CTSL;ELOB;ELOC;SKP1;COX8A;BRD2;LMO2;SSU72;RBX1;COX6B1;PSMA6;RRAGA;PSMA4;PSMA2;CSNK2B;PSME1;SNRPG;PSME2;SNRPE;SRSF5;UBA52;SRSF9;SNRPB;GTF2A2;ANAPC16;RBM8A;FURIN;COX5B;COX5A;ANAPC11;PSMB6;PRDX2;PRDX5;PSMB5;PSMB2;ZNF706;UBB;PSMB3;PRDX1;PSMB1;MED31;POLR2F;COX14;POLR2H;RPS27A;POLR2J;POLR2K;POLR2L;SMAD1;PRELID1;JUN;SURF1;NPM1;STAT1;CBX3;COX6C;PSMB8;GTF2H5;PSMB9;PINK1;RGCC;CYCS;LAMTOR1;COX20,EC-PTC
Reactome_2022,Transcription-Coupled Nucleotide Excision Repair (TC-NER) R-HSA-6781827,12/77,9.770829061310148e-06,5.627370534241193e-05,0,0,5.363035154890358,61.86855939216148,POLE4;UBB;POLR2F;POLR2H;RPS27A;UBA52;POLR2J;POLR2K;GTF2H5;HMGN1;RBX1;POLR2L,EC-PTC
Reactome_2022,Mitotic G1 Phase And G1/S Transition R-HSA-453279,17/147,9.890615507659994e-06,5.666060054122241e-05,0,0,3.814765022211831,43.96106287633197,PSMB8;PSMB9;PSMB6;POLE4;PSMA6;PSMA4;PSMB5;UBB;PSMB2;PSMA2;PSMB3;PSMB1;PSME1;PSME2;RPS27A;UBA52;SKP1,EC-PTC
Reactome_2022,Mitochondrial Protein Import R-HSA-1268020,11/65,1.0162019864275272e-05,5.7907383036108304e-05,0,0,5.912009147701919,67.96950205694966,CHCHD2;NDUFB8;CCNI;COX17;CHCHD10;TOMM20;SLC25A4;TOMM5;SLC25A6;ATP5MC1;TOMM6,EC-PTC
Reactome_2022,Cell Cycle R-HSA-1640170,44/654,1.1808743237305205e-05,6.681127994795143e-05,0,0,2.139357252344704,24.27458150013141,SET;ANAPC16;ANAPC11;PSMB6;PPP1CB;TUBA1B;PSMB5;PSMB2;SUMO1;UBB;YWHAQ;PSMB3;MIS18BP1;PSMB1;POLR2F;POLR2H;BUB3;RPS27A;POLR2J;POLR2K;POLR2L;SKP1;NPM1;HSPA2;DYNLL1;TUBB4B;PSMB8;PSMB9;RBX1;MZT2B;POLE4;PSMA6;PSMA4;RPS27;PSMA2;CSNK2B;PSME1;CHMP2A;PSME2;UBA52;LPIN2;OPTN;NOP10;RAN,EC-PTC
Reactome_2022,HIV Life Cycle R-HSA-162587,17/149,1.1848611392812184e-05,6.681127994795143e-05,0,0,3.756574099659206,42.611946531210656,GTF2A2;FURIN;GTF2H5;UBB;CHMP2A;POLR2F;ELOB;ELOC;POLR2H;RPS27A;PPIA;UBA52;POLR2J;VPS28;POLR2K;RAN;POLR2L,EC-PTC
Reactome_2022,Nucleotide Excision Repair R-HSA-5696398,14/108,1.6255305953254535e-05,9.118210683153716e-05,0,0,4.333118743361123,47.78169548670856,GTF2H5;RBX1;POLE4;UBB;SUMO1;SUMO2;POLR2F;POLR2H;RPS27A;UBA52;POLR2J;POLR2K;HMGN1;POLR2L,EC-PTC
Reactome_2022,Pexophagy R-HSA-9664873,5/11,1.683073053850025e-05,9.343658139157096e-05,0,0,24.02860696517413,264.12975591257907,MAP1LC3B;UBB;RPS27A;SQSTM1;UBA52,EC-PTC
Reactome_2022,Regulation Of BACH1 Activity R-HSA-9708530,5/11,1.683073053850025e-05,9.343658139157096e-05,0,0,24.02860696517413,264.12975591257907,UBB;RPS27A;UBA52;RBX1;SKP1,EC-PTC
Reactome_2022,FGFR2 Alternative Splicing R-HSA-6803529,7/26,1.8157440077968376e-05,0.00010028493827677918,0,0,10.647809643870154,116.23607032999398,PTBP1;HNRNPF;POLR2F;POLR2H;POLR2J;POLR2K;POLR2L,EC-PTC
Reactome_2022,Assembly Of HIV Virion R-HSA-175474,6/18,1.8957387339674107e-05,0.00010416890900422966,0,0,14.43423019431988,156.94795866542296,UBB;FURIN;RPS27A;PPIA;UBA52;VPS28,EC-PTC
Reactome_2022,Processing Of Capped Intron-Containing Pre-mRNA R-HSA-72203,22/242,2.6126897014165576e-05,0.0001428358786002859,0,0,2.92572741194487,30.873870866653675,SNRPN;RBM8A;SF3B6;SNU13;YBX1;LSM4;LSM3;PTBP1;LSM7;SNRPD2;SYF2;HNRNPF;SNRPG;POLR2F;SNRPE;SRSF5;POLR2H;POLR2J;POLR2K;SNRPB;SRSF9;POLR2L,EC-PTC
Reactome_2022,Cytokine Signaling In Immune System R-HSA-1280215,45/702,3.101149725422948e-05,0.00016868375021618763,0,0,2.029571646010002,21.069292854317705,EIF4A1;UBE2D2;RPLP0;TNFRSF11B;RNF7;HIF1A;PSMB6;MT2A;PSMB5;PSMB2;SUMO1;UBB;PSMB3;PSMB1;ELOB;TIMP1;ELOC;RPS27A;HLA-DPA1;SKP1;JUN;ANXA2;STAT1;TNFSF12;FN1;EIF2AK2;ISG15;DUSP6;PSMB8;PSMB9;RBX1;SOD1;BST2;PSMA6;PSMA4;IFI27;PSMA2;HNRNPF;PSME1;PSME2;VIM;AURKAIP1;UBA52;SQSTM1;PPIA,EC-PTC
Reactome_2022,Chaperone Mediated Autophagy R-HSA-9613829,6/20,3.736009692505944e-05,0.000202195097428588,0,0,12.37091607943626,126.12034326760973,EEF1A1;UBB;PARK7;RPS27A;RNASE1;UBA52,EC-PTC
Reactome_2022,M Phase R-HSA-68886,29/380,4.089893544396251e-05,0.0002202407673657381,0,0,2.426706535065668,24.520429343584293,SET;ANAPC16;ANAPC11;PSMB6;TUBA1B;PSMB5;PSMB2;UBB;SUMO1;PSMB3;PSMB1;BUB3;RPS27A;DYNLL1;TUBB4B;PSMB8;PSMB9;MZT2B;PSMA6;RPS27;PSMA4;PSMA2;CSNK2B;PSME1;CHMP2A;PSME2;UBA52;LPIN2;RAN,EC-PTC
Reactome_2022,G2/M Checkpoints R-HSA-69481,16/148,4.15115377887744e-05,0.00022242749352492552,0,0,3.5302340552719915,35.6184347106049,PSMB8;PSMB9;PSMB6;PSMA6;PSMA4;PSMB5;UBB;YWHAQ;PSMB2;PSMA2;PSMB3;PSMB1;PSME1;PSME2;RPS27A;UBA52,EC-PTC
Reactome_2022,TCF Dependent Signaling In Response To WNT R-HSA-201681,19/198,4.385311599865083e-05,0.0002338109204482522,0,0,3.097952718353999,31.086917036901035,PSMB8;PSMB9;RBX1;PSMB6;PSMA6;SFRP1;PSMA4;PSMB5;PSMB2;UBB;PSMA2;PSMB3;CSNK2B;PSMB1;PSME1;PSME2;RPS27A;UBA52;SOX4,EC-PTC
Reactome_2022,Gene Expression (Transcription) R-HSA-74160,77/1449,4.754863203744189e-05,0.0002522654024843592,0,0,1.684893522626442,16.771021602101694,COX7B;BTG1;COX4I1;YBX1;COX6A1;COX7C;LGALS3;SESN3;SUMO1;YWHAQ;CTSL;ELOB;ELOC;SKP1;COX8A;BRD2;LMO2;SSU72;RBX1;COX6B1;PSMA6;RRAGA;PSMA4;PSMA2;CSNK2B;PSME1;SNRPG;PSME2;SNRPE;SRSF5;UBA52;SRSF9;SNRPB;GTF2A2;ANAPC16;RBM8A;FURIN;COX5B;COX5A;ANAPC11;PSMB6;PRDX2;PRDX5;PSMB5;PSMB2;ZNF706;UBB;PSMB3;PRDX1;PSMB1;MED31;POLR2F;SAP18;COX14;POLR2H;RPS27A;POLR2J;POLR2K;POLR2L;SMAD1;PRELID1;JUN;SURF1;NPM1;SSB;STAT1;CBX3;COX6C;PSMB8;GTF2H5;PSMB9;PINK1;RGCC;CYCS;LAMTOR1;RAN;COX20,EC-PTC
Reactome_2022,Generic Transcription Pathway R-HSA-212436,66/1190,4.884990944000418e-05,0.000257898786602375,0,0,1.754912960398296,17.42059632740309,COX7B;BTG1;COX4I1;YBX1;COX6A1;COX7C;LGALS3;SESN3;SUMO1;YWHAQ;CTSL;ELOB;ELOC;SKP1;COX8A;BRD2;LMO2;RBX1;COX6B1;PSMA6;RRAGA;PSMA4;PSMA2;CSNK2B;PSME1;PSME2;UBA52;ANAPC16;FURIN;COX5B;COX5A;ANAPC11;PSMB6;PRDX2;PRDX5;PSMB5;PSMB2;ZNF706;UBB;PSMB3;PRDX1;PSMB1;MED31;POLR2F;COX14;POLR2H;RPS27A;POLR2J;POLR2K;POLR2L;SMAD1;PRELID1;JUN;SURF1;NPM1;STAT1;CBX3;COX6C;PSMB8;GTF2H5;PSMB9;PINK1;RGCC;CYCS;LAMTOR1;COX20,EC-PTC
Reactome_2022,Late Endosomal Microautophagy R-HSA-9615710,7/31,6.26691521096593e-05,0.0003276440622432188,0,0,8.427332834331338,81.55670363969604,UBB;CHMP2A;PARK7;RPS27A;RNASE1;UBA52;VPS28,EC-PTC
Reactome_2022,Pausing And Recovery Of Tat-mediated HIV Elongation R-HSA-167238,7/31,6.26691521096593e-05,0.0003276440622432188,0,0,8.427332834331338,81.55670363969604,POLR2F;ELOB;ELOC;POLR2H;POLR2J;POLR2K;POLR2L,EC-PTC
Reactome_2022,Transcriptional Regulation By RUNX1 R-HSA-8878171,19/204,6.583569451542576e-05,0.00034253643958025864,0,0,2.996539222148978,28.851723615758,LMO2;PSMB8;PSMB9;PSMB6;LGALS3;PSMA6;PSMA4;PSMB5;PSMB2;UBB;CTSL;PSMA2;PSMB3;CSNK2B;PSMB1;PSME1;PSME2;RPS27A;UBA52,EC-PTC
Reactome_2022,Deubiquitination R-HSA-5688426,23/279,7.95469684568233e-05,0.00041188502417307057,0,0,2.6276540931748467,24.802855063325925,SMAD1;VCP;USP22;NEDD8;HIF1A;TOMM20;PSMB8;PSMB9;SNX3;PSMB6;PSMA6;PSMA4;PSMB5;PSMB2;UBB;PSMA2;PSMB3;PSMB1;PSME1;PSME2;VDAC2;RPS27A;UBA52,EC-PTC
Reactome_2022,Formation Of HIV-1 Elongation Complex Containing HIV-1 Tat R-HSA-167200,8/43,8.228557786273432e-05,0.0004240266380773439,0,0,6.610409081173699,62.17297773222597,POLR2F;ELOB;ELOC;POLR2H;POLR2J;POLR2K;GTF2H5;POLR2L,EC-PTC
Reactome_2022,MAPK Family Signaling Cascades R-HSA-5683057,25/318,8.527095474441172e-05,0.0004373181821891973,0,0,2.4982935153583616,23.408202462047644,PEBP1;HSPB1;RASGRP3;PSMB6;PPP1CB;PSMB5;PSMB2;UBB;PSMB3;PSMB1;RPS27A;JUN;FN1;RNASE1;DUSP6;PSMB8;PSMB9;RBX1;PSMA6;PSMA4;PSMA2;PSME1;PSME2;TLN1;UBA52,EC-PTC
Reactome_2022,Class I MHC Mediated Antigen Processing And Presentation R-HSA-983169,28/378,9.250007975355276e-05,0.0004721449568463332,0,0,2.346213292117465,21.79233538762128,UBE2D2;RNF7;ANAPC11;UBE2J1;PSMB6;SEC61A1;PSMB5;PSMB2;UBB;CTSL;PSMB3;PSMB1;ELOB;ITGAV;ELOC;SEC61B;RPS27A;SKP1;PSMB8;PSMB9;RBX1;VAMP8;PSMA6;PSMA4;PSMA2;PSME1;PSME2;UBA52,EC-PTC
Reactome_2022,HIV Elongation Arrest And Recovery R-HSA-167287,7/33,9.601346265474484e-05,0.0004877665060337744,0,0,7.778270382312298,71.95695152033485,POLR2F;ELOB;ELOC;POLR2H;POLR2J;POLR2K;POLR2L,EC-PTC
Reactome_2022,TGF-beta Receptor Signaling Activates SMADs R-HSA-2173789,8/44,9.76276968593464e-05,0.0004936386362324698,0,0,6.426453439946694,59.34411598856987,PPP1CB;FKBP1A;UBB;FURIN;NEDD8;ITGAV;RPS27A;UBA52,EC-PTC
Reactome_2022,Formation Of HIV Elongation Complex In Absence Of HIV Tat R-HSA-167152,8/45,0.00011526260028722076,0.0005764306558084898,0,0,6.252441346894121,56.69899856020515,POLR2F;ELOB;ELOC;POLR2H;POLR2J;POLR2K;GTF2H5;POLR2L,EC-PTC
Reactome_2022,Aggrephagy R-HSA-9646399,6/24,0.00011560726244627097,0.0005764306558084898,0,0,9.619830592924764,87.2067635934294,VCP;UBB;PARK7;DYNLL1;RPS27A;UBA52,EC-PTC
Reactome_2022,MicroRNA (miRNA) Biogenesis R-HSA-203927,6/24,0.00011560726244627097,0.0005764306558084898,0,0,9.619830592924764,87.2067635934294,POLR2F;POLR2H;POLR2J;POLR2K;RAN;POLR2L,EC-PTC
Reactome_2022,Detoxification Of Reactive Oxygen Species R-HSA-3299685,7/34,0.00011741428084613632,0.0005827427671487963,0,0,7.4897981814149475,67.78119067655729,PRDX2;PRDX5;GSTP1;PRDX1;CYCS;ATOX1;SOD1,EC-PTC
Reactome_2022,RAF/MAP Kinase Cascade R-HSA-5673001,22/271,0.00014098621370143972,0.0006965236337451861,0,0,2.5810562310497733,22.885834435280355,FN1;PEBP1;DUSP6;PSMB8;PSMB9;RBX1;RASGRP3;PSMB6;PPP1CB;PSMA6;PSMA4;PSMB5;PSMB2;UBB;PSMA2;PSMB3;PSMB1;PSME1;PSME2;TLN1;RPS27A;UBA52,EC-PTC
Reactome_2022,Gene And Protein Expression By JAK-STAT Signaling After Interleukin-12 Stimulation R-HSA-8950505,7/35,0.00014253159205615548,0.0007009430349062989,0,0,7.2219311377245505,63.95703855694765,ANXA2;HNRNPF;RPLP0;PSME2;AURKAIP1;PPIA;SOD1,EC-PTC
Reactome_2022,Signaling By FGFR2 R-HSA-5654738,10/72,0.0001456132361509768,0.0007128429787936456,0,0,4.672083434392433,41.27578516123691,PTBP1;UBB;HNRNPF;POLR2F;POLR2H;RPS27A;UBA52;POLR2J;POLR2K;POLR2L,EC-PTC
Reactome_2022,Signaling By Interleukins R-HSA-449147,31/453,0.00016897123843649122,0.0008234480714755702,0,0,2.156225162638721,18.728501801095707,RPLP0;HIF1A;PSMB6;PSMB5;PSMB2;UBB;PSMB3;PSMB1;TIMP1;RPS27A;SKP1;JUN;ANXA2;STAT1;FN1;DUSP6;PSMB8;PSMB9;RBX1;SOD1;PSMA6;PSMA4;PSMA2;HNRNPF;PSME1;PSME2;VIM;AURKAIP1;UBA52;SQSTM1;PPIA,EC-PTC
Reactome_2022,Adaptive Immune System R-HSA-1280218,44/733,0.00016990132232280047,0.0008242510096470997,0,0,1.886065613362805,16.371601662849265,CD81;UBE2D2;ICAM2;CLTA;RNF7;ANAPC11;UBE2J1;RASGRP3;PSMB6;SEC61A1;PSMB5;PSMB2;UBB;PSMB3;CTSL;PSMB1;AP2S1;ELOB;ITGAV;ELOC;SEC61B;RPS27A;CTSD;AP2M1;CD99;HLA-DPA1;SKP1;VASP;DYNLL1;RNASE1;PSMB8;PSMB9;RBX1;VAMP8;FKBP1A;PSMA6;PSMA4;PSMA2;CAPZA2;PSME1;PSME2;OSBPL1A;UBA52;PPIA,EC-PTC
Reactome_2022,APC-Cdc20 Mediated Degradation Of Nek2A R-HSA-179409,6/26,0.000186692677696662,0.0009016502864542824,0,0,8.65695067264574,74.32898299565854,ANAPC16;UBB;BUB3;RPS27A;UBA52;ANAPC11,EC-PTC
Reactome_2022,MAPK1/MAPK3 Signaling R-HSA-5684996,22/277,0.00019274747498073476,0.0009267367435457648,0,0,2.51953277482509,21.552410002133904,FN1;PEBP1;DUSP6;PSMB8;PSMB9;RBX1;RASGRP3;PSMB6;PPP1CB;PSMA6;PSMA4;PSMB5;PSMB2;UBB;PSMA2;PSMB3;PSMB1;PSME1;PSME2;TLN1;RPS27A;UBA52,EC-PTC
Reactome_2022,"Cell Cycle, Mitotic R-HSA-69278",34/523,0.00021990187080531243,0.0010520115981825,0,0,2.043152155534074,17.20809996338999,SET;ANAPC16;ANAPC11;PSMB6;PPP1CB;TUBA1B;PSMB5;PSMB2;SUMO1;UBB;PSMB3;PSMB1;BUB3;RPS27A;SKP1;DYNLL1;TUBB4B;PSMB8;PSMB9;RBX1;MZT2B;POLE4;PSMA6;PSMA4;RPS27;PSMA2;CSNK2B;PSME1;CHMP2A;PSME2;UBA52;LPIN2;OPTN;RAN,EC-PTC
Reactome_2022,TP53 Regulates Transcription Of DNA Repair Genes R-HSA-6796648,9/62,0.00022075637993431232,0.0010520115981825,0,0,4.913819479857216,41.36674761834791,JUN;POLR2F;ELOB;ELOC;POLR2H;POLR2J;POLR2K;GTF2H5;POLR2L,EC-PTC
Reactome_2022,RNA Pol II CTD Phosphorylation And Interaction With CE R-HSA-77075,6/27,0.00023323309078871463,0.0011065728580592,0,0,8.244287849669016,68.95087236155048,POLR2F;POLR2H;POLR2J;POLR2K;GTF2H5;POLR2L,EC-PTC
Reactome_2022,EPH-Ephrin Signaling R-HSA-2682334,11/91,0.00024320891455538416,0.0011488421095445,0,0,3.985222138554217,33.163383712816575,EPHA4;SDCBP;MYL6;ARPC2;ARPC3;AP2S1;CLTA;RNASE1;AP2M1;MYL12A;MYL12B,EC-PTC
Reactome_2022,Hemostasis R-HSA-109582,36/576,0.00030891031038428324,0.0014528227261304,0,0,1.9598330725091289,15.840271593778834,TOR4A;CD63;GYPC;SLC3A2;SRI;TFPI;GNG5;TMSB4X;BSG;PHACTR2;ITGAV;TIMP1;JAM2;CD99;S100A10;SRGN;ANGPT2;ANXA2;ACTN1;ANXA5;ITPK1;FN1;ATP1B3;ATP1B1;RNASE1;GNG11;SOD1;CAPZA2;CALU;GNAS;CD9;ESAM;MAGED2;PFN1;TLN1;PPIA,EC-PTC
Reactome_2022,Membrane Trafficking R-HSA-199991,37/599,0.0003209881924846823,0.0015030621013304,0,0,1.936185700420576,15.574883433984196,ARF4;RAB5C;KDELR1;CLTA;NEDD8;GABARAP;MAP1LC3B;UBB;YWHAQ;FTH1;AP2S1;RPS27A;AP2M1;CD55;GABARAPL2;TRAPPC1;TRAPPC4;TRAPPC5;SURF4;SNF8;DYNLL1;RNASE1;VAMP8;ARPC2;TBC1D4;ARPC3;RAB13;CAPZA2;YIPF6;CHMP2A;KDELR2;NAA38;UBA52;OPTN;VPS28;COPE;FTL,EC-PTC
Reactome_2022,Antigen Processing: Ubiquitination And Proteasome Degradation R-HSA-983168,23/307,0.0003244648436002539,0.0015127646604219,0,0,2.365111682364123,18.99973059675596,UBE2D2;RNF7;PSMB8;ANAPC11;UBE2J1;PSMB9;RBX1;PSMB6;PSMA6;PSMA4;PSMB5;PSMB2;UBB;PSMA2;PSMB3;PSMB1;PSME1;PSME2;ELOB;ELOC;RPS27A;UBA52;SKP1,EC-PTC
Reactome_2022,SARS-CoV-1 Infection R-HSA-9678108,8/52,0.000327001282946514,0.0015180188867818,0,0,5.255826632138477,42.18088084133131,MAP1LC3B;VCP;SUMO1;UBB;CTSL;CHMP2A;RPS27A;UBA52,EC-PTC
Reactome_2022,Nuclear Events Stimulated By ALK Signaling In Cancer R-HSA-9725371,5/19,0.0003383290768600124,0.0015505549607584,0,0,10.293710021321962,82.26209650886624,NPM1;RPS6;FN1;RBX1;SKP1,EC-PTC
Reactome_2022,RHO GTPases Activate CIT R-HSA-5625900,5/19,0.0003383290768600124,0.0015505549607584,0,0,10.293710021321962,82.26209650886624,PPP1CB;MYL6;RHOC;RNASE1;MYL12B,EC-PTC
Reactome_2022,Signaling By FGFR2 IIIa TM R-HSA-8851708,5/19,0.0003383290768600124,0.0015505549607584,0,0,10.293710021321962,82.26209650886624,POLR2F;POLR2H;POLR2J;POLR2K;POLR2L,EC-PTC
Reactome_2022,Budding And Maturation Of HIV Virion R-HSA-162588,6/29,0.0003533923969419532,0.0015924837301526,0,0,7.526613374926886,59.82100762377863,UBB;CHMP2A;RPS27A;PPIA;UBA52;VPS28,EC-PTC
Reactome_2022,HSF1 Activation R-HSA-3371511,6/29,0.0003533923969419532,0.0015924837301526,0,0,7.526613374926886,59.82100762377863,EEF1A1;VCP;UBB;HSBP1;SERPINH1;HSPA1A,EC-PTC
Reactome_2022,Regulation Of Necroptotic Cell Death R-HSA-5675482,6/29,0.0003533923969419532,0.0015924837301526,0,0,7.526613374926886,59.82100762377863,SDCBP;UBB;CDC37;TNFSF10;RPS27A;UBA52,EC-PTC
Reactome_2022,mRNA Capping R-HSA-72086,6/29,0.0003533923969419532,0.0015924837301526,0,0,7.526613374926886,59.82100762377863,POLR2F;POLR2H;POLR2J;POLR2K;GTF2H5;POLR2L,EC-PTC
Reactome_2022,Cell Cycle Checkpoints R-HSA-69620,21/271,0.00037208141790317335,0.0016697153628404,0,0,2.45,19.346174762653472,ANAPC16;DYNLL1;PSMB8;ANAPC11;PSMB9;PSMB6;PSMA6;RPS27;PSMA4;PSMB5;PSMB2;UBB;YWHAQ;PSMA2;PSMB3;PSMB1;PSME1;PSME2;BUB3;RPS27A;UBA52,EC-PTC
Reactome_2022,Interleukin-12 Family Signaling R-HSA-447115,8/54,0.0004261406435644282,0.0019043712577547,0,0,5.026790952349912,39.01162323031419,ANXA2;STAT1;HNRNPF;RPLP0;PSME2;AURKAIP1;PPIA;SOD1,EC-PTC
Reactome_2022,Endosomal Sorting Complex Required For Transport (ESCRT) R-HSA-917729,6/30,0.000429250126370318,0.0019103404384331,0,0,7.212630792227205,55.92292197753639,UBB;CHMP2A;SNF8;RPS27A;UBA52;VPS28,EC-PTC
Reactome_2022,Formation Of Incision Complex In GG-NER R-HSA-5696395,7/42,0.000466029671367773,0.0020654895311238,0,0,5.775449101796407,44.30497891560963,SUMO1;UBB;SUMO2;RPS27A;UBA52;GTF2H5;RBX1,EC-PTC
Reactome_2022,Transcription Of HIV Genome R-HSA-167172,9/69,0.000500235034879472,0.0022080046416606,0,0,4.338963963963964,32.97800272904422,GTF2A2;POLR2F;ELOB;ELOC;POLR2H;POLR2J;POLR2K;GTF2H5;POLR2L,EC-PTC
Reactome_2022,Josephin Domain DUBs R-HSA-5689877,4/12,0.0005126040212929272,0.0022533654323774,0,0,14.39418777943368,109.05046592494617,VCP;UBB;RPS27A;UBA52,EC-PTC
Reactome_2022,RIPK1-mediated Regulated Necrosis R-HSA-5213460,6/31,0.000517230003990053,0.0022644581882003,0,0,6.923766816143497,52.392302054746814,SDCBP;UBB;CDC37;TNFSF10;RPS27A;UBA52,EC-PTC
Reactome_2022,Vesicle-mediated Transport R-HSA-5653656,38/637,0.0005239260953237657,0.002284487468274,0,0,1.8649292515259603,14.087973811198609,ARF4;RAB5C;KDELR1;CLTA;NEDD8;GABARAP;MAP1LC3B;UBB;YWHAQ;FTH1;AP2S1;RPS27A;AP2M1;CD55;GABARAPL2;TRAPPC1;TRAPPC4;TRAPPC5;SURF4;SNF8;DYNLL1;RNASE1;VAMP8;COL3A1;ARPC2;TBC1D4;ARPC3;RAB13;CAPZA2;YIPF6;CHMP2A;KDELR2;NAA38;UBA52;OPTN;VPS28;COPE;FTL,EC-PTC
Reactome_2022,Smooth Muscle Contraction R-HSA-445355,7/43,0.0005406469202806219,0.0023478900529928,0,0,5.614728875582169,42.238168717930925,MYL6;ANXA2;CALD1;MYL6B;TLN1;MYL12A;MYL12B,EC-PTC
Reactome_2022,Regulated Necrosis R-HSA-5218859,8/57,0.0006193597894794278,0.0026789176436519,0,0,4.718293914267356,34.85320772069,SDCBP;UBB;CDC37;TNFSF10;CHMP2A;CYCS;RPS27A;UBA52,EC-PTC
Reactome_2022,Interleukin-12 Signaling R-HSA-9020591,7/44,0.0006244617395160035,0.0026901811738349,0,0,5.462696229163295,40.30716236026757,ANXA2;HNRNPF;RPLP0;PSME2;AURKAIP1;PPIA;SOD1,EC-PTC
Reactome_2022,Signaling By FGFR R-HSA-190236,10/86,0.0006304267655306633,0.0027050582728148,0,0,3.808666402849228,28.066495243551,PTBP1;UBB;HNRNPF;POLR2F;POLR2H;RPS27A;UBA52;POLR2J;POLR2K;POLR2L,EC-PTC
Reactome_2022,Signaling By TGFB Family Members R-HSA-9006936,12/119,0.0006975202293245953,0.0029694390590928,0,0,3.250814056751385,23.62684843414672,PPP1CB;DRAP1;FKBP1A;SMAD1;UBB;STAT1;ITGAV;FURIN;NEDD8;YBX1;RPS27A;UBA52,EC-PTC
Reactome_2022,Formation Of RNA Pol II Elongation Complex R-HSA-112382,8/58,0.0006975562506504142,0.0029694390590928,0,0,4.623688155922039,33.604629844077834,POLR2F;ELOB;ELOC;POLR2H;POLR2J;POLR2K;GTF2H5;POLR2L,EC-PTC
Reactome_2022,RNA Polymerase III Transcription Termination R-HSA-73980,5/22,0.0007045484050188061,0.0029873961897844,0,0,8.47585601404741,61.51736899772359,SSB;POLR2F;POLR2H;POLR2K;POLR2L,EC-PTC
Reactome_2022,Post-translational Protein Modification R-HSA-597592,69/1383,0.0007104995331668831,0.0030008156753754,0,0,1.560698193106982,11.314347517702574,ARF4;KDELR1;UBE2D2;PARK7;TOMM20;TUBA1B;SUMO1;SUMO2;ELOB;TIMP1;ELOC;NUDT14;SKP1;DYNLL1;RBX1;EEF1A1;PSMA6;RRAGA;DPM3;VCAN;PSMA4;PSMA2;DAD1;PSME1;PSME2;VDAC2;VWA1;KDELR2;MFGE8;UBA52;SQSTM1;LY6E;VCP;RAB5C;NRN1;RPN2;FURIN;NEDD8;RNF7;HIF1A;PSMB6;SNX3;CST3;PSMB5;PSMB2;UBB;PSMB3;PSMB1;IGFBP7;ST8SIA6;RPS2;RPS27A;CD55;SMAD1;NPM1;TRAPPC1;TRAPPC4;USP22;TRAPPC5;FN1;TUBB4B;PSMB8;KTN1;PSMB9;RAB13;CAPZA2;CALU;RNF181;COPE,EC-PTC
Reactome_2022,NF-kB Is Activated And Signals Survival R-HSA-209560,4/13,0.0007207327370262022,0.003020346917421,0,0,12.79417122040073,92.56892718416266,UBB;RPS27A;SQSTM1;UBA52,EC-PTC
Reactome_2022,p75NTR Recruits Signaling Complexes R-HSA-209543,4/13,0.0007207327370262022,0.003020346917421,0,0,12.79417122040073,92.56892718416266,UBB;RPS27A;SQSTM1;UBA52,EC-PTC
Reactome_2022,Formation Of Early Elongation Complex R-HSA-113418,6/33,0.0007347490693145721,0.0030671501846968,0,0,6.410230858661352,46.25610741077488,POLR2F;POLR2H;POLR2J;POLR2K;GTF2H5;POLR2L,EC-PTC
Reactome_2022,PIP3 Activates AKT Signaling R-HSA-1257604,20/268,0.0008152291756437469,0.0033899684253602,0,0,2.348805712878601,16.70480320547,JUN;RNASE1;PSMB8;PSMB9;PSMB6;PSMA6;RRAGA;PSMA4;PSMB5;PSMB2;UBB;PSMA2;PSMB3;CSNK2B;PSMB1;PSME1;PSME2;LAMTOR1;RPS27A;UBA52,EC-PTC
Reactome_2022,HIV Transcription Initiation R-HSA-167161,7/46,0.0008228700505028395,0.0034085809399675,0,0,5.182020574236143,36.80640110087609,GTF2A2;POLR2F;POLR2H;POLR2J;POLR2K;GTF2H5;POLR2L,EC-PTC
Reactome_2022,Abortive Elongation Of HIV-1 Transcript In Absence Of Tat R-HSA-167242,5/23,0.0008754686690895366,0.0036082581656108,0,0,8.004560530679933,56.35811910729998,POLR2F;POLR2H;POLR2J;POLR2K;POLR2L,EC-PTC
Reactome_2022,rRNA Modification In Nucleus And Cytosol R-HSA-6790901,8/60,0.0008777749669359832,0.0036082581656108,0,0,4.445392688271249,31.28720851668296,RPS14;TRMT112;RPS9;RPS7;RPS6;SNU13;RPS2;NOP10,EC-PTC
Reactome_2022,Signaling By TGF-beta Receptor Complex R-HSA-170834,10/91,0.000984571198215568,0.0040318752109435,0,0,3.5726352919335373,24.734441433803976,PPP1CB;FKBP1A;UBB;STAT1;ITGAV;FURIN;NEDD8;YBX1;RPS27A;UBA52,EC-PTC
Reactome_2022,Plasma Lipoprotein Clearance R-HSA-8964043,6/35,0.0010169337275224,0.0041486273656882,0,0,5.967527447038813,41.122012800656776,UBB;AP2S1;CLTA;RPS27A;UBA52;AP2M1,EC-PTC
Reactome_2022,"Platelet Activation, Signaling And Aggregation R-HSA-76002",19/254,0.001059189679617,0.0043047067356513,0,0,2.352815256875973,16.11737534008093,TOR4A;SRGN;CD63;ACTN1;ANXA5;FN1;RNASE1;GNG11;SOD1;GNG5;TMSB4X;CALU;PHACTR2;CD9;MAGED2;TIMP1;PFN1;TLN1;PPIA,EC-PTC
Reactome_2022,DNA Damage Bypass R-HSA-73893,7/48,0.0010679675043682,0.0043240639180625,0,0,4.928727910033591,33.722346333093355,POLE4;VCP;UBB;ISG15;RPS27A;UBA52;RBX1,EC-PTC
Reactome_2022,APC/C:Cdc20 Mediated Degradation Of Cyclin B R-HSA-174048,5/24,0.001075433136808,0.0043379831024056,0,0,7.582875098193244,51.829192284404016,ANAPC16;UBB;RPS27A;UBA52;ANAPC11,EC-PTC
Reactome_2022,HSF1-dependent Transactivation R-HSA-3371571,6/36,0.0011859548967433,0.0047659456111662,0,0,5.76831091180867,38.86230470430452,UBB;HSBP1;SERPINH1;HSPA2;CRYAB;HSPA1A,EC-PTC
Reactome_2022,FLT3 Signaling By CBL Mutants R-HSA-9706377,3/7,0.0012099887478962,0.0048265106721639,0,0,21.563616071428573,144.8459190279457,UBB;RPS27A;UBA52,EC-PTC
Reactome_2022,Modulation By Mtb Of Host Immune System R-HSA-9637628,3/7,0.0012099887478962,0.0048265106721639,0,0,21.563616071428573,144.8459190279457,UBB;RPS27A;UBA52,EC-PTC
Reactome_2022,Membrane Binding And Targetting Of GAG Proteins R-HSA-174490,4/15,0.0013038427201558,0.0051764996120154,0,0,10.466874407261887,69.52557933581099,UBB;RPS27A;UBA52;VPS28,EC-PTC
Reactome_2022,Basigin Interactions R-HSA-210991,5/25,0.0013073425203975,0.0051764996120154,0,0,7.203358208955224,47.82856114800622,BSG;SLC3A2;ATP1B3;ATP1B1;PPIA,EC-PTC
Reactome_2022,Early SARS-CoV-2 Infection Events R-HSA-9772572,6/37,0.0013756602058037,0.0054270550976215,0,0,5.581947056270794,36.778452851145694,VCP;MAP1LC3B;CTSL;CHMP2A;FURIN;ISCU,EC-PTC
Reactome_2022,RNA Polymerase II Pre-transcription Events R-HSA-674695,9/80,0.0014748904253812,0.0057972882778673,0,0,3.6646364674533687,23.89039390901933,GTF2A2;POLR2F;ELOB;ELOC;POLR2H;POLR2J;POLR2K;GTF2H5;POLR2L,EC-PTC
Reactome_2022,Attenuation Phase R-HSA-3371568,5/26,0.0015741650441495,0.0061650027365422,0,0,6.85998578535892,44.27455596516517,UBB;HSBP1;SERPINH1;HSPA2;HSPA1A,EC-PTC
Reactome_2022,MAP3K8 (TPL2)-dependent MAPK1/3 Activation R-HSA-5684264,4/16,0.0016923769769459,0.0065329390830492,0,0,9.594138102334824,61.22615552214365,UBB;RPS27A;UBA52;SKP1,EC-PTC
Reactome_2022,NRIF Signals Cell Death From Nucleus R-HSA-205043,4/16,0.0016923769769459,0.0065329390830492,0,0,9.594138102334824,61.22615552214365,UBB;RPS27A;SQSTM1;UBA52,EC-PTC
Reactome_2022,TGF-beta Receptor Signaling In EMT (Epithelial To Mesenchymal Transition) R-HSA-2173791,4/16,0.0016923769769459,0.0065329390830492,0,0,9.594138102334824,61.22615552214365,FKBP1A;UBB;RPS27A;UBA52,EC-PTC
Reactome_2022,p75NTR Signals Via NF-kB R-HSA-193639,4/16,0.0016923769769459,0.0065329390830492,0,0,9.594138102334824,61.22615552214365,UBB;RPS27A;SQSTM1;UBA52,EC-PTC
Reactome_2022,Translesion Synthesis By Y Family DNA Polymerases Bypasses Lesions On DNA Template R-HSA-110313,6/39,0.0018235921158752,0.0070143168171343,0,0,5.243103682565566,33.06797721456934,POLE4;VCP;UBB;ISG15;RPS27A;UBA52,EC-PTC
Reactome_2022,Cellular Response To Heat Stress R-HSA-3371556,10/99,0.0018775248478648,0.0071832646705421,0,0,3.250147841513897,20.403781174156308,EEF1A1;VCP;RPS19BP1;UBB;HSBP1;BAG1;SERPINH1;HSPA2;CRYAB;HSPA1A,EC-PTC
Reactome_2022,InlA-mediated Entry Of Listeria Monocytogenes Into Host Cells R-HSA-8876493,3/8,0.0018875245141721,0.0071832646705421,0,0,17.25,108.20043679015856,UBB;RPS27A;UBA52,EC-PTC
Reactome_2022,Myoclonic Epilepsy Of Lafora R-HSA-3785653,3/8,0.0018875245141721,0.0071832646705421,0,0,17.25,108.20043679015856,UBB;RPS27A;UBA52,EC-PTC
Reactome_2022,Cell Surface Interactions At Vascular Wall R-HSA-202733,12/134,0.0019631951184749,0.0074449336006956,0,0,2.848898449669906,17.757702452339327,ANGPT2;GYPC;BSG;FN1;ATP1B3;ESAM;ITGAV;SLC3A2;ATP1B1;PPIA;CD99;JAM2,EC-PTC
Reactome_2022,RNA Polymerase III Chain Elongation R-HSA-73780,4/17,0.0021545172354611,0.0081418072371635,0,0,8.855668921242692,54.375477366131385,POLR2F;POLR2H;POLR2K;POLR2L,EC-PTC
Reactome_2022,Dual Incision In GG-NER R-HSA-5696400,6/41,0.0023740631408865,0.008940090918653,0,0,4.942985265855221,29.87121320486425,POLE4;UBB;RPS27A;UBA52;GTF2H5;RBX1,EC-PTC
Reactome_2022,Signaling By ALK Fusions And Activated Point Mutants R-HSA-9725370,7/55,0.0024023587732199,0.0090151233406196,0,0,4.208426896207585,25.38230282335596,EEF1G;NPM1;RPS6;FN1;SQSTM1;SKP1;RBX1,EC-PTC
Reactome_2022,PIWI-interacting RNA (piRNA) Biogenesis R-HSA-5601884,5/29,0.0026145362075386,0.009777276026108,0,0,6.001554726368159,35.68925677653995,POLR2F;POLR2H;POLR2J;POLR2K;POLR2L,EC-PTC
Reactome_2022,E3 Ubiquitin Ligases Ubiquitinate Target Proteins R-HSA-8866654,7/56,0.0026672118403483,0.0099397479309866,0,0,4.122326775021386,24.431883167540747,RRAGA;VCP;UBB;UBE2D2;RNF181;RPS27A;UBA52,EC-PTC
Reactome_2022,Constitutive Signaling By Ligand-Responsive EGFR Cancer Variants R-HSA-1236382,4/18,0.0026968448631197,0.0100155238537238,0,0,8.222695337449435,48.64277480916303,UBB;CDC37;RPS27A;UBA52,EC-PTC
Reactome_2022,Downregulation Of ERBB4 Signaling R-HSA-1253288,3/9,0.0027605414813943,0.0101125958349038,0,0,14.374255952380953,84.69783700234008,UBB;RPS27A;UBA52,EC-PTC
Reactome_2022,PTK6 Regulates RTKs And Their Effectors AKT1 And DOK1 R-HSA-8849469,3/9,0.0027605414813943,0.0101125958349038,0,0,14.374255952380953,84.69783700234008,UBB;RPS27A;UBA52,EC-PTC
Reactome_2022,Prevention Of Phagosomal-Lysosomal Fusion R-HSA-9636383,3/9,0.0027605414813943,0.0101125958349038,0,0,14.374255952380953,84.69783700234008,UBB;RPS27A;UBA52,EC-PTC
Reactome_2022,Regulation Of PTEN Localization R-HSA-8948747,3/9,0.0027605414813943,0.0101125958349038,0,0,14.374255952380953,84.69783700234008,UBB;RPS27A;UBA52,EC-PTC
Reactome_2022,RNA Polymerase I Transcription Termination R-HSA-73863,5/30,0.0030515949544347,0.0111032694794804,0,0,5.7611940298507465,33.36935945101547,POLR2F;POLR2H;POLR2K;GTF2H5;POLR2L,EC-PTC
Reactome_2022,Recognition Of DNA Damage By PCNA-containing Replication Complex R-HSA-110314,5/30,0.0030515949544347,0.0111032694794804,0,0,5.7611940298507465,33.36935945101547,POLE4;UBB;RPS27A;UBA52;RBX1,EC-PTC
Reactome_2022,RHO GTPases Activate ROCKs R-HSA-5627117,4/19,0.0033257848539582,0.01197949929001,0,0,7.674118231495281,43.78889916100511,PPP1CB;MYL6;RHOC;MYL12B,EC-PTC
Reactome_2022,"TICAM1, RIP1-mediated IKK Complex Recruitment R-HSA-168927",4/19,0.0033257848539582,0.01197949929001,0,0,7.674118231495281,43.78889916100511,UBB;UBE2D2;RPS27A;UBA52,EC-PTC
Reactome_2022,Translesion Synthesis By POLH R-HSA-110320,4/19,0.0033257848539582,0.01197949929001,0,0,7.674118231495281,43.78889916100511,VCP;UBB;RPS27A;UBA52,EC-PTC
Reactome_2022,Asparagine N-linked Glycosylation R-HSA-446203,19/282,0.0034706667639122,0.0124596936824449,0,0,2.099241862190485,11.888864316092782,ARF4;VCP;TRAPPC1;RPN2;KDELR1;TRAPPC4;TRAPPC5;DYNLL1;DPM3;UBB;DAD1;CAPZA2;KDELR2;ST8SIA6;RPS27A;UBA52;NUDT14;CD55;COPE,EC-PTC
Reactome_2022,IRAK2 Mediated Activation Of TAK1 Complex R-HSA-937042,3/10,0.0038452622434729,0.013713070980862,0,0,12.32015306122449,68.51130516712782,UBB;RPS27A;UBA52,EC-PTC
Reactome_2022,SLBP Independent Processing Of Histone Pre-mRNAs R-HSA-111367,3/10,0.0038452622434729,0.013713070980862,0,0,12.32015306122449,68.51130516712782,SNRPG;SNRPE;SNRPB,EC-PTC
Reactome_2022,Intracellular Signaling By Second Messengers R-HSA-9006925,20/306,0.0038821089145967,0.0137987831716854,0,0,2.03266962045588,11.284114847685558,JUN;RNASE1;PSMB8;PSMB9;PSMB6;PSMA6;RRAGA;PSMA4;PSMB5;PSMB2;UBB;PSMA2;PSMB3;CSNK2B;PSMB1;PSME1;PSME2;LAMTOR1;RPS27A;UBA52,EC-PTC
Reactome_2022,Termination Of Translesion DNA Synthesis R-HSA-5656169,5/32,0.0040797835177291,0.014453706738797,0,0,5.333886124930901,29.345501840361266,POLE4;UBB;ISG15;RPS27A;UBA52,EC-PTC
Reactome_2022,FGFR2 Mutant Receptor Activation R-HSA-1839126,5/33,0.0046771129232738,0.0165155757979211,0,0,5.143123667377399,27.59324038403206,POLR2F;POLR2H;POLR2J;POLR2K;POLR2L,EC-PTC
Reactome_2022,Deregulated CDK5 Triggers Neurodegenerative Pathways In Alzheimers Disease Models R-HSA-8862803,4/21,0.0048682129895525,0.0170783888916875,0,0,6.77057946874726,36.053527629360445,PRDX2;JUN;PRDX1;CAPN2,EC-PTC
Reactome_2022,RHO GTPases Activate PAKs R-HSA-5627123,4/21,0.0048682129895525,0.0170783888916875,0,0,6.77057946874726,36.053527629360445,PPP1CB;MYL6;RNASE1;MYL12B,EC-PTC
Reactome_2022,Amyloid Fiber Formation R-HSA-977225,8/79,0.0051240853368118,0.0177966787021202,0,0,3.2525708976497665,17.153418940799227,CST3;GSN;UBB;FURIN;MFGE8;RPS27A;UBA52;SNCA,EC-PTC
Reactome_2022,Alpha-protein Kinase 1 Signaling Pathway R-HSA-9645460,3/11,0.0051555838022855,0.0177966787021202,0,0,10.779575892857142,56.78330155974003,UBB;RPS27A;UBA52,EC-PTC
Reactome_2022,SLBP Dependent Processing Of Replication-Dependent Histone Pre-mRNAs R-HSA-77588,3/11,0.0051555838022855,0.0177966787021202,0,0,10.779575892857142,56.78330155974003,SNRPG;SNRPE;SNRPB,EC-PTC
Reactome_2022,"TICAM1,TRAF6-dependent Induction Of TAK1 Complex R-HSA-9014325",3/11,0.0051555838022855,0.0177966787021202,0,0,10.779575892857142,56.78330155974003,UBB;RPS27A;UBA52,EC-PTC
Reactome_2022,"WNT5A-dependent Internalization Of FZD2, FZD5 And ROR2 R-HSA-5140745",3/11,0.0051555838022855,0.0177966787021202,0,0,10.779575892857142,56.78330155974003,AP2S1;CLTA;AP2M1,EC-PTC
Reactome_2022,Cytosolic Sensors Of Pathogen-Associated DNA R-HSA-1834949,7/63,0.0051983783434082,0.0178870718078297,0,0,3.605726047904192,18.96398643800585,UBB;POLR2F;POLR2H;RPS27A;UBA52;POLR2K;POLR2L,EC-PTC
Reactome_2022,NOTCH1 Intracellular Domain Regulates Transcription R-HSA-2122947,6/48,0.0053118844978074,0.0182194254908873,0,0,4.117659619901772,21.567513012971027,UBB;RPS27A;HIF1A;UBA52;SKP1;RBX1,EC-PTC
Reactome_2022,Potential Therapeutics For SARS R-HSA-9679191,9/97,0.0054930641771878,0.0187810479962899,0,0,2.9540847665847667,15.373851895937117,FKBP1A;FXYD2;AP2S1;SAP18;ATP1B3;FURIN;ATP1B1;AP2M1;RBX1,EC-PTC
Reactome_2022,Signaling By Receptor Tyrosine Kinases R-HSA-9006934,28/496,0.0057804475666956,0.0196831934634219,0,0,1.743735055945257,8.985944815473497,CLTA;BRK1;HSPB1;FURIN;HIF1A;PTBP1;UBB;AP2S1;POLR2F;ITGAV;POLR2H;RPS27A;POLR2J;AP2M1;POLR2K;POLR2L;ATP6V1G1;ATP6V0B;ATP6V0E1;STAT1;RNASE1;DUSP6;HNRNPF;CDC37;ID1;ID3;UBA52;ATP6V0C,EC-PTC
Reactome_2022,Response Of Mtb To Phagocytosis R-HSA-9637690,4/22,0.0057934747705708,0.0196831934634219,0,0,6.394104984268918,32.93618205782045,UBB;ENO1;RPS27A;UBA52,EC-PTC
Reactome_2022,Negative Regulators Of DDX58/IFIH1 Signaling R-HSA-936440,5/35,0.0060535418891542,0.020502089983079,0,0,4.799751243781095,24.5128659358726,UBB;UBE2D2;ISG15;RPS27A;UBA52,EC-PTC
Reactome_2022,L1CAM Interactions R-HSA-373760,9/99,0.0062721841126048,0.0211759946372269,0,0,2.8881381381381384,14.647569878776192,SDCBP;CSNK2B;RDX;AP2S1;CLTA;ITGAV;CD24;RNASE1;AP2M1,EC-PTC
Reactome_2022,Global Genome Nucleotide Excision Repair (GG-NER) R-HSA-5696399,8/82,0.0064133746473983,0.0215850140476499,0,0,3.12022367194781,15.755162805609654,POLE4;SUMO1;UBB;SUMO2;RPS27A;UBA52;GTF2H5;RBX1,EC-PTC
Reactome_2022,Pregnenolone Biosynthesis R-HSA-196108,3/12,0.0067032494245467,0.0223510824465536,0,0,9.581349206349206,47.95621340150297,FDX1;AKR1B1;TSPO,EC-PTC
Reactome_2022,TICAM1-dependent Activation Of IRF3/IRF7 R-HSA-9013973,3/12,0.0067032494245467,0.0223510824465536,0,0,9.581349206349206,47.95621340150297,UBB;RPS27A;UBA52,EC-PTC
Reactome_2022,Transport Of Nucleosides And Free Purine And Pyrimidine Bases Across Plasma Membrane R-HSA-83936,3/12,0.0067032494245467,0.0223510824465536,0,0,9.581349206349206,47.95621340150297,SLC25A5;SLC25A4;SLC25A6,EC-PTC
Reactome_2022,IKK Complex Recruitment Mediated By RIP1 R-HSA-937041,4/23,0.0068288476224787,0.0225926805055042,0,0,6.0572593928935605,30.20512570626676,UBB;UBE2D2;RPS27A;UBA52,EC-PTC
Reactome_2022,RHOH GTPase Cycle R-HSA-9013407,5/36,0.0068386386674042,0.0225926805055042,0,0,4.644679826673086,23.154502704274385,VCP;TUBA1B;STOM;LAMTOR1;UACA,EC-PTC
Reactome_2022,SMAD2/SMAD3:SMAD4 Heterotrimer Regulates Transcription R-HSA-2173796,5/36,0.0068386386674042,0.0225926805055042,0,0,4.644679826673086,23.154502704274385,UBB;FURIN;YBX1;RPS27A;UBA52,EC-PTC
Reactome_2022,Transcriptional Activity Of SMAD2/SMAD3:SMAD4 Heterotrimer R-HSA-2173793,6/51,0.0071616658566435,0.0235875049773856,0,0,3.842551071250623,18.978408401162543,UBB;STAT1;FURIN;YBX1;RPS27A;UBA52,EC-PTC
Reactome_2022,Defective Intrinsic Pathway For Apoptosis R-HSA-9734009,4/24,0.0079795338171317,0.0259636190968303,0,0,5.754098360655738,27.797331575976514,PRDX2;JUN;PRDX1;CAPN2,EC-PTC
Reactome_2022,Sema4D In Semaphorin Signaling R-HSA-400685,4/24,0.0079795338171317,0.0259636190968303,0,0,5.754098360655738,27.797331575976514,MYL6;RHOC;RNASE1;MYL12B,EC-PTC
Reactome_2022,Signaling By EGFR In Cancer R-HSA-1643713,4/24,0.0079795338171317,0.0259636190968303,0,0,5.754098360655738,27.797331575976514,UBB;CDC37;RPS27A;UBA52,EC-PTC
Reactome_2022,mTORC1-mediated Signaling R-HSA-166208,4/24,0.0079795338171317,0.0259636190968303,0,0,5.754098360655738,27.797331575976514,FKBP1A;RRAGA;RPS6;LAMTOR1,EC-PTC
Reactome_2022,Downregulation Of ERBB2:ERBB3 Signaling R-HSA-1358803,3/13,0.0084980104396661,0.027402267196169,0,0,8.622767857142858,41.11269499021088,UBB;RPS27A;UBA52,EC-PTC
Reactome_2022,Glycogen Synthesis R-HSA-3322077,3/13,0.0084980104396661,0.027402267196169,0,0,8.622767857142858,41.11269499021088,UBB;RPS27A;UBA52,EC-PTC
Reactome_2022,Suppression Of Phagosomal Maturation R-HSA-9637687,3/13,0.0084980104396661,0.027402267196169,0,0,8.622767857142858,41.11269499021088,UBB;RPS27A;UBA52,EC-PTC
Reactome_2022,Circadian Clock R-HSA-400253,7/69,0.0085302539034721,0.0274241297135506,0,0,3.255770716631253,15.510934973664328,PPP1CB;UBB;RPS27A;UBA52;HIF1A;NPAS2;SKP1,EC-PTC
Reactome_2022,MHC Class II Antigen Presentation R-HSA-2132295,9/104,0.0085918907566818,0.0275400784075785,0,0,2.735419630156472,13.012217360698957,CTSL;CAPZA2;AP2S1;CLTA;OSBPL1A;DYNLL1;CTSD;AP2M1;HLA-DPA1,EC-PTC
Reactome_2022,Clathrin-mediated Endocytosis R-HSA-8856828,11/142,0.0088020962878029,0.0281301415488537,0,0,2.427273981421871,11.48771824603648,VAMP8;RAB5C;UBB;ARPC2;ARPC3;AP2S1;CLTA;NEDD8;RPS27A;UBA52;AP2M1,EC-PTC
Reactome_2022,Regulation Of PLK1 Activity At G2/M Transition R-HSA-2565942,8/87,0.0090895654400319,0.0289629052630603,0,0,2.921982046951208,13.735151146422488,PPP1CB;UBB;DYNLL1;RPS27A;TUBB4B;UBA52;OPTN;SKP1,EC-PTC
Reactome_2022,Gap-filling DNA Repair Synthesis And Ligation In GG-NER R-HSA-5696397,4/25,0.0092504308357133,0.029302100029598,0,0,5.47980980767866,25.66241594452704,POLE4;UBB;RPS27A;UBA52,EC-PTC
Reactome_2022,NOTCH3 Activation And Transmission Of Signal To Nucleus R-HSA-9013507,4/25,0.0092504308357133,0.029302100029598,0,0,5.47980980767866,25.66241594452704,UBB;YBX1;RPS27A;UBA52,EC-PTC
Reactome_2022,Post-translational Protein Phosphorylation R-HSA-8957275,9/106,0.0096827656615025,0.0305816381743057,0,0,2.678740596266369,12.422412293325616,CST3;VCAN;FN1;CALU;VWA1;IGFBP7;TIMP1;MFGE8;KTN1,EC-PTC
Reactome_2022,"Plasma Lipoprotein Assembly, Remodeling, And Clearance R-HSA-174824",7/71,0.0099283963911628,0.0311745857530099,0,0,3.1537004116766467,14.545989978789796,UBB;AP2S1;CLTA;FURIN;RPS27A;UBA52;AP2M1,EC-PTC
Reactome_2022,trans-Golgi Network Vesicle Budding R-HSA-199992,7/71,0.0099283963911628,0.0311745857530099,0,0,3.1537004116766467,14.545989978789796,VAMP8;RAB5C;FTH1;CHMP2A;YIPF6;CLTA;FTL,EC-PTC
Reactome_2022,Amino Acids Regulate mTORC1 R-HSA-9639288,6/55,0.0102984974958455,0.0321492226174656,0,0,3.5281413013635947,16.143918204281093,ATP6V0B;ATP6V1G1;RRAGA;ATP6V0E1;LAMTOR1;ATP6V0C,EC-PTC
Reactome_2022,Golgi Associated Vesicle Biogenesis R-HSA-432722,6/55,0.0102984974958455,0.0321492226174656,0,0,3.5281413013635947,16.143918204281093,VAMP8;RAB5C;FTH1;YIPF6;CLTA;FTL,EC-PTC
Reactome_2022,Retrograde Neurotrophin Signaling R-HSA-177504,3/14,0.0105477785295072,0.0324812188780977,0,0,7.838474025974026,35.67947966647906,AP2S1;CLTA;AP2M1,EC-PTC
Reactome_2022,Attachment And Entry R-HSA-9678110,2/5,0.0106277592665288,0.0324812188780977,0,0,19.14016840019812,86.97839742701146,VCP;CTSL,EC-PTC
Reactome_2022,FBXW7 Mutants And NOTCH1 In Cancer R-HSA-2644605,2/5,0.0106277592665288,0.0324812188780977,0,0,19.14016840019812,86.97839742701146,RBX1;SKP1,EC-PTC
Reactome_2022,SUMO Is Proteolytically Processed R-HSA-3065679,2/5,0.0106277592665288,0.0324812188780977,0,0,19.14016840019812,86.97839742701146,SUMO1;SUMO2,EC-PTC
Reactome_2022,Downregulation Of TGF-beta Receptor Signaling R-HSA-2173788,4/26,0.0106461190937497,0.0324812188780977,0,0,5.230456577699499,23.75966208667742,PPP1CB;UBB;RPS27A;UBA52,EC-PTC
Reactome_2022,Infection With Mycobacterium Tuberculosis R-HSA-9635486,4/26,0.0106461190937497,0.0324812188780977,0,0,5.230456577699499,23.75966208667742,UBB;ENO1;RPS27A;UBA52,EC-PTC
Reactome_2022,Insulin Receptor Recycling R-HSA-77387,4/26,0.0106461190937497,0.0324812188780977,0,0,5.230456577699499,23.75966208667742,ATP6V0B;ATP6V1G1;ATP6V0E1;ATP6V0C,EC-PTC
Reactome_2022,RNA Polymerase III Transcription Initiation From Type 2 Promoter R-HSA-76066,4/26,0.0106461190937497,0.0324812188780977,0,0,5.230456577699499,23.75966208667742,POLR2F;POLR2H;POLR2K;POLR2L,EC-PTC
Reactome_2022,RNA Polymerase III Abortive And Retractive Initiation R-HSA-749476,5/40,0.0106920968563683,0.032529345520646,0,0,4.113006396588486,18.66585301490991,SSB;POLR2F;POLR2H;POLR2K;POLR2L,EC-PTC
Reactome_2022,Negative Regulation Of MAPK Pathway R-HSA-5675221,5/41,0.011847381817485,0.0359426203307927,0,0,3.998548922056385,17.736157046410057,UBB;PEBP1;RPS27A;UBA52;DUSP6,EC-PTC
Reactome_2022,RNA Polymerase III Transcription Initiation From Type 1 Promoter R-HSA-76061,4/27,0.0121708524450307,0.0367171094770256,0,0,5.002786237283742,22.055840364134635,POLR2F;POLR2H;POLR2K;POLR2L,EC-PTC
Reactome_2022,RNA Polymerase III Transcription Initiation From Type 3 Promoter R-HSA-76071,4/27,0.0121708524450307,0.0367171094770256,0,0,5.002786237283742,22.055840364134635,POLR2F;POLR2H;POLR2K;POLR2L,EC-PTC
Reactome_2022,RNA Polymerase II Transcribes snRNA Genes R-HSA-6807505,7/74,0.0123287016534694,0.0370894181027559,0,0,3.0120207346501027,13.24031685055467,GTF2A2;SSU72;POLR2F;POLR2H;POLR2J;POLR2K;POLR2L,EC-PTC
Reactome_2022,Organelle Biogenesis And Maintenance R-HSA-1852241,17/275,0.0124476831958992,0.0373430495876977,0,0,1.9093506279305388,8.374833366301964,ARF4;ATP5PF;ATP5PD;ATP5MC2;ATP5MC3;MICOS10;DYNLL1;TUBB4B;ATP5F1D;ATP5F1E;ATP5MC1;ATP5PO;CYCS;DYNLRB1;ATP5MG;ATP5MF;ATP5ME,EC-PTC
Reactome_2022,Constitutive Signaling By NOTCH1 HD Domain Mutants R-HSA-2691232,3/15,0.0128587689721118,0.0377354064930911,0,0,7.184895833333333,31.28109143587098,UBB;RPS27A;UBA52,EC-PTC
Reactome_2022,Glycogen Storage Diseases R-HSA-3229121,3/15,0.0128587689721118,0.0377354064930911,0,0,7.184895833333333,31.28109143587098,UBB;RPS27A;UBA52,EC-PTC
Reactome_2022,IRAK2 Mediated Activation Of TAK1 Complex Upon TLR7/8 Or 9 Stimulation R-HSA-975163,3/15,0.0128587689721118,0.0377354064930911,0,0,7.184895833333333,31.28109143587098,UBB;RPS27A;UBA52,EC-PTC
Reactome_2022,InlB-mediated Entry Of Listeria Monocytogenes Into Host Cell R-HSA-8875360,3/15,0.0128587689721118,0.0377354064930911,0,0,7.184895833333333,31.28109143587098,UBB;RPS27A;UBA52,EC-PTC
Reactome_2022,Negative Regulation Of FLT3 R-HSA-9706369,3/15,0.0128587689721118,0.0377354064930911,0,0,7.184895833333333,31.28109143587098,UBB;RPS27A;UBA52,EC-PTC
Reactome_2022,Regulation Of Innate Immune Responses To Cytosolic DNA R-HSA-3134975,3/15,0.0128587689721118,0.0377354064930911,0,0,7.184895833333333,31.28109143587098,UBB;RPS27A;UBA52,EC-PTC
Reactome_2022,WNT5A-dependent Internalization Of FZD4 R-HSA-5099900,3/15,0.0128587689721118,0.0377354064930911,0,0,7.184895833333333,31.28109143587098,AP2S1;CLTA;AP2M1,EC-PTC
Reactome_2022,mRNA Decay By 5 To 3 Exoribonuclease R-HSA-430039,3/15,0.0128587689721118,0.0377354064930911,0,0,7.184895833333333,31.28109143587098,LSM7;LSM4;LSM3,EC-PTC
Reactome_2022,Signaling By FGFR2 In Disease R-HSA-5655253,5/42,0.0130845887172913,0.0382937555666378,0,0,3.890278338039532,16.869492444038233,POLR2F;POLR2H;POLR2J;POLR2K;POLR2L,EC-PTC
Reactome_2022,ISG15 Antiviral Mechanism R-HSA-1169408,7/75,0.0132143960038917,0.0384680414825343,0,0,2.9675722085241283,12.83904814418401,EIF4A1;UBB;STAT1;EIF2AK2;ISG15;RPS27A;UBA52,EC-PTC
Reactome_2022,Late SARS-CoV-2 Infection Events R-HSA-9772573,6/58,0.0132155759967852,0.0384680414825343,0,0,3.3240772680234563,14.381152088150165,SUMO1;RPN2;UBB;DAD1;RPS27A;UBA52,EC-PTC
Reactome_2022,Recycling Pathway Of L1 R-HSA-437239,4/28,0.0138285512040619,0.0401437995869938,0,0,4.794088425235966,20.52358793292328,RDX;AP2S1;CLTA;AP2M1,EC-PTC
Reactome_2022,Protein Ubiquitination R-HSA-8852135,7/76,0.014144831882157,0.0409515697233418,0,0,2.924412045474269,12.45333368282816,RRAGA;VCP;UBB;UBE2D2;RNF181;RPS27A;UBA52,EC-PTC
Reactome_2022,RNA Polymerase I Promoter Escape R-HSA-73772,6/59,0.0143044202823411,0.0413025754533012,0,0,3.261189609950081,13.85088106851196,CBX3;POLR2F;POLR2H;POLR2K;GTF2H5;POLR2L,EC-PTC
Reactome_2022,ER To Golgi Anterograde Transport R-HSA-199977,10/133,0.0147856788601881,0.0425780110492585,0,0,2.3475762577174644,9.892912213300953,ARF4;TRAPPC1;KDELR1;TRAPPC4;TRAPPC5;CAPZA2;KDELR2;DYNLL1;COPE;CD55,EC-PTC
Reactome_2022,Spry Regulation Of FGF Signaling R-HSA-1295596,3/16,0.0154356353214748,0.0440959661571044,0,0,6.631868131868132,27.66202905584431,UBB;RPS27A;UBA52,EC-PTC
Reactome_2022,TRAF6-mediated Induction Of TAK1 Complex Within TLR4 Complex R-HSA-937072,3/16,0.0154356353214748,0.0440959661571044,0,0,6.631868131868132,27.66202905584431,UBB;RPS27A;UBA52,EC-PTC
Reactome_2022,Translesion Synthesis By REV1 R-HSA-110312,3/16,0.0154356353214748,0.0440959661571044,0,0,6.631868131868132,27.66202905584431,UBB;RPS27A;UBA52,EC-PTC
Reactome_2022,"SUMO Is Transferred From E1 To E2 (UBE2I, UBC9) R-HSA-3065678",2/6,0.0155870544404176,0.044395126384599,0,0,14.354383358098069,59.73310436452927,SUMO1;SUMO2,EC-PTC
Reactome_2022,Downregulation Of ERBB2 Signaling R-HSA-8863795,4/29,0.0156227974928161,0.044395126384599,0,0,4.602086438152012,19.14018819373525,UBB;CDC37;RPS27A;UBA52,EC-PTC
Reactome_2022,Ion Channel Transport R-HSA-983712,12/175,0.0158549472785004,0.0449362584709078,0,0,2.127751714182605,8.817985461186671,ATP6V1G1;ATP6V0B;ATP6V0E1;UBB;FXYD2;STOM;ATP1B3;SRI;ATP1B1;RPS27A;UBA52;ATP6V0C,EC-PTC
Reactome_2022,Signaling By FGFR In Disease R-HSA-1226099,6/61,0.0166663647558344,0.047112007459406,0,0,3.142274765593151,12.865612521236978,STAT1;POLR2F;POLR2H;POLR2J;POLR2K;POLR2L,EC-PTC
Reactome_2022,TBC/RABGAPs R-HSA-8854214,5/45,0.0173112523136946,0.0488068553451548,0,0,3.59794776119403,14.594710139606953,GABARAPL2;MAP1LC3B;RAB5C;GABARAP;OPTN,EC-PTC
Reactome_2022,Synthesis Of Active Ubiquitin: Roles Of E1 And E2 Enzymes R-HSA-8866652,4/30,0.0175568326232791,0.0492414289981032,0,0,4.4248538346899,17.886640115162177,UBB;UBE2D2;RPS27A;UBA52,EC-PTC
Reactome_2022,Translation Of Structural Proteins R-HSA-9683701,4/30,0.0175568326232791,0.0492414289981032,0,0,4.4248538346899,17.886640115162177,SUMO1;UBB;RPS27A;UBA52,EC-PTC
Reactome_2022,MAP Kinase Activation R-HSA-450294,6/62,0.0179424861989786,0.0500623254826425,0,0,3.0860025624599614,12.407532057022006,JUN;UBB;RPS27A;UBA52;DUSP6;SKP1,EC-PTC
Reactome_2022,RHO GTPases Activate PKNs R-HSA-5625740,6/62,0.0179424861989786,0.0500623254826425,0,0,3.0860025624599614,12.407532057022006,PPP1CB;MYL6;YWHAQ;RHOC;RNASE1;MYL12B,EC-PTC
Reactome_2022,Activation Of IRF3/IRF7 Mediated By TBK1/IKK Epsilon R-HSA-936964,3/17,0.0182815959803452,0.0504853304380304,0,0,6.157844387755102,24.64283366203965,UBB;RPS27A;UBA52,EC-PTC
Reactome_2022,Protein Methylation R-HSA-8876725,3/17,0.0182815959803452,0.0504853304380304,0,0,6.157844387755102,24.64283366203965,EEF1A1;VCP;RPS2,EC-PTC
Reactome_2022,Translesion Synthesis By POLI R-HSA-5656121,3/17,0.0182815959803452,0.0504853304380304,0,0,6.157844387755102,24.64283366203965,UBB;RPS27A;UBA52,EC-PTC
Reactome_2022,Translesion Synthesis By POLK R-HSA-5655862,3/17,0.0182815959803452,0.0504853304380304,0,0,6.157844387755102,24.64283366203965,UBB;RPS27A;UBA52,EC-PTC
Reactome_2022,COPI-mediated Anterograde Transport R-HSA-6807878,7/80,0.0183365129842704,0.0505074794988727,0,0,2.7635960954802723,11.05123654081438,ARF4;KDELR1;CAPZA2;KDELR2;DYNLL1;CD55;COPE,EC-PTC
Reactome_2022,Interferon Signaling R-HSA-913531,13/200,0.0185169486954352,0.0508743717984278,0,0,2.0097419907265297,8.016999112665793,EIF4A1;STAT1;EIF2AK2;ISG15;PSMB8;BST2;MT2A;IFI27;UBB;SUMO1;RPS27A;UBA52;HLA-DPA1,EC-PTC
Reactome_2022,RNA Polymerase I Transcription Initiation R-HSA-73762,5/46,0.0188991038918896,0.0517922007418961,0,0,3.5100109210047323,13.929972448344705,POLR2F;POLR2H;POLR2K;GTF2H5;POLR2L,EC-PTC
Reactome_2022,Regulation Of HSF1-mediated Heat Shock Response R-HSA-3371453,7/81,0.0195073584937844,0.0531289955661757,0,0,2.726108593623564,10.732590100844003,RPS19BP1;UBB;HSBP1;BAG1;SERPINH1;HSPA2;HSPA1A,EC-PTC
Reactome_2022,Senescence-Associated Secretory Phenotype (SASP) R-HSA-2559582,7/81,0.0195073584937844,0.0531289955661757,0,0,2.726108593623564,10.732590100844003,JUN;ANAPC16;UBB;IGFBP7;RPS27A;UBA52;ANAPC11,EC-PTC
Reactome_2022,Downregulation Of SMAD2/3:SMAD4 Transcriptional Activity R-HSA-2173795,4/31,0.0196335563930714,0.0531289955661757,0,0,4.260749572224982,16.746940598184572,UBB;STAT1;RPS27A;UBA52,EC-PTC
Reactome_2022,Pyruvate Metabolism R-HSA-70268,4/31,0.0196335563930714,0.0531289955661757,0,0,4.260749572224982,16.746940598184572,LDHB;LDHA;MPC2;BSG,EC-PTC
Reactome_2022,Transferrin Endocytosis And Recycling R-HSA-917977,4/31,0.0196335563930714,0.0531289955661757,0,0,4.260749572224982,16.746940598184572,ATP6V0B;ATP6V1G1;ATP6V0E1;ATP6V0C,EC-PTC
Reactome_2022,Extracellular Matrix Organization R-HSA-1474244,17/291,0.020525740414648,0.0554040662320199,0,0,1.79634703702882,6.980740300809039,ACTN1;TRAPPC4;ICAM2;FN1;HTRA1;FURIN;COL3A1;VCAN;CTSL;BSG;SERPINH1;CAPN2;ITGAV;TIMP1;PPIB;CTSD;JAM2,EC-PTC
Reactome_2022,Viral Messenger RNA Synthesis R-HSA-168325,5/47,0.0205797865195141,0.0554110752037918,0,0,3.426261549395878,13.30570144112945,POLR2F;POLR2H;POLR2J;POLR2K;POLR2L,EC-PTC
Reactome_2022,Aryl Hydrocarbon Receptor Signaling R-HSA-8937144,2/7,0.0213378976273976,0.0569043003895723,0,0,11.48291233283804,44.17787051400107,AHR;AURKAIP1,EC-PTC
Reactome_2022,Nef Mediated CD8 Down-regulation R-HSA-182218,2/7,0.0213378976273976,0.0569043003895723,0,0,11.48291233283804,44.17787051400107,AP2S1;AP2M1,EC-PTC
Reactome_2022,Ephrin Signaling R-HSA-3928664,3/18,0.0213985530712876,0.0569043003895723,0,0,5.747023809523809,22.09404208138228,SDCBP;RNASE1;MYL12A,EC-PTC
Reactome_2022,LDL Clearance R-HSA-8964038,3/18,0.0213985530712876,0.0569043003895723,0,0,5.747023809523809,22.09404208138228,AP2S1;CLTA;AP2M1,EC-PTC
Reactome_2022,Regulation Of NF-kappa B Signaling R-HSA-9758274,3/18,0.0213985530712876,0.0569043003895723,0,0,5.747023809523809,22.09404208138228,UBB;RPS27A;UBA52,EC-PTC
Reactome_2022,Signal Transduction R-HSA-162582,101/2465,0.0216693494759906,0.0574824861715318,0,0,1.2624478973216129,4.837519160371053,PEBP1;PPP1CB;TNFSF10;AP2M1;SOX4;SKP1;ATP6V1G1;ATP6V0E1;ACTN1;RPS6;NPY1R;RNASE1;TLE5;RBX1;MYL6;RRAGA;SFRP1;CDC37;CSNK2B;PSME1;PSME2;PFN1;TLN1;UBA52;SQSTM1;BEX3;VCP;CALCRL;ARHGAP18;HIF1A;RTN4;MYL12B;RASGRP3;SNX3;UBB;SMAD1;JUN;FN1;GNG11;DRAP1;RPS27;ARPC2;ARPC3;LPAR6;HNRNPF;ID1;GNAS;ID3;CLTA;BRK1;HSPB1;YBX1;ARHGAP5;HEBP1;PTBP1;TUBA1B;HINT2;YWHAQ;RACK1;ITGAV;CTSD;ATP6V0B;DYNLL1;RHOC;SSTR2;DUSP6;PSMA6;PSMA4;PSMA2;RHOJ;ATP6V0C;GTF2A2;RAMP2;FURIN;NEDD8;UACA;PSMB6;PSMB5;PSMB2;GNG5;PSMB3;PSMB1;AP2S1;POLR2F;STOM;POLR2H;BUB3;RPS27A;POLR2J;POLR2K;CD55;POLR2L;NDUFA5;STAT1;HSPE1;PSMB8;KTN1;PSMB9;FKBP1A;LAMTOR1;VIM,EC-PTC
Reactome_2022,Antiviral Mechanism By IFN-stimulated Genes R-HSA-1169410,7/83,0.0220038324483887,0.0582263576091269,0,0,2.6540931295304127,10.1294489792844,EIF4A1;UBB;STAT1;EIF2AK2;ISG15;RPS27A;UBA52,EC-PTC
Reactome_2022,Inhibition Of DNA Recombination At Telomere R-HSA-9670095,5/48,0.0223551268393259,0.0590109598185149,0,0,3.3464074973967373,12.71868962154649,POLR2F;POLR2H;POLR2J;POLR2K;POLR2L,EC-PTC
Reactome_2022,Rab Regulation Of Trafficking R-HSA-9007101,9/122,0.0225122528516652,0.0592804311032847,0,0,2.2975364745276248,8.716153892052944,GABARAPL2;MAP1LC3B;RAB5C;TRAPPC1;TRAPPC4;TRAPPC5;RAB13;OPTN;GABARAP,EC-PTC
Reactome_2022,Transport To Golgi And Subsequent Modification R-HSA-948021,11/164,0.023545578657794,0.0618206170039061,0,0,2.075872115914639,7.7820651324051076,ARF4;TRAPPC1;KDELR1;TRAPPC4;TRAPPC5;CAPZA2;KDELR2;ST8SIA6;DYNLL1;COPE;CD55,EC-PTC
Reactome_2022,Regulation Of IGF Transport And Uptake By IGFBPs R-HSA-381426,9/123,0.0235917117814349,0.0618206170039061,0,0,2.2772641062114745,8.53258938896651,CST3;VCAN;FN1;CALU;VWA1;IGFBP7;TIMP1;MFGE8;KTN1,EC-PTC
Reactome_2022,Oncogene Induced Senescence R-HSA-2559585,4/33,0.0242249687652428,0.0630248575154182,0,0,3.96649365332237,14.756829588014408,UBB;ID1;RPS27A;UBA52,EC-PTC
Reactome_2022,EPH-ephrin Mediated Repulsion Of Cells R-HSA-3928665,5/49,0.0242268254516092,0.0630248575154182,0,0,3.2701831750339214,12.166045363036009,EPHA4;AP2S1;CLTA;RNASE1;AP2M1,EC-PTC
Reactome_2022,Signaling By NOTCH3 R-HSA-9012852,5/49,0.0242268254516092,0.0630248575154182,0,0,3.2701831750339214,12.166045363036009,UBB;STAT1;YBX1;RPS27A;UBA52,EC-PTC
Reactome_2022,Cargo Recognition For Clathrin-Mediated Endocytosis R-HSA-8856825,8/104,0.0244941878637987,0.0635668441670149,0,0,2.402423788105947,8.911357211388012,VAMP8;UBB;AP2S1;CLTA;NEDD8;RPS27A;UBA52;AP2M1,EC-PTC
Reactome_2022,Listeria Monocytogenes Entry Into Host Cells R-HSA-8876384,3/19,0.0247872040293413,0.0637131712162307,0,0,5.387555803571429,19.92009820094655,UBB;RPS27A;UBA52,EC-PTC
Reactome_2022,Prostacyclin Signaling Thru Prostacyclin Receptor R-HSA-392851,3/19,0.0247872040293413,0.0637131712162307,0,0,5.387555803571429,19.92009820094655,GNG5;GNAS;GNG11,EC-PTC
Reactome_2022,Regulation Of TP53 Activity Thru Methylation R-HSA-6804760,3/19,0.0247872040293413,0.0637131712162307,0,0,5.387555803571429,19.92009820094655,UBB;RPS27A;UBA52,EC-PTC
Reactome_2022,Scavenging By Class A Receptors R-HSA-3000480,3/19,0.0247872040293413,0.0637131712162307,0,0,5.387555803571429,19.92009820094655,COL3A1;FTH1;FTL,EC-PTC
Reactome_2022,RNA Polymerase II Transcription Termination R-HSA-73856,6/67,0.0253304448552694,0.0649544978788695,0,0,2.8323164007939425,10.410882061412444,RBM8A;SNRPG;SNRPE;SRSF5;SNRPB;SRSF9,EC-PTC
Reactome_2022,Nef Mediated CD4 Down-regulation R-HSA-167590,2/8,0.027821371677372,0.0711724876402131,0,0,9.56859831599802,34.274248280543794,AP2S1;AP2M1,EC-PTC
Reactome_2022,Regulation Of FZD By Ubiquitination R-HSA-4641263,3/20,0.0284471462729651,0.0720884153787846,0,0,5.070378151260504,18.04906277891892,UBB;RPS27A;UBA52,EC-PTC
Reactome_2022,Sema4D Induced Cell Migration And Growth-Cone Collapse R-HSA-416572,3/20,0.0284471462729651,0.0720884153787846,0,0,5.070378151260504,18.04906277891892,MYL6;RHOC;MYL12B,EC-PTC
Reactome_2022,Signal Transduction By L1 R-HSA-445144,3/20,0.0284471462729651,0.0720884153787846,0,0,5.070378151260504,18.04906277891892,CSNK2B;ITGAV;RNASE1,EC-PTC
Reactome_2022,Syndecan Interactions R-HSA-3000170,3/20,0.0284471462729651,0.0720884153787846,0,0,5.070378151260504,18.04906277891892,ACTN1;TRAPPC4;ITGAV,EC-PTC
Reactome_2022,Interleukin-17 Signaling R-HSA-448424,6/69,0.0287791885871331,0.0727586528364845,0,0,2.7421168766460244,9.729312489961403,JUN;UBB;RPS27A;UBA52;DUSP6;SKP1,EC-PTC
Reactome_2022,N-glycan Trimming In ER And Calnexin/Calreticulin Cycle R-HSA-532668,4/35,0.0294134759712423,0.073842222892839,0,0,3.710206240084611,13.08330895848652,VCP;UBB;RPS27A;UBA52,EC-PTC
Reactome_2022,RNA Polymerase III Transcription Initiation R-HSA-76046,4/35,0.0294134759712423,0.073842222892839,0,0,3.710206240084611,13.08330895848652,POLR2F;POLR2H;POLR2K;POLR2L,EC-PTC
Reactome_2022,Regulation Of TNFR1 Signaling R-HSA-5357905,4/35,0.0294134759712423,0.073842222892839,0,0,3.710206240084611,13.08330895848652,UBB;RACK1;RPS27A;UBA52,EC-PTC
Reactome_2022,Signaling By Non-Receptor Tyrosine Kinases R-HSA-9006927,5/52,0.0304351410722416,0.0762294114762888,0,0,3.060971737059384,10.689395047204016,UBB;RPS27A;RNASE1;UBA52;HIF1A,EC-PTC
Reactome_2022,Glutathione Conjugation R-HSA-156590,4/36,0.0322353348502111,0.0797940560478372,0,0,3.594076005961252,12.344544365600536,PRNP;GSTP1;MGST3;MGST2,EC-PTC
Reactome_2022,RHO GTPases Activate WASPs And WAVEs R-HSA-5663213,4/36,0.0322353348502111,0.0797940560478372,0,0,3.594076005961252,12.344544365600536,ARPC2;ARPC3;BRK1;RNASE1,EC-PTC
Reactome_2022,ROS And RNS Production In Phagocytes R-HSA-1222556,4/36,0.0322353348502111,0.0797940560478372,0,0,3.594076005961252,12.344544365600536,ATP6V0B;ATP6V1G1;ATP6V0E1;ATP6V0C,EC-PTC
Reactome_2022,ER Quality Control Compartment (ERQC) R-HSA-901032,3/21,0.0323769753880267,0.0797940560478372,0,0,4.7884424603174605,16.425831258005807,UBB;RPS27A;UBA52,EC-PTC
Reactome_2022,Inactivation Of APC/C Via Direct Inhibition Of APC/C Complex R-HSA-141430,3/21,0.0323769753880267,0.0797940560478372,0,0,4.7884424603174605,16.425831258005807,ANAPC16;BUB3;ANAPC11,EC-PTC
Reactome_2022,NOTCH2 Activation And Transmission Of Signal To Nucleus R-HSA-2979096,3/21,0.0323769753880267,0.0797940560478372,0,0,4.7884424603174605,16.425831258005807,UBB;RPS27A;UBA52,EC-PTC
Reactome_2022,Negative Regulation Of MET Activity R-HSA-6807004,3/21,0.0323769753880267,0.0797940560478372,0,0,4.7884424603174605,16.425831258005807,UBB;RPS27A;UBA52,EC-PTC
Reactome_2022,Chaperonin-mediated Protein Folding R-HSA-390466,7/90,0.0324651391035776,0.0798286639601669,0,0,2.4293701753120267,8.32688105238495,TUBA1B;GNG5;CSNK2B;KIFC3;TUBB4B;PFDN5;GNG11,EC-PTC
Reactome_2022,Muscle Contraction R-HSA-397014,12/196,0.0344363027531204,0.0844826835196144,0,0,1.8828447767066692,6.342633681776451,MYL6;ANXA2;CALD1;FXYD2;MYL6B;ATP1B3;SRI;VIM;TLN1;ATP1B1;MYL12A;MYL12B,EC-PTC
Reactome_2022,DNA Repair R-HSA-73894,17/310,0.0347329308095368,0.0850167420042526,0,0,1.6781850057574406,5.6388141036807005,VCP;ISG15;GTF2H5;RBX1;POLE4;PPP4C;UBB;SUMO1;SUMO2;POLR2F;POLR2H;RPS27A;UBA52;POLR2J;POLR2K;HMGN1;POLR2L,EC-PTC
Reactome_2022,Calcineurin Activates NFAT R-HSA-2025928,2/9,0.0349816245412342,0.0850456199343324,0,0,8.20123116111229,27.498173421381424,FKBP1A;PPIA,EC-PTC
Reactome_2022,Formation Of Annular Gap Junctions R-HSA-196025,2/9,0.0349816245412342,0.0850456199343324,0,0,8.20123116111229,27.498173421381424,CLTA;AP2M1,EC-PTC
Reactome_2022,Processing And Activation Of SUMO R-HSA-3215018,2/9,0.0349816245412342,0.0850456199343324,0,0,8.20123116111229,27.498173421381424,SUMO1;SUMO2,EC-PTC
Reactome_2022,DNA Damage Recognition In GG-NER R-HSA-5696394,4/37,0.0352102607240772,0.0854086729725928,0,0,3.484983967845369,11.662212177140912,UBB;RPS27A;UBA52;RBX1,EC-PTC
Reactome_2022,Insertion Of Tail-Anchored Proteins Into Endoplasmic Reticulum Membrane R-HSA-9609523,3/22,0.0365743770693105,0.0885182114688706,0,0,4.536184210526316,15.007545245743772,CYB5A;PRNP;SEC61B,EC-PTC
Reactome_2022,HSP90 Chaperone Cycle For Steroid Hormone Receptors (SHR) In Presence Of Ligand R-HSA-3371497,4/38,0.0383388639556332,0.0925806199108004,0,0,3.382309108442185,11.03069483833481,CAPZA2;HSPA2;DYNLL1;HSPA1A,EC-PTC
Reactome_2022,"Cell Death Signaling Via NRAGE, NRIF And NADE R-HSA-204998",6/74,0.0387089544718616,0.0928497638445322,0,0,2.5398311791084147,8.258729230736552,BEX3;UBB;RPS27A;RNASE1;SQSTM1;UBA52,EC-PTC
Reactome_2022,NoRC Negatively Regulates rRNA Expression R-HSA-427413,6/74,0.0387089544718616,0.0928497638445322,0,0,2.5398311791084147,8.258729230736552,POLR2F;SAP18;POLR2H;POLR2K;GTF2H5;POLR2L,EC-PTC
Reactome_2022,Signaling By NOTCH1 R-HSA-1980143,6/74,0.0387089544718616,0.0928497638445322,0,0,2.5398311791084147,8.258729230736552,UBB;RPS27A;UBA52;HIF1A;SKP1;RBX1,EC-PTC
Reactome_2022,Deadenylation-dependent mRNA Decay R-HSA-429914,5/56,0.0401422651514481,0.0960738212624659,0,0,2.820310213637694,9.068215364542455,EIF4A1;LSM7;LSM4;LSM3;PAIP1,EC-PTC
Reactome_2022,Ovarian Tumor Domain Proteases R-HSA-5689896,4/39,0.0416214552445565,0.0993426809528262,0,0,3.2855013838620395,10.445067205705774,VCP;UBB;RPS27A;UBA52,EC-PTC
Reactome_2022,P75 NTR Receptor-Mediated Signaling R-HSA-193704,7/95,0.0416925643367478,0.0993426809528262,0,0,2.2907423788786065,7.278679236459812,BEX3;UBB;RPS27A;RNASE1;SQSTM1;UBA52;RTN4,EC-PTC
Reactome_2022,Calcitonin-like Ligand Receptors R-HSA-419812,2/10,0.0427657300261895,0.1010059018381713,0,0,7.175705794947994,22.617955245214755,RAMP2;CALCRL,EC-PTC
Reactome_2022,Gap Junction Degradation R-HSA-190873,2/10,0.0427657300261895,0.1010059018381713,0,0,7.175705794947994,22.617955245214755,CLTA;AP2M1,EC-PTC
Reactome_2022,RHO GTPases Activate KTN1 R-HSA-5625970,2/10,0.0427657300261895,0.1010059018381713,0,0,7.175705794947994,22.617955245214755,RNASE1;KTN1,EC-PTC
Reactome_2022,Receptor Mediated Mitophagy R-HSA-8934903,2/10,0.0427657300261895,0.1010059018381713,0,0,7.175705794947994,22.617955245214755,MAP1LC3B;CSNK2B,EC-PTC
Reactome_2022,Transcriptional Regulation By Small RNAs R-HSA-5578749,6/76,0.0432213952213368,0.1018587366594743,0,0,2.467008327994875,7.749908429838439,POLR2F;POLR2H;POLR2J;POLR2K;RAN;POLR2L,EC-PTC
Reactome_2022,Protein Folding R-HSA-391251,7/96,0.043722285583414,0.1028141955749714,0,0,2.2648859584202383,7.08886053504578,TUBA1B;GNG5;CSNK2B;KIFC3;TUBB4B;PFDN5;GNG11,EC-PTC
Reactome_2022,Negative Epigenetic Regulation Of rRNA Expression R-HSA-5250941,6/77,0.0455960660966326,0.1068201747094006,0,0,2.432135413377124,7.510273236686324,POLR2F;SAP18;POLR2H;POLR2K;GTF2H5;POLR2L,EC-PTC
Reactome_2022,Constitutive Signaling By NOTCH1 HD+PEST Domain Mutants R-HSA-2894862,5/58,0.0456242157533187,0.1068201747094006,0,0,2.713601802309209,8.377748042551538,UBB;RPS27A;UBA52;SKP1;RBX1,EC-PTC
Reactome_2022,Glycogen Metabolism R-HSA-8982491,3/24,0.0457586026895905,0.1069024188648352,0,0,4.10374149659864,12.657479599148685,UBB;RPS27A;UBA52,EC-PTC
Reactome_2022,Death Receptor Signaling R-HSA-73887,9/139,0.0461764110425867,0.1076450101577183,0,0,1.9953222453222448,6.136186955177683,BEX3;UBB;TNFSF10;RACK1;RPS27A;RNASE1;SQSTM1;UBA52;RTN4,EC-PTC
Reactome_2022,Chromosome Maintenance R-HSA-73886,8/118,0.0465613402007576,0.1083079123028423,0,0,2.0951342510562903,6.425744674821144,NPM1;MIS18BP1;POLR2F;POLR2H;POLR2J;NOP10;POLR2K;POLR2L,EC-PTC
Reactome_2022,RNA Polymerase I Promoter Clearance R-HSA-73854,6/78,0.048050367746928,0.1115307027229343,0,0,2.398231190832088,7.2798439464751805,CBX3;POLR2F;POLR2H;POLR2K;GTF2H5;POLR2L,EC-PTC
Reactome_2022,Estrogen-dependent Gene Expression R-HSA-9018519,8/119,0.0485126912468666,0.1123616526298395,0,0,2.076151113632373,6.282287607248366,JUN;GTF2A2;POLR2F;POLR2H;CTSD;POLR2J;POLR2K;POLR2L,EC-PTC
Reactome_2022,MTOR Signaling R-HSA-165159,4/41,0.0486484019433326,0.1124341821737538,0,0,3.107584484633665,9.394651519607676,FKBP1A;RRAGA;RPS6;LAMTOR1,EC-PTC
Reactome_2022,RNA Polymerase I Transcription R-HSA-73864,6/79,0.0505847096666316,0.1166589556979921,0,0,2.3652558510965047,7.058174008517939,CBX3;POLR2F;POLR2H;POLR2K;GTF2H5;POLR2L,EC-PTC
Reactome_2022,Formation Of Apoptosome R-HSA-111458,2/11,0.0511235543947158,0.1169003568643502,0,0,6.378074954597986,18.96526928141035,CYCS;UACA,EC-PTC
Reactome_2022,Killing Mechanisms R-HSA-9664420,2/11,0.0511235543947158,0.1169003568643502,0,0,6.378074954597986,18.96526928141035,JUN;RNASE1,EC-PTC
Reactome_2022,SARS-CoV-2 Modulates Autophagy R-HSA-9754560,2/11,0.0511235543947158,0.1169003568643502,0,0,6.378074954597986,18.96526928141035,MAP1LC3B;TUFM,EC-PTC
Reactome_2022,SUMOylation Of Immune Response Proteins R-HSA-4755510,2/11,0.0511235543947158,0.1169003568643502,0,0,6.378074954597986,18.96526928141035,SUMO1;SUMO2,EC-PTC
Reactome_2022,Deactivation Of Beta-Catenin Transactivating Complex R-HSA-3769402,4/42,0.0523919653211326,0.1195469208704656,0,0,3.0256490705153345,8.922645260028036,UBB;RPS27A;UBA52;SOX4,EC-PTC
Reactome_2022,Calnexin/calreticulin Cycle R-HSA-901042,3/26,0.055966247525672,0.1274326608565514,0,0,3.746506211180124,10.80120173182271,UBB;RPS27A;UBA52,EC-PTC
Reactome_2022,SUMOylation Of Transcription Cofactors R-HSA-3899300,4/43,0.0562879532066541,0.1276255275864559,0,0,2.9479154725056365,8.481962729846924,NPM1;SUMO1;SUMO2;PARK7,EC-PTC
Reactome_2022,"Transport Of Vitamins, Nucleosides, And Related Molecules R-HSA-425397",4/43,0.0562879532066541,0.1276255275864559,0,0,2.9479154725056365,8.481962729846924,SLCO4A1;SLC25A5;SLC25A4;SLC25A6,EC-PTC
Reactome_2022,Toll Like Receptor 3 (TLR3) Cascade R-HSA-168164,7/103,0.0597067847569505,0.1349232067875811,0,0,2.0989739271457086,5.915558405800282,JUN;UBB;UBE2D2;RPS27A;UBA52;DUSP6;SKP1,EC-PTC
Reactome_2022,ALK Mutants Bind TKIs R-HSA-9700645,2/12,0.0600076286455444,0.1349232067875811,0,0,5.739970282317979,16.1481641492367,NPM1;FN1,EC-PTC
Reactome_2022,Caspase-mediated Cleavage Of Cytoskeletal Proteins R-HSA-264870,2/12,0.0600076286455444,0.1349232067875811,0,0,5.739970282317979,16.1481641492367,GSN;VIM,EC-PTC
Reactome_2022,Translation Of Replicase And Assembly Of Replication Transcription Complex R-HSA-9679504,2/12,0.0600076286455444,0.1349232067875811,0,0,5.739970282317979,16.1481641492367,MAP1LC3B;CHMP2A,EC-PTC
Reactome_2022,TNF Signaling R-HSA-75893,4/44,0.0603353243204362,0.1353773839439788,0,0,2.8740685543964237,8.069917571355635,UBB;RACK1;RPS27A;UBA52,EC-PTC
Reactome_2022,FLT3 Signaling In Disease R-HSA-9682385,3/27,0.0614406781286327,0.1370012636532867,0,0,3.590215773809524,10.015564459665232,UBB;RPS27A;UBA52,EC-PTC
Reactome_2022,Synthesis Of PC R-HSA-1483191,3/27,0.0614406781286327,0.1370012636532867,0,0,3.590215773809524,10.015564459665232,STARD7;CSNK2B;LPIN2,EC-PTC
Reactome_2022,Role Of Nef In HIV-1 Replication And Disease Pathogenesis R-HSA-164952,3/27,0.0614406781286327,0.1370012636532867,0,0,3.590215773809524,10.015564459665232,AP2S1;RNASE1;AP2M1,EC-PTC
Reactome_2022,Semaphorin Interactions R-HSA-373755,5/64,0.0646204994190683,0.1437939625502823,0,0,2.4368833797116114,6.675168439938642,MYL6;RHOC;TLN1;RNASE1;MYL12B,EC-PTC
Reactome_2022,Advanced Glycosylation Endproduct Receptor Signaling R-HSA-879415,2/13,0.0693730261680615,0.1531039942274636,0,0,5.21788464136161,13.922658048897969,LGALS3;CAPZA2,EC-PTC
Reactome_2022,Cytochrome C-Mediated Apoptotic Response R-HSA-111461,2/13,0.0693730261680615,0.1531039942274636,0,0,5.21788464136161,13.922658048897969,CYCS;UACA,EC-PTC
Reactome_2022,Dissolution Of Fibrin Clot R-HSA-75205,2/13,0.0693730261680615,0.1531039942274636,0,0,5.21788464136161,13.922658048897969,ANXA2;S100A10,EC-PTC
Reactome_2022,Mitochondrial Iron-Sulfur Cluster Biogenesis R-HSA-1362409,2/13,0.0693730261680615,0.1531039942274636,0,0,5.21788464136161,13.922658048897969,FDX1;ISCU,EC-PTC
Reactome_2022,MyD88-independent TLR4 Cascade R-HSA-166166,7/107,0.0702618491037097,0.1547484897437533,0,0,2.0145958083832336,5.349812182194953,JUN;UBB;UBE2D2;RPS27A;UBA52;DUSP6;SKP1,EC-PTC
Reactome_2022,Integrin Cell Surface Interactions R-HSA-216083,5/66,0.0718011169166529,0.1578159243249699,0,0,2.3567408857352583,6.207314347964723,BSG;ICAM2;FN1;ITGAV;JAM2,EC-PTC
Reactome_2022,RHO GTPase Effectors R-HSA-195258,14/269,0.0730203625492366,0.1596932548228678,0,0,1.5839340274687788,4.145182178084166,BRK1;DYNLL1;RHOC;RNASE1;MYL12B;KTN1;PPP1CB;MYL6;RPS27;ARPC2;YWHAQ;ARPC3;BUB3;PFN1,EC-PTC
Reactome_2022,Negative Regulation Of FGFR3 Signaling R-HSA-5654732,3/29,0.0731000692921762,0.1596932548228678,0,0,3.313701923076923,8.66839889858564,UBB;RPS27A;UBA52,EC-PTC
Reactome_2022,Processing Of Capped Intronless Pre-mRNA R-HSA-75067,3/29,0.0731000692921762,0.1596932548228678,0,0,3.313701923076923,8.66839889858564,SNRPG;SNRPE;SNRPB,EC-PTC
Reactome_2022,Cyclin D Associated Events In G1 R-HSA-69231,4/47,0.0733718102751074,0.1599624284742726,0,0,2.67313624233182,6.9828078545319325,UBB;RPS27A;UBA52;SKP1,EC-PTC
Reactome_2022,Degradation Of Extracellular Matrix R-HSA-1474228,7/109,0.0759304573530027,0.1652062678165331,0,0,1.974888458377363,5.091138802718866,CTSL;BSG;CAPN2;HTRA1;FURIN;TIMP1;CTSD,EC-PTC
Reactome_2022,Signaling By NTRKs R-HSA-166520,8/132,0.0787409309139373,0.1709757713594971,0,0,1.857232673985588,4.720328023752182,ID1;AP2S1;ID3;CLTA;FURIN;RNASE1;AP2M1;DUSP6,EC-PTC
Reactome_2022,Regulation Of IFNG Signaling R-HSA-877312,2/14,0.0791772456357123,0.1712327179712091,0,0,4.782813273897969,12.129531678010585,SUMO1;STAT1,EC-PTC
Reactome_2022,SEMA3A-Plexin Repulsion Signaling By Inhibiting Integrin Adhesion R-HSA-399955,2/14,0.0791772456357123,0.1712327179712091,0,0,4.782813273897969,12.129531678010585,TLN1;RNASE1,EC-PTC
Reactome_2022,Signaling By ERBB2 R-HSA-1227986,4/49,0.0827903972575146,0.1786878914756378,0,0,2.5540652425898327,6.363308479646366,UBB;CDC37;RPS27A;UBA52,EC-PTC
Reactome_2022,Golgi-to-ER Retrograde Transport R-HSA-8856688,7/112,0.0849213528506356,0.1826876405588853,0,0,1.918163672654691,4.7302486080761454,ARF4;KDELR1;SURF4;CAPZA2;KDELR2;DYNLL1;COPE,EC-PTC
Reactome_2022,Activated NOTCH1 Transmits Signal To Nucleus R-HSA-2122948,3/31,0.0856613356381031,0.1826876405588853,0,0,3.076690051020408,7.560515725538013,UBB;RPS27A;UBA52,EC-PTC
Reactome_2022,EGFR Downregulation R-HSA-182971,3/31,0.0856613356381031,0.1826876405588853,0,0,3.076690051020408,7.560515725538013,UBB;RPS27A;UBA52,EC-PTC
Reactome_2022,Metalloprotease DUBs R-HSA-5689901,3/31,0.0856613356381031,0.1826876405588853,0,0,3.076690051020408,7.560515725538013,UBB;RPS27A;UBA52,EC-PTC
Reactome_2022,Negative Regulation Of FGFR4 Signaling R-HSA-5654733,3/31,0.0856613356381031,0.1826876405588853,0,0,3.076690051020408,7.560515725538013,UBB;RPS27A;UBA52,EC-PTC
Reactome_2022,Sealing Of Nuclear Envelope (NE) By ESCRT-III R-HSA-9668328,3/31,0.0856613356381031,0.1826876405588853,0,0,3.076690051020408,7.560515725538013,TUBA1B;CHMP2A;TUBB4B,EC-PTC
Reactome_2022,Activation Of HOX Genes During Differentiation R-HSA-5619507,6/91,0.0872932824183747,0.1858001287837738,0,0,2.0300712213136376,4.950291659575721,JUN;POLR2F;POLR2H;POLR2J;POLR2K;POLR2L,EC-PTC
Reactome_2022,Ion Homeostasis R-HSA-5578775,4/50,0.0877116131251797,0.186322302437512,0,0,2.498412492710426,6.080388905998632,FXYD2;ATP1B3;SRI;ATP1B1,EC-PTC
Reactome_2022,EPHA-mediated Growth Cone Collapse R-HSA-3928663,2/15,0.0893800988579988,0.1880124345118451,0,0,4.4146759629671966,10.660812164787949,MYL6;MYL12B,EC-PTC
Reactome_2022,GRB2:SOS Provides Linkage To MAPK Signaling For Integrins R-HSA-354194,2/15,0.0893800988579988,0.1880124345118451,0,0,4.4146759629671966,10.660812164787949,FN1;TLN1,EC-PTC
Reactome_2022,Prolactin Receptor Signaling R-HSA-1170546,2/15,0.0893800988579988,0.1880124345118451,0,0,4.4146759629671966,10.660812164787949,RBX1;SKP1,EC-PTC
Reactome_2022,Response Of EIF2AK1 (HRI) To Heme Deficiency R-HSA-9648895,2/15,0.0893800988579988,0.1880124345118451,0,0,4.4146759629671966,10.660812164787949,EIF2S2;ATF4,EC-PTC
Reactome_2022,p130Cas Linkage To MAPK Signaling For Integrins R-HSA-372708,2/15,0.0893800988579988,0.1880124345118451,0,0,4.4146759629671966,10.660812164787949,FN1;TLN1,EC-PTC
Reactome_2022,Class B/2 (Secretin Family Receptors) R-HSA-373080,6/92,0.0908736849686339,0.1904104255082078,0,0,2.006361455834811,4.811826210933032,RAMP2;CALCRL;GNG5;GNAS;GNG11;CD55,EC-PTC
Reactome_2022,Telomere Maintenance R-HSA-157579,6/92,0.0908736849686339,0.1904104255082078,0,0,2.006361455834811,4.811826210933032,POLR2F;POLR2H;POLR2J;POLR2K;NOP10;POLR2L,EC-PTC
Reactome_2022,Glucagon Signaling In Metabolic Regulation R-HSA-163359,3/32,0.0922619416090467,0.1925699827770221,0,0,2.9704433497536944,7.07893351886653,GNG5;GNAS;GNG11,EC-PTC
Reactome_2022,Signaling By NOTCH2 R-HSA-1980145,3/32,0.0922619416090467,0.1925699827770221,0,0,2.9704433497536944,7.07893351886653,UBB;RPS27A;UBA52,EC-PTC
Reactome_2022,Translocation Of SLC2A4 (GLUT4) To Plasma Membrane R-HSA-1445148,4/51,0.0927708638730298,0.1932576796736038,0,0,2.445127944953547,5.8135915972080525,YWHAQ;TBC1D4;RAB13;RNASE1,EC-PTC
Reactome_2022,Interferon Alpha/Beta Signaling R-HSA-909733,5/72,0.0958288061981118,0.1992425179061129,0,0,2.145021162842504,5.0304863598180125,BST2;IFI27;STAT1;ISG15;PSMB8,EC-PTC
Reactome_2022,Epigenetic Regulation Of Gene Expression R-HSA-212165,7/116,0.0978127155979438,0.2029016442414448,0,0,1.8473877932208975,4.294623685087255,CBX3;POLR2F;SAP18;POLR2H;POLR2K;GTF2H5;POLR2L,EC-PTC
Reactome_2022,Metabolism Of Non-Coding RNA R-HSA-194441,4/52,0.0979655106829631,0.2029016442414448,0,0,2.3940635866865376,5.561744387742933,SNRPD2;SNRPG;SNRPE;SNRPB,EC-PTC
Reactome_2022,Cooperation Of Prefoldin And TriC/CCT In Actin And Tubulin Folding R-HSA-389958,3/33,0.099065643850062,0.2032260922409844,0,0,2.871279761904762,6.638320077276237,TUBA1B;TUBB4B;PFDN5,EC-PTC
Reactome_2022,Diseases Of Carbohydrate Metabolism R-HSA-5663084,3/33,0.099065643850062,0.2032260922409844,0,0,2.871279761904762,6.638320077276237,UBB;RPS27A;UBA52,EC-PTC
Reactome_2022,Glucagon-type Ligand Receptors R-HSA-420092,3/33,0.099065643850062,0.2032260922409844,0,0,2.871279761904762,6.638320077276237,GNG5;GNAS;GNG11,EC-PTC
Reactome_2022,Negative Regulation Of FGFR1 Signaling R-HSA-5654726,3/33,0.099065643850062,0.2032260922409844,0,0,2.871279761904762,6.638320077276237,UBB;RPS27A;UBA52,EC-PTC
Reactome_2022,Signaling By High-Kinase Activity BRAF Mutants R-HSA-6802948,3/33,0.099065643850062,0.2032260922409844,0,0,2.871279761904762,6.638320077276237,FN1;PEBP1;TLN1,EC-PTC
Reactome_2022,Cell-extracellular Matrix Interactions R-HSA-446353,2/16,0.0999436034603104,0.2046373781877458,0,0,4.099129696455105,9.440907352736495,VASP;ACTN1,EC-PTC
Reactome_2022,Ion Transport By P-type ATPases R-HSA-936837,4/53,0.1032927647683484,0.2110262074345195,0,0,2.345083487940631,5.3237802673294965,FXYD2;ATP1B3;SRI;ATP1B1,EC-PTC
Reactome_2022,Signaling By Rho GTPases R-HSA-194315,28/644,0.1034557451489566,0.2110262074345195,0,0,1.3143880848672194,2.9818357155662225,VCP;BRK1;ARHGAP18;ARHGAP5;UACA;MYL12B;PPP1CB;TUBA1B;HINT2;YWHAQ;STOM;BUB3;NDUFA5;ACTN1;DYNLL1;RHOC;HSPE1;RNASE1;KTN1;MYL6;RPS27;ARPC2;ARPC3;CDC37;RHOJ;LAMTOR1;VIM;PFN1,EC-PTC
Reactome_2022,Positive Epigenetic Regulation Of rRNA Expression R-HSA-5250913,5/74,0.1046409387035831,0.212638284875017,0,0,2.082630326627731,4.700955701663273,CBX3;POLR2F;POLR2H;POLR2K;POLR2L,EC-PTC
Reactome_2022,RHOG GTPase Cycle R-HSA-9013408,5/74,0.1046409387035831,0.212638284875017,0,0,2.082630326627731,4.700955701663273,NDUFA5;LAMTOR1;ARHGAP5;HSPE1;KTN1,EC-PTC
Reactome_2022,ESR-mediated Signaling R-HSA-8939211,10/188,0.1050129872892356,0.2129924431459638,0,0,1.6175551237644674,3.6454374744903255,JUN;GTF2A2;GNG5;POLR2F;POLR2H;GNG11;CTSD;POLR2J;POLR2K;POLR2L,EC-PTC
Reactome_2022,MyD88 Cascade Initiated On Plasma Membrane R-HSA-975871,6/96,0.1059744502110409,0.2135168403724749,0,0,1.916791230692576,4.302347652952508,JUN;UBB;RPS27A;UBA52;DUSP6;SKP1,EC-PTC
Reactome_2022,EPHB-mediated Forward Signaling R-HSA-3928662,3/34,0.106064540017896,0.2135168403724749,0,0,2.7785138248847927,6.234172313476109,ARPC2;ARPC3;RNASE1,EC-PTC
Reactome_2022,Lysosome Vesicle Biogenesis R-HSA-432720,3/34,0.106064540017896,0.2135168403724749,0,0,2.7785138248847927,6.234172313476109,VAMP8;CHMP2A;CLTA,EC-PTC
Reactome_2022,Negative Regulation Of FGFR2 Signaling R-HSA-5654727,3/34,0.106064540017896,0.2135168403724749,0,0,2.7785138248847927,6.234172313476109,UBB;RPS27A;UBA52,EC-PTC
Reactome_2022,Pyruvate Metabolism And Citric Acid (TCA) Cycle R-HSA-71406,4/54,0.108749697987444,0.2181069361871083,0,0,2.2980625931445604,5.098726151168825,LDHB;LDHA;MPC2;BSG,EC-PTC
Reactome_2022,RHOJ GTPase Cycle R-HSA-9013409,4/54,0.108749697987444,0.2181069361871083,0,0,2.2980625931445604,5.098726151168825,RHOJ;STOM;LAMTOR1;ARHGAP5,EC-PTC
Reactome_2022,Nuclear Envelope (NE) Reassembly R-HSA-2995410,5/75,0.1091920169104618,0.2185869929601624,0,0,2.052771855010661,4.546165694577014,TUBA1B;SUMO1;CHMP2A;TUBB4B;RAN,EC-PTC
Reactome_2022,Trafficking Of GluR2-containing AMPA Receptors R-HSA-416993,2/17,0.1108318801032146,0.2214581351969612,0,0,3.82565626547796,8.415452248513343,AP2S1;AP2M1,EC-PTC
Reactome_2022,Metabolism Of Steroid Hormones R-HSA-196071,3/35,0.1132505817410441,0.2254544852774575,0,0,2.691545758928572,5.862596794891385,FDX1;AKR1B1;TSPO,EC-PTC
Reactome_2022,RHOBTB GTPase Cycle R-HSA-9706574,3/35,0.1132505817410441,0.2254544852774575,0,0,2.691545758928572,5.862596794891385,ACTN1;CDC37;VIM,EC-PTC
Reactome_2022,Intrinsic Pathway For Apoptosis R-HSA-109606,4/55,0.1143332533452637,0.2271898779572861,0,0,2.252885655007159,4.885693035783736,YWHAQ;CYCS;DYNLL1;UACA,EC-PTC
Reactome_2022,Regulation Of TP53 Degradation R-HSA-6804757,3/36,0.1206156083986156,0.2392320630668674,0,0,2.609848484848485,5.520212097539699,UBB;RPS27A;UBA52,EC-PTC
Reactome_2022,G Beta:Gamma Signaling Thru BTK R-HSA-8964315,2/18,0.122011054159679,0.241554973033041,0,0,3.586367013372957,7.544438124271796,GNG5;GNG11,EC-PTC
Reactome_2022,COPI-dependent Golgi-to-ER Retrograde Traffic R-HSA-6811434,5/78,0.1234074345356058,0.2434245549356181,0,0,1.9681046820691064,4.117794420763348,ARF4;KDELR1;SURF4;KDELR2;COPE,EC-PTC
Reactome_2022,Oncogenic MAPK Signaling R-HSA-6802957,5/78,0.1234074345356058,0.2434245549356181,0,0,1.9681046820691064,4.117794420763348,PPP1CB;FN1;PEBP1;TLN1;DUSP6,EC-PTC
Reactome_2022,TRAF6 Mediated Induction Of NFkB And MAP Kinases Upon TLR7/8 Or 9 Activation R-HSA-975138,6/101,0.1265483915299244,0.2491638348770175,0,0,1.8154354496105736,3.752741992713234,JUN;UBB;RPS27A;UBA52;DUSP6;SKP1,EC-PTC
Reactome_2022,"Signaling By Rho GTPases, Miro GTPases And RHOBTB3 R-HSA-9716542",28/660,0.1275805492132755,0.250034482744626,0,0,1.2800168254651458,2.6355640585706697,VCP;BRK1;ARHGAP18;ARHGAP5;UACA;MYL12B;PPP1CB;TUBA1B;HINT2;YWHAQ;STOM;BUB3;NDUFA5;ACTN1;DYNLL1;RHOC;HSPE1;RNASE1;KTN1;MYL6;RPS27;ARPC2;ARPC3;CDC37;RHOJ;LAMTOR1;VIM;PFN1,EC-PTC
Reactome_2022,Cooperation Of PDCL (PhLP1) And TRiC/CCT In G-protein Beta Folding R-HSA-6814122,3/37,0.1281513783426495,0.250034482744626,0,0,2.5329569327731094,5.204069114185696,GNG5;CSNK2B;GNG11,EC-PTC
Reactome_2022,FLT3 Signaling R-HSA-9607240,3/37,0.1281513783426495,0.250034482744626,0,0,2.5329569327731094,5.204069114185696,UBB;RPS27A;UBA52,EC-PTC
Reactome_2022,MAP2K And MAPK Activation R-HSA-5674135,3/37,0.1281513783426495,0.250034482744626,0,0,2.5329569327731094,5.204069114185696,FN1;PEBP1;TLN1,EC-PTC
Reactome_2022,Regulation Of TP53 Expression And Degradation R-HSA-6806003,3/37,0.1281513783426495,0.250034482744626,0,0,2.5329569327731094,5.204069114185696,UBB;RPS27A;UBA52,EC-PTC
Reactome_2022,MyD88 Dependent Cascade Initiated On Endosome R-HSA-975155,6/102,0.1308807574751204,0.2548979670898819,0,0,1.796431240657698,3.652986553332208,JUN;UBB;RPS27A;UBA52;DUSP6;SKP1,EC-PTC
Reactome_2022,SLC-mediated Transmembrane Transport R-HSA-425407,12/247,0.1326246774905496,0.2578281185150216,0,0,1.4702994127274478,2.970346090479215,SLC14A1;SLCO4A1;BSG;SLC12A1;SLC40A1;SLC3A2;SRI;SLC25A5;SLC5A3;SLC38A2;SLC25A4;SLC25A6,EC-PTC
Reactome_2022,Processing Of DNA Double-Strand Break Ends R-HSA-5693607,5/80,0.1333364566990512,0.258033657126892,0,0,1.9154228855721396,3.859346489034292,PPP4C;UBB;SUMO2;RPS27A;UBA52,EC-PTC
Reactome_2022,Aflatoxin Activation And Detoxification R-HSA-5423646,2/19,0.1334491615781605,0.258033657126892,0,0,3.37522943798619,6.797829160697517,MGST3;MGST2,EC-PTC
Reactome_2022,SUMOylation Of Transcription Factors R-HSA-3232118,2/19,0.1334491615781605,0.258033657126892,0,0,3.37522943798619,6.797829160697517,SUMO1;SUMO2,EC-PTC
Reactome_2022,Toll Like Receptor 7/8 (TLR7/8) Cascade R-HSA-168181,6/103,0.1352832726807141,0.2611112628622385,0,0,1.7778188710646756,3.5563211050908894,JUN;UBB;RPS27A;UBA52;DUSP6;SKP1,EC-PTC
Reactome_2022,Fanconi Anemia Pathway R-HSA-6783310,3/38,0.1358495975655344,0.2612678867465725,0,0,2.460459183673469,4.911585613047548,UBB;RPS27A;UBA52,EC-PTC
Reactome_2022,Interactions Of Vpr With Host Cellular Proteins R-HSA-176033,3/38,0.1358495975655344,0.2612678867465725,0,0,2.460459183673469,4.911585613047548,SLC25A5;SLC25A4;SLC25A6,EC-PTC
Reactome_2022,B-WICH Complex Positively Regulates rRNA Expression R-HSA-5250924,4/59,0.1378686135841537,0.2646782474690438,0,0,2.088605879962065,4.138476731784,POLR2F;POLR2H;POLR2K;POLR2L,EC-PTC
Reactome_2022,DDX58/IFIH1-mediated Induction Of Interferon-Alpha/Beta R-HSA-168928,5/81,0.1384313043796891,0.2652856135532476,0,0,1.890121759622938,3.737490994392535,UBB;UBE2D2;ISG15;RPS27A;UBA52,EC-PTC
Reactome_2022,Signaling By FGFR3 R-HSA-5654741,3/39,0.1437019462239217,0.273234257562264,0,0,2.3919890873015874,4.640492179263931,UBB;RPS27A;UBA52,EC-PTC
Reactome_2022,FCGR3A-mediated Phagocytosis R-HSA-9664422,4/60,0.1440356190470985,0.273234257562264,0,0,2.0512028954651904,3.974604887887949,ARPC2;ARPC3;BRK1;RNASE1,EC-PTC
Reactome_2022,Recruitment And ATM-mediated Phosphorylation Of Repair And Signal Proteins At DNA Double Strand Breaks R-HSA-5693565,4/60,0.1440356190470985,0.273234257562264,0,0,2.0512028954651904,3.974604887887949,SUMO1;UBB;RPS27A;UBA52,EC-PTC
Reactome_2022,Aberrant Regulation Of Mitotic Exit In Cancer Due To RB1 Defects R-HSA-9687136,2/20,0.1451160587981569,0.273234257562264,0,0,3.187551593197953,6.152680462031513,ANAPC16;ANAPC11,EC-PTC
Reactome_2022,Apoptotic Factor-Mediated Response R-HSA-111471,2/20,0.1451160587981569,0.273234257562264,0,0,3.187551593197953,6.152680462031513,CYCS;UACA,EC-PTC
Reactome_2022,Conversion From APC/C:Cdc20 To APC/C:Cdh1 In Late Anaphase R-HSA-176407,2/20,0.1451160587981569,0.273234257562264,0,0,3.187551593197953,6.152680462031513,ANAPC16;ANAPC11,EC-PTC
Reactome_2022,G Beta:Gamma Signaling Thru CDC42 R-HSA-8964616,2/20,0.1451160587981569,0.273234257562264,0,0,3.187551593197953,6.152680462031513,GNG5;GNG11,EC-PTC
Reactome_2022,G Beta:Gamma Signaling Thru PLC Beta R-HSA-418217,2/20,0.1451160587981569,0.273234257562264,0,0,3.187551593197953,6.152680462031513,GNG5;GNG11,EC-PTC
Reactome_2022,Nef-mediated Downmodulation Of Cell Surface Receptors By Recruitment To Clathrin Adapters R-HSA-164938,2/20,0.1451160587981569,0.273234257562264,0,0,3.187551593197953,6.152680462031513,AP2S1;AP2M1,EC-PTC
Reactome_2022,Phosphorylation Of APC/C R-HSA-176412,2/20,0.1451160587981569,0.273234257562264,0,0,3.187551593197953,6.152680462031513,ANAPC16;ANAPC11,EC-PTC
Reactome_2022,Toll Like Receptor 9 (TLR9) Cascade R-HSA-168138,6/106,0.1489004055203086,0.2798703957161821,0,0,1.7242152466367713,3.283729342136088,JUN;UBB;RPS27A;UBA52;DUSP6;SKP1,EC-PTC
Reactome_2022,DNA Double Strand Break Response R-HSA-5693606,4/61,0.1503087560299681,0.2820253140144175,0,0,2.015112296389259,3.818766218519462,SUMO1;UBB;RPS27A;UBA52,EC-PTC
Reactome_2022,Collagen Degradation R-HSA-1442490,3/40,0.1517001027687902,0.2836475879895608,0,0,2.327220077220077,4.388787319787476,CTSL;FURIN;CTSD,EC-PTC
Reactome_2022,Signaling By FGFR4 R-HSA-5654743,3/40,0.1517001027687902,0.2836475879895608,0,0,2.327220077220077,4.388787319787476,UBB;RPS27A;UBA52,EC-PTC
Reactome_2022,Regulation Of Actin Dynamics For Phagocytic Cup Formation R-HSA-2029482,4/62,0.1566843389605453,0.2899293287614222,0,0,1.9802662007297396,3.67046712224491,ARPC2;ARPC3;BRK1;RNASE1,EC-PTC
Reactome_2022,Azathioprine ADME R-HSA-9748787,2/21,0.1569833366224806,0.2899293287614222,0,0,3.019629311019004,5.591192785090545,NME2;RNASE1,EC-PTC
Reactome_2022,Presynaptic Function Of Kainate Receptors R-HSA-500657,2/21,0.1569833366224806,0.2899293287614222,0,0,3.019629311019004,5.591192785090545,GNG5;GNG11,EC-PTC
Reactome_2022,TP53 Regulates Transcription Of Additional Cell Cycle Genes With Uncertain Roles In P53 Pathway R-HSA-6804115,2/21,0.1569833366224806,0.2899293287614222,0,0,3.019629311019004,5.591192785090545,NPM1;RGCC,EC-PTC
Reactome_2022,Activated NTRK2 Signals Thru CDK5 R-HSA-9032845,1/5,0.1577517053427979,0.2899293287614222,0,0,7.166543026706232,13.234691268313748,RNASE1,EC-PTC
Reactome_2022,Biosynthesis Of E-series 18(S)-resolvins R-HSA-9018896,1/5,0.1577517053427979,0.2899293287614222,0,0,7.166543026706232,13.234691268313748,GPX4,EC-PTC
Reactome_2022,Extrinsic Pathway Of Fibrin Clot Formation R-HSA-140834,1/5,0.1577517053427979,0.2899293287614222,0,0,7.166543026706232,13.234691268313748,TFPI,EC-PTC
Reactome_2022,PTK6 Expression R-HSA-8849473,1/5,0.1577517053427979,0.2899293287614222,0,0,7.166543026706232,13.234691268313748,HIF1A,EC-PTC
Reactome_2022,Reelin Signaling Pathway R-HSA-8866376,1/5,0.1577517053427979,0.2899293287614222,0,0,7.166543026706232,13.234691268313748,RELN,EC-PTC
Reactome_2022,TFAP2A Acts As A Transcriptional Repressor During Retinoic Acid Induced Cell Differentiation R-HSA-8869496,1/5,0.1577517053427979,0.2899293287614222,0,0,7.166543026706232,13.234691268313748,NPM1,EC-PTC
Reactome_2022,Gene Silencing By RNA R-HSA-211000,6/108,0.1583077961101813,0.290455700869958,0,0,1.6902312494504528,3.115458010989325,POLR2F;POLR2H;POLR2J;POLR2K;RAN;POLR2L,EC-PTC
Reactome_2022,Binding And Uptake Of Ligands By Scavenger Receptors R-HSA-2173782,3/41,0.1598357663077652,0.2917680005312935,0,0,2.265859962406015,4.154699976974561,COL3A1;FTH1;FTL,EC-PTC
Reactome_2022,Non-integrin membrane-ECM Interactions R-HSA-3000171,3/41,0.1598357663077652,0.2917680005312935,0,0,2.265859962406015,4.154699976974561,ACTN1;TRAPPC4;ITGAV,EC-PTC
Reactome_2022,Paradoxical Activation Of RAF Signaling By Kinase Inactive BRAF R-HSA-6802955,3/41,0.1598357663077652,0.2917680005312935,0,0,2.265859962406015,4.154699976974561,FN1;PEBP1;TLN1,EC-PTC
Reactome_2022,Peroxisomal Protein Import R-HSA-9033241,4/63,0.1631586282625257,0.2968274368897639,0,0,1.9466013286518984,3.529251223996095,UBB;UBE2D2;RPS27A;UBA52,EC-PTC
Reactome_2022,Signaling By MET R-HSA-6806834,4/63,0.1631586282625257,0.2968274368897639,0,0,1.9466013286518984,3.529251223996095,UBB;RPS27A;RNASE1;UBA52,EC-PTC
Reactome_2022,Glucagon-like Peptide-1 (GLP1) Regulates Insulin Secretion R-HSA-381676,3/42,0.1681006767816708,0.3047886008314133,0,0,2.20764652014652,3.936658082699663,GNG5;GNAS;GNG11,EC-PTC
Reactome_2022,Vasopressin Regulates Renal Water Homeostasis Via Aquaporins R-HSA-432040,3/42,0.1681006767816708,0.3047886008314133,0,0,2.20764652014652,3.936658082699663,GNG5;GNAS;GNG11,EC-PTC
Reactome_2022,ADP Signaling Thru P2Y Purinoceptor 12 R-HSA-392170,2/22,0.1690242377855068,0.3049231224371705,0,0,2.868499257057949,5.099368865794991,GNG5;GNG11,EC-PTC
Reactome_2022,Mitochondrial Calcium Ion Transport R-HSA-8949215,2/22,0.1690242377855068,0.3049231224371705,0,0,2.868499257057949,5.099368865794991,SMDT1;VDAC2,EC-PTC
Reactome_2022,Signaling By NODAL R-HSA-1181150,2/22,0.1690242377855068,0.3049231224371705,0,0,2.868499257057949,5.099368865794991,DRAP1;FURIN,EC-PTC
Reactome_2022,GPER1 Signaling R-HSA-9634597,3/43,0.1764866334894725,0.3178530171708393,0,0,2.15234375,3.7332620514230745,GNG5;GNAS;GNG11,EC-PTC
Reactome_2022,MyD88:MAL(TIRAP) Cascade Initiated On Plasma Membrane R-HSA-166058,6/112,0.1778663182183864,0.3198030462791354,0,0,1.6261105000423048,2.807842453151,JUN;UBB;RPS27A;UBA52;DUSP6;SKP1,EC-PTC
Reactome_2022,Post-chaperonin Tubulin Folding Pathway R-HSA-389977,2/23,0.1812135779796473,0.3239432508872332,0,0,2.7317625415693767,4.666066105995615,TUBA1B;TUBB4B,EC-PTC
Reactome_2022,RHOBTB2 GTPase Cycle R-HSA-9013418,2/23,0.1812135779796473,0.3239432508872332,0,0,2.7317625415693767,4.666066105995615,ACTN1;CDC37,EC-PTC
Reactome_2022,RAB GEFs Exchange GTP For GDP On RABs R-HSA-8876198,5/89,0.1820587081320141,0.3239432508872332,0,0,1.7093994314143568,2.911835558534268,RAB5C;TRAPPC1;TRAPPC4;TRAPPC5;RAB13,EC-PTC
Reactome_2022,Toll-like Receptor Cascades R-HSA-168898,8/162,0.1824826848930558,0.3239432508872332,0,0,1.4930976070406354,2.5399083210598925,JUN;UBB;CTSL;UBE2D2;RPS27A;UBA52;DUSP6;SKP1,EC-PTC
Reactome_2022,APOBEC3G Mediated Resistance To HIV-1 R-HSA-180689,1/6,0.1861846539454014,0.3239432508872332,0,0,5.732937685459941,9.637161894416334,PPIA,EC-PTC
Reactome_2022,Acrosome Reaction And Sperm:Oocyte Membrane Binding R-HSA-1300645,1/6,0.1861846539454014,0.3239432508872332,0,0,5.732937685459941,9.637161894416334,CD9,EC-PTC
Reactome_2022,Activated NTRK2 Signals Thru FYN R-HSA-9032500,1/6,0.1861846539454014,0.3239432508872332,0,0,5.732937685459941,9.637161894416334,RNASE1,EC-PTC
Reactome_2022,Activation Of Caspases Thru Apoptosome-Mediated Cleavage R-HSA-111459,1/6,0.1861846539454014,0.3239432508872332,0,0,5.732937685459941,9.637161894416334,CYCS,EC-PTC
Reactome_2022,Binding And Entry Of HIV Virion R-HSA-173107,1/6,0.1861846539454014,0.3239432508872332,0,0,5.732937685459941,9.637161894416334,PPIA,EC-PTC
Reactome_2022,Biosynthesis Of EPA-derived SPMs R-HSA-9018679,1/6,0.1861846539454014,0.3239432508872332,0,0,5.732937685459941,9.637161894416334,GPX4,EC-PTC
Reactome_2022,Entry Of Influenza Virion Into Host Cell Via Endocytosis R-HSA-168275,1/6,0.1861846539454014,0.3239432508872332,0,0,5.732937685459941,9.637161894416334,CLTA,EC-PTC
Reactome_2022,Fibronectin Matrix Formation R-HSA-1566977,1/6,0.1861846539454014,0.3239432508872332,0,0,5.732937685459941,9.637161894416334,FN1,EC-PTC
Reactome_2022,NADE Modulates Death Signaling R-HSA-205025,1/6,0.1861846539454014,0.3239432508872332,0,0,5.732937685459941,9.637161894416334,BEX3,EC-PTC
Reactome_2022,PTK6 Promotes HIF1A Stabilization R-HSA-8857538,1/6,0.1861846539454014,0.3239432508872332,0,0,5.732937685459941,9.637161894416334,HIF1A,EC-PTC
Reactome_2022,Phenylalanine Metabolism R-HSA-8964208,1/6,0.1861846539454014,0.3239432508872332,0,0,5.732937685459941,9.637161894416334,ASRGL1,EC-PTC
Reactome_2022,Proton-coupled Monocarboxylate Transport R-HSA-433692,1/6,0.1861846539454014,0.3239432508872332,0,0,5.732937685459941,9.637161894416334,BSG,EC-PTC
Reactome_2022,Synthesis Of 15-Eicosatetraenoic Acid Derivatives R-HSA-2142770,1/6,0.1861846539454014,0.3239432508872332,0,0,5.732937685459941,9.637161894416334,GPX4,EC-PTC
Reactome_2022,TNFR1-mediated Ceramide Production R-HSA-5626978,1/6,0.1861846539454014,0.3239432508872332,0,0,5.732937685459941,9.637161894416334,RACK1,EC-PTC
Reactome_2022,Uptake And Function Of Diphtheria Toxin R-HSA-5336415,1/6,0.1861846539454014,0.3239432508872332,0,0,5.732937685459941,9.637161894416334,CD9,EC-PTC
Reactome_2022,WNT Mediated Activation Of DVL R-HSA-201688,1/6,0.1861846539454014,0.3239432508872332,0,0,5.732937685459941,9.637161894416334,CSNK2B,EC-PTC
Reactome_2022,HDR Thru Homologous Recombination (HRR) Or Single Strand Annealing (SSA) R-HSA-5693567,6/114,0.1879953170826918,0.3260401875975186,0,0,1.5958312572662348,2.667173781871648,POLE4;PPP4C;UBB;SUMO2;RPS27A;UBA52,EC-PTC
Reactome_2022,Signaling By NTRK1 (TRKA) R-HSA-187037,6/114,0.1879953170826918,0.3260401875975186,0,0,1.5958312572662348,2.667173781871648,ID1;AP2S1;ID3;CLTA;AP2M1;DUSP6,EC-PTC
Reactome_2022,HDR Thru Homologous Recombination (HRR) R-HSA-5685942,4/67,0.1899666166822438,0.3289293346732742,0,0,1.822629101317626,3.027217294137309,POLE4;UBB;RPS27A;UBA52,EC-PTC
Reactome_2022,G-protein Activation R-HSA-202040,2/24,0.1935276705401878,0.3335930458486759,0,0,2.607456436579765,4.282316384077157,GNG5;GNG11,EC-PTC
Reactome_2022,Thromboxane Signaling Thru TP Receptor R-HSA-428930,2/24,0.1935276705401878,0.3335930458486759,0,0,2.607456436579765,4.282316384077157,GNG5;GNG11,EC-PTC
Reactome_2022,TAK1-dependent IKK And NF-kappa-B Activation R-HSA-445989,3/45,0.1935892791600951,0.3335930458486759,0,0,2.0496386054421767,3.3655403720995065,UBB;RPS27A;UBA52,EC-PTC
Reactome_2022,Toll Like Receptor 4 (TLR4) Cascade R-HSA-166016,7/140,0.1951371711503771,0.3352726364841805,0,0,1.5121336274818784,2.4709057735165434,JUN;UBB;UBE2D2;RPS27A;UBA52;DUSP6;SKP1,EC-PTC
Reactome_2022,Cellular Senescence R-HSA-2559583,8/165,0.1951865766718488,0.3352726364841805,0,0,1.464337894746894,2.3924343363735514,JUN;ANAPC16;UBB;ID1;IGFBP7;RPS27A;UBA52;ANAPC11,EC-PTC
Reactome_2022,ADP Signaling Thru P2Y Purinoceptor 1 R-HSA-418592,2/25,0.2059442541605312,0.3515086556749478,0,0,2.493959558110989,3.940829591426498,GNG5;GNG11,EC-PTC
Reactome_2022,Deadenylation Of mRNA R-HSA-429947,2/25,0.2059442541605312,0.3515086556749478,0,0,2.493959558110989,3.940829591426498,EIF4A1;PAIP1,EC-PTC
Reactome_2022,G Beta:Gamma Signaling Thru PI3Kgamma R-HSA-392451,2/25,0.2059442541605312,0.3515086556749478,0,0,2.493959558110989,3.940829591426498,GNG5;GNG11,EC-PTC
Reactome_2022,Gap Junction Trafficking R-HSA-190828,2/25,0.2059442541605312,0.3515086556749478,0,0,2.493959558110989,3.940829591426498,CLTA;AP2M1,EC-PTC
Reactome_2022,G Alpha (Z) Signaling Events R-HSA-418597,3/47,0.2110798857039527,0.3571831181821749,0,0,1.956270292207792,3.04301484948898,GNG5;GNAS;GNG11,EC-PTC
Reactome_2022,Activation Of RAC1 Downstream Of NMDARs R-HSA-9619229,1/7,0.2136591261849342,0.3571831181821749,0,0,4.777200791295747,7.373004638342818,RNASE1,EC-PTC
Reactome_2022,Cation-coupled Chloride Cotransporters R-HSA-426117,1/7,0.2136591261849342,0.3571831181821749,0,0,4.777200791295747,7.373004638342818,SLC12A1,EC-PTC
Reactome_2022,Fructose Metabolism R-HSA-5652084,1/7,0.2136591261849342,0.3571831181821749,0,0,4.777200791295747,7.373004638342818,AKR1B1,EC-PTC
Reactome_2022,Inactivation Of CDC42 And RAC1 R-HSA-428543,1/7,0.2136591261849342,0.3571831181821749,0,0,4.777200791295747,7.373004638342818,RNASE1,EC-PTC
Reactome_2022,Loss Of Function Of TGFBR1 In Cancer R-HSA-3656534,1/7,0.2136591261849342,0.3571831181821749,0,0,4.777200791295747,7.373004638342818,FKBP1A,EC-PTC
Reactome_2022,Neurofascin Interactions R-HSA-447043,1/7,0.2136591261849342,0.3571831181821749,0,0,4.777200791295747,7.373004638342818,SDCBP,EC-PTC
Reactome_2022,RUNX1 Regulates Transcription Of Genes Involved In Differentiation Of Myeloid Cells R-HSA-8939246,1/7,0.2136591261849342,0.3571831181821749,0,0,4.777200791295747,7.373004638342818,LGALS3,EC-PTC
Reactome_2022,Release Of Apoptotic Factors From Mitochondria R-HSA-111457,1/7,0.2136591261849342,0.3571831181821749,0,0,4.777200791295747,7.373004638342818,CYCS,EC-PTC
Reactome_2022,SMAC (DIABLO) Binds To IAPs R-HSA-111463,1/7,0.2136591261849342,0.3571831181821749,0,0,4.777200791295747,7.373004638342818,CYCS,EC-PTC
Reactome_2022,Signaling By MAPK Mutants R-HSA-9652817,1/7,0.2136591261849342,0.3571831181821749,0,0,4.777200791295747,7.373004638342818,DUSP6,EC-PTC
Reactome_2022,Synthesis Of 12-Eicosatetraenoic Acid Derivatives R-HSA-2142712,1/7,0.2136591261849342,0.3571831181821749,0,0,4.777200791295747,7.373004638342818,GPX4,EC-PTC
Reactome_2022,Vitamin C (Ascorbate) Metabolism R-HSA-196836,1/7,0.2136591261849342,0.3571831181821749,0,0,4.777200791295747,7.373004638342818,CYB5A,EC-PTC
Reactome_2022,Homology Directed Repair R-HSA-5693538,6/119,0.2142435416394475,0.3571831181821749,0,0,1.5248224135878408,2.3492052485863177,POLE4;PPP4C;UBB;SUMO2;RPS27A;UBA52,EC-PTC
Reactome_2022,RHO GTPases Activate Formins R-HSA-5663220,6/119,0.2142435416394475,0.3571831181821749,0,0,1.5248224135878408,2.3492052485863177,RPS27;BUB3;PFN1;DYNLL1;RHOC;RNASE1,EC-PTC
Reactome_2022,Leishmania Infection R-HSA-9658195,11/247,0.214599584341117,0.3572237284936367,0,0,1.339972176842965,2.062192237501261,JUN;RAMP2;CALCRL;ARPC2;GNG5;ARPC3;GNAS;BRK1;FURIN;RNASE1;GNG11,EC-PTC
Reactome_2022,Diseases Of Programmed Cell Death R-HSA-9645723,4/71,0.2180459768436884,0.3619422934059221,0,0,1.713459527993416,2.6096833954775347,PRDX2;JUN;PRDX1;CAPN2,EC-PTC
Reactome_2022,Formation Of Tubulin Folding Intermediates By CCT/TriC R-HSA-389960,2/26,0.2184424240611415,0.3619422934059221,0,0,2.3899207528479445,3.635625849653272,TUBA1B;TUBB4B,EC-PTC
Reactome_2022,Pyroptosis R-HSA-5620971,2/26,0.2184424240611415,0.3619422934059221,0,0,2.3899207528479445,3.635625849653272,CHMP2A;CYCS,EC-PTC
Reactome_2022,Signaling By EGFR R-HSA-177929,3/49,0.2288965059310425,0.3781005166989767,0,0,1.8710209627329195,2.758792936879145,UBB;RPS27A;UBA52,EC-PTC
Reactome_2022,Signaling By FGFR1 R-HSA-5654736,3/49,0.2288965059310425,0.3781005166989767,0,0,1.8710209627329195,2.758792936879145,UBB;RPS27A;UBA52,EC-PTC
Reactome_2022,Endogenous Sterols R-HSA-211976,2/27,0.2310025658788997,0.3792526881883766,0,0,2.2942050520059434,3.3617593692539147,FDX1;AHR,EC-PTC
Reactome_2022,Gap Junction Trafficking And Regulation R-HSA-157858,2/27,0.2310025658788997,0.3792526881883766,0,0,2.2942050520059434,3.3617593692539147,CLTA;AP2M1,EC-PTC
Reactome_2022,Integrin Signaling R-HSA-354192,2/27,0.2310025658788997,0.3792526881883766,0,0,2.2942050520059434,3.3617593692539147,FN1;TLN1,EC-PTC
Reactome_2022,Postmitotic Nuclear Pore Complex (NPC) Reformation R-HSA-9615933,2/27,0.2310025658788997,0.3792526881883766,0,0,2.2942050520059434,3.3617593692539147,SUMO1;RAN,EC-PTC
Reactome_2022,RHOC GTPase Cycle R-HSA-9013106,4/73,0.2324844494077786,0.3811046453762215,0,0,1.66362124451932,2.4271101704557165,ARHGAP18;STOM;ARHGAP5;RHOC,EC-PTC
Reactome_2022,RHO GTPase Cycle R-HSA-9012999,18/441,0.2362794236947251,0.3821319854313247,0,0,1.2242624437319862,1.766292613079459,VCP;NDUFA5;ACTN1;BRK1;ARHGAP18;ARHGAP5;RHOC;HSPE1;RNASE1;UACA;KTN1;TUBA1B;HINT2;CDC37;RHOJ;STOM;LAMTOR1;VIM,EC-PTC
Reactome_2022,Aquaporin-mediated Transport R-HSA-445717,3/50,0.2379083083646479,0.3821319854313247,0,0,1.831117021276596,2.6292458847524265,GNG5;GNAS;GNG11,EC-PTC
Reactome_2022,DNA Double-Strand Break Repair R-HSA-5693532,7/149,0.2389838574409169,0.3821319854313247,0,0,1.4156300075904529,2.0262751362648315,POLE4;PPP4C;UBB;SUMO1;SUMO2;RPS27A;UBA52,EC-PTC
Reactome_2022,Axonal Growth Inhibition (RHOA Activation) R-HSA-193634,1/8,0.2402073854568308,0.3821319854313247,0,0,4.094531581178465,5.839836406362212,RTN4,EC-PTC
Reactome_2022,Cross-presentation Of Particulate Exogenous Antigens (Phagosomes) R-HSA-1236973,1/8,0.2402073854568308,0.3821319854313247,0,0,4.094531581178465,5.839836406362212,ITGAV,EC-PTC
Reactome_2022,DNA Replication Initiation R-HSA-68952,1/8,0.2402073854568308,0.3821319854313247,0,0,4.094531581178465,5.839836406362212,POLE4,EC-PTC
Reactome_2022,"Defective CHST14 Causes EDS, Musculocontractural Type R-HSA-3595174",1/8,0.2402073854568308,0.3821319854313247,0,0,4.094531581178465,5.839836406362212,VCAN,EC-PTC
Reactome_2022,Defective CHST3 Causes SEDCJD R-HSA-3595172,1/8,0.2402073854568308,0.3821319854313247,0,0,4.094531581178465,5.839836406362212,VCAN,EC-PTC
Reactome_2022,Defective CHSY1 Causes TPBS R-HSA-3595177,1/8,0.2402073854568308,0.3821319854313247,0,0,4.094531581178465,5.839836406362212,VCAN,EC-PTC
Reactome_2022,Formyl Peptide Receptors Bind Formyl Peptides And Many Other Ligands R-HSA-444473,1/8,0.2402073854568308,0.3821319854313247,0,0,4.094531581178465,5.839836406362212,HEBP1,EC-PTC
Reactome_2022,Gain-of-function MRAS Complexes Activate RAF Signaling R-HSA-9726842,1/8,0.2402073854568308,0.3821319854313247,0,0,4.094531581178465,5.839836406362212,PPP1CB,EC-PTC
Reactome_2022,Nef And Signal Transduction R-HSA-164944,1/8,0.2402073854568308,0.3821319854313247,0,0,4.094531581178465,5.839836406362212,RNASE1,EC-PTC
Reactome_2022,Noncanonical Activation Of NOTCH3 R-HSA-9017802,1/8,0.2402073854568308,0.3821319854313247,0,0,4.094531581178465,5.839836406362212,YBX1,EC-PTC
Reactome_2022,RUNX1 Regulates Transcription Of Genes Involved In Differentiation Of Keratinocytes R-HSA-8939242,1/8,0.2402073854568308,0.3821319854313247,0,0,4.094531581178465,5.839836406362212,CTSL,EC-PTC
Reactome_2022,Recycling Of eIF2:GDP R-HSA-72731,1/8,0.2402073854568308,0.3821319854313247,0,0,4.094531581178465,5.839836406362212,EIF2S2,EC-PTC
Reactome_2022,Regulation Of Cytoskeletal Remodeling And Cell Spreading By IPP Complex Components R-HSA-446388,1/8,0.2402073854568308,0.3821319854313247,0,0,4.094531581178465,5.839836406362212,ACTN1,EC-PTC
Reactome_2022,"SMAC, XIAP-regulated Apoptotic Response R-HSA-111469",1/8,0.2402073854568308,0.3821319854313247,0,0,4.094531581178465,5.839836406362212,CYCS,EC-PTC
Reactome_2022,Sema4D Mediated Inhibition Of Cell Attachment And Migration R-HSA-416550,1/8,0.2402073854568308,0.3821319854313247,0,0,4.094531581178465,5.839836406362212,RNASE1,EC-PTC
Reactome_2022,Signaling By TGF-beta Receptor Complex In Cancer R-HSA-3304351,1/8,0.2402073854568308,0.3821319854313247,0,0,4.094531581178465,5.839836406362212,FKBP1A,EC-PTC
Reactome_2022,TRAIL Signaling R-HSA-75158,1/8,0.2402073854568308,0.3821319854313247,0,0,4.094531581178465,5.839836406362212,TNFSF10,EC-PTC
Reactome_2022,"Adrenaline,noradrenaline Inhibits Insulin Secretion R-HSA-400042",2/28,0.2436062925740419,0.3858293780915341,0,0,2.205852097382558,3.115108549281879,GNG5;GNG11,EC-PTC
Reactome_2022,Interconversion Of Nucleotide Di- And Triphosphates R-HSA-499943,2/28,0.2436062925740419,0.3858293780915341,0,0,2.205852097382558,3.115108549281879,NME2;CMPK1,EC-PTC
Reactome_2022,Prefoldin Mediated Transfer Of Substrate To CCT/TriC R-HSA-389957,2/28,0.2436062925740419,0.3858293780915341,0,0,2.205852097382558,3.115108549281879,TUBB4B;PFDN5,EC-PTC
Reactome_2022,Stimuli-sensing Channels R-HSA-2672351,5/100,0.2488499076031883,0.3935555807468925,0,0,1.5106048703849175,2.101108388360397,UBB;STOM;SRI;RPS27A;UBA52,EC-PTC
Reactome_2022,RHOD GTPase Cycle R-HSA-9013405,3/52,0.2561026987919634,0.4011142236239148,0,0,1.756195335276968,2.392248450295934,HINT2;ACTN1;ARHGAP5,EC-PTC
Reactome_2022,Activation Of G Protein Gated Potassium Channels R-HSA-1296041,2/29,0.2562363842648592,0.4011142236239148,0,0,2.1240438060646083,2.8922146234567387,GNG5;GNG11,EC-PTC
Reactome_2022,Activation Of Kainate Receptors Upon Glutamate Binding R-HSA-451326,2/29,0.2562363842648592,0.4011142236239148,0,0,2.1240438060646083,2.8922146234567387,GNG5;GNG11,EC-PTC
Reactome_2022,Energy Dependent Regulation Of mTOR By LKB1-AMPK R-HSA-380972,2/29,0.2562363842648592,0.4011142236239148,0,0,2.1240438060646083,2.8922146234567387,RRAGA;LAMTOR1,EC-PTC
Reactome_2022,FCERI Mediated MAPK Activation R-HSA-2871796,2/29,0.2562363842648592,0.4011142236239148,0,0,2.1240438060646083,2.8922146234567387,JUN;RNASE1,EC-PTC
Reactome_2022,SUMOylation Of Intracellular Receptors R-HSA-4090294,2/29,0.2562363842648592,0.4011142236239148,0,0,2.1240438060646083,2.8922146234567387,SUMO1;SUMO2,EC-PTC
Reactome_2022,Uptake And Actions Of Bacterial Toxins R-HSA-5339562,2/29,0.2562363842648592,0.4011142236239148,0,0,2.1240438060646083,2.8922146234567387,CD9;FURIN,EC-PTC
Reactome_2022,Regulation Of Insulin Secretion R-HSA-422356,4/77,0.2620042777687063,0.4089545031259372,0,0,1.5721372721148152,2.1057119337532173,MARCKS;GNG5;GNAS;GNG11,EC-PTC
Reactome_2022,Signaling By Insulin Receptor R-HSA-74752,4/77,0.2620042777687063,0.4089545031259372,0,0,1.5721372721148152,2.1057119337532173,ATP6V0B;ATP6V1G1;ATP6V0E1;ATP6V0C,EC-PTC
Reactome_2022,ATF6 (ATF6-alpha) Activates Chaperone Genes R-HSA-381183,1/9,0.2658606108749905,0.4113963763108689,0,0,3.5825296735905043,4.74607486288127,ATF4,EC-PTC
Reactome_2022,CD163 Mediating An Anti-Inflammatory Response R-HSA-9662834,1/9,0.2658606108749905,0.4113963763108689,0,0,3.5825296735905043,4.74607486288127,FURIN,EC-PTC
Reactome_2022,Interleukin-9 Signaling R-HSA-8985947,1/9,0.2658606108749905,0.4113963763108689,0,0,3.5825296735905043,4.74607486288127,STAT1,EC-PTC
Reactome_2022,RHO GTPases Activate Rhotekin And Rhophilins R-HSA-5666185,1/9,0.2658606108749905,0.4113963763108689,0,0,3.5825296735905043,4.74607486288127,RHOC,EC-PTC
Reactome_2022,Synthesis Of 5-Eicosatetraenoic Acids R-HSA-2142688,1/9,0.2658606108749905,0.4113963763108689,0,0,3.5825296735905043,4.74607486288127,GPX4,EC-PTC
Reactome_2022,p75NTR Regulates Axonogenesis R-HSA-193697,1/9,0.2658606108749905,0.4113963763108689,0,0,3.5825296735905043,4.74607486288127,RTN4,EC-PTC
Reactome_2022,Intra-Golgi And Retrograde Golgi-to-ER Traffic R-HSA-6811442,8/181,0.2683486696256262,0.4142778808561492,0,0,1.327798528481424,1.746676657874817,ARF4;KDELR1;SURF4;CAPZA2;KDELR2;NAA38;DYNLL1;COPE,EC-PTC
Reactome_2022,Activation Of BH3-only Proteins R-HSA-114452,2/30,0.2688767304720968,0.4142778808561492,0,0,2.048078964126512,2.690156338704488,YWHAQ;DYNLL1,EC-PTC
Reactome_2022,MAPK Targets/ Nuclear Events Mediated By MAP Kinases R-HSA-450282,2/30,0.2688767304720968,0.4142778808561492,0,0,2.048078964126512,2.690156338704488,JUN;DUSP6,EC-PTC
Reactome_2022,"Glutamate Binding, Activation Of AMPA Receptors And Synaptic Plasticity R-HSA-399721",2/31,0.281512275101675,0.433126743263577,0,0,1.9773530768048369,2.506451683234179,AP2S1;AP2M1,EC-PTC
Reactome_2022,Acetylcholine Regulates Insulin Secretion R-HSA-399997,1/10,0.29064893364053,0.4390307174345735,0,0,3.184305967688757,3.9346531310997817,MARCKS,EC-PTC
Reactome_2022,Activation Of AP-1 Family Of Transcription Factors R-HSA-450341,1/10,0.29064893364053,0.4390307174345735,0,0,3.184305967688757,3.9346531310997817,JUN,EC-PTC
Reactome_2022,Condensation Of Prometaphase Chromosomes R-HSA-2514853,1/10,0.29064893364053,0.4390307174345735,0,0,3.184305967688757,3.9346531310997817,CSNK2B,EC-PTC
Reactome_2022,Constitutive Signaling By Overexpressed ERBB2 R-HSA-9634285,1/10,0.29064893364053,0.4390307174345735,0,0,3.184305967688757,3.9346531310997817,CDC37,EC-PTC
Reactome_2022,HuR (ELAVL1) Binds And Stabilizes mRNA R-HSA-450520,1/10,0.29064893364053,0.4390307174345735,0,0,3.184305967688757,3.9346531310997817,SET,EC-PTC
Reactome_2022,Integration Of Provirus R-HSA-162592,1/10,0.29064893364053,0.4390307174345735,0,0,3.184305967688757,3.9346531310997817,PPIA,EC-PTC
Reactome_2022,Interleukin-21 Signaling R-HSA-9020958,1/10,0.29064893364053,0.4390307174345735,0,0,3.184305967688757,3.9346531310997817,STAT1,EC-PTC
Reactome_2022,Negative Regulation Of Activity Of TFAP2 (AP-2) Family Transcription Factors R-HSA-8866904,1/10,0.29064893364053,0.4390307174345735,0,0,3.184305967688757,3.9346531310997817,SUMO1,EC-PTC
Reactome_2022,RUNX3 Regulates p14-ARF R-HSA-8951936,1/10,0.29064893364053,0.4390307174345735,0,0,3.184305967688757,3.9346531310997817,BRD2,EC-PTC
Reactome_2022,Removal Of Aminoterminal Propeptides From Gamma-Carboxylated Proteins R-HSA-159782,1/10,0.29064893364053,0.4390307174345735,0,0,3.184305967688757,3.9346531310997817,FURIN,EC-PTC
Reactome_2022,STAT3 Nuclear Events Downstream Of ALK Signaling R-HSA-9701898,1/10,0.29064893364053,0.4390307174345735,0,0,3.184305967688757,3.9346531310997817,HIF1A,EC-PTC
Reactome_2022,Sodium/Calcium Exchangers R-HSA-425561,1/10,0.29064893364053,0.4390307174345735,0,0,3.184305967688757,3.9346531310997817,SRI,EC-PTC
Reactome_2022,Synthesis Of Pyrophosphates In Cytosol R-HSA-1855167,1/10,0.29064893364053,0.4390307174345735,0,0,3.184305967688757,3.9346531310997817,ITPK1,EC-PTC
Reactome_2022,G-protein Beta:Gamma Signaling R-HSA-397795,2/32,0.2941289636865585,0.4400483375619415,0,0,1.91134224863794,2.338980144893674,GNG5;GNG11,EC-PTC
Reactome_2022,Generation Of Second Messenger Molecules R-HSA-202433,2/32,0.2941289636865585,0.4400483375619415,0,0,1.91134224863794,2.338980144893674,VASP;HLA-DPA1,EC-PTC
Reactome_2022,Gluconeogenesis R-HSA-70263,2/32,0.2941289636865585,0.4400483375619415,0,0,1.91134224863794,2.338980144893674,TPI1;ENO1,EC-PTC
Reactome_2022,PERK Regulates Gene Expression R-HSA-381042,2/32,0.2941289636865585,0.4400483375619415,0,0,1.91134224863794,2.338980144893674,EIF2S2;ATF4,EC-PTC
Reactome_2022,Thrombin Signaling Thru Proteinase Activated Receptors (PARs) R-HSA-456926,2/32,0.2941289636865585,0.4400483375619415,0,0,1.91134224863794,2.338980144893674,GNG5;GNG11,EC-PTC
Reactome_2022,Interleukin-4 And Interleukin-13 Signaling R-HSA-6785807,5/107,0.2941827326319386,0.4400483375619415,0,0,1.4064237635352648,1.720835653846199,STAT1;FN1;TIMP1;VIM;HIF1A,EC-PTC
Reactome_2022,Phase II - Conjugation Of Compounds R-HSA-156580,5/107,0.2941827326319386,0.4400483375619415,0,0,1.4064237635352648,1.720835653846199,PRNP;TRMT112;MGST3;GSTP1;MGST2,EC-PTC
Reactome_2022,Signaling By ERBB4 R-HSA-1236394,3/57,0.3022665095278847,0.4515132188093367,0,0,1.5931712962962965,1.9061436938313416,UBB;RPS27A;UBA52,EC-PTC
Reactome_2022,Activation Of Matrix Metalloproteinases R-HSA-1592389,2/33,0.3067136933076604,0.4535820421066565,0,0,1.849590183578584,2.1859207013298554,FURIN;TIMP1,EC-PTC
Reactome_2022,Amino Acid Transport Across Plasma Membrane R-HSA-352230,2/33,0.3067136933076604,0.4535820421066565,0,0,1.849590183578584,2.1859207013298554,SLC3A2;SLC38A2,EC-PTC
Reactome_2022,Signal Amplification R-HSA-392518,2/33,0.3067136933076604,0.4535820421066565,0,0,1.849590183578584,2.1859207013298554,GNG5;GNG11,EC-PTC
Reactome_2022,Platelet Homeostasis R-HSA-418346,4/83,0.3074408555123117,0.4535820421066565,0,0,1.4522816880152427,1.712926385928981,GNG5;GNAS;SRI;GNG11,EC-PTC
Reactome_2022,mRNA 3-End Processing R-HSA-72187,3/58,0.3115640620772382,0.4535820421066565,0,0,1.5641233766233766,1.8240029529421016,RBM8A;SRSF5;SRSF9,EC-PTC
Reactome_2022,Mitotic Spindle Checkpoint R-HSA-69618,5/110,0.314037012683735,0.4535820421066565,0,0,1.3660270078180523,1.5821931665210704,RPS27;ANAPC16;BUB3;DYNLL1;ANAPC11,EC-PTC
Reactome_2022,ATF6 (ATF6-alpha) Activates Chaperones R-HSA-381033,1/11,0.3146014721018313,0.4535820421066565,0,0,2.865727002967359,3.3140660066069976,ATF4,EC-PTC
Reactome_2022,Activation Of Phototransduction Cascade R-HSA-2485179,1/11,0.3146014721018313,0.4535820421066565,0,0,2.865727002967359,3.3140660066069976,RNF7,EC-PTC
Reactome_2022,CASP8 Activity Is Inhibited R-HSA-5218900,1/11,0.3146014721018313,0.4535820421066565,0,0,2.865727002967359,3.3140660066069976,TNFSF10,EC-PTC
Reactome_2022,DSCAM Interactions R-HSA-376172,1/11,0.3146014721018313,0.4535820421066565,0,0,2.865727002967359,3.3140660066069976,RNASE1,EC-PTC
Reactome_2022,Dermatan Sulfate Biosynthesis R-HSA-2022923,1/11,0.3146014721018313,0.4535820421066565,0,0,2.865727002967359,3.3140660066069976,VCAN,EC-PTC
Reactome_2022,Dimerization Of Procaspase-8 R-HSA-69416,1/11,0.3146014721018313,0.4535820421066565,0,0,2.865727002967359,3.3140660066069976,TNFSF10,EC-PTC
Reactome_2022,Endosomal/Vacuolar Pathway R-HSA-1236977,1/11,0.3146014721018313,0.4535820421066565,0,0,2.865727002967359,3.3140660066069976,CTSL,EC-PTC
Reactome_2022,"Gamma-carboxylation, Transport, And Amino-Terminal Cleavage Of Proteins R-HSA-159854",1/11,0.3146014721018313,0.4535820421066565,0,0,2.865727002967359,3.3140660066069976,FURIN,EC-PTC
Reactome_2022,Interleukin-27 Signaling R-HSA-9020956,1/11,0.3146014721018313,0.4535820421066565,0,0,2.865727002967359,3.3140660066069976,STAT1,EC-PTC
Reactome_2022,Interleukin-6 Signaling R-HSA-1059683,1/11,0.3146014721018313,0.4535820421066565,0,0,2.865727002967359,3.3140660066069976,STAT1,EC-PTC
Reactome_2022,MET Activates RAP1 And RAC1 R-HSA-8875555,1/11,0.3146014721018313,0.4535820421066565,0,0,2.865727002967359,3.3140660066069976,RNASE1,EC-PTC
Reactome_2022,Metallothioneins Bind Metals R-HSA-5661231,1/11,0.3146014721018313,0.4535820421066565,0,0,2.865727002967359,3.3140660066069976,MT2A,EC-PTC
Reactome_2022,Phenylalanine And Tyrosine Metabolism R-HSA-8963691,1/11,0.3146014721018313,0.4535820421066565,0,0,2.865727002967359,3.3140660066069976,ASRGL1,EC-PTC
Reactome_2022,RHO GTPases Activate IQGAPs R-HSA-5626467,1/11,0.3146014721018313,0.4535820421066565,0,0,2.865727002967359,3.3140660066069976,RNASE1,EC-PTC
Reactome_2022,Reduction Of Cytosolic Ca++ Levels R-HSA-418359,1/11,0.3146014721018313,0.4535820421066565,0,0,2.865727002967359,3.3140660066069976,SRI,EC-PTC
Reactome_2022,Regulation Of Gene Expression By Hypoxia-inducible Factor R-HSA-1234158,1/11,0.3146014721018313,0.4535820421066565,0,0,2.865727002967359,3.3140660066069976,HIF1A,EC-PTC
Reactome_2022,Signaling By PDGFRA Extracellular Domain Mutants R-HSA-9673770,1/11,0.3146014721018313,0.4535820421066565,0,0,2.865727002967359,3.3140660066069976,STAT1,EC-PTC
Reactome_2022,Transport Of Organic Anions R-HSA-879518,1/11,0.3146014721018313,0.4535820421066565,0,0,2.865727002967359,3.3140660066069976,SLCO4A1,EC-PTC
Reactome_2022,Uptake And Function Of Anthrax Toxins R-HSA-5210891,1/11,0.3146014721018313,0.4535820421066565,0,0,2.865727002967359,3.3140660066069976,FURIN,EC-PTC
Reactome_2022,eNOS Activation R-HSA-203615,1/11,0.3146014721018313,0.4535820421066565,0,0,2.865727002967359,3.3140660066069976,DDAH2,EC-PTC
Reactome_2022,Biological Oxidations R-HSA-211859,9/218,0.316525626050907,0.4557461220011055,0,0,1.2360015517910254,1.4218357121853955,TRMT112;PRNP;MGST3;GSTP1;FDX1;VDAC2;MGST2;AHR;AURKAIP1,EC-PTC
Reactome_2022,COPI-independent Golgi-to-ER Retrograde Traffic R-HSA-6811436,2/34,0.319254264283254,0.4578386719481553,0,0,1.7916976225854384,2.045701984443359,CAPZA2;DYNLL1,EC-PTC
Reactome_2022,Metabolic Disorders Of Biological Oxidation Enzymes R-HSA-5579029,2/34,0.319254264283254,0.4578386719481553,0,0,1.7916976225854384,2.045701984443359,PRNP;FDX1,EC-PTC
Reactome_2022,Nuclear Import Of Rev Protein R-HSA-180746,2/34,0.319254264283254,0.4578386719481553,0,0,1.7916976225854384,2.045701984443359,NPM1;RAN,EC-PTC
Reactome_2022,RHOQ GTPase Cycle R-HSA-9013406,3/59,0.320869174284239,0.4595426871065498,0,0,1.5361128826530612,1.746132994325606,STOM;LAMTOR1;ARHGAP5,EC-PTC
Reactome_2022,"Transport Of Bile Salts And Organic Acids, Metal Ions And Amine Compounds R-HSA-425366",4/86,0.3304697074072097,0.4726638444589175,0,0,1.3989313365562863,1.5489531258425258,SLC14A1;BSG;SLC40A1;SLC5A3,EC-PTC
Reactome_2022,Inwardly Rectifying K+ Channels R-HSA-1296065,2/35,0.3317393345085176,0.4732228652525476,0,0,1.7373137016524831,1.9169619374596896,GNG5;GNG11,EC-PTC
Reactome_2022,SUMOylation Of SUMOylation Proteins R-HSA-4085377,2/35,0.3317393345085176,0.4732228652525476,0,0,1.7373137016524831,1.9169619374596896,SUMO1;SUMO2,EC-PTC
Reactome_2022,Activation Of RAC1 R-HSA-428540,1/12,0.3377463657924749,0.4760893493475178,0,0,2.6050714863771245,2.8277010577727983,RNASE1,EC-PTC
Reactome_2022,CD28 Dependent Vav1 Pathway R-HSA-389359,1/12,0.3377463657924749,0.4760893493475178,0,0,2.6050714863771245,2.8277010577727983,RNASE1,EC-PTC
Reactome_2022,Glutathione Synthesis And Recycling R-HSA-174403,1/12,0.3377463657924749,0.4760893493475178,0,0,2.6050714863771245,2.8277010577727983,PRNP,EC-PTC
Reactome_2022,Interleukin-35 Signaling R-HSA-8984722,1/12,0.3377463657924749,0.4760893493475178,0,0,2.6050714863771245,2.8277010577727983,STAT1,EC-PTC
Reactome_2022,Maturation Of Nucleoprotein R-HSA-9683610,1/12,0.3377463657924749,0.4760893493475178,0,0,2.6050714863771245,2.8277010577727983,SUMO1,EC-PTC
Reactome_2022,P2Y Receptors R-HSA-417957,1/12,0.3377463657924749,0.4760893493475178,0,0,2.6050714863771245,2.8277010577727983,LPAR6,EC-PTC
Reactome_2022,PECAM1 Interactions R-HSA-210990,1/12,0.3377463657924749,0.4760893493475178,0,0,2.6050714863771245,2.8277010577727983,ITGAV,EC-PTC
Reactome_2022,Regulation Of Localization Of FOXO Transcription Factors R-HSA-9614399,1/12,0.3377463657924749,0.4760893493475178,0,0,2.6050714863771245,2.8277010577727983,YWHAQ,EC-PTC
Reactome_2022,Vitamin D (Calciferol) Metabolism R-HSA-196791,1/12,0.3377463657924749,0.4760893493475178,0,0,2.6050714863771245,2.8277010577727983,SUMO2,EC-PTC
Reactome_2022,Fcgamma Receptor (FCGR) Dependent Phagocytosis R-HSA-2029480,4/87,0.3381693149961477,0.4760893493475178,0,0,1.3820049198283446,1.4983815875097284,ARPC2;ARPC3;BRK1;RNASE1,EC-PTC
Reactome_2022,Nuclear Events (Kinase And Transcription Factor Activation) R-HSA-198725,3/61,0.3394796893565406,0.4766879080012963,0,0,1.4829895320197044,1.6021346297148102,ID1;ID3;DUSP6,EC-PTC
Reactome_2022,Regulation Of PTEN Gene Transcription R-HSA-8943724,3/61,0.3394796893565406,0.4766879080012963,0,0,1.4829895320197044,1.6021346297148102,RRAGA;JUN;LAMTOR1,EC-PTC
Reactome_2022,Aberrant Regulation Of Mitotic Cell Cycle Due To RB1 Defects R-HSA-9687139,2/36,0.3441583753609405,0.4801276816887732,0,0,1.686128834892055,1.7985149434027647,ANAPC16;ANAPC11,EC-PTC
Reactome_2022,Export Of Viral Ribonucleoproteins From Nucleus R-HSA-168274,2/36,0.3441583753609405,0.4801276816887732,0,0,1.686128834892055,1.7985149434027647,RAN;HSPA1A,EC-PTC
Reactome_2022,Mitochondrial Fatty Acid Beta-Oxidation R-HSA-77289,2/36,0.3441583753609405,0.4801276816887732,0,0,1.686128834892055,1.7985149434027647,NDUFAB1;DBI,EC-PTC
Reactome_2022,Platelet Aggregation (Plug Formation) R-HSA-76009,2/36,0.3441583753609405,0.4801276816887732,0,0,1.686128834892055,1.7985149434027647,FN1;TLN1,EC-PTC
Reactome_2022,Transcriptional Regulation By AP-2 (TFAP2) Family Of Transcription Factors R-HSA-8864260,2/36,0.3441583753609405,0.4801276816887732,0,0,1.686128834892055,1.7985149434027647,NPM1;SUMO1,EC-PTC
Reactome_2022,Signaling By BRAF And RAF1 Fusions R-HSA-6802952,3/62,0.3487743665686694,0.4859378949475509,0,0,1.457778450363196,1.535521891728731,FN1;PEBP1;TLN1,EC-PTC
Reactome_2022,Interferon Gamma Signaling R-HSA-877300,4/89,0.3535842016398507,0.4913679808595087,0,0,1.3493468922591392,1.4028264048100847,MT2A;SUMO1;STAT1;HLA-DPA1,EC-PTC
Reactome_2022,Unfolded Protein Response (UPR) R-HSA-381119,4/89,0.3535842016398507,0.4913679808595087,0,0,1.3493468922591392,1.4028264048100847,MYDGF;TLN1;EIF2S2;ATF4,EC-PTC
Reactome_2022,Interactions Of Rev With Host Cellular Proteins R-HSA-177243,2/37,0.3565016301794919,0.494062853927726,0,0,1.6378688176607938,1.6893248683462112,NPM1;RAN,EC-PTC
Reactome_2022,Triglyceride Metabolism R-HSA-8979227,2/37,0.3565016301794919,0.494062853927726,0,0,1.6378688176607938,1.6893248683462112,PPP1CB;LPIN2,EC-PTC
Reactome_2022,Synthesis Of Substrates In N-glycan Biosythesis R-HSA-446219,3/63,0.3580551516913028,0.494062853927726,0,0,1.433407738095238,1.4722075763035996,DPM3;ST8SIA6;NUDT14,EC-PTC
Reactome_2022,Chk1/Chk2(Cds1) Mediated Inactivation Of Cyclin B:Cdk1 Complex R-HSA-75035,1/13,0.3601108081088811,0.494062853927726,0,0,2.3878585558852623,2.438823802055269,YWHAQ,EC-PTC
Reactome_2022,ERKs Are Inactivated R-HSA-202670,1/13,0.3601108081088811,0.494062853927726,0,0,2.3878585558852623,2.438823802055269,DUSP6,EC-PTC
Reactome_2022,"PTK6 Regulates RHO GTPases, RAS GTPase And MAP Kinases R-HSA-8849471",1/13,0.3601108081088811,0.494062853927726,0,0,2.3878585558852623,2.438823802055269,RNASE1,EC-PTC
Reactome_2022,SARS-CoV-2 Targets Host Intracellular Signaling And Regulatory Pathways R-HSA-9755779,1/13,0.3601108081088811,0.494062853927726,0,0,2.3878585558852623,2.438823802055269,YWHAQ,EC-PTC
Reactome_2022,Synthesis Of PE R-HSA-1483213,1/13,0.3601108081088811,0.494062853927726,0,0,2.3878585558852623,2.438823802055269,LPIN2,EC-PTC
Reactome_2022,"Synthesis, Secretion, And Inactivation Of Glucose-dependent Insulinotropic Polypeptide (GIP) R-HSA-400511",1/13,0.3601108081088811,0.494062853927726,0,0,2.3878585558852623,2.438823802055269,SEC11C,EC-PTC
Reactome_2022,Trafficking And Processing Of Endosomal TLR R-HSA-1679131,1/13,0.3601108081088811,0.494062853927726,0,0,2.3878585558852623,2.438823802055269,CTSL,EC-PTC
Reactome_2022,Collagen Formation R-HSA-1474290,4/90,0.3612932742585607,0.4944254845952604,0,0,1.3335874952344644,1.3576790952605984,COL3A1;CTSL;SERPINH1;PPIB,EC-PTC
Reactome_2022,Regulation Of TP53 Activity Thru Phosphorylation R-HSA-6804756,4/90,0.3612932742585607,0.4944254845952604,0,0,1.3335874952344644,1.3576790952605984,UBB;CSNK2B;RPS27A;UBA52,EC-PTC
Reactome_2022,Apoptotic Cleavage Of Cellular Proteins R-HSA-111465,2/38,0.3687600739248103,0.502727341287368,0,0,1.5922899124979362,1.588482831044754,GSN;VIM,EC-PTC
Reactome_2022,Diseases Of Mitotic Cell Cycle R-HSA-9675126,2/38,0.3687600739248103,0.502727341287368,0,0,1.5922899124979362,1.588482831044754,ANAPC16;ANAPC11,EC-PTC
Reactome_2022,Signaling By RAF1 Mutants R-HSA-9656223,2/38,0.3687600739248103,0.502727341287368,0,0,1.5922899124979362,1.588482831044754,FN1;TLN1,EC-PTC
Reactome_2022,Cytochrome P450 - Arranged By Substrate Type R-HSA-211897,3/65,0.3765556466623733,0.5119721062641622,0,0,1.3870247695852536,1.354692449305332,FDX1;VDAC2;AHR,EC-PTC
Reactome_2022,FOXO-mediated Transcription R-HSA-9614085,3/65,0.3765556466623733,0.5119721062641622,0,0,1.3870247695852536,1.354692449305332,PINK1;BTG1;YWHAQ,EC-PTC
Reactome_2022,Elastic Fibre Formation R-HSA-1566948,2/39,0.3809253753391036,0.5119721062641622,0,0,1.5491747319384763,1.4951887629060168,FURIN;ITGAV,EC-PTC
Reactome_2022,NGF-stimulated Transcription R-HSA-9031628,2/39,0.3809253753391036,0.5119721062641622,0,0,1.5491747319384763,1.4951887629060168,ID1;ID3,EC-PTC
Reactome_2022,Transcriptional Regulation By VENTX R-HSA-8853884,2/39,0.3809253753391036,0.5119721062641622,0,0,1.5491747319384763,1.4951887629060168,ANAPC16;ANAPC11,EC-PTC
Reactome_2022,CS/DS Degradation R-HSA-2024101,1/14,0.3817210783009491,0.5119721062641622,0,0,2.2040629993152248,2.1226561497322165,VCAN,EC-PTC
Reactome_2022,Constitutive Signaling By EGFRvIII R-HSA-5637810,1/14,0.3817210783009491,0.5119721062641622,0,0,2.2040629993152248,2.1226561497322165,CDC37,EC-PTC
Reactome_2022,DCC Mediated Attractive Signaling R-HSA-418885,1/14,0.3817210783009491,0.5119721062641622,0,0,2.2040629993152248,2.1226561497322165,RNASE1,EC-PTC
Reactome_2022,Methylation R-HSA-156581,1/14,0.3817210783009491,0.5119721062641622,0,0,2.2040629993152248,2.1226561497322165,TRMT112,EC-PTC
Reactome_2022,Repression Of WNT Target Genes R-HSA-4641265,1/14,0.3817210783009491,0.5119721062641622,0,0,2.2040629993152248,2.1226561497322165,TLE5,EC-PTC
Reactome_2022,Response To Metal Ions R-HSA-5660526,1/14,0.3817210783009491,0.5119721062641622,0,0,2.2040629993152248,2.1226561497322165,MT2A,EC-PTC
Reactome_2022,Triglyceride Biosynthesis R-HSA-75109,1/14,0.3817210783009491,0.5119721062641622,0,0,2.2040629993152248,2.1226561497322165,LPIN2,EC-PTC
Reactome_2022,Tryptophan Catabolism R-HSA-71240,1/14,0.3817210783009491,0.5119721062641622,0,0,2.2040629993152248,2.1226561497322165,SLC3A2,EC-PTC
Reactome_2022,Signaling By Nuclear Receptors R-HSA-9006931,10/260,0.3822196130428152,0.5120031383670547,0,0,1.1473684210526316,1.103492974972732,JUN;GTF2A2;GNG5;POLR2F;POLR2H;GNG11;CTSD;POLR2J;POLR2K;POLR2L,EC-PTC
Reactome_2022,Oxidative Stress Induced Senescence R-HSA-2559580,4/93,0.3843912182274169,0.513634419393211,0,0,1.288434166680621,1.2318647527958944,JUN;UBB;RPS27A;UBA52,EC-PTC
Reactome_2022,VEGFA-VEGFR2 Pathway R-HSA-4420097,4/93,0.3843912182274169,0.513634419393211,0,0,1.288434166680621,1.2318647527958944,BRK1;HSPB1;ITGAV;RNASE1,EC-PTC
Reactome_2022,COPII-mediated Vesicle Transport R-HSA-204005,3/66,0.3857661180386104,0.5148328489808963,0,0,1.364937641723356,1.3001358690329046,TRAPPC1;TRAPPC4;TRAPPC5,EC-PTC
Reactome_2022,HCMV Infection R-HSA-9609646,5/121,0.3878130203989566,0.5169240383288072,0,0,1.2357822954194544,1.170572487925813,CHMP2A;SNF8;DYNLL1;RNASE1;VPS28,EC-PTC
Reactome_2022,Collagen Biosynthesis And Modifying Enzymes R-HSA-1650814,3/67,0.3949442172559197,0.5257786427498462,0,0,1.3435407366071428,1.2481637822530207,COL3A1;SERPINH1;PPIB,EC-PTC
Reactome_2022,Drug ADME R-HSA-9748784,4/95,0.3997370438984157,0.5300769804434685,0,0,1.2599859157236206,1.1553419917090102,GSTP1;BSG;NME2;RNASE1,EC-PTC
Reactome_2022,Activation Of BAD And Translocation To Mitochondria R-HSA-111447,1/15,0.4026025719617058,0.5300769804434685,0,0,2.046523950826621,1.861938495474858,YWHAQ,EC-PTC
Reactome_2022,Depolymerisation Of Nuclear Lamina R-HSA-4419969,1/15,0.4026025719617058,0.5300769804434685,0,0,2.046523950826621,1.861938495474858,LPIN2,EC-PTC
Reactome_2022,Diseases Associated With Glycosylation Precursor Biosynthesis R-HSA-5609975,1/15,0.4026025719617058,0.5300769804434685,0,0,2.046523950826621,1.861938495474858,DPM3,EC-PTC
Reactome_2022,Metabolism Of Nitric Oxide: NOS3 Activation And Regulation R-HSA-202131,1/15,0.4026025719617058,0.5300769804434685,0,0,2.046523950826621,1.861938495474858,DDAH2,EC-PTC
Reactome_2022,N-Glycan Antennae Elongation R-HSA-975577,1/15,0.4026025719617058,0.5300769804434685,0,0,2.046523950826621,1.861938495474858,ST8SIA6,EC-PTC
Reactome_2022,Negative Regulation Of TCF-dependent Signaling By WNT Ligand Antagonists R-HSA-3772470,1/15,0.4026025719617058,0.5300769804434685,0,0,2.046523950826621,1.861938495474858,SFRP1,EC-PTC
Reactome_2022,Signaling By Activin R-HSA-1502540,1/15,0.4026025719617058,0.5300769804434685,0,0,2.046523950826621,1.861938495474858,DRAP1,EC-PTC
Reactome_2022,Signaling By ERBB2 ECD Mutants R-HSA-9665348,1/15,0.4026025719617058,0.5300769804434685,0,0,2.046523950826621,1.861938495474858,CDC37,EC-PTC
Reactome_2022,Carboxyterminal Post-Translational Modifications Of Tubulin R-HSA-8955332,2/41,0.4049464770804077,0.5318626290434136,0,0,1.469577475521012,1.3284985903820197,TUBA1B;TUBB4B,EC-PTC
Reactome_2022,Intraflagellar Transport R-HSA-5620924,2/41,0.4049464770804077,0.5318626290434136,0,0,1.469577475521012,1.3284985903820197,DYNLRB1;DYNLL1,EC-PTC
Reactome_2022,Glycolysis R-HSA-70171,3/69,0.4131868121281767,0.5415310007568889,0,0,1.3026920995670996,1.1513915231857643,TPI1;PKM;ENO1,EC-PTC
Reactome_2022,Metabolism Of Steroids R-HSA-8957322,6/153,0.4133133543381269,0.5415310007568889,0,0,1.1700680272108843,1.0338127237937245,FDX1;SUMO2;AKR1B1;TSPO;OSBPL1A;RAN,EC-PTC
Reactome_2022,Activation Of GABAB Receptors R-HSA-991365,2/42,0.4167887634828982,0.5427829483326255,0,0,1.4327637444279346,1.253920081623152,GNG5;GNG11,EC-PTC
Reactome_2022,NS1 Mediated Effects On Host Pathways R-HSA-168276,2/42,0.4167887634828982,0.5427829483326255,0,0,1.4327637444279346,1.253920081623152,EIF2AK2;ISG15,EC-PTC
Reactome_2022,RHOF GTPase Cycle R-HSA-9035034,2/42,0.4167887634828982,0.5427829483326255,0,0,1.4327637444279346,1.253920081623152,ACTN1;ARHGAP5,EC-PTC
Reactome_2022,RND3 GTPase Cycle R-HSA-9696264,2/42,0.4167887634828982,0.5427829483326255,0,0,1.4327637444279346,1.253920081623152,ARHGAP5;KTN1,EC-PTC
Reactome_2022,Signaling By SCF-KIT R-HSA-1433557,2/42,0.4167887634828982,0.5427829483326255,0,0,1.4327637444279346,1.253920081623152,STAT1;RNASE1,EC-PTC
Reactome_2022,Caspase Activation Via Death Receptors In Presence Of Ligand R-HSA-140534,1/16,0.4227798307693164,0.545310033219825,0,0,1.9099901088031648,1.6443176090757623,TNFSF10,EC-PTC
Reactome_2022,Early Phase Of HIV Life Cycle R-HSA-162594,1/16,0.4227798307693164,0.545310033219825,0,0,1.9099901088031648,1.6443176090757623,PPIA,EC-PTC
Reactome_2022,FOXO-mediated Transcription Of Cell Death Genes R-HSA-9614657,1/16,0.4227798307693164,0.545310033219825,0,0,1.9099901088031648,1.6443176090757623,PINK1,EC-PTC
Reactome_2022,Nucleotide-like (Purinergic) Receptors R-HSA-418038,1/16,0.4227798307693164,0.545310033219825,0,0,1.9099901088031648,1.6443176090757623,LPAR6,EC-PTC
Reactome_2022,PKA Activation In Glucagon Signaling R-HSA-164378,1/16,0.4227798307693164,0.545310033219825,0,0,1.9099901088031648,1.6443176090757623,GNAS,EC-PTC
Reactome_2022,Processing Of SMDT1 R-HSA-8949664,1/16,0.4227798307693164,0.545310033219825,0,0,1.9099901088031648,1.6443176090757623,SMDT1,EC-PTC
Reactome_2022,SUMOylation Of DNA Methylation Proteins R-HSA-4655427,1/16,0.4227798307693164,0.545310033219825,0,0,1.9099901088031648,1.6443176090757623,SUMO1,EC-PTC
Reactome_2022,Sema3A PAK Dependent Axon Repulsion R-HSA-399954,1/16,0.4227798307693164,0.545310033219825,0,0,1.9099901088031648,1.6443176090757623,RNASE1,EC-PTC
Reactome_2022,RND2 GTPase Cycle R-HSA-9696270,2/43,0.4285108147086098,0.5520408462214985,0,0,1.3977458050954952,1.1845047304726843,ARHGAP5;KTN1,EC-PTC
Reactome_2022,SLC Transporter Disorders R-HSA-5619102,4/99,0.430206230965042,0.5535628563313624,0,0,1.206682877088399,1.0178256379089452,BSG;SLC12A1;SLC40A1;SLC3A2,EC-PTC
Reactome_2022,Sphingolipid De Novo Biosynthesis R-HSA-1660661,2/44,0.4401072536011468,0.564374250199897,0,0,1.3643953866836482,1.1198095357870483,DEGS1;SPTSSA,EC-PTC
Reactome_2022,Biosynthesis Of DHA-derived SPMs R-HSA-9018677,1/17,0.4422765711872916,0.564374250199897,0,0,1.7905229970326408,1.4607442313688248,GPX4,EC-PTC
Reactome_2022,FOXO-mediated Transcription Of Cell Cycle Genes R-HSA-9617828,1/17,0.4422765711872916,0.564374250199897,0,0,1.7905229970326408,1.4607442313688248,BTG1,EC-PTC
Reactome_2022,Signaling By Cytosolic FGFR1 Fusion Mutants R-HSA-1839117,1/17,0.4422765711872916,0.564374250199897,0,0,1.7905229970326408,1.4607442313688248,STAT1,EC-PTC
Reactome_2022,TNF Receptor Superfamily (TNFSF) Members Mediating Non-Canonical NF-kB Pathway R-HSA-5676594,1/17,0.4422765711872916,0.564374250199897,0,0,1.7905229970326408,1.4607442313688248,TNFSF12,EC-PTC
Reactome_2022,Tie2 Signaling R-HSA-210993,1/17,0.4422765711872916,0.564374250199897,0,0,1.7905229970326408,1.4607442313688248,ANGPT2,EC-PTC
Reactome_2022,Translocation Of ZAP-70 To Immunological Synapse R-HSA-202430,1/17,0.4422765711872916,0.564374250199897,0,0,1.7905229970326408,1.4607442313688248,HLA-DPA1,EC-PTC
Reactome_2022,Regulation Of Complement Cascade R-HSA-977606,2/45,0.4515732015415757,0.574875104090162,0,0,1.3325961505235149,1.0594376460273356,CD81;CD55,EC-PTC
Reactome_2022,SUMOylation Of DNA Replication Proteins R-HSA-4615885,2/45,0.4515732015415757,0.574875104090162,0,0,1.3325961505235149,1.0594376460273356,SUMO1;SUMO2,EC-PTC
Reactome_2022,Signaling By VEGF R-HSA-194138,4/102,0.4527866599539022,0.5757393539201331,0,0,1.16956111803887,0.9266832889052466,BRK1;HSPB1;ITGAV;RNASE1,EC-PTC
Reactome_2022,ADORA2B Mediated Anti-Inflammatory Cytokine Production R-HSA-9660821,5/131,0.4545110454237406,0.5772504668884064,0,0,1.13711205875385,0.8966504550016267,RAMP2;CALCRL;GNG5;GNAS;GNG11,EC-PTC
Reactome_2022,Transport Of Mature mRNA Derived From An Intron-Containing Transcript R-HSA-159236,3/74,0.4579565678732764,0.5809413705530255,0,0,1.210638832997988,0.9454858408845472,RBM8A;SRSF5;SRSF9,EC-PTC
Reactome_2022,Metabolism Of Angiotensinogen To Angiotensins R-HSA-2022377,1/18,0.4611157121383603,0.5835741738813326,0,0,1.6851108395880607,1.304454858164766,CTSD,EC-PTC
Reactome_2022,Pre-NOTCH Processing In Golgi R-HSA-1912420,1/18,0.4611157121383603,0.5835741738813326,0,0,1.6851108395880607,1.304454858164766,FURIN,EC-PTC
Reactome_2022,XBP1(S) Activates Chaperone Genes R-HSA-381038,2/46,0.4629042512870046,0.5851500922958967,0,0,1.3022423341888425,1.0030326854248042,MYDGF;TLN1,EC-PTC
Reactome_2022,Sensory Processing Of Sound R-HSA-9659379,3/75,0.4667402790502368,0.5891095410841689,0,0,1.1937624007936507,0.9096258480603396,GSN;RDX;CAPZA2,EC-PTC
Reactome_2022,Phase I - Functionalization Of Compounds R-HSA-211945,4/104,0.4676774908328361,0.5891095410841689,0,0,1.1460506706408349,0.8709713973031424,FDX1;VDAC2;AHR;AURKAIP1,EC-PTC
Reactome_2022,Transport Of Inorganic Cations/Anions And Amino Acids/Oligopeptides R-HSA-425393,4/104,0.4676774908328361,0.5891095410841689,0,0,1.1460506706408349,0.8709713973031424,SLC12A1;SLC3A2;SRI;SLC38A2,EC-PTC
Reactome_2022,SUMOylation Of RNA Binding Proteins R-HSA-4570464,2/47,0.474096440510466,0.5964975075114157,0,0,1.2732375763579329,0.9502738839402484,SUMO1;SUMO2,EC-PTC
Reactome_2022,Integration Of Energy Metabolism R-HSA-163685,4/105,0.4750679178247147,0.5970223424704992,0,0,1.1346446120021838,0.8445131484134109,MARCKS;GNG5;GNAS;GNG11,EC-PTC
Reactome_2022,Assembly Of Active LPL And LIPC Lipase Complexes R-HSA-8963889,1/19,0.4793194017872761,0.5988712247388589,0,0,1.591411144081767,1.1703048083558931,FURIN,EC-PTC
Reactome_2022,Biosynthesis Of Specialized Proresolving Mediators (SPMs) R-HSA-9018678,1/19,0.4793194017872761,0.5988712247388589,0,0,1.591411144081767,1.1703048083558931,GPX4,EC-PTC
Reactome_2022,Signaling By KIT In Disease R-HSA-9669938,1/19,0.4793194017872761,0.5988712247388589,0,0,1.591411144081767,1.1703048083558931,STAT1,EC-PTC
Reactome_2022,Signaling By PDGFR In Disease R-HSA-9671555,1/19,0.4793194017872761,0.5988712247388589,0,0,1.591411144081767,1.1703048083558931,STAT1,EC-PTC
Reactome_2022,"Synthesis, Secretion, And Deacylation Of Ghrelin R-HSA-422085",1/19,0.4793194017872761,0.5988712247388589,0,0,1.591411144081767,1.1703048083558931,SEC11C,EC-PTC
Reactome_2022,Biosynthesis Of N-glycan Precursor (Dolichol LLO) And Transfer To Protein R-HSA-446193,3/77,0.4841138977742016,0.60404911753787,0,0,1.1613778957528955,0.842504259713281,DPM3;ST8SIA6;NUDT14,EC-PTC
Reactome_2022,Anti-inflammatory Response Favoring Leishmania Infection R-HSA-9662851,6/165,0.4848698403132807,0.60404911753787,0,0,1.0810841300730465,0.7825695525484742,RAMP2;CALCRL;GNG5;GNAS;FURIN;GNG11,EC-PTC
Reactome_2022,IRE1alpha Activates Chaperones R-HSA-381070,2/48,0.4851462271775836,0.60404911753787,0,0,1.2454938949544545,0.9008718796757792,MYDGF;TLN1,EC-PTC
Reactome_2022,G Alpha (12/13) Signaling Events R-HSA-416482,3/78,0.4926986098268184,0.6116240452056249,0,0,1.1458333333333333,0.8110868688278812,GNG5;RHOC;GNG11,EC-PTC
Reactome_2022,TP53 Regulates Transcription Of Cell Cycle Genes R-HSA-6791312,2/49,0.4960504654742688,0.6116240452056249,0,0,1.218930795738358,0.8545650921095337,NPM1;RGCC,EC-PTC
Reactome_2022,CD209 (DC-SIGN) Signaling R-HSA-5621575,1/20,0.4969090432264825,0.6116240452056249,0,0,1.5075745744182414,1.0543196874769738,ICAM2,EC-PTC
Reactome_2022,Chondroitin Sulfate Biosynthesis R-HSA-2022870,1/20,0.4969090432264825,0.6116240452056249,0,0,1.5075745744182414,1.0543196874769738,VCAN,EC-PTC
Reactome_2022,Class I Peroxisomal Membrane Protein Import R-HSA-9603798,1/20,0.4969090432264825,0.6116240452056249,0,0,1.5075745744182414,1.0543196874769738,FIS1,EC-PTC
Reactome_2022,Defective B3GALT6 Causes EDSP2 And SEMDJL1 R-HSA-4420332,1/20,0.4969090432264825,0.6116240452056249,0,0,1.5075745744182414,1.0543196874769738,VCAN,EC-PTC
Reactome_2022,Defective B3GAT3 Causes JDSSDHD R-HSA-3560801,1/20,0.4969090432264825,0.6116240452056249,0,0,1.5075745744182414,1.0543196874769738,VCAN,EC-PTC
Reactome_2022,"Defective B4GALT7 Causes EDS, Progeroid Type R-HSA-3560783",1/20,0.4969090432264825,0.6116240452056249,0,0,1.5075745744182414,1.0543196874769738,VCAN,EC-PTC
Reactome_2022,Phosphorylation Of CD3 And TCR Zeta Chains R-HSA-202427,1/20,0.4969090432264825,0.6116240452056249,0,0,1.5075745744182414,1.0543196874769738,HLA-DPA1,EC-PTC
Reactome_2022,TP53 Regulates Transcription Of Genes Involved In Cytochrome C Release R-HSA-6803204,1/20,0.4969090432264825,0.6116240452056249,0,0,1.5075745744182414,1.0543196874769738,PRELID1,EC-PTC
Reactome_2022,Recruitment Of NuMA To Mitotic Centrosomes R-HSA-380320,3/80,0.509651951490084,0.6265926389895211,0,0,1.1159554730983303,0.7521843811300654,MZT2B;DYNLL1;TUBB4B,EC-PTC
Reactome_2022,PCNA-Dependent Long Patch Base Excision Repair R-HSA-5651801,1/21,0.5139053199867893,0.6282361289736347,0,0,1.432121661721068,0.95338663763048,POLE4,EC-PTC
Reactome_2022,PD-1 Signaling R-HSA-389948,1/21,0.5139053199867893,0.6282361289736347,0,0,1.432121661721068,0.95338663763048,HLA-DPA1,EC-PTC
Reactome_2022,Signaling By ERBB2 TMD/JMD Mutants R-HSA-9665686,1/21,0.5139053199867893,0.6282361289736347,0,0,1.432121661721068,0.95338663763048,CDC37,EC-PTC
Reactome_2022,"Synthesis, Secretion, And Inactivation Of Glucagon-like Peptide-1 (GLP-1) R-HSA-381771",1/21,0.5139053199867893,0.6282361289736347,0,0,1.432121661721068,0.95338663763048,SEC11C,EC-PTC
Reactome_2022,VxPx Cargo-Targeting To Cilium R-HSA-5620916,1/21,0.5139053199867893,0.6282361289736347,0,0,1.432121661721068,0.95338663763048,ARF4,EC-PTC
Reactome_2022,Centrosome Maturation R-HSA-380287,3/81,0.5180162512604685,0.6325436537500277,0,0,1.1015911172161172,0.7245700857609463,MZT2B;DYNLL1;TUBB4B,EC-PTC
Reactome_2022,Apoptotic Execution Phase R-HSA-75153,2/52,0.5278639096491272,0.6431102157150566,0,0,1.1456166419019316,0.7319536906598766,GSN;VIM,EC-PTC
Reactome_2022,Signaling By PDGF R-HSA-186797,2/52,0.5278639096491272,0.6431102157150566,0,0,1.1456166419019316,0.7319536906598766,STAT1;FURIN,EC-PTC
Reactome_2022,ERK/MAPK Targets R-HSA-198753,1/22,0.5303282197615342,0.6439272747273646,0,0,1.3638547407093402,0.8650373915863331,DUSP6,EC-PTC
Reactome_2022,Laminin Interactions R-HSA-3000157,1/22,0.5303282197615342,0.6439272747273646,0,0,1.3638547407093402,0.8650373915863331,ITGAV,EC-PTC
Reactome_2022,Nephrin Family Interactions R-HSA-373753,1/22,0.5303282197615342,0.6439272747273646,0,0,1.3638547407093402,0.8650373915863331,ACTN1,EC-PTC
Reactome_2022,Transport Of Mature Transcript To Cytoplasm R-HSA-72202,3/83,0.5345103032782488,0.6482743205300383,0,0,1.0739397321428572,0.6727204363247485,RBM8A;SRSF5;SRSF9,EC-PTC
Reactome_2022,Deposition Of New CENPA-containing Nucleosomes At Centromere R-HSA-606279,2/53,0.5381616534010097,0.6512360682167275,0,0,1.1230953005273432,0.6958656848330853,NPM1;MIS18BP1,EC-PTC
Reactome_2022,Sensory Processing Of Sound By Outer Hair Cells Of Cochlea R-HSA-9662361,2/53,0.5381616534010097,0.6512360682167275,0,0,1.1230953005273432,0.6958656848330853,GSN;RDX,EC-PTC
Reactome_2022,Glutamate Neurotransmitter Release Cycle R-HSA-210500,1/23,0.5461970578012112,0.6565337402365006,0,0,1.301793903425951,0.7872930023778567,SLC38A2,EC-PTC
Reactome_2022,RAF-independent MAPK1/3 Activation R-HSA-112409,1/23,0.5461970578012112,0.6565337402365006,0,0,1.301793903425951,0.7872930023778567,DUSP6,EC-PTC
Reactome_2022,RHOBTB1 GTPase Cycle R-HSA-9013422,1/23,0.5461970578012112,0.6565337402365006,0,0,1.301793903425951,0.7872930023778567,VIM,EC-PTC
Reactome_2022,Signaling By NTRK2 (TRKB) R-HSA-9006115,1/23,0.5461970578012112,0.6565337402365006,0,0,1.301793903425951,0.7872930023778567,RNASE1,EC-PTC
Reactome_2022,Telomere Extension By Telomerase R-HSA-171319,1/23,0.5461970578012112,0.6565337402365006,0,0,1.301793903425951,0.7872930023778567,NOP10,EC-PTC
Reactome_2022,Triglyceride Catabolism R-HSA-163560,1/23,0.5461970578012112,0.6565337402365006,0,0,1.301793903425951,0.7872930023778567,PPP1CB,EC-PTC
Reactome_2022,PPARA Activates Gene Expression R-HSA-1989781,4/116,0.5534053318488783,0.6644565690091884,0,0,1.0226208218011497,0.6050485159266462,MED31;G0S2;AHR;NPAS2,EC-PTC
Reactome_2022,Complement Cascade R-HSA-166658,2/55,0.5582876696906334,0.6667787743765156,0,0,1.0806022035941574,0.6298623983339686,CD81;CD55,EC-PTC
Reactome_2022,ECM Proteoglycans R-HSA-3000178,2/55,0.5582876696906334,0.6667787743765156,0,0,1.0806022035941574,0.6298623983339686,VCAN;ITGAV,EC-PTC
Reactome_2022,Cell Junction Organization R-HSA-446728,3/86,0.5586394738710619,0.6667787743765156,0,0,1.034961273666093,0.602607197481496,VASP;CLDN15;ACTN1,EC-PTC
Reactome_2022,Growth Hormone Receptor Signaling R-HSA-982772,1/24,0.5615304998695447,0.6667787743765156,0,0,1.2451296606889433,0.7185508644958182,STAT1,EC-PTC
Reactome_2022,"Incretin Synthesis, Secretion, And Inactivation R-HSA-400508",1/24,0.5615304998695447,0.6667787743765156,0,0,1.2451296606889433,0.7185508644958182,SEC11C,EC-PTC
Reactome_2022,Interleukin-6 Family Signaling R-HSA-6783589,1/24,0.5615304998695447,0.6667787743765156,0,0,1.2451296606889433,0.7185508644958182,STAT1,EC-PTC
Reactome_2022,RHO GTPases Activate NADPH Oxidases R-HSA-5668599,1/24,0.5615304998695447,0.6667787743765156,0,0,1.2451296606889433,0.7185508644958182,RNASE1,EC-PTC
Reactome_2022,Signaling By ERBB2 KD Mutants R-HSA-9664565,1/24,0.5615304998695447,0.6667787743765156,0,0,1.2451296606889433,0.7185508644958182,CDC37,EC-PTC
Reactome_2022,Synthesis Of Very Long-Chain Fatty acyl-CoAs R-HSA-75876,1/24,0.5615304998695447,0.6667787743765156,0,0,1.2451296606889433,0.7185508644958182,TECR,EC-PTC
Reactome_2022,Xenobiotics R-HSA-211981,1/24,0.5615304998695447,0.6667787743765156,0,0,1.2451296606889433,0.7185508644958182,AHR,EC-PTC
Reactome_2022,Regulation Of Lipid Metabolism By PPARalpha R-HSA-400206,4/118,0.5669767898942271,0.672504408277624,0,0,1.004575522263184,0.570033231242397,MED31;G0S2;AHR;NPAS2,EC-PTC
Reactome_2022,Fertilization R-HSA-1187000,1/25,0.5763465836086417,0.6793341563746654,0,0,1.1931874381800198,0.6575012743383979,CD9,EC-PTC
Reactome_2022,NOTCH3 Intracellular Domain Regulates Transcription R-HSA-9013508,1/25,0.5763465836086417,0.6793341563746654,0,0,1.1931874381800198,0.6575012743383979,STAT1,EC-PTC
Reactome_2022,Regulation Of IFNA/IFNB Signaling R-HSA-912694,1/25,0.5763465836086417,0.6793341563746654,0,0,1.1931874381800198,0.6575012743383979,STAT1,EC-PTC
Reactome_2022,Resolution Of AP Sites Via Multiple-Nucleotide Patch Replacement Pathway R-HSA-110373,1/25,0.5763465836086417,0.6793341563746654,0,0,1.1931874381800198,0.6575012743383979,POLE4,EC-PTC
Reactome_2022,Signaling By ERBB2 In Cancer R-HSA-1227990,1/25,0.5763465836086417,0.6793341563746654,0,0,1.1931874381800198,0.6575012743383979,CDC37,EC-PTC
Reactome_2022,Assembly Of Collagen Fibrils And Other Multimeric Structures R-HSA-2022090,2/57,0.5777809537968371,0.6793341563746654,0,0,1.0411995137106578,0.5711608787868636,COL3A1;CTSL,EC-PTC
Reactome_2022,SUMOylation Of Chromatin Organization Proteins R-HSA-4551638,2/57,0.5777809537968371,0.6793341563746654,0,0,1.0411995137106578,0.5711608787868636,SUMO1;SUMO2,EC-PTC
Reactome_2022,tRNA Processing In Nucleus R-HSA-6784531,2/57,0.5777809537968371,0.6793341563746654,0,0,1.0411995137106578,0.5711608787868636,RAN;RTRAF,EC-PTC
Reactome_2022,Glucose Metabolism R-HSA-70326,3/89,0.5820000346439566,0.6835485684967734,0,0,0.9987022425249168,0.5405823153663477,TPI1;PKM;ENO1,EC-PTC
Reactome_2022,GAG Synthesis Requires Tetrasaccharide Linker Sequence R-HSA-1971475,1/26,0.5906627399159138,0.6862392350479387,0,0,1.14540059347181,0.6030649632611572,VCAN,EC-PTC
Reactome_2022,Caspase Activation Via Extrinsic Apoptotic Signaling Pathway R-HSA-5357769,1/26,0.5906627399159138,0.6862392350479387,0,0,1.14540059347181,0.6030649632611572,TNFSF10,EC-PTC
Reactome_2022,Interleukin-20 Family Signaling R-HSA-8854691,1/26,0.5906627399159138,0.6862392350479387,0,0,1.14540059347181,0.6030649632611572,STAT1,EC-PTC
Reactome_2022,Metal Ion SLC Transporters R-HSA-425410,1/26,0.5906627399159138,0.6862392350479387,0,0,1.14540059347181,0.6030649632611572,SLC40A1,EC-PTC
Reactome_2022,N-glycan Antennae Elongation In medial/trans-Golgi R-HSA-975576,1/26,0.5906627399159138,0.6862392350479387,0,0,1.14540059347181,0.6030649632611572,ST8SIA6,EC-PTC
Reactome_2022,Platelet Calcium Homeostasis R-HSA-418360,1/26,0.5906627399159138,0.6862392350479387,0,0,1.14540059347181,0.6030649632611572,SRI,EC-PTC
Reactome_2022,Signaling By ALK R-HSA-201556,1/26,0.5906627399159138,0.6862392350479387,0,0,1.14540059347181,0.6030649632611572,HIF1A,EC-PTC
Reactome_2022,Synthesis Of IP3 And IP4 In Cytosol R-HSA-1855204,1/26,0.5906627399159138,0.6862392350479387,0,0,1.14540059347181,0.6030649632611572,ITPK1,EC-PTC
Reactome_2022,TNFR1-induced NFkappaB Signaling Pathway R-HSA-5357956,1/26,0.5906627399159138,0.6862392350479387,0,0,1.14540059347181,0.6030649632611572,RACK1,EC-PTC
Reactome_2022,WNT Ligand Biogenesis And Trafficking R-HSA-3238698,1/26,0.5906627399159138,0.6862392350479387,0,0,1.14540059347181,0.6030649632611572,SNX3,EC-PTC
Reactome_2022,G Alpha (S) Signaling Events R-HSA-418555,5/153,0.5918923955096531,0.6869268426335091,0,0,0.9669725695845098,0.5071098355929057,RAMP2;CALCRL;GNG5;GNAS;GNG11,EC-PTC
Reactome_2022,GABA Receptor Activation R-HSA-977443,2/59,0.5966367400417201,0.6915167305723372,0,0,1.0045619248716144,0.5188028180503254,GNG5;GNG11,EC-PTC
Reactome_2022,HCMV Late Events R-HSA-9610379,3/91,0.5971314386557787,0.6915167305723372,0,0,0.9759030032467532,0.5031931787058133,CHMP2A;SNF8;VPS28,EC-PTC
Reactome_2022,Mitotic Prometaphase R-HSA-68877,6/186,0.6020564666735401,0.6956335146823759,0,0,0.9539113104135526,0.4840184523345417,MZT2B;RPS27;CSNK2B;BUB3;DYNLL1;TUBB4B,EC-PTC
Reactome_2022,ATF4 Activates Genes In Response To Endoplasmic Reticulum Stress R-HSA-380994,1/27,0.604495813289063,0.6956335146823759,0,0,1.101289659895001,0.5543457522389176,ATF4,EC-PTC
Reactome_2022,"BMAL1:CLOCK,NPAS2 Activates Circadian Gene Expression R-HSA-1368108",1/27,0.604495813289063,0.6956335146823759,0,0,1.101289659895001,0.5543457522389176,NPAS2,EC-PTC
Reactome_2022,Signaling By BMP R-HSA-201451,1/27,0.604495813289063,0.6956335146823759,0,0,1.101289659895001,0.5543457522389176,SMAD1,EC-PTC
Reactome_2022,VEGFR2 Mediated Vascular Permeability R-HSA-5218920,1/27,0.604495813289063,0.6956335146823759,0,0,1.101289659895001,0.5543457522389176,RNASE1,EC-PTC
Reactome_2022,Post-translational Modification: Synthesis Of GPI-anchored Proteins R-HSA-163125,3/92,0.6045617174955468,0.6956335146823759,0,0,0.9648876404494382,0.4855811691496522,DPM3;NRN1;LY6E,EC-PTC
Reactome_2022,Unattached Kinetochores Signal Amplification Via A MAD2 Inhibitory Signal R-HSA-141444,3/93,0.6119007288000246,0.7025768495923522,0,0,0.9541170634920636,0.468648197323209,RPS27;BUB3;DYNLL1,EC-PTC
Reactome_2022,RAC3 GTPase Cycle R-HSA-9013423,3/93,0.6119007288000246,0.7025768495923522,0,0,0.9541170634920636,0.468648197323209,BRK1;LAMTOR1;ARHGAP5,EC-PTC
Reactome_2022,Ca2+ Pathway R-HSA-4086398,2/61,0.6148536763423615,0.7049125652433677,0,0,0.9704082403606415,0.4719783914646248,GNG5;GNG11,EC-PTC
Reactome_2022,DAP12 Signaling R-HSA-2424491,1/28,0.6178620813275201,0.7049125652433677,0,0,1.0604462028794372,0.5105942589830559,RNASE1,EC-PTC
Reactome_2022,Downstream Signal Transduction R-HSA-186763,1/28,0.6178620813275201,0.7049125652433677,0,0,1.0604462028794372,0.5105942589830559,STAT1,EC-PTC
Reactome_2022,MET Promotes Cell Motility R-HSA-8875878,1/28,0.6178620813275201,0.7049125652433677,0,0,1.0604462028794372,0.5105942589830559,RNASE1,EC-PTC
Reactome_2022,Molecules Associated With Elastic Fibres R-HSA-2129379,1/28,0.6178620813275201,0.7049125652433677,0,0,1.0604462028794372,0.5105942589830559,ITGAV,EC-PTC
Reactome_2022,Paracetamol ADME R-HSA-9753281,1/28,0.6178620813275201,0.7049125652433677,0,0,1.0604462028794372,0.5105942589830559,GSTP1,EC-PTC
Reactome_2022,Cardiac Conduction R-HSA-5576891,4/126,0.61888313694759,0.7053303052831263,0,0,0.9383108157631136,0.4502379522088911,FXYD2;ATP1B3;SRI;ATP1B1,EC-PTC
Reactome_2022,RAB Geranylgeranylation R-HSA-8873719,2/62,0.6237229797290494,0.7100947665625646,0,0,0.9541852402179296,0.4504221425884862,RAB5C;RAB13,EC-PTC
Reactome_2022,TNFs Bind Their Physiological Receptors R-HSA-5669034,1/29,0.6307772741628249,0.7173676074692318,0,0,1.0225201356506994,0.4711797852681853,TNFRSF11B,EC-PTC
Reactome_2022,EML4 And NUDC In Mitotic Spindle Formation R-HSA-9648025,3/97,0.6403329396233206,0.7274668522935827,0,0,0.9133263677811552,0.4071307730098634,RPS27;BUB3;DYNLL1,EC-PTC
Reactome_2022,FGFR1 Mutant Receptor Activation R-HSA-1839124,1/30,0.6432565924538071,0.7292498421818424,0,0,0.9872096592653228,0.4355683327735776,STAT1,EC-PTC
Reactome_2022,Tight Junction Interactions R-HSA-420029,1/30,0.6432565924538071,0.7292498421818424,0,0,0.9872096592653228,0.4355683327735776,CLDN15,EC-PTC
Reactome_2022,Glyoxylate Metabolism And Glycine Degradation R-HSA-389661,1/31,0.6553147254209214,0.741359200922618,0,0,0.9542532146389712,0.4033052560236506,NDUFAB1,EC-PTC
Reactome_2022,RUNX2 Regulates Bone Development R-HSA-8941326,1/31,0.6553147254209214,0.741359200922618,0,0,0.9542532146389712,0.4033052560236506,SMAD1,EC-PTC
Reactome_2022,Sensory Processing Of Sound By Inner Hair Cells Of Cochlea R-HSA-9662360,2/67,0.665700309127337,0.7505979516736485,0,0,0.880557778031775,0.3583127811259222,RDX;CAPZA2,EC-PTC
Reactome_2022,Activation Of Pre-Replicative Complex R-HSA-68962,1/32,0.66696586792171,0.7505979516736485,0,0,0.923422992246578,0.3740014623750577,POLE4,EC-PTC
Reactome_2022,GPVI-mediated Activation Cascade R-HSA-114604,1/32,0.66696586792171,0.7505979516736485,0,0,0.923422992246578,0.3740014623750577,RNASE1,EC-PTC
Reactome_2022,"Inactivation, Recovery And Regulation Of Phototransduction Cascade R-HSA-2514859",1/32,0.66696586792171,0.7505979516736485,0,0,0.923422992246578,0.3740014623750577,RNF7,EC-PTC
Reactome_2022,RAF Activation R-HSA-5673000,1/32,0.66696586792171,0.7505979516736485,0,0,0.923422992246578,0.3740014623750577,PPP1CB,EC-PTC
Reactome_2022,Costimulation By CD28 Family R-HSA-388841,2/68,0.6736280146329854,0.7573041458869783,0,0,0.8671709667252014,0.3425995013016984,RNASE1;HLA-DPA1,EC-PTC
Reactome_2022,Plasma Lipoprotein Remodeling R-HSA-8963899,1/33,0.6782237372521006,0.759300379439202,0,0,0.8945196587537092,0.3473223483683635,FURIN,EC-PTC
Reactome_2022,Sialic Acid Metabolism R-HSA-4085001,1/33,0.6782237372521006,0.759300379439202,0,0,0.8945196587537092,0.3473223483683635,ST8SIA6,EC-PTC
Reactome_2022,Striated Muscle Contraction R-HSA-390522,1/33,0.6782237372521006,0.759300379439202,0,0,0.8945196587537092,0.3473223483683635,VIM,EC-PTC
Reactome_2022,Phototransduction Cascade R-HSA-2514856,1/33,0.6782237372521006,0.759300379439202,0,0,0.8945196587537092,0.3473223483683635,RNF7,EC-PTC
Reactome_2022,Loss Of Nlp From Mitotic Centrosomes R-HSA-380259,2/69,0.6814023712418941,0.7612763006509543,0,0,0.8541837617262868,0.3276668503296214,DYNLL1;TUBB4B,EC-PTC
Reactome_2022,RHOB GTPase Cycle R-HSA-9013026,2/69,0.6814023712418941,0.7612763006509543,0,0,0.8541837617262868,0.3276668503296214,STOM;ARHGAP5,EC-PTC
Reactome_2022,CD28 Co-Stimulation R-HSA-389356,1/34,0.6891015887222991,0.7674895667568936,0,0,0.8673680424422264,0.3229788673313356,RNASE1,EC-PTC
Reactome_2022,Synthesis Of Bile Acids And Bile Salts R-HSA-192105,1/34,0.6891015887222991,0.7674895667568936,0,0,0.8673680424422264,0.3229788673313356,OSBPL1A,EC-PTC
Reactome_2022,Transcriptional Regulation By E2F6 R-HSA-8953750,1/34,0.6891015887222991,0.7674895667568936,0,0,0.8673680424422264,0.3229788673313356,CBX3,EC-PTC
Reactome_2022,tRNA Processing R-HSA-72306,3/105,0.6927052483632714,0.7707061492636811,0,0,0.8413427871148459,0.3088995909630606,TRMT112;RAN;RTRAF,EC-PTC
Reactome_2022,HATs Acetylate Histones R-HSA-3214847,3/106,0.6988300808383193,0.7735958662521804,0,0,0.8331310679611651,0.2985505647020435,ENY2;USP22;KDELR2,EC-PTC
Reactome_2022,Resolution Of Sister Chromatid Cohesion R-HSA-2500257,3/106,0.6988300808383193,0.7735958662521804,0,0,0.8331310679611651,0.2985505647020435,RPS27;BUB3;DYNLL1,EC-PTC
Reactome_2022,Beta Defensins R-HSA-1461957,1/35,0.6996122318752309,0.7735958662521804,0,0,0.8418135800314192,0.3007202670645595,DEFB1,EC-PTC
Reactome_2022,NEP/NS2 Interacts With Cellular Export Machinery R-HSA-168333,1/35,0.6996122318752309,0.7735958662521804,0,0,0.8418135800314192,0.3007202670645595,RAN,EC-PTC
Reactome_2022,RUNX1 Interacts With Co-Factors Whose Precise Effect On RUNX1 Targets Is Not Known R-HSA-8939243,1/35,0.6996122318752309,0.7735958662521804,0,0,0.8418135800314192,0.3007202670645595,CSNK2B,EC-PTC
Reactome_2022,Rev-mediated Nuclear Export Of HIV RNA R-HSA-165054,1/35,0.6996122318752309,0.7735958662521804,0,0,0.8418135800314192,0.3007202670645595,RAN,EC-PTC
Reactome_2022,AURKA Activation By TPX2 R-HSA-8854518,2/72,0.7038188150558218,0.7774490910924308,0,0,0.8174485247293568,0.2871159774750062,DYNLL1;TUBB4B,EC-PTC
Reactome_2022,Signaling By FGFR1 In Disease R-HSA-5655302,1/36,0.7097680448226381,0.7832174019200627,0,0,0.8177193726155151,0.2803281510263177,STAT1,EC-PTC
Reactome_2022,Extra-nuclear Estrogen Signaling R-HSA-9009391,2/73,0.7109936477918312,0.7837667949557853,0,0,0.8058933093359563,0.274883586117582,GNG5;GNG11,EC-PTC
Reactome_2022,Fatty acyl-CoA Biosynthesis R-HSA-75105,1/37,0.7195809891686514,0.7908048217700383,0,0,0.7949637322782723,0.2616115905054395,TECR,EC-PTC
Reactome_2022,Formation Of Fibrin Clot (Clotting Cascade) R-HSA-140877,1/37,0.7195809891686514,0.7908048217700383,0,0,0.7949637322782723,0.2616115905054395,TFPI,EC-PTC
Reactome_2022,NCAM1 Interactions R-HSA-419037,1/37,0.7195809891686514,0.7908048217700383,0,0,0.7949637322782723,0.2616115905054395,PRNP,EC-PTC
Reactome_2022,RAC1 GTPase Cycle R-HSA-9013149,5/178,0.7217365740565506,0.7923652296217175,0,0,0.8261582262099905,0.2694061184461662,BRK1;LAMTOR1;ARHGAP5;RNASE1;KTN1,EC-PTC
Reactome_2022,Association Of TriC/CCT With Target Proteins During Biosynthesis R-HSA-390471,1/38,0.7290626238330323,0.7987797007814608,0,0,0.7734381265538536,0.244403081148321,KIFC3,EC-PTC
Reactome_2022,Resolution Of Abasic Sites (AP Sites) R-HSA-73933,1/38,0.7290626238330323,0.7987797007814608,0,0,0.7734381265538536,0.244403081148321,POLE4,EC-PTC
Reactome_2022,SUMOylation Of DNA Damage Response And Repair Proteins R-HSA-3108214,2/76,0.7316486744961894,0.8004182751782932,0,0,0.773101481868198,0.2415592944935495,SUMO1;SUMO2,EC-PTC
Reactome_2022,Diseases Of Metabolism R-HSA-5668914,7/247,0.7320445692206303,0.8004182751782932,0,0,0.8333021457085829,0.2599185054477314,PRNP;DPM3;VCAN;UBB;FDX1;RPS27A;UBA52,EC-PTC
Reactome_2022,RHOA GTPase Cycle R-HSA-8980692,4/147,0.7353092982645062,0.803172529645916,0,0,0.7996414911467072,0.2458610148715369,ARHGAP18;STOM;ARHGAP5;KTN1,EC-PTC
Reactome_2022,SUMOylation Of Ubiquitinylation Proteins R-HSA-3232142,1/39,0.738224118607882,0.805539387781853,0,0,0.7530454474465095,0.2285551796557601,SUMO1,EC-PTC
Reactome_2022,Neurotransmitter Receptors And Postsynaptic Signal Transmission R-HSA-112314,5/182,0.7394907543373409,0.8061048000215751,0,0,0.8073193355257611,0.2436437274789939,GNG5;AP2S1;RNASE1;GNG11;AP2M1,EC-PTC
Reactome_2022,Pre-NOTCH Expression And Processing R-HSA-1912422,2/78,0.7447114535169759,0.8103132120226229,0,0,0.7526785016031907,0.2218583457277419,JUN;FURIN,EC-PTC
Reactome_2022,CDC42 GTPase Cycle R-HSA-9013148,4/149,0.7448561558982327,0.8103132120226229,0,0,0.7885297291741611,0.2322725961863656,STOM;LAMTOR1;ARHGAP5;KTN1,EC-PTC
Reactome_2022,Diseases Associated With Glycosaminoglycan Metabolism R-HSA-3560782,1/40,0.7470762671980009,0.8119083146036802,0,0,0.7336985467549266,0.2139376926374604,VCAN,EC-PTC
Reactome_2022,Metabolism Of Carbohydrates R-HSA-71387,8/285,0.7498562727489603,0.8141080703131353,0,0,0.8247717296586364,0.2374301118656822,VCAN;TPI1;PKM;UBB;AKR1B1;ENO1;RPS27A;UBA52,EC-PTC
Reactome_2022,"Gamma Carboxylation, Hypusine Formation And Arylsulfatase Activation R-HSA-163841",1/42,0.7638938962757134,0.8268479661195409,0,0,0.6978359991315046,0.1879456425589759,FURIN,EC-PTC
Reactome_2022,RND1 GTPase Cycle R-HSA-9696273,1/42,0.7638938962757134,0.8268479661195409,0,0,0.6978359991315046,0.1879456425589759,ARHGAP5,EC-PTC
Reactome_2022,tRNA Modification In Nucleus And Cytosol R-HSA-6782315,1/42,0.7638938962757134,0.8268479661195409,0,0,0.6978359991315046,0.1879456425589759,TRMT112,EC-PTC
Reactome_2022,Condensation Of Prophase Chromosomes R-HSA-2299718,1/43,0.7718791957100388,0.8329798534866852,0,0,0.6811855305920588,0.1763774780856575,SET,EC-PTC
Reactome_2022,DAP12 Interactions R-HSA-2172127,1/43,0.7718791957100388,0.8329798534866852,0,0,0.6811855305920588,0.1763774780856575,RNASE1,EC-PTC
Reactome_2022,Defensins R-HSA-1461973,1/43,0.7718791957100388,0.8329798534866852,0,0,0.6811855305920588,0.1763774780856575,DEFB1,EC-PTC
Reactome_2022,Cell-Cell Communication R-HSA-1500931,3/120,0.7750155621466527,0.8355272877196647,0,0,0.7329059829059829,0.1867973380062385,VASP;CLDN15;ACTN1,EC-PTC
Reactome_2022,Aspirin ADME R-HSA-9749641,1/44,0.7795948102673704,0.8371122738364486,0,0,0.6653095024497965,0.1656494041312001,BSG,EC-PTC
Reactome_2022,Collagen Chain Trimerization R-HSA-8948216,1/44,0.7795948102673704,0.8371122738364486,0,0,0.6653095024497965,0.1656494041312001,COL3A1,EC-PTC
Reactome_2022,Interleukin-2 Family Signaling R-HSA-451927,1/44,0.7795948102673704,0.8371122738364486,0,0,0.6653095024497965,0.1656494041312001,STAT1,EC-PTC
Reactome_2022,TP53 Regulates Transcription Of Cell Death Genes R-HSA-5633008,1/44,0.7795948102673704,0.8371122738364486,0,0,0.6653095024497965,0.1656494041312001,PRELID1,EC-PTC
Reactome_2022,Regulation Of TP53 Activity R-HSA-5633007,4/157,0.7804242577555314,0.8371682525923378,0,0,0.7469877170937923,0.1851913923181776,UBB;CSNK2B;RPS27A;UBA52,EC-PTC
Reactome_2022,Bile Acid And Bile Salt Metabolism R-HSA-194068,1/45,0.7870498346724367,0.8409252697839428,0,0,0.6501551119503641,0.1556885553398686,OSBPL1A,EC-PTC
Reactome_2022,ERCC6 (CSB) And EHMT2 (G9a) Positively Regulate rRNA Expression R-HSA-427389,1/45,0.7870498346724367,0.8409252697839428,0,0,0.6501551119503641,0.1556885553398686,CBX3,EC-PTC
Reactome_2022,Heme Signaling R-HSA-9707616,1/45,0.7870498346724367,0.8409252697839428,0,0,0.6501551119503641,0.1556885553398686,NPAS2,EC-PTC
Reactome_2022,Interleukin-10 Signaling R-HSA-6783783,1/45,0.7870498346724367,0.8409252697839428,0,0,0.6501551119503641,0.1556885553398686,TIMP1,EC-PTC
Reactome_2022,Immunoregulatory Interactions Between A Lymphoid And A non-Lymphoid Cell R-HSA-198933,3/123,0.7891122319093082,0.8422932346544352,0,0,0.7144717261904762,0.1692202866573547,CD81;ICAM2;CD99,EC-PTC
Reactome_2022,RAC2 GTPase Cycle R-HSA-9013404,2/87,0.7969251850767695,0.8497905191363175,0,0,0.6726684730355739,0.1526920270654288,BRK1;LAMTOR1,EC-PTC
Reactome_2022,Metabolism Of Fat-Soluble Vitamins R-HSA-6806667,1/47,0.8012129719542536,0.853517676354828,0,0,0.6218229905818604,0.1378136871323356,VKORC1,EC-PTC
Reactome_2022,Opioid Signaling R-HSA-111885,2/88,0.80210249176427,0.8536209324408288,0,0,0.6648121911607173,0.1466036425065327,GNG5;GNG11,EC-PTC
Reactome_2022,Glycerophospholipid Biosynthesis R-HSA-1483206,3/127,0.8067594199697327,0.8547632548693899,0,0,0.6912802419354839,0.1484384485149711,STARD7;CSNK2B;LPIN2,EC-PTC
Reactome_2022,Antimicrobial Peptides R-HSA-6803157,2/89,0.8071623096884665,0.8547632548693899,0,0,0.6571365134668921,0.1407786862720454,DEFB1;ATOX1,EC-PTC
Reactome_2022,Peptide Hormone Metabolism R-HSA-2980736,2/89,0.8071623096884665,0.8547632548693899,0,0,0.6571365134668921,0.1407786862720454,CTSD;SEC11C,EC-PTC
Reactome_2022,Sphingolipid Metabolism R-HSA-428157,2/89,0.8071623096884665,0.8547632548693899,0,0,0.6571365134668921,0.1407786862720454,DEGS1;SPTSSA,EC-PTC
Reactome_2022,Inositol Phosphate Metabolism R-HSA-1483249,1/48,0.807937784082673,0.8547632548693899,0,0,0.6085611465370289,0.1297879716278769,ITPK1,EC-PTC
Reactome_2022,Retrograde Transport At Trans-Golgi-Network R-HSA-6811440,1/48,0.807937784082673,0.8547632548693899,0,0,0.6085611465370289,0.1297879716278769,NAA38,EC-PTC
Reactome_2022,Netrin-1 Signaling R-HSA-373752,1/49,0.8144354242813096,0.8599479921087945,0,0,0.5958518793273986,0.1223046382235943,RNASE1,EC-PTC
Reactome_2022,RMTs Methylate Histone Arginines R-HSA-3214858,1/49,0.8144354242813096,0.8599479921087945,0,0,0.5958518793273986,0.1223046382235943,RPS2,EC-PTC
Reactome_2022,Cargo Trafficking To Periciliary Membrane R-HSA-5620920,1/50,0.8207135556804277,0.8631918940115436,0,0,0.5836613577181614,0.1153204689991777,ARF4,EC-PTC
Reactome_2022,Chondroitin Sulfate/Dermatan Sulfate Metabolism R-HSA-1793185,1/50,0.8207135556804277,0.8631918940115436,0,0,0.5836613577181614,0.1153204689991777,VCAN,EC-PTC
Reactome_2022,Extension Of Telomeres R-HSA-180786,1/50,0.8207135556804277,0.8631918940115436,0,0,0.5836613577181614,0.1153204689991777,NOP10,EC-PTC
Reactome_2022,Neurotransmitter Release Cycle R-HSA-112310,1/50,0.8207135556804277,0.8631918940115436,0,0,0.5836613577181614,0.1153204689991777,SLC38A2,EC-PTC
Reactome_2022,SUMO E3 Ligases SUMOylate Target Proteins R-HSA-3108232,4/168,0.8227752494353592,0.8645160425774457,0,0,0.6964850423466977,0.1358648712578243,NPM1;SUMO1;SUMO2;PARK7,EC-PTC
Reactome_2022,Transcriptional Activation Of Mitochondrial Biogenesis R-HSA-2151201,1/52,0.8326406625634595,0.8740292335095964,0,0,0.5607144935125385,0.102696601828701,CYCS,EC-PTC
Reactome_2022,Metabolism Of Nucleotides R-HSA-15869,2/95,0.8351667412095347,0.8758272446764059,0,0,0.6145488823914745,0.1106949316013791,NME2;CMPK1,EC-PTC
Reactome_2022,Heparan Sulfate/Heparin (HS-GAG) Metabolism R-HSA-1638091,1/53,0.8383037080580404,0.8771369144067733,0,0,0.5499029901848893,0.0969890431336818,VCAN,EC-PTC
Reactome_2022,Nuclear Envelope Breakdown R-HSA-2980766,1/53,0.8383037080580404,0.8771369144067733,0,0,0.5499029901848893,0.0969890431336818,LPIN2,EC-PTC
Reactome_2022,HCMV Early Events R-HSA-9609690,2/96,0.8394604000530975,0.8771369144067733,0,0,0.6079795137681389,0.1063939674568564,DYNLL1;RNASE1,EC-PTC
Reactome_2022,Fatty Acid Metabolism R-HSA-8978868,4/173,0.8396733136057413,0.8771369144067733,0,0,0.675702607606769,0.118073878558341,GPX4;TECR;NDUFAB1;DBI,EC-PTC
Reactome_2022,Transmission Across Chemical Synapses R-HSA-112315,6/246,0.8411728082448885,0.8778119648715176,0,0,0.7131913303437967,0.1233522606767924,GNG5;AP2S1;RNASE1;GNG11;SLC38A2;AP2M1,EC-PTC
Reactome_2022,Factors Involved In Megakaryocyte Development And Platelet Production R-HSA-983231,3/136,0.8419496376158567,0.8778119648715176,0,0,0.6441997851772288,0.1108249611514813,ITPK1;CAPZA2;RNASE1,EC-PTC
Reactome_2022,SUMOylation R-HSA-2990846,4/174,0.8428859686949516,0.8778877242226536,0,0,0.6716928201981239,0.1148081539698874,NPM1;SUMO1;SUMO2;PARK7,EC-PTC
Reactome_2022,Anchoring Of Basal Body To Plasma Membrane R-HSA-5620912,2/97,0.8436525483476756,0.8778877242226536,0,0,0.6015484476421366,0.1022719836485206,DYNLL1;TUBB4B,EC-PTC
Reactome_2022,Regulation Of Cholesterol Biosynthesis By SREBP (SREBF) R-HSA-1655829,1/55,0.8490621988717261,0.8826640812595068,0,0,0.5294812616771074,0.0866352245967603,RAN,EC-PTC
Reactome_2022,NCAM Signaling For Neurite Out-Growth R-HSA-375165,1/57,0.8591058518313748,0.8913843953972935,0,0,0.5105182280627385,0.0775289000063887,PRNP,EC-PTC
Reactome_2022,NRAGE Signals Death Thru JNK R-HSA-193648,1/57,0.8591058518313748,0.8913843953972935,0,0,0.5105182280627385,0.0775289000063887,RNASE1,EC-PTC
Reactome_2022,Metabolism Of Lipids R-HSA-556833,20/732,0.8627485947582668,0.8938667737741665,0,0,0.7982245475598251,0.1178434431407947,GPX4;STARD7;TECR;G0S2;AKR1B1;DBI;AHR;NPAS2;PPP1CB;FDX1;MED31;SUMO2;CSNK2B;NDUFAB1;TSPO;DEGS1;SPTSSA;OSBPL1A;LPIN2;RAN,EC-PTC
Reactome_2022,Potassium Channels R-HSA-1296071,2/102,0.8631582587977094,0.8938667737741665,0,0,0.5713224368499257,0.0840742229922134,GNG5;GNG11,EC-PTC
Reactome_2022,Arachidonic Acid Metabolism R-HSA-2142753,1/59,0.8684820978218958,0.8985160608589642,0,0,0.4928629898700501,0.0694977754241862,GPX4,EC-PTC
Reactome_2022,HDACs Deacetylate Histones R-HSA-3214815,1/60,0.872933900220553,0.9013900388662852,0,0,0.4844842327616557,0.0658391987974534,SAP18,EC-PTC
Reactome_2022,Meiotic Synapsis R-HSA-1221632,1/60,0.872933900220553,0.9013900388662852,0,0,0.4844842327616557,0.0658391987974534,HSPA2,EC-PTC
Reactome_2022,Cell-cell Junction Organization R-HSA-421270,1/61,0.8772352249282063,0.9033809506646328,0,0,0.4763847675568743,0.0623969278981468,CLDN15,EC-PTC
Reactome_2022,Post NMDA Receptor Activation Events R-HSA-438064,1/61,0.8772352249282063,0.9033809506646328,0,0,0.4763847675568743,0.0623969278981468,RNASE1,EC-PTC
Reactome_2022,Cilium Assembly R-HSA-5617833,4/186,0.87737834205683,0.9033809506646328,0,0,0.6270123319303648,0.0820238564156547,ARF4;DYNLRB1;DYNLL1;TUBB4B,EC-PTC
Reactome_2022,Pre-NOTCH Transcription And Translation R-HSA-1912408,1/62,0.8813911510617403,0.9066459118371484,0,0,0.4685508585883154,0.0591563105830773,JUN,EC-PTC
Reactome_2022,Mitotic Prophase R-HSA-68875,2/112,0.8956351114945811,0.9204189075187632,0,0,0.5191138727542888,0.0572178682196569,SET;LPIN2,EC-PTC
Reactome_2022,Reproduction R-HSA-1474165,2/113,0.8984552016459235,0.9224368466850902,0,0,0.5144103985114387,0.0550822594166718,CD9;HSPA2,EC-PTC
Reactome_2022,Chromatin Modifying Enzymes R-HSA-3247509,5/238,0.9073975809877356,0.930730661641706,0,0,0.6114918967394786,0.0594214667885055,ENY2;USP22;SAP18;KDELR2;RPS2,EC-PTC
Reactome_2022,Base Excision Repair R-HSA-73884,1/72,0.9159555784265124,0.9386148030117544,0,0,0.4023488109666903,0.0353211602934749,POLE4,EC-PTC
Reactome_2022,SARS-CoV-2 Activates/Modulates Innate And Adaptive Immune Responses R-HSA-9705671,2/121,0.9185854080320917,0.9404149091735384,0,0,0.4796284041105298,0.040730232198901,STAT1;ISG15,EC-PTC
Reactome_2022,Activation Of NMDA Receptors And Postsynaptic Events R-HSA-442755,1/74,0.9215526561563,0.94166243897565,0,0,0.3912849071175968,0.031966162021862,RNASE1,EC-PTC
Reactome_2022,Formation Of Cornified Envelope R-HSA-6809371,1/74,0.9215526561563,0.94166243897565,0,0,0.3912849071175968,0.031966162021862,FURIN,EC-PTC
Reactome_2022,G2/M DNA Damage Checkpoint R-HSA-69473,1/77,0.9292581104993314,0.9486360047467108,0,0,0.3757808839606434,0.0275705706626358,YWHAQ,EC-PTC
Reactome_2022,Constitutive Signaling By Aberrant PI3K In Cancer R-HSA-2219530,1/78,0.931654808459716,0.9501820347643126,0,0,0.3708813441751127,0.0262557696530866,RNASE1,EC-PTC
Reactome_2022,Transcriptional Regulation Of White Adipocyte Differentiation R-HSA-381340,1/84,0.9444249105692576,0.9622948237304544,0,0,0.3439633906546065,0.0196675160719854,MED31,EC-PTC
Reactome_2022,GPCR Ligand Binding R-HSA-500792,10/458,0.9485380157686218,0.9655722523466972,0,0,0.633626476906552,0.0334766477756055,HEBP1;RAMP2;CALCRL;GNG5;LPAR6;NPY1R;GNAS;SSTR2;GNG11;CD55,EC-PTC
Reactome_2022,Meiosis R-HSA-1500620,1/88,0.9515849793720637,0.9677592283132318,0,0,0.3280807667382925,0.016281429725239,HSPA2,EC-PTC
Reactome_2022,G Alpha (I) Signaling Events R-HSA-418594,6/312,0.9543804726262544,0.969686574545732,0,0,0.557431343239837,0.0260280685605252,HEBP1;GNG5;NPY1R;GNAS;SSTR2;GNG11,EC-PTC
Reactome_2022,Diseases Of Glycosylation R-HSA-3781865,2/143,0.9562951194224816,0.9707161579811616,0,0,0.4043290864447325,0.0180689457919713,DPM3;VCAN,EC-PTC
Reactome_2022,Peptide Ligand-Binding Receptors R-HSA-375276,3/196,0.9633853997952526,0.97699253821044,0,0,0.4425425610658771,0.0165076074517793,HEBP1;NPY1R;SSTR2,EC-PTC
Reactome_2022,Visual Phototransduction R-HSA-2187338,1/98,0.9657091352740352,0.9784277880434018,0,0,0.2941050506286518,0.0102620876281268,RNF7,EC-PTC
Reactome_2022,PI3K/AKT Signaling In Cancer R-HSA-2219528,1/105,0.9730676704171864,0.9840318188153058,0,0,0.2742096553298334,0.0074863763093826,RNASE1,EC-PTC
Reactome_2022,Phospholipid Metabolism R-HSA-1483257,3/208,0.9732077955527508,0.9840318188153058,0,0,0.4163763066202091,0.0113078052837057,STARD7;CSNK2B;LPIN2,EC-PTC
Reactome_2022,"PI5P, PP2A And IER3 Regulate PI3K/AKT Signaling R-HSA-6811558",1/106,0.9739813545562822,0.9840318188153058,0,0,0.2715840045216899,0.0071598013452037,RNASE1,EC-PTC
Reactome_2022,G Alpha (Q) Signaling Events R-HSA-416476,3/212,0.9758852444061202,0.9850313104267964,0,0,0.4083219412166781,0.0099672516635565,GNG5;LPAR6;GNG11,EC-PTC
Reactome_2022,Negative Regulation Of PI3K/AKT Network R-HSA-199418,1/113,0.979566624061752,0.9878213989836204,0,0,0.254517274268758,0.0052545156100685,RNASE1,EC-PTC
Reactome_2022,Glycosaminoglycan Metabolism R-HSA-1630316,1/120,0.983954202042564,0.9913177507949872,0,0,0.2394583946338179,0.0038734611885107,VCAN,EC-PTC
Reactome_2022,Metabolism Of Water-Soluble Vitamins And Cofactors R-HSA-196849,1/122,0.9850251937622992,0.99146928381495,0,0,0.2354758810113544,0.003552874389262,CYB5A,EC-PTC
Reactome_2022,Metabolism Of Vitamins And Cofactors R-HSA-196854,2/186,0.9876375440150436,0.9931705274549038,0,0,0.3091446475870534,0.0038456069543754,VKORC1;CYB5A,EC-PTC
Reactome_2022,Neuronal System R-HSA-112316,6/386,0.9908623408919386,0.9954839003177406,0,0,0.4471324050035402,0.0041045250592937,GNG5;AP2S1;RNASE1;SLC38A2;GNG11;AP2M1,EC-PTC
Reactome_2022,Keratinization R-HSA-6805567,2/208,0.9936359838599204,0.9973401254586528,0,0,0.2758118264833595,0.0017608800118333,FURIN;KRT10,EC-PTC
Reactome_2022,Class A/1 (Rhodopsin-like Receptors) R-HSA-373076,4/327,0.9959065752639878,0.998688437206066,0,0,0.3506987860639589,0.0014385053051329,HEBP1;LPAR6;NPY1R;SSTR2,EC-PTC
Reactome_2022,GPCR Downstream Signaling R-HSA-388396,10/619,0.997672908624304,0.999529044268256,0,0,0.4621405731076459,0.0010766966141979,HEBP1;RAMP2;CALCRL;GNG5;LPAR6;NPY1R;GNAS;RHOC;SSTR2;GNG11,EC-PTC
Reactome_2022,Signaling By GPCR R-HSA-372790,11/689,0.9987120630177988,0.9996402340800832,0,0,0.4556211571951523,0.0005871895510146332,HEBP1;RAMP2;CALCRL;GNG5;LPAR6;NPY1R;GNAS;RHOC;SSTR2;GNG11;CD55,EC-PTC
Reactome_2022,Sensory Perception R-HSA-9709957,4/616,0.9999947832028396,0.9999947832028396,0,0,0.1822759903762796,9.508993493248782e-07,GSN;RDX;CAPZA2;RNF7,EC-PTC
